# 3ds Max Wavefront OBJ Exporter v0.97b - (c)2007 guruware
# File Created: 03.08.2021 16:07:21

#
# object 1?_???___??
#

v  1.353518 5.027360 18.726204
v  1.353518 5.067541 18.726204
v  1.388460 5.027360 18.732367
v  1.388460 5.067541 18.732367
v  1.419187 5.027360 18.750109
v  1.419187 5.067541 18.750109
v  1.441996 5.027360 18.777287
v  1.441996 5.067541 18.777287
v  1.454134 5.027360 18.810631
v  1.454134 5.067541 18.810631
v  1.454134 5.027360 18.846111
v  1.454134 5.067541 18.846111
v  1.441996 5.027360 18.879452
v  1.441996 5.067541 18.879452
v  1.419187 5.027360 18.906635
v  1.419187 5.067541 18.906635
v  1.388460 5.027360 18.924374
v  1.388460 5.067541 18.924374
v  1.353518 5.027360 18.930534
v  1.353518 5.067541 18.930534
v  1.318576 5.027360 18.924374
v  1.318576 5.067541 18.924374
v  1.287849 5.027360 18.906635
v  1.287849 5.067541 18.906635
v  1.265040 5.027360 18.879452
v  1.265040 5.067541 18.879452
v  1.252903 5.027360 18.846111
v  1.252903 5.067541 18.846111
v  1.252903 5.027360 18.810631
v  1.252903 5.067541 18.810631
v  1.265040 5.027360 18.777287
v  1.265040 5.067541 18.777287
v  1.287849 5.027360 18.750109
v  1.287849 5.067541 18.750109
v  1.318576 5.027360 18.732367
v  1.318576 5.067541 18.732367
v  1.377311 5.067541 18.762997
v  1.353518 5.067541 18.758799
v  1.398236 5.067541 18.775076
v  1.413767 5.067541 18.793587
v  1.422034 5.067541 18.816290
v  1.422034 5.067541 18.840454
v  1.413767 5.067541 18.863157
v  1.398236 5.067541 18.881668
v  1.377311 5.067541 18.893747
v  1.353518 5.067541 18.897940
v  1.329725 5.067541 18.893747
v  1.308800 5.067541 18.881668
v  1.293269 5.067541 18.863157
v  1.285002 5.067541 18.840454
v  1.285002 5.067541 18.816290
v  1.293269 5.067541 18.793587
v  1.308800 5.067541 18.775076
v  1.329725 5.067541 18.762997
v  1.374796 5.069716 18.769907
v  1.353518 5.069716 18.766155
v  1.393509 5.069716 18.780712
v  1.407394 5.069716 18.797262
v  1.414787 5.069716 18.817570
v  1.414787 5.069716 18.839174
v  1.407394 5.069716 18.859476
v  1.393509 5.069716 18.876026
v  1.374796 5.069716 18.886831
v  1.353518 5.069716 18.890583
v  1.332240 5.069716 18.886831
v  1.313527 5.069716 18.876026
v  1.299642 5.069716 18.859476
v  1.292249 5.069716 18.839174
v  1.292249 5.069716 18.817570
v  1.299642 5.069716 18.797262
v  1.313527 5.069716 18.780712
v  1.332240 5.069716 18.769907
v  1.377311 5.026023 18.762997
v  1.353518 5.026023 18.758799
v  1.398236 5.026023 18.775076
v  1.413767 5.026023 18.793587
v  1.422034 5.026023 18.816290
v  1.422034 5.026023 18.840454
v  1.413767 5.026023 18.863157
v  1.398236 5.026023 18.881668
v  1.377311 5.026023 18.893747
v  1.353518 5.026023 18.897940
v  1.329725 5.026023 18.893747
v  1.308800 5.026023 18.881668
v  1.293269 5.026023 18.863157
v  1.285002 5.026023 18.840454
v  1.285002 5.026023 18.816290
v  1.293269 5.026023 18.793587
v  1.308800 5.026023 18.775076
v  1.329725 5.026023 18.762997
v  1.374796 5.023781 18.769907
v  1.353518 5.023781 18.766155
v  1.393509 5.023781 18.780712
v  1.407394 5.023781 18.797262
v  1.414787 5.023781 18.817570
v  1.414787 5.023781 18.839174
v  1.407394 5.023781 18.859476
v  1.393509 5.023781 18.876026
v  1.374796 5.023781 18.886831
v  1.353518 5.023781 18.890583
v  1.332240 5.023781 18.886831
v  1.313527 5.023781 18.876026
v  1.299642 5.023781 18.859476
v  1.292249 5.023781 18.839174
v  1.292249 5.023781 18.817570
v  1.299642 5.023781 18.797262
v  1.313527 5.023781 18.780712
v  1.332240 5.023781 18.769907
v  1.015115 2.796798 19.782080
v  0.971835 2.796798 19.674664
v  1.041291 2.709057 19.674664
v  1.015115 4.963977 20.013647
v  1.061196 5.051718 19.906273
v  0.971835 4.963977 19.880150
v  1.015115 2.796798 17.874659
v  1.041291 2.709057 17.982075
v  0.971835 2.796798 17.982075
v  1.061196 5.051718 17.750465
v  1.015119 4.963977 17.643093
v  0.971835 4.963977 17.776588
v  1.697103 2.796798 19.716728
v  1.670931 2.709057 19.616674
v  1.740387 2.796798 19.616674
v  1.651026 5.051718 19.832413
v  1.697103 4.963977 19.932428
v  1.740387 4.963977 19.808081
v  1.740387 2.796798 18.040066
v  1.670931 2.709057 18.040066
v  1.697103 2.796798 17.940010
v  1.651026 5.051718 17.824326
v  1.740387 4.963977 17.848658
v  1.697103 4.963977 17.724312
v  3.432431 0.404802 17.966307
v  3.432431 2.653759 17.719673
v  3.723177 0.404802 17.995708
v  3.806271 2.653759 17.757483
v  3.994107 0.404802 18.081919
v  4.154632 2.653759 17.868330
v  4.226762 0.404802 18.219061
v  4.453777 2.653759 18.044668
v  4.405281 0.404802 18.397787
v  4.683316 2.653759 18.274473
v  4.517504 0.404802 18.605923
v  4.827612 2.653759 18.542089
v  4.555782 0.404802 18.829275
v  4.876832 2.653759 18.829275
v  4.517504 0.404802 19.052626
v  4.827612 2.653759 19.116459
v  4.405281 0.404802 19.260756
v  4.683316 2.653759 19.384075
v  4.226762 0.404802 19.439484
v  4.453777 2.653759 19.613880
v  3.994107 0.404802 19.576626
v  4.154632 2.653759 19.790215
v  3.723177 0.404802 19.662840
v  3.806271 2.653759 19.901066
v  3.432431 0.404802 19.692244
v  3.432431 2.653759 19.938877
v  3.141685 0.404802 19.662840
v  3.058591 2.653759 19.901066
v  2.870756 0.404802 19.576626
v  2.710231 2.653759 19.790218
v  2.638100 0.404802 19.439487
v  2.411086 2.653759 19.613880
v  2.071243 0.404802 19.260761
v  2.181546 2.653759 19.384075
v  1.959020 0.404802 19.052626
v  2.037250 2.653759 19.116459
v  1.920742 0.404802 18.829275
v  1.988030 2.653759 18.829275
v  1.959020 0.404802 18.605923
v  2.037250 2.653759 18.542089
v  2.071243 0.404802 18.397787
v  2.181546 2.653759 18.274473
v  2.638100 0.404802 18.219061
v  2.411086 2.653759 18.044668
v  2.870756 0.404802 18.081919
v  2.710231 2.653759 17.868330
v  3.141685 0.404802 17.995708
v  3.058591 2.653759 17.757483
v  3.750087 2.653759 17.918550
v  3.432431 2.653759 17.886425
v  4.046098 2.653759 18.012745
v  4.300282 2.653759 18.162580
v  4.495330 2.653759 18.357849
v  4.617943 2.653759 18.585249
v  4.659761 2.653759 18.829275
v  4.617943 2.653759 19.073299
v  4.495330 2.653759 19.300699
v  4.300287 2.653759 19.495968
v  4.046098 2.653759 19.645803
v  3.750087 2.653759 19.739992
v  3.432431 2.653759 19.772123
v  3.114776 2.653759 19.739992
v  2.818764 2.653759 19.645803
v  2.564575 2.653759 19.495968
v  2.369532 2.653759 19.300699
v  2.246920 2.653759 19.073299
v  2.205101 2.653759 18.829275
v  2.246920 2.653759 18.585249
v  2.369532 2.653759 18.357849
v  2.564575 2.653759 18.162580
v  2.818764 2.653759 18.012745
v  3.114771 2.653759 17.918550
v  3.750087 2.426599 17.918550
v  3.432431 2.426599 17.886425
v  4.046098 2.426599 18.012745
v  4.300283 2.426599 18.162580
v  4.495330 2.426599 18.357849
v  4.617943 2.426599 18.585249
v  4.659761 2.426599 18.829275
v  4.617943 2.426599 19.073299
v  4.495330 2.426599 19.300699
v  4.300287 2.426599 19.495968
v  4.046098 2.426599 19.645803
v  3.750087 2.426599 19.739992
v  3.432431 2.426599 19.772123
v  3.114776 2.426599 19.739992
v  2.818764 2.426599 19.645803
v  2.564575 2.426599 19.495968
v  2.369532 2.426599 19.300699
v  2.246920 2.426599 19.073299
v  2.205101 2.426599 18.829275
v  2.246920 2.426599 18.585249
v  2.369532 2.426599 18.357849
v  2.564575 2.426599 18.162580
v  2.818764 2.426599 18.012745
v  3.114771 2.426599 17.918550
v  3.786573 2.451500 17.813950
v  3.432431 2.451500 17.778133
v  4.116582 2.451500 17.918957
v  4.399967 2.451500 18.086006
v  4.617413 2.451500 18.303703
v  4.754105 2.451500 18.557219
v  4.800729 2.451500 18.829275
v  4.754109 2.451500 19.101330
v  4.617413 2.451500 19.354845
v  4.399967 2.451500 19.572542
v  4.116582 2.451500 19.739588
v  3.786573 2.451500 19.844599
v  3.432431 2.451500 19.880415
v  3.078289 2.451500 19.844599
v  2.748280 2.451500 19.739592
v  2.464895 2.451500 19.572542
v  2.247449 2.451500 19.354845
v  2.110753 2.451500 19.101330
v  2.064133 2.451500 18.829275
v  2.110753 2.451500 18.557219
v  2.247449 2.451500 18.303703
v  2.464895 2.451500 18.086006
v  2.748280 2.451500 17.918957
v  3.078289 2.451500 17.813950
v  3.630771 1.766497 18.260637
v  3.432431 1.766497 18.240582
v  3.815593 1.766497 18.319452
v  3.974299 1.766497 18.413006
v  4.096082 1.766497 18.534925
v  4.172639 1.766497 18.676910
v  4.198750 1.766497 18.829275
v  4.172639 1.766497 18.981640
v  4.096082 1.766497 19.123623
v  3.974299 1.766497 19.245543
v  3.815593 1.766497 19.339096
v  3.630771 1.766497 19.397907
v  3.432431 1.766497 19.417967
v  3.234091 1.766497 19.397907
v  3.049270 1.766497 19.339096
v  2.890563 1.766497 19.245543
v  2.768781 1.766497 19.123623
v  2.692224 1.766497 18.981638
v  2.666113 1.766497 18.829275
v  2.692224 1.766497 18.676910
v  2.768776 1.766497 18.534925
v  2.890559 1.766497 18.413006
v  3.049270 1.766497 18.319452
v  3.234091 1.766497 18.260637
v  3.432431 2.395757 17.719673
v  3.806271 2.395757 17.757483
v  4.154632 2.395757 17.868330
v  4.453777 2.395757 18.044668
v  4.683316 2.395757 18.274473
v  4.827612 2.395757 18.542089
v  4.876832 2.395757 18.829275
v  4.827612 2.395757 19.116459
v  4.683316 2.395757 19.384075
v  4.453777 2.395757 19.613880
v  4.154632 2.395757 19.790215
v  3.806271 2.395757 19.901066
v  3.432431 2.395757 19.938877
v  3.058591 2.395757 19.901066
v  2.710231 2.395757 19.790218
v  2.411086 2.395757 19.613880
v  2.181546 2.395757 19.384075
v  2.181546 2.395757 18.274473
v  2.411086 2.395757 18.044668
v  2.710231 2.395757 17.868330
v  3.058591 2.395757 17.757483
v  3.650107 1.771326 18.209797
v  3.851452 1.771326 18.273865
v  4.024353 1.771326 18.375786
v  4.157028 1.771326 18.508608
v  4.240427 1.771326 18.663284
v  4.268872 1.771326 18.829275
v  4.240426 1.771326 18.995264
v  4.157028 1.771326 19.149940
v  4.024353 1.771326 19.282763
v  3.851452 1.771326 19.384684
v  3.650107 1.771326 19.448751
v  3.434033 1.771326 19.470604
v  3.217964 1.771326 19.448751
v  3.016614 1.771326 19.384684
v  2.843714 1.771326 19.282763
v  2.135729 1.771326 19.193432
v  2.135729 1.771326 18.465117
v  2.843714 1.771326 18.375786
v  3.016614 1.771326 18.273865
v  3.217964 1.771326 18.209797
v  3.434033 1.771326 18.187941
v  1.180207 2.656147 19.384075
v  1.200894 2.656147 19.613880
v  1.395231 1.773718 19.193432
v  1.192168 0.407194 19.260761
v  1.079945 0.407194 19.052626
v  1.158175 2.656147 19.116459
v  1.300516 1.773718 19.017776
v  1.041667 0.407194 18.829275
v  1.145861 2.656147 18.829275
v  1.268213 1.773718 18.829275
v  1.079945 0.407194 18.605923
v  1.158175 2.656147 18.542089
v  1.300516 1.773718 18.640772
v  1.192168 0.407194 18.397793
v  1.180207 2.656147 18.274473
v  1.395231 1.773718 18.465117
v  1.200894 2.656147 18.044668
v  1.200894 2.398149 19.613880
v  1.180207 2.398149 19.384075
v  1.158175 2.398149 19.116459
v  1.145861 2.398149 18.829275
v  1.158175 2.398149 18.542089
v  1.180207 2.398149 18.274473
v  1.200894 2.398149 18.044668
v  3.700025 1.019674 18.515003
v  3.590448 1.019479 18.503986
v  3.802171 1.019818 18.547461
v  3.889910 1.019907 18.599154
v  3.957242 1.019952 18.666544
v  3.999570 1.019970 18.745039
v  4.014009 1.019974 18.829275
v  3.999570 1.019970 18.913509
v  3.957242 1.019952 18.991999
v  3.889910 1.019907 19.059391
v  3.802171 1.019818 19.111082
v  3.700025 1.019674 19.143545
v  3.590448 1.019479 19.154562
v  3.480934 1.019248 19.143400
v  3.378939 1.019008 19.110836
v  3.291405 1.018788 19.059113
v  3.224270 1.018613 18.991764
v  3.182081 1.018500 18.913374
v  3.167697 1.018462 18.829275
v  3.182081 1.018500 18.745174
v  3.224270 1.018612 18.666780
v  3.291405 1.018788 18.599432
v  3.378939 1.019008 18.547709
v  3.480929 1.019248 18.515148
v  3.697897 1.047625 18.155766
v  3.916804 1.047625 18.225426
v  4.104785 1.047625 18.336231
v  4.249024 1.047625 18.480644
v  4.339700 1.047625 18.648809
v  4.370626 1.047625 18.829275
v  4.339700 1.047625 19.009741
v  4.249024 1.047625 19.177906
v  4.104785 1.047625 19.322311
v  3.916804 1.047625 19.433123
v  3.697897 1.047625 19.502777
v  3.462982 1.047625 19.526535
v  3.228062 1.047625 19.502777
v  3.009155 1.047625 19.433123
v  2.732400 1.047625 19.273031
v  2.100818 1.047625 19.229879
v  2.100814 1.047625 18.428665
v  2.732400 1.047625 18.385519
v  3.009155 1.047625 18.225426
v  3.228062 1.047625 18.155766
v  3.462982 1.047625 18.132008
v  1.398404 1.050017 19.229883
v  1.294209 1.050017 19.036644
v  1.258671 1.050017 18.829275
v  1.294209 1.050017 18.621904
v  1.398404 1.050017 18.428669
v  1.626888 2.397081 19.384075
v  1.584307 0.406126 18.397787
v  1.550313 2.655084 19.116459
v  1.725553 1.772650 18.465117
v  1.538170 2.397081 19.613880
v  1.472083 0.406126 19.052626
v  1.551298 2.655084 18.829275
v  1.550313 2.655084 18.542089
v  1.584307 0.406126 19.260761
v  1.725553 1.772650 19.193432
v  1.472083 0.406126 18.605923
v  1.433809 0.406126 18.829275
v  1.532562 2.655084 18.274473
v  1.526869 2.655084 18.044668
v  1.526869 2.655084 19.613880
v  1.532562 2.655084 19.384075
v  1.538165 2.397081 18.044668
v  1.626888 2.397081 18.274473
v  1.711739 1.048949 18.428669
v  1.711739 1.048949 19.229883
v  1.510031 2.790487 19.106230
v  1.200691 2.791480 19.106230
v  1.510031 2.790487 18.552319
v  1.200691 2.791480 18.552319
v  1.491534 2.790487 18.072618
v  1.234388 2.791480 18.072618
v  1.496027 2.790487 19.364311
v  1.218071 2.791480 19.364311
v  1.234392 2.791480 19.585934
v  1.190977 2.791480 18.829275
v  1.218071 2.791480 18.294237
v  1.510808 2.790487 18.829275
v  1.496027 2.790487 18.294237
v  1.491534 2.790487 19.585934
v  1.882180 4.295538 17.666550
v  1.849035 4.685867 17.706171
v  1.818149 5.049600 17.822327
v  1.791628 5.361937 18.007105
v  1.771277 5.601605 18.247911
v  1.758487 5.752270 18.528336
v  1.754122 5.803657 18.829275
v  1.758487 5.752270 19.130207
v  1.771277 5.601605 19.410637
v  1.791628 5.361941 19.651443
v  1.818149 5.049600 19.836222
v  1.849035 4.685871 19.952377
v  1.882180 4.295538 19.991999
v  1.915322 3.905209 19.952377
v  1.946208 3.541481 19.836222
v  1.972729 3.229139 19.651443
v  1.987311 3.057342 19.384075
v  1.999519 2.913567 19.116459
v  2.003685 2.864524 18.829275
v  1.999519 2.913567 18.542089
v  1.987311 3.057342 18.274473
v  1.972729 3.229139 18.007105
v  1.946208 3.541481 17.822327
v  1.915322 3.905209 17.706171
v  1.815011 4.351723 18.829275
v  2.015355 2.699916 19.116459
v  2.015271 2.700892 18.829275
v  2.015355 2.699916 18.542089
v  2.013717 2.698742 18.274473
v  2.011727 2.702000 18.007105
v  2.011727 2.702004 19.651443
v  2.013717 2.698742 19.384075
v  1.802980 4.682005 17.706171
v  1.836121 4.291677 17.666550
v  1.772094 5.045738 17.822327
v  1.745573 5.358075 18.007105
v  1.725222 5.597743 18.247911
v  1.712427 5.748404 18.528336
v  1.708066 5.799795 18.829275
v  1.712427 5.748404 19.130207
v  1.725222 5.597743 19.410637
v  1.745573 5.358075 19.651443
v  1.772094 5.045738 19.836222
v  1.802979 4.682005 19.952377
v  1.836121 4.291677 19.991999
v  1.869266 3.901347 19.952377
v  1.900148 3.537619 19.836222
v  1.926673 3.225277 19.651443
v  1.941251 3.053480 19.384075
v  1.953464 2.909700 19.116459
v  1.957626 2.860662 18.829275
v  1.953464 2.909700 18.542089
v  1.941251 3.053480 18.274473
v  1.926673 3.225277 18.007105
v  1.900148 3.537619 17.822327
v  1.869267 3.901347 17.706171
v  1.764825 4.347860 18.829275
v  1.969215 2.697030 18.829275
v  1.967658 2.694880 18.274473
v  1.965667 2.698142 19.651443
v  1.969299 2.696054 19.116459
v  1.969299 2.696054 18.542089
v  1.965672 2.698138 18.007105
v  1.967658 2.694880 19.384075
v  1.709487 5.440834 18.329170
v  1.698480 5.570437 18.570402
v  1.726992 5.234668 19.536528
v  1.749805 4.965981 19.695478
v  1.859963 3.668657 19.695478
v  1.882781 3.399974 19.536528
v  1.908114 3.101575 18.577274
v  1.897403 3.227736 18.342451
v  1.749805 4.965981 17.963066
v  1.726992 5.234664 18.122021
v  1.698480 5.570437 19.088146
v  1.709487 5.440834 19.329378
v  1.804886 4.317319 17.829067
v  1.776375 4.653092 17.863148
v  1.804886 4.317319 19.829481
v  1.833398 3.981546 19.795401
v  1.908114 3.101575 19.081270
v  1.911769 3.058543 18.829275
v  1.859967 3.668657 17.963070
v  1.833398 3.981546 17.863148
v  1.694729 5.614643 18.829275
v  1.776375 4.653092 19.795401
v  1.897403 3.227740 19.316097
v  1.882781 3.399970 18.122021
v  3.424200 2.655586 17.666550
v  3.815937 2.655586 17.706171
v  4.180976 2.655586 17.822327
v  4.494439 2.655586 18.007105
v  4.734972 2.655586 18.247913
v  4.886175 2.655586 18.528341
v  4.937748 2.655586 18.829275
v  4.886175 2.655586 19.130207
v  4.734972 2.655586 19.410637
v  4.494443 2.655586 19.651443
v  4.180976 2.655586 19.836222
v  3.815937 2.655586 19.952377
v  3.424200 2.655586 19.991999
v  3.032468 2.655586 19.952377
v  2.667428 2.655586 19.836222
v  2.353961 2.655586 19.651443
v  2.181546 2.655591 19.384075
v  2.067041 2.655591 19.116459
v  2.017826 2.655591 18.829275
v  2.067042 2.655591 18.542089
v  2.181546 2.655591 18.274473
v  2.353961 2.655586 18.007105
v  2.667424 2.655586 17.822327
v  3.032463 2.655586 17.706171
v  3.762815 2.655591 18.020124
v  3.480583 2.655591 17.991583
v  4.025809 2.655591 18.103809
v  4.251646 2.655591 18.236937
v  4.424939 2.655591 18.410429
v  4.533874 2.655591 18.612463
v  4.571031 2.655591 18.829275
v  4.533874 2.655591 19.046085
v  4.424939 2.655591 19.248121
v  4.251646 2.655591 19.421612
v  4.025809 2.655591 19.554733
v  3.762815 2.655591 19.638424
v  3.480587 2.655591 19.666965
v  3.198359 2.655591 19.638424
v  2.935361 2.655591 19.554733
v  2.709525 2.655591 19.421612
v  2.536232 2.655591 19.248119
v  2.427297 2.655591 19.046085
v  2.390139 2.655591 18.829275
v  2.427297 2.655591 18.612463
v  2.536232 2.655591 18.410429
v  2.709525 2.655591 18.236937
v  2.935361 2.655591 18.103809
v  3.198355 2.655591 18.020124
v  1.894031 2.656919 19.116459
v  1.895011 2.656919 18.829275
v  1.894031 2.656919 18.542089
v  1.913389 2.656919 18.274473
v  1.936233 2.656977 18.007105
v  1.936233 2.656977 19.651443
v  1.913389 2.656919 19.384075
v  3.815985 2.701805 17.706171
v  3.424248 2.701805 17.666550
v  4.181025 2.701805 17.822327
v  4.494487 2.701805 18.007105
v  4.735021 2.701805 18.247913
v  4.886224 2.701805 18.528341
v  4.937796 2.701805 18.829275
v  4.886224 2.701805 19.130207
v  4.735021 2.701805 19.410637
v  4.494492 2.701805 19.651443
v  4.181025 2.701805 19.836222
v  3.815985 2.701805 19.952377
v  3.424248 2.701805 19.991999
v  3.032516 2.701805 19.952377
v  2.667477 2.701805 19.836222
v  2.354010 2.701805 19.651443
v  2.181595 2.701814 19.384075
v  2.067090 2.701814 19.116459
v  2.017875 2.701814 18.829275
v  2.067090 2.701814 18.542089
v  2.181595 2.701814 18.274473
v  2.354010 2.701805 18.007105
v  2.667472 2.701805 17.822327
v  3.032512 2.701805 17.706171
v  3.762860 2.701814 18.020124
v  3.480631 2.701814 17.991583
v  4.025858 2.701814 18.103809
v  4.251694 2.701814 18.236937
v  4.424987 2.701814 18.410429
v  4.533922 2.701814 18.612463
v  4.571080 2.701814 18.829275
v  4.533922 2.701814 19.046085
v  4.424987 2.701814 19.248121
v  4.251694 2.701814 19.421612
v  4.025858 2.701814 19.554733
v  3.762864 2.701814 19.638424
v  3.480636 2.701814 19.666965
v  3.198403 2.701814 19.638424
v  2.935410 2.701814 19.554733
v  2.709573 2.701814 19.421612
v  2.536280 2.701814 19.248119
v  2.427345 2.701814 19.046085
v  2.390188 2.701814 18.829275
v  2.427345 2.701814 18.612463
v  2.536280 2.701814 18.410429
v  2.709569 2.701814 18.236937
v  2.935410 2.701814 18.103809
v  3.198403 2.701814 18.020124
v  1.895059 2.703138 18.829275
v  1.913437 2.703138 18.274473
v  1.936282 2.703196 19.651443
v  1.894079 2.703138 19.116459
v  1.894079 2.703138 18.542089
v  1.936282 2.703196 18.007105
v  1.913437 2.703138 19.384075
v  4.580004 2.730758 18.329170
v  4.710075 2.730758 18.570402
v  4.373093 2.730758 19.536528
v  4.103439 2.730758 19.695478
v  2.801441 2.730758 19.695478
v  2.531791 2.730758 19.536528
v  2.232320 2.730762 18.577274
v  2.358935 2.730762 18.342451
v  4.103439 2.730758 17.963070
v  4.373093 2.730758 18.122021
v  4.710075 2.730758 19.088146
v  4.580004 2.730758 19.329378
v  3.452442 2.730758 17.829067
v  3.789425 2.730758 17.863148
v  3.452442 2.730758 19.829483
v  3.115460 2.730758 19.795401
v  2.232320 2.730762 19.081270
v  2.189133 2.730762 18.829275
v  2.801441 2.730758 17.963070
v  3.115460 2.730758 17.863148
v  4.754440 2.730758 18.829275
v  3.789424 2.730758 19.795401
v  2.358935 2.730762 19.316097
v  2.531791 2.730758 18.122021
v  3.639372 1.009501 18.695063
v  3.592559 1.009502 18.690329
v  3.682993 1.009502 18.708942
v  3.720452 1.009502 18.731024
v  3.749196 1.009502 18.759800
v  3.767265 1.009502 18.793312
v  3.773429 1.009502 18.829273
v  3.767265 1.009502 18.865234
v  3.749196 1.009502 18.898745
v  3.720452 1.009502 18.927523
v  3.682993 1.009502 18.949602
v  3.639372 1.009501 18.963486
v  3.592559 1.009502 18.968220
v  3.545748 1.009501 18.963486
v  3.502125 1.009501 18.949602
v  3.464666 1.009501 18.927523
v  3.435922 1.009501 18.898745
v  3.417853 1.009501 18.865234
v  3.411691 1.009501 18.829273
v  3.417853 1.009501 18.793312
v  3.435922 1.009501 18.759800
v  3.464666 1.009501 18.731024
v  3.502125 1.009501 18.708942
v  3.545746 1.009501 18.695063
v  3.592559 0.975021 18.829273
v  3.697416 1.009501 18.528654
v  3.592559 1.009501 18.518293
v  3.795504 1.009501 18.559237
v  3.880178 1.009501 18.608318
v  3.945437 1.009501 18.672762
v  3.986577 1.009501 18.748171
v  4.000628 1.009501 18.829275
v  3.986577 1.009501 18.910379
v  3.945437 1.009501 18.985783
v  3.880178 1.009501 19.050224
v  3.795504 1.009501 19.099308
v  3.697415 1.009501 19.129894
v  3.592559 1.009501 19.140257
v  3.487706 1.009501 19.129894
v  3.389613 1.009501 19.099308
v  3.304939 1.009501 19.050224
v  3.239681 1.009501 18.985783
v  3.198541 1.009501 18.910379
v  3.184493 1.009501 18.829275
v  3.198541 1.009501 18.748171
v  3.239681 1.009501 18.672762
v  3.304939 1.009501 18.608318
v  3.389613 1.009501 18.559237
v  3.487702 1.009501 18.528654
v  2.345755 0.404802 18.829275
v  3.432431 0.404802 18.829275
v  2.388403 0.404802 18.605923
v  3.432431 0.404802 18.605923
v  2.388403 0.404802 19.052626
v  3.432431 0.404802 19.052626
v  2.870756 0.404802 19.052626
v  2.870756 0.404802 18.829275
v  2.870756 0.404802 18.605923
v  3.141685 0.404802 18.605923
v  3.141685 0.404802 18.829275
v  3.141685 0.404802 19.052626
v  3.723177 0.404802 19.052626
v  3.723177 0.404802 18.829275
v  3.723177 0.404802 18.605923
v  3.994107 0.404802 18.605923
v  3.994107 0.404802 18.829275
v  3.994107 0.404802 19.052626
v  4.226762 0.404802 19.052626
v  4.226762 0.404802 18.829275
v  4.226762 0.404802 18.605923
# 718 vertices

vt 0.787030 0.930008 0.000000
vt 0.102172 0.793592 0.000000
vt 0.177885 0.736716 0.000000
vt 0.163987 0.760279 0.000000
vt 0.847677 0.481336 0.000000
vt 0.748862 0.899314 0.000000
vt 0.474113 0.702773 0.000000
vt 0.797441 0.481337 0.000000
vt 0.664724 0.928725 0.000000
vt 0.577704 0.833340 0.000000
vt 0.869846 0.896824 0.000000
vt 0.359658 0.344690 0.000000
vt 0.339636 0.288962 0.000000
vt 0.492348 0.172400 0.000000
vt 0.422884 0.342269 0.000000
vt 0.371254 0.246691 0.000000
vt 0.785144 0.125436 0.000000
vt 0.518482 0.461201 0.000000
vt 0.871085 0.493950 0.000000
vt 0.119175 0.811674 0.000000
vt 0.651954 0.899490 0.000000
vt 0.454584 0.691914 0.000000
vt 0.658784 0.899976 0.000000
vt 0.785144 0.060213 0.000000
vt 0.423269 0.761228 0.000000
vt 0.362619 0.406559 0.000000
vt 0.186621 0.650368 0.000000
vt 0.278118 0.550501 0.000000
vt 0.279864 0.547091 0.000000
vt 0.280586 0.549076 0.000000
vt 0.288907 0.554427 0.000000
vt 0.574618 0.262202 0.000000
vt 0.319800 0.541334 0.000000
vt 0.329243 0.541334 0.000000
vt 0.320592 0.540734 0.000000
vt 0.297136 0.545349 0.000000
vt 0.316368 0.537105 0.000000
vt 0.304690 0.541334 0.000000
vt 0.310031 0.540734 0.000000
vt 0.310031 0.537105 0.000000
vt 0.321688 0.545349 0.000000
vt 0.739741 0.857835 0.000000
vt 0.190404 0.743598 0.000000
vt 0.684534 0.902456 0.000000
vt 0.804087 0.060681 0.000000
vt 0.783976 0.956168 0.000000
vt 0.509248 0.704627 0.000000
vt 0.327354 0.545349 0.000000
vt 0.642399 0.907004 0.000000
vt 0.521908 0.052184 0.000000
vt 0.437453 0.766937 0.000000
vt 0.629170 0.589206 0.000000
vt 0.609681 0.338403 0.000000
vt 0.476811 0.402245 0.000000
vt 0.539807 0.695559 0.000000
vt 0.614955 0.468706 0.000000
vt 0.935823 0.890626 0.000000
vt 0.945327 0.879277 0.000000
vt 0.098119 0.890382 0.000000
vt 0.525878 0.701124 0.000000
vt 0.853773 0.046502 0.000000
vt 0.365412 0.009974 0.000000
vt 0.422689 0.404489 0.000000
vt 0.650598 0.895807 0.000000
vt 0.294647 0.547586 0.000000
vt 0.719678 0.216517 0.000000
vt 0.910640 0.536433 0.000000
vt 0.706737 0.879651 0.000000
vt 0.339636 0.174670 0.000000
vt 0.859102 0.275672 0.000000
vt 0.857842 0.078309 0.000000
vt 0.545197 0.334777 0.000000
vt 0.838946 0.860627 0.000000
vt 0.285215 0.560324 0.000000
vt 0.246152 0.480490 0.000000
vt 0.264814 0.266368 0.000000
vt 0.486189 0.987893 0.000000
vt 0.037527 0.833893 0.000000
vt 0.380017 0.971779 0.000000
vt 0.802239 0.125240 0.000000
vt 0.634839 0.469839 0.000000
vt 0.174175 0.537407 0.000000
vt 0.652341 0.903083 0.000000
vt 0.748640 0.905745 0.000000
vt 0.489032 0.773727 0.000000
vt 0.919227 0.857816 0.000000
vt 0.281943 0.550694 0.000000
vt 0.102067 0.017610 0.000000
vt 0.470590 0.021648 0.000000
vt 0.894469 0.509028 0.000000
vt 0.786897 0.854665 0.000000
vt 0.915408 0.948505 0.000000
vt 0.789694 0.900812 0.000000
vt 0.545778 0.045548 0.000000
vt 0.613118 0.179755 0.000000
vt 0.685694 0.898046 0.000000
vt 0.832586 0.959806 0.000000
vt 0.695279 0.941590 0.000000
vt 0.295247 0.541334 0.000000
vt 0.539100 0.688919 0.000000
vt 0.299471 0.537105 0.000000
vt 0.329040 0.540734 0.000000
vt 0.387935 0.343684 0.000000
vt 0.341349 0.655720 0.000000
vt 0.415374 0.945911 0.000000
vt 0.322704 0.540734 0.000000
vt 0.295247 0.537105 0.000000
vt 0.474632 0.248221 0.000000
vt 0.339636 0.106575 0.000000
vt 0.017719 0.709273 0.000000
vt 0.610751 0.592039 0.000000
vt 0.857876 0.111794 0.000000
vt 0.323577 0.545349 0.000000
vt 0.314134 0.545349 0.000000
vt 0.283261 0.555566 0.000000
vt 0.277058 0.559078 0.000000
vt 0.303695 0.537105 0.000000
vt 0.298768 0.555566 0.000000
vt 0.582972 0.850908 0.000000
vt 0.331152 0.540734 0.000000
vt 0.555945 0.759697 0.000000
vt 0.507266 0.772573 0.000000
vt 0.859088 0.303521 0.000000
vt 0.648235 0.898711 0.000000
vt 0.879694 0.854952 0.000000
vt 0.102171 0.551657 0.000000
vt 0.489403 0.846881 0.000000
vt 0.589830 0.186927 0.000000
vt 0.785144 0.216143 0.000000
vt 0.863262 0.146211 0.000000
vt 0.517866 0.703169 0.000000
vt 0.917400 0.862493 0.000000
vt 0.506348 0.243050 0.000000
vt 0.858031 0.275672 0.000000
vt 0.789849 0.904315 0.000000
vt 0.650635 0.899531 0.000000
vt 0.837011 0.946611 0.000000
vt 0.858049 0.330210 0.000000
vt 0.697045 0.263901 0.000000
vt 0.301583 0.537105 0.000000
vt 0.285853 0.539954 0.000000
vt 0.292565 0.555566 0.000000
vt 0.277058 0.555566 0.000000
vt 0.281552 0.570389 0.000000
vt 0.339636 0.635227 0.000000
vt 0.415374 0.926102 0.000000
vt 0.665968 0.100245 0.000000
vt 0.496829 0.163787 0.000000
vt 0.650624 0.886936 0.000000
vt 0.749207 0.903955 0.000000
vt 0.246027 0.019068 0.000000
vt 0.040356 0.760279 0.000000
vt 0.014739 0.679820 0.000000
vt 0.857814 0.046502 0.000000
vt 0.051234 0.792092 0.000000
vt 0.880353 0.849502 0.000000
vt 0.622700 0.207165 0.000000
vt 0.504912 0.204577 0.000000
vt 0.614916 0.188458 0.000000
vt 0.483040 0.147728 0.000000
vt 0.216611 0.897615 0.000000
vt 0.368497 0.234399 0.000000
vt 0.910648 0.668790 0.000000
vt 0.071894 0.903470 0.000000
vt 0.040361 0.599365 0.000000
vt 0.738834 0.216357 0.000000
vt 0.546514 0.467381 0.000000
vt 0.077014 0.555962 0.000000
vt 0.879686 0.854960 0.000000
vt 0.314276 0.555566 0.000000
vt 0.662941 0.657283 0.000000
vt 0.632571 0.221802 0.000000
vt 0.291593 0.539194 0.000000
vt 0.287933 0.540321 0.000000
vt 0.312245 0.541334 0.000000
vt 0.283773 0.540321 0.000000
vt 0.314256 0.537105 0.000000
vt 0.573695 0.690675 0.000000
vt 0.623062 0.964436 0.000000
vt 0.649693 0.899265 0.000000
vt 0.653665 0.899644 0.000000
vt 0.784520 0.950465 0.000000
vt 0.696514 0.937352 0.000000
vt 0.636377 0.176745 0.000000
vt 0.143042 0.952797 0.000000
vt 0.200477 0.961754 0.000000
vt 0.102171 0.569430 0.000000
vt 0.654263 0.902387 0.000000
vt 0.863142 0.275672 0.000000
vt 0.150762 0.568585 0.000000
vt 0.476168 0.468493 0.000000
vt 0.339636 0.958891 0.000000
vt 0.278330 0.568529 0.000000
vt 0.305807 0.537105 0.000000
vt 0.486189 0.867494 0.000000
vt 0.563851 0.217324 0.000000
vt 0.282798 0.537643 0.000000
vt 0.538894 0.000925 0.000000
vt 0.320592 0.537105 0.000000
vt 0.302802 0.541334 0.000000
vt 0.299024 0.541334 0.000000
vt 0.339036 0.198651 0.000000
vt 0.299471 0.540734 0.000000
vt 0.636571 0.267626 0.000000
vt 0.606709 0.263674 0.000000
vt 0.462340 0.056619 0.000000
vt 0.421599 0.075501 0.000000
vt 0.657375 0.899307 0.000000
vt 0.356203 0.809684 0.000000
vt 0.858009 0.245920 0.000000
vt 0.713450 0.903090 0.000000
vt 0.027963 0.007122 0.000000
vt 0.745480 0.004004 0.000000
vt 0.648534 0.899371 0.000000
vt 0.564303 0.197377 0.000000
vt 0.810102 0.181597 0.000000
vt 0.304972 0.559078 0.000000
vt 0.835194 0.853253 0.000000
vt 0.623061 0.872051 0.000000
vt 0.317911 0.541334 0.000000
vt 0.853871 0.146212 0.000000
vt 0.737349 0.945248 0.000000
vt 0.684441 0.149741 0.000000
vt 0.323581 0.559078 0.000000
vt 0.314134 0.541334 0.000000
vt 0.541537 0.262914 0.000000
vt 0.287933 0.551750 0.000000
vt 0.289762 0.541377 0.000000
vt 0.323577 0.541334 0.000000
vt 0.277058 0.544485 0.000000
vt 0.558357 0.997941 0.000000
vt 0.632635 0.168360 0.000000
vt 0.832823 0.954012 0.000000
vt 0.944055 0.933089 0.000000
vt 0.460120 0.696502 0.000000
vt 0.901322 0.897764 0.000000
vt 0.149697 0.883589 0.000000
vt 0.144716 0.584261 0.000000
vt 0.863332 0.078309 0.000000
vt 0.593398 0.468104 0.000000
vt 0.738364 0.942704 0.000000
vt 0.642999 0.897750 0.000000
vt 0.922151 0.910393 0.000000
vt 0.668764 0.874311 0.000000
vt 0.281943 0.541377 0.000000
vt 0.563538 0.233043 0.000000
vt 0.277358 0.271292 0.000000
vt 0.597561 0.040162 0.000000
vt 0.628029 0.341660 0.000000
vt 0.546588 0.404487 0.000000
vt 0.819652 0.124401 0.000000
vt 0.482373 0.704520 0.000000
vt 0.189603 0.679820 0.000000
vt 0.174161 0.583690 0.000000
vt 0.697157 0.935101 0.000000
vt 0.652393 0.888330 0.000000
vt 0.127328 0.555962 0.000000
vt 0.920810 0.568352 0.000000
vt 0.630825 0.031501 0.000000
vt 0.694982 0.060502 0.000000
vt 0.710797 0.090007 0.000000
vt 0.083390 0.215381 0.000000
vt 0.716515 0.123470 0.000000
vt 0.501577 0.063563 0.000000
vt 0.486337 0.078436 0.000000
vt 0.476955 0.095207 0.000000
vt 0.062117 0.912486 0.000000
vt 0.089434 0.815952 0.000000
vt 0.564503 0.188979 0.000000
vt 0.169917 0.952688 0.000000
vt 0.425736 0.466706 0.000000
vt 0.596266 0.048567 0.000000
vt 0.079549 0.789718 0.000000
vt 0.127315 0.957208 0.000000
vt 0.920815 0.636868 0.000000
vt 0.323581 0.555566 0.000000
vt 0.287606 0.566893 0.000000
vt 0.325466 0.541334 0.000000
vt 0.640026 0.686140 0.000000
vt 0.291119 0.542995 0.000000
vt 0.312144 0.537105 0.000000
vt 0.447139 0.650412 0.000000
vt 0.458514 0.845644 0.000000
vt 0.504022 0.590931 0.000000
vt 0.608240 0.406624 0.000000
vt 0.697894 0.865465 0.000000
vt 0.361431 0.070922 0.000000
vt 0.356813 0.177145 0.000000
vt 0.859258 0.111794 0.000000
vt 0.542581 0.461543 0.000000
vt 0.498815 0.467374 0.000000
vt 0.302420 0.001001 0.000000
vt 0.538262 0.194067 0.000000
vt 0.859152 0.214113 0.000000
vt 0.659465 0.908161 0.000000
vt 0.958447 0.906456 0.000000
vt 0.685844 0.902032 0.000000
vt 0.667666 0.898852 0.000000
vt 0.317378 0.555566 0.000000
vt 0.373421 0.933292 0.000000
vt 0.317911 0.545349 0.000000
vt 0.297136 0.541334 0.000000
vt 0.299024 0.545349 0.000000
vt 0.297359 0.537105 0.000000
vt 0.095573 0.470535 0.000000
vt 0.477253 0.657567 0.000000
vt 0.707761 0.156280 0.000000
vt 0.466047 0.134087 0.000000
vt 0.785144 0.203816 0.000000
vt 0.900905 0.903578 0.000000
vt 0.922364 0.900865 0.000000
vt 0.666439 0.925875 0.000000
vt 0.053581 0.537105 0.000000
vt 0.573153 0.016001 0.000000
vt 0.030166 0.537407 0.000000
vt 0.013939 0.743599 0.000000
vt 0.124191 0.573201 0.000000
vt 0.666591 0.898727 0.000000
vt 0.463420 0.112161 0.000000
vt 0.178536 0.954146 0.000000
vt 0.163981 0.599365 0.000000
vt 0.077017 0.537199 0.000000
vt 0.520338 0.845272 0.000000
vt 0.858044 0.303521 0.000000
vt 0.279777 0.569743 0.000000
vt 0.283440 0.559678 0.000000
vt 0.318480 0.537105 0.000000
vt 0.295667 0.559078 0.000000
vt 0.478641 0.189249 0.000000
vt 0.229223 0.904564 0.000000
vt 0.641594 0.407013 0.000000
vt 0.628467 0.523742 0.000000
vt 0.591517 0.524100 0.000000
vt 0.835220 0.847481 0.000000
vt 0.655867 0.896893 0.000000
vt 0.698900 0.864052 0.000000
vt 0.301583 0.540734 0.000000
vt 0.304663 0.012742 0.000000
vt 0.540881 0.665933 0.000000
vt 0.720240 0.655196 0.000000
vt 0.255543 0.205504 0.000000
vt 0.540287 0.239893 0.000000
vt 0.435305 0.176676 0.000000
vt 0.457287 0.167223 0.000000
vt 0.528430 0.229260 0.000000
vt 0.316368 0.540734 0.000000
vt 0.771712 0.717227 0.000000
vt 0.013974 0.611117 0.000000
vt 0.786603 0.848962 0.000000
vt 0.645744 0.898920 0.000000
vt 0.648344 0.912417 0.000000
vt 0.317378 0.559078 0.000000
vt 0.282798 0.554427 0.000000
vt 0.283578 0.847804 0.000000
vt 0.479392 0.525144 0.000000
vt 0.644241 0.524184 0.000000
vt 0.160925 0.951923 0.000000
vt 0.134782 0.954544 0.000000
vt 0.652707 0.900196 0.000000
vt 0.485630 0.036508 0.000000
vt 0.520387 0.043126 0.000000
vt 0.618765 0.057855 0.000000
vt 0.363005 0.037766 0.000000
vt 0.747029 0.062067 0.000000
vt 0.026460 0.622925 0.000000
vt 0.387983 0.655706 0.000000
vt 0.689301 0.184233 0.000000
vt 0.653128 0.160878 0.000000
vt 0.127324 0.537199 0.000000
vt 0.863360 0.046502 0.000000
vt 0.853802 0.078309 0.000000
vt 0.736530 0.950431 0.000000
vt 0.853991 0.275672 0.000000
vt 0.384391 0.464407 0.000000
vt 0.774033 0.493951 0.000000
vt 0.651257 0.899925 0.000000
vt 0.380017 0.913703 0.000000
vt 0.310356 0.545349 0.000000
vt 0.064809 0.271565 0.000000
vt 0.295667 0.555566 0.000000
vt 0.809902 0.203930 0.000000
vt 0.293587 0.550501 0.000000
vt 0.287606 0.563173 0.000000
vt 0.319800 0.545349 0.000000
vt 0.329243 0.545349 0.000000
vt 0.291842 0.544979 0.000000
vt 0.650504 0.898752 0.000000
vt 0.749272 0.897563 0.000000
vt 0.666422 0.925905 0.000000
vt 0.523384 0.335432 0.000000
vt 0.098549 0.008010 0.000000
vt 0.863193 0.214113 0.000000
vt 0.000300 0.198467 0.000000
vt 0.000300 0.864595 0.000000
vt 0.000300 0.677354 0.000000
vt 0.434711 0.980864 0.000000
vt 0.418476 0.144813 0.000000
vt 0.571815 0.035911 0.000000
vt 0.453481 0.770944 0.000000
vt 0.935087 0.921261 0.000000
vt 0.606053 0.666679 0.000000
vt 0.931119 0.921829 0.000000
vt 0.186624 0.709272 0.000000
vt 0.151857 0.951938 0.000000
vt 0.579050 0.744745 0.000000
vt 0.907207 0.931233 0.000000
vt 0.486017 0.588010 0.000000
vt 0.929825 0.905804 0.000000
vt 0.257379 0.215183 0.000000
vt 0.295247 0.540734 0.000000
vt 0.663364 0.274382 0.000000
vt 0.289464 0.555566 0.000000
vt 0.593915 0.215140 0.000000
vt 0.642012 0.017849 0.000000
vt 0.320479 0.559078 0.000000
vt 0.285853 0.552117 0.000000
vt 0.637038 0.071140 0.000000
vt 0.376865 0.823430 0.000000
vt 0.705037 0.921937 0.000000
vt 0.796241 0.730444 0.000000
vt 0.948794 0.876225 0.000000
vt 0.012415 0.201302 0.000000
vt 0.026458 0.736717 0.000000
vt 0.326950 0.201397 0.000000
vt 0.760386 0.203930 0.000000
vt 0.853969 0.245920 0.000000
vt 0.857947 0.180629 0.000000
vt 0.312144 0.540734 0.000000
vt 0.750643 0.696200 0.000000
vt 0.766201 0.060681 0.000000
vt 0.869898 0.903769 0.000000
vt 0.388444 0.269606 0.000000
vt 0.425336 0.521650 0.000000
vt 0.532874 0.999700 0.000000
vt 0.280586 0.542995 0.000000
vt 0.915435 0.948510 0.000000
vt 0.308468 0.541334 0.000000
vt 0.316022 0.545349 0.000000
vt 0.333264 0.540734 0.000000
vt 0.446574 0.082247 0.000000
vt 0.306579 0.545349 0.000000
vt 0.291842 0.547091 0.000000
vt 0.277058 0.547586 0.000000
vt 0.293587 0.541570 0.000000
vt 0.541294 0.765424 0.000000
vt 0.550133 0.840759 0.000000
vt 0.853174 0.182248 0.000000
vt 0.590274 0.593822 0.000000
vt 0.500255 0.705393 0.000000
vt 0.652287 0.888319 0.000000
vt 0.941470 0.906088 0.000000
vt 0.720839 0.602612 0.000000
vt 0.358709 0.107422 0.000000
vt 0.080150 0.573202 0.000000
vt 0.200560 0.643064 0.000000
vt 0.210794 0.816553 0.000000
vt 0.831877 0.933019 0.000000
vt 0.822559 0.477035 0.000000
vt 0.921185 0.904242 0.000000
vt 0.874476 0.874872 0.000000
vt 0.392759 0.988054 0.000000
vt 0.365330 0.518193 0.000000
vt 0.863128 0.303521 0.000000
vt 0.917048 0.953267 0.000000
vt 0.289464 0.559078 0.000000
vt 0.378241 0.636146 0.000000
vt 0.287934 0.565033 0.000000
vt 0.646874 0.153774 0.000000
vt 0.360941 0.579977 0.000000
vt 0.588882 0.405880 0.000000
vt 0.852902 0.204477 0.000000
vt 0.186547 0.956190 0.000000
vt 0.472279 0.458806 0.000000
vt 0.150761 0.537105 0.000000
vt 0.568556 0.752748 0.000000
vt 0.877399 0.954319 0.000000
vt 0.083935 0.896093 0.000000
vt 0.831490 0.902800 0.000000
vt 0.246152 0.470535 0.000000
vt 0.574914 0.238937 0.000000
vt 0.533790 0.213817 0.000000
vt 0.240993 0.536505 0.000000
vt 0.641122 0.245004 0.000000
vt 0.648607 0.193352 0.000000
vt 0.686987 0.094381 0.000000
vt 0.663492 0.206292 0.000000
vt 0.658766 0.120808 0.000000
vt 0.494374 0.219332 0.000000
vt 0.440191 0.111083 0.000000
vt 0.358182 0.144007 0.000000
vt 0.850610 0.216517 0.000000
vt 0.513730 0.185691 0.000000
vt 0.873410 0.717227 0.000000
vt 0.916074 0.877066 0.000000
vt 0.652400 0.899636 0.000000
vt 0.533176 0.698578 0.000000
vt 0.668020 0.924377 0.000000
vt 0.652262 0.899880 0.000000
vt 0.326682 0.559078 0.000000
vt 0.286662 0.561538 0.000000
vt 0.322704 0.537105 0.000000
vt 0.605042 0.859288 0.000000
vt 0.413587 0.109877 0.000000
vt 0.446633 0.253197 0.000000
vt 0.582972 0.991114 0.000000
vt 0.607710 0.689883 0.000000
vt 0.310356 0.541334 0.000000
vt 0.304972 0.555566 0.000000
vt 0.734473 0.668792 0.000000
vt 0.743207 0.926526 0.000000
vt 0.835197 0.853261 0.000000
vt 0.750650 0.509029 0.000000
vt 0.351092 0.462504 0.000000
vt 0.917371 0.862490 0.000000
vt 0.102171 0.537288 0.000000
vt 0.914720 0.933862 0.000000
vt 0.698902 0.864054 0.000000
vt 0.370269 0.678218 0.000000
vt 0.277386 0.563173 0.000000
vt 0.292565 0.559078 0.000000
vt 0.344529 0.690675 0.000000
vt 0.291119 0.549076 0.000000
vt 0.288907 0.537643 0.000000
vt 0.279864 0.544979 0.000000
vt 0.428773 0.841368 0.000000
vt 0.341822 0.268514 0.000000
vt 0.342493 0.245748 0.000000
vt 0.853835 0.111794 0.000000
vt 0.940867 0.906055 0.000000
vt 0.786897 0.854683 0.000000
vt 0.061925 0.823341 0.000000
vt 0.102171 0.682775 0.000000
vt 0.566484 0.461728 0.000000
vt 0.661275 0.891465 0.000000
vt 0.017721 0.650368 0.000000
vt 0.030181 0.583691 0.000000
vt 0.653161 0.471840 0.000000
vt 0.871081 0.462504 0.000000
vt 0.853940 0.214114 0.000000
vt 0.174212 0.771038 0.000000
vt 0.524409 0.593016 0.000000
vt 0.744779 0.876694 0.000000
vt 0.200580 0.711643 0.000000
vt 0.737348 0.945247 0.000000
vt 0.657238 0.899881 0.000000
vt 0.308073 0.555566 0.000000
vt 0.639534 0.792962 0.000000
vt 0.788875 0.858554 0.000000
vt 0.314276 0.559078 0.000000
vt 0.696370 0.668540 0.000000
vt 0.073058 0.207985 0.000000
vt 0.642399 0.926812 0.000000
vt 0.279777 0.560324 0.000000
vt 0.303695 0.540734 0.000000
vt 0.635999 0.663419 0.000000
vt 0.280112 0.539194 0.000000
vt 0.329040 0.537105 0.000000
vt 0.505242 0.684979 0.000000
vt 0.470879 0.773212 0.000000
vt 0.525084 0.403960 0.000000
vt 0.831559 0.904249 0.000000
vt 0.650450 0.900036 0.000000
vt 0.678174 0.884654 0.000000
vt 0.206642 0.965299 0.000000
vt 0.177882 0.622925 0.000000
vt 0.676366 0.915734 0.000000
vt 0.277058 0.565033 0.000000
vt 0.573937 0.667409 0.000000
vt 0.423431 0.637179 0.000000
vt 0.739743 0.857850 0.000000
vt 0.789353 0.907691 0.000000
vt 0.809139 0.216185 0.000000
vt 0.324816 0.537105 0.000000
vt 0.285853 0.537105 0.000000
vt 0.281552 0.559678 0.000000
vt 0.295247 0.545349 0.000000
vt 0.304690 0.545349 0.000000
vt 0.477733 0.269808 0.000000
vt 0.598674 0.230636 0.000000
vt 0.690710 0.122287 0.000000
vt 0.285215 0.569743 0.000000
vt 0.389187 0.581635 0.000000
vt 0.345661 0.038712 0.000000
vt 0.658524 0.525365 0.000000
vt 0.238779 0.017772 0.000000
vt 0.671335 0.036176 0.000000
vt 0.571260 0.044297 0.000000
vt 0.823259 0.062067 0.000000
vt 0.003763 0.711644 0.000000
vt 0.652345 0.899405 0.000000
vt 0.373421 0.953101 0.000000
vt 0.667887 0.900931 0.000000
vt 0.466646 0.700111 0.000000
vt 0.115254 0.965405 0.000000
vt 0.717386 0.204477 0.000000
vt 0.848881 0.730444 0.000000
vt 0.921131 0.906967 0.000000
vt 0.832819 0.954028 0.000000
vt 0.346232 0.919493 0.000000
vt 0.298768 0.559078 0.000000
vt 0.720599 0.277793 0.000000
vt 0.283261 0.559078 0.000000
vt 0.318480 0.540734 0.000000
vt 0.283440 0.570389 0.000000
vt 0.167931 0.884742 0.000000
vt 0.150064 0.810435 0.000000
vt 0.346232 0.977569 0.000000
vt 0.546201 0.594174 0.000000
vt 0.713463 0.897655 0.000000
vt 0.190368 0.611117 0.000000
vt 0.824808 0.004004 0.000000
vt 0.421819 0.459427 0.000000
vt 0.958618 0.906460 0.000000
vt 0.669806 0.173941 0.000000
vt 0.760186 0.181597 0.000000
vt 0.859222 0.146211 0.000000
vt 0.724310 0.568354 0.000000
vt 0.522414 0.467167 0.000000
vt 0.549202 0.524515 0.000000
vt 0.788503 0.875142 0.000000
vt 0.944103 0.933008 0.000000
vt 0.570744 0.524395 0.000000
vt 0.305807 0.540734 0.000000
vt 0.277386 0.566893 0.000000
vt 0.479827 0.070819 0.000000
vt 0.331152 0.537105 0.000000
vt 0.670681 0.252781 0.000000
vt 0.447461 0.276265 0.000000
vt 0.421969 0.906513 0.000000
vt 0.300913 0.545349 0.000000
vt 0.278118 0.541570 0.000000
vt 0.307919 0.540734 0.000000
vt 0.652490 0.911809 0.000000
vt 0.928076 0.905765 0.000000
vt 0.650218 0.911051 0.000000
vt 0.145878 0.778356 0.000000
vt 0.294647 0.544485 0.000000
vt 0.102172 0.809836 0.000000
vt 0.869467 0.912000 0.000000
vt 0.503998 0.007832 0.000000
vt 0.542871 0.016813 0.000000
vt 0.653980 0.899619 0.000000
vt 0.267242 0.207706 0.000000
vt 0.635803 0.946401 0.000000
vt 0.468169 0.882745 0.000000
vt 0.707525 0.298004 0.000000
vt 0.094814 0.018787 0.000000
vt 0.468081 0.090531 0.000000
vt 0.280112 0.552877 0.000000
vt 0.320479 0.555566 0.000000
vt 0.326928 0.540734 0.000000
vt 0.324816 0.540734 0.000000
vt 0.539191 0.185457 0.000000
vt 0.424094 0.583858 0.000000
vt 0.345809 0.233642 0.000000
vt 0.696509 0.937357 0.000000
vt 0.833316 0.874149 0.000000
vt 0.650934 0.902507 0.000000
vt 0.736994 0.182005 0.000000
vt 0.831405 0.897052 0.000000
vt 0.326928 0.537105 0.000000
vt 0.341494 0.678495 0.000000
vt 0.635803 0.888326 0.000000
vt 0.286362 0.559078 0.000000
vt 0.291593 0.552877 0.000000
vt 0.329784 0.555566 0.000000
vt 0.475910 0.154691 0.000000
vt 0.649945 0.086947 0.000000
vt 0.568458 0.594521 0.000000
vt 0.761149 0.216185 0.000000
vt 0.643812 0.345801 0.000000
vt 0.658655 0.899495 0.000000
vt 0.545972 0.692014 0.000000
vt 0.524901 0.769767 0.000000
vt 0.645093 0.900804 0.000000
vt 0.667174 0.871446 0.000000
vt 0.445778 0.673455 0.000000
vt 0.508931 0.265381 0.000000
vt 0.283773 0.551750 0.000000
vt 0.301870 0.555566 0.000000
vt 0.831454 0.216358 0.000000
vt 0.308073 0.559078 0.000000
vt 0.077291 0.277734 0.000000
vt 0.201959 0.891889 0.000000
vt 0.401264 0.833981 0.000000
vt 0.589251 0.336148 0.000000
vt 0.630939 0.461127 0.000000
vt 0.670374 0.475053 0.000000
vt 0.504423 0.403375 0.000000
vt 0.651303 0.886836 0.000000
vt 0.609067 0.005899 0.000000
vt 0.100731 0.536505 0.000000
vt 0.084994 0.205539 0.000000
vt 0.641581 0.063094 0.000000
vt 0.668415 0.121258 0.000000
vt 0.674633 0.068956 0.000000
vt 0.513228 0.023497 0.000000
vt 0.545595 0.036896 0.000000
vt 0.657122 0.103851 0.000000
vt 0.473387 0.112643 0.000000
vt 0.343357 0.070709 0.000000
vt 0.567456 0.334944 0.000000
vt 0.822559 0.462687 0.000000
vt 0.124794 0.789718 0.000000
vt 0.859320 0.046502 0.000000
vt 0.853907 0.180629 0.000000
vt 0.358973 0.993844 0.000000
vt 0.877406 0.954328 0.000000
vt 0.301870 0.559078 0.000000
vt 0.570415 0.467748 0.000000
vt 0.686655 0.647925 0.000000
vt 0.367229 0.690443 0.000000
vt 0.329784 0.559078 0.000000
vt 0.286662 0.568529 0.000000
vt 0.302802 0.545349 0.000000
vt 0.655530 0.137550 0.000000
vt 0.312245 0.545349 0.000000
vt 0.532873 0.849240 0.000000
vt 0.286362 0.555566 0.000000
vt 0.378252 0.288935 0.000000
vt 0.854009 0.330210 0.000000
vt 0.651878 0.899851 0.000000
vt 0.684856 0.898399 0.000000
vt 0.863226 0.180628 0.000000
vt 0.859291 0.078309 0.000000
vt 0.666584 0.456736 0.000000
vt 0.527691 0.524545 0.000000
vt 0.038342 0.000300 0.000000
vt 0.574260 0.000300 0.000000
vt 0.785144 0.000300 0.000000
vt 0.862907 0.000300 0.000000
vt 0.858867 0.000300 0.000000
vt 0.854227 0.000300 0.000000
vt 0.858267 0.000300 0.000000
vt 0.340169 0.142620 0.000000
vt 0.652799 0.896619 0.000000
vt 0.347098 0.461904 0.000000
vt 0.653652 0.899526 0.000000
vt 0.204043 0.677353 0.000000
vt 0.508258 0.996273 0.000000
vt 0.924281 0.602610 0.000000
vt 0.787055 0.946302 0.000000
vt 0.650103 0.911054 0.000000
vt 0.750636 0.124401 0.000000
vt 0.869841 0.905056 0.000000
vt 0.774037 0.462504 0.000000
vt 0.311175 0.559078 0.000000
vt 0.686856 0.284286 0.000000
vt 0.280159 0.555566 0.000000
vt 0.300913 0.541334 0.000000
vt 0.297359 0.540734 0.000000
vt 0.411228 0.753851 0.000000
vt 0.114146 0.886374 0.000000
vt 0.423454 0.288947 0.000000
vt 0.392041 0.519756 0.000000
vt 0.625814 0.407091 0.000000
vt 0.881181 0.942426 0.000000
vt 0.863164 0.245920 0.000000
vt 0.649302 0.459550 0.000000
vt 0.242363 0.008243 0.000000
vt 0.854004 0.303521 0.000000
vt 0.030131 0.771039 0.000000
vt 0.765651 0.001246 0.000000
vt 0.804637 0.001246 0.000000
vt 0.648333 0.899328 0.000000
vt 0.859083 0.330210 0.000000
vt 0.348093 0.011734 0.000000
vt 0.075805 0.805324 0.000000
vt 0.908395 0.879363 0.000000
vt 0.697842 0.859812 0.000000
vt 0.653005 0.899513 0.000000
vt 0.484887 0.339549 0.000000
vt 0.785144 0.181522 0.000000
vt 0.316022 0.541334 0.000000
vt 0.473655 0.679076 0.000000
vt 0.508341 0.662714 0.000000
vt 0.289762 0.550694 0.000000
vt 0.332886 0.559078 0.000000
vt 0.314256 0.540734 0.000000
vt 0.308468 0.545349 0.000000
vt 0.264433 0.277734 0.000000
vt 0.508258 0.856066 0.000000
vt 0.306579 0.541334 0.000000
vt 0.262839 0.834358 0.000000
vt 0.193845 0.958736 0.000000
vt 0.655048 0.899671 0.000000
vt 0.128538 0.805324 0.000000
vt 0.655095 0.899599 0.000000
vt 0.873093 0.934170 0.000000
vt 0.750652 0.462800 0.000000
vt 0.822560 0.607998 0.000000
vt 0.877818 0.959806 0.000000
vt 0.833294 0.182005 0.000000
vt 0.859124 0.245920 0.000000
vt 0.608901 0.240515 0.000000
vt 0.664034 0.141967 0.000000
vt 0.185566 0.887547 0.000000
vt 0.516016 0.176818 0.000000
vt 0.859186 0.180628 0.000000
vt 0.602177 0.822951 0.000000
vt 0.789821 0.897455 0.000000
vt 0.120789 0.960816 0.000000
vt 0.643596 0.899804 0.000000
vt 0.797443 0.462600 0.000000
vt 0.784521 0.950447 0.000000
vt 0.668750 0.874284 0.000000
vt 0.311175 0.555566 0.000000
vt 0.421970 0.964589 0.000000
vt 0.321688 0.541334 0.000000
vt 0.339636 0.939082 0.000000
vt 0.280159 0.559078 0.000000
vt 0.656822 0.080437 0.000000
vt 0.768050 0.125240 0.000000
vt 0.568121 0.405104 0.000000
vt 0.389359 0.405613 0.000000
vt 0.667838 0.874843 0.000000
vt 0.507023 0.524652 0.000000
vt 0.645044 0.585431 0.000000
vt 0.441239 0.045220 0.000000
vt 0.621349 0.049385 0.000000
vt 0.602905 0.020898 0.000000
vt 0.655316 0.047676 0.000000
vt 0.497849 0.054554 0.000000
vt 0.058465 0.778357 0.000000
vt 0.059626 0.584261 0.000000
vt 0.655901 0.406163 0.000000
vt 0.053579 0.568585 0.000000
vt 0.857911 0.146212 0.000000
vt 0.076751 0.266584 0.000000
vt 0.239716 0.912566 0.000000
vt 0.153109 0.792091 0.000000
vt 0.666281 0.900885 0.000000
vt 0.494895 0.460449 0.000000
vt 0.900984 0.912517 0.000000
vt 0.605042 0.979686 0.000000
vt 0.707635 0.634688 0.000000
vt 0.332886 0.555566 0.000000
vt 0.327354 0.541334 0.000000
vt 0.307919 0.537105 0.000000
vt 0.558357 0.847481 0.000000
vt 0.475286 0.130284 0.000000
vt 0.300198 0.864345 0.000000
vt 0.610886 0.523803 0.000000
vt 0.339673 0.201729 0.000000
vt 0.712584 0.904057 0.000000
vt 0.652984 0.899072 0.000000
vt 0.947427 0.936216 0.000000
vt 0.962654 0.906552 0.000000
vt 0.931847 0.889851 0.000000
vt 0.036009 0.012065 0.000000
vt 0.312713 0.007870 0.000000
vt 0.739794 0.859825 0.000000
vt 0.882949 0.866912 0.000000
vt 0.894478 0.696199 0.000000
vt 0.443923 0.140350 0.000000
vt 0.462399 0.202699 0.000000
vt 0.590352 0.195446 0.000000
vt 0.622915 0.809505 0.000000
vt 0.737264 0.204226 0.000000
vt 0.653920 0.898903 0.000000
vt 0.739142 0.852649 0.000000
vt 0.847675 0.462599 0.000000
vt 0.502954 0.337044 0.000000
vt 0.656730 0.350595 0.000000
vt 0.831005 0.910000 0.000000
vt 0.325466 0.545349 0.000000
vt 0.278330 0.561538 0.000000
vt 0.285853 0.554966 0.000000
vt 0.180999 0.812043 0.000000
vt 0.339636 0.792730 0.000000
vt 0.401450 0.744836 0.000000
vt 0.131544 0.884105 0.000000
vt 0.380432 0.460771 0.000000
vt 0.717114 0.182248 0.000000
vt 0.653971 0.899557 0.000000
vt 0.900837 0.906687 0.000000
vt 0.658069 0.580937 0.000000
vt 0.016866 0.847640 0.000000
vt 0.822561 0.734951 0.000000
vt 0.863123 0.330210 0.000000
vt 0.003783 0.643065 0.000000
vt 0.333264 0.537105 0.000000
vt 0.095573 0.480490 0.000000
vt 0.669756 0.679047 0.000000
vt 0.833024 0.204226 0.000000
vt 0.238366 0.823971 0.000000
vt 0.356750 0.205009 0.000000
vt 0.491187 0.705378 0.000000
vt 0.857980 0.214114 0.000000
vt 0.712810 0.898565 0.000000
vt 0.651744 0.899853 0.000000
vt 0.611034 0.461800 0.000000
vt 0.724306 0.636870 0.000000
vt 0.589469 0.461904 0.000000
vt 0.863298 0.111794 0.000000
vt 0.652585 0.900439 0.000000
vt 0.734479 0.536434 0.000000
vt 0.945283 0.879194 0.000000
vt 0.894466 0.462799 0.000000
vt 0.326682 0.555566 0.000000
vt 0.517769 0.702249 0.000000
vt 0.525663 0.700228 0.000000
vt 0.500405 0.704480 0.000000
vt 0.509275 0.703701 0.000000
vt 0.491452 0.704493 0.000000
vt 0.482740 0.703675 0.000000
vt 0.474568 0.701976 0.000000
vt 0.467174 0.699366 0.000000
vt 0.460708 0.695812 0.000000
vt 0.455220 0.691280 0.000000
vt 0.121377 0.961506 0.000000
vt 0.115890 0.966039 0.000000
vt 0.127843 0.957952 0.000000
vt 0.135237 0.955341 0.000000
vt 0.143409 0.953642 0.000000
vt 0.152122 0.952823 0.000000
vt 0.161075 0.952836 0.000000
vt 0.169944 0.953614 0.000000
vt 0.178439 0.955066 0.000000
vt 0.186332 0.957086 0.000000
vt 0.193526 0.959592 0.000000
vt 0.200074 0.962556 0.000000
vt 0.206178 0.966039 0.000000
vt 0.539404 0.694757 0.000000
vt 0.545508 0.691274 0.000000
vt 0.532857 0.697722 0.000000
vt 0.500211 0.699309 0.000000
vt 0.160880 0.958007 0.000000
vt 0.509275 0.703701 0.000000
vt 0.500405 0.704480 0.000000
vt 0.517769 0.702249 0.000000
vt 0.525663 0.700228 0.000000
vt 0.532857 0.697722 0.000000
vt 0.539404 0.694757 0.000000
vt 0.206178 0.966039 0.000000
vt 0.545508 0.691274 0.000000
vt 0.200074 0.962556 0.000000
vt 0.193526 0.959592 0.000000
vt 0.186332 0.957086 0.000000
vt 0.178439 0.955066 0.000000
vt 0.169944 0.953614 0.000000
vt 0.161075 0.952836 0.000000
vt 0.152122 0.952823 0.000000
vt 0.143409 0.953642 0.000000
vt 0.135237 0.955341 0.000000
vt 0.127843 0.957952 0.000000
vt 0.121377 0.961506 0.000000
vt 0.455220 0.691280 0.000000
vt 0.115890 0.966039 0.000000
vt 0.460708 0.695812 0.000000
vt 0.467174 0.699366 0.000000
vt 0.474568 0.701976 0.000000
vt 0.482740 0.703675 0.000000
vt 0.491452 0.704493 0.000000
vt 0.477179 0.935319 0.000000
vt 0.558418 0.921396 0.000000
vt 0.473881 0.916076 0.000000
vt 0.551807 0.902721 0.000000
vt 0.480477 0.954562 0.000000
vt 0.558402 0.941208 0.000000
vt 0.516479 0.948392 0.000000
vt 0.516428 0.928593 0.000000
vt 0.509884 0.909906 0.000000
vt 0.530105 0.906440 0.000000
vt 0.536682 0.925122 0.000000
vt 0.536701 0.944927 0.000000
vt 0.580909 0.937350 0.000000
vt 0.580154 0.917671 0.000000
vt 0.574313 0.898864 0.000000
vt 0.595286 0.895270 0.000000
vt 0.600409 0.914200 0.000000
vt 0.601882 0.933756 0.000000
vt 0.619892 0.930669 0.000000
vt 0.617802 0.911219 0.000000
vt 0.613296 0.892183 0.000000
# 975 texture coords

o 1?_???___??
g 1?_???___??
f 1/299 2/352 4/549 3/170 
f 3/170 4/549 6/747 5/807 
f 5/807 6/747 8/682 7/546 
f 7/546 8/682 10/217 9/508 
f 9/508 10/217 12/709 11/680 
f 11/680 12/709 14/600 13/118 
f 13/118 14/600 16/328 15/380 
f 15/380 16/328 18/520 17/142 
f 17/142 18/520 20/465 19/412 
f 19/412 20/465 22/664 21/719 
f 21/719 22/664 24/602 23/115 
f 23/115 24/602 26/811 25/749 
f 25/749 26/811 28/116 27/143 
f 27/837 28/778 30/713 29/666 
f 29/666 30/713 32/499 31/900 
f 31/900 32/499 34/224 33/276 
f 12/197 10/574 41/141 42/176 
f 33/276 34/224 36/415 35/650 
f 35/650 36/415 2/352 1/299 
f 48/651 47/652 83/573 84/661 
f 22/28 20/443 46/29 47/30 
f 32/665 30/31 51/227 52/777 
f 8/523 6/173 39/228 40/174 
f 18/230 16/631 44/435 45/524 
f 28/868 26/353 49/679 50/416 
f 4/444 2/637 38/386 37/280 
f 2/637 36/65 54/442 38/386 
f 14/556 12/197 42/176 43/245 
f 24/649 22/28 47/30 48/87 
f 34/382 32/665 52/777 53/522 
f 10/574 8/523 40/174 41/141 
f 20/443 18/230 45/524 46/29 
f 30/31 28/868 50/416 51/227 
f 6/173 4/444 37/280 39/228 
f 16/631 14/556 43/245 44/435 
f 26/353 24/649 48/87 49/679 
f 36/65 34/382 53/522 54/442 
f 55/467 56/277 72/714 71/581 70/604 69/144 68/325 67/193 66/624 65/567 64/519 63/867 62/553 61/575 60/326 59/74 58/500 57/383 
f 69/48 70/866 106/278 105/838 
f 56/384 55/301 91/220 92/33 
f 47/652 46/106 82/501 83/573 
f 68/385 69/48 105/838 104/34 
f 46/106 45/35 81/199 82/501 
f 67/36 68/576 104/99 103/302 
f 45/35 44/603 80/327 81/199 
f 66/303 67/36 103/302 102/201 
f 44/603 43/346 79/37 80/327 
f 65/630 66/303 102/201 101/750 
f 43/346 42/779 78/177 79/37 
f 64/715 65/630 101/750 100/200 
f 42/779 41/428 77/281 78/177 
f 63/577 64/715 100/200 99/38 
f 38/554 54/337 90/140 74/117 
f 41/428 40/39 76/40 77/281 
f 62/441 63/577 99/38 98/783 
f 55/301 57/438 93/774 91/220 
f 70/866 71/113 107/229 106/278 
f 49/102 48/651 84/661 85/557 
f 57/438 58/114 94/225 93/774 
f 71/113 72/41 108/809 107/229 
f 50/120 49/102 85/557 86/626 
f 58/114 59/717 95/175 94/225 
f 72/41 56/384 92/33 108/809 
f 51/439 50/120 86/626 87/882 
f 59/717 60/378 96/507 95/175 
f 37/623 38/554 74/117 73/194 
f 52/751 51/410 87/107 88/304 
f 60/378 61/780 97/437 96/507 
f 39/632 37/623 73/194 75/839 
f 53/203 52/751 88/304 89/101 
f 61/780 62/441 98/783 97/437 
f 40/39 39/632 75/839 76/40 
f 54/337 53/203 89/101 90/140 
f 111/883 116/75 128/482 122/692 
f 131/341 126/693 123/88 127/585 
f 124/262 130/409 118/76 113/829 
f 125/551 112/422 109/850 121/647 
f 119/424 132/643 129/151 115/338 
f 109/850 110/212 111/728 
f 112/379 113/829 114/683 
f 115/338 116/292 117/851 
f 118/76 119/247 120/781 
f 121/647 122/391 123/88 
f 124/262 125/551 126/693 
f 127/585 128/760 129/151 
f 130/409 131/341 132/643 
f 109/850 112/422 114/393 110/212 
f 113/829 118/76 120/781 114/683 
f 119/424 115/338 117/851 120/202 
f 116/75 111/883 110/305 117/479 
f 118/76 130/409 132/643 119/247 
f 131/341 127/585 129/151 132/643 
f 128/760 116/292 115/338 129/151 
f 130/409 124/262 126/693 131/341 
f 125/551 121/647 123/88 126/693 
f 122/391 128/760 127/585 123/88 
f 124/262 113/829 112/379 125/551 
f 111/728 122/391 121/647 109/850 
f 114/683 120/781 117/479 110/305 
f 277/226 134/342 136/480 278/32 
f 278/32 136/480 138/795 279/205 
f 279/205 138/795 140/483 280/204 
f 280/204 140/483 142/627 281/411 
f 281/411 142/627 144/139 282/748 
f 282/748 144/139 146/601 283/646 
f 283/836 146/340 148/550 284/711 
f 284/711 148/550 150/884 285/171 
f 285/171 150/884 152/279 286/555 
f 286/555 152/279 154/506 287/401 
f 287/401 154/506 156/178 288/568 
f 288/568 156/178 158/100 289/339 
f 289/339 158/100 160/558 290/776 
f 290/776 160/558 162/775 291/306 
f 291/306 162/775 164/677 292/282 
f 393/466 397/366 336/104 337/145 
f 320/662 407/518 426/712 421/521 
f 394/377 403/300 329/810 332/599 
f 324/381 319/885 420/681 414/572 
f 410/720 396/103 334/12 341/13 
f 397/366 407/518 320/662 336/104 
f 295/628 176/504 178/108 296/578 
f 144/307 142/367 185/614 186/223 
f 296/578 178/108 180/133 297/678 
f 297/678 180/133 134/342 277/226 
f 153/835 155/505 710/967 715/972 
f 198/440 197/206 221/625 222/648 
f 154/414 152/586 190/822 191/259 
f 164/89 162/640 195/697 196/360 
f 174/343 172/397 200/855 201/344 
f 140/486 138/172 183/157 184/484 
f 150/260 148/261 188/485 189/696 
f 136/579 134/246 182/196 181/413 
f 160/198 158/729 193/314 194/641 
f 170/503 168/207 198/440 199/489 
f 180/345 178/488 203/158 204/481 
f 146/263 144/307 186/223 187/580 
f 156/691 154/414 191/259 192/821 
f 166/819 164/89 196/360 197/206 
f 176/856 174/343 201/344 202/329 
f 142/367 140/486 184/484 185/614 
f 152/586 150/260 189/696 190/822 
f 162/640 160/198 194/641 195/697 
f 172/397 170/503 199/489 200/855 
f 134/246 180/345 204/481 182/196 
f 138/172 136/579 181/413 183/157 
f 148/261 146/263 187/580 188/485 
f 158/729 156/691 192/821 193/314 
f 168/207 166/819 197/206 198/440 
f 178/488 176/856 202/329 203/158 
f 211/695 210/796 234/716 235/487 
f 191/259 190/822 214/694 215/820 
f 184/484 183/157 207/159 208/184 
f 199/489 198/440 222/648 223/319 
f 192/821 191/259 215/820 216/248 
f 185/614 184/484 208/184 209/368 
f 200/855 199/489 223/319 224/308 
f 193/314 192/821 216/248 217/398 
f 186/223 185/614 209/368 210/796 
f 201/344 200/855 224/308 225/667 
f 194/641 193/314 217/398 218/698 
f 187/580 186/223 210/796 211/695 
f 202/329 201/344 225/667 226/14 
f 195/697 194/641 218/698 219/361 
f 188/485 187/580 211/695 212/147 
f 203/158 202/329 226/14 227/492 
f 196/360 195/697 219/361 220/823 
f 189/696 188/485 212/147 213/812 
f 204/481 203/158 227/492 228/293 
f 181/413 182/196 206/215 205/857 
f 197/206 196/360 220/823 221/625 
f 190/822 189/696 213/812 214/694 
f 182/196 204/481 228/293 206/215 
f 183/157 181/413 205/857 207/159 
f 239/456 238/886 262/684 263/797 
f 226/14 225/667 249/160 250/148 
f 219/361 218/698 242/94 243/50 
f 212/147 211/695 235/487 236/699 
f 227/492 226/14 250/148 251/798 
f 220/823 219/361 243/50 244/264 
f 213/812 212/147 236/699 237/668 
f 228/293 227/492 251/798 252/653 
f 205/857 206/215 230/269 229/128 
f 221/625 220/823 244/264 245/265 
f 214/694 213/812 237/668 238/417 
f 206/215 228/293 252/653 230/269 
f 207/159 205/857 229/128 231/95 
f 222/648 221/625 245/265 246/266 
f 215/820 214/694 238/417 239/362 
f 208/184 207/159 231/95 232/232 
f 223/319 222/648 246/266 247/700 
f 216/248 215/820 239/362 240/272 
f 209/368 208/184 232/232 233/468 
f 224/308 223/319 247/700 248/841 
f 217/398 216/248 240/272 241/587 
f 210/796 209/368 233/468 234/716 
f 225/667 224/308 248/841 249/160 
f 218/698 217/398 241/587 242/94 
f 256/445 255/674 345/131 346/60 
f 232/10 231/446 255/674 256/445 
f 247/394 246/878 270/164 271/267 
f 240/869 239/456 263/797 264/605 
f 233/800 232/10 256/445 257/121 
f 248/209 247/870 271/871 272/752 
f 241/606 240/869 264/605 265/237 
f 234/858 233/800 257/121 258/475 
f 249/418 248/209 272/752 273/25 
f 242/20 241/606 265/237 266/872 
f 235/547 234/858 258/475 259/405 
f 250/685 249/418 273/25 274/51 
f 243/268 242/20 266/872 267/753 
f 236/354 235/842 259/830 260/330 
f 251/525 250/685 274/51 275/399 
f 244/531 243/268 267/753 268/59 
f 237/784 236/354 260/330 261/161 
f 252/283 251/525 275/399 276/559 
f 229/323 230/127 254/85 253/122 
f 245/78 244/531 268/59 269/477 
f 238/886 237/784 261/161 262/684 
f 230/127 252/283 276/559 254/85 
f 231/446 229/323 253/122 255/674 
f 246/878 245/78 269/477 270/164 
f 317/390 297/678 277/226 318/72 
f 316/863 296/578 297/678 317/390 
f 315/772 295/628 296/578 316/863 
f 314/15 294/754 295/628 315/772 
f 398/79 401/461 322/707 323/607 
f 408/363 395/287 413/701 419/583 
f 406/16 409/432 342/526 335/527 
f 412/755 402/582 321/469 388/462 
f 312/407 292/282 293/569 313/654 
f 311/284 291/306 292/282 312/407 
f 310/541 290/776 291/306 311/284 
f 309/608 289/339 290/776 310/541 
f 308/669 288/568 289/339 309/608 
f 307/448 287/401 288/568 308/669 
f 306/111 286/555 287/401 307/448 
f 305/52 285/171 286/555 306/111 
f 304/818 284/711 285/171 305/52 
f 303/877 283/836 284/711 304/818 
f 302/671 282/748 283/646 303/864 
f 301/249 281/411 282/748 302/671 
f 300/53 280/204 281/411 301/249 
f 299/686 279/205 280/204 300/53 
f 298/702 278/32 279/205 299/686 
f 318/72 277/226 278/32 298/702 
f 387/250 318/72 298/702 367/814 
f 367/814 298/702 299/686 368/470 
f 368/470 299/686 300/53 369/285 
f 369/285 300/53 301/249 370/756 
f 370/756 301/249 302/671 371/331 
f 371/331 302/671 303/864 372/826 
f 372/584 303/877 304/818 373/356 
f 373/356 304/818 305/52 374/332 
f 374/332 305/52 306/111 375/843 
f 375/843 306/111 307/448 376/333 
f 376/333 307/448 308/669 377/622 
f 377/622 308/669 309/608 378/619 
f 378/619 309/608 310/541 379/727 
f 379/727 310/541 311/284 380/817 
f 380/817 311/284 312/407 381/355 
f 381/355 312/407 313/654 382/433 
f 403/300 404/591 326/192 329/810 
f 405/288 406/887 417/844 425/69 
f 330/425 327/309 422/129 416/670 
f 409/432 410/720 341/13 342/526 
f 383/63 314/15 315/772 384/54 
f 384/54 315/772 316/863 385/689 
f 385/689 316/863 317/390 386/560 
f 386/560 317/390 318/72 387/250 
f 336/447 320/471 319/885 337/793 
f 337/793 319/885 324/381 338/216 
f 338/216 324/381 327/309 339/773 
f 339/773 327/309 330/425 340/615 
f 340/615 330/425 333/859 341/659 
f 341/659 333/859 335/595 342/874 
f 331/813 340/615 341/659 334/744 
f 328/17 339/773 340/615 331/813 
f 325/80 338/216 339/773 328/17 
f 321/251 337/793 338/216 325/80 
f 388/588 321/251 325/80 389/45 
f 389/45 325/80 328/17 390/24 
f 390/24 328/17 331/813 391/430 
f 391/430 331/813 334/744 392/364 
f 404/591 398/79 323/607 326/192 
f 411/815 394/873 332/737 392/26 
f 407/62 408/363 419/583 426/767 
f 402/582 393/466 337/145 321/469 
f 271/267 270/164 360/802 361/594 
f 264/605 263/797 353/320 354/270 
f 257/121 256/445 346/60 347/496 
f 272/752 271/871 361/22 362/235 
f 265/237 264/605 354/270 355/357 
f 258/475 257/121 347/496 348/55 
f 273/25 272/752 362/235 363/593 
f 266/872 265/237 355/357 356/404 
f 259/405 258/475 348/55 349/673 
f 274/51 273/25 363/593 364/7 
f 267/753 266/872 356/404 357/185 
f 260/330 259/830 349/564 350/186 
f 275/399 274/51 364/7 365/252 
f 268/59 267/753 357/185 358/358 
f 261/161 260/330 350/186 351/785 
f 276/559 275/399 365/252 366/888 
f 253/122 254/85 344/449 343/47 
f 269/477 268/59 358/358 359/274 
f 262/684 261/161 351/785 352/472 
f 254/85 276/559 366/888 344/449 
f 255/674 253/122 343/47 345/131 
f 270/164 269/477 359/274 360/802 
f 263/797 262/684 352/472 353/320 
f 396/103 411/815 392/26 334/12 
f 329/763 391/430 392/364 332/213 
f 326/730 390/24 391/430 329/763 
f 323/764 389/45 390/24 326/730 
f 322/611 388/588 389/45 323/764 
f 179/18 386/560 387/250 133/290 
f 177/833 385/689 386/560 179/18 
f 175/473 384/54 385/689 177/833 
f 173/612 383/63 384/54 175/473 
f 163/191 381/355 382/433 165/271 
f 161/291 380/817 381/355 163/191 
f 159/618 379/727 380/817 161/291 
f 157/167 378/619 379/727 159/618 
f 155/710 377/622 378/619 157/167 
f 153/240 376/333 377/622 155/710 
f 151/56 375/843 376/333 153/240 
f 149/81 374/332 375/843 151/56 
f 147/537 373/356 374/332 149/81 
f 145/688 372/584 373/356 147/537 
f 143/759 371/331 372/826 145/726 
f 141/687 370/756 371/331 143/759 
f 139/892 369/285 370/756 141/687 
f 137/894 368/470 369/285 139/892 
f 135/533 367/814 368/470 137/894 
f 133/290 387/250 367/814 135/533 
f 401/374 412/755 388/462 322/513 
f 165/271 382/433 412/755 401/374 
f 314/15 383/63 411/815 396/103 
f 313/654 293/569 393/466 402/582 
f 168/207 170/503 399/453 395/287 
f 383/63 173/612 394/873 411/815 
f 169/105 167/808 398/79 404/591 
f 295/628 294/754 410/720 409/432 
f 164/89 166/819 408/363 407/62 
f 174/343 176/856 406/887 405/288 
f 171/146 169/105 404/591 403/300 
f 382/433 313/654 402/582 412/755 
f 176/504 295/628 409/432 406/16 
f 170/503 172/397 400/490 399/453 
f 167/808 165/396 401/461 398/79 
f 292/282 164/677 407/518 397/366 
f 294/754 314/15 396/103 410/720 
f 166/819 168/207 395/287 408/363 
f 173/629 171/146 403/300 394/377 
f 172/397 174/343 405/288 400/490 
f 293/569 292/282 397/366 393/466 
f 395/287 399/453 424/109 413/701 
f 333/859 330/425 416/670 423/166 
f 400/490 405/288 425/69 415/735 
f 327/309 324/381 414/572 422/129 
f 399/453 400/490 415/735 424/109 
f 335/595 333/859 423/166 418/66 
f 406/16 335/527 418/655 417/162 
f 319/885 320/471 421/491 420/681 
f 432/596 451/791 431/493 
f 437/509 451/791 436/429 
f 442/512 451/791 441/897 
f 447/19 451/791 446/5 
f 430/854 451/791 429/163 
f 435/347 451/791 434/420 
f 428/275 451/791 427/741 
f 440/617 451/791 439/452 
f 445/458 451/791 444/8 
f 450/258 451/791 449/67 
f 433/879 451/791 432/596 
f 438/893 451/791 437/509 
f 443/375 451/791 442/512 
f 448/90 451/791 447/19 
f 431/493 451/791 430/854 
f 436/429 451/791 435/347 
f 441/897 451/791 440/617 
f 446/5 451/791 445/458 
f 427/741 451/791 450/258 
f 429/163 451/791 428/275 
f 434/420 451/791 433/879 
f 439/452 451/791 438/893 
f 444/8 451/791 443/375 
f 449/67 451/791 448/90 
f 444/8 452/804 453/703 445/458 
f 442/512 457/790 458/746 443/375 
f 447/19 455/538 456/899 448/90 
f 445/458 453/703 454/862 446/5 
f 443/375 458/746 452/804 444/8 
f 446/5 454/862 455/538 447/19 
f 492/273 491/824 483/532 
f 494/3 493/4 483/532 
f 496/321 495/565 483/532 
f 498/825 497/454 483/532 
f 500/152 499/423 483/532 
f 502/636 501/704 483/532 
f 504/110 503/153 483/532 
f 506/27 505/253 483/532 
f 508/187 507/317 483/532 
f 510/535 509/365 483/532 
f 511/2 492/273 483/532 
f 512/403 494/3 483/532 
f 513/238 496/321 483/532 
f 514/165 498/825 483/532 
f 491/824 500/152 483/532 
f 493/4 502/636 483/532 
f 495/565 506/27 483/532 
f 497/454 508/187 483/532 
f 503/153 510/535 483/532 
f 499/423 504/110 483/532 
f 501/704 511/2 483/532 
f 505/253 512/403 483/532 
f 507/317 513/238 483/532 
f 509/365 514/165 483/532 
f 476/257 477/126 484/515 487/369 
f 474/254 475/190 490/474 486/82 
f 479/827 480/536 489/315 485/313 
f 477/126 478/168 488/322 484/515 
f 475/190 476/257 487/369 490/474 
f 478/168 479/827 485/313 488/322 
f 431/373 430/426 462/210 463/134 
f 432/761 431/373 463/134 464/324 
f 433/721 432/761 464/324 465/138 
f 434/463 433/880 465/766 466/123 
f 457/731 442/370 474/705 486/732 
f 435/189 434/463 466/123 467/70 
f 449/371 448/61 480/154 481/71 
f 436/758 435/189 467/70 468/794 
f 450/528 449/371 481/71 482/112 
f 437/392 436/758 468/794 469/294 
f 427/221 450/528 482/112 460/828 
f 448/61 456/733 489/734 480/154 
f 438/724 437/392 469/294 470/799 
f 439/130 438/724 470/799 471/616 
f 440/895 439/130 471/616 472/289 
f 441/239 440/895 472/289 473/725 
f 428/706 427/221 460/828 459/427 
f 442/370 441/239 473/725 474/705 
f 429/539 428/706 459/427 461/889 
f 430/426 429/539 461/889 462/210 
f 481/348 480/536 514/165 509/365 
f 476/257 475/190 513/238 507/317 
f 471/739 470/543 512/403 505/253 
f 466/787 465/638 511/2 501/704 
f 461/316 459/589 504/110 499/423 
f 460/395 482/881 510/535 503/153 
f 478/168 477/126 508/187 497/454 
f 473/610 472/455 506/27 495/565 
f 468/540 467/831 502/636 493/4 
f 463/155 462/762 500/152 491/824 
f 480/536 479/827 498/825 514/165 
f 475/190 474/254 496/321 513/238 
f 470/543 469/43 494/3 512/403 
f 465/638 464/768 492/273 511/2 
f 482/881 481/348 509/365 510/535 
f 477/126 476/257 507/317 508/187 
f 472/455 471/739 505/253 506/27 
f 459/589 460/395 503/153 504/110 
f 467/831 466/787 501/704 502/636 
f 462/762 461/316 499/423 500/152 
f 479/827 478/168 497/454 498/825 
f 474/254 473/610 495/565 496/321 
f 469/43 468/540 493/4 494/3 
f 464/768 463/155 491/824 492/273 
f 520/57 544/597 543/876 519/494 
f 525/137 549/561 548/431 524/757 
f 530/633 554/592 553/297 529/497 
f 535/64 559/208 558/875 534/387 
f 518/853 542/745 541/478 517/73 
f 523/516 547/310 546/459 522/400 
f 516/548 539/93 540/6 515/852 
f 528/255 552/211 551/150 527/241 
f 533/722 557/738 556/788 532/896 
f 538/286 562/890 561/723 537/816 
f 521/451 545/634 544/597 520/57 
f 526/742 550/135 549/561 525/137 
f 531/83 555/23 554/592 530/633 
f 536/690 560/318 559/208 535/64 
f 519/494 543/876 542/745 518/853 
f 524/757 548/431 547/310 523/516 
f 529/497 553/297 552/211 528/255 
f 534/387 558/875 557/738 533/722 
f 515/852 540/6 562/890 538/286 
f 517/73 541/478 539/93 516/548 
f 522/400 546/459 545/634 521/451 
f 527/241 551/150 550/135 526/742 
f 532/896 556/788 555/23 531/83 
f 537/816 561/723 560/318 536/690 
f 532/896 563/498 564/891 533/722 
f 530/633 568/675 569/562 531/83 
f 535/64 566/124 567/242 536/690 
f 533/722 564/891 565/765 534/387 
f 531/83 569/562 563/498 532/896 
f 534/387 565/765 566/124 535/64 
f 626/402 625/406 598/834 599/243 
f 628/657 627/460 603/11 604/660 
f 630/534 629/563 608/96 609/298 
f 632/188 631/359 613/642 614/545 
f 634/789 633/457 596/865 597/639 
f 636/769 635/849 601/311 602/236 
f 638/1 637/510 595/84 594/571 
f 640/68 639/542 606/388 607/609 
f 642/771 641/860 611/786 612/181 
f 644/419 643/566 616/44 617/845 
f 645/529 626/402 599/243 600/408 
f 646/620 628/657 604/660 605/801 
f 647/335 630/534 609/298 610/672 
f 648/295 632/188 614/545 615/832 
f 625/406 634/789 597/639 598/834 
f 627/460 636/769 602/236 603/11 
f 629/563 640/68 607/609 608/96 
f 631/359 642/771 612/181 613/642 
f 637/510 644/419 617/845 595/84 
f 633/457 638/1 594/571 596/865 
f 635/849 645/529 600/408 601/311 
f 639/542 646/620 605/801 606/388 
f 641/860 647/335 610/672 611/786 
f 643/566 648/295 615/832 616/44 
f 587/846 588/590 618/21 621/495 
f 585/256 586/736 624/136 620/350 
f 590/658 591/635 623/803 619/214 
f 588/590 589/376 622/180 618/21 
f 586/736 587/846 621/495 624/136 
f 589/376 590/658 619/214 622/180 
f 558/875 559/208 614/545 613/642 
f 519/464 518/792 573/708 574/436 
f 545/634 546/459 601/311 600/408 
f 566/124 565/765 622/180 619/214 
f 559/208 560/318 615/832 614/545 
f 520/847 519/464 574/436 575/621 
f 546/459 547/310 602/236 601/311 
f 560/318 561/723 616/44 615/832 
f 521/848 520/847 575/621 576/296 
f 547/310 548/431 603/11 602/236 
f 561/723 562/890 617/845 616/44 
f 522/421 521/848 576/296 577/58 
f 548/431 549/561 604/660 603/11 
f 562/890 540/6 595/84 617/845 
f 568/675 530/149 585/450 620/350 
f 523/86 522/421 577/58 578/132 
f 549/561 550/135 605/801 604/660 
f 537/9 536/351 591/743 592/312 
f 524/156 523/86 578/132 579/125 
f 550/135 551/150 606/388 605/801 
f 538/98 537/9 592/312 593/656 
f 525/334 524/156 579/125 580/218 
f 551/150 552/211 607/609 606/388 
f 515/372 538/98 593/656 571/222 
f 536/351 567/242 623/803 591/743 
f 526/349 525/334 580/218 581/91 
f 552/211 553/297 608/96 607/609 
f 540/6 539/93 594/571 595/84 
f 527/861 526/349 581/91 582/42 
f 553/297 554/592 609/298 608/96 
f 539/93 541/478 596/865 594/571 
f 564/891 563/498 621/495 618/21 
f 528/770 527/861 582/42 583/336 
f 554/592 555/23 610/672 609/298 
f 541/478 542/745 597/639 596/865 
f 569/562 568/675 620/350 624/136 
f 529/676 528/770 583/336 584/244 
f 555/23 556/788 611/786 610/672 
f 516/46 515/372 571/222 570/182 
f 542/745 543/876 598/834 597/639 
f 567/242 566/124 619/214 623/803 
f 530/149 529/676 584/244 585/450 
f 556/788 557/738 612/181 611/786 
f 517/97 516/46 570/182 572/598 
f 543/876 544/597 599/243 598/834 
f 565/765 564/891 618/21 622/180 
f 557/738 558/875 613/642 612/181 
f 518/792 517/97 572/598 573/708 
f 544/597 545/634 600/408 599/243 
f 563/498 569/562 624/136 621/495 
f 592/389 591/635 648/295 643/566 
f 587/846 586/736 647/335 641/860 
f 582/570 581/530 646/620 639/542 
f 577/898 576/613 645/529 635/849 
f 572/233 570/805 638/1 633/457 
f 571/544 593/183 644/419 637/510 
f 589/376 588/590 642/771 631/359 
f 584/806 583/517 640/68 629/563 
f 579/169 578/514 636/769 627/460 
f 574/92 573/476 634/789 625/406 
f 591/635 590/658 632/188 648/295 
f 586/736 585/256 630/534 647/335 
f 581/530 580/511 628/657 646/620 
f 576/613 575/234 626/402 645/529 
f 593/183 592/389 643/566 644/419 
f 588/590 587/846 641/860 642/771 
f 583/517 582/570 639/542 640/68 
f 570/805 571/544 637/510 638/1 
f 578/514 577/898 635/849 636/769 
f 573/476 572/233 633/457 634/789 
f 590/658 589/376 631/359 632/188 
f 585/256 584/806 629/563 630/534 
f 580/511 579/169 627/460 628/657 
f 575/234 574/92 625/406 626/402 
f 677/932 676/931 651/901 652/902 
f 674/929 675/930 650/903 649/904 
f 675/930 697/954 672/905 650/903 
f 697/954 696/953 671/906 672/905 
f 696/953 695/952 670/907 671/906 
f 695/952 694/951 669/908 670/907 
f 694/951 693/950 668/909 669/908 
f 693/950 692/948 667/910 668/909 
f 692/949 691/947 666/911 667/912 
f 691/947 690/946 665/913 666/911 
f 690/946 689/945 664/914 665/913 
f 689/945 688/944 663/915 664/914 
f 688/944 687/943 662/916 663/915 
f 687/943 686/942 661/917 662/916 
f 686/942 685/941 660/918 661/917 
f 685/941 684/940 659/919 660/918 
f 684/940 683/939 658/920 659/919 
f 683/939 682/938 657/921 658/920 
f 682/938 681/937 656/922 657/921 
f 681/937 680/935 655/923 656/922 
f 680/936 679/934 654/924 655/925 
f 679/934 678/933 653/926 654/924 
f 678/933 677/932 652/902 653/926 
f 676/931 674/929 649/904 651/901 
f 652/902 651/901 673/927 
f 649/904 650/903 673/927 
f 650/903 672/905 673/927 
f 672/905 671/906 673/927 
f 671/906 670/907 673/927 
f 670/907 669/908 673/927 
f 669/908 668/909 673/927 
f 668/909 667/910 673/927 
f 667/912 666/911 673/928 
f 666/911 665/913 673/928 
f 665/913 664/914 673/928 
f 664/914 663/915 673/928 
f 663/915 662/916 673/928 
f 662/916 661/917 673/928 
f 661/917 660/918 673/928 
f 660/918 659/919 673/928 
f 659/919 658/920 673/928 
f 658/920 657/921 673/928 
f 657/921 656/922 673/928 
f 656/922 655/923 673/928 
f 655/925 654/924 673/927 
f 654/924 653/926 673/927 
f 653/926 652/902 673/927 
f 651/901 649/904 673/927 
f 345/131 676/931 677/932 346/60 
f 344/449 675/930 674/929 343/47 
f 366/888 697/954 675/930 344/449 
f 365/252 696/953 697/954 366/888 
f 364/7 695/952 696/953 365/252 
f 363/593 694/951 695/952 364/7 
f 362/235 693/950 694/951 363/593 
f 361/22 692/948 693/950 362/235 
f 360/802 691/947 692/949 361/594 
f 359/274 690/946 691/947 360/802 
f 358/358 689/945 690/946 359/274 
f 357/185 688/944 689/945 358/358 
f 356/404 687/943 688/944 357/185 
f 355/357 686/942 687/943 356/404 
f 354/270 685/941 686/942 355/357 
f 353/320 684/940 685/941 354/270 
f 352/472 683/939 684/940 353/320 
f 351/785 682/938 683/939 352/472 
f 350/186 681/937 682/938 351/785 
f 349/564 680/935 681/937 350/186 
f 348/55 679/934 680/936 349/673 
f 347/496 678/933 679/934 348/55 
f 346/60 677/932 678/933 347/496 
f 343/47 674/929 676/931 345/131 
f 163/77 165/396 167/808 702/959 
f 169/105 171/146 700/957 698/955 
f 714/971 711/968 712/969 713/970 
f 159/434 161/740 704/961 709/966 
f 708/965 705/962 706/963 707/964 
f 171/146 173/629 175/645 700/957 
f 177/195 179/782 707/964 706/963 
f 135/840 137/119 713/970 712/969 
f 167/808 169/105 698/955 702/959 
f 705/962 708/965 709/966 704/961 
f 711/968 714/971 715/972 710/967 
f 161/740 163/77 702/959 704/961 
f 704/961 702/959 698/955 705/962 
f 705/962 698/955 700/957 706/963 
f 706/963 700/957 175/645 177/195 
f 179/782 133/718 701/958 707/964 
f 707/964 701/958 699/956 708/965 
f 708/965 699/956 703/960 709/966 
f 709/966 703/960 157/231 159/434 
f 155/505 157/231 703/960 710/967 
f 710/967 703/960 699/956 711/968 
f 711/968 699/956 701/958 712/969 
f 712/969 701/958 133/718 135/840 
f 139/502 141/219 143/663 718/975 
f 718/975 143/663 145/49 717/974 
f 717/974 145/49 147/552 716/973 
f 716/973 147/552 149/644 151/179 
f 151/179 153/835 715/972 716/973 
f 716/973 715/972 714/971 717/974 
f 717/974 714/971 713/970 718/975 
f 718/975 713/970 137/119 139/502 
# 625 polygons - 80 triangles

#
# object 2?_??___??
#

v  25.863163 15.219986 13.564968
v  25.863163 15.260167 13.564968
v  25.857000 15.219986 13.599910
v  25.857000 15.260167 13.599910
v  25.839258 15.219986 13.630637
v  25.839258 15.260167 13.630637
v  25.812080 15.219986 13.653446
v  25.812080 15.260167 13.653446
v  25.778736 15.219986 13.665584
v  25.778736 15.260167 13.665584
v  25.743256 15.219986 13.665584
v  25.743256 15.260167 13.665584
v  25.709915 15.219986 13.653446
v  25.709915 15.260167 13.653446
v  25.682732 15.219986 13.630637
v  25.682732 15.260167 13.630637
v  25.664993 15.219986 13.599910
v  25.664993 15.260167 13.599910
v  25.658833 15.219986 13.564968
v  25.658833 15.260167 13.564968
v  25.664993 15.219986 13.530025
v  25.664993 15.260167 13.530025
v  25.682732 15.219986 13.499299
v  25.682732 15.260167 13.499299
v  25.709915 15.219986 13.476490
v  25.709915 15.260167 13.476490
v  25.743256 15.219986 13.464353
v  25.743256 15.260167 13.464353
v  25.778736 15.219986 13.464353
v  25.778736 15.260167 13.464353
v  25.812080 15.219986 13.476490
v  25.812080 15.260167 13.476490
v  25.839258 15.219986 13.499299
v  25.839258 15.260167 13.499299
v  25.857000 15.219986 13.530025
v  25.857000 15.260167 13.530025
v  25.826370 15.260167 13.588761
v  25.830568 15.260167 13.564968
v  25.814291 15.260167 13.609686
v  25.795780 15.260167 13.625217
v  25.773077 15.260167 13.633484
v  25.748913 15.260167 13.633484
v  25.726210 15.260167 13.625217
v  25.707699 15.260167 13.609686
v  25.695620 15.260167 13.588761
v  25.691427 15.260167 13.564968
v  25.695620 15.260167 13.541175
v  25.707699 15.260167 13.520250
v  25.726210 15.260167 13.504719
v  25.748913 15.260167 13.496452
v  25.773077 15.260167 13.496452
v  25.795780 15.260167 13.504719
v  25.814291 15.260167 13.520250
v  25.826370 15.260167 13.541175
v  25.819460 15.262342 13.586246
v  25.823212 15.262342 13.564968
v  25.808655 15.262342 13.604959
v  25.792105 15.262342 13.618844
v  25.771797 15.262342 13.626237
v  25.750193 15.262342 13.626237
v  25.729891 15.262342 13.618844
v  25.713341 15.262342 13.604959
v  25.702536 15.262342 13.586246
v  25.698784 15.262342 13.564968
v  25.702536 15.262342 13.543690
v  25.713341 15.262342 13.524977
v  25.729891 15.262342 13.511092
v  25.750193 15.262342 13.503699
v  25.771797 15.262342 13.503699
v  25.792105 15.262342 13.511092
v  25.808655 15.262342 13.524977
v  25.819460 15.262342 13.543690
v  25.826370 15.218649 13.588761
v  25.830568 15.218649 13.564968
v  25.814291 15.218649 13.609686
v  25.795780 15.218649 13.625217
v  25.773077 15.218649 13.633484
v  25.748913 15.218649 13.633484
v  25.726210 15.218649 13.625217
v  25.707699 15.218649 13.609686
v  25.695620 15.218649 13.588761
v  25.691427 15.218649 13.564968
v  25.695620 15.218649 13.541175
v  25.707699 15.218649 13.520250
v  25.726210 15.218649 13.504719
v  25.748913 15.218649 13.496452
v  25.773077 15.218649 13.496452
v  25.795780 15.218649 13.504719
v  25.814291 15.218649 13.520250
v  25.826370 15.218649 13.541175
v  25.819460 15.216407 13.586246
v  25.823212 15.216407 13.564968
v  25.808655 15.216407 13.604959
v  25.792105 15.216407 13.618844
v  25.771797 15.216407 13.626237
v  25.750193 15.216407 13.626237
v  25.729891 15.216407 13.618844
v  25.713341 15.216407 13.604959
v  25.702536 15.216407 13.586246
v  25.698784 15.216407 13.564968
v  25.702536 15.216407 13.543690
v  25.713341 15.216407 13.524977
v  25.729891 15.216407 13.511092
v  25.750193 15.216407 13.503699
v  25.771797 15.216407 13.503699
v  25.792105 15.216407 13.511092
v  25.808655 15.216407 13.524977
v  25.819460 15.216407 13.543690
v  24.807287 12.989424 13.226564
v  24.914703 12.989424 13.183286
v  24.914703 12.901683 13.252741
v  24.575720 15.156603 13.226564
v  24.683094 15.244345 13.272646
v  24.709217 15.156603 13.183285
v  26.714708 12.989424 13.226564
v  26.607292 12.901683 13.252741
v  26.607292 12.989424 13.183286
v  26.838902 15.244345 13.272646
v  26.946274 15.156603 13.226569
v  26.812778 15.156603 13.183286
v  24.872639 12.989424 13.908553
v  24.972692 12.901683 13.882380
v  24.972692 12.989424 13.951837
v  24.756954 15.244345 13.862475
v  24.656939 15.156603 13.908553
v  24.781286 15.156603 13.951837
v  26.549301 12.989424 13.951837
v  26.549301 12.901683 13.882381
v  26.649357 12.989424 13.908553
v  26.765041 15.244345 13.862475
v  26.740709 15.156603 13.951837
v  26.865057 15.156603 13.908553
v  26.623060 10.597427 15.643881
v  26.869694 12.846386 15.643881
v  26.593658 10.597427 15.934628
v  26.831884 12.846386 16.017721
v  26.507448 10.597427 16.205557
v  26.721037 12.846386 16.366081
v  26.370306 10.597427 16.438211
v  26.544699 12.846386 16.665226
v  26.191580 10.597427 16.616730
v  26.314894 12.846386 16.894766
v  25.983444 10.597427 16.728954
v  26.047277 12.846386 17.039063
v  25.760092 10.597427 16.767233
v  25.760092 12.846386 17.088282
v  25.536741 10.597427 16.728954
v  25.472908 12.846386 17.039063
v  25.328611 10.597427 16.616730
v  25.205292 12.846386 16.894766
v  25.149883 10.597427 16.438211
v  24.975487 12.846386 16.665226
v  25.012741 10.597427 16.205557
v  24.799152 12.846386 16.366081
v  24.926527 10.597427 15.934628
v  24.688301 12.846386 16.017721
v  24.897123 10.597427 15.643881
v  24.650490 12.846386 15.643881
v  24.926527 10.597427 15.353135
v  24.688301 12.846386 15.270041
v  25.012741 10.597427 15.082206
v  24.799149 12.846386 14.921680
v  25.149879 10.597427 14.849550
v  24.975487 12.846386 14.622536
v  25.328606 10.597427 14.282693
v  25.205292 12.846386 14.392996
v  25.536741 10.597427 14.170470
v  25.472908 12.846386 14.248700
v  25.760094 10.597427 14.132192
v  25.760092 12.846386 14.199480
v  25.983444 10.597427 14.170470
v  26.047277 12.846386 14.248700
v  26.191580 10.597427 14.282693
v  26.314894 12.846386 14.392996
v  26.370306 10.597427 14.849550
v  26.544699 12.846386 14.622536
v  26.507448 10.597427 15.082206
v  26.721037 12.846386 14.921680
v  26.593658 10.597427 15.353135
v  26.831884 12.846386 15.270041
v  26.670816 12.846386 15.961536
v  26.702942 12.846386 15.643881
v  26.576622 12.846386 16.257547
v  26.426786 12.846386 16.511732
v  26.231518 12.846386 16.706779
v  26.004118 12.846386 16.829393
v  25.760092 12.846386 16.871210
v  25.516068 12.846386 16.829393
v  25.288668 12.846386 16.706779
v  25.093399 12.846386 16.511738
v  24.943563 12.846386 16.257547
v  24.849375 12.846386 15.961536
v  24.817244 12.846386 15.643881
v  24.849375 12.846386 15.326225
v  24.943563 12.846386 15.030214
v  25.093399 12.846386 14.776025
v  25.288668 12.846386 14.580982
v  25.516068 12.846386 14.458369
v  25.760092 12.846386 14.416552
v  26.004118 12.846386 14.458369
v  26.231518 12.846386 14.580982
v  26.426786 12.846386 14.776025
v  26.576622 12.846386 15.030214
v  26.670816 12.846386 15.326221
v  26.670816 12.619226 15.961536
v  26.702942 12.619226 15.643881
v  26.576622 12.619226 16.257547
v  26.426786 12.619226 16.511732
v  26.231518 12.619226 16.706779
v  26.004118 12.619226 16.829393
v  25.760092 12.619226 16.871210
v  25.516068 12.619226 16.829393
v  25.288668 12.619226 16.706779
v  25.093399 12.619226 16.511738
v  24.943563 12.619226 16.257547
v  24.849375 12.619226 15.961536
v  24.817244 12.619226 15.643881
v  24.849375 12.619226 15.326225
v  24.943563 12.619226 15.030214
v  25.093399 12.619226 14.776025
v  25.288668 12.619226 14.580982
v  25.516068 12.619226 14.458369
v  25.760092 12.619226 14.416552
v  26.004118 12.619226 14.458369
v  26.231518 12.619226 14.580982
v  26.426786 12.619226 14.776025
v  26.576622 12.619226 15.030214
v  26.670816 12.619226 15.326221
v  26.775417 12.644126 15.998023
v  26.811234 12.644126 15.643881
v  26.670410 12.644126 16.328032
v  26.503361 12.644126 16.611416
v  26.285662 12.644126 16.828863
v  26.032148 12.644126 16.965555
v  25.760092 12.644126 17.012178
v  25.488037 12.644126 16.965559
v  25.234522 12.644126 16.828863
v  25.016825 12.644126 16.611416
v  24.849779 12.644126 16.328032
v  24.744768 12.644126 15.998023
v  24.708952 12.644126 15.643881
v  24.744768 12.644126 15.289739
v  24.849775 12.644126 14.959730
v  25.016825 12.644126 14.676345
v  25.234522 12.644126 14.458899
v  25.488037 12.644126 14.322203
v  25.760092 12.644126 14.275583
v  26.032148 12.644126 14.322203
v  26.285664 12.644126 14.458899
v  26.503361 12.644126 14.676346
v  26.670410 12.644126 14.959730
v  26.775417 12.644126 15.289739
v  26.328730 11.959124 15.842221
v  26.348785 11.959124 15.643881
v  26.269915 11.959124 16.027042
v  26.176361 11.959124 16.185749
v  26.054441 11.959124 16.307531
v  25.912457 11.959124 16.384089
v  25.760092 11.959124 16.410198
v  25.607727 11.959124 16.384089
v  25.465744 11.959124 16.307531
v  25.343824 11.959124 16.185749
v  25.250271 11.959124 16.027042
v  25.191460 11.959124 15.842221
v  25.171400 11.959124 15.643881
v  25.191460 11.959124 15.445541
v  25.250271 11.959124 15.260719
v  25.343824 11.959124 15.102014
v  25.465744 11.959124 14.980230
v  25.607729 11.959124 14.903673
v  25.760092 11.959124 14.877563
v  25.912457 11.959124 14.903673
v  26.054441 11.959124 14.980227
v  26.176361 11.959124 15.102009
v  26.269915 11.959124 15.260720
v  26.328730 11.959124 15.445541
v  26.869694 12.588384 15.643881
v  26.831884 12.588384 16.017721
v  26.721037 12.588384 16.366081
v  26.544699 12.588384 16.665226
v  26.314894 12.588384 16.894766
v  26.047277 12.588384 17.039063
v  25.760092 12.588384 17.088282
v  25.472908 12.588384 17.039063
v  25.205292 12.588384 16.894766
v  24.975487 12.588384 16.665226
v  24.799152 12.588384 16.366081
v  24.688301 12.588384 16.017721
v  24.650490 12.588384 15.643881
v  24.688301 12.588384 15.270041
v  24.799149 12.588384 14.921680
v  24.975487 12.588384 14.622536
v  25.205292 12.588384 14.392996
v  26.314894 12.588384 14.392996
v  26.544699 12.588384 14.622536
v  26.721037 12.588384 14.921680
v  26.831884 12.588384 15.270041
v  26.379570 11.963951 15.861557
v  26.315502 11.963951 16.062902
v  26.213581 11.963951 16.235804
v  26.080759 11.963951 16.368479
v  25.926083 11.963951 16.451876
v  25.760092 11.963952 16.480322
v  25.594103 11.963951 16.451876
v  25.439426 11.963951 16.368479
v  25.306604 11.963951 16.235802
v  25.204683 11.963951 16.062902
v  25.140615 11.963951 15.861557
v  25.118763 11.963951 15.645483
v  25.140615 11.963951 15.429414
v  25.204683 11.963951 15.228064
v  25.306604 11.963951 15.055163
v  25.395935 11.963951 14.347179
v  26.124250 11.963951 14.347179
v  26.213581 11.963951 15.055163
v  26.315502 11.963951 15.228065
v  26.379570 11.963951 15.429414
v  26.401426 11.963951 15.645483
v  25.205292 12.848773 13.391657
v  24.975487 12.848773 13.412343
v  25.395935 11.966344 13.606680
v  25.328606 10.599820 13.403618
v  25.536741 10.599820 13.291395
v  25.472908 12.848773 13.369625
v  25.571590 11.966344 13.511966
v  25.760094 10.599820 13.253117
v  25.760094 12.848773 13.357311
v  25.760094 11.966344 13.479663
v  25.983444 10.599820 13.291395
v  26.047277 12.848773 13.369625
v  25.948595 11.966344 13.511966
v  26.191574 10.599820 13.403618
v  26.314894 12.848773 13.391657
v  26.124250 11.966344 13.606681
v  26.544699 12.848773 13.412344
v  24.975487 12.590775 13.412343
v  25.205292 12.590775 13.391657
v  25.472908 12.590775 13.369625
v  25.760094 12.590775 13.357311
v  26.047277 12.590775 13.369625
v  26.314894 12.590775 13.391657
v  26.544699 12.590775 13.412344
v  26.074364 11.212300 15.911475
v  26.085381 11.212105 15.801898
v  26.041906 11.212443 16.013620
v  25.990213 11.212533 16.101360
v  25.922823 11.212578 16.168692
v  25.844328 11.212596 16.211020
v  25.760092 11.212600 16.225458
v  25.675858 11.212596 16.211020
v  25.597366 11.212578 16.168692
v  25.529976 11.212533 16.101360
v  25.478283 11.212443 16.013620
v  25.445822 11.212300 15.911475
v  25.434805 11.212105 15.801898
v  25.445967 11.211874 15.692384
v  25.478531 11.211634 15.590389
v  25.530254 11.211413 15.502855
v  25.597603 11.211239 15.435719
v  25.675993 11.211126 15.393531
v  25.760092 11.211087 15.379147
v  25.844193 11.211126 15.393531
v  25.922586 11.211239 15.435719
v  25.989935 11.211413 15.502855
v  26.041658 11.211634 15.590389
v  26.074219 11.211874 15.692379
v  26.433601 11.240251 15.909347
v  26.363941 11.240251 16.128254
v  26.253136 11.240251 16.316235
v  26.108723 11.240251 16.460474
v  25.940557 11.240251 16.551149
v  25.760092 11.240251 16.582075
v  25.579626 11.240251 16.551149
v  25.411461 11.240251 16.460474
v  25.267056 11.240251 16.316235
v  25.156244 11.240251 16.128254
v  25.086590 11.240251 15.909347
v  25.062832 11.240251 15.674432
v  25.086590 11.240251 15.439512
v  25.156244 11.240251 15.220605
v  25.316336 11.240251 14.943850
v  25.359488 11.240251 14.312268
v  26.160702 11.240251 14.312263
v  26.203848 11.240251 14.943850
v  26.363941 11.240251 15.220605
v  26.433601 11.240251 15.439512
v  26.457359 11.240251 15.674432
v  25.359484 11.242642 13.609854
v  25.552723 11.242642 13.505659
v  25.760094 11.242642 13.470121
v  25.967464 11.242642 13.505659
v  26.160698 11.242642 13.609854
v  25.205292 12.589707 13.838338
v  26.191580 10.598752 13.795756
v  25.472908 12.847710 13.761764
v  26.124250 11.965276 13.937003
v  24.975487 12.589707 13.749619
v  25.536741 10.598752 13.683534
v  25.760094 12.847710 13.762748
v  26.047277 12.847710 13.761764
v  25.328606 10.598752 13.795756
v  25.395935 11.965276 13.937002
v  25.983444 10.598752 13.683534
v  25.760094 10.598752 13.645259
v  26.314894 12.847710 13.744012
v  26.544699 12.847710 13.738318
v  24.975487 12.847710 13.738318
v  25.205292 12.847710 13.744012
v  26.544699 12.589707 13.749616
v  26.314894 12.589707 13.838338
v  26.160698 11.241574 13.923188
v  25.359484 11.241574 13.923188
v  25.483137 12.983112 13.721481
v  25.483137 12.984106 13.412141
v  26.037048 12.983112 13.721481
v  26.037048 12.984106 13.412141
v  26.516748 12.983112 13.702984
v  26.516748 12.984106 13.445838
v  25.225056 12.983112 13.707477
v  25.225056 12.984106 13.429521
v  25.003433 12.984106 13.445843
v  25.760094 12.984106 13.402427
v  26.295130 12.984106 13.429522
v  25.760094 12.983112 13.722258
v  26.295130 12.983112 13.707477
v  25.003433 12.983112 13.702984
v  26.922817 14.488164 14.093630
v  26.883196 14.878492 14.060485
v  26.767040 15.242226 14.029599
v  26.582262 15.554564 14.003078
v  26.341455 15.794231 13.982727
v  26.061031 15.944897 13.969936
v  25.760094 15.996283 13.965571
v  25.459160 15.944897 13.969936
v  25.178730 15.794231 13.982727
v  24.937923 15.554567 14.003078
v  24.753145 15.242226 14.029598
v  24.636990 14.878497 14.060485
v  24.597370 14.488164 14.093630
v  24.636990 14.097836 14.126772
v  24.753145 13.734107 14.157658
v  24.937923 13.421765 14.184178
v  25.205292 13.249969 14.198761
v  25.472908 13.106193 14.210969
v  25.760092 13.057150 14.215135
v  26.047277 13.106193 14.210969
v  26.314894 13.249969 14.198761
v  26.582262 13.421765 14.184178
v  26.767040 13.734107 14.157658
v  26.883196 14.097836 14.126772
v  25.760094 14.544349 14.026461
v  25.472908 12.892542 14.226805
v  25.760092 12.893517 14.226721
v  26.047277 12.892542 14.226805
v  26.314894 12.891368 14.225167
v  26.582262 12.894626 14.223177
v  24.937923 12.894629 14.223177
v  25.205292 12.891368 14.225167
v  26.883196 14.874631 14.014429
v  26.922817 14.484303 14.047571
v  26.767040 15.238364 13.983543
v  26.582262 15.550701 13.957023
v  26.341455 15.790369 13.936672
v  26.061031 15.941031 13.923877
v  25.760094 15.992421 13.919517
v  25.459160 15.941031 13.923877
v  25.178730 15.790369 13.936671
v  24.937923 15.550701 13.957023
v  24.753145 15.238364 13.983543
v  24.636990 14.874631 14.014429
v  24.597370 14.484303 14.047570
v  24.636990 14.093973 14.080716
v  24.753145 13.730246 14.111598
v  24.937923 13.417904 14.138124
v  25.205292 13.246106 14.152701
v  25.472908 13.102326 14.164913
v  25.760092 13.053288 14.169075
v  26.047277 13.102326 14.164913
v  26.314894 13.246106 14.152701
v  26.582262 13.417904 14.138124
v  26.767040 13.730246 14.111598
v  26.883196 14.093973 14.080716
v  25.760094 14.540486 13.976274
v  25.760092 12.889656 14.180665
v  26.314894 12.887506 14.179108
v  24.937923 12.890768 14.177116
v  25.472908 12.888680 14.180749
v  26.047277 12.888680 14.180749
v  26.582262 12.890764 14.177121
v  25.205292 12.887506 14.179108
v  26.260197 15.633459 13.920938
v  26.018965 15.763063 13.909930
v  25.052839 15.427294 13.938441
v  24.893888 15.158607 13.961255
v  24.893888 13.861282 14.071412
v  25.052839 13.592600 14.094231
v  26.012093 13.294201 14.119564
v  26.246916 13.420362 14.108852
v  26.626301 15.158607 13.961255
v  26.467346 15.427290 13.938441
v  25.501221 15.763063 13.909930
v  25.259989 15.633459 13.920938
v  26.760300 14.509945 14.016336
v  26.726219 14.845718 13.987824
v  24.759886 14.509945 14.016336
v  24.793966 14.174171 14.044847
v  25.508097 13.294201 14.119564
v  25.760094 13.251169 14.123219
v  26.626297 13.861282 14.071417
v  26.726219 14.174171 14.044847
v  25.760094 15.807268 13.906178
v  24.793966 14.845718 13.987824
v  25.273270 13.420366 14.108852
v  26.467346 13.592596 14.094231
v  26.922817 12.848212 15.635650
v  26.883196 12.848212 16.027386
v  26.767040 12.848212 16.392426
v  26.582262 12.848212 16.705889
v  26.341454 12.848212 16.946423
v  26.061026 12.848212 17.097626
v  25.760092 12.848212 17.149197
v  25.459158 12.848212 17.097626
v  25.178730 12.848212 16.946423
v  24.937923 12.848212 16.705893
v  24.753145 12.848212 16.392426
v  24.636990 12.848212 16.027386
v  24.597368 12.848212 15.635650
v  24.636990 12.848212 15.243917
v  24.753145 12.848212 14.878878
v  24.937923 12.848212 14.565411
v  25.205292 12.848217 14.392996
v  25.472908 12.848217 14.278491
v  25.760092 12.848217 14.229276
v  26.047277 12.848217 14.278491
v  26.314894 12.848217 14.392996
v  26.582262 12.848212 14.565412
v  26.767040 12.848212 14.878874
v  26.883196 12.848212 15.243913
v  26.569242 12.848217 15.974265
v  26.597784 12.848217 15.692033
v  26.485558 12.848217 16.237259
v  26.352430 12.848217 16.463095
v  26.178938 12.848217 16.636389
v  25.976904 12.848217 16.745323
v  25.760092 12.848217 16.782480
v  25.543282 12.848217 16.745323
v  25.341246 12.848217 16.636389
v  25.167755 12.848217 16.463095
v  25.034634 12.848217 16.237259
v  24.950943 12.848217 15.974265
v  24.922401 12.848217 15.692038
v  24.950943 12.848217 15.409809
v  25.034634 12.848217 15.146811
v  25.167755 12.848217 14.920975
v  25.341248 12.848217 14.747682
v  25.543282 12.848217 14.638746
v  25.760092 12.848217 14.601589
v  25.976904 12.848217 14.638746
v  26.178938 12.848217 14.747682
v  26.352430 12.848217 14.920975
v  26.485558 12.848217 15.146811
v  26.569242 12.848217 15.409804
v  25.472908 12.849545 14.105481
v  25.760094 12.849545 14.106461
v  26.047277 12.849545 14.105481
v  26.314894 12.849545 14.124839
v  26.582262 12.849603 14.147683
v  24.937923 12.849603 14.147683
v  25.205292 12.849545 14.124839
v  26.883196 12.894431 16.027435
v  26.922817 12.894431 15.635698
v  26.767040 12.894431 16.392475
v  26.582262 12.894431 16.705936
v  26.341454 12.894431 16.946470
v  26.061026 12.894431 17.097673
v  25.760092 12.894431 17.149246
v  25.459158 12.894431 17.097673
v  25.178730 12.894431 16.946470
v  24.937923 12.894431 16.705942
v  24.753145 12.894431 16.392475
v  24.636990 12.894431 16.027435
v  24.597368 12.894431 15.635698
v  24.636990 12.894431 15.243966
v  24.753145 12.894431 14.878926
v  24.937923 12.894431 14.565459
v  25.205292 12.894440 14.393044
v  25.472908 12.894440 14.278540
v  25.760092 12.894440 14.229324
v  26.047277 12.894440 14.278540
v  26.314894 12.894440 14.393044
v  26.582262 12.894431 14.565460
v  26.767040 12.894431 14.878922
v  26.883196 12.894431 15.243961
v  26.569242 12.894440 15.974310
v  26.597784 12.894440 15.692081
v  26.485558 12.894440 16.237309
v  26.352430 12.894440 16.463144
v  26.178938 12.894440 16.636436
v  25.976904 12.894440 16.745373
v  25.760092 12.894440 16.782530
v  25.543282 12.894440 16.745373
v  25.341246 12.894440 16.636436
v  25.167755 12.894440 16.463144
v  25.034634 12.894440 16.237309
v  24.950943 12.894440 15.974314
v  24.922401 12.894440 15.692085
v  24.950943 12.894440 15.409853
v  25.034634 12.894440 15.146859
v  25.167755 12.894440 14.921023
v  25.341248 12.894440 14.747730
v  25.543282 12.894440 14.638795
v  25.760092 12.894440 14.601638
v  25.976904 12.894440 14.638795
v  26.178938 12.894440 14.747730
v  26.352430 12.894440 14.921019
v  26.485558 12.894440 15.146859
v  26.569242 12.894440 15.409853
v  25.760094 12.895764 14.106509
v  26.314894 12.895764 14.124887
v  24.937923 12.895822 14.147732
v  25.472908 12.895764 14.105530
v  26.047277 12.895764 14.105530
v  26.582262 12.895822 14.147732
v  25.205292 12.895764 14.124887
v  26.260197 12.923384 16.791454
v  26.018965 12.923384 16.921524
v  25.052839 12.923384 16.584543
v  24.893888 12.923384 16.314888
v  24.893888 12.923384 15.012891
v  25.052839 12.923384 14.743241
v  26.012093 12.923388 14.443769
v  26.246916 12.923388 14.570385
v  26.626297 12.923384 16.314888
v  26.467346 12.923384 16.584543
v  25.501221 12.923384 16.921524
v  25.259989 12.923384 16.791454
v  26.760300 12.923384 15.663892
v  26.726219 12.923384 16.000874
v  24.759884 12.923384 15.663892
v  24.793966 12.923384 15.326909
v  25.508097 12.923388 14.443769
v  25.760092 12.923388 14.400583
v  26.626297 12.923384 15.012891
v  26.726219 12.923384 15.326910
v  25.760092 12.923384 16.965891
v  24.793966 12.923384 16.000874
v  25.273270 12.923388 14.570385
v  26.467346 12.923384 14.743241
v  25.894304 11.202127 15.850822
v  25.899038 11.202127 15.804008
v  25.880424 11.202127 15.894443
v  25.858343 11.202127 15.931902
v  25.829567 11.202127 15.960646
v  25.796055 11.202127 15.978715
v  25.760094 11.202127 15.984879
v  25.724133 11.202127 15.978715
v  25.690622 11.202127 15.960646
v  25.661844 11.202127 15.931902
v  25.639765 11.202127 15.894443
v  25.625881 11.202127 15.850821
v  25.621147 11.202127 15.804008
v  25.625881 11.202127 15.757197
v  25.639765 11.202127 15.713575
v  25.661844 11.202127 15.676116
v  25.690622 11.202127 15.647372
v  25.724133 11.202127 15.629303
v  25.760094 11.202127 15.623141
v  25.796055 11.202127 15.629303
v  25.829567 11.202127 15.647372
v  25.858343 11.202127 15.676116
v  25.880424 11.202127 15.713575
v  25.894304 11.202127 15.757195
v  25.760094 11.167646 15.804009
v  26.060713 11.202127 15.908865
v  26.071074 11.202127 15.804008
v  26.030130 11.202127 16.006954
v  25.981049 11.202127 16.091629
v  25.916605 11.202127 16.156887
v  25.841196 11.202127 16.198027
v  25.760092 11.202127 16.212078
v  25.678988 11.202127 16.198027
v  25.603584 11.202127 16.156887
v  25.539143 11.202127 16.091629
v  25.490059 11.202127 16.006954
v  25.459473 11.202127 15.908865
v  25.449110 11.202127 15.804008
v  25.459473 11.202127 15.699156
v  25.490059 11.202127 15.601064
v  25.539143 11.202127 15.516389
v  25.603584 11.202127 15.451131
v  25.678988 11.202127 15.409990
v  25.760092 11.202127 15.395944
v  25.841196 11.202127 15.409990
v  25.916605 11.202127 15.451131
v  25.981049 11.202127 15.516389
v  26.030130 11.202127 15.601064
v  26.060713 11.202127 15.699152
v  25.760092 10.597427 14.557204
v  25.760092 10.597427 15.643881
v  25.983444 10.597427 14.599854
v  25.983444 10.597427 15.643881
v  25.536741 10.597427 14.599854
v  25.536741 10.597427 15.643881
v  25.536741 10.597427 15.082206
v  25.760092 10.597427 15.082206
v  25.983444 10.597427 15.082206
v  25.983444 10.597427 15.353135
v  25.760092 10.597427 15.353135
v  25.536741 10.597427 15.353135
v  25.536741 10.597427 15.934628
v  25.760092 10.597427 15.934628
v  25.983444 10.597427 15.934628
v  25.983444 10.597427 16.205557
v  25.760092 10.597427 16.205557
v  25.536741 10.597427 16.205557
v  25.536741 10.597427 16.438211
v  25.760092 10.597427 16.438211
v  25.983444 10.597427 16.438211
# 718 vertices

vt 0.787030 0.930008 0.000000
vt 0.102172 0.793592 0.000000
vt 0.177885 0.736716 0.000000
vt 0.163987 0.760279 0.000000
vt 0.847677 0.481336 0.000000
vt 0.748862 0.899314 0.000000
vt 0.474113 0.702773 0.000000
vt 0.797441 0.481337 0.000000
vt 0.664724 0.928725 0.000000
vt 0.577704 0.833340 0.000000
vt 0.869846 0.896824 0.000000
vt 0.359658 0.344690 0.000000
vt 0.339636 0.288962 0.000000
vt 0.492348 0.172400 0.000000
vt 0.422884 0.342269 0.000000
vt 0.371254 0.246691 0.000000
vt 0.785144 0.125436 0.000000
vt 0.518482 0.461201 0.000000
vt 0.871085 0.493950 0.000000
vt 0.119175 0.811674 0.000000
vt 0.651954 0.899490 0.000000
vt 0.454584 0.691914 0.000000
vt 0.658784 0.899976 0.000000
vt 0.785144 0.060213 0.000000
vt 0.423269 0.761228 0.000000
vt 0.362619 0.406559 0.000000
vt 0.186621 0.650368 0.000000
vt 0.278118 0.550501 0.000000
vt 0.279864 0.547091 0.000000
vt 0.280586 0.549076 0.000000
vt 0.288907 0.554427 0.000000
vt 0.574618 0.262202 0.000000
vt 0.319800 0.541334 0.000000
vt 0.329243 0.541334 0.000000
vt 0.320592 0.540734 0.000000
vt 0.297136 0.545349 0.000000
vt 0.316368 0.537105 0.000000
vt 0.304690 0.541334 0.000000
vt 0.310031 0.540734 0.000000
vt 0.310031 0.537105 0.000000
vt 0.321688 0.545349 0.000000
vt 0.739741 0.857835 0.000000
vt 0.190404 0.743598 0.000000
vt 0.684534 0.902456 0.000000
vt 0.804087 0.060681 0.000000
vt 0.783976 0.956168 0.000000
vt 0.509248 0.704627 0.000000
vt 0.327354 0.545349 0.000000
vt 0.642399 0.907004 0.000000
vt 0.521908 0.052184 0.000000
vt 0.437453 0.766937 0.000000
vt 0.629170 0.589206 0.000000
vt 0.609681 0.338403 0.000000
vt 0.476811 0.402245 0.000000
vt 0.539807 0.695559 0.000000
vt 0.614955 0.468706 0.000000
vt 0.935823 0.890626 0.000000
vt 0.945327 0.879277 0.000000
vt 0.098119 0.890382 0.000000
vt 0.525878 0.701124 0.000000
vt 0.853773 0.046502 0.000000
vt 0.365412 0.009974 0.000000
vt 0.422689 0.404489 0.000000
vt 0.650598 0.895807 0.000000
vt 0.294647 0.547586 0.000000
vt 0.719678 0.216517 0.000000
vt 0.910640 0.536433 0.000000
vt 0.706737 0.879651 0.000000
vt 0.339636 0.174670 0.000000
vt 0.859102 0.275672 0.000000
vt 0.857842 0.078309 0.000000
vt 0.545197 0.334777 0.000000
vt 0.838946 0.860627 0.000000
vt 0.285215 0.560324 0.000000
vt 0.246152 0.480490 0.000000
vt 0.264814 0.266368 0.000000
vt 0.486189 0.987893 0.000000
vt 0.037527 0.833893 0.000000
vt 0.380017 0.971779 0.000000
vt 0.802239 0.125240 0.000000
vt 0.634839 0.469839 0.000000
vt 0.174175 0.537407 0.000000
vt 0.652341 0.903083 0.000000
vt 0.748640 0.905745 0.000000
vt 0.489032 0.773727 0.000000
vt 0.919227 0.857816 0.000000
vt 0.281943 0.550694 0.000000
vt 0.102067 0.017610 0.000000
vt 0.470590 0.021648 0.000000
vt 0.894469 0.509028 0.000000
vt 0.786897 0.854665 0.000000
vt 0.915408 0.948505 0.000000
vt 0.789694 0.900812 0.000000
vt 0.545778 0.045548 0.000000
vt 0.613118 0.179755 0.000000
vt 0.685694 0.898046 0.000000
vt 0.832586 0.959806 0.000000
vt 0.695279 0.941590 0.000000
vt 0.295247 0.541334 0.000000
vt 0.539100 0.688919 0.000000
vt 0.299471 0.537105 0.000000
vt 0.329040 0.540734 0.000000
vt 0.387935 0.343684 0.000000
vt 0.341349 0.655720 0.000000
vt 0.415374 0.945911 0.000000
vt 0.322704 0.540734 0.000000
vt 0.295247 0.537105 0.000000
vt 0.474632 0.248221 0.000000
vt 0.339636 0.106575 0.000000
vt 0.017719 0.709273 0.000000
vt 0.610751 0.592039 0.000000
vt 0.857876 0.111794 0.000000
vt 0.323577 0.545349 0.000000
vt 0.314134 0.545349 0.000000
vt 0.283261 0.555566 0.000000
vt 0.277058 0.559078 0.000000
vt 0.303695 0.537105 0.000000
vt 0.298768 0.555566 0.000000
vt 0.582972 0.850908 0.000000
vt 0.331152 0.540734 0.000000
vt 0.555945 0.759697 0.000000
vt 0.507266 0.772573 0.000000
vt 0.859088 0.303521 0.000000
vt 0.648235 0.898711 0.000000
vt 0.879694 0.854952 0.000000
vt 0.102171 0.551657 0.000000
vt 0.489403 0.846881 0.000000
vt 0.589830 0.186927 0.000000
vt 0.785144 0.216143 0.000000
vt 0.863262 0.146211 0.000000
vt 0.517866 0.703169 0.000000
vt 0.917400 0.862493 0.000000
vt 0.506348 0.243050 0.000000
vt 0.858031 0.275672 0.000000
vt 0.789849 0.904315 0.000000
vt 0.650635 0.899531 0.000000
vt 0.837011 0.946611 0.000000
vt 0.858049 0.330210 0.000000
vt 0.697045 0.263901 0.000000
vt 0.301583 0.537105 0.000000
vt 0.285853 0.539954 0.000000
vt 0.292565 0.555566 0.000000
vt 0.277058 0.555566 0.000000
vt 0.281552 0.570389 0.000000
vt 0.339636 0.635227 0.000000
vt 0.415374 0.926102 0.000000
vt 0.665968 0.100245 0.000000
vt 0.496829 0.163787 0.000000
vt 0.650624 0.886936 0.000000
vt 0.749207 0.903955 0.000000
vt 0.246027 0.019068 0.000000
vt 0.040356 0.760279 0.000000
vt 0.014739 0.679820 0.000000
vt 0.857814 0.046502 0.000000
vt 0.051234 0.792092 0.000000
vt 0.880353 0.849502 0.000000
vt 0.622700 0.207165 0.000000
vt 0.504912 0.204577 0.000000
vt 0.614916 0.188458 0.000000
vt 0.483040 0.147728 0.000000
vt 0.216611 0.897615 0.000000
vt 0.368497 0.234399 0.000000
vt 0.910648 0.668790 0.000000
vt 0.071894 0.903470 0.000000
vt 0.040361 0.599365 0.000000
vt 0.738834 0.216357 0.000000
vt 0.546514 0.467381 0.000000
vt 0.077014 0.555962 0.000000
vt 0.879686 0.854960 0.000000
vt 0.314276 0.555566 0.000000
vt 0.662941 0.657283 0.000000
vt 0.632571 0.221802 0.000000
vt 0.291593 0.539194 0.000000
vt 0.287933 0.540321 0.000000
vt 0.312245 0.541334 0.000000
vt 0.283773 0.540321 0.000000
vt 0.314256 0.537105 0.000000
vt 0.573695 0.690675 0.000000
vt 0.623062 0.964436 0.000000
vt 0.649693 0.899265 0.000000
vt 0.653665 0.899644 0.000000
vt 0.784520 0.950465 0.000000
vt 0.696514 0.937352 0.000000
vt 0.636377 0.176745 0.000000
vt 0.143042 0.952797 0.000000
vt 0.200477 0.961754 0.000000
vt 0.102171 0.569430 0.000000
vt 0.654263 0.902387 0.000000
vt 0.863142 0.275672 0.000000
vt 0.150762 0.568585 0.000000
vt 0.476168 0.468493 0.000000
vt 0.339636 0.958891 0.000000
vt 0.278330 0.568529 0.000000
vt 0.305807 0.537105 0.000000
vt 0.486189 0.867494 0.000000
vt 0.563851 0.217324 0.000000
vt 0.282798 0.537643 0.000000
vt 0.538894 0.000925 0.000000
vt 0.320592 0.537105 0.000000
vt 0.302802 0.541334 0.000000
vt 0.299024 0.541334 0.000000
vt 0.339036 0.198651 0.000000
vt 0.299471 0.540734 0.000000
vt 0.636571 0.267626 0.000000
vt 0.606709 0.263674 0.000000
vt 0.462340 0.056619 0.000000
vt 0.421599 0.075501 0.000000
vt 0.657375 0.899307 0.000000
vt 0.356203 0.809684 0.000000
vt 0.858009 0.245920 0.000000
vt 0.713450 0.903090 0.000000
vt 0.027963 0.007122 0.000000
vt 0.745480 0.004004 0.000000
vt 0.648534 0.899371 0.000000
vt 0.564303 0.197377 0.000000
vt 0.810102 0.181597 0.000000
vt 0.304972 0.559078 0.000000
vt 0.835194 0.853253 0.000000
vt 0.623061 0.872051 0.000000
vt 0.317911 0.541334 0.000000
vt 0.853871 0.146212 0.000000
vt 0.737349 0.945248 0.000000
vt 0.684441 0.149741 0.000000
vt 0.323581 0.559078 0.000000
vt 0.314134 0.541334 0.000000
vt 0.541537 0.262914 0.000000
vt 0.287933 0.551750 0.000000
vt 0.289762 0.541377 0.000000
vt 0.323577 0.541334 0.000000
vt 0.277058 0.544485 0.000000
vt 0.558357 0.997941 0.000000
vt 0.632635 0.168360 0.000000
vt 0.832823 0.954012 0.000000
vt 0.944055 0.933089 0.000000
vt 0.460120 0.696502 0.000000
vt 0.901322 0.897764 0.000000
vt 0.149697 0.883589 0.000000
vt 0.144716 0.584261 0.000000
vt 0.863332 0.078309 0.000000
vt 0.593398 0.468104 0.000000
vt 0.738364 0.942704 0.000000
vt 0.642999 0.897750 0.000000
vt 0.922151 0.910393 0.000000
vt 0.668764 0.874311 0.000000
vt 0.281943 0.541377 0.000000
vt 0.563538 0.233043 0.000000
vt 0.277358 0.271292 0.000000
vt 0.597561 0.040162 0.000000
vt 0.628029 0.341660 0.000000
vt 0.546588 0.404487 0.000000
vt 0.819652 0.124401 0.000000
vt 0.482373 0.704520 0.000000
vt 0.189603 0.679820 0.000000
vt 0.174161 0.583690 0.000000
vt 0.697157 0.935101 0.000000
vt 0.652393 0.888330 0.000000
vt 0.127328 0.555962 0.000000
vt 0.920810 0.568352 0.000000
vt 0.630825 0.031501 0.000000
vt 0.694982 0.060502 0.000000
vt 0.710797 0.090007 0.000000
vt 0.083390 0.215381 0.000000
vt 0.716515 0.123470 0.000000
vt 0.501577 0.063563 0.000000
vt 0.486337 0.078436 0.000000
vt 0.476955 0.095207 0.000000
vt 0.062117 0.912486 0.000000
vt 0.089434 0.815952 0.000000
vt 0.564503 0.188979 0.000000
vt 0.169917 0.952688 0.000000
vt 0.425736 0.466706 0.000000
vt 0.596266 0.048567 0.000000
vt 0.079549 0.789718 0.000000
vt 0.127315 0.957208 0.000000
vt 0.920815 0.636868 0.000000
vt 0.323581 0.555566 0.000000
vt 0.287606 0.566893 0.000000
vt 0.325466 0.541334 0.000000
vt 0.640026 0.686140 0.000000
vt 0.291119 0.542995 0.000000
vt 0.312144 0.537105 0.000000
vt 0.447139 0.650412 0.000000
vt 0.458514 0.845644 0.000000
vt 0.504022 0.590931 0.000000
vt 0.608240 0.406624 0.000000
vt 0.697894 0.865465 0.000000
vt 0.361431 0.070922 0.000000
vt 0.356813 0.177145 0.000000
vt 0.859258 0.111794 0.000000
vt 0.542581 0.461543 0.000000
vt 0.498815 0.467374 0.000000
vt 0.302420 0.001001 0.000000
vt 0.538262 0.194067 0.000000
vt 0.859152 0.214113 0.000000
vt 0.659465 0.908161 0.000000
vt 0.958447 0.906456 0.000000
vt 0.685844 0.902032 0.000000
vt 0.667666 0.898852 0.000000
vt 0.317378 0.555566 0.000000
vt 0.373421 0.933292 0.000000
vt 0.317911 0.545349 0.000000
vt 0.297136 0.541334 0.000000
vt 0.299024 0.545349 0.000000
vt 0.297359 0.537105 0.000000
vt 0.095573 0.470535 0.000000
vt 0.477253 0.657567 0.000000
vt 0.707761 0.156280 0.000000
vt 0.466047 0.134087 0.000000
vt 0.785144 0.203816 0.000000
vt 0.900905 0.903578 0.000000
vt 0.922364 0.900865 0.000000
vt 0.666439 0.925875 0.000000
vt 0.053581 0.537105 0.000000
vt 0.573153 0.016001 0.000000
vt 0.030166 0.537407 0.000000
vt 0.013939 0.743599 0.000000
vt 0.124191 0.573201 0.000000
vt 0.666591 0.898727 0.000000
vt 0.463420 0.112161 0.000000
vt 0.178536 0.954146 0.000000
vt 0.163981 0.599365 0.000000
vt 0.077017 0.537199 0.000000
vt 0.520338 0.845272 0.000000
vt 0.858044 0.303521 0.000000
vt 0.279777 0.569743 0.000000
vt 0.283440 0.559678 0.000000
vt 0.318480 0.537105 0.000000
vt 0.295667 0.559078 0.000000
vt 0.478641 0.189249 0.000000
vt 0.229223 0.904564 0.000000
vt 0.641594 0.407013 0.000000
vt 0.628467 0.523742 0.000000
vt 0.591517 0.524100 0.000000
vt 0.835220 0.847481 0.000000
vt 0.655867 0.896893 0.000000
vt 0.698900 0.864052 0.000000
vt 0.301583 0.540734 0.000000
vt 0.304663 0.012742 0.000000
vt 0.540881 0.665933 0.000000
vt 0.720240 0.655196 0.000000
vt 0.255543 0.205504 0.000000
vt 0.540287 0.239893 0.000000
vt 0.435305 0.176676 0.000000
vt 0.457287 0.167223 0.000000
vt 0.528430 0.229260 0.000000
vt 0.316368 0.540734 0.000000
vt 0.771712 0.717227 0.000000
vt 0.013974 0.611117 0.000000
vt 0.786603 0.848962 0.000000
vt 0.645744 0.898920 0.000000
vt 0.648344 0.912417 0.000000
vt 0.317378 0.559078 0.000000
vt 0.282798 0.554427 0.000000
vt 0.283578 0.847804 0.000000
vt 0.479392 0.525144 0.000000
vt 0.644241 0.524184 0.000000
vt 0.160925 0.951923 0.000000
vt 0.134782 0.954544 0.000000
vt 0.652707 0.900196 0.000000
vt 0.485630 0.036508 0.000000
vt 0.520387 0.043126 0.000000
vt 0.618765 0.057855 0.000000
vt 0.363005 0.037766 0.000000
vt 0.747029 0.062067 0.000000
vt 0.026460 0.622925 0.000000
vt 0.387983 0.655706 0.000000
vt 0.689301 0.184233 0.000000
vt 0.653128 0.160878 0.000000
vt 0.127324 0.537199 0.000000
vt 0.863360 0.046502 0.000000
vt 0.853802 0.078309 0.000000
vt 0.736530 0.950431 0.000000
vt 0.853991 0.275672 0.000000
vt 0.384391 0.464407 0.000000
vt 0.774033 0.493951 0.000000
vt 0.651257 0.899925 0.000000
vt 0.380017 0.913703 0.000000
vt 0.310356 0.545349 0.000000
vt 0.064809 0.271565 0.000000
vt 0.295667 0.555566 0.000000
vt 0.809902 0.203930 0.000000
vt 0.293587 0.550501 0.000000
vt 0.287606 0.563173 0.000000
vt 0.319800 0.545349 0.000000
vt 0.329243 0.545349 0.000000
vt 0.291842 0.544979 0.000000
vt 0.650504 0.898752 0.000000
vt 0.749272 0.897563 0.000000
vt 0.666422 0.925905 0.000000
vt 0.523384 0.335432 0.000000
vt 0.098549 0.008010 0.000000
vt 0.863193 0.214113 0.000000
vt 0.000300 0.198467 0.000000
vt 0.000300 0.864595 0.000000
vt 0.000300 0.677354 0.000000
vt 0.434711 0.980864 0.000000
vt 0.418476 0.144813 0.000000
vt 0.571815 0.035911 0.000000
vt 0.453481 0.770944 0.000000
vt 0.935087 0.921261 0.000000
vt 0.606053 0.666679 0.000000
vt 0.931119 0.921829 0.000000
vt 0.186624 0.709272 0.000000
vt 0.151857 0.951938 0.000000
vt 0.579050 0.744745 0.000000
vt 0.907207 0.931233 0.000000
vt 0.486017 0.588010 0.000000
vt 0.929825 0.905804 0.000000
vt 0.257379 0.215183 0.000000
vt 0.295247 0.540734 0.000000
vt 0.663364 0.274382 0.000000
vt 0.289464 0.555566 0.000000
vt 0.593915 0.215140 0.000000
vt 0.642012 0.017849 0.000000
vt 0.320479 0.559078 0.000000
vt 0.285853 0.552117 0.000000
vt 0.637038 0.071140 0.000000
vt 0.376865 0.823430 0.000000
vt 0.705037 0.921937 0.000000
vt 0.796241 0.730444 0.000000
vt 0.948794 0.876225 0.000000
vt 0.012415 0.201302 0.000000
vt 0.026458 0.736717 0.000000
vt 0.326950 0.201397 0.000000
vt 0.760386 0.203930 0.000000
vt 0.853969 0.245920 0.000000
vt 0.857947 0.180629 0.000000
vt 0.312144 0.540734 0.000000
vt 0.750643 0.696200 0.000000
vt 0.766201 0.060681 0.000000
vt 0.869898 0.903769 0.000000
vt 0.388444 0.269606 0.000000
vt 0.425336 0.521650 0.000000
vt 0.532874 0.999700 0.000000
vt 0.280586 0.542995 0.000000
vt 0.915435 0.948510 0.000000
vt 0.308468 0.541334 0.000000
vt 0.316022 0.545349 0.000000
vt 0.333264 0.540734 0.000000
vt 0.446574 0.082247 0.000000
vt 0.306579 0.545349 0.000000
vt 0.291842 0.547091 0.000000
vt 0.277058 0.547586 0.000000
vt 0.293587 0.541570 0.000000
vt 0.541294 0.765424 0.000000
vt 0.550133 0.840759 0.000000
vt 0.853174 0.182248 0.000000
vt 0.590274 0.593822 0.000000
vt 0.500255 0.705393 0.000000
vt 0.652287 0.888319 0.000000
vt 0.941470 0.906088 0.000000
vt 0.720839 0.602612 0.000000
vt 0.358709 0.107422 0.000000
vt 0.080150 0.573202 0.000000
vt 0.200560 0.643064 0.000000
vt 0.210794 0.816553 0.000000
vt 0.831877 0.933019 0.000000
vt 0.822559 0.477035 0.000000
vt 0.921185 0.904242 0.000000
vt 0.874476 0.874872 0.000000
vt 0.392759 0.988054 0.000000
vt 0.365330 0.518193 0.000000
vt 0.863128 0.303521 0.000000
vt 0.917048 0.953267 0.000000
vt 0.289464 0.559078 0.000000
vt 0.378241 0.636146 0.000000
vt 0.287934 0.565033 0.000000
vt 0.646874 0.153774 0.000000
vt 0.360941 0.579977 0.000000
vt 0.588882 0.405880 0.000000
vt 0.852902 0.204477 0.000000
vt 0.186547 0.956190 0.000000
vt 0.472279 0.458806 0.000000
vt 0.150761 0.537105 0.000000
vt 0.568556 0.752748 0.000000
vt 0.877399 0.954319 0.000000
vt 0.083935 0.896093 0.000000
vt 0.831490 0.902800 0.000000
vt 0.246152 0.470535 0.000000
vt 0.574914 0.238937 0.000000
vt 0.533790 0.213817 0.000000
vt 0.240993 0.536505 0.000000
vt 0.641122 0.245004 0.000000
vt 0.648607 0.193352 0.000000
vt 0.686987 0.094381 0.000000
vt 0.663492 0.206292 0.000000
vt 0.658766 0.120808 0.000000
vt 0.494374 0.219332 0.000000
vt 0.440191 0.111083 0.000000
vt 0.358182 0.144007 0.000000
vt 0.850610 0.216517 0.000000
vt 0.513730 0.185691 0.000000
vt 0.873410 0.717227 0.000000
vt 0.916074 0.877066 0.000000
vt 0.652400 0.899636 0.000000
vt 0.533176 0.698578 0.000000
vt 0.668020 0.924377 0.000000
vt 0.652262 0.899880 0.000000
vt 0.326682 0.559078 0.000000
vt 0.286662 0.561538 0.000000
vt 0.322704 0.537105 0.000000
vt 0.605042 0.859288 0.000000
vt 0.413587 0.109877 0.000000
vt 0.446633 0.253197 0.000000
vt 0.582972 0.991114 0.000000
vt 0.607710 0.689883 0.000000
vt 0.310356 0.541334 0.000000
vt 0.304972 0.555566 0.000000
vt 0.734473 0.668792 0.000000
vt 0.743207 0.926526 0.000000
vt 0.835197 0.853261 0.000000
vt 0.750650 0.509029 0.000000
vt 0.351092 0.462504 0.000000
vt 0.917371 0.862490 0.000000
vt 0.102171 0.537288 0.000000
vt 0.914720 0.933862 0.000000
vt 0.698902 0.864054 0.000000
vt 0.370269 0.678218 0.000000
vt 0.277386 0.563173 0.000000
vt 0.292565 0.559078 0.000000
vt 0.344529 0.690675 0.000000
vt 0.291119 0.549076 0.000000
vt 0.288907 0.537643 0.000000
vt 0.279864 0.544979 0.000000
vt 0.428773 0.841368 0.000000
vt 0.341822 0.268514 0.000000
vt 0.342493 0.245748 0.000000
vt 0.853835 0.111794 0.000000
vt 0.940867 0.906055 0.000000
vt 0.786897 0.854683 0.000000
vt 0.061925 0.823341 0.000000
vt 0.102171 0.682775 0.000000
vt 0.566484 0.461728 0.000000
vt 0.661275 0.891465 0.000000
vt 0.017721 0.650368 0.000000
vt 0.030181 0.583691 0.000000
vt 0.653161 0.471840 0.000000
vt 0.871081 0.462504 0.000000
vt 0.853940 0.214114 0.000000
vt 0.174212 0.771038 0.000000
vt 0.524409 0.593016 0.000000
vt 0.744779 0.876694 0.000000
vt 0.200580 0.711643 0.000000
vt 0.737348 0.945247 0.000000
vt 0.657238 0.899881 0.000000
vt 0.308073 0.555566 0.000000
vt 0.639534 0.792962 0.000000
vt 0.788875 0.858554 0.000000
vt 0.314276 0.559078 0.000000
vt 0.696370 0.668540 0.000000
vt 0.073058 0.207985 0.000000
vt 0.642399 0.926812 0.000000
vt 0.279777 0.560324 0.000000
vt 0.303695 0.540734 0.000000
vt 0.635999 0.663419 0.000000
vt 0.280112 0.539194 0.000000
vt 0.329040 0.537105 0.000000
vt 0.505242 0.684979 0.000000
vt 0.470879 0.773212 0.000000
vt 0.525084 0.403960 0.000000
vt 0.831559 0.904249 0.000000
vt 0.650450 0.900036 0.000000
vt 0.678174 0.884654 0.000000
vt 0.206642 0.965299 0.000000
vt 0.177882 0.622925 0.000000
vt 0.676366 0.915734 0.000000
vt 0.277058 0.565033 0.000000
vt 0.573937 0.667409 0.000000
vt 0.423431 0.637179 0.000000
vt 0.739743 0.857850 0.000000
vt 0.789353 0.907691 0.000000
vt 0.809139 0.216185 0.000000
vt 0.324816 0.537105 0.000000
vt 0.285853 0.537105 0.000000
vt 0.281552 0.559678 0.000000
vt 0.295247 0.545349 0.000000
vt 0.304690 0.545349 0.000000
vt 0.477733 0.269808 0.000000
vt 0.598674 0.230636 0.000000
vt 0.690710 0.122287 0.000000
vt 0.285215 0.569743 0.000000
vt 0.389187 0.581635 0.000000
vt 0.345661 0.038712 0.000000
vt 0.658524 0.525365 0.000000
vt 0.238779 0.017772 0.000000
vt 0.671335 0.036176 0.000000
vt 0.571260 0.044297 0.000000
vt 0.823259 0.062067 0.000000
vt 0.003763 0.711644 0.000000
vt 0.652345 0.899405 0.000000
vt 0.373421 0.953101 0.000000
vt 0.667887 0.900931 0.000000
vt 0.466646 0.700111 0.000000
vt 0.115254 0.965405 0.000000
vt 0.717386 0.204477 0.000000
vt 0.848881 0.730444 0.000000
vt 0.921131 0.906967 0.000000
vt 0.832819 0.954028 0.000000
vt 0.346232 0.919493 0.000000
vt 0.298768 0.559078 0.000000
vt 0.720599 0.277793 0.000000
vt 0.283261 0.559078 0.000000
vt 0.318480 0.540734 0.000000
vt 0.283440 0.570389 0.000000
vt 0.167931 0.884742 0.000000
vt 0.150064 0.810435 0.000000
vt 0.346232 0.977569 0.000000
vt 0.546201 0.594174 0.000000
vt 0.713463 0.897655 0.000000
vt 0.190368 0.611117 0.000000
vt 0.824808 0.004004 0.000000
vt 0.421819 0.459427 0.000000
vt 0.958618 0.906460 0.000000
vt 0.669806 0.173941 0.000000
vt 0.760186 0.181597 0.000000
vt 0.859222 0.146211 0.000000
vt 0.724310 0.568354 0.000000
vt 0.522414 0.467167 0.000000
vt 0.549202 0.524515 0.000000
vt 0.788503 0.875142 0.000000
vt 0.944103 0.933008 0.000000
vt 0.570744 0.524395 0.000000
vt 0.305807 0.540734 0.000000
vt 0.277386 0.566893 0.000000
vt 0.479827 0.070819 0.000000
vt 0.331152 0.537105 0.000000
vt 0.670681 0.252781 0.000000
vt 0.447461 0.276265 0.000000
vt 0.421969 0.906513 0.000000
vt 0.300913 0.545349 0.000000
vt 0.278118 0.541570 0.000000
vt 0.307919 0.540734 0.000000
vt 0.652490 0.911809 0.000000
vt 0.928076 0.905765 0.000000
vt 0.650218 0.911051 0.000000
vt 0.145878 0.778356 0.000000
vt 0.294647 0.544485 0.000000
vt 0.102172 0.809836 0.000000
vt 0.869467 0.912000 0.000000
vt 0.503998 0.007832 0.000000
vt 0.542871 0.016813 0.000000
vt 0.653980 0.899619 0.000000
vt 0.267242 0.207706 0.000000
vt 0.635803 0.946401 0.000000
vt 0.468169 0.882745 0.000000
vt 0.707525 0.298004 0.000000
vt 0.094814 0.018787 0.000000
vt 0.468081 0.090531 0.000000
vt 0.280112 0.552877 0.000000
vt 0.320479 0.555566 0.000000
vt 0.326928 0.540734 0.000000
vt 0.324816 0.540734 0.000000
vt 0.539191 0.185457 0.000000
vt 0.424094 0.583858 0.000000
vt 0.345809 0.233642 0.000000
vt 0.696509 0.937357 0.000000
vt 0.833316 0.874149 0.000000
vt 0.650934 0.902507 0.000000
vt 0.736994 0.182005 0.000000
vt 0.831405 0.897052 0.000000
vt 0.326928 0.537105 0.000000
vt 0.341494 0.678495 0.000000
vt 0.635803 0.888326 0.000000
vt 0.286362 0.559078 0.000000
vt 0.291593 0.552877 0.000000
vt 0.329784 0.555566 0.000000
vt 0.475910 0.154691 0.000000
vt 0.649945 0.086947 0.000000
vt 0.568458 0.594521 0.000000
vt 0.761149 0.216185 0.000000
vt 0.643812 0.345801 0.000000
vt 0.658655 0.899495 0.000000
vt 0.545972 0.692014 0.000000
vt 0.524901 0.769767 0.000000
vt 0.645093 0.900804 0.000000
vt 0.667174 0.871446 0.000000
vt 0.445778 0.673455 0.000000
vt 0.508931 0.265381 0.000000
vt 0.283773 0.551750 0.000000
vt 0.301870 0.555566 0.000000
vt 0.831454 0.216358 0.000000
vt 0.308073 0.559078 0.000000
vt 0.077291 0.277734 0.000000
vt 0.201959 0.891889 0.000000
vt 0.401264 0.833981 0.000000
vt 0.589251 0.336148 0.000000
vt 0.630939 0.461127 0.000000
vt 0.670374 0.475053 0.000000
vt 0.504423 0.403375 0.000000
vt 0.651303 0.886836 0.000000
vt 0.609067 0.005899 0.000000
vt 0.100731 0.536505 0.000000
vt 0.084994 0.205539 0.000000
vt 0.641581 0.063094 0.000000
vt 0.668415 0.121258 0.000000
vt 0.674633 0.068956 0.000000
vt 0.513228 0.023497 0.000000
vt 0.545595 0.036896 0.000000
vt 0.657122 0.103851 0.000000
vt 0.473387 0.112643 0.000000
vt 0.343357 0.070709 0.000000
vt 0.567456 0.334944 0.000000
vt 0.822559 0.462687 0.000000
vt 0.124794 0.789718 0.000000
vt 0.859320 0.046502 0.000000
vt 0.853907 0.180629 0.000000
vt 0.358973 0.993844 0.000000
vt 0.877406 0.954328 0.000000
vt 0.301870 0.559078 0.000000
vt 0.570415 0.467748 0.000000
vt 0.686655 0.647925 0.000000
vt 0.367229 0.690443 0.000000
vt 0.329784 0.559078 0.000000
vt 0.286662 0.568529 0.000000
vt 0.302802 0.545349 0.000000
vt 0.655530 0.137550 0.000000
vt 0.312245 0.545349 0.000000
vt 0.532873 0.849240 0.000000
vt 0.286362 0.555566 0.000000
vt 0.378252 0.288935 0.000000
vt 0.854009 0.330210 0.000000
vt 0.651878 0.899851 0.000000
vt 0.684856 0.898399 0.000000
vt 0.863226 0.180628 0.000000
vt 0.859291 0.078309 0.000000
vt 0.666584 0.456736 0.000000
vt 0.527691 0.524545 0.000000
vt 0.038342 0.000300 0.000000
vt 0.574260 0.000300 0.000000
vt 0.785144 0.000300 0.000000
vt 0.862907 0.000300 0.000000
vt 0.858867 0.000300 0.000000
vt 0.854227 0.000300 0.000000
vt 0.858267 0.000300 0.000000
vt 0.340169 0.142620 0.000000
vt 0.652799 0.896619 0.000000
vt 0.347098 0.461904 0.000000
vt 0.653652 0.899526 0.000000
vt 0.204043 0.677353 0.000000
vt 0.508258 0.996273 0.000000
vt 0.924281 0.602610 0.000000
vt 0.787055 0.946302 0.000000
vt 0.650103 0.911054 0.000000
vt 0.750636 0.124401 0.000000
vt 0.869841 0.905056 0.000000
vt 0.774037 0.462504 0.000000
vt 0.311175 0.559078 0.000000
vt 0.686856 0.284286 0.000000
vt 0.280159 0.555566 0.000000
vt 0.300913 0.541334 0.000000
vt 0.297359 0.540734 0.000000
vt 0.411228 0.753851 0.000000
vt 0.114146 0.886374 0.000000
vt 0.423454 0.288947 0.000000
vt 0.392041 0.519756 0.000000
vt 0.625814 0.407091 0.000000
vt 0.881181 0.942426 0.000000
vt 0.863164 0.245920 0.000000
vt 0.649302 0.459550 0.000000
vt 0.242363 0.008243 0.000000
vt 0.854004 0.303521 0.000000
vt 0.030131 0.771039 0.000000
vt 0.765651 0.001246 0.000000
vt 0.804637 0.001246 0.000000
vt 0.648333 0.899328 0.000000
vt 0.859083 0.330210 0.000000
vt 0.348093 0.011734 0.000000
vt 0.075805 0.805324 0.000000
vt 0.908395 0.879363 0.000000
vt 0.697842 0.859812 0.000000
vt 0.653005 0.899513 0.000000
vt 0.484887 0.339549 0.000000
vt 0.785144 0.181522 0.000000
vt 0.316022 0.541334 0.000000
vt 0.473655 0.679076 0.000000
vt 0.508341 0.662714 0.000000
vt 0.289762 0.550694 0.000000
vt 0.332886 0.559078 0.000000
vt 0.314256 0.540734 0.000000
vt 0.308468 0.545349 0.000000
vt 0.264433 0.277734 0.000000
vt 0.508258 0.856066 0.000000
vt 0.306579 0.541334 0.000000
vt 0.262839 0.834358 0.000000
vt 0.193845 0.958736 0.000000
vt 0.655048 0.899671 0.000000
vt 0.128538 0.805324 0.000000
vt 0.655095 0.899599 0.000000
vt 0.873093 0.934170 0.000000
vt 0.750652 0.462800 0.000000
vt 0.822560 0.607998 0.000000
vt 0.877818 0.959806 0.000000
vt 0.833294 0.182005 0.000000
vt 0.859124 0.245920 0.000000
vt 0.608901 0.240515 0.000000
vt 0.664034 0.141967 0.000000
vt 0.185566 0.887547 0.000000
vt 0.516016 0.176818 0.000000
vt 0.859186 0.180628 0.000000
vt 0.602177 0.822951 0.000000
vt 0.789821 0.897455 0.000000
vt 0.120789 0.960816 0.000000
vt 0.643596 0.899804 0.000000
vt 0.797443 0.462600 0.000000
vt 0.784521 0.950447 0.000000
vt 0.668750 0.874284 0.000000
vt 0.311175 0.555566 0.000000
vt 0.421970 0.964589 0.000000
vt 0.321688 0.541334 0.000000
vt 0.339636 0.939082 0.000000
vt 0.280159 0.559078 0.000000
vt 0.656822 0.080437 0.000000
vt 0.768050 0.125240 0.000000
vt 0.568121 0.405104 0.000000
vt 0.389359 0.405613 0.000000
vt 0.667838 0.874843 0.000000
vt 0.507023 0.524652 0.000000
vt 0.645044 0.585431 0.000000
vt 0.441239 0.045220 0.000000
vt 0.621349 0.049385 0.000000
vt 0.602905 0.020898 0.000000
vt 0.655316 0.047676 0.000000
vt 0.497849 0.054554 0.000000
vt 0.058465 0.778357 0.000000
vt 0.059626 0.584261 0.000000
vt 0.655901 0.406163 0.000000
vt 0.053579 0.568585 0.000000
vt 0.857911 0.146212 0.000000
vt 0.076751 0.266584 0.000000
vt 0.239716 0.912566 0.000000
vt 0.153109 0.792091 0.000000
vt 0.666281 0.900885 0.000000
vt 0.494895 0.460449 0.000000
vt 0.900984 0.912517 0.000000
vt 0.605042 0.979686 0.000000
vt 0.707635 0.634688 0.000000
vt 0.332886 0.555566 0.000000
vt 0.327354 0.541334 0.000000
vt 0.307919 0.537105 0.000000
vt 0.558357 0.847481 0.000000
vt 0.475286 0.130284 0.000000
vt 0.300198 0.864345 0.000000
vt 0.610886 0.523803 0.000000
vt 0.339673 0.201729 0.000000
vt 0.712584 0.904057 0.000000
vt 0.652984 0.899072 0.000000
vt 0.947427 0.936216 0.000000
vt 0.962654 0.906552 0.000000
vt 0.931847 0.889851 0.000000
vt 0.036009 0.012065 0.000000
vt 0.312713 0.007870 0.000000
vt 0.739794 0.859825 0.000000
vt 0.882949 0.866912 0.000000
vt 0.894478 0.696199 0.000000
vt 0.443923 0.140350 0.000000
vt 0.462399 0.202699 0.000000
vt 0.590352 0.195446 0.000000
vt 0.622915 0.809505 0.000000
vt 0.737264 0.204226 0.000000
vt 0.653920 0.898903 0.000000
vt 0.739142 0.852649 0.000000
vt 0.847675 0.462599 0.000000
vt 0.502954 0.337044 0.000000
vt 0.656730 0.350595 0.000000
vt 0.831005 0.910000 0.000000
vt 0.325466 0.545349 0.000000
vt 0.278330 0.561538 0.000000
vt 0.285853 0.554966 0.000000
vt 0.180999 0.812043 0.000000
vt 0.339636 0.792730 0.000000
vt 0.401450 0.744836 0.000000
vt 0.131544 0.884105 0.000000
vt 0.380432 0.460771 0.000000
vt 0.717114 0.182248 0.000000
vt 0.653971 0.899557 0.000000
vt 0.900837 0.906687 0.000000
vt 0.658069 0.580937 0.000000
vt 0.016866 0.847640 0.000000
vt 0.822561 0.734951 0.000000
vt 0.863123 0.330210 0.000000
vt 0.003783 0.643065 0.000000
vt 0.333264 0.537105 0.000000
vt 0.095573 0.480490 0.000000
vt 0.669756 0.679047 0.000000
vt 0.833024 0.204226 0.000000
vt 0.238366 0.823971 0.000000
vt 0.356750 0.205009 0.000000
vt 0.491187 0.705378 0.000000
vt 0.857980 0.214114 0.000000
vt 0.712810 0.898565 0.000000
vt 0.651744 0.899853 0.000000
vt 0.611034 0.461800 0.000000
vt 0.724306 0.636870 0.000000
vt 0.589469 0.461904 0.000000
vt 0.863298 0.111794 0.000000
vt 0.652585 0.900439 0.000000
vt 0.734479 0.536434 0.000000
vt 0.945283 0.879194 0.000000
vt 0.894466 0.462799 0.000000
vt 0.326682 0.555566 0.000000
vt 0.517769 0.702249 0.000000
vt 0.525663 0.700228 0.000000
vt 0.500405 0.704480 0.000000
vt 0.509275 0.703701 0.000000
vt 0.491452 0.704493 0.000000
vt 0.482740 0.703675 0.000000
vt 0.474568 0.701976 0.000000
vt 0.467174 0.699366 0.000000
vt 0.460708 0.695812 0.000000
vt 0.455220 0.691280 0.000000
vt 0.121377 0.961506 0.000000
vt 0.115890 0.966039 0.000000
vt 0.127843 0.957952 0.000000
vt 0.135237 0.955341 0.000000
vt 0.143409 0.953642 0.000000
vt 0.152122 0.952823 0.000000
vt 0.161075 0.952836 0.000000
vt 0.169944 0.953614 0.000000
vt 0.178439 0.955066 0.000000
vt 0.186332 0.957086 0.000000
vt 0.193526 0.959592 0.000000
vt 0.200074 0.962556 0.000000
vt 0.206178 0.966039 0.000000
vt 0.539404 0.694757 0.000000
vt 0.545508 0.691274 0.000000
vt 0.532857 0.697722 0.000000
vt 0.500211 0.699309 0.000000
vt 0.160880 0.958007 0.000000
vt 0.509275 0.703701 0.000000
vt 0.500405 0.704480 0.000000
vt 0.517769 0.702249 0.000000
vt 0.525663 0.700228 0.000000
vt 0.532857 0.697722 0.000000
vt 0.539404 0.694757 0.000000
vt 0.206178 0.966039 0.000000
vt 0.545508 0.691274 0.000000
vt 0.200074 0.962556 0.000000
vt 0.193526 0.959592 0.000000
vt 0.186332 0.957086 0.000000
vt 0.178439 0.955066 0.000000
vt 0.169944 0.953614 0.000000
vt 0.161075 0.952836 0.000000
vt 0.152122 0.952823 0.000000
vt 0.143409 0.953642 0.000000
vt 0.135237 0.955341 0.000000
vt 0.127843 0.957952 0.000000
vt 0.121377 0.961506 0.000000
vt 0.455220 0.691280 0.000000
vt 0.115890 0.966039 0.000000
vt 0.460708 0.695812 0.000000
vt 0.467174 0.699366 0.000000
vt 0.474568 0.701976 0.000000
vt 0.482740 0.703675 0.000000
vt 0.491452 0.704493 0.000000
vt 0.477179 0.935319 0.000000
vt 0.558418 0.921396 0.000000
vt 0.473881 0.916076 0.000000
vt 0.551807 0.902721 0.000000
vt 0.480477 0.954562 0.000000
vt 0.558402 0.941208 0.000000
vt 0.516479 0.948392 0.000000
vt 0.516428 0.928593 0.000000
vt 0.509884 0.909906 0.000000
vt 0.530105 0.906440 0.000000
vt 0.536682 0.925122 0.000000
vt 0.536701 0.944927 0.000000
vt 0.580909 0.937350 0.000000
vt 0.580154 0.917671 0.000000
vt 0.574313 0.898864 0.000000
vt 0.595286 0.895270 0.000000
vt 0.600409 0.914200 0.000000
vt 0.601882 0.933756 0.000000
vt 0.619892 0.930669 0.000000
vt 0.617802 0.911219 0.000000
vt 0.613296 0.892183 0.000000
# 975 texture coords

o 2?_??___??
g 2?_??___??
f 719/1274 720/1327 722/1524 721/1145 
f 721/1145 722/1524 724/1722 723/1782 
f 723/1782 724/1722 726/1657 725/1521 
f 725/1521 726/1657 728/1192 727/1483 
f 727/1483 728/1192 730/1684 729/1655 
f 729/1655 730/1684 732/1575 731/1093 
f 731/1093 732/1575 734/1303 733/1355 
f 733/1355 734/1303 736/1495 735/1117 
f 735/1117 736/1495 738/1440 737/1387 
f 737/1387 738/1440 740/1639 739/1694 
f 739/1694 740/1639 742/1577 741/1090 
f 741/1090 742/1577 744/1786 743/1724 
f 743/1724 744/1786 746/1091 745/1118 
f 745/1812 746/1753 748/1688 747/1641 
f 747/1641 748/1688 750/1474 749/1875 
f 749/1875 750/1474 752/1199 751/1251 
f 730/1172 728/1549 759/1116 760/1151 
f 751/1251 752/1199 754/1390 753/1625 
f 753/1625 754/1390 720/1327 719/1274 
f 766/1626 765/1627 801/1548 802/1636 
f 740/1003 738/1418 764/1004 765/1005 
f 750/1640 748/1006 769/1202 770/1752 
f 726/1498 724/1148 757/1203 758/1149 
f 736/1205 734/1606 762/1410 763/1499 
f 746/1843 744/1328 767/1654 768/1391 
f 722/1419 720/1612 756/1361 755/1255 
f 720/1612 754/1040 772/1417 756/1361 
f 732/1531 730/1172 760/1151 761/1220 
f 742/1624 740/1003 765/1005 766/1062 
f 752/1357 750/1640 770/1752 771/1497 
f 728/1549 726/1498 758/1149 759/1116 
f 738/1418 736/1205 763/1499 764/1004 
f 748/1006 746/1843 768/1391 769/1202 
f 724/1148 722/1419 755/1255 757/1203 
f 734/1606 732/1531 761/1220 762/1410 
f 744/1328 742/1624 766/1062 767/1654 
f 754/1040 752/1357 771/1497 772/1417 
f 773/1442 774/1252 790/1689 789/1556 788/1579 787/1119 786/1300 785/1168 784/1599 783/1542 782/1494 781/1842 780/1528 779/1550 778/1301 777/1049 776/1475 775/1358 
f 787/1023 788/1841 824/1253 823/1813 
f 774/1359 773/1276 809/1195 810/1008 
f 765/1627 764/1081 800/1476 801/1548 
f 786/1360 787/1023 823/1813 822/1009 
f 764/1081 763/1010 799/1174 800/1476 
f 785/1011 786/1551 822/1074 821/1277 
f 763/1010 762/1578 798/1302 799/1174 
f 784/1278 785/1011 821/1277 820/1176 
f 762/1578 761/1321 797/1012 798/1302 
f 783/1605 784/1278 820/1176 819/1725 
f 761/1321 760/1754 796/1152 797/1012 
f 782/1690 783/1605 819/1725 818/1175 
f 760/1754 759/1403 795/1256 796/1152 
f 781/1552 782/1690 818/1175 817/1013 
f 756/1529 772/1312 808/1115 792/1092 
f 759/1403 758/1014 794/1015 795/1256 
f 780/1416 781/1552 817/1013 816/1758 
f 773/1276 775/1413 811/1749 809/1195 
f 788/1841 789/1088 825/1204 824/1253 
f 767/1077 766/1626 802/1636 803/1532 
f 775/1413 776/1089 812/1200 811/1749 
f 789/1088 790/1016 826/1784 825/1204 
f 768/1095 767/1077 803/1532 804/1601 
f 776/1089 777/1692 813/1150 812/1200 
f 790/1016 774/1359 810/1008 826/1784 
f 769/1414 768/1095 804/1601 805/1857 
f 777/1692 778/1353 814/1482 813/1150 
f 755/1598 756/1529 792/1092 791/1169 
f 770/1726 769/1385 805/1082 806/1279 
f 778/1353 779/1755 815/1412 814/1482 
f 757/1607 755/1598 791/1169 793/1814 
f 771/1178 770/1726 806/1279 807/1076 
f 779/1755 780/1416 816/1758 815/1412 
f 758/1014 757/1607 793/1814 794/1015 
f 772/1312 771/1178 807/1076 808/1115 
f 829/1858 834/1050 846/1457 840/1667 
f 849/1316 844/1668 841/1063 845/1560 
f 842/1237 848/1384 836/1051 831/1804 
f 843/1526 830/1397 827/1825 839/1622 
f 837/1399 850/1618 847/1126 833/1313 
f 827/1825 828/1187 829/1703 
f 830/1354 831/1804 832/1658 
f 833/1313 834/1267 835/1826 
f 836/1051 837/1222 838/1756 
f 839/1622 840/1366 841/1063 
f 842/1237 843/1526 844/1668 
f 845/1560 846/1735 847/1126 
f 848/1384 849/1316 850/1618 
f 827/1825 830/1397 832/1368 828/1187 
f 831/1804 836/1051 838/1756 832/1658 
f 837/1399 833/1313 835/1826 838/1177 
f 834/1050 829/1858 828/1280 835/1454 
f 836/1051 848/1384 850/1618 837/1222 
f 849/1316 845/1560 847/1126 850/1618 
f 846/1735 834/1267 833/1313 847/1126 
f 848/1384 842/1237 844/1668 849/1316 
f 843/1526 839/1622 841/1063 844/1668 
f 840/1366 846/1735 845/1560 841/1063 
f 842/1237 831/1804 830/1354 843/1526 
f 829/1703 840/1366 839/1622 827/1825 
f 832/1658 838/1756 835/1454 828/1280 
f 995/1201 852/1317 854/1455 996/1007 
f 996/1007 854/1455 856/1770 997/1180 
f 997/1180 856/1770 858/1458 998/1179 
f 998/1179 858/1458 860/1602 999/1386 
f 999/1386 860/1602 862/1114 1000/1723 
f 1000/1723 862/1114 864/1576 1001/1621 
f 1001/1811 864/1315 866/1525 1002/1686 
f 1002/1686 866/1525 868/1859 1003/1146 
f 1003/1146 868/1859 870/1254 1004/1530 
f 1004/1530 870/1254 872/1481 1005/1376 
f 1005/1376 872/1481 874/1153 1006/1543 
f 1006/1543 874/1153 876/1075 1007/1314 
f 1007/1314 876/1075 878/1533 1008/1751 
f 1008/1751 878/1533 880/1750 1009/1281 
f 1009/1281 880/1750 882/1652 1010/1257 
f 1111/1441 1115/1341 1054/1079 1055/1120 
f 1038/1637 1125/1493 1144/1687 1139/1496 
f 1112/1352 1121/1275 1047/1785 1050/1574 
f 1042/1356 1037/1860 1138/1656 1132/1547 
f 1128/1695 1114/1078 1052/987 1059/988 
f 1115/1341 1125/1493 1038/1637 1054/1079 
f 1013/1603 894/1479 896/1083 1014/1553 
f 862/1282 860/1342 903/1589 904/1198 
f 1014/1553 896/1083 898/1108 1015/1653 
f 1015/1653 898/1108 852/1317 995/1201 
f 871/1810 873/1480 1428/1942 1433/1947 
f 916/1415 915/1181 939/1600 940/1623 
f 872/1389 870/1561 908/1797 909/1234 
f 882/1064 880/1615 913/1672 914/1335 
f 892/1318 890/1372 918/1830 919/1319 
f 858/1461 856/1147 901/1132 902/1459 
f 868/1235 866/1236 906/1460 907/1671 
f 854/1554 852/1221 900/1171 899/1388 
f 878/1173 876/1704 911/1289 912/1616 
f 888/1478 886/1182 916/1415 917/1464 
f 898/1320 896/1463 921/1133 922/1456 
f 864/1238 862/1282 904/1198 905/1555 
f 874/1666 872/1389 909/1234 910/1796 
f 884/1794 882/1064 914/1335 915/1181 
f 894/1831 892/1318 919/1319 920/1304 
f 860/1342 858/1461 902/1459 903/1589 
f 870/1561 868/1235 907/1671 908/1797 
f 880/1615 878/1173 912/1616 913/1672 
f 890/1372 888/1478 917/1464 918/1830 
f 852/1221 898/1320 922/1456 900/1171 
f 856/1147 854/1554 899/1388 901/1132 
f 866/1236 864/1238 905/1555 906/1460 
f 876/1704 874/1666 910/1796 911/1289 
f 886/1182 884/1794 915/1181 916/1415 
f 896/1463 894/1831 920/1304 921/1133 
f 929/1670 928/1771 952/1691 953/1462 
f 909/1234 908/1797 932/1669 933/1795 
f 902/1459 901/1132 925/1134 926/1159 
f 917/1464 916/1415 940/1623 941/1294 
f 910/1796 909/1234 933/1795 934/1223 
f 903/1589 902/1459 926/1159 927/1343 
f 918/1830 917/1464 941/1294 942/1283 
f 911/1289 910/1796 934/1223 935/1373 
f 904/1198 903/1589 927/1343 928/1771 
f 919/1319 918/1830 942/1283 943/1642 
f 912/1616 911/1289 935/1373 936/1673 
f 905/1555 904/1198 928/1771 929/1670 
f 920/1304 919/1319 943/1642 944/989 
f 913/1672 912/1616 936/1673 937/1336 
f 906/1460 905/1555 929/1670 930/1122 
f 921/1133 920/1304 944/989 945/1467 
f 914/1335 913/1672 937/1336 938/1798 
f 907/1671 906/1460 930/1122 931/1787 
f 922/1456 921/1133 945/1467 946/1268 
f 899/1388 900/1171 924/1190 923/1832 
f 915/1181 914/1335 938/1798 939/1600 
f 908/1797 907/1671 931/1787 932/1669 
f 900/1171 922/1456 946/1268 924/1190 
f 901/1132 899/1388 923/1832 925/1134 
f 957/1431 956/1861 980/1659 981/1772 
f 944/989 943/1642 967/1135 968/1123 
f 937/1336 936/1673 960/1069 961/1025 
f 930/1122 929/1670 953/1462 954/1674 
f 945/1467 944/989 968/1123 969/1773 
f 938/1798 937/1336 961/1025 962/1239 
f 931/1787 930/1122 954/1674 955/1643 
f 946/1268 945/1467 969/1773 970/1628 
f 923/1832 924/1190 948/1244 947/1103 
f 939/1600 938/1798 962/1239 963/1240 
f 932/1669 931/1787 955/1643 956/1392 
f 924/1190 946/1268 970/1628 948/1244 
f 925/1134 923/1832 947/1103 949/1070 
f 940/1623 939/1600 963/1240 964/1241 
f 933/1795 932/1669 956/1392 957/1337 
f 926/1159 925/1134 949/1070 950/1207 
f 941/1294 940/1623 964/1241 965/1675 
f 934/1223 933/1795 957/1337 958/1247 
f 927/1343 926/1159 950/1207 951/1443 
f 942/1283 941/1294 965/1675 966/1816 
f 935/1373 934/1223 958/1247 959/1562 
f 928/1771 927/1343 951/1443 952/1691 
f 943/1642 942/1283 966/1816 967/1135 
f 936/1673 935/1373 959/1562 960/1069 
f 974/1420 973/1649 1063/1106 1064/1035 
f 950/985 949/1421 973/1649 974/1420 
f 965/1369 964/1853 988/1139 989/1242 
f 958/1844 957/1431 981/1772 982/1580 
f 951/1775 950/985 974/1420 975/1096 
f 966/1184 965/1845 989/1846 990/1727 
f 959/1581 958/1844 982/1580 983/1212 
f 952/1833 951/1775 975/1096 976/1450 
f 967/1393 966/1184 990/1727 991/1000 
f 960/995 959/1581 983/1212 984/1847 
f 953/1522 952/1833 976/1450 977/1380 
f 968/1660 967/1393 991/1000 992/1026 
f 961/1243 960/995 984/1847 985/1728 
f 954/1329 953/1817 977/1805 978/1305 
f 969/1500 968/1660 992/1026 993/1374 
f 962/1506 961/1243 985/1728 986/1034 
f 955/1759 954/1329 978/1305 979/1136 
f 970/1258 969/1500 993/1374 994/1534 
f 947/1298 948/1102 972/1060 971/1097 
f 963/1053 962/1506 986/1034 987/1452 
f 956/1861 955/1759 979/1136 980/1659 
f 948/1102 970/1258 994/1534 972/1060 
f 949/1421 947/1298 971/1097 973/1649 
f 964/1853 963/1053 987/1452 988/1139 
f 1035/1365 1015/1653 995/1201 1036/1047 
f 1034/1838 1014/1553 1015/1653 1035/1365 
f 1033/1747 1013/1603 1014/1553 1034/1838 
f 1032/990 1012/1729 1013/1603 1033/1747 
f 1116/1054 1119/1436 1040/1682 1041/1582 
f 1126/1338 1113/1262 1131/1676 1137/1558 
f 1124/991 1127/1407 1060/1501 1053/1502 
f 1130/1730 1120/1557 1039/1444 1106/1437 
f 1030/1382 1010/1257 1011/1544 1031/1629 
f 1029/1259 1009/1281 1010/1257 1030/1382 
f 1028/1516 1008/1751 1009/1281 1029/1259 
f 1027/1583 1007/1314 1008/1751 1028/1516 
f 1026/1644 1006/1543 1007/1314 1027/1583 
f 1025/1423 1005/1376 1006/1543 1026/1644 
f 1024/1086 1004/1530 1005/1376 1025/1423 
f 1023/1027 1003/1146 1004/1530 1024/1086 
f 1022/1793 1002/1686 1003/1146 1023/1027 
f 1021/1852 1001/1811 1002/1686 1022/1793 
f 1020/1646 1000/1723 1001/1621 1021/1839 
f 1019/1224 999/1386 1000/1723 1020/1646 
f 1018/1028 998/1179 999/1386 1019/1224 
f 1017/1661 997/1180 998/1179 1018/1028 
f 1016/1677 996/1007 997/1180 1017/1661 
f 1036/1047 995/1201 996/1007 1016/1677 
f 1105/1225 1036/1047 1016/1677 1085/1789 
f 1085/1789 1016/1677 1017/1661 1086/1445 
f 1086/1445 1017/1661 1018/1028 1087/1260 
f 1087/1260 1018/1028 1019/1224 1088/1731 
f 1088/1731 1019/1224 1020/1646 1089/1306 
f 1089/1306 1020/1646 1021/1839 1090/1801 
f 1090/1559 1021/1852 1022/1793 1091/1331 
f 1091/1331 1022/1793 1023/1027 1092/1307 
f 1092/1307 1023/1027 1024/1086 1093/1818 
f 1093/1818 1024/1086 1025/1423 1094/1308 
f 1094/1308 1025/1423 1026/1644 1095/1597 
f 1095/1597 1026/1644 1027/1583 1096/1594 
f 1096/1594 1027/1583 1028/1516 1097/1702 
f 1097/1702 1028/1516 1029/1259 1098/1792 
f 1098/1792 1029/1259 1030/1382 1099/1330 
f 1099/1330 1030/1382 1031/1629 1100/1408 
f 1121/1275 1122/1566 1044/1167 1047/1785 
f 1123/1263 1124/1862 1135/1819 1143/1044 
f 1048/1400 1045/1284 1140/1104 1134/1645 
f 1127/1407 1128/1695 1059/988 1060/1501 
f 1101/1038 1032/990 1033/1747 1102/1029 
f 1102/1029 1033/1747 1034/1838 1103/1664 
f 1103/1664 1034/1838 1035/1365 1104/1535 
f 1104/1535 1035/1365 1036/1047 1105/1225 
f 1054/1422 1038/1446 1037/1860 1055/1768 
f 1055/1768 1037/1860 1042/1356 1056/1191 
f 1056/1191 1042/1356 1045/1284 1057/1748 
f 1057/1748 1045/1284 1048/1400 1058/1590 
f 1058/1590 1048/1400 1051/1834 1059/1634 
f 1059/1634 1051/1834 1053/1570 1060/1849 
f 1049/1788 1058/1590 1059/1634 1052/1719 
f 1046/992 1057/1748 1058/1590 1049/1788 
f 1043/1055 1056/1191 1057/1748 1046/992 
f 1039/1226 1055/1768 1056/1191 1043/1055 
f 1106/1563 1039/1226 1043/1055 1107/1020 
f 1107/1020 1043/1055 1046/992 1108/999 
f 1108/999 1046/992 1049/1788 1109/1405 
f 1109/1405 1049/1788 1052/1719 1110/1339 
f 1122/1566 1116/1054 1041/1582 1044/1167 
f 1129/1790 1112/1848 1050/1712 1110/1001 
f 1125/1037 1126/1338 1137/1558 1144/1742 
f 1120/1557 1111/1441 1055/1120 1039/1444 
f 989/1242 988/1139 1078/1777 1079/1569 
f 982/1580 981/1772 1071/1295 1072/1245 
f 975/1096 974/1420 1064/1035 1065/1471 
f 990/1727 989/1846 1079/997 1080/1210 
f 983/1212 982/1580 1072/1245 1073/1332 
f 976/1450 975/1096 1065/1471 1066/1030 
f 991/1000 990/1727 1080/1210 1081/1568 
f 984/1847 983/1212 1073/1332 1074/1379 
f 977/1380 976/1450 1066/1030 1067/1648 
f 992/1026 991/1000 1081/1568 1082/982 
f 985/1728 984/1847 1074/1379 1075/1160 
f 978/1305 977/1805 1067/1539 1068/1161 
f 993/1374 992/1026 1082/982 1083/1227 
f 986/1034 985/1728 1075/1160 1076/1333 
f 979/1136 978/1305 1068/1161 1069/1760 
f 994/1534 993/1374 1083/1227 1084/1863 
f 971/1097 972/1060 1062/1424 1061/1022 
f 987/1452 986/1034 1076/1333 1077/1249 
f 980/1659 979/1136 1069/1760 1070/1447 
f 972/1060 994/1534 1084/1863 1062/1424 
f 973/1649 971/1097 1061/1022 1063/1106 
f 988/1139 987/1452 1077/1249 1078/1777 
f 981/1772 980/1659 1070/1447 1071/1295 
f 1114/1078 1129/1790 1110/1001 1052/987 
f 1047/1738 1109/1405 1110/1339 1050/1188 
f 1044/1705 1108/999 1109/1405 1047/1738 
f 1041/1739 1107/1020 1108/999 1044/1705 
f 1040/1586 1106/1563 1107/1020 1041/1739 
f 897/993 1104/1535 1105/1225 851/1265 
f 895/1808 1103/1664 1104/1535 897/993 
f 893/1448 1102/1029 1103/1664 895/1808 
f 891/1587 1101/1038 1102/1029 893/1448 
f 881/1166 1099/1330 1100/1408 883/1246 
f 879/1266 1098/1792 1099/1330 881/1166 
f 877/1593 1097/1702 1098/1792 879/1266 
f 875/1142 1096/1594 1097/1702 877/1593 
f 873/1685 1095/1597 1096/1594 875/1142 
f 871/1215 1094/1308 1095/1597 873/1685 
f 869/1031 1093/1818 1094/1308 871/1215 
f 867/1056 1092/1307 1093/1818 869/1031 
f 865/1512 1091/1331 1092/1307 867/1056 
f 863/1663 1090/1559 1091/1331 865/1512 
f 861/1734 1089/1306 1090/1801 863/1701 
f 859/1662 1088/1731 1089/1306 861/1734 
f 857/1867 1087/1260 1088/1731 859/1662 
f 855/1869 1086/1445 1087/1260 857/1867 
f 853/1508 1085/1789 1086/1445 855/1869 
f 851/1265 1105/1225 1085/1789 853/1508 
f 1119/1349 1130/1730 1106/1437 1040/1488 
f 883/1246 1100/1408 1130/1730 1119/1349 
f 1032/990 1101/1038 1129/1790 1114/1078 
f 1031/1629 1011/1544 1111/1441 1120/1557 
f 886/1182 888/1478 1117/1428 1113/1262 
f 1101/1038 891/1587 1112/1848 1129/1790 
f 887/1080 885/1783 1116/1054 1122/1566 
f 1013/1603 1012/1729 1128/1695 1127/1407 
f 882/1064 884/1794 1126/1338 1125/1037 
f 892/1318 894/1831 1124/1862 1123/1263 
f 889/1121 887/1080 1122/1566 1121/1275 
f 1100/1408 1031/1629 1120/1557 1130/1730 
f 894/1479 1013/1603 1127/1407 1124/991 
f 888/1478 890/1372 1118/1465 1117/1428 
f 885/1783 883/1371 1119/1436 1116/1054 
f 1010/1257 882/1652 1125/1493 1115/1341 
f 1012/1729 1032/990 1114/1078 1128/1695 
f 884/1794 886/1182 1113/1262 1126/1338 
f 891/1604 889/1121 1121/1275 1112/1352 
f 890/1372 892/1318 1123/1263 1118/1465 
f 1011/1544 1010/1257 1115/1341 1111/1441 
f 1113/1262 1117/1428 1142/1084 1131/1676 
f 1051/1834 1048/1400 1134/1645 1141/1141 
f 1118/1465 1123/1263 1143/1044 1133/1710 
f 1045/1284 1042/1356 1132/1547 1140/1104 
f 1117/1428 1118/1465 1133/1710 1142/1084 
f 1053/1570 1051/1834 1141/1141 1136/1041 
f 1124/991 1053/1502 1136/1630 1135/1137 
f 1037/1860 1038/1446 1139/1466 1138/1656 
f 1150/1571 1169/1766 1149/1468 
f 1155/1484 1169/1766 1154/1404 
f 1160/1487 1169/1766 1159/1872 
f 1165/994 1169/1766 1164/980 
f 1148/1829 1169/1766 1147/1138 
f 1153/1322 1169/1766 1152/1395 
f 1146/1250 1169/1766 1145/1716 
f 1158/1592 1169/1766 1157/1427 
f 1163/1433 1169/1766 1162/983 
f 1168/1233 1169/1766 1167/1042 
f 1151/1854 1169/1766 1150/1571 
f 1156/1868 1169/1766 1155/1484 
f 1161/1350 1169/1766 1160/1487 
f 1166/1065 1169/1766 1165/994 
f 1149/1468 1169/1766 1148/1829 
f 1154/1404 1169/1766 1153/1322 
f 1159/1872 1169/1766 1158/1592 
f 1164/980 1169/1766 1163/1433 
f 1145/1716 1169/1766 1168/1233 
f 1147/1138 1169/1766 1146/1250 
f 1152/1395 1169/1766 1151/1854 
f 1157/1427 1169/1766 1156/1868 
f 1162/983 1169/1766 1161/1350 
f 1167/1042 1169/1766 1166/1065 
f 1162/983 1170/1779 1171/1678 1163/1433 
f 1160/1487 1175/1765 1176/1721 1161/1350 
f 1165/994 1173/1513 1174/1874 1166/1065 
f 1163/1433 1171/1678 1172/1837 1164/980 
f 1161/1350 1176/1721 1170/1779 1162/983 
f 1164/980 1172/1837 1173/1513 1165/994 
f 1210/1248 1209/1799 1201/1507 
f 1212/978 1211/979 1201/1507 
f 1214/1296 1213/1540 1201/1507 
f 1216/1800 1215/1429 1201/1507 
f 1218/1127 1217/1398 1201/1507 
f 1220/1611 1219/1679 1201/1507 
f 1222/1085 1221/1128 1201/1507 
f 1224/1002 1223/1228 1201/1507 
f 1226/1162 1225/1292 1201/1507 
f 1228/1510 1227/1340 1201/1507 
f 1229/977 1210/1248 1201/1507 
f 1230/1378 1212/978 1201/1507 
f 1231/1213 1214/1296 1201/1507 
f 1232/1140 1216/1800 1201/1507 
f 1209/1799 1218/1127 1201/1507 
f 1211/979 1220/1611 1201/1507 
f 1213/1540 1224/1002 1201/1507 
f 1215/1429 1226/1162 1201/1507 
f 1221/1128 1228/1510 1201/1507 
f 1217/1398 1222/1085 1201/1507 
f 1219/1679 1229/977 1201/1507 
f 1223/1228 1230/1378 1201/1507 
f 1225/1292 1231/1213 1201/1507 
f 1227/1340 1232/1140 1201/1507 
f 1194/1232 1195/1101 1202/1490 1205/1344 
f 1192/1229 1193/1165 1208/1449 1204/1057 
f 1197/1802 1198/1511 1207/1290 1203/1288 
f 1195/1101 1196/1143 1206/1297 1202/1490 
f 1193/1165 1194/1232 1205/1344 1208/1449 
f 1196/1143 1197/1802 1203/1288 1206/1297 
f 1149/1348 1148/1401 1180/1185 1181/1109 
f 1150/1736 1149/1348 1181/1109 1182/1299 
f 1151/1696 1150/1736 1182/1299 1183/1113 
f 1152/1438 1151/1855 1183/1741 1184/1098 
f 1175/1706 1160/1345 1192/1680 1204/1707 
f 1153/1164 1152/1438 1184/1098 1185/1045 
f 1167/1346 1166/1036 1198/1129 1199/1046 
f 1154/1733 1153/1164 1185/1045 1186/1769 
f 1168/1503 1167/1346 1199/1046 1200/1087 
f 1155/1367 1154/1733 1186/1769 1187/1269 
f 1145/1196 1168/1503 1200/1087 1178/1803 
f 1166/1036 1174/1708 1207/1709 1198/1129 
f 1156/1699 1155/1367 1187/1269 1188/1774 
f 1157/1105 1156/1699 1188/1774 1189/1591 
f 1158/1870 1157/1105 1189/1591 1190/1264 
f 1159/1214 1158/1870 1190/1264 1191/1700 
f 1146/1681 1145/1196 1178/1803 1177/1402 
f 1160/1345 1159/1214 1191/1700 1192/1680 
f 1147/1514 1146/1681 1177/1402 1179/1864 
f 1148/1401 1147/1514 1179/1864 1180/1185 
f 1199/1323 1198/1511 1232/1140 1227/1340 
f 1194/1232 1193/1165 1231/1213 1225/1292 
f 1189/1714 1188/1518 1230/1378 1223/1228 
f 1184/1762 1183/1613 1229/977 1219/1679 
f 1179/1291 1177/1564 1222/1085 1217/1398 
f 1178/1370 1200/1856 1228/1510 1221/1128 
f 1196/1143 1195/1101 1226/1162 1215/1429 
f 1191/1585 1190/1430 1224/1002 1213/1540 
f 1186/1515 1185/1806 1220/1611 1211/979 
f 1181/1130 1180/1737 1218/1127 1209/1799 
f 1198/1511 1197/1802 1216/1800 1232/1140 
f 1193/1165 1192/1229 1214/1296 1231/1213 
f 1188/1518 1187/1018 1212/978 1230/1378 
f 1183/1613 1182/1743 1210/1248 1229/977 
f 1200/1856 1199/1323 1227/1340 1228/1510 
f 1195/1101 1194/1232 1225/1292 1226/1162 
f 1190/1430 1189/1714 1223/1228 1224/1002 
f 1177/1564 1178/1370 1221/1128 1222/1085 
f 1185/1806 1184/1762 1219/1679 1220/1611 
f 1180/1737 1179/1291 1217/1398 1218/1127 
f 1197/1802 1196/1143 1215/1429 1216/1800 
f 1192/1229 1191/1585 1213/1540 1214/1296 
f 1187/1018 1186/1515 1211/979 1212/978 
f 1182/1743 1181/1130 1209/1799 1210/1248 
f 1238/1032 1262/1572 1261/1851 1237/1469 
f 1243/1112 1267/1536 1266/1406 1242/1732 
f 1248/1608 1272/1567 1271/1272 1247/1472 
f 1253/1039 1277/1183 1276/1850 1252/1362 
f 1236/1828 1260/1720 1259/1453 1235/1048 
f 1241/1491 1265/1285 1264/1434 1240/1375 
f 1234/1523 1257/1068 1258/981 1233/1827 
f 1246/1230 1270/1186 1269/1125 1245/1216 
f 1251/1697 1275/1713 1274/1763 1250/1871 
f 1256/1261 1280/1865 1279/1698 1255/1791 
f 1239/1426 1263/1609 1262/1572 1238/1032 
f 1244/1717 1268/1110 1267/1536 1243/1112 
f 1249/1058 1273/998 1272/1567 1248/1608 
f 1254/1665 1278/1293 1277/1183 1253/1039 
f 1237/1469 1261/1851 1260/1720 1236/1828 
f 1242/1732 1266/1406 1265/1285 1241/1491 
f 1247/1472 1271/1272 1270/1186 1246/1230 
f 1252/1362 1276/1850 1275/1713 1251/1697 
f 1233/1827 1258/981 1280/1865 1256/1261 
f 1235/1048 1259/1453 1257/1068 1234/1523 
f 1240/1375 1264/1434 1263/1609 1239/1426 
f 1245/1216 1269/1125 1268/1110 1244/1717 
f 1250/1871 1274/1763 1273/998 1249/1058 
f 1255/1791 1279/1698 1278/1293 1254/1665 
f 1250/1871 1281/1473 1282/1866 1251/1697 
f 1248/1608 1286/1650 1287/1537 1249/1058 
f 1253/1039 1284/1099 1285/1217 1254/1665 
f 1251/1697 1282/1866 1283/1740 1252/1362 
f 1249/1058 1287/1537 1281/1473 1250/1871 
f 1252/1362 1283/1740 1284/1099 1253/1039 
f 1344/1377 1343/1381 1316/1809 1317/1218 
f 1346/1632 1345/1435 1321/986 1322/1635 
f 1348/1509 1347/1538 1326/1071 1327/1273 
f 1350/1163 1349/1334 1331/1617 1332/1520 
f 1352/1764 1351/1432 1314/1840 1315/1614 
f 1354/1744 1353/1824 1319/1286 1320/1211 
f 1356/976 1355/1485 1313/1059 1312/1546 
f 1358/1043 1357/1517 1324/1363 1325/1584 
f 1360/1746 1359/1835 1329/1761 1330/1156 
f 1362/1394 1361/1541 1334/1019 1335/1820 
f 1363/1504 1344/1377 1317/1218 1318/1383 
f 1364/1595 1346/1632 1322/1635 1323/1776 
f 1365/1310 1348/1509 1327/1273 1328/1647 
f 1366/1270 1350/1163 1332/1520 1333/1807 
f 1343/1381 1352/1764 1315/1614 1316/1809 
f 1345/1435 1354/1744 1320/1211 1321/986 
f 1347/1538 1358/1043 1325/1584 1326/1071 
f 1349/1334 1360/1746 1330/1156 1331/1617 
f 1355/1485 1362/1394 1335/1820 1313/1059 
f 1351/1432 1356/976 1312/1546 1314/1840 
f 1353/1824 1363/1504 1318/1383 1319/1286 
f 1357/1517 1364/1595 1323/1776 1324/1363 
f 1359/1835 1365/1310 1328/1647 1329/1761 
f 1361/1541 1366/1270 1333/1807 1334/1019 
f 1305/1821 1306/1565 1336/996 1339/1470 
f 1303/1231 1304/1711 1342/1111 1338/1325 
f 1308/1633 1309/1610 1341/1778 1337/1189 
f 1306/1565 1307/1351 1340/1155 1336/996 
f 1304/1711 1305/1821 1339/1470 1342/1111 
f 1307/1351 1308/1633 1337/1189 1340/1155 
f 1276/1850 1277/1183 1332/1520 1331/1617 
f 1237/1439 1236/1767 1291/1683 1292/1411 
f 1263/1609 1264/1434 1319/1286 1318/1383 
f 1284/1099 1283/1740 1340/1155 1337/1189 
f 1277/1183 1278/1293 1333/1807 1332/1520 
f 1238/1822 1237/1439 1292/1411 1293/1596 
f 1264/1434 1265/1285 1320/1211 1319/1286 
f 1278/1293 1279/1698 1334/1019 1333/1807 
f 1239/1823 1238/1822 1293/1596 1294/1271 
f 1265/1285 1266/1406 1321/986 1320/1211 
f 1279/1698 1280/1865 1335/1820 1334/1019 
f 1240/1396 1239/1823 1294/1271 1295/1033 
f 1266/1406 1267/1536 1322/1635 1321/986 
f 1280/1865 1258/981 1313/1059 1335/1820 
f 1286/1650 1248/1124 1303/1425 1338/1325 
f 1241/1061 1240/1396 1295/1033 1296/1107 
f 1267/1536 1268/1110 1323/1776 1322/1635 
f 1255/984 1254/1326 1309/1718 1310/1287 
f 1242/1131 1241/1061 1296/1107 1297/1100 
f 1268/1110 1269/1125 1324/1363 1323/1776 
f 1256/1073 1255/984 1310/1287 1311/1631 
f 1243/1309 1242/1131 1297/1100 1298/1193 
f 1269/1125 1270/1186 1325/1584 1324/1363 
f 1233/1347 1256/1073 1311/1631 1289/1197 
f 1254/1326 1285/1217 1341/1778 1309/1718 
f 1244/1324 1243/1309 1298/1193 1299/1066 
f 1270/1186 1271/1272 1326/1071 1325/1584 
f 1258/981 1257/1068 1312/1546 1313/1059 
f 1245/1836 1244/1324 1299/1066 1300/1017 
f 1271/1272 1272/1567 1327/1273 1326/1071 
f 1257/1068 1259/1453 1314/1840 1312/1546 
f 1282/1866 1281/1473 1339/1470 1336/996 
f 1246/1745 1245/1836 1300/1017 1301/1311 
f 1272/1567 1273/998 1328/1647 1327/1273 
f 1259/1453 1260/1720 1315/1614 1314/1840 
f 1287/1537 1286/1650 1338/1325 1342/1111 
f 1247/1651 1246/1745 1301/1311 1302/1219 
f 1273/998 1274/1763 1329/1761 1328/1647 
f 1234/1021 1233/1347 1289/1197 1288/1157 
f 1260/1720 1261/1851 1316/1809 1315/1614 
f 1285/1217 1284/1099 1337/1189 1341/1778 
f 1248/1124 1247/1651 1302/1219 1303/1425 
f 1274/1763 1275/1713 1330/1156 1329/1761 
f 1235/1072 1234/1021 1288/1157 1290/1573 
f 1261/1851 1262/1572 1317/1218 1316/1809 
f 1283/1740 1282/1866 1336/996 1340/1155 
f 1275/1713 1276/1850 1331/1617 1330/1156 
f 1236/1767 1235/1072 1290/1573 1291/1683 
f 1262/1572 1263/1609 1318/1383 1317/1218 
f 1281/1473 1287/1537 1342/1111 1339/1470 
f 1310/1364 1309/1610 1366/1270 1361/1541 
f 1305/1821 1304/1711 1365/1310 1359/1835 
f 1300/1545 1299/1505 1364/1595 1357/1517 
f 1295/1873 1294/1588 1363/1504 1353/1824 
f 1290/1208 1288/1780 1356/976 1351/1432 
f 1289/1519 1311/1158 1362/1394 1355/1485 
f 1307/1351 1306/1565 1360/1746 1349/1334 
f 1302/1781 1301/1492 1358/1043 1347/1538 
f 1297/1144 1296/1489 1354/1744 1345/1435 
f 1292/1067 1291/1451 1352/1764 1343/1381 
f 1309/1610 1308/1633 1350/1163 1366/1270 
f 1304/1711 1303/1231 1348/1509 1365/1310 
f 1299/1505 1298/1486 1346/1632 1364/1595 
f 1294/1588 1293/1209 1344/1377 1363/1504 
f 1311/1158 1310/1364 1361/1541 1362/1394 
f 1306/1565 1305/1821 1359/1835 1360/1746 
f 1301/1492 1300/1545 1357/1517 1358/1043 
f 1288/1780 1289/1519 1355/1485 1356/976 
f 1296/1489 1295/1873 1353/1824 1354/1744 
f 1291/1451 1290/1208 1351/1432 1352/1764 
f 1308/1633 1307/1351 1349/1334 1350/1163 
f 1303/1231 1302/1781 1347/1538 1348/1509 
f 1298/1486 1297/1144 1345/1435 1346/1632 
f 1293/1209 1292/1067 1343/1381 1344/1377 
f 1395/1907 1394/1906 1369/1876 1370/1877 
f 1392/1904 1393/1905 1368/1878 1367/1879 
f 1393/1905 1415/1929 1390/1880 1368/1878 
f 1415/1929 1414/1928 1389/1881 1390/1880 
f 1414/1928 1413/1927 1388/1882 1389/1881 
f 1413/1927 1412/1926 1387/1883 1388/1882 
f 1412/1926 1411/1925 1386/1884 1387/1883 
f 1411/1925 1410/1923 1385/1885 1386/1884 
f 1410/1924 1409/1922 1384/1886 1385/1887 
f 1409/1922 1408/1921 1383/1888 1384/1886 
f 1408/1921 1407/1920 1382/1889 1383/1888 
f 1407/1920 1406/1919 1381/1890 1382/1889 
f 1406/1919 1405/1918 1380/1891 1381/1890 
f 1405/1918 1404/1917 1379/1892 1380/1891 
f 1404/1917 1403/1916 1378/1893 1379/1892 
f 1403/1916 1402/1915 1377/1894 1378/1893 
f 1402/1915 1401/1914 1376/1895 1377/1894 
f 1401/1914 1400/1913 1375/1896 1376/1895 
f 1400/1913 1399/1912 1374/1897 1375/1896 
f 1399/1912 1398/1910 1373/1898 1374/1897 
f 1398/1911 1397/1909 1372/1899 1373/1900 
f 1397/1909 1396/1908 1371/1901 1372/1899 
f 1396/1908 1395/1907 1370/1877 1371/1901 
f 1394/1906 1392/1904 1367/1879 1369/1876 
f 1370/1877 1369/1876 1391/1902 
f 1367/1879 1368/1878 1391/1902 
f 1368/1878 1390/1880 1391/1902 
f 1390/1880 1389/1881 1391/1902 
f 1389/1881 1388/1882 1391/1902 
f 1388/1882 1387/1883 1391/1902 
f 1387/1883 1386/1884 1391/1902 
f 1386/1884 1385/1885 1391/1902 
f 1385/1887 1384/1886 1391/1903 
f 1384/1886 1383/1888 1391/1903 
f 1383/1888 1382/1889 1391/1903 
f 1382/1889 1381/1890 1391/1903 
f 1381/1890 1380/1891 1391/1903 
f 1380/1891 1379/1892 1391/1903 
f 1379/1892 1378/1893 1391/1903 
f 1378/1893 1377/1894 1391/1903 
f 1377/1894 1376/1895 1391/1903 
f 1376/1895 1375/1896 1391/1903 
f 1375/1896 1374/1897 1391/1903 
f 1374/1897 1373/1898 1391/1903 
f 1373/1900 1372/1899 1391/1902 
f 1372/1899 1371/1901 1391/1902 
f 1371/1901 1370/1877 1391/1902 
f 1369/1876 1367/1879 1391/1902 
f 1063/1106 1394/1906 1395/1907 1064/1035 
f 1062/1424 1393/1905 1392/1904 1061/1022 
f 1084/1863 1415/1929 1393/1905 1062/1424 
f 1083/1227 1414/1928 1415/1929 1084/1863 
f 1082/982 1413/1927 1414/1928 1083/1227 
f 1081/1568 1412/1926 1413/1927 1082/982 
f 1080/1210 1411/1925 1412/1926 1081/1568 
f 1079/997 1410/1923 1411/1925 1080/1210 
f 1078/1777 1409/1922 1410/1924 1079/1569 
f 1077/1249 1408/1921 1409/1922 1078/1777 
f 1076/1333 1407/1920 1408/1921 1077/1249 
f 1075/1160 1406/1919 1407/1920 1076/1333 
f 1074/1379 1405/1918 1406/1919 1075/1160 
f 1073/1332 1404/1917 1405/1918 1074/1379 
f 1072/1245 1403/1916 1404/1917 1073/1332 
f 1071/1295 1402/1915 1403/1916 1072/1245 
f 1070/1447 1401/1914 1402/1915 1071/1295 
f 1069/1760 1400/1913 1401/1914 1070/1447 
f 1068/1161 1399/1912 1400/1913 1069/1760 
f 1067/1539 1398/1910 1399/1912 1068/1161 
f 1066/1030 1397/1909 1398/1911 1067/1648 
f 1065/1471 1396/1908 1397/1909 1066/1030 
f 1064/1035 1395/1907 1396/1908 1065/1471 
f 1061/1022 1392/1904 1394/1906 1063/1106 
f 881/1052 883/1371 885/1783 1420/1934 
f 887/1080 889/1121 1418/1932 1416/1930 
f 1432/1946 1429/1943 1430/1944 1431/1945 
f 877/1409 879/1715 1422/1936 1427/1941 
f 1426/1940 1423/1937 1424/1938 1425/1939 
f 889/1121 891/1604 893/1620 1418/1932 
f 895/1170 897/1757 1425/1939 1424/1938 
f 853/1815 855/1094 1431/1945 1430/1944 
f 885/1783 887/1080 1416/1930 1420/1934 
f 1423/1937 1426/1940 1427/1941 1422/1936 
f 1429/1943 1432/1946 1433/1947 1428/1942 
f 879/1715 881/1052 1420/1934 1422/1936 
f 1422/1936 1420/1934 1416/1930 1423/1937 
f 1423/1937 1416/1930 1418/1932 1424/1938 
f 1424/1938 1418/1932 893/1620 895/1170 
f 897/1757 851/1693 1419/1933 1425/1939 
f 1425/1939 1419/1933 1417/1931 1426/1940 
f 1426/1940 1417/1931 1421/1935 1427/1941 
f 1427/1941 1421/1935 875/1206 877/1409 
f 873/1480 875/1206 1421/1935 1428/1942 
f 1428/1942 1421/1935 1417/1931 1429/1943 
f 1429/1943 1417/1931 1419/1933 1430/1944 
f 1430/1944 1419/1933 851/1693 853/1815 
f 857/1477 859/1194 861/1638 1436/1950 
f 1436/1950 861/1638 863/1024 1435/1949 
f 1435/1949 863/1024 865/1527 1434/1948 
f 1434/1948 865/1527 867/1619 869/1154 
f 869/1154 871/1810 1433/1947 1434/1948 
f 1434/1948 1433/1947 1432/1946 1435/1949 
f 1435/1949 1432/1946 1431/1945 1436/1950 
f 1436/1950 1431/1945 855/1094 857/1477 
# 625 polygons - 80 triangles

