# 3ds Max Wavefront OBJ Exporter v0.97b - (c)2007 guruware
# File Created: 03.08.2021 16:06:55

#
# object ??___??
#

v  5.540964 0.795488 8.360175
v  5.540964 1.564816 8.360175
v  5.475236 0.795488 8.342561
v  5.475235 1.564816 8.342561
v  5.427118 0.795488 8.294442
v  5.427117 1.564816 8.294442
v  5.409503 0.795488 8.228715
v  5.409503 1.564816 8.228715
v  5.427118 0.795488 8.162982
v  5.427117 1.564816 8.162982
v  5.475236 0.795488 8.114864
v  5.475235 1.564816 8.114864
v  5.540964 0.795488 8.097255
v  5.540963 1.564816 8.097255
v  5.606691 0.795488 8.114864
v  5.606696 1.564816 8.114864
v  5.654809 0.795488 8.162982
v  5.654809 1.564816 8.162982
v  5.672424 0.795488 8.228715
v  5.672423 1.564816 8.228715
v  5.654809 0.795488 8.294442
v  5.654809 1.564816 8.294442
v  5.606696 0.795488 8.342561
v  5.606696 1.564816 8.342561
v  5.504757 1.564816 8.291423
v  5.540964 1.564816 8.301124
v  5.478255 1.564816 8.264916
v  5.468554 1.564816 8.228715
v  5.478255 1.564816 8.192508
v  5.504757 1.564816 8.166001
v  5.540964 1.564816 8.156301
v  5.577170 1.564816 8.166001
v  5.603672 1.564816 8.192508
v  5.613372 1.564816 8.228715
v  5.603672 1.564816 8.264916
v  5.577170 1.564816 8.291423
v  5.504756 2.236027 8.291423
v  5.540963 2.236027 8.301124
v  5.478255 2.236027 8.264916
v  5.468554 2.236027 8.228715
v  5.478255 2.236027 8.192508
v  5.504756 2.236027 8.166001
v  5.540963 2.236027 8.156301
v  5.577170 2.236027 8.166001
v  5.603672 2.236027 8.192508
v  5.613372 2.236027 8.228715
v  5.603672 2.236027 8.264916
v  5.577170 2.236027 8.291423
v  5.522801 0.517561 9.290961
v  5.522801 0.623710 9.290961
v  5.524167 0.517561 9.276484
v  5.524167 0.623710 9.276484
v  5.535374 0.517561 9.267214
v  5.535374 0.623710 9.267214
v  5.549856 0.517561 9.268579
v  5.549856 0.623710 9.268579
v  5.559126 0.517561 9.279787
v  5.559126 0.623710 9.279787
v  5.557761 0.517561 9.294269
v  5.557761 0.623710 9.294269
v  5.546553 0.517561 9.303538
v  5.546553 0.623710 9.303538
v  5.532072 0.517561 9.302169
v  5.532072 0.623710 9.302169
v  5.371941 0.452807 9.278879
v  5.404821 0.452807 9.385756
v  5.388827 0.507181 9.273683
v  5.421708 0.507181 9.380564
v  5.433038 0.540789 9.260084
v  5.465919 0.540789 9.366961
v  5.487681 0.540789 9.243273
v  5.520562 0.540789 9.350149
v  5.531892 0.507181 9.229670
v  5.564772 0.507181 9.336547
v  5.548779 0.452807 9.224473
v  5.581659 0.452807 9.331354
v  5.531892 0.398433 9.229670
v  5.564772 0.398433 9.336547
v  5.487681 0.364825 9.243273
v  5.520562 0.364825 9.350149
v  5.433038 0.364825 9.260084
v  5.465919 0.364825 9.366961
v  5.388827 0.398433 9.273683
v  5.421708 0.398433 9.380564
v  5.427434 0.514452 9.372716
v  5.397975 0.514452 9.276952
v  5.437588 0.544564 9.264767
v  5.467048 0.544564 9.360530
v  5.486552 0.544564 9.249699
v  5.516012 0.544564 9.345468
v  5.526161 0.514452 9.237514
v  5.555625 0.514452 9.333277
v  5.410184 0.516333 9.396340
v  5.370424 0.516333 9.267110
v  5.423881 0.556967 9.250663
v  5.463641 0.556967 9.379897
v  5.489959 0.556967 9.230336
v  5.529718 0.556967 9.359567
v  5.543411 0.516333 9.213889
v  5.583171 0.516333 9.343123
v  5.566894 2.119266 8.953430
v  5.566894 2.158463 8.960342
v  5.612933 2.096969 9.142331
v  5.612933 2.114805 9.145473
v  5.515033 2.119266 8.953430
v  5.515033 2.158463 8.960342
v  5.468994 2.096969 9.142331
v  5.468994 2.114805 9.145473
v  5.604608 2.106003 9.028622
v  5.604608 2.145205 9.035534
v  5.477319 2.106003 9.028622
v  5.477319 2.145205 9.035534
v  5.540963 2.232370 8.325329
v  5.540963 2.114564 8.993436
v  5.531088 2.235531 8.325887
v  5.531088 2.117725 8.993994
v  5.524984 2.243809 8.327347
v  5.524984 2.126003 8.995448
v  5.524984 2.254033 8.329146
v  5.524984 2.136228 8.997253
v  5.531088 2.262311 8.330606
v  5.531088 2.144506 8.998713
v  5.540963 2.265467 8.331164
v  5.540963 2.147662 8.999271
v  5.550843 2.262311 8.330606
v  5.550843 2.144506 8.998713
v  5.556948 2.254033 8.329146
v  5.556943 2.136228 8.997253
v  5.556948 2.243809 8.327347
v  5.556943 2.126003 8.995448
v  5.550843 2.235531 8.325887
v  5.550838 2.117725 8.993994
v  6.784489 2.408508 8.126062
v  6.921765 3.746078 8.126062
v  6.784489 2.408508 8.331363
v  6.921765 3.746078 8.331363
v  6.719532 2.415175 8.126062
v  6.856808 3.752745 8.126062
v  6.719532 2.415175 8.331363
v  6.856808 3.752745 8.331363
v  6.738511 2.430555 8.394775
v  6.738511 2.430555 8.062650
v  6.687809 2.416966 8.394775
v  6.687809 2.416966 8.062650
v  6.650685 2.379847 8.394775
v  6.650685 2.379847 8.062650
v  6.637101 2.329145 8.394775
v  6.637101 2.329145 8.062650
v  6.650685 2.278437 8.394775
v  6.650685 2.278437 8.062650
v  6.687809 2.241319 8.394775
v  6.687809 2.241319 8.062650
v  6.738511 2.227730 8.394775
v  6.738511 2.227730 8.062650
v  6.789218 2.241319 8.394775
v  6.789218 2.241319 8.062650
v  6.826337 2.278437 8.394775
v  6.826337 2.278437 8.062650
v  6.839921 2.329145 8.394775
v  6.839921 2.329145 8.062650
v  6.826337 2.379847 8.394775
v  6.826337 2.379847 8.062650
v  6.789218 2.416966 8.394775
v  6.789218 2.416966 8.062650
v  6.388597 2.293840 7.258684
v  6.510990 2.293840 7.381077
v  6.510990 2.343135 7.381077
v  6.388597 2.343135 7.258684
v  6.510990 2.293840 9.076347
v  6.388597 2.293840 9.198741
v  6.388597 2.343135 9.198741
v  6.510990 2.343135 9.076347
v  4.570937 2.293840 7.381077
v  4.693330 2.293840 7.258684
v  4.693330 2.343135 7.258684
v  4.570937 2.343134 7.381077
v  4.693330 2.293840 9.198741
v  4.570937 2.293840 9.076348
v  4.570937 2.343134 9.076348
v  4.693330 2.343135 9.198741
v  6.417924 2.358642 7.225123
v  6.544550 2.358642 7.351749
v  6.544550 2.358642 9.105675
v  6.417924 2.358642 9.232302
v  4.664003 2.358642 9.232302
v  4.537376 2.358642 9.105675
v  4.537376 2.358642 7.351749
v  4.664003 2.358642 7.225123
v  6.417923 2.495772 7.225123
v  6.544550 2.495772 7.351749
v  6.544550 2.495772 9.105675
v  6.417924 2.495772 9.232302
v  4.664003 2.495772 9.232302
v  4.537376 2.495776 9.105675
v  4.537376 2.495776 7.351749
v  4.664003 2.495772 7.225123
v  6.302859 2.551568 7.356805
v  6.412873 2.551568 7.466819
v  6.412873 2.551568 8.990610
v  6.302859 2.551568 9.100619
v  4.779068 2.551568 9.100619
v  4.669054 2.551568 8.990610
v  4.669058 2.551568 7.466819
v  4.779068 2.551568 7.356805
v  5.467199 0.724412 9.326606
v  5.467199 0.589483 9.326606
v  5.467199 0.950842 8.309656
v  5.467199 0.815918 8.309656
v  5.614728 0.724412 9.326606
v  5.614728 0.589483 9.326606
v  5.614728 0.950842 8.309656
v  5.614728 0.815918 8.309656
v  5.565552 0.972090 8.309656
v  5.516375 0.972090 8.309656
v  5.516376 0.815918 8.309656
v  5.565552 0.815918 8.309656
v  5.516376 0.745659 9.326606
v  5.565552 0.745659 9.326606
v  5.565552 0.589483 9.326606
v  5.516376 0.589483 9.326606
v  5.488584 0.698538 9.355243
v  5.488584 0.575630 9.363706
v  5.593339 0.575630 9.363706
v  5.593339 0.698538 9.355243
v  5.558422 0.713625 9.355243
v  5.523505 0.575630 9.363706
v  5.523505 0.713625 9.355243
v  5.558422 0.575630 9.363706
v  7.030583 5.632853 7.647357
v  7.043080 5.754603 7.751417
v  6.994041 5.759636 7.751417
v  6.981544 5.637885 7.647357
v  7.043080 5.754603 8.706007
v  7.030583 5.632853 8.810068
v  6.981544 5.637885 8.810068
v  6.994041 5.759636 8.706007
v  6.732563 2.729011 7.381077
v  6.745055 2.850761 7.258684
v  6.696015 2.855798 7.258684
v  6.683523 2.734043 7.381077
v  6.745055 2.850761 9.198741
v  6.732563 2.729011 9.076347
v  6.683523 2.734043 9.076347
v  6.696015 2.855798 9.198741
v  6.969113 5.668644 7.627243
v  6.982040 5.794604 7.734904
v  6.982040 5.794604 8.722521
v  6.969113 5.668644 8.830182
v  6.677598 2.828205 9.232302
v  6.664671 2.702240 9.105675
v  6.664671 2.702240 7.351749
v  6.677598 2.828205 7.225123
v  6.832696 5.682644 7.627243
v  6.845623 5.808609 7.734904
v  6.845623 5.808609 8.722521
v  6.832696 5.682644 8.830182
v  6.541182 2.842209 9.232302
v  6.528254 2.716244 9.105675
v  6.528254 2.716244 7.351749
v  6.541182 2.842209 7.225123
v  6.765447 5.573872 7.706162
v  6.776678 5.683310 7.799696
v  6.776678 5.683310 8.657728
v  6.765447 5.573872 8.751263
v  6.497424 2.962368 9.100619
v  6.486193 2.852930 8.990610
v  6.486193 2.852930 7.466819
v  6.497424 2.962368 7.356805
v  6.944921 4.798208 9.094978
v  6.859264 3.963564 9.198741
v  6.810225 3.968596 9.198741
v  6.895882 4.803241 9.094978
v  6.793801 3.960455 9.232302
v  6.881457 4.814548 9.124948
v  6.657385 3.974455 9.232302
v  6.745040 4.828547 9.124948
v  6.605799 4.018307 9.100619
v  6.685620 4.796091 9.007355
v  6.859727 3.968109 7.258684
v  6.945389 4.802754 7.362447
v  6.810693 3.973141 7.258684
v  6.896350 4.807786 7.362447
v  6.794279 3.965104 7.225123
v  6.881934 4.819197 7.332477
v  6.657862 3.979104 7.225123
v  6.745518 4.833200 7.332477
v  6.606233 4.022540 7.356805
v  6.686055 4.800324 7.450074
v  7.054605 5.866890 8.069614
v  7.054605 5.866890 8.387811
v  7.005565 5.871922 8.069614
v  7.005565 5.871922 8.387811
v  6.993564 5.906891 8.064110
v  6.993564 5.906891 8.393315
v  6.857147 5.920891 8.064110
v  6.857147 5.920891 8.393315
v  6.788202 5.795597 8.085707
v  6.788202 5.795597 8.371717
v  7.072167 5.582477 7.868556
v  7.061357 5.477155 7.790034
v  7.061357 5.477155 8.667391
v  7.072167 5.582477 8.588868
v  6.803554 2.965208 8.868321
v  6.814364 3.070529 8.960678
v  6.814364 3.070529 7.496751
v  6.803554 2.965208 7.589104
v  7.082136 5.679606 8.348764
v  6.913161 4.033147 8.960678
v  6.987663 4.759082 7.575047
v  6.987257 4.755151 8.882378
v  6.913563 4.037078 7.496751
v  7.082136 5.679606 8.108661
v  5.341323 2.246568 8.091192
v  6.704218 2.246568 8.091192
v  5.341323 2.246568 8.366232
v  6.704218 2.246568 8.366232
v  5.341323 2.311866 8.091192
v  6.704218 2.311866 8.091192
v  5.341323 2.311866 8.366232
v  6.704218 2.311866 8.366232
v  5.718151 2.246568 8.091192
v  5.718151 2.246568 8.366232
v  5.718151 2.311866 8.366232
v  5.718151 2.311866 8.091192
v  5.341323 2.187238 8.366232
v  5.341323 2.187238 8.091192
v  5.718151 2.187238 8.366232
v  5.718151 2.187238 8.091192
v  7.106432 3.632053 8.228715
v  6.966746 3.646388 8.228715
v  7.105204 3.620094 8.273582
v  6.965518 3.634429 8.273582
v  7.101854 3.587417 8.306430
v  6.962163 3.601752 8.306430
v  7.097271 3.542781 8.318454
v  6.957580 3.557116 8.318454
v  7.092688 3.498145 8.306430
v  6.953001 3.512480 8.306430
v  7.089337 3.465472 8.273582
v  6.949647 3.479808 8.273582
v  7.088109 3.453509 8.228715
v  6.948418 3.467849 8.228715
v  7.089337 3.465472 8.183843
v  6.949647 3.479808 8.183843
v  7.092688 3.498145 8.150995
v  6.953001 3.512480 8.150995
v  7.097271 3.542781 8.138975
v  6.957580 3.557116 8.138975
v  7.101854 3.587417 8.150995
v  6.962163 3.601752 8.150995
v  7.105204 3.620094 8.183843
v  6.965518 3.634429 8.183843
v  6.961511 3.595397 8.250931
v  6.962121 3.601317 8.228715
v  6.959852 3.579219 8.267194
v  6.957580 3.557116 8.273148
v  6.955312 3.535018 8.267194
v  6.953653 3.518840 8.250931
v  6.953044 3.512915 8.228715
v  6.953653 3.518840 8.206498
v  6.955312 3.535018 8.190230
v  6.957580 3.557116 8.184282
v  6.959852 3.579219 8.190230
v  6.961511 3.595397 8.206498
v  6.884769 3.603273 8.250931
v  6.885374 3.609194 8.228715
v  6.883106 3.587095 8.267194
v  6.880838 3.564992 8.273148
v  6.878571 3.542894 8.267194
v  6.876912 3.526716 8.250931
v  6.876303 3.520791 8.228715
v  6.876912 3.526716 8.206498
v  6.878571 3.542894 8.190230
v  6.880838 3.564992 8.184282
v  6.883106 3.587095 8.190230
v  6.884769 3.603273 8.206498
v  7.136794 3.601846 8.228715
v  7.135934 3.593479 8.260112
v  7.133591 3.570615 8.283093
v  7.130383 3.539383 8.291504
v  7.127179 3.508152 8.283093
v  7.124831 3.485289 8.260112
v  7.123971 3.476916 8.228715
v  7.124831 3.485289 8.197318
v  7.127179 3.508152 8.174332
v  7.130383 3.539383 8.165921
v  7.133591 3.570615 8.174332
v  7.135934 3.593479 8.197318
v  4.443073 0.724411 8.154950
v  4.443073 0.589483 8.154950
v  5.460017 0.950842 8.154950
v  5.460017 0.815918 8.154950
v  4.443073 0.724411 8.302480
v  4.443073 0.589483 8.302480
v  5.460017 0.950842 8.302480
v  5.460017 0.815918 8.302480
v  5.460017 0.972090 8.253303
v  5.460017 0.972090 8.204126
v  5.460017 0.815918 8.204126
v  5.460017 0.815918 8.253303
v  4.443073 0.745659 8.204126
v  4.443073 0.745659 8.253303
v  4.443073 0.589483 8.253303
v  4.443073 0.589483 8.204126
v  4.414431 0.698538 8.176334
v  4.405973 0.575630 8.176334
v  4.405973 0.575630 8.281090
v  4.414431 0.698538 8.281090
v  4.414431 0.713624 8.246173
v  4.405973 0.575630 8.211251
v  4.414431 0.713624 8.211251
v  4.405973 0.575630 8.246173
v  5.614728 0.724412 7.130824
v  5.614728 0.589483 7.130824
v  5.614728 0.950842 8.147768
v  5.614728 0.815918 8.147768
v  5.467199 0.724412 7.130824
v  5.467199 0.589483 7.130824
v  5.467199 0.950842 8.147768
v  5.467199 0.815918 8.147768
v  5.516375 0.972090 8.147768
v  5.565552 0.972090 8.147768
v  5.565552 0.815918 8.147768
v  5.516376 0.815918 8.147768
v  5.565552 0.745659 7.130824
v  5.516375 0.745659 7.130824
v  5.516376 0.589483 7.130824
v  5.565552 0.589483 7.130824
v  5.593339 0.698538 7.102181
v  5.593339 0.575630 7.093724
v  5.488584 0.575630 7.093724
v  5.488584 0.698538 7.102181
v  5.523505 0.713625 7.102181
v  5.558422 0.575630 7.093724
v  5.558422 0.713625 7.102181
v  5.523505 0.575630 7.093724
v  6.638855 0.724407 8.302480
v  6.638855 0.589483 8.302480
v  5.621910 0.950842 8.302480
v  5.621910 0.815918 8.302480
v  6.638855 0.724407 8.154950
v  6.638855 0.589483 8.154950
v  5.621910 0.950842 8.154950
v  5.621910 0.815918 8.154950
v  5.621910 0.972090 8.204126
v  5.621910 0.972090 8.253303
v  5.621910 0.815918 8.253303
v  5.621910 0.815918 8.204126
v  6.638855 0.745660 8.253303
v  6.638855 0.745660 8.204126
v  6.638855 0.589483 8.204126
v  6.638855 0.589483 8.253303
v  6.667497 0.698538 8.281090
v  6.675954 0.575630 8.281090
v  6.675954 0.575630 8.176334
v  6.667497 0.698538 8.176334
v  6.667497 0.713625 8.211251
v  6.675954 0.575630 8.246173
v  6.667497 0.713625 8.246173
v  6.675954 0.575630 8.211251
v  6.741030 2.418757 8.603086
v  6.741030 2.418757 8.462662
v  6.696157 2.406737 8.603086
v  6.696157 2.406737 8.462662
v  6.663310 2.373889 8.603086
v  6.663310 2.373889 8.462662
v  6.651290 2.329017 8.603086
v  6.651290 2.329017 8.462662
v  6.663310 2.284150 8.603086
v  6.663310 2.284150 8.462662
v  6.696157 2.251302 8.603086
v  6.696157 2.251302 8.462662
v  6.741030 2.239278 8.603086
v  6.741030 2.239278 8.462662
v  6.785897 2.251302 8.603086
v  6.785897 2.251302 8.462662
v  6.818744 2.284150 8.603086
v  6.818744 2.284150 8.462662
v  6.830769 2.329017 8.603086
v  6.830769 2.329017 8.462662
v  6.818744 2.373889 8.603086
v  6.818744 2.373889 8.462662
v  6.785897 2.406737 8.603086
v  6.785897 2.406737 8.462662
v  6.718813 2.367496 8.462662
v  6.741030 2.373450 8.462662
v  6.702550 2.351233 8.462662
v  6.696597 2.329017 8.462662
v  6.702550 2.306801 8.462662
v  6.718813 2.290538 8.462662
v  6.741030 2.284585 8.462662
v  6.763246 2.290538 8.462662
v  6.779509 2.306801 8.462662
v  6.785462 2.329017 8.462662
v  6.779509 2.351233 8.462662
v  6.763246 2.367496 8.462662
v  6.718813 2.367496 8.385519
v  6.741030 2.373450 8.385519
v  6.702550 2.351233 8.385519
v  6.696597 2.329017 8.385519
v  6.702550 2.306801 8.385519
v  6.718813 2.290538 8.385519
v  6.741030 2.284585 8.385519
v  6.763246 2.290538 8.385519
v  6.779509 2.306801 8.385519
v  6.785462 2.329017 8.385519
v  6.779509 2.351233 8.385519
v  6.763246 2.367496 8.385519
v  6.741030 2.391811 8.636373
v  6.709633 2.383400 8.636373
v  6.686651 2.360414 8.636373
v  6.678236 2.329017 8.636373
v  6.686651 2.297620 8.636373
v  6.709633 2.274639 8.636373
v  6.741030 2.266223 8.636373
v  6.772427 2.274639 8.636373
v  6.795408 2.297620 8.636373
v  6.803823 2.329017 8.636373
v  6.795408 2.360414 8.636373
v  6.772427 2.383400 8.636373
v  5.554519 0.517561 7.181252
v  5.554519 0.623710 7.181252
v  5.541129 0.517561 7.186936
v  5.541129 0.623710 7.186936
v  5.527644 0.517561 7.181489
v  5.527644 0.623710 7.181489
v  5.521960 0.517561 7.168098
v  5.521960 0.623710 7.168098
v  5.527408 0.517561 7.154613
v  5.527408 0.623710 7.154613
v  5.540798 0.517561 7.148930
v  5.540798 0.623710 7.148930
v  5.554283 0.517561 7.154382
v  5.554283 0.623710 7.154382
v  5.559967 0.517561 7.167768
v  5.559967 0.623710 7.167768
v  5.615631 0.452807 7.319710
v  5.694012 0.452807 7.239954
v  5.603030 0.507181 7.307326
v  5.681410 0.507181 7.227571
v  5.570040 0.540789 7.274904
v  5.648421 0.540789 7.195148
v  5.529265 0.540789 7.234828
v  5.607646 0.540789 7.155077
v  5.496276 0.507181 7.202406
v  5.574656 0.507181 7.122654
v  5.483675 0.452807 7.190022
v  5.562056 0.452807 7.110271
v  5.496276 0.398433 7.202406
v  5.574656 0.398433 7.122654
v  5.529265 0.364825 7.234828
v  5.607646 0.364825 7.155077
v  5.570041 0.364825 7.274904
v  5.648421 0.364825 7.195148
v  5.603030 0.398433 7.307326
v  5.681410 0.398433 7.227571
v  5.671786 0.514452 7.226262
v  5.601555 0.514452 7.297725
v  5.571997 0.544564 7.268672
v  5.642227 0.544564 7.197213
v  5.535459 0.544564 7.232768
v  5.605690 0.544564 7.161304
v  5.505900 0.514452 7.203714
v  5.576131 0.514452 7.132256
v  5.700773 0.516333 7.230202
v  5.605997 0.516333 7.326637
v  5.566109 0.556967 7.287435
v  5.660886 0.556967 7.191000
v  5.516805 0.556967 7.238976
v  5.611577 0.556967 7.142542
v  5.476913 0.516333 7.199774
v  5.571690 0.516333 7.103339
v  4.498368 0.517561 8.236705
v  4.498368 0.623710 8.236705
v  4.486537 0.517561 8.245167
v  4.486537 0.623710 8.245167
v  4.472192 0.517561 8.242781
v  4.472192 0.623710 8.242781
v  4.463730 0.517561 8.230949
v  4.463730 0.623710 8.230949
v  4.466116 0.517561 8.216600
v  4.466116 0.623710 8.216600
v  4.477947 0.517561 8.208142
v  4.477947 0.623710 8.208142
v  4.492297 0.517561 8.210528
v  4.492297 0.623710 8.210528
v  4.500754 0.517561 8.222360
v  4.500754 0.623710 8.222360
v  4.588145 0.452807 8.358545
v  4.647296 0.452807 8.263651
v  4.573153 0.507181 8.349199
v  4.632304 0.507181 8.254305
v  4.533899 0.540789 8.324734
v  4.593050 0.540789 8.229839
v  4.485379 0.540789 8.294495
v  4.544530 0.540789 8.199595
v  4.446125 0.507181 8.270024
v  4.505276 0.507181 8.175130
v  4.431133 0.452807 8.260678
v  4.490284 0.452807 8.165784
v  4.446125 0.398433 8.270024
v  4.505276 0.398433 8.175130
v  4.485379 0.364825 8.294495
v  4.544530 0.364825 8.199595
v  4.533899 0.364825 8.324734
v  4.593050 0.364825 8.229839
v  4.573153 0.398433 8.349199
v  4.632304 0.398433 8.254305
v  4.622623 0.514452 8.255122
v  4.569624 0.514452 8.340151
v  4.534452 0.544564 8.318228
v  4.587451 0.544564 8.233199
v  4.490978 0.544564 8.291130
v  4.543977 0.544564 8.206101
v  4.455806 0.514452 8.269207
v  4.508805 0.514452 8.184178
v  4.651771 0.516333 8.252661
v  4.580250 0.516333 8.367404
v  4.532789 0.556967 8.337822
v  4.604309 0.556967 8.223073
v  4.474120 0.556967 8.301256
v  4.545640 0.556967 8.186507
v  4.426659 0.516333 8.271668
v  4.498179 0.516333 8.156925
v  6.582572 0.517561 8.234919
v  6.582572 0.623711 8.234919
v  6.581740 0.517561 8.220399
v  6.581740 0.623711 8.220399
v  6.591417 0.517561 8.209541
v  6.591417 0.623711 8.209541
v  6.605941 0.517561 8.208710
v  6.605941 0.623711 8.208710
v  6.616799 0.517561 8.218390
v  6.616799 0.623711 8.218390
v  6.617630 0.517561 8.232910
v  6.617630 0.623711 8.232910
v  6.607949 0.517561 8.243768
v  6.607949 0.623711 8.243768
v  6.593430 0.517561 8.244599
v  6.593430 0.623711 8.244599
v  6.431617 0.452807 8.245738
v  6.480250 0.452807 8.346430
v  6.447526 0.507181 8.238056
v  6.496159 0.507181 8.338748
v  6.489175 0.540789 8.217937
v  6.537808 0.540789 8.318629
v  6.540658 0.540789 8.193075
v  6.589291 0.540789 8.293767
v  6.582307 0.507181 8.172956
v  6.630940 0.507181 8.273648
v  6.598216 0.452807 8.165274
v  6.646849 0.452807 8.265965
v  6.582307 0.398433 8.172956
v  6.630940 0.398433 8.273648
v  6.540658 0.364825 8.193075
v  6.589291 0.364825 8.293767
v  6.489175 0.364825 8.217937
v  6.537808 0.364825 8.318629
v  6.447526 0.398433 8.238056
v  6.496159 0.398433 8.338748
v  6.500638 0.514453 8.330130
v  6.457060 0.514452 8.239908
v  6.494382 0.544564 8.221883
v  6.537960 0.544564 8.312104
v  6.540511 0.544564 8.199600
v  6.584088 0.544564 8.289822
v  6.577828 0.514453 8.181575
v  6.621406 0.514453 8.271796
v  6.487148 0.516333 8.356088
v  6.428342 0.516333 8.234333
v  6.478705 0.556967 8.210009
v  6.537510 0.556967 8.331764
v  6.540955 0.556967 8.179940
v  6.599761 0.556967 8.301695
v  6.591318 0.516333 8.155616
v  6.650124 0.516333 8.277371
v  6.741030 2.368267 8.641366
v  6.721405 2.363010 8.641366
v  6.707040 2.348642 8.641366
v  6.701780 2.329017 8.641366
v  6.707040 2.309392 8.641366
v  6.721405 2.295027 8.641366
v  6.741030 2.289768 8.641366
v  6.760654 2.295027 8.641366
v  6.775020 2.309392 8.641366
v  6.780279 2.329017 8.641366
v  6.775020 2.348642 8.641366
v  6.760654 2.363010 8.641366
v  6.741030 2.329018 8.651231
v  7.144202 3.576411 8.228714
v  7.143692 3.571450 8.247326
v  7.142303 3.557897 8.260949
v  7.140401 3.539383 8.265935
v  7.138502 3.520869 8.260949
v  7.137110 3.507316 8.247326
v  7.136600 3.502353 8.228714
v  7.137110 3.507316 8.210102
v  7.138502 3.520869 8.196476
v  7.140401 3.539383 8.191490
v  7.142303 3.557897 8.196476
v  7.143692 3.571450 8.210102
v  7.150505 3.539382 8.228713
v  6.738512 2.370514 8.394775
v  6.717827 2.364971 8.394775
v  6.702682 2.349828 8.394775
v  6.697141 2.329144 8.394775
v  6.702682 2.308457 8.394775
v  6.717827 2.293314 8.394775
v  6.738512 2.287771 8.394775
v  6.759198 2.293314 8.394775
v  6.774341 2.308457 8.394775
v  6.779882 2.329144 8.394775
v  6.774341 2.349828 8.394775
v  6.759198 2.364971 8.394775
v  6.738512 2.376282 8.062650
v  6.714943 2.369965 8.062650
v  6.697688 2.352711 8.062650
v  6.691373 2.329144 8.062650
v  6.697688 2.305573 8.062650
v  6.714943 2.288319 8.062650
v  6.738512 2.282003 8.062650
v  6.762082 2.288319 8.062650
v  6.779336 2.305573 8.062650
v  6.785650 2.329144 8.062650
v  6.779336 2.352711 8.062650
v  6.762082 2.369965 8.062650
v  6.738512 2.329142 8.062650
v  5.540964 0.795488 8.285244
v  5.512700 0.795488 8.277670
v  5.492008 0.795488 8.256978
v  5.484433 0.795488 8.228714
v  5.492008 0.795488 8.200447
v  5.512700 0.795488 8.179756
v  5.540964 0.795488 8.172183
v  5.569228 0.795488 8.179756
v  5.589920 0.795488 8.200447
v  5.597494 0.795488 8.228714
v  5.589920 0.795488 8.256978
v  5.569230 0.795488 8.277670
v  5.540964 0.795488 8.228713
v  5.531154 0.517561 9.288393
v  5.531154 0.623710 9.288393
v  5.531891 0.517561 9.280573
v  5.531891 0.623710 9.280573
v  5.537945 0.517561 9.275566
v  5.537945 0.623710 9.275566
v  5.545767 0.517561 9.276303
v  5.545767 0.623710 9.276303
v  5.550774 0.517561 9.282357
v  5.550774 0.623710 9.282357
v  5.550036 0.517561 9.290179
v  5.550036 0.623710 9.290179
v  5.543983 0.517561 9.295186
v  5.543983 0.623710 9.295186
v  5.536160 0.517561 9.294446
v  5.536160 0.623710 9.294446
v  5.412602 0.452807 9.266370
v  5.445482 0.452807 9.373247
v  5.421723 0.482176 9.263562
v  5.454603 0.482176 9.370442
v  5.445602 0.500329 9.256218
v  5.478483 0.500329 9.363095
v  5.475117 0.500329 9.247137
v  5.507997 0.500329 9.354015
v  5.498996 0.482176 9.239790
v  5.531877 0.482176 9.346667
v  5.508118 0.452807 9.236983
v  5.540998 0.452807 9.343863
v  5.498996 0.423438 9.239790
v  5.531877 0.423438 9.346667
v  5.475117 0.405285 9.247137
v  5.507997 0.405285 9.354015
v  5.445602 0.405285 9.256218
v  5.478483 0.405285 9.363095
v  5.421723 0.423438 9.263562
v  5.454603 0.423438 9.370442
v  5.501121 0.922261 8.309656
v  5.501121 0.849385 8.309656
v  5.580806 0.922261 8.309656
v  5.580806 0.849385 8.309656
v  5.554245 0.933738 8.309656
v  5.527683 0.933738 8.309656
v  5.527683 0.849385 8.309656
v  5.554245 0.849385 8.309656
v  5.460017 0.922261 8.188872
v  5.460017 0.849384 8.188872
v  5.460017 0.922261 8.268558
v  5.460017 0.849384 8.268558
v  5.460017 0.933738 8.241996
v  5.460017 0.933738 8.215434
v  5.460017 0.849384 8.215434
v  5.460017 0.849384 8.241996
v  5.580806 0.922261 8.147768
v  5.580806 0.849385 8.147768
v  5.501121 0.922261 8.147768
v  5.501121 0.849385 8.147768
v  5.527683 0.933738 8.147768
v  5.554245 0.933738 8.147768
v  5.554245 0.849385 8.147768
v  5.527683 0.849385 8.147768
v  5.621910 0.922261 8.268558
v  5.621910 0.849385 8.268558
v  5.621910 0.922261 8.188872
v  5.621910 0.849385 8.188872
v  5.621910 0.933738 8.215434
v  5.621910 0.933738 8.241996
v  5.621910 0.849385 8.241996
v  5.621910 0.849385 8.215434
v  5.548285 0.517561 7.175128
v  5.548285 0.623710 7.175128
v  5.541053 0.517561 7.178198
v  5.541053 0.623710 7.178198
v  5.533769 0.517561 7.175255
v  5.533769 0.623710 7.175255
v  5.530699 0.517561 7.168023
v  5.530699 0.623710 7.168023
v  5.533642 0.517561 7.160739
v  5.533642 0.623710 7.160739
v  5.540874 0.517561 7.157669
v  5.540874 0.623710 7.157669
v  5.548158 0.517561 7.160614
v  5.548158 0.623710 7.160614
v  5.551228 0.517561 7.167844
v  5.551228 0.623710 7.167844
v  5.585289 0.452807 7.289890
v  5.663671 0.452807 7.210135
v  5.578483 0.482176 7.283202
v  5.656864 0.482176 7.203446
v  5.560665 0.500329 7.265689
v  5.639046 0.500329 7.185935
v  5.538640 0.500329 7.244043
v  5.617022 0.500329 7.164290
v  5.520822 0.482176 7.226531
v  5.599203 0.482176 7.146778
v  5.514016 0.452807 7.219842
v  5.592397 0.452807 7.140090
v  5.520822 0.423438 7.226531
v  5.599203 0.423438 7.146778
v  5.538640 0.405285 7.244043
v  5.617022 0.405285 7.164290
v  5.560665 0.405285 7.265689
v  5.639046 0.405285 7.185935
v  5.578483 0.423438 7.283202
v  5.656864 0.423438 7.203446
v  4.490952 0.517561 8.232082
v  4.490952 0.623710 8.232082
v  4.484562 0.517561 8.236653
v  4.484562 0.623710 8.236653
v  4.476814 0.517561 8.235365
v  4.476814 0.623710 8.235365
v  4.472243 0.517561 8.228974
v  4.472243 0.623710 8.228974
v  4.473532 0.517561 8.221224
v  4.473532 0.623710 8.221224
v  4.479922 0.517561 8.216656
v  4.479923 0.623710 8.216656
v  4.487673 0.517561 8.217944
v  4.487673 0.623710 8.217944
v  4.492241 0.517561 8.224335
v  4.492241 0.623710 8.224335
v  4.552043 0.452807 8.336042
v  4.611194 0.452807 8.241147
v  4.543945 0.482176 8.330995
v  4.603096 0.482176 8.236099
v  4.522743 0.500328 8.317780
v  4.581893 0.500328 8.222885
v  4.496536 0.500328 8.301447
v  4.555686 0.500328 8.206550
v  4.475333 0.482176 8.288230
v  4.534484 0.482176 8.193335
v  4.467236 0.452807 8.283181
v  4.526386 0.452807 8.188287
v  4.475333 0.423438 8.288230
v  4.534484 0.423438 8.193335
v  4.496536 0.405285 8.301447
v  4.555686 0.405285 8.206550
v  4.522743 0.405285 8.317780
v  4.581893 0.405285 8.222885
v  4.543945 0.423438 8.330995
v  4.603096 0.423438 8.236099
v  6.590441 0.517561 8.231118
v  6.590442 0.623711 8.231118
v  6.589992 0.517561 8.223276
v  6.589993 0.623711 8.223276
v  6.595219 0.517561 8.217411
v  6.595219 0.623711 8.217411
v  6.603064 0.517561 8.216962
v  6.603064 0.623711 8.216962
v  6.608929 0.517561 8.222191
v  6.608929 0.623711 8.222191
v  6.609378 0.517561 8.230034
v  6.609378 0.623711 8.230034
v  6.604148 0.517561 8.235898
v  6.604148 0.623711 8.235898
v  6.596306 0.517561 8.236347
v  6.596306 0.623711 8.236347
v  6.469923 0.452807 8.227237
v  6.518557 0.452807 8.327929
v  6.478517 0.482176 8.223087
v  6.527149 0.482176 8.323779
v  6.501013 0.500329 8.212220
v  6.549646 0.500329 8.312912
v  6.528820 0.500329 8.198792
v  6.577453 0.500329 8.299483
v  6.551316 0.482176 8.187925
v  6.599949 0.482176 8.288617
v  6.559909 0.452807 8.183776
v  6.608542 0.452807 8.284468
v  6.551316 0.423438 8.187925
v  6.599949 0.423438 8.288617
v  6.528820 0.405285 8.198792
v  6.577453 0.405285 8.299483
v  6.501013 0.405285 8.212220
v  6.549646 0.405285 8.312912
v  6.478517 0.423438 8.223087
v  6.527149 0.423438 8.323779
v  5.540964 0.517561 9.285376
v  5.540964 0.623710 9.285376
v  5.493240 0.452807 9.358555
v  5.460360 0.452807 9.251677
v  5.540964 0.888692 8.309656
v  5.460017 0.888692 8.228715
v  5.540964 0.888692 8.147768
v  5.621910 0.888692 8.228715
v  5.540964 0.517561 7.167933
v  5.540964 0.623710 7.167933
v  5.628034 0.452807 7.175112
v  5.549653 0.452807 7.254866
v  4.482243 0.517561 8.226654
v  4.482243 0.623710 8.226654
v  4.568790 0.452807 8.214717
v  4.509639 0.452807 8.309612
v  6.599685 0.517561 8.226655
v  6.599685 0.623711 8.226655
v  6.563550 0.452807 8.306198
v  6.514916 0.452807 8.205506
# 936 vertices

vt 0.729425 0.818742 0.000000
vt 0.962617 0.218378 0.000000
vt 0.735906 0.982377 0.000000
vt 0.906400 0.998472 0.000000
vt 0.915156 0.561185 0.000000
vt 0.927776 0.692272 0.000000
vt 0.943291 0.219719 0.000000
vt 0.940521 0.922785 0.000000
vt 0.924044 0.239433 0.000000
vt 0.916489 0.230527 0.000000
vt 0.967730 0.928399 0.000000
vt 0.729425 0.983543 0.000000
vt 0.928940 0.570321 0.000000
vt 0.954281 0.961435 0.000000
vt 0.899314 0.928399 0.000000
vt 0.943706 0.235655 0.000000
vt 0.884947 0.232106 0.000000
vt 0.338702 0.925280 0.000000
vt 0.947038 0.066669 0.000000
vt 0.915160 0.294075 0.000000
vt 0.177436 0.977942 0.000000
vt 0.585018 0.998717 0.000000
vt 0.355333 0.965473 0.000000
vt 0.957043 0.463030 0.000000
vt 0.894620 0.969649 0.000000
vt 0.927265 0.905778 0.000000
vt 0.945275 0.522744 0.000000
vt 0.923991 0.194522 0.000000
vt 0.901100 0.194522 0.000000
vt 0.773968 0.453954 0.000000
vt 0.773968 0.579852 0.000000
vt 0.840637 0.453033 0.000000
vt 0.840637 0.435662 0.000000
vt 0.852538 0.453033 0.000000
vt 0.850157 0.453033 0.000000
vt 0.977645 0.243088 0.000000
vt 0.955019 0.265215 0.000000
vt 0.955019 0.243088 0.000000
vt 0.814245 0.399963 0.000000
vt 0.954631 0.502602 0.000000
vt 0.161303 0.547365 0.000000
vt 0.928964 0.239320 0.000000
vt 0.935919 0.522744 0.000000
vt 0.355333 0.957426 0.000000
vt 0.434840 0.524370 0.000000
vt 0.866546 0.341946 0.000000
vt 0.957150 0.710539 0.000000
vt 0.939220 0.565879 0.000000
vt 0.964734 0.294775 0.000000
vt 0.950735 0.565419 0.000000
vt 0.178357 0.991438 0.000000
vt 0.940252 0.561188 0.000000
vt 0.697758 0.808004 0.000000
vt 0.904786 0.353553 0.000000
vt 0.910396 0.578556 0.000000
vt 0.718914 0.483204 0.000000
vt 0.898495 0.522744 0.000000
vt 0.000461 0.965473 0.000000
vt 0.000461 0.973520 0.000000
vt 0.000461 0.957425 0.000000
vt 0.000461 0.990537 0.000000
vt 0.000461 0.998585 0.000000
vt 0.000461 0.982490 0.000000
vt 0.921366 0.578535 0.000000
vt 0.959663 0.157923 0.000000
vt 0.959663 0.142868 0.000000
vt 0.898906 0.230527 0.000000
vt 0.912776 0.578556 0.000000
vt 0.926563 0.560264 0.000000
vt 0.858856 0.411283 0.000000
vt 0.917207 0.541965 0.000000
vt 0.978460 0.288263 0.000000
vt 0.658565 0.506945 0.000000
vt 0.935919 0.521822 0.000000
vt 0.835876 0.341946 0.000000
vt 0.845397 0.435662 0.000000
vt 0.966648 0.289185 0.000000
vt 0.289378 0.988039 0.000000
vt 0.938977 0.294167 0.000000
vt 0.944631 0.228762 0.000000
vt 0.952233 0.228762 0.000000
vt 0.938889 0.270378 0.000000
vt 0.917665 0.279694 0.000000
vt 0.924565 0.291277 0.000000
vt 0.891766 0.213157 0.000000
vt 0.908204 0.369524 0.000000
vt 0.953056 0.953848 0.000000
vt 0.937323 0.928399 0.000000
vt 0.959663 0.070433 0.000000
vt 0.906257 0.680624 0.000000
vt 0.927817 0.952300 0.000000
vt 0.367430 0.015394 0.000000
vt 0.904786 0.342867 0.000000
vt 0.891712 0.951379 0.000000
vt 0.790296 0.006260 0.000000
vt 0.170955 0.949378 0.000000
vt 0.170955 0.982490 0.000000
vt 0.954631 0.541965 0.000000
vt 0.409537 0.398379 0.000000
vt 0.356035 0.901211 0.000000
vt 0.977645 0.265215 0.000000
vt 0.880159 0.220498 0.000000
vt 0.947386 0.293032 0.000000
vt 0.930919 0.820608 0.000000
vt 0.933248 0.241781 0.000000
vt 0.957188 0.965416 0.000000
vt 0.711256 0.811574 0.000000
vt 0.785104 0.453954 0.000000
vt 0.961282 0.712970 0.000000
vt 0.362269 0.937032 0.000000
vt 0.872680 0.341946 0.000000
vt 0.929005 0.712971 0.000000
vt 0.958374 0.708991 0.000000
vt 0.068666 0.615072 0.000000
vt 0.959663 0.111835 0.000000
vt 0.935392 0.969649 0.000000
vt 0.930994 0.232106 0.000000
vt 0.900197 0.686931 0.000000
vt 0.835876 0.418885 0.000000
vt 0.978460 0.266136 0.000000
vt 0.903227 0.956990 0.000000
vt 0.963988 0.560264 0.000000
vt 0.846562 0.000461 0.000000
vt 0.835877 0.000461 0.000000
vt 0.903227 0.966125 0.000000
vt 0.940976 0.477791 0.000000
vt 0.927819 0.961435 0.000000
vt 0.878813 0.232106 0.000000
vt 0.947888 0.031622 0.000000
vt 0.950314 0.221601 0.000000
vt 0.901287 0.230527 0.000000
vt 0.859777 0.342867 0.000000
vt 0.928024 0.686304 0.000000
vt 0.960237 0.481638 0.000000
vt 0.835876 0.358071 0.000000
vt 0.943706 0.265215 0.000000
vt 0.891766 0.135392 0.000000
vt 0.838256 0.435662 0.000000
vt 0.847777 0.435662 0.000000
vt 0.946116 0.126802 0.000000
vt 0.477143 0.965717 0.000000
vt 0.634206 0.964788 0.000000
vt 0.953213 0.359815 0.000000
vt 0.938048 0.204193 0.000000
vt 0.891712 0.965669 0.000000
vt 0.950020 0.461148 0.000000
vt 0.921717 0.332262 0.000000
vt 0.903667 0.213157 0.000000
vt 0.907851 0.560264 0.000000
vt 0.924333 0.031622 0.000000
vt 0.947888 0.034586 0.000000
vt 0.049922 0.631272 0.000000
vt 0.015417 0.014702 0.000000
vt 0.379139 0.038425 0.000000
vt 0.858856 0.373275 0.000000
vt 0.860412 0.232106 0.000000
vt 0.918113 0.212235 0.000000
vt 0.177436 0.958592 0.000000
vt 0.722355 0.670592 0.000000
vt 0.953574 0.219719 0.000000
vt 0.959663 0.089252 0.000000
vt 0.750313 0.926175 0.000000
vt 0.917438 0.246326 0.000000
vt 0.912474 0.956993 0.000000
vt 0.926563 0.541043 0.000000
vt 0.952526 0.951378 0.000000
vt 0.942890 0.483381 0.000000
vt 0.951360 0.441821 0.000000
vt 0.908004 0.691124 0.000000
vt 0.963103 0.477791 0.000000
vt 0.338460 0.948456 0.000000
vt 0.901100 0.188388 0.000000
vt 0.918458 0.565420 0.000000
vt 0.931870 0.822351 0.000000
vt 0.933325 0.197023 0.000000
vt 0.938810 0.564718 0.000000
vt 0.951132 0.826198 0.000000
vt 0.906957 0.857198 0.000000
vt 0.170955 0.957425 0.000000
vt 0.642256 0.977736 0.000000
vt 0.729425 0.580774 0.000000
vt 0.955455 0.216459 0.000000
vt 0.957188 0.956279 0.000000
vt 0.917536 0.578556 0.000000
vt 0.947038 0.074196 0.000000
vt 0.901287 0.213157 0.000000
vt 0.890790 0.591459 0.000000
vt 0.902094 0.835473 0.000000
vt 0.804293 0.047129 0.000000
vt 0.959663 0.124048 0.000000
vt 0.926563 0.521822 0.000000
vt 0.922590 0.576986 0.000000
vt 0.963599 0.331341 0.000000
vt 0.952457 0.647154 0.000000
vt 0.755414 0.740080 0.000000
vt 0.929437 0.273123 0.000000
vt 0.915156 0.578556 0.000000
vt 0.843017 0.435662 0.000000
vt 0.946116 0.066669 0.000000
vt 0.287333 0.513592 0.000000
vt 0.931358 0.266136 0.000000
vt 0.940520 0.712511 0.000000
vt 0.947038 0.163240 0.000000
vt 0.946116 0.075259 0.000000
vt 0.948267 0.822351 0.000000
vt 0.946604 0.567851 0.000000
vt 0.178357 0.977841 0.000000
vt 0.922590 0.567851 0.000000
vt 0.935919 0.502602 0.000000
vt 0.939488 0.717202 0.000000
vt 0.712134 0.486488 0.000000
vt 0.933288 0.255315 0.000000
vt 0.940976 0.459807 0.000000
vt 0.945672 0.955824 0.000000
vt 0.943841 0.481638 0.000000
vt 0.023252 0.227840 0.000000
vt 0.929042 0.953848 0.000000
vt 0.923989 0.956533 0.000000
vt 0.835876 0.426487 0.000000
vt 0.170955 0.973521 0.000000
vt 0.959663 0.116521 0.000000
vt 0.949767 0.922787 0.000000
vt 0.472457 0.972333 0.000000
vt 0.729484 0.749086 0.000000
vt 0.954699 0.321408 0.000000
vt 0.705670 0.809808 0.000000
vt 0.947038 0.111835 0.000000
vt 0.894620 0.960514 0.000000
vt 0.386717 0.670828 0.000000
vt 0.922183 0.265215 0.000000
vt 0.256920 0.508599 0.000000
vt 0.755414 0.880241 0.000000
vt 0.922261 0.787316 0.000000
vt 0.289378 0.984640 0.000000
vt 0.818512 0.453954 0.000000
vt 0.884947 0.341946 0.000000
vt 0.851919 0.453954 0.000000
vt 0.821170 0.035828 0.000000
vt 0.356882 0.617868 0.000000
vt 0.751697 0.453954 0.000000
vt 0.929974 0.565875 0.000000
vt 0.575393 0.953164 0.000000
vt 0.954631 0.522744 0.000000
vt 0.729425 0.636468 0.000000
vt 0.729732 0.883280 0.000000
vt 0.714209 0.670176 0.000000
vt 0.729732 0.743119 0.000000
vt 0.912473 0.966128 0.000000
vt 0.423453 0.439159 0.000000
vt 0.048377 0.059277 0.000000
vt 0.962968 0.240424 0.000000
vt 0.309315 0.521242 0.000000
vt 0.735906 0.990424 0.000000
vt 0.923989 0.965668 0.000000
vt 0.924523 0.273151 0.000000
vt 0.902191 0.811239 0.000000
vt 0.908427 0.230527 0.000000
vt 0.751252 0.754767 0.000000
vt 0.289378 0.991438 0.000000
vt 0.316829 0.902326 0.000000
vt 0.404376 0.810136 0.000000
vt 0.947038 0.108071 0.000000
vt 0.955455 0.212695 0.000000
vt 0.934247 0.210776 0.000000
vt 0.858856 0.388478 0.000000
vt 0.945275 0.503523 0.000000
vt 0.944521 0.288263 0.000000
vt 0.903255 0.561185 0.000000
vt 0.674411 0.682546 0.000000
vt 0.858856 0.426487 0.000000
vt 0.902094 0.695311 0.000000
vt 0.891766 0.118211 0.000000
vt 0.905702 0.036361 0.000000
vt 0.042038 0.945361 0.000000
vt 0.966520 0.036361 0.000000
vt 0.651114 0.945021 0.000000
vt 0.074299 0.532526 0.000000
vt 0.088620 0.511854 0.000000
vt 0.333368 0.060384 0.000000
vt 0.046901 0.234060 0.000000
vt 0.947038 0.077960 0.000000
vt 0.102891 0.490425 0.000000
vt 0.950314 0.207554 0.000000
vt 0.907196 0.649378 0.000000
vt 0.638912 0.971318 0.000000
vt 0.944631 0.200392 0.000000
vt 0.944924 0.951378 0.000000
vt 0.950020 0.450865 0.000000
vt 0.858856 0.396080 0.000000
vt 0.911729 0.230527 0.000000
vt 0.959663 0.093016 0.000000
vt 0.922718 0.298262 0.000000
vt 0.928025 0.826466 0.000000
vt 0.729484 0.889248 0.000000
vt 0.908016 0.561185 0.000000
vt 0.903637 0.964965 0.000000
vt 0.905635 0.561185 0.000000
vt 0.785104 0.579852 0.000000
vt 0.907851 0.502602 0.000000
vt 0.863055 0.453954 0.000000
vt 0.851919 0.579852 0.000000
vt 0.907851 0.484303 0.000000
vt 0.846562 0.220498 0.000000
vt 0.289378 0.982940 0.000000
vt 0.730187 0.835672 0.000000
vt 0.529580 0.984682 0.000000
vt 0.937323 0.951378 0.000000
vt 0.394878 0.670360 0.000000
vt 0.940976 0.452206 0.000000
vt 0.902194 0.952300 0.000000
vt 0.943599 0.286631 0.000000
vt 0.963988 0.521822 0.000000
vt 0.858856 0.434089 0.000000
vt 0.931030 0.264957 0.000000
vt 0.728503 0.668960 0.000000
vt 0.921250 0.213157 0.000000
vt 0.157547 0.569671 0.000000
vt 0.918869 0.230527 0.000000
vt 0.944344 0.332262 0.000000
vt 0.943841 0.472856 0.000000
vt 0.927265 0.765617 0.000000
vt 0.910807 0.213157 0.000000
vt 0.930919 0.780854 0.000000
vt 0.907851 0.522744 0.000000
vt 0.947038 0.100544 0.000000
vt 0.924911 0.956281 0.000000
vt 0.965545 0.466391 0.000000
vt 0.835876 0.396080 0.000000
vt 0.959663 0.131576 0.000000
vt 0.908204 0.440900 0.000000
vt 0.895844 0.958965 0.000000
vt 0.813025 0.042919 0.000000
vt 0.852538 0.435662 0.000000
vt 0.400828 0.402590 0.000000
vt 0.178358 0.979541 0.000000
vt 0.863977 0.359815 0.000000
vt 0.448003 0.801615 0.000000
vt 0.301456 0.534700 0.000000
vt 0.958816 0.204193 0.000000
vt 0.751294 0.889747 0.000000
vt 0.947038 0.146632 0.000000
vt 0.960128 0.928399 0.000000
vt 0.184838 0.949378 0.000000
vt 0.907851 0.541965 0.000000
vt 0.900875 0.561185 0.000000
vt 0.026321 0.037456 0.000000
vt 0.398793 0.811925 0.000000
vt 0.965833 0.235655 0.000000
vt 0.919858 0.958966 0.000000
vt 0.913506 0.952303 0.000000
vt 0.779647 0.023108 0.000000
vt 0.164940 0.524981 0.000000
vt 0.729425 0.686702 0.000000
vt 0.929973 0.575011 0.000000
vt 0.951360 0.470192 0.000000
vt 0.959663 0.154159 0.000000
vt 0.914623 0.260619 0.000000
vt 0.735247 0.788237 0.000000
vt 0.898495 0.503523 0.000000
vt 0.947038 0.112757 0.000000
vt 0.955834 0.288263 0.000000
vt 0.729425 0.755031 0.000000
vt 0.933136 0.710539 0.000000
vt 0.945275 0.484303 0.000000
vt 0.945275 0.502602 0.000000
vt 0.289378 0.977841 0.000000
vt 0.835876 0.220498 0.000000
vt 0.949218 0.820608 0.000000
vt 0.904167 0.183076 0.000000
vt 0.936426 0.955821 0.000000
vt 0.943386 0.321408 0.000000
vt 0.953213 0.440900 0.000000
vt 0.928084 0.756811 0.000000
vt 0.427316 0.017902 0.000000
vt 0.954631 0.541043 0.000000
vt 0.947828 0.569399 0.000000
vt 0.980456 0.036361 0.000000
vt 0.955525 0.169754 0.000000
vt 0.947038 0.169754 0.000000
vt 0.178357 0.981240 0.000000
vt 0.897573 0.579852 0.000000
vt 0.880159 0.231184 0.000000
vt 0.289378 0.981240 0.000000
vt 0.946116 0.169754 0.000000
vt 0.902194 0.961435 0.000000
vt 0.908016 0.578556 0.000000
vt 0.914517 0.928399 0.000000
vt 0.922261 0.927477 0.000000
vt 0.917207 0.522744 0.000000
vt 0.966332 0.243088 0.000000
vt 0.897573 0.359815 0.000000
vt 0.909482 0.232106 0.000000
vt 0.838256 0.453033 0.000000
vt 0.946435 0.294775 0.000000
vt 0.860412 0.341946 0.000000
vt 0.415578 0.467432 0.000000
vt 0.434820 0.682599 0.000000
vt 0.962185 0.454125 0.000000
vt 0.953279 0.463030 0.000000
vt 0.963103 0.476703 0.000000
vt 0.273311 0.491767 0.000000
vt 0.947038 0.150395 0.000000
vt 0.936426 0.964959 0.000000
vt 0.959663 0.074196 0.000000
vt 0.948267 0.782597 0.000000
vt 0.046244 0.572031 0.000000
vt 0.051052 0.592877 0.000000
vt 0.047591 0.924002 0.000000
vt 0.355994 0.038484 0.000000
vt 0.067199 0.043233 0.000000
vt 0.061481 0.362480 0.000000
vt 0.935768 0.251042 0.000000
vt 0.412347 0.460469 0.000000
vt 0.897334 0.176243 0.000000
vt 0.177436 0.970021 0.000000
vt 0.216818 0.570622 0.000000
vt 0.934247 0.218378 0.000000
vt 0.898495 0.560264 0.000000
vt 0.911729 0.213157 0.000000
vt 0.729609 0.901177 0.000000
vt 0.935919 0.484303 0.000000
vt 0.931912 0.708991 0.000000
vt 0.289378 0.974442 0.000000
vt 0.863055 0.579852 0.000000
vt 0.840784 0.579852 0.000000
vt 0.829648 0.453954 0.000000
vt 0.805628 0.395996 0.000000
vt 0.840783 0.453954 0.000000
vt 0.949767 0.712514 0.000000
vt 0.929721 0.928399 0.000000
vt 0.962185 0.457889 0.000000
vt 0.928084 0.896973 0.000000
vt 0.898906 0.213157 0.000000
vt 0.930770 0.230527 0.000000
vt 0.858856 0.365673 0.000000
vt 0.018119 0.374110 0.000000
vt 0.835876 0.342867 0.000000
vt 0.928390 0.230527 0.000000
vt 0.946116 0.135392 0.000000
vt 0.850157 0.435662 0.000000
vt 0.878813 0.341946 0.000000
vt 0.275873 0.551818 0.000000
vt 0.947038 0.070433 0.000000
vt 0.915053 0.270293 0.000000
vt 0.858856 0.380876 0.000000
vt 0.957043 0.448983 0.000000
vt 0.948138 0.457889 0.000000
vt 0.917536 0.561185 0.000000
vt 0.954699 0.299281 0.000000
vt 0.938449 0.260405 0.000000
vt 0.940930 0.923945 0.000000
vt 0.918458 0.574555 0.000000
vt 0.016409 0.586475 0.000000
vt 0.027471 0.609322 0.000000
vt 0.750313 0.786013 0.000000
vt 0.045132 0.000463 0.000000
vt 0.947038 0.154159 0.000000
vt 0.898495 0.369524 0.000000
vt 0.946604 0.576987 0.000000
vt 0.906978 0.212235 0.000000
vt 0.109347 0.529841 0.000000
vt 0.732726 0.908149 0.000000
vt 0.896526 0.213157 0.000000
vt 0.947828 0.578535 0.000000
vt 0.762832 0.579852 0.000000
vt 0.963988 0.541043 0.000000
vt 0.963919 0.242167 0.000000
vt 0.923630 0.213157 0.000000
vt 0.960237 0.472856 0.000000
vt 0.903255 0.578556 0.000000
vt 0.926563 0.522744 0.000000
vt 0.928084 0.748690 0.000000
vt 0.184838 0.965473 0.000000
vt 0.829648 0.579852 0.000000
vt 0.909479 0.202901 0.000000
vt 0.891081 0.232106 0.000000
vt 0.949357 0.713675 0.000000
vt 0.900197 0.827092 0.000000
vt 0.927899 0.814537 0.000000
vt 0.908004 0.831286 0.000000
vt 0.658080 0.949211 0.000000
vt 0.755317 0.764314 0.000000
vt 0.178357 0.970021 0.000000
vt 0.750551 0.858516 0.000000
vt 0.835876 0.365673 0.000000
vt 0.907851 0.521822 0.000000
vt 0.936329 0.284762 0.000000
vt 0.953057 0.962984 0.000000
vt 0.920219 0.275501 0.000000
vt 0.965833 0.236577 0.000000
vt 0.184838 0.957425 0.000000
vt 0.210509 0.525519 0.000000
vt 0.959663 0.085488 0.000000
vt 0.178357 0.964306 0.000000
vt 0.936321 0.279790 0.000000
vt 0.894146 0.230527 0.000000
vt 0.906047 0.230527 0.000000
vt 0.926563 0.503523 0.000000
vt 0.945620 0.230065 0.000000
vt 0.975332 0.951378 0.000000
vt 0.314674 0.043954 0.000000
vt 0.977325 0.321408 0.000000
vt 0.890790 0.928399 0.000000
vt 0.958962 0.441821 0.000000
vt 0.924911 0.965415 0.000000
vt 0.750551 0.718355 0.000000
vt 0.967147 0.288263 0.000000
vt 0.891766 0.169754 0.000000
vt 0.822298 0.406767 0.000000
vt 0.946116 0.083850 0.000000
vt 0.377615 0.613036 0.000000
vt 0.332974 0.235008 0.000000
vt 0.483831 0.920361 0.000000
vt 0.177436 0.995085 0.000000
vt 0.835876 0.411283 0.000000
vt 0.947038 0.139104 0.000000
vt 0.948138 0.454125 0.000000
vt 0.930770 0.213157 0.000000
vt 0.757312 0.888622 0.000000
vt 0.906400 0.974329 0.000000
vt 0.848144 0.232106 0.000000
vt 0.927757 0.176243 0.000000
vt 0.897334 0.206667 0.000000
vt 0.904167 0.199834 0.000000
vt 0.178357 0.976142 0.000000
vt 0.854278 0.232106 0.000000
vt 0.891766 0.109621 0.000000
vt 0.846562 0.231184 0.000000
vt 0.906978 0.170675 0.000000
vt 0.891766 0.083850 0.000000
vt 0.730243 0.669775 0.000000
vt 0.729425 0.928399 0.000000
vt 0.922119 0.928399 0.000000
vt 0.942890 0.471113 0.000000
vt 0.898495 0.541965 0.000000
vt 0.922458 0.858318 0.000000
vt 0.908427 0.213157 0.000000
vt 0.835876 0.350469 0.000000
vt 0.921717 0.354389 0.000000
vt 0.947038 0.135340 0.000000
vt 0.807376 0.453954 0.000000
vt 0.903349 0.341946 0.000000
vt 0.891766 0.152573 0.000000
vt 0.929005 0.826198 0.000000
vt 0.729425 0.453954 0.000000
vt 0.928940 0.561185 0.000000
vt 0.673571 0.523901 0.000000
vt 0.927322 0.739881 0.000000
vt 0.906400 0.990424 0.000000
vt 0.935919 0.503523 0.000000
vt 0.946706 0.960514 0.000000
vt 0.935720 0.246073 0.000000
vt 0.749504 0.884429 0.000000
vt 0.004255 0.609025 0.000000
vt 0.755317 0.904476 0.000000
vt 0.890790 0.973408 0.000000
vt 0.903667 0.230527 0.000000
vt 0.946116 0.143983 0.000000
vt 0.920925 0.199834 0.000000
vt 0.915613 0.180009 0.000000
vt 0.872679 0.232106 0.000000
vt 0.947038 0.085488 0.000000
vt 0.924201 0.258005 0.000000
vt 0.921250 0.230527 0.000000
vt 0.907851 0.541043 0.000000
vt 0.945300 0.331341 0.000000
vt 0.957150 0.920812 0.000000
vt 0.906915 0.951378 0.000000
vt 0.363008 0.583344 0.000000
vt 0.847777 0.453033 0.000000
vt 0.335019 0.635294 0.000000
vt 0.395983 0.486942 0.000000
vt 0.412291 0.808281 0.000000
vt 0.469132 0.978830 0.000000
vt 0.908204 0.431191 0.000000
vt 0.920265 0.288896 0.000000
vt 0.835876 0.373275 0.000000
vt 0.933750 0.275539 0.000000
vt 0.898495 0.578556 0.000000
vt 0.848144 0.341946 0.000000
vt 0.969346 0.459808 0.000000
vt 0.959663 0.120284 0.000000
vt 0.905702 0.029847 0.000000
vt 0.980456 0.029847 0.000000
vt 0.757312 0.748460 0.000000
vt 0.943706 0.243088 0.000000
vt 0.947038 0.096780 0.000000
vt 0.946571 0.240424 0.000000
vt 0.751252 0.894928 0.000000
vt 0.900875 0.578556 0.000000
vt 0.898495 0.521823 0.000000
vt 0.945262 0.966117 0.000000
vt 0.796240 0.579852 0.000000
vt 0.735906 0.974329 0.000000
vt 0.959663 0.096780 0.000000
vt 0.969346 0.452206 0.000000
vt 0.929005 0.923244 0.000000
vt 0.527157 0.999539 0.000000
vt 0.945275 0.521822 0.000000
vt 0.891766 0.075259 0.000000
vt 0.729425 0.579852 0.000000
vt 0.818512 0.579852 0.000000
vt 0.854278 0.341946 0.000000
vt 0.066157 0.901562 0.000000
vt 0.735050 0.857396 0.000000
vt 0.908085 0.815482 0.000000
vt 0.938048 0.224961 0.000000
vt 0.907851 0.503523 0.000000
vt 0.943706 0.236577 0.000000
vt 0.960303 0.450865 0.000000
vt 0.891712 0.928399 0.000000
vt 0.959663 0.081724 0.000000
vt 0.928084 0.680360 0.000000
vt 0.924594 0.839358 0.000000
vt 0.910404 0.253011 0.000000
vt 0.927776 0.832434 0.000000
vt 0.528196 0.992940 0.000000
vt 0.891766 0.230527 0.000000
vt 0.749504 0.744267 0.000000
vt 0.866546 0.232106 0.000000
vt 0.842010 0.232106 0.000000
vt 0.947038 0.081724 0.000000
vt 0.953279 0.448983 0.000000
vt 0.947038 0.124048 0.000000
vt 0.916489 0.213157 0.000000
vt 0.880159 0.000461 0.000000
vt 0.740561 0.453954 0.000000
vt 0.951132 0.786445 0.000000
vt 0.729425 0.973408 0.000000
vt 0.945262 0.956985 0.000000
vt 0.936836 0.956981 0.000000
vt 0.945275 0.541043 0.000000
vt 0.729425 0.647154 0.000000
vt 0.945275 0.560264 0.000000
vt 0.922119 0.951378 0.000000
vt 0.835876 0.453033 0.000000
vt 0.854918 0.435662 0.000000
vt 0.963782 0.293032 0.000000
vt 0.944521 0.289185 0.000000
vt 0.380547 0.669212 0.000000
vt 0.962922 0.431191 0.000000
vt 0.858856 0.403682 0.000000
vt 0.751696 0.579852 0.000000
vt 0.929721 0.951378 0.000000
vt 0.944777 0.445622 0.000000
vt 0.963919 0.230065 0.000000
vt 0.732914 0.736195 0.000000
vt 0.944777 0.466391 0.000000
vt 0.735050 0.717235 0.000000
vt 0.184838 0.973521 0.000000
vt 0.047328 0.884753 0.000000
vt 0.924333 0.034586 0.000000
vt 0.966520 0.029847 0.000000
vt 0.891766 0.036361 0.000000
vt 0.407300 0.050824 0.000000
vt 0.049860 0.021210 0.000000
vt 0.332263 0.021632 0.000000
vt 0.040273 0.369104 0.000000
vt 0.928084 0.888851 0.000000
vt 0.379625 0.230526 0.000000
vt 0.938810 0.573853 0.000000
vt 0.946251 0.329598 0.000000
vt 0.858856 0.418885 0.000000
vt 0.914109 0.213157 0.000000
vt 0.917690 0.284665 0.000000
vt 0.583845 0.992278 0.000000
vt 0.947038 0.120284 0.000000
vt 0.762832 0.453954 0.000000
vt 0.891766 0.101030 0.000000
vt 0.909483 0.341946 0.000000
vt 0.963988 0.484303 0.000000
vt 0.963988 0.502602 0.000000
vt 0.915613 0.202901 0.000000
vt 0.940931 0.713672 0.000000
vt 0.906257 0.820786 0.000000
vt 0.695781 0.460347 0.000000
vt 0.952526 0.928399 0.000000
vt 0.751294 0.749586 0.000000
vt 0.935919 0.541965 0.000000
vt 0.963988 0.503523 0.000000
vt 0.965512 0.325751 0.000000
vt 0.912776 0.561185 0.000000
vt 0.010546 0.929638 0.000000
vt 0.730187 0.695510 0.000000
vt 0.982933 0.928399 0.000000
vt 0.627151 0.919732 0.000000
vt 0.783559 0.014415 0.000000
vt 0.933325 0.185887 0.000000
vt 0.953213 0.369524 0.000000
vt 0.927899 0.674376 0.000000
vt 0.732914 0.876357 0.000000
vt 0.939488 0.927475 0.000000
vt 0.923630 0.230527 0.000000
vt 0.940252 0.570324 0.000000
vt 0.946705 0.969647 0.000000
vt 0.958962 0.470192 0.000000
vt 0.929472 0.291348 0.000000
vt 0.912064 0.955833 0.000000
vt 0.962617 0.210776 0.000000
vt 0.933031 0.332262 0.000000
vt 0.845397 0.453033 0.000000
vt 0.340270 0.594530 0.000000
vt 0.459990 0.945947 0.000000
vt 0.382750 0.478146 0.000000
vt 0.406863 0.453954 0.000000
vt 0.959663 0.108071 0.000000
vt 0.943428 0.277794 0.000000
vt 0.729609 0.761015 0.000000
vt 0.947038 0.116521 0.000000
vt 0.936836 0.966120 0.000000
vt 0.910404 0.354389 0.000000
vt 0.289378 0.979541 0.000000
vt 0.905635 0.578556 0.000000
vt 0.910404 0.277827 0.000000
vt 0.930383 0.564715 0.000000
vt 0.891766 0.126802 0.000000
vt 0.023677 0.906251 0.000000
vt 0.950801 0.717205 0.000000
vt 0.897215 0.232106 0.000000
vt 0.903348 0.232106 0.000000
vt 0.897215 0.341946 0.000000
vt 0.927757 0.206667 0.000000
vt 0.178357 0.982940 0.000000
vt 0.946116 0.092440 0.000000
vt 0.947038 0.089252 0.000000
vt 0.965545 0.445622 0.000000
vt 0.729425 0.994972 0.000000
vt 0.963988 0.522744 0.000000
vt 0.891712 0.956534 0.000000
vt 0.927322 0.880043 0.000000
vt 0.906915 0.928399 0.000000
vt 0.959663 0.150395 0.000000
vt 0.938552 0.236703 0.000000
vt 0.729425 0.678580 0.000000
vt 0.863977 0.579852 0.000000
vt 0.178357 0.974443 0.000000
vt 0.740561 0.579852 0.000000
vt 0.701199 0.453954 0.000000
vt 0.316634 0.363568 0.000000
vt 0.496770 0.937521 0.000000
vt 0.582310 0.984168 0.000000
vt 0.449796 0.507267 0.000000
vt 0.959663 0.146632 0.000000
vt 0.729425 0.591460 0.000000
vt 0.913506 0.961437 0.000000
vt 0.908085 0.675321 0.000000
vt 0.735247 0.648076 0.000000
vt 0.906957 0.717036 0.000000
vt 0.929005 0.786445 0.000000
vt 0.928084 0.820521 0.000000
vt 0.066593 0.519213 0.000000
vt 0.891766 0.185887 0.000000
vt 0.918113 0.170675 0.000000
vt 0.890790 0.636468 0.000000
vt 0.890790 0.580774 0.000000
vt 0.931912 0.919264 0.000000
vt 0.926010 0.230527 0.000000
vt 0.962647 0.329598 0.000000
vt 0.931870 0.782597 0.000000
vt 0.917207 0.503523 0.000000
vt 0.946116 0.152573 0.000000
vt 0.177436 0.983656 0.000000
vt 0.835876 0.380876 0.000000
vt 0.959663 0.135340 0.000000
vt 0.947038 0.131576 0.000000
vt 0.955834 0.266136 0.000000
vt 0.961189 0.471113 0.000000
vt 0.890790 0.647154 0.000000
vt 0.944344 0.354389 0.000000
vt 0.933031 0.354389 0.000000
vt 0.918869 0.213157 0.000000
vt 0.950735 0.574554 0.000000
vt 0.962922 0.369524 0.000000
vt 0.858856 0.350469 0.000000
vt 0.917207 0.541043 0.000000
vt 0.954631 0.521822 0.000000
vt 0.940354 0.065747 0.000000
vt 0.931867 0.065747 0.000000
vt 0.891766 0.092440 0.000000
vt 0.946116 0.101030 0.000000
vt 0.431385 0.026450 0.000000
vt 0.925696 0.053252 0.000000
vt 0.118868 0.507277 0.000000
vt 0.947038 0.104307 0.000000
vt 0.959663 0.104307 0.000000
vt 0.947038 0.093016 0.000000
vt 0.434116 0.422371 0.000000
vt 0.946116 0.109621 0.000000
vt 0.178357 0.986339 0.000000
vt 0.177436 0.964306 0.000000
vt 0.170955 0.990537 0.000000
vt 0.919832 0.242003 0.000000
vt 0.947038 0.127812 0.000000
vt 0.941409 0.216459 0.000000
vt 0.178357 0.952878 0.000000
vt 0.917464 0.251271 0.000000
vt 0.729425 0.989258 0.000000
vt 0.921082 0.960514 0.000000
vt 0.910590 0.286674 0.000000
vt 0.943386 0.299281 0.000000
vt 0.966012 0.299281 0.000000
vt 0.943386 0.325751 0.000000
vt 0.906400 0.982377 0.000000
vt 0.536086 0.953429 0.000000
vt 0.920925 0.183076 0.000000
vt 0.796240 0.453954 0.000000
vt 0.898495 0.502602 0.000000
vt 0.926563 0.484303 0.000000
vt 0.898495 0.484303 0.000000
vt 0.355333 0.973521 0.000000
vt 0.914706 0.236847 0.000000
vt 0.959663 0.139104 0.000000
vt 0.935919 0.560264 0.000000
vt 0.945672 0.964956 0.000000
vt 0.961189 0.483381 0.000000
vt 0.922150 0.232342 0.000000
vt 0.910452 0.244369 0.000000
vt 0.933787 0.288981 0.000000
vt 0.946550 0.207554 0.000000
vt 0.178357 0.958592 0.000000
vt 0.960128 0.951378 0.000000
vt 0.949218 0.780854 0.000000
vt 0.894146 0.213157 0.000000
vt 0.662098 0.954682 0.000000
vt 0.729425 0.895193 0.000000
vt 0.898495 0.541043 0.000000
vt 0.835877 0.232106 0.000000
vt 0.891081 0.341946 0.000000
vt 0.289378 0.989738 0.000000
vt 0.908204 0.359815 0.000000
vt 0.898495 0.431191 0.000000
vt 0.941409 0.212695 0.000000
vt 0.959663 0.100544 0.000000
vt 0.922708 0.266136 0.000000
vt 0.858856 0.342867 0.000000
vt 0.960303 0.461148 0.000000
vt 0.940976 0.476703 0.000000
vt 0.945275 0.541965 0.000000
vt 0.930383 0.573850 0.000000
vt 0.961282 0.923243 0.000000
vt 0.946526 0.012956 0.000000
vt 0.925696 0.012956 0.000000
vt 0.891766 0.029847 0.000000
vt 0.420434 0.009960 0.000000
vt 0.931867 0.000461 0.000000
vt 0.940354 0.000461 0.000000
vt 0.890844 0.000461 0.000000
vt 0.000461 0.905955 0.000000
vt 0.000461 0.949378 0.000000
vt 0.337278 0.000461 0.000000
vt 0.178357 0.984640 0.000000
vt 0.178357 0.989738 0.000000
vt 0.891766 0.143983 0.000000
vt 0.959663 0.127812 0.000000
vt 0.939220 0.575014 0.000000
vt 0.910396 0.561185 0.000000
vt 0.662055 0.801492 0.000000
vt 0.919858 0.968101 0.000000
vt 0.910404 0.332262 0.000000
vt 0.923991 0.188388 0.000000
vt 0.967730 0.951378 0.000000
vt 0.749423 0.900232 0.000000
vt 0.954280 0.952300 0.000000
vt 0.906215 0.825967 0.000000
vt 0.449023 0.955724 0.000000
vt 0.966012 0.321408 0.000000
vt 0.757288 0.755936 0.000000
vt 0.955525 0.163240 0.000000
vt 0.792448 0.436934 0.000000
vt 0.842010 0.341946 0.000000
vt 0.785587 0.428980 0.000000
vt 0.340231 0.571544 0.000000
vt 0.907196 0.789540 0.000000
vt 0.924783 0.807566 0.000000
vt 0.692603 0.467194 0.000000
vt 0.453024 0.950203 0.000000
vt 0.902191 0.671077 0.000000
vt 0.858856 0.358071 0.000000
vt 0.952457 0.580774 0.000000
vt 0.954631 0.560264 0.000000
vt 0.757288 0.896098 0.000000
vt 0.975332 0.928399 0.000000
vt 0.003289 0.037117 0.000000
vt 0.944924 0.928399 0.000000
vt 0.924783 0.667404 0.000000
vt 0.898495 0.561185 0.000000
vt 0.430189 0.431042 0.000000
vt 0.392713 0.409664 0.000000
vt 0.909479 0.180009 0.000000
vt 0.099354 0.549884 0.000000
vt 0.953574 0.209436 0.000000
vt 0.914109 0.230527 0.000000
vt 0.943291 0.209436 0.000000
vt 0.929108 0.257885 0.000000
vt 0.928390 0.213157 0.000000
vt 0.912064 0.964967 0.000000
vt 0.859777 0.353553 0.000000
vt 0.903637 0.955829 0.000000
vt 0.950801 0.927477 0.000000
vt 0.963988 0.541965 0.000000
vt 0.835876 0.435662 0.000000
vt 0.289378 0.986339 0.000000
vt 0.318810 0.616912 0.000000
vt 0.953213 0.431191 0.000000
vt 0.958816 0.224961 0.000000
vt 0.835876 0.434089 0.000000
vt 0.947038 0.142868 0.000000
vt 0.982933 0.951378 0.000000
vt 0.942784 0.252939 0.000000
vt 0.944521 0.266136 0.000000
vt 0.929042 0.962984 0.000000
vt 0.266157 0.531449 0.000000
vt 0.945620 0.242167 0.000000
vt 0.954631 0.503523 0.000000
vt 0.946526 0.053252 0.000000
vt 0.398711 0.046879 0.000000
vt 0.732726 0.767987 0.000000
vt 0.390671 0.040107 0.000000
vt 0.935919 0.541043 0.000000
vt 0.735906 0.998472 0.000000
vt 0.977325 0.299281 0.000000
vt 0.178357 0.988039 0.000000
vt 0.170955 0.965473 0.000000
vt 0.177436 0.952878 0.000000
vt 0.947038 0.157923 0.000000
vt 0.942784 0.244301 0.000000
vt 0.958374 0.919264 0.000000
vt 0.899314 0.951378 0.000000
vt 0.926010 0.213157 0.000000
vt 0.389139 0.483659 0.000000
vt 0.729425 0.826863 0.000000
vt 0.924594 0.699196 0.000000
vt 0.749423 0.760070 0.000000
vt 0.952457 0.636468 0.000000
vt 0.917207 0.502602 0.000000
vt 0.890844 0.220498 0.000000
vt 0.377615 0.906257 0.000000
vt 0.917207 0.484303 0.000000
vt 0.966332 0.265215 0.000000
vt 0.807376 0.579852 0.000000
vt 0.954631 0.484303 0.000000
vt 0.835876 0.403682 0.000000
vt 0.614415 0.936915 0.000000
vt 0.917207 0.521822 0.000000
vt 0.926563 0.502602 0.000000
vt 0.921082 0.969649 0.000000
vt 0.962968 0.231808 0.000000
vt 0.355333 0.949378 0.000000
vt 0.926563 0.541965 0.000000
vt 0.891766 0.197023 0.000000
vt 0.946550 0.221601 0.000000
vt 0.170955 0.998585 0.000000
vt 0.952233 0.200392 0.000000
vt 0.896526 0.230527 0.000000
vt 0.359953 0.375729 0.000000
vt 0.289378 0.976142 0.000000
vt 0.946116 0.118211 0.000000
vt 0.895844 0.968101 0.000000
vt 0.917207 0.560264 0.000000
vt 0.177436 0.989370 0.000000
vt 0.919926 0.255551 0.000000
vt 0.906047 0.213157 0.000000
vt 0.337807 0.370424 0.000000
vt 0.891766 0.161164 0.000000
vt 0.891766 0.066669 0.000000
vt 0.781530 0.420444 0.000000
vt 0.843017 0.453033 0.000000
vt 0.854918 0.453033 0.000000
vt 0.333499 0.883510 0.000000
vt 0.900220 0.819616 0.000000
vt 0.356767 0.229010 0.000000
vt 0.931357 0.298359 0.000000
vt 0.959663 0.066669 0.000000
vt 0.949357 0.923948 0.000000
vt 0.730243 0.809936 0.000000
vt 0.959663 0.077960 0.000000
vt 0.959662 0.112757 0.000000
vt 0.910807 0.230527 0.000000
vt 0.946571 0.231808 0.000000
vt 0.933136 0.920812 0.000000
vt 0.000461 0.229063 0.000000
vt 0.000461 0.974442 0.000000
vt 0.946116 0.161163 0.000000
vt 0.213581 0.548227 0.000000
vt 0.170955 0.974442 0.000000
vt 0.922458 0.718156 0.000000
vt 0.835876 0.388478 0.000000
vt 0.725216 0.477702 0.000000
vt 0.906215 0.685805 0.000000
vt 0.729425 0.977829 0.000000
vt 0.952457 0.591459 0.000000
vt 0.935394 0.960511 0.000000
vt 0.900220 0.679454 0.000000
vt 0.967147 0.266136 0.000000
vt 0.914517 0.951378 0.000000
vt 0.921366 0.569399 0.000000
vt 0.924044 0.239433 0.000000
vt 0.919832 0.242003 0.000000
vt 0.919926 0.255551 0.000000
vt 0.924201 0.258005 0.000000
vt 0.917464 0.251271 0.000000
vt 0.917438 0.246326 0.000000
vt 0.928964 0.239320 0.000000
vt 0.933248 0.241781 0.000000
vt 0.935720 0.246073 0.000000
vt 0.935768 0.251042 0.000000
vt 0.933288 0.255315 0.000000
vt 0.929108 0.257885 0.000000
vt 0.926583 0.248667 0.000000
vt 0.929472 0.291348 0.000000
vt 0.933787 0.288981 0.000000
vt 0.933750 0.275539 0.000000
vt 0.929437 0.273123 0.000000
vt 0.936321 0.279790 0.000000
vt 0.936329 0.284762 0.000000
vt 0.924565 0.291277 0.000000
vt 0.920265 0.288896 0.000000
vt 0.917690 0.284665 0.000000
vt 0.917665 0.279694 0.000000
vt 0.920219 0.275501 0.000000
vt 0.924523 0.273151 0.000000
vt 0.927002 0.282227 0.000000
vt 0.946116 0.109621 0.000000
vt 0.946116 0.118211 0.000000
vt 0.946116 0.101030 0.000000
vt 0.946116 0.092440 0.000000
vt 0.946116 0.083850 0.000000
vt 0.946116 0.075259 0.000000
vt 0.946116 0.066669 0.000000
vt 0.946116 0.161163 0.000000
vt 0.946116 0.169754 0.000000
vt 0.946116 0.152573 0.000000
vt 0.946116 0.143983 0.000000
vt 0.946116 0.135392 0.000000
vt 0.946116 0.126802 0.000000
vt 0.891766 0.118211 0.000000
vt 0.891766 0.109621 0.000000
vt 0.891766 0.101030 0.000000
vt 0.891766 0.092440 0.000000
vt 0.891766 0.083850 0.000000
vt 0.891766 0.075259 0.000000
vt 0.891766 0.066669 0.000000
vt 0.891766 0.169754 0.000000
vt 0.891766 0.161164 0.000000
vt 0.891766 0.152573 0.000000
vt 0.891766 0.143983 0.000000
vt 0.891766 0.135392 0.000000
vt 0.891766 0.126802 0.000000
vt 0.891766 0.118211 0.000000
vt 0.773968 0.453954 0.000000
vt 0.785104 0.453954 0.000000
vt 0.762832 0.453954 0.000000
vt 0.751697 0.453954 0.000000
vt 0.740561 0.453954 0.000000
vt 0.729425 0.453954 0.000000
vt 0.851919 0.453954 0.000000
vt 0.863055 0.453954 0.000000
vt 0.840783 0.453954 0.000000
vt 0.829648 0.453954 0.000000
vt 0.818512 0.453954 0.000000
vt 0.807376 0.453954 0.000000
vt 0.796240 0.453954 0.000000
vt 0.796240 0.453954 0.000000
vt 0.845397 0.453033 0.000000
vt 0.843017 0.453033 0.000000
vt 0.843017 0.435662 0.000000
vt 0.845397 0.435662 0.000000
vt 0.840637 0.453033 0.000000
vt 0.840637 0.435662 0.000000
vt 0.838256 0.453033 0.000000
vt 0.838256 0.435662 0.000000
vt 0.835876 0.453033 0.000000
vt 0.835876 0.435662 0.000000
vt 0.854918 0.453033 0.000000
vt 0.852538 0.453033 0.000000
vt 0.852538 0.435662 0.000000
vt 0.854918 0.435662 0.000000
vt 0.850157 0.453033 0.000000
vt 0.850157 0.435662 0.000000
vt 0.847777 0.453033 0.000000
vt 0.847777 0.435662 0.000000
vt 0.954631 0.484303 0.000000
vt 0.963988 0.484303 0.000000
vt 0.963988 0.502602 0.000000
vt 0.954631 0.502602 0.000000
vt 0.929974 0.565875 0.000000
vt 0.921366 0.569399 0.000000
vt 0.949767 0.712514 0.000000
vt 0.958374 0.708991 0.000000
vt 0.939220 0.565879 0.000000
vt 0.898495 0.484303 0.000000
vt 0.907851 0.484303 0.000000
vt 0.907851 0.502602 0.000000
vt 0.898495 0.502602 0.000000
vt 0.917207 0.484303 0.000000
vt 0.917207 0.502602 0.000000
vt 0.926563 0.484303 0.000000
vt 0.926563 0.502602 0.000000
vt 0.935919 0.484303 0.000000
vt 0.935919 0.502602 0.000000
vt 0.945275 0.484303 0.000000
vt 0.947828 0.569399 0.000000
vt 0.945275 0.502602 0.000000
vt 0.940520 0.712511 0.000000
vt 0.931912 0.708991 0.000000
vt 0.730243 0.809936 0.000000
vt 0.735247 0.788237 0.000000
vt 0.735050 0.857396 0.000000
vt 0.730187 0.835672 0.000000
vt 0.729425 0.826863 0.000000
vt 0.000461 0.973520 0.000000
vt 0.000461 0.965473 0.000000
vt 0.000461 0.957425 0.000000
vt 0.000461 0.949378 0.000000
vt 0.729425 0.818742 0.000000
vt 0.730243 0.669775 0.000000
vt 0.735247 0.648076 0.000000
vt 0.735050 0.717235 0.000000
vt 0.730187 0.695510 0.000000
vt 0.729425 0.686702 0.000000
vt 0.000461 0.998585 0.000000
vt 0.000461 0.990537 0.000000
vt 0.000461 0.982490 0.000000
vt 0.000461 0.974442 0.000000
vt 0.729425 0.678580 0.000000
vt 0.927265 0.765617 0.000000
vt 0.922261 0.787316 0.000000
vt 0.922458 0.718156 0.000000
vt 0.927322 0.739881 0.000000
vt 0.928084 0.748690 0.000000
vt 0.355333 0.949378 0.000000
vt 0.355333 0.957426 0.000000
vt 0.355333 0.965473 0.000000
vt 0.355333 0.973521 0.000000
vt 0.928084 0.756811 0.000000
vt 0.927265 0.905778 0.000000
vt 0.922261 0.927477 0.000000
vt 0.922458 0.858318 0.000000
vt 0.927322 0.880043 0.000000
vt 0.928084 0.888851 0.000000
vt 0.906400 0.974329 0.000000
vt 0.906400 0.982377 0.000000
vt 0.906400 0.990424 0.000000
vt 0.906400 0.998472 0.000000
vt 0.928084 0.896973 0.000000
vt 0.901287 0.230527 0.000000
vt 0.898906 0.230527 0.000000
vt 0.898906 0.213157 0.000000
vt 0.901287 0.213157 0.000000
vt 0.896526 0.230527 0.000000
vt 0.896526 0.213157 0.000000
vt 0.894146 0.230527 0.000000
vt 0.894146 0.213157 0.000000
vt 0.891766 0.230527 0.000000
vt 0.891766 0.213157 0.000000
vt 0.910807 0.230527 0.000000
vt 0.908427 0.230527 0.000000
vt 0.908427 0.213157 0.000000
vt 0.910807 0.213157 0.000000
vt 0.906047 0.230527 0.000000
vt 0.906047 0.213157 0.000000
vt 0.903667 0.230527 0.000000
vt 0.903667 0.213157 0.000000
vt 0.907851 0.521822 0.000000
vt 0.898495 0.521823 0.000000
vt 0.898495 0.503523 0.000000
vt 0.907851 0.503523 0.000000
vt 0.949767 0.922787 0.000000
vt 0.958374 0.919264 0.000000
vt 0.903227 0.966125 0.000000
vt 0.894620 0.969649 0.000000
vt 0.940521 0.922785 0.000000
vt 0.963988 0.521822 0.000000
vt 0.954631 0.521822 0.000000
vt 0.954631 0.503523 0.000000
vt 0.963988 0.503523 0.000000
vt 0.945275 0.521822 0.000000
vt 0.945275 0.503523 0.000000
vt 0.935919 0.521822 0.000000
vt 0.935919 0.503523 0.000000
vt 0.926563 0.521822 0.000000
vt 0.926563 0.503523 0.000000
vt 0.917207 0.521822 0.000000
vt 0.931912 0.919264 0.000000
vt 0.917207 0.503523 0.000000
vt 0.912473 0.966128 0.000000
vt 0.921082 0.969649 0.000000
vt 0.921250 0.230527 0.000000
vt 0.918869 0.230527 0.000000
vt 0.918869 0.213157 0.000000
vt 0.921250 0.213157 0.000000
vt 0.916489 0.230527 0.000000
vt 0.916489 0.213157 0.000000
vt 0.914109 0.230527 0.000000
vt 0.914109 0.213157 0.000000
vt 0.911729 0.230527 0.000000
vt 0.911729 0.213157 0.000000
vt 0.930770 0.230527 0.000000
vt 0.928390 0.230527 0.000000
vt 0.928390 0.213157 0.000000
vt 0.930770 0.213157 0.000000
vt 0.926010 0.230527 0.000000
vt 0.926010 0.213157 0.000000
vt 0.923630 0.230527 0.000000
vt 0.923630 0.213157 0.000000
vt 0.907851 0.541043 0.000000
vt 0.898495 0.541043 0.000000
vt 0.898495 0.522744 0.000000
vt 0.907851 0.522744 0.000000
vt 0.945672 0.955824 0.000000
vt 0.954280 0.952300 0.000000
vt 0.929973 0.575011 0.000000
vt 0.921366 0.578535 0.000000
vt 0.936426 0.955821 0.000000
vt 0.963988 0.541043 0.000000
vt 0.954631 0.541043 0.000000
vt 0.954631 0.522744 0.000000
vt 0.963988 0.522744 0.000000
vt 0.945275 0.541043 0.000000
vt 0.945275 0.522744 0.000000
vt 0.935919 0.541043 0.000000
vt 0.935919 0.522744 0.000000
vt 0.926563 0.541043 0.000000
vt 0.926563 0.522744 0.000000
vt 0.917207 0.541043 0.000000
vt 0.927817 0.952300 0.000000
vt 0.917207 0.522744 0.000000
vt 0.939220 0.575014 0.000000
vt 0.947828 0.578535 0.000000
vt 0.908016 0.578556 0.000000
vt 0.905635 0.578556 0.000000
vt 0.905635 0.561185 0.000000
vt 0.908016 0.561185 0.000000
vt 0.903255 0.578556 0.000000
vt 0.903255 0.561185 0.000000
vt 0.900875 0.578556 0.000000
vt 0.900875 0.561185 0.000000
vt 0.898495 0.578556 0.000000
vt 0.898495 0.561185 0.000000
vt 0.917536 0.578556 0.000000
vt 0.915156 0.578556 0.000000
vt 0.915156 0.561185 0.000000
vt 0.917536 0.561185 0.000000
vt 0.912776 0.578556 0.000000
vt 0.912776 0.561185 0.000000
vt 0.910396 0.578556 0.000000
vt 0.910396 0.561185 0.000000
vt 0.954631 0.541965 0.000000
vt 0.963988 0.541965 0.000000
vt 0.963988 0.560264 0.000000
vt 0.954631 0.560264 0.000000
vt 0.903227 0.956990 0.000000
vt 0.894620 0.960514 0.000000
vt 0.945672 0.964956 0.000000
vt 0.954281 0.961435 0.000000
vt 0.912474 0.956993 0.000000
vt 0.898495 0.541965 0.000000
vt 0.907851 0.541965 0.000000
vt 0.907851 0.560264 0.000000
vt 0.898495 0.560264 0.000000
vt 0.917207 0.541965 0.000000
vt 0.917207 0.560264 0.000000
vt 0.926563 0.541965 0.000000
vt 0.926563 0.560264 0.000000
vt 0.935919 0.541965 0.000000
vt 0.935919 0.560264 0.000000
vt 0.945275 0.541965 0.000000
vt 0.921082 0.960514 0.000000
vt 0.945275 0.560264 0.000000
vt 0.936426 0.964959 0.000000
vt 0.927819 0.961435 0.000000
vt 0.845397 0.453033 0.000000
vt 0.845397 0.435662 0.000000
vt 0.931241 0.502602 0.000000
vt 0.934597 0.567638 0.000000
vt 0.931241 0.484303 0.000000
vt 0.945143 0.710752 0.000000
vt 0.000461 0.961449 0.000000
vt 0.731596 0.822808 0.000000
vt 0.000461 0.986513 0.000000
vt 0.731596 0.682646 0.000000
vt 0.355333 0.961450 0.000000
vt 0.925912 0.752745 0.000000
vt 0.906400 0.986400 0.000000
vt 0.925912 0.892907 0.000000
vt 0.901287 0.230527 0.000000
vt 0.901287 0.213157 0.000000
vt 0.931241 0.503523 0.000000
vt 0.945143 0.921025 0.000000
vt 0.931241 0.521822 0.000000
vt 0.907851 0.967888 0.000000
vt 0.921250 0.230527 0.000000
vt 0.921250 0.213157 0.000000
vt 0.931241 0.522744 0.000000
vt 0.941049 0.954061 0.000000
vt 0.931241 0.541043 0.000000
vt 0.934597 0.576774 0.000000
vt 0.908016 0.578556 0.000000
vt 0.908016 0.561185 0.000000
vt 0.931241 0.560264 0.000000
vt 0.907851 0.958753 0.000000
vt 0.931241 0.541965 0.000000
vt 0.941050 0.963196 0.000000
# 1303 texture coords

o ??___??
g ??___??
f 1/108 2/298 4/31 3/30 
f 3/30 4/31 6/465 5/668 
f 5/668 6/465 8/643 7/240 
f 7/240 8/643 10/737 9/627 
f 9/627 10/737 12/601 11/545 
f 11/300 12/424 14/301 13/237 
f 13/237 14/301 16/425 15/428 
f 15/428 16/425 18/474 17/426 
f 17/426 18/474 20/602 19/235 
f 19/235 20/602 22/940 21/541 
f 2/460 24/523 36/524 26/475 
f 21/541 22/940 24/593 23/806 
f 23/806 24/593 2/298 1/108 
f 32/719 31/720 43/542 44/721 
f 4/157 2/460 26/475 25/673 
f 8/175 6/722 27/559 28/28 
f 24/523 22/950 35/29 36/524 
f 6/722 4/157 25/673 27/559 
f 22/950 20/752 34/172 35/29 
f 20/752 18/414 33/369 34/172 
f 18/414 16/529 32/889 33/369 
f 16/529 14/753 31/560 32/889 
f 14/753 12/522 30/805 31/560 
f 12/522 10/688 29/860 30/805 
f 10/688 8/175 28/28 29/860 
f 29/621 28/521 40/580 41/870 
f 36/561 35/128 47/441 48/111 
f 25/156 26/620 38/46 37/395 
f 33/476 32/719 44/721 45/828 
f 30/827 29/621 41/870 42/75 
f 26/620 36/561 48/111 38/46 
f 27/526 25/156 37/395 39/603 
f 34/17 33/476 45/828 46/236 
f 31/720 30/392 42/670 43/542 
f 28/521 27/526 39/603 40/580 
f 35/128 34/17 46/236 47/441 
f 49/76 50/701 52/967 51/198 
f 51/198 52/967 54/32 53/33 
f 53/33 54/32 56/393 55/138 
f 55/138 56/393 58/636 57/901 
f 57/637 58/968 60/34 59/333 
f 59/333 60/34 62/35 61/440 
f 61/440 62/35 64/570 63/139 
f 63/139 64/570 50/701 49/76 
f 65/40 66/941 68/671 67/672 
f 72/241 74/996 92/208 90/715 
f 69/429 67/113 86/47 87/477 
f 70/48 72/241 90/715 88/176 
f 73/807 74/809 76/302 75/299 
f 75/299 76/302 78/938 77/935 
f 77/935 78/938 80/808 79/945 
f 79/945 80/808 82/421 81/209 
f 81/209 82/421 84/364 83/365 
f 83/365 84/364 66/941 65/40 
f 91/363 89/674 97/210 99/112 
f 92/638 91/103 99/639 100/77 
f 86/174 85/205 93/177 94/544 
f 71/202 69/429 87/477 89/674 
f 68/376 70/48 88/176 85/206 
f 67/104 68/368 85/205 86/174 
f 74/49 73/394 91/103 92/638 
f 73/422 71/202 89/674 91/363 
f 94/36 93/101 96/939 95/390 
f 95/390 96/939 98/37 97/38 
f 97/38 98/37 100/136 99/586 
f 88/176 90/715 98/546 96/52 
f 87/477 86/47 94/109 95/718 
f 90/715 92/208 100/173 98/546 
f 89/674 87/477 95/718 97/210 
f 85/206 88/176 96/52 93/50 
f 109/273 110/583 104/150 103/652 
f 103/652 104/150 108/129 107/151 
f 111/275 112/653 106/584 105/377 
f 105/868 106/378 102/379 101/203 
f 109/782 111/915 105/777 101/778 
f 112/841 110/842 102/845 106/846 
f 108/129 104/150 110/842 112/841 
f 103/652 107/151 111/915 109/782 
f 107/151 108/129 112/653 111/275 
f 101/654 102/843 110/583 109/273 
f 113/736 114/423 116/956 115/525 
f 115/525 116/956 118/366 117/207 
f 117/207 118/366 120/712 119/335 
f 119/335 120/712 122/383 121/380 
f 121/380 122/383 124/304 123/723 
f 123/723 124/304 126/234 125/851 
f 125/851 126/234 128/902 127/789 
f 127/789 128/902 130/78 129/922 
f 129/922 130/78 132/829 131/852 
f 131/852 132/829 114/259 113/51 
f 133/626 134/102 136/303 135/123 
f 135/123 136/303 140/367 139/124 
f 139/391 140/381 138/735 137/336 
f 137/847 138/936 134/102 133/626 
f 140/528 136/303 134/102 138/382 
f 141/957 142/272 144/527 143/788 
f 143/788 144/527 146/669 145/780 
f 145/780 146/669 148/779 147/724 
f 147/724 148/779 150/530 149/510 
f 149/510 150/530 152/600 151/204 
f 151/204 152/600 154/965 153/199 
f 153/384 154/508 156/964 155/983 
f 155/983 156/964 158/543 157/761 
f 157/761 158/543 160/853 159/558 
f 159/558 160/853 162/137 161/439 
f 161/439 162/137 164/716 163/140 
f 163/140 164/716 142/272 141/957 
f 174/966 175/871 168/887 165/787 
f 178/189 179/332 176/39 173/427 
f 180/687 171/374 184/844 185/95 
f 166/99 167/334 172/916 169/655 
f 170/781 171/374 180/687 177/351 
f 165/787 168/887 167/334 166/99 
f 171/374 170/781 169/655 172/916 
f 179/332 178/189 177/351 180/687 
f 175/871 174/966 173/427 176/39 
f 169/655 170/781 165/787 166/99 
f 188/569 187/511 195/239 196/702 
f 175/871 176/39 187/509 188/869 
f 168/887 175/871 188/869 181/249 
f 179/332 180/687 185/95 186/238 
f 171/374 172/916 183/918 184/844 
f 167/334 168/887 181/249 182/888 
f 176/39 179/332 186/238 187/509 
f 172/916 167/334 182/888 183/918 
f 191/717 190/454 198/152 199/651 
f 184/274 183/683 191/717 192/408 
f 187/511 186/937 194/100 195/239 
f 183/848 182/554 190/454 191/717 
f 186/937 185/110 193/18 194/100 
f 182/453 181/406 189/407 190/454 
f 185/171 184/274 192/408 193/18 
f 181/406 188/872 196/702 189/407 
f 202/969 201/260 204/903 203/571 
f 194/100 193/18 201/260 202/969 
f 190/454 189/407 197/114 198/152 
f 193/18 192/408 200/604 201/260 
f 189/407 196/702 204/903 197/114 
f 196/702 195/239 203/571 204/903 
f 192/408 191/717 199/651 200/604 
f 195/239 194/100 202/969 203/571 
f 205/256 207/975 208/358 206/873 
f 211/305 209/188 210/178 212/605 
f 220/923 226/790 222/415 206/220 
f 213/931 218/478 209/188 211/305 
f 215/58 220/923 206/220 208/59 
f 212/849 210/96 219/179 216/60 
f 216/60 219/179 220/923 215/58 
f 207/975 205/256 217/970 214/1 
f 214/1 217/970 218/478 213/931 
f 217/970 227/675 225/864 218/478 
f 219/179 228/158 226/790 220/923 
f 227/675 221/606 222/479 226/750 
f 224/480 225/864 228/293 223/616 
f 225/864 227/675 226/750 228/293 
f 209/188 224/480 223/616 210/614 
f 210/96 223/924 228/158 219/179 
f 205/256 221/606 227/675 217/970 
f 206/874 222/479 221/606 205/256 
f 218/478 225/864 224/480 209/188 
f 280/53 282/226 232/481 229/276 
f 242/396 243/413 240/676 237/875 
f 272/261 235/876 248/865 274/347 
f 290/306 292/617 236/223 233/141 
f 270/308 271/229 244/930 241/572 
f 229/276 232/481 231/285 230/142 
f 235/876 234/703 233/141 236/223 
f 243/413 242/396 241/572 244/930 
f 239/56 238/211 237/875 240/676 
f 269/573 270/308 308/397 310/337 
f 252/153 251/456 259/656 260/346 
f 239/56 240/676 251/738 252/988 
f 281/159 239/56 252/988 283/315 
f 243/413 244/930 249/704 250/705 
f 235/876 236/223 247/574 248/865 
f 231/285 232/481 245/824 246/180 
f 240/676 243/413 250/705 251/738 
f 291/666 231/285 246/180 293/22 
f 295/41 254/461 262/783 297/352 
f 248/338 247/442 255/912 256/200 
f 251/456 250/850 258/657 259/656 
f 293/317 246/890 254/461 295/41 
f 250/850 249/92 257/409 258/657 
f 246/890 245/277 253/278 254/461 
f 274/955 248/252 256/200 276/963 
f 283/981 252/883 260/346 285/216 
f 266/501 265/279 268/250 267/410 
f 258/657 257/409 265/279 266/501 
f 254/461 253/278 261/282 262/783 
f 276/963 256/200 264/401 278/739 
f 285/216 260/346 268/250 287/280 
f 260/346 259/656 267/410 268/250 
f 256/200 255/912 263/231 264/401 
f 259/656 258/657 266/501 267/410 
f 257/409 275/971 277/512 265/279 
f 275/971 276/963 278/739 277/512 
f 249/154 273/660 275/971 257/409 
f 273/660 274/955 276/963 275/971 
f 234/703 235/876 272/261 269/573 
f 269/573 272/261 271/229 270/308 
f 244/930 271/229 273/640 249/704 
f 271/229 272/261 274/347 273/640 
f 253/278 286/658 288/411 261/282 
f 286/658 285/216 287/280 288/411 
f 245/751 284/436 286/658 253/278 
f 284/436 283/981 285/216 286/658 
f 232/481 282/226 284/107 245/824 
f 282/226 281/159 283/315 284/107 
f 238/211 239/56 281/159 279/246 
f 279/246 281/159 282/226 280/53 
f 288/411 278/739 264/401 261/282 
f 287/280 277/512 278/739 288/411 
f 233/141 234/703 301/513 302/740 
f 234/703 269/573 310/337 301/513 
f 247/442 294/416 296/984 255/912 
f 294/416 293/317 295/41 296/984 
f 255/912 296/984 298/492 263/231 
f 296/984 295/41 297/352 298/492 
f 236/223 292/617 294/598 247/574 
f 292/617 291/666 293/22 294/598 
f 230/142 231/285 291/666 289/741 
f 289/741 291/666 292/617 290/306 
f 302/740 299/943 312/242 307/804 
f 309/857 310/337 308/397 311/269 
f 311/269 308/397 304/45 305/547 
f 237/875 238/211 305/547 306/73 
f 229/276 230/142 299/943 300/686 
f 230/142 289/741 312/242 299/943 
f 290/306 233/141 302/740 307/804 
f 238/211 279/246 311/269 305/547 
f 289/741 290/306 307/804 312/242 
f 270/308 241/572 304/45 308/397 
f 279/246 280/53 309/857 311/269 
f 241/572 242/396 303/742 304/45 
f 242/396 237/875 306/73 303/742 
f 280/53 229/276 300/686 309/857 
f 321/754 314/244 316/744 322/187 
f 322/187 316/744 320/181 323/755 
f 323/556 320/629 318/532 324/503 
f 324/768 318/633 314/244 321/754 
f 315/93 319/54 317/897 313/132 
f 317/194 324/768 321/754 313/934 
f 315/991 322/187 323/755 319/879 
f 315/830 313/143 326/689 325/86 
f 326/689 328/904 327/575 325/86 
f 322/831 315/458 325/86 327/575 
f 313/773 321/641 328/904 326/689 
f 321/372 322/330 327/575 328/904 
f 329/88 330/307 332/644 331/430 
f 331/430 332/644 334/635 333/533 
f 333/533 334/635 336/995 335/387 
f 335/387 336/995 338/568 337/731 
f 337/731 338/568 340/928 339/15 
f 339/15 340/928 342/94 341/611 
f 341/685 342/908 344/500 343/882 
f 343/882 344/500 346/861 345/11 
f 345/11 346/861 348/821 347/342 
f 347/342 348/821 350/166 349/677 
f 346/144 344/286 360/819 361/893 
f 349/677 350/166 352/287 351/884 
f 351/884 352/287 330/307 329/88 
f 337/79 339/972 382/697 381/818 
f 358/262 357/784 369/785 370/706 
f 344/286 342/953 359/283 360/819 
f 342/953 340/339 358/891 359/283 
f 340/339 338/699 357/263 358/891 
f 338/699 336/2 356/182 357/263 
f 330/80 352/607 364/7 354/951 
f 332/81 330/80 354/951 353/130 
f 336/2 334/905 355/160 356/182 
f 352/607 350/417 363/794 364/7 
f 334/905 332/81 353/130 355/160 
f 350/417 348/264 362/832 363/794 
f 348/264 346/144 361/893 362/832 
f 354/725 364/562 376/493 366/161 
f 355/587 353/786 365/291 367/595 
f 362/281 361/185 373/404 374/976 
f 359/227 358/262 370/706 371/115 
f 356/325 355/587 367/595 368/833 
f 363/622 362/281 374/976 375/612 
f 360/443 359/19 371/973 372/89 
f 357/784 356/325 368/833 369/785 
f 364/562 363/622 375/612 376/493 
f 353/786 354/725 366/161 365/291 
f 361/185 360/443 372/89 373/404 
f 335/311 337/79 381/818 380/487 
f 351/834 329/201 377/196 388/255 
f 329/201 331/82 378/578 377/196 
f 333/707 335/311 380/487 379/495 
f 349/444 351/834 388/255 387/489 
f 331/82 333/707 379/495 378/578 
f 347/714 349/444 387/489 386/83 
f 345/799 347/714 386/83 385/665 
f 343/20 345/799 385/665 384/576 
f 341/292 343/20 384/576 383/84 
f 339/972 341/292 383/84 382/697 
f 389/877 391/531 392/747 390/284 
f 395/684 393/271 394/748 396/649 
f 404/791 410/960 406/514 390/952 
f 397/353 402/118 393/271 395/684 
f 399/61 404/791 390/952 392/62 
f 396/982 394/985 403/97 400/63 
f 400/63 403/97 404/791 399/61 
f 391/531 389/877 401/993 398/734 
f 398/734 401/993 402/118 397/353 
f 401/993 411/90 409/989 402/118 
f 403/97 412/762 410/960 404/791 
f 411/90 405/746 406/690 410/613 
f 408/169 409/989 412/133 407/6 
f 409/989 411/90 410/613 412/133 
f 393/271 408/169 407/6 394/932 
f 394/985 407/21 412/762 403/97 
f 389/877 405/746 411/90 401/993 
f 390/885 406/690 405/746 389/877 
f 402/118 409/989 408/169 393/271 
f 413/482 415/321 416/233 414/455 
f 419/548 417/195 418/506 420/986 
f 428/491 434/820 430/795 414/343 
f 421/472 426/585 417/195 419/548 
f 423/44 428/491 414/343 416/948 
f 420/810 418/650 427/473 424/23 
f 424/23 427/473 428/491 423/44 
f 415/321 413/482 425/867 422/373 
f 422/373 425/867 426/585 421/472 
f 425/867 435/258 433/678 426/585 
f 427/473 436/494 434/820 428/491 
f 435/258 429/933 430/708 434/362 
f 432/619 433/678 436/224 431/247 
f 433/678 435/258 434/362 436/224 
f 417/195 432/619 431/247 418/647 
f 418/650 431/483 436/494 427/473 
f 413/482 429/933 435/258 425/867 
f 414/917 430/708 429/933 413/482 
f 426/585 433/678 432/619 417/195 
f 437/555 439/26 440/388 438/162 
f 443/730 441/232 442/484 444/536 
f 452/3 458/12 454/990 438/594 
f 445/659 450/519 441/232 443/730 
f 447/803 452/3 438/594 440/520 
f 444/4 442/920 451/253 448/549 
f 448/549 451/253 452/3 447/803 
f 439/26 437/555 449/881 446/432 
f 446/432 449/881 450/519 445/659 
f 449/881 459/589 457/340 450/519 
f 451/253 460/797 458/12 452/3 
f 459/589 453/862 454/420 458/825 
f 456/553 457/340 460/294 455/245 
f 457/340 459/589 458/825 460/294 
f 441/232 456/553 455/245 442/691 
f 442/920 455/727 460/797 451/253 
f 437/555 453/862 459/589 449/881 
f 438/462 454/420 453/862 437/555 
f 450/519 457/340 456/553 441/232 
f 461/265 462/987 464/763 463/445 
f 463/445 464/763 466/577 465/155 
f 465/155 466/577 468/485 467/435 
f 467/435 468/485 470/135 469/878 
f 469/878 470/135 472/538 471/774 
f 471/774 472/538 474/437 473/835 
f 473/313 474/906 476/219 475/270 
f 475/270 476/219 478/119 477/663 
f 477/663 478/119 480/515 479/70 
f 479/70 480/515 482/942 481/642 
f 478/309 476/645 492/288 493/517 
f 481/642 482/942 484/328 483/289 
f 483/289 484/328 462/987 461/265 
f 469/811 471/816 514/9 513/792 
f 490/221 489/582 501/667 502/709 
f 476/645 474/168 491/623 492/288 
f 474/168 472/504 490/446 491/623 
f 472/504 470/726 489/610 490/446 
f 470/726 468/596 488/398 489/610 
f 462/696 484/355 496/399 486/24 
f 464/327 462/696 486/24 485/836 
f 468/596 466/581 487/431 488/398 
f 484/355 482/648 495/146 496/399 
f 466/581 464/327 485/836 487/431 
f 482/648 480/213 494/447 495/146 
f 480/213 478/309 493/517 494/447 
f 486/764 496/812 508/516 498/540 
f 487/854 485/329 497/765 499/793 
f 494/743 493/732 505/402 506/341 
f 491/977 490/221 502/709 503/360 
f 488/190 487/854 499/793 500/624 
f 495/66 494/743 506/341 507/907 
f 492/356 491/65 503/925 504/457 
f 489/582 488/190 500/624 501/667 
f 496/812 495/66 507/907 508/516 
f 485/329 486/764 498/540 497/765 
f 493/732 492/356 504/457 505/402 
f 467/817 469/811 513/792 512/163 
f 483/314 461/230 509/563 520/894 
f 461/230 463/357 510/961 509/563 
f 465/615 467/817 512/163 511/796 
f 481/450 483/314 520/894 519/212 
f 463/357 465/615 511/796 510/961 
f 479/909 481/450 519/212 518/412 
f 477/926 479/909 518/412 517/552 
f 475/733 477/926 517/552 516/105 
f 473/117 475/733 516/105 515/42 
f 471/816 473/117 515/42 514/9 
f 521/186 522/131 524/67 523/433 
f 523/433 524/67 526/954 525/463 
f 525/463 526/954 528/496 527/823 
f 527/823 528/496 530/618 529/85 
f 529/322 530/978 532/257 531/537 
f 531/537 532/257 534/497 533/962 
f 533/962 534/497 536/557 535/148 
f 535/148 536/557 522/131 521/186 
f 537/608 538/486 540/591 539/359 
f 544/222 546/927 564/567 562/974 
f 541/125 539/25 558/958 559/296 
f 542/8 544/222 562/974 560/451 
f 545/680 546/312 548/776 547/914 
f 547/914 548/776 550/599 549/266 
f 549/266 550/599 552/74 551/550 
f 551/550 552/74 554/191 553/498 
f 553/498 554/191 556/944 555/760 
f 555/760 556/944 538/486 537/608 
f 563/858 561/896 569/745 571/254 
f 564/759 563/405 571/628 572/749 
f 558/251 557/588 565/609 566/490 
f 543/248 541/125 559/296 561/896 
f 540/756 542/8 560/451 557/980 
f 539/467 540/913 557/588 558/251 
f 546/323 545/822 563/405 564/759 
f 545/946 543/248 561/896 563/858 
f 566/267 565/910 568/766 567/361 
f 567/361 568/766 570/994 569/507 
f 569/507 570/994 572/120 571/72 
f 560/451 562/974 570/899 568/692 
f 559/296 558/958 566/145 567/385 
f 562/974 564/567 572/840 570/899 
f 561/896 559/296 567/385 569/745 
f 557/980 560/451 568/692 565/597 
f 573/316 574/564 576/318 575/771 
f 575/771 576/318 578/10 577/625 
f 577/625 578/10 580/892 579/664 
f 579/664 580/892 582/290 581/419 
f 581/518 582/434 584/438 583/895 
f 583/895 584/438 586/757 585/929 
f 585/929 586/757 588/693 587/468 
f 587/468 588/693 574/564 573/316 
f 589/324 590/565 592/826 591/57 
f 596/214 598/863 616/87 614/630 
f 593/354 591/64 610/192 611/839 
f 594/370 596/214 614/630 612/631 
f 597/728 598/466 600/375 599/243 
f 599/243 600/375 602/632 601/27 
f 601/27 602/632 604/919 603/43 
f 603/43 604/919 606/165 605/471 
f 605/471 606/165 608/775 607/389 
f 607/389 608/775 590/565 589/324 
f 615/459 613/661 621/694 623/772 
f 616/320 615/469 623/400 624/837 
f 610/134 609/215 617/126 618/170 
f 595/855 593/354 611/839 613/661 
f 592/91 594/370 612/631 609/217 
f 591/815 592/167 609/215 610/134 
f 598/534 597/767 615/469 616/320 
f 597/464 595/855 613/661 615/459 
f 618/371 617/800 620/449 619/225 
f 619/225 620/449 622/801 621/866 
f 621/866 622/801 624/921 623/502 
f 612/631 614/630 622/551 620/992 
f 611/839 610/192 618/452 619/13 
f 614/630 616/87 624/183 622/551 
f 613/661 611/839 619/13 621/694 
f 609/217 612/631 620/992 617/326 
f 625/295 626/386 628/713 627/297 
f 627/297 628/713 630/470 629/268 
f 629/268 630/470 632/590 631/345 
f 631/345 632/590 634/579 633/886 
f 633/448 634/184 636/197 635/5 
f 635/5 636/197 638/68 637/682 
f 637/682 638/68 640/55 639/856 
f 639/856 640/55 626/386 625/295 
f 641/880 642/98 644/900 643/122 
f 648/121 650/228 668/331 666/898 
f 645/814 643/14 662/488 663/592 
f 646/164 648/121 666/898 664/698 
f 649/418 650/535 652/344 651/149 
f 651/149 652/344 654/71 653/959 
f 653/959 654/71 656/949 655/69 
f 655/69 656/949 658/679 657/813 
f 657/813 658/679 660/838 659/634 
f 659/634 660/838 642/98 641/880 
f 667/911 665/710 673/116 675/505 
f 668/758 667/662 675/802 676/681 
f 662/979 661/947 669/348 670/16 
f 647/403 645/814 663/592 665/710 
f 644/798 646/164 664/698 661/349 
f 643/499 644/646 661/947 662/979 
f 650/193 649/566 667/662 668/758 
f 649/127 647/403 665/710 667/911 
f 670/319 669/769 672/770 671/700 
f 671/700 672/770 674/539 673/147 
f 673/147 674/539 676/711 675/859 
f 664/698 666/898 674/310 672/350 
f 663/592 662/488 670/106 671/695 
f 666/898 668/331 676/729 674/310 
f 665/710 663/592 671/695 673/116 
f 661/349 664/698 672/350 669/218 
f 201/260 200/604 197/114 204/903 
f 200/604 199/651 198/152 197/114 
f 170/781 177/351 174/966 165/787 
f 177/351 178/189 173/427 174/966 
f 264/401 263/231 262/783 261/282 
f 263/231 298/492 297/352 262/783 
f 301/513 310/337 309/857 300/686 
f 302/740 301/513 300/686 299/943 
f 304/45 303/742 306/73 305/547 
f 265/279 277/512 287/280 268/250 
f 513/792 514/9 682/997 681/998 
f 509/563 510/961 678/999 677/1000 
f 510/961 511/796 679/1001 678/999 
f 511/796 512/163 680/1002 679/1001 
f 512/163 513/792 681/998 680/1002 
f 514/9 515/42 683/1003 682/997 
f 515/42 516/105 684/1004 683/1003 
f 516/105 517/552 685/1005 684/1004 
f 517/552 518/412 686/1006 685/1005 
f 518/412 519/212 687/1007 686/1006 
f 519/212 520/894 688/1008 687/1007 
f 520/894 509/563 677/1000 688/1008 
f 681/998 682/997 689/1009 
f 677/1000 678/999 689/1009 
f 678/999 679/1001 689/1009 
f 679/1001 680/1002 689/1009 
f 680/1002 681/998 689/1009 
f 682/997 683/1003 689/1009 
f 683/1003 684/1004 689/1009 
f 684/1004 685/1005 689/1009 
f 685/1005 686/1006 689/1009 
f 686/1006 687/1007 689/1009 
f 687/1007 688/1008 689/1009 
f 688/1008 677/1000 689/1009 
f 381/818 382/697 695/1010 694/1011 
f 377/196 378/578 691/1012 690/1013 
f 378/578 379/495 692/1014 691/1012 
f 379/495 380/487 693/1015 692/1014 
f 380/487 381/818 694/1011 693/1015 
f 382/697 383/84 696/1016 695/1010 
f 383/84 384/576 697/1017 696/1016 
f 384/576 385/665 698/1018 697/1017 
f 385/665 386/83 699/1019 698/1018 
f 386/83 387/489 700/1020 699/1019 
f 387/489 388/255 701/1021 700/1020 
f 388/255 377/196 690/1013 701/1021 
f 694/1011 695/1010 702/1022 
f 690/1013 691/1012 702/1022 
f 691/1012 692/1014 702/1022 
f 692/1014 693/1015 702/1022 
f 693/1015 694/1011 702/1022 
f 695/1010 696/1016 702/1022 
f 696/1016 697/1017 702/1022 
f 697/1017 698/1018 702/1022 
f 698/1018 699/1019 702/1022 
f 699/1019 700/1020 702/1022 
f 700/1020 701/1021 702/1022 
f 701/1021 690/1013 702/1022 
f 141/957 143/788 704/1023 703/1024 
f 143/788 145/780 705/1025 704/1023 
f 145/780 147/724 706/1026 705/1025 
f 147/724 149/510 707/1027 706/1026 
f 149/510 151/204 708/1028 707/1027 
f 151/204 153/199 709/1029 708/1028 
f 153/384 155/983 710/1030 709/1031 
f 155/983 157/761 711/1032 710/1030 
f 157/761 159/558 712/1033 711/1032 
f 159/558 161/439 713/1034 712/1033 
f 161/439 163/140 714/1035 713/1034 
f 163/140 141/957 703/1024 714/1035 
f 144/527 142/272 715/1036 716/1037 
f 146/669 144/527 716/1037 717/1038 
f 148/779 146/669 717/1038 718/1039 
f 150/530 148/779 718/1039 719/1040 
f 152/600 150/530 719/1040 720/1041 
f 154/965 152/600 720/1041 721/1042 
f 156/964 154/508 721/1043 722/1044 
f 158/543 156/964 722/1044 723/1045 
f 160/853 158/543 723/1045 724/1046 
f 162/137 160/853 724/1046 725/1047 
f 142/272 164/716 726/1048 715/1036 
f 164/716 162/137 725/1047 726/1048 
f 716/1037 715/1036 727/1049 
f 717/1038 716/1037 727/1049 
f 718/1039 717/1038 727/1049 
f 719/1040 718/1039 727/1049 
f 720/1041 719/1040 727/1049 
f 721/1042 720/1041 727/1049 
f 722/1044 721/1043 727/1049 
f 723/1045 722/1044 727/1049 
f 724/1046 723/1045 727/1049 
f 725/1047 724/1046 727/1049 
f 715/1036 726/1048 727/1049 
f 726/1048 725/1047 727/1049 
f 1/108 3/30 729/1050 728/1051 
f 3/30 5/668 730/1052 729/1050 
f 5/668 7/240 731/1053 730/1052 
f 7/240 9/627 732/1054 731/1053 
f 9/627 11/545 733/1055 732/1054 
f 11/300 13/237 734/1056 733/1057 
f 13/237 15/428 735/1058 734/1056 
f 15/428 17/426 736/1059 735/1058 
f 17/426 19/235 737/1060 736/1059 
f 19/235 21/541 738/1061 737/1060 
f 21/541 23/806 739/1062 738/1061 
f 23/806 1/108 728/1051 739/1062 
f 728/1051 729/1050 740/1063 
f 729/1050 730/1052 740/1063 
f 730/1052 731/1053 740/1063 
f 731/1053 732/1054 740/1063 
f 732/1054 733/1055 740/1063 
f 733/1057 734/1056 740/1063 
f 734/1056 735/1058 740/1063 
f 735/1058 736/1059 740/1063 
f 736/1059 737/1060 740/1063 
f 737/1060 738/1061 740/1063 
f 738/1061 739/1062 740/1063 
f 739/1062 728/1051 740/1063 
f 52/967 50/701 742/1064 744/1065 
f 49/76 51/198 743/1066 741/1067 
f 54/32 52/967 744/1065 746/1068 
f 51/198 53/33 745/1069 743/1066 
f 56/393 54/32 746/1068 748/1070 
f 53/33 55/138 747/1071 745/1069 
f 58/636 56/393 748/1070 750/1072 
f 55/138 57/901 749/1073 747/1071 
f 60/34 58/968 750/1074 752/1075 
f 57/637 59/333 751/1076 749/1077 
f 62/35 60/34 752/1075 754/1078 
f 59/333 61/440 753/1079 751/1076 
f 64/570 62/35 754/1078 756/1080 
f 61/440 63/139 755/1081 753/1079 
f 50/701 64/570 756/1080 742/1064 
f 63/139 49/76 741/1067 755/1081 
f 68/671 66/941 758/1082 760/1083 
f 65/40 67/672 759/1084 757/1085 
f 74/996 72/241 764/1086 766/1087 
f 67/113 69/429 761/1088 759/1089 
f 72/241 70/48 762/1090 764/1086 
f 76/302 74/809 766/1091 768/1092 
f 73/807 75/299 767/1093 765/1094 
f 78/938 76/302 768/1092 770/1095 
f 75/299 77/935 769/1096 767/1093 
f 80/808 78/938 770/1095 772/1097 
f 77/935 79/945 771/1098 769/1096 
f 82/421 80/808 772/1097 774/1099 
f 79/945 81/209 773/1100 771/1098 
f 66/941 84/364 776/1101 758/1082 
f 84/364 82/421 774/1099 776/1101 
f 70/48 68/376 760/1102 762/1090 
f 81/209 83/365 775/1103 773/1100 
f 83/365 65/40 757/1085 775/1103 
f 69/429 71/202 763/1104 761/1088 
f 71/202 73/422 765/1105 763/1104 
f 208/358 207/975 777/1106 778/1107 
f 211/305 212/605 780/1108 779/1109 
f 213/931 211/305 779/1109 781/1110 
f 215/58 208/59 778/1111 783/1112 
f 212/849 216/60 784/1113 780/1114 
f 216/60 215/58 783/1112 784/1113 
f 207/975 214/1 782/1115 777/1106 
f 214/1 213/931 781/1110 782/1115 
f 392/747 391/531 785/1116 786/1117 
f 395/684 396/649 788/1118 787/1119 
f 397/353 395/684 787/1119 789/1120 
f 399/61 392/62 786/1121 791/1122 
f 396/982 400/63 792/1123 788/1124 
f 400/63 399/61 791/1122 792/1123 
f 391/531 398/734 790/1125 785/1116 
f 398/734 397/353 789/1120 790/1125 
f 416/233 415/321 793/1126 794/1127 
f 419/548 420/986 796/1128 795/1129 
f 421/472 419/548 795/1129 797/1130 
f 423/44 416/948 794/1131 799/1132 
f 420/810 424/23 800/1133 796/1134 
f 424/23 423/44 799/1132 800/1133 
f 415/321 422/373 798/1135 793/1126 
f 422/373 421/472 797/1130 798/1135 
f 440/388 439/26 801/1136 802/1137 
f 443/730 444/536 804/1138 803/1139 
f 445/659 443/730 803/1139 805/1140 
f 447/803 440/520 802/1141 807/1142 
f 444/4 448/549 808/1143 804/1144 
f 448/549 447/803 807/1142 808/1143 
f 439/26 446/432 806/1145 801/1136 
f 446/432 445/659 805/1140 806/1145 
f 524/67 522/131 810/1146 812/1147 
f 521/186 523/433 811/1148 809/1149 
f 526/954 524/67 812/1147 814/1150 
f 523/433 525/463 813/1151 811/1148 
f 528/496 526/954 814/1150 816/1152 
f 525/463 527/823 815/1153 813/1151 
f 530/618 528/496 816/1152 818/1154 
f 527/823 529/85 817/1155 815/1153 
f 532/257 530/978 818/1156 820/1157 
f 529/322 531/537 819/1158 817/1159 
f 534/497 532/257 820/1157 822/1160 
f 531/537 533/962 821/1161 819/1158 
f 536/557 534/497 822/1160 824/1162 
f 533/962 535/148 823/1163 821/1161 
f 522/131 536/557 824/1162 810/1146 
f 535/148 521/186 809/1149 823/1163 
f 540/591 538/486 826/1164 828/1165 
f 537/608 539/359 827/1166 825/1167 
f 546/927 544/222 832/1168 834/1169 
f 539/25 541/125 829/1170 827/1171 
f 544/222 542/8 830/1172 832/1168 
f 548/776 546/312 834/1173 836/1174 
f 545/680 547/914 835/1175 833/1176 
f 550/599 548/776 836/1174 838/1177 
f 547/914 549/266 837/1178 835/1175 
f 552/74 550/599 838/1177 840/1179 
f 549/266 551/550 839/1180 837/1178 
f 554/191 552/74 840/1179 842/1181 
f 551/550 553/498 841/1182 839/1180 
f 538/486 556/944 844/1183 826/1164 
f 556/944 554/191 842/1181 844/1183 
f 542/8 540/756 828/1184 830/1172 
f 553/498 555/760 843/1185 841/1182 
f 555/760 537/608 825/1167 843/1185 
f 541/125 543/248 831/1186 829/1170 
f 543/248 545/946 833/1187 831/1186 
f 576/318 574/564 846/1188 848/1189 
f 573/316 575/771 847/1190 845/1191 
f 578/10 576/318 848/1189 850/1192 
f 575/771 577/625 849/1193 847/1190 
f 580/892 578/10 850/1192 852/1194 
f 577/625 579/664 851/1195 849/1193 
f 582/290 580/892 852/1194 854/1196 
f 579/664 581/419 853/1197 851/1195 
f 584/438 582/434 854/1198 856/1199 
f 581/518 583/895 855/1200 853/1201 
f 586/757 584/438 856/1199 858/1202 
f 583/895 585/929 857/1203 855/1200 
f 588/693 586/757 858/1202 860/1204 
f 585/929 587/468 859/1205 857/1203 
f 574/564 588/693 860/1204 846/1188 
f 587/468 573/316 845/1191 859/1205 
f 592/826 590/565 862/1206 864/1207 
f 589/324 591/57 863/1208 861/1209 
f 598/863 596/214 868/1210 870/1211 
f 591/64 593/354 865/1212 863/1213 
f 596/214 594/370 866/1214 868/1210 
f 600/375 598/466 870/1215 872/1216 
f 597/728 599/243 871/1217 869/1218 
f 602/632 600/375 872/1216 874/1219 
f 599/243 601/27 873/1220 871/1217 
f 604/919 602/632 874/1219 876/1221 
f 601/27 603/43 875/1222 873/1220 
f 606/165 604/919 876/1221 878/1223 
f 603/43 605/471 877/1224 875/1222 
f 590/565 608/775 880/1225 862/1206 
f 608/775 606/165 878/1223 880/1225 
f 594/370 592/91 864/1226 866/1214 
f 605/471 607/389 879/1227 877/1224 
f 607/389 589/324 861/1209 879/1227 
f 593/354 595/855 867/1228 865/1212 
f 595/855 597/464 869/1229 867/1228 
f 628/713 626/386 882/1230 884/1231 
f 625/295 627/297 883/1232 881/1233 
f 630/470 628/713 884/1231 886/1234 
f 627/297 629/268 885/1235 883/1232 
f 632/590 630/470 886/1234 888/1236 
f 629/268 631/345 887/1237 885/1235 
f 634/579 632/590 888/1236 890/1238 
f 631/345 633/886 889/1239 887/1237 
f 636/197 634/184 890/1240 892/1241 
f 633/448 635/5 891/1242 889/1243 
f 638/68 636/197 892/1241 894/1244 
f 635/5 637/682 893/1245 891/1242 
f 640/55 638/68 894/1244 896/1246 
f 637/682 639/856 895/1247 893/1245 
f 626/386 640/55 896/1246 882/1230 
f 639/856 625/295 881/1233 895/1247 
f 644/900 642/98 898/1248 900/1249 
f 641/880 643/122 899/1250 897/1251 
f 650/228 648/121 904/1252 906/1253 
f 643/14 645/814 901/1254 899/1255 
f 648/121 646/164 902/1256 904/1252 
f 652/344 650/535 906/1257 908/1258 
f 649/418 651/149 907/1259 905/1260 
f 654/71 652/344 908/1258 910/1261 
f 651/149 653/959 909/1262 907/1259 
f 656/949 654/71 910/1261 912/1263 
f 653/959 655/69 911/1264 909/1262 
f 658/679 656/949 912/1263 914/1265 
f 655/69 657/813 913/1266 911/1264 
f 642/98 660/838 916/1267 898/1248 
f 660/838 658/679 914/1265 916/1267 
f 646/164 644/798 900/1268 902/1256 
f 657/813 659/634 915/1269 913/1266 
f 659/634 641/880 897/1251 915/1269 
f 645/814 647/403 903/1270 901/1254 
f 647/403 649/127 905/1271 903/1270 
f 744/1065 742/1064 918/1272 
f 741/1067 743/1066 917/1273 
f 746/1068 744/1065 918/1272 
f 743/1066 745/1069 917/1273 
f 748/1070 746/1068 918/1272 
f 745/1069 747/1071 917/1273 
f 750/1072 748/1070 918/1272 
f 747/1071 749/1073 917/1273 
f 752/1075 750/1074 918/1272 
f 749/1077 751/1076 917/1273 
f 754/1078 752/1075 918/1272 
f 751/1076 753/1079 917/1273 
f 756/1080 754/1078 918/1272 
f 753/1079 755/1081 917/1273 
f 742/1064 756/1080 918/1272 
f 755/1081 741/1067 917/1273 
f 760/1083 758/1082 919/1276 
f 757/1085 759/1084 920/1274 
f 766/1087 764/1086 919/1275 
f 759/1089 761/1088 920/1277 
f 764/1086 762/1090 919/1275 
f 768/1092 766/1091 919/1276 
f 765/1094 767/1093 920/1274 
f 770/1095 768/1092 919/1276 
f 767/1093 769/1096 920/1274 
f 772/1097 770/1095 919/1276 
f 769/1096 771/1098 920/1274 
f 774/1099 772/1097 919/1276 
f 771/1098 773/1100 920/1274 
f 758/1082 776/1101 919/1276 
f 776/1101 774/1099 919/1276 
f 762/1090 760/1102 919/1275 
f 773/1100 775/1103 920/1274 
f 775/1103 757/1085 920/1274 
f 761/1088 763/1104 920/1277 
f 763/1104 765/1105 920/1277 
f 778/1107 777/1106 921/1279 
f 779/1109 780/1108 921/1279 
f 781/1110 779/1109 921/1279 
f 783/1112 778/1111 921/1278 
f 780/1114 784/1113 921/1278 
f 784/1113 783/1112 921/1278 
f 777/1106 782/1115 921/1279 
f 782/1115 781/1110 921/1279 
f 786/1117 785/1116 922/1281 
f 787/1119 788/1118 922/1281 
f 789/1120 787/1119 922/1281 
f 791/1122 786/1121 922/1280 
f 788/1124 792/1123 922/1280 
f 792/1123 791/1122 922/1280 
f 785/1116 790/1125 922/1281 
f 790/1125 789/1120 922/1281 
f 794/1127 793/1126 923/1283 
f 795/1129 796/1128 923/1283 
f 797/1130 795/1129 923/1283 
f 799/1132 794/1131 923/1282 
f 796/1134 800/1133 923/1282 
f 800/1133 799/1132 923/1282 
f 793/1126 798/1135 923/1283 
f 798/1135 797/1130 923/1283 
f 802/1137 801/1136 924/1285 
f 803/1139 804/1138 924/1285 
f 805/1140 803/1139 924/1285 
f 807/1142 802/1141 924/1284 
f 804/1144 808/1143 924/1284 
f 808/1143 807/1142 924/1284 
f 801/1136 806/1145 924/1285 
f 806/1145 805/1140 924/1285 
f 812/1147 810/1146 926/1286 
f 809/1149 811/1148 925/1287 
f 814/1150 812/1147 926/1286 
f 811/1148 813/1151 925/1287 
f 816/1152 814/1150 926/1286 
f 813/1151 815/1153 925/1287 
f 818/1154 816/1152 926/1286 
f 815/1153 817/1155 925/1287 
f 820/1157 818/1156 926/1286 
f 817/1159 819/1158 925/1287 
f 822/1160 820/1157 926/1286 
f 819/1158 821/1161 925/1287 
f 824/1162 822/1160 926/1286 
f 821/1161 823/1163 925/1287 
f 810/1146 824/1162 926/1286 
f 823/1163 809/1149 925/1287 
f 828/1165 826/1164 927/1290 
f 825/1167 827/1166 928/1288 
f 834/1169 832/1168 927/1289 
f 827/1171 829/1170 928/1291 
f 832/1168 830/1172 927/1289 
f 836/1174 834/1173 927/1290 
f 833/1176 835/1175 928/1288 
f 838/1177 836/1174 927/1290 
f 835/1175 837/1178 928/1288 
f 840/1179 838/1177 927/1290 
f 837/1178 839/1180 928/1288 
f 842/1181 840/1179 927/1290 
f 839/1180 841/1182 928/1288 
f 826/1164 844/1183 927/1290 
f 844/1183 842/1181 927/1290 
f 830/1172 828/1184 927/1289 
f 841/1182 843/1185 928/1288 
f 843/1185 825/1167 928/1288 
f 829/1170 831/1186 928/1291 
f 831/1186 833/1187 928/1291 
f 848/1189 846/1188 930/1292 
f 845/1191 847/1190 929/1293 
f 850/1192 848/1189 930/1292 
f 847/1190 849/1193 929/1293 
f 852/1194 850/1192 930/1292 
f 849/1193 851/1195 929/1293 
f 854/1196 852/1194 930/1292 
f 851/1195 853/1197 929/1293 
f 856/1199 854/1198 930/1292 
f 853/1201 855/1200 929/1293 
f 858/1202 856/1199 930/1292 
f 855/1200 857/1203 929/1293 
f 860/1204 858/1202 930/1292 
f 857/1203 859/1205 929/1293 
f 846/1188 860/1204 930/1292 
f 859/1205 845/1191 929/1293 
f 864/1207 862/1206 931/1296 
f 861/1209 863/1208 932/1294 
f 870/1211 868/1210 931/1295 
f 863/1213 865/1212 932/1297 
f 868/1210 866/1214 931/1295 
f 872/1216 870/1215 931/1296 
f 869/1218 871/1217 932/1294 
f 874/1219 872/1216 931/1296 
f 871/1217 873/1220 932/1294 
f 876/1221 874/1219 931/1296 
f 873/1220 875/1222 932/1294 
f 878/1223 876/1221 931/1296 
f 875/1222 877/1224 932/1294 
f 862/1206 880/1225 931/1296 
f 880/1225 878/1223 931/1296 
f 866/1214 864/1226 931/1295 
f 877/1224 879/1227 932/1294 
f 879/1227 861/1209 932/1294 
f 865/1212 867/1228 932/1297 
f 867/1228 869/1229 932/1297 
f 884/1231 882/1230 934/1298 
f 881/1233 883/1232 933/1299 
f 886/1234 884/1231 934/1298 
f 883/1232 885/1235 933/1299 
f 888/1236 886/1234 934/1298 
f 885/1235 887/1237 933/1299 
f 890/1238 888/1236 934/1298 
f 887/1237 889/1239 933/1299 
f 892/1241 890/1240 934/1298 
f 889/1243 891/1242 933/1299 
f 894/1244 892/1241 934/1298 
f 891/1242 893/1245 933/1299 
f 896/1246 894/1244 934/1298 
f 893/1245 895/1247 933/1299 
f 882/1230 896/1246 934/1298 
f 895/1247 881/1233 933/1299 
f 900/1249 898/1248 935/1302 
f 897/1251 899/1250 936/1300 
f 906/1253 904/1252 935/1301 
f 899/1255 901/1254 936/1303 
f 904/1252 902/1256 935/1301 
f 908/1258 906/1257 935/1302 
f 905/1260 907/1259 936/1300 
f 910/1261 908/1258 935/1302 
f 907/1259 909/1262 936/1300 
f 912/1263 910/1261 935/1302 
f 909/1262 911/1264 936/1300 
f 914/1265 912/1263 935/1302 
f 911/1264 913/1266 936/1300 
f 898/1248 916/1267 935/1302 
f 916/1267 914/1265 935/1302 
f 902/1256 900/1268 935/1301 
f 913/1266 915/1269 936/1300 
f 915/1269 897/1251 936/1300 
f 901/1254 903/1270 936/1303 
f 903/1270 905/1271 936/1303 
# 749 polygons - 224 triangles

