# 3ds Max Wavefront OBJ Exporter v0.97b - (c)2007 guruware
# File Created: 03.08.2021 15:53:20

#
# object 2?_??___??
#

v  38.608383 13.980982 25.573965
v  38.608383 13.980982 34.339516
v  38.608383 18.353548 25.573965
v  38.608383 18.353548 34.339516
v  38.968521 13.980982 25.573965
v  38.968517 13.980982 34.339516
v  38.968521 18.353548 25.573965
v  38.968517 18.353548 34.339516
v  38.608383 14.191707 25.762333
v  38.608383 14.191707 34.151150
v  38.608383 18.142822 34.151150
v  38.608383 18.142822 25.762333
v  38.712215 14.191707 25.762333
v  38.712212 14.191707 34.151150
v  38.712212 18.142822 34.151150
v  38.712215 18.142822 25.762333
v  38.608383 13.980982 29.956741
v  38.608383 18.353548 29.956741
v  38.968517 18.353548 29.956741
v  38.968521 13.980982 29.956741
v  38.608383 14.191707 29.956741
v  38.608383 18.142822 29.956741
v  38.712215 14.191707 29.956741
v  38.712212 18.142822 29.956741
v  38.816044 14.191707 25.762333
v  38.816044 14.191707 29.956741
v  38.816044 18.142822 29.956741
v  38.816044 18.142822 25.762333
v  38.816044 14.326655 25.882965
v  38.816044 14.326655 29.836111
v  38.816044 18.007875 29.836111
v  38.816044 18.007875 25.882965
v  38.712212 14.326655 34.030518
v  38.712212 18.007875 34.030518
v  38.712212 18.007875 30.077372
v  38.712215 14.326655 30.077372
v  38.868244 14.326655 25.882965
v  38.868240 14.326655 29.836111
v  38.868240 18.007875 29.836111
v  38.868240 18.007875 25.882965
v  38.764412 14.326655 34.030518
v  38.764408 18.007875 34.030518
v  38.764412 18.007875 30.077372
v  38.764412 14.326655 30.077372
v  38.764130 14.227108 25.762333
v  38.764130 14.227108 29.956741
v  38.764130 18.142822 29.956741
v  38.764130 18.142822 25.762333
# 48 vertices

vt 0.034771 0.867518 0.000000
vt 0.130542 0.867518 0.000000
vt 0.130542 0.947070 0.000000
vt 0.034771 0.947070 0.000000
vt 0.028444 0.861552 0.000000
vt 0.019224 0.853697 0.000000
vt 0.133379 0.835579 0.000000
vt 0.133379 0.854462 0.000000
vt 0.238312 0.861556 0.000000
vt 0.247533 0.853696 0.000000
vt 0.247533 0.960779 0.000000
vt 0.238312 0.952919 0.000000
vt 0.133379 0.978899 0.000000
vt 0.133379 0.960016 0.000000
vt 0.028444 0.952933 0.000000
vt 0.019225 0.960787 0.000000
vt 0.133379 0.858647 0.000000
vt 0.030676 0.863477 0.000000
vt 0.236057 0.950955 0.000000
vt 0.236057 0.863520 0.000000
vt 0.133379 0.955830 0.000000
vt 0.030678 0.951007 0.000000
vt 0.133677 0.863753 0.000000
vt 0.031619 0.864450 0.000000
vt 0.234829 0.949758 0.000000
vt 0.234830 0.864718 0.000000
vt 0.133676 0.950725 0.000000
vt 0.031625 0.950033 0.000000
vt 0.136379 0.867453 0.000000
vt 0.232127 0.867453 0.000000
vt 0.232126 0.947023 0.000000
vt 0.136379 0.947023 0.000000
vt 0.133865 0.864527 0.000000
vt 0.031444 0.864648 0.000000
vt 0.133865 0.950392 0.000000
vt 0.031446 0.950274 0.000000
vt 0.031755 0.864557 0.000000
vt 0.133557 0.864539 0.000000
vt 0.131346 0.866720 0.000000
vt 0.033967 0.866720 0.000000
vt 0.133560 0.950048 0.000000
vt 0.131346 0.947868 0.000000
vt 0.031753 0.950032 0.000000
vt 0.033967 0.947868 0.000000
vt 0.232886 0.947856 0.000000
vt 0.232886 0.866620 0.000000
vt 0.135619 0.947856 0.000000
vt 0.135619 0.866620 0.000000
vt 0.133677 0.863753 0.000000
vt 0.031619 0.864450 0.000000
vt 0.133865 0.864527 0.000000
vt 0.031444 0.864648 0.000000
vt 0.031755 0.864557 0.000000
vt 0.133557 0.864539 0.000000
# 54 texture coords

o 2?_??___??
g 2?_??___??
f 37/1 38/2 39/3 40/4 
f 1/5 5/6 20/7 17/8 
f 2/9 6/10 8/11 4/12 
f 4/12 8/11 19/13 18/14 
f 3/15 7/16 5/6 1/5 
f 1/5 17/8 21/17 9/18 
f 2/9 4/12 11/19 10/20 
f 4/12 18/14 22/21 11/19 
f 3/15 1/5 9/18 12/22 
f 9/18 21/17 23/23 13/24 
f 10/20 11/19 15/25 14/26 
f 11/19 22/21 24/27 15/25 
f 12/22 9/18 13/24 16/28 
f 44/29 41/30 42/31 43/32 
f 20/7 6/10 2/9 17/8 
f 19/13 7/16 3/15 18/14 
f 17/8 2/9 10/20 21/17 
f 18/14 3/15 12/22 22/21 
f 21/17 10/20 14/26 23/23 
f 22/21 12/22 16/28 24/27 
f 13/50 23/49 46/51 45/52 
f 23/23 24/27 47/35 46/33 
f 24/27 16/28 48/36 47/35 
f 16/28 13/24 45/34 48/36 
f 25/37 26/38 30/39 29/40 
f 26/38 27/41 31/42 30/39 
f 27/41 28/43 32/44 31/42 
f 28/43 25/37 29/40 32/44 
f 14/26 15/25 34/45 33/46 
f 15/25 24/27 35/47 34/45 
f 24/27 23/23 36/48 35/47 
f 23/23 14/26 33/46 36/48 
f 29/40 30/39 38/2 37/1 
f 30/39 31/42 39/3 38/2 
f 31/42 32/44 40/4 39/3 
f 32/44 29/40 37/1 40/4 
f 33/46 34/45 42/31 41/30 
f 34/45 35/47 43/32 42/31 
f 35/47 36/48 44/29 43/32 
f 36/48 33/46 41/30 44/29 
f 46/51 26/54 25/53 45/52 
f 47/35 27/41 26/38 46/33 
f 48/36 28/43 27/41 47/35 
f 45/34 25/37 28/43 48/36 
# 44 polygons

#
# object 2?_??___??
#

v  37.760139 13.959306 26.430027
v  37.739052 13.959306 26.310425
v  37.678329 13.959306 26.205250
v  37.585297 13.959306 26.127186
v  37.471172 13.959306 26.085648
v  37.349728 13.959306 26.085648
v  37.235603 13.959306 26.127186
v  37.142570 13.959306 26.205250
v  37.081848 13.959306 26.310425
v  37.060760 13.959306 26.430027
v  37.081848 13.959306 26.549629
v  37.142570 13.959306 26.654804
v  37.235603 13.959306 26.732868
v  37.349728 13.959306 26.774406
v  37.471172 13.959306 26.774406
v  37.585297 13.959306 26.732868
v  37.678329 13.959306 26.654804
v  37.739052 13.959306 26.549629
v  37.908039 14.788850 26.430027
v  37.878033 14.788850 26.259840
v  37.791626 14.788850 26.110182
v  37.659245 14.788850 25.999100
v  37.496857 14.788850 25.939995
v  37.324043 14.788850 25.939995
v  37.161655 14.788850 25.999100
v  37.029274 14.788850 26.110182
v  36.942867 14.788850 26.259840
v  36.912861 14.788850 26.430027
v  36.942867 14.788850 26.600214
v  37.029274 14.788850 26.749872
v  37.161655 14.788850 26.860954
v  37.324043 14.788850 26.920059
v  37.496857 14.788850 26.920059
v  37.659245 14.788850 26.860954
v  37.791626 14.788850 26.749872
v  37.878033 14.788850 26.600214
v  37.798714 14.788850 26.430027
v  37.775299 14.788850 26.297234
v  37.707878 14.788850 26.180456
v  37.604580 14.788850 26.093781
v  37.477871 14.788850 26.047663
v  37.343029 14.788850 26.047663
v  37.216320 14.788850 26.093781
v  37.113022 14.788850 26.180456
v  37.045601 14.788850 26.297234
v  37.022186 14.788850 26.430027
v  37.045601 14.788850 26.562820
v  37.113022 14.788850 26.679598
v  37.216320 14.788850 26.766273
v  37.343029 14.788850 26.812391
v  37.477871 14.788850 26.812391
v  37.604580 14.788850 26.766273
v  37.707878 14.788850 26.679598
v  37.775299 14.788850 26.562820
v  37.680935 14.039994 26.430027
v  37.664623 14.039994 26.337515
v  37.617653 14.039994 26.256163
v  37.545692 14.039994 26.195780
v  37.457420 14.039994 26.163651
v  37.363480 14.039994 26.163651
v  37.275208 14.039994 26.195780
v  37.203247 14.039994 26.256163
v  37.156277 14.039994 26.337515
v  37.139965 14.039994 26.430027
v  37.156277 14.039994 26.522539
v  37.203247 14.039994 26.603891
v  37.275208 14.039994 26.664274
v  37.363480 14.039994 26.696404
v  37.457420 14.039994 26.696404
v  37.545692 14.039994 26.664274
v  37.617653 14.039994 26.603893
v  37.664623 14.039994 26.522539
v  37.505428 14.039994 26.430027
v  37.499699 14.039994 26.397543
v  37.483208 14.039994 26.368977
v  37.457939 14.039994 26.347775
v  37.426941 14.039994 26.336493
v  37.393959 14.039994 26.336493
v  37.362961 14.039994 26.347775
v  37.337692 14.039994 26.368977
v  37.321201 14.039994 26.397543
v  37.315472 14.039994 26.430027
v  37.321201 14.039994 26.462511
v  37.337692 14.039994 26.491077
v  37.362961 14.039994 26.512280
v  37.393959 14.039994 26.523561
v  37.426941 14.039994 26.523561
v  37.457939 14.039994 26.512280
v  37.483208 14.039994 26.491077
v  37.499699 14.039994 26.462511
v  37.410450 14.039994 26.430027
# 91 vertices

vt 0.291343 0.548839 0.000000
vt 0.292992 0.539490 0.000000
vt 0.295332 0.540303 0.000000
vt 0.293816 0.548839 0.000000
vt 0.297728 0.531302 0.000000
vt 0.299679 0.532873 0.000000
vt 0.304998 0.525209 0.000000
vt 0.306331 0.527375 0.000000
vt 0.313943 0.521955 0.000000
vt 0.314480 0.524473 0.000000
vt 0.323487 0.521951 0.000000
vt 0.323136 0.524514 0.000000
vt 0.332460 0.525212 0.000000
vt 0.331256 0.527483 0.000000
vt 0.339762 0.531335 0.000000
vt 0.337869 0.533020 0.000000
vt 0.344510 0.539559 0.000000
vt 0.342183 0.540462 0.000000
vt 0.346149 0.548839 0.000000
vt 0.343675 0.548839 0.000000
vt 0.344500 0.558189 0.000000
vt 0.342160 0.557375 0.000000
vt 0.339763 0.566376 0.000000
vt 0.337813 0.564805 0.000000
vt 0.332493 0.572469 0.000000
vt 0.331160 0.570304 0.000000
vt 0.323548 0.575724 0.000000
vt 0.323011 0.573205 0.000000
vt 0.314005 0.575727 0.000000
vt 0.314355 0.573165 0.000000
vt 0.305031 0.572466 0.000000
vt 0.306235 0.570195 0.000000
vt 0.297729 0.566343 0.000000
vt 0.299622 0.564658 0.000000
vt 0.292981 0.558119 0.000000
vt 0.295309 0.557217 0.000000
vt 0.300568 0.541911 0.000000
vt 0.299289 0.548481 0.000000
vt 0.304035 0.536176 0.000000
vt 0.309276 0.531962 0.000000
vt 0.315663 0.529781 0.000000
vt 0.322426 0.529902 0.000000
vt 0.328746 0.532311 0.000000
vt 0.333856 0.536717 0.000000
vt 0.337139 0.542582 0.000000
vt 0.338202 0.549198 0.000000
vt 0.336924 0.555767 0.000000
vt 0.333457 0.561503 0.000000
vt 0.328216 0.565717 0.000000
vt 0.321829 0.567897 0.000000
vt 0.315065 0.567777 0.000000
vt 0.308746 0.565367 0.000000
vt 0.303636 0.560961 0.000000
vt 0.300353 0.555096 0.000000
vt 0.306139 0.543859 0.000000
vt 0.305193 0.548425 0.000000
vt 0.308603 0.539892 0.000000
vt 0.312290 0.537001 0.000000
vt 0.316759 0.535536 0.000000
vt 0.321470 0.535677 0.000000
vt 0.325852 0.537409 0.000000
vt 0.329375 0.540522 0.000000
vt 0.331613 0.544636 0.000000
vt 0.332299 0.549254 0.000000
vt 0.331352 0.553820 0.000000
vt 0.328888 0.557786 0.000000
vt 0.325201 0.560678 0.000000
vt 0.320733 0.562142 0.000000
vt 0.316022 0.562001 0.000000
vt 0.311639 0.560269 0.000000
vt 0.308116 0.557157 0.000000
vt 0.305878 0.553043 0.000000
vt 0.314345 0.547030 0.000000
vt 0.313990 0.548630 0.000000
vt 0.315229 0.545649 0.000000
vt 0.316536 0.544651 0.000000
vt 0.318112 0.544157 0.000000
vt 0.319766 0.544229 0.000000
vt 0.321296 0.544858 0.000000
vt 0.322518 0.545968 0.000000
vt 0.323283 0.547424 0.000000
vt 0.323501 0.549049 0.000000
vt 0.323146 0.550648 0.000000
vt 0.322263 0.552029 0.000000
vt 0.320955 0.553027 0.000000
vt 0.319380 0.553521 0.000000
vt 0.317726 0.553450 0.000000
vt 0.316195 0.552821 0.000000
vt 0.314974 0.551710 0.000000
vt 0.314208 0.550254 0.000000
vt 0.318746 0.548839 0.000000
# 91 texture coords

o 2?_??___??
g 2?_??___??
f 49/55 50/56 68/57 67/58 
f 50/56 51/59 69/60 68/57 
f 51/59 52/61 70/62 69/60 
f 52/61 53/63 71/64 70/62 
f 53/63 54/65 72/66 71/64 
f 54/65 55/67 73/68 72/66 
f 55/67 56/69 74/70 73/68 
f 56/69 57/71 75/72 74/70 
f 57/71 58/73 76/74 75/72 
f 58/73 59/75 77/76 76/74 
f 59/75 60/77 78/78 77/76 
f 60/77 61/79 79/80 78/78 
f 61/79 62/81 80/82 79/80 
f 62/81 63/83 81/84 80/82 
f 63/83 64/85 82/86 81/84 
f 64/85 65/87 83/88 82/86 
f 65/87 66/89 84/90 83/88 
f 66/89 49/55 67/58 84/90 
f 67/58 68/57 86/91 85/92 
f 68/57 69/60 87/93 86/91 
f 69/60 70/62 88/94 87/93 
f 70/62 71/64 89/95 88/94 
f 71/64 72/66 90/96 89/95 
f 72/66 73/68 91/97 90/96 
f 73/68 74/70 92/98 91/97 
f 74/70 75/72 93/99 92/98 
f 75/72 76/74 94/100 93/99 
f 76/74 77/76 95/101 94/100 
f 77/76 78/78 96/102 95/101 
f 78/78 79/80 97/103 96/102 
f 79/80 80/82 98/104 97/103 
f 80/82 81/84 99/105 98/104 
f 81/84 82/86 100/106 99/105 
f 82/86 83/88 101/107 100/106 
f 83/88 84/90 102/108 101/107 
f 84/90 67/58 85/92 102/108 
f 85/92 86/91 104/109 103/110 
f 86/91 87/93 105/111 104/109 
f 87/93 88/94 106/112 105/111 
f 88/94 89/95 107/113 106/112 
f 89/95 90/96 108/114 107/113 
f 90/96 91/97 109/115 108/114 
f 91/97 92/98 110/116 109/115 
f 92/98 93/99 111/117 110/116 
f 93/99 94/100 112/118 111/117 
f 94/100 95/101 113/119 112/118 
f 95/101 96/102 114/120 113/119 
f 96/102 97/103 115/121 114/120 
f 97/103 98/104 116/122 115/121 
f 98/104 99/105 117/123 116/122 
f 99/105 100/106 118/124 117/123 
f 100/106 101/107 119/125 118/124 
f 101/107 102/108 120/126 119/125 
f 102/108 85/92 103/110 120/126 
f 103/110 104/109 122/127 121/128 
f 104/109 105/111 123/129 122/127 
f 105/111 106/112 124/130 123/129 
f 106/112 107/113 125/131 124/130 
f 107/113 108/114 126/132 125/131 
f 108/114 109/115 127/133 126/132 
f 109/115 110/116 128/134 127/133 
f 110/116 111/117 129/135 128/134 
f 111/117 112/118 130/136 129/135 
f 112/118 113/119 131/137 130/136 
f 113/119 114/120 132/138 131/137 
f 114/120 115/121 133/139 132/138 
f 115/121 116/122 134/140 133/139 
f 116/122 117/123 135/141 134/140 
f 117/123 118/124 136/142 135/141 
f 118/124 119/125 137/143 136/142 
f 119/125 120/126 138/144 137/143 
f 120/126 103/110 121/128 138/144 
f 121/128 122/127 139/145 
f 122/127 123/129 139/145 
f 123/129 124/130 139/145 
f 124/130 125/131 139/145 
f 125/131 126/132 139/145 
f 126/132 127/133 139/145 
f 127/133 128/134 139/145 
f 128/134 129/135 139/145 
f 129/135 130/136 139/145 
f 130/136 131/137 139/145 
f 131/137 132/138 139/145 
f 132/138 133/139 139/145 
f 133/139 134/140 139/145 
f 134/140 135/141 139/145 
f 135/141 136/142 139/145 
f 136/142 137/143 139/145 
f 137/143 138/144 139/145 
f 138/144 121/128 139/145 
# 72 polygons - 18 triangles

#
# object 2?_??___??
#

v  36.319099 13.331144 34.754192
v  38.893707 13.331144 34.754192
v  36.319099 13.331144 25.505699
v  38.893707 13.331144 25.505699
v  36.319099 13.905376 34.754192
v  38.893707 13.905376 34.754192
v  36.319099 13.905376 25.505699
v  38.893707 13.905376 25.505699
# 8 vertices

vt 0.503453 0.678715 0.000000
vt 0.503453 0.565593 0.000000
vt 0.533258 0.535788 0.000000
vt 0.533258 0.708521 0.000000
vt 0.390331 0.678715 0.000000
vt 0.360525 0.708521 0.000000
vt 0.360525 0.535788 0.000000
vt 0.390331 0.565593 0.000000
# 8 texture coords

o 2?_??___??
g 2?_??___??
f 140/146 142/147 143/148 141/149 
f 144/150 145/151 147/152 146/153 
f 140/146 141/149 145/151 144/150 
f 143/148 142/147 146/153 147/152 
f 142/147 140/146 144/150 146/153 
# 5 polygons

#
# object 2?_??___????
#

v  13.518749 11.259047 12.910877
v  2.913384 11.259047 12.910878
v  13.518751 11.259047 19.209215
v  2.913385 11.259047 19.209217
v  13.518749 12.650724 12.910877
v  2.913384 12.650724 12.910878
v  13.518751 12.650724 19.209215
v  2.913385 12.650724 19.209217
# 8 vertices

vt 0.770452 0.484497 0.000000
vt 0.935074 0.484497 0.000000
vt 0.935074 0.649119 0.000000
vt 0.770452 0.649119 0.000000
vt 0.729499 0.443544 0.000000
vt 0.976027 0.443545 0.000000
vt 0.976027 0.690072 0.000000
vt 0.729499 0.690071 0.000000
# 8 texture coords

o 2?_??___????
g 2?_??___????
f 152/154 153/155 155/156 154/157 
f 148/158 149/159 153/155 152/154 
f 149/159 151/160 155/156 153/155 
f 151/160 150/161 154/157 155/156 
f 150/161 148/158 152/154 154/157 
# 5 polygons

#
# object ??___???_?001
#

v  1.037430 10.571942 22.905243
v  0.964363 10.651174 20.051044
v  3.891297 10.651174 19.991316
v  3.891297 10.571942 22.918249
v  3.891297 13.745831 19.991316
v  0.964363 13.745831 20.051044
v  1.037429 13.745831 22.978310
v  3.964364 13.769505 22.939556
v  3.964363 12.691314 22.695791
v  3.964363 13.509538 20.287510
v  3.964363 13.509538 22.695797
v  3.964363 12.691319 20.287510
v  1.119897 12.691314 22.682125
v  1.119897 12.691314 20.273838
v  1.119897 13.509538 20.273838
v  1.119897 13.509538 22.682125
v  3.964363 11.746490 22.695791
v  3.964363 12.564713 20.287510
v  3.964363 12.564713 22.695797
v  3.964363 11.746493 20.287510
v  1.119897 12.564713 22.682125
v  1.119897 12.564713 20.273838
v  1.119897 11.746490 22.682125
v  1.119897 11.746490 20.273838
v  3.964363 10.801665 22.695791
v  3.964363 11.619889 20.287510
v  3.964363 11.619889 22.695797
v  3.964363 10.801670 20.287510
v  1.119897 11.619889 22.695797
v  1.119897 11.619889 20.287510
v  1.119897 10.801665 22.695797
v  1.119897 10.801665 20.287510
v  1.037429 10.651174 22.978310
v  0.964363 10.651174 22.904911
v  1.037429 10.651174 19.978310
v  1.037430 10.571942 20.051378
v  3.964363 10.618070 20.051056
v  3.891297 10.571942 20.064384
v  3.964364 10.618070 22.932241
v  3.891298 10.651174 22.991316
v  3.891297 13.825063 20.064384
v  3.964363 13.769506 20.043743
v  3.964363 13.748280 20.009674
v  1.037430 13.825063 20.051378
v  1.037429 13.745831 19.978310
v  1.037430 13.825063 22.905243
v  0.964363 13.745831 22.904911
v  3.891297 13.825063 22.918249
v  3.891298 13.745831 22.991316
v  3.891297 11.612378 19.991316
v  0.964363 11.612378 20.051044
v  1.037429 11.612378 22.978310
v  3.891298 11.612378 22.991316
v  3.964363 11.611558 20.030365
v  1.037429 11.612378 19.978310
v  0.964363 11.612378 22.904911
v  3.964364 11.612126 22.935900
v  3.891297 11.743753 19.991316
v  0.964363 11.743753 20.051044
v  1.037429 11.743752 22.978310
v  3.964363 11.743571 20.020020
v  1.037429 11.743753 19.978310
v  0.964363 11.743752 22.904911
v  3.891298 11.743752 22.991316
v  3.964364 11.744020 22.937727
v  3.891297 12.554091 19.991316
v  0.964363 12.554091 20.051044
v  1.037429 12.554090 22.978310
v  3.964363 12.554135 20.014847
v  1.037429 12.554091 19.978310
v  0.964363 12.554090 22.904911
v  3.891298 12.554090 22.991316
v  3.964364 12.554560 22.938641
v  3.891297 12.687641 19.991316
v  0.964363 12.687641 20.051044
v  1.037429 12.687641 22.978310
v  3.964363 12.687672 20.012260
v  1.037429 12.687641 19.978310
v  0.964363 12.687641 22.904911
v  3.891298 12.687641 22.991316
v  3.964364 12.687933 22.939098
# 81 vertices

vt 0.554546 0.428577 0.000000
vt 0.554605 0.555522 0.000000
vt 0.549688 0.558788 0.000000
vt 0.549625 0.425314 0.000000
vt 0.715202 0.558720 0.000000
vt 0.710093 0.555453 0.000000
vt 0.710039 0.428506 0.000000
vt 0.715147 0.425234 0.000000
vt 0.558866 0.562133 0.000000
vt 0.600112 0.572319 0.000000
vt 0.597584 0.584354 0.000000
vt 0.555072 0.568384 0.000000
vt 0.560353 0.429114 0.000000
vt 0.601613 0.425923 0.000000
vt 0.601673 0.558145 0.000000
vt 0.688071 0.805606 0.000000
vt 0.685540 0.805754 0.000000
vt 0.685769 0.803580 0.000000
vt 0.611032 0.803294 0.000000
vt 0.611261 0.805776 0.000000
vt 0.395798 0.787733 0.000000
vt 0.395638 0.859376 0.000000
vt 0.383586 0.871435 0.000000
vt 0.383799 0.775621 0.000000
vt 0.608476 0.805590 0.000000
vt 0.685093 0.880935 0.000000
vt 0.682768 0.882841 0.000000
vt 0.682680 0.880605 0.000000
vt 0.479085 0.775835 0.000000
vt 0.280408 0.858929 0.000000
vt 0.268282 0.870907 0.000000
vt 0.268609 0.775621 0.000000
vt 0.280654 0.787688 0.000000
vt 0.683472 0.879912 0.000000
vt 0.352296 0.787936 0.000000
vt 0.364423 0.775952 0.000000
vt 0.614412 0.882880 0.000000
vt 0.364092 0.871238 0.000000
vt 0.614484 0.885083 0.000000
vt 0.352049 0.859176 0.000000
vt 0.612233 0.883348 0.000000
vt 0.688208 0.856441 0.000000
vt 0.160270 0.481009 0.000000
vt 0.148365 0.492913 0.000000
vt 0.148365 0.397423 0.000000
vt 0.160270 0.409327 0.000000
vt 0.231951 0.409328 0.000000
vt 0.243856 0.397423 0.000000
vt 0.243855 0.492913 0.000000
vt 0.690226 0.856736 0.000000
vt 0.231951 0.481009 0.000000
vt 0.607712 0.830991 0.000000
vt 0.605036 0.830828 0.000000
vt 0.614463 0.831627 0.000000
vt 0.682091 0.829635 0.000000
vt 0.682140 0.832660 0.000000
vt 0.614427 0.834724 0.000000
vt 0.615308 0.855235 0.000000
vt 0.681181 0.852540 0.000000
vt 0.681088 0.855491 0.000000
vt 0.615474 0.858225 0.000000
vt 0.560411 0.554990 0.000000
vt 0.554999 0.415711 0.000000
vt 0.597497 0.399698 0.000000
vt 0.600037 0.411731 0.000000
vt 0.558799 0.421956 0.000000
vt 0.619093 0.877056 0.000000
vt 0.677031 0.874688 0.000000
vt 0.680125 0.809850 0.000000
vt 0.467038 0.787892 0.000000
vt 0.466879 0.859534 0.000000
vt 0.478872 0.871645 0.000000
vt 0.617203 0.810393 0.000000
vt 0.688977 0.829121 0.000000
vt 0.691270 0.828957 0.000000
vt 0.607626 0.834645 0.000000
vt 0.604971 0.834642 0.000000
vt 0.689303 0.832623 0.000000
vt 0.691502 0.832573 0.000000
vt 0.608700 0.855582 0.000000
vt 0.704165 0.554916 0.000000
vt 0.705719 0.562036 0.000000
vt 0.705660 0.421923 0.000000
vt 0.704109 0.429059 0.000000
vt 0.606177 0.855862 0.000000
vt 0.688534 0.852946 0.000000
vt 0.690670 0.853137 0.000000
vt 0.609166 0.859039 0.000000
vt 0.606792 0.859435 0.000000
vt 0.709564 0.415670 0.000000
vt 0.660480 0.572597 0.000000
vt 0.658970 0.558218 0.000000
vt 0.658912 0.425799 0.000000
vt 0.660411 0.411398 0.000000
vt 0.709628 0.568286 0.000000
vt 0.611044 0.573425 0.000000
vt 0.609851 0.586223 0.000000
vt 0.611599 0.425570 0.000000
vt 0.611659 0.558489 0.000000
vt 0.609765 0.397817 0.000000
vt 0.610970 0.410615 0.000000
vt 0.649355 0.573619 0.000000
vt 0.650376 0.586581 0.000000
vt 0.648764 0.425485 0.000000
vt 0.648823 0.558541 0.000000
vt 0.650292 0.397423 0.000000
vt 0.649283 0.410386 0.000000
vt 0.662901 0.584859 0.000000
vt 0.662821 0.399134 0.000000
vt 0.607712 0.830991 0.000000
vt 0.614463 0.831627 0.000000
vt 0.614427 0.834724 0.000000
vt 0.607626 0.834645 0.000000
# 113 texture coords

o ??___???_?001
g ??___???_?001
f 156/162 191/163 193/164 159/165 
f 196/166 199/167 201/168 203/169 
f 190/170 210/171 205/172 158/173 
f 189/174 211/175 206/176 157/223 
f 195/224 208/225 207/226 188/227 
f 168/182 171/183 166/184 164/185 
f 167/190 169/231 168/182 164/185 
f 170/232 169/231 167/190 165/233 
f 170/232 165/233 166/184 171/183 
f 177/191 173/192 174/193 176/194 
f 178/196 176/194 174/193 172/197 
f 175/199 179/201 178/196 172/197 
f 177/191 179/201 175/199 173/192 
f 176/194 178/196 179/201 177/191 
f 185/204 181/205 182/206 184/207 
f 186/208 184/207 182/206 180/209 
f 183/210 187/212 186/208 180/209 
f 185/204 187/212 183/210 181/205 
f 184/207 186/208 187/212 185/204 
f 171/183 168/182 169/231 170/232 
f 156/162 188/227 189/174 
f 157/223 190/170 191/163 
f 158/177 192/178 193/179 
f 159/180 194/181 195/186 
f 160/187 196/188 197/189 198/195 
f 161/242 199/167 200/243 
f 162/244 201/168 202/245 
f 163/198 203/200 204/202 
f 193/179 192/178 194/181 159/180 
f 159/165 195/224 188/227 156/162 
f 201/168 162/244 204/251 203/169 
f 203/200 163/198 197/189 196/188 
f 160/187 198/195 232/203 229/211 
f 158/173 193/164 191/163 190/170 
f 161/242 200/243 233/252 230/253 
f 157/223 191/163 156/162 189/174 
f 162/244 202/245 234/254 231/255 
f 196/166 160/256 200/243 199/167 
f 199/167 161/242 202/245 201/168 
f 195/186 194/181 212/213 208/214 
f 182/215 181/216 175/217 172/218 
f 174/219 173/220 167/221 164/222 
f 197/189 163/198 166/228 165/229 
f 194/181 192/178 183/230 180/234 
f 210/171 217/257 213/258 205/172 
f 211/175 218/259 214/260 206/176 
f 208/225 219/261 215/262 207/226 
f 209/235 192/178 158/177 205/236 
f 210/171 190/170 157/223 206/176 
f 211/175 189/174 188/227 207/226 
f 212/213 220/237 219/238 208/214 
f 216/239 209/235 205/236 213/240 
f 217/257 210/171 206/176 214/260 
f 218/259 211/175 207/226 215/262 
f 217/257 225/263 221/264 213/258 
f 218/259 226/265 222/266 214/260 
f 219/261 227/267 223/268 215/262 
f 220/237 228/241 227/246 219/238 
f 224/247 216/239 213/240 221/248 
f 225/263 217/257 214/260 222/266 
f 226/265 218/259 215/262 223/268 
f 225/263 233/252 229/269 221/264 
f 226/265 234/254 230/253 222/266 
f 227/267 235/270 231/255 223/268 
f 228/241 236/249 235/250 227/246 
f 232/203 224/247 221/248 229/211 
f 233/252 225/263 222/266 230/253 
f 234/254 226/265 223/268 231/255 
f 233/252 200/243 160/256 229/269 
f 234/254 202/245 161/242 230/253 
f 235/270 204/251 162/244 231/255 
f 236/249 163/198 204/202 235/250 
f 236/249 228/241 174/219 164/222 
f 224/247 232/203 167/221 173/220 
f 209/235 216/239 175/217 181/216 
f 220/274 212/271 182/272 172/273 
f 167/221 232/203 198/195 197/189 165/229 
f 166/228 163/198 236/249 164/222 
f 174/219 228/241 220/237 172/218 
f 175/217 216/239 224/247 173/220 
f 182/215 212/213 194/181 180/234 
f 183/230 192/178 209/235 181/216 
# 75 polygons - 7 triangles

#
# object 2?_??___??
#

v  3.579159 13.775404 21.485229
v  3.254439 13.775404 20.701284
v  2.470493 13.775404 20.376564
v  1.686548 13.775404 20.701284
v  1.361827 13.775404 21.485229
v  1.686548 13.775404 22.269175
v  2.470493 13.775404 22.593895
v  3.254438 13.775404 22.269175
v  3.443416 14.055490 21.485229
v  3.158453 14.055490 20.797270
v  2.470493 14.055490 20.512306
v  1.782533 14.055490 20.797270
v  1.497571 14.055490 21.485229
v  1.782533 14.055490 22.173189
v  2.470493 14.055490 22.458153
v  3.158453 14.055490 22.173189
v  3.442317 14.031683 21.485229
v  3.157676 14.031683 20.789213
v  2.470493 14.031683 20.500914
v  1.783310 14.031683 20.789213
v  1.498670 14.031683 21.485229
v  1.783311 14.031683 22.181246
v  2.470493 14.031683 22.469545
v  3.157676 14.031683 22.181246
v  2.604897 14.055490 21.485229
v  2.565531 14.055490 21.390192
v  2.470493 14.055490 21.350826
v  2.375456 14.055490 21.390192
v  2.336090 14.055490 21.485229
v  2.375456 14.055490 21.580267
v  2.470493 14.055490 21.619633
v  2.565531 14.055490 21.580267
v  3.024157 14.055490 21.485229
v  2.861992 14.055490 21.093731
v  2.470493 14.055490 20.931566
v  2.078994 14.055490 21.093731
v  1.916830 14.055490 21.485229
v  2.078994 14.055490 21.876728
v  2.470493 14.055490 22.038893
v  2.861992 14.055490 21.876728
v  2.570898 14.103586 21.485229
v  2.541490 14.103586 21.414232
v  2.470493 14.103586 21.384825
v  2.399497 14.103586 21.414232
v  2.370089 14.103586 21.485229
v  2.399497 14.103586 21.556227
v  2.470493 14.103586 21.585634
v  2.541490 14.103586 21.556227
v  2.570898 14.117746 21.485229
v  2.541490 14.117746 21.414232
v  2.470493 14.117746 21.384825
v  2.399497 14.117746 21.414232
v  2.370089 14.117746 21.485229
v  2.399497 14.117746 21.556227
v  2.470493 14.117746 21.585634
v  2.541490 14.117746 21.556227
v  2.534020 14.139231 21.485229
v  2.515414 14.139231 21.440310
v  2.470493 14.139231 21.421703
v  2.425573 14.139231 21.440310
v  2.406966 14.139231 21.485229
v  2.425573 14.139231 21.530149
v  2.470493 14.139231 21.548756
v  2.515414 14.139231 21.530149
v  2.534020 14.261789 21.485229
v  2.515414 14.261789 21.440310
v  2.470493 14.261789 21.421703
v  2.425573 14.261789 21.440310
v  2.406966 14.261789 21.485229
v  2.425573 14.261789 21.530149
v  2.470493 14.261789 21.548756
v  2.515414 14.261789 21.530149
v  2.555532 14.290842 21.485229
v  2.530625 14.290842 21.425098
v  2.470493 14.290842 21.400190
v  2.410362 14.290842 21.425098
v  2.385455 14.290842 21.485229
v  2.410362 14.290842 21.545361
v  2.470493 14.290842 21.570269
v  2.530625 14.290842 21.545361
v  2.538970 14.306955 21.485229
v  2.518913 14.306955 21.436810
v  2.470493 14.306955 21.416754
v  2.422073 14.306955 21.436810
v  2.402017 14.306955 21.485229
v  2.422073 14.306955 21.533649
v  2.470493 14.306955 21.553705
v  2.518913 14.306955 21.533649
v  2.538970 14.331369 21.485229
v  2.518913 14.331369 21.436810
v  2.470493 14.331369 21.416754
v  2.422073 14.331369 21.436810
v  2.402017 14.331369 21.485229
v  2.422073 14.331369 21.533649
v  2.470493 14.331369 21.553705
v  2.518913 14.331369 21.533649
v  2.524787 14.355051 21.485229
v  2.508884 14.355051 21.446838
v  2.470493 14.355051 21.430937
v  2.432102 14.355051 21.446838
v  2.416200 14.355051 21.485229
v  2.432102 14.355051 21.523621
v  2.470493 14.355051 21.539522
v  2.508884 14.355051 21.523621
v  2.524787 14.412912 21.485229
v  2.508884 14.412912 21.446838
v  2.470493 14.412912 21.430937
v  2.432102 14.412912 21.446838
v  2.416200 14.412912 21.485229
v  2.432102 14.412912 21.523621
v  2.470493 14.412912 21.539522
v  2.508884 14.412912 21.523621
v  2.555779 14.446360 21.485229
v  2.530799 14.446360 21.424923
v  2.470493 14.446360 21.399944
v  2.410187 14.446360 21.424923
v  2.385208 14.446360 21.485229
v  2.410187 14.446360 21.545536
v  2.470493 14.446360 21.570515
v  2.530799 14.446360 21.545536
v  2.555779 14.483225 21.485229
v  2.530799 14.483225 21.424923
v  2.470493 14.483225 21.399944
v  2.410187 14.483225 21.424923
v  2.385208 14.483225 21.485229
v  2.410187 14.483225 21.545536
v  2.470493 14.483225 21.570515
v  2.530799 14.483225 21.545536
v  2.533297 14.523264 21.485229
v  2.514902 14.523264 21.440821
v  2.470493 14.523264 21.422426
v  2.426085 14.523264 21.440821
v  2.407690 14.523264 21.485229
v  2.426085 14.523264 21.529638
v  2.470493 14.523264 21.548033
v  2.514902 14.523264 21.529638
v  2.533297 14.677927 21.485229
v  2.514902 14.677927 21.440821
v  2.470493 14.677927 21.422426
v  2.426085 14.677927 21.440821
v  2.407690 14.677927 21.485229
v  2.426085 14.677927 21.529638
v  2.470493 14.677927 21.548033
v  2.514902 14.677927 21.529638
v  2.538765 14.689402 21.485229
v  2.518769 14.689402 21.436954
v  2.470493 14.689402 21.416958
v  2.422218 14.689402 21.436954
v  2.402221 14.689402 21.485229
v  2.422218 14.689402 21.533504
v  2.470493 14.689402 21.553501
v  2.518769 14.689402 21.533504
v  2.526338 14.698191 21.485229
v  2.509982 14.698191 21.445742
v  2.470493 14.698191 21.429384
v  2.431005 14.698191 21.445742
v  2.414648 14.698191 21.485229
v  2.431005 14.698191 21.524717
v  2.470493 14.698191 21.541075
v  2.509982 14.698191 21.524717
v  2.526338 14.708078 21.485229
v  2.509982 14.708078 21.445742
v  2.470493 14.708078 21.429384
v  2.431005 14.708078 21.445742
v  2.414648 14.708078 21.485229
v  2.431005 14.708078 21.524717
v  2.470493 14.708078 21.541075
v  2.509982 14.708078 21.524717
v  2.538225 14.713816 21.485229
v  2.518387 14.713816 21.437336
v  2.470493 14.713816 21.417498
v  2.422600 14.713816 21.437336
v  2.402762 14.713816 21.485229
v  2.422600 14.713816 21.533123
v  2.470493 14.713816 21.552961
v  2.518387 14.713816 21.533123
v  2.529641 14.723093 21.485229
v  2.512317 14.723093 21.443405
v  2.470493 14.723093 21.426083
v  2.428669 14.723093 21.443405
v  2.411345 14.723093 21.485229
v  2.428669 14.723093 21.527054
v  2.470493 14.723093 21.544376
v  2.512317 14.723093 21.527054
v  2.529641 15.283029 21.485229
v  2.512317 15.283029 21.443405
v  2.470493 15.283029 21.426083
v  2.428669 15.283029 21.443405
v  2.411345 15.283029 21.485229
v  2.428669 15.283029 21.527054
v  2.470493 15.283029 21.544376
v  2.512317 15.283029 21.527054
v  2.470493 15.287424 21.485229
v  2.521188 15.287424 21.485229
v  2.506340 15.287424 21.449383
v  2.470493 15.287424 21.434536
v  2.434647 15.287424 21.449383
v  2.419799 15.287424 21.485229
v  2.434647 15.287424 21.521076
v  2.470493 15.287424 21.535925
v  2.506340 15.287424 21.521076
# 201 vertices

vt 0.058890 0.775581 0.000000
vt 0.048813 0.763325 0.000000
vt 0.033021 0.761785 0.000000
vt 0.020765 0.771862 0.000000
vt 0.019224 0.787654 0.000000
vt 0.029301 0.799909 0.000000
vt 0.045093 0.801450 0.000000
vt 0.057349 0.791373 0.000000
vt 0.044270 0.799148 0.000000
vt 0.055091 0.790169 0.000000
vt 0.030395 0.797858 0.000000
vt 0.021595 0.787054 0.000000
vt 0.023023 0.773066 0.000000
vt 0.033844 0.764087 0.000000
vt 0.047719 0.765377 0.000000
vt 0.056520 0.776181 0.000000
vt 0.043886 0.797483 0.000000
vt 0.053690 0.789422 0.000000
vt 0.031253 0.796251 0.000000
vt 0.023191 0.786446 0.000000
vt 0.024424 0.773813 0.000000
vt 0.034228 0.765752 0.000000
vt 0.046862 0.766984 0.000000
vt 0.054923 0.776789 0.000000
vt 0.042071 0.791522 0.000000
vt 0.048192 0.786489 0.000000
vt 0.034185 0.790753 0.000000
vt 0.029152 0.784632 0.000000
vt 0.029922 0.776745 0.000000
vt 0.036043 0.771713 0.000000
vt 0.043929 0.772482 0.000000
vt 0.048962 0.778603 0.000000
vt 0.039789 0.784021 0.000000
vt 0.041275 0.782800 0.000000
vt 0.019929 0.406463 0.000000
vt 0.020480 0.405191 0.000000
vt 0.021764 0.405854 0.000000
vt 0.021319 0.406985 0.000000
vt 0.021163 0.404012 0.000000
vt 0.022320 0.404813 0.000000
vt 0.021997 0.402943 0.000000
vt 0.022987 0.403886 0.000000
vt 0.037874 0.783835 0.000000
vt 0.036653 0.782349 0.000000
vt 0.036840 0.780435 0.000000
vt 0.038325 0.779213 0.000000
vt 0.040240 0.779400 0.000000
vt 0.041461 0.780886 0.000000
vt 0.023008 0.402035 0.000000
vt 0.023763 0.403098 0.000000
vt 0.019224 0.410855 0.000000
vt 0.020833 0.410721 0.000000
vt 0.019257 0.409294 0.000000
vt 0.020822 0.409441 0.000000
vt 0.019512 0.407829 0.000000
vt 0.020998 0.408186 0.000000
vt 0.022152 0.406026 0.000000
vt 0.021736 0.407116 0.000000
vt 0.022671 0.405024 0.000000
vt 0.023298 0.404143 0.000000
vt 0.024053 0.403383 0.000000
vt 0.021269 0.410675 0.000000
vt 0.021270 0.409465 0.000000
vt 0.021434 0.408269 0.000000
vt 0.023080 0.406482 0.000000
vt 0.022735 0.407485 0.000000
vt 0.023494 0.405548 0.000000
vt 0.023957 0.404712 0.000000
vt 0.024462 0.404024 0.000000
vt 0.022307 0.410615 0.000000
vt 0.022329 0.409586 0.000000
vt 0.022479 0.408530 0.000000
vt 0.027667 0.408075 0.000000
vt 0.027415 0.408913 0.000000
vt 0.027937 0.407246 0.000000
vt 0.028214 0.406422 0.000000
vt 0.028495 0.405579 0.000000
vt 0.026802 0.411440 0.000000
vt 0.026985 0.410603 0.000000
vt 0.027187 0.409757 0.000000
vt 0.028567 0.408363 0.000000
vt 0.028320 0.409177 0.000000
vt 0.028838 0.407553 0.000000
vt 0.029145 0.406739 0.000000
vt 0.029544 0.405834 0.000000
vt 0.027676 0.411669 0.000000
vt 0.027883 0.410823 0.000000
vt 0.028093 0.409997 0.000000
vt 0.029056 0.408522 0.000000
vt 0.028813 0.409324 0.000000
vt 0.029321 0.407727 0.000000
vt 0.029613 0.406935 0.000000
vt 0.029980 0.406166 0.000000
vt 0.028213 0.411781 0.000000
vt 0.028389 0.410947 0.000000
vt 0.028591 0.410132 0.000000
vt 0.029760 0.408749 0.000000
vt 0.029526 0.409531 0.000000
vt 0.030017 0.407979 0.000000
vt 0.030308 0.407229 0.000000
vt 0.030661 0.406494 0.000000
vt 0.028948 0.411918 0.000000
vt 0.029115 0.411114 0.000000
vt 0.029310 0.410320 0.000000
vt 0.030552 0.409007 0.000000
vt 0.030330 0.409772 0.000000
vt 0.030784 0.408256 0.000000
vt 0.031025 0.407536 0.000000
vt 0.031285 0.406880 0.000000
vt 0.029764 0.412061 0.000000
vt 0.029928 0.411307 0.000000
vt 0.030120 0.410542 0.000000
vt 0.032645 0.409645 0.000000
vt 0.032430 0.410413 0.000000
vt 0.032847 0.408875 0.000000
vt 0.033019 0.408109 0.000000
vt 0.033137 0.407357 0.000000
vt 0.031739 0.412645 0.000000
vt 0.031981 0.411925 0.000000
vt 0.032209 0.411176 0.000000
vt 0.033778 0.410002 0.000000
vt 0.033544 0.410788 0.000000
vt 0.034007 0.409196 0.000000
vt 0.034228 0.408342 0.000000
vt 0.034432 0.407322 0.000000
vt 0.032722 0.413135 0.000000
vt 0.033032 0.412345 0.000000
vt 0.033298 0.411567 0.000000
vt 0.034646 0.410237 0.000000
vt 0.034400 0.411028 0.000000
vt 0.034899 0.409433 0.000000
vt 0.035180 0.408597 0.000000
vt 0.035535 0.407690 0.000000
vt 0.033634 0.413451 0.000000
vt 0.033901 0.412616 0.000000
vt 0.034154 0.411817 0.000000
vt 0.035793 0.410619 0.000000
vt 0.035555 0.411401 0.000000
vt 0.036039 0.409839 0.000000
vt 0.036301 0.409070 0.000000
vt 0.036601 0.408336 0.000000
vt 0.034883 0.413771 0.000000
vt 0.035094 0.412975 0.000000
vt 0.035321 0.412186 0.000000
vt 0.040669 0.412164 0.000000
vt 0.040437 0.412919 0.000000
vt 0.040907 0.411411 0.000000
vt 0.041151 0.410657 0.000000
vt 0.041409 0.409886 0.000000
vt 0.039779 0.415193 0.000000
vt 0.039990 0.414434 0.000000
vt 0.040210 0.413675 0.000000
vt 0.041019 0.412269 0.000000
vt 0.040788 0.413021 0.000000
vt 0.041257 0.411519 0.000000
vt 0.041509 0.410772 0.000000
vt 0.041804 0.409993 0.000000
vt 0.040122 0.415283 0.000000
vt 0.040342 0.414529 0.000000
vt 0.040562 0.413774 0.000000
vt 0.041352 0.412379 0.000000
vt 0.041121 0.413128 0.000000
vt 0.041588 0.411632 0.000000
vt 0.041823 0.410887 0.000000
vt 0.042077 0.410181 0.000000
vt 0.040469 0.415381 0.000000
vt 0.040677 0.414631 0.000000
vt 0.040896 0.413879 0.000000
vt 0.041667 0.412487 0.000000
vt 0.041437 0.413234 0.000000
vt 0.041904 0.411743 0.000000
vt 0.042144 0.411002 0.000000
vt 0.042364 0.410272 0.000000
vt 0.040795 0.415480 0.000000
vt 0.040995 0.414733 0.000000
vt 0.041213 0.413982 0.000000
vt 0.041924 0.412573 0.000000
vt 0.041695 0.413317 0.000000
vt 0.042160 0.411831 0.000000
vt 0.042411 0.411094 0.000000
vt 0.042677 0.410281 0.000000
vt 0.041033 0.415554 0.000000
vt 0.041254 0.414811 0.000000
vt 0.041472 0.414063 0.000000
vt 0.042237 0.412667 0.000000
vt 0.042008 0.413408 0.000000
vt 0.042471 0.411927 0.000000
vt 0.042707 0.411189 0.000000
vt 0.042965 0.410444 0.000000
vt 0.041353 0.415646 0.000000
vt 0.041568 0.414898 0.000000
vt 0.041786 0.414152 0.000000
vt 0.057597 0.417641 0.000000
vt 0.057379 0.418146 0.000000
vt 0.057954 0.417141 0.000000
vt 0.058543 0.416643 0.000000
vt 0.059613 0.416205 0.000000
vt 0.057462 0.420023 0.000000
vt 0.057271 0.419291 0.000000
vt 0.057267 0.418682 0.000000
vt 0.057524 0.418192 0.000000
vt 0.057735 0.417725 0.000000
vt 0.059015 0.418667 0.000000
vt 0.058089 0.417276 0.000000
vt 0.058661 0.416863 0.000000
vt 0.059658 0.416577 0.000000
vt 0.057676 0.419918 0.000000
vt 0.057454 0.419260 0.000000
vt 0.057426 0.418695 0.000000
vt 0.019527 0.412496 0.000000
vt 0.021047 0.412002 0.000000
vt 0.021479 0.411939 0.000000
vt 0.022398 0.411556 0.000000
vt 0.026600 0.412238 0.000000
vt 0.027464 0.412634 0.000000
vt 0.028079 0.412643 0.000000
vt 0.028824 0.412767 0.000000
vt 0.029640 0.412790 0.000000
vt 0.031459 0.413295 0.000000
vt 0.032309 0.413970 0.000000
vt 0.033344 0.414410 0.000000
vt 0.034700 0.414576 0.000000
vt 0.039561 0.415962 0.000000
vt 0.039907 0.416100 0.000000
vt 0.040287 0.416111 0.000000
vt 0.040577 0.416190 0.000000
vt 0.040784 0.416334 0.000000
vt 0.041151 0.416385 0.000000
vt 0.058086 0.420974 0.000000
vt 0.058308 0.420699 0.000000
vt 0.057524 0.418192 0.000000
vt 0.057735 0.417725 0.000000
vt 0.058089 0.417276 0.000000
vt 0.058661 0.416863 0.000000
vt 0.059658 0.416577 0.000000
vt 0.057676 0.419918 0.000000
vt 0.057454 0.419260 0.000000
vt 0.057426 0.418695 0.000000
vt 0.058308 0.420699 0.000000
# 239 texture coords

o 2?_??___??
g 2?_??___??
f 244/275 243/276 242/277 241/278 240/279 239/280 238/281 237/282 
f 237/282 238/281 254/283 253/284 
f 238/281 239/280 255/285 254/283 
f 239/280 240/279 256/286 255/285 
f 240/279 241/278 257/287 256/286 
f 241/278 242/277 258/288 257/287 
f 242/277 243/276 259/289 258/288 
f 243/276 244/275 260/290 259/289 
f 244/275 237/282 253/284 260/290 
f 254/283 246/291 245/292 253/284 
f 255/285 247/293 246/291 254/283 
f 256/286 248/294 247/293 255/285 
f 257/287 249/295 248/294 256/286 
f 258/288 250/296 249/295 257/287 
f 259/289 251/297 250/296 258/288 
f 260/290 252/298 251/297 259/289 
f 253/284 245/292 252/298 260/290 
f 245/292 246/291 270/299 269/300 
f 246/291 247/293 271/301 270/299 
f 247/293 248/294 272/302 271/301 
f 248/294 249/295 273/303 272/302 
f 249/295 250/296 274/304 273/303 
f 250/296 251/297 275/305 274/304 
f 251/297 252/298 276/306 275/305 
f 252/298 245/292 269/300 276/306 
f 270/299 262/307 261/308 269/300 
f 271/301 263/317 262/307 270/299 
f 272/302 264/318 263/317 271/301 
f 273/303 265/319 264/318 272/302 
f 274/304 266/320 265/319 273/303 
f 275/305 267/321 266/320 274/304 
f 276/306 268/322 267/321 275/305 
f 269/300 261/308 268/322 276/306 
f 261/309 262/310 278/311 277/312 
f 262/310 263/313 279/314 278/311 
f 263/313 264/315 280/316 279/314 
f 264/315 265/323 281/324 280/316 
f 265/484 266/325 282/326 281/485 
f 266/325 267/327 283/328 282/326 
f 267/327 268/329 284/330 283/328 
f 268/329 261/309 277/312 284/330 
f 277/312 278/311 286/331 285/332 
f 278/311 279/314 287/333 286/331 
f 279/314 280/316 288/334 287/333 
f 280/316 281/324 289/335 288/334 
f 281/485 282/326 290/336 289/486 
f 282/326 283/328 291/337 290/336 
f 283/328 284/330 292/338 291/337 
f 284/330 277/312 285/332 292/338 
f 285/332 286/331 294/339 293/340 
f 286/331 287/333 295/341 294/339 
f 287/333 288/334 296/342 295/341 
f 288/334 289/335 297/343 296/342 
f 289/486 290/336 298/344 297/487 
f 290/336 291/337 299/345 298/344 
f 291/337 292/338 300/346 299/345 
f 292/338 285/332 293/340 300/346 
f 293/340 294/339 302/347 301/348 
f 294/339 295/341 303/349 302/347 
f 295/341 296/342 304/350 303/349 
f 296/342 297/343 305/351 304/350 
f 297/487 298/344 306/352 305/488 
f 298/344 299/345 307/353 306/352 
f 299/345 300/346 308/354 307/353 
f 300/346 293/340 301/348 308/354 
f 301/348 302/347 310/355 309/356 
f 302/347 303/349 311/357 310/355 
f 303/349 304/350 312/358 311/357 
f 304/350 305/351 313/359 312/358 
f 305/488 306/352 314/360 313/489 
f 306/352 307/353 315/361 314/360 
f 307/353 308/354 316/362 315/361 
f 308/354 301/348 309/356 316/362 
f 309/356 310/355 318/363 317/364 
f 310/355 311/357 319/365 318/363 
f 311/357 312/358 320/366 319/365 
f 312/358 313/359 321/367 320/366 
f 313/489 314/360 322/368 321/490 
f 314/360 315/361 323/369 322/368 
f 315/361 316/362 324/370 323/369 
f 316/362 309/356 317/364 324/370 
f 317/364 318/363 326/371 325/372 
f 318/363 319/365 327/373 326/371 
f 319/365 320/366 328/374 327/373 
f 320/366 321/367 329/375 328/374 
f 321/490 322/368 330/376 329/491 
f 322/368 323/369 331/377 330/376 
f 323/369 324/370 332/378 331/377 
f 324/370 317/364 325/372 332/378 
f 325/372 326/371 334/379 333/380 
f 326/371 327/373 335/381 334/379 
f 327/373 328/374 336/382 335/381 
f 328/374 329/375 337/383 336/382 
f 329/491 330/376 338/384 337/492 
f 330/376 331/377 339/385 338/384 
f 331/377 332/378 340/386 339/385 
f 332/378 325/372 333/380 340/386 
f 333/380 334/379 342/387 341/388 
f 334/379 335/381 343/389 342/387 
f 335/381 336/382 344/390 343/389 
f 336/382 337/383 345/391 344/390 
f 337/492 338/384 346/392 345/493 
f 338/384 339/385 347/393 346/392 
f 339/385 340/386 348/394 347/393 
f 340/386 333/380 341/388 348/394 
f 341/388 342/387 350/395 349/396 
f 342/387 343/389 351/397 350/395 
f 343/389 344/390 352/398 351/397 
f 344/390 345/391 353/399 352/398 
f 345/493 346/392 354/400 353/494 
f 346/392 347/393 355/401 354/400 
f 347/393 348/394 356/402 355/401 
f 348/394 341/388 349/396 356/402 
f 349/396 350/395 358/403 357/404 
f 350/395 351/397 359/405 358/403 
f 351/397 352/398 360/406 359/405 
f 352/398 353/399 361/407 360/406 
f 353/494 354/400 362/408 361/495 
f 354/400 355/401 363/409 362/408 
f 355/401 356/402 364/410 363/409 
f 356/402 349/396 357/404 364/410 
f 357/404 358/403 366/411 365/412 
f 358/403 359/405 367/413 366/411 
f 359/405 360/406 368/414 367/413 
f 360/406 361/407 369/415 368/414 
f 361/495 362/408 370/416 369/496 
f 362/408 363/409 371/417 370/416 
f 363/409 364/410 372/418 371/417 
f 364/410 357/404 365/412 372/418 
f 365/412 366/411 374/419 373/420 
f 366/411 367/413 375/421 374/419 
f 367/413 368/414 376/422 375/421 
f 368/414 369/415 377/423 376/422 
f 369/496 370/416 378/424 377/497 
f 370/416 371/417 379/425 378/424 
f 371/417 372/418 380/426 379/425 
f 372/418 365/412 373/420 380/426 
f 373/420 374/419 382/427 381/428 
f 374/419 375/421 383/429 382/427 
f 375/421 376/422 384/430 383/429 
f 376/422 377/423 385/431 384/430 
f 377/497 378/424 386/432 385/498 
f 378/424 379/425 387/433 386/432 
f 379/425 380/426 388/434 387/433 
f 380/426 373/420 381/428 388/434 
f 381/428 382/427 390/435 389/436 
f 382/427 383/429 391/437 390/435 
f 383/429 384/430 392/438 391/437 
f 384/430 385/431 393/439 392/438 
f 385/498 386/432 394/440 393/499 
f 386/432 387/433 395/441 394/440 
f 387/433 388/434 396/442 395/441 
f 388/434 381/428 389/436 396/442 
f 389/436 390/435 398/443 397/444 
f 390/435 391/437 399/445 398/443 
f 391/437 392/438 400/446 399/445 
f 392/438 393/439 401/447 400/446 
f 393/499 394/440 402/448 401/500 
f 394/440 395/441 403/449 402/448 
f 395/441 396/442 404/450 403/449 
f 396/442 389/436 397/444 404/450 
f 397/444 398/443 406/451 405/452 
f 398/443 399/445 407/453 406/451 
f 399/445 400/446 408/454 407/453 
f 400/446 401/447 409/455 408/454 
f 401/500 402/448 410/456 409/501 
f 402/448 403/449 411/457 410/456 
f 403/449 404/450 412/458 411/457 
f 404/450 397/444 405/452 412/458 
f 405/452 406/451 414/459 413/460 
f 406/451 407/453 415/461 414/459 
f 407/453 408/454 416/462 415/461 
f 408/454 409/455 417/463 416/462 
f 409/501 410/456 418/464 417/502 
f 410/456 411/457 419/465 418/464 
f 411/457 412/458 420/466 419/465 
f 412/458 405/452 413/460 420/466 
f 413/460 414/459 422/467 421/468 
f 414/459 415/461 423/469 422/467 
f 415/461 416/462 424/470 423/469 
f 416/462 417/463 425/471 424/470 
f 417/502 418/464 426/472 425/503 
f 418/464 419/465 427/473 426/472 
f 419/465 420/466 428/474 427/473 
f 420/466 413/460 421/468 428/474 
f 430/475 431/476 429/477 
f 431/476 432/478 429/477 
f 432/478 433/479 429/477 
f 433/479 434/480 429/477 
f 434/504 435/481 429/477 
f 435/481 436/482 429/477 
f 436/482 437/483 429/477 
f 437/483 430/475 429/477 
f 422/467 431/506 430/505 421/468 
f 423/469 432/507 431/506 422/467 
f 424/470 433/508 432/507 423/469 
f 425/471 434/509 433/508 424/470 
f 426/472 435/510 434/513 425/503 
f 427/473 436/511 435/510 426/472 
f 428/474 437/512 436/511 427/473 
f 421/468 430/505 437/512 428/474 
# 193 polygons - 8 triangles

#
# object 2?_??___??
#

v  0.994123 20.943422 23.503321
v  3.954892 20.943422 23.503321
v  0.994123 13.306984 23.503321
v  3.954892 13.306984 23.503321
v  3.954892 11.478041 24.116407
v  3.954892 13.306984 24.116407
v  3.954892 20.351353 24.116407
v  3.954892 13.724968 23.503321
v  0.994123 13.724968 23.503321
v  3.954892 13.724968 24.116407
v  3.653866 11.478041 24.116407
v  3.653866 13.306984 24.116407
v  3.653866 20.351353 24.116407
v  3.653866 13.724968 24.116407
v  3.653866 11.528214 24.307018
v  3.653866 13.256811 24.307018
v  3.653866 20.169575 24.307018
v  3.653866 13.906747 24.307018
v  1.078338 11.528214 24.307018
v  1.078338 13.256811 24.307018
v  1.267821 20.169575 24.307018
v  1.267821 13.906747 24.307018
v  0.994123 10.676524 23.503321
v  3.954892 10.676524 23.503321
v  3.954892 10.676524 24.116407
v  0.994123 10.676524 24.116407
v  3.954892 10.991386 23.503321
v  0.994123 10.991386 23.503321
v  0.994123 10.991637 24.116407
v  3.954891 10.991637 24.116407
v  0.994123 11.478396 23.503321
v  3.954892 11.478396 23.503321
v  0.994123 20.943422 31.677822
v  3.954891 20.943422 31.677822
v  3.954891 10.676524 31.677822
v  0.994123 10.676524 31.677822
v  0.994122 10.991386 31.677822
v  3.954891 10.991386 31.677822
v  0.994123 13.306984 31.677822
v  0.994123 13.724968 31.677822
v  3.954891 13.724968 31.677822
v  3.954891 13.306984 31.677822
v  3.954891 13.724968 31.064734
v  3.954891 13.306984 31.064734
v  3.954891 11.478041 31.064734
v  3.954891 11.478396 31.677822
v  3.954891 20.351353 31.064734
v  3.653866 11.478041 31.064734
v  3.653866 13.306984 31.064734
v  3.653866 20.351353 31.064734
v  3.653866 13.724968 31.064734
v  3.653866 11.528214 30.874123
v  3.653866 13.256811 30.874123
v  3.653866 20.169575 30.874123
v  3.653866 13.906747 30.874123
v  1.078338 11.528214 30.874123
v  1.078338 13.256811 30.874123
v  1.267820 20.169575 30.874123
v  1.267820 13.906747 30.874123
v  0.994123 11.478396 31.677822
v  3.954891 10.676524 31.064734
v  0.994123 10.676524 31.064734
v  3.954891 10.991637 31.064734
v  0.994122 10.991637 31.064734
# 64 vertices

vt 0.955337 0.381040 0.000000
vt 0.967548 0.407935 0.000000
vt 0.949360 0.413235 0.000000
vt 0.943770 0.376498 0.000000
vt 0.849655 0.421482 0.000000
vt 0.757173 0.711051 0.000000
vt 0.976371 0.711051 0.000000
vt 0.964844 0.722578 0.000000
vt 0.768700 0.722578 0.000000
vt 0.816233 0.418289 0.000000
vt 0.833701 0.376696 0.000000
vt 0.856145 0.377885 0.000000
vt 0.950885 0.736536 0.000000
vt 0.355913 0.342077 0.000000
vt 0.841769 0.337334 0.000000
vt 0.782658 0.736536 0.000000
vt 0.964843 0.918721 0.000000
vt 0.950885 0.904763 0.000000
vt 0.861216 0.337884 0.000000
vt 0.934587 0.752834 0.000000
vt 0.798956 0.752834 0.000000
vt 0.757172 0.930248 0.000000
vt 0.768699 0.918721 0.000000
vt 0.925000 0.338551 0.000000
vt 0.921039 0.376169 0.000000
vt 0.581910 0.355478 0.000000
vt 0.616811 0.343530 0.000000
vt 0.976371 0.930249 0.000000
vt 0.782658 0.904763 0.000000
vt 0.642057 0.324790 0.000000
vt 0.958836 0.357189 0.000000
vt 0.984075 0.378106 0.000000
vt 0.798956 0.888465 0.000000
vt 0.531688 0.342077 0.000000
vt 0.523779 0.349986 0.000000
vt 0.363823 0.349986 0.000000
vt 0.934587 0.888465 0.000000
vt 0.363823 0.509942 0.000000
vt 0.355913 0.517851 0.000000
vt 0.511410 0.362354 0.000000
vt 0.376191 0.362354 0.000000
vt 0.511410 0.497574 0.000000
vt 0.496315 0.482478 0.000000
vt 0.496315 0.377450 0.000000
vt 0.391287 0.377450 0.000000
vt 0.531688 0.517852 0.000000
vt 0.523779 0.509942 0.000000
vt 0.376191 0.497574 0.000000
vt 0.391287 0.482478 0.000000
vt 0.952816 0.093548 0.000000
vt 0.990000 0.087621 0.000000
vt 0.987517 0.348906 0.000000
vt 0.950451 0.341655 0.000000
vt 0.922088 0.416336 0.000000
vt 0.927313 0.095718 0.000000
vt 0.584697 0.065656 0.000000
vt 0.619338 0.078955 0.000000
vt 0.958418 0.054360 0.000000
vt 0.946779 0.058482 0.000000
vt 0.953036 0.021983 0.000000
vt 0.971115 0.027937 0.000000
vt 0.853560 0.010000 0.000000
vt 0.859226 0.053818 0.000000
vt 0.836779 0.054151 0.000000
vt 0.820114 0.011910 0.000000
vt 0.863539 0.093993 0.000000
vt 0.844091 0.093805 0.000000
vt 0.924056 0.057974 0.000000
vt 0.644211 0.098660 0.000000
vt 0.987095 0.058339 0.000000
vt 0.961493 0.078327 0.000000
vt 0.925844 0.017877 0.000000
# 72 texture coords

o 2?_??___??
g 2?_??___??
f 461/514 460/515 465/516 464/517 
f 440/518 446/523 445/524 441/525 
f 441/525 445/524 447/528 443/532 
f 442/537 469/538 441/525 443/532 
f 446/523 438/539 439/540 445/524 
f 445/524 439/540 444/543 447/528 
f 442/527 443/547 449/548 448/549 
f 442/527 448/549 485/551 482/552 
f 447/519 444/520 450/521 451/522 
f 448/549 449/548 453/553 452/554 
f 451/522 450/521 454/526 455/529 
f 450/521 487/530 491/531 454/526 
f 453/553 490/555 494/556 457/557 
f 452/554 453/553 457/557 456/558 
f 455/529 454/526 458/533 459/534 
f 461/514 462/544 463/545 460/515 
f 500/563 501/564 466/565 467/566 
f 465/516 468/567 469/538 464/517 
f 462/544 461/514 464/517 467/566 
f 442/537 482/568 500/563 467/566 
f 468/567 440/518 441/525 469/538 
f 442/537 467/566 464/517 469/538 
f 470/569 471/570 439/540 438/539 
f 472/571 475/572 474/573 473/574 
f 476/575 479/576 478/577 477/578 
f 479/576 481/579 480/580 478/577 
f 482/568 481/579 479/576 483/581 
f 471/570 484/582 444/543 439/540 
f 477/578 478/577 471/570 470/569 
f 478/577 480/580 484/582 471/570 
f 480/580 481/579 443/532 447/528 
f 481/559 486/560 449/548 443/547 
f 482/552 485/551 486/560 481/559 
f 480/535 488/536 487/530 484/541 
f 484/541 487/530 450/521 444/520 
f 447/519 451/522 488/536 480/535 
f 486/560 490/555 453/553 449/548 
f 485/551 489/561 490/555 486/560 
f 448/549 452/554 489/561 485/551 
f 488/536 492/542 491/531 487/530 
f 451/522 455/529 492/542 488/536 
f 489/561 493/562 494/556 490/555 
f 452/554 456/558 493/562 489/561 
f 492/542 496/546 495/550 491/531 
f 491/531 495/550 458/533 454/526 
f 455/529 459/534 496/546 492/542 
f 459/534 458/533 495/550 496/546 
f 456/558 457/557 494/556 493/562 
f 472/571 473/574 499/583 498/584 
f 474/573 475/572 483/581 497/585 
f 498/584 500/563 475/572 472/571 
f 497/585 483/581 479/576 476/575 
f 482/568 483/581 475/572 500/563 
f 467/566 466/565 463/545 462/544 
f 499/583 501/564 500/563 498/584 
# 55 polygons

#
# object 2?_??___??_???
#

v  13.548075 10.602552 12.679744
v  1.003291 10.602552 12.679745
v  13.548077 10.602552 19.440350
v  1.003292 10.602552 19.440350
v  13.548075 11.289727 12.679744
v  1.003291 11.289727 12.679745
v  13.548077 11.289727 19.440350
v  1.003292 11.289727 19.440350
v  2.898853 10.602552 19.440350
v  2.898852 10.602552 12.679745
v  2.898852 11.289727 12.679745
v  2.898853 11.289727 19.440350
v  1.003291 14.282984 12.679745
v  1.003292 14.282984 19.440350
v  2.898853 14.282984 19.440350
v  2.898852 14.282984 12.679745
# 16 vertices

vt 0.069907 0.153227 0.000000
vt 0.220020 0.212292 0.000000
vt 0.097103 0.394414 0.000000
vt 0.041177 0.365388 0.000000
vt 0.029824 0.163201 0.000000
vt 0.010000 0.385885 0.000000
vt 0.247502 0.246009 0.000000
vt 0.266433 0.197204 0.000000
vt 0.280958 0.226318 0.000000
vt 0.106789 0.425563 0.000000
vt 0.168752 0.010000 0.000000
vt 0.259247 0.054814 0.000000
vt 0.225105 0.077264 0.000000
vt 0.174150 0.045223 0.000000
vt 0.010383 0.120146 0.000000
vt 0.046199 0.103973 0.000000
# 16 texture coords

o 2?_??___??_???
g 2?_??___??_???
f 512/586 513/587 508/588 506/589 
f 511/590 512/586 506/589 502/591 
f 510/592 513/587 509/593 505/594 
f 504/595 502/591 506/589 508/588 
f 514/596 515/597 516/598 517/599 
f 503/600 507/601 512/586 511/590 
f 504/595 508/588 513/587 510/592 
f 509/593 513/587 516/598 515/597 
f 513/587 512/586 517/599 516/598 
f 512/586 507/601 514/596 517/599 
# 10 polygons

#
# object 2?_??___??
#

v  5.024668 12.746737 14.691507
v  5.346399 12.746737 15.074932
v  5.103995 12.672281 15.278334
v  4.782263 12.672281 14.894909
v  5.689945 12.746737 15.484354
v  5.447540 12.672281 15.687756
v  5.124334 12.672281 15.958958
v  4.780788 12.672281 15.549536
v  4.459057 12.672281 15.166111
v  3.893446 13.205481 15.640715
v  4.215178 13.201477 16.024139
v  4.457582 13.299953 15.820738
v  4.135851 13.315966 15.437313
v  4.558723 13.197474 16.433561
v  4.801128 13.283939 16.230160
v  5.124334 13.291946 15.958958
v  4.780788 13.315966 15.549536
v  4.459057 13.339986 15.166111
v  3.893446 12.746737 15.640715
v  4.215178 12.746737 16.024139
v  4.134377 12.970104 16.091940
v  3.812645 12.970104 15.708515
v  4.558724 12.746737 16.433561
v  4.477922 12.970104 16.501362
v  5.707334 12.804647 17.674791
v  5.936727 12.746737 17.583513
v  6.000799 12.970104 17.659872
v  5.694322 12.970104 17.786915
v  6.259933 12.746737 17.312311
v  6.324005 12.970104 17.388670
v  6.259933 13.205481 17.312311
v  5.936727 13.201477 17.583513
v  5.707334 13.139119 17.674791
v  6.355222 12.746737 16.277201
v  6.033491 12.746737 15.893776
v  6.114292 12.970104 15.825975
v  6.436024 12.970104 16.209400
v  5.770746 12.970104 15.416553
v  5.689945 13.197474 15.484354
v  6.033491 13.201477 15.893776
v  6.355222 13.205481 16.277201
v  4.541335 12.804647 14.243124
v  4.311942 12.746737 14.334402
v  4.247869 12.970104 14.258043
v  4.554347 12.970104 14.131001
v  3.988736 12.746737 14.605604
v  3.924664 12.970104 14.529245
v  3.988736 13.205481 14.605604
v  4.311942 13.201477 14.334402
v  4.541335 13.139119 14.243124
v  6.633326 12.746737 16.608631
v  6.390922 12.672281 16.812033
v  6.112818 12.672281 16.480602
v  6.712863 12.804647 16.831051
v  6.583138 12.746737 17.041109
v  6.067716 12.672281 17.083235
v  5.789612 12.672281 16.751804
v  3.615343 12.746737 15.309283
v  3.857747 12.672281 15.105882
v  4.135851 12.672281 15.437313
v  3.535805 12.804647 15.086864
v  3.665530 12.746737 14.876806
v  4.180953 12.672281 14.834680
v  5.224001 13.205481 17.226408
v  5.502105 13.201477 17.557838
v  5.744509 13.299953 17.354437
v  5.466406 13.315966 17.023006
v  6.067716 13.315966 17.083235
v  5.789612 13.339986 16.751804
v  5.024668 13.205481 14.691507
v  4.746564 13.201477 14.360076
v  4.504159 13.299953 14.563478
v  4.782263 13.315966 14.894909
v  4.180953 13.315966 14.834680
v  5.224001 12.746737 17.226408
v  5.502105 12.746737 17.557838
v  5.421303 12.970104 17.625639
v  5.143199 12.970104 17.294209
v  3.615343 13.201477 15.309283
v  3.534541 12.970104 15.377084
v  3.535805 13.139119 15.086864
v  3.423125 12.970104 15.080208
v  4.746564 12.746737 14.360076
v  4.827365 12.970104 14.292275
v  5.105469 12.970104 14.623707
v  6.633326 13.201477 16.608631
v  6.714128 12.970104 16.540831
v  6.712863 13.139119 16.831051
v  6.825543 12.970104 16.837708
v  5.466406 12.672281 17.023006
v  5.144674 12.672281 16.639582
v  5.467880 12.672281 16.368380
v  4.902269 12.746737 16.842983
v  4.801128 12.672281 16.230160
v  6.112818 13.315966 16.480602
v  5.791086 13.299953 16.097178
v  5.467880 13.315966 16.368380
v  5.447540 13.283939 15.687756
v  6.647211 12.970104 17.117468
v  6.583138 13.201477 17.041109
v  3.601458 12.970104 14.800447
v  3.665530 13.201477 14.876806
v  5.744509 12.672281 17.354437
v  4.504159 12.672281 14.563478
v  6.390922 13.299953 16.812033
v  3.857747 13.299953 15.105882
v  5.791086 12.672281 16.097178
v  4.902269 13.201477 16.842983
v  5.144674 13.299953 16.639582
v  4.821468 12.970104 16.910784
v  5.427201 12.970104 15.007132
v  5.346399 13.201477 15.074932
v  4.457582 12.672281 15.820738
v  5.103995 13.299953 15.278334
# 114 vertices

vt 0.221194 0.331495 0.000000
vt 0.225146 0.320645 0.000000
vt 0.232180 0.323224 0.000000
vt 0.228220 0.334032 0.000000
vt 0.229405 0.309072 0.000000
vt 0.236438 0.311668 0.000000
vt 0.245573 0.315026 0.000000
vt 0.241298 0.326580 0.000000
vt 0.237318 0.337369 0.000000
vt 0.696222 0.965285 0.000000
vt 0.684494 0.967593 0.000000
vt 0.683528 0.959575 0.000000
vt 0.694816 0.958015 0.000000
vt 0.671031 0.968836 0.000000
vt 0.670627 0.960624 0.000000
vt 0.670103 0.950334 0.000000
vt 0.682746 0.949678 0.000000
vt 0.694007 0.949063 0.000000
vt 0.700376 0.977613 0.000000
vt 0.686491 0.980759 0.000000
vt 0.685446 0.974066 0.000000
vt 0.698041 0.971314 0.000000
vt 0.237721 0.286692 0.000000
vt 0.671629 0.982069 0.000000
vt 0.671336 0.975343 0.000000
vt 0.626807 0.970684 0.000000
vt 0.621888 0.964938 0.000000
vt 0.241267 0.277370 0.000000
vt 0.627235 0.962109 0.000000
vt 0.630645 0.967257 0.000000
vt 0.618807 0.953283 0.000000
vt 0.625274 0.952863 0.000000
vt 0.631095 0.952493 0.000000
vt 0.631971 0.960518 0.000000
vt 0.633141 0.964848 0.000000
vt 0.639829 0.923056 0.000000
vt 0.653715 0.919909 0.000000
vt 0.654760 0.926603 0.000000
vt 0.642165 0.929355 0.000000
vt 0.668577 0.918599 0.000000
vt 0.668870 0.925325 0.000000
vt 0.669175 0.931832 0.000000
vt 0.655712 0.933075 0.000000
vt 0.643984 0.935384 0.000000
vt 0.713400 0.929984 0.000000
vt 0.718320 0.935731 0.000000
vt 0.712973 0.938560 0.000000
vt 0.709562 0.933411 0.000000
vt 0.721400 0.947387 0.000000
vt 0.714933 0.947807 0.000000
vt 0.709112 0.948176 0.000000
vt 0.708236 0.940151 0.000000
vt 0.707066 0.935821 0.000000
vt 0.645815 0.967884 0.000000
vt 0.248213 0.280083 0.000000
vt 0.244718 0.289326 0.000000
vt 0.244706 0.272894 0.000000
vt 0.250567 0.273421 0.000000
vt 0.259700 0.276748 0.000000
vt 0.257252 0.283376 0.000000
vt 0.253808 0.292699 0.000000
vt 0.253398 0.343367 0.000000
vt 0.249858 0.352683 0.000000
vt 0.242916 0.349974 0.000000
vt 0.246405 0.340736 0.000000
vt 0.246424 0.357157 0.000000
vt 0.240568 0.356633 0.000000
vt 0.231439 0.353313 0.000000
vt 0.233882 0.346688 0.000000
vt 0.262907 0.296045 0.000000
vt 0.258940 0.306851 0.000000
vt 0.637216 0.966284 0.000000
vt 0.637777 0.960204 0.000000
vt 0.646394 0.960556 0.000000
vt 0.637488 0.952106 0.000000
vt 0.646199 0.951605 0.000000
vt 0.694392 0.932784 0.000000
vt 0.702991 0.934385 0.000000
vt 0.702430 0.940465 0.000000
vt 0.693812 0.940113 0.000000
vt 0.702719 0.948563 0.000000
vt 0.643127 0.980318 0.000000
vt 0.631784 0.976051 0.000000
vt 0.635265 0.970845 0.000000
vt 0.644692 0.974025 0.000000
vt 0.704660 0.962716 0.000000
vt 0.707205 0.967097 0.000000
vt 0.708556 0.960781 0.000000
vt 0.711362 0.962876 0.000000
vt 0.715641 0.965822 0.000000
vt 0.711291 0.971663 0.000000
vt 0.697080 0.920350 0.000000
vt 0.708423 0.924617 0.000000
vt 0.704942 0.929824 0.000000
vt 0.695515 0.926643 0.000000
vt 0.635545 0.937953 0.000000
vt 0.633001 0.933573 0.000000
vt 0.631650 0.939889 0.000000
vt 0.628844 0.937794 0.000000
vt 0.624564 0.934848 0.000000
vt 0.628914 0.929007 0.000000
vt 0.645390 0.942654 0.000000
vt 0.656678 0.941094 0.000000
vt 0.657461 0.950991 0.000000
vt 0.669580 0.940044 0.000000
vt 0.620151 0.941233 0.000000
vt 0.626132 0.943398 0.000000
vt 0.631018 0.944375 0.000000
vt 0.720055 0.959437 0.000000
vt 0.714074 0.957272 0.000000
vt 0.709188 0.956294 0.000000
vt 0.636833 0.943988 0.000000
vt 0.703374 0.956681 0.000000
vt 0.657577 0.968928 0.000000
vt 0.657715 0.960898 0.000000
vt 0.656856 0.982032 0.000000
vt 0.657272 0.975403 0.000000
vt 0.249822 0.303492 0.000000
vt 0.269936 0.298592 0.000000
vt 0.265972 0.309433 0.000000
vt 0.261708 0.320999 0.000000
vt 0.254680 0.318403 0.000000
vt 0.268803 0.280158 0.000000
vt 0.683350 0.918636 0.000000
vt 0.682935 0.925265 0.000000
vt 0.682630 0.931741 0.000000
vt 0.682492 0.939771 0.000000
vt 0.266260 0.286750 0.000000
vt 0.273599 0.283567 0.000000
vt 0.273301 0.289204 0.000000
vt 0.222342 0.349912 0.000000
vt 0.224877 0.343323 0.000000
vt 0.217548 0.346510 0.000000
vt 0.217840 0.340878 0.000000
vt 0.233685 0.297508 0.000000
vt 0.240709 0.300117 0.000000
vt 0.257429 0.332557 0.000000
vt 0.250410 0.329950 0.000000
# 138 texture coords

o 2?_??___??
g 2?_??___??
f 518/602 519/603 520/604 521/605 
f 519/603 522/606 523/607 520/604 
f 520/604 523/607 524/608 525/609 
f 521/605 520/604 525/609 526/610 
f 527/611 528/612 529/613 530/614 
f 528/612 531/615 532/616 529/613 
f 529/613 532/616 533/617 534/618 
f 530/614 529/613 534/618 535/619 
f 536/620 537/621 538/622 539/623 
f 537/621 540/625 541/626 538/622 
f 538/622 541/626 531/615 528/612 
f 539/623 538/622 528/612 527/611 
f 542/627 543/628 544/630 545/631 
f 543/628 546/632 547/633 544/630 
f 544/630 547/633 548/634 549/635 
f 545/631 544/630 549/635 550/636 
f 551/637 552/638 553/639 554/640 
f 552/638 522/641 555/642 553/639 
f 553/639 555/642 556/643 557/644 
f 554/640 553/639 557/644 558/645 
f 559/646 560/647 561/648 562/649 
f 560/647 563/650 564/651 561/648 
f 561/648 564/651 565/652 566/653 
f 562/649 561/648 566/653 567/654 
f 551/624 568/629 569/656 570/657 
f 568/629 571/658 572/659 569/656 
f 569/656 572/659 546/660 573/661 
f 570/657 569/656 573/661 574/662 
f 536/663 575/664 576/665 577/666 
f 575/664 578/667 579/668 576/665 
f 576/665 579/668 563/669 580/670 
f 577/666 576/665 580/670 526/610 
f 581/655 582/673 583/674 584/675 
f 582/673 550/636 549/635 583/674 
f 583/674 549/635 548/634 585/676 
f 584/675 583/674 585/676 586/677 
f 587/678 588/679 589/680 590/681 
f 588/679 567/654 566/653 589/680 
f 589/680 566/653 565/652 591/682 
f 590/681 589/680 591/682 535/619 
f 592/683 593/684 594/685 595/686 
f 593/684 542/627 545/631 594/685 
f 594/685 545/631 550/636 582/673 
f 595/686 594/685 582/673 581/655 
f 527/611 596/687 597/688 539/623 
f 596/687 598/689 599/690 597/688 
f 597/688 599/690 578/691 575/692 
f 539/623 597/688 575/692 536/620 
f 518/693 600/694 601/695 602/696 
f 600/694 559/646 562/649 601/695 
f 601/695 562/649 567/654 588/679 
f 602/696 601/695 588/679 587/678 
f 558/645 603/697 604/698 554/640 
f 603/697 605/699 606/700 604/698 
f 604/698 606/700 571/701 568/702 
f 554/640 604/698 568/702 551/637 
f 574/662 607/671 608/672 609/719 
f 607/671 592/720 610/721 608/672 
f 608/672 610/721 540/722 611/723 
f 609/719 608/672 611/723 524/608 
f 586/677 612/703 613/704 614/705 
f 612/703 558/645 557/644 613/704 
f 613/704 557/644 556/643 615/706 
f 614/705 613/704 615/706 533/617 
f 546/632 572/707 616/708 547/633 
f 572/707 571/701 606/700 616/708 
f 616/708 606/700 605/699 617/709 
f 547/633 616/708 617/709 548/634 
f 563/650 579/710 618/711 564/651 
f 579/710 578/691 599/690 618/711 
f 618/711 599/690 598/689 619/712 
f 564/651 618/711 619/712 565/652 
f 546/660 543/724 620/729 573/661 
f 543/724 542/730 593/731 620/729 
f 620/729 593/731 592/720 607/671 
f 573/661 620/729 607/671 574/662 
f 563/669 560/732 621/733 580/670 
f 560/732 559/734 600/735 621/733 
f 621/733 600/735 518/602 521/605 
f 580/670 621/733 521/605 526/610 
f 548/634 617/709 622/713 585/676 
f 617/709 605/699 603/697 622/713 
f 622/713 603/697 558/645 612/703 
f 585/676 622/713 612/703 586/677 
f 565/652 619/712 623/714 591/682 
f 619/712 598/689 596/687 623/714 
f 623/714 596/687 527/611 530/614 
f 591/682 623/714 530/614 535/619 
f 522/606 552/736 624/737 523/607 
f 552/736 551/624 570/657 624/737 
f 624/737 570/657 574/662 609/719 
f 523/607 624/737 609/719 524/608 
f 531/615 625/715 626/716 532/616 
f 625/715 581/655 584/675 626/716 
f 626/716 584/675 586/677 614/705 
f 532/616 626/716 614/705 533/617 
f 540/625 610/717 627/718 541/626 
f 610/717 592/683 595/686 627/718 
f 627/718 595/686 581/655 625/715 
f 541/626 627/718 625/715 531/615 
f 522/641 519/725 628/726 555/642 
f 519/725 518/693 602/696 628/726 
f 628/726 602/696 587/678 629/727 
f 555/642 628/726 629/727 556/643 
f 540/722 537/738 630/739 611/723 
f 537/738 536/663 577/666 630/739 
f 630/739 577/666 526/610 525/609 
f 611/723 630/739 525/609 524/608 
f 556/643 629/727 631/728 615/706 
f 629/727 587/678 590/681 631/728 
f 631/728 590/681 535/619 534/618 
f 615/706 631/728 534/618 533/617 
# 112 polygons

#
# object 2?_??___??
#

v  3.386994 10.787173 19.867258
v  3.364926 11.192292 19.779324
v  3.838725 11.205840 19.746979
v  4.308414 11.219617 19.680544
v  4.779520 11.233345 19.624847
v  5.253642 11.256786 19.609510
v  5.726212 11.306290 19.606058
v  6.197110 11.373892 19.614489
v  6.663399 11.460118 19.646896
v  7.061829 11.580175 19.874062
v  7.466787 11.503497 19.639801
v  7.939588 11.500289 19.619814
v  8.411781 11.502259 19.616604
v  8.882884 11.507335 19.627417
v  9.353870 11.504695 19.621510
v  9.820496 11.516435 19.687452
v  10.286115 11.500577 19.618608
v  10.757581 11.488341 19.626873
v  11.227493 11.473593 19.668924
v  11.663499 11.426485 19.486298
v  12.141395 11.439795 19.474697
v  12.618183 11.453070 19.477489
v  13.093006 11.466368 19.477266
v  3.352047 11.486805 19.490093
v  3.816235 11.568451 19.547665
v  4.283045 11.621861 19.582338
v  4.750333 11.637643 19.525412
v  5.221337 11.665898 19.527191
v  5.692360 11.714842 19.521181
v  6.154355 11.792091 19.601332
v  6.617518 11.866302 19.529881
v  7.040581 11.961381 19.711744
v  7.477709 11.912320 19.542006
v  7.948043 11.915884 19.562300
v  8.418185 11.918271 19.561058
v  8.887986 11.923205 19.572874
v  9.357269 11.922553 19.580217
v  9.825302 11.928838 19.617878
v  10.293390 11.919494 19.582682
v  10.762600 11.908131 19.593599
v  11.229971 11.894491 19.633615
v  11.690726 11.858373 19.557852
v  12.158920 11.862674 19.552343
v  12.630152 11.873003 19.547445
v  13.103505 11.882682 19.544352
v  3.308521 11.899497 19.455597
v  3.782587 11.980658 19.463745
v  4.250077 12.033518 19.501040
v  4.718390 12.057861 19.473183
v  5.186882 12.084363 19.480804
v  5.653937 12.134080 19.486559
v  6.114618 12.213749 19.556419
v  6.576329 12.296683 19.492817
v  7.034574 12.342250 19.533146
v  7.495245 12.336136 19.508764
v  7.959961 12.338281 19.518246
v  8.426750 12.341538 19.527678
v  8.895081 12.346458 19.537010
v  9.362389 12.345750 19.546768
v  9.830638 12.347577 19.556343
v  10.298673 12.344692 19.566290
v  10.766732 12.333945 19.576859
v  11.234290 12.320059 19.587820
v  11.702394 12.294018 19.599445
v  12.169804 12.293304 19.600414
v  12.637915 12.299914 19.595139
v  13.110047 12.306650 19.589827
v  3.301806 12.329327 19.408497
v  3.765101 12.412230 19.425293
v  4.228720 12.454680 19.431551
v  4.692308 12.485126 19.438761
v  5.155103 12.508652 19.446503
v  5.618047 12.556385 19.452332
v  6.080892 12.629136 19.456171
v  6.550054 12.732315 19.393940
v  7.022029 12.727821 19.352659
v  7.490686 12.723071 19.326864
v  7.957723 12.718141 19.311460
v  8.424381 12.713001 19.307251
v  8.891099 12.707965 19.297596
v  9.357479 12.702701 19.300150
v  9.825766 12.697411 19.302998
v  10.293324 12.692089 19.307837
v  10.762004 12.686590 19.321371
v  11.230653 12.681031 19.338053
v  11.699231 12.675390 19.359180
v  12.167307 12.670036 19.365396
v  12.638332 12.665047 19.350801
v  13.111163 12.660068 19.334511
v  3.302166 12.732916 19.205397
v  3.764651 12.768031 19.153797
v  4.226328 12.763655 19.112425
v  4.686947 12.759007 19.085922
v  5.148640 12.754080 19.073481
v  5.610682 12.749230 19.056767
v  6.073655 12.744636 19.026110
v  6.540956 12.740523 18.967545
v  7.010112 12.735983 18.930296
v  7.478731 12.731216 18.905416
v  7.946929 12.726275 18.889860
v  8.415488 12.721127 18.885052
v  8.883954 12.716080 18.874920
v  9.352746 12.710816 18.876083
v  9.821633 12.705512 18.879189
v  10.291110 12.700161 18.884445
v  10.761182 12.694692 18.895683
v  11.231262 12.689155 18.910383
v  11.701608 12.683556 18.928194
v  12.171824 12.678163 18.935244
v  12.643239 12.673140 18.922195
v  13.116065 12.668126 18.907759
v  3.314729 12.879683 18.774855
v  3.754802 12.773393 18.715912
v  4.213595 12.772094 18.675947
v  4.674330 12.767456 18.648901
v  5.136493 12.762539 18.635609
v  5.599217 12.757667 18.619717
v  6.062371 12.753107 18.587055
v  6.528944 12.748790 18.539713
v  6.997989 12.744176 18.506493
v  7.467038 12.739383 18.482632
v  7.936300 12.734411 18.468075
v  8.405992 12.729266 18.462465
v  8.875752 12.724206 18.452251
v  9.345781 12.718946 18.452402
v  9.816038 12.713633 18.455320
v  10.286619 12.708271 18.460451
v  10.757565 12.702824 18.469973
v  11.229024 12.697302 18.483130
v  11.700660 12.691738 18.498348
v  12.172526 12.686324 18.505486
v  12.644880 12.681252 18.494463
v  13.118033 12.676209 18.481277
v  3.327262 12.991039 18.334770
v  3.726403 12.764770 18.278976
v  4.189643 12.769201 18.239645
v  4.653905 12.773878 18.212467
v  5.118865 12.771055 18.197979
v  5.583870 12.766134 18.183294
v  6.049262 12.761539 18.151262
v  6.516859 12.757071 18.111233
v  6.985961 12.752384 18.081734
v  7.455555 12.747556 18.059464
v  7.925504 12.742555 18.046034
v  8.395764 12.737414 18.039825
v  8.866511 12.732344 18.029585
v  9.337431 12.727092 18.028849
v  9.809049 12.721767 18.031498
v  10.280676 12.716400 18.036320
v  10.752521 12.710971 18.044367
v  11.224565 12.705470 18.056047
v  11.696921 12.699931 18.069527
v  12.168806 12.694529 18.076113
v  12.641119 12.689422 18.066830
v  13.114413 12.684358 18.054853
v  3.340857 13.053930 17.887587
v  3.698254 12.756123 17.840704
v  4.165217 12.760639 17.803593
v  4.632807 12.765347 17.776167
v  5.100805 12.770288 17.760666
v  5.568528 12.774602 17.746838
v  6.036233 12.769939 17.717003
v  6.504710 12.765359 17.682293
v  6.974346 12.760604 17.656216
v  7.444962 12.755721 17.636179
v  7.915912 12.750690 17.623817
v  8.386998 12.745554 17.616751
v  8.858249 12.740471 17.606892
v  9.329902 12.735225 17.605389
v  9.801542 12.729906 17.607740
v  10.274029 12.724538 17.612154
v  10.746314 12.719129 17.618874
v  11.218814 12.713649 17.629141
v  11.691445 12.708131 17.641373
v  12.163878 12.702739 17.647074
v  12.637380 12.697589 17.639427
v  13.110932 12.692492 17.628952
v  3.355014 13.086902 17.438793
v  3.676249 12.747530 17.401640
v  4.145608 12.752124 17.367136
v  4.615389 12.756860 17.339901
v  5.085093 12.761800 17.323433
v  5.554625 12.766807 17.310598
v  6.024007 12.771540 17.283438
v  6.493752 12.773638 17.253210
v  6.964311 12.768813 17.230206
v  7.435483 12.763884 17.212334
v  7.906816 12.758833 17.200727
v  8.378190 12.753700 17.193409
v  8.849725 12.748605 17.184053
v  9.322094 12.743367 17.181679
v  9.794459 12.738044 17.183847
v  10.267323 12.732676 17.188032
v  10.740038 12.727280 17.193762
v  11.213197 12.721818 17.202694
v  11.686119 12.716321 17.213591
v  12.159328 12.710938 17.218395
v  12.632957 12.705761 17.212114
v  13.106740 12.700636 17.202965
v  3.369395 13.104875 16.990976
v  3.662049 12.739004 16.961428
v  4.132346 12.743662 16.929813
v  4.602635 12.748420 16.903360
v  5.073275 12.753365 16.886631
v  5.543730 12.758395 16.874474
v  6.014019 12.763194 16.850258
v  6.484763 12.767954 16.823652
v  6.956131 12.772842 16.803532
v  7.427811 12.772038 16.787916
v  7.899553 12.766958 16.777576
v  8.371305 12.761834 16.769587
v  8.843122 12.756728 16.760609
v  9.315353 12.751500 16.757853
v  9.787723 12.746177 16.759893
v  10.260840 12.740810 16.763906
v  10.733871 12.735430 16.768652
v  11.207420 12.729986 16.776409
v  11.680836 12.724504 16.786297
v  12.154342 12.719129 16.790455
v  12.628562 12.713927 16.785112
v  13.102839 12.708772 16.777325
v  3.383863 13.115205 16.544470
v  3.652286 12.730528 16.521296
v  4.123360 12.735244 16.492222
v  4.594186 12.740021 16.466536
v  5.065319 12.744970 16.449697
v  5.536596 12.750023 16.438257
v  6.007524 12.754876 16.416544
v  6.478424 12.759709 16.393684
v  6.950195 12.764659 16.376558
v  7.422122 12.769686 16.363327
v  7.894102 12.774786 16.353952
v  8.366119 12.769955 16.345438
v  8.838147 12.764841 16.336750
v  9.310573 12.759624 16.333223
v  9.782866 12.754295 16.335682
v  10.255780 12.748933 16.339573
v  10.728669 12.743569 16.343506
v  11.202190 12.738148 16.350138
v  11.676242 12.732673 16.359259
v  12.150311 12.727305 16.362703
v  12.624601 12.722075 16.358774
v  13.098998 12.716894 16.352291
v  3.398380 13.119871 16.099476
v  3.647742 12.722116 16.081404
v  4.119001 12.726874 16.054508
v  4.589988 12.731666 16.029463
v  5.061161 12.736604 16.012064
v  5.532214 12.741686 16.002237
v  6.003537 12.746589 15.982882
v  6.474778 12.751489 15.963371
v  6.946657 12.756495 15.949162
v  7.418583 12.761558 15.937806
v  7.890528 12.766685 15.929854
v  8.362595 12.771791 15.920794
v  8.834690 12.772950 15.912181
v  9.307018 12.767736 15.908497
v  9.779310 12.762403 15.911222
v  10.252391 12.757043 15.914918
v  10.725405 12.751688 15.918316
v  11.199361 12.746278 15.924124
v  11.673148 12.740821 15.932429
v  12.147061 12.735462 15.935483
v  12.621188 12.730217 15.932504
v  13.095531 12.725014 15.927172
v  3.412930 13.120886 15.655354
v  3.647076 12.713743 15.641381
v  4.118380 12.718532 15.615982
v  4.589400 12.723332 15.591442
v  5.060336 12.728272 15.574184
v  5.531194 12.733380 15.565952
v  6.002276 12.738330 15.549151
v  6.473381 12.743291 15.532996
v  6.945121 12.748341 15.521095
v  7.416868 12.753446 15.512136
v  7.888742 12.758591 15.505146
v  8.360713 12.763689 15.495643
v  8.832638 12.768803 15.487074
v  9.304772 12.774014 15.483374
v  9.777109 12.770504 15.486417
v  10.249950 12.765152 15.489777
v  10.722696 12.759803 15.493034
v  11.196373 12.754411 15.498060
v  11.670241 12.748967 15.505611
v  12.144423 12.743595 15.509174
v  12.618581 12.738346 15.506382
v  13.092797 12.733124 15.502099
v  3.425267 13.117381 15.212292
v  3.650376 12.705426 15.201920
v  4.121514 12.710228 15.177304
v  4.592059 12.715033 15.153237
v  5.062323 12.719967 15.136154
v  5.533071 12.725099 15.129145
v  6.003662 12.730091 15.114922
v  6.474621 12.735117 15.102222
v  6.945742 12.740206 15.092811
v  7.416939 12.745345 15.085920
v  7.888473 12.750504 15.079922
v  8.360038 12.755593 15.070173
v  8.831575 12.760703 15.061563
v  9.303693 12.765911 15.057758
v  9.775881 12.771249 15.060749
v  10.248401 12.773255 15.064370
v  10.721569 12.767901 15.067692
v  11.194831 12.762524 15.072123
v  11.668743 12.757093 15.078984
v  12.142790 12.751715 15.083059
v  12.616809 12.746464 15.080357
v  13.091003 12.741213 15.077628
v  3.415823 13.101248 14.770215
v  3.655551 12.697136 14.762728
v  4.126920 12.701936 14.737894
v  4.597254 12.706755 14.714711
v  5.066883 12.711682 14.697623
v  5.536919 12.716837 14.692276
v  6.006837 12.721871 14.680681
v  6.476936 12.726953 14.671374
v  6.947774 12.732085 14.664373
v  7.418695 12.737255 14.659298
v  7.889690 12.742433 14.654525
v  8.360863 12.747509 14.644438
v  8.832026 12.752612 14.635680
v  9.303531 12.757813 14.631815
v  9.775114 12.763144 14.634888
v  10.247569 12.768499 14.638627
v  10.720357 12.773856 14.642244
v  11.193204 12.770640 14.646089
v  11.666711 12.765224 14.652426
v  12.140759 12.759835 14.657058
v  12.614771 12.754579 14.654726
v  13.088949 12.749301 14.653370
v  3.405997 13.081282 14.329009
v  3.663812 12.688881 14.323608
v  4.135171 12.693656 14.297479
v  4.604691 12.698479 14.274981
v  5.073098 12.703411 14.258840
v  5.542071 12.708602 14.256001
v  6.010886 12.713659 14.246310
v  6.480515 12.718799 14.240360
v  6.950699 12.723965 14.235460
v  7.421017 12.729170 14.232577
v  7.891334 12.734357 14.228710
v  8.362011 12.739427 14.218597
v  8.832553 12.744520 14.209667
v  9.303923 12.749714 14.205572
v  9.775327 12.755048 14.208767
v  10.247562 12.760407 14.212936
v  10.719987 12.765761 14.216597
v  11.192772 12.771112 14.220017
v  11.666093 12.773337 14.226022
v  12.139821 12.767940 14.231256
v  12.613756 12.762673 14.229437
v  13.087901 12.757371 14.229432
v  3.395772 13.057291 13.888855
v  3.675640 12.680668 13.884628
v  4.146294 12.685379 13.855580
v  4.614264 12.690203 13.833975
v  5.081256 12.695147 13.819293
v  5.548965 12.700389 13.819938
v  6.016825 12.705458 13.811316
v  6.485481 12.710661 13.809258
v  6.954730 12.715852 13.806291
v  7.424233 12.721082 13.805224
v  7.893919 12.726284 13.802523
v  8.364302 12.731359 13.792761
v  8.834825 12.736443 13.783349
v  9.305449 12.741622 13.779023
v  9.776653 12.746958 13.782429
v  10.248201 12.752316 13.786976
v  10.720050 12.757664 13.790594
v  11.192307 12.763010 13.794062
v  11.665692 12.768408 13.799445
v  12.139431 12.773830 13.806024
v  12.613357 12.770758 13.804436
v  13.087577 12.765426 13.805883
v  3.384258 13.017607 13.450467
v  3.692428 12.672528 13.446554
v  4.160344 12.677094 13.411441
v  4.624985 12.681911 13.391451
v  5.089412 12.686874 13.379354
v  5.555091 12.692169 13.381144
v  6.021263 12.697232 13.375996
v  6.488907 12.702493 13.377587
v  6.957407 12.707721 13.376999
v  7.426417 12.712974 13.377363
v  7.895697 12.718199 13.376170
v  8.365418 12.723268 13.366509
v  8.835574 12.728345 13.357013
v  9.305833 12.733511 13.352063
v  9.776497 12.738851 13.356097
v  10.247385 12.744206 13.360770
v  10.719024 12.749545 13.364141
v  11.191502 12.754901 13.367894
v  11.664598 12.760281 13.372586
v  12.137810 12.765713 13.379995
v  12.611063 12.770998 13.379570
v  13.085196 12.773503 13.382364
v  3.369720 12.946333 13.012596
v  3.713614 12.664460 13.009702
v  4.175095 12.668745 12.963479
v  4.634195 12.673581 12.947883
v  5.094815 12.678560 12.938827
v  5.558150 12.683879 12.941396
v  6.022218 12.688957 12.940145
v  6.488410 12.694280 12.945825
v  6.957124 12.699555 12.947579
v  7.426604 12.704843 12.949512
v  7.896169 12.710097 12.949678
v  8.365586 12.715152 12.939443
v  8.834703 12.720226 12.930416
v  9.304357 12.725369 12.924723
v  9.774333 12.730722 12.929749
v  10.246329 12.736087 12.934284
v  10.718156 12.741429 12.937696
v  11.189140 12.746773 12.941714
v  11.663294 12.752156 12.945930
v  12.136436 12.757599 12.953925
v  12.609588 12.762909 12.954928
v  13.081873 12.768266 12.958794
v  3.284600 12.653088 12.690925
v  3.725630 12.656361 12.576096
v  4.185964 12.557810 12.522365
v  4.638816 12.514793 12.528356
v  5.096889 12.489794 12.535883
v  5.556872 12.476224 12.544203
v  6.018482 12.475437 12.553879
v  6.485922 12.482109 12.564113
v  6.954747 12.479509 12.573639
v  7.427310 12.477843 12.583130
v  7.900081 12.469157 12.592444
v  8.371300 12.447319 12.600495
v  8.841172 12.428783 12.608781
v  9.310504 12.416395 12.617543
v  9.781734 12.416814 12.627358
v  10.253503 12.417385 12.637198
v  10.725778 12.417676 12.647027
v  11.199351 12.417933 12.656879
v  11.671564 12.415911 12.666603
v  12.144888 12.422468 12.676868
v  12.618911 12.423147 12.686685
v  13.093865 12.426640 12.696901
v  3.273750 12.249750 12.550556
v  3.733464 12.221679 12.539386
v  4.162771 12.166984 12.350851
v  4.604817 12.095127 12.512047
v  5.075452 12.069062 12.505569
v  5.544228 12.053940 12.534892
v  6.014307 12.053914 12.528856
v  6.484463 12.062418 12.530805
v  6.948802 12.080550 12.450933
v  7.421309 12.073304 12.489288
v  7.888392 12.052478 12.559156
v  8.360939 12.027977 12.567032
v  8.832744 12.007841 12.569752
v  9.304789 11.995589 12.575547
v  9.777659 11.995469 12.578650
v  10.250851 11.996119 12.586621
v  10.724164 11.996640 12.597502
v  11.197621 11.997087 12.608671
v  11.670668 11.995127 12.633140
v  12.144972 12.001142 12.643463
v  12.619497 12.002440 12.653322
v  13.094057 12.006716 12.663607
v  3.246078 11.834753 12.591444
v  3.716814 11.801373 12.575259
v  4.125978 11.746508 12.340216
v  4.583910 11.681391 12.458566
v  5.057319 11.652790 12.502212
v  5.532972 11.637069 12.526855
v  6.009798 11.636822 12.530476
v  6.485719 11.645713 12.518323
v  6.947697 11.668794 12.405208
v  7.398051 11.669203 12.554142
v  7.871243 11.640302 12.551297
v  8.345910 11.612656 12.539211
v  8.819997 11.595148 12.504394
v  9.294758 11.583543 12.502921
v  9.770231 11.583296 12.501252
v  10.245482 11.584469 12.506638
v  10.720350 11.585320 12.517613
v  11.194937 11.585695 12.530795
v  11.668625 11.583827 12.559821
v  12.143426 11.586067 12.597678
v  12.618682 11.586971 12.620413
v  13.094034 11.591702 12.630693
v  3.214552 11.422978 12.596869
v  3.862126 10.808700 19.862196
v  4.336140 10.846129 19.857487
v  4.810060 10.885858 19.852827
v  5.285679 10.919319 19.848017
v  5.759744 10.966965 19.841396
v  6.232500 11.019761 19.828606
v  6.700576 11.078504 19.815542
v  7.086549 11.208150 20.053146
v  7.472265 11.118793 19.797527
v  7.942665 11.121442 19.787912
v  8.412240 11.120605 19.778530
v  8.881075 11.117706 19.769291
v  9.348592 11.112928 19.760195
v  9.815450 11.106888 19.751192
v  10.281088 11.102954 19.742083
v  10.745978 11.086025 19.733809
v  11.214477 11.062757 19.725817
v  11.685440 11.081640 19.715197
v  12.157024 11.095024 19.704889
v  12.630828 11.100689 19.695015
v  13.105843 11.108225 19.685003
v  13.580399 11.121127 19.674664
v  13.566833 11.469474 19.452528
v  13.577839 11.882051 19.536280
v  13.584042 12.305648 19.583622
v  13.585443 12.654986 19.322836
v  13.590054 12.663011 18.897924
v  13.591936 12.671069 18.472946
v  13.588768 12.679181 18.048113
v  13.585355 12.687294 17.623253
v  13.581163 12.695416 17.198484
v  13.577272 12.703533 16.773748
v  13.573472 12.711646 16.349178
v  13.569945 12.719753 15.924822
v  13.567286 12.727837 15.501064
v  13.565364 12.735908 15.077707
v  13.563334 12.743968 14.654809
v  13.562456 12.752007 14.232416
v  13.561995 12.760037 13.810249
v  13.559720 12.768089 13.388043
v  13.556813 12.773710 12.965853
v  13.568031 12.431021 12.707093
v  13.568617 12.011118 12.673811
v  13.569069 11.596358 12.640932
v  3.687817 11.389179 12.609145
v  4.091808 11.333525 12.364761
v  4.567513 11.279378 12.361043
v  5.047635 11.264477 12.366350
v  5.527774 11.263170 12.353470
v  6.007645 11.262478 12.359122
v  6.485506 11.261911 12.368531
v  6.961054 11.261792 12.391295
v  7.382732 11.266973 12.609872
v  7.837706 11.260772 12.409070
v  8.317340 11.257402 12.333762
v  8.798674 11.242091 12.288405
v  9.281947 11.224932 12.295909
v  9.763992 11.219802 12.301906
v  10.244081 11.221177 12.307074
v  10.722836 11.225844 12.311821
v  11.201331 11.231545 12.316435
v  11.679449 11.245791 12.319985
v  12.155655 11.251143 12.357424
v  12.629147 11.251100 12.382336
v  13.103593 11.250822 12.400315
v  13.578171 11.250553 12.418469
# 552 vertices

vt 0.555289 0.231972 0.000000
vt 0.566378 0.232072 0.000000
vt 0.566247 0.241651 0.000000
vt 0.555265 0.241638 0.000000
vt 0.544162 0.231840 0.000000
vt 0.544293 0.241462 0.000000
vt 0.533144 0.232009 0.000000
vt 0.533355 0.241570 0.000000
vt 0.522295 0.232406 0.000000
vt 0.522400 0.241882 0.000000
vt 0.511456 0.232347 0.000000
vt 0.511462 0.241822 0.000000
vt 0.500621 0.232010 0.000000
vt 0.500551 0.241498 0.000000
vt 0.489821 0.231421 0.000000
vt 0.489753 0.240976 0.000000
vt 0.478899 0.231592 0.000000
vt 0.478989 0.241178 0.000000
vt 0.467949 0.231782 0.000000
vt 0.468214 0.241233 0.000000
vt 0.457175 0.231934 0.000000
vt 0.457415 0.241451 0.000000
vt 0.446341 0.232218 0.000000
vt 0.446655 0.241729 0.000000
vt 0.435513 0.232578 0.000000
vt 0.435918 0.242085 0.000000
vt 0.424729 0.233065 0.000000
vt 0.425236 0.242550 0.000000
vt 0.413949 0.233555 0.000000
vt 0.414551 0.243031 0.000000
vt 0.403222 0.234170 0.000000
vt 0.403923 0.243639 0.000000
vt 0.392512 0.235113 0.000000
vt 0.393328 0.244584 0.000000
vt 0.381648 0.236213 0.000000
vt 0.382672 0.245788 0.000000
vt 0.371090 0.237157 0.000000
vt 0.371872 0.246259 0.000000
vt 0.360779 0.237538 0.000000
vt 0.361125 0.246846 0.000000
vt 0.350075 0.237893 0.000000
vt 0.350354 0.247296 0.000000
vt 0.339211 0.238204 0.000000
vt 0.339533 0.247692 0.000000
vt 0.328345 0.238657 0.000000
vt 0.328713 0.248067 0.000000
vt 0.555090 0.222204 0.000000
vt 0.566174 0.222541 0.000000
vt 0.543969 0.222115 0.000000
vt 0.533005 0.222410 0.000000
vt 0.522119 0.222792 0.000000
vt 0.511236 0.222782 0.000000
vt 0.500388 0.222431 0.000000
vt 0.489652 0.221791 0.000000
vt 0.478762 0.221850 0.000000
vt 0.467713 0.222074 0.000000
vt 0.456749 0.222262 0.000000
vt 0.445850 0.222559 0.000000
vt 0.434991 0.222918 0.000000
vt 0.424170 0.223449 0.000000
vt 0.413363 0.223954 0.000000
vt 0.402585 0.224602 0.000000
vt 0.391845 0.225459 0.000000
vt 0.381074 0.226425 0.000000
vt 0.370479 0.227625 0.000000
vt 0.359947 0.227971 0.000000
vt 0.349309 0.228263 0.000000
vt 0.338540 0.228557 0.000000
vt 0.327705 0.229045 0.000000
vt 0.554916 0.212300 0.000000
vt 0.566013 0.212992 0.000000
vt 0.543865 0.212227 0.000000
vt 0.532880 0.212539 0.000000
vt 0.521936 0.212992 0.000000
vt 0.511015 0.213050 0.000000
vt 0.500154 0.212669 0.000000
vt 0.489177 0.211813 0.000000
vt 0.478208 0.211858 0.000000
vt 0.467171 0.212061 0.000000
vt 0.456182 0.212364 0.000000
vt 0.445268 0.212719 0.000000
vt 0.434385 0.213101 0.000000
vt 0.423559 0.213661 0.000000
vt 0.412736 0.214201 0.000000
vt 0.401951 0.214843 0.000000
vt 0.391213 0.215688 0.000000
vt 0.380509 0.216610 0.000000
vt 0.369869 0.217741 0.000000
vt 0.359284 0.218225 0.000000
vt 0.348698 0.218533 0.000000
vt 0.337972 0.218848 0.000000
vt 0.327167 0.219315 0.000000
vt 0.554342 0.202234 0.000000
vt 0.565184 0.203094 0.000000
vt 0.543469 0.202198 0.000000
vt 0.532555 0.202479 0.000000
vt 0.521638 0.202967 0.000000
vt 0.510652 0.203128 0.000000
vt 0.499781 0.202918 0.000000
vt 0.488987 0.201504 0.000000
vt 0.478051 0.201727 0.000000
vt 0.466958 0.201924 0.000000
vt 0.455931 0.202206 0.000000
vt 0.444993 0.202651 0.000000
vt 0.434101 0.203012 0.000000
vt 0.423259 0.203601 0.000000
vt 0.412417 0.204211 0.000000
vt 0.401617 0.204859 0.000000
vt 0.390831 0.205679 0.000000
vt 0.380096 0.206559 0.000000
vt 0.369450 0.207515 0.000000
vt 0.358890 0.208220 0.000000
vt 0.348236 0.208570 0.000000
vt 0.337477 0.208923 0.000000
vt 0.326657 0.209371 0.000000
vt 0.553792 0.191829 0.000000
vt 0.564572 0.192725 0.000000
vt 0.542932 0.191762 0.000000
vt 0.532055 0.191973 0.000000
vt 0.521171 0.192438 0.000000
vt 0.510279 0.192746 0.000000
vt 0.499393 0.192629 0.000000
vt 0.488494 0.191876 0.000000
vt 0.477590 0.191819 0.000000
vt 0.466602 0.191986 0.000000
vt 0.455618 0.192293 0.000000
vt 0.444672 0.192796 0.000000
vt 0.433750 0.193159 0.000000
vt 0.422866 0.193763 0.000000
vt 0.412014 0.194403 0.000000
vt 0.401179 0.195086 0.000000
vt 0.390372 0.195895 0.000000
vt 0.379609 0.196778 0.000000
vt 0.368900 0.197737 0.000000
vt 0.358223 0.198492 0.000000
vt 0.347505 0.198854 0.000000
vt 0.336733 0.199216 0.000000
vt 0.325921 0.199690 0.000000
vt 0.553271 0.181566 0.000000
vt 0.563872 0.182290 0.000000
vt 0.542440 0.181507 0.000000
vt 0.531603 0.181690 0.000000
vt 0.520761 0.182146 0.000000
vt 0.509912 0.182485 0.000000
vt 0.499057 0.182393 0.000000
vt 0.488141 0.181972 0.000000
vt 0.477203 0.181929 0.000000
vt 0.466243 0.182087 0.000000
vt 0.455280 0.182425 0.000000
vt 0.444335 0.182939 0.000000
vt 0.433399 0.183324 0.000000
vt 0.422498 0.183934 0.000000
vt 0.411622 0.184598 0.000000
vt 0.400769 0.185306 0.000000
vt 0.389943 0.186109 0.000000
vt 0.379145 0.186996 0.000000
vt 0.368383 0.187939 0.000000
vt 0.357635 0.188722 0.000000
vt 0.346865 0.189126 0.000000
vt 0.336070 0.189504 0.000000
vt 0.325258 0.190004 0.000000
vt 0.553061 0.171295 0.000000
vt 0.563725 0.171894 0.000000
vt 0.542197 0.171271 0.000000
vt 0.531331 0.171456 0.000000
vt 0.520468 0.171889 0.000000
vt 0.509606 0.172279 0.000000
vt 0.498719 0.172236 0.000000
vt 0.487785 0.172005 0.000000
vt 0.476842 0.172028 0.000000
vt 0.465888 0.172211 0.000000
vt 0.454935 0.172579 0.000000
vt 0.443994 0.173095 0.000000
vt 0.433053 0.173501 0.000000
vt 0.422141 0.174114 0.000000
vt 0.411240 0.174797 0.000000
vt 0.400367 0.175524 0.000000
vt 0.389520 0.176322 0.000000
vt 0.378702 0.177205 0.000000
vt 0.367908 0.178137 0.000000
vt 0.357138 0.178926 0.000000
vt 0.346350 0.179374 0.000000
vt 0.335541 0.179778 0.000000
vt 0.324715 0.180312 0.000000
vt 0.552844 0.161087 0.000000
vt 0.563592 0.161554 0.000000
vt 0.541974 0.161094 0.000000
vt 0.531079 0.161268 0.000000
vt 0.520181 0.161679 0.000000
vt 0.509287 0.162097 0.000000
vt 0.498366 0.162119 0.000000
vt 0.487427 0.162020 0.000000
vt 0.476478 0.162119 0.000000
vt 0.465514 0.162351 0.000000
vt 0.454554 0.162750 0.000000
vt 0.443608 0.163258 0.000000
vt 0.432666 0.163689 0.000000
vt 0.421745 0.164304 0.000000
vt 0.410849 0.165002 0.000000
vt 0.399959 0.165743 0.000000
vt 0.389100 0.166534 0.000000
vt 0.378266 0.167409 0.000000
vt 0.367454 0.168334 0.000000
vt 0.356658 0.169120 0.000000
vt 0.345832 0.169615 0.000000
vt 0.335009 0.170057 0.000000
vt 0.324177 0.170615 0.000000
vt 0.552533 0.150939 0.000000
vt 0.563292 0.151250 0.000000
vt 0.541663 0.150965 0.000000
vt 0.530757 0.151122 0.000000
vt 0.519845 0.151501 0.000000
vt 0.508931 0.151941 0.000000
vt 0.497990 0.152030 0.000000
vt 0.487038 0.152036 0.000000
vt 0.476078 0.152206 0.000000
vt 0.465112 0.152490 0.000000
vt 0.454154 0.152912 0.000000
vt 0.443209 0.153424 0.000000
vt 0.432272 0.153881 0.000000
vt 0.421338 0.154494 0.000000
vt 0.410430 0.155206 0.000000
vt 0.399533 0.155962 0.000000
vt 0.388663 0.156752 0.000000
vt 0.377808 0.157618 0.000000
vt 0.366982 0.158531 0.000000
vt 0.356158 0.159312 0.000000
vt 0.345322 0.159848 0.000000
vt 0.334490 0.160326 0.000000
vt 0.323655 0.160917 0.000000
vt 0.552101 0.140810 0.000000
vt 0.562873 0.140984 0.000000
vt 0.541239 0.140858 0.000000
vt 0.530346 0.141005 0.000000
vt 0.519432 0.141359 0.000000
vt 0.508512 0.141804 0.000000
vt 0.497566 0.141959 0.000000
vt 0.486602 0.142051 0.000000
vt 0.475632 0.142289 0.000000
vt 0.464664 0.142626 0.000000
vt 0.453705 0.143083 0.000000
vt 0.442758 0.143589 0.000000
vt 0.431818 0.144067 0.000000
vt 0.420892 0.144686 0.000000
vt 0.409987 0.145412 0.000000
vt 0.399085 0.146182 0.000000
vt 0.388206 0.146968 0.000000
vt 0.377339 0.147825 0.000000
vt 0.366496 0.148733 0.000000
vt 0.355659 0.149513 0.000000
vt 0.344805 0.150082 0.000000
vt 0.333958 0.150600 0.000000
vt 0.323122 0.151218 0.000000
vt 0.551612 0.130705 0.000000
vt 0.562386 0.130754 0.000000
vt 0.540751 0.130769 0.000000
vt 0.529860 0.130902 0.000000
vt 0.518945 0.131232 0.000000
vt 0.508015 0.131681 0.000000
vt 0.497065 0.131886 0.000000
vt 0.486107 0.132062 0.000000
vt 0.475134 0.132370 0.000000
vt 0.464165 0.132768 0.000000
vt 0.453206 0.133251 0.000000
vt 0.442256 0.133753 0.000000
vt 0.431315 0.134249 0.000000
vt 0.420386 0.134865 0.000000
vt 0.409485 0.135616 0.000000
vt 0.398589 0.136400 0.000000
vt 0.387711 0.137184 0.000000
vt 0.376841 0.138031 0.000000
vt 0.365980 0.138938 0.000000
vt 0.355126 0.139716 0.000000
vt 0.344269 0.140329 0.000000
vt 0.333419 0.140886 0.000000
vt 0.322582 0.141521 0.000000
vt 0.551052 0.120618 0.000000
vt 0.561833 0.120558 0.000000
vt 0.540192 0.120690 0.000000
vt 0.529301 0.120806 0.000000
vt 0.518387 0.121100 0.000000
vt 0.507466 0.121570 0.000000
vt 0.496511 0.121821 0.000000
vt 0.485550 0.122071 0.000000
vt 0.474580 0.122446 0.000000
vt 0.463614 0.122889 0.000000
vt 0.452657 0.123413 0.000000
vt 0.441704 0.123912 0.000000
vt 0.430763 0.124420 0.000000
vt 0.419839 0.125044 0.000000
vt 0.408938 0.125817 0.000000
vt 0.398039 0.126612 0.000000
vt 0.387157 0.127400 0.000000
vt 0.376276 0.128245 0.000000
vt 0.365418 0.129147 0.000000
vt 0.354565 0.129930 0.000000
vt 0.343713 0.130576 0.000000
vt 0.332864 0.131169 0.000000
vt 0.322029 0.131830 0.000000
vt 0.550444 0.110530 0.000000
vt 0.561232 0.110381 0.000000
vt 0.539580 0.110595 0.000000
vt 0.528683 0.110690 0.000000
vt 0.517769 0.110964 0.000000
vt 0.506850 0.111456 0.000000
vt 0.495900 0.111757 0.000000
vt 0.484944 0.112080 0.000000
vt 0.473976 0.112508 0.000000
vt 0.463015 0.113010 0.000000
vt 0.452059 0.113562 0.000000
vt 0.441106 0.114059 0.000000
vt 0.430167 0.114582 0.000000
vt 0.419246 0.115218 0.000000
vt 0.408346 0.116012 0.000000
vt 0.397452 0.116815 0.000000
vt 0.386577 0.117615 0.000000
vt 0.375700 0.118457 0.000000
vt 0.364839 0.119356 0.000000
vt 0.353980 0.120164 0.000000
vt 0.343128 0.120826 0.000000
vt 0.332283 0.121454 0.000000
vt 0.321449 0.122155 0.000000
vt 0.549792 0.100446 0.000000
vt 0.560585 0.100226 0.000000
vt 0.538914 0.100489 0.000000
vt 0.528014 0.100564 0.000000
vt 0.517103 0.100820 0.000000
vt 0.506177 0.101326 0.000000
vt 0.495233 0.101679 0.000000
vt 0.484277 0.102078 0.000000
vt 0.473322 0.102564 0.000000
vt 0.462370 0.103116 0.000000
vt 0.451419 0.103698 0.000000
vt 0.440391 0.104199 0.000000
vt 0.429538 0.104732 0.000000
vt 0.418614 0.105381 0.000000
vt 0.407716 0.106190 0.000000
vt 0.396830 0.107012 0.000000
vt 0.385945 0.107831 0.000000
vt 0.375078 0.108673 0.000000
vt 0.364215 0.109571 0.000000
vt 0.353362 0.110404 0.000000
vt 0.342513 0.111081 0.000000
vt 0.331672 0.111755 0.000000
vt 0.320844 0.112492 0.000000
vt 0.549131 0.090350 0.000000
vt 0.559947 0.090084 0.000000
vt 0.538227 0.090347 0.000000
vt 0.527308 0.090414 0.000000
vt 0.516390 0.090652 0.000000
vt 0.505466 0.091186 0.000000
vt 0.494528 0.091594 0.000000
vt 0.483586 0.092069 0.000000
vt 0.472631 0.092612 0.000000
vt 0.461681 0.093210 0.000000
vt 0.450736 0.093827 0.000000
vt 0.439789 0.094331 0.000000
vt 0.428860 0.094873 0.000000
vt 0.417947 0.095536 0.000000
vt 0.407062 0.096362 0.000000
vt 0.396176 0.097205 0.000000
vt 0.385301 0.098045 0.000000
vt 0.374444 0.098888 0.000000
vt 0.363591 0.099788 0.000000
vt 0.352740 0.100648 0.000000
vt 0.341894 0.101345 0.000000
vt 0.331058 0.102062 0.000000
vt 0.320234 0.102840 0.000000
vt 0.548444 0.080230 0.000000
vt 0.559277 0.079952 0.000000
vt 0.537502 0.080152 0.000000
vt 0.526567 0.080211 0.000000
vt 0.515648 0.080459 0.000000
vt 0.504730 0.081046 0.000000
vt 0.493804 0.081495 0.000000
vt 0.482865 0.082048 0.000000
vt 0.471916 0.082640 0.000000
vt 0.460971 0.083294 0.000000
vt 0.450032 0.083940 0.000000
vt 0.439088 0.084454 0.000000
vt 0.428165 0.085008 0.000000
vt 0.417251 0.085682 0.000000
vt 0.406368 0.086528 0.000000
vt 0.395488 0.087399 0.000000
vt 0.384623 0.088256 0.000000
vt 0.373768 0.089107 0.000000
vt 0.362922 0.090013 0.000000
vt 0.352082 0.090900 0.000000
vt 0.341241 0.091622 0.000000
vt 0.330411 0.092381 0.000000
vt 0.319590 0.093204 0.000000
vt 0.547728 0.070062 0.000000
vt 0.558604 0.069827 0.000000
vt 0.536737 0.069874 0.000000
vt 0.525782 0.069944 0.000000
vt 0.514862 0.070226 0.000000
vt 0.503953 0.070896 0.000000
vt 0.493034 0.071371 0.000000
vt 0.482110 0.072014 0.000000
vt 0.471171 0.072652 0.000000
vt 0.460233 0.073353 0.000000
vt 0.449296 0.074034 0.000000
vt 0.438346 0.074572 0.000000
vt 0.427414 0.075133 0.000000
vt 0.416512 0.075821 0.000000
vt 0.405633 0.076692 0.000000
vt 0.394770 0.077588 0.000000
vt 0.383920 0.078462 0.000000
vt 0.373079 0.079329 0.000000
vt 0.362234 0.080238 0.000000
vt 0.351401 0.081169 0.000000
vt 0.340563 0.081909 0.000000
vt 0.329740 0.082713 0.000000
vt 0.318928 0.083578 0.000000
vt 0.546962 0.059800 0.000000
vt 0.557786 0.059713 0.000000
vt 0.535911 0.059469 0.000000
vt 0.524959 0.059602 0.000000
vt 0.514064 0.059958 0.000000
vt 0.503184 0.060665 0.000000
vt 0.492295 0.061225 0.000000
vt 0.481387 0.061952 0.000000
vt 0.470455 0.062645 0.000000
vt 0.459512 0.063382 0.000000
vt 0.448566 0.064108 0.000000
vt 0.437614 0.064665 0.000000
vt 0.426677 0.065248 0.000000
vt 0.415778 0.065948 0.000000
vt 0.404913 0.066853 0.000000
vt 0.394068 0.067771 0.000000
vt 0.383224 0.068657 0.000000
vt 0.372384 0.069549 0.000000
vt 0.361548 0.070457 0.000000
vt 0.350732 0.071421 0.000000
vt 0.339917 0.072203 0.000000
vt 0.329105 0.073048 0.000000
vt 0.318300 0.073951 0.000000
vt 0.546244 0.049250 0.000000
vt 0.556759 0.049531 0.000000
vt 0.535002 0.048950 0.000000
vt 0.524135 0.049203 0.000000
vt 0.513310 0.049653 0.000000
vt 0.502472 0.050396 0.000000
vt 0.491632 0.051056 0.000000
vt 0.480758 0.051869 0.000000
vt 0.469808 0.052612 0.000000
vt 0.458833 0.053383 0.000000
vt 0.447852 0.054153 0.000000
vt 0.436880 0.054721 0.000000
vt 0.425952 0.055347 0.000000
vt 0.415063 0.056065 0.000000
vt 0.404220 0.057011 0.000000
vt 0.393351 0.057949 0.000000
vt 0.382509 0.058857 0.000000
vt 0.371708 0.059770 0.000000
vt 0.360856 0.060688 0.000000
vt 0.350041 0.061671 0.000000
vt 0.339240 0.062511 0.000000
vt 0.328486 0.063391 0.000000
vt 0.317679 0.064328 0.000000
vt 0.544535 0.039400 0.000000
vt 0.554570 0.039802 0.000000
vt 0.534069 0.038290 0.000000
vt 0.523432 0.038632 0.000000
vt 0.512634 0.039233 0.000000
vt 0.501876 0.039921 0.000000
vt 0.491117 0.040756 0.000000
vt 0.480218 0.041657 0.000000
vt 0.469261 0.042453 0.000000
vt 0.458189 0.043286 0.000000
vt 0.447112 0.044079 0.000000
vt 0.436080 0.044647 0.000000
vt 0.425108 0.045267 0.000000
vt 0.414202 0.045994 0.000000
vt 0.403320 0.046970 0.000000
vt 0.392464 0.047932 0.000000
vt 0.381620 0.048875 0.000000
vt 0.370764 0.049810 0.000000
vt 0.359951 0.050695 0.000000
vt 0.349151 0.051750 0.000000
vt 0.338348 0.052655 0.000000
vt 0.327540 0.053604 0.000000
vt 0.316754 0.054563 0.000000
vt 0.543653 0.029796 0.000000
vt 0.554226 0.029973 0.000000
vt 0.533314 0.028921 0.000000
vt 0.522864 0.028838 0.000000
vt 0.512120 0.029425 0.000000
vt 0.501314 0.030120 0.000000
vt 0.490504 0.030979 0.000000
vt 0.479659 0.031868 0.000000
vt 0.468717 0.032681 0.000000
vt 0.457615 0.033545 0.000000
vt 0.446466 0.034242 0.000000
vt 0.435372 0.034846 0.000000
vt 0.424383 0.035449 0.000000
vt 0.413444 0.036213 0.000000
vt 0.402561 0.037198 0.000000
vt 0.391693 0.038183 0.000000
vt 0.380838 0.039151 0.000000
vt 0.369990 0.040102 0.000000
vt 0.359156 0.041046 0.000000
vt 0.348355 0.042122 0.000000
vt 0.337565 0.043055 0.000000
vt 0.326785 0.044020 0.000000
vt 0.315995 0.044978 0.000000
vt 0.543730 0.020146 0.000000
vt 0.554499 0.020420 0.000000
vt 0.533070 0.019746 0.000000
vt 0.522420 0.019410 0.000000
vt 0.511582 0.019889 0.000000
vt 0.500750 0.020574 0.000000
vt 0.489933 0.021426 0.000000
vt 0.479198 0.022362 0.000000
vt 0.468296 0.023036 0.000000
vt 0.457035 0.023771 0.000000
vt 0.445750 0.024571 0.000000
vt 0.434709 0.025202 0.000000
vt 0.423724 0.025755 0.000000
vt 0.412776 0.026571 0.000000
vt 0.401875 0.027556 0.000000
vt 0.390991 0.028559 0.000000
vt 0.380124 0.029549 0.000000
vt 0.369252 0.030501 0.000000
vt 0.358405 0.031498 0.000000
vt 0.347596 0.032632 0.000000
vt 0.336830 0.033605 0.000000
vt 0.326049 0.034555 0.000000
vt 0.315251 0.035512 0.000000
vt 0.543903 0.010657 0.000000
vt 0.554794 0.010944 0.000000
vt 0.532961 0.010424 0.000000
vt 0.522083 0.010000 0.000000
vt 0.511134 0.010525 0.000000
vt 0.500183 0.011197 0.000000
vt 0.489251 0.012071 0.000000
vt 0.478386 0.013040 0.000000
vt 0.467545 0.013677 0.000000
vt 0.456670 0.014156 0.000000
vt 0.445302 0.015174 0.000000
vt 0.434230 0.015790 0.000000
vt 0.423184 0.016214 0.000000
vt 0.412156 0.017086 0.000000
vt 0.401174 0.018071 0.000000
vt 0.390248 0.019089 0.000000
vt 0.379354 0.020091 0.000000
vt 0.368460 0.021046 0.000000
vt 0.357595 0.022063 0.000000
vt 0.346774 0.023281 0.000000
vt 0.335997 0.024260 0.000000
vt 0.325200 0.025206 0.000000
vt 0.314404 0.026163 0.000000
# 552 texture coords

o 2?_??___??
g 2?_??___??
f 634/740 633/741 632/742 1118/743 
f 635/744 634/740 1118/743 1119/745 
f 636/746 635/744 1119/745 1120/747 
f 637/748 636/746 1120/747 1121/749 
f 638/750 637/748 1121/749 1122/751 
f 639/752 638/750 1122/751 1123/753 
f 640/754 639/752 1123/753 1124/755 
f 641/756 640/754 1124/755 1125/757 
f 642/758 641/756 1125/757 1126/759 
f 643/760 642/758 1126/759 1127/761 
f 644/762 643/760 1127/761 1128/763 
f 645/764 644/762 1128/763 1129/765 
f 646/766 645/764 1129/765 1130/767 
f 647/768 646/766 1130/767 1131/769 
f 648/770 647/768 1131/769 1132/771 
f 649/772 648/770 1132/771 1133/773 
f 650/774 649/772 1133/773 1134/775 
f 651/776 650/774 1134/775 1135/777 
f 652/778 651/776 1135/777 1136/779 
f 653/780 652/778 1136/779 1137/781 
f 654/782 653/780 1137/781 1138/783 
f 1140/784 654/782 1138/783 1139/785 
f 656/786 655/787 633/741 634/740 
f 657/788 656/786 634/740 635/744 
f 658/789 657/788 635/744 636/746 
f 659/790 658/789 636/746 637/748 
f 660/791 659/790 637/748 638/750 
f 661/792 660/791 638/750 639/752 
f 662/793 661/792 639/752 640/754 
f 663/794 662/793 640/754 641/756 
f 664/795 663/794 641/756 642/758 
f 665/796 664/795 642/758 643/760 
f 666/797 665/796 643/760 644/762 
f 667/798 666/797 644/762 645/764 
f 668/799 667/798 645/764 646/766 
f 669/800 668/799 646/766 647/768 
f 670/801 669/800 647/768 648/770 
f 671/802 670/801 648/770 649/772 
f 672/803 671/802 649/772 650/774 
f 673/804 672/803 650/774 651/776 
f 674/805 673/804 651/776 652/778 
f 675/806 674/805 652/778 653/780 
f 676/807 675/806 653/780 654/782 
f 1141/808 676/807 654/782 1140/784 
f 678/809 677/810 655/787 656/786 
f 679/811 678/809 656/786 657/788 
f 680/812 679/811 657/788 658/789 
f 681/813 680/812 658/789 659/790 
f 682/814 681/813 659/790 660/791 
f 683/815 682/814 660/791 661/792 
f 684/816 683/815 661/792 662/793 
f 685/817 684/816 662/793 663/794 
f 686/818 685/817 663/794 664/795 
f 687/819 686/818 664/795 665/796 
f 688/820 687/819 665/796 666/797 
f 689/821 688/820 666/797 667/798 
f 690/822 689/821 667/798 668/799 
f 691/823 690/822 668/799 669/800 
f 692/824 691/823 669/800 670/801 
f 693/825 692/824 670/801 671/802 
f 694/826 693/825 671/802 672/803 
f 695/827 694/826 672/803 673/804 
f 696/828 695/827 673/804 674/805 
f 697/829 696/828 674/805 675/806 
f 698/830 697/829 675/806 676/807 
f 1142/831 698/830 676/807 1141/808 
f 700/832 699/833 677/810 678/809 
f 701/834 700/832 678/809 679/811 
f 702/835 701/834 679/811 680/812 
f 703/836 702/835 680/812 681/813 
f 704/837 703/836 681/813 682/814 
f 705/838 704/837 682/814 683/815 
f 706/839 705/838 683/815 684/816 
f 707/840 706/839 684/816 685/817 
f 708/841 707/840 685/817 686/818 
f 709/842 708/841 686/818 687/819 
f 710/843 709/842 687/819 688/820 
f 711/844 710/843 688/820 689/821 
f 712/845 711/844 689/821 690/822 
f 713/846 712/845 690/822 691/823 
f 714/847 713/846 691/823 692/824 
f 715/848 714/847 692/824 693/825 
f 716/849 715/848 693/825 694/826 
f 717/850 716/849 694/826 695/827 
f 718/851 717/850 695/827 696/828 
f 719/852 718/851 696/828 697/829 
f 720/853 719/852 697/829 698/830 
f 1143/854 720/853 698/830 1142/831 
f 722/855 721/856 699/833 700/832 
f 723/857 722/855 700/832 701/834 
f 724/858 723/857 701/834 702/835 
f 725/859 724/858 702/835 703/836 
f 726/860 725/859 703/836 704/837 
f 727/861 726/860 704/837 705/838 
f 728/862 727/861 705/838 706/839 
f 729/863 728/862 706/839 707/840 
f 730/864 729/863 707/840 708/841 
f 731/865 730/864 708/841 709/842 
f 732/866 731/865 709/842 710/843 
f 733/867 732/866 710/843 711/844 
f 734/868 733/867 711/844 712/845 
f 735/869 734/868 712/845 713/846 
f 736/870 735/869 713/846 714/847 
f 737/871 736/870 714/847 715/848 
f 738/872 737/871 715/848 716/849 
f 739/873 738/872 716/849 717/850 
f 740/874 739/873 717/850 718/851 
f 741/875 740/874 718/851 719/852 
f 742/876 741/875 719/852 720/853 
f 1144/877 742/876 720/853 1143/854 
f 744/878 743/879 721/856 722/855 
f 745/880 744/878 722/855 723/857 
f 746/881 745/880 723/857 724/858 
f 747/882 746/881 724/858 725/859 
f 748/883 747/882 725/859 726/860 
f 749/884 748/883 726/860 727/861 
f 750/885 749/884 727/861 728/862 
f 751/886 750/885 728/862 729/863 
f 752/887 751/886 729/863 730/864 
f 753/888 752/887 730/864 731/865 
f 754/889 753/888 731/865 732/866 
f 755/890 754/889 732/866 733/867 
f 756/891 755/890 733/867 734/868 
f 757/892 756/891 734/868 735/869 
f 758/893 757/892 735/869 736/870 
f 759/894 758/893 736/870 737/871 
f 760/895 759/894 737/871 738/872 
f 761/896 760/895 738/872 739/873 
f 762/897 761/896 739/873 740/874 
f 763/898 762/897 740/874 741/875 
f 764/899 763/898 741/875 742/876 
f 1145/900 764/899 742/876 1144/877 
f 766/901 765/902 743/879 744/878 
f 767/903 766/901 744/878 745/880 
f 768/904 767/903 745/880 746/881 
f 769/905 768/904 746/881 747/882 
f 770/906 769/905 747/882 748/883 
f 771/907 770/906 748/883 749/884 
f 772/908 771/907 749/884 750/885 
f 773/909 772/908 750/885 751/886 
f 774/910 773/909 751/886 752/887 
f 775/911 774/910 752/887 753/888 
f 776/912 775/911 753/888 754/889 
f 777/913 776/912 754/889 755/890 
f 778/914 777/913 755/890 756/891 
f 779/915 778/914 756/891 757/892 
f 780/916 779/915 757/892 758/893 
f 781/917 780/916 758/893 759/894 
f 782/918 781/917 759/894 760/895 
f 783/919 782/918 760/895 761/896 
f 784/920 783/919 761/896 762/897 
f 785/921 784/920 762/897 763/898 
f 786/922 785/921 763/898 764/899 
f 1146/923 786/922 764/899 1145/900 
f 788/924 787/925 765/902 766/901 
f 789/926 788/924 766/901 767/903 
f 790/927 789/926 767/903 768/904 
f 791/928 790/927 768/904 769/905 
f 792/929 791/928 769/905 770/906 
f 793/930 792/929 770/906 771/907 
f 794/931 793/930 771/907 772/908 
f 795/932 794/931 772/908 773/909 
f 796/933 795/932 773/909 774/910 
f 797/934 796/933 774/910 775/911 
f 798/935 797/934 775/911 776/912 
f 799/936 798/935 776/912 777/913 
f 800/937 799/936 777/913 778/914 
f 801/938 800/937 778/914 779/915 
f 802/939 801/938 779/915 780/916 
f 803/940 802/939 780/916 781/917 
f 804/941 803/940 781/917 782/918 
f 805/942 804/941 782/918 783/919 
f 806/943 805/942 783/919 784/920 
f 807/944 806/943 784/920 785/921 
f 808/945 807/944 785/921 786/922 
f 1147/946 808/945 786/922 1146/923 
f 810/947 809/948 787/925 788/924 
f 811/949 810/947 788/924 789/926 
f 812/950 811/949 789/926 790/927 
f 813/951 812/950 790/927 791/928 
f 814/952 813/951 791/928 792/929 
f 815/953 814/952 792/929 793/930 
f 816/954 815/953 793/930 794/931 
f 817/955 816/954 794/931 795/932 
f 818/956 817/955 795/932 796/933 
f 819/957 818/956 796/933 797/934 
f 820/958 819/957 797/934 798/935 
f 821/959 820/958 798/935 799/936 
f 822/960 821/959 799/936 800/937 
f 823/961 822/960 800/937 801/938 
f 824/962 823/961 801/938 802/939 
f 825/963 824/962 802/939 803/940 
f 826/964 825/963 803/940 804/941 
f 827/965 826/964 804/941 805/942 
f 828/966 827/965 805/942 806/943 
f 829/967 828/966 806/943 807/944 
f 830/968 829/967 807/944 808/945 
f 1148/969 830/968 808/945 1147/946 
f 832/970 831/971 809/948 810/947 
f 833/972 832/970 810/947 811/949 
f 834/973 833/972 811/949 812/950 
f 835/974 834/973 812/950 813/951 
f 836/975 835/974 813/951 814/952 
f 837/976 836/975 814/952 815/953 
f 838/977 837/976 815/953 816/954 
f 839/978 838/977 816/954 817/955 
f 840/979 839/978 817/955 818/956 
f 841/980 840/979 818/956 819/957 
f 842/981 841/980 819/957 820/958 
f 843/982 842/981 820/958 821/959 
f 844/983 843/982 821/959 822/960 
f 845/984 844/983 822/960 823/961 
f 846/985 845/984 823/961 824/962 
f 847/986 846/985 824/962 825/963 
f 848/987 847/986 825/963 826/964 
f 849/988 848/987 826/964 827/965 
f 850/989 849/988 827/965 828/966 
f 851/990 850/989 828/966 829/967 
f 852/991 851/990 829/967 830/968 
f 1149/992 852/991 830/968 1148/969 
f 854/993 853/994 831/971 832/970 
f 855/995 854/993 832/970 833/972 
f 856/996 855/995 833/972 834/973 
f 857/997 856/996 834/973 835/974 
f 858/998 857/997 835/974 836/975 
f 859/999 858/998 836/975 837/976 
f 860/1000 859/999 837/976 838/977 
f 861/1001 860/1000 838/977 839/978 
f 862/1002 861/1001 839/978 840/979 
f 863/1003 862/1002 840/979 841/980 
f 864/1004 863/1003 841/980 842/981 
f 865/1005 864/1004 842/981 843/982 
f 866/1006 865/1005 843/982 844/983 
f 867/1007 866/1006 844/983 845/984 
f 868/1008 867/1007 845/984 846/985 
f 869/1009 868/1008 846/985 847/986 
f 870/1010 869/1009 847/986 848/987 
f 871/1011 870/1010 848/987 849/988 
f 872/1012 871/1011 849/988 850/989 
f 873/1013 872/1012 850/989 851/990 
f 874/1014 873/1013 851/990 852/991 
f 1150/1015 874/1014 852/991 1149/992 
f 876/1016 875/1017 853/994 854/993 
f 877/1018 876/1016 854/993 855/995 
f 878/1019 877/1018 855/995 856/996 
f 879/1020 878/1019 856/996 857/997 
f 880/1021 879/1020 857/997 858/998 
f 881/1022 880/1021 858/998 859/999 
f 882/1023 881/1022 859/999 860/1000 
f 883/1024 882/1023 860/1000 861/1001 
f 884/1025 883/1024 861/1001 862/1002 
f 885/1026 884/1025 862/1002 863/1003 
f 886/1027 885/1026 863/1003 864/1004 
f 887/1028 886/1027 864/1004 865/1005 
f 888/1029 887/1028 865/1005 866/1006 
f 889/1030 888/1029 866/1006 867/1007 
f 890/1031 889/1030 867/1007 868/1008 
f 891/1032 890/1031 868/1008 869/1009 
f 892/1033 891/1032 869/1009 870/1010 
f 893/1034 892/1033 870/1010 871/1011 
f 894/1035 893/1034 871/1011 872/1012 
f 895/1036 894/1035 872/1012 873/1013 
f 896/1037 895/1036 873/1013 874/1014 
f 1151/1038 896/1037 874/1014 1150/1015 
f 898/1039 897/1040 875/1017 876/1016 
f 899/1041 898/1039 876/1016 877/1018 
f 900/1042 899/1041 877/1018 878/1019 
f 901/1043 900/1042 878/1019 879/1020 
f 902/1044 901/1043 879/1020 880/1021 
f 903/1045 902/1044 880/1021 881/1022 
f 904/1046 903/1045 881/1022 882/1023 
f 905/1047 904/1046 882/1023 883/1024 
f 906/1048 905/1047 883/1024 884/1025 
f 907/1049 906/1048 884/1025 885/1026 
f 908/1050 907/1049 885/1026 886/1027 
f 909/1051 908/1050 886/1027 887/1028 
f 910/1052 909/1051 887/1028 888/1029 
f 911/1053 910/1052 888/1029 889/1030 
f 912/1054 911/1053 889/1030 890/1031 
f 913/1055 912/1054 890/1031 891/1032 
f 914/1056 913/1055 891/1032 892/1033 
f 915/1057 914/1056 892/1033 893/1034 
f 916/1058 915/1057 893/1034 894/1035 
f 917/1059 916/1058 894/1035 895/1036 
f 918/1060 917/1059 895/1036 896/1037 
f 1152/1061 918/1060 896/1037 1151/1038 
f 920/1062 919/1063 897/1040 898/1039 
f 921/1064 920/1062 898/1039 899/1041 
f 922/1065 921/1064 899/1041 900/1042 
f 923/1066 922/1065 900/1042 901/1043 
f 924/1067 923/1066 901/1043 902/1044 
f 925/1068 924/1067 902/1044 903/1045 
f 926/1069 925/1068 903/1045 904/1046 
f 927/1070 926/1069 904/1046 905/1047 
f 928/1071 927/1070 905/1047 906/1048 
f 929/1072 928/1071 906/1048 907/1049 
f 930/1073 929/1072 907/1049 908/1050 
f 931/1074 930/1073 908/1050 909/1051 
f 932/1075 931/1074 909/1051 910/1052 
f 933/1076 932/1075 910/1052 911/1053 
f 934/1077 933/1076 911/1053 912/1054 
f 935/1078 934/1077 912/1054 913/1055 
f 936/1079 935/1078 913/1055 914/1056 
f 937/1080 936/1079 914/1056 915/1057 
f 938/1081 937/1080 915/1057 916/1058 
f 939/1082 938/1081 916/1058 917/1059 
f 940/1083 939/1082 917/1059 918/1060 
f 1153/1084 940/1083 918/1060 1152/1061 
f 942/1085 941/1086 919/1063 920/1062 
f 943/1087 942/1085 920/1062 921/1064 
f 944/1088 943/1087 921/1064 922/1065 
f 945/1089 944/1088 922/1065 923/1066 
f 946/1090 945/1089 923/1066 924/1067 
f 947/1091 946/1090 924/1067 925/1068 
f 948/1092 947/1091 925/1068 926/1069 
f 949/1093 948/1092 926/1069 927/1070 
f 950/1094 949/1093 927/1070 928/1071 
f 951/1095 950/1094 928/1071 929/1072 
f 952/1096 951/1095 929/1072 930/1073 
f 953/1097 952/1096 930/1073 931/1074 
f 954/1098 953/1097 931/1074 932/1075 
f 955/1099 954/1098 932/1075 933/1076 
f 956/1100 955/1099 933/1076 934/1077 
f 957/1101 956/1100 934/1077 935/1078 
f 958/1102 957/1101 935/1078 936/1079 
f 959/1103 958/1102 936/1079 937/1080 
f 960/1104 959/1103 937/1080 938/1081 
f 961/1105 960/1104 938/1081 939/1082 
f 962/1106 961/1105 939/1082 940/1083 
f 1154/1107 962/1106 940/1083 1153/1084 
f 964/1108 963/1109 941/1086 942/1085 
f 965/1110 964/1108 942/1085 943/1087 
f 966/1111 965/1110 943/1087 944/1088 
f 967/1112 966/1111 944/1088 945/1089 
f 968/1113 967/1112 945/1089 946/1090 
f 969/1114 968/1113 946/1090 947/1091 
f 970/1115 969/1114 947/1091 948/1092 
f 971/1116 970/1115 948/1092 949/1093 
f 972/1117 971/1116 949/1093 950/1094 
f 973/1118 972/1117 950/1094 951/1095 
f 974/1119 973/1118 951/1095 952/1096 
f 975/1120 974/1119 952/1096 953/1097 
f 976/1121 975/1120 953/1097 954/1098 
f 977/1122 976/1121 954/1098 955/1099 
f 978/1123 977/1122 955/1099 956/1100 
f 979/1124 978/1123 956/1100 957/1101 
f 980/1125 979/1124 957/1101 958/1102 
f 981/1126 980/1125 958/1102 959/1103 
f 982/1127 981/1126 959/1103 960/1104 
f 983/1128 982/1127 960/1104 961/1105 
f 984/1129 983/1128 961/1105 962/1106 
f 1155/1130 984/1129 962/1106 1154/1107 
f 986/1131 985/1132 963/1109 964/1108 
f 987/1133 986/1131 964/1108 965/1110 
f 988/1134 987/1133 965/1110 966/1111 
f 989/1135 988/1134 966/1111 967/1112 
f 990/1136 989/1135 967/1112 968/1113 
f 991/1137 990/1136 968/1113 969/1114 
f 992/1138 991/1137 969/1114 970/1115 
f 993/1139 992/1138 970/1115 971/1116 
f 994/1140 993/1139 971/1116 972/1117 
f 995/1141 994/1140 972/1117 973/1118 
f 996/1142 995/1141 973/1118 974/1119 
f 997/1143 996/1142 974/1119 975/1120 
f 998/1144 997/1143 975/1120 976/1121 
f 999/1145 998/1144 976/1121 977/1122 
f 1000/1146 999/1145 977/1122 978/1123 
f 1001/1147 1000/1146 978/1123 979/1124 
f 1002/1148 1001/1147 979/1124 980/1125 
f 1003/1149 1002/1148 980/1125 981/1126 
f 1004/1150 1003/1149 981/1126 982/1127 
f 1005/1151 1004/1150 982/1127 983/1128 
f 1006/1152 1005/1151 983/1128 984/1129 
f 1156/1153 1006/1152 984/1129 1155/1130 
f 1008/1154 1007/1155 985/1132 986/1131 
f 1009/1156 1008/1154 986/1131 987/1133 
f 1010/1157 1009/1156 987/1133 988/1134 
f 1011/1158 1010/1157 988/1134 989/1135 
f 1012/1159 1011/1158 989/1135 990/1136 
f 1013/1160 1012/1159 990/1136 991/1137 
f 1014/1161 1013/1160 991/1137 992/1138 
f 1015/1162 1014/1161 992/1138 993/1139 
f 1016/1163 1015/1162 993/1139 994/1140 
f 1017/1164 1016/1163 994/1140 995/1141 
f 1018/1165 1017/1164 995/1141 996/1142 
f 1019/1166 1018/1165 996/1142 997/1143 
f 1020/1167 1019/1166 997/1143 998/1144 
f 1021/1168 1020/1167 998/1144 999/1145 
f 1022/1169 1021/1168 999/1145 1000/1146 
f 1023/1170 1022/1169 1000/1146 1001/1147 
f 1024/1171 1023/1170 1001/1147 1002/1148 
f 1025/1172 1024/1171 1002/1148 1003/1149 
f 1026/1173 1025/1172 1003/1149 1004/1150 
f 1027/1174 1026/1173 1004/1150 1005/1151 
f 1028/1175 1027/1174 1005/1151 1006/1152 
f 1157/1176 1028/1175 1006/1152 1156/1153 
f 1030/1177 1029/1178 1007/1155 1008/1154 
f 1031/1179 1030/1177 1008/1154 1009/1156 
f 1032/1180 1031/1179 1009/1156 1010/1157 
f 1033/1181 1032/1180 1010/1157 1011/1158 
f 1034/1182 1033/1181 1011/1158 1012/1159 
f 1035/1183 1034/1182 1012/1159 1013/1160 
f 1036/1184 1035/1183 1013/1160 1014/1161 
f 1037/1185 1036/1184 1014/1161 1015/1162 
f 1038/1186 1037/1185 1015/1162 1016/1163 
f 1039/1187 1038/1186 1016/1163 1017/1164 
f 1040/1188 1039/1187 1017/1164 1018/1165 
f 1041/1189 1040/1188 1018/1165 1019/1166 
f 1042/1190 1041/1189 1019/1166 1020/1167 
f 1043/1191 1042/1190 1020/1167 1021/1168 
f 1044/1192 1043/1191 1021/1168 1022/1169 
f 1045/1193 1044/1192 1022/1169 1023/1170 
f 1046/1194 1045/1193 1023/1170 1024/1171 
f 1047/1195 1046/1194 1024/1171 1025/1172 
f 1048/1196 1047/1195 1025/1172 1026/1173 
f 1049/1197 1048/1196 1026/1173 1027/1174 
f 1050/1198 1049/1197 1027/1174 1028/1175 
f 1158/1199 1050/1198 1028/1175 1157/1176 
f 1052/1200 1051/1201 1029/1178 1030/1177 
f 1053/1202 1052/1200 1030/1177 1031/1179 
f 1054/1203 1053/1202 1031/1179 1032/1180 
f 1055/1204 1054/1203 1032/1180 1033/1181 
f 1056/1205 1055/1204 1033/1181 1034/1182 
f 1057/1206 1056/1205 1034/1182 1035/1183 
f 1058/1207 1057/1206 1035/1183 1036/1184 
f 1059/1208 1058/1207 1036/1184 1037/1185 
f 1060/1209 1059/1208 1037/1185 1038/1186 
f 1061/1210 1060/1209 1038/1186 1039/1187 
f 1062/1211 1061/1210 1039/1187 1040/1188 
f 1063/1212 1062/1211 1040/1188 1041/1189 
f 1064/1213 1063/1212 1041/1189 1042/1190 
f 1065/1214 1064/1213 1042/1190 1043/1191 
f 1066/1215 1065/1214 1043/1191 1044/1192 
f 1067/1216 1066/1215 1044/1192 1045/1193 
f 1068/1217 1067/1216 1045/1193 1046/1194 
f 1069/1218 1068/1217 1046/1194 1047/1195 
f 1070/1219 1069/1218 1047/1195 1048/1196 
f 1071/1220 1070/1219 1048/1196 1049/1197 
f 1072/1221 1071/1220 1049/1197 1050/1198 
f 1159/1222 1072/1221 1050/1198 1158/1199 
f 1074/1223 1073/1224 1051/1201 1052/1200 
f 1075/1225 1074/1223 1052/1200 1053/1202 
f 1076/1226 1075/1225 1053/1202 1054/1203 
f 1077/1227 1076/1226 1054/1203 1055/1204 
f 1078/1228 1077/1227 1055/1204 1056/1205 
f 1079/1229 1078/1228 1056/1205 1057/1206 
f 1080/1230 1079/1229 1057/1206 1058/1207 
f 1081/1231 1080/1230 1058/1207 1059/1208 
f 1082/1232 1081/1231 1059/1208 1060/1209 
f 1083/1233 1082/1232 1060/1209 1061/1210 
f 1084/1234 1083/1233 1061/1210 1062/1211 
f 1085/1235 1084/1234 1062/1211 1063/1212 
f 1086/1236 1085/1235 1063/1212 1064/1213 
f 1087/1237 1086/1236 1064/1213 1065/1214 
f 1088/1238 1087/1237 1065/1214 1066/1215 
f 1089/1239 1088/1238 1066/1215 1067/1216 
f 1090/1240 1089/1239 1067/1216 1068/1217 
f 1091/1241 1090/1240 1068/1217 1069/1218 
f 1092/1242 1091/1241 1069/1218 1070/1219 
f 1093/1243 1092/1242 1070/1219 1071/1220 
f 1094/1244 1093/1243 1071/1220 1072/1221 
f 1160/1245 1094/1244 1072/1221 1159/1222 
f 1096/1246 1095/1247 1073/1224 1074/1223 
f 1097/1248 1096/1246 1074/1223 1075/1225 
f 1098/1249 1097/1248 1075/1225 1076/1226 
f 1099/1250 1098/1249 1076/1226 1077/1227 
f 1100/1251 1099/1250 1077/1227 1078/1228 
f 1101/1252 1100/1251 1078/1228 1079/1229 
f 1102/1253 1101/1252 1079/1229 1080/1230 
f 1103/1254 1102/1253 1080/1230 1081/1231 
f 1104/1255 1103/1254 1081/1231 1082/1232 
f 1105/1256 1104/1255 1082/1232 1083/1233 
f 1106/1257 1105/1256 1083/1233 1084/1234 
f 1107/1258 1106/1257 1084/1234 1085/1235 
f 1108/1259 1107/1258 1085/1235 1086/1236 
f 1109/1260 1108/1259 1086/1236 1087/1237 
f 1110/1261 1109/1260 1087/1237 1088/1238 
f 1111/1262 1110/1261 1088/1238 1089/1239 
f 1112/1263 1111/1262 1089/1239 1090/1240 
f 1113/1264 1112/1263 1090/1240 1091/1241 
f 1114/1265 1113/1264 1091/1241 1092/1242 
f 1115/1266 1114/1265 1092/1242 1093/1243 
f 1116/1267 1115/1266 1093/1243 1094/1244 
f 1161/1268 1116/1267 1094/1244 1160/1245 
f 1162/1269 1117/1270 1095/1247 1096/1246 
f 1163/1271 1162/1269 1096/1246 1097/1248 
f 1164/1272 1163/1271 1097/1248 1098/1249 
f 1165/1273 1164/1272 1098/1249 1099/1250 
f 1166/1274 1165/1273 1099/1250 1100/1251 
f 1167/1275 1166/1274 1100/1251 1101/1252 
f 1168/1276 1167/1275 1101/1252 1102/1253 
f 1169/1277 1168/1276 1102/1253 1103/1254 
f 1170/1278 1169/1277 1103/1254 1104/1255 
f 1171/1279 1170/1278 1104/1255 1105/1256 
f 1172/1280 1171/1279 1105/1256 1106/1257 
f 1173/1281 1172/1280 1106/1257 1107/1258 
f 1174/1282 1173/1281 1107/1258 1108/1259 
f 1175/1283 1174/1282 1108/1259 1109/1260 
f 1176/1284 1175/1283 1109/1260 1110/1261 
f 1177/1285 1176/1284 1110/1261 1111/1262 
f 1178/1286 1177/1285 1111/1262 1112/1263 
f 1179/1287 1178/1286 1112/1263 1113/1264 
f 1180/1288 1179/1287 1113/1264 1114/1265 
f 1181/1289 1180/1288 1114/1265 1115/1266 
f 1182/1290 1181/1289 1115/1266 1116/1267 
f 1183/1291 1182/1290 1116/1267 1161/1268 
# 506 polygons

#
# object 2?_??___??_??
#

v  37.836712 13.923353 26.430002
v  37.807896 13.923353 26.275856
v  37.725342 13.923353 26.142529
v  37.600201 13.923353 26.048025
v  37.449371 13.923353 26.005112
v  37.293224 13.923353 26.019581
v  37.152847 13.923353 26.089479
v  37.047203 13.923353 26.205368
v  36.990555 13.923353 26.351595
v  36.990555 13.923353 26.508410
v  37.047203 13.923353 26.654636
v  37.152847 13.923353 26.770525
v  37.293224 13.923353 26.840424
v  37.449371 13.923353 26.854893
v  37.600201 13.923353 26.811979
v  37.725342 13.923353 26.717476
v  37.807896 13.923353 26.584148
v  37.836712 13.958209 26.430002
v  37.807896 13.958209 26.275856
v  37.725342 13.958209 26.142529
v  37.600201 13.958209 26.048025
v  37.449371 13.958209 26.005112
v  37.293224 13.958209 26.019581
v  37.152847 13.958209 26.089479
v  37.047203 13.958209 26.205368
v  36.990555 13.958209 26.351595
v  36.990555 13.958209 26.508410
v  37.047203 13.958209 26.654636
v  37.152847 13.958209 26.770525
v  37.293224 13.958209 26.840424
v  37.449371 13.958209 26.854893
v  37.600201 13.958209 26.811979
v  37.725342 13.958209 26.717476
v  37.807896 13.958209 26.584148
v  37.770752 13.958209 26.430002
v  37.746391 13.958209 26.299683
v  37.676601 13.958209 26.186964
v  37.570801 13.958209 26.107069
v  37.443287 13.958209 26.070787
v  37.311275 13.958209 26.083021
v  37.192596 13.958209 26.142115
v  37.103283 13.958209 26.240089
v  37.055389 13.958209 26.363714
v  37.055389 13.958209 26.496290
v  37.103283 13.958209 26.619915
v  37.192596 13.958209 26.717890
v  37.311275 13.958209 26.776983
v  37.443287 13.958209 26.789217
v  37.570801 13.958209 26.752935
v  37.676601 13.958209 26.673040
v  37.746391 13.958209 26.560322
v  37.410000 13.958209 26.430002
v  37.881477 14.065924 26.430002
v  37.849640 14.065924 26.259686
v  37.758427 14.065924 26.112370
v  37.620155 14.065924 26.007952
v  37.453503 14.065924 25.960535
v  37.280975 14.065924 25.976522
v  37.125870 14.065924 26.053755
v  37.009140 14.065924 26.181801
v  36.946548 14.065924 26.343369
v  36.946548 14.065924 26.516636
v  37.009140 14.065924 26.678204
v  37.125870 14.065924 26.806250
v  37.280975 14.065924 26.883482
v  37.453503 14.065924 26.899469
v  37.620155 14.065924 26.852053
v  37.758427 14.065924 26.747635
v  37.849640 14.065924 26.600319
v  37.781685 14.065924 26.286011
v  37.808601 14.065924 26.430002
v  37.781685 14.065924 26.573994
v  37.704571 14.065924 26.698538
v  37.587673 14.065924 26.786814
v  37.446777 14.065924 26.826902
v  37.300919 14.065924 26.813387
v  37.169788 14.065924 26.748093
v  37.071102 14.065924 26.639837
v  37.018188 14.065924 26.503244
v  37.018188 14.065924 26.356760
v  37.071102 14.065924 26.220167
v  37.169788 14.065924 26.111912
v  37.300919 14.065924 26.046618
v  37.446777 14.065924 26.033102
v  37.587669 14.065924 26.073191
v  37.704571 14.065924 26.161467
# 86 vertices

vt 0.594025 0.039633 0.000000
vt 0.588910 0.037655 0.000000
vt 0.589291 0.037039 0.000000
vt 0.594158 0.038919 0.000000
vt 0.584858 0.033963 0.000000
vt 0.585436 0.033526 0.000000
vt 0.582414 0.029053 0.000000
vt 0.583112 0.028854 0.000000
vt 0.581910 0.023586 0.000000
vt 0.582634 0.023653 0.000000
vt 0.583415 0.018299 0.000000
vt 0.584068 0.018624 0.000000
vt 0.586730 0.013909 0.000000
vt 0.587221 0.014448 0.000000
vt 0.591405 0.011013 0.000000
vt 0.591668 0.011691 0.000000
vt 0.596871 0.010000 0.000000
vt 0.596871 0.010726 0.000000
vt 0.602197 0.011005 0.000000
vt 0.601935 0.011680 0.000000
vt 0.606858 0.013888 0.000000
vt 0.606370 0.014423 0.000000
vt 0.610161 0.018262 0.000000
vt 0.609513 0.018585 0.000000
vt 0.611662 0.023538 0.000000
vt 0.610939 0.023606 0.000000
vt 0.611154 0.029008 0.000000
vt 0.610454 0.028809 0.000000
vt 0.608704 0.033931 0.000000
vt 0.608122 0.033492 0.000000
vt 0.604640 0.037638 0.000000
vt 0.604256 0.037019 0.000000
vt 0.599516 0.039628 0.000000
vt 0.599382 0.038913 0.000000
vt 0.594425 0.037487 0.000000
vt 0.590057 0.035800 0.000000
vt 0.591168 0.034006 0.000000
vt 0.594813 0.035414 0.000000
vt 0.586598 0.032648 0.000000
vt 0.588281 0.031376 0.000000
vt 0.584513 0.028456 0.000000
vt 0.586541 0.027877 0.000000
vt 0.584084 0.023788 0.000000
vt 0.586184 0.023980 0.000000
vt 0.585371 0.019273 0.000000
vt 0.587259 0.020212 0.000000
vt 0.588202 0.015524 0.000000
vt 0.589622 0.017082 0.000000
vt 0.592194 0.013049 0.000000
vt 0.592954 0.015016 0.000000
vt 0.596871 0.012182 0.000000
vt 0.596871 0.014291 0.000000
vt 0.601409 0.013038 0.000000
vt 0.600646 0.015005 0.000000
vt 0.605390 0.015499 0.000000
vt 0.603969 0.017059 0.000000
vt 0.608210 0.019234 0.000000
vt 0.606322 0.020176 0.000000
vt 0.609489 0.023740 0.000000
vt 0.607389 0.023938 0.000000
vt 0.609053 0.028411 0.000000
vt 0.607025 0.027837 0.000000
vt 0.606958 0.032615 0.000000
vt 0.605276 0.031346 0.000000
vt 0.603488 0.035781 0.000000
vt 0.602379 0.033989 0.000000
vt 0.599113 0.037482 0.000000
vt 0.598726 0.035409 0.000000
vt 0.596871 0.024859 0.000000
vt 0.595026 0.034278 0.000000
vt 0.591776 0.033024 0.000000
vt 0.589203 0.030679 0.000000
vt 0.587653 0.027560 0.000000
vt 0.587336 0.024086 0.000000
vt 0.588296 0.020728 0.000000
vt 0.590403 0.017938 0.000000
vt 0.593371 0.016096 0.000000
vt 0.596871 0.015448 0.000000
vt 0.600229 0.016083 0.000000
vt 0.603190 0.017913 0.000000
vt 0.605287 0.020692 0.000000
vt 0.606237 0.024046 0.000000
vt 0.605911 0.027521 0.000000
vt 0.604351 0.030648 0.000000
vt 0.601769 0.033004 0.000000
vt 0.598514 0.034271 0.000000
# 86 texture coords

o 2?_??___??_??
g 2?_??___??_??
f 1184/1292 1185/1293 1202/1294 1201/1295 
f 1185/1293 1186/1296 1203/1297 1202/1294 
f 1186/1296 1187/1298 1204/1299 1203/1297 
f 1187/1298 1188/1300 1205/1301 1204/1299 
f 1188/1300 1189/1302 1206/1303 1205/1301 
f 1189/1302 1190/1304 1207/1305 1206/1303 
f 1190/1304 1191/1306 1208/1307 1207/1305 
f 1191/1306 1192/1308 1209/1309 1208/1307 
f 1192/1308 1193/1310 1210/1311 1209/1309 
f 1193/1310 1194/1312 1211/1313 1210/1311 
f 1194/1312 1195/1314 1212/1315 1211/1313 
f 1195/1314 1196/1316 1213/1317 1212/1315 
f 1196/1316 1197/1318 1214/1319 1213/1317 
f 1197/1318 1198/1320 1215/1321 1214/1319 
f 1198/1320 1199/1322 1216/1323 1215/1321 
f 1199/1322 1200/1324 1217/1325 1216/1323 
f 1200/1324 1184/1292 1201/1295 1217/1325 
f 1236/1326 1237/1327 1253/1328 1254/1329 
f 1237/1327 1238/1330 1269/1331 1253/1328 
f 1238/1330 1239/1332 1268/1333 1269/1331 
f 1239/1332 1240/1334 1267/1335 1268/1333 
f 1240/1334 1241/1336 1266/1337 1267/1335 
f 1241/1336 1242/1338 1265/1339 1266/1337 
f 1242/1338 1243/1340 1264/1341 1265/1339 
f 1243/1340 1244/1342 1263/1343 1264/1341 
f 1244/1342 1245/1344 1262/1345 1263/1343 
f 1245/1344 1246/1346 1261/1347 1262/1345 
f 1246/1346 1247/1348 1260/1349 1261/1347 
f 1247/1348 1248/1350 1259/1351 1260/1349 
f 1248/1350 1249/1352 1258/1353 1259/1351 
f 1249/1352 1250/1354 1257/1355 1258/1353 
f 1250/1354 1251/1356 1256/1357 1257/1355 
f 1251/1356 1252/1358 1255/1359 1256/1357 
f 1252/1358 1236/1326 1254/1329 1255/1359 
f 1235/1360 1218/1361 1219/1362 
f 1235/1360 1219/1362 1220/1363 
f 1235/1360 1220/1363 1221/1364 
f 1235/1360 1221/1364 1222/1365 
f 1235/1360 1222/1365 1223/1366 
f 1235/1360 1223/1366 1224/1367 
f 1235/1360 1224/1367 1225/1368 
f 1235/1360 1225/1368 1226/1369 
f 1235/1360 1226/1369 1227/1370 
f 1235/1360 1227/1370 1228/1371 
f 1235/1360 1228/1371 1229/1372 
f 1235/1360 1229/1372 1230/1373 
f 1235/1360 1230/1373 1231/1374 
f 1235/1360 1231/1374 1232/1375 
f 1235/1360 1232/1375 1233/1376 
f 1235/1360 1233/1376 1234/1377 
f 1235/1360 1234/1377 1218/1361 
f 1201/1295 1202/1294 1237/1327 1236/1326 
f 1202/1294 1203/1297 1238/1330 1237/1327 
f 1203/1297 1204/1299 1239/1332 1238/1330 
f 1204/1299 1205/1301 1240/1334 1239/1332 
f 1205/1301 1206/1303 1241/1336 1240/1334 
f 1206/1303 1207/1305 1242/1338 1241/1336 
f 1207/1305 1208/1307 1243/1340 1242/1338 
f 1208/1307 1209/1309 1244/1342 1243/1340 
f 1209/1309 1210/1311 1245/1344 1244/1342 
f 1210/1311 1211/1313 1246/1346 1245/1344 
f 1211/1313 1212/1315 1247/1348 1246/1346 
f 1212/1315 1213/1317 1248/1350 1247/1348 
f 1213/1317 1214/1319 1249/1352 1248/1350 
f 1214/1319 1215/1321 1250/1354 1249/1352 
f 1215/1321 1216/1323 1251/1356 1250/1354 
f 1216/1323 1217/1325 1252/1358 1251/1356 
f 1217/1325 1201/1295 1236/1326 1252/1358 
f 1219/1362 1218/1361 1254/1329 1253/1328 
f 1218/1361 1234/1377 1255/1359 1254/1329 
f 1234/1377 1233/1376 1256/1357 1255/1359 
f 1233/1376 1232/1375 1257/1355 1256/1357 
f 1232/1375 1231/1374 1258/1353 1257/1355 
f 1231/1374 1230/1373 1259/1351 1258/1353 
f 1230/1373 1229/1372 1260/1349 1259/1351 
f 1229/1372 1228/1371 1261/1347 1260/1349 
f 1228/1371 1227/1370 1262/1345 1261/1347 
f 1227/1370 1226/1369 1263/1343 1262/1345 
f 1226/1369 1225/1368 1264/1341 1263/1343 
f 1225/1368 1224/1367 1265/1339 1264/1341 
f 1224/1367 1223/1366 1266/1337 1265/1339 
f 1223/1366 1222/1365 1267/1335 1266/1337 
f 1222/1365 1221/1364 1268/1333 1267/1335 
f 1221/1364 1220/1363 1269/1331 1268/1333 
f 1220/1363 1219/1362 1253/1328 1269/1331 
# 68 polygons - 17 triangles

#
# object Object002
#

v  3.218593 14.816420 20.961512
v  2.629199 14.816420 20.586025
v  1.946926 14.816420 20.737282
v  1.571441 14.816420 21.326675
v  1.722697 14.816420 22.008947
v  2.312091 14.816420 22.384434
v  2.994364 14.816420 22.233177
v  3.369849 14.816420 21.643784
v  2.844085 15.935154 21.485229
v  2.734707 15.935154 21.221167
v  2.470645 15.935154 21.111790
v  2.206583 15.935154 21.221167
v  2.097204 15.935154 21.485229
v  2.206583 15.935154 21.749292
v  2.470645 15.935154 21.858669
v  2.734707 15.935154 21.749292
v  3.173442 14.792714 20.993126
v  2.619627 14.792714 20.640306
v  1.978541 14.792714 20.782433
v  1.625722 14.792714 21.336246
v  1.767848 14.792714 21.977333
v  2.321662 14.792714 22.330153
v  2.962749 14.792714 22.188026
v  3.315568 14.792714 21.634212
v  2.796355 15.914626 21.485229
v  2.700957 15.914626 21.254917
v  2.470645 15.914626 21.159519
v  2.240333 15.914626 21.254917
v  2.144935 15.914626 21.485229
v  2.240333 15.914626 21.715542
v  2.470645 15.914626 21.810940
v  2.700957 15.914626 21.715542
v  2.299062 14.816420 20.711269
v  2.594722 15.935154 21.185680
v  1.802045 14.816420 21.059284
v  2.346568 15.935154 21.185680
v  2.642228 14.816420 22.259190
v  2.346568 15.935154 21.784779
v  3.139245 14.816420 21.911175
v  2.594722 15.935154 21.784779
v  2.309420 14.792714 20.757990
v  2.578863 15.914626 21.223967
v  1.842406 14.792714 21.084997
v  2.362427 15.914626 21.223967
v  2.631870 14.792714 22.212469
v  2.362427 15.914626 21.746492
v  3.098884 14.792714 21.885462
v  2.578863 15.914626 21.746492
v  2.044700 14.816420 22.153830
v  2.171097 15.935154 21.609306
v  3.244605 14.816420 21.313646
v  2.770193 15.935154 21.609306
v  2.070413 14.792714 22.113468
v  2.209383 15.914626 21.593449
v  3.197884 14.792714 21.324005
v  2.731908 15.914626 21.593449
v  2.896590 14.816420 20.816629
v  2.770193 15.935154 21.361153
v  1.696685 14.816420 21.656813
v  2.171097 15.935154 21.361153
v  2.870877 14.792714 20.856991
v  2.731908 15.914626 21.377010
v  1.743406 14.792714 21.646454
v  2.209382 15.914626 21.377010
# 64 vertices

vt 0.070764 0.052652 0.000000
vt 0.060675 0.060319 0.000000
vt 0.051858 0.042301 0.000000
vt 0.053439 0.037366 0.000000
vt 0.053189 0.070542 0.000000
vt 0.040634 0.068829 0.000000
vt 0.047140 0.049853 0.000000
vt 0.051748 0.047482 0.000000
vt 0.028112 0.070764 0.000000
vt 0.285396 0.377298 0.000000
vt 0.282964 0.408466 0.000000
vt 0.272843 0.395144 0.000000
vt 0.285149 0.370951 0.000000
vt 0.295756 0.384418 0.000000
vt 0.316075 0.408177 0.000000
vt 0.299498 0.405913 0.000000
vt 0.291093 0.380105 0.000000
vt 0.308116 0.382127 0.000000
vt 0.339283 0.384559 0.000000
vt 0.325962 0.394680 0.000000
vt 0.301769 0.382374 0.000000
vt 0.315236 0.371768 0.000000
vt 0.338994 0.351449 0.000000
vt 0.336731 0.368025 0.000000
vt 0.310922 0.376430 0.000000
vt 0.312945 0.359408 0.000000
vt 0.315377 0.328240 0.000000
vt 0.020445 0.060675 0.000000
vt 0.038463 0.051858 0.000000
vt 0.043398 0.053439 0.000000
vt 0.010222 0.053189 0.000000
vt 0.011935 0.040634 0.000000
vt 0.030910 0.047140 0.000000
vt 0.033282 0.051748 0.000000
vt 0.010000 0.028112 0.000000
vt 0.325498 0.341562 0.000000
vt 0.313191 0.365754 0.000000
vt 0.302585 0.352288 0.000000
vt 0.282266 0.328529 0.000000
vt 0.298842 0.330792 0.000000
vt 0.307247 0.356601 0.000000
vt 0.290225 0.354578 0.000000
vt 0.259057 0.352146 0.000000
vt 0.020088 0.020445 0.000000
vt 0.028906 0.038463 0.000000
vt 0.027325 0.043398 0.000000
vt 0.027575 0.010222 0.000000
vt 0.272379 0.342025 0.000000
vt 0.296572 0.354332 0.000000
vt 0.283105 0.364938 0.000000
vt 0.259346 0.385257 0.000000
vt 0.040130 0.011935 0.000000
vt 0.033624 0.030910 0.000000
vt 0.029016 0.033282 0.000000
vt 0.052652 0.010000 0.000000
vt 0.261610 0.368681 0.000000
vt 0.287418 0.360276 0.000000
vt 0.060319 0.020089 0.000000
vt 0.042300 0.028906 0.000000
vt 0.037365 0.027325 0.000000
vt 0.070541 0.027575 0.000000
vt 0.068829 0.040130 0.000000
vt 0.049853 0.033624 0.000000
vt 0.047482 0.029016 0.000000
vt 0.059450 0.059115 0.000000
vt 0.052416 0.068721 0.000000
vt 0.050391 0.042056 0.000000
vt 0.051770 0.037751 0.000000
vt 0.040619 0.067112 0.000000
vt 0.028852 0.068930 0.000000
vt 0.046276 0.048643 0.000000
vt 0.050295 0.046574 0.000000
vt 0.021648 0.059450 0.000000
vt 0.012043 0.052416 0.000000
vt 0.038708 0.050391 0.000000
vt 0.043013 0.051770 0.000000
vt 0.013652 0.040619 0.000000
vt 0.011834 0.028852 0.000000
vt 0.032121 0.046276 0.000000
vt 0.034189 0.050295 0.000000
vt 0.021313 0.021649 0.000000
vt 0.028348 0.012043 0.000000
vt 0.030373 0.038708 0.000000
vt 0.028993 0.043013 0.000000
vt 0.040145 0.013652 0.000000
vt 0.051911 0.011834 0.000000
vt 0.034488 0.032121 0.000000
vt 0.030469 0.034189 0.000000
vt 0.059115 0.021314 0.000000
vt 0.068721 0.028348 0.000000
vt 0.042055 0.030373 0.000000
vt 0.037751 0.028994 0.000000
vt 0.067112 0.040145 0.000000
vt 0.068930 0.051912 0.000000
vt 0.048643 0.034488 0.000000
vt 0.046574 0.030469 0.000000
# 96 texture coords

o Object002
g Object002
f 1270/1378 1326/1379 1327/1380 1278/1381 
f 1271/1382 1302/1383 1303/1384 1279/1385 
f 1272/1386 1304/1405 1305/1406 1280/1407 
f 1273/1408 1328/1409 1329/1410 1281/1411 
f 1274/1412 1318/1421 1319/1422 1282/1423 
f 1275/1424 1306/1429 1307/1430 1283/1431 
f 1276/1432 1308/1435 1309/1436 1284/1437 
f 1277/1438 1320/1439 1321/1440 1285/1441 
f 1295/1387 1287/1388 1330/1389 1331/1390 
f 1296/1391 1288/1392 1310/1393 1311/1394 
f 1297/1395 1289/1396 1312/1397 1313/1398 
f 1298/1399 1290/1400 1332/1401 1333/1402 
f 1299/1403 1291/1404 1322/1413 1323/1414 
f 1300/1415 1292/1416 1314/1417 1315/1418 
f 1301/1419 1293/1420 1316/1425 1317/1426 
f 1294/1427 1286/1428 1324/1433 1325/1434 
f 1271/1382 1326/1379 1330/1442 1287/1443 
f 1278/1381 1327/1380 1331/1444 1294/1445 
f 1272/1386 1302/1383 1310/1446 1288/1447 
f 1279/1385 1303/1384 1311/1448 1295/1449 
f 1273/1408 1304/1405 1312/1450 1289/1451 
f 1280/1407 1305/1406 1313/1452 1296/1453 
f 1274/1412 1328/1409 1332/1454 1290/1455 
f 1281/1411 1329/1410 1333/1456 1297/1457 
f 1275/1424 1318/1421 1322/1458 1291/1459 
f 1282/1423 1319/1422 1323/1460 1298/1461 
f 1276/1432 1306/1429 1314/1462 1292/1463 
f 1283/1431 1307/1430 1315/1464 1299/1465 
f 1277/1438 1308/1435 1316/1466 1293/1467 
f 1284/1437 1309/1436 1317/1468 1300/1469 
f 1270/1378 1320/1439 1324/1470 1286/1471 
f 1285/1441 1321/1440 1325/1472 1301/1473 
f 1302/1383 1272/1386 1280/1407 1303/1384 
f 1304/1405 1273/1408 1281/1411 1305/1406 
f 1306/1429 1276/1432 1284/1437 1307/1430 
f 1308/1435 1277/1438 1285/1441 1309/1436 
f 1310/1393 1287/1388 1295/1387 1311/1394 
f 1312/1397 1288/1392 1296/1391 1313/1398 
f 1314/1417 1291/1404 1299/1403 1315/1418 
f 1316/1425 1292/1416 1300/1415 1317/1426 
f 1302/1383 1271/1382 1287/1443 1310/1446 
f 1303/1384 1280/1407 1296/1453 1311/1448 
f 1304/1405 1272/1386 1288/1447 1312/1450 
f 1305/1406 1281/1411 1297/1457 1313/1452 
f 1306/1429 1275/1424 1291/1459 1314/1462 
f 1307/1430 1284/1437 1300/1469 1315/1464 
f 1308/1435 1276/1432 1292/1463 1316/1466 
f 1309/1436 1285/1441 1301/1473 1317/1468 
f 1318/1421 1275/1424 1283/1431 1319/1422 
f 1320/1439 1270/1378 1278/1381 1321/1440 
f 1322/1413 1290/1400 1298/1399 1323/1414 
f 1324/1433 1293/1420 1301/1419 1325/1434 
f 1318/1421 1274/1412 1290/1455 1322/1458 
f 1319/1422 1283/1431 1299/1465 1323/1460 
f 1320/1439 1277/1438 1293/1467 1324/1470 
f 1321/1440 1278/1381 1294/1445 1325/1472 
f 1326/1379 1271/1382 1279/1385 1327/1380 
f 1328/1409 1274/1412 1282/1423 1329/1410 
f 1330/1389 1286/1428 1294/1427 1331/1390 
f 1332/1401 1289/1396 1297/1395 1333/1402 
f 1326/1379 1270/1378 1286/1471 1330/1442 
f 1327/1380 1279/1385 1295/1449 1331/1444 
f 1328/1409 1273/1408 1289/1451 1332/1454 
f 1329/1410 1282/1423 1298/1461 1333/1456 
# 64 polygons

