# 3ds Max Wavefront OBJ Exporter v0.97b - (c)2007 guruware
# File Created: 03.08.2021 16:02:24

#
# object 2?_????___???
#

v  18.508551 17.260500 6.151637
v  18.591007 17.258324 6.197392
v  18.592752 17.364830 6.203634
v  18.492014 17.346567 6.147205
v  18.410820 17.290237 6.064537
v  18.438681 17.228996 6.091598
v  18.461899 17.193731 6.102102
v  18.517536 17.211826 6.142540
v  18.580473 17.203918 6.173328
v  18.373095 17.205111 5.989461
v  18.405163 17.175797 6.039073
v  18.430367 17.158176 6.062720
v  18.365997 17.121271 5.955527
v  18.397446 17.118814 6.013423
v  18.419563 17.118345 6.045196
v  18.409206 17.067867 6.020296
v  18.378300 17.047653 5.965516
v  18.415991 16.975521 6.035343
v  18.444881 17.014343 6.067432
v  18.465288 17.040916 6.091029
v  18.431396 17.080425 6.053016
v  18.503721 16.936644 6.128572
v  18.517851 16.982279 6.130348
v  18.529926 17.020876 6.139681
v  18.627020 16.939831 6.178881
v  18.615513 16.987118 6.169199
v  18.606239 17.031509 6.167374
v  18.699625 16.967922 6.216452
v  18.684542 17.014778 6.197332
v  18.660501 17.053196 6.179805
v  18.725807 16.987938 6.247570
v  18.728769 17.062967 6.221968
v  18.707354 17.071327 6.206731
v  18.681213 17.084408 6.186279
v  18.722332 17.152473 6.223648
v  18.691545 17.144707 6.204954
v  18.666040 17.129494 6.189048
v  18.702894 17.237646 6.246243
v  18.651310 17.211933 6.211556
v  18.629429 17.172148 6.188203
v  18.691635 17.361034 6.234900
v  18.754881 16.987938 6.247570
v  18.751921 17.062967 6.221968
v  18.758356 17.152473 6.223648
v  18.777794 17.237646 6.246243
v  18.789053 17.361034 6.234900
v  18.527657 17.169716 6.162895
v  18.522932 17.185244 6.159271
v  18.473846 17.175156 6.126031
v  18.484121 17.164162 6.135851
v  18.498518 17.163120 6.066594
v  18.538849 17.167015 6.090199
v  18.590437 17.151232 6.097757
v  18.574402 17.158424 6.172235
v  18.576551 17.175173 6.176595
v  18.444527 17.146137 6.085688
v  18.456671 17.139145 6.100743
v  18.478428 17.139378 6.039359
v  18.433311 17.118004 6.067839
v  18.441254 17.117805 6.080341
v  18.446049 17.119951 6.084971
v  18.469837 17.119871 6.027082
v  18.454369 17.100529 6.092125
v  18.443918 17.093428 6.077545
v  18.474815 17.062683 6.114112
v  18.482653 17.074739 6.122881
v  18.504686 17.076645 6.056044
v  18.477533 17.101006 6.031260
v  18.470434 17.114868 6.020344
v  18.446703 17.115229 6.081306
v  18.536015 17.050121 6.153513
v  18.540939 17.066425 6.155732
v  18.564257 17.074350 6.084983
v  18.600695 17.062422 6.169635
v  18.596830 17.080282 6.167492
v  18.608812 17.089060 6.129259
v  18.636898 17.077921 6.171831
v  18.622534 17.090813 6.169531
v  18.619860 17.093956 6.164558
v  18.650557 17.091347 6.175036
v  18.632925 17.094532 6.171363
v  18.628090 17.096125 6.166877
v  18.641979 17.112564 6.180589
v  18.627348 17.103251 6.171692
v  18.623505 17.103609 6.166423
v  18.615429 17.144285 6.183984
v  18.606684 17.128141 6.173645
v  18.614986 17.122143 6.133221
v  18.621447 17.099663 6.163139
v  18.623726 17.106171 6.094724
v  18.447191 17.117577 6.081395
v  18.470581 17.117371 6.019434
v  18.488775 17.117367 5.961490
v  18.700884 16.930923 6.235998
v  18.726379 16.951555 6.274068
v  18.754309 16.951555 6.274068
v  18.719501 16.921900 6.300992
v  18.761187 16.921900 6.300992
v  18.691164 16.899944 6.254185
v  18.690920 16.873266 6.262858
v  18.714621 16.884972 6.309766
v  18.766068 16.884972 6.309766
v  18.630175 16.901625 6.191347
v  18.646912 16.877119 6.206583
v  18.651232 16.833782 6.208301
v  18.701859 16.837286 6.234762
v  18.793924 17.519949 6.158750
v  18.686764 17.519949 6.158750
v  18.578833 17.506739 6.124501
v  18.798071 17.639427 6.005770
v  18.682617 17.639427 6.005770
v  18.569866 17.613667 5.972794
v  18.798187 17.675085 5.797801
v  18.682503 17.675085 5.797801
v  18.570757 17.643517 5.792987
v  18.806223 17.631105 5.606707
v  18.674465 17.631105 5.606707
v  18.553141 17.602163 5.644504
v  18.661898 17.512796 5.472640
v  18.818790 17.512796 5.472640
v  18.823421 17.336287 5.393765
v  18.657267 17.336287 5.393765
v  18.517750 17.330761 5.457226
v  18.525146 17.493967 5.533749
v  18.661299 17.139338 5.375338
v  18.819389 17.139338 5.375338
v  18.805414 16.970905 5.405411
v  18.675274 16.970905 5.405411
v  18.547743 16.975485 5.465273
v  18.525188 17.140564 5.431820
v  18.805084 16.843212 5.460790
v  18.675604 16.843212 5.460790
v  18.565609 16.843994 5.525801
v  18.670654 16.706602 5.493593
v  18.810034 16.706602 5.493593
v  18.821960 16.542299 5.466215
v  18.658728 16.542299 5.466214
v  18.548872 16.506802 5.555367
v  18.564266 16.666292 5.581464
v  18.521904 16.750824 5.626440
v  18.516665 16.889650 6.136812
v  18.568499 16.833181 6.157089
v  18.355379 17.244617 5.897766
v  18.351204 17.127653 5.858970
v  18.361389 17.019855 5.870665
v  18.370625 17.139851 5.710883
v  18.363577 17.285612 5.758005
v  18.418501 17.315725 5.588836
v  18.428377 17.144472 5.547074
v  18.447863 16.977476 5.570588
v  18.385378 16.990866 5.720319
v  18.475647 17.460251 6.063530
v  18.393410 17.367008 5.977503
v  18.469198 17.547123 5.914059
v  18.392708 17.428900 5.836772
v  18.483498 17.575127 5.749552
v  18.433144 17.464453 5.667816
v  18.474371 16.830664 5.628887
v  18.394119 16.910975 5.938840
v  18.407270 16.842577 5.770784
v  18.458529 16.709173 5.862482
v  18.472546 16.734365 6.002182
v  18.442804 16.838871 6.025911
v  18.503761 16.677984 5.752136
v  18.720907 16.772791 6.244482
v  18.719490 16.798231 6.246481
v  18.672861 16.795965 6.219091
v  18.676172 16.774538 6.219229
v  18.681555 16.754684 6.207121
v  18.723394 16.751265 6.229888
v  18.757294 16.751265 6.229888
v  18.759781 16.772791 6.244482
v  18.761200 16.798231 6.246481
v  18.718290 16.685863 6.212176
v  18.717955 16.710222 6.221041
v  18.670631 16.721132 6.195093
v  18.669439 16.698540 6.184930
v  18.658766 16.673498 6.166613
v  18.716663 16.660789 6.198835
v  18.764025 16.660789 6.198835
v  18.762400 16.685863 6.212176
v  18.762733 16.710222 6.221041
v  18.696222 16.530951 6.033287
v  18.693233 16.543236 6.153483
v  18.603798 16.567867 6.096178
v  18.624636 16.556950 5.978152
v  18.696358 16.564968 5.919337
v  18.784330 16.564968 5.919337
v  18.784466 16.530951 6.033287
v  18.787455 16.543236 6.153483
v  18.664690 16.538773 5.794829
v  18.673937 16.598961 5.846253
v  18.564230 16.606249 5.868688
v  18.558300 16.592455 5.720350
v  18.563564 16.423668 5.710826
v  18.673420 16.364832 5.806273
v  18.807268 16.364832 5.806273
v  18.815998 16.538773 5.794829
v  18.806751 16.598961 5.846253
v  18.418890 16.373232 5.551905
v  18.428215 16.301174 5.715307
v  18.669636 16.346560 5.394438
v  18.460859 16.325535 5.399061
v  18.761854 16.730860 6.213986
v  18.718834 16.730860 6.213986
v  18.674004 16.736912 6.189900
v  18.629293 16.743757 6.147974
v  18.623714 16.736938 6.150261
v  18.612637 16.717196 6.136331
v  18.609070 16.793285 6.169312
v  18.622995 16.771334 6.169309
v  18.630878 16.756931 6.162369
v  18.589985 16.764912 6.128758
v  18.559618 16.779661 6.121295
v  18.565405 16.745123 6.104024
v  18.593292 16.751556 6.120656
v  18.602777 16.752268 6.120126
v  18.601372 16.758669 6.125971
v  18.775389 16.605221 6.198756
v  18.705299 16.605221 6.198756
v  18.628319 16.624727 6.152666
v  18.755127 16.812687 6.243098
v  18.725561 16.812687 6.243098
v  18.682415 16.754499 6.129068
v  18.723911 16.750153 6.139865
v  18.756777 16.750153 6.139865
v  18.761854 16.731405 6.132207
v  18.718834 16.731405 6.132207
v  18.674345 16.737301 6.120912
v  18.603806 16.758661 6.090475
v  18.631907 16.757515 6.108156
v  18.630320 16.743893 6.100946
v  18.605211 16.752064 6.087512
v  18.504450 16.805511 6.089499
v  18.517746 16.739590 6.066500
v  18.588690 16.692160 6.111753
v  18.554098 16.658625 6.081430
v  18.529394 16.618906 5.985143
v  18.701471 16.861799 6.263633
v  18.716240 16.865818 6.299596
v  18.734688 16.856722 6.277263
v  18.746000 16.856722 6.277263
v  18.764448 16.865818 6.299596
v  18.723480 16.879797 6.254269
v  18.718342 16.874599 6.282044
v  18.708170 16.870947 6.258206
v  18.721811 16.864450 6.242754
v  18.731985 16.868103 6.266593
v  18.726179 16.836454 6.240325
v  18.719919 16.852703 6.241300
v  18.754509 16.836454 6.240325
v  18.760769 16.852703 6.241300
v  18.674231 16.233131 5.886987
v  18.456610 16.241856 5.846633
v  18.452967 16.187103 5.887937
v  18.670898 16.165665 5.927322
v  18.809792 16.165665 5.927322
v  18.806458 16.233131 5.886987
v  18.441263 16.035904 5.959786
v  18.661310 16.015144 6.002882
v  18.819378 16.015144 6.002882
v  18.432667 15.730278 6.095486
v  18.646484 15.704708 6.136014
v  18.834204 15.704708 6.136014
v  18.811052 16.346560 5.394438
v  18.637001 15.493931 6.135427
v  18.438444 15.487669 6.085582
v  18.463215 15.092702 6.024098
v  18.645447 15.092986 6.076514
v  18.835241 15.092986 6.076514
v  18.843687 15.493931 6.135427
v  18.500355 14.646873 6.018534
v  18.672476 14.612629 6.067531
v  18.808212 14.612630 6.067531
v  18.481895 15.743798 5.256855
v  18.685993 15.708732 5.312049
v  18.688675 15.410270 5.375398
v  18.505489 15.433334 5.336755
v  18.283403 15.467424 5.388807
v  18.218000 15.806911 5.259311
v  18.185928 16.098736 5.317661
v  18.480955 16.087172 5.286552
v  18.692110 16.069008 5.322256
v  18.180931 16.068644 5.830347
v  18.192930 16.188690 5.783699
v  18.116295 16.211771 5.684340
v  18.101746 16.235128 5.581697
v  17.974922 16.186403 5.584421
v  18.025200 16.045765 5.732813
v  18.098349 15.791764 5.734467
v  18.218452 15.786604 5.909152
v  18.708649 14.335935 5.636489
v  18.697451 14.371165 6.024974
v  18.522652 14.406818 5.996827
v  18.520010 14.123338 5.958374
v  18.675617 14.162511 5.644279
v  18.530956 14.252085 5.297019
v  18.534746 14.570773 5.255809
v  18.708767 14.577629 5.306640
v  18.771921 14.577629 5.306640
v  18.772039 14.335935 5.636489
v  18.783237 14.371165 6.024974
v  18.207188 15.484320 5.604037
v  18.124542 15.668281 5.503147
v  18.068569 15.821717 5.280981
v  18.324545 15.056704 5.493994
v  18.259077 15.061960 5.684890
v  18.324215 15.075811 5.881240
v  18.282387 15.483965 5.903119
v  18.225140 16.250267 5.683563
v  18.220543 16.216560 5.770659
v  18.301899 14.753661 5.454316
v  18.211760 14.726045 5.665854
v  18.310356 14.692513 5.880867
v  18.788578 16.069008 5.322256
v  18.794697 15.708732 5.312049
v  18.792013 15.410270 5.375398
v  18.214840 16.273190 5.461704
v  18.526670 15.047341 5.395494
v  18.695097 15.031387 5.414109
v  18.701948 14.733282 5.365804
v  18.534220 14.756182 5.345628
v  18.280474 14.489884 5.889112
v  18.156878 14.555499 5.648522
v  18.113615 14.336404 5.652523
v  18.247698 14.227763 5.901767
v  18.785591 15.031387 5.414109
v  18.778740 14.733282 5.365804
v  18.267925 14.567974 5.368662
v  18.237993 16.294464 5.574882
v  17.992100 16.085838 5.363908
v  18.241266 14.321552 5.361869
v  18.497744 13.720821 5.933767
v  18.655479 13.737318 5.664042
v  18.513960 13.824727 5.378883
v  18.210405 13.911405 5.383166
v  18.068819 13.896429 5.642383
v  18.214636 13.793255 5.907825
v  18.260962 10.706282 6.171801
v  18.362181 10.747864 6.174491
v  18.247883 10.743532 6.282726
v  18.068607 10.743532 6.243634
v  18.076294 10.706282 6.119510
v  18.088936 10.706282 5.950509
v  18.273872 10.706018 5.996930
v  18.377474 10.756264 6.010118
v  17.959774 10.747864 6.075224
v  17.977810 10.756529 5.916044
v  18.302971 10.706020 5.753240
v  18.415770 10.779403 5.745845
v  18.135504 10.706283 5.746333
v  18.190165 10.704604 5.477384
v  18.337700 10.704604 5.481284
v  18.445538 10.801018 5.476108
v  18.033781 10.779667 5.723568
v  18.095062 10.801018 5.460349
v  18.211386 10.803566 5.314947
v  18.356403 10.803565 5.342329
v  18.268610 10.915459 6.168849
v  18.251877 10.827499 6.282585
v  18.370092 10.843472 6.177284
v  18.386734 10.868044 6.009412
v  18.283422 10.950350 5.994569
v  18.082495 10.936594 5.949021
v  18.075668 10.895664 6.115822
v  18.067827 10.821723 6.240824
v  17.971077 10.854288 5.916211
v  17.959412 10.823678 6.077281
v  18.291119 11.022410 5.791995
v  18.407078 10.932470 5.766020
v  18.436989 10.999128 5.498897
v  18.395416 11.121115 5.532779
v  18.298256 11.121114 5.654741
v  18.159990 11.121114 5.633205
v  18.123331 11.022672 5.763753
v  18.137495 11.121114 5.492417
v  18.100845 10.999128 5.466248
v  18.024773 10.932734 5.722409
v  18.218863 11.002514 5.331833
v  18.361725 11.002514 5.355828
v  18.229406 11.121114 5.378633
v  18.349060 11.121115 5.397459
v  18.387274 11.159651 5.519311
v  18.294130 11.159651 5.633425
v  18.172194 11.159651 5.618186
v  18.135071 11.159651 5.489954
v  18.215225 11.159651 5.377824
v  18.345491 11.159651 5.391943
v  18.395798 11.298634 5.499731
v  18.304817 11.298634 5.618749
v  18.199898 11.298634 5.613670
v  18.142082 11.298634 5.489945
v  18.207262 11.298634 5.372743
v  18.356060 11.298634 5.377450
v  18.335461 11.761850 5.653003
v  18.247755 11.761850 5.653003
v  18.457483 11.838906 5.484321
v  18.508499 12.565500 5.551288
v  18.400644 12.420027 5.725365
v  18.272123 12.420027 5.725365
v  18.118450 11.838905 5.484321
v  18.136946 12.565500 5.551288
v  18.157560 11.931527 5.274420
v  18.191315 12.707265 5.335993
v  18.408886 11.931528 5.274420
v  18.434349 12.707266 5.335993
v  18.465155 13.307295 5.912145
v  18.237280 13.333933 5.904729
v  18.255383 13.045763 5.866314
v  18.461454 13.045763 5.866314
v  18.537699 13.007935 5.718660
v  18.573481 13.259577 5.676026
v  18.125490 13.321559 5.660401
v  18.169956 13.007935 5.718660
v  18.237074 13.301327 5.426128
v  18.169956 12.895927 5.672093
v  18.457190 13.265982 5.434337
v  18.537699 12.895927 5.672093
v  18.461454 12.839203 5.796464
v  18.255383 12.839203 5.796464
v  18.038616 15.455839 5.440765
v  17.915838 15.509718 5.313781
v  17.967314 15.682138 5.325139
v  18.066162 15.616625 5.470165
v  18.032801 15.663390 5.663092
v  18.020767 15.472318 5.645376
v  17.974325 15.210728 5.606833
v  17.979443 15.209826 5.413995
v  17.850788 15.252729 5.321005
v  17.762505 15.556244 5.424604
v  17.799959 15.786219 5.421621
v  17.712685 15.295723 5.413995
v  17.762505 15.556244 5.629215
v  17.783758 15.798895 5.619282
v  17.717802 15.294820 5.606833
v  17.897991 15.526197 5.723002
v  17.917753 15.741579 5.715727
v  17.850788 15.252729 5.706680
v  17.917149 14.923141 5.631483
v  17.957888 14.976903 5.445831
v  17.819923 15.014266 5.330754
v  17.648878 15.012475 5.427746
v  17.669264 14.953505 5.625466
v  17.799570 14.901535 5.714127
v  18.052889 15.731194 5.695039
v  18.079802 15.651938 5.475866
v  18.000969 15.766176 5.294986
v  17.858719 15.992570 5.383369
v  17.831663 16.053436 5.608417
v  17.947004 15.906296 5.739207
v  17.832228 14.545610 5.766254
v  17.868013 14.584303 5.606279
v  17.751917 14.612713 5.491551
v  17.601095 14.622041 5.581234
v  17.616199 14.579945 5.753277
v  17.731236 14.531925 5.823570
v  17.754251 14.314957 5.852164
v  17.753403 14.284703 5.756465
v  17.686401 14.285394 5.696075
v  17.609598 14.319345 5.743320
v  17.607822 14.350231 5.838778
v  17.685474 14.346535 5.887232
v  17.668470 13.933271 6.083739
v  17.611616 13.950226 6.114034
v  17.588079 13.856616 6.152182
v  17.635435 13.836859 6.118116
v  17.579473 13.810924 6.086259
v  17.572578 13.798664 6.084085
v  17.628582 13.787235 6.045588
v  17.643732 13.872683 6.013544
v  17.669239 13.997952 5.968147
v  17.696657 14.029815 6.046598
v  17.699039 14.007011 6.086952
v  17.629076 14.012146 6.091917
v  17.571394 13.767408 6.010073
v  17.575577 13.765665 6.001311
v  17.632954 13.761110 5.960319
v  17.645769 13.847491 5.931360
v  17.669594 13.970593 5.887555
v  17.581743 13.750813 5.921483
v  17.583763 13.767494 5.906869
v  17.629574 13.769901 5.872527
v  17.653885 13.832506 5.849557
v  17.675276 13.929578 5.814153
v  17.592207 13.768276 5.839814
v  17.603113 13.844479 5.801951
v  17.614246 13.932574 5.767371
v  17.707989 14.135171 5.920720
v  17.706499 14.150216 6.001648
v  17.712013 14.135139 6.080266
v  17.711317 14.062809 6.112699
v  17.706247 14.107044 5.826833
v  17.695229 14.050352 5.764813
v  17.638332 14.023418 5.745050
v  17.538839 13.954875 6.075480
v  17.532116 13.830681 6.120325
v  17.556646 14.026346 6.079000
v  17.551985 14.069618 6.034074
v  17.531847 14.061045 5.946110
v  17.513777 13.905428 6.001487
v  17.515390 13.778837 6.048568
v  17.533693 14.030140 5.860518
v  17.519489 13.879900 5.916313
v  17.524366 13.755368 5.962475
v  17.552038 13.987088 5.787889
v  17.542858 13.865842 5.834230
v  17.546396 13.765869 5.874156
v  17.589167 14.080799 6.107120
v  17.601767 14.157861 6.073516
v  17.577236 14.183367 5.992455
v  17.562895 14.178362 5.905913
v  17.567808 14.146683 5.810311
v  17.584377 14.085286 5.750077
v  17.652676 14.122562 5.732391
v  17.593208 14.243279 5.770283
v  17.663958 14.213217 5.721727
v  17.729383 14.212136 5.782101
v  17.645803 14.219711 5.978646
v  17.729626 14.241126 5.881313
v  17.659365 14.273154 5.919408
v  17.588373 14.274227 5.868752
v  17.655542 14.176352 6.057403
v  17.668146 14.131442 6.119008
v  17.671501 14.092239 6.162705
v  17.691343 13.781864 6.226789
v  17.661633 13.839652 6.190459
v  17.719013 13.839761 6.200418
v  17.699980 13.840017 6.246894
v  17.642601 13.839909 6.236936
v  17.637259 13.965735 6.135741
v  17.612167 13.994355 6.180184
v  17.680866 14.008047 6.206880
v  17.705957 13.979427 6.162436
v  17.701839 13.911694 6.183419
v  17.641573 13.903052 6.178914
v  17.627790 13.927711 6.228042
v  17.688057 13.936352 6.232547
v  17.603363 13.637594 5.920305
v  17.576046 13.644413 5.942927
v  17.574627 13.626346 5.948191
v  17.597181 13.620116 5.926643
v  17.574785 13.610984 5.905984
v  17.576212 13.628211 5.898413
v  17.576876 13.660678 5.886699
v  17.606655 13.670471 5.908352
v  17.576710 13.676814 5.931037
v  17.548895 13.635030 5.921035
v  17.552233 13.617213 5.927532
v  17.546930 13.667021 5.909385
v  17.580200 13.544757 5.954007
v  17.594215 13.564527 5.946864
v  17.578800 13.566563 5.964963
v  17.563509 13.556452 5.949688
v  17.578924 13.554416 5.931590
v  17.604940 13.693368 5.900012
v  17.575649 13.699524 5.922209
v  17.546520 13.689902 5.901055
v  17.611156 13.725088 5.888422
v  17.577282 13.729661 5.913568
v  17.575066 13.708181 5.919056
v  17.605217 13.701989 5.896876
v  17.575228 13.692404 5.875706
v  17.578136 13.715875 5.864716
v  17.597021 13.595011 5.935780
v  17.575552 13.584682 5.916947
v  17.573677 13.603619 5.908661
v  17.596455 13.613561 5.929027
v  17.573521 13.618980 5.950868
v  17.575403 13.599152 5.956704
v  17.544262 13.720447 5.889862
v  17.545076 13.698596 5.897886
v  17.553934 13.588822 5.937871
v  17.550743 13.609037 5.930502
v  17.575811 13.683746 5.878859
v  17.607512 13.599823 6.019744
v  17.573059 13.608422 6.048275
v  17.571270 13.585635 6.054915
v  17.599712 13.577780 6.027738
v  17.571468 13.566262 6.001682
v  17.573269 13.587990 5.992134
v  17.574104 13.628937 5.977360
v  17.611664 13.641289 6.004668
v  17.573895 13.649289 6.033279
v  17.538815 13.596588 6.020665
v  17.543024 13.574118 6.028859
v  17.536335 13.636936 6.005971
v  17.578297 13.482735 6.062250
v  17.595974 13.507669 6.053241
v  17.576532 13.510236 6.076067
v  17.557247 13.497484 6.056803
v  17.576689 13.494917 6.033977
v  17.609501 13.670167 5.994150
v  17.572557 13.677931 6.022145
v  17.535820 13.665796 5.995465
v  17.616915 13.707977 5.980417
v  17.573599 13.716110 6.011180
v  17.571821 13.688848 6.018169
v  17.609848 13.681040 5.990194
v  17.572025 13.668950 5.963494
v  17.573824 13.694330 5.951336
v  17.599512 13.546116 6.039261
v  17.572435 13.533089 6.015509
v  17.570072 13.556973 6.005058
v  17.598797 13.569511 6.030744
v  17.569872 13.576346 6.058290
v  17.572248 13.551338 6.065651
v  17.530508 13.702464 5.982100
v  17.533998 13.676760 5.991468
v  17.545170 13.538310 6.041899
v  17.541145 13.563807 6.032605
v  17.572762 13.658032 5.967471
v  17.594181 13.614283 6.109755
v  17.559565 13.622029 6.138596
v  17.557276 13.596638 6.146181
v  17.585867 13.589542 6.118728
v  17.557476 13.577264 6.092948
v  17.559774 13.601597 6.082454
v  17.561520 13.647283 6.065958
v  17.599268 13.660618 6.092910
v  17.561310 13.667635 6.121879
v  17.525158 13.609343 6.111295
v  17.528885 13.584358 6.120402
v  17.523561 13.654300 6.094927
v  17.562265 13.483109 6.157377
v  17.580561 13.511265 6.147197
v  17.560934 13.512868 6.170374
v  17.541464 13.499152 6.151460
v  17.561090 13.497549 6.128283
v  17.597734 13.692787 6.081196
v  17.560608 13.699584 6.109543
v  17.523684 13.686481 6.083214
v  17.606014 13.735107 6.065825
v  17.563496 13.741913 6.097075
v  17.560108 13.711749 6.105114
v  17.598326 13.704922 6.076782
v  17.560314 13.691850 6.050439
v  17.563719 13.720133 6.037231
v  17.584965 13.554220 6.131580
v  17.557699 13.540215 6.108183
v  17.555868 13.566875 6.096724
v  17.584764 13.580303 6.122087
v  17.555668 13.586249 6.149956
v  17.557512 13.558464 6.158326
v  17.521200 13.726938 6.068481
v  17.522099 13.698676 6.078771
v  17.530247 13.544458 6.134929
v  17.526772 13.572821 6.124593
v  17.560812 13.679686 6.054868
v  17.610394 13.677341 6.176587
v  17.575941 13.685942 6.205118
v  17.574152 13.663155 6.211757
v  17.602596 13.655298 6.184581
v  17.574350 13.643781 6.158525
v  17.576151 13.665508 6.148976
v  17.576986 13.706455 6.134202
v  17.614548 13.718808 6.161511
v  17.576778 13.726808 6.190122
v  17.541698 13.674108 6.177507
v  17.545906 13.651636 6.185701
v  17.539219 13.714456 6.162814
v  17.581181 13.560253 6.219092
v  17.598858 13.585188 6.210083
v  17.579414 13.587754 6.232910
v  17.560129 13.575003 6.213645
v  17.579571 13.572435 6.190819
v  17.612383 13.747685 6.150993
v  17.575441 13.755449 6.178988
v  17.538702 13.743315 6.152308
v  17.619797 13.785496 6.137259
v  17.577499 13.793459 6.168089
v  17.574703 13.766368 6.175011
v  17.612732 13.758558 6.147037
v  17.574907 13.746469 6.120337
v  17.577724 13.771678 6.108245
v  17.602396 13.623635 6.196104
v  17.575317 13.610607 6.172351
v  17.572954 13.634491 6.161901
v  17.601681 13.647031 6.187586
v  17.572756 13.653866 6.215133
v  17.575130 13.628858 6.222494
v  17.535427 13.779641 6.139075
v  17.536880 13.754278 6.148311
v  17.548054 13.615829 6.198741
v  17.544029 13.641325 6.189447
v  17.575645 13.735551 6.124313
v  17.644426 13.888871 6.183453
v  17.703558 13.896959 6.186962
v  17.630617 13.913486 6.232597
v  17.689749 13.921575 6.236106
v  18.972137 17.260500 6.151637
v  18.988674 17.346567 6.147205
v  18.887936 17.364830 6.203634
v  18.889681 17.258324 6.197392
v  18.900215 17.203918 6.173328
v  18.963152 17.211826 6.142540
v  19.018789 17.193731 6.102101
v  19.042007 17.228996 6.091598
v  19.069868 17.290237 6.064537
v  19.050322 17.158176 6.062720
v  19.075525 17.175797 6.039073
v  19.107594 17.205111 5.989461
v  19.061125 17.118345 6.045196
v  19.083242 17.118814 6.013423
v  19.114691 17.121271 5.955527
v  19.071484 17.067867 6.020296
v  19.102388 17.047653 5.965516
v  19.049292 17.080425 6.053016
v  19.015400 17.040916 6.091029
v  19.035807 17.014343 6.067432
v  19.064697 16.975521 6.035343
v  18.950762 17.020876 6.139681
v  18.962837 16.982279 6.130348
v  18.976967 16.936644 6.128572
v  18.874449 17.031509 6.167374
v  18.865175 16.987118 6.169199
v  18.853668 16.939831 6.178881
v  18.820187 17.053196 6.179805
v  18.796146 17.014778 6.197332
v  18.781063 16.967922 6.216452
v  18.799477 17.084408 6.186279
v  18.773335 17.071327 6.206731
v  18.814648 17.129494 6.189048
v  18.789143 17.144707 6.204954
v  18.851259 17.172148 6.188203
v  18.829380 17.211933 6.211556
v  18.953032 17.169716 6.162895
v  18.996567 17.164162 6.135851
v  19.006842 17.175156 6.126031
v  18.957756 17.185244 6.159271
v  18.904137 17.175173 6.176595
v  18.906286 17.158424 6.172235
v  18.890251 17.151232 6.097757
v  18.941839 17.167015 6.090199
v  18.982170 17.163120 6.066594
v  19.024017 17.139145 6.100743
v  19.036161 17.146137 6.085688
v  19.002260 17.139378 6.039359
v  19.034641 17.119951 6.084971
v  19.039434 17.117805 6.080341
v  19.047377 17.118004 6.067839
v  19.010851 17.119871 6.027082
v  19.026321 17.100529 6.092125
v  18.998037 17.074739 6.122881
v  19.005873 17.062683 6.114112
v  19.036770 17.093428 6.077545
v  19.033987 17.115229 6.081306
v  19.010254 17.114868 6.020344
v  19.003155 17.101006 6.031260
v  18.976004 17.076645 6.056044
v  18.939749 17.066425 6.155732
v  18.944674 17.050121 6.153513
v  18.916431 17.074350 6.084983
v  18.883858 17.080282 6.167492
v  18.879993 17.062422 6.169635
v  18.871876 17.089060 6.129259
v  18.858154 17.090813 6.169531
v  18.843792 17.077921 6.171831
v  18.860828 17.093956 6.164558
v  18.847763 17.094532 6.171363
v  18.830133 17.091347 6.175036
v  18.852598 17.096125 6.166877
v  18.853340 17.103251 6.171692
v  18.838709 17.112564 6.180589
v  18.857183 17.103609 6.166423
v  18.874004 17.128141 6.173645
v  18.865259 17.144285 6.183984
v  18.865704 17.122143 6.133221
v  18.856962 17.106171 6.094724
v  18.859241 17.099663 6.163139
v  19.033497 17.117577 6.081395
v  19.010107 17.117371 6.019434
v  18.991913 17.117367 5.961490
v  18.779806 16.930923 6.235998
v  18.789768 16.873266 6.262858
v  18.789524 16.899944 6.254185
v  18.778830 16.837286 6.234762
v  18.829456 16.833782 6.208301
v  18.833776 16.877119 6.206583
v  18.850513 16.901625 6.191347
v  18.901857 17.506739 6.124501
v  18.910822 17.613667 5.972794
v  18.909931 17.643517 5.792987
v  18.927547 17.602163 5.644504
v  18.955542 17.493967 5.533749
v  18.962940 17.330761 5.457226
v  18.955500 17.140564 5.431820
v  18.932945 16.975485 5.465273
v  18.915079 16.843994 5.525801
v  18.958784 16.750824 5.626440
v  18.916422 16.666292 5.581464
v  18.931816 16.506802 5.555367
v  18.912189 16.833181 6.157089
v  18.964024 16.889650 6.136812
v  19.119299 17.019855 5.870665
v  19.129484 17.127653 5.858970
v  19.125309 17.244617 5.897766
v  19.110064 17.139851 5.710883
v  19.117111 17.285612 5.758005
v  19.095310 16.990866 5.720319
v  19.032825 16.977476 5.570588
v  19.052311 17.144472 5.547074
v  19.062187 17.315725 5.588836
v  19.087280 17.367008 5.977503
v  19.005041 17.460251 6.063530
v  19.087980 17.428900 5.836772
v  19.011490 17.547123 5.914059
v  19.047544 17.464453 5.667816
v  18.997190 17.575127 5.749552
v  19.006317 16.830664 5.628887
v  19.086569 16.910975 5.938840
v  19.073418 16.842577 5.770784
v  19.037884 16.838871 6.025911
v  19.008142 16.734365 6.002182
v  19.022160 16.709173 5.862482
v  18.976927 16.677984 5.752136
v  18.804516 16.774538 6.219229
v  18.807827 16.795965 6.219091
v  18.799133 16.754684 6.207121
v  18.811249 16.698540 6.184930
v  18.810057 16.721132 6.195093
v  18.821922 16.673498 6.166613
v  18.856052 16.556950 5.978152
v  18.876890 16.567867 6.096178
v  18.922388 16.592455 5.720350
v  18.916458 16.606249 5.868688
v  18.917126 16.423668 5.710826
v  19.052473 16.301174 5.715307
v  19.061798 16.373230 5.551905
v  19.019829 16.325535 5.399061
v  18.806684 16.736912 6.189900
v  18.868053 16.717196 6.136331
v  18.856976 16.736938 6.150261
v  18.851395 16.743757 6.147974
v  18.849810 16.756931 6.162369
v  18.857693 16.771334 6.169309
v  18.871620 16.793285 6.169312
v  18.890703 16.764912 6.128758
v  18.921070 16.779661 6.121295
v  18.879316 16.758669 6.125971
v  18.877911 16.752270 6.120126
v  18.887396 16.751556 6.120656
v  18.915283 16.745123 6.104024
v  18.852369 16.624727 6.152666
v  18.798275 16.754499 6.129068
v  18.806343 16.737301 6.120912
v  18.848783 16.757515 6.108156
v  18.876883 16.758661 6.090475
v  18.850368 16.743893 6.100946
v  18.875477 16.752064 6.087512
v  18.976238 16.805511 6.089499
v  18.891998 16.692160 6.111753
v  18.962942 16.739590 6.066500
v  18.951294 16.618906 5.985143
v  18.926590 16.658625 6.081430
v  18.779217 16.861799 6.263633
v  18.757208 16.879797 6.254269
v  18.772520 16.870947 6.258206
v  18.762346 16.874599 6.282044
v  18.748703 16.868103 6.266593
v  18.758877 16.864450 6.242754
v  19.024078 16.241856 5.846633
v  19.027721 16.187103 5.887937
v  19.039425 16.035904 5.959786
v  19.048021 15.730278 6.095486
v  19.042244 15.487669 6.085582
v  19.017475 15.092702 6.024098
v  18.980333 14.646873 6.018534
v  18.998793 15.743798 5.256855
v  18.975199 15.433334 5.336755
v  18.999735 16.087172 5.286552
v  19.294760 16.098736 5.317661
v  19.262688 15.806911 5.259311
v  19.197285 15.467424 5.388807
v  19.299757 16.068644 5.830347
v  19.455488 16.045765 5.732813
v  19.505766 16.186403 5.584421
v  19.378944 16.235128 5.581698
v  19.364395 16.211771 5.684340
v  19.287758 16.188690 5.783699
v  19.262238 15.786604 5.909152
v  19.382339 15.791763 5.734467
v  18.805071 14.162511 5.644279
v  18.960678 14.123338 5.958374
v  18.958038 14.406818 5.996827
v  18.945944 14.570773 5.255809
v  18.949732 14.252085 5.297019
v  19.273500 15.484320 5.604037
v  19.412119 15.821717 5.280981
v  19.356148 15.668281 5.503147
v  19.198303 15.483965 5.903119
v  19.156473 15.075811 5.881240
v  19.221611 15.061960 5.684890
v  19.156143 15.056704 5.493994
v  19.260145 16.216560 5.770659
v  19.255548 16.250267 5.683563
v  19.170332 14.692513 5.880867
v  19.268929 14.726045 5.665854
v  19.178789 14.753662 5.454316
v  19.265848 16.273190 5.461704
v  18.954020 15.047341 5.395494
v  18.946468 14.756182 5.345628
v  19.200214 14.489885 5.889112
v  19.232990 14.227763 5.901767
v  19.367073 14.336404 5.652523
v  19.323811 14.555500 5.648522
v  19.212763 14.567974 5.368662
v  19.488590 16.085838 5.363908
v  19.242695 16.294464 5.574883
v  19.239424 14.321552 5.361869
v  18.966728 13.824728 5.378883
v  18.825211 13.737318 5.664042
v  18.982946 13.720821 5.933767
v  19.270283 13.911405 5.383166
v  19.411871 13.896429 5.642383
v  19.266052 13.793255 5.907825
v  19.219727 10.706282 6.171801
v  19.232805 10.743532 6.282726
v  19.118507 10.747864 6.174491
v  19.103214 10.756264 6.010118
v  19.206816 10.706018 5.996930
v  19.391752 10.706282 5.950509
v  19.404394 10.706282 6.119510
v  19.412081 10.743532 6.243634
v  19.502878 10.756529 5.916044
v  19.520914 10.747864 6.075224
v  19.177717 10.706018 5.753240
v  19.064919 10.779403 5.745845
v  19.035151 10.801018 5.476108
v  19.142988 10.704604 5.481284
v  19.290524 10.704604 5.477384
v  19.345184 10.706283 5.746333
v  19.385626 10.801020 5.460349
v  19.446907 10.779667 5.723568
v  19.124285 10.803565 5.342329
v  19.269302 10.803565 5.314947
v  19.212078 10.915459 6.168849
v  19.110598 10.843472 6.177284
v  19.228811 10.827499 6.282585
v  19.412861 10.821723 6.240824
v  19.405020 10.895664 6.115822
v  19.398195 10.936594 5.949021
v  19.197266 10.950350 5.994569
v  19.093956 10.868044 6.009412
v  19.521276 10.823677 6.077281
v  19.509611 10.854288 5.916211
v  19.189571 11.022410 5.791995
v  19.073610 10.932470 5.766020
v  19.357357 11.022672 5.763753
v  19.320698 11.121113 5.633205
v  19.182432 11.121113 5.654741
v  19.085272 11.121115 5.532779
v  19.043699 10.999128 5.498897
v  19.455915 10.932734 5.722409
v  19.379843 10.999128 5.466248
v  19.343193 11.121114 5.492417
v  19.261827 11.002514 5.331833
v  19.118963 11.002514 5.355828
v  19.251284 11.121115 5.378633
v  19.131628 11.121115 5.397459
v  19.308495 11.159651 5.618186
v  19.186558 11.159651 5.633425
v  19.093414 11.159651 5.519311
v  19.345617 11.159651 5.489954
v  19.265463 11.159651 5.377824
v  19.135199 11.159651 5.391943
v  19.280790 11.298635 5.613670
v  19.175871 11.298634 5.618749
v  19.084890 11.298634 5.499731
v  19.338606 11.298634 5.489945
v  19.273426 11.298634 5.372743
v  19.124628 11.298634 5.377450
v  19.145227 11.761850 5.653003
v  19.232933 11.761850 5.653003
v  19.208565 12.420027 5.725365
v  19.080044 12.420028 5.725365
v  18.972189 12.565500 5.551288
v  19.023205 11.838906 5.484321
v  19.362238 11.838905 5.484321
v  19.343742 12.565500 5.551288
v  19.323128 11.931526 5.274420
v  19.289373 12.707265 5.335993
v  19.071802 11.931527 5.274420
v  19.046339 12.707266 5.335993
v  19.015533 13.307295 5.912145
v  19.019234 13.045763 5.866314
v  19.225306 13.045763 5.866314
v  19.243408 13.333933 5.904729
v  18.907207 13.259577 5.676026
v  18.942989 13.007935 5.718660
v  19.310732 13.007935 5.718660
v  19.355198 13.321559 5.660401
v  19.310732 12.895927 5.672093
v  19.243614 13.301327 5.426128
v  19.023499 13.265982 5.434337
v  18.942989 12.895927 5.672093
v  19.019234 12.839203 5.796464
v  19.225306 12.839203 5.796464
v  19.442074 15.455839 5.440765
v  19.414528 15.616625 5.470165
v  19.513374 15.682138 5.325139
v  19.564850 15.509718 5.313781
v  19.629900 15.252729 5.321005
v  19.501245 15.209826 5.413995
v  19.506365 15.210728 5.606833
v  19.459921 15.472318 5.645376
v  19.447887 15.663390 5.663092
v  19.680729 15.786219 5.421621
v  19.718184 15.556244 5.424604
v  19.768003 15.295722 5.413995
v  19.696930 15.798895 5.619282
v  19.718184 15.556244 5.629215
v  19.762886 15.294820 5.606833
v  19.562935 15.741579 5.715727
v  19.582697 15.526197 5.723002
v  19.629900 15.252729 5.706680
v  19.660765 15.014266 5.330754
v  19.522800 14.976903 5.445831
v  19.563541 14.923141 5.631483
v  19.831810 15.012475 5.427746
v  19.811424 14.953505 5.625466
v  19.681118 14.901535 5.714127
v  19.479719 15.766176 5.294986
v  19.400888 15.651938 5.475866
v  19.427799 15.731194 5.695039
v  19.621969 15.992571 5.383369
v  19.649025 16.053436 5.608417
v  19.533686 15.906296 5.739207
v  19.728771 14.612713 5.491551
v  19.612675 14.584303 5.606279
v  19.648460 14.545610 5.766254
v  19.879593 14.622040 5.581234
v  19.864489 14.579945 5.753277
v  19.749453 14.531925 5.823570
v  19.794287 14.285394 5.696075
v  19.727285 14.284702 5.756465
v  19.726437 14.314957 5.852164
v  19.871090 14.319345 5.743320
v  19.872866 14.350231 5.838778
v  19.795214 14.346535 5.887232
v  19.812218 13.933271 6.083739
v  19.845253 13.836859 6.118116
v  19.892609 13.856617 6.152182
v  19.869072 13.950226 6.114034
v  19.851612 14.012146 6.091917
v  19.781651 14.007011 6.086952
v  19.784031 14.029815 6.046598
v  19.811449 13.997952 5.968147
v  19.836958 13.872683 6.013544
v  19.852108 13.787235 6.045588
v  19.908112 13.798664 6.084085
v  19.901217 13.810924 6.086259
v  19.811094 13.970593 5.887555
v  19.834919 13.847491 5.931359
v  19.847734 13.761110 5.960319
v  19.905111 13.765665 6.001311
v  19.909294 13.767408 6.010073
v  19.805412 13.929577 5.814153
v  19.826805 13.832506 5.849557
v  19.851114 13.769901 5.872527
v  19.896925 13.767494 5.906869
v  19.898945 13.750813 5.921483
v  19.866442 13.932575 5.767371
v  19.877577 13.844479 5.801951
v  19.888483 13.768276 5.839814
v  19.769371 14.062809 6.112699
v  19.768675 14.135139 6.080266
v  19.774189 14.150216 6.001648
v  19.772699 14.135171 5.920720
v  19.774441 14.107044 5.826833
v  19.785461 14.050352 5.764813
v  19.842358 14.023418 5.745050
v  19.941849 13.954876 6.075480
v  19.948572 13.830681 6.120325
v  19.965298 13.778837 6.048568
v  19.966911 13.905428 6.001487
v  19.948841 14.061045 5.946110
v  19.928703 14.069618 6.034074
v  19.924042 14.026345 6.079000
v  19.956322 13.755367 5.962475
v  19.961199 13.879900 5.916313
v  19.946995 14.030140 5.860518
v  19.934292 13.765869 5.874156
v  19.937830 13.865842 5.834230
v  19.928650 13.987088 5.787889
v  19.891521 14.080799 6.107120
v  19.917793 14.178362 5.905913
v  19.903452 14.183367 5.992455
v  19.878922 14.157861 6.073516
v  19.912880 14.146684 5.810311
v  19.896311 14.085286 5.750077
v  19.828012 14.122562 5.732391
v  19.751305 14.212136 5.782101
v  19.816730 14.213217 5.721727
v  19.887482 14.243279 5.770283
v  19.834885 14.219711 5.978646
v  19.821323 14.273154 5.919408
v  19.751062 14.241125 5.881313
v  19.825146 14.176352 6.057403
v  19.892315 14.274227 5.868752
v  19.812544 14.131442 6.119008
v  19.809187 14.092239 6.162705
v  19.789345 13.781863 6.226789
v  19.761677 13.839761 6.200418
v  19.819056 13.839652 6.190459
v  19.838087 13.839909 6.236936
v  19.780708 13.840017 6.246894
v  19.868523 13.994355 6.180184
v  19.843431 13.965735 6.135741
v  19.799822 14.008047 6.206880
v  19.774731 13.979427 6.162436
v  19.852898 13.927711 6.228042
v  19.839115 13.903052 6.178914
v  19.778849 13.911694 6.183419
v  19.792631 13.936352 6.232547
v  19.877325 13.637594 5.920305
v  19.883509 13.620116 5.926643
v  19.906061 13.626345 5.948191
v  19.904642 13.644412 5.942927
v  19.903978 13.676814 5.931037
v  19.874033 13.670471 5.908352
v  19.903812 13.660677 5.886699
v  19.904476 13.628211 5.898413
v  19.905903 13.610984 5.905984
v  19.931793 13.635030 5.921035
v  19.928455 13.617212 5.927532
v  19.933760 13.667021 5.909385
v  19.900488 13.544757 5.954007
v  19.901888 13.566563 5.964963
v  19.886473 13.564527 5.946864
v  19.901764 13.554416 5.931590
v  19.917179 13.556452 5.949688
v  19.905039 13.699524 5.922209
v  19.875748 13.693368 5.900012
v  19.934168 13.689903 5.901055
v  19.869532 13.725088 5.888422
v  19.875473 13.701989 5.896876
v  19.905622 13.708181 5.919056
v  19.903406 13.729661 5.913568
v  19.902552 13.715875 5.864716
v  19.905460 13.692404 5.875706
v  19.883667 13.595011 5.935780
v  19.884233 13.613561 5.929027
v  19.907011 13.603619 5.908661
v  19.905136 13.584682 5.916947
v  19.905285 13.599152 5.956704
v  19.907167 13.618980 5.950868
v  19.936426 13.720447 5.889862
v  19.935612 13.698595 5.897886
v  19.926754 13.588822 5.937871
v  19.929945 13.609037 5.930502
v  19.904877 13.683746 5.878859
v  19.873177 13.599823 6.019744
v  19.880976 13.577780 6.027738
v  19.909420 13.585635 6.054915
v  19.907631 13.608422 6.048275
v  19.906794 13.649289 6.033279
v  19.869024 13.641289 6.004668
v  19.906584 13.628937 5.977360
v  19.907421 13.587990 5.992134
v  19.909220 13.566261 6.001682
v  19.941874 13.596588 6.020665
v  19.937664 13.574118 6.028859
v  19.944353 13.636936 6.005971
v  19.902391 13.482735 6.062250
v  19.904158 13.510236 6.076067
v  19.884714 13.507669 6.053241
v  19.903999 13.494917 6.033977
v  19.923443 13.497483 6.056803
v  19.908131 13.677931 6.022145
v  19.871187 13.670166 5.994150
v  19.944868 13.665796 5.995465
v  19.863773 13.707977 5.980417
v  19.870840 13.681040 5.990194
v  19.908867 13.688848 6.018169
v  19.907089 13.716110 6.011180
v  19.906864 13.694330 5.951336
v  19.908663 13.668950 5.963494
v  19.881176 13.546116 6.039261
v  19.881891 13.569511 6.030744
v  19.910618 13.556973 6.005058
v  19.908253 13.533089 6.015509
v  19.908440 13.551338 6.065651
v  19.910816 13.576346 6.058290
v  19.950180 13.702464 5.982100
v  19.946690 13.676760 5.991468
v  19.935518 13.538311 6.041899
v  19.939543 13.563807 6.032605
v  19.907927 13.658032 5.967471
v  19.886507 13.614284 6.109755
v  19.894821 13.589542 6.118728
v  19.923412 13.596638 6.146181
v  19.921124 13.622029 6.138596
v  19.919378 13.667635 6.121879
v  19.881420 13.660618 6.092910
v  19.919168 13.647283 6.065958
v  19.920914 13.601597 6.082454
v  19.923214 13.577264 6.092948
v  19.955530 13.609343 6.111295
v  19.951803 13.584358 6.120402
v  19.957127 13.654300 6.094927
v  19.918423 13.483109 6.157377
v  19.919754 13.512868 6.170374
v  19.900127 13.511265 6.147197
v  19.919598 13.497549 6.128283
v  19.939224 13.499152 6.151460
v  19.920082 13.699584 6.109543
v  19.882954 13.692787 6.081196
v  19.957005 13.686481 6.083214
v  19.874676 13.735107 6.065825
v  19.882364 13.704922 6.076782
v  19.920580 13.711748 6.105114
v  19.917194 13.741913 6.097075
v  19.916969 13.720133 6.037231
v  19.920374 13.691850 6.050439
v  19.895725 13.554220 6.131580
v  19.895924 13.580303 6.122087
v  19.924822 13.566875 6.096724
v  19.922989 13.540215 6.108183
v  19.923176 13.558464 6.158326
v  19.925020 13.586249 6.149956
v  19.959488 13.726938 6.068481
v  19.958591 13.698676 6.078771
v  19.950441 13.544458 6.134929
v  19.953917 13.572821 6.124593
v  19.919878 13.679686 6.054868
v  19.870295 13.677341 6.176587
v  19.878092 13.655298 6.184581
v  19.906536 13.663155 6.211757
v  19.904747 13.685942 6.205118
v  19.903910 13.726808 6.190122
v  19.866142 13.718808 6.161511
v  19.903702 13.706455 6.134202
v  19.904537 13.665508 6.148976
v  19.906338 13.643780 6.158525
v  19.938990 13.674109 6.177507
v  19.934782 13.651637 6.185701
v  19.941469 13.714456 6.162814
v  19.899509 13.560252 6.219092
v  19.901274 13.587755 6.232910
v  19.881832 13.585188 6.210083
v  19.901117 13.572435 6.190819
v  19.920559 13.575003 6.213645
v  19.905249 13.755449 6.178988
v  19.868305 13.747685 6.150993
v  19.941986 13.743315 6.152308
v  19.860891 13.785496 6.137259
v  19.867958 13.758558 6.147037
v  19.905985 13.766368 6.175011
v  19.903189 13.793459 6.168089
v  19.902966 13.771678 6.108245
v  19.905781 13.746469 6.120337
v  19.878292 13.623635 6.196104
v  19.879007 13.647031 6.187586
v  19.907734 13.634491 6.161901
v  19.905371 13.610607 6.172351
v  19.905558 13.628857 6.222494
v  19.907932 13.653866 6.215133
v  19.945261 13.779641 6.139075
v  19.943808 13.754278 6.148311
v  19.932634 13.615829 6.198741
v  19.936659 13.641325 6.189447
v  19.905043 13.735551 6.124313
v  19.777130 13.896959 6.186962
v  19.836262 13.888871 6.183453
v  19.850071 13.913486 6.232597
v  19.790939 13.921575 6.236106
v  18.501057 17.299471 6.160441
v  18.551231 17.265564 6.177804
v  18.469015 17.247017 6.121899
v  18.514156 17.230879 6.139451
v  18.422770 17.257057 6.085827
v  18.417435 17.205553 6.063175
v  18.453430 17.207430 6.093229
v  18.388010 17.188925 6.019932
v  18.399343 17.145094 6.021690
v  18.420601 17.165592 6.051723
v  18.393940 17.059763 5.996385
v  18.400417 17.094042 6.013287
v  18.423973 17.041048 6.037371
v  18.422291 17.074057 6.038692
v  18.430166 16.997162 6.053950
v  18.475113 16.993004 6.101439
v  18.457476 17.028465 6.078791
v  18.509708 16.959515 6.129817
v  18.566763 16.980778 6.153241
v  18.525480 17.003283 6.132769
v  18.621746 16.960960 6.173400
v  18.657104 16.999163 6.182478
v  18.609838 17.012552 6.166963
v  18.694342 16.990557 6.206679
v  18.700424 17.037615 6.207503
v  18.672504 17.036888 6.188384
v  18.717627 17.065058 6.215573
v  18.704628 17.109247 6.203165
v  18.695898 17.078777 6.196584
v  18.705629 17.150532 6.216389
v  18.672358 17.178627 6.208839
v  18.678783 17.137020 6.194216
v  18.671272 17.231884 6.233487
v  18.625246 17.240028 6.209083
v  18.638771 17.188463 6.192459
v  18.595446 17.305044 6.213335
v  18.584373 17.224627 6.176994
v  18.726799 17.019434 6.233953
v  18.740345 17.062967 6.224553
v  18.728390 17.110119 6.216804
v  18.740345 17.152473 6.226233
v  18.713024 17.193745 6.235721
v  18.740345 17.236980 6.250328
v  18.694809 17.291101 6.248281
v  18.503029 17.168762 6.153162
v  18.525679 17.174953 6.163179
v  18.531252 17.167685 6.143531
v  18.553087 17.166458 6.168202
v  18.469236 17.154696 6.116524
v  18.479723 17.168003 6.134203
v  18.489552 17.162809 6.117729
v  18.448313 17.125051 6.089795
v  18.451178 17.141380 6.095850
v  18.464567 17.138718 6.086526
v  18.465696 17.087021 6.104362
v  18.449232 17.098476 6.087310
v  18.462681 17.100925 6.078079
v  18.448195 17.111265 6.084873
v  18.507109 17.066826 6.141924
v  18.478827 17.070770 6.121507
v  18.490026 17.076170 6.105354
v  18.574171 17.071568 6.164267
v  18.538862 17.060875 6.156405
v  18.547615 17.069881 6.136817
v  18.611942 17.088165 6.168287
v  18.598236 17.074484 6.169363
v  18.599386 17.083809 6.156599
v  18.629295 17.091759 6.170723
v  18.627495 17.086803 6.171466
v  18.620493 17.092386 6.166927
v  18.632563 17.098555 6.171628
v  18.638971 17.093252 6.173689
v  18.630077 17.095415 6.168835
v  18.618362 17.111988 6.172163
v  18.632656 17.105494 6.175326
v  18.624737 17.103424 6.168966
v  18.592100 17.145643 6.174285
v  18.610117 17.132689 6.177707
v  18.607512 17.126131 6.162061
v  18.575319 17.163719 6.174788
v  18.578032 17.155518 6.152152
v  18.514147 17.166508 6.082120
v  18.548447 17.167028 6.019882
v  18.566364 17.162603 6.094265
v  18.487949 17.154772 6.050159
v  18.509256 17.164263 5.998951
v  18.471781 17.125042 6.032297
v  18.495272 17.140579 5.975716
v  18.488110 17.088280 6.040782
v  18.495653 17.100927 5.968056
v  18.471970 17.111107 6.025205
v  18.529366 17.070528 6.072343
v  18.522987 17.076643 5.990841
v  18.595394 17.082426 6.101456
v  18.585884 17.079327 6.016689
v  18.613852 17.093243 6.154818
v  18.618971 17.096395 6.102843
v  18.625164 17.093988 6.166053
v  18.620291 17.096169 6.163076
v  18.627811 17.099588 6.167008
v  18.625648 17.097321 6.165107
v  18.618214 17.110392 6.157651
v  18.622719 17.102718 6.164376
v  18.607750 17.136532 6.108225
v  18.622568 17.115662 6.104862
v  18.607233 17.146255 6.026205
v  18.619474 17.102747 6.145001
v  18.435989 17.128914 6.073112
v  18.438734 17.117868 6.076625
v  18.426437 17.118174 6.056518
v  18.436089 17.107983 6.069454
v  18.447248 17.116104 6.080466
v  18.443272 17.117737 6.081194
v  18.455473 17.117424 6.065842
v  18.446724 17.119057 6.083195
v  18.470713 17.115788 6.017984
v  18.484390 17.117367 5.974031
v  18.470228 17.118952 6.023024
v  18.455196 17.115034 6.067463
v  18.442780 17.115976 6.079667
v  18.442287 17.119528 6.082414
v  18.454556 17.119818 6.071898
v  18.483906 17.119318 5.980340
v  18.488449 17.117365 5.965379
v  18.484325 17.115416 5.973752
v  18.550808 17.212362 6.158946
v  18.486090 17.204788 6.123722
v  18.520020 17.198296 6.152086
v  18.443735 17.178308 6.080746
v  18.467550 17.184206 6.114331
v  18.422180 17.136976 6.050159
v  18.437370 17.152157 6.073548
v  18.422606 17.100193 6.046569
v  18.445704 17.060261 6.067011
v  18.438086 17.086905 6.065292
v  18.492561 17.026442 6.117706
v  18.470383 17.052168 6.103138
v  18.570211 17.022980 6.156416
v  18.532877 17.036133 6.147718
v  18.636755 17.042801 6.174516
v  18.603573 17.047096 6.168807
v  18.675861 17.065971 6.183604
v  18.648609 17.066080 6.173614
v  18.677593 17.106312 6.188027
v  18.665398 17.088503 6.178276
v  18.649128 17.152065 6.189166
v  18.653660 17.121536 6.185742
v  18.606644 17.189508 6.183733
v  18.622055 17.158813 6.188731
v  18.578226 17.189625 6.176495
v  18.410597 17.118547 6.031592
v  18.381962 17.119577 5.988723
v  18.551954 17.183449 6.168164
v  18.495045 17.181997 6.146399
v  18.457588 17.163582 6.103887
v  18.456820 17.077332 6.092350
v  18.500387 17.052580 6.136582
v  18.572514 17.053879 6.164625
v  18.621758 17.071764 6.171164
v  18.646402 17.083559 6.172750
v  18.649151 17.101082 6.177909
v  18.630314 17.126671 6.182729
v  18.597464 17.161692 6.182542
v  18.711994 16.982933 6.237206
v  18.725700 16.966103 6.261411
v  18.740345 16.987938 6.250155
v  18.725197 16.938690 6.286831
v  18.740345 16.923052 6.307539
v  18.701996 16.915258 6.282743
v  18.714306 16.903290 6.310615
v  18.697571 16.915598 6.245324
v  18.673136 16.886225 6.227610
v  18.687126 16.885365 6.260668
v  18.713024 16.945791 6.260358
v  18.701452 16.947752 6.226332
v  18.677439 16.913889 6.209992
v  18.740345 17.359789 6.240435
v  18.690058 17.439850 6.205317
v  18.642559 17.363230 6.221549
v  18.740345 17.519712 6.163893
v  18.683651 17.590191 6.092974
v  18.632992 17.516884 6.145043
v  18.740345 17.640701 6.009797
v  18.682590 17.667709 5.904818
v  18.625566 17.631714 5.993498
v  18.740345 17.677656 5.798316
v  18.680431 17.662552 5.695004
v  18.625645 17.664619 5.796083
v  18.740345 17.514801 5.466015
v  18.667366 17.581078 5.532666
v  18.658415 17.429964 5.426412
v  18.588488 17.506084 5.494543
v  18.740345 17.139000 5.367306
v  18.658285 17.237499 5.376231
v  18.666798 17.048306 5.386570
v  18.587748 17.139980 5.397490
v  18.740345 16.970570 5.398194
v  18.680338 16.903690 5.430579
v  18.610857 16.972387 5.427594
v  18.740345 16.708435 5.493180
v  18.669550 16.780504 5.485356
v  18.670015 16.625778 5.486784
v  18.609213 16.694695 5.515973
v  18.740345 16.952162 6.278259
v  18.675650 16.950893 6.194086
v  18.630207 16.920971 6.185058
v  18.572208 16.893692 6.170230
v  18.635740 16.887318 6.198608
v  18.565718 16.934996 6.160492
v  18.367771 17.159969 5.966658
v  18.354197 17.123949 5.912666
v  18.369072 17.085129 5.955378
v  18.366198 17.214975 5.728578
v  18.356766 17.132813 5.792391
v  18.394068 17.144995 5.625444
v  18.376978 17.063921 5.707327
v  18.520002 17.235773 5.436104
v  18.472454 17.141817 5.480843
v  18.534153 17.051632 5.442251
v  18.542482 17.360916 6.179428
v  18.483013 17.400568 6.114159
v  18.446432 17.322702 6.108422
v  18.525860 17.488276 6.097278
v  18.470760 17.513229 5.996453
v  18.430672 17.420538 6.023519
v  18.353977 17.073200 5.857854
v  18.352022 17.184399 5.872708
v  18.586143 17.433466 6.172589
v  18.572758 17.571268 6.058269
v  18.389513 17.402998 5.913328
v  18.367199 17.306192 5.933059
v  18.401482 17.327301 6.028254
v  18.361767 17.223845 5.948469
v  18.355469 17.265760 5.835047
v  18.386074 17.250574 6.022550
v  18.517187 17.585424 5.945649
v  18.472824 17.566299 5.827906
v  18.427254 17.495903 5.877831
v  18.569439 17.636797 5.880293
v  18.437010 17.057106 5.550519
v  18.422148 17.232903 5.559949
v  18.370001 17.355629 5.795343
v  18.383368 17.302742 5.673611
v  18.406185 17.448217 5.753160
v  18.580849 17.334206 5.418040
v  18.740345 17.336987 5.385357
v  18.454231 17.526476 5.709293
v  18.472994 17.479177 5.591194
v  18.420984 17.392916 5.627027
v  18.519205 17.419001 5.491128
v  18.536240 17.555180 5.584928
v  18.464716 17.324940 5.513450
v  18.508009 17.583712 5.686064
v  18.567450 17.632435 5.713511
v  18.611195 17.621090 5.619757
v  18.740345 17.633886 5.603106
v  18.521992 17.613207 5.780236
v  18.615736 16.842564 5.482593
v  18.740345 16.844055 5.455240
v  18.555666 16.789835 5.566566
v  18.520172 16.841896 5.578528
v  18.560160 16.907734 5.495064
v  18.393425 16.873535 5.859160
v  18.374439 16.966240 5.897595
v  18.417789 16.864904 5.984808
v  18.403570 16.947451 6.000631
v  18.393873 17.010550 5.990613
v  18.450617 16.948807 6.085922
v  18.460472 16.902893 5.599354
v  18.493526 16.775177 5.643233
v  18.434603 16.825741 5.688948
v  18.491543 16.977936 5.514316
v  18.366158 17.033648 5.924629
v  18.395561 16.917986 5.743568
v  18.426321 16.770891 5.808309
v  18.366848 17.005766 5.802827
v  18.413532 16.979868 5.637964
v  18.700005 16.775919 6.235777
v  18.719568 16.788881 6.247922
v  18.722513 16.757677 6.237893
v  18.740345 16.770100 6.246873
v  18.695049 16.691120 6.201572
v  18.717598 16.693838 6.218469
v  18.718491 16.677710 6.204765
v  18.740345 16.683775 6.215969
v  18.656265 16.540964 6.016526
v  18.692209 16.526306 6.098243
v  18.699522 16.547171 5.969893
v  18.740345 16.527437 6.036264
v  18.600266 16.560440 5.764889
v  18.663612 16.591619 5.818923
v  18.670261 16.457487 5.786451
v  18.740345 16.530525 5.806149
v  18.538933 16.650904 5.738438
v  18.544424 16.629507 5.659709
v  18.565348 16.513189 5.707828
v  18.538424 16.465353 5.641821
v  18.503994 16.431540 5.547758
v  18.565104 16.588545 5.568634
v  18.590456 16.536341 5.485489
v  18.718615 16.725674 6.219634
v  18.740345 16.708612 6.224904
v  18.694929 16.714558 6.210692
v  18.673143 16.732948 6.194475
v  18.646435 16.728930 6.174773
v  18.668663 16.707613 6.191872
v  18.673153 16.789324 6.221164
v  18.650229 16.771919 6.196514
v  18.679708 16.760147 6.214232
v  18.576815 16.771721 6.126600
v  18.600803 16.769943 6.144446
v  18.588245 16.758146 6.121182
v  18.598410 16.760229 6.128354
v  18.600290 16.752100 6.121807
v  18.581694 16.749582 6.115214
v  18.605116 16.744650 6.129556
v  18.698021 16.572592 6.189992
v  18.740345 16.539671 6.156700
v  18.647320 16.552959 6.135940
v  18.740345 16.658175 6.202163
v  18.690350 16.666582 6.187452
v  18.712402 16.636248 6.196221
v  18.721283 16.804834 6.243695
v  18.740345 16.796455 6.248976
v  18.697405 16.799440 6.237140
v  18.704460 16.754585 6.221246
v  18.723782 16.749954 6.203026
v  18.740345 16.748800 6.232839
v  18.740345 16.729193 6.217657
v  18.718834 16.731022 6.189657
v  18.696871 16.734039 6.204293
v  18.610609 16.759243 6.139327
v  18.628633 16.760504 6.166679
v  18.631411 16.757105 6.146241
v  18.656441 16.754492 6.187500
v  18.674105 16.737028 6.169376
v  18.651165 16.739981 6.171047
v  18.611969 16.747950 6.128421
v  18.603502 16.752209 6.110423
v  18.599863 16.756060 6.120254
v  18.602097 16.758667 6.115411
v  18.618204 16.728601 6.145688
v  18.627850 16.742046 6.150780
v  18.615847 16.784050 6.170204
v  18.682270 16.754141 6.183524
v  18.629599 16.743797 6.133983
v  18.644026 16.792385 6.195446
v  18.595631 16.807007 6.165363
v  18.577698 16.791449 6.143619
v  18.667988 16.806704 6.214355
v  18.555347 16.762644 6.106658
v  18.544174 16.740889 6.087612
v  18.585825 16.729254 6.113785
v  18.536221 16.790377 6.109907
v  18.603851 16.704468 6.124311
v  18.641840 16.707455 6.162950
v  18.667845 16.688854 6.175950
v  18.740345 16.747688 6.141532
v  18.705320 16.753704 6.135498
v  18.723911 16.751102 6.058553
v  18.696957 16.734547 6.127635
v  18.740345 16.729736 6.133955
v  18.718834 16.731897 6.058198
v  18.657255 16.754961 6.120109
v  18.612158 16.759602 6.097011
v  18.632383 16.758045 6.059093
v  18.651850 16.740231 6.112020
v  18.674656 16.737654 6.058477
v  18.602829 16.755787 6.087618
v  18.613520 16.747950 6.091504
v  18.607414 16.751881 6.057996
v  18.606009 16.758656 6.058351
v  18.682272 16.755308 6.059182
v  18.631250 16.744015 6.058385
v  18.740345 16.602457 6.202006
v  18.668531 16.612864 6.183983
v  18.613377 16.595222 6.136328
v  18.564034 16.589378 6.042984
v  18.605558 16.551998 6.040644
v  18.495640 16.658241 5.924396
v  18.470917 16.691479 5.785474
v  18.460955 16.725370 5.946828
v  18.740345 16.561296 5.922915
v  18.656433 16.566633 5.930463
v  18.687555 16.582758 5.878998
v  18.532642 16.639347 5.809407
v  18.533871 16.606602 5.916632
v  18.613306 16.607239 5.844248
v  18.595802 16.578760 5.926196
v  18.494534 16.716896 5.692578
v  18.548990 16.725300 5.599014
v  18.504501 16.913431 6.129832
v  18.531355 16.827263 6.125875
v  18.471060 16.822523 6.061143
v  18.496880 16.774195 6.064271
v  18.517567 16.687519 6.045795
v  18.491932 16.738369 6.038690
v  18.440475 16.788403 5.984313
v  18.471033 16.875908 6.089302
v  18.553024 16.709608 6.085793
v  18.570868 16.677727 6.097757
v  18.624138 16.681904 6.140114
v  18.644743 16.652210 6.158369
v  18.539803 16.637976 6.048612
v  18.740345 16.592506 5.853867
v  18.588797 16.640190 6.115062
v  18.538549 16.863501 6.146801
v  18.610312 16.832331 6.184208
v  18.684124 16.835958 6.226205
v  18.643322 16.859251 6.205802
v  18.695833 16.882069 6.291542
v  18.716562 16.871096 6.304181
v  18.740345 16.884949 6.316264
v  18.713924 16.878038 6.254142
v  18.721405 16.880777 6.268367
v  18.723854 16.873680 6.244237
v  18.731335 16.876419 6.258461
v  18.712244 16.819021 6.239754
v  18.713017 16.837530 6.238093
v  18.694664 16.858397 6.238877
v  18.728476 16.822868 6.242654
v  18.740345 16.835585 6.241166
v  18.722164 16.848160 6.238933
v  18.740345 16.812504 6.244358
v  18.697411 16.864971 6.263074
v  18.731174 16.852037 6.251579
v  18.719713 16.856121 6.243787
v  18.707745 16.856647 6.245595
v  18.704567 16.863781 6.262642
v  18.703503 16.865683 6.285079
v  18.716040 16.867525 6.293166
v  18.729897 16.862677 6.299540
v  18.740345 16.856424 6.277547
v  18.731184 16.859865 6.274311
v  18.730597 16.864025 6.249410
v  18.712160 16.867413 6.245921
v  18.710133 16.873770 6.272587
v  18.727419 16.872892 6.281679
v  18.586769 16.248156 5.866830
v  18.674599 16.282736 5.843411
v  18.672827 16.199585 5.920468
v  18.740345 16.220289 5.897055
v  18.581692 16.184774 5.913343
v  18.667406 16.110979 5.942983
v  18.740345 16.151913 5.931455
v  18.566782 16.025734 5.984914
v  18.653906 15.879331 6.077175
v  18.740345 16.009747 6.010077
v  18.740345 16.539383 5.469228
v  18.653149 16.450960 5.434546
v  18.740345 16.356316 5.823855
v  18.612494 16.388058 5.764828
v  18.526627 16.345720 5.717326
v  18.535690 15.492774 6.120337
v  18.640398 15.555000 6.161424
v  18.638084 15.385319 6.094849
v  18.740345 15.493522 6.138056
v  18.552441 15.097560 6.061937
v  18.657454 14.780800 6.070662
v  18.740345 15.088341 6.077987
v  18.489098 15.573600 5.286148
v  18.607792 15.718838 5.279133
v  18.341049 15.775770 5.248991
v  18.480358 15.922224 5.254962
v  18.082338 16.074312 5.755598
v  18.179640 16.151173 5.789095
v  18.194603 15.945616 5.879638
v  18.305674 16.049070 5.913072
v  18.684544 14.289096 5.629591
v  18.704473 14.289707 5.907459
v  18.710054 14.451394 5.380178
v  18.740345 14.339417 5.645334
v  18.219065 15.478585 5.469627
v  18.159822 15.622303 5.536952
v  18.246862 15.286736 5.666113
v  18.233162 15.485742 5.759410
v  18.450083 16.266546 5.785506
v  18.321838 16.227051 5.817531
v  18.455128 16.218306 5.885254
v  18.313717 16.184469 5.846317
v  18.448792 16.131790 5.898255
v  18.282099 15.068690 5.785458
v  18.268707 15.057379 5.585686
v  18.246489 14.858795 5.678695
v  18.688059 15.895629 5.305776
v  18.740345 15.707392 5.331167
v  18.686125 15.537289 5.336711
v  18.615206 16.077467 5.302124
v  18.325737 16.095224 5.287683
v  18.476763 16.225866 5.338845
v  18.434511 15.901413 6.037279
v  18.546099 15.711088 6.123061
v  18.319134 15.757157 6.031459
v  18.434416 15.574898 6.117291
v  18.245623 15.641043 5.301520
v  18.384209 15.451965 5.348782
v  18.315121 15.275998 5.470017
v  18.630367 15.038033 5.394865
v  18.521278 15.274186 5.382071
v  18.528654 14.844206 5.381764
v  18.414549 15.055002 5.425401
v  18.267685 14.373431 5.898473
v  18.194439 14.530307 5.790698
v  18.396152 14.445099 5.954308
v  18.292540 14.591465 5.880854
v  18.310341 15.319109 5.884820
v  18.351824 15.483204 6.017673
v  18.248905 15.622443 5.917456
v  18.698141 14.819824 5.398538
v  18.640818 14.743168 5.339883
v  18.740345 14.729122 5.386680
v  18.705746 14.682354 5.330355
v  18.242834 14.712403 5.781820
v  18.227869 14.738207 5.550756
v  18.175138 14.634637 5.653439
v  18.318024 14.864329 5.481754
v  18.411474 14.762842 5.383588
v  18.282942 14.672333 5.415384
v  18.324167 14.838728 5.883036
v  18.384796 15.083693 5.963648
v  18.102810 16.219381 5.643397
v  18.039757 16.207747 5.579310
v  18.166090 16.265163 5.583062
v  18.132589 16.254551 5.515660
v  18.321058 16.328625 5.562662
v  18.439487 16.377537 5.469361
v  18.411116 16.338985 5.637088
v  18.198711 15.960864 5.264064
v  18.123566 15.825976 5.274435
v  18.188393 16.207264 5.392682
v  18.071421 16.096130 5.351424
v  18.141296 15.803260 5.789757
v  18.617044 15.417459 5.347401
v  18.400728 14.669595 5.960578
v  18.482300 14.810339 6.021199
v  18.514698 14.534851 6.011834
v  18.595510 14.627000 6.054323
v  18.447222 15.362350 6.040977
v  18.396818 14.566122 5.282547
v  18.530382 14.413630 5.244872
v  18.538031 14.694596 5.299503
v  18.649473 14.576439 5.269991
v  18.582087 16.347841 5.390543
v  18.330322 16.295399 5.422085
v  18.210125 16.203163 5.786705
v  18.225208 16.231417 5.736100
v  18.152203 16.211197 5.721202
v  18.117994 16.198284 5.722300
v  18.160965 16.229113 5.671025
v  18.227135 16.271740 5.625630
v  18.312872 16.274525 5.704232
v  18.239849 16.300821 5.523009
v  18.631090 17.109762 6.028376
v  18.631838 14.118601 5.871827
v  18.669914 13.972983 5.661960
v  18.644331 14.219021 5.408440
v  18.528229 14.063372 5.359329
v  18.381323 14.280122 5.288626
v  18.254736 14.448432 5.341656
v  18.226744 14.153740 5.389105
v  18.141718 14.349328 5.491563
v  18.141521 14.464225 5.648939
v  18.085325 14.153363 5.652571
v  18.150946 14.292606 5.803129
v  18.227640 14.038998 5.903411
v  18.379007 14.163974 5.952245
v  18.524368 14.267929 5.977633
v  18.510746 13.948988 5.942575
v  18.249115 10.715593 6.245687
v  18.329922 10.716677 6.169427
v  18.171139 10.706282 6.161774
v  18.272766 10.706215 6.081927
v  18.076149 10.715593 6.201168
v  17.998486 10.716677 6.079247
v  18.077679 10.706282 6.026633
v  18.279024 10.705888 5.894728
v  18.377735 10.724234 5.748010
v  18.214540 10.706217 5.754894
v  18.328325 10.705797 5.604685
v  18.108675 10.706283 5.865591
v  18.072903 10.724628 5.733808
v  18.164356 10.705863 5.610882
v  18.404173 10.728708 5.484788
v  18.261301 10.704604 5.475512
v  18.343067 10.728505 5.391133
v  18.132137 10.728708 5.475973
v  18.207615 10.728506 5.370513
v  18.341722 10.888481 6.172180
v  18.256020 10.872847 6.244772
v  18.280720 10.944803 6.077788
v  18.172632 10.919491 6.154369
v  18.075018 10.860679 6.196733
v  18.076067 10.922398 6.024460
v  17.997877 10.858789 6.080895
v  18.363909 10.994667 5.782917
v  18.284346 10.965189 5.904276
v  18.297750 11.086292 5.696043
v  18.205372 11.027735 5.787518
v  18.097425 10.962077 5.868965
v  18.148193 11.086357 5.672222
v  18.058599 10.995059 5.736713
v  18.318718 10.744616 6.244540
v  18.250919 10.783150 6.291998
v  18.160805 10.743532 6.284080
v  18.062794 10.781706 6.254366
v  17.994022 10.744616 6.170858
v  17.950102 10.787609 6.082787
v  17.957245 10.752195 5.981897
v  18.007860 10.764481 5.841867
v  18.017838 10.854626 5.718731
v  18.061031 10.794408 5.587584
v  18.083210 10.898753 5.450459
v  18.142857 10.802929 5.362569
v  18.211721 10.903623 5.304211
v  18.287088 10.803566 5.310521
v  18.366394 10.903623 5.331638
v  18.411747 10.802929 5.400736
v  18.457806 10.898753 5.474420
v  18.449602 10.794341 5.585470
v  18.423431 10.854492 5.750572
v  18.379805 10.764084 5.904854
v  18.345530 10.718449 6.004781
v  18.385832 10.809464 6.011983
v  18.380894 10.752129 6.090408
v  18.161055 10.829778 6.279247
v  18.326241 10.827770 6.249156
v  17.993509 10.815602 6.171955
v  17.967276 10.806091 5.917511
v  17.997328 10.881618 5.841014
v  17.955336 10.838919 5.983225
v  18.004417 10.898621 5.923071
v  18.057812 10.980837 5.588214
v  18.154366 11.001667 5.374718
v  18.126198 11.080471 5.487105
v  18.289570 11.002514 5.328550
v  18.226770 11.081318 5.366933
v  18.416979 11.001667 5.412875
v  18.352558 11.081318 5.387051
v  18.430704 10.980770 5.615932
v  18.407917 11.080472 5.526147
v  18.385843 10.884727 5.910174
v  18.371113 10.792557 6.179582
v  18.388548 10.861322 6.089769
v  18.359917 11.121114 5.613779
v  18.295946 11.140894 5.642423
v  18.226320 11.121114 5.659829
v  18.165672 11.140894 5.623070
v  18.122602 11.121114 5.576768
v  18.139025 11.140894 5.490572
v  18.180988 11.121114 5.414818
v  18.225861 11.140894 5.378431
v  18.284758 11.121114 5.375601
v  18.347836 11.140894 5.396080
v  18.395039 11.121115 5.448440
v  18.391273 11.140894 5.527574
v  18.181881 10.706217 5.980772
v  18.014444 10.718843 5.923235
v  18.182949 10.957430 5.978155
v  18.359493 10.919255 6.003307
v  18.232483 11.159651 5.638268
v  18.348579 11.159651 5.596244
v  18.296019 11.203520 5.626087
v  18.133108 11.159651 5.569857
v  18.182590 11.203520 5.615928
v  18.166353 11.159651 5.414077
v  18.133476 11.203520 5.489950
v  18.276625 11.159651 5.373134
v  18.206144 11.203520 5.376150
v  18.392237 11.159651 5.439065
v  18.346680 11.203520 5.385562
v  18.387440 11.203520 5.509521
v  18.318605 11.474808 5.623644
v  18.290693 11.757325 5.666640
v  18.388809 11.785640 5.597196
v  18.360952 12.097634 5.691890
v  18.222244 11.474808 5.622374
v  18.194418 11.785639 5.597196
v  18.267393 12.097634 5.691890
v  18.143026 11.494070 5.488537
v  18.084587 11.896064 5.361141
v  18.104406 12.230322 5.498253
v  18.197945 11.517225 5.346026
v  18.283588 11.943835 5.240174
v  18.138039 12.381540 5.242788
v  18.376005 11.517225 5.347203
v  18.483501 11.896064 5.361141
v  18.434927 12.381540 5.242788
v  18.417446 11.494070 5.490983
v  18.494852 12.230323 5.498253
v  18.455370 13.162686 5.892532
v  18.351961 13.324544 5.937613
v  18.548460 13.284776 5.825792
v  18.482161 13.489902 5.925705
v  18.257866 13.169346 5.890678
v  18.151619 13.333568 5.812616
v  18.215559 13.541307 5.909949
v  18.160339 13.129977 5.690705
v  18.155205 13.307585 5.510699
v  18.077679 13.605770 5.639234
v  18.247591 12.987572 5.436338
v  18.346077 13.291289 5.402178
v  18.208448 13.619085 5.382644
v  18.433115 12.978735 5.438390
v  18.542347 13.247910 5.524867
v  18.489748 13.553236 5.391835
v  18.542904 13.107664 5.696330
v  18.625578 13.488516 5.664180
v  18.439243 12.682671 5.758524
v  18.358419 12.829571 5.820602
v  18.517752 12.865018 5.738173
v  18.468462 12.942583 5.834091
v  18.266577 12.682671 5.758524
v  18.195780 12.865018 5.738173
v  18.248375 12.942583 5.834091
v  18.164463 12.770431 5.615102
v  18.169643 12.952221 5.692307
v  18.519512 12.770432 5.615102
v  18.537737 12.952221 5.692307
v  18.517752 13.026745 5.799641
v  18.358419 13.055405 5.890452
v  18.195780 13.026745 5.799641
v  18.336384 12.405865 5.739510
v  18.459738 12.470558 5.667701
v  18.206200 12.470558 5.667701
v  18.115080 12.659515 5.424571
v  18.314716 12.719574 5.301239
v  18.511761 12.659515 5.424571
v  18.628084 13.770370 5.489895
v  18.608061 13.721993 5.834332
v  18.359327 13.878901 5.340232
v  18.101976 13.918495 5.489834
v  18.107512 13.852313 5.796488
v  18.356083 13.741881 5.959287
v  18.740345 14.577105 5.330580
v  18.177975 14.567408 5.496529
v  18.632305 14.380390 6.019454
v  18.060205 15.566931 5.465023
v  17.990585 15.474182 5.345527
v  18.051489 15.455085 5.555411
v  18.009119 15.323440 5.417166
v  17.953779 15.616824 5.331501
v  17.833452 15.543416 5.341486
v  17.874504 15.381470 5.300705
v  17.797043 15.665114 5.432685
v  17.729889 15.557440 5.531169
v  17.724874 15.439736 5.413126
v  17.792994 15.668283 5.619630
v  17.828991 15.547536 5.699555
v  17.726154 15.439510 5.630722
v  17.919079 15.652283 5.704207
v  17.963814 15.498900 5.703595
v  17.870043 15.385591 5.735897
v  18.029556 15.599220 5.650784
v  18.003378 15.327785 5.634762
v  17.922983 15.230522 5.344253
v  18.002459 15.200080 5.508699
v  17.959169 15.099483 5.425476
v  17.776232 15.274960 5.344253
v  17.835619 15.128620 5.341937
v  17.684942 15.305511 5.508699
v  17.696999 15.146028 5.420955
v  17.782629 15.273831 5.681718
v  17.708492 15.130157 5.593198
v  17.916586 15.231650 5.681718
v  17.830530 15.100437 5.683405
v  17.942589 15.087172 5.594702
v  18.105242 15.711442 5.344004
v  18.123301 15.694350 5.664578
v  18.098736 15.664183 5.487744
v  18.026773 15.959663 5.294231
v  18.034031 15.799870 5.285610
v  17.972248 16.171124 5.467982
v  17.927891 16.055454 5.369696
v  17.994461 16.141382 5.682830
v  17.905979 16.144001 5.594850
v  18.061659 15.921807 5.746111
v  17.987446 15.988071 5.736010
v  18.074062 15.763836 5.712990
v  17.962585 14.950599 5.544395
v  17.939524 14.814404 5.498339
v  17.908512 14.999108 5.364911
v  17.794943 14.859139 5.357334
v  17.723064 15.019636 5.349614
v  17.604765 14.852126 5.469471
v  17.622551 14.991020 5.531059
v  17.628906 14.768792 5.685029
v  17.743458 14.917741 5.692608
v  17.764332 14.698029 5.770348
v  17.852501 14.903724 5.692819
v  17.884771 14.736626 5.695795
v  17.868914 14.566933 5.696932
v  17.790318 14.377453 5.711654
v  17.829142 14.599102 5.526937
v  17.709515 14.384846 5.636701
v  17.666012 14.621553 5.507268
v  17.611498 14.413889 5.695146
v  17.577662 14.609672 5.675790
v  17.614666 14.427058 5.810947
v  17.679720 14.548737 5.805327
v  17.703783 14.411877 5.865347
v  17.779240 14.530540 5.809911
v  17.781420 14.391314 5.824498
v  18.068640 15.634952 5.469384
v  18.039442 15.625376 5.363031
v  18.059828 15.635943 5.589274
v  17.976395 15.725356 5.308399
v  17.878059 15.748542 5.347623
v  17.808203 15.901417 5.401740
v  17.759649 15.801044 5.520913
v  17.781187 15.932478 5.618702
v  17.845417 15.779247 5.692348
v  17.918798 15.818210 5.734935
v  17.985352 15.698692 5.701837
v  18.038061 15.696743 5.678958
v  18.057022 15.675956 5.346463
v  18.076145 15.676293 5.614842
v  17.929062 15.884435 5.310824
v  17.817173 16.059324 5.490080
v  17.881752 15.995546 5.703190
v  18.009892 15.810055 5.731484
v  17.648495 13.875830 6.103875
v  17.654713 13.944332 6.107151
v  17.654905 13.895357 6.051939
v  17.680567 13.975308 6.061066
v  17.689705 13.983088 6.084802
v  17.640385 13.822540 6.031858
v  17.639252 13.858857 5.972153
v  17.649668 13.932780 5.991892
v  17.641161 13.798457 5.946954
v  17.653807 13.838677 5.890662
v  17.653131 13.905705 5.912054
v  17.642298 13.798513 5.862299
v  17.639240 13.833075 5.817001
v  17.664742 13.875116 5.833706
v  17.698977 14.014078 6.072742
v  17.682060 14.011956 6.009415
v  17.706318 14.092130 6.021821
v  17.708187 14.056148 6.072995
v  17.663361 13.985073 5.926343
v  17.692122 14.066111 5.943894
v  17.677158 13.952700 5.850564
v  17.689264 14.038818 5.858826
v  17.656717 13.917459 5.784397
v  17.685450 13.989965 5.791116
v  17.564539 13.953043 6.103705
v  17.533184 13.877251 6.103382
v  17.550955 14.004103 6.076326
v  17.541328 14.016165 6.046050
v  17.522177 13.925797 6.040820
v  17.512907 13.825301 6.030897
v  17.519567 13.992811 5.970004
v  17.513071 13.891040 5.959360
v  17.522137 13.802783 5.944831
v  17.521614 13.963445 5.885386
v  17.530323 13.871628 5.874039
v  17.547237 13.804775 5.859561
v  17.541658 13.932227 5.807295
v  17.564613 13.858231 5.806872
v  17.567389 14.081183 6.066319
v  17.553715 14.040332 6.062948
v  17.564709 14.129995 6.012331
v  17.541239 14.070004 5.990172
v  17.547371 14.119703 5.926012
v  17.527950 14.046503 5.902641
v  17.550751 14.088411 5.837047
v  17.543560 14.010740 5.821637
v  17.568207 14.036187 5.770616
v  17.571482 13.960570 5.767170
v  17.600840 13.804090 5.823126
v  17.605442 13.887839 5.781596
v  17.626289 13.977997 5.756210
v  17.647940 14.070915 5.736305
v  17.689379 14.098598 5.742740
v  17.609537 14.119155 5.734570
v  17.656649 14.172087 5.728976
v  17.649788 14.242098 5.944336
v  17.689049 14.195576 5.986962
v  17.600592 14.217387 5.979532
v  17.647646 14.199846 6.017835
v  17.664156 14.152470 6.092682
v  17.701893 14.127316 6.111245
v  17.628771 14.143096 6.105711
v  17.669823 14.111841 6.140856
v  17.623440 13.992039 6.095528
v  17.598272 13.900490 6.136548
v  17.736374 14.224687 5.834873
v  17.719578 14.196415 5.899551
v  17.740421 14.277805 5.865639
v  17.705252 14.258325 5.912473
v  17.672079 14.309195 5.901246
v  17.613295 14.280245 5.904155
v  17.577026 14.231657 5.886573
v  17.598211 14.311831 5.852727
v  17.582407 14.260203 5.821395
v  17.582687 14.199968 5.786119
v  17.601477 14.281458 5.757713
v  17.620487 14.226576 5.731649
v  17.674057 14.249728 5.710732
v  17.706097 14.207104 5.739038
v  17.719852 14.167429 5.798837
v  17.739136 14.248712 5.770139
v  17.695068 14.159927 6.065441
v  17.709789 14.145806 6.039318
v  17.714666 14.102571 6.097483
v  17.718227 13.800292 6.212864
v  17.675575 13.804176 6.202368
v  17.701843 13.788536 6.247154
v  17.659191 13.792421 6.236658
v  17.598431 14.045989 6.140356
v  17.566017 14.044334 6.087823
v  17.628918 14.093365 6.147276
v  17.597137 14.123229 6.092296
v  17.616690 14.177850 6.059108
v  17.681015 14.006930 6.092314
v  17.703800 14.026451 6.094736
v  17.576521 14.019629 6.087049
v  17.632393 14.005171 6.104791
v  17.681376 13.965401 6.138162
v  17.641155 13.922233 6.166528
v  17.604042 13.976648 6.151105
v  17.624058 13.947671 6.213711
v  17.643740 14.008329 6.204826
v  17.674683 14.061391 6.184673
v  17.686508 13.957828 6.224459
v  17.707092 13.997187 6.191149
v  17.708620 14.030377 6.140408
v  17.703606 13.932389 6.177277
v  17.731146 14.331779 5.881068
v  17.759953 14.298465 5.808102
v  17.637585 14.354319 5.872516
v  17.597918 14.337499 5.793290
v  17.640038 14.300426 5.705403
v  17.730316 14.278677 5.713656
v  17.599585 13.626028 5.924500
v  17.596493 13.643349 5.937089
v  17.596617 13.631198 5.903704
v  17.606421 13.653009 5.914706
v  17.551481 13.623802 5.925131
v  17.555767 13.629275 5.904251
v  17.555641 13.641426 5.937637
v  17.546654 13.649801 5.915651
v  17.579823 13.552839 5.963977
v  17.589520 13.551883 5.951448
v  17.570211 13.545496 5.953701
v  17.579908 13.544539 5.941172
v  17.575611 13.617176 5.903553
v  17.576622 13.643056 5.892238
v  17.576538 13.691451 5.924720
v  17.599129 13.676091 5.925107
v  17.554333 13.673503 5.925882
v  17.576450 13.659754 5.938119
v  17.607109 13.709869 5.893998
v  17.602474 13.729678 5.906921
v  17.603115 13.719338 5.870283
v  17.618324 13.745737 5.880986
v  17.597090 13.607189 5.931348
v  17.591692 13.588811 5.921133
v  17.591579 13.599663 5.950950
v  17.596109 13.579849 5.941295
v  17.545122 13.706185 5.895107
v  17.552944 13.715857 5.871362
v  17.552303 13.726196 5.908001
v  17.544138 13.740601 5.882696
v  17.550879 13.602031 5.933053
v  17.559265 13.595022 5.952518
v  17.559376 13.584169 5.922701
v  17.558586 13.572576 5.943802
v  17.576283 13.700571 5.872693
v  17.582781 13.738411 5.853261
v  17.574062 13.597087 5.911532
v  17.577417 13.569444 5.923951
v  17.573908 13.612131 5.952868
v  17.577278 13.582981 5.961145
v  17.575951 13.715484 5.916412
v  17.579681 13.747927 5.910420
v  17.605640 13.685438 5.902901
v  17.597578 13.698852 5.916399
v  17.597698 13.687018 5.883886
v  17.604740 13.697729 5.898425
v  17.547594 13.681963 5.903949
v  17.553885 13.684420 5.884668
v  17.553762 13.696253 5.917181
v  17.545187 13.694295 5.899451
v  17.576696 13.675950 5.882129
v  17.575047 13.687941 5.876760
v  17.574881 13.704083 5.921116
v  17.597759 13.695648 5.880745
v  17.597637 13.707481 5.913259
v  17.552532 13.704936 5.914016
v  17.552654 13.693104 5.881503
v  17.617996 13.769250 5.897712
v  17.620356 13.769545 5.847749
v  17.561947 13.766812 5.848643
v  17.551641 13.765935 5.899262
v  17.585722 13.773434 5.908646
v  17.599253 13.663989 5.891854
v  17.554457 13.661400 5.892629
v  17.575453 13.632654 5.946079
v  17.591621 13.613993 5.910927
v  17.591503 13.625513 5.942582
v  17.596142 13.616934 5.927797
v  17.557793 13.623337 5.943249
v  17.557911 13.611814 5.911593
v  17.551779 13.613034 5.929051
v  17.574039 13.607256 5.907192
v  17.590681 13.618755 5.945038
v  17.590799 13.607235 5.913383
v  17.556517 13.603842 5.914490
v  17.556398 13.615363 5.946145
v  17.573881 13.622712 5.949657
v  17.590424 13.558963 5.934702
v  17.590330 13.568072 5.959732
v  17.567301 13.562016 5.961850
v  17.567394 13.552906 5.936821
v  17.602745 13.585237 6.025035
v  17.598845 13.607081 6.040913
v  17.599003 13.591757 5.998806
v  17.611366 13.619266 6.012683
v  17.542076 13.582428 6.025831
v  17.547482 13.589331 5.999496
v  17.547323 13.604655 6.041603
v  17.535988 13.615219 6.013874
v  17.577822 13.492929 6.074824
v  17.590052 13.491722 6.059023
v  17.565699 13.483667 6.061863
v  17.577929 13.482461 6.046062
v  17.572510 13.574072 5.998616
v  17.573786 13.606712 5.984345
v  17.573677 13.667749 6.025313
v  17.602169 13.648376 6.025801
v  17.545673 13.645113 6.026778
v  17.573568 13.627772 6.042212
v  17.612129 13.690429 5.986786
v  17.606030 13.715455 6.003068
v  17.606197 13.699121 5.958186
v  17.623943 13.732075 5.971467
v  17.599600 13.561476 6.033672
v  17.592791 13.538298 6.020788
v  17.592649 13.551984 6.058394
v  17.598362 13.526995 6.046216
v  17.533442 13.685868 5.988151
v  17.541393 13.694986 5.959448
v  17.541225 13.711321 6.004331
v  17.526913 13.725861 5.973485
v  17.541317 13.554970 6.035821
v  17.551893 13.546130 6.060372
v  17.552034 13.532443 6.022766
v  17.551037 13.517819 6.049379
v  17.572887 13.678195 5.960119
v  17.576290 13.718242 5.938129
v  17.570557 13.548735 6.008679
v  17.574787 13.513870 6.024343
v  17.570360 13.567709 6.060814
v  17.574612 13.530943 6.071252
v  17.572683 13.698102 6.014817
v  17.574566 13.739693 6.006823
v  17.610382 13.660166 5.997793
v  17.600214 13.677082 6.014818
v  17.600367 13.662158 5.973812
v  17.609247 13.675666 5.992147
v  17.537174 13.655783 5.999115
v  17.545107 13.658880 5.974798
v  17.544952 13.673804 6.015804
v  17.534138 13.671336 5.993443
v  17.573879 13.648199 5.971596
v  17.571796 13.663321 5.964823
v  17.571589 13.683681 6.020767
v  17.600443 13.673042 5.969851
v  17.600290 13.687966 6.010857
v  17.543404 13.684757 6.011812
v  17.543556 13.669832 5.970806
v  17.618532 13.766134 5.990584
v  17.620230 13.754649 5.930592
v  17.541716 13.750690 5.932330
v  17.534164 13.761481 5.992081
v  17.575048 13.779684 6.000457
v  17.602325 13.633113 5.983861
v  17.545830 13.629848 5.984838
v  17.572309 13.593592 6.052250
v  17.592701 13.570057 6.007916
v  17.592552 13.584587 6.047841
v  17.598404 13.573767 6.029194
v  17.550035 13.581841 6.048681
v  17.550184 13.567310 6.008757
v  17.542450 13.568848 6.030775
v  17.570526 13.561561 6.003205
v  17.591516 13.576063 6.050939
v  17.591665 13.561533 6.011014
v  17.548428 13.557255 6.012410
v  17.548279 13.571785 6.052334
v  17.570328 13.581053 6.056764
v  17.591192 13.500651 6.037902
v  17.591074 13.512140 6.069470
v  17.562029 13.504501 6.072142
v  17.562147 13.493012 6.040574
v  17.589073 13.597919 6.115691
v  17.585474 13.621328 6.131001
v  17.585632 13.606003 6.088894
v  17.598482 13.636045 6.101851
v  17.528116 13.593609 6.117032
v  17.533865 13.602297 6.090049
v  17.533707 13.617622 6.132156
v  17.522732 13.630069 6.103743
v  17.561899 13.493868 6.169746
v  17.574265 13.493361 6.153690
v  17.549643 13.483905 6.157040
v  17.562006 13.483398 6.140984
v  17.558695 13.586004 6.089545
v  17.560715 13.622526 6.073863
v  17.561510 13.688269 6.113122
v  17.589725 13.667459 6.114132
v  17.532948 13.662722 6.115644
v  17.560499 13.643587 6.131730
v  17.600822 13.715440 6.072963
v  17.595327 13.742254 6.088598
v  17.595495 13.725919 6.043715
v  17.614923 13.760261 6.056366
v  17.585392 13.571355 6.125346
v  17.578196 13.546157 6.113195
v  17.578054 13.559844 6.150802
v  17.583385 13.532868 6.139346
v  17.522249 13.708740 6.075108
v  17.531885 13.719792 6.045707
v  17.531717 13.736128 6.090590
v  17.518923 13.751046 6.059448
v  17.526747 13.562966 6.128180
v  17.537016 13.552523 6.153313
v  17.537157 13.538836 6.115707
v  17.535683 13.521715 6.143227
v  17.561638 13.702136 6.046687
v  17.566868 13.742878 6.024287
v  17.556168 13.557673 6.100696
v  17.559622 13.518755 6.117831
v  17.555973 13.576647 6.152830
v  17.559446 13.535828 6.164741
v  17.561434 13.722044 6.101385
v  17.566980 13.768429 6.091527
v  17.598398 13.681649 6.085253
v  17.588402 13.699461 6.101952
v  17.588554 13.684537 6.060946
v  17.597603 13.698917 6.078965
v  17.524822 13.675337 6.087275
v  17.533016 13.679808 6.062459
v  17.532864 13.694732 6.103465
v  17.522118 13.692629 6.080971
v  17.561710 13.668718 6.059405
v  17.559965 13.685593 6.051996
v  17.559755 13.705954 6.107940
v  17.588873 13.696679 6.056528
v  17.588720 13.711604 6.097534
v  17.531549 13.706919 6.099025
v  17.531702 13.691995 6.058019
v  17.615009 13.797979 6.073603
v  17.613855 13.774392 6.018319
v  17.529228 13.768239 6.020329
v  17.529850 13.791536 6.076063
v  17.577629 13.817777 6.080433
v  17.589882 13.652196 6.072192
v  17.533104 13.647457 6.073705
v  17.558495 13.605525 6.143178
v  17.578817 13.581630 6.098975
v  17.578669 13.596160 6.138899
v  17.584463 13.585041 6.120361
v  17.535933 13.592272 6.140155
v  17.536081 13.577742 6.100230
v  17.528193 13.578469 6.122543
v  17.556427 13.572009 6.094673
v  17.577440 13.586634 6.142362
v  17.577589 13.572104 6.102437
v  17.534096 13.566490 6.104318
v  17.533947 13.581020 6.144242
v  17.556227 13.591501 6.148231
v  17.575733 13.504006 6.131946
v  17.575615 13.515496 6.163514
v  17.546291 13.506411 6.166711
v  17.546410 13.494922 6.135143
v  17.605627 13.662754 6.181878
v  17.601728 13.684600 6.197755
v  17.601885 13.669275 6.155649
v  17.614250 13.696784 6.169525
v  17.544958 13.659946 6.182673
v  17.550364 13.666849 6.156339
v  17.550207 13.682175 6.198445
v  17.538870 13.692738 6.170716
v  17.580704 13.570448 6.231666
v  17.592934 13.569241 6.215865
v  17.568583 13.561186 6.218706
v  17.580812 13.559979 6.202904
v  17.575392 13.651590 6.155458
v  17.576668 13.684231 6.141187
v  17.576561 13.745268 6.182155
v  17.605053 13.725896 6.182643
v  17.548555 13.722631 6.183620
v  17.576452 13.705292 6.199054
v  17.615013 13.767947 6.143628
v  17.609167 13.792932 6.159928
v  17.609335 13.776596 6.115045
v  17.626724 13.809151 6.128549
v  17.602484 13.638994 6.190514
v  17.595673 13.615816 6.177630
v  17.595533 13.629503 6.215237
v  17.601246 13.604513 6.203059
v  17.536833 13.763302 6.145027
v  17.546057 13.772205 6.116406
v  17.545889 13.788540 6.161289
v  17.533558 13.802400 6.130744
v  17.544199 13.632488 6.192664
v  17.554775 13.623649 6.217215
v  17.554916 13.609962 6.179608
v  17.553921 13.595338 6.206221
v  17.576025 13.755671 6.116979
v  17.579157 13.791195 6.097038
v  17.573439 13.626254 6.165522
v  17.577671 13.591389 6.181185
v  17.573244 13.645228 6.217656
v  17.577496 13.608462 6.228095
v  17.575821 13.775578 6.171677
v  17.581125 13.820356 6.162255
v  17.613266 13.737684 6.154636
v  17.603096 13.754601 6.171660
v  17.603251 13.739677 6.130654
v  17.612129 13.753185 6.148990
v  17.540058 13.733301 6.155958
v  17.547989 13.736399 6.131640
v  17.547836 13.751324 6.172647
v  17.537022 13.748855 6.150285
v  17.576761 13.725718 6.128438
v  17.574680 13.740840 6.121666
v  17.574471 13.761200 6.177609
v  17.603327 13.750561 6.126693
v  17.603172 13.765486 6.167699
v  17.546286 13.762276 6.168655
v  17.546438 13.747351 6.127649
v  17.623211 13.852926 6.143297
v  17.621830 13.819247 6.093487
v  17.539267 13.814024 6.095512
v  17.550797 13.848883 6.144585
v  17.605209 13.710632 6.140704
v  17.548714 13.707367 6.141681
v  17.575191 13.671110 6.209093
v  17.595585 13.647575 6.164759
v  17.595436 13.662106 6.204683
v  17.601286 13.651285 6.186036
v  17.552917 13.659359 6.205523
v  17.553068 13.644829 6.165599
v  17.545334 13.646366 6.187617
v  17.573410 13.639080 6.160048
v  17.594400 13.653584 6.207781
v  17.594549 13.639052 6.167857
v  17.551310 13.634773 6.169252
v  17.551161 13.649304 6.209177
v  17.573210 13.658572 6.213606
v  17.594074 13.578171 6.194745
v  17.593958 13.589660 6.226313
v  17.564911 13.582020 6.228984
v  17.565029 13.570531 6.197416
v  17.694967 13.839671 6.184103
v  17.650816 13.872986 6.185881
v  17.637884 13.839725 6.210925
v  17.635201 13.891280 6.233592
v  17.666420 13.840055 6.253817
v  17.693401 13.897349 6.238912
v  17.723955 13.839888 6.225863
v  17.709017 13.879055 6.191201
v  18.740345 16.340023 5.399489
v  18.689014 16.221706 5.354229
v  18.740345 16.065090 5.333461
v  18.740345 15.408846 5.393734
v  18.692160 15.263145 5.407927
v  18.740345 15.028731 5.428700
v  18.740345 15.704720 6.138835
v  18.740345 14.606820 6.068491
v  18.686985 14.504182 6.056007
v  18.740345 14.370853 6.023458
v  17.710209 14.119976 5.874799
v  17.704962 14.147095 5.963401
v  17.699968 14.086970 5.786833
v  17.679018 14.021173 5.753357
v  17.571793 14.186708 5.951113
v  17.558809 14.163346 5.858448
v  17.579720 14.122591 5.771016
v  17.598379 14.047865 5.742940
v  17.703455 14.080896 6.151737
v  17.585226 14.172397 6.032428
v  17.675323 13.901356 6.169079
v  17.641624 13.895998 6.181641
v  17.619444 13.913074 6.202157
v  17.628323 13.920855 6.231548
v  17.654648 13.938342 6.242772
v  17.688232 13.929106 6.235108
v  17.709845 13.926036 6.208915
v  17.701534 13.904249 6.185202
v  17.622820 13.899019 6.206844
v  17.677364 13.886900 6.173224
v  17.656651 13.923822 6.246941
v  17.711517 13.911151 6.212109
v  18.354143 11.298634 5.577358
v  18.252007 11.298635 5.629116
v  18.159567 11.298634 5.568562
v  18.155346 11.298634 5.412959
v  18.280083 11.298634 5.363005
v  18.404774 11.298634 5.421288
v  18.929457 17.265564 6.177804
v  18.979631 17.299471 6.160441
v  18.966532 17.230879 6.139451
v  19.011673 17.247017 6.121899
v  19.057919 17.257057 6.085827
v  19.027258 17.207430 6.093229
v  19.063255 17.205553 6.063175
v  19.092678 17.188925 6.019932
v  19.060087 17.165592 6.051723
v  19.081347 17.145094 6.021690
v  19.080271 17.094042 6.013287
v  19.086748 17.059763 5.996385
v  19.058397 17.074057 6.038692
v  19.056715 17.041048 6.037371
v  19.050522 16.997162 6.053950
v  19.023214 17.028465 6.078791
v  19.005575 16.993004 6.101439
v  18.970980 16.959515 6.129817
v  18.955208 17.003283 6.132769
v  18.913925 16.980778 6.153241
v  18.858942 16.960960 6.173400
v  18.870850 17.012552 6.166963
v  18.823584 16.999163 6.182478
v  18.786346 16.990557 6.206679
v  18.808184 17.036888 6.188384
v  18.780264 17.037615 6.207503
v  18.763062 17.065058 6.215573
v  18.784790 17.078777 6.196584
v  18.776060 17.109247 6.203165
v  18.775059 17.150532 6.216389
v  18.801905 17.137020 6.194216
v  18.808331 17.178627 6.208839
v  18.809416 17.231884 6.233487
v  18.841917 17.188463 6.192459
v  18.855444 17.240028 6.209083
v  18.885242 17.305044 6.213335
v  18.896315 17.224627 6.176994
v  18.753889 17.019434 6.233953
v  18.752298 17.110119 6.216804
v  18.767664 17.193745 6.235721
v  18.785879 17.291101 6.248281
v  18.955009 17.174953 6.163179
v  18.977659 17.168762 6.153162
v  18.927603 17.166458 6.168202
v  18.949436 17.167685 6.143531
v  19.000965 17.168003 6.134203
v  19.011452 17.154696 6.116524
v  18.991138 17.162809 6.117729
v  19.029510 17.141380 6.095850
v  19.032375 17.125051 6.089795
v  19.016121 17.138718 6.086526
v  19.031456 17.098476 6.087310
v  19.014992 17.087021 6.104362
v  19.032494 17.111265 6.084873
v  19.018007 17.100925 6.078079
v  19.001862 17.070770 6.121507
v  18.973579 17.066826 6.141924
v  18.990662 17.076170 6.105354
v  18.941826 17.060875 6.156405
v  18.906517 17.071568 6.164267
v  18.933073 17.069881 6.136817
v  18.882452 17.074484 6.169363
v  18.868746 17.088165 6.168287
v  18.881302 17.083809 6.156599
v  18.853193 17.086803 6.171466
v  18.851393 17.091759 6.170723
v  18.860195 17.092386 6.166927
v  18.841719 17.093252 6.173689
v  18.848127 17.098555 6.171628
v  18.850611 17.095415 6.168835
v  18.848032 17.105494 6.175326
v  18.862326 17.111988 6.172163
v  18.855951 17.103424 6.168966
v  18.870571 17.132689 6.177707
v  18.888588 17.145643 6.174285
v  18.873177 17.126131 6.162061
v  18.905371 17.163719 6.174788
v  18.902658 17.155518 6.152152
v  18.966541 17.166508 6.082120
v  18.914324 17.162603 6.094265
v  18.932241 17.167028 6.019882
v  18.992739 17.154772 6.050159
v  18.971432 17.164263 5.998951
v  19.008907 17.125042 6.032297
v  18.985416 17.140579 5.975716
v  18.992579 17.088280 6.040782
v  19.008720 17.111107 6.025205
v  18.985035 17.100927 5.968056
v  18.951323 17.070528 6.072343
v  18.957701 17.076643 5.990841
v  18.885294 17.082426 6.101456
v  18.894804 17.079327 6.016689
v  18.866837 17.093243 6.154818
v  18.861717 17.096395 6.102843
v  18.855524 17.093988 6.166053
v  18.860397 17.096169 6.163076
v  18.852877 17.099588 6.167008
v  18.855040 17.097321 6.165107
v  18.862474 17.110392 6.157651
v  18.857969 17.102718 6.164376
v  18.872938 17.136532 6.108225
v  18.858120 17.115662 6.104862
v  18.873457 17.146255 6.026205
v  18.861214 17.102747 6.145001
v  19.041954 17.117868 6.076625
v  19.044699 17.128914 6.073112
v  19.044600 17.107983 6.069454
v  19.054251 17.118174 6.056518
v  19.037418 17.117737 6.081194
v  19.033440 17.116104 6.080466
v  19.033964 17.119057 6.083195
v  19.025215 17.117424 6.065842
v  19.009975 17.115788 6.017984
v  19.010460 17.118952 6.023024
v  18.996298 17.117367 5.974031
v  19.025492 17.115034 6.067463
v  19.037909 17.115976 6.079667
v  19.038401 17.119528 6.082414
v  19.026133 17.119818 6.071898
v  18.996782 17.119318 5.980340
v  18.992239 17.117365 5.965379
v  18.996363 17.115416 5.973752
v  18.929880 17.212362 6.158946
v  18.960669 17.198296 6.152086
v  18.994598 17.204788 6.123722
v  19.013138 17.184206 6.114331
v  19.036953 17.178308 6.080746
v  19.043318 17.152157 6.073548
v  19.058510 17.136976 6.050159
v  19.058083 17.100193 6.046569
v  19.042603 17.086905 6.065292
v  19.034986 17.060261 6.067011
v  19.010307 17.052168 6.103138
v  18.988127 17.026442 6.117706
v  18.947811 17.036133 6.147718
v  18.910477 17.022980 6.156416
v  18.877115 17.047096 6.168807
v  18.843933 17.042801 6.174516
v  18.832079 17.066080 6.173614
v  18.804829 17.065971 6.183604
v  18.815290 17.088503 6.178276
v  18.803095 17.106312 6.188027
v  18.827028 17.121536 6.185742
v  18.831560 17.152065 6.189166
v  18.858633 17.158813 6.188731
v  18.874044 17.189508 6.183733
v  18.902462 17.189625 6.176495
v  19.070093 17.118547 6.031592
v  19.098726 17.119577 5.988723
v  18.928734 17.183449 6.168164
v  18.985643 17.181997 6.146399
v  19.023100 17.163582 6.103887
v  19.023869 17.077332 6.092350
v  18.980301 17.052580 6.136582
v  18.908175 17.053879 6.164625
v  18.858932 17.071764 6.171164
v  18.834288 17.083559 6.172750
v  18.831537 17.101082 6.177909
v  18.850374 17.126671 6.182729
v  18.883224 17.161692 6.182542
v  18.768694 16.982933 6.237206
v  18.754988 16.966103 6.261411
v  18.755491 16.938690 6.286831
v  18.766384 16.903290 6.310615
v  18.778692 16.915258 6.282743
v  18.783119 16.915598 6.245324
v  18.793562 16.885365 6.260668
v  18.807552 16.886225 6.227610
v  18.767664 16.945791 6.260358
v  18.803249 16.913889 6.209992
v  18.779236 16.947752 6.226332
v  18.838129 17.363230 6.221549
v  18.790630 17.439850 6.205317
v  18.847698 17.516884 6.145043
v  18.797037 17.590191 6.092974
v  18.855122 17.631714 5.993498
v  18.798098 17.667709 5.904818
v  18.855043 17.664619 5.796083
v  18.800257 17.662552 5.695004
v  18.813322 17.581078 5.532666
v  18.892200 17.506084 5.494543
v  18.822273 17.429964 5.426412
v  18.822403 17.237499 5.376231
v  18.892941 17.139980 5.397490
v  18.813890 17.048306 5.386570
v  18.869833 16.972387 5.427594
v  18.800350 16.903690 5.430579
v  18.811140 16.780504 5.485356
v  18.871475 16.694695 5.515973
v  18.810673 16.625778 5.486784
v  18.805038 16.950893 6.194086
v  18.850483 16.920971 6.185058
v  18.844948 16.887318 6.198608
v  18.908480 16.893692 6.170230
v  18.914970 16.934996 6.160492
v  19.112917 17.159969 5.966658
v  19.111616 17.085129 5.955378
v  19.126492 17.123949 5.912666
v  19.123922 17.132813 5.792391
v  19.114491 17.214975 5.728578
v  19.103710 17.063921 5.707327
v  19.086620 17.144995 5.625444
v  19.008236 17.141817 5.480843
v  18.960686 17.235773 5.436104
v  18.946535 17.051632 5.442251
v  18.938206 17.360916 6.179428
v  19.034256 17.322702 6.108422
v  18.997675 17.400568 6.114159
v  18.954828 17.488276 6.097278
v  19.050018 17.420538 6.023519
v  19.009928 17.513229 5.996453
v  19.126713 17.073200 5.857854
v  19.128666 17.184399 5.872708
v  18.894545 17.433466 6.172589
v  18.907930 17.571268 6.058269
v  19.091175 17.402998 5.913328
v  19.079206 17.327301 6.028254
v  19.113489 17.306192 5.933059
v  19.118921 17.223845 5.948469
v  19.125219 17.265760 5.835047
v  19.094614 17.250574 6.022550
v  18.963501 17.585424 5.945649
v  19.053434 17.495903 5.877831
v  19.007864 17.566299 5.827906
v  18.911251 17.636797 5.880293
v  19.043678 17.057106 5.550519
v  19.058540 17.232903 5.559949
v  19.110687 17.355629 5.795343
v  19.097321 17.302742 5.673611
v  19.074503 17.448217 5.753160
v  18.899839 17.334206 5.418040
v  19.026457 17.526476 5.709293
v  19.059704 17.392916 5.627027
v  19.007694 17.479177 5.591194
v  18.961483 17.419001 5.491128
v  18.944450 17.555180 5.584928
v  19.015972 17.324940 5.513450
v  18.972679 17.583712 5.686063
v  18.869493 17.621090 5.619757
v  18.913239 17.632435 5.713511
v  18.958696 17.613207 5.780236
v  18.864954 16.842564 5.482593
v  18.925022 16.789835 5.566566
v  18.920528 16.907734 5.495064
v  18.960516 16.841896 5.578528
v  19.106249 16.966240 5.897595
v  19.087263 16.873535 5.859160
v  19.077120 16.947451 6.000631
v  19.062901 16.864904 5.984808
v  19.086815 17.010550 5.990613
v  19.030071 16.948807 6.085922
v  19.020216 16.902893 5.599354
v  19.046085 16.825741 5.688948
v  18.987162 16.775177 5.643233
v  18.989147 16.977936 5.514316
v  19.114531 17.033648 5.924629
v  19.085127 16.917986 5.743568
v  19.054367 16.770891 5.808309
v  19.113842 17.005766 5.802827
v  19.067156 16.979868 5.637964
v  18.761122 16.788881 6.247922
v  18.780684 16.775919 6.235777
v  18.758175 16.757677 6.237893
v  18.763090 16.693838 6.218469
v  18.785639 16.691120 6.201572
v  18.762197 16.677710 6.204765
v  18.788479 16.526306 6.098243
v  18.824423 16.540964 6.016526
v  18.781166 16.547171 5.969893
v  18.817076 16.591619 5.818923
v  18.880424 16.560440 5.764889
v  18.810427 16.457487 5.786451
v  18.941755 16.650904 5.738438
v  18.915340 16.513189 5.707828
v  18.936264 16.629507 5.659709
v  18.976696 16.431540 5.547758
v  18.942265 16.465353 5.641821
v  18.890232 16.536341 5.485489
v  18.915586 16.588545 5.568634
v  18.762075 16.725674 6.219634
v  18.785761 16.714558 6.210692
v  18.807545 16.732948 6.194475
v  18.812025 16.707613 6.191872
v  18.834253 16.728930 6.174773
v  18.807535 16.789324 6.221164
v  18.800980 16.760147 6.214232
v  18.830460 16.771919 6.196514
v  18.879885 16.769943 6.144446
v  18.903873 16.771721 6.126600
v  18.882278 16.760229 6.128354
v  18.892443 16.758146 6.121182
v  18.880398 16.752100 6.121807
v  18.875572 16.744650 6.129556
v  18.898996 16.749582 6.115214
v  18.782667 16.572592 6.189992
v  18.833370 16.552959 6.135940
v  18.768286 16.636248 6.196221
v  18.790340 16.666582 6.187452
v  18.759405 16.804834 6.243695
v  18.783283 16.799440 6.237140
v  18.776228 16.754585 6.221246
v  18.756907 16.749954 6.203026
v  18.783817 16.734039 6.204293
v  18.761854 16.731022 6.189657
v  18.852057 16.760504 6.166679
v  18.870079 16.759243 6.139327
v  18.824247 16.754492 6.187500
v  18.849277 16.757105 6.146241
v  18.829523 16.739981 6.171047
v  18.806583 16.737028 6.169376
v  18.868719 16.747950 6.128421
v  18.880825 16.756060 6.120254
v  18.877186 16.752209 6.110423
v  18.878592 16.758667 6.115411
v  18.862486 16.728601 6.145688
v  18.852839 16.742046 6.150780
v  18.864841 16.784050 6.170204
v  18.798418 16.754141 6.183524
v  18.851089 16.743797 6.133983
v  18.836662 16.792385 6.195446
v  18.902990 16.791449 6.143619
v  18.885057 16.807007 6.165363
v  18.812700 16.806704 6.214355
v  18.925341 16.762644 6.106658
v  18.894865 16.729254 6.113785
v  18.936514 16.740889 6.087612
v  18.944469 16.790377 6.109907
v  18.838848 16.707455 6.162950
v  18.876837 16.704468 6.124311
v  18.812843 16.688854 6.175950
v  18.756777 16.751102 6.058553
v  18.775368 16.753704 6.135498
v  18.783731 16.734547 6.127635
v  18.761854 16.731897 6.058198
v  18.823433 16.754961 6.120109
v  18.848305 16.758045 6.059093
v  18.868530 16.759602 6.097011
v  18.828838 16.740231 6.112020
v  18.806032 16.737654 6.058477
v  18.877859 16.755787 6.087618
v  18.873274 16.751881 6.057996
v  18.867168 16.747950 6.091504
v  18.874680 16.758656 6.058351
v  18.798416 16.755308 6.059182
v  18.849440 16.744015 6.058385
v  18.812157 16.612864 6.183983
v  18.867311 16.595222 6.136328
v  18.875130 16.551998 6.040644
v  18.916655 16.589378 6.042984
v  19.009773 16.691479 5.785474
v  18.985050 16.658241 5.924396
v  19.019733 16.725370 5.946828
v  18.793135 16.582758 5.878998
v  18.824255 16.566633 5.930463
v  18.946817 16.606602 5.916632
v  18.948046 16.639347 5.809408
v  18.884886 16.578760 5.926196
v  18.867382 16.607239 5.844248
v  18.986155 16.716896 5.692578
v  18.931698 16.725300 5.599014
v  18.976187 16.913431 6.129832
v  18.949333 16.827263 6.125875
v  18.983809 16.774195 6.064271
v  19.009628 16.822523 6.061143
v  18.963121 16.687519 6.045795
v  19.040213 16.788403 5.984313
v  18.988756 16.738369 6.038690
v  19.009655 16.875908 6.089302
v  18.927664 16.709608 6.085793
v  18.909821 16.677727 6.097757
v  18.856550 16.681904 6.140114
v  18.835945 16.652210 6.158369
v  18.940886 16.637976 6.048612
v  18.891891 16.640190 6.115062
v  18.942139 16.863501 6.146801
v  18.870377 16.832331 6.184208
v  18.837366 16.859251 6.205802
v  18.796564 16.835958 6.226205
v  18.784855 16.882069 6.291542
v  18.764126 16.871096 6.304181
v  18.759283 16.880777 6.268367
v  18.766766 16.878038 6.254142
v  18.749353 16.876419 6.258461
v  18.756834 16.873680 6.244237
v  18.768444 16.819021 6.239754
v  18.786024 16.858397 6.238877
v  18.767672 16.837530 6.238093
v  18.752214 16.822868 6.242654
v  18.758526 16.848160 6.238933
v  18.783278 16.864971 6.263074
v  18.749514 16.852037 6.251579
v  18.772943 16.856647 6.245595
v  18.760975 16.856121 6.243787
v  18.777185 16.865683 6.285079
v  18.776121 16.863781 6.262642
v  18.750792 16.862677 6.299540
v  18.764650 16.867525 6.293166
v  18.749504 16.859865 6.274311
v  18.750092 16.864025 6.249410
v  18.768530 16.867413 6.245921
v  18.770555 16.873770 6.272587
v  18.753269 16.872892 6.281679
v  18.806089 16.282736 5.843411
v  18.893919 16.248156 5.866830
v  18.807861 16.199585 5.920468
v  18.898996 16.184774 5.913343
v  18.813284 16.110979 5.942983
v  18.913906 16.025734 5.984914
v  18.826782 15.879331 6.077175
v  18.827539 16.450960 5.434546
v  18.868195 16.388058 5.764828
v  18.954062 16.345720 5.717326
v  18.840290 15.555000 6.161424
v  18.945000 15.492774 6.120337
v  18.842604 15.385319 6.094849
v  18.928249 15.097560 6.061937
v  18.823235 14.780800 6.070662
v  18.872896 15.718838 5.279133
v  18.991590 15.573600 5.286148
v  19.000330 15.922224 5.254962
v  19.139639 15.775770 5.248991
v  19.301048 16.151173 5.789095
v  19.398350 16.074312 5.755598
v  19.175014 16.049070 5.913072
v  19.286085 15.945616 5.879638
v  18.776215 14.289707 5.907459
v  18.796144 14.289096 5.629591
v  18.770634 14.451393 5.380178
v  19.320866 15.622303 5.536952
v  19.261623 15.478585 5.469627
v  19.247526 15.485742 5.759410
v  19.233826 15.286736 5.666113
v  19.030607 16.266546 5.785506
v  19.025560 16.218306 5.885254
v  19.158850 16.227051 5.817531
v  19.031897 16.131790 5.898255
v  19.166971 16.184469 5.846317
v  19.198589 15.068690 5.785458
v  19.234200 14.858795 5.678695
v  19.211983 15.057379 5.585686
v  18.792629 15.895629 5.305776
v  18.794563 15.537289 5.336711
v  18.865484 16.077467 5.302124
v  19.003925 16.225866 5.338845
v  19.154953 16.095224 5.287683
v  18.934589 15.711088 6.123061
v  19.046177 15.901413 6.037279
v  19.046272 15.574899 6.117291
v  19.161554 15.757157 6.031459
v  19.235067 15.641043 5.301520
v  19.165569 15.275998 5.470017
v  19.096479 15.451965 5.348782
v  18.959410 15.274186 5.382071
v  18.850321 15.038033 5.394865
v  19.066139 15.055002 5.425401
v  18.952034 14.844206 5.381764
v  19.286249 14.530307 5.790698
v  19.213003 14.373431 5.898473
v  19.188148 14.591465 5.880854
v  19.084536 14.445100 5.954308
v  19.170347 15.319109 5.884820
v  19.231785 15.622443 5.917456
v  19.128864 15.483204 6.017673
v  18.839870 14.743168 5.339883
v  18.782547 14.819824 5.398538
v  18.774942 14.682354 5.330355
v  19.237854 14.712403 5.781820
v  19.305550 14.634637 5.653439
v  19.252819 14.738207 5.550756
v  19.162664 14.864329 5.481754
v  19.197746 14.672333 5.415384
v  19.069214 14.762842 5.383588
v  19.156523 14.838728 5.883036
v  19.095892 15.083693 5.963648
v  19.440931 16.207747 5.579310
v  19.377878 16.219381 5.643397
v  19.348099 16.254551 5.515660
v  19.314598 16.265163 5.583062
v  19.041201 16.377537 5.469361
v  19.159630 16.328625 5.562662
v  19.069572 16.338985 5.637088
v  19.281977 15.960864 5.264064
v  19.357122 15.825976 5.274435
v  19.292297 16.207264 5.392682
v  19.409267 16.096130 5.351424
v  19.339392 15.803260 5.789757
v  18.863644 15.417459 5.347401
v  18.998390 14.810339 6.021199
v  19.079960 14.669595 5.960578
v  18.885178 14.627000 6.054323
v  18.965990 14.534851 6.011834
v  19.033466 15.362350 6.040977
v  18.950306 14.413630 5.244872
v  19.083870 14.566122 5.282547
v  18.831215 14.576439 5.269991
v  18.942657 14.694596 5.299503
v  18.898602 16.347841 5.390543
v  19.150368 16.295399 5.422085
v  19.270563 16.203163 5.786705
v  19.328485 16.211197 5.721202
v  19.255480 16.231417 5.736100
v  19.362694 16.198284 5.722300
v  19.253553 16.271740 5.625630
v  19.319725 16.229113 5.671025
v  19.167816 16.274525 5.704232
v  19.240839 16.300821 5.523009
v  18.849598 17.109762 6.028376
v  18.848852 14.118601 5.871827
v  18.836357 14.219021 5.408440
v  18.810774 13.972983 5.661960
v  19.099365 14.280122 5.288626
v  18.952459 14.063372 5.359329
v  19.225952 14.448432 5.341656
v  19.338970 14.349329 5.491563
v  19.253944 14.153741 5.389105
v  19.339169 14.464225 5.648939
v  19.329742 14.292606 5.803129
v  19.395363 14.153363 5.652571
v  19.101681 14.163974 5.952245
v  19.253048 14.038998 5.903411
v  18.956320 14.267929 5.977633
v  18.969944 13.948988 5.942575
v  19.150766 10.716677 6.169427
v  19.231573 10.715593 6.245687
v  19.207922 10.706215 6.081927
v  19.309549 10.706282 6.161774
v  19.404539 10.715593 6.201168
v  19.403009 10.706282 6.026633
v  19.482203 10.716677 6.079247
v  19.102953 10.724234 5.748010
v  19.201664 10.705888 5.894728
v  19.152363 10.705797 5.604685
v  19.266148 10.706217 5.754894
v  19.372015 10.706283 5.865591
v  19.316332 10.705863 5.610882
v  19.407785 10.724628 5.733808
v  19.076515 10.728708 5.484788
v  19.137621 10.728505 5.391133
v  19.219387 10.704604 5.475512
v  19.273075 10.728505 5.370513
v  19.348551 10.728708 5.475973
v  19.224669 10.872847 6.244772
v  19.138966 10.888481 6.172180
v  19.308056 10.919491 6.154369
v  19.199968 10.944803 6.077788
v  19.405670 10.860679 6.196733
v  19.482811 10.858789 6.080895
v  19.404623 10.922398 6.024460
v  19.196342 10.965189 5.904276
v  19.116779 10.994667 5.782917
v  19.275318 11.027735 5.787518
v  19.182938 11.086292 5.696043
v  19.383263 10.962077 5.868965
v  19.422089 10.995059 5.736713
v  19.332495 11.086357 5.672222
v  19.161972 10.744616 6.244540
v  19.319883 10.743532 6.284080
v  19.229769 10.783150 6.291998
v  19.486668 10.744616 6.170858
v  19.417894 10.781706 6.254366
v  19.523443 10.752195 5.981897
v  19.530586 10.787609 6.082787
v  19.472828 10.764481 5.841867
v  19.419657 10.794408 5.587584
v  19.462851 10.854626 5.718731
v  19.337833 10.802929 5.362568
v  19.397478 10.898753 5.450459
v  19.193600 10.803566 5.310521
v  19.268967 10.903623 5.304211
v  19.068941 10.802929 5.400736
v  19.114294 10.903623 5.331638
v  19.031086 10.794341 5.585470
v  19.022882 10.898753 5.474420
v  19.100883 10.764084 5.904854
v  19.057257 10.854492 5.750572
v  19.135159 10.718449 6.004781
v  19.099794 10.752129 6.090408
v  19.094856 10.809464 6.011983
v  19.319633 10.829778 6.279247
v  19.154448 10.827770 6.249156
v  19.487179 10.815602 6.171955
v  19.483360 10.881618 5.841014
v  19.513412 10.806091 5.917511
v  19.476271 10.898621 5.923071
v  19.525354 10.838917 5.983225
v  19.422876 10.980837 5.588214
v  19.326323 11.001667 5.374718
v  19.354490 11.080471 5.487105
v  19.191118 11.002514 5.328550
v  19.253920 11.081318 5.366933
v  19.063709 11.001667 5.412875
v  19.128130 11.081318 5.387051
v  19.049984 10.980770 5.615932
v  19.072773 11.080472 5.526147
v  19.094845 10.884727 5.910174
v  19.109575 10.792557 6.179582
v  19.092140 10.861322 6.089769
v  19.120773 11.121114 5.613779
v  19.254368 11.121114 5.659829
v  19.184742 11.140894 5.642423
v  19.358086 11.121114 5.576768
v  19.315016 11.140894 5.623070
v  19.299700 11.121114 5.414818
v  19.341663 11.140894 5.490572
v  19.195930 11.121114 5.375601
v  19.254827 11.140894 5.378431
v  19.085651 11.121115 5.448440
v  19.132853 11.140894 5.396080
v  19.089415 11.140894 5.527574
v  19.298809 10.706217 5.980772
v  19.466246 10.718843 5.923235
v  19.297739 10.957430 5.978155
v  19.121197 10.919255 6.003307
v  19.248205 11.159651 5.638268
v  19.184669 11.203520 5.626087
v  19.132109 11.159651 5.596244
v  19.347580 11.159651 5.569857
v  19.298098 11.203520 5.615928
v  19.314335 11.159651 5.414077
v  19.347212 11.203520 5.489949
v  19.204063 11.159651 5.373134
v  19.274546 11.203520 5.376150
v  19.088451 11.159651 5.439065
v  19.134008 11.203520 5.385562
v  19.093248 11.203520 5.509521
v  19.189997 11.757325 5.666640
v  19.162083 11.474808 5.623644
v  19.119736 12.097634 5.691890
v  19.091879 11.785640 5.597196
v  19.286270 11.785640 5.597196
v  19.258444 11.474808 5.622374
v  19.213295 12.097634 5.691890
v  19.396103 11.896064 5.361141
v  19.337662 11.494070 5.488537
v  19.376284 12.230322 5.498253
v  19.197100 11.943835 5.240174
v  19.282743 11.517225 5.346026
v  19.342649 12.381540 5.242788
v  18.997187 11.896064 5.361141
v  19.104683 11.517225 5.347203
v  19.045761 12.381540 5.242788
v  19.063242 11.494070 5.490983
v  18.985836 12.230323 5.498253
v  19.128727 13.324544 5.937613
v  19.025318 13.162686 5.892532
v  18.998528 13.489902 5.925705
v  18.932228 13.284776 5.825792
v  19.329069 13.333568 5.812616
v  19.222822 13.169346 5.890678
v  19.265129 13.541307 5.909949
v  19.325483 13.307585 5.510699
v  19.320351 13.129977 5.690705
v  19.403011 13.605770 5.639234
v  19.134611 13.291289 5.402178
v  19.233097 12.987572 5.436338
v  19.272240 13.619085 5.382644
v  18.938341 13.247910 5.524867
v  19.047573 12.978735 5.438390
v  18.990940 13.553236 5.391835
v  18.937784 13.107664 5.696330
v  18.855110 13.488516 5.664180
v  19.122271 12.829571 5.820602
v  19.041445 12.682671 5.758524
v  19.012226 12.942583 5.834091
v  18.962936 12.865018 5.738173
v  19.284908 12.865018 5.738173
v  19.214111 12.682671 5.758524
v  19.232313 12.942583 5.834091
v  19.311045 12.952221 5.692307
v  19.316225 12.770430 5.615102
v  18.961176 12.770432 5.615102
v  18.942953 12.952221 5.692307
v  18.962936 13.026745 5.799641
v  19.122271 13.055405 5.890452
v  19.284908 13.026745 5.799641
v  19.144304 12.405865 5.739510
v  19.020950 12.470558 5.667701
v  19.274490 12.470558 5.667701
v  19.365608 12.659515 5.424571
v  19.165972 12.719574 5.301239
v  18.968927 12.659515 5.424571
v  18.852604 13.770370 5.489895
v  18.872629 13.721993 5.834332
v  19.121361 13.878901 5.340232
v  19.378712 13.918495 5.489834
v  19.373177 13.852313 5.796488
v  19.124605 13.741881 5.959287
v  19.302713 14.567408 5.496529
v  18.848383 14.380390 6.019454
v  19.490103 15.474182 5.345527
v  19.420483 15.566931 5.465023
v  19.471569 15.323440 5.417166
v  19.429199 15.455085 5.555411
v  19.647236 15.543416 5.341486
v  19.526909 15.616824 5.331501
v  19.606184 15.381470 5.300705
v  19.750799 15.557440 5.531169
v  19.683645 15.665114 5.432685
v  19.755814 15.439735 5.413126
v  19.651697 15.547536 5.699555
v  19.687696 15.668283 5.619630
v  19.754534 15.439510 5.630722
v  19.516874 15.498900 5.703596
v  19.561609 15.652283 5.704207
v  19.610645 15.385591 5.735897
v  19.451134 15.599220 5.650784
v  19.477310 15.327785 5.634762
v  19.557707 15.230522 5.344253
v  19.521519 15.099483 5.425476
v  19.478230 15.200080 5.508699
v  19.704456 15.274960 5.344253
v  19.645069 15.128620 5.341937
v  19.795746 15.305511 5.508699
v  19.783689 15.146028 5.420955
v  19.698059 15.273831 5.681718
v  19.772196 15.130157 5.593198
v  19.564102 15.231650 5.681718
v  19.650158 15.100437 5.683405
v  19.538101 15.087172 5.594702
v  19.375446 15.711441 5.344004
v  19.381952 15.664183 5.487744
v  19.357388 15.694350 5.664578
v  19.453915 15.959663 5.294231
v  19.446657 15.799870 5.285610
v  19.508440 16.171124 5.467982
v  19.552797 16.055454 5.369696
v  19.486229 16.141382 5.682830
v  19.574709 16.144001 5.594850
v  19.419031 15.921807 5.746111
v  19.493244 15.988071 5.736010
v  19.406628 15.763836 5.712990
v  19.518103 14.950599 5.544395
v  19.572176 14.999107 5.364911
v  19.541164 14.814404 5.498339
v  19.757624 15.019636 5.349614
v  19.685745 14.859139 5.357334
v  19.858137 14.991020 5.531059
v  19.875923 14.852126 5.469471
v  19.737230 14.917741 5.692608
v  19.851784 14.768792 5.685029
v  19.628189 14.903724 5.692819
v  19.716356 14.698029 5.770348
v  19.595917 14.736627 5.695795
v  19.611774 14.566933 5.696932
v  19.651546 14.599102 5.526937
v  19.690371 14.377453 5.711654
v  19.814678 14.621553 5.507268
v  19.771175 14.384846 5.636701
v  19.903027 14.609672 5.675790
v  19.869190 14.413889 5.695146
v  19.800968 14.548737 5.805327
v  19.866024 14.427058 5.810947
v  19.701448 14.530540 5.809911
v  19.776905 14.411877 5.865347
v  19.699268 14.391315 5.824498
v  19.441246 15.625376 5.363031
v  19.412048 15.634952 5.469384
v  19.420860 15.635943 5.589274
v  19.602629 15.748542 5.347623
v  19.504293 15.725356 5.308399
v  19.721039 15.801044 5.520913
v  19.672485 15.901417 5.401740
v  19.635271 15.779247 5.692348
v  19.699501 15.932478 5.618702
v  19.495337 15.698692 5.701837
v  19.561890 15.818210 5.734935
v  19.442629 15.696743 5.678958
v  19.423666 15.675956 5.346463
v  19.404545 15.676293 5.614842
v  19.551626 15.884435 5.310824
v  19.663515 16.059324 5.490080
v  19.598936 15.995546 5.703190
v  19.470797 15.810055 5.731484
v  19.825977 13.944332 6.107151
v  19.832193 13.875830 6.103875
v  19.790983 13.983088 6.084802
v  19.800121 13.975308 6.061066
v  19.825783 13.895357 6.051939
v  19.840305 13.822540 6.031858
v  19.831020 13.932780 5.991892
v  19.841438 13.858857 5.972153
v  19.839529 13.798457 5.946954
v  19.827557 13.905705 5.912054
v  19.826881 13.838677 5.890662
v  19.838392 13.798513 5.862299
v  19.815947 13.875116 5.833706
v  19.841448 13.833076 5.817001
v  19.781712 14.014078 6.072742
v  19.772503 14.056148 6.072995
v  19.774372 14.092130 6.021821
v  19.798628 14.011957 6.009415
v  19.788567 14.066111 5.943894
v  19.817327 13.985073 5.926343
v  19.791426 14.038818 5.858826
v  19.803532 13.952700 5.850564
v  19.795238 13.989965 5.791116
v  19.823973 13.917459 5.784397
v  19.947504 13.877251 6.103382
v  19.916149 13.953043 6.103705
v  19.958511 13.925797 6.040820
v  19.939362 14.016165 6.046050
v  19.929733 14.004103 6.076326
v  19.967781 13.825301 6.030897
v  19.967619 13.891040 5.959360
v  19.961121 13.992811 5.970004
v  19.958551 13.802783 5.944831
v  19.950365 13.871628 5.874039
v  19.959076 13.963444 5.885386
v  19.933451 13.804775 5.859561
v  19.916075 13.858231 5.806872
v  19.939030 13.932227 5.807295
v  19.926973 14.040332 6.062948
v  19.913301 14.081183 6.066319
v  19.939449 14.070004 5.990172
v  19.915979 14.129995 6.012331
v  19.952738 14.046503 5.902641
v  19.933317 14.119703 5.926012
v  19.937128 14.010740 5.821637
v  19.929937 14.088411 5.837047
v  19.909206 13.960570 5.767170
v  19.912481 14.036187 5.770616
v  19.879848 13.804090 5.823126
v  19.875246 13.887840 5.781596
v  19.854399 13.977997 5.756210
v  19.791309 14.098598 5.742740
v  19.832750 14.070915 5.736305
v  19.824041 14.172087 5.728976
v  19.871153 14.119155 5.734570
v  19.791639 14.195576 5.986962
v  19.830900 14.242098 5.944336
v  19.833042 14.199846 6.017835
v  19.880096 14.217387 5.979532
v  19.778795 14.127316 6.111245
v  19.816532 14.152470 6.092682
v  19.810865 14.111841 6.140856
v  19.851917 14.143096 6.105711
v  19.857248 13.992039 6.095528
v  19.882416 13.900490 6.136548
v  19.761110 14.196415 5.899551
v  19.744314 14.224687 5.834873
v  19.775436 14.258325 5.912473
v  19.740267 14.277805 5.865639
v  19.867393 14.280245 5.904155
v  19.808609 14.309195 5.901246
v  19.903662 14.231657 5.886573
v  19.898281 14.260203 5.821395
v  19.882477 14.311831 5.852727
v  19.898003 14.199968 5.786119
v  19.860203 14.226576 5.731649
v  19.879211 14.281458 5.757713
v  19.774591 14.207104 5.739038
v  19.806631 14.249728 5.710732
v  19.760836 14.167429 5.798837
v  19.741552 14.248712 5.770139
v  19.770899 14.145806 6.039318
v  19.785620 14.159927 6.065441
v  19.766022 14.102571 6.097483
v  19.805113 13.804176 6.202368
v  19.762461 13.800292 6.212864
v  19.821497 13.792420 6.236658
v  19.778845 13.788536 6.247154
v  19.914673 14.044334 6.087823
v  19.882257 14.045989 6.140356
v  19.883551 14.123229 6.092296
v  19.851770 14.093365 6.147276
v  19.863998 14.177850 6.059108
v  19.799673 14.006930 6.092314
v  19.776888 14.026451 6.094736
v  19.904167 14.019629 6.087049
v  19.848295 14.005171 6.104791
v  19.799313 13.965401 6.138162
v  19.876646 13.976648 6.151105
v  19.839533 13.922233 6.166528
v  19.836948 14.008329 6.204826
v  19.856630 13.947671 6.213711
v  19.806007 14.061391 6.184673
v  19.773596 13.997187 6.191149
v  19.794180 13.957828 6.224459
v  19.772068 14.030377 6.140408
v  19.777082 13.932389 6.177277
v  19.749542 14.331780 5.881068
v  19.720737 14.298465 5.808102
v  19.843103 14.354319 5.872516
v  19.882771 14.337499 5.793290
v  19.840651 14.300426 5.705403
v  19.750372 14.278677 5.713656
v  19.884195 13.643349 5.937089
v  19.881105 13.626028 5.924500
v  19.874268 13.653009 5.914706
v  19.884071 13.631198 5.903704
v  19.924921 13.629275 5.904251
v  19.929209 13.623802 5.925131
v  19.934034 13.649801 5.915651
v  19.925047 13.641426 5.937637
v  19.891169 13.551883 5.951448
v  19.900866 13.552839 5.963977
v  19.900780 13.544539 5.941172
v  19.910477 13.545496 5.953701
v  19.905077 13.617176 5.903553
v  19.904066 13.643056 5.892238
v  19.881561 13.676091 5.925107
v  19.904150 13.691451 5.924720
v  19.904238 13.659754 5.938119
v  19.926355 13.673503 5.925882
v  19.878214 13.729678 5.906921
v  19.873579 13.709869 5.893998
v  19.862366 13.745737 5.880986
v  19.877573 13.719338 5.870283
v  19.888998 13.588811 5.921133
v  19.883598 13.607189 5.931348
v  19.884579 13.579849 5.941295
v  19.889109 13.599663 5.950950
v  19.927744 13.715857 5.871362
v  19.935566 13.706185 5.895107
v  19.936550 13.740601 5.882696
v  19.928385 13.726196 5.908001
v  19.921423 13.595022 5.952518
v  19.929810 13.602031 5.933053
v  19.922102 13.572576 5.943802
v  19.921312 13.584169 5.922701
v  19.904408 13.700571 5.872693
v  19.897907 13.738412 5.853261
v  19.906626 13.597088 5.911532
v  19.903271 13.569444 5.923951
v  19.906780 13.612131 5.952868
v  19.903410 13.582981 5.961145
v  19.904737 13.715484 5.916412
v  19.901009 13.747927 5.910420
v  19.883112 13.698852 5.916399
v  19.875050 13.685438 5.902901
v  19.875950 13.697729 5.898425
v  19.882990 13.687018 5.883886
v  19.926805 13.684420 5.884668
v  19.933094 13.681963 5.903949
v  19.935501 13.694295 5.899451
v  19.926926 13.696253 5.917181
v  19.903992 13.675950 5.882129
v  19.905642 13.687941 5.876760
v  19.905807 13.704083 5.921116
v  19.882929 13.695648 5.880745
v  19.883051 13.707481 5.913259
v  19.928156 13.704936 5.914016
v  19.928034 13.693104 5.881503
v  19.862692 13.769250 5.897712
v  19.860332 13.769545 5.847749
v  19.918741 13.766812 5.848643
v  19.929047 13.765934 5.899262
v  19.894966 13.773434 5.908646
v  19.881435 13.663988 5.891854
v  19.926231 13.661400 5.892629
v  19.905235 13.632654 5.946079
v  19.889067 13.613993 5.910927
v  19.884546 13.616934 5.927797
v  19.889185 13.625513 5.942582
v  19.922897 13.623336 5.943249
v  19.928911 13.613034 5.929051
v  19.922779 13.611814 5.911593
v  19.906649 13.607256 5.907192
v  19.890007 13.618755 5.945038
v  19.889889 13.607235 5.913383
v  19.924171 13.603842 5.914490
v  19.924290 13.615363 5.946145
v  19.906807 13.622712 5.949657
v  19.890265 13.558963 5.934702
v  19.890358 13.568072 5.959732
v  19.913387 13.562016 5.961850
v  19.913294 13.552906 5.936821
v  19.881844 13.607081 6.040913
v  19.877945 13.585237 6.025035
v  19.869322 13.619266 6.012683
v  19.881685 13.591757 5.998806
v  19.933207 13.589331 5.999496
v  19.938614 13.582428 6.025831
v  19.944700 13.615219 6.013874
v  19.933365 13.604655 6.041603
v  19.890636 13.491722 6.059023
v  19.902866 13.492929 6.074824
v  19.902760 13.482461 6.046062
v  19.914989 13.483667 6.061863
v  19.908178 13.574072 5.998616
v  19.906902 13.606712 5.984345
v  19.878519 13.648376 6.025801
v  19.907011 13.667749 6.025313
v  19.907120 13.627772 6.042212
v  19.935015 13.645113 6.026778
v  19.874659 13.715455 6.003068
v  19.868559 13.690429 5.986786
v  19.856747 13.732075 5.971467
v  19.874491 13.699121 5.958186
v  19.887897 13.538298 6.020788
v  19.881088 13.561476 6.033672
v  19.882326 13.526995 6.046216
v  19.888039 13.551984 6.058394
v  19.939295 13.694986 5.959448
v  19.947247 13.685868 5.988151
v  19.953775 13.725861 5.973485
v  19.939463 13.711321 6.004331
v  19.928795 13.546130 6.060372
v  19.939371 13.554970 6.035821
v  19.929651 13.517819 6.049379
v  19.928654 13.532443 6.022766
v  19.907801 13.678195 5.960119
v  19.904398 13.718242 5.938129
v  19.910133 13.548735 6.008679
v  19.905901 13.513870 6.024343
v  19.910328 13.567709 6.060814
v  19.906076 13.530943 6.071252
v  19.908005 13.698102 6.014817
v  19.906122 13.739693 6.006823
v  19.880474 13.677082 6.014818
v  19.870306 13.660166 5.997793
v  19.871443 13.675666 5.992147
v  19.880322 13.662158 5.973812
v  19.935583 13.658880 5.974798
v  19.943514 13.655783 5.999115
v  19.946550 13.671336 5.993443
v  19.935736 13.673804 6.015804
v  19.906809 13.648199 5.971596
v  19.908892 13.663321 5.964823
v  19.909101 13.683681 6.020767
v  19.880245 13.673042 5.969851
v  19.880398 13.687966 6.010857
v  19.937286 13.684757 6.011812
v  19.937132 13.669832 5.970806
v  19.862156 13.766134 5.990584
v  19.860458 13.754649 5.930592
v  19.938972 13.750690 5.932330
v  19.946524 13.761481 5.992081
v  19.905640 13.779684 6.000457
v  19.878363 13.633113 5.983861
v  19.934858 13.629848 5.984838
v  19.908379 13.593592 6.052250
v  19.887987 13.570057 6.007916
v  19.882286 13.573767 6.029194
v  19.888136 13.584587 6.047841
v  19.930653 13.581841 6.048681
v  19.938238 13.568848 6.030775
v  19.930504 13.567310 6.008757
v  19.910162 13.561561 6.003205
v  19.889172 13.576063 6.050939
v  19.889023 13.561533 6.011014
v  19.932261 13.557255 6.012410
v  19.932411 13.571785 6.052334
v  19.910362 13.581053 6.056764
v  19.889496 13.500651 6.037902
v  19.889614 13.512140 6.069470
v  19.918659 13.504501 6.072142
v  19.918543 13.493012 6.040574
v  19.895214 13.621328 6.131001
v  19.891615 13.597919 6.115691
v  19.882206 13.636045 6.101851
v  19.895056 13.606003 6.088894
v  19.946823 13.602297 6.090049
v  19.952572 13.593609 6.117032
v  19.957956 13.630069 6.103743
v  19.946981 13.617622 6.132156
v  19.906425 13.493361 6.153690
v  19.918789 13.493868 6.169746
v  19.918682 13.483398 6.140984
v  19.931046 13.483905 6.157040
v  19.921993 13.586004 6.089545
v  19.919973 13.622526 6.073863
v  19.890963 13.667459 6.114132
v  19.919178 13.688269 6.113122
v  19.920189 13.643587 6.131730
v  19.947741 13.662722 6.115644
v  19.885361 13.742254 6.088598
v  19.879866 13.715440 6.072963
v  19.865765 13.760261 6.056366
v  19.885193 13.725919 6.043715
v  19.902494 13.546157 6.113195
v  19.895296 13.571355 6.125346
v  19.897303 13.532868 6.139346
v  19.902634 13.559844 6.150802
v  19.948803 13.719792 6.045707
v  19.958439 13.708740 6.075108
v  19.961765 13.751046 6.059448
v  19.948971 13.736128 6.090590
v  19.943672 13.552523 6.153313
v  19.953941 13.562966 6.128180
v  19.945007 13.521715 6.143227
v  19.943531 13.538836 6.115707
v  19.919050 13.702136 6.046687
v  19.913822 13.742878 6.024287
v  19.924520 13.557673 6.100696
v  19.921066 13.518755 6.117831
v  19.924717 13.576647 6.152830
v  19.921242 13.535828 6.164741
v  19.919254 13.722043 6.101385
v  19.913708 13.768429 6.091527
v  19.892286 13.699461 6.101952
v  19.882290 13.681649 6.085253
v  19.883087 13.698917 6.078965
v  19.892134 13.684537 6.060946
v  19.947672 13.679808 6.062459
v  19.955868 13.675337 6.087275
v  19.958570 13.692629 6.080971
v  19.947826 13.694732 6.103465
v  19.918978 13.668718 6.059405
v  19.920723 13.685593 6.051996
v  19.920933 13.705954 6.107940
v  19.891815 13.696679 6.056528
v  19.891968 13.711603 6.097534
v  19.949139 13.706919 6.099025
v  19.948986 13.691995 6.058019
v  19.865679 13.797979 6.073603
v  19.866833 13.774392 6.018319
v  19.951460 13.768239 6.020329
v  19.950838 13.791535 6.076063
v  19.903061 13.817776 6.080433
v  19.890806 13.652196 6.072192
v  19.947584 13.647457 6.073705
v  19.922194 13.605525 6.143178
v  19.901871 13.581630 6.098975
v  19.896227 13.585041 6.120361
v  19.902020 13.596160 6.138899
v  19.944756 13.592272 6.140155
v  19.952496 13.578469 6.122543
v  19.944607 13.577742 6.100230
v  19.924261 13.572009 6.094673
v  19.903248 13.586634 6.142362
v  19.903099 13.572104 6.102437
v  19.946592 13.566490 6.104318
v  19.946743 13.581020 6.144242
v  19.924461 13.591501 6.148231
v  19.904955 13.504006 6.131946
v  19.905073 13.515496 6.163514
v  19.934397 13.506411 6.166711
v  19.934278 13.494922 6.135143
v  19.878960 13.684600 6.197755
v  19.875061 13.662754 6.181878
v  19.866440 13.696784 6.169525
v  19.878803 13.669275 6.155649
v  19.930325 13.666849 6.156339
v  19.935730 13.659946 6.182673
v  19.941818 13.692738 6.170716
v  19.930483 13.682175 6.198445
v  19.887754 13.569241 6.215865
v  19.899984 13.570448 6.231666
v  19.899876 13.559979 6.202904
v  19.912107 13.561186 6.218706
v  19.905296 13.651590 6.155458
v  19.904020 13.684231 6.141187
v  19.875635 13.725896 6.182643
v  19.904127 13.745268 6.182155
v  19.904236 13.705292 6.199054
v  19.932133 13.722631 6.183620
v  19.871521 13.792932 6.159928
v  19.865677 13.767947 6.143628
v  19.853964 13.809151 6.128549
v  19.871353 13.776596 6.115045
v  19.885015 13.615816 6.177630
v  19.878206 13.638994 6.190514
v  19.879444 13.604513 6.203059
v  19.885157 13.629503 6.215237
v  19.934631 13.772205 6.116406
v  19.943855 13.763302 6.145027
v  19.947132 13.802400 6.130744
v  19.934799 13.788541 6.161289
v  19.925913 13.623649 6.217215
v  19.936489 13.632488 6.192664
v  19.926767 13.595338 6.206221
v  19.925772 13.609962 6.179608
v  19.904663 13.755671 6.116979
v  19.901533 13.791195 6.097038
v  19.907249 13.626254 6.165522
v  19.903019 13.591389 6.181185
v  19.907444 13.645228 6.217656
v  19.903194 13.608462 6.228095
v  19.904867 13.775578 6.171677
v  19.899563 13.820356 6.162255
v  19.877592 13.754601 6.171660
v  19.867424 13.737684 6.154636
v  19.868559 13.753185 6.148990
v  19.877439 13.739677 6.130654
v  19.932699 13.736399 6.131640
v  19.940632 13.733301 6.155958
v  19.943668 13.748855 6.150285
v  19.932852 13.751324 6.172647
v  19.903927 13.725718 6.128438
v  19.906010 13.740840 6.121666
v  19.906218 13.761200 6.177609
v  19.877361 13.750561 6.126693
v  19.877516 13.765486 6.167699
v  19.934402 13.762276 6.168655
v  19.934250 13.747351 6.127649
v  19.857477 13.852926 6.143297
v  19.858858 13.819247 6.093487
v  19.941422 13.814024 6.095512
v  19.929892 13.848884 6.144585
v  19.875479 13.710632 6.140704
v  19.931976 13.707367 6.141681
v  19.905497 13.671110 6.209093
v  19.885103 13.647575 6.164759
v  19.879402 13.651285 6.186036
v  19.885254 13.662106 6.204683
v  19.927771 13.659360 6.205523
v  19.935354 13.646366 6.187617
v  19.927622 13.644829 6.165599
v  19.907278 13.639080 6.160048
v  19.886290 13.653584 6.207781
v  19.886139 13.639052 6.167857
v  19.929379 13.634773 6.169252
v  19.929527 13.649304 6.209177
v  19.907478 13.658572 6.213606
v  19.886614 13.578171 6.194745
v  19.886732 13.589660 6.226313
v  19.915777 13.582020 6.228984
v  19.915659 13.570531 6.197416
v  19.829872 13.872986 6.185881
v  19.785721 13.839671 6.184103
v  19.842804 13.839725 6.210925
v  19.845488 13.891280 6.233592
v  19.814268 13.840055 6.253817
v  19.787289 13.897349 6.238912
v  19.756735 13.839888 6.225863
v  19.771673 13.879055 6.191201
v  18.791674 16.221706 5.354229
v  18.788528 15.263145 5.407927
v  18.793703 14.504182 6.056007
v  19.770481 14.119976 5.874799
v  19.775726 14.147095 5.963401
v  19.780720 14.086970 5.786833
v  19.801670 14.021173 5.753357
v  19.908895 14.186708 5.951113
v  19.921879 14.163346 5.858448
v  19.900969 14.122591 5.771016
v  19.882309 14.047865 5.742940
v  19.777233 14.080896 6.151737
v  19.895462 14.172397 6.032428
v  19.805365 13.901356 6.169079
v  19.861244 13.913074 6.202157
v  19.839064 13.895998 6.181641
v  19.826040 13.938342 6.242772
v  19.852365 13.920855 6.231548
v  19.770844 13.926036 6.208915
v  19.792458 13.929106 6.235108
v  19.779156 13.904248 6.185202
v  19.857868 13.899018 6.206844
v  19.803326 13.886900 6.173224
v  19.824038 13.923822 6.246941
v  19.769173 13.911151 6.212109
v  19.126545 11.298634 5.577358
v  19.228682 11.298635 5.629116
v  19.321123 11.298634 5.568562
v  19.325342 11.298634 5.412959
v  19.200607 11.298634 5.363005
v  19.075914 11.298634 5.421288
v  18.549448 17.308735 6.190883
v  18.456690 17.280998 6.124569
v  18.479963 17.221401 6.116314
v  18.550722 17.232931 6.160417
v  18.399733 17.226688 6.049265
v  18.433870 17.188862 6.071322
v  18.383465 17.150858 5.999271
v  18.413036 17.141022 6.037468
v  18.384964 17.090679 5.987893
v  18.408979 17.028149 6.017353
v  18.436874 17.051125 6.053110
v  18.413582 17.096714 6.032524
v  18.462183 16.972412 6.095124
v  18.486280 17.010906 6.107942
v  18.565359 16.956390 6.156439
v  18.568768 17.004271 6.152650
v  18.668274 16.972569 6.187785
v  18.645485 17.024601 6.178082
v  18.711256 17.016464 6.223731
v  18.689705 17.053566 6.195381
v  18.716471 17.109901 6.210809
v  18.691965 17.108078 6.195146
v  18.689198 17.190132 6.226040
v  18.659876 17.164261 6.193439
v  18.645254 17.285868 6.234298
v  18.614071 17.208845 6.188052
v  18.740345 17.019434 6.236538
v  18.740345 17.110119 6.219389
v  18.740345 17.193579 6.238681
v  18.740345 17.289957 6.253478
v  18.499660 17.173349 6.152477
v  18.507181 17.166920 6.134396
v  18.556591 17.164188 6.148371
v  18.552618 17.172012 6.169540
v  18.464138 17.157738 6.113586
v  18.476101 17.153894 6.099712
v  18.441727 17.123913 6.082469
v  18.456778 17.124840 6.077483
v  18.461201 17.083958 6.101532
v  18.473576 17.087976 6.088295
v  18.456753 17.111214 6.072029
v  18.441814 17.112400 6.078626
v  18.504063 17.062035 6.141658
v  18.514038 17.068981 6.123460
v  18.573496 17.065592 6.165668
v  18.579737 17.075836 6.147253
v  18.615446 17.083055 6.170344
v  18.611370 17.090443 6.163581
v  18.635098 17.089085 6.172617
v  18.626738 17.092941 6.168168
v  18.638395 17.098867 6.174613
v  18.629688 17.099133 6.169056
v  18.622860 17.115858 6.176224
v  18.616816 17.111389 6.167116
v  18.594309 17.150478 6.177865
v  18.595144 17.142542 6.156255
v  19.878027 13.760279 6.170131
v  19.877869 13.745008 6.128173
v  19.876499 13.729805 6.134657
v  19.931404 13.726517 6.135649
v  19.934200 13.741761 6.129145
v  19.934357 13.757031 6.171103
v  19.886322 13.643361 6.166150
v  19.886471 13.657980 6.206318
v  18.617264 17.097147 6.146967
v  18.623892 17.095573 6.164708
v  18.625742 17.099901 6.165503
v  18.619967 17.107883 6.148652
v  19.928436 13.654291 6.207504
v  18.429066 17.132946 6.061472
v  18.429455 17.104082 6.058015
v  18.444227 17.116518 6.080252
v  18.455582 17.115925 6.065147
v  18.455067 17.118923 6.068456
v  18.443850 17.118883 6.082279
v  18.480881 17.116076 5.984644
v  18.480545 17.118660 5.989064
v  18.490187 17.193035 6.136343
v  18.551287 17.197866 6.164493
v  18.450487 17.170885 6.091562
v  18.451878 17.068861 6.079838
v  18.496435 17.040152 6.128122
v  18.571369 17.038864 6.161441
v  18.629362 17.057333 6.172102
v  18.660793 17.075686 6.175089
v  18.662870 17.103973 6.182163
v  18.639482 17.140162 6.188201
v  18.601572 17.175848 6.185454
v  18.712317 16.961363 6.249655
v  18.740345 16.966253 6.264398
v  18.740345 16.939735 6.292415
v  18.710716 16.931871 6.270870
v  18.694490 16.897980 6.291219
v  18.740345 16.904119 6.317524
v  18.675322 16.897625 6.218406
v  18.679157 16.866278 6.227991
v  18.678839 16.932034 6.201461
v  18.740345 17.438898 6.210730
v  18.638937 17.439203 6.191723
v  18.740345 17.590794 6.097668
v  18.627581 17.584858 6.079604
v  18.740345 17.669600 5.907579
v  18.625427 17.658089 5.895925
v  18.740345 17.665533 5.693120
v  18.622231 17.652042 5.701514
v  18.740345 17.583410 5.527621
v  18.740345 17.431507 5.418517
v  18.582647 17.425680 5.450486
v  18.598095 17.572269 5.550777
v  18.740345 17.237421 5.367848
v  18.740345 17.047968 5.378999
v  18.596863 17.049473 5.408061
v  18.582685 17.237144 5.399582
v  18.740345 16.903650 5.423929
v  18.620291 16.904743 5.453351
v  18.740345 16.782185 5.481775
v  18.740345 16.626326 5.489113
v  18.608624 16.615923 5.504917
v  18.596581 16.773645 5.517152
v  18.567961 16.914719 6.165167
v  18.587767 16.868887 6.180169
v  18.356033 17.171471 5.924314
v  18.357243 17.078825 5.912959
v  18.355494 17.198862 5.808556
v  18.387346 17.227924 5.642475
v  18.402981 17.060219 5.623585
v  18.360235 17.068239 5.789498
v  18.467426 17.234116 5.488618
v  18.480318 17.054329 5.489587
v  18.533548 17.421099 6.147030
v  18.437880 17.369946 6.074419
v  18.520159 17.547899 6.030156
v  18.426548 17.465511 5.957423
v  18.364279 17.333733 5.870443
v  18.375538 17.277109 5.983619
v  18.517584 17.605608 5.857696
v  18.435556 17.515095 5.792525
v  18.387768 17.374491 5.712593
v  18.486662 17.537388 5.637104
v  18.466009 17.408541 5.549566
v  18.531378 17.610735 5.725800
v  18.523952 16.800240 5.596909
v  18.505152 16.908504 5.546729
v  18.377584 16.941998 5.827630
v  18.417307 16.800283 5.907137
v  18.440277 16.911898 6.067854
v  18.381433 16.989496 5.952309
v  18.450260 16.747080 5.715527
v  18.424486 16.902266 5.661960
v  18.697577 16.791569 6.238819
v  18.702898 16.760817 6.229442
v  18.740345 16.755157 6.240428
v  18.740345 16.786306 6.250336
v  18.693991 16.698982 6.207971
v  18.694902 16.682983 6.193923
v  18.740345 16.675220 6.208403
v  18.740345 16.692139 6.222317
v  18.646481 16.536602 6.080858
v  18.670185 16.551802 5.970750
v  18.740345 16.543966 5.973072
v  18.740345 16.522432 6.101228
v  18.583397 16.619810 5.794855
v  18.608992 16.479656 5.753826
v  18.740345 16.449244 5.799421
v  18.740345 16.583748 5.829234
v  18.527004 16.688187 5.676476
v  18.547871 16.551636 5.646687
v  18.498650 16.388517 5.640244
v  18.550343 16.448271 5.451122
v  18.740345 16.724022 6.223444
v  18.696381 16.729145 6.209534
v  18.649950 16.737207 6.174782
v  18.642954 16.718048 6.170877
v  18.646009 16.785650 6.197459
v  18.654451 16.758949 6.193049
v  18.590254 16.780687 6.144789
v  18.574354 16.760302 6.116466
v  18.596819 16.756596 6.122036
v  18.608027 16.761900 6.142616
v  18.596941 16.739153 6.124427
v  18.610182 16.747126 6.130458
v  18.740345 16.569548 6.193389
v  18.655699 16.581293 6.173179
v  18.681517 16.642885 6.183644
v  18.740345 16.633600 6.199336
v  18.740345 16.804028 6.245936
v  18.698343 16.809628 6.234671
v  18.705124 16.753466 6.195246
v  18.740345 16.747490 6.205931
v  18.740345 16.729355 6.192756
v  18.696896 16.734190 6.181487
v  18.611126 16.759350 6.126738
v  18.657082 16.754509 6.167357
v  18.651369 16.740055 6.153487
v  18.612431 16.747950 6.117438
v  18.600746 16.755980 6.110545
v  18.635166 16.803991 6.190891
v  18.559332 16.805788 6.138219
v  18.529949 16.766750 6.089886
v  18.571331 16.718292 6.100088
v  18.637451 16.695843 6.152270
v  19.928286 13.639671 6.167335
v  19.796919 13.871572 6.176946
v  19.852179 13.880490 6.208073
v  19.820341 13.899014 6.248513
v  19.764879 13.889594 6.216053
v  19.860636 13.906238 6.205464
v  19.805840 13.894035 6.171185
v  19.825792 13.931320 6.246045
v  19.770773 13.918613 6.210804
v  18.573822 16.614182 6.090963
v  18.568378 16.574623 5.983827
v  18.501547 16.646149 5.847651
v  18.504463 16.672930 6.002744
v  18.638222 16.586552 5.885962
v  18.740345 16.577965 5.883833
v  18.499884 16.851948 6.108824
v  18.464327 16.782305 6.029263
v  18.534054 16.700314 6.068496
v  18.606417 16.663923 6.127404
v  18.700634 16.870358 6.288049
v  18.740345 16.866165 6.308421
v  18.714649 16.878332 6.265096
v  18.716253 16.873482 6.246886
v  18.729540 16.871571 6.249424
v  18.727425 16.877539 6.270124
v  18.717926 16.825695 6.240425
v  18.704870 16.854351 6.239625
v  18.740345 16.822737 6.243137
v  18.740345 16.848253 6.244770
v  18.728828 16.855635 6.252319
v  18.709679 16.859457 6.247600
v  18.706110 16.867125 6.280602
v  18.726887 16.865074 6.293386
v  18.588409 16.296146 5.794957
v  18.584642 16.219294 5.909885
v  18.740345 16.184559 5.922247
v  18.740345 16.272932 5.862164
v  18.576283 16.126341 5.923065
v  18.740345 16.100821 5.951719
v  18.555838 15.886226 6.063407
v  18.740345 15.877956 6.080969
v  18.740345 16.444860 5.437897
v  18.538929 15.560034 6.147497
v  18.539240 15.381289 6.079257
v  18.740345 15.383607 6.096973
v  18.740345 15.554941 6.164317
v  18.572220 14.794994 6.057313
v  18.740345 14.773990 6.071644
v  18.609760 15.547280 5.303078
v  18.356823 15.607703 5.285701
v  18.332237 15.942749 5.246902
v  18.609991 15.904709 5.278002
v  18.061415 16.182365 5.694163
v  18.107889 15.952099 5.783590
v  18.308056 15.922130 5.981714
v  18.308666 16.136881 5.857338
v  18.652010 14.247587 5.931553
v  18.661638 14.410888 5.321684
v  18.740345 14.454315 5.399321
v  18.740345 14.291801 5.907190
v  18.157091 15.670164 5.342861
v  18.256325 15.276290 5.561002
v  18.270334 15.302591 5.776877
v  18.174198 15.647129 5.740931
v  18.320620 16.246471 5.769145
v  18.318787 16.208853 5.844789
v  18.258469 14.863976 5.572622
v  18.271812 14.849980 5.786618
v  18.740345 15.893197 5.320847
v  18.740345 15.536375 5.357703
v  18.324209 16.217880 5.352393
v  18.610287 16.228163 5.342603
v  18.335020 15.596674 6.048160
v  18.408390 15.277938 5.406070
v  18.625347 15.268126 5.386523
v  18.634668 14.829079 5.377595
v  18.412354 14.858268 5.415124
v  18.178532 14.428339 5.802133
v  18.389467 14.314846 5.952220
v  18.399696 14.561195 5.957447
v  18.211573 14.618374 5.780151
v  18.368700 15.338344 5.977127
v  18.740345 14.816665 5.415288
v  18.740345 14.678477 5.354552
v  18.646519 14.689290 5.298444
v  18.195005 14.649531 5.524066
v  18.407700 14.691276 5.337245
v  18.396633 14.825395 5.962909
v  18.159771 16.242966 5.626316
v  18.177727 16.275484 5.540960
v  18.062534 16.200003 5.459491
v  18.332972 16.331182 5.493321
v  18.309414 16.304235 5.632252
v  18.092611 15.969019 5.286493
v  18.617233 14.514993 6.044518
v  18.385727 14.418648 5.254629
v  18.176836 16.223145 5.708305
v  18.154613 16.203728 5.742459
v  18.623404 13.948616 5.850660
v  18.641212 14.013948 5.467756
v  18.375296 14.112790 5.334004
v  18.118210 14.172004 5.502628
v  18.164354 14.473464 5.481308
v  18.123375 14.106225 5.799357
v  18.367104 13.977859 5.954545
v  18.302221 10.723318 6.223289
v  18.165464 10.715593 6.241621
v  18.176914 10.706264 6.067253
v  18.346878 10.717661 6.084898
v  18.018883 10.723318 6.151858
v  17.997105 10.717760 5.988653
v  18.348331 10.720240 5.901631
v  18.192326 10.706184 5.883071
v  18.240280 10.705847 5.613341
v  18.405697 10.727901 5.592775
v  18.042408 10.720831 5.849463
v  18.103592 10.727999 5.601050
v  18.277079 10.728506 5.366281
v  18.388479 10.747931 5.422990
v  18.159313 10.747931 5.398171
v  18.311707 10.863329 6.226191
v  18.358435 10.913799 6.083065
v  18.178799 10.949336 6.062175
v  18.166151 10.876701 6.233729
v  17.994314 10.880192 5.989769
v  18.018078 10.844357 6.151601
v  18.357212 10.935871 5.910670
v  18.376514 11.074610 5.644255
v  18.220249 11.087623 5.700243
v  18.190126 10.973615 5.890529
v  18.095455 11.074673 5.604900
v  18.026430 10.931203 5.849240
v  18.326065 10.784571 6.251730
v  18.158791 10.783720 6.294755
v  17.985655 10.781529 6.180491
v  17.947016 10.796833 5.986658
v  17.995884 10.822864 5.839989
v  18.043495 10.885287 5.580100
v  18.138710 10.902405 5.351324
v  18.291273 10.903623 5.300517
v  18.425701 10.902405 5.391598
v  18.458464 10.885254 5.590584
v  18.387592 10.823540 5.906875
v  18.389791 10.802418 6.093638
v  18.173800 11.081106 5.405100
v  18.286045 11.081318 5.363838
v  18.401464 11.081106 5.440008
v  18.354460 11.140894 5.605350
v  18.228697 11.140894 5.645946
v  18.128555 11.140894 5.571908
v  18.177864 11.140894 5.414325
v  18.282642 11.140894 5.374984
v  18.393396 11.140894 5.445636
v  18.346924 11.203520 5.586802
v  18.239611 11.203520 5.633692
v  18.141647 11.203520 5.569210
v  18.155750 11.203519 5.413734
v  18.273504 11.203520 5.369369
v  18.394911 11.203519 5.430393
v  18.269192 11.473676 5.636209
v  18.368637 11.480754 5.577596
v  18.418045 12.140003 5.629462
v  18.313944 12.088437 5.705907
v  18.179583 11.480753 5.575397
v  18.203485 12.140003 5.629462
v  18.140005 11.508360 5.399508
v  18.054482 12.325274 5.351586
v  18.286671 11.520302 5.328466
v  18.287411 12.400002 5.197857
v  18.431183 11.508360 5.401591
v  18.523203 12.325274 5.351586
v  18.356804 13.179047 5.912006
v  18.523952 13.129110 5.823345
v  18.583761 13.485217 5.825242
v  18.349764 13.507092 5.956849
v  18.186399 13.141308 5.820051
v  18.113535 13.578788 5.799311
v  18.188244 12.970248 5.538805
v  18.108984 13.619967 5.482689
v  18.342081 12.988138 5.414589
v  18.345545 13.598413 5.349045
v  18.499018 12.963619 5.540380
v  18.597582 13.508341 5.500413
v  18.352909 12.667086 5.775168
v  18.501772 12.727997 5.706696
v  18.540871 12.945515 5.763883
v  18.358419 12.942590 5.863226
v  18.200045 12.727998 5.706696
v  18.173096 12.945515 5.763883
v  18.027573 15.575375 5.365291
v  18.058569 15.579033 5.577815
v  18.034237 15.312601 5.529795
v  17.948912 15.349873 5.329821
v  17.867407 15.657873 5.356389
v  17.796345 15.413126 5.328810
v  17.764851 15.661076 5.530422
v  17.691132 15.451723 5.523735
v  17.853670 15.670699 5.683246
v  17.796827 15.413875 5.709603
v  17.980587 15.624601 5.690669
v  17.940619 15.356335 5.710613
v  17.972969 15.088940 5.508205
v  17.910337 15.114233 5.364168
v  17.757133 15.140076 5.360344
v  17.674393 15.143660 5.504871
v  17.770227 15.113192 5.661015
v  17.888338 15.091797 5.661067
v  18.096916 15.689286 5.637067
v  18.078211 15.697914 5.344200
v  17.979492 15.931801 5.298575
v  17.897346 16.137346 5.476083
v  17.940456 16.089535 5.692617
v  18.035721 15.869531 5.738358
v  17.938753 14.778711 5.609795
v  17.890463 14.841835 5.400995
v  17.688025 14.863506 5.376957
v  17.575085 14.821666 5.587840
v  17.710548 14.719062 5.749659
v  17.814369 14.704336 5.751069
v  17.795254 14.383954 5.773728
v  17.762959 14.376265 5.659053
v  17.651768 14.398839 5.647699
v  17.596523 14.424972 5.756932
v  17.654295 14.422058 5.849613
v  17.750402 14.400350 5.857270
v  18.043493 15.650225 5.352254
v  18.063082 15.657727 5.598660
v  17.890310 15.821902 5.328125
v  17.761389 15.944681 5.506260
v  17.842142 15.883943 5.705961
v  17.990868 15.750677 5.720856
v  17.635603 13.894537 6.128390
v  17.637245 13.835945 6.073342
v  17.664661 13.949518 6.030710
v  17.690313 13.991089 6.073017
v  17.672989 13.986436 6.094190
v  17.632912 13.797896 5.993824
v  17.643265 13.919907 5.950408
v  17.635939 13.789198 5.903813
v  17.665033 13.890626 5.874072
v  17.631405 13.800930 5.833638
v  17.646723 13.870434 5.799900
v  17.697935 14.079491 5.985159
v  17.713268 14.102922 6.055993
v  17.704094 14.031897 6.079516
v  17.689142 14.052412 5.900845
v  17.689146 14.019835 5.821147
v  17.667917 13.969316 5.769286
v  17.557226 13.894468 6.128246
v  17.572334 13.998420 6.089385
v  17.548502 14.021284 6.061416
v  17.528570 14.005693 6.010404
v  17.522892 13.833776 6.074621
v  17.516516 13.978426 5.927461
v  17.519844 13.796607 5.993917
v  17.531212 13.948000 5.844944
v  17.539799 13.790025 5.903872
v  17.563040 13.913161 5.782745
v  17.567238 13.806028 5.831516
v  17.561186 14.054070 6.072019
v  17.576750 14.129318 6.050683
v  17.556541 14.129232 5.970409
v  17.543381 14.104925 5.880953
v  17.561640 14.066666 5.798775
v  17.584930 14.004217 5.755463
v  17.675457 14.062935 5.743040
v  17.616447 14.080052 5.736415
v  17.606529 14.176964 5.739657
v  17.700438 14.155021 5.748352
v  17.698601 14.215160 5.942948
v  17.596653 14.240740 5.933681
v  17.604849 14.199533 6.018998
v  17.690374 14.179786 6.025692
v  17.689863 14.146214 6.091199
v  17.634779 14.158668 6.086676
v  17.629261 14.119205 6.126988
v  17.703424 14.105005 6.131741
v  17.726105 14.179992 5.851658
v  17.745996 14.261648 5.821376
v  17.717440 14.294537 5.894929
v  17.625338 14.316666 5.886531
v  17.590368 14.298745 5.807299
v  17.572424 14.216771 5.837729
v  17.629913 14.263831 5.720135
v  17.716326 14.243302 5.727925
v  17.698122 13.812809 6.197742
v  17.718418 13.805914 6.229936
v  17.675098 13.802473 6.248877
v  17.655003 13.809319 6.216180
v  17.580383 14.023211 6.104517
v  17.634327 14.061191 6.173697
v  17.690170 14.009825 6.107382
v  17.677820 13.921074 6.160280
v  17.615829 13.932290 6.187259
v  17.652174 13.959231 6.231054
v  17.709503 13.947525 6.203382
v  17.704460 14.049988 6.173504
v  17.593512 13.631554 5.940526
v  17.593630 13.619946 5.908632
v  17.599014 13.646346 5.897619
v  17.598885 13.658871 5.932030
v  17.557552 13.618277 5.909105
v  17.557434 13.629885 5.941000
v  17.554060 13.656464 5.932738
v  17.554190 13.643940 5.898327
v  17.587276 13.557259 5.959422
v  17.571871 13.552627 5.961050
v  17.571936 13.546238 5.943499
v  17.587341 13.550871 5.941870
v  17.598324 13.690817 5.919003
v  17.554790 13.688210 5.919790
v  17.599237 13.715001 5.910531
v  17.599485 13.703816 5.877741
v  17.609716 13.741489 5.859806
v  17.608383 13.748699 5.902594
v  17.591372 13.600903 5.916060
v  17.591257 13.612185 5.947062
v  17.591366 13.584017 5.955555
v  17.591471 13.573864 5.927660
v  17.552996 13.701054 5.878573
v  17.552748 13.712238 5.911363
v  17.551752 13.744775 5.903958
v  17.555071 13.737711 5.861007
v  17.556599 13.608317 5.948340
v  17.556713 13.597034 5.917338
v  17.563330 13.568408 5.929541
v  17.563225 13.578561 5.957436
v  17.598444 13.679191 5.887060
v  17.597357 13.691246 5.881919
v  17.597233 13.703354 5.915186
v  17.554911 13.676584 5.887846
v  17.552568 13.700779 5.915956
v  17.552694 13.688671 5.882689
v  17.590536 13.622243 5.943879
v  17.590656 13.610651 5.912030
v  17.557383 13.607726 5.912970
v  17.557264 13.619318 5.944819
v  17.595085 13.592205 6.045248
v  17.595236 13.577565 6.005022
v  17.602026 13.610862 5.991131
v  17.601864 13.626657 6.034532
v  17.549734 13.575459 6.005619
v  17.549583 13.590098 6.045844
v  17.545328 13.623622 6.035425
v  17.545490 13.607827 5.992025
v  17.587221 13.498503 6.069079
v  17.567791 13.492660 6.071133
v  17.567873 13.484603 6.048996
v  17.587303 13.490446 6.046942
v  17.601156 13.666948 6.018103
v  17.546249 13.663662 6.019094
v  17.602217 13.697324 6.007468
v  17.602369 13.682394 5.966444
v  17.612095 13.723210 5.945945
v  17.611534 13.739385 5.997495
v  17.592388 13.553547 6.014390
v  17.592241 13.567778 6.053491
v  17.592381 13.532249 6.064203
v  17.592512 13.519445 6.029020
v  17.543354 13.678973 5.967469
v  17.543201 13.693903 6.008492
v  17.538031 13.734637 5.998978
v  17.540054 13.718637 5.947488
v  17.548529 13.562899 6.055103
v  17.548676 13.548667 6.016003
v  17.557018 13.512564 6.031392
v  17.556887 13.525369 6.066575
v  17.601307 13.652287 5.977815
v  17.599936 13.667490 5.971331
v  17.599779 13.682760 6.013288
v  17.546400 13.648998 5.978806
v  17.543447 13.679513 6.014260
v  17.543606 13.664242 5.972302
v  17.591333 13.580462 6.049476
v  17.591484 13.565842 6.009307
v  17.549520 13.562153 6.010493
v  17.549370 13.576773 6.050662
v  17.581379 13.604700 6.135972
v  17.581530 13.590061 6.095746
v  17.589094 13.627400 6.080387
v  17.588932 13.643196 6.123787
v  17.535812 13.586828 6.096752
v  17.535662 13.601469 6.136977
v  17.532120 13.638714 6.125206
v  17.532282 13.622917 6.081806
v  17.571484 13.500406 6.163650
v  17.551851 13.493511 6.166086
v  17.551935 13.485455 6.143950
v  17.571566 13.492350 6.141513
v  17.589127 13.688191 6.105649
v  17.533943 13.683458 6.107166
v  17.590923 13.722067 6.093743
v  17.591078 13.707137 6.052720
v  17.602848 13.749509 6.031565
v  17.603001 13.768709 6.081938
v  17.578135 13.563190 6.106150
v  17.577988 13.577421 6.145250
v  17.577356 13.537876 6.157422
v  17.577488 13.525072 6.122240
v  17.532148 13.702112 6.054328
v  17.531994 13.717043 6.095352
v  17.530933 13.761762 6.084306
v  17.530914 13.742635 6.033820
v  17.534004 13.571130 6.147376
v  17.534151 13.556899 6.108275
v  17.541710 13.516706 6.125150
v  17.541578 13.529511 6.160333
v  17.589277 13.673529 6.065361
v  17.588245 13.690496 6.058237
v  17.588089 13.705767 6.100194
v  17.534094 13.668795 6.066878
v  17.531475 13.701051 6.101699
v  17.531631 13.685780 6.059741
v  17.577354 13.591530 6.140718
v  17.577503 13.576910 6.100549
v  17.535301 13.571980 6.102186
v  17.535152 13.586600 6.142354
v  17.597969 13.669724 6.202090
v  17.598118 13.655084 6.161865
v  17.604908 13.688380 6.147974
v  17.604746 13.704176 6.191374
v  17.552616 13.652978 6.162461
v  17.552467 13.667618 6.202687
v  17.548212 13.701141 6.192267
v  17.548374 13.685346 6.148867
v  17.590103 13.576021 6.225921
v  17.570675 13.570178 6.227975
v  17.570757 13.562121 6.205839
v  17.590187 13.567965 6.203784
v  17.604038 13.744468 6.174945
v  17.549133 13.741180 6.175936
v  17.605164 13.774832 6.164315
v  17.605316 13.759901 6.123291
v  17.614975 13.797445 6.104321
v  17.615183 13.819168 6.153326
v  17.595270 13.631065 6.171233
v  17.595125 13.645296 6.210333
v  17.595264 13.609769 6.221045
v  17.595394 13.596964 6.185863
v  17.546682 13.756417 6.124340
v  17.546528 13.771348 6.165364
v  17.546576 13.814253 6.154880
v  17.543831 13.792234 6.106060
v  17.551413 13.640417 6.211946
v  17.551558 13.626186 6.172845
v  17.559902 13.590082 6.188235
v  17.559771 13.602888 6.223417
v  17.604189 13.729805 6.134657
v  17.602819 13.745008 6.128173
v  17.602663 13.760279 6.170131
v  17.549284 13.726517 6.135649
v  17.546331 13.757031 6.171103
v  17.546488 13.741761 6.129145
v  17.594217 13.657980 6.206318
v  17.594366 13.643361 6.166150
v  17.552402 13.639671 6.167335
v  17.552252 13.654291 6.207504
v  17.683769 13.871572 6.176946
v  17.628510 13.880490 6.208073
v  17.660347 13.899014 6.248513
v  17.715809 13.889594 6.216053
v  18.740345 16.216291 5.362010
v  18.740345 15.260924 5.422866
v  18.740345 14.501039 6.056453
v  17.674849 13.894035 6.171185
v  17.620052 13.906238 6.205464
v  17.654896 13.931320 6.246045
v  17.709915 13.918613 6.210804
v  18.931240 17.308735 6.190883
v  18.929966 17.232931 6.160417
v  19.000725 17.221401 6.116314
v  19.023998 17.280998 6.124569
v  19.046818 17.188862 6.071322
v  19.080956 17.226688 6.049265
v  19.067652 17.141022 6.037468
v  19.097223 17.150858 5.999271
v  19.095724 17.090679 5.987893
v  19.067108 17.096714 6.032524
v  19.043814 17.051125 6.053110
v  19.071711 17.028149 6.017353
v  18.994408 17.010906 6.107942
v  19.018505 16.972412 6.095124
v  18.911921 17.004271 6.152650
v  18.915329 16.956390 6.156439
v  18.835203 17.024601 6.178082
v  18.812414 16.972569 6.187785
v  18.790983 17.053566 6.195381
v  18.769434 17.016464 6.223731
v  18.788723 17.108078 6.195146
v  18.764217 17.109901 6.210809
v  18.820812 17.164261 6.193439
v  18.791491 17.190132 6.226040
v  18.866617 17.208845 6.188052
v  18.835436 17.285868 6.234298
v  18.981028 17.173349 6.152477
v  18.928070 17.172012 6.169540
v  18.924097 17.164188 6.148371
v  18.973509 17.166920 6.134396
v  19.016550 17.157738 6.113586
v  19.004587 17.153894 6.099712
v  19.038963 17.123913 6.082469
v  19.023912 17.124840 6.077483
v  19.019487 17.083958 6.101532
v  19.038874 17.112400 6.078626
v  19.023935 17.111214 6.072029
v  19.007113 17.087976 6.088295
v  18.976625 17.062035 6.141658
v  18.966650 17.068981 6.123460
v  18.907192 17.065592 6.165668
v  18.900951 17.075836 6.147253
v  18.865242 17.083055 6.170344
v  18.869318 17.090443 6.163581
v  18.845591 17.089085 6.172617
v  18.853952 17.092941 6.168168
v  18.842293 17.098867 6.174613
v  18.851000 17.099133 6.169056
v  18.857828 17.115858 6.176224
v  18.863873 17.111389 6.167116
v  18.886379 17.150478 6.177865
v  18.885544 17.142542 6.156255
v  18.863426 17.097147 6.146967
v  18.856798 17.095573 6.164708
v  18.854946 17.099901 6.165503
v  18.860723 17.107883 6.148652
v  19.051233 17.104082 6.058015
v  19.051622 17.132946 6.061472
v  19.036461 17.116518 6.080252
v  19.036839 17.118883 6.082279
v  19.025621 17.118923 6.068456
v  19.025108 17.115925 6.065147
v  19.000143 17.118660 5.989064
v  18.999809 17.116076 5.984644
v  18.929401 17.197866 6.164493
v  18.990501 17.193035 6.136343
v  19.030201 17.170885 6.091562
v  19.028811 17.068861 6.079838
v  18.984253 17.040152 6.128122
v  18.909319 17.038864 6.161441
v  18.851326 17.057333 6.172102
v  18.819895 17.075686 6.175089
v  18.817820 17.103973 6.182163
v  18.841206 17.140162 6.188201
v  18.879116 17.175848 6.185454
v  18.768372 16.961363 6.249655
v  18.786198 16.897980 6.291219
v  18.769972 16.931871 6.270870
v  18.801533 16.866278 6.227991
v  18.805367 16.897625 6.218406
v  18.801849 16.932034 6.201461
v  18.841753 17.439203 6.191723
v  18.853107 17.584858 6.079604
v  18.855261 17.658089 5.895925
v  18.858458 17.652042 5.701514
v  18.882593 17.572269 5.550777
v  18.898041 17.425680 5.450486
v  18.898003 17.237144 5.399582
v  18.883825 17.049473 5.408061
v  18.860397 16.904743 5.453351
v  18.884108 16.773645 5.517152
v  18.872065 16.615923 5.504917
v  18.892921 16.868887 6.180169
v  18.912729 16.914719 6.165167
v  19.123446 17.078825 5.912959
v  19.124655 17.171471 5.924314
v  19.125195 17.198862 5.808556
v  19.120453 17.068239 5.789498
v  19.077709 17.060219 5.623585
v  19.093342 17.227924 5.642475
v  19.013262 17.234116 5.488618
v  19.000370 17.054329 5.489587
v  19.042809 17.369946 6.074419
v  18.947142 17.421099 6.147030
v  19.054140 17.465511 5.957423
v  18.960529 17.547899 6.030156
v  19.105150 17.277109 5.983619
v  19.116409 17.333733 5.870443
v  19.045132 17.515095 5.792526
v  18.963104 17.605608 5.857696
v  19.092920 17.374491 5.712593
v  19.014679 17.408541 5.549566
v  18.994026 17.537388 5.637104
v  18.949310 17.610735 5.725800
v  18.975536 16.908504 5.546729
v  18.956736 16.800240 5.596909
v  19.103104 16.941998 5.827630
v  19.099255 16.989496 5.952309
v  19.040411 16.911898 6.067854
v  19.063381 16.800283 5.907137
v  19.056202 16.902266 5.661960
v  19.030428 16.747080 5.715527
v  18.783113 16.791569 6.238820
v  18.777790 16.760817 6.229442
v  18.786697 16.698982 6.207971
v  18.785786 16.682983 6.193923
v  18.834209 16.536602 6.080858
v  18.810503 16.551802 5.970750
v  18.897293 16.619810 5.794855
v  18.871696 16.479656 5.753826
v  18.932817 16.551636 5.646687
v  18.953684 16.688187 5.676476
v  18.982038 16.388517 5.640244
v  18.930346 16.448271 5.451122
v  18.784307 16.729145 6.209534
v  18.837734 16.718048 6.170877
v  18.830738 16.737207 6.174782
v  18.826237 16.758949 6.193049
v  18.834681 16.785650 6.197459
v  18.890434 16.780687 6.144789
v  18.872662 16.761900 6.142616
v  18.883871 16.756596 6.122036
v  18.906334 16.760302 6.116466
v  18.870506 16.747126 6.130458
v  18.883747 16.739153 6.124427
v  18.824991 16.581293 6.173179
v  18.799171 16.642885 6.183644
v  18.782345 16.809628 6.234671
v  18.775566 16.753466 6.195246
v  18.783792 16.734190 6.181487
v  18.823608 16.754509 6.167357
v  18.869562 16.759350 6.126738
v  18.829319 16.740055 6.153487
v  18.879942 16.755980 6.110545
v  18.868258 16.747950 6.117438
v  18.921356 16.805788 6.138219
v  18.845522 16.803991 6.190891
v  18.909357 16.718292 6.100088
v  18.950739 16.766750 6.089886
v  18.843237 16.695843 6.152270
v  18.912310 16.574623 5.983827
v  18.906866 16.614182 6.090963
v  18.979141 16.646149 5.847651
v  18.976225 16.672930 6.002744
v  18.842466 16.586552 5.885962
v  19.016361 16.782305 6.029263
v  18.980804 16.851948 6.108824
v  18.946634 16.700314 6.068496
v  18.874271 16.663923 6.127404
v  18.780054 16.870358 6.288049
v  18.766039 16.878332 6.265096
v  18.753263 16.877539 6.270124
v  18.751148 16.871571 6.249424
v  18.764435 16.873482 6.246886
v  18.775818 16.854351 6.239625
v  18.762762 16.825695 6.240425
v  18.771009 16.859457 6.247600
v  18.751860 16.855635 6.252319
v  18.774578 16.867125 6.280602
v  18.753803 16.865074 6.293386
v  18.892279 16.296146 5.794957
v  18.896046 16.219294 5.909885
v  18.904406 16.126341 5.923065
v  18.924850 15.886226 6.063407
v  18.941759 15.560034 6.147497
v  18.941448 15.381289 6.079257
v  18.908468 14.794994 6.057313
v  18.870930 15.547280 5.303078
v  18.870697 15.904709 5.278002
v  19.148451 15.942749 5.246901
v  19.123865 15.607703 5.285701
v  19.419273 16.182365 5.694163
v  19.172022 16.136881 5.857338
v  19.172632 15.922130 5.981714
v  19.372799 15.952099 5.783590
v  18.828678 14.247587 5.931553
v  18.819050 14.410888 5.321684
v  19.323597 15.670164 5.342861
v  19.306490 15.647129 5.740931
v  19.210356 15.302591 5.776877
v  19.224363 15.276289 5.561002
v  19.161901 16.208853 5.844789
v  19.160069 16.246471 5.769145
v  19.208876 14.849980 5.786618
v  19.222219 14.863976 5.572622
v  18.870403 16.228163 5.342603
v  19.156479 16.217880 5.352393
v  19.145668 15.596674 6.048160
v  19.072298 15.277938 5.406070
v  18.855341 15.268126 5.386523
v  19.068335 14.858268 5.415124
v  18.846020 14.829079 5.377595
v  19.302156 14.428339 5.802133
v  19.269115 14.618374 5.780151
v  19.080992 14.561195 5.957447
v  19.091221 14.314846 5.952220
v  19.111988 15.338344 5.977127
v  18.834169 14.689291 5.298444
v  19.285683 14.649530 5.524066
v  19.072989 14.691277 5.337245
v  19.084055 14.825396 5.962909
v  19.418154 16.200003 5.459491
v  19.302963 16.275484 5.540960
v  19.320917 16.242966 5.626316
v  19.147717 16.331182 5.493321
v  19.171274 16.304235 5.632252
v  19.388077 15.969019 5.286493
v  18.863455 14.514993 6.044518
v  19.094961 14.418648 5.254629
v  19.326075 16.203728 5.742459
v  19.303852 16.223145 5.708305
v  18.839476 14.013948 5.467756
v  18.857285 13.948616 5.850660
v  19.105394 14.112790 5.334004
v  19.316334 14.473464 5.481308
v  19.362478 14.172004 5.502628
v  19.357313 14.106226 5.799357
v  19.113586 13.977859 5.954545
v  19.178467 10.723318 6.223289
v  19.133810 10.717661 6.084898
v  19.303774 10.706264 6.067253
v  19.315224 10.715593 6.241621
v  19.483583 10.717760 5.988653
v  19.461805 10.723318 6.151858
v  19.132357 10.720240 5.901631
v  19.074991 10.727900 5.592775
v  19.240408 10.705847 5.613341
v  19.288364 10.706184 5.883071
v  19.377096 10.727999 5.601050
v  19.438280 10.720832 5.849463
v  19.092209 10.747931 5.422990
v  19.203609 10.728505 5.366281
v  19.321375 10.747931 5.398171
v  19.168982 10.863329 6.226191
v  19.314539 10.876701 6.233729
v  19.301889 10.949335 6.062175
v  19.122253 10.913799 6.083065
v  19.462610 10.844357 6.151601
v  19.486374 10.880192 5.989769
v  19.123478 10.935871 5.910670
v  19.290562 10.973615 5.890529
v  19.260441 11.087623 5.700243
v  19.104174 11.074610 5.644255
v  19.454258 10.931202 5.849240
v  19.385233 11.074673 5.604900
v  19.321898 10.783718 6.294755
v  19.154623 10.784571 6.251730
v  19.495033 10.781528 6.180491
v  19.533672 10.796833 5.986658
v  19.437193 10.885287 5.580101
v  19.484804 10.822864 5.839989
v  19.341978 10.902405 5.351324
v  19.189415 10.903622 5.300517
v  19.054987 10.902405 5.391598
v  19.022224 10.885254 5.590584
v  19.093096 10.823540 5.906875
v  19.090897 10.802418 6.093638
v  19.306889 11.081106 5.405100
v  19.194645 11.081318 5.363838
v  19.079224 11.081106 5.440008
v  19.251993 11.140894 5.645946
v  19.126228 11.140894 5.605350
v  19.352133 11.140894 5.571908
v  19.302824 11.140894 5.414325
v  19.198046 11.140894 5.374984
v  19.087292 11.140894 5.445636
v  19.241077 11.203520 5.633692
v  19.133764 11.203520 5.586801
v  19.339041 11.203520 5.569209
v  19.324938 11.203519 5.413734
v  19.207184 11.203520 5.369369
v  19.085777 11.203519 5.430393
v  19.211496 11.473677 5.636209
v  19.166744 12.088437 5.705907
v  19.062643 12.140004 5.629462
v  19.112051 11.480753 5.577596
v  19.301105 11.480753 5.575397
v  19.277203 12.140003 5.629462
v  19.340683 11.508360 5.399508
v  19.426207 12.325274 5.351586
v  19.194017 11.520302 5.328466
v  19.193277 12.400002 5.197857
v  19.049505 11.508360 5.401591
v  18.957485 12.325274 5.351586
v  19.123884 13.179047 5.912006
v  19.130924 13.507092 5.956849
v  18.896929 13.485217 5.825242
v  18.956736 13.129110 5.823345
v  19.294289 13.141309 5.820051
v  19.367155 13.578788 5.799311
v  19.292444 12.970248 5.538805
v  19.371704 13.619967 5.482689
v  19.138607 12.988138 5.414589
v  19.135143 13.598413 5.349045
v  18.981670 12.963618 5.540380
v  18.883106 13.508341 5.500413
v  19.127779 12.667086 5.775168
v  19.122271 12.942590 5.863226
v  18.939817 12.945515 5.763883
v  18.978916 12.727998 5.706696
v  19.280643 12.727997 5.706696
v  19.307592 12.945515 5.763883
v  19.453115 15.575375 5.365291
v  19.531776 15.349873 5.329821
v  19.446451 15.312601 5.529795
v  19.422121 15.579033 5.577815
v  19.613281 15.657873 5.356389
v  19.684345 15.413127 5.328810
v  19.715837 15.661076 5.530422
v  19.789557 15.451723 5.523735
v  19.627020 15.670699 5.683246
v  19.683861 15.413875 5.709603
v  19.500103 15.624601 5.690669
v  19.540070 15.356335 5.710613
v  19.570351 15.114233 5.364168
v  19.507719 15.088940 5.508205
v  19.723557 15.140076 5.360344
v  19.806295 15.143660 5.504871
v  19.710461 15.113192 5.661015
v  19.592350 15.091797 5.661067
v  19.402477 15.697914 5.344200
v  19.383772 15.689286 5.637067
v  19.501196 15.931801 5.298575
v  19.583342 16.137346 5.476084
v  19.540232 16.089535 5.692617
v  19.444967 15.869531 5.738358
v  19.590225 14.841835 5.400995
v  19.541935 14.778711 5.609795
v  19.792664 14.863506 5.376957
v  19.905603 14.821666 5.587840
v  19.770140 14.719061 5.749659
v  19.666319 14.704336 5.751069
v  19.717730 14.376265 5.659053
v  19.685436 14.383954 5.773728
v  19.828922 14.398839 5.647699
v  19.884165 14.424972 5.756932
v  19.826395 14.422058 5.849613
v  19.730286 14.400350 5.857270
v  19.437197 15.650225 5.352254
v  19.417606 15.657727 5.598660
v  19.590378 15.821902 5.328125
v  19.719299 15.944681 5.506260
v  19.638548 15.883943 5.705961
v  19.489820 15.750677 5.720856
v  19.845085 13.894537 6.128390
v  19.807699 13.986436 6.094190
v  19.790375 13.991089 6.073017
v  19.816027 13.949518 6.030710
v  19.843443 13.835945 6.073342
v  19.837423 13.919907 5.950408
v  19.847776 13.797896 5.993824
v  19.815655 13.890626 5.874072
v  19.844749 13.789198 5.903813
v  19.833965 13.870434 5.799900
v  19.849283 13.800930 5.833638
v  19.776596 14.031897 6.079516
v  19.767420 14.102922 6.055993
v  19.782753 14.079491 5.985159
v  19.791546 14.052412 5.900845
v  19.791542 14.019835 5.821147
v  19.812771 13.969316 5.769286
v  19.923462 13.894467 6.128246
v  19.957798 13.833775 6.074621
v  19.952118 14.005693 6.010404
v  19.932186 14.021284 6.061416
v  19.908354 13.998420 6.089385
v  19.960844 13.796608 5.993917
v  19.964172 13.978426 5.927461
v  19.940891 13.790025 5.903872
v  19.949476 13.948000 5.844944
v  19.913450 13.806028 5.831516
v  19.917648 13.913161 5.782745
v  19.919502 14.054070 6.072019
v  19.924147 14.129232 5.970409
v  19.903938 14.129318 6.050683
v  19.937309 14.104924 5.880953
v  19.919048 14.066666 5.798775
v  19.895758 14.004217 5.755463
v  19.805231 14.062935 5.743039
v  19.780251 14.155021 5.748352
v  19.874159 14.176964 5.739657
v  19.864241 14.080052 5.736415
v  19.782087 14.215160 5.942948
v  19.790314 14.179785 6.025692
v  19.875841 14.199533 6.018998
v  19.884035 14.240740 5.933681
v  19.790825 14.146214 6.091199
v  19.777264 14.105005 6.131741
v  19.851427 14.119205 6.126988
v  19.845909 14.158668 6.086676
v  19.754583 14.179992 5.851658
v  19.763250 14.294537 5.894929
v  19.734692 14.261648 5.821376
v  19.855350 14.316666 5.886531
v  19.908264 14.216771 5.837729
v  19.890320 14.298745 5.807299
v  19.850775 14.263832 5.720135
v  19.764362 14.243302 5.727925
v  19.782566 13.812809 6.197742
v  19.825686 13.809319 6.216180
v  19.805590 13.802473 6.248877
v  19.762270 13.805913 6.229936
v  19.900305 14.023211 6.104517
v  19.846361 14.061191 6.173697
v  19.790518 14.009825 6.107382
v  19.864859 13.932290 6.187259
v  19.802868 13.921074 6.160280
v  19.828514 13.959231 6.231054
v  19.776230 14.049988 6.173504
v  19.771185 13.947525 6.203382
v  19.887177 13.631554 5.940526
v  19.881804 13.658871 5.932030
v  19.881676 13.646346 5.897619
v  19.887058 13.619946 5.908632
v  19.923136 13.618277 5.909105
v  19.926500 13.643940 5.898327
v  19.926628 13.656465 5.932738
v  19.923254 13.629884 5.941000
v  19.893414 13.557259 5.959422
v  19.893347 13.550871 5.941870
v  19.908752 13.546238 5.943499
v  19.908819 13.552627 5.961050
v  19.882364 13.690817 5.919003
v  19.925898 13.688210 5.919790
v  19.881451 13.715001 5.910531
v  19.872305 13.748699 5.902594
v  19.870972 13.741490 5.859806
v  19.881203 13.703816 5.877741
v  19.889317 13.600903 5.916060
v  19.889217 13.573864 5.927660
v  19.889322 13.584017 5.955555
v  19.889433 13.612185 5.947062
v  19.927692 13.701054 5.878573
v  19.925617 13.737712 5.861007
v  19.928936 13.744775 5.903958
v  19.927942 13.712238 5.911363
v  19.924091 13.608317 5.948340
v  19.917463 13.578561 5.957436
v  19.917360 13.568408 5.929541
v  19.923975 13.597034 5.917338
v  19.883455 13.703354 5.915186
v  19.883331 13.691246 5.881919
v  19.882244 13.679191 5.887060
v  19.925779 13.676584 5.887846
v  19.927996 13.688671 5.882689
v  19.928120 13.700779 5.915957
v  19.890034 13.610651 5.912030
v  19.890152 13.622243 5.943879
v  19.923424 13.619318 5.944819
v  19.923306 13.607726 5.912970
v  19.885603 13.592205 6.045248
v  19.878826 13.626657 6.034532
v  19.878662 13.610862 5.991131
v  19.885452 13.577565 6.005022
v  19.930954 13.575459 6.005619
v  19.935198 13.607826 5.992025
v  19.935360 13.623623 6.035425
v  19.931105 13.590098 6.045844
v  19.893467 13.498503 6.069079
v  19.893385 13.490446 6.046942
v  19.912815 13.484603 6.048996
v  19.912897 13.492660 6.071133
v  19.879532 13.666948 6.018103
v  19.934439 13.663662 6.019094
v  19.878471 13.697324 6.007468
v  19.869156 13.739385 5.997495
v  19.868593 13.723210 5.945945
v  19.878319 13.682393 5.966444
v  19.888300 13.553547 6.014390
v  19.888176 13.519445 6.029020
v  19.888308 13.532249 6.064203
v  19.888447 13.567778 6.053491
v  19.937334 13.678973 5.967469
v  19.940634 13.718637 5.947488
v  19.942659 13.734637 5.998978
v  19.937489 13.693903 6.008492
v  19.932159 13.562899 6.055103
v  19.923801 13.525369 6.066575
v  19.923670 13.512564 6.031392
v  19.932013 13.548668 6.016003
v  19.880909 13.682760 6.013288
v  19.880753 13.667490 5.971331
v  19.879381 13.652287 5.977815
v  19.934288 13.648998 5.978806
v  19.937084 13.664243 5.972302
v  19.937241 13.679513 6.014260
v  19.889204 13.565842 6.009307
v  19.889355 13.580462 6.049476
v  19.931318 13.576772 6.050662
v  19.931168 13.562153 6.010493
v  19.899309 13.604701 6.135972
v  19.891756 13.643196 6.123787
v  19.891594 13.627400 6.080387
v  19.899158 13.590061 6.095746
v  19.944878 13.586828 6.096752
v  19.948406 13.622918 6.081806
v  19.948568 13.638714 6.125206
v  19.945026 13.601469 6.136977
v  19.909204 13.500406 6.163650
v  19.909122 13.492350 6.141513
v  19.928753 13.485455 6.143950
v  19.928837 13.493511 6.166086
v  19.891562 13.688191 6.105649
v  19.946745 13.683458 6.107166
v  19.889765 13.722067 6.093743
v  19.877689 13.768709 6.081938
v  19.877840 13.749509 6.031565
v  19.889610 13.707137 6.052720
v  19.902554 13.563190 6.106150
v  19.903200 13.525072 6.122240
v  19.903332 13.537877 6.157422
v  19.902700 13.577421 6.145250
v  19.948542 13.702112 6.054328
v  19.949776 13.742635 6.033820
v  19.949757 13.761762 6.084306
v  19.948694 13.717043 6.095352
v  19.946684 13.571130 6.147376
v  19.939110 13.529511 6.160333
v  19.938978 13.516706 6.125150
v  19.946537 13.556900 6.108275
v  19.892601 13.705767 6.100194
v  19.892443 13.690496 6.058237
v  19.891411 13.673529 6.065361
v  19.946594 13.668795 6.066878
v  19.949057 13.685780 6.059741
v  19.949213 13.701051 6.101699
v  19.903185 13.576910 6.100549
v  19.903336 13.591530 6.140718
v  19.945538 13.586600 6.142354
v  19.945387 13.571980 6.102186
v  19.882721 13.669724 6.202090
v  19.875942 13.704176 6.191374
v  19.875780 13.688381 6.147974
v  19.882570 13.655084 6.161865
v  19.928072 13.652978 6.162461
v  19.932314 13.685346 6.148867
v  19.932476 13.701141 6.192267
v  19.928223 13.667618 6.202687
v  19.890585 13.576021 6.225921
v  19.890503 13.567965 6.203784
v  19.909931 13.562121 6.205839
v  19.910015 13.570178 6.227975
v  19.876650 13.744468 6.174945
v  19.931555 13.741180 6.175936
v  19.875525 13.774832 6.164315
v  19.865505 13.819168 6.153326
v  19.865715 13.797445 6.104321
v  19.875372 13.759901 6.123291
v  19.885418 13.631065 6.171233
v  19.885294 13.596964 6.185863
v  19.885426 13.609769 6.221045
v  19.885565 13.645296 6.210333
v  19.934006 13.756417 6.124340
v  19.936857 13.792234 6.106060
v  19.934113 13.814253 6.154880
v  19.934160 13.771347 6.165364
v  19.929277 13.640417 6.211946
v  19.920918 13.602887 6.223417
v  19.920788 13.590082 6.188235
v  19.929131 13.626186 6.172845
v  18.522520 17.166809 6.013090
v  18.579271 17.161364 6.023023
v  18.502293 17.156487 5.984236
v  18.490040 17.124790 5.970421
v  18.505974 17.088259 5.977548
v  18.490366 17.111635 5.963591
v  18.548891 17.071770 6.004901
v  18.618454 17.093822 6.024938
v  18.626461 17.127216 6.028350
v  18.705286 16.754618 6.058877
v  18.740345 16.748638 6.058387
v  18.740345 16.730230 6.058205
v  18.697035 16.735004 6.058260
v  18.613447 16.759928 6.058715
v  18.657196 16.755632 6.059308
v  18.652470 16.740456 6.058601
v  18.614922 16.747950 6.058095
v  18.605513 16.755539 6.058084
v  18.931797 17.071770 6.004901
v  18.862234 17.093822 6.024938
v  18.901417 17.161364 6.023023
v  18.775404 16.754618 6.058877
v  18.783655 16.735004 6.058260
v  18.823492 16.755632 6.059308
v  18.867241 16.759928 6.058715
v  18.828218 16.740456 6.058601
v  18.875175 16.755539 6.058084
v  18.865767 16.747950 6.058095
v  18.958168 17.166809 6.013090
v  18.978395 17.156487 5.984236
v  18.990648 17.124790 5.970421
v  18.854227 17.127216 6.028350
v  18.990322 17.111635 5.963591
v  18.974714 17.088259 5.977548
# 5099 vertices

vt 0.631677 0.880983 0.000000
vt 0.621319 0.874657 0.000000
vt 0.625405 0.866318 0.000000
vt 0.634925 0.870780 0.000000
vt 0.226721 0.854201 0.000000
vt 0.612431 0.866879 0.000000
vt 0.617196 0.860289 0.000000
vt 0.245816 0.852987 0.000000
vt 0.254673 0.863715 0.000000
vt 0.230344 0.866795 0.000000
vt 0.620779 0.855025 0.000000
vt 0.627959 0.859509 0.000000
vt 0.259311 0.850301 0.000000
vt 0.264968 0.854856 0.000000
vt 0.272712 0.857414 0.000000
vt 0.636143 0.862468 0.000000
vt 0.275862 0.863981 0.000000
vt 0.605510 0.858923 0.000000
vt 0.610926 0.854029 0.000000
vt 0.283192 0.878828 0.000000
vt 0.257747 0.881421 0.000000
vt 0.600730 0.850460 0.000000
vt 0.606550 0.847249 0.000000
vt 0.228355 0.884515 0.000000
vt 0.263567 0.899017 0.000000
vt 0.238053 0.901781 0.000000
vt 0.611294 0.844630 0.000000
vt 0.615280 0.850107 0.000000
vt 0.291002 0.895600 0.000000
vt 0.298724 0.913135 0.000000
vt 0.271067 0.916312 0.000000
vt 0.240640 0.919289 0.000000
vt 0.279183 0.933110 0.000000
vt 0.598265 0.841161 0.000000
vt 0.604021 0.839663 0.000000
vt 0.254402 0.935553 0.000000
vt 0.305791 0.930273 0.000000
vt 0.597442 0.832283 0.000000
vt 0.602984 0.832280 0.000000
vt 0.312117 0.946726 0.000000
vt 0.287532 0.948986 0.000000
vt 0.261068 0.951423 0.000000
vt 0.607375 0.832342 0.000000
vt 0.608652 0.838468 0.000000
vt 0.295731 0.963513 0.000000
vt 0.275296 0.964383 0.000000
vt 0.317617 0.962211 0.000000
vt 0.315454 0.968751 0.000000
vt 0.599200 0.818678 0.000000
vt 0.602796 0.812141 0.000000
vt 0.607821 0.814932 0.000000
vt 0.604605 0.820530 0.000000
vt 0.297948 0.970493 0.000000
vt 0.608688 0.805974 0.000000
vt 0.613027 0.809658 0.000000
vt 0.280656 0.970881 0.000000
vt 0.276832 0.847775 0.000000
vt 0.284093 0.845096 0.000000
vt 0.616669 0.812550 0.000000
vt 0.611974 0.817093 0.000000
vt 0.290442 0.859025 0.000000
vt 0.276407 0.853539 0.000000
vt 0.297491 0.843548 0.000000
vt 0.609008 0.822001 0.000000
vt 0.308966 0.856307 0.000000
vt 0.617195 0.800670 0.000000
vt 0.620512 0.805054 0.000000
vt 0.319856 0.871597 0.000000
vt 0.302222 0.874932 0.000000
vt 0.627553 0.797226 0.000000
vt 0.629609 0.802064 0.000000
vt 0.311867 0.892372 0.000000
vt 0.329447 0.889240 0.000000
vt 0.337767 0.907768 0.000000
vt 0.631492 0.806318 0.000000
vt 0.623378 0.808681 0.000000
vt 0.319831 0.910296 0.000000
vt 0.326567 0.927650 0.000000
vt 0.344842 0.925713 0.000000
vt 0.349130 0.942379 0.000000
vt 0.331590 0.944189 0.000000
vt 0.638998 0.796638 0.000000
vt 0.639653 0.801634 0.000000
vt 0.334417 0.959664 0.000000
vt 0.349090 0.957074 0.000000
vt 0.650687 0.798084 0.000000
vt 0.649925 0.803151 0.000000
vt 0.343602 0.964899 0.000000
vt 0.329983 0.966341 0.000000
vt 0.282487 0.979578 0.000000
vt 0.649382 0.808107 0.000000
vt 0.640402 0.806296 0.000000
vt 0.296705 0.978820 0.000000
vt 0.312502 0.978138 0.000000
vt 0.327580 0.976618 0.000000
vt 0.340013 0.972414 0.000000
vt 0.364673 0.964864 0.000000
vt 0.661774 0.800743 0.000000
vt 0.659709 0.806003 0.000000
vt 0.362938 0.957329 0.000000
vt 0.371521 0.951463 0.000000
vt 0.671016 0.804254 0.000000
vt 0.668163 0.809638 0.000000
vt 0.376826 0.956819 0.000000
vt 0.383135 0.940084 0.000000
vt 0.388267 0.949615 0.000000
vt 0.665050 0.814929 0.000000
vt 0.657707 0.811244 0.000000
vt 0.351984 0.854265 0.000000
vt 0.350571 0.866777 0.000000
vt 0.331504 0.853552 0.000000
vt 0.336070 0.848186 0.000000
vt 0.316463 0.842609 0.000000
vt 0.677172 0.808257 0.000000
vt 0.674445 0.813503 0.000000
vt 0.320477 0.838055 0.000000
vt 0.293307 0.816360 0.000000
vt 0.681834 0.813844 0.000000
vt 0.678398 0.819014 0.000000
vt 0.292620 0.825104 0.000000
vt 0.283514 0.824488 0.000000
vt 0.280108 0.812959 0.000000
vt 0.675100 0.822784 0.000000
vt 0.671089 0.818388 0.000000
vt 0.273551 0.820594 0.000000
vt 0.270610 0.807350 0.000000
vt 0.253791 0.847103 0.000000
vt 0.240234 0.847888 0.000000
vt 0.223946 0.848615 0.000000
vt 0.682972 0.826102 0.000000
vt 0.679866 0.827586 0.000000
vt 0.366852 0.857992 0.000000
vt 0.376825 0.859718 0.000000
vt 0.682330 0.838021 0.000000
vt 0.678779 0.837501 0.000000
vt 0.382156 0.871307 0.000000
vt 0.369092 0.871354 0.000000
vt 0.376850 0.882512 0.000000
vt 0.674998 0.836800 0.000000
vt 0.676361 0.829281 0.000000
vt 0.363273 0.883643 0.000000
vt 0.388923 0.881619 0.000000
vt 0.397909 0.900114 0.000000
vt 0.386021 0.901809 0.000000
vt 0.372561 0.903553 0.000000
vt 0.679378 0.849363 0.000000
vt 0.675068 0.847041 0.000000
vt 0.394667 0.922232 0.000000
vt 0.381387 0.924154 0.000000
vt 0.674586 0.860492 0.000000
vt 0.669503 0.856063 0.000000
vt 0.406069 0.920087 0.000000
vt 0.407529 0.931275 0.000000
vt 0.396367 0.933641 0.000000
vt 0.665721 0.851106 0.000000
vt 0.671139 0.844261 0.000000
vt 0.399590 0.945559 0.000000
vt 0.408381 0.941325 0.000000
vt 0.165022 0.835035 0.000000
vt 0.161169 0.824975 0.000000
vt 0.174320 0.825035 0.000000
vt 0.668422 0.871773 0.000000
vt 0.662855 0.864423 0.000000
vt 0.176226 0.829466 0.000000
vt 0.181669 0.837982 0.000000
vt 0.657716 0.884851 0.000000
vt 0.654828 0.870417 0.000000
vt 0.180331 0.833085 0.000000
vt 0.260660 0.840557 0.000000
vt 0.255797 0.823410 0.000000
vt 0.652749 0.860828 0.000000
vt 0.659681 0.856776 0.000000
vt 0.272712 0.831101 0.000000
vt 0.270379 0.843583 0.000000
vt 0.248980 0.807667 0.000000
vt 0.263038 0.816249 0.000000
vt 0.285673 0.831461 0.000000
vt 0.643009 0.884581 0.000000
vt 0.645126 0.872341 0.000000
vt 0.302719 0.832980 0.000000
vt 0.307229 0.825505 0.000000
vt 0.264484 0.847481 0.000000
vt 0.269026 0.850033 0.000000
vt 0.253957 0.841311 0.000000
vt 0.258968 0.844857 0.000000
vt 0.236950 0.836627 0.000000
vt 0.219115 0.832705 0.000000
vt 0.644654 0.862816 0.000000
vt 0.217361 0.824746 0.000000
vt 0.237143 0.830746 0.000000
vt 0.234457 0.820170 0.000000
vt 0.213699 0.812532 0.000000
vt 0.215234 0.807743 0.000000
vt 0.685920 0.814477 0.000000
vt 0.686080 0.825612 0.000000
vt 0.232172 0.810512 0.000000
vt 0.229856 0.802303 0.000000
vt 0.689223 0.814451 0.000000
vt 0.689190 0.825619 0.000000
vt 0.244245 0.802116 0.000000
vt 0.213886 0.802007 0.000000
vt 0.386803 0.855306 0.000000
vt 0.689152 0.838344 0.000000
vt 0.685769 0.838277 0.000000
vt 0.392555 0.867434 0.000000
vt 0.400661 0.879871 0.000000
vt 0.409842 0.898456 0.000000
vt 0.417877 0.918640 0.000000
vt 0.417075 0.930468 0.000000
vt 0.417373 0.941173 0.000000
vt 0.684135 0.850364 0.000000
vt 0.219215 0.974882 0.000000
vt 0.217201 0.969840 0.000000
vt 0.220703 0.969211 0.000000
vt 0.689116 0.850543 0.000000
vt 0.222245 0.973946 0.000000
vt 0.215074 0.964945 0.000000
vt 0.218672 0.964323 0.000000
vt 0.689079 0.863108 0.000000
vt 0.681399 0.862612 0.000000
vt 0.223331 0.963635 0.000000
vt 0.225187 0.968353 0.000000
vt 0.226746 0.973282 0.000000
vt 0.188424 0.968050 0.000000
vt 0.191744 0.969231 0.000000
vt 0.192466 0.972450 0.000000
vt 0.677780 0.875760 0.000000
vt 0.188685 0.973472 0.000000
vt 0.193673 0.975005 0.000000
vt 0.190978 0.977544 0.000000
vt 0.689038 0.876929 0.000000
vt 0.220359 0.979895 0.000000
vt 0.223639 0.980009 0.000000
vt 0.228009 0.979958 0.000000
vt 0.688989 0.893355 0.000000
vt 0.671408 0.891241 0.000000
vt 0.231943 0.957705 0.000000
vt 0.233815 0.963303 0.000000
vt 0.229038 0.963498 0.000000
vt 0.227683 0.957358 0.000000
vt 0.630120 0.846730 0.000000
vt 0.631071 0.845955 0.000000
vt 0.635516 0.847171 0.000000
vt 0.634915 0.848307 0.000000
vt 0.221538 0.957707 0.000000
vt 0.631770 0.844788 0.000000
vt 0.635943 0.845766 0.000000
vt 0.246131 0.971909 0.000000
vt 0.244018 0.967708 0.000000
vt 0.248565 0.967017 0.000000
vt 0.640351 0.845578 0.000000
vt 0.640182 0.847239 0.000000
vt 0.251179 0.972071 0.000000
vt 0.241796 0.962631 0.000000
vt 0.246066 0.961814 0.000000
vt 0.639971 0.848714 0.000000
vt 0.623017 0.840881 0.000000
vt 0.624636 0.840500 0.000000
vt 0.627462 0.843690 0.000000
vt 0.626158 0.844300 0.000000
vt 0.251611 0.960624 0.000000
vt 0.625972 0.839750 0.000000
vt 0.628481 0.842659 0.000000
vt 0.255087 0.966842 0.000000
vt 0.258372 0.971999 0.000000
vt 0.208345 0.965653 0.000000
vt 0.210391 0.970444 0.000000
vt 0.206105 0.970920 0.000000
vt 0.204169 0.966160 0.000000
vt 0.212025 0.975197 0.000000
vt 0.207480 0.975579 0.000000
vt 0.201926 0.975810 0.000000
vt 0.619271 0.831650 0.000000
vt 0.621339 0.833078 0.000000
vt 0.622537 0.836511 0.000000
vt 0.620681 0.836335 0.000000
vt 0.200802 0.971436 0.000000
vt 0.623089 0.833574 0.000000
vt 0.624138 0.836432 0.000000
vt 0.199298 0.967186 0.000000
vt 0.247643 0.979099 0.000000
vt 0.252677 0.977349 0.000000
vt 0.260468 0.977909 0.000000
vt 0.213351 0.980527 0.000000
vt 0.208551 0.980921 0.000000
vt 0.202634 0.980735 0.000000
vt 0.206796 0.961025 0.000000
vt 0.202871 0.961729 0.000000
vt 0.625882 0.821334 0.000000
vt 0.627267 0.822293 0.000000
vt 0.624155 0.824936 0.000000
vt 0.622295 0.824392 0.000000
vt 0.197991 0.962862 0.000000
vt 0.628434 0.823289 0.000000
vt 0.625777 0.825427 0.000000
vt 0.239313 0.956329 0.000000
vt 0.243351 0.955073 0.000000
vt 0.246930 0.954869 0.000000
vt 0.624159 0.827352 0.000000
vt 0.622232 0.827277 0.000000
vt 0.237131 0.972417 0.000000
vt 0.235579 0.967403 0.000000
vt 0.238258 0.967172 0.000000
vt 0.619744 0.827745 0.000000
vt 0.635676 0.817919 0.000000
vt 0.636174 0.819173 0.000000
vt 0.631293 0.820126 0.000000
vt 0.630353 0.818967 0.000000
vt 0.240094 0.972175 0.000000
vt 0.636601 0.820572 0.000000
vt 0.632071 0.821395 0.000000
vt 0.236531 0.963058 0.000000
vt 0.238073 0.963008 0.000000
vt 0.239874 0.967222 0.000000
vt 0.241806 0.971901 0.000000
vt 0.238797 0.980082 0.000000
vt 0.241686 0.979719 0.000000
vt 0.243190 0.978781 0.000000
vt 0.234133 0.957279 0.000000
vt 0.235631 0.957054 0.000000
vt 0.647601 0.820998 0.000000
vt 0.647143 0.822379 0.000000
vt 0.641852 0.820169 0.000000
vt 0.641820 0.818815 0.000000
vt 0.241420 0.967489 0.000000
vt 0.646914 0.823773 0.000000
vt 0.641939 0.821645 0.000000
vt 0.239203 0.962445 0.000000
vt 0.243725 0.972601 0.000000
vt 0.244816 0.979091 0.000000
vt 0.237156 0.956781 0.000000
vt 0.262849 0.965630 0.000000
vt 0.268049 0.971763 0.000000
vt 0.257201 0.957788 0.000000
vt 0.270298 0.977729 0.000000
vt 0.251340 0.952947 0.000000
vt 0.654996 0.826505 0.000000
vt 0.653584 0.827527 0.000000
vt 0.650864 0.825064 0.000000
vt 0.651837 0.823808 0.000000
vt 0.253938 0.951726 0.000000
vt 0.652846 0.828168 0.000000
vt 0.650350 0.826114 0.000000
vt 0.230644 0.967836 0.000000
vt 0.232182 0.972841 0.000000
vt 0.233484 0.979658 0.000000
vt 0.216548 0.958880 0.000000
vt 0.213073 0.960840 0.000000
vt 0.215119 0.970100 0.000000
vt 0.212560 0.964084 0.000000
vt 0.217166 0.974974 0.000000
vt 0.215800 0.975057 0.000000
vt 0.659346 0.829809 0.000000
vt 0.657538 0.830206 0.000000
vt 0.655874 0.829073 0.000000
vt 0.657550 0.828347 0.000000
vt 0.214142 0.971040 0.000000
vt 0.656569 0.830390 0.000000
vt 0.654996 0.829434 0.000000
vt 0.211280 0.964209 0.000000
vt 0.218491 0.979739 0.000000
vt 0.217276 0.979680 0.000000
vt 0.212923 0.971224 0.000000
vt 0.214320 0.974946 0.000000
vt 0.210514 0.965381 0.000000
vt 0.215943 0.979842 0.000000
vt 0.208865 0.961466 0.000000
vt 0.209997 0.961268 0.000000
vt 0.659992 0.833062 0.000000
vt 0.658173 0.832754 0.000000
vt 0.658378 0.831430 0.000000
vt 0.660234 0.831362 0.000000
vt 0.211153 0.961161 0.000000
vt 0.657095 0.832738 0.000000
vt 0.657335 0.831515 0.000000
vt 0.195695 0.971760 0.000000
vt 0.194157 0.967838 0.000000
vt 0.196573 0.975581 0.000000
vt 0.196173 0.979531 0.000000
vt 0.192946 0.964358 0.000000
vt 0.186296 0.950189 0.000000
vt 0.183107 0.942205 0.000000
vt 0.187776 0.941844 0.000000
vt 0.191094 0.950173 0.000000
vt 0.655848 0.837568 0.000000
vt 0.654371 0.836371 0.000000
vt 0.656705 0.834184 0.000000
vt 0.658401 0.834962 0.000000
vt 0.179378 0.933561 0.000000
vt 0.653427 0.835815 0.000000
vt 0.655649 0.833991 0.000000
vt 0.183853 0.932768 0.000000
vt 0.189801 0.931926 0.000000
vt 0.193845 0.941307 0.000000
vt 0.197265 0.949865 0.000000
vt 0.148694 0.938092 0.000000
vt 0.150067 0.939849 0.000000
vt 0.150498 0.944687 0.000000
vt 0.149569 0.944194 0.000000
vt 0.153874 0.948999 0.000000
vt 0.649014 0.845161 0.000000
vt 0.648273 0.843637 0.000000
vt 0.651569 0.839964 0.000000
vt 0.652722 0.841386 0.000000
vt 0.153641 0.949981 0.000000
vt 0.647863 0.841863 0.000000
vt 0.650862 0.838752 0.000000
vt 0.186641 0.951972 0.000000
vt 0.191392 0.951954 0.000000
vt 0.197572 0.951620 0.000000
vt 0.200931 0.927122 0.000000
vt 0.202942 0.931104 0.000000
vt 0.196831 0.931448 0.000000
vt 0.194730 0.927321 0.000000
vt 0.187620 0.927700 0.000000
vt 0.219666 0.946978 0.000000
vt 0.216451 0.938931 0.000000
vt 0.221879 0.938471 0.000000
vt 0.644456 0.846061 0.000000
vt 0.644717 0.847634 0.000000
vt 0.225415 0.947271 0.000000
vt 0.212611 0.930021 0.000000
vt 0.644342 0.844208 0.000000
vt 0.217696 0.928718 0.000000
vt 0.224476 0.926920 0.000000
vt 0.229525 0.937830 0.000000
vt 0.233922 0.946730 0.000000
vt 0.170939 0.934787 0.000000
vt 0.174409 0.943201 0.000000
vt 0.168915 0.943625 0.000000
vt 0.165650 0.935535 0.000000
vt 0.177663 0.950949 0.000000
vt 0.172118 0.951080 0.000000
vt 0.632692 0.842305 0.000000
vt 0.636590 0.843011 0.000000
vt 0.165193 0.951084 0.000000
vt 0.162101 0.944100 0.000000
vt 0.633111 0.839649 0.000000
vt 0.637346 0.839579 0.000000
vt 0.159143 0.936541 0.000000
vt 0.219904 0.948511 0.000000
vt 0.225731 0.948936 0.000000
vt 0.641580 0.839510 0.000000
vt 0.640828 0.842478 0.000000
vt 0.234426 0.948638 0.000000
vt 0.178462 0.952644 0.000000
vt 0.173103 0.952716 0.000000
vt 0.166405 0.952645 0.000000
vt 0.169497 0.931094 0.000000
vt 0.627720 0.838057 0.000000
vt 0.629827 0.840500 0.000000
vt 0.164480 0.931989 0.000000
vt 0.158337 0.933254 0.000000
vt 0.629563 0.835907 0.000000
vt 0.631337 0.837778 0.000000
vt 0.210497 0.925901 0.000000
vt 0.215440 0.924199 0.000000
vt 0.221821 0.921836 0.000000
vt 0.209871 0.947757 0.000000
vt 0.206692 0.939832 0.000000
vt 0.209946 0.939537 0.000000
vt 0.213183 0.947607 0.000000
vt 0.206131 0.930657 0.000000
vt 0.207886 0.930329 0.000000
vt 0.211793 0.939413 0.000000
vt 0.625060 0.833222 0.000000
vt 0.626095 0.835437 0.000000
vt 0.215101 0.947673 0.000000
vt 0.210169 0.949327 0.000000
vt 0.626900 0.832061 0.000000
vt 0.628231 0.833984 0.000000
vt 0.213492 0.949220 0.000000
vt 0.215406 0.949329 0.000000
vt 0.204089 0.926620 0.000000
vt 0.205785 0.926204 0.000000
vt 0.213525 0.939228 0.000000
vt 0.209693 0.930337 0.000000
vt 0.216745 0.947288 0.000000
vt 0.217002 0.948867 0.000000
vt 0.207600 0.926267 0.000000
vt 0.239108 0.936992 0.000000
vt 0.629664 0.825163 0.000000
vt 0.627324 0.826729 0.000000
vt 0.248058 0.946306 0.000000
vt 0.232476 0.925117 0.000000
vt 0.630483 0.827507 0.000000
vt 0.628833 0.828435 0.000000
vt 0.248871 0.948504 0.000000
vt 0.229032 0.919488 0.000000
vt 0.232439 0.917513 0.000000
vt 0.627184 0.829362 0.000000
vt 0.625878 0.828111 0.000000
vt 0.200738 0.940529 0.000000
vt 0.204044 0.948785 0.000000
vt 0.204346 0.950435 0.000000
vt 0.181738 0.928747 0.000000
vt 0.177418 0.929802 0.000000
vt 0.637175 0.823104 0.000000
vt 0.632959 0.823673 0.000000
vt 0.180415 0.942457 0.000000
vt 0.176772 0.933893 0.000000
vt 0.637323 0.825402 0.000000
vt 0.633903 0.826455 0.000000
vt 0.183638 0.950396 0.000000
vt 0.182066 0.950654 0.000000
vt 0.178767 0.942666 0.000000
vt 0.175158 0.934050 0.000000
vt 0.184151 0.952210 0.000000
vt 0.182750 0.952479 0.000000
vt 0.177229 0.942898 0.000000
vt 0.180527 0.950823 0.000000
vt 0.173661 0.934320 0.000000
vt 0.181266 0.952595 0.000000
vt 0.647057 0.826224 0.000000
vt 0.642276 0.824303 0.000000
vt 0.172111 0.930590 0.000000
vt 0.173539 0.930341 0.000000
vt 0.648153 0.829706 0.000000
vt 0.642738 0.827554 0.000000
vt 0.174996 0.930206 0.000000
vt 0.155319 0.944555 0.000000
vt 0.152766 0.937783 0.000000
vt 0.158195 0.950833 0.000000
vt 0.159585 0.952266 0.000000
vt 0.152347 0.934867 0.000000
vt 0.166375 0.916642 0.000000
vt 0.163128 0.908665 0.000000
vt 0.168282 0.908236 0.000000
vt 0.171665 0.916556 0.000000
vt 0.652605 0.829048 0.000000
vt 0.650309 0.827821 0.000000
vt 0.159457 0.900113 0.000000
vt 0.164424 0.899151 0.000000
vt 0.652620 0.830237 0.000000
vt 0.650503 0.829766 0.000000
vt 0.171028 0.898217 0.000000
vt 0.174998 0.907609 0.000000
vt 0.178492 0.916157 0.000000
vt 0.125555 0.904995 0.000000
vt 0.126900 0.906755 0.000000
vt 0.127142 0.911620 0.000000
vt 0.126254 0.911120 0.000000
vt 0.130707 0.915905 0.000000
vt 0.130501 0.916884 0.000000
vt 0.166894 0.918401 0.000000
vt 0.655889 0.830606 0.000000
vt 0.654518 0.829863 0.000000
vt 0.172161 0.918310 0.000000
vt 0.179022 0.917880 0.000000
vt 0.655358 0.830931 0.000000
vt 0.654337 0.830586 0.000000
vt 0.183833 0.893180 0.000000
vt 0.185621 0.897192 0.000000
vt 0.178835 0.897632 0.000000
vt 0.176961 0.893472 0.000000
vt 0.169070 0.893961 0.000000
vt 0.203353 0.912904 0.000000
vt 0.200052 0.904865 0.000000
vt 0.205895 0.904270 0.000000
vt 0.209547 0.913067 0.000000
vt 0.196298 0.895947 0.000000
vt 0.656321 0.832712 0.000000
vt 0.656561 0.831620 0.000000
vt 0.201828 0.894514 0.000000
vt 0.209249 0.892568 0.000000
vt 0.655597 0.832536 0.000000
vt 0.655687 0.831731 0.000000
vt 0.213744 0.903606 0.000000
vt 0.217771 0.913568 0.000000
vt 0.150050 0.901375 0.000000
vt 0.153446 0.909799 0.000000
vt 0.147382 0.910303 0.000000
vt 0.144193 0.902202 0.000000
vt 0.156774 0.917537 0.000000
vt 0.150661 0.917747 0.000000
vt 0.143043 0.917849 0.000000
vt 0.139873 0.910875 0.000000
vt 0.652940 0.834802 0.000000
vt 0.654959 0.833691 0.000000
vt 0.136992 0.903305 0.000000
vt 0.203848 0.914410 0.000000
vt 0.652737 0.833432 0.000000
vt 0.654553 0.833050 0.000000
vt 0.210210 0.914721 0.000000
vt 0.218478 0.915446 0.000000
vt 0.157791 0.919201 0.000000
vt 0.151873 0.919352 0.000000
vt 0.144483 0.919377 0.000000
vt 0.148825 0.897651 0.000000
vt 0.143249 0.898625 0.000000
vt 0.136416 0.899986 0.000000
vt 0.194441 0.891800 0.000000
vt 0.199919 0.889984 0.000000
vt 0.648070 0.838200 0.000000
vt 0.650728 0.836292 0.000000
vt 0.207140 0.887460 0.000000
vt 0.192549 0.913846 0.000000
vt 0.649070 0.832563 0.000000
vt 0.650796 0.833559 0.000000
vt 0.189296 0.905932 0.000000
vt 0.192898 0.905587 0.000000
vt 0.196211 0.913648 0.000000
vt 0.189159 0.896698 0.000000
vt 0.191101 0.896343 0.000000
vt 0.194933 0.905437 0.000000
vt 0.198317 0.913686 0.000000
vt 0.193071 0.915385 0.000000
vt 0.196743 0.915229 0.000000
vt 0.198848 0.915311 0.000000
vt 0.187341 0.892628 0.000000
vt 0.644712 0.840569 0.000000
vt 0.189227 0.892186 0.000000
vt 0.196858 0.905225 0.000000
vt 0.193102 0.896324 0.000000
vt 0.645325 0.836037 0.000000
vt 0.200154 0.913275 0.000000
vt 0.200639 0.914822 0.000000
vt 0.191236 0.892222 0.000000
vt 0.222954 0.903044 0.000000
vt 0.227061 0.914213 0.000000
vt 0.218115 0.890647 0.000000
vt 0.227404 0.916272 0.000000
vt 0.215578 0.884911 0.000000
vt 0.220570 0.882865 0.000000
vt 0.182666 0.906723 0.000000
vt 0.652647 0.831805 0.000000
vt 0.654347 0.831832 0.000000
vt 0.186048 0.914968 0.000000
vt 0.186578 0.916587 0.000000
vt 0.162507 0.895103 0.000000
vt 0.157670 0.896230 0.000000
vt 0.160145 0.908958 0.000000
vt 0.156561 0.900386 0.000000
vt 0.163427 0.916889 0.000000
vt 0.161669 0.917173 0.000000
vt 0.158306 0.909194 0.000000
vt 0.154761 0.900569 0.000000
vt 0.164116 0.918678 0.000000
vt 0.162544 0.918972 0.000000
vt 0.156581 0.909452 0.000000
vt 0.159947 0.917368 0.000000
vt 0.616585 0.831914 0.000000
vt 0.616308 0.828901 0.000000
vt 0.618576 0.829455 0.000000
vt 0.153081 0.900865 0.000000
vt 0.613607 0.832019 0.000000
vt 0.613488 0.828242 0.000000
vt 0.160892 0.919110 0.000000
vt 0.151737 0.897106 0.000000
vt 0.153333 0.896833 0.000000
vt 0.614740 0.824865 0.000000
vt 0.617377 0.826314 0.000000
vt 0.154962 0.896674 0.000000
vt 0.132404 0.911426 0.000000
vt 0.129926 0.904644 0.000000
vt 0.135355 0.917694 0.000000
vt 0.620806 0.829343 0.000000
vt 0.621929 0.829301 0.000000
vt 0.621841 0.830133 0.000000
vt 0.620449 0.829919 0.000000
vt 0.136968 0.919096 0.000000
vt 0.623610 0.829497 0.000000
vt 0.623452 0.830345 0.000000
vt 0.129730 0.901697 0.000000
vt 0.163763 0.881866 0.000000
vt 0.160574 0.873882 0.000000
vt 0.623212 0.831183 0.000000
vt 0.621579 0.830925 0.000000
vt 0.165243 0.873521 0.000000
vt 0.168561 0.881850 0.000000
vt 0.156846 0.865239 0.000000
vt 0.620592 0.830542 0.000000
vt 0.161320 0.864445 0.000000
vt 0.625079 0.829776 0.000000
vt 0.624901 0.830515 0.000000
vt 0.167268 0.863603 0.000000
vt 0.171312 0.872985 0.000000
vt 0.625895 0.830055 0.000000
vt 0.626023 0.830632 0.000000
vt 0.174732 0.881542 0.000000
vt 0.126161 0.869769 0.000000
vt 0.127534 0.871526 0.000000
vt 0.625705 0.831157 0.000000
vt 0.624770 0.831258 0.000000
vt 0.127965 0.876365 0.000000
vt 0.127035 0.875870 0.000000
vt 0.131341 0.880676 0.000000
vt 0.131108 0.881658 0.000000
vt 0.164108 0.883649 0.000000
vt 0.623641 0.828604 0.000000
vt 0.621775 0.828541 0.000000
vt 0.168859 0.883631 0.000000
vt 0.175039 0.883297 0.000000
vt 0.178398 0.858800 0.000000
vt 0.180409 0.862781 0.000000
vt 0.174298 0.863126 0.000000
vt 0.172197 0.858998 0.000000
vt 0.165087 0.859377 0.000000
vt 0.197087 0.878640 0.000000
vt 0.620253 0.828906 0.000000
vt 0.193866 0.870590 0.000000
vt 0.199135 0.870075 0.000000
vt 0.202697 0.878884 0.000000
vt 0.190032 0.861682 0.000000
vt 0.194979 0.860332 0.000000
vt 0.202376 0.858357 0.000000
vt 0.619659 0.829744 0.000000
vt 0.206480 0.869368 0.000000
vt 0.209956 0.879352 0.000000
vt 0.148406 0.866464 0.000000
vt 0.151875 0.874879 0.000000
vt 0.146382 0.875303 0.000000
vt 0.143117 0.867212 0.000000
vt 0.155130 0.882627 0.000000
vt 0.149585 0.882757 0.000000
vt 0.619983 0.830735 0.000000
vt 0.142660 0.882762 0.000000
vt 0.139567 0.875778 0.000000
vt 0.136610 0.868218 0.000000
vt 0.197344 0.880179 0.000000
vt 0.203093 0.880577 0.000000
vt 0.210275 0.881285 0.000000
vt 0.621216 0.831561 0.000000
vt 0.155929 0.884321 0.000000
vt 0.150570 0.884393 0.000000
vt 0.143872 0.884322 0.000000
vt 0.146964 0.862771 0.000000
vt 0.141947 0.863666 0.000000
vt 0.135805 0.864932 0.000000
vt 0.187938 0.857569 0.000000
vt 0.192801 0.855840 0.000000
vt 0.622936 0.832041 0.000000
vt 0.200174 0.853348 0.000000
vt 0.187337 0.879434 0.000000
vt 0.184158 0.871509 0.000000
vt 0.187412 0.871214 0.000000
vt 0.190650 0.879285 0.000000
vt 0.183598 0.862335 0.000000
vt 0.624720 0.831994 0.000000
vt 0.185352 0.862007 0.000000
vt 0.189259 0.871090 0.000000
vt 0.192568 0.879350 0.000000
vt 0.187636 0.881004 0.000000
vt 0.190958 0.880897 0.000000
vt 0.192872 0.881006 0.000000
vt 0.181556 0.858297 0.000000
vt 0.183251 0.857881 0.000000
vt 0.626113 0.831512 0.000000
vt 0.190992 0.870905 0.000000
vt 0.187160 0.862015 0.000000
vt 0.194212 0.878965 0.000000
vt 0.194469 0.880544 0.000000
vt 0.185066 0.857944 0.000000
vt 0.215581 0.868477 0.000000
vt 0.626655 0.830687 0.000000
vt 0.627042 0.830711 0.000000
vt 0.217780 0.879698 0.000000
vt 0.212598 0.856153 0.000000
vt 0.217451 0.881852 0.000000
vt 0.210574 0.850687 0.000000
vt 0.178205 0.872207 0.000000
vt 0.181511 0.880462 0.000000
vt 0.181813 0.882113 0.000000
vt 0.626367 0.829779 0.000000
vt 0.159204 0.860424 0.000000
vt 0.154885 0.861480 0.000000
vt 0.157882 0.874134 0.000000
vt 0.154239 0.865571 0.000000
vt 0.161105 0.882074 0.000000
vt 0.159532 0.882332 0.000000
vt 0.625267 0.829051 0.000000
vt 0.156234 0.874344 0.000000
vt 0.152624 0.865728 0.000000
vt 0.161618 0.883887 0.000000
vt 0.160217 0.884157 0.000000
vt 0.154696 0.874575 0.000000
vt 0.157993 0.882500 0.000000
vt 0.151128 0.865997 0.000000
vt 0.158732 0.884272 0.000000
vt 0.149578 0.862268 0.000000
vt 0.151006 0.862018 0.000000
vt 0.152463 0.861883 0.000000
vt 0.132785 0.876233 0.000000
vt 0.130233 0.869461 0.000000
vt 0.135662 0.882510 0.000000
vt 0.137052 0.883943 0.000000
vt 0.630205 0.855390 0.000000
vt 0.637359 0.857553 0.000000
vt 0.129814 0.866545 0.000000
vt 0.193389 0.836945 0.000000
vt 0.623739 0.851806 0.000000
vt 0.189372 0.830653 0.000000
vt 0.202607 0.833539 0.000000
vt 0.199756 0.825359 0.000000
vt 0.626238 0.849765 0.000000
vt 0.632137 0.852721 0.000000
vt 0.186133 0.824543 0.000000
vt 0.197559 0.819601 0.000000
vt 0.182655 0.819852 0.000000
vt 0.638470 0.854370 0.000000
vt 0.195693 0.813063 0.000000
vt 0.179700 0.815371 0.000000
vt 0.618558 0.847773 0.000000
vt 0.190186 0.807223 0.000000
vt 0.336979 0.868385 0.000000
vt 0.347027 0.886108 0.000000
vt 0.614660 0.843113 0.000000
vt 0.355910 0.905530 0.000000
vt 0.363947 0.924931 0.000000
vt 0.367916 0.942302 0.000000
vt 0.617439 0.842217 0.000000
vt 0.621277 0.846359 0.000000
vt 0.360692 0.951087 0.000000
vt 0.353462 0.957488 0.000000
vt 0.352336 0.967765 0.000000
vt 0.256948 0.804962 0.000000
vt 0.296245 0.832831 0.000000
vt 0.309600 0.842960 0.000000
vt 0.612039 0.837645 0.000000
vt 0.323015 0.855526 0.000000
vt 0.211617 0.831450 0.000000
vt 0.209330 0.831639 0.000000
vt 0.610726 0.832208 0.000000
vt 0.206646 0.822404 0.000000
vt 0.209059 0.822479 0.000000
vt 0.208232 0.816333 0.000000
vt 0.205460 0.816673 0.000000
vt 0.614903 0.837057 0.000000
vt 0.204024 0.810372 0.000000
vt 0.207233 0.809634 0.000000
vt 0.205926 0.803109 0.000000
vt 0.201520 0.805077 0.000000
vt 0.204529 0.822987 0.000000
vt 0.207123 0.832053 0.000000
vt 0.615046 0.819099 0.000000
vt 0.612168 0.823437 0.000000
vt 0.201760 0.810872 0.000000
vt 0.202914 0.817000 0.000000
vt 0.619476 0.815073 0.000000
vt 0.197407 0.804976 0.000000
vt 0.307776 0.660730 0.000000
vt 0.307726 0.667552 0.000000
vt 0.621801 0.817367 0.000000
vt 0.617559 0.821023 0.000000
vt 0.290161 0.664050 0.000000
vt 0.293502 0.655600 0.000000
vt 0.308821 0.685335 0.000000
vt 0.290495 0.682222 0.000000
vt 0.273327 0.680635 0.000000
vt 0.275312 0.664530 0.000000
vt 0.625554 0.811805 0.000000
vt 0.274874 0.656998 0.000000
vt 0.277926 0.655208 0.000000
vt 0.280025 0.653904 0.000000
vt 0.632855 0.809962 0.000000
vt 0.301430 0.701560 0.000000
vt 0.285842 0.700202 0.000000
vt 0.297319 0.719327 0.000000
vt 0.633915 0.813096 0.000000
vt 0.627325 0.814544 0.000000
vt 0.278527 0.717236 0.000000
vt 0.259685 0.715394 0.000000
vt 0.267242 0.698273 0.000000
vt 0.285535 0.734847 0.000000
vt 0.270876 0.732570 0.000000
vt 0.276775 0.751893 0.000000
vt 0.640954 0.810211 0.000000
vt 0.262696 0.747337 0.000000
vt 0.247180 0.744301 0.000000
vt 0.253284 0.729952 0.000000
vt 0.649011 0.812118 0.000000
vt 0.264393 0.764427 0.000000
vt 0.253791 0.762669 0.000000
vt 0.256650 0.775239 0.000000
vt 0.648651 0.815504 0.000000
vt 0.641355 0.813559 0.000000
vt 0.245463 0.775505 0.000000
vt 0.233011 0.775195 0.000000
vt 0.240513 0.760797 0.000000
vt 0.259789 0.659872 0.000000
vt 0.269791 0.652797 0.000000
vt 0.254360 0.677062 0.000000
vt 0.656183 0.815247 0.000000
vt 0.233525 0.673927 0.000000
vt 0.239940 0.658330 0.000000
vt 0.246132 0.644027 0.000000
vt 0.662386 0.818798 0.000000
vt 0.260644 0.645523 0.000000
vt 0.267587 0.647253 0.000000
vt 0.247073 0.694931 0.000000
vt 0.659883 0.821796 0.000000
vt 0.654809 0.818500 0.000000
vt 0.239440 0.712112 0.000000
vt 0.218388 0.708430 0.000000
vt 0.226137 0.690987 0.000000
vt 0.232974 0.727235 0.000000
vt 0.227714 0.742097 0.000000
vt 0.205659 0.741230 0.000000
vt 0.667536 0.821969 0.000000
vt 0.210889 0.725179 0.000000
vt 0.223702 0.758498 0.000000
vt 0.218845 0.772634 0.000000
vt 0.670977 0.825570 0.000000
vt 0.203718 0.769095 0.000000
vt 0.204714 0.756578 0.000000
vt 0.253174 0.781582 0.000000
vt 0.666602 0.827562 0.000000
vt 0.663931 0.824647 0.000000
vt 0.239012 0.782785 0.000000
vt 0.224401 0.783254 0.000000
vt 0.211051 0.780706 0.000000
vt 0.198331 0.776649 0.000000
vt 0.176604 0.763639 0.000000
vt 0.173026 0.767630 0.000000
vt 0.672053 0.830408 0.000000
vt 0.160709 0.760854 0.000000
vt 0.168753 0.757028 0.000000
vt 0.148979 0.754295 0.000000
vt 0.670869 0.836006 0.000000
vt 0.157795 0.745554 0.000000
vt 0.194641 0.670380 0.000000
vt 0.190044 0.661866 0.000000
vt 0.666746 0.835075 0.000000
vt 0.667549 0.831054 0.000000
vt 0.202313 0.655230 0.000000
vt 0.210071 0.658274 0.000000
vt 0.214943 0.649738 0.000000
vt 0.223163 0.648702 0.000000
vt 0.244590 0.631049 0.000000
vt 0.238929 0.626006 0.000000
vt 0.667527 0.841884 0.000000
vt 0.250288 0.618684 0.000000
vt 0.253397 0.627881 0.000000
vt 0.258513 0.613193 0.000000
vt 0.662810 0.847397 0.000000
vt 0.261527 0.624390 0.000000
vt 0.282740 0.651839 0.000000
vt 0.294160 0.652285 0.000000
vt 0.660354 0.844131 0.000000
vt 0.664170 0.839579 0.000000
vt 0.308951 0.656763 0.000000
vt 0.178224 0.702975 0.000000
vt 0.164251 0.701182 0.000000
vt 0.171748 0.685529 0.000000
vt 0.186534 0.684400 0.000000
vt 0.152798 0.699448 0.000000
vt 0.657501 0.851898 0.000000
vt 0.159380 0.685378 0.000000
vt 0.163129 0.675576 0.000000
vt 0.176083 0.675413 0.000000
vt 0.651474 0.855252 0.000000
vt 0.176441 0.665970 0.000000
vt 0.163928 0.665139 0.000000
vt 0.138156 0.749987 0.000000
vt 0.650618 0.851673 0.000000
vt 0.655831 0.848297 0.000000
vt 0.127428 0.747394 0.000000
vt 0.133351 0.737995 0.000000
vt 0.144039 0.740514 0.000000
vt 0.153801 0.722277 0.000000
vt 0.167768 0.724014 0.000000
vt 0.142817 0.720048 0.000000
vt 0.644604 0.857321 0.000000
vt 0.236383 0.638851 0.000000
vt 0.244992 0.637270 0.000000
vt 0.233565 0.647080 0.000000
vt 0.255855 0.632675 0.000000
vt 0.346005 0.637133 0.000000
vt 0.351915 0.633393 0.000000
vt 0.359309 0.633989 0.000000
vt 0.347840 0.640188 0.000000
vt 0.644731 0.853859 0.000000
vt 0.354941 0.626549 0.000000
vt 0.362979 0.624780 0.000000
vt 0.227523 0.635616 0.000000
vt 0.272818 0.650305 0.000000
vt 0.275727 0.649127 0.000000
vt 0.607484 0.826969 0.000000
vt 0.603086 0.826108 0.000000
vt 0.272584 0.642750 0.000000
vt 0.280072 0.642804 0.000000
vt 0.281812 0.644484 0.000000
vt 0.278940 0.648480 0.000000
vt 0.296745 0.638866 0.000000
vt 0.296135 0.642296 0.000000
vt 0.311434 0.635996 0.000000
vt 0.311766 0.642952 0.000000
vt 0.597584 0.825091 0.000000
vt 0.301629 0.608252 0.000000
vt 0.318136 0.609040 0.000000
vt 0.316406 0.617433 0.000000
vt 0.301371 0.616811 0.000000
vt 0.283701 0.607677 0.000000
vt 0.284688 0.615947 0.000000
vt 0.610749 0.827639 0.000000
vt 0.299845 0.625754 0.000000
vt 0.282842 0.627453 0.000000
vt 0.313888 0.627768 0.000000
vt 0.148428 0.683219 0.000000
vt 0.152011 0.674427 0.000000
vt 0.141453 0.697216 0.000000
vt 0.153854 0.664809 0.000000
vt 0.115984 0.745982 0.000000
vt 0.122076 0.736322 0.000000
vt 0.131556 0.718046 0.000000
vt 0.319379 0.768724 0.000000
vt 0.317200 0.773743 0.000000
vt 0.313532 0.773398 0.000000
vt 0.315381 0.769119 0.000000
vt 0.315005 0.779647 0.000000
vt 0.633748 0.850258 0.000000
vt 0.639371 0.851258 0.000000
vt 0.311314 0.779401 0.000000
vt 0.306473 0.779043 0.000000
vt 0.628436 0.848037 0.000000
vt 0.308837 0.772987 0.000000
vt 0.310530 0.768456 0.000000
vt 0.340927 0.773224 0.000000
vt 0.344386 0.772767 0.000000
vt 0.343827 0.777957 0.000000
vt 0.340276 0.775842 0.000000
vt 0.339651 0.780823 0.000000
vt 0.338470 0.778879 0.000000
vt 0.314254 0.783682 0.000000
vt 0.310546 0.783786 0.000000
vt 0.305740 0.783708 0.000000
vt 0.623953 0.845196 0.000000
vt 0.300643 0.768214 0.000000
vt 0.302404 0.762561 0.000000
vt 0.306877 0.762545 0.000000
vt 0.620421 0.841463 0.000000
vt 0.305367 0.768185 0.000000
vt 0.312674 0.762661 0.000000
vt 0.293283 0.767016 0.000000
vt 0.291633 0.770058 0.000000
vt 0.286913 0.769342 0.000000
vt 0.289704 0.765036 0.000000
vt 0.288867 0.777439 0.000000
vt 0.283608 0.777382 0.000000
vt 0.276152 0.777096 0.000000
vt 0.280549 0.768154 0.000000
vt 0.283669 0.764419 0.000000
vt 0.617960 0.836569 0.000000
vt 0.321038 0.780098 0.000000
vt 0.323501 0.773216 0.000000
vt 0.327287 0.773475 0.000000
vt 0.324967 0.780080 0.000000
vt 0.325725 0.769813 0.000000
vt 0.329138 0.770361 0.000000
vt 0.333509 0.770941 0.000000
vt 0.331776 0.774577 0.000000
vt 0.329884 0.780030 0.000000
vt 0.288203 0.782064 0.000000
vt 0.282853 0.782402 0.000000
vt 0.275058 0.782602 0.000000
vt 0.320659 0.784022 0.000000
vt 0.324748 0.783811 0.000000
vt 0.329859 0.783424 0.000000
vt 0.620036 0.822938 0.000000
vt 0.327305 0.766278 0.000000
vt 0.330639 0.766546 0.000000
vt 0.335141 0.767341 0.000000
vt 0.623998 0.819573 0.000000
vt 0.295711 0.761256 0.000000
vt 0.291387 0.762128 0.000000
vt 0.287691 0.760705 0.000000
vt 0.299200 0.771928 0.000000
vt 0.296598 0.771731 0.000000
vt 0.298114 0.767986 0.000000
vt 0.296607 0.777931 0.000000
vt 0.294089 0.777959 0.000000
vt 0.292666 0.778057 0.000000
vt 0.294911 0.772147 0.000000
vt 0.296719 0.767858 0.000000
vt 0.628978 0.817019 0.000000
vt 0.295978 0.782365 0.000000
vt 0.293442 0.782446 0.000000
vt 0.291991 0.782638 0.000000
vt 0.634890 0.815820 0.000000
vt 0.300473 0.762489 0.000000
vt 0.299301 0.762135 0.000000
vt 0.293471 0.771895 0.000000
vt 0.291406 0.777774 0.000000
vt 0.295397 0.767659 0.000000
vt 0.290747 0.782327 0.000000
vt 0.297919 0.761825 0.000000
vt 0.273178 0.766386 0.000000
vt 0.278258 0.760825 0.000000
vt 0.267023 0.776075 0.000000
vt 0.265177 0.781925 0.000000
vt 0.641649 0.816519 0.000000
vt 0.285073 0.758413 0.000000
vt 0.285162 0.757965 0.000000
vt 0.303703 0.772545 0.000000
vt 0.648143 0.818585 0.000000
vt 0.301153 0.778422 0.000000
vt 0.300481 0.783010 0.000000
vt 0.318046 0.765652 0.000000
vt 0.321008 0.765493 0.000000
vt 0.319482 0.772939 0.000000
vt 0.316878 0.779930 0.000000
vt 0.321123 0.769361 0.000000
vt 0.322357 0.769463 0.000000
vt 0.320465 0.773112 0.000000
vt 0.317883 0.780138 0.000000
vt 0.316220 0.783832 0.000000
vt 0.653256 0.821487 0.000000
vt 0.317337 0.784038 0.000000
vt 0.321516 0.773150 0.000000
vt 0.323637 0.769582 0.000000
vt 0.657259 0.824480 0.000000
vt 0.318973 0.780156 0.000000
vt 0.318503 0.784100 0.000000
vt 0.325507 0.766139 0.000000
vt 0.324321 0.766139 0.000000
vt 0.322973 0.765960 0.000000
vt 0.336509 0.774888 0.000000
vt 0.334916 0.779878 0.000000
vt 0.337913 0.771640 0.000000
vt 0.335081 0.782820 0.000000
vt 0.340405 0.768651 0.000000
vt 0.353524 0.738861 0.000000
vt 0.660419 0.826822 0.000000
vt 0.351751 0.743022 0.000000
vt 0.347245 0.742227 0.000000
vt 0.348673 0.738213 0.000000
vt 0.662546 0.828951 0.000000
vt 0.348404 0.751951 0.000000
vt 0.343749 0.751640 0.000000
vt 0.337644 0.751189 0.000000
vt 0.341223 0.741425 0.000000
vt 0.342933 0.737558 0.000000
vt 0.380485 0.743889 0.000000
vt 0.383915 0.743265 0.000000
vt 0.383582 0.748987 0.000000
vt 0.379817 0.747432 0.000000
vt 0.379489 0.753435 0.000000
vt 0.377999 0.750982 0.000000
vt 0.663449 0.831304 0.000000
vt 0.347457 0.757040 0.000000
vt 0.342780 0.757171 0.000000
vt 0.336718 0.757072 0.000000
vt 0.662985 0.833965 0.000000
vt 0.331632 0.735992 0.000000
vt 0.333255 0.731546 0.000000
vt 0.338484 0.730907 0.000000
vt 0.336715 0.736880 0.000000
vt 0.344788 0.731772 0.000000
vt 0.321080 0.735846 0.000000
vt 0.319103 0.739872 0.000000
vt 0.313675 0.739013 0.000000
vt 0.315897 0.734348 0.000000
vt 0.315742 0.749199 0.000000
vt 0.310019 0.749223 0.000000
vt 0.661009 0.837016 0.000000
vt 0.301692 0.749340 0.000000
vt 0.306175 0.737858 0.000000
vt 0.309973 0.731232 0.000000
vt 0.657939 0.840505 0.000000
vt 0.356013 0.752519 0.000000
vt 0.359119 0.743840 0.000000
vt 0.363894 0.744167 0.000000
vt 0.360968 0.752497 0.000000
vt 0.361892 0.739703 0.000000
vt 0.366629 0.739638 0.000000
vt 0.371639 0.740844 0.000000
vt 0.369832 0.744682 0.000000
vt 0.367170 0.752434 0.000000
vt 0.314936 0.755055 0.000000
vt 0.309198 0.755646 0.000000
vt 0.654191 0.844478 0.000000
vt 0.300652 0.756479 0.000000
vt 0.355535 0.757469 0.000000
vt 0.360692 0.757203 0.000000
vt 0.649797 0.848074 0.000000
vt 0.367139 0.756715 0.000000
vt 0.363922 0.734973 0.000000
vt 0.368097 0.735049 0.000000
vt 0.373877 0.736163 0.000000
vt 0.323455 0.731008 0.000000
vt 0.319544 0.728161 0.000000
vt 0.312951 0.727713 0.000000
vt 0.328501 0.740679 0.000000
vt 0.325386 0.740563 0.000000
vt 0.328276 0.735765 0.000000
vt 0.325200 0.749787 0.000000
vt 0.644788 0.850432 0.000000
vt 0.322024 0.749822 0.000000
vt 0.320229 0.749946 0.000000
vt 0.323675 0.740476 0.000000
vt 0.326096 0.735852 0.000000
vt 0.324407 0.755379 0.000000
vt 0.321208 0.755481 0.000000
vt 0.319378 0.755723 0.000000
vt 0.330273 0.731339 0.000000
vt 0.328634 0.731748 0.000000
vt 0.322008 0.740302 0.000000
vt 0.318641 0.749589 0.000000
vt 0.323912 0.736104 0.000000
vt 0.317809 0.755331 0.000000
vt 0.326449 0.731820 0.000000
vt 0.682762 0.806199 0.000000
vt 0.686140 0.806980 0.000000
vt 0.297048 0.736539 0.000000
vt 0.301883 0.729383 0.000000
vt 0.683465 0.801596 0.000000
vt 0.686513 0.802141 0.000000
vt 0.290983 0.749230 0.000000
vt 0.291006 0.757063 0.000000
vt 0.307640 0.725073 0.000000
vt 0.689345 0.802060 0.000000
vt 0.689345 0.806921 0.000000
vt 0.306667 0.723795 0.000000
vt 0.334378 0.740938 0.000000
vt 0.330934 0.750407 0.000000
vt 0.330086 0.756192 0.000000
vt 0.689345 0.796579 0.000000
vt 0.686975 0.796595 0.000000
vt 0.686938 0.794089 0.000000
vt 0.689345 0.794217 0.000000
vt 0.350173 0.733785 0.000000
vt 0.684298 0.795877 0.000000
vt 0.684326 0.793184 0.000000
vt 0.355532 0.733733 0.000000
vt 0.354051 0.743490 0.000000
vt 0.350766 0.752309 0.000000
vt 0.684368 0.790731 0.000000
vt 0.686879 0.791714 0.000000
vt 0.355994 0.739164 0.000000
vt 0.357534 0.739339 0.000000
vt 0.355291 0.743709 0.000000
vt 0.689345 0.791942 0.000000
vt 0.352034 0.752571 0.000000
vt 0.680866 0.793642 0.000000
vt 0.681178 0.790965 0.000000
vt 0.349936 0.757229 0.000000
vt 0.351346 0.757489 0.000000
vt 0.675655 0.790449 0.000000
vt 0.676874 0.788259 0.000000
vt 0.356616 0.743756 0.000000
vt 0.359114 0.739479 0.000000
vt 0.353409 0.752592 0.000000
vt 0.678107 0.785237 0.000000
vt 0.681654 0.788683 0.000000
vt 0.352815 0.757567 0.000000
vt 0.361768 0.734485 0.000000
vt 0.360139 0.734393 0.000000
vt 0.358306 0.734154 0.000000
vt 0.375482 0.746013 0.000000
vt 0.683993 0.798418 0.000000
vt 0.680448 0.796412 0.000000
vt 0.373516 0.752243 0.000000
vt 0.376985 0.742147 0.000000
vt 0.373724 0.755953 0.000000
vt 0.679811 0.799616 0.000000
vt 0.380065 0.738520 0.000000
vt 0.373438 0.706330 0.000000
vt 0.371524 0.710727 0.000000
vt 0.674096 0.796658 0.000000
vt 0.674871 0.793343 0.000000
vt 0.366467 0.709859 0.000000
vt 0.369193 0.704351 0.000000
vt 0.368235 0.719663 0.000000
vt 0.363037 0.719281 0.000000
vt 0.356223 0.718737 0.000000
vt 0.674084 0.913730 0.000000
vt 0.660413 0.910489 0.000000
vt 0.359727 0.708963 0.000000
vt 0.362639 0.703504 0.000000
vt 0.659179 0.934603 0.000000
vt 0.645125 0.930133 0.000000
vt 0.403805 0.711590 0.000000
vt 0.407777 0.709980 0.000000
vt 0.407911 0.717181 0.000000
vt 0.633667 0.921164 0.000000
vt 0.647298 0.904223 0.000000
vt 0.403140 0.715733 0.000000
vt 0.404194 0.722178 0.000000
vt 0.401205 0.719225 0.000000
vt 0.367463 0.724774 0.000000
vt 0.362267 0.724838 0.000000
vt 0.635795 0.952565 0.000000
vt 0.625878 0.946801 0.000000
vt 0.355521 0.724650 0.000000
vt 0.348843 0.703504 0.000000
vt 0.612410 0.966382 0.000000
vt 0.604485 0.959540 0.000000
vt 0.350541 0.699100 0.000000
vt 0.356840 0.698996 0.000000
vt 0.355289 0.703531 0.000000
vt 0.597295 0.946422 0.000000
vt 0.616392 0.935515 0.000000
vt 0.364072 0.701034 0.000000
vt 0.337200 0.702197 0.000000
vt 0.335057 0.707076 0.000000
vt 0.328974 0.706131 0.000000
vt 0.331819 0.700813 0.000000
vt 0.587411 0.974932 0.000000
vt 0.582764 0.967402 0.000000
vt 0.331780 0.716408 0.000000
vt 0.325422 0.716328 0.000000
vt 0.562411 0.978396 0.000000
vt 0.560822 0.970589 0.000000
vt 0.317235 0.716339 0.000000
vt 0.321123 0.704806 0.000000
vt 0.324080 0.699825 0.000000
vt 0.559324 0.955652 0.000000
vt 0.578198 0.953027 0.000000
vt 0.376728 0.720347 0.000000
vt 0.379761 0.711658 0.000000
vt 0.385086 0.712057 0.000000
vt 0.382235 0.720397 0.000000
vt 0.382103 0.707566 0.000000
vt 0.536488 0.977100 0.000000
vt 0.538767 0.969301 0.000000
vt 0.387165 0.708239 0.000000
vt 0.393763 0.708926 0.000000
vt 0.510565 0.971110 0.000000
vt 0.518182 0.963495 0.000000
vt 0.391715 0.712663 0.000000
vt 0.389129 0.720425 0.000000
vt 0.331224 0.722276 0.000000
vt 0.524196 0.949401 0.000000
vt 0.540897 0.954618 0.000000
vt 0.324914 0.722710 0.000000
vt 0.316693 0.723554 0.000000
vt 0.376468 0.725325 0.000000
vt 0.382187 0.725132 0.000000
vt 0.470470 0.954722 0.000000
vt 0.453528 0.932438 0.000000
vt 0.471380 0.920110 0.000000
vt 0.485329 0.938550 0.000000
vt 0.389327 0.724736 0.000000
vt 0.436587 0.910153 0.000000
vt 0.459137 0.897668 0.000000
vt 0.384797 0.702320 0.000000
vt 0.389732 0.703274 0.000000
vt 0.396312 0.704543 0.000000
vt 0.478829 0.888875 0.000000
vt 0.488211 0.908957 0.000000
vt 0.339359 0.698404 0.000000
vt 0.334482 0.696230 0.000000
vt 0.327498 0.694581 0.000000
vt 0.498832 0.925709 0.000000
vt 0.413506 0.845890 0.000000
vt 0.410612 0.808866 0.000000
vt 0.437836 0.809220 0.000000
vt 0.441568 0.841286 0.000000
vt 0.345548 0.708027 0.000000
vt 0.407719 0.771843 0.000000
vt 0.438076 0.777471 0.000000
vt 0.342081 0.707865 0.000000
vt 0.345233 0.702932 0.000000
vt 0.342323 0.717144 0.000000
vt 0.463180 0.781238 0.000000
vt 0.462744 0.809862 0.000000
vt 0.338794 0.717134 0.000000
vt 0.336805 0.717231 0.000000
vt 0.340174 0.707752 0.000000
vt 0.465222 0.838504 0.000000
vt 0.342912 0.702814 0.000000
vt 0.418398 0.742872 0.000000
vt 0.442627 0.748627 0.000000
vt 0.341753 0.722765 0.000000
vt 0.338203 0.722822 0.000000
vt 0.429078 0.713901 0.000000
vt 0.451358 0.723324 0.000000
vt 0.336181 0.723039 0.000000
vt 0.347237 0.699437 0.000000
vt 0.345280 0.699326 0.000000
vt 0.473604 0.730926 0.000000
vt 0.466273 0.754681 0.000000
vt 0.338312 0.707553 0.000000
vt 0.335021 0.716849 0.000000
vt 0.340710 0.702683 0.000000
vt 0.334417 0.722621 0.000000
vt 0.452715 0.672893 0.000000
vt 0.464695 0.652010 0.000000
vt 0.489447 0.655443 0.000000
vt 0.477863 0.680992 0.000000
vt 0.342896 0.699077 0.000000
vt 0.476675 0.625001 0.000000
vt 0.499311 0.627561 0.000000
vt 0.312566 0.703188 0.000000
vt 0.315532 0.696394 0.000000
vt 0.308509 0.716168 0.000000
vt 0.525693 0.631177 0.000000
vt 0.516329 0.660481 0.000000
vt 0.310091 0.723105 0.000000
vt 0.321371 0.692551 0.000000
vt 0.319280 0.690541 0.000000
vt 0.507817 0.690683 0.000000
vt 0.352092 0.708373 0.000000
vt 0.348725 0.717851 0.000000
vt 0.686813 0.798979 0.000000
vt 0.689345 0.798903 0.000000
vt 0.348105 0.723667 0.000000
vt 0.370893 0.700771 0.000000
vt 0.376190 0.700779 0.000000
vt 0.374109 0.711232 0.000000
vt 0.370883 0.720058 0.000000
vt 0.375959 0.706824 0.000000
vt 0.377562 0.707079 0.000000
vt 0.375500 0.711471 0.000000
vt 0.372308 0.720341 0.000000
vt 0.370230 0.725002 0.000000
vt 0.371811 0.725284 0.000000
vt 0.376975 0.711538 0.000000
vt 0.379258 0.707196 0.000000
vt 0.373837 0.720383 0.000000
vt 0.678840 0.803597 0.000000
vt 0.672903 0.800111 0.000000
vt 0.373450 0.725384 0.000000
vt 0.382252 0.702064 0.000000
vt 0.380735 0.702120 0.000000
vt 0.379081 0.701953 0.000000
vt 0.397830 0.714480 0.000000
vt 0.396179 0.720325 0.000000
vt 0.399973 0.710036 0.000000
vt 0.396611 0.724065 0.000000
vt 0.403149 0.706330 0.000000
vt 0.375056 0.671905 0.000000
vt 0.373867 0.676187 0.000000
vt 0.369360 0.675392 0.000000
vt 0.370774 0.671118 0.000000
vt 0.664866 0.793178 0.000000
vt 0.665960 0.789591 0.000000
vt 0.370520 0.685116 0.000000
vt 0.365865 0.684806 0.000000
vt 0.653120 0.789765 0.000000
vt 0.655029 0.785800 0.000000
vt 0.359760 0.684354 0.000000
vt 0.363339 0.674590 0.000000
vt 0.365207 0.670626 0.000000
vt 0.659418 0.781741 0.000000
vt 0.667642 0.786853 0.000000
vt 0.402548 0.676888 0.000000
vt 0.405873 0.676181 0.000000
vt 0.406034 0.682330 0.000000
vt 0.401849 0.680804 0.000000
vt 0.402551 0.687057 0.000000
vt 0.400058 0.684231 0.000000
vt 0.663481 0.796682 0.000000
vt 0.369573 0.690205 0.000000
vt 0.364896 0.690336 0.000000
vt 0.358834 0.690238 0.000000
vt 0.353024 0.669736 0.000000
vt 0.355379 0.663560 0.000000
vt 0.360723 0.663952 0.000000
vt 0.358675 0.670225 0.000000
vt 0.366948 0.663867 0.000000
vt 0.651712 0.793741 0.000000
vt 0.342796 0.668761 0.000000
vt 0.341218 0.673037 0.000000
vt 0.335791 0.672178 0.000000
vt 0.338394 0.667121 0.000000
vt 0.337862 0.682358 0.000000
vt 0.590632 0.832613 0.000000
vt 0.591011 0.823952 0.000000
vt 0.332150 0.682363 0.000000
vt 0.324914 0.682455 0.000000
vt 0.582708 0.833202 0.000000
vt 0.583291 0.822727 0.000000
vt 0.328447 0.671015 0.000000
vt 0.329954 0.666130 0.000000
vt 0.378129 0.685685 0.000000
vt 0.585734 0.812987 0.000000
vt 0.593036 0.816099 0.000000
vt 0.381235 0.677005 0.000000
vt 0.386010 0.677332 0.000000
vt 0.383084 0.685662 0.000000
vt 0.384174 0.672461 0.000000
vt 0.563084 0.834982 0.000000
vt 0.549607 0.836204 0.000000
vt 0.549283 0.818998 0.000000
vt 0.563305 0.820191 0.000000
vt 0.387947 0.673347 0.000000
vt 0.534288 0.837006 0.000000
vt 0.533551 0.817472 0.000000
vt 0.393405 0.674136 0.000000
vt 0.391948 0.677848 0.000000
vt 0.389286 0.685600 0.000000
vt 0.535913 0.796864 0.000000
vt 0.551662 0.801248 0.000000
vt 0.337067 0.688195 0.000000
vt 0.331373 0.688710 0.000000
vt 0.325488 0.689026 0.000000
vt 0.565817 0.805657 0.000000
vt 0.501252 0.836376 0.000000
vt 0.484384 0.836916 0.000000
vt 0.483022 0.811078 0.000000
vt 0.500592 0.812863 0.000000
vt 0.377651 0.690634 0.000000
vt 0.382808 0.690368 0.000000
vt 0.389254 0.689880 0.000000
vt 0.385918 0.667667 0.000000
vt 0.390307 0.667866 0.000000
vt 0.395841 0.669432 0.000000
vt 0.346548 0.661908 0.000000
vt 0.484567 0.785309 0.000000
vt 0.340324 0.660812 0.000000
vt 0.332303 0.660877 0.000000
vt 0.350617 0.673845 0.000000
vt 0.503199 0.789357 0.000000
vt 0.347502 0.673729 0.000000
vt 0.624369 0.891568 0.000000
vt 0.614475 0.883364 0.000000
vt 0.349861 0.669293 0.000000
vt 0.347316 0.682952 0.000000
vt 0.613606 0.902336 0.000000
vt 0.605008 0.892350 0.000000
vt 0.344140 0.682988 0.000000
vt 0.342345 0.683111 0.000000
vt 0.345790 0.673641 0.000000
vt 0.597491 0.881587 0.000000
vt 0.605930 0.874078 0.000000
vt 0.347467 0.669303 0.000000
vt 0.346523 0.688544 0.000000
vt 0.343323 0.688646 0.000000
vt 0.341494 0.688889 0.000000
vt 0.352658 0.663306 0.000000
vt 0.599995 0.913086 0.000000
vt 0.593051 0.901523 0.000000
vt 0.351173 0.663606 0.000000
vt 0.344124 0.673467 0.000000
vt 0.584889 0.921727 0.000000
vt 0.579645 0.909034 0.000000
vt 0.340756 0.682754 0.000000
vt 0.345469 0.669189 0.000000
vt 0.339924 0.688496 0.000000
vt 0.574920 0.895352 0.000000
vt 0.586918 0.889106 0.000000
vt 0.349329 0.663334 0.000000
vt 0.319790 0.669673 0.000000
vt 0.320347 0.663345 0.000000
vt 0.317446 0.682320 0.000000
vt 0.320236 0.689968 0.000000
vt 0.321470 0.659870 0.000000
vt 0.574348 0.821454 0.000000
vt 0.576918 0.809538 0.000000
vt 0.356493 0.674103 0.000000
vt 0.353050 0.683572 0.000000
vt 0.573821 0.833986 0.000000
vt 0.352201 0.689357 0.000000
vt 0.372998 0.664946 0.000000
vt 0.377193 0.666575 0.000000
vt 0.376167 0.676656 0.000000
vt 0.372882 0.685474 0.000000
vt 0.377729 0.672328 0.000000
vt 0.379465 0.672461 0.000000
vt 0.377407 0.676874 0.000000
vt 0.374150 0.685736 0.000000
vt 0.372052 0.690395 0.000000
vt 0.373462 0.690654 0.000000
vt 0.635297 0.898219 0.000000
vt 0.378732 0.676921 0.000000
vt 0.381183 0.672539 0.000000
vt 0.375525 0.685758 0.000000
vt 0.374931 0.690732 0.000000
vt 0.383107 0.667325 0.000000
vt 0.381467 0.667404 0.000000
vt 0.379769 0.667275 0.000000
vt 0.397397 0.679574 0.000000
vt 0.623160 0.911919 0.000000
vt 0.395632 0.685408 0.000000
vt 0.399121 0.675228 0.000000
vt 0.395840 0.689118 0.000000
vt 0.402189 0.671594 0.000000
vt 0.328815 0.636119 0.000000
vt 0.338337 0.636240 0.000000
vt 0.607770 0.924347 0.000000
vt 0.337315 0.640366 0.000000
vt 0.328296 0.641560 0.000000
vt 0.351576 0.617420 0.000000
vt 0.346477 0.622370 0.000000
vt 0.336934 0.612385 0.000000
vt 0.333048 0.619267 0.000000
vt 0.340126 0.631822 0.000000
vt 0.329128 0.630245 0.000000
vt 0.590768 0.934003 0.000000
vt 0.197126 0.705388 0.000000
vt 0.205236 0.687246 0.000000
vt 0.213253 0.670810 0.000000
vt 0.182374 0.742200 0.000000
vt 0.187976 0.724543 0.000000
vt 0.570593 0.880106 0.000000
vt 0.581574 0.875278 0.000000
vt 0.188387 0.765853 0.000000
vt 0.184910 0.755846 0.000000
vt 0.566980 0.864461 0.000000
vt 0.577415 0.860992 0.000000
vt 0.185611 0.772593 0.000000
vt 0.269639 0.609849 0.000000
vt 0.271234 0.620613 0.000000
vt 0.586460 0.857231 0.000000
vt 0.591183 0.869672 0.000000
vt 0.268416 0.632876 0.000000
vt 0.222123 0.656769 0.000000
vt 0.317371 0.635634 0.000000
vt 0.318646 0.642180 0.000000
vt 0.320237 0.635537 0.000000
vt 0.321705 0.641765 0.000000
vt 0.574838 0.847197 0.000000
vt 0.583699 0.844888 0.000000
vt 0.326736 0.609375 0.000000
vt 0.328971 0.609534 0.000000
vt 0.564393 0.849579 0.000000
vt 0.325322 0.617403 0.000000
vt 0.323217 0.616972 0.000000
vt 0.319966 0.628865 0.000000
vt 0.322048 0.629376 0.000000
vt 0.323778 0.641973 0.000000
vt 0.323595 0.635612 0.000000
vt 0.327298 0.617890 0.000000
vt 0.330885 0.610147 0.000000
vt 0.324102 0.629633 0.000000
vt 0.126118 0.209484 0.000000
vt 0.594132 0.853754 0.000000
vt 0.599045 0.864179 0.000000
vt 0.115621 0.208269 0.000000
vt 0.119345 0.185033 0.000000
vt 0.127349 0.191684 0.000000
vt 0.100408 0.211601 0.000000
vt 0.102058 0.183590 0.000000
vt 0.103540 0.157919 0.000000
vt 0.118236 0.163914 0.000000
vt 0.124704 0.166324 0.000000
vt 0.126178 0.173080 0.000000
vt 0.130632 0.178249 0.000000
vt 0.082878 0.204213 0.000000
vt 0.084625 0.178854 0.000000
vt 0.065378 0.201608 0.000000
vt 0.067289 0.171916 0.000000
vt 0.069318 0.144248 0.000000
vt 0.591500 0.842889 0.000000
vt 0.086858 0.151237 0.000000
vt 0.048768 0.188245 0.000000
vt 0.050290 0.163862 0.000000
vt 0.032536 0.180822 0.000000
vt 0.034113 0.155249 0.000000
vt 0.035399 0.130819 0.000000
vt 0.052047 0.137332 0.000000
vt 0.019308 0.166357 0.000000
vt 0.019316 0.146587 0.000000
vt 0.010589 0.159544 0.000000
vt 0.010192 0.141724 0.000000
vt 0.008772 0.123012 0.000000
vt 0.019722 0.125041 0.000000
vt 0.133833 0.161174 0.000000
vt 0.569639 0.926168 0.000000
vt 0.565829 0.913031 0.000000
vt 0.128296 0.162256 0.000000
vt 0.122384 0.148633 0.000000
vt 0.555309 0.927789 0.000000
vt 0.552437 0.914840 0.000000
vt 0.136090 0.153497 0.000000
vt 0.106437 0.138125 0.000000
vt 0.108785 0.119543 0.000000
vt 0.549129 0.901287 0.000000
vt 0.562207 0.899042 0.000000
vt 0.124137 0.129365 0.000000
vt 0.137727 0.138853 0.000000
vt 0.089033 0.129672 0.000000
vt 0.071116 0.122512 0.000000
vt 0.072653 0.103643 0.000000
vt 0.091179 0.111133 0.000000
vt 0.573793 0.939391 0.000000
vt 0.053632 0.115884 0.000000
vt 0.036944 0.110642 0.000000
vt 0.037740 0.091998 0.000000
vt 0.054546 0.096581 0.000000
vt 0.022989 0.108282 0.000000
vt 0.013672 0.109649 0.000000
vt 0.016081 0.096151 0.000000
vt 0.024457 0.092295 0.000000
vt 0.557546 0.941389 0.000000
vt 0.006400 0.142938 0.000000
vt 0.004801 0.128231 0.000000
vt 0.006727 0.156726 0.000000
vt 0.004537 0.113214 0.000000
vt 0.005945 0.099747 0.000000
vt 0.022738 0.059728 0.000000
vt 0.517378 0.815211 0.000000
vt 0.520037 0.793054 0.000000
vt 0.030787 0.048797 0.000000
vt 0.034952 0.051956 0.000000
vt 0.518029 0.836734 0.000000
vt 0.025790 0.065292 0.000000
vt 0.014942 0.072744 0.000000
vt 0.019130 0.072685 0.000000
vt 0.133542 0.092364 0.000000
vt 0.144822 0.106863 0.000000
vt 0.135998 0.115739 0.000000
vt 0.124116 0.100699 0.000000
vt 0.124420 0.080407 0.000000
vt 0.111963 0.085049 0.000000
vt 0.170783 0.150682 0.000000
vt 0.555135 0.867063 0.000000
vt 0.551845 0.851801 0.000000
vt 0.174400 0.159144 0.000000
vt 0.160450 0.157373 0.000000
vt 0.541734 0.869716 0.000000
vt 0.537492 0.853923 0.000000
vt 0.156359 0.147763 0.000000
vt 0.166769 0.138330 0.000000
vt 0.156344 0.138437 0.000000
vt 0.137195 0.194558 0.000000
vt 0.136012 0.209831 0.000000
vt 0.136385 0.185259 0.000000
vt 0.109503 0.067929 0.000000
vt 0.116076 0.071869 0.000000
vt 0.109046 0.055118 0.000000
vt 0.114290 0.059374 0.000000
vt 0.094888 0.075487 0.000000
vt 0.558616 0.883265 0.000000
vt 0.095287 0.061245 0.000000
vt 0.074974 0.067115 0.000000
vt 0.076007 0.053069 0.000000
vt 0.077044 0.040720 0.000000
vt 0.095534 0.048600 0.000000
vt 0.054126 0.058187 0.000000
vt 0.055331 0.044277 0.000000
vt 0.041014 0.038822 0.000000
vt 0.545588 0.885874 0.000000
vt 0.042790 0.027161 0.000000
vt 0.056868 0.032374 0.000000
vt 0.033504 0.037305 0.000000
vt 0.034441 0.026088 0.000000
vt 0.145654 0.248431 0.000000
vt 0.150697 0.247832 0.000000
vt 0.448934 0.871081 0.000000
vt 0.470875 0.865116 0.000000
vt 0.153009 0.253156 0.000000
vt 0.149997 0.260166 0.000000
vt 0.425046 0.878022 0.000000
vt 0.158004 0.255938 0.000000
vt 0.157161 0.263213 0.000000
vt 0.143733 0.177387 0.000000
vt 0.138559 0.167068 0.000000
vt 0.149527 0.162607 0.000000
vt 0.154672 0.177481 0.000000
vt 0.149492 0.148148 0.000000
vt 0.164828 0.167072 0.000000
vt 0.167860 0.179495 0.000000
vt 0.157095 0.122462 0.000000
vt 0.536037 0.903193 0.000000
vt 0.531455 0.889055 0.000000
vt 0.147322 0.127574 0.000000
vt 0.131864 0.168772 0.000000
vt 0.523272 0.906971 0.000000
vt 0.516999 0.893563 0.000000
vt 0.136371 0.174030 0.000000
vt 0.138540 0.181462 0.000000
vt 0.141392 0.186131 0.000000
vt 0.510870 0.877692 0.000000
vt 0.526629 0.873338 0.000000
vt 0.151591 0.196612 0.000000
vt 0.142843 0.198770 0.000000
vt 0.157266 0.214392 0.000000
vt 0.147767 0.214765 0.000000
vt 0.160002 0.197433 0.000000
vt 0.170864 0.199245 0.000000
vt 0.503001 0.900152 0.000000
vt 0.495505 0.882544 0.000000
vt 0.174625 0.215567 0.000000
vt 0.164831 0.215183 0.000000
vt 0.511175 0.914829 0.000000
vt 0.178311 0.182437 0.000000
vt 0.179807 0.199989 0.000000
vt 0.183684 0.216340 0.000000
vt 0.110078 0.042898 0.000000
vt 0.115302 0.047200 0.000000
vt 0.078136 0.028353 0.000000
vt 0.096642 0.036284 0.000000
vt 0.043799 0.015681 0.000000
vt 0.057703 0.020099 0.000000
vt 0.035304 0.014720 0.000000
vt 0.505150 0.858308 0.000000
vt 0.521633 0.856004 0.000000
vt 0.010309 0.221641 0.000000
vt 0.009063 0.217251 0.000000
vt 0.015205 0.219559 0.000000
vt 0.015059 0.223058 0.000000
vt 0.009101 0.212716 0.000000
vt 0.015474 0.215201 0.000000
vt 0.022582 0.217766 0.000000
vt 0.020828 0.221503 0.000000
vt 0.019982 0.224792 0.000000
vt 0.013153 0.248702 0.000000
vt 0.009967 0.246714 0.000000
vt 0.011190 0.245088 0.000000
vt 0.013177 0.246393 0.000000
vt 0.017277 0.248592 0.000000
vt 0.016004 0.246884 0.000000
vt 0.488922 0.861102 0.000000
vt 0.006367 0.215708 0.000000
vt 0.006141 0.210636 0.000000
vt 0.006579 0.219397 0.000000
vt 0.025941 0.212323 0.000000
vt 0.025843 0.217944 0.000000
vt 0.022756 0.212246 0.000000
vt 0.026212 0.207611 0.000000
vt 0.022461 0.207254 0.000000
vt 0.011954 0.195235 0.000000
vt 0.012011 0.190509 0.000000
vt 0.017202 0.192814 0.000000
vt 0.016792 0.197255 0.000000
vt 0.012154 0.183281 0.000000
vt 0.018147 0.186527 0.000000
vt 0.529421 0.918968 0.000000
vt 0.519789 0.927478 0.000000
vt 0.024816 0.190186 0.000000
vt 0.023535 0.195498 0.000000
vt 0.534052 0.927800 0.000000
vt 0.529941 0.936645 0.000000
vt 0.023279 0.199848 0.000000
vt 0.019340 0.231149 0.000000
vt 0.018916 0.235395 0.000000
vt 0.014363 0.234637 0.000000
vt 0.510501 0.939477 0.000000
vt 0.014973 0.230226 0.000000
vt 0.018659 0.240257 0.000000
vt 0.014277 0.239203 0.000000
vt 0.010566 0.238145 0.000000
vt 0.010387 0.232734 0.000000
vt 0.010633 0.228642 0.000000
vt 0.500650 0.953128 0.000000
vt 0.006021 0.188009 0.000000
vt 0.005472 0.179950 0.000000
vt 0.006637 0.193160 0.000000
vt 0.490517 0.960644 0.000000
vt 0.005326 0.231684 0.000000
vt 0.005150 0.227078 0.000000
vt 0.006219 0.237113 0.000000
vt 0.024094 0.236426 0.000000
vt 0.022999 0.241191 0.000000
vt 0.024807 0.232306 0.000000
vt 0.028403 0.196395 0.000000
vt 0.026770 0.200131 0.000000
vt 0.030164 0.191357 0.000000
vt 0.009939 0.202430 0.000000
vt 0.009969 0.199865 0.000000
vt 0.542727 0.940878 0.000000
vt 0.016434 0.202744 0.000000
vt 0.016275 0.205289 0.000000
vt 0.011368 0.198818 0.000000
vt 0.542961 0.927971 0.000000
vt 0.016489 0.201387 0.000000
vt 0.023058 0.203541 0.000000
vt 0.022892 0.204802 0.000000
vt 0.006724 0.199028 0.000000
vt 0.006604 0.196825 0.000000
vt 0.007948 0.200662 0.000000
vt 0.026350 0.205169 0.000000
vt 0.026597 0.203765 0.000000
vt 0.023125 0.202209 0.000000
vt 0.016551 0.200047 0.000000
vt 0.011638 0.197654 0.000000
vt 0.540302 0.915787 0.000000
vt 0.006839 0.195462 0.000000
vt 0.026516 0.202335 0.000000
vt 0.011868 0.173226 0.000000
vt 0.019042 0.178604 0.000000
vt 0.026732 0.184486 0.000000
vt 0.005953 0.169266 0.000000
vt 0.031777 0.185951 0.000000
vt 0.031441 0.185245 0.000000
vt 0.009812 0.207317 0.000000
vt 0.015925 0.209865 0.000000
vt 0.006854 0.205078 0.000000
vt 0.025177 0.222599 0.000000
vt 0.025323 0.225895 0.000000
vt 0.019812 0.226885 0.000000
vt 0.014917 0.225239 0.000000
vt 0.464135 0.702199 0.000000
vt 0.486756 0.710712 0.000000
vt 0.019891 0.228307 0.000000
vt 0.015002 0.226772 0.000000
vt 0.440897 0.693397 0.000000
vt 0.010324 0.225199 0.000000
vt 0.010490 0.223802 0.000000
vt 0.006501 0.221256 0.000000
vt 0.005458 0.222985 0.000000
vt 0.010559 0.226529 0.000000
vt 0.015068 0.227976 0.000000
vt 0.019668 0.229427 0.000000
vt 0.005221 0.224542 0.000000
vt 0.024933 0.229822 0.000000
vt 0.024870 0.228845 0.000000
vt 0.525389 0.704506 0.000000
vt 0.508142 0.718647 0.000000
vt 0.025059 0.227800 0.000000
vt 0.017356 0.244514 0.000000
vt 0.535904 0.713871 0.000000
vt 0.528130 0.725641 0.000000
vt 0.013934 0.243367 0.000000
vt 0.010813 0.242252 0.000000
vt 0.008028 0.242338 0.000000
vt 0.517636 0.746439 0.000000
vt 0.496352 0.739121 0.000000
vt 0.021080 0.245890 0.000000
vt 0.036396 0.254042 0.000000
vt 0.036272 0.249454 0.000000
vt 0.044774 0.253129 0.000000
vt 0.579642 0.778101 0.000000
vt 0.590245 0.763875 0.000000
vt 0.600664 0.776797 0.000000
vt 0.589883 0.787291 0.000000
vt 0.044534 0.257529 0.000000
vt 0.605031 0.750276 0.000000
vt 0.612202 0.768856 0.000000
vt 0.036379 0.243482 0.000000
vt 0.045125 0.247310 0.000000
vt 0.054366 0.250428 0.000000
vt 0.623569 0.783174 0.000000
vt 0.608604 0.787711 0.000000
vt 0.053724 0.256193 0.000000
vt 0.053068 0.260480 0.000000
vt 0.042573 0.289203 0.000000
vt 0.597728 0.794881 0.000000
vt 0.037484 0.285689 0.000000
vt 0.039197 0.284420 0.000000
vt 0.613670 0.795279 0.000000
vt 0.603793 0.801079 0.000000
vt 0.042376 0.286790 0.000000
vt 0.048507 0.289311 0.000000
vt 0.625672 0.791832 0.000000
vt 0.046728 0.287615 0.000000
vt 0.034037 0.247413 0.000000
vt 0.034124 0.241259 0.000000
vt 0.034212 0.252165 0.000000
vt 0.058207 0.243458 0.000000
vt 0.058107 0.250521 0.000000
vt 0.054565 0.243440 0.000000
vt 0.058173 0.237336 0.000000
vt 0.054664 0.237349 0.000000
vt 0.038420 0.221406 0.000000
vt 0.037950 0.215865 0.000000
vt 0.546560 0.731331 0.000000
vt 0.535490 0.751410 0.000000
vt 0.046965 0.219898 0.000000
vt 0.046662 0.225073 0.000000
vt 0.553280 0.713881 0.000000
vt 0.037251 0.207618 0.000000
vt 0.047374 0.212570 0.000000
vt 0.058128 0.216521 0.000000
vt 0.577443 0.719095 0.000000
vt 0.563181 0.738589 0.000000
vt 0.056552 0.223048 0.000000
vt 0.055423 0.227972 0.000000
vt 0.051516 0.268332 0.000000
vt 0.551284 0.757233 0.000000
vt 0.050215 0.272843 0.000000
vt 0.509103 0.767446 0.000000
vt 0.488752 0.761333 0.000000
vt 0.043694 0.270925 0.000000
vt 0.044054 0.266200 0.000000
vt 0.049340 0.279050 0.000000
vt 0.042854 0.277014 0.000000
vt 0.037726 0.274461 0.000000
vt 0.036656 0.268213 0.000000
vt 0.035991 0.262671 0.000000
vt 0.035709 0.213343 0.000000
vt 0.034693 0.204652 0.000000
vt 0.036365 0.219160 0.000000
vt 0.033991 0.265576 0.000000
vt 0.033894 0.260405 0.000000
vt 0.033763 0.272443 0.000000
vt 0.055349 0.273698 0.000000
vt 0.054563 0.279664 0.000000
vt 0.597105 0.808246 0.000000
vt 0.055501 0.268749 0.000000
vt 0.060511 0.222921 0.000000
vt 0.059035 0.227915 0.000000
vt 0.062585 0.216485 0.000000
vt 0.037967 0.230901 0.000000
vt 0.038012 0.227711 0.000000
vt 0.046267 0.231356 0.000000
vt 0.046074 0.234488 0.000000
vt 0.590326 0.803506 0.000000
vt 0.037903 0.225920 0.000000
vt 0.046350 0.229643 0.000000
vt 0.055293 0.232636 0.000000
vt 0.055008 0.234274 0.000000
vt 0.035910 0.225527 0.000000
vt 0.035747 0.223704 0.000000
vt 0.577747 0.750289 0.000000
vt 0.566389 0.767106 0.000000
vt 0.035909 0.228738 0.000000
vt 0.058570 0.234278 0.000000
vt 0.592005 0.735528 0.000000
vt 0.058934 0.232658 0.000000
vt 0.055217 0.230851 0.000000
vt 0.046470 0.227935 0.000000
vt 0.038222 0.224288 0.000000
vt 0.036138 0.222098 0.000000
vt 0.058799 0.230849 0.000000
vt 0.036764 0.196622 0.000000
vt 0.047885 0.203250 0.000000
vt 0.059676 0.208833 0.000000
vt 0.033841 0.193095 0.000000
vt 0.571382 0.791828 0.000000
vt 0.557528 0.784022 0.000000
vt 0.064611 0.209226 0.000000
vt 0.066440 0.205845 0.000000
vt 0.037183 0.236728 0.000000
vt 0.045626 0.240451 0.000000
vt 0.035031 0.234508 0.000000
vt 0.057305 0.256399 0.000000
vt 0.056441 0.260749 0.000000
vt 0.052831 0.263035 0.000000
vt 0.542010 0.776721 0.000000
vt 0.044370 0.260131 0.000000
vt 0.052749 0.264682 0.000000
vt 0.044236 0.261806 0.000000
vt 0.036101 0.258252 0.000000
vt 0.036284 0.256645 0.000000
vt 0.034090 0.254706 0.000000
vt 0.582033 0.798178 0.000000
vt 0.033894 0.256163 0.000000
vt 0.036012 0.259854 0.000000
vt 0.044304 0.263576 0.000000
vt 0.051839 0.265851 0.000000
vt 0.033845 0.257665 0.000000
vt 0.055908 0.266186 0.000000
vt 0.056092 0.264736 0.000000
vt 0.056153 0.263226 0.000000
vt 0.048490 0.285139 0.000000
vt 0.042916 0.282824 0.000000
vt 0.038531 0.279998 0.000000
vt 0.034672 0.280044 0.000000
vt 0.052591 0.285705 0.000000
vt 0.071328 0.274267 0.000000
vt 0.071309 0.269067 0.000000
vt 0.526361 0.771886 0.000000
vt 0.078790 0.272184 0.000000
vt 0.078615 0.277219 0.000000
vt 0.071834 0.262694 0.000000
vt 0.080448 0.265565 0.000000
vt 0.087511 0.268324 0.000000
vt 0.087876 0.275515 0.000000
vt 0.086899 0.280174 0.000000
vt 0.076282 0.312459 0.000000
vt 0.071694 0.309227 0.000000
vt 0.073635 0.307076 0.000000
vt 0.076201 0.309958 0.000000
vt 0.082198 0.312357 0.000000
vt 0.080331 0.310731 0.000000
vt 0.683152 0.772477 0.000000
vt 0.683772 0.770259 0.000000
vt 0.686733 0.770530 0.000000
vt 0.686419 0.772749 0.000000
vt 0.067026 0.266752 0.000000
vt 0.684377 0.767989 0.000000
vt 0.687045 0.768361 0.000000
vt 0.067243 0.259328 0.000000
vt 0.067438 0.271974 0.000000
vt 0.093990 0.260966 0.000000
vt 0.689345 0.768325 0.000000
vt 0.689345 0.770392 0.000000
vt 0.093084 0.269186 0.000000
vt 0.087231 0.260441 0.000000
vt 0.094110 0.254251 0.000000
vt 0.689345 0.772577 0.000000
vt 0.683295 0.741659 0.000000
vt 0.683140 0.740340 0.000000
vt 0.686451 0.739666 0.000000
vt 0.686503 0.740947 0.000000
vt 0.087665 0.253916 0.000000
vt 0.682807 0.738883 0.000000
vt 0.686340 0.738257 0.000000
vt 0.073239 0.237329 0.000000
vt 0.072885 0.231818 0.000000
vt 0.081951 0.235390 0.000000
vt 0.689345 0.737991 0.000000
vt 0.689345 0.739430 0.000000
vt 0.081170 0.241224 0.000000
vt 0.073182 0.224173 0.000000
vt 0.082599 0.227428 0.000000
vt 0.689345 0.740732 0.000000
vt 0.674589 0.710072 0.000000
vt 0.673377 0.700838 0.000000
vt 0.681580 0.701863 0.000000
vt 0.682351 0.710388 0.000000
vt 0.091078 0.230244 0.000000
vt 0.673429 0.693549 0.000000
vt 0.680071 0.692705 0.000000
vt 0.089280 0.237415 0.000000
vt 0.088126 0.243306 0.000000
vt 0.085894 0.289560 0.000000
vt 0.689584 0.692549 0.000000
vt 0.689557 0.701717 0.000000
vt 0.083762 0.294175 0.000000
vt 0.077424 0.292644 0.000000
vt 0.078612 0.287112 0.000000
vt 0.689532 0.710162 0.000000
vt 0.626870 0.671010 0.000000
vt 0.630220 0.642113 0.000000
vt 0.659155 0.635955 0.000000
vt 0.659003 0.659982 0.000000
vt 0.083086 0.300807 0.000000
vt 0.635742 0.610792 0.000000
vt 0.662334 0.604823 0.000000
vt 0.077572 0.299215 0.000000
vt 0.072910 0.296539 0.000000
vt 0.071813 0.290131 0.000000
vt 0.689851 0.602403 0.000000
vt 0.689760 0.633325 0.000000
vt 0.071191 0.283900 0.000000
vt 0.069645 0.228723 0.000000
vt 0.069156 0.220166 0.000000
vt 0.689689 0.657259 0.000000
vt 0.070917 0.235183 0.000000
vt 0.599964 0.676862 0.000000
vt 0.604640 0.649881 0.000000
vt 0.067417 0.287335 0.000000
vt 0.066942 0.281236 0.000000
vt 0.574509 0.683190 0.000000
vt 0.578397 0.656868 0.000000
vt 0.068053 0.295846 0.000000
vt 0.089057 0.294933 0.000000
vt 0.087944 0.301471 0.000000
vt 0.585264 0.626352 0.000000
vt 0.611018 0.618856 0.000000
vt 0.089851 0.289417 0.000000
vt 0.096145 0.238405 0.000000
vt 0.095155 0.243908 0.000000
vt 0.098346 0.231221 0.000000
vt 0.604388 0.566471 0.000000
vt 0.593637 0.595911 0.000000
vt 0.565231 0.601345 0.000000
vt 0.575644 0.572467 0.000000
vt 0.072551 0.248126 0.000000
vt 0.072606 0.244538 0.000000
vt 0.555584 0.630617 0.000000
vt 0.080786 0.248187 0.000000
vt 0.080580 0.251768 0.000000
vt 0.072518 0.242558 0.000000
vt 0.080880 0.246350 0.000000
vt 0.535812 0.602884 0.000000
vt 0.088711 0.248757 0.000000
vt 0.088469 0.250481 0.000000
vt 0.070077 0.242141 0.000000
vt 0.546899 0.578464 0.000000
vt 0.689345 0.744792 0.000000
vt 0.686717 0.745040 0.000000
vt 0.686622 0.743030 0.000000
vt 0.689345 0.742801 0.000000
vt 0.069914 0.240107 0.000000
vt 0.683812 0.745668 0.000000
vt 0.683584 0.743711 0.000000
vt 0.070072 0.245655 0.000000
vt 0.093867 0.251096 0.000000
vt 0.094110 0.248989 0.000000
vt 0.088573 0.246724 0.000000
vt 0.081017 0.244581 0.000000
vt 0.072798 0.240781 0.000000
vt 0.070564 0.238247 0.000000
vt 0.094110 0.247050 0.000000
vt 0.070729 0.214259 0.000000
vt 0.083199 0.218573 0.000000
vt 0.680519 0.746541 0.000000
vt 0.680096 0.744820 0.000000
vt 0.093858 0.222266 0.000000
vt 0.067922 0.211046 0.000000
vt 0.676823 0.747813 0.000000
vt 0.676140 0.746442 0.000000
vt 0.099629 0.222042 0.000000
vt 0.099871 0.220121 0.000000
vt 0.071691 0.254702 0.000000
vt 0.675208 0.744733 0.000000
vt 0.679553 0.742913 0.000000
vt 0.080273 0.258526 0.000000
vt 0.069113 0.252020 0.000000
vt 0.091475 0.275517 0.000000
vt 0.090805 0.280459 0.000000
vt 0.086672 0.283060 0.000000
vt 0.679210 0.770960 0.000000
vt 0.680132 0.768878 0.000000
vt 0.078521 0.280249 0.000000
vt 0.086584 0.284916 0.000000
vt 0.674407 0.768601 0.000000
vt 0.675802 0.766644 0.000000
vt 0.078349 0.282192 0.000000
vt 0.071426 0.279279 0.000000
vt 0.071670 0.277523 0.000000
vt 0.677016 0.764688 0.000000
vt 0.681002 0.766719 0.000000
vt 0.067367 0.274635 0.000000
vt 0.067126 0.276395 0.000000
vt 0.071223 0.280777 0.000000
vt 0.078196 0.284010 0.000000
vt 0.663321 0.762554 0.000000
vt 0.660357 0.758828 0.000000
vt 0.664081 0.757814 0.000000
vt 0.666408 0.760746 0.000000
vt 0.086367 0.286636 0.000000
vt 0.659775 0.755228 0.000000
vt 0.663629 0.755193 0.000000
vt 0.066812 0.278132 0.000000
vt 0.090161 0.286466 0.000000
vt 0.090336 0.284804 0.000000
vt 0.666223 0.755071 0.000000
vt 0.666681 0.757016 0.000000
vt 0.090427 0.283161 0.000000
vt 0.081858 0.307566 0.000000
vt 0.076730 0.305516 0.000000
vt 0.668675 0.759299 0.000000
vt 0.073360 0.302968 0.000000
vt 0.069580 0.303607 0.000000
vt 0.664892 0.753060 0.000000
vt 0.666991 0.753347 0.000000
vt 0.086230 0.308076 0.000000
vt 0.106967 0.275460 0.000000
vt 0.661685 0.752354 0.000000
vt 0.106271 0.270283 0.000000
vt 0.112677 0.272890 0.000000
vt 0.112709 0.277206 0.000000
vt 0.665389 0.749795 0.000000
vt 0.667654 0.751015 0.000000
vt 0.107006 0.265003 0.000000
vt 0.112907 0.267047 0.000000
vt 0.119466 0.269105 0.000000
vt 0.669109 0.751612 0.000000
vt 0.689494 0.722916 0.000000
vt 0.684131 0.723082 0.000000
vt 0.683238 0.717316 0.000000
vt 0.689511 0.717113 0.000000
vt 0.119246 0.274848 0.000000
vt 0.677956 0.723329 0.000000
vt 0.676218 0.717366 0.000000
vt 0.119290 0.279675 0.000000
vt 0.109807 0.309447 0.000000
vt 0.105759 0.306899 0.000000
vt 0.107338 0.304747 0.000000
vt 0.109902 0.306220 0.000000
vt 0.115003 0.309284 0.000000
vt 0.113428 0.306701 0.000000
vt 0.100047 0.268435 0.000000
vt 0.100720 0.261964 0.000000
vt 0.100291 0.273217 0.000000
vt 0.128123 0.263427 0.000000
vt 0.686042 0.735792 0.000000
vt 0.689457 0.735513 0.000000
vt 0.127980 0.270561 0.000000
vt 0.120140 0.262548 0.000000
vt 0.681986 0.736419 0.000000
vt 0.128356 0.257886 0.000000
vt 0.120570 0.256475 0.000000
vt 0.108170 0.242351 0.000000
vt 0.680829 0.732972 0.000000
vt 0.685566 0.732378 0.000000
vt 0.108013 0.236993 0.000000
vt 0.114657 0.239675 0.000000
vt 0.114556 0.244812 0.000000
vt 0.689466 0.732115 0.000000
vt 0.689345 0.775295 0.000000
vt 0.686519 0.775284 0.000000
vt 0.686318 0.774161 0.000000
vt 0.689345 0.774067 0.000000
vt 0.106886 0.229635 0.000000
vt 0.682780 0.775632 0.000000
vt 0.682931 0.773728 0.000000
vt 0.114586 0.232257 0.000000
vt 0.123225 0.234331 0.000000
vt 0.122538 0.242342 0.000000
vt 0.121464 0.247211 0.000000
vt 0.117974 0.287511 0.000000
vt 0.117340 0.292267 0.000000
vt 0.111417 0.291087 0.000000
vt 0.112283 0.285828 0.000000
vt 0.116560 0.297907 0.000000
vt 0.111155 0.296331 0.000000
vt 0.684553 0.766588 0.000000
vt 0.687140 0.767096 0.000000
vt 0.107145 0.295054 0.000000
vt 0.106686 0.288822 0.000000
vt 0.684426 0.765555 0.000000
vt 0.687072 0.766094 0.000000
vt 0.107032 0.283896 0.000000
vt 0.101579 0.234185 0.000000
vt 0.101377 0.227028 0.000000
vt 0.689345 0.766240 0.000000
vt 0.689345 0.767187 0.000000
vt 0.102123 0.239845 0.000000
vt 0.101012 0.287074 0.000000
vt 0.100615 0.281851 0.000000
vt 0.101835 0.293912 0.000000
vt 0.124094 0.293987 0.000000
vt 0.689345 0.745861 0.000000
vt 0.686693 0.746105 0.000000
vt 0.122850 0.299993 0.000000
vt 0.125014 0.289160 0.000000
vt 0.689345 0.746865 0.000000
vt 0.686646 0.747091 0.000000
vt 0.130334 0.243245 0.000000
vt 0.128991 0.248461 0.000000
vt 0.132024 0.235117 0.000000
vt 0.683707 0.747650 0.000000
vt 0.683782 0.746702 0.000000
vt 0.108134 0.252372 0.000000
vt 0.108276 0.249026 0.000000
vt 0.114468 0.251392 0.000000
vt 0.114372 0.254711 0.000000
vt 0.108411 0.247259 0.000000
vt 0.669614 0.758540 0.000000
vt 0.673138 0.761075 0.000000
vt 0.672513 0.762036 0.000000
vt 0.114603 0.249651 0.000000
vt 0.670112 0.758187 0.000000
vt 0.673384 0.760543 0.000000
vt 0.121052 0.251654 0.000000
vt 0.120918 0.253447 0.000000
vt 0.102101 0.246970 0.000000
vt 0.677387 0.762868 0.000000
vt 0.677369 0.763572 0.000000
vt 0.102392 0.244693 0.000000
vt 0.102770 0.249950 0.000000
vt 0.128522 0.254838 0.000000
vt 0.128248 0.253030 0.000000
vt 0.121125 0.250131 0.000000
vt 0.114479 0.247805 0.000000
vt 0.680518 0.747499 0.000000
vt 0.108528 0.245570 0.000000
vt 0.102665 0.242788 0.000000
vt 0.128610 0.251222 0.000000
vt 0.680426 0.748410 0.000000
vt 0.106711 0.221708 0.000000
vt 0.114128 0.222568 0.000000
vt 0.125201 0.223978 0.000000
vt 0.676904 0.749511 0.000000
vt 0.676928 0.748654 0.000000
vt 0.100224 0.221066 0.000000
vt 0.135121 0.223773 0.000000
vt 0.107420 0.257825 0.000000
vt 0.113280 0.260417 0.000000
vt 0.101737 0.255301 0.000000
vt 0.669765 0.752111 0.000000
vt 0.668009 0.753593 0.000000
vt 0.126874 0.276742 0.000000
vt 0.125884 0.281238 0.000000
vt 0.670241 0.752724 0.000000
vt 0.668685 0.753970 0.000000
vt 0.118565 0.281865 0.000000
vt 0.112450 0.279661 0.000000
vt 0.118263 0.283578 0.000000
vt 0.668236 0.755118 0.000000
vt 0.667476 0.755007 0.000000
vt 0.112222 0.281703 0.000000
vt 0.106655 0.279843 0.000000
vt 0.106782 0.278000 0.000000
vt 0.100441 0.275676 0.000000
vt 0.100519 0.277204 0.000000
vt 0.106886 0.281412 0.000000
vt 0.667869 0.756586 0.000000
vt 0.112378 0.283288 0.000000
vt 0.118224 0.285076 0.000000
vt 0.100460 0.279245 0.000000
vt 0.668554 0.756451 0.000000
vt 0.125274 0.286505 0.000000
vt 0.125359 0.285023 0.000000
vt 0.125588 0.283608 0.000000
vt 0.115322 0.303518 0.000000
vt 0.111001 0.301990 0.000000
vt 0.107035 0.301146 0.000000
vt 0.103090 0.300874 0.000000
vt 0.120868 0.306134 0.000000
vt 0.149440 0.229475 0.000000
vt 0.157730 0.230731 0.000000
vt 0.153925 0.240164 0.000000
vt 0.671698 0.748658 0.000000
vt 0.670192 0.747141 0.000000
vt 0.146030 0.237885 0.000000
vt 0.164297 0.232223 0.000000
vt 0.672702 0.749636 0.000000
vt 0.158530 0.243194 0.000000
vt 0.171882 0.234962 0.000000
vt 0.164172 0.247968 0.000000
vt 0.180239 0.238625 0.000000
vt 0.170993 0.254117 0.000000
vt 0.093325 0.092593 0.000000
vt 0.111032 0.101472 0.000000
vt 0.073898 0.084575 0.000000
vt 0.054287 0.076485 0.000000
vt 0.036780 0.072165 0.000000
vt 0.024473 0.075922 0.000000
vt 0.670771 0.763811 0.000000
vt 0.018047 0.082621 0.000000
vt 0.010084 0.086808 0.000000
vt 0.177803 0.168477 0.000000
vt 0.668557 0.765805 0.000000
vt 0.146711 0.136152 0.000000
vt 0.136429 0.124704 0.000000
vt 0.123908 0.112789 0.000000
vt 0.158802 0.222207 0.000000
vt 0.149946 0.221125 0.000000
vt 0.159330 0.224583 0.000000
vt 0.150793 0.223290 0.000000
vt 0.167181 0.223438 0.000000
vt 0.174222 0.223358 0.000000
vt 0.173592 0.226256 0.000000
vt 0.166278 0.225461 0.000000
vt 0.681235 0.765412 0.000000
vt 0.182096 0.222962 0.000000
vt 0.181137 0.225374 0.000000
vt 0.150699 0.225412 0.000000
vt 0.681133 0.764509 0.000000
vt 0.159360 0.226833 0.000000
vt 0.166101 0.227373 0.000000
vt 0.173444 0.228608 0.000000
vt 0.181985 0.229946 0.000000
vt 0.871670 0.492785 0.000000
vt 0.854791 0.493658 0.000000
vt 0.850669 0.484111 0.000000
vt 0.868951 0.481639 0.000000
vt 0.842459 0.495179 0.000000
vt 0.840393 0.493300 0.000000
vt 0.834590 0.489934 0.000000
vt 0.673040 0.750329 0.000000
vt 0.835406 0.483128 0.000000
vt 0.834017 0.468267 0.000000
vt 0.851416 0.466894 0.000000
vt 0.673245 0.751093 0.000000
vt 0.870338 0.464596 0.000000
vt 0.847128 0.449841 0.000000
vt 0.862356 0.448188 0.000000
vt 0.828517 0.451923 0.000000
vt 0.821135 0.435439 0.000000
vt 0.839889 0.433278 0.000000
vt 0.857914 0.430460 0.000000
vt 0.831784 0.417532 0.000000
vt 0.846437 0.415123 0.000000
vt 0.814104 0.420158 0.000000
vt 0.673508 0.769719 0.000000
vt 0.666516 0.767421 0.000000
vt 0.807264 0.404908 0.000000
vt 0.823088 0.402250 0.000000
vt 0.671086 0.771599 0.000000
vt 0.662997 0.769683 0.000000
vt 0.837749 0.398635 0.000000
vt 0.814075 0.387082 0.000000
vt 0.825091 0.385909 0.000000
vt 0.655170 0.766687 0.000000
vt 0.659922 0.764397 0.000000
vt 0.800459 0.388521 0.000000
vt 0.794888 0.377960 0.000000
vt 0.807188 0.377748 0.000000
vt 0.818511 0.378675 0.000000
vt 0.829201 0.493627 0.000000
vt 0.819352 0.487019 0.000000
vt 0.678820 0.772034 0.000000
vt 0.826851 0.498869 0.000000
vt 0.819823 0.500510 0.000000
vt 0.805279 0.502087 0.000000
vt 0.799314 0.488446 0.000000
vt 0.793182 0.473624 0.000000
vt 0.814485 0.471073 0.000000
vt 0.807685 0.454355 0.000000
vt 0.785938 0.457149 0.000000
vt 0.677354 0.773842 0.000000
vt 0.778188 0.440064 0.000000
vt 0.800201 0.437771 0.000000
vt 0.793281 0.422222 0.000000
vt 0.770537 0.423414 0.000000
vt 0.765145 0.407413 0.000000
vt 0.654742 0.755029 0.000000
vt 0.657339 0.750850 0.000000
vt 0.787488 0.406785 0.000000
vt 0.783382 0.390535 0.000000
vt 0.648051 0.754810 0.000000
vt 0.651773 0.749070 0.000000
vt 0.764173 0.392270 0.000000
vt 0.764834 0.383420 0.000000
vt 0.780374 0.380401 0.000000
vt 0.658505 0.744625 0.000000
vt 0.662303 0.747430 0.000000
vt 0.802295 0.368822 0.000000
vt 0.816213 0.370378 0.000000
vt 0.787419 0.368501 0.000000
vt 0.773553 0.371275 0.000000
vt 0.760181 0.375038 0.000000
vt 0.738019 0.388241 0.000000
vt 0.655800 0.759905 0.000000
vt 0.729575 0.393828 0.000000
vt 0.721722 0.391512 0.000000
vt 0.734211 0.384498 0.000000
vt 0.718056 0.404907 0.000000
vt 0.710043 0.397248 0.000000
vt 0.754497 0.479092 0.000000
vt 0.770995 0.491737 0.000000
vt 0.765002 0.494625 0.000000
vt 0.649685 0.761205 0.000000
vt 0.751022 0.485595 0.000000
vt 0.783647 0.502467 0.000000
vt 0.778323 0.504065 0.000000
vt 0.804731 0.517814 0.000000
vt 0.812874 0.519172 0.000000
vt 0.810958 0.528694 0.000000
vt 0.668350 0.744834 0.000000
vt 0.800183 0.523308 0.000000
vt 0.822168 0.523214 0.000000
vt 0.822281 0.532536 0.000000
vt 0.665899 0.742110 0.000000
vt 0.857168 0.496089 0.000000
vt 0.844744 0.497450 0.000000
vt 0.874099 0.495782 0.000000
vt 0.672894 0.740728 0.000000
vt 0.674356 0.742882 0.000000
vt 0.736789 0.443864 0.000000
vt 0.745593 0.462858 0.000000
vt 0.730962 0.463785 0.000000
vt 0.722516 0.445295 0.000000
vt 0.736185 0.476758 0.000000
vt 0.678428 0.739680 0.000000
vt 0.679197 0.741398 0.000000
vt 0.723457 0.476633 0.000000
vt 0.718667 0.464352 0.000000
vt 0.710760 0.446635 0.000000
vt 0.736779 0.480553 0.000000
vt 0.723911 0.480199 0.000000
vt 0.704036 0.410312 0.000000
vt 0.699479 0.401260 0.000000
vt 0.693330 0.412969 0.000000
vt 0.688082 0.402248 0.000000
vt 0.726483 0.423516 0.000000
vt 0.712253 0.424951 0.000000
vt 0.700960 0.426762 0.000000
vt 0.792033 0.502994 0.000000
vt 0.804443 0.512506 0.000000
vt 0.796596 0.511095 0.000000
vt 0.686892 0.764711 0.000000
vt 0.689462 0.764746 0.000000
vt 0.815724 0.516394 0.000000
vt 0.906299 0.508404 0.000000
vt 0.684124 0.764391 0.000000
vt 0.908776 0.502373 0.000000
vt 0.918620 0.509580 0.000000
vt 0.910947 0.512991 0.000000
vt 0.683713 0.763455 0.000000
vt 0.686657 0.763137 0.000000
vt 0.921351 0.518504 0.000000
vt 0.912555 0.515622 0.000000
vt 0.789187 0.514752 0.000000
vt 0.689601 0.762819 0.000000
vt 0.838439 0.499923 0.000000
vt 0.835116 0.497853 0.000000
vt 0.686671 0.748862 0.000000
vt 0.683795 0.749344 0.000000
vt 0.841199 0.505769 0.000000
vt 0.831860 0.503266 0.000000
vt 0.689345 0.748665 0.000000
vt 0.841258 0.500846 0.000000
vt 0.844110 0.502971 0.000000
vt 0.859396 0.502756 0.000000
vt 0.689345 0.750698 0.000000
vt 0.686733 0.751026 0.000000
vt 0.858163 0.511876 0.000000
vt 0.872522 0.501214 0.000000
vt 0.872635 0.510336 0.000000
vt 0.684136 0.751354 0.000000
vt 0.845426 0.538392 0.000000
vt 0.845262 0.530219 0.000000
vt 0.673992 0.760055 0.000000
vt 0.677593 0.762149 0.000000
vt 0.861171 0.529193 0.000000
vt 0.861754 0.537548 0.000000
vt 0.671055 0.757959 0.000000
vt 0.875869 0.528516 0.000000
vt 0.879976 0.536950 0.000000
vt 0.842285 0.519759 0.000000
vt 0.671583 0.757428 0.000000
vt 0.674780 0.759588 0.000000
vt 0.858882 0.519311 0.000000
vt 0.872817 0.517000 0.000000
vt 0.711368 0.477974 0.000000
vt 0.677977 0.761749 0.000000
vt 0.706688 0.465813 0.000000
vt 0.698899 0.448116 0.000000
vt 0.680578 0.749992 0.000000
vt 0.677202 0.750931 0.000000
vt 0.711776 0.481495 0.000000
vt 0.682673 0.416625 0.000000
vt 0.677125 0.405543 0.000000
vt 0.689162 0.427982 0.000000
vt 0.882438 0.384937 0.000000
vt 0.878863 0.385437 0.000000
vt 0.875952 0.379725 0.000000
vt 0.680852 0.751909 0.000000
vt 0.879510 0.379349 0.000000
vt 0.874070 0.386228 0.000000
vt 0.871187 0.380703 0.000000
vt 0.677567 0.752463 0.000000
vt 0.868885 0.374135 0.000000
vt 0.874028 0.374298 0.000000
vt 0.669755 0.754652 0.000000
vt 0.669351 0.755522 0.000000
vt 0.877693 0.373924 0.000000
vt 0.903591 0.380277 0.000000
vt 0.671156 0.753661 0.000000
vt 0.902489 0.376717 0.000000
vt 0.905394 0.375783 0.000000
vt 0.906125 0.380673 0.000000
vt 0.671742 0.754931 0.000000
vt 0.671022 0.755485 0.000000
vt 0.900792 0.373534 0.000000
vt 0.902810 0.372050 0.000000
vt 0.873698 0.369831 0.000000
vt 0.670303 0.756039 0.000000
vt 0.877420 0.369178 0.000000
vt 0.868883 0.369925 0.000000
vt 0.669646 0.756537 0.000000
vt 0.864150 0.387077 0.000000
vt 0.869074 0.387420 0.000000
vt 0.871401 0.389307 0.000000
vt 0.866664 0.389403 0.000000
vt 0.877117 0.389670 0.000000
vt 0.856669 0.387619 0.000000
vt 0.852327 0.388105 0.000000
vt 0.848796 0.382956 0.000000
vt 0.670943 0.756733 0.000000
vt 0.853211 0.382160 0.000000
vt 0.846010 0.389312 0.000000
vt 0.840752 0.383343 0.000000
vt 0.838594 0.377018 0.000000
vt 0.846115 0.376690 0.000000
vt 0.851672 0.376863 0.000000
vt 0.680997 0.763566 0.000000
vt 0.884057 0.373820 0.000000
vt 0.887977 0.373560 0.000000
vt 0.889380 0.378409 0.000000
vt 0.885585 0.378870 0.000000
vt 0.892500 0.372909 0.000000
vt 0.893899 0.377834 0.000000
vt 0.896702 0.383350 0.000000
vt 0.892319 0.384139 0.000000
vt 0.680845 0.762602 0.000000
vt 0.888292 0.384376 0.000000
vt 0.846919 0.370753 0.000000
vt 0.851898 0.371504 0.000000
vt 0.838956 0.370316 0.000000
vt 0.887571 0.368951 0.000000
vt 0.892791 0.369170 0.000000
vt 0.673850 0.752288 0.000000
vt 0.883719 0.368857 0.000000
vt 0.894491 0.385805 0.000000
vt 0.890914 0.386530 0.000000
vt 0.899084 0.384942 0.000000
vt 0.855840 0.392317 0.000000
vt 0.851658 0.394343 0.000000
vt 0.859465 0.390974 0.000000
vt 0.861850 0.387278 0.000000
vt 0.674655 0.753697 0.000000
vt 0.858945 0.381794 0.000000
vt 0.861358 0.381711 0.000000
vt 0.860575 0.387438 0.000000
vt 0.857504 0.381853 0.000000
vt 0.855611 0.376105 0.000000
vt 0.857045 0.376207 0.000000
vt 0.684918 0.728122 0.000000
vt 0.689479 0.727917 0.000000
vt 0.859214 0.375631 0.000000
vt 0.856813 0.371534 0.000000
vt 0.679489 0.728570 0.000000
vt 0.859233 0.371426 0.000000
vt 0.855551 0.371455 0.000000
vt 0.864218 0.390648 0.000000
vt 0.862955 0.390815 0.000000
vt 0.854263 0.376337 0.000000
vt 0.856133 0.381953 0.000000
vt 0.859233 0.387445 0.000000
vt 0.854306 0.371417 0.000000
vt 0.861512 0.390703 0.000000
vt 0.840576 0.391389 0.000000
vt 0.670157 0.723374 0.000000
vt 0.667707 0.716667 0.000000
vt 0.834283 0.385329 0.000000
vt 0.828972 0.377586 0.000000
vt 0.661080 0.723759 0.000000
vt 0.657055 0.715918 0.000000
vt 0.828954 0.370465 0.000000
vt 0.847252 0.396147 0.000000
vt 0.847105 0.396185 0.000000
vt 0.653884 0.705813 0.000000
vt 0.665667 0.708176 0.000000
vt 0.865760 0.381004 0.000000
vt 0.863882 0.375355 0.000000
vt 0.863545 0.370412 0.000000
vt 0.881374 0.388780 0.000000
vt 0.618822 0.705011 0.000000
vt 0.627680 0.718173 0.000000
vt 0.609563 0.724783 0.000000
vt 0.599915 0.710546 0.000000
vt 0.884777 0.388026 0.000000
vt 0.638403 0.728677 0.000000
vt 0.621349 0.736198 0.000000
vt 0.879664 0.373785 0.000000
vt 0.881416 0.379168 0.000000
vt 0.880769 0.373691 0.000000
vt 0.882527 0.379106 0.000000
vt 0.885391 0.384702 0.000000
vt 0.884381 0.384723 0.000000
vt 0.879662 0.369162 0.000000
vt 0.880724 0.369069 0.000000
vt 0.886477 0.384647 0.000000
vt 0.883718 0.379017 0.000000
vt 0.881922 0.373709 0.000000
vt 0.676967 0.683875 0.000000
vt 0.689611 0.683423 0.000000
vt 0.881707 0.368937 0.000000
vt 0.888958 0.386907 0.000000
vt 0.667583 0.687661 0.000000
vt 0.887922 0.387617 0.000000
vt 0.886671 0.387734 0.000000
vt 0.897382 0.372998 0.000000
vt 0.658431 0.681521 0.000000
vt 0.671924 0.676294 0.000000
vt 0.898613 0.377495 0.000000
vt 0.901099 0.381979 0.000000
vt 0.898168 0.369897 0.000000
vt 0.689635 0.675233 0.000000
vt 0.903680 0.383706 0.000000
vt 0.617874 0.690538 0.000000
vt 0.637124 0.690101 0.000000
vt 0.637540 0.704096 0.000000
vt 0.917391 0.415558 0.000000
vt 0.912969 0.416306 0.000000
vt 0.645198 0.677730 0.000000
vt 0.908785 0.408352 0.000000
vt 0.913220 0.407502 0.000000
vt 0.906959 0.417363 0.000000
vt 0.902759 0.409074 0.000000
vt 0.653380 0.692854 0.000000
vt 0.899858 0.400987 0.000000
vt 0.906214 0.401227 0.000000
vt 0.910864 0.400272 0.000000
vt 0.943240 0.409130 0.000000
vt 0.942467 0.404670 0.000000
vt 0.575076 0.701052 0.000000
vt 0.597552 0.695828 0.000000
vt 0.946159 0.403831 0.000000
vt 0.946894 0.409459 0.000000
vt 0.940119 0.400281 0.000000
vt 0.942198 0.398438 0.000000
vt 0.905805 0.395436 0.000000
vt 0.910713 0.395536 0.000000
vt 0.900074 0.395764 0.000000
vt 0.894108 0.417233 0.000000
vt 0.899652 0.416859 0.000000
vt 0.903470 0.421081 0.000000
vt 0.896976 0.421665 0.000000
vt 0.910141 0.420028 0.000000
vt 0.884437 0.417463 0.000000
vt 0.879389 0.418655 0.000000
vt 0.875439 0.411967 0.000000
vt 0.549361 0.701293 0.000000
vt 0.544268 0.686060 0.000000
vt 0.880564 0.411189 0.000000
vt 0.871945 0.420372 0.000000
vt 0.867700 0.412958 0.000000
vt 0.863661 0.403058 0.000000
vt 0.872145 0.402892 0.000000
vt 0.878120 0.403707 0.000000
vt 0.918778 0.400083 0.000000
vt 0.923597 0.399606 0.000000
vt 0.926072 0.406706 0.000000
vt 0.920884 0.406960 0.000000
vt 0.929390 0.399109 0.000000
vt 0.931943 0.406299 0.000000
vt 0.934744 0.411903 0.000000
vt 0.928928 0.412594 0.000000
vt 0.638731 0.791722 0.000000
vt 0.924523 0.413663 0.000000
vt 0.873130 0.398213 0.000000
vt 0.878639 0.398636 0.000000
vt 0.639861 0.787007 0.000000
vt 0.864452 0.397428 0.000000
vt 0.923709 0.395515 0.000000
vt 0.929921 0.395531 0.000000
vt 0.918617 0.394886 0.000000
vt 0.932021 0.416862 0.000000
vt 0.927792 0.417756 0.000000
vt 0.938047 0.415672 0.000000
vt 0.883302 0.423735 0.000000
vt 0.877199 0.426925 0.000000
vt 0.887990 0.423251 0.000000
vt 0.648022 0.769835 0.000000
vt 0.641286 0.762886 0.000000
vt 0.891133 0.416564 0.000000
vt 0.887963 0.410835 0.000000
vt 0.639879 0.773397 0.000000
vt 0.631776 0.764507 0.000000
vt 0.890434 0.410511 0.000000
vt 0.889068 0.417455 0.000000
vt 0.885695 0.410855 0.000000
vt 0.629399 0.754316 0.000000
vt 0.639221 0.754782 0.000000
vt 0.882949 0.402829 0.000000
vt 0.884944 0.403410 0.000000
vt 0.887848 0.403260 0.000000
vt 0.884564 0.397610 0.000000
vt 0.887753 0.397504 0.000000
vt 0.644946 0.735178 0.000000
vt 0.630123 0.742455 0.000000
vt 0.882882 0.398125 0.000000
vt 0.893846 0.421801 0.000000
vt 0.649462 0.739154 0.000000
vt 0.637453 0.745564 0.000000
vt 0.892879 0.422463 0.000000
vt 0.881246 0.403190 0.000000
vt 0.883982 0.410967 0.000000
vt 0.887509 0.417428 0.000000
vt 0.619733 0.752783 0.000000
vt 0.881420 0.398491 0.000000
vt 0.890738 0.422856 0.000000
vt 0.864958 0.423636 0.000000
vt 0.858180 0.413706 0.000000
vt 0.852889 0.403374 0.000000
vt 0.852873 0.396174 0.000000
vt 0.622327 0.765628 0.000000
vt 0.870532 0.428668 0.000000
vt 0.869586 0.430261 0.000000
vt 0.896189 0.410106 0.000000
vt 0.632137 0.776926 0.000000
vt 0.893383 0.402832 0.000000
vt 0.893225 0.396634 0.000000
vt 0.915737 0.419028 0.000000
vt 0.919976 0.418064 0.000000
vt 0.913331 0.400047 0.000000
vt 0.915758 0.407397 0.000000
vt 0.914666 0.399874 0.000000
vt 0.917165 0.407322 0.000000
vt 0.921145 0.415124 0.000000
vt 0.919791 0.415226 0.000000
vt 0.913319 0.395468 0.000000
vt 0.644907 0.747539 0.000000
vt 0.914661 0.395252 0.000000
vt 0.922157 0.413978 0.000000
vt 0.918450 0.407147 0.000000
vt 0.654103 0.742085 0.000000
vt 0.916141 0.400039 0.000000
vt 0.915938 0.394952 0.000000
vt 0.924983 0.418533 0.000000
vt 0.923529 0.418525 0.000000
vt 0.922175 0.418518 0.000000
vt 0.935574 0.398978 0.000000
vt 0.937659 0.405433 0.000000
vt 0.940201 0.410318 0.000000
vt 0.936375 0.396041 0.000000
vt 0.943362 0.412680 0.000000
vt 0.658952 0.735992 0.000000
vt 0.662568 0.739348 0.000000
vt 0.937331 0.447126 0.000000
vt 0.932133 0.447726 0.000000
vt 0.666936 0.734645 0.000000
vt 0.670137 0.738114 0.000000
vt 0.928987 0.441338 0.000000
vt 0.934317 0.440704 0.000000
vt 0.925732 0.448324 0.000000
vt 0.922197 0.442205 0.000000
vt 0.919580 0.434301 0.000000
vt 0.926070 0.433135 0.000000
vt 0.931838 0.433458 0.000000
vt 0.967378 0.440622 0.000000
vt 0.966364 0.436397 0.000000
vt 0.970262 0.434994 0.000000
vt 0.970971 0.440478 0.000000
vt 0.676647 0.737165 0.000000
vt 0.964295 0.433463 0.000000
vt 0.966486 0.431052 0.000000
vt 0.926396 0.428997 0.000000
vt 0.674424 0.733683 0.000000
vt 0.931592 0.429064 0.000000
vt 0.919259 0.428926 0.000000
vt 0.911994 0.450245 0.000000
vt 0.918260 0.449711 0.000000
vt 0.921967 0.455104 0.000000
vt 0.914991 0.454897 0.000000
vt 0.929653 0.454271 0.000000
vt 0.901515 0.452424 0.000000
vt 0.895471 0.452530 0.000000
vt 0.892644 0.444933 0.000000
vt 0.897675 0.444598 0.000000
vt 0.643611 0.715819 0.000000
vt 0.887372 0.454734 0.000000
vt 0.883281 0.446891 0.000000
vt 0.880024 0.437778 0.000000
vt 0.651071 0.725029 0.000000
vt 0.889618 0.438167 0.000000
vt 0.895089 0.437522 0.000000
vt 0.940474 0.433095 0.000000
vt 0.945721 0.432555 0.000000
vt 0.948078 0.439566 0.000000
vt 0.942758 0.439812 0.000000
vt 0.953118 0.433092 0.000000
vt 0.954548 0.438841 0.000000
vt 0.958501 0.444376 0.000000
vt 0.951362 0.445887 0.000000
vt 0.946154 0.446965 0.000000
vt 0.664597 0.670879 0.000000
vt 0.689654 0.668870 0.000000
vt 0.889125 0.430663 0.000000
vt 0.895843 0.431658 0.000000
vt 0.881734 0.429947 0.000000
vt 0.946064 0.427706 0.000000
vt 0.953207 0.427773 0.000000
vt 0.940152 0.427844 0.000000
vt 0.954909 0.449480 0.000000
vt 0.949819 0.450254 0.000000
vt 0.961171 0.447765 0.000000
vt 0.899463 0.456267 0.000000
vt 0.893473 0.460236 0.000000
vt 0.905194 0.455203 0.000000
vt 0.909186 0.450936 0.000000
vt 0.904865 0.444092 0.000000
vt 0.664721 0.697134 0.000000
vt 0.909051 0.444216 0.000000
vt 0.907102 0.452012 0.000000
vt 0.902853 0.444109 0.000000
vt 0.901032 0.437100 0.000000
vt 0.902758 0.437238 0.000000
vt 0.905934 0.437203 0.000000
vt 0.902166 0.430781 0.000000
vt 0.905878 0.430581 0.000000
vt 0.900539 0.431077 0.000000
vt 0.911289 0.454098 0.000000
vt 0.910344 0.454911 0.000000
vt 0.898731 0.437089 0.000000
vt 0.901018 0.444226 0.000000
vt 0.905027 0.451974 0.000000
vt 0.898910 0.431493 0.000000
vt 0.655653 0.731486 0.000000
vt 0.908348 0.454903 0.000000
vt 0.879368 0.458071 0.000000
vt 0.873092 0.446803 0.000000
vt 0.870794 0.436378 0.000000
vt 0.873225 0.429788 0.000000
vt 0.883912 0.461140 0.000000
vt 0.878666 0.462983 0.000000
vt 0.914111 0.442874 0.000000
vt 0.664145 0.729931 0.000000
vt 0.912070 0.435324 0.000000
vt 0.912214 0.430177 0.000000
vt 0.936312 0.453076 0.000000
vt 0.940832 0.451389 0.000000
vt 0.934566 0.433174 0.000000
vt 0.937097 0.440516 0.000000
vt 0.672328 0.729066 0.000000
vt 0.935521 0.432352 0.000000
vt 0.938555 0.440453 0.000000
vt 0.942094 0.447655 0.000000
vt 0.940272 0.447210 0.000000
vt 0.934398 0.428875 0.000000
vt 0.936002 0.428623 0.000000
vt 0.943606 0.447498 0.000000
vt 0.939982 0.440289 0.000000
vt 0.937049 0.432310 0.000000
vt 0.937633 0.428450 0.000000
vt 0.946736 0.450852 0.000000
vt 0.945225 0.450936 0.000000
vt 0.943510 0.451012 0.000000
vt 0.959829 0.432851 0.000000
vt 0.649003 0.778249 0.000000
vt 0.643396 0.782615 0.000000
vt 0.961031 0.438438 0.000000
vt 0.963679 0.442793 0.000000
vt 0.960642 0.428550 0.000000
vt 0.967735 0.445348 0.000000
vt 0.940140 0.482164 0.000000
vt 0.935689 0.483080 0.000000
vt 0.931541 0.474802 0.000000
vt 0.936215 0.474242 0.000000
vt 0.929748 0.484012 0.000000
vt 0.925420 0.475496 0.000000
vt 0.922220 0.466540 0.000000
vt 0.928387 0.466129 0.000000
vt 0.933163 0.465971 0.000000
vt 0.966600 0.475516 0.000000
vt 0.965402 0.471035 0.000000
vt 0.656348 0.773615 0.000000
vt 0.968664 0.470499 0.000000
vt 0.969658 0.476435 0.000000
vt 0.962760 0.466605 0.000000
vt 0.964669 0.464856 0.000000
vt 0.928659 0.462711 0.000000
vt 0.933311 0.462748 0.000000
vt 0.922597 0.462609 0.000000
vt 0.916997 0.484652 0.000000
vt 0.665123 0.775839 0.000000
vt 0.922875 0.484415 0.000000
vt 0.925814 0.486568 0.000000
vt 0.919857 0.486712 0.000000
vt 0.932694 0.486267 0.000000
vt 0.907755 0.485773 0.000000
vt 0.902588 0.487182 0.000000
vt 0.673203 0.778121 0.000000
vt 0.898014 0.478398 0.000000
vt 0.903595 0.477744 0.000000
vt 0.895028 0.489145 0.000000
vt 0.679438 0.779910 0.000000
vt 0.890438 0.479246 0.000000
vt 0.887381 0.468799 0.000000
vt 0.894804 0.469114 0.000000
vt 0.900640 0.469258 0.000000
vt 0.669853 0.782822 0.000000
vt 0.940802 0.465376 0.000000
vt 0.945667 0.465198 0.000000
vt 0.948334 0.472945 0.000000
vt 0.943627 0.473429 0.000000
vt 0.951797 0.465075 0.000000
vt 0.954240 0.472320 0.000000
vt 0.670793 0.785895 0.000000
vt 0.957899 0.479238 0.000000
vt 0.952189 0.480338 0.000000
vt 0.947583 0.481116 0.000000
vt 0.895553 0.465351 0.000000
vt 0.901261 0.465819 0.000000
vt 0.888481 0.464575 0.000000
vt 0.946361 0.462144 0.000000
vt 0.952604 0.462224 0.000000
vt 0.941368 0.462204 0.000000
vt 0.955057 0.482330 0.000000
vt 0.684717 0.788907 0.000000
vt 0.686978 0.789719 0.000000
vt 0.950410 0.483192 0.000000
vt 0.960740 0.481109 0.000000
vt 0.685126 0.787709 0.000000
vt 0.687039 0.788281 0.000000
vt 0.905932 0.489443 0.000000
vt 0.898529 0.491726 0.000000
vt 0.910747 0.487839 0.000000
vt 0.689345 0.787814 0.000000
vt 0.689345 0.789880 0.000000
vt 0.914037 0.485090 0.000000
vt 0.909914 0.477052 0.000000
vt 0.912938 0.476758 0.000000
vt 0.912453 0.485445 0.000000
vt 0.685970 0.785908 0.000000
vt 0.685826 0.785506 0.000000
vt 0.686281 0.785401 0.000000
vt 0.686351 0.785881 0.000000
vt 0.908241 0.477219 0.000000
vt 0.685758 0.785143 0.000000
vt 0.686201 0.785006 0.000000
vt 0.905176 0.468554 0.000000
vt 0.906925 0.468582 0.000000
vt 0.910010 0.468433 0.000000
vt 0.686631 0.785000 0.000000
vt 0.686726 0.785381 0.000000
vt 0.907441 0.465184 0.000000
vt 0.910540 0.465087 0.000000
vt 0.905683 0.465081 0.000000
vt 0.686725 0.785854 0.000000
vt 0.916924 0.487195 0.000000
vt 0.684888 0.777582 0.000000
vt 0.682676 0.780656 0.000000
vt 0.915386 0.487602 0.000000
vt 0.903589 0.468926 0.000000
vt 0.685671 0.778780 0.000000
vt 0.684594 0.780787 0.000000
vt 0.906570 0.477401 0.000000
vt 0.910701 0.485434 0.000000
vt 0.904130 0.465510 0.000000
vt 0.683260 0.783782 0.000000
vt 0.681544 0.784335 0.000000
vt 0.913613 0.487521 0.000000
vt 0.884902 0.491147 0.000000
vt 0.881479 0.480171 0.000000
vt 0.879672 0.468620 0.000000
vt 0.881521 0.463956 0.000000
vt 0.687442 0.778392 0.000000
vt 0.686869 0.780735 0.000000
vt 0.887902 0.494084 0.000000
vt 0.918663 0.476193 0.000000
vt 0.689345 0.778432 0.000000
vt 0.689345 0.780667 0.000000
vt 0.915601 0.467531 0.000000
vt 0.916115 0.464056 0.000000
vt 0.938396 0.485312 0.000000
vt 0.689345 0.783113 0.000000
vt 0.686108 0.782822 0.000000
vt 0.942613 0.484340 0.000000
vt 0.935615 0.465739 0.000000
vt 0.938630 0.473943 0.000000
vt 0.936924 0.465533 0.000000
vt 0.939915 0.473789 0.000000
vt 0.943891 0.481704 0.000000
vt 0.687109 0.776634 0.000000
vt 0.942540 0.481812 0.000000
vt 0.935805 0.462559 0.000000
vt 0.937239 0.462328 0.000000
vt 0.945194 0.481522 0.000000
vt 0.941201 0.473664 0.000000
vt 0.938270 0.465449 0.000000
vt 0.938710 0.462237 0.000000
vt 0.947942 0.483667 0.000000
vt 0.689345 0.776695 0.000000
vt 0.946528 0.483889 0.000000
vt 0.945037 0.483989 0.000000
vt 0.958124 0.465164 0.000000
vt 0.960261 0.471662 0.000000
vt 0.963599 0.477873 0.000000
vt 0.959011 0.462613 0.000000
vt 0.682565 0.787099 0.000000
vt 0.683550 0.786172 0.000000
vt 0.966311 0.479558 0.000000
vt 0.888817 0.509897 0.000000
vt 0.886622 0.501529 0.000000
vt 0.896377 0.500969 0.000000
vt 0.898176 0.509320 0.000000
vt 0.896289 0.532581 0.000000
vt 0.891213 0.523920 0.000000
vt 0.903991 0.519665 0.000000
vt 0.910314 0.526465 0.000000
vt 0.889920 0.517025 0.000000
vt 0.900614 0.514880 0.000000
vt 0.764579 0.460314 0.000000
vt 0.756198 0.442108 0.000000
vt 0.687783 0.784054 0.000000
vt 0.685872 0.783811 0.000000
vt 0.772884 0.476871 0.000000
vt 0.747091 0.423425 0.000000
vt 0.687225 0.784423 0.000000
vt 0.685935 0.784234 0.000000
vt 0.741623 0.406325 0.000000
vt 0.744160 0.392869 0.000000
vt 0.749765 0.386883 0.000000
vt 0.684814 0.784772 0.000000
vt 0.684209 0.784509 0.000000
vt 0.746782 0.378900 0.000000
vt 0.832747 0.526574 0.000000
vt 0.832461 0.535284 0.000000
vt 0.828236 0.515336 0.000000
vt 0.781762 0.490606 0.000000
vt 0.878445 0.500738 0.000000
vt 0.684251 0.785861 0.000000
vt 0.878956 0.509549 0.000000
vt 0.880552 0.500693 0.000000
vt 0.881434 0.509578 0.000000
vt 0.684799 0.785810 0.000000
vt 0.881859 0.527058 0.000000
vt 0.886552 0.536401 0.000000
vt 0.883924 0.526546 0.000000
vt 0.685522 0.786787 0.000000
vt 0.685351 0.787129 0.000000
vt 0.888744 0.536152 0.000000
vt 0.879094 0.517127 0.000000
vt 0.881679 0.517953 0.000000
vt 0.883940 0.509850 0.000000
vt 0.882368 0.501120 0.000000
vt 0.890544 0.535344 0.000000
vt 0.686863 0.787573 0.000000
vt 0.885783 0.525857 0.000000
vt 0.884259 0.517940 0.000000
vt 0.627964 0.384265 0.000000
vt 0.686614 0.787138 0.000000
vt 0.628668 0.395801 0.000000
vt 0.612347 0.393158 0.000000
vt 0.613709 0.381576 0.000000
vt 0.687535 0.786763 0.000000
vt 0.688128 0.787077 0.000000
vt 0.630612 0.408688 0.000000
vt 0.612119 0.404748 0.000000
vt 0.593186 0.401155 0.000000
vt 0.594395 0.390115 0.000000
vt 0.596798 0.378467 0.000000
vt 0.619164 0.493257 0.000000
vt 0.688485 0.785523 0.000000
vt 0.689345 0.785474 0.000000
vt 0.613429 0.505197 0.000000
vt 0.599245 0.500114 0.000000
vt 0.687749 0.785562 0.000000
vt 0.603764 0.489262 0.000000
vt 0.583040 0.494870 0.000000
vt 0.587236 0.485118 0.000000
vt 0.622399 0.469912 0.000000
vt 0.621154 0.480943 0.000000
vt 0.606088 0.477337 0.000000
vt 0.607586 0.466516 0.000000
vt 0.591195 0.474113 0.000000
vt 0.594080 0.464337 0.000000
vt 0.631038 0.450345 0.000000
vt 0.686878 0.784738 0.000000
vt 0.686065 0.784625 0.000000
vt 0.626478 0.460563 0.000000
vt 0.610606 0.456716 0.000000
vt 0.613619 0.445822 0.000000
vt 0.595546 0.454353 0.000000
vt 0.596040 0.442937 0.000000
vt 0.633002 0.429130 0.000000
vt 0.632877 0.439922 0.000000
vt 0.614424 0.435681 0.000000
vt 0.685349 0.784984 0.000000
vt 0.614003 0.425577 0.000000
vt 0.595730 0.432908 0.000000
vt 0.594897 0.423033 0.000000
vt 0.632198 0.418987 0.000000
vt 0.613028 0.415042 0.000000
vt 0.593763 0.411849 0.000000
vt 0.685328 0.785667 0.000000
vt 0.579092 0.388749 0.000000
vt 0.580856 0.378524 0.000000
vt 0.577868 0.398514 0.000000
vt 0.561725 0.397240 0.000000
vt 0.563740 0.388609 0.000000
vt 0.565457 0.379669 0.000000
vt 0.566905 0.491107 0.000000
vt 0.570178 0.481352 0.000000
vt 0.685773 0.786302 0.000000
vt 0.550566 0.488304 0.000000
vt 0.552368 0.477563 0.000000
vt 0.573594 0.471057 0.000000
vt 0.576264 0.461749 0.000000
vt 0.553503 0.467182 0.000000
vt 0.554045 0.457880 0.000000
vt 0.686452 0.786517 0.000000
vt 0.577444 0.451499 0.000000
vt 0.578053 0.439942 0.000000
vt 0.554785 0.447252 0.000000
vt 0.555678 0.435592 0.000000
vt 0.578286 0.430007 0.000000
vt 0.578147 0.420283 0.000000
vt 0.556565 0.426406 0.000000
vt 0.557829 0.417671 0.000000
vt 0.687035 0.786259 0.000000
vt 0.577772 0.409069 0.000000
vt 0.559734 0.407191 0.000000
vt 0.652024 0.398030 0.000000
vt 0.659354 0.415834 0.000000
vt 0.654029 0.415370 0.000000
vt 0.647523 0.396810 0.000000
vt 0.687189 0.785475 0.000000
vt 0.651122 0.378594 0.000000
vt 0.646640 0.378823 0.000000
vt 0.640417 0.520121 0.000000
vt 0.637462 0.515873 0.000000
vt 0.657418 0.513316 0.000000
vt 0.653090 0.508051 0.000000
vt 0.672613 0.503808 0.000000
vt 0.666252 0.497993 0.000000
vt 0.682350 0.492727 0.000000
vt 0.674005 0.488354 0.000000
vt 0.686440 0.482915 0.000000
vt 0.677689 0.480375 0.000000
vt 0.686950 0.472075 0.000000
vt 0.560083 0.235223 0.000000
vt 0.583822 0.218041 0.000000
vt 0.599762 0.238146 0.000000
vt 0.585756 0.246379 0.000000
vt 0.678211 0.470178 0.000000
vt 0.598340 0.211484 0.000000
vt 0.612222 0.230658 0.000000
vt 0.682750 0.459327 0.000000
vt 0.674592 0.457378 0.000000
vt 0.675010 0.445322 0.000000
vt 0.626468 0.243156 0.000000
vt 0.617159 0.250547 0.000000
vt 0.667863 0.443153 0.000000
vt 0.666246 0.430250 0.000000
vt 0.660620 0.429302 0.000000
vt 0.611430 0.257536 0.000000
vt 0.542274 0.397618 0.000000
vt 0.609457 0.205630 0.000000
vt 0.621590 0.224662 0.000000
vt 0.547149 0.388966 0.000000
vt 0.519780 0.398552 0.000000
vt 0.623023 0.199579 0.000000
vt 0.633185 0.218330 0.000000
vt 0.525955 0.389804 0.000000
vt 0.529664 0.379068 0.000000
vt 0.550518 0.379191 0.000000
vt 0.643403 0.231794 0.000000
vt 0.633730 0.237733 0.000000
vt 0.535893 0.486030 0.000000
vt 0.517323 0.482108 0.000000
vt 0.518556 0.469902 0.000000
vt 0.536550 0.474150 0.000000
vt 0.535350 0.462964 0.000000
vt 0.644885 0.192432 0.000000
vt 0.652323 0.209835 0.000000
vt 0.516884 0.458412 0.000000
vt 0.513047 0.449050 0.000000
vt 0.670382 0.185783 0.000000
vt 0.675143 0.201024 0.000000
vt 0.532822 0.453391 0.000000
vt 0.530538 0.442347 0.000000
vt 0.507919 0.439039 0.000000
vt 0.680245 0.212943 0.000000
vt 0.659945 0.222858 0.000000
vt 0.503706 0.427460 0.000000
vt 0.528835 0.430411 0.000000
vt 0.528642 0.422613 0.000000
vt 0.502478 0.420384 0.000000
vt 0.505020 0.414545 0.000000
vt 0.531015 0.415823 0.000000
vt 0.507877 0.599356 0.000000
vt 0.536314 0.406682 0.000000
vt 0.511838 0.406411 0.000000
vt 0.491786 0.400807 0.000000
vt 0.480683 0.596596 0.000000
vt 0.495212 0.393101 0.000000
vt 0.466527 0.403565 0.000000
vt 0.466465 0.397804 0.000000
vt 0.484691 0.563516 0.000000
vt 0.515795 0.570990 0.000000
vt 0.465751 0.391916 0.000000
vt 0.496519 0.384283 0.000000
vt 0.487543 0.471536 0.000000
vt 0.459229 0.457566 0.000000
vt 0.462559 0.450780 0.000000
vt 0.490549 0.461596 0.000000
vt 0.665820 0.572607 0.000000
vt 0.689948 0.569827 0.000000
vt 0.491027 0.451889 0.000000
vt 0.464799 0.444163 0.000000
vt 0.641931 0.579212 0.000000
vt 0.465920 0.438036 0.000000
vt 0.489213 0.443463 0.000000
vt 0.485363 0.435635 0.000000
vt 0.648862 0.546767 0.000000
vt 0.669460 0.539851 0.000000
vt 0.465810 0.432480 0.000000
vt 0.465483 0.426231 0.000000
vt 0.482204 0.426460 0.000000
vt 0.690057 0.532934 0.000000
vt 0.481213 0.419668 0.000000
vt 0.465333 0.419652 0.000000
vt 0.618537 0.587756 0.000000
vt 0.465477 0.413565 0.000000
vt 0.482655 0.413786 0.000000
vt 0.486850 0.407185 0.000000
vt 0.466033 0.408564 0.000000
vt 0.638183 0.380994 0.000000
vt 0.639906 0.395365 0.000000
vt 0.636786 0.395815 0.000000
vt 0.634887 0.382948 0.000000
vt 0.626625 0.556619 0.000000
vt 0.644463 0.412405 0.000000
vt 0.640444 0.410901 0.000000
vt 0.639731 0.498002 0.000000
vt 0.627899 0.508607 0.000000
vt 0.622131 0.507243 0.000000
vt 0.630909 0.495615 0.000000
vt 0.547469 0.660679 0.000000
vt 0.653876 0.480124 0.000000
vt 0.648691 0.487797 0.000000
vt 0.636497 0.484462 0.000000
vt 0.640067 0.475393 0.000000
vt 0.655282 0.462603 0.000000
vt 0.655397 0.472506 0.000000
vt 0.642560 0.467050 0.000000
vt 0.644476 0.457034 0.000000
vt 0.651357 0.437675 0.000000
vt 0.653699 0.450908 0.000000
vt 0.644684 0.445926 0.000000
vt 0.644093 0.433825 0.000000
vt 0.648327 0.425608 0.000000
vt 0.713948 0.178427 0.000000
vt 0.723308 0.177034 0.000000
vt 0.724010 0.185970 0.000000
vt 0.715620 0.188542 0.000000
vt 0.642805 0.422811 0.000000
vt 0.730938 0.176897 0.000000
vt 0.731122 0.184591 0.000000
vt 0.643482 0.395830 0.000000
vt 0.642233 0.379629 0.000000
vt 0.648977 0.414070 0.000000
vt 0.733034 0.192110 0.000000
vt 0.726121 0.194378 0.000000
vt 0.633125 0.511797 0.000000
vt 0.647007 0.502599 0.000000
vt 0.658005 0.492488 0.000000
vt 0.718059 0.197471 0.000000
vt 0.664234 0.484274 0.000000
vt 0.744840 0.177865 0.000000
vt 0.745119 0.182967 0.000000
vt 0.666824 0.476638 0.000000
vt 0.666928 0.466581 0.000000
vt 0.761839 0.179551 0.000000
vt 0.762560 0.181221 0.000000
vt 0.664281 0.454399 0.000000
vt 0.659691 0.440596 0.000000
vt 0.654488 0.427700 0.000000
vt 0.763281 0.182891 0.000000
vt 0.746455 0.187982 0.000000
vt 0.455523 0.409360 0.000000
vt 0.454487 0.404852 0.000000
vt 0.456231 0.413812 0.000000
vt 0.456519 0.419937 0.000000
vt 0.812781 0.154749 0.000000
vt 0.808457 0.139890 0.000000
vt 0.829834 0.129151 0.000000
vt 0.833720 0.147527 0.000000
vt 0.456372 0.426247 0.000000
vt 0.802562 0.122478 0.000000
vt 0.824614 0.107484 0.000000
vt 0.455734 0.431114 0.000000
vt 0.454520 0.435574 0.000000
vt 0.452520 0.440492 0.000000
vt 0.851079 0.094242 0.000000
vt 0.856197 0.119282 0.000000
vt 0.449984 0.445573 0.000000
vt 0.446923 0.450954 0.000000
vt 0.443965 0.455963 0.000000
vt 0.859947 0.140686 0.000000
vt 0.598904 0.058441 0.000000
vt 0.630802 0.073551 0.000000
vt 0.629699 0.101596 0.000000
vt 0.607022 0.097342 0.000000
vt 0.453330 0.399852 0.000000
vt 0.660729 0.086099 0.000000
vt 0.658860 0.110146 0.000000
vt 0.425907 0.238574 0.000000
vt 0.440411 0.238390 0.000000
vt 0.439749 0.250033 0.000000
vt 0.661561 0.139090 0.000000
vt 0.633549 0.135461 0.000000
vt 0.423217 0.249813 0.000000
vt 0.457604 0.238253 0.000000
vt 0.457956 0.250141 0.000000
vt 0.610447 0.134349 0.000000
vt 0.057097 0.336337 0.000000
vt 0.036865 0.329470 0.000000
vt 0.038012 0.324499 0.000000
vt 0.057691 0.333615 0.000000
vt 0.457238 0.261223 0.000000
vt 0.015323 0.317077 0.000000
vt 0.018333 0.315384 0.000000
vt 0.437970 0.261487 0.000000
vt 0.419074 0.262170 0.000000
vt 0.415732 0.347448 0.000000
vt 0.021343 0.313690 0.000000
vt 0.039815 0.322291 0.000000
vt 0.431591 0.346173 0.000000
vt 0.434167 0.357643 0.000000
vt 0.419318 0.360199 0.000000
vt 0.058286 0.330893 0.000000
vt 0.783410 0.091039 0.000000
vt 0.770648 0.123219 0.000000
vt 0.756212 0.125148 0.000000
vt 0.755971 0.102236 0.000000
vt 0.448586 0.344948 0.000000
vt 0.764630 0.148135 0.000000
vt 0.757058 0.148499 0.000000
vt 0.451034 0.355277 0.000000
vt 0.416580 0.323893 0.000000
vt 0.431757 0.323109 0.000000
vt 0.749865 0.151050 0.000000
vt 0.742120 0.132796 0.000000
vt 0.431362 0.334026 0.000000
vt 0.415900 0.334974 0.000000
vt 0.445437 0.323296 0.000000
vt 0.727851 0.110339 0.000000
vt 0.446588 0.333424 0.000000
vt 0.561563 0.179122 0.000000
vt 0.578266 0.180142 0.000000
vt 0.411452 0.303127 0.000000
vt 0.429391 0.301683 0.000000
vt 0.566374 0.135027 0.000000
vt 0.578926 0.138006 0.000000
vt 0.430476 0.312934 0.000000
vt 0.414177 0.313980 0.000000
vt 0.447205 0.301880 0.000000
vt 0.588415 0.137850 0.000000
vt 0.590981 0.177092 0.000000
vt 0.445717 0.313210 0.000000
vt 0.413185 0.281891 0.000000
vt 0.432513 0.281677 0.000000
vt 0.430351 0.291556 0.000000
vt 0.411442 0.292543 0.000000
vt 0.451771 0.282474 0.000000
vt 0.601581 0.173594 0.000000
vt 0.449243 0.292056 0.000000
vt 0.435294 0.271469 0.000000
vt 0.415731 0.272040 0.000000
vt 0.597162 0.135888 0.000000
vt 0.454821 0.271654 0.000000
vt 0.473293 0.241066 0.000000
vt 0.473263 0.251440 0.000000
vt 0.488212 0.244846 0.000000
vt 0.615612 0.170007 0.000000
vt 0.488406 0.253956 0.000000
vt 0.488900 0.262805 0.000000
vt 0.472781 0.261270 0.000000
vt 0.466037 0.344186 0.000000
vt 0.467575 0.354358 0.000000
vt 0.484234 0.343532 0.000000
vt 0.759576 0.162217 0.000000
vt 0.756281 0.163025 0.000000
vt 0.484152 0.354423 0.000000
vt 0.463431 0.323826 0.000000
vt 0.763234 0.162334 0.000000
vt 0.464453 0.333455 0.000000
vt 0.485983 0.323856 0.000000
vt 0.484909 0.333112 0.000000
vt 0.763920 0.170686 0.000000
vt 0.762929 0.171120 0.000000
vt 0.465438 0.302040 0.000000
vt 0.464040 0.313527 0.000000
vt 0.488227 0.301622 0.000000
vt 0.761938 0.171555 0.000000
vt 0.487092 0.313261 0.000000
vt 0.861717 0.153628 0.000000
vt 0.835763 0.158802 0.000000
vt 0.468744 0.282661 0.000000
vt 0.466925 0.292214 0.000000
vt 0.862719 0.162275 0.000000
vt 0.836995 0.166479 0.000000
vt 0.489206 0.283600 0.000000
vt 0.488941 0.292421 0.000000
vt 0.471051 0.271681 0.000000
vt 0.816184 0.170311 0.000000
vt 0.814979 0.163962 0.000000
vt 0.489141 0.272949 0.000000
vt 0.404078 0.228982 0.000000
vt 0.408452 0.229982 0.000000
vt 0.404471 0.247547 0.000000
vt 0.399827 0.247969 0.000000
vt 0.394854 0.264703 0.000000
vt 0.884639 0.111251 0.000000
vt 0.888930 0.135468 0.000000
vt 0.389528 0.264238 0.000000
vt 0.374583 0.360597 0.000000
vt 0.878401 0.083098 0.000000
vt 0.379756 0.356158 0.000000
vt 0.393801 0.366563 0.000000
vt 0.390155 0.370238 0.000000
vt 0.903335 0.074250 0.000000
vt 0.911735 0.103416 0.000000
vt 0.353583 0.336006 0.000000
vt 0.362559 0.333141 0.000000
vt 0.368530 0.343976 0.000000
vt 0.917553 0.129190 0.000000
vt 0.361259 0.348604 0.000000
vt 0.665628 0.164721 0.000000
vt 0.691664 0.165174 0.000000
vt 0.694854 0.181229 0.000000
vt 0.352621 0.314867 0.000000
vt 0.361557 0.314509 0.000000
vt 0.689572 0.145101 0.000000
vt 0.360309 0.324643 0.000000
vt 0.351249 0.325633 0.000000
vt 0.369008 0.290578 0.000000
vt 0.713028 0.151670 0.000000
vt 0.712599 0.166616 0.000000
vt 0.376423 0.289677 0.000000
vt 0.367335 0.302525 0.000000
vt 0.358962 0.303035 0.000000
vt 0.385952 0.277286 0.000000
vt 0.380247 0.277247 0.000000
vt 0.795655 0.105609 0.000000
vt 0.780891 0.128784 0.000000
vt 0.504685 0.257175 0.000000
vt 0.507992 0.266538 0.000000
vt 0.503056 0.246966 0.000000
vt 0.788484 0.138878 0.000000
vt 0.523616 0.250447 0.000000
vt 0.525414 0.261663 0.000000
vt 0.529984 0.271345 0.000000
vt 0.779581 0.153966 0.000000
vt 0.772325 0.149915 0.000000
vt 0.498996 0.354718 0.000000
vt 0.500402 0.342905 0.000000
vt 0.518860 0.341830 0.000000
vt 0.517964 0.354066 0.000000
vt 0.790343 0.167049 0.000000
vt 0.780784 0.172988 0.000000
vt 0.777528 0.168881 0.000000
vt 0.785837 0.160417 0.000000
vt 0.503518 0.332094 0.000000
vt 0.771537 0.179548 0.000000
vt 0.769630 0.176635 0.000000
vt 0.507662 0.323103 0.000000
vt 0.527889 0.322245 0.000000
vt 0.522492 0.330803 0.000000
vt 0.767724 0.173722 0.000000
vt 0.773058 0.165026 0.000000
vt 0.511820 0.312620 0.000000
vt 0.515561 0.301158 0.000000
vt 0.540821 0.302595 0.000000
vt 0.534670 0.313271 0.000000
vt 0.407203 0.106254 0.000000
vt 0.390679 0.114814 0.000000
vt 0.390393 0.100924 0.000000
vt 0.406674 0.094890 0.000000
vt 0.517098 0.293512 0.000000
vt 0.374155 0.123374 0.000000
vt 0.373232 0.106575 0.000000
vt 0.515934 0.286414 0.000000
vt 0.541759 0.289647 0.000000
vt 0.543253 0.295837 0.000000
vt 0.373214 0.090789 0.000000
vt 0.389698 0.087043 0.000000
vt 0.512295 0.276495 0.000000
vt 0.536448 0.280458 0.000000
vt 0.555124 0.270221 0.000000
vt 0.405143 0.082922 0.000000
vt 0.557167 0.278403 0.000000
vt 0.743307 0.155835 0.000000
vt 0.732911 0.144386 0.000000
vt 0.555360 0.261311 0.000000
vt 0.584346 0.274145 0.000000
vt 0.737698 0.162150 0.000000
vt 0.727375 0.156973 0.000000
vt 0.582625 0.279821 0.000000
vt 0.581568 0.285484 0.000000
vt 0.549122 0.348800 0.000000
vt 0.547880 0.338490 0.000000
vt 0.716690 0.132146 0.000000
vt 0.577318 0.332674 0.000000
vt 0.579425 0.339934 0.000000
vt 0.549096 0.328798 0.000000
vt 0.552330 0.320861 0.000000
vt 0.470622 0.015840 0.000000
vt 0.474614 0.010297 0.000000
vt 0.478270 0.013918 0.000000
vt 0.472361 0.020760 0.000000
vt 0.576209 0.319541 0.000000
vt 0.478605 0.004754 0.000000
vt 0.481870 0.008388 0.000000
vt 0.576255 0.325769 0.000000
vt 0.557474 0.313816 0.000000
vt 0.562172 0.305326 0.000000
vt 0.485135 0.012021 0.000000
vt 0.484552 0.019136 0.000000
vt 0.578680 0.307989 0.000000
vt 0.577278 0.314088 0.000000
vt 0.564321 0.298807 0.000000
vt 0.479122 0.026233 0.000000
vt 0.398497 0.057031 0.000000
vt 0.409177 0.052969 0.000000
vt 0.414238 0.066294 0.000000
vt 0.402023 0.069995 0.000000
vt 0.563917 0.292765 0.000000
vt 0.419856 0.048907 0.000000
vt 0.425711 0.060658 0.000000
vt 0.580875 0.295515 0.000000
vt 0.579965 0.301535 0.000000
vt 0.560926 0.285538 0.000000
vt 0.431366 0.072021 0.000000
vt 0.418692 0.078609 0.000000
vt 0.581191 0.290493 0.000000
vt 0.416407 0.233584 0.000000
vt 0.419315 0.236079 0.000000
vt 0.415219 0.248424 0.000000
vt 0.412224 0.247441 0.000000
vt 0.431545 0.043261 0.000000
vt 0.437319 0.051672 0.000000
vt 0.409007 0.262650 0.000000
vt 0.404789 0.263436 0.000000
vt 0.443233 0.037614 0.000000
vt 0.449286 0.040981 0.000000
vt 0.394653 0.348567 0.000000
vt 0.403755 0.347741 0.000000
vt 0.410393 0.360711 0.000000
vt 0.456895 0.048334 0.000000
vt 0.444189 0.061078 0.000000
vt 0.404476 0.361058 0.000000
vt 0.383809 0.328512 0.000000
vt 0.398230 0.326239 0.000000
vt 0.400178 0.335789 0.000000
vt 0.387591 0.336966 0.000000
vt 0.761319 0.173213 0.000000
vt 0.752591 0.165076 0.000000
vt 0.385453 0.311011 0.000000
vt 0.397060 0.307393 0.000000
vt 0.760700 0.174871 0.000000
vt 0.749082 0.168342 0.000000
vt 0.397215 0.317590 0.000000
vt 0.383628 0.320746 0.000000
vt 0.393628 0.287135 0.000000
vt 0.401449 0.284598 0.000000
vt 0.398775 0.296415 0.000000
vt 0.389034 0.299764 0.000000
vt 0.404622 0.273973 0.000000
vt 0.398700 0.275773 0.000000
vt 0.412654 0.231539 0.000000
vt 0.408621 0.247280 0.000000
vt 0.576487 0.060019 0.000000
vt 0.564190 0.051072 0.000000
vt 0.579412 0.037230 0.000000
vt 0.400055 0.264296 0.000000
vt 0.559985 0.071582 0.000000
vt 0.546726 0.067237 0.000000
vt 0.386691 0.351839 0.000000
vt 0.398776 0.363298 0.000000
vt 0.372888 0.330809 0.000000
vt 0.535978 0.063827 0.000000
vt 0.548752 0.041949 0.000000
vt 0.377605 0.339978 0.000000
vt 0.373293 0.312916 0.000000
vt 0.371658 0.322841 0.000000
vt 0.561525 0.020072 0.000000
vt 0.478888 0.107204 0.000000
vt 0.501567 0.116151 0.000000
vt 0.474804 0.157759 0.000000
vt 0.436099 0.157656 0.000000
vt 0.384915 0.288571 0.000000
vt 0.526405 0.119887 0.000000
vt 0.510206 0.160975 0.000000
vt 0.378007 0.301373 0.000000
vt 0.392270 0.276767 0.000000
vt 0.589939 0.297356 0.000000
vt 0.500138 0.203537 0.000000
vt 0.446724 0.205823 0.000000
vt 0.591406 0.293093 0.000000
vt 0.593205 0.288832 0.000000
vt 0.587651 0.309579 0.000000
vt 0.393310 0.208108 0.000000
vt 0.588598 0.303338 0.000000
vt 0.587864 0.319086 0.000000
vt 0.818564 0.086334 0.000000
vt 0.845208 0.070388 0.000000
vt 0.587439 0.314484 0.000000
vt 0.590604 0.329719 0.000000
vt 0.588984 0.324276 0.000000
vt 0.594737 0.340992 0.000000
vt 0.592689 0.335548 0.000000
vt 0.595208 0.284107 0.000000
vt 0.812458 0.069185 0.000000
vt 0.838930 0.051178 0.000000
vt 0.638619 0.166690 0.000000
vt 0.871178 0.057200 0.000000
vt 0.894359 0.048286 0.000000
vt 0.863627 0.036076 0.000000
vt 0.886790 0.019539 0.000000
vt 0.689932 0.120531 0.000000
vt 0.693273 0.099020 0.000000
vt 0.794969 0.150532 0.000000
vt 0.799666 0.161113 0.000000
vt 0.768010 0.163057 0.000000
vt 0.765822 0.172204 0.000000
vt 0.374027 0.061607 0.000000
vt 0.373467 0.076041 0.000000
vt 0.358613 0.078790 0.000000
vt 0.361100 0.064713 0.000000
vt 0.356551 0.093983 0.000000
vt 0.342183 0.096390 0.000000
vt 0.345130 0.081199 0.000000
vt 0.348172 0.067820 0.000000
vt 0.724302 0.167611 0.000000
vt 0.733353 0.169294 0.000000
vt 0.484899 0.079594 0.000000
vt 0.468620 0.061038 0.000000
vt 0.481575 0.047676 0.000000
vt 0.496411 0.061621 0.000000
vt 0.469221 0.036343 0.000000
vt 0.491075 0.035482 0.000000
vt 0.507923 0.043648 0.000000
vt 0.746329 0.172797 0.000000
vt 0.761269 0.177211 0.000000
vt 0.970971 0.107241 0.000000
vt 0.942702 0.119167 0.000000
vt 0.934058 0.094137 0.000000
vt 0.953994 0.084136 0.000000
vt 0.922636 0.067894 0.000000
vt 0.937016 0.061031 0.000000
vt 0.581637 0.105191 0.000000
vt 0.588913 0.104126 0.000000
vt 0.572133 0.102877 0.000000
vt 0.575760 0.086598 0.000000
vt 0.583721 0.081970 0.000000
vt 0.588760 0.085385 0.000000
vt 0.595401 0.099847 0.000000
vt 0.591960 0.074435 0.000000
vt 0.570382 0.077704 0.000000
vt 0.558962 0.097020 0.000000
vt 0.543144 0.090814 0.000000
vt 0.548437 0.127583 0.000000
vt 0.525696 0.087453 0.000000
vt 0.507433 0.085515 0.000000
vt 0.582501 0.068615 0.000000
vt 0.530110 0.219380 0.000000
vt 0.539001 0.170414 0.000000
vt 0.912634 0.045164 0.000000
vt 0.928455 0.044938 0.000000
vt 0.903342 0.024192 0.000000
vt 0.919894 0.028845 0.000000
vt 0.648612 0.831134 0.000000
vt 0.650693 0.831531 0.000000
vt 0.052583 0.345029 0.000000
vt 0.037027 0.339965 0.000000
vt 0.050081 0.358306 0.000000
vt 0.037109 0.354944 0.000000
vt 0.025169 0.350186 0.000000
vt 0.020246 0.333632 0.000000
vt 0.173718 0.351477 0.000000
vt 0.169216 0.368161 0.000000
vt 0.157840 0.362249 0.000000
vt 0.161615 0.348835 0.000000
vt 0.164714 0.384846 0.000000
vt 0.153095 0.377084 0.000000
vt 0.141996 0.369437 0.000000
vt 0.146282 0.356356 0.000000
vt 0.149513 0.346193 0.000000
vt 0.134364 0.350501 0.000000
vt 0.137798 0.340088 0.000000
vt 0.130277 0.363290 0.000000
vt 0.118839 0.359344 0.000000
vt 0.122698 0.346134 0.000000
vt 0.126084 0.333983 0.000000
vt 0.111899 0.344705 0.000000
vt 0.114668 0.333387 0.000000
vt 0.108585 0.358298 0.000000
vt 0.098196 0.359149 0.000000
vt 0.101129 0.345243 0.000000
vt 0.103251 0.332791 0.000000
vt 0.089552 0.346778 0.000000
vt 0.092289 0.334433 0.000000
vt 0.086356 0.360892 0.000000
vt 0.074024 0.361986 0.000000
vt 0.077597 0.347988 0.000000
vt 0.081327 0.336075 0.000000
vt 0.065690 0.347555 0.000000
vt 0.069212 0.336206 0.000000
vt 0.062159 0.360889 0.000000
vt 0.893081 0.344393 0.000000
vt 0.890313 0.335761 0.000000
vt 0.898487 0.336372 0.000000
vt 0.900820 0.346478 0.000000
vt 0.887545 0.327130 0.000000
vt 0.897468 0.325730 0.000000
vt 0.905593 0.324979 0.000000
vt 0.906344 0.336395 0.000000
vt 0.908559 0.348564 0.000000
vt 0.890573 0.315957 0.000000
vt 0.899074 0.314014 0.000000
vt 0.893601 0.304784 0.000000
vt 0.901993 0.301763 0.000000
vt 0.910385 0.298741 0.000000
vt 0.906969 0.312775 0.000000
vt 0.920838 0.343574 0.000000
vt 0.922329 0.334303 0.000000
vt 0.934810 0.334965 0.000000
vt 0.937320 0.345741 0.000000
vt 0.921512 0.324000 0.000000
vt 0.932830 0.324661 0.000000
vt 0.945354 0.325532 0.000000
vt 0.947919 0.335685 0.000000
vt 0.953802 0.347908 0.000000
vt 0.921252 0.313966 0.000000
vt 0.931910 0.315300 0.000000
vt 0.919347 0.304193 0.000000
vt 0.931521 0.306411 0.000000
vt 0.943695 0.308630 0.000000
vt 0.943982 0.316627 0.000000
vt 0.958566 0.334918 0.000000
vt 0.959398 0.344293 0.000000
vt 0.957466 0.325907 0.000000
vt 0.970971 0.326134 0.000000
vt 0.967983 0.333407 0.000000
vt 0.964995 0.340679 0.000000
vt 0.955827 0.317627 0.000000
vt 0.953919 0.309711 0.000000
vt 0.964143 0.310793 0.000000
vt 0.967557 0.318464 0.000000
vt 0.374680 0.523771 0.000000
vt 0.375488 0.519159 0.000000
vt 0.381565 0.522385 0.000000
vt 0.378115 0.527312 0.000000
vt 0.377592 0.513079 0.000000
vt 0.385052 0.516807 0.000000
vt 0.392881 0.522898 0.000000
vt 0.388162 0.527701 0.000000
vt 0.383812 0.532229 0.000000
vt 0.394939 0.534357 0.000000
vt 0.389892 0.537724 0.000000
vt 0.400536 0.530833 0.000000
vt 0.406062 0.538603 0.000000
vt 0.399876 0.540768 0.000000
vt 0.394629 0.541304 0.000000
vt 0.384316 0.499094 0.000000
vt 0.394224 0.487169 0.000000
vt 0.403623 0.494062 0.000000
vt 0.394018 0.504518 0.000000
vt 0.405981 0.473124 0.000000
vt 0.413049 0.484486 0.000000
vt 0.420432 0.492852 0.000000
vt 0.412180 0.502151 0.000000
vt 0.403393 0.511973 0.000000
vt 0.420328 0.510134 0.000000
vt 0.411160 0.520755 0.000000
vt 0.428859 0.499810 0.000000
vt 0.439602 0.506160 0.000000
vt 0.426603 0.518818 0.000000
vt 0.416667 0.529699 0.000000
vt 0.358727 0.531722 0.000000
vt 0.363397 0.528944 0.000000
vt 0.368016 0.536103 0.000000
vt 0.364574 0.538914 0.000000
vt 0.367336 0.526752 0.000000
vt 0.371423 0.533344 0.000000
vt 0.377334 0.539416 0.000000
vt 0.374374 0.542693 0.000000
vt 0.370420 0.546107 0.000000
vt 0.382546 0.548523 0.000000
vt 0.380340 0.552536 0.000000
vt 0.384719 0.544664 0.000000
vt 0.392675 0.548268 0.000000
vt 0.391452 0.552677 0.000000
vt 0.390261 0.558965 0.000000
vt 0.400014 0.554240 0.000000
vt 0.399920 0.559461 0.000000
vt 0.400297 0.549408 0.000000
vt 0.407259 0.548975 0.000000
vt 0.407723 0.554284 0.000000
vt 0.409578 0.559957 0.000000
vt 0.420599 0.560165 0.000000
vt 0.421433 0.552448 0.000000
vt 0.432186 0.549412 0.000000
vt 0.433557 0.558871 0.000000
vt 0.420376 0.545062 0.000000
vt 0.430839 0.539581 0.000000
vt 0.442936 0.534042 0.000000
vt 0.444364 0.546080 0.000000
vt 0.446515 0.557577 0.000000
vt 0.456002 0.543760 0.000000
vt 0.457143 0.555844 0.000000
vt 0.454978 0.531069 0.000000
vt 0.466437 0.529618 0.000000
vt 0.466952 0.542258 0.000000
vt 0.467770 0.554112 0.000000
vt 0.477069 0.541380 0.000000
vt 0.476836 0.553965 0.000000
vt 0.476786 0.528644 0.000000
vt 0.487636 0.527812 0.000000
vt 0.486770 0.540815 0.000000
vt 0.485903 0.553818 0.000000
vt 0.352489 0.427021 0.000000
vt 0.366183 0.425166 0.000000
vt 0.366768 0.434950 0.000000
vt 0.353228 0.435876 0.000000
vt 0.379879 0.423312 0.000000
vt 0.380442 0.434714 0.000000
vt 0.380543 0.444768 0.000000
vt 0.367095 0.444295 0.000000
vt 0.353968 0.444732 0.000000
vt 0.366909 0.452762 0.000000
vt 0.354134 0.452381 0.000000
vt 0.380099 0.453946 0.000000
vt 0.377865 0.464914 0.000000
vt 0.365546 0.463418 0.000000
vt 0.354300 0.460030 0.000000
vt 0.362346 0.479332 0.000000
vt 0.352452 0.479044 0.000000
vt 0.372595 0.480335 0.000000
vt 0.367352 0.495453 0.000000
vt 0.359270 0.495215 0.000000
vt 0.350603 0.498059 0.000000
vt 0.358277 0.505779 0.000000
vt 0.351348 0.506185 0.000000
vt 0.365199 0.505508 0.000000
vt 0.364949 0.512879 0.000000
vt 0.358845 0.513640 0.000000
vt 0.352092 0.514310 0.000000
vt 0.374762 0.530689 0.000000
vt 0.380341 0.536031 0.000000
vt 0.371076 0.524974 0.000000
vt 0.386826 0.541112 0.000000
vt 0.393828 0.544647 0.000000
vt 0.413234 0.547859 0.000000
vt 0.412762 0.542166 0.000000
vt 0.419263 0.537640 0.000000
vt 0.407504 0.544199 0.000000
vt 0.410739 0.535604 0.000000
vt 0.429542 0.529009 0.000000
vt 0.441788 0.520707 0.000000
vt 0.454187 0.517169 0.000000
vt 0.465746 0.516199 0.000000
vt 0.453798 0.505530 0.000000
vt 0.465191 0.505102 0.000000
vt 0.475470 0.515604 0.000000
vt 0.484276 0.515195 0.000000
vt 0.474112 0.505014 0.000000
vt 0.480915 0.502578 0.000000
vt 0.394386 0.435858 0.000000
vt 0.394347 0.446456 0.000000
vt 0.394331 0.425101 0.000000
vt 0.408783 0.426890 0.000000
vt 0.405676 0.437230 0.000000
vt 0.405600 0.448146 0.000000
vt 0.394121 0.456737 0.000000
vt 0.391319 0.468307 0.000000
vt 0.405713 0.459331 0.000000
vt 0.383551 0.482771 0.000000
vt 0.375564 0.496409 0.000000
vt 0.365420 0.519945 0.000000
vt 0.370270 0.518771 0.000000
vt 0.371045 0.512231 0.000000
vt 0.413379 0.470725 0.000000
vt 0.418015 0.480166 0.000000
vt 0.416236 0.469829 0.000000
vt 0.420583 0.478511 0.000000
vt 0.426877 0.485725 0.000000
vt 0.424760 0.488124 0.000000
vt 0.432855 0.494478 0.000000
vt 0.434349 0.491738 0.000000
vt 0.443312 0.495585 0.000000
vt 0.442520 0.498541 0.000000
vt 0.453977 0.499626 0.000000
vt 0.454083 0.496578 0.000000
vt 0.464750 0.496410 0.000000
vt 0.465085 0.499425 0.000000
vt 0.473703 0.499628 0.000000
vt 0.473399 0.496821 0.000000
vt 0.481234 0.497490 0.000000
vt 0.481075 0.500034 0.000000
vt 0.411495 0.426913 0.000000
vt 0.411390 0.437677 0.000000
vt 0.414208 0.426937 0.000000
vt 0.414250 0.437445 0.000000
vt 0.414380 0.448347 0.000000
vt 0.411394 0.448621 0.000000
vt 0.411614 0.459923 0.000000
vt 0.414605 0.459458 0.000000
vt 0.913566 0.335242 0.000000
vt 0.914699 0.346069 0.000000
vt 0.913020 0.324254 0.000000
vt 0.913650 0.312942 0.000000
vt 0.914866 0.301467 0.000000
vt 0.388516 0.511475 0.000000
vt 0.397459 0.518272 0.000000
vt 0.379653 0.507061 0.000000
vt 0.405253 0.526977 0.000000
vt 0.414070 0.553879 0.000000
vt 0.415089 0.560061 0.000000
vt 0.360446 0.521409 0.000000
vt 0.355409 0.523016 0.000000
vt 0.400957 0.545351 0.000000
vt 0.372102 0.505503 0.000000
vt 0.422813 0.476931 0.000000
vt 0.428494 0.483410 0.000000
vt 0.418936 0.468957 0.000000
vt 0.420546 0.469376 0.000000
vt 0.424875 0.475389 0.000000
vt 0.429204 0.481403 0.000000
vt 0.435374 0.489001 0.000000
vt 0.443639 0.492701 0.000000
vt 0.436165 0.486359 0.000000
vt 0.443126 0.491315 0.000000
vt 0.453475 0.493507 0.000000
vt 0.463507 0.493302 0.000000
vt 0.452510 0.490424 0.000000
vt 0.461895 0.489533 0.000000
vt 0.472359 0.493969 0.000000
vt 0.480619 0.495073 0.000000
vt 0.470950 0.491095 0.000000
vt 0.480004 0.492656 0.000000
vt 0.416979 0.436779 0.000000
vt 0.417213 0.447793 0.000000
vt 0.416754 0.425802 0.000000
vt 0.419300 0.424667 0.000000
vt 0.419642 0.435895 0.000000
vt 0.419984 0.447124 0.000000
vt 0.417467 0.458882 0.000000
vt 0.420265 0.458250 0.000000
vt 0.030069 0.562340 0.000000
vt 0.025840 0.561145 0.000000
vt 0.029600 0.537832 0.000000
vt 0.033436 0.539151 0.000000
vt 0.020879 0.559534 0.000000
vt 0.024412 0.534882 0.000000
vt 0.028477 0.505829 0.000000
vt 0.034008 0.510324 0.000000
vt 0.037955 0.512108 0.000000
vt 0.038950 0.564353 0.000000
vt 0.034172 0.563412 0.000000
vt 0.037297 0.539848 0.000000
vt 0.042701 0.539844 0.000000
vt 0.042233 0.512591 0.000000
vt 0.048740 0.511681 0.000000
vt 0.052165 0.566264 0.000000
vt 0.045203 0.565153 0.000000
vt 0.051166 0.539061 0.000000
vt 0.060886 0.538587 0.000000
vt 0.059381 0.509287 0.000000
vt 0.071471 0.507199 0.000000
vt 0.065931 0.570615 0.000000
vt 0.059071 0.568141 0.000000
vt 0.070056 0.539508 0.000000
vt 0.079129 0.541888 0.000000
vt 0.082323 0.507208 0.000000
vt 0.092875 0.509369 0.000000
vt 0.074844 0.582605 0.000000
vt 0.072754 0.573521 0.000000
vt 0.088560 0.545789 0.000000
vt 0.098169 0.550451 0.000000
vt 0.104061 0.513736 0.000000
vt 0.121494 0.518297 0.000000
vt 0.014583 0.557215 0.000000
vt 0.016497 0.529292 0.000000
vt 0.008159 0.562172 0.000000
vt 0.007216 0.522382 0.000000
vt 0.006274 0.482593 0.000000
vt 0.019450 0.497215 0.000000
vt 0.060751 0.422606 0.000000
vt 0.052294 0.422119 0.000000
vt 0.053857 0.410397 0.000000
vt 0.063404 0.410973 0.000000
vt 0.043481 0.423427 0.000000
vt 0.044034 0.410641 0.000000
vt 0.044895 0.394420 0.000000
vt 0.055641 0.395892 0.000000
vt 0.066510 0.396851 0.000000
vt 0.076848 0.430647 0.000000
vt 0.068828 0.425526 0.000000
vt 0.072796 0.412450 0.000000
vt 0.082160 0.415300 0.000000
vt 0.077590 0.396733 0.000000
vt 0.088427 0.396606 0.000000
vt 0.090632 0.453116 0.000000
vt 0.085131 0.437738 0.000000
vt 0.091622 0.419991 0.000000
vt 0.100906 0.424956 0.000000
vt 0.098563 0.397539 0.000000
vt 0.108335 0.399569 0.000000
vt 0.108914 0.457993 0.000000
vt 0.100776 0.455527 0.000000
vt 0.109736 0.428627 0.000000
vt 0.118257 0.432224 0.000000
vt 0.118074 0.402738 0.000000
vt 0.127826 0.407637 0.000000
vt 0.120707 0.461268 0.000000
vt 0.116715 0.460749 0.000000
vt 0.126612 0.436969 0.000000
vt 0.134886 0.442288 0.000000
vt 0.137637 0.414860 0.000000
vt 0.149065 0.423308 0.000000
vt 0.034337 0.425891 0.000000
vt 0.033811 0.411625 0.000000
vt 0.023590 0.434613 0.000000
vt 0.023388 0.412978 0.000000
vt 0.023185 0.391344 0.000000
vt 0.034181 0.393001 0.000000
vt 0.049428 0.465031 0.000000
vt 0.042287 0.461566 0.000000
vt 0.045072 0.448392 0.000000
vt 0.053296 0.451462 0.000000
vt 0.035630 0.456203 0.000000
vt 0.038003 0.444852 0.000000
vt 0.039416 0.438084 0.000000
vt 0.047422 0.439778 0.000000
vt 0.056074 0.441891 0.000000
vt 0.066617 0.465686 0.000000
vt 0.057439 0.466308 0.000000
vt 0.062133 0.453495 0.000000
vt 0.070805 0.454556 0.000000
vt 0.064895 0.444641 0.000000
vt 0.073563 0.447606 0.000000
vt 0.077260 0.463451 0.000000
vt 0.078534 0.454712 0.000000
vt 0.081756 0.450363 0.000000
vt 0.029069 0.449233 0.000000
vt 0.032633 0.441407 0.000000
vt 0.032531 0.436589 0.000000
vt 0.049989 0.431467 0.000000
vt 0.042088 0.431668 0.000000
vt 0.058434 0.432592 0.000000
vt 0.066661 0.435787 0.000000
vt 0.074272 0.440134 0.000000
vt 0.080869 0.444717 0.000000
vt 0.035488 0.432455 0.000000
vt 0.038418 0.483556 0.000000
vt 0.043800 0.486324 0.000000
vt 0.032335 0.478065 0.000000
vt 0.049876 0.487043 0.000000
vt 0.057987 0.485845 0.000000
vt 0.069478 0.482863 0.000000
vt 0.081724 0.480327 0.000000
vt 0.092101 0.480467 0.000000
vt 0.101628 0.482556 0.000000
vt 0.111323 0.485864 0.000000
vt 0.121100 0.489783 0.000000
vt 0.024157 0.469182 0.000000
vt 0.014932 0.458603 0.000000
vt 0.035720 0.373365 0.000000
vt 0.024177 0.370765 0.000000
vt 0.047214 0.375873 0.000000
vt 0.146412 0.394760 0.000000
vt 0.135792 0.386619 0.000000
vt 0.156890 0.404077 0.000000
vt 0.124884 0.380831 0.000000
vt 0.114182 0.377427 0.000000
vt 0.104179 0.376442 0.000000
vt 0.093867 0.377079 0.000000
vt 0.082239 0.378545 0.000000
vt 0.070189 0.379398 0.000000
vt 0.058609 0.378195 0.000000
vt 0.388184 0.073177 0.000000
vt 0.386263 0.059319 0.000000
vt 0.496082 0.027549 0.000000
vt 0.498843 0.021747 0.000000
vt 0.512551 0.031473 0.000000
vt 0.510237 0.037560 0.000000
vt 0.421929 0.088905 0.000000
vt 0.437130 0.081816 0.000000
vt 0.441914 0.090128 0.000000
vt 0.424559 0.098191 0.000000
vt 0.453250 0.072472 0.000000
vt 0.463407 0.084861 0.000000
vt 0.355337 0.111410 0.000000
vt 0.340181 0.114780 0.000000
vt 0.354547 0.129954 0.000000
vt 0.334939 0.136535 0.000000
vt 0.461833 0.030229 0.000000
vt 0.456928 0.026727 0.000000
vt 0.755272 0.089832 0.000000
vt 0.780926 0.077229 0.000000
vt 0.728780 0.094429 0.000000
vt 0.807069 0.059519 0.000000
vt 0.832596 0.040067 0.000000
vt 0.856402 0.022244 0.000000
vt 0.879348 0.005235 0.000000
vt 0.593709 0.023983 0.000000
vt 0.613974 0.042549 0.000000
vt 0.576619 0.004754 0.000000
vt 0.640589 0.059786 0.000000
vt 0.670367 0.075157 0.000000
vt 0.700121 0.088121 0.000000
vt 0.966068 0.153697 0.000000
vt 0.943277 0.153883 0.000000
vt 0.944370 0.138257 0.000000
vt 0.968520 0.130469 0.000000
vt 0.918412 0.155566 0.000000
vt 0.918780 0.144976 0.000000
vt 0.890708 0.158500 0.000000
vt 0.890309 0.149559 0.000000
vt 0.802937 0.172973 0.000000
vt 0.801894 0.167984 0.000000
vt 0.793139 0.175203 0.000000
vt 0.792351 0.171644 0.000000
vt 0.782675 0.177740 0.000000
vt 0.782189 0.175713 0.000000
vt 0.771898 0.180428 0.000000
vt 0.771716 0.180018 0.000000
vt 0.701192 0.204070 0.000000
vt 0.697787 0.193743 0.000000
vt 0.325279 0.098217 0.000000
vt 0.325279 0.083833 0.000000
vt 0.334524 0.083044 0.000000
vt 0.332587 0.097775 0.000000
vt 0.325279 0.072334 0.000000
vt 0.336755 0.070077 0.000000
vt 0.325433 0.135568 0.000000
vt 0.325404 0.116132 0.000000
vt 0.331239 0.116031 0.000000
vt 0.330186 0.136051 0.000000
vt 0.017413 0.583666 0.000000
vt 0.018616 0.574098 0.000000
vt 0.023372 0.575329 0.000000
vt 0.021552 0.584949 0.000000
vt 0.027682 0.576564 0.000000
vt 0.025691 0.586232 0.000000
vt 0.031962 0.577885 0.000000
vt 0.030208 0.587811 0.000000
vt 0.036570 0.579227 0.000000
vt 0.034725 0.589390 0.000000
vt 0.041867 0.580527 0.000000
vt 0.039843 0.590544 0.000000
vt 0.047506 0.582005 0.000000
vt 0.044961 0.591697 0.000000
vt 0.053143 0.583878 0.000000
vt 0.049743 0.593167 0.000000
vt 0.058820 0.586052 0.000000
vt 0.054525 0.594637 0.000000
vt 0.064581 0.588431 0.000000
vt 0.060224 0.596929 0.000000
vt 0.070384 0.590913 0.000000
vt 0.065924 0.599221 0.000000
vt 0.005730 0.580699 0.000000
vt 0.006944 0.571436 0.000000
vt 0.012996 0.572786 0.000000
vt 0.011571 0.582183 0.000000
vt 0.746373 0.881322 0.000000
vt 0.743186 0.871101 0.000000
vt 0.752732 0.866695 0.000000
vt 0.756768 0.875058 0.000000
vt 0.742018 0.862782 0.000000
vt 0.750219 0.859870 0.000000
vt 0.757425 0.855430 0.000000
vt 0.760977 0.860715 0.000000
vt 0.765702 0.867333 0.000000
vt 0.767284 0.854491 0.000000
vt 0.772671 0.859418 0.000000
vt 0.762953 0.850544 0.000000
vt 0.766972 0.845090 0.000000
vt 0.771699 0.847737 0.000000
vt 0.777501 0.850983 0.000000
vt 0.774273 0.840167 0.000000
vt 0.780020 0.841698 0.000000
vt 0.769650 0.838945 0.000000
vt 0.770963 0.832826 0.000000
vt 0.775354 0.832790 0.000000
vt 0.780896 0.832827 0.000000
vt 0.779218 0.819211 0.000000
vt 0.773803 0.821031 0.000000
vt 0.770620 0.815414 0.000000
vt 0.775662 0.812653 0.000000
vt 0.769391 0.822476 0.000000
vt 0.766454 0.817550 0.000000
vt 0.761786 0.812980 0.000000
vt 0.765446 0.810109 0.000000
vt 0.769806 0.806451 0.000000
vt 0.757988 0.805461 0.000000
vt 0.761331 0.801097 0.000000
vt 0.755100 0.809071 0.000000
vt 0.747001 0.806660 0.000000
vt 0.748909 0.802417 0.000000
vt 0.750993 0.797592 0.000000
vt 0.738868 0.801928 0.000000
vt 0.739552 0.796936 0.000000
vt 0.738091 0.806585 0.000000
vt 0.729100 0.808343 0.000000
vt 0.728586 0.803384 0.000000
vt 0.727855 0.798312 0.000000
vt 0.718786 0.806178 0.000000
vt 0.716753 0.800905 0.000000
vt 0.720758 0.811430 0.000000
vt 0.713392 0.815072 0.000000
vt 0.710311 0.809762 0.000000
vt 0.707490 0.804362 0.000000
vt 0.704006 0.813590 0.000000
vt 0.701310 0.808329 0.000000
vt 0.707333 0.818496 0.000000
vt 0.703296 0.822867 0.000000
vt 0.700020 0.819078 0.000000
vt 0.696615 0.813888 0.000000
vt 0.698501 0.827641 0.000000
vt 0.695404 0.826139 0.000000
vt 0.701997 0.829357 0.000000
vt 0.703314 0.836884 0.000000
vt 0.699530 0.837562 0.000000
vt 0.695976 0.838062 0.000000
vt 0.703184 0.847124 0.000000
vt 0.698860 0.849420 0.000000
vt 0.707129 0.844367 0.000000
vt 0.712507 0.851244 0.000000
vt 0.708696 0.856179 0.000000
vt 0.703587 0.860577 0.000000
vt 0.715294 0.864578 0.000000
vt 0.709684 0.871895 0.000000
vt 0.718513 0.856950 0.000000
vt 0.725421 0.861042 0.000000
vt 0.723285 0.870619 0.000000
vt 0.720312 0.885036 0.000000
vt 0.732976 0.872601 0.000000
vt 0.735020 0.884852 0.000000
vt 0.733504 0.863079 0.000000
vt 0.692299 0.825630 0.000000
vt 0.692525 0.814496 0.000000
vt 0.692535 0.838297 0.000000
vt 0.694097 0.850394 0.000000
vt 0.696761 0.862658 0.000000
vt 0.700302 0.875826 0.000000
vt 0.706582 0.891344 0.000000
vt 0.748134 0.847079 0.000000
vt 0.743330 0.848628 0.000000
vt 0.742735 0.847488 0.000000
vt 0.747186 0.846299 0.000000
vt 0.738271 0.849005 0.000000
vt 0.738069 0.847528 0.000000
vt 0.738017 0.845769 0.000000
vt 0.742375 0.845933 0.000000
vt 0.746519 0.844992 0.000000
vt 0.755272 0.841272 0.000000
vt 0.752109 0.844673 0.000000
vt 0.750808 0.844055 0.000000
vt 0.753657 0.840882 0.000000
vt 0.749831 0.842925 0.000000
vt 0.752377 0.840086 0.000000
vt 0.759106 0.832063 0.000000
vt 0.757636 0.836740 0.000000
vt 0.755787 0.836905 0.000000
vt 0.757068 0.833480 0.000000
vt 0.754223 0.836830 0.000000
vt 0.755325 0.834014 0.000000
vt 0.752527 0.821709 0.000000
vt 0.756113 0.824787 0.000000
vt 0.754318 0.825314 0.000000
vt 0.751154 0.822658 0.000000
vt 0.758682 0.828154 0.000000
vt 0.756338 0.827664 0.000000
vt 0.754433 0.827814 0.000000
vt 0.752717 0.825776 0.000000
vt 0.749971 0.823543 0.000000
vt 0.742748 0.818235 0.000000
vt 0.748065 0.819316 0.000000
vt 0.747118 0.820469 0.000000
vt 0.742242 0.819487 0.000000
vt 0.746263 0.821671 0.000000
vt 0.741702 0.820920 0.000000
vt 0.730841 0.821329 0.000000
vt 0.736599 0.819096 0.000000
vt 0.736559 0.820450 0.000000
vt 0.731300 0.822703 0.000000
vt 0.736397 0.822053 0.000000
vt 0.731531 0.824246 0.000000
vt 0.723596 0.827214 0.000000
vt 0.726698 0.824365 0.000000
vt 0.727700 0.825590 0.000000
vt 0.725061 0.828199 0.000000
vt 0.728285 0.826674 0.000000
vt 0.725907 0.828762 0.000000
vt 0.719051 0.830087 0.000000
vt 0.720962 0.828882 0.000000
vt 0.722684 0.829616 0.000000
vt 0.720886 0.830538 0.000000
vt 0.723647 0.829939 0.000000
vt 0.721896 0.830760 0.000000
vt 0.718346 0.833247 0.000000
vt 0.718116 0.831545 0.000000
vt 0.719984 0.831659 0.000000
vt 0.720176 0.832984 0.000000
vt 0.721043 0.831784 0.000000
vt 0.721278 0.833022 0.000000
vt 0.722472 0.837820 0.000000
vt 0.719931 0.835181 0.000000
vt 0.721656 0.834518 0.000000
vt 0.723994 0.836790 0.000000
vt 0.722792 0.834484 0.000000
vt 0.725079 0.836499 0.000000
vt 0.729251 0.845407 0.000000
vt 0.725572 0.841639 0.000000
vt 0.726758 0.840329 0.000000
vt 0.730007 0.843914 0.000000
vt 0.727633 0.839392 0.000000
vt 0.730585 0.842339 0.000000
vt 0.733531 0.847897 0.000000
vt 0.733801 0.846325 0.000000
vt 0.734067 0.844518 0.000000
vt 0.741922 0.842729 0.000000
vt 0.745683 0.842095 0.000000
vt 0.737884 0.842372 0.000000
vt 0.737651 0.838633 0.000000
vt 0.741423 0.838700 0.000000
vt 0.745194 0.838768 0.000000
vt 0.748600 0.840479 0.000000
vt 0.750788 0.838273 0.000000
vt 0.747244 0.837376 0.000000
vt 0.749293 0.835984 0.000000
vt 0.752360 0.835864 0.000000
vt 0.753331 0.833800 0.000000
vt 0.750348 0.834453 0.000000
vt 0.751403 0.832922 0.000000
vt 0.751051 0.827019 0.000000
vt 0.748656 0.825103 0.000000
vt 0.752496 0.828844 0.000000
vt 0.750791 0.830777 0.000000
vt 0.749354 0.828653 0.000000
vt 0.747917 0.826529 0.000000
vt 0.745152 0.823757 0.000000
vt 0.740796 0.823561 0.000000
vt 0.743912 0.826284 0.000000
vt 0.739907 0.826040 0.000000
vt 0.735849 0.825095 0.000000
vt 0.731391 0.827198 0.000000
vt 0.735107 0.828857 0.000000
vt 0.730308 0.831675 0.000000
vt 0.728501 0.828705 0.000000
vt 0.726399 0.829729 0.000000
vt 0.728534 0.831063 0.000000
vt 0.726616 0.831120 0.000000
vt 0.724304 0.830381 0.000000
vt 0.722641 0.830995 0.000000
vt 0.724627 0.831174 0.000000
vt 0.723305 0.831370 0.000000
vt 0.721834 0.831903 0.000000
vt 0.722098 0.833047 0.000000
vt 0.722851 0.832122 0.000000
vt 0.722968 0.833021 0.000000
vt 0.723652 0.834366 0.000000
vt 0.725887 0.835844 0.000000
vt 0.724248 0.833831 0.000000
vt 0.726409 0.834703 0.000000
vt 0.728195 0.837463 0.000000
vt 0.730853 0.839196 0.000000
vt 0.728491 0.835167 0.000000
vt 0.730577 0.834686 0.000000
vt 0.734139 0.841013 0.000000
vt 0.734114 0.836659 0.000000
vt 0.724591 0.832545 0.000000
vt 0.726635 0.832953 0.000000
vt 0.759833 0.829873 0.000000
vt 0.762050 0.829332 0.000000
vt 0.761756 0.832344 0.000000
vt 0.760997 0.826739 0.000000
vt 0.763642 0.825305 0.000000
vt 0.764874 0.828690 0.000000
vt 0.764733 0.832466 0.000000
vt 0.757939 0.829746 0.000000
vt 0.758298 0.830325 0.000000
vt 0.757007 0.830531 0.000000
vt 0.756905 0.829697 0.000000
vt 0.758102 0.830947 0.000000
vt 0.757183 0.831324 0.000000
vt 0.755523 0.831641 0.000000
vt 0.755340 0.830823 0.000000
vt 0.755161 0.829993 0.000000
vt 0.753598 0.831250 0.000000
vt 0.753387 0.830596 0.000000
vt 0.753725 0.831914 0.000000
vt 0.752596 0.832005 0.000000
vt 0.752174 0.831634 0.000000
vt 0.752346 0.831085 0.000000
vt 0.756941 0.828933 0.000000
vt 0.755053 0.829105 0.000000
vt 0.758374 0.829312 0.000000
vt 0.758911 0.830155 0.000000
vt 0.758570 0.831144 0.000000
vt 0.757369 0.831963 0.000000
vt 0.755638 0.832495 0.000000
vt 0.753710 0.832623 0.000000
vt 0.752134 0.832380 0.000000
vt 0.751097 0.831849 0.000000
vt 0.751458 0.831797 0.000000
vt 0.751768 0.830950 0.000000
vt 0.753147 0.829915 0.000000
vt 0.740830 0.857859 0.000000
vt 0.747997 0.855739 0.000000
vt 0.739738 0.854670 0.000000
vt 0.746081 0.853058 0.000000
vt 0.751998 0.850137 0.000000
vt 0.754484 0.852193 0.000000
vt 0.759688 0.848191 0.000000
vt 0.756978 0.846760 0.000000
vt 0.760841 0.842641 0.000000
vt 0.763615 0.843553 0.000000
vt 0.766267 0.838101 0.000000
vt 0.763407 0.837497 0.000000
vt 0.767612 0.832672 0.000000
vt 0.766222 0.823893 0.000000
vt 0.763371 0.819538 0.000000
vt 0.760847 0.821447 0.000000
vt 0.756626 0.817766 0.000000
vt 0.758965 0.815486 0.000000
vt 0.752906 0.812182 0.000000
vt 0.751118 0.814911 0.000000
vt 0.744537 0.813423 0.000000
vt 0.745616 0.810296 0.000000
vt 0.737515 0.810497 0.000000
vt 0.737095 0.813842 0.000000
vt 0.729792 0.815757 0.000000
vt 0.729448 0.812356 0.000000
vt 0.722258 0.815443 0.000000
vt 0.723632 0.818755 0.000000
vt 0.718548 0.822048 0.000000
vt 0.716034 0.818956 0.000000
vt 0.710865 0.822098 0.000000
vt 0.714474 0.824849 0.000000
vt 0.711770 0.827709 0.000000
vt 0.707402 0.825678 0.000000
vt 0.706297 0.830510 0.000000
vt 0.710798 0.831182 0.000000
vt 0.711577 0.835208 0.000000
vt 0.707449 0.836114 0.000000
vt 0.710756 0.842012 0.000000
vt 0.714126 0.839728 0.000000
vt 0.717915 0.844302 0.000000
vt 0.715440 0.847552 0.000000
vt 0.720722 0.852085 0.000000
vt 0.722413 0.848494 0.000000
vt 0.727606 0.851900 0.000000
vt 0.726729 0.855474 0.000000
vt 0.733587 0.857585 0.000000
vt 0.733481 0.854122 0.000000
vt 0.775289 0.826618 0.000000
vt 0.770886 0.827452 0.000000
vt 0.780796 0.825633 0.000000
vt 0.767617 0.828104 0.000000
vt 0.738856 0.851552 0.000000
vt 0.744485 0.850586 0.000000
vt 0.749809 0.848396 0.000000
vt 0.754309 0.845581 0.000000
vt 0.757863 0.841870 0.000000
vt 0.760353 0.836990 0.000000
vt 0.758358 0.823347 0.000000
vt 0.754416 0.819959 0.000000
vt 0.749452 0.817376 0.000000
vt 0.743547 0.816142 0.000000
vt 0.736783 0.816801 0.000000
vt 0.730298 0.818880 0.000000
vt 0.725227 0.821908 0.000000
vt 0.721247 0.824982 0.000000
vt 0.718033 0.827201 0.000000
vt 0.715833 0.829161 0.000000
vt 0.714896 0.831457 0.000000
vt 0.715345 0.834120 0.000000
vt 0.717303 0.837184 0.000000
vt 0.720352 0.840691 0.000000
vt 0.724077 0.844686 0.000000
vt 0.728449 0.848307 0.000000
vt 0.733443 0.850694 0.000000
vt 0.692350 0.806998 0.000000
vt 0.695732 0.806238 0.000000
vt 0.692005 0.802158 0.000000
vt 0.695057 0.801630 0.000000
vt 0.691628 0.794103 0.000000
vt 0.691576 0.796609 0.000000
vt 0.691701 0.791728 0.000000
vt 0.694218 0.790760 0.000000
vt 0.694246 0.793213 0.000000
vt 0.694258 0.795906 0.000000
vt 0.697407 0.791013 0.000000
vt 0.697703 0.793692 0.000000
vt 0.696944 0.788728 0.000000
vt 0.700512 0.785303 0.000000
vt 0.701727 0.788333 0.000000
vt 0.702933 0.790529 0.000000
vt 0.698104 0.796464 0.000000
vt 0.694547 0.798449 0.000000
vt 0.703699 0.793428 0.000000
vt 0.704454 0.796748 0.000000
vt 0.698723 0.799672 0.000000
vt 0.717464 0.910658 0.000000
vt 0.703754 0.913774 0.000000
vt 0.730615 0.904470 0.000000
vt 0.744146 0.921491 0.000000
vt 0.732635 0.930392 0.000000
vt 0.718520 0.934691 0.000000
vt 0.751783 0.947173 0.000000
vt 0.741799 0.952722 0.000000
vt 0.761335 0.935944 0.000000
vt 0.780367 0.946964 0.000000
vt 0.773100 0.960039 0.000000
vt 0.765078 0.966608 0.000000
vt 0.794774 0.968030 0.000000
vt 0.790040 0.975232 0.000000
vt 0.799425 0.953682 0.000000
vt 0.818283 0.956418 0.000000
vt 0.816697 0.971345 0.000000
vt 0.815003 0.978770 0.000000
vt 0.838759 0.970188 0.000000
vt 0.840948 0.977550 0.000000
vt 0.836716 0.955493 0.000000
vt 0.853448 0.950375 0.000000
vt 0.859378 0.964504 0.000000
vt 0.866894 0.971637 0.000000
vt 0.907141 0.956013 0.000000
vt 0.892377 0.939754 0.000000
vt 0.906435 0.921397 0.000000
vt 0.924214 0.933830 0.000000
vt 0.878951 0.926834 0.000000
vt 0.889670 0.910145 0.000000
vt 0.899172 0.890118 0.000000
vt 0.918811 0.899028 0.000000
vt 0.941286 0.911647 0.000000
vt 0.964746 0.847521 0.000000
vt 0.936712 0.842752 0.000000
vt 0.940634 0.810709 0.000000
vt 0.967859 0.810516 0.000000
vt 0.913075 0.839829 0.000000
vt 0.915723 0.811203 0.000000
vt 0.915456 0.782578 0.000000
vt 0.940582 0.778960 0.000000
vt 0.970971 0.773511 0.000000
vt 0.936202 0.750089 0.000000
vt 0.960464 0.744478 0.000000
vt 0.912521 0.756003 0.000000
vt 0.905331 0.732206 0.000000
vt 0.927622 0.724735 0.000000
vt 0.949956 0.715445 0.000000
vt 0.926564 0.674298 0.000000
vt 0.901368 0.682247 0.000000
vt 0.889936 0.656631 0.000000
vt 0.914732 0.652678 0.000000
vt 0.871358 0.691760 0.000000
vt 0.863025 0.661510 0.000000
vt 0.853835 0.632151 0.000000
vt 0.880238 0.628691 0.000000
vt 0.902901 0.625633 0.000000
vt 0.691724 0.798994 0.000000
vt 0.705627 0.800208 0.000000
vt 0.699670 0.803659 0.000000
vt 0.712633 0.789729 0.000000
vt 0.713705 0.793323 0.000000
vt 0.710967 0.786981 0.000000
vt 0.719221 0.781918 0.000000
vt 0.723586 0.786003 0.000000
vt 0.725471 0.789979 0.000000
vt 0.715069 0.796834 0.000000
vt 0.726855 0.793963 0.000000
vt 0.787376 0.824533 0.000000
vt 0.787704 0.833196 0.000000
vt 0.785398 0.816668 0.000000
vt 0.792718 0.813601 0.000000
vt 0.795104 0.823354 0.000000
vt 0.795624 0.833832 0.000000
vt 0.815237 0.835728 0.000000
vt 0.815104 0.820936 0.000000
vt 0.829132 0.819827 0.000000
vt 0.828707 0.837031 0.000000
vt 0.812677 0.806388 0.000000
vt 0.826859 0.802063 0.000000
vt 0.842633 0.797773 0.000000
vt 0.844873 0.818394 0.000000
vt 0.844020 0.837922 0.000000
vt 0.877059 0.837489 0.000000
vt 0.877859 0.813980 0.000000
vt 0.895439 0.812299 0.000000
vt 0.893924 0.838129 0.000000
vt 0.875391 0.790459 0.000000
vt 0.894046 0.786522 0.000000
vt 0.763561 0.883806 0.000000
vt 0.753619 0.891950 0.000000
vt 0.772161 0.874570 0.000000
vt 0.780555 0.882128 0.000000
vt 0.772975 0.892847 0.000000
vt 0.764318 0.902782 0.000000
vt 0.784877 0.902091 0.000000
vt 0.777865 0.913612 0.000000
vt 0.791084 0.889709 0.000000
vt 0.803045 0.896027 0.000000
vt 0.798238 0.909681 0.000000
vt 0.792920 0.922342 0.000000
vt 0.801554 0.810204 0.000000
vt 0.804053 0.822134 0.000000
vt 0.804506 0.834669 0.000000
vt 0.742652 0.898536 0.000000
vt 0.754707 0.912308 0.000000
vt 0.770023 0.924827 0.000000
vt 0.786968 0.934584 0.000000
vt 0.796509 0.875914 0.000000
vt 0.807461 0.880807 0.000000
vt 0.786934 0.870251 0.000000
vt 0.791731 0.857839 0.000000
vt 0.800752 0.861653 0.000000
vt 0.811166 0.865184 0.000000
vt 0.794564 0.845513 0.000000
vt 0.803412 0.847873 0.000000
vt 0.813842 0.850317 0.000000
vt 0.779104 0.864712 0.000000
vt 0.784079 0.854316 0.000000
vt 0.786775 0.843467 0.000000
vt 0.812030 0.913759 0.000000
vt 0.808143 0.926874 0.000000
vt 0.815736 0.899793 0.000000
vt 0.828799 0.902114 0.000000
vt 0.825412 0.915647 0.000000
vt 0.822463 0.928580 0.000000
vt 0.803911 0.940072 0.000000
vt 0.820146 0.942167 0.000000
vt 0.858532 0.794057 0.000000
vt 0.861059 0.816228 0.000000
vt 0.860281 0.837748 0.000000
vt 0.826377 0.852614 0.000000
vt 0.822996 0.867856 0.000000
vt 0.840717 0.854821 0.000000
vt 0.836381 0.870588 0.000000
vt 0.819420 0.884037 0.000000
vt 0.832432 0.886723 0.000000
vt 0.907266 0.866407 0.000000
vt 0.929171 0.872502 0.000000
vt 0.953016 0.879584 0.000000
vt 0.846546 0.889988 0.000000
vt 0.841880 0.904098 0.000000
vt 0.851464 0.874299 0.000000
vt 0.867197 0.878747 0.000000
vt 0.860974 0.894581 0.000000
vt 0.854623 0.907951 0.000000
vt 0.882533 0.883689 0.000000
vt 0.874933 0.901253 0.000000
vt 0.866673 0.915881 0.000000
vt 0.856562 0.856995 0.000000
vt 0.873032 0.859397 0.000000
vt 0.889243 0.862287 0.000000
vt 0.857984 0.928479 0.000000
vt 0.848403 0.919912 0.000000
vt 0.867201 0.940533 0.000000
vt 0.847778 0.937585 0.000000
vt 0.843719 0.928716 0.000000
vt 0.876971 0.954241 0.000000
vt 0.887017 0.961231 0.000000
vt 0.834967 0.941743 0.000000
vt 0.834809 0.928835 0.000000
vt 0.837541 0.916667 0.000000
vt 0.892300 0.711914 0.000000
vt 0.914970 0.703535 0.000000
vt 0.938260 0.694872 0.000000
vt 0.870867 0.719722 0.000000
vt 0.853704 0.705479 0.000000
vt 0.882535 0.740266 0.000000
vt 0.861209 0.747457 0.000000
vt 0.850838 0.726598 0.000000
vt 0.843134 0.714782 0.000000
vt 0.799016 0.778751 0.000000
vt 0.788721 0.787880 0.000000
vt 0.778003 0.777322 0.000000
vt 0.788498 0.764463 0.000000
vt 0.780832 0.795423 0.000000
vt 0.769998 0.788189 0.000000
vt 0.755061 0.783564 0.000000
vt 0.766513 0.769312 0.000000
vt 0.773793 0.750777 0.000000
vt 0.774731 0.801585 0.000000
vt 0.764887 0.795727 0.000000
vt 0.752906 0.792209 0.000000
vt 0.843326 0.752322 0.000000
vt 0.832376 0.732178 0.000000
vt 0.827498 0.758051 0.000000
vt 0.815711 0.739338 0.000000
vt 0.801565 0.719759 0.000000
vt 0.825758 0.714689 0.000000
vt 0.890003 0.762521 0.000000
vt 0.869617 0.768515 0.000000
vt 0.781375 0.808792 0.000000
vt 0.788183 0.804092 0.000000
vt 0.812335 0.767835 0.000000
vt 0.801076 0.750951 0.000000
vt 0.786906 0.736106 0.000000
vt 0.821094 0.784802 0.000000
vt 0.807195 0.792526 0.000000
vt 0.836656 0.777594 0.000000
vt 0.796507 0.798813 0.000000
vt 0.852333 0.772851 0.000000
vt 0.695542 0.772514 0.000000
vt 0.692274 0.772766 0.000000
vt 0.691973 0.770545 0.000000
vt 0.694936 0.770292 0.000000
vt 0.691674 0.768374 0.000000
vt 0.694344 0.768019 0.000000
vt 0.695540 0.741668 0.000000
vt 0.692379 0.740965 0.000000
vt 0.692438 0.739684 0.000000
vt 0.695717 0.740359 0.000000
vt 0.692557 0.738276 0.000000
vt 0.696079 0.738918 0.000000
vt 0.704475 0.710161 0.000000
vt 0.696711 0.710430 0.000000
vt 0.697532 0.701910 0.000000
vt 0.705742 0.700934 0.000000
vt 0.699095 0.692761 0.000000
vt 0.705733 0.693645 0.000000
vt 0.752425 0.671382 0.000000
vt 0.720358 0.660164 0.000000
vt 0.720348 0.636137 0.000000
vt 0.749246 0.642466 0.000000
vt 0.717354 0.604986 0.000000
vt 0.743909 0.611113 0.000000
vt 0.774779 0.650386 0.000000
vt 0.779295 0.677393 0.000000
vt 0.768585 0.619324 0.000000
vt 0.794294 0.626972 0.000000
vt 0.800980 0.657528 0.000000
vt 0.804712 0.683872 0.000000
vt 0.775526 0.566978 0.000000
vt 0.804234 0.573146 0.000000
vt 0.814476 0.602084 0.000000
vt 0.786103 0.596482 0.000000
vt 0.832943 0.579312 0.000000
vt 0.843884 0.603798 0.000000
vt 0.823949 0.631413 0.000000
vt 0.692246 0.743047 0.000000
vt 0.692140 0.745056 0.000000
vt 0.695253 0.743727 0.000000
vt 0.695035 0.745696 0.000000
vt 0.698651 0.744802 0.000000
vt 0.698301 0.746576 0.000000
vt 0.699149 0.742861 0.000000
vt 0.703400 0.744651 0.000000
vt 0.702542 0.746410 0.000000
vt 0.701976 0.747860 0.000000
vt 0.698584 0.768933 0.000000
vt 0.699494 0.771020 0.000000
vt 0.697726 0.766769 0.000000
vt 0.701743 0.764817 0.000000
vt 0.702946 0.766756 0.000000
vt 0.704316 0.768697 0.000000
vt 0.715461 0.762755 0.000000
vt 0.712473 0.761070 0.000000
vt 0.714778 0.758089 0.000000
vt 0.718437 0.759031 0.000000
vt 0.710209 0.759755 0.000000
vt 0.712178 0.757373 0.000000
vt 0.712592 0.755264 0.000000
vt 0.715187 0.755377 0.000000
vt 0.719026 0.755411 0.000000
vt 0.711817 0.753480 0.000000
vt 0.713917 0.753205 0.000000
vt 0.709702 0.751728 0.000000
vt 0.711139 0.751125 0.000000
vt 0.713397 0.749910 0.000000
vt 0.717128 0.752518 0.000000
vt 0.695783 0.717353 0.000000
vt 0.694856 0.723114 0.000000
vt 0.702802 0.717445 0.000000
vt 0.701030 0.723398 0.000000
vt 0.692869 0.735812 0.000000
vt 0.693366 0.732401 0.000000
vt 0.698099 0.733023 0.000000
vt 0.696922 0.736463 0.000000
vt 0.692366 0.774179 0.000000
vt 0.692159 0.775300 0.000000
vt 0.695756 0.773766 0.000000
vt 0.695896 0.775670 0.000000
vt 0.691586 0.767110 0.000000
vt 0.694176 0.766617 0.000000
vt 0.691696 0.766106 0.000000
vt 0.694330 0.765582 0.000000
vt 0.692157 0.746122 0.000000
vt 0.695064 0.746736 0.000000
vt 0.695203 0.747682 0.000000
vt 0.692245 0.747105 0.000000
vt 0.706317 0.762358 0.000000
vt 0.705528 0.761433 0.000000
vt 0.709020 0.759051 0.000000
vt 0.701354 0.763709 0.000000
vt 0.701317 0.763016 0.000000
vt 0.705122 0.760927 0.000000
vt 0.708252 0.758743 0.000000
vt 0.698324 0.747552 0.000000
vt 0.701908 0.748728 0.000000
vt 0.701857 0.749605 0.000000
vt 0.698415 0.748466 0.000000
vt 0.710797 0.753720 0.000000
vt 0.709050 0.752228 0.000000
vt 0.711297 0.755202 0.000000
vt 0.710419 0.755410 0.000000
vt 0.710054 0.754198 0.000000
vt 0.708518 0.752926 0.000000
vt 0.710823 0.756976 0.000000
vt 0.709918 0.756914 0.000000
vt 0.708485 0.747145 0.000000
vt 0.707026 0.748689 0.000000
vt 0.706099 0.749717 0.000000
vt 0.708053 0.764047 0.000000
vt 0.710196 0.765960 0.000000
vt 0.697501 0.765460 0.000000
vt 0.697628 0.764560 0.000000
vt 0.705785 0.750426 0.000000
vt 0.705505 0.751243 0.000000
vt 0.712207 0.767556 0.000000
vt 0.705203 0.769813 0.000000
vt 0.718819 0.764571 0.000000
vt 0.723558 0.766890 0.000000
vt 0.715713 0.769839 0.000000
vt 0.707613 0.771707 0.000000
vt 0.699876 0.772097 0.000000
vt 0.701332 0.773913 0.000000
vt 0.721483 0.751040 0.000000
vt 0.724055 0.755234 0.000000
vt 0.716511 0.747573 0.000000
vt 0.720347 0.744804 0.000000
vt 0.727059 0.749293 0.000000
vt 0.730747 0.755054 0.000000
vt 0.722968 0.760104 0.000000
vt 0.729075 0.761441 0.000000
vt 0.710397 0.744885 0.000000
vt 0.704347 0.742860 0.000000
vt 0.705946 0.740799 0.000000
vt 0.712947 0.742232 0.000000
vt 0.699570 0.741384 0.000000
vt 0.700433 0.739727 0.000000
vt 0.691991 0.764717 0.000000
vt 0.692378 0.763135 0.000000
vt 0.695155 0.763452 0.000000
vt 0.694704 0.764413 0.000000
vt 0.695311 0.749369 0.000000
vt 0.692346 0.748869 0.000000
vt 0.695581 0.751351 0.000000
vt 0.692455 0.751024 0.000000
vt 0.701169 0.762324 0.000000
vt 0.704533 0.760491 0.000000
vt 0.700976 0.761885 0.000000
vt 0.703852 0.760091 0.000000
vt 0.706727 0.758297 0.000000
vt 0.707252 0.758619 0.000000
vt 0.701346 0.751082 0.000000
vt 0.698267 0.750056 0.000000
vt 0.700417 0.752618 0.000000
vt 0.697999 0.751984 0.000000
vt 0.709075 0.756107 0.000000
vt 0.708786 0.755187 0.000000
vt 0.707751 0.757046 0.000000
vt 0.707256 0.756431 0.000000
vt 0.706760 0.755852 0.000000
vt 0.707441 0.754123 0.000000
vt 0.708665 0.757205 0.000000
vt 0.707239 0.757672 0.000000
vt 0.697829 0.763624 0.000000
vt 0.698066 0.762668 0.000000
vt 0.704683 0.752596 0.000000
vt 0.703588 0.754217 0.000000
vt 0.694039 0.728149 0.000000
vt 0.699465 0.728629 0.000000
vt 0.711317 0.716796 0.000000
vt 0.708828 0.723489 0.000000
vt 0.713408 0.708318 0.000000
vt 0.725205 0.706025 0.000000
vt 0.721974 0.716110 0.000000
vt 0.717903 0.723928 0.000000
vt 0.760271 0.705430 0.000000
vt 0.779144 0.711078 0.000000
vt 0.769412 0.725256 0.000000
vt 0.751335 0.718539 0.000000
vt 0.757559 0.736602 0.000000
vt 0.740550 0.728979 0.000000
vt 0.702252 0.683950 0.000000
vt 0.707340 0.676399 0.000000
vt 0.720802 0.681706 0.000000
vt 0.711613 0.687791 0.000000
vt 0.741558 0.704404 0.000000
vt 0.742058 0.690412 0.000000
vt 0.761305 0.690964 0.000000
vt 0.725785 0.693069 0.000000
vt 0.734057 0.677994 0.000000
vt 0.781594 0.696374 0.000000
vt 0.804039 0.701731 0.000000
vt 0.834935 0.686922 0.000000
vt 0.829752 0.702124 0.000000
vt 0.739848 0.792021 0.000000
vt 0.738746 0.787300 0.000000
vt 0.737464 0.763171 0.000000
vt 0.730687 0.770080 0.000000
vt 0.739577 0.755079 0.000000
vt 0.749402 0.754672 0.000000
vt 0.746964 0.764848 0.000000
vt 0.738809 0.773690 0.000000
vt 0.748748 0.742806 0.000000
vt 0.733968 0.735442 0.000000
vt 0.759077 0.753195 0.000000
vt 0.741400 0.745872 0.000000
vt 0.729429 0.739391 0.000000
vt 0.756407 0.766025 0.000000
vt 0.746530 0.777265 0.000000
vt 0.733934 0.747803 0.000000
vt 0.724771 0.742294 0.000000
vt 0.716323 0.739508 0.000000
vt 0.719957 0.736173 0.000000
vt 0.708760 0.738228 0.000000
vt 0.711982 0.734779 0.000000
vt 0.702256 0.737241 0.000000
vt 0.704500 0.733772 0.000000
vt 0.735418 0.716091 0.000000
vt 0.727904 0.725256 0.000000
vt 0.714698 0.671027 0.000000
vt 0.714420 0.697281 0.000000
vt 0.723284 0.731686 0.000000
vt 0.714800 0.730081 0.000000
vt 0.706623 0.729168 0.000000
vt 0.735237 0.782886 0.000000
vt 0.729656 0.778488 0.000000
vt 0.722338 0.773811 0.000000
vt 0.713551 0.775982 0.000000
vt 0.705458 0.778216 0.000000
vt 0.708779 0.782938 0.000000
vt 0.699212 0.779969 0.000000
vt 0.707822 0.786005 0.000000
vt 0.691613 0.789733 0.000000
vt 0.693880 0.788935 0.000000
vt 0.691562 0.788294 0.000000
vt 0.693478 0.787733 0.000000
vt 0.692644 0.785928 0.000000
vt 0.692264 0.785898 0.000000
vt 0.692336 0.785419 0.000000
vt 0.692792 0.785526 0.000000
vt 0.691890 0.785870 0.000000
vt 0.691892 0.785396 0.000000
vt 0.691989 0.785016 0.000000
vt 0.692419 0.785024 0.000000
vt 0.692861 0.785165 0.000000
vt 0.695970 0.780695 0.000000
vt 0.693776 0.777608 0.000000
vt 0.697080 0.784381 0.000000
vt 0.695367 0.783818 0.000000
vt 0.694051 0.780815 0.000000
vt 0.692986 0.778802 0.000000
vt 0.691776 0.780750 0.000000
vt 0.691218 0.778403 0.000000
vt 0.692525 0.782841 0.000000
vt 0.691561 0.776648 0.000000
vt 0.695063 0.786207 0.000000
vt 0.696043 0.787139 0.000000
vt 0.692755 0.783831 0.000000
vt 0.690842 0.784063 0.000000
vt 0.694414 0.784539 0.000000
vt 0.693808 0.784798 0.000000
vt 0.692690 0.784254 0.000000
vt 0.691398 0.784435 0.000000
vt 0.694364 0.785891 0.000000
vt 0.693257 0.787152 0.000000
vt 0.693087 0.786809 0.000000
vt 0.693816 0.785837 0.000000
vt 0.691742 0.787588 0.000000
vt 0.690480 0.787084 0.000000
vt 0.691074 0.786773 0.000000
vt 0.691994 0.787154 0.000000
vt 0.690132 0.785528 0.000000
vt 0.690868 0.785571 0.000000
vt 0.692558 0.784644 0.000000
vt 0.691744 0.784753 0.000000
vt 0.693272 0.785008 0.000000
vt 0.693288 0.785691 0.000000
vt 0.692840 0.786323 0.000000
vt 0.692159 0.786534 0.000000
vt 0.691578 0.786272 0.000000
vt 0.691428 0.785487 0.000000
vt 0.625960 0.290942 0.000000
vt 0.618695 0.274239 0.000000
vt 0.627087 0.265337 0.000000
vt 0.637560 0.280590 0.000000
vt 0.634917 0.257523 0.000000
vt 0.644336 0.272792 0.000000
vt 0.641626 0.251886 0.000000
vt 0.650772 0.267032 0.000000
vt 0.650984 0.245504 0.000000
vt 0.660010 0.260142 0.000000
vt 0.666765 0.235455 0.000000
vt 0.675196 0.248952 0.000000
vt 0.686020 0.224041 0.000000
vt 0.693408 0.235925 0.000000
vt 0.871840 0.600437 0.000000
vt 0.864091 0.572024 0.000000
vt 0.895238 0.564735 0.000000
vt 0.899069 0.597217 0.000000
vt 0.714059 0.572751 0.000000
vt 0.710614 0.539973 0.000000
vt 0.731170 0.547012 0.000000
vt 0.737908 0.579496 0.000000
vt 0.761251 0.588180 0.000000
vt 0.753348 0.556995 0.000000
vt 0.831885 0.661522 0.000000
vt 0.726441 0.213944 0.000000
vt 0.721708 0.205720 0.000000
vt 0.729353 0.202214 0.000000
vt 0.733835 0.209380 0.000000
vt 0.735805 0.199188 0.000000
vt 0.739896 0.205246 0.000000
vt 0.748134 0.192787 0.000000
vt 0.750612 0.196958 0.000000
vt 0.763402 0.184697 0.000000
vt 0.763523 0.186502 0.000000
vt 0.818982 0.185541 0.000000
vt 0.840247 0.184831 0.000000
vt 0.842547 0.202100 0.000000
vt 0.820487 0.199940 0.000000
vt 0.866037 0.183020 0.000000
vt 0.868319 0.202795 0.000000
vt 0.870471 0.225548 0.000000
vt 0.844709 0.222162 0.000000
vt 0.821508 0.216719 0.000000
vt 0.717777 0.333133 0.000000
vt 0.706104 0.312009 0.000000
vt 0.715381 0.300342 0.000000
vt 0.727776 0.314042 0.000000
vt 0.691109 0.293822 0.000000
vt 0.701815 0.282005 0.000000
vt 0.714892 0.266192 0.000000
vt 0.727080 0.283208 0.000000
vt 0.738754 0.295702 0.000000
vt 0.317764 0.169099 0.000000
vt 0.317882 0.166315 0.000000
vt 0.339234 0.162510 0.000000
vt 0.339078 0.167609 0.000000
vt 0.318001 0.163531 0.000000
vt 0.338054 0.159916 0.000000
vt 0.358106 0.156301 0.000000
vt 0.360586 0.158706 0.000000
vt 0.363066 0.161110 0.000000
vt 0.816904 0.248469 0.000000
vt 0.792236 0.249543 0.000000
vt 0.783058 0.232058 0.000000
vt 0.794904 0.227900 0.000000
vt 0.769149 0.254000 0.000000
vt 0.769294 0.232026 0.000000
vt 0.767185 0.214926 0.000000
vt 0.773978 0.213661 0.000000
vt 0.780245 0.210676 0.000000
vt 0.656591 0.294385 0.000000
vt 0.652944 0.303005 0.000000
vt 0.661487 0.287996 0.000000
vt 0.680556 0.302518 0.000000
vt 0.677205 0.306766 0.000000
vt 0.674296 0.313085 0.000000
vt 0.666661 0.283081 0.000000
vt 0.674564 0.276390 0.000000
vt 0.684606 0.299431 0.000000
vt 0.766853 0.202534 0.000000
vt 0.769996 0.201561 0.000000
vt 0.767466 0.192782 0.000000
vt 0.768562 0.192611 0.000000
vt 0.769657 0.192440 0.000000
vt 0.773063 0.199735 0.000000
vt 0.838443 0.174056 0.000000
vt 0.864165 0.170793 0.000000
vt 0.817533 0.176585 0.000000
vt 0.893717 0.180422 0.000000
vt 0.895044 0.202529 0.000000
vt 0.920389 0.180167 0.000000
vt 0.919768 0.203445 0.000000
vt 0.918290 0.229589 0.000000
vt 0.895890 0.227886 0.000000
vt 0.711728 0.223524 0.000000
vt 0.719099 0.235259 0.000000
vt 0.703350 0.250202 0.000000
vt 0.732134 0.222799 0.000000
vt 0.740160 0.232651 0.000000
vt 0.728503 0.248590 0.000000
vt 0.801122 0.219429 0.000000
vt 0.821503 0.232814 0.000000
vt 0.785886 0.205890 0.000000
vt 0.790339 0.199380 0.000000
vt 0.803768 0.208210 0.000000
vt 0.794188 0.183607 0.000000
vt 0.793039 0.191222 0.000000
vt 0.782181 0.187695 0.000000
vt 0.783179 0.182740 0.000000
vt 0.780067 0.192973 0.000000
vt 0.771539 0.188074 0.000000
vt 0.771823 0.184699 0.000000
vt 0.772106 0.181324 0.000000
vt 0.243576 0.106499 0.000000
vt 0.244071 0.095134 0.000000
vt 0.260370 0.101119 0.000000
vt 0.260125 0.115010 0.000000
vt 0.245566 0.083162 0.000000
vt 0.261023 0.087236 0.000000
vt 0.277518 0.090933 0.000000
vt 0.277547 0.106718 0.000000
vt 0.276675 0.123520 0.000000
vt 0.757320 0.227927 0.000000
vt 0.759964 0.214553 0.000000
vt 0.751890 0.243868 0.000000
vt 0.747374 0.221824 0.000000
vt 0.752697 0.212744 0.000000
vt 0.179886 0.016278 0.000000
vt 0.178162 0.021204 0.000000
vt 0.172232 0.014379 0.000000
vt 0.175878 0.010747 0.000000
vt 0.171418 0.026697 0.000000
vt 0.165967 0.019616 0.000000
vt 0.165362 0.012504 0.000000
vt 0.168616 0.008860 0.000000
vt 0.171869 0.005217 0.000000
vt 0.252133 0.057251 0.000000
vt 0.248647 0.070225 0.000000
vt 0.236421 0.066561 0.000000
vt 0.241442 0.053221 0.000000
vt 0.232004 0.078889 0.000000
vt 0.219310 0.072339 0.000000
vt 0.224932 0.060960 0.000000
vt 0.230750 0.049191 0.000000
vt 0.213297 0.052009 0.000000
vt 0.219045 0.043580 0.000000
vt 0.206455 0.061435 0.000000
vt 0.193711 0.048730 0.000000
vt 0.201298 0.041354 0.000000
vt 0.207340 0.037969 0.000000
vt 0.762966 0.202780 0.000000
vt 0.766147 0.191809 0.000000
vt 0.758680 0.202045 0.000000
vt 0.764827 0.190836 0.000000
vt 0.715339 0.349265 0.000000
vt 0.704091 0.346943 0.000000
vt 0.706980 0.339108 0.000000
vt 0.711544 0.362785 0.000000
vt 0.699639 0.355713 0.000000
vt 0.687734 0.348641 0.000000
vt 0.691931 0.344767 0.000000
vt 0.696020 0.338975 0.000000
vt 0.657018 0.349016 0.000000
vt 0.634503 0.348908 0.000000
vt 0.642853 0.338313 0.000000
vt 0.662081 0.341060 0.000000
vt 0.611988 0.348799 0.000000
vt 0.622061 0.335167 0.000000
vt 0.632134 0.321534 0.000000
vt 0.649194 0.327091 0.000000
vt 0.667880 0.332451 0.000000
vt 0.871953 0.246711 0.000000
vt 0.846099 0.241313 0.000000
vt 0.872032 0.263776 0.000000
vt 0.846295 0.256829 0.000000
vt 0.687649 0.264672 0.000000
vt 0.916667 0.252602 0.000000
vt 0.896108 0.250792 0.000000
vt 0.917378 0.277027 0.000000
vt 0.895286 0.269478 0.000000
vt 0.740530 0.263339 0.000000
vt 0.752323 0.275009 0.000000
vt 0.804896 0.195809 0.000000
vt 0.804876 0.184837 0.000000
vt 0.776724 0.196929 0.000000
vt 0.770598 0.190257 0.000000
vt 0.276617 0.061753 0.000000
vt 0.289554 0.064821 0.000000
vt 0.292083 0.078890 0.000000
vt 0.277221 0.076186 0.000000
vt 0.302491 0.067888 0.000000
vt 0.305573 0.081258 0.000000
vt 0.308566 0.096440 0.000000
vt 0.294190 0.094077 0.000000
vt 0.739693 0.215779 0.000000
vt 0.745767 0.209703 0.000000
vt 0.165802 0.080073 0.000000
vt 0.154236 0.062135 0.000000
vt 0.169030 0.048147 0.000000
vt 0.182024 0.061469 0.000000
vt 0.142670 0.044198 0.000000
vt 0.159493 0.035982 0.000000
vt 0.181349 0.036776 0.000000
vt 0.754345 0.200075 0.000000
vt 0.764175 0.188669 0.000000
vt 0.966412 0.193172 0.000000
vt 0.956828 0.213590 0.000000
vt 0.939536 0.207687 0.000000
vt 0.943157 0.185386 0.000000
vt 0.947243 0.234009 0.000000
vt 0.934990 0.231071 0.000000
vt 0.695726 0.315743 0.000000
vt 0.692424 0.317780 0.000000
vt 0.703041 0.323900 0.000000
vt 0.702264 0.326786 0.000000
vt 0.697124 0.327479 0.000000
vt 0.689585 0.322035 0.000000
vt 0.699920 0.315481 0.000000
vt 0.708624 0.327846 0.000000
vt 0.683238 0.336584 0.000000
vt 0.686780 0.328948 0.000000
vt 0.698167 0.332974 0.000000
vt 0.671569 0.322386 0.000000
vt 0.672376 0.348828 0.000000
vt 0.678185 0.343009 0.000000
vt 0.706744 0.333142 0.000000
vt 0.651518 0.314615 0.000000
vt 0.629047 0.306238 0.000000
vt 0.944055 0.248159 0.000000
vt 0.931734 0.251187 0.000000
vt 0.940867 0.262309 0.000000
vt 0.929123 0.269668 0.000000
vt 0.728567 0.833125 0.000000
vt 0.730443 0.833180 0.000000
vt 0.336249 0.177718 0.000000
vt 0.319916 0.178654 0.000000
vt 0.354089 0.175866 0.000000
vt 0.345113 0.190621 0.000000
vt 0.332356 0.192182 0.000000
vt 0.318955 0.192130 0.000000
vt 0.201131 0.154046 0.000000
vt 0.213508 0.154572 0.000000
vt 0.213743 0.168506 0.000000
vt 0.201237 0.171327 0.000000
vt 0.225884 0.155099 0.000000
vt 0.226420 0.165750 0.000000
vt 0.227235 0.179491 0.000000
vt 0.214555 0.184060 0.000000
vt 0.201342 0.188607 0.000000
vt 0.238767 0.152177 0.000000
vt 0.239437 0.163122 0.000000
vt 0.251650 0.149256 0.000000
vt 0.251830 0.161869 0.000000
vt 0.252199 0.175627 0.000000
vt 0.240133 0.176531 0.000000
vt 0.262841 0.151587 0.000000
vt 0.262637 0.163237 0.000000
vt 0.274033 0.153918 0.000000
vt 0.272915 0.166500 0.000000
vt 0.272211 0.180694 0.000000
vt 0.262382 0.177226 0.000000
vt 0.284216 0.158296 0.000000
vt 0.283720 0.170931 0.000000
vt 0.294399 0.162675 0.000000
vt 0.294973 0.175146 0.000000
vt 0.294865 0.189592 0.000000
vt 0.283217 0.185394 0.000000
vt 0.306082 0.165887 0.000000
vt 0.306598 0.177758 0.000000
vt 0.306618 0.191552 0.000000
vt 0.857324 0.346995 0.000000
vt 0.849320 0.347424 0.000000
vt 0.853705 0.338025 0.000000
vt 0.861828 0.339128 0.000000
vt 0.841316 0.347853 0.000000
vt 0.846015 0.336412 0.000000
vt 0.849127 0.325402 0.000000
vt 0.856917 0.327828 0.000000
vt 0.866332 0.331262 0.000000
vt 0.857785 0.316034 0.000000
vt 0.865696 0.319704 0.000000
vt 0.850321 0.313179 0.000000
vt 0.849901 0.298741 0.000000
vt 0.857480 0.303444 0.000000
vt 0.865060 0.308146 0.000000
vt 0.830345 0.340416 0.000000
vt 0.813773 0.339105 0.000000
vt 0.818471 0.329088 0.000000
vt 0.830817 0.331038 0.000000
vt 0.797201 0.337793 0.000000
vt 0.805499 0.327063 0.000000
vt 0.810121 0.317666 0.000000
vt 0.822553 0.319421 0.000000
vt 0.833760 0.321131 0.000000
vt 0.825400 0.310457 0.000000
vt 0.836103 0.311370 0.000000
vt 0.813317 0.309242 0.000000
vt 0.815262 0.301480 0.000000
vt 0.827631 0.301844 0.000000
vt 0.840000 0.302208 0.000000
vt 0.792479 0.333093 0.000000
vt 0.795245 0.324096 0.000000
vt 0.787758 0.328393 0.000000
vt 0.786349 0.320658 0.000000
vt 0.784940 0.312923 0.000000
vt 0.798197 0.315512 0.000000
vt 0.801524 0.307754 0.000000
vt 0.789876 0.306131 0.000000
vt 0.794812 0.299339 0.000000
vt 0.805037 0.300409 0.000000
vt 0.165331 0.473453 0.000000
vt 0.168865 0.470008 0.000000
vt 0.172175 0.475030 0.000000
vt 0.166010 0.478085 0.000000
vt 0.174698 0.465254 0.000000
vt 0.178919 0.469902 0.000000
vt 0.183501 0.474836 0.000000
vt 0.175504 0.480705 0.000000
vt 0.167943 0.484222 0.000000
vt 0.180929 0.459932 0.000000
vt 0.185879 0.463440 0.000000
vt 0.185765 0.456486 0.000000
vt 0.190995 0.457169 0.000000
vt 0.197118 0.459507 0.000000
vt 0.191376 0.467119 0.000000
vt 0.174270 0.498389 0.000000
vt 0.184122 0.493241 0.000000
vt 0.193429 0.503962 0.000000
vt 0.183840 0.510588 0.000000
vt 0.193702 0.486051 0.000000
vt 0.202214 0.496117 0.000000
vt 0.210197 0.505609 0.000000
vt 0.202582 0.513799 0.000000
vt 0.195198 0.524958 0.000000
vt 0.201712 0.477491 0.000000
vt 0.210579 0.488365 0.000000
vt 0.207468 0.468705 0.000000
vt 0.217095 0.479861 0.000000
vt 0.229734 0.492879 0.000000
vt 0.218816 0.498925 0.000000
vt 0.149608 0.465056 0.000000
vt 0.155655 0.458031 0.000000
vt 0.159017 0.460938 0.000000
vt 0.154199 0.467964 0.000000
vt 0.161701 0.451006 0.000000
vt 0.165558 0.454529 0.000000
vt 0.168424 0.457888 0.000000
vt 0.162345 0.463792 0.000000
vt 0.158074 0.470266 0.000000
vt 0.171798 0.444858 0.000000
vt 0.173890 0.448931 0.000000
vt 0.181895 0.438710 0.000000
vt 0.182909 0.445028 0.000000
vt 0.184007 0.449470 0.000000
vt 0.175953 0.452849 0.000000
vt 0.191563 0.438485 0.000000
vt 0.191511 0.443706 0.000000
vt 0.201233 0.438261 0.000000
vt 0.199218 0.443880 0.000000
vt 0.198606 0.449173 0.000000
vt 0.191658 0.448545 0.000000
vt 0.212254 0.438362 0.000000
vt 0.225171 0.440019 0.000000
vt 0.223535 0.449436 0.000000
vt 0.212871 0.446100 0.000000
vt 0.238088 0.441676 0.000000
vt 0.235615 0.453109 0.000000
vt 0.233849 0.465101 0.000000
vt 0.221913 0.459225 0.000000
vt 0.211608 0.453453 0.000000
vt 0.248662 0.443707 0.000000
vt 0.247183 0.455755 0.000000
vt 0.259237 0.445737 0.000000
vt 0.258087 0.457564 0.000000
vt 0.257217 0.470184 0.000000
vt 0.245803 0.468411 0.000000
vt 0.268296 0.446138 0.000000
vt 0.268175 0.458725 0.000000
vt 0.277355 0.446539 0.000000
vt 0.277856 0.459562 0.000000
vt 0.278357 0.472585 0.000000
vt 0.267535 0.471448 0.000000
vt 0.140432 0.569541 0.000000
vt 0.141420 0.560710 0.000000
vt 0.154928 0.562016 0.000000
vt 0.154070 0.571779 0.000000
vt 0.142409 0.551879 0.000000
vt 0.155518 0.552684 0.000000
vt 0.168974 0.552589 0.000000
vt 0.168591 0.562636 0.000000
vt 0.167707 0.574017 0.000000
vt 0.142789 0.544237 0.000000
vt 0.155569 0.544215 0.000000
vt 0.143170 0.536596 0.000000
vt 0.154507 0.533524 0.000000
vt 0.166862 0.532375 0.000000
vt 0.168788 0.543401 0.000000
vt 0.141856 0.517536 0.000000
vt 0.151755 0.517527 0.000000
vt 0.140542 0.498477 0.000000
vt 0.149126 0.501564 0.000000
vt 0.157212 0.501553 0.000000
vt 0.162028 0.516812 0.000000
vt 0.141515 0.490376 0.000000
vt 0.148430 0.490976 0.000000
vt 0.142487 0.482275 0.000000
vt 0.149218 0.483135 0.000000
vt 0.155299 0.484066 0.000000
vt 0.155341 0.491442 0.000000
vt 0.171335 0.461356 0.000000
vt 0.165608 0.466539 0.000000
vt 0.161763 0.472149 0.000000
vt 0.185058 0.453122 0.000000
vt 0.177960 0.456459 0.000000
vt 0.210287 0.460840 0.000000
vt 0.203915 0.456134 0.000000
vt 0.204547 0.450456 0.000000
vt 0.201709 0.462637 0.000000
vt 0.198717 0.453954 0.000000
vt 0.232327 0.478399 0.000000
vt 0.220319 0.469757 0.000000
vt 0.256149 0.483578 0.000000
vt 0.244622 0.482284 0.000000
vt 0.255283 0.494656 0.000000
vt 0.243906 0.493908 0.000000
vt 0.274644 0.485102 0.000000
vt 0.265853 0.484446 0.000000
vt 0.270930 0.497619 0.000000
vt 0.264198 0.494994 0.000000
vt 0.182820 0.551288 0.000000
vt 0.182561 0.561884 0.000000
vt 0.194116 0.549916 0.000000
vt 0.193886 0.560830 0.000000
vt 0.196700 0.571253 0.000000
vt 0.182204 0.572635 0.000000
vt 0.180406 0.529362 0.000000
vt 0.182883 0.541005 0.000000
vt 0.194543 0.538738 0.000000
vt 0.165447 0.500828 0.000000
vt 0.173048 0.514685 0.000000
vt 0.160783 0.478326 0.000000
vt 0.155968 0.477016 0.000000
vt 0.161374 0.484886 0.000000
vt 0.207425 0.518257 0.000000
vt 0.202526 0.527564 0.000000
vt 0.214391 0.510491 0.000000
vt 0.216440 0.512949 0.000000
vt 0.209945 0.519983 0.000000
vt 0.205356 0.528540 0.000000
vt 0.222661 0.504367 0.000000
vt 0.232436 0.500577 0.000000
vt 0.233145 0.503554 0.000000
vt 0.224076 0.507194 0.000000
vt 0.243919 0.499814 0.000000
vt 0.255018 0.500328 0.000000
vt 0.254597 0.503331 0.000000
vt 0.243940 0.502864 0.000000
vt 0.263637 0.500366 0.000000
vt 0.271018 0.500167 0.000000
vt 0.271106 0.502715 0.000000
vt 0.263256 0.503163 0.000000
vt 0.199609 0.560543 0.000000
vt 0.199412 0.571305 0.000000
vt 0.199920 0.549604 0.000000
vt 0.202898 0.549961 0.000000
vt 0.202462 0.560855 0.000000
vt 0.202214 0.571358 0.000000
vt 0.200458 0.538312 0.000000
vt 0.203435 0.538861 0.000000
vt 0.835831 0.344134 0.000000
vt 0.839192 0.333781 0.000000
vt 0.842013 0.323147 0.000000
vt 0.843752 0.311951 0.000000
vt 0.844951 0.300474 0.000000
vt 0.187947 0.479588 0.000000
vt 0.178817 0.486132 0.000000
vt 0.169834 0.490295 0.000000
vt 0.195982 0.471106 0.000000
vt 0.206743 0.438312 0.000000
vt 0.205552 0.444462 0.000000
vt 0.146048 0.473665 0.000000
vt 0.151037 0.475414 0.000000
vt 0.192204 0.452618 0.000000
vt 0.162242 0.491640 0.000000
vt 0.217991 0.515308 0.000000
vt 0.212130 0.521625 0.000000
vt 0.218644 0.517335 0.000000
vt 0.214148 0.523224 0.000000
vt 0.209651 0.529114 0.000000
vt 0.208031 0.529487 0.000000
vt 0.233391 0.506446 0.000000
vt 0.225025 0.509912 0.000000
vt 0.232839 0.507818 0.000000
vt 0.225742 0.512576 0.000000
vt 0.253269 0.506404 0.000000
vt 0.243246 0.505917 0.000000
vt 0.251551 0.510126 0.000000
vt 0.242195 0.508972 0.000000
vt 0.270423 0.505114 0.000000
vt 0.262135 0.505985 0.000000
vt 0.269741 0.507513 0.000000
vt 0.260646 0.508819 0.000000
vt 0.205714 0.550595 0.000000
vt 0.205171 0.561598 0.000000
vt 0.208465 0.551341 0.000000
vt 0.207808 0.562556 0.000000
vt 0.207151 0.573770 0.000000
vt 0.204638 0.572564 0.000000
vt 0.206280 0.539517 0.000000
vt 0.209058 0.540228 0.000000
vt 0.286359 0.394534 0.000000
vt 0.289007 0.371252 0.000000
vt 0.293053 0.370953 0.000000
vt 0.290754 0.394455 0.000000
vt 0.291522 0.343950 0.000000
vt 0.295794 0.343229 0.000000
vt 0.302286 0.340291 0.000000
vt 0.298821 0.369421 0.000000
vt 0.295961 0.394161 0.000000
vt 0.277259 0.394219 0.000000
vt 0.279871 0.369564 0.000000
vt 0.285096 0.370943 0.000000
vt 0.282098 0.394526 0.000000
vt 0.281201 0.340791 0.000000
vt 0.287263 0.343328 0.000000
vt 0.263992 0.392704 0.000000
vt 0.262606 0.363718 0.000000
vt 0.271885 0.366652 0.000000
vt 0.271008 0.393401 0.000000
vt 0.260361 0.330670 0.000000
vt 0.271520 0.335767 0.000000
vt 0.249573 0.393407 0.000000
vt 0.244123 0.362266 0.000000
vt 0.253504 0.362274 0.000000
vt 0.256837 0.392760 0.000000
vt 0.239109 0.327318 0.000000
vt 0.249864 0.327915 0.000000
vt 0.237900 0.402732 0.000000
vt 0.223530 0.365699 0.000000
vt 0.234010 0.363637 0.000000
vt 0.242234 0.394480 0.000000
vt 0.209160 0.328667 0.000000
vt 0.227180 0.328694 0.000000
vt 0.307899 0.366031 0.000000
vt 0.302640 0.393520 0.000000
vt 0.313209 0.334260 0.000000
vt 0.329674 0.323474 0.000000
vt 0.318632 0.361712 0.000000
vt 0.307590 0.399949 0.000000
vt 0.292265 0.251594 0.000000
vt 0.292662 0.239669 0.000000
vt 0.302040 0.241542 0.000000
vt 0.300567 0.253276 0.000000
vt 0.293254 0.225221 0.000000
vt 0.304008 0.227061 0.000000
vt 0.314775 0.228374 0.000000
vt 0.311478 0.244280 0.000000
vt 0.308756 0.256784 0.000000
vt 0.274652 0.255271 0.000000
vt 0.273422 0.239077 0.000000
vt 0.283203 0.238706 0.000000
vt 0.283711 0.252361 0.000000
vt 0.272121 0.219404 0.000000
vt 0.282568 0.222286 0.000000
vt 0.255601 0.273491 0.000000
vt 0.252835 0.243643 0.000000
vt 0.263077 0.241205 0.000000
vt 0.264836 0.260020 0.000000
vt 0.252115 0.217201 0.000000
vt 0.262081 0.217725 0.000000
vt 0.236680 0.273552 0.000000
vt 0.234206 0.246254 0.000000
vt 0.243361 0.244944 0.000000
vt 0.245177 0.273239 0.000000
vt 0.231212 0.220040 0.000000
vt 0.241890 0.217785 0.000000
vt 0.224442 0.273716 0.000000
vt 0.215562 0.251752 0.000000
vt 0.224917 0.248714 0.000000
vt 0.228433 0.274231 0.000000
vt 0.206683 0.229787 0.000000
vt 0.219885 0.224527 0.000000
vt 0.321113 0.247834 0.000000
vt 0.316972 0.261496 0.000000
vt 0.325497 0.229729 0.000000
vt 0.336553 0.230927 0.000000
vt 0.330848 0.251796 0.000000
vt 0.325144 0.272666 0.000000
vt 0.292413 0.295504 0.000000
vt 0.292128 0.281397 0.000000
vt 0.300862 0.280522 0.000000
vt 0.300201 0.293970 0.000000
vt 0.291878 0.271434 0.000000
vt 0.300782 0.271594 0.000000
vt 0.308956 0.271994 0.000000
vt 0.308599 0.278899 0.000000
vt 0.308004 0.290480 0.000000
vt 0.275624 0.291760 0.000000
vt 0.274407 0.279931 0.000000
vt 0.283064 0.281113 0.000000
vt 0.284341 0.294699 0.000000
vt 0.273510 0.272508 0.000000
vt 0.282647 0.271847 0.000000
vt 0.264885 0.273088 0.000000
vt 0.266894 0.278114 0.000000
vt 0.265900 0.286889 0.000000
vt 0.314669 0.276935 0.000000
vt 0.316123 0.285410 0.000000
vt 0.315995 0.272301 0.000000
vt 0.308006 0.265110 0.000000
vt 0.300416 0.262903 0.000000
vt 0.291964 0.261841 0.000000
vt 0.283194 0.262836 0.000000
vt 0.274727 0.265102 0.000000
vt 0.267181 0.267854 0.000000
vt 0.314188 0.267551 0.000000
vt 0.292434 0.317527 0.000000
vt 0.298344 0.316220 0.000000
vt 0.305624 0.312460 0.000000
vt 0.278837 0.313452 0.000000
vt 0.286376 0.316676 0.000000
vt 0.257287 0.302073 0.000000
vt 0.268484 0.307643 0.000000
vt 0.237471 0.299160 0.000000
vt 0.247216 0.299566 0.000000
vt 0.216801 0.301191 0.000000
vt 0.227254 0.299891 0.000000
vt 0.315794 0.305952 0.000000
vt 0.327409 0.298070 0.000000
vt 0.340833 0.210774 0.000000
vt 0.329008 0.210349 0.000000
vt 0.317255 0.209847 0.000000
vt 0.228860 0.197687 0.000000
vt 0.216517 0.202855 0.000000
vt 0.204012 0.209197 0.000000
vt 0.252098 0.194300 0.000000
vt 0.240882 0.194866 0.000000
vt 0.271832 0.199136 0.000000
vt 0.262023 0.195894 0.000000
vt 0.294140 0.207407 0.000000
vt 0.282703 0.203514 0.000000
vt 0.305644 0.209192 0.000000
vt 0.262495 0.073365 0.000000
vt 0.264375 0.059502 0.000000
vt 0.154462 0.028064 0.000000
vt 0.140338 0.038117 0.000000
vt 0.138007 0.032038 0.000000
vt 0.151684 0.022271 0.000000
vt 0.228798 0.089194 0.000000
vt 0.226197 0.098488 0.000000
vt 0.208817 0.090477 0.000000
vt 0.213576 0.082151 0.000000
vt 0.197429 0.072856 0.000000
vt 0.187310 0.085275 0.000000
vt 0.310622 0.114824 0.000000
vt 0.295457 0.111500 0.000000
vt 0.315929 0.136563 0.000000
vt 0.296302 0.130041 0.000000
vt 0.188718 0.030641 0.000000
vt 0.193613 0.027123 0.000000
vt 0.819726 0.260006 0.000000
vt 0.796514 0.258906 0.000000
vt 0.869974 0.274239 0.000000
vt 0.915034 0.289960 0.000000
vt 0.730729 0.335721 0.000000
vt 0.726349 0.351464 0.000000
vt 0.748755 0.298121 0.000000
vt 0.761027 0.279101 0.000000
vt 0.966240 0.173435 0.000000
vt 0.943638 0.168522 0.000000
vt 0.919442 0.165752 0.000000
vt 0.892058 0.167267 0.000000
vt 0.804077 0.177908 0.000000
vt 0.793986 0.178729 0.000000
vt 0.783175 0.179752 0.000000
vt 0.772002 0.180876 0.000000
vt 0.705799 0.213562 0.000000
vt 0.318165 0.097796 0.000000
vt 0.316184 0.083072 0.000000
vt 0.313914 0.070111 0.000000
vt 0.320681 0.136065 0.000000
vt 0.319568 0.116049 0.000000
vt 0.293169 0.418379 0.000000
vt 0.288840 0.418566 0.000000
vt 0.289528 0.408800 0.000000
vt 0.294442 0.408820 0.000000
vt 0.284511 0.418753 0.000000
vt 0.285046 0.408897 0.000000
vt 0.279741 0.419130 0.000000
vt 0.280572 0.409085 0.000000
vt 0.274971 0.419507 0.000000
vt 0.275774 0.409209 0.000000
vt 0.269727 0.419320 0.000000
vt 0.270321 0.409118 0.000000
vt 0.264484 0.419132 0.000000
vt 0.264491 0.409111 0.000000
vt 0.259486 0.419336 0.000000
vt 0.258563 0.409488 0.000000
vt 0.254487 0.419541 0.000000
vt 0.252519 0.410145 0.000000
vt 0.248392 0.420306 0.000000
vt 0.246342 0.410979 0.000000
vt 0.242297 0.421072 0.000000
vt 0.240099 0.411902 0.000000
vt 0.305223 0.418485 0.000000
vt 0.299196 0.418432 0.000000
vt 0.300211 0.408983 0.000000
vt 0.306406 0.409217 0.000000
vt 0.607757 0.515280 0.000000
vt 0.594642 0.510217 0.000000
vt 0.578646 0.504436 0.000000
vt 0.563401 0.500435 0.000000
vt 0.548263 0.498317 0.000000
vt 0.625341 0.525312 0.000000
vt 0.623613 0.521858 0.000000
vt 0.512868 0.493743 0.000000
vt 0.533204 0.497567 0.000000
vt 0.455524 0.463660 0.000000
vt 0.482524 0.480350 0.000000
vt 0.617460 0.517312 0.000000
vt 0.614118 0.516842 0.000000
vt 0.620823 0.519100 0.000000
vt 0.452093 0.395036 0.000000
vt 0.776521 0.264624 0.000000
vt 0.844878 0.265983 0.000000
vt 0.893017 0.282179 0.000000
vt 0.723628 0.365951 0.000000
vt 0.738427 0.317467 0.000000
vt 0.423163 0.371110 0.000000
vt 0.436956 0.368389 0.000000
vt 0.453708 0.365457 0.000000
vt 0.469414 0.364152 0.000000
vt 0.484689 0.364682 0.000000
vt 0.404109 0.377955 0.000000
vt 0.406408 0.374852 0.000000
vt 0.499651 0.366547 0.000000
vt 0.520341 0.366295 0.000000
vt 0.552543 0.358349 0.000000
vt 0.582021 0.346577 0.000000
vt 0.413254 0.371436 0.000000
vt 0.416628 0.371550 0.000000
vt 0.409633 0.372617 0.000000
vt 0.597259 0.279577 0.000000
# 5839 texture coords

o 2?_????___???
g 2?_????___???
f 3817/1 1267/2 1/3 1268/4 
f 1267/2 3818/6 1269/7 1/3 
f 1/3 1269/7 3819/11 1270/12 
f 1268/4 1/3 1270/12 3820/16 
f 3818/6 1271/18 6/19 1269/7 
f 1271/18 3821/22 1272/23 6/19 
f 6/19 1272/23 3822/27 1273/28 
f 1269/7 6/19 1273/28 3819/11 
f 3821/22 1274/34 11/35 1272/23 
f 1274/34 3823/38 1275/39 11/35 
f 11/35 1275/39 3824/43 1276/44 
f 1272/23 11/35 1276/44 3822/27 
f 3825/49 1277/50 16/51 1278/52 
f 1277/50 3826/54 1279/55 16/51 
f 16/51 1279/55 3827/59 1280/60 
f 1278/52 16/51 1280/60 3828/64 
f 3826/54 1281/66 19/67 1279/55 
f 1281/66 3829/70 1282/71 19/67 
f 19/67 1282/71 3830/75 1283/76 
f 1279/55 19/67 1283/76 3827/59 
f 3829/70 1284/82 23/83 1282/71 
f 1284/82 3831/86 1285/87 23/83 
f 23/83 1285/87 3832/91 1286/92 
f 1282/71 23/83 1286/92 3830/75 
f 3831/86 1287/98 26/99 1285/87 
f 1287/98 3833/102 1288/103 26/99 
f 26/99 1288/103 3834/107 1289/108 
f 1285/87 26/99 1289/108 3832/91 
f 3833/102 1290/114 29/115 1288/103 
f 1290/114 3835/118 1291/119 29/115 
f 29/115 1291/119 3836/123 1292/124 
f 1288/103 29/115 1292/124 3834/107 
f 3835/118 1293/130 33/131 1291/119 
f 1293/130 3837/134 1294/135 33/131 
f 33/131 1294/135 3838/139 1295/140 
f 1291/119 33/131 1295/140 3836/123 
f 3837/134 1296/146 36/147 1294/135 
f 1296/146 3839/150 1297/151 36/147 
f 36/147 1297/151 3840/155 1298/156 
f 1294/135 36/147 1298/156 3838/139 
f 3839/150 1299/162 39/163 1297/151 
f 1299/162 3841/166 1300/167 39/163 
f 39/163 1300/167 3842/171 1301/172 
f 1297/151 39/163 1301/172 3840/155 
f 3841/166 1302/178 2/179 1300/167 
f 1302/178 3817/1 1268/4 2/179 
f 2/179 1268/4 3820/16 1303/188 
f 1300/167 2/179 1303/188 3842/171 
f 3835/118 1304/194 32/195 1293/130 
f 1304/194 3843/198 1305/199 32/195 
f 32/195 1305/199 3844/203 1306/204 
f 1293/130 32/195 1306/204 3837/134 
f 3837/134 1306/204 35/211 1296/146 
f 1306/204 3844/203 1307/215 35/211 
f 35/211 1307/215 3845/219 1308/220 
f 1296/146 35/211 1308/220 3839/150 
f 3839/150 1308/220 38/227 1299/162 
f 1308/220 3845/219 1309/231 38/227 
f 38/227 1309/231 3846/235 1310/236 
f 1299/162 38/227 1310/236 3841/166 
f 3847/241 1311/242 47/243 1312/244 
f 1311/242 3848/246 1313/247 47/243 
f 47/243 1313/247 3849/251 1314/252 
f 1312/244 47/243 1314/252 3850/256 
f 3851/257 1315/258 50/259 1316/260 
f 1315/258 3852/262 1317/263 50/259 
f 50/259 1317/263 3848/246 1311/242 
f 1316/260 50/259 1311/242 3847/241 
f 3853/273 1318/274 57/275 1319/276 
f 1318/274 3854/278 1320/279 57/275 
f 57/275 1320/279 3852/262 1315/258 
f 1319/276 57/275 1315/258 3851/257 
f 3855/289 1321/290 63/291 1322/292 
f 1321/290 3856/294 1323/295 63/291 
f 63/291 1323/295 3857/299 1324/300 
f 1322/292 63/291 1324/300 3858/304 
f 3859/305 1325/306 66/307 1326/308 
f 1325/306 3860/310 1327/311 66/307 
f 66/307 1327/311 3856/294 1321/290 
f 1326/308 66/307 1321/290 3855/289 
f 3861/321 1328/322 72/323 1329/324 
f 1328/322 3862/326 1330/327 72/323 
f 72/323 1330/327 3860/310 1325/306 
f 1329/324 72/323 1325/306 3859/305 
f 3863/337 1331/338 75/339 1332/340 
f 1331/338 3864/342 1333/343 75/339 
f 75/339 1333/343 3862/326 1328/322 
f 1332/340 75/339 1328/322 3861/321 
f 3865/353 1334/354 78/355 1335/356 
f 1334/354 3866/358 1336/359 78/355 
f 78/355 1336/359 3864/342 1331/338 
f 1335/356 78/355 1331/338 3863/337 
f 3867/369 1337/370 81/371 1338/372 
f 1337/370 3868/374 1339/375 81/371 
f 81/371 1339/375 3866/358 1334/354 
f 1338/372 81/371 1334/354 3865/353 
f 3869/385 1340/386 84/387 1341/388 
f 1340/386 3870/390 1342/391 84/387 
f 84/387 1342/391 3868/374 1337/370 
f 1341/388 84/387 1337/370 3867/369 
f 3871/401 1343/402 87/403 1344/404 
f 1343/402 3872/406 1345/407 87/403 
f 87/403 1345/407 3870/390 1340/386 
f 1344/404 87/403 1340/386 3869/385 
f 3850/256 1314/252 54/419 1346/420 
f 1314/252 3849/251 1347/423 54/419 
f 54/419 1347/423 3872/406 1343/402 
f 1346/420 54/419 1343/402 3871/401 
f 3848/246 1348/434 52/435 1313/247 
f 1348/434 5066/438 1349/439 52/435 
f 52/435 1349/439 5067/443 1350/444 
f 1313/247 52/435 1350/444 3849/251 
f 3852/262 1351/450 51/451 1317/263 
f 1351/450 5068/454 1352/455 51/451 
f 51/451 1352/455 5066/438 1348/434 
f 1317/263 51/451 1348/434 3848/246 
f 3854/278 1353/466 58/467 1320/279 
f 1353/466 5069/470 1354/471 58/467 
f 58/467 1354/471 5068/454 1351/450 
f 1320/279 58/467 1351/450 3852/262 
f 3856/294 1355/482 68/483 1323/295 
f 1355/482 5070/486 1356/487 68/483 
f 68/483 1356/487 5071/491 1357/492 
f 1323/295 68/483 1357/492 3857/299 
f 3860/310 1358/498 67/499 1327/311 
f 1358/498 5072/502 1359/503 67/499 
f 67/499 1359/503 5070/486 1355/482 
f 1327/311 67/499 1355/482 3856/294 
f 3862/326 1360/514 73/515 1330/327 
f 1360/514 5073/518 1361/519 73/515 
f 73/515 1361/519 5072/502 1358/498 
f 1330/327 73/515 1358/498 3860/310 
f 3864/342 1362/530 76/531 1333/343 
f 1362/530 3881/534 1363/535 76/531 
f 76/531 1363/535 5073/518 1360/514 
f 1333/343 76/531 1360/514 3862/326 
f 3866/358 1364/546 79/547 1336/359 
f 1364/546 3882/550 1365/551 79/547 
f 79/547 1365/551 3881/534 1362/530 
f 1336/359 79/547 1362/530 3864/342 
f 3868/374 1366/562 82/563 1339/375 
f 1366/562 3883/566 1367/567 82/563 
f 82/563 1367/567 3882/550 1364/546 
f 1339/375 82/563 1364/546 3866/358 
f 3870/390 1368/578 85/579 1342/391 
f 1368/578 3884/582 1369/583 85/579 
f 85/579 1369/583 3883/566 1366/562 
f 1342/391 85/579 1366/562 3868/374 
f 3872/406 1370/594 88/595 1345/407 
f 1370/594 5074/598 1371/599 88/595 
f 88/595 1371/599 3884/582 1368/578 
f 1345/407 88/595 1368/578 3870/390 
f 3849/251 1350/444 53/611 1347/423 
f 1350/444 5067/443 1372/615 53/611 
f 53/611 1372/615 5074/598 1370/594 
f 1347/423 53/611 1370/594 3872/406 
f 3884/582 1373/626 89/627 1369/583 
f 1373/626 3881/534 1365/551 89/627 
f 89/627 1365/551 3882/550 1367/567 
f 1369/583 89/627 1367/567 3883/566 
f 3853/273 1374/642 59/643 1375/644 
f 1374/642 3886/646 1376/647 59/643 
f 59/643 1376/647 3887/651 1377/652 
f 1375/644 59/643 1377/652 3858/304 
f 3888/657 1378/658 91/659 1379/660 
f 1378/658 3889/662 1380/663 91/659 
f 91/659 1380/663 3890/667 1381/668 
f 1379/660 91/659 1381/668 3891/672 
f 3889/662 1382/674 92/675 1380/663 
f 1382/674 3892/678 1383/679 92/675 
f 92/675 1383/679 3893/683 1384/684 
f 1380/663 92/675 1384/684 3890/667 
f 3857/299 1385/690 70/691 1324/300 
f 1385/690 3889/662 1378/658 70/691 
f 70/691 1378/658 3888/657 1386/700 
f 1324/300 70/691 1386/700 3858/304 
f 3858/304 1386/700 60/707 1375/644 
f 1386/700 3888/657 1379/660 60/707 
f 60/707 1379/660 3891/672 1387/716 
f 1375/644 60/707 1387/716 3853/273 
f 3853/273 1387/716 61/723 1318/274 
f 1387/716 3891/672 1381/668 61/723 
f 61/723 1381/668 3890/667 1388/732 
f 1318/274 61/723 1388/732 3854/278 
f 3854/278 1388/732 62/739 1353/466 
f 1388/732 3890/667 1384/684 62/739 
f 62/739 1384/684 3893/683 1389/748 
f 1353/466 62/739 1389/748 5069/470 
f 5069/470 1389/748 93/755 1390/756 
f 1389/748 3893/683 1383/679 93/755 
f 93/755 1383/679 3892/678 1391/764 
f 1390/756 93/755 1391/764 5071/491 
f 5071/491 1391/764 69/771 1357/492 
f 1391/764 3892/678 1382/674 69/771 
f 69/771 1382/674 3889/662 1385/690 
f 1357/492 69/771 1385/690 3857/299 
f 3820/16 1270/12 8/787 1392/788 
f 1270/12 3819/11 1393/791 8/787 
f 8/787 1393/791 3894/795 1394/796 
f 1392/788 8/787 1394/796 3895/800 
f 3819/11 1273/28 7/803 1393/791 
f 1273/28 3822/27 1395/807 7/803 
f 7/803 1395/807 3896/811 1396/812 
f 1393/791 7/803 1396/812 3894/795 
f 3822/27 1276/44 12/819 1395/807 
f 1276/44 3824/43 1397/823 12/819 
f 12/819 1397/823 3886/646 1398/828 
f 1395/807 12/819 1398/828 3896/811 
f 3828/64 1280/60 21/835 1399/836 
f 1280/60 3827/59 1400/839 21/835 
f 21/835 1400/839 3897/843 1401/844 
f 1399/836 21/835 1401/844 3887/651 
f 3827/59 1283/76 20/851 1400/839 
f 1283/76 3830/75 1402/855 20/851 
f 20/851 1402/855 3898/859 1403/860 
f 1400/839 20/851 1403/860 3897/843 
f 3830/75 1286/92 24/867 1402/855 
f 1286/92 3832/91 1404/871 24/867 
f 24/867 1404/871 3899/875 1405/876 
f 1402/855 24/867 1405/876 3898/859 
f 3832/91 1289/108 27/883 1404/871 
f 1289/108 3834/107 1406/887 27/883 
f 27/883 1406/887 3900/891 1407/892 
f 1404/871 27/883 1407/892 3899/875 
f 3834/107 1292/124 30/899 1406/887 
f 1292/124 3836/123 1408/903 30/899 
f 30/899 1408/903 3901/907 1409/908 
f 1406/887 30/899 1409/908 3900/891 
f 3836/123 1295/140 34/915 1408/903 
f 1295/140 3838/139 1410/919 34/915 
f 34/915 1410/919 3902/923 1411/924 
f 1408/903 34/915 1411/924 3901/907 
f 3838/139 1298/156 37/931 1410/919 
f 1298/156 3840/155 1412/935 37/931 
f 37/931 1412/935 3903/939 1413/940 
f 1410/919 37/931 1413/940 3902/923 
f 3840/155 1301/172 40/947 1412/935 
f 1301/172 3842/171 1414/951 40/947 
f 40/947 1414/951 3904/955 1415/956 
f 1412/935 40/947 1415/956 3903/939 
f 3842/171 1303/188 9/963 1414/951 
f 1303/188 3820/16 1392/788 9/963 
f 9/963 1392/788 3895/800 1416/972 
f 1414/951 9/963 1416/972 3904/955 
f 3828/64 1417/978 14/979 1278/52 
f 1417/978 3824/43 1275/39 14/979 
f 14/979 1275/39 3823/38 1418/988 
f 1278/52 14/979 1418/988 3825/49 
f 3887/651 1376/647 15/995 1399/836 
f 1376/647 3886/646 1397/823 15/995 
f 15/995 1397/823 3824/43 1417/978 
f 1399/836 15/995 1417/978 3828/64 
f 3895/800 1394/796 48/1011 1419/1012 
f 1394/796 3894/795 1420/1015 48/1011 
f 48/1011 1420/1015 3847/241 1312/244 
f 1419/1012 48/1011 1312/244 3850/256 
f 3894/795 1396/812 49/1027 1420/1015 
f 1396/812 3896/811 1421/1031 49/1027 
f 49/1027 1421/1031 3851/257 1316/260 
f 1420/1015 49/1027 1316/260 3847/241 
f 3896/811 1398/828 56/1043 1421/1031 
f 1398/828 3886/646 1374/642 56/1043 
f 56/1043 1374/642 3853/273 1319/276 
f 1421/1031 56/1043 1319/276 3851/257 
f 3887/651 1401/844 64/1059 1377/652 
f 1401/844 3897/843 1422/1063 64/1059 
f 64/1059 1422/1063 3855/289 1322/292 
f 1377/652 64/1059 1322/292 3858/304 
f 3897/843 1403/860 65/1075 1422/1063 
f 1403/860 3898/859 1423/1079 65/1075 
f 65/1075 1423/1079 3859/305 1326/308 
f 1422/1063 65/1075 1326/308 3855/289 
f 3898/859 1405/876 71/1091 1423/1079 
f 1405/876 3899/875 1424/1095 71/1091 
f 71/1091 1424/1095 3861/321 1329/324 
f 1423/1079 71/1091 1329/324 3859/305 
f 3899/875 1407/892 74/1107 1424/1095 
f 1407/892 3900/891 1425/1111 74/1107 
f 74/1107 1425/1111 3863/337 1332/340 
f 1424/1095 74/1107 1332/340 3861/321 
f 3900/891 1409/908 77/1123 1425/1111 
f 1409/908 3901/907 1426/1127 77/1123 
f 77/1123 1426/1127 3865/353 1335/356 
f 1425/1111 77/1123 1335/356 3863/337 
f 3901/907 1411/924 80/1139 1426/1127 
f 1411/924 3902/923 1427/1143 80/1139 
f 80/1139 1427/1143 3867/369 1338/372 
f 1426/1127 80/1139 1338/372 3865/353 
f 3902/923 1413/940 83/1155 1427/1143 
f 1413/940 3903/939 1428/1159 83/1155 
f 83/1155 1428/1159 3869/385 1341/388 
f 1427/1143 83/1155 1341/388 3867/369 
f 3903/939 1415/956 86/1171 1428/1159 
f 1415/956 3904/955 1429/1175 86/1171 
f 86/1171 1429/1175 3871/401 1344/404 
f 1428/1159 86/1171 1344/404 3869/385 
f 3904/955 1416/972 55/1187 1429/1175 
f 1416/972 3895/800 1419/1012 55/1187 
f 55/1187 1419/1012 3850/256 1346/420 
f 1429/1175 55/1187 1346/420 3871/401 
f 3835/118 1430/1202 31/1203 1304/194 
f 1430/1202 3905/1206 1431/1207 31/1203 
f 31/1203 1431/1207 3906/1211 1432/1212 
f 1304/194 31/1203 1432/1212 3843/198 
f 3907/1217 1433/1218 97/1219 1434/1220 
f 1433/1218 3908/1222 1435/1223 97/1219 
f 97/1219 1435/1223 3909/1227 1436/1228 
f 1434/1220 97/1219 1436/1228 3910/1232 
f 3908/1222 1437/1234 99/1235 1435/1223 
f 1437/1234 3911/1238 1438/1239 99/1235 
f 99/1235 1438/1239 3912/1243 1439/1244 
f 1435/1223 99/1235 1439/1244 3909/1227 
f 3908/1222 1440/1250 94/1251 1437/1234 
f 1440/1250 3905/1206 1441/1255 94/1251 
f 94/1251 1441/1255 3913/1259 1442/1260 
f 1437/1234 94/1251 1442/1260 3911/1238 
f 3846/235 1443/1266 41/1267 1310/236 
f 1443/1266 3914/1270 1444/1271 41/1267 
f 41/1267 1444/1271 3915/1275 1445/1276 
f 1310/236 41/1267 1445/1276 3841/166 
f 3914/1270 1446/1282 108/1283 1444/1271 
f 1446/1282 3916/1286 1447/1287 108/1283 
f 108/1283 1447/1287 3917/1291 1448/1292 
f 1444/1271 108/1283 1448/1292 3915/1275 
f 3916/1286 1449/1298 111/1299 1447/1287 
f 1449/1298 3918/1302 1450/1303 111/1299 
f 111/1299 1450/1303 3919/1307 1451/1308 
f 1447/1287 111/1299 1451/1308 3917/1291 
f 3918/1302 1452/1314 114/1315 1450/1303 
f 1452/1314 3920/1318 1453/1319 114/1315 
f 114/1315 1453/1319 3921/1323 1454/1324 
f 1450/1303 114/1315 1454/1324 3919/1307 
f 3922/1329 1455/1330 119/1331 1456/1332 
f 1455/1330 3923/1334 1457/1335 119/1331 
f 119/1331 1457/1335 3924/1339 1458/1340 
f 1456/1332 119/1331 1458/1340 3925/1344 
f 3926/1345 1459/1346 125/1347 1460/1348 
f 1459/1346 3927/1350 1461/1351 125/1347 
f 125/1347 1461/1351 3928/1355 1462/1356 
f 1460/1348 125/1347 1462/1356 3929/1360 
f 3927/1350 1463/1362 128/1363 1461/1351 
f 1463/1362 3930/1366 1464/1367 128/1363 
f 128/1363 1464/1367 3931/1371 1465/1372 
f 1461/1351 128/1363 1465/1372 3928/1355 
f 3932/1377 1466/1378 134/1379 1467/1380 
f 1466/1378 3933/1382 1468/1383 134/1379 
f 134/1379 1468/1383 3934/1387 1469/1388 
f 1467/1380 134/1379 1469/1388 3935/1392 
f 3906/1211 1431/1207 95/1395 1470/1396 
f 1431/1207 3905/1206 1440/1250 95/1395 
f 95/1395 1440/1250 3908/1222 1433/1218 
f 1470/1396 95/1395 1433/1218 3907/1217 
f 3913/1259 1441/1255 28/1411 1471/1412 
f 1441/1255 3905/1206 1430/1202 28/1411 
f 28/1411 1430/1202 3835/118 1290/114 
f 1471/1412 28/1411 1290/114 3833/102 
f 3913/1259 1472/1426 103/1427 1442/1260 
f 1472/1426 3936/1430 1473/1431 103/1427 
f 103/1427 1473/1431 3937/1435 1474/1436 
f 1442/1260 103/1427 1474/1436 3911/1238 
f 3913/1259 1471/1412 25/1443 1472/1426 
f 1471/1412 3833/102 1287/98 25/1443 
f 25/1443 1287/98 3831/86 1475/1452 
f 1472/1426 25/1443 1475/1452 3936/1430 
f 3823/38 1476/1458 13/1459 1418/988 
f 1476/1458 3938/1462 1477/1463 13/1459 
f 13/1459 1477/1463 3939/1467 1478/1468 
f 1418/988 13/1459 1478/1468 3825/49 
f 3940/1473 1479/1474 146/1475 1480/1476 
f 1479/1474 3941/1478 1481/1479 146/1475 
f 146/1475 1481/1479 3942/1483 1482/1484 
f 1480/1476 146/1475 1482/1484 3943/1488 
f 3944/1489 1483/1490 130/1491 1484/1492 
f 1483/1490 3929/1360 1462/1356 130/1491 
f 130/1491 1462/1356 3928/1355 1485/1500 
f 1484/1492 130/1491 1485/1500 3945/1504 
f 3817/1 1486/1506 4/1507 1267/2 
f 1486/1506 3946/1510 1487/1511 4/1507 
f 4/1507 1487/1511 3947/1515 1488/1516 
f 1267/2 4/1507 1488/1516 3818/6 
f 3946/1510 1489/1522 152/1523 1487/1511 
f 1489/1522 3948/1526 1490/1527 152/1523 
f 152/1523 1490/1527 3949/1531 1491/1532 
f 1487/1511 152/1523 1491/1532 3947/1515 
f 3939/1467 1477/1463 144/1539 1492/1540 
f 1477/1463 3938/1462 1493/1543 144/1539 
f 144/1539 1493/1543 3940/1473 1480/1476 
f 1492/1540 144/1539 1480/1476 3943/1488 
f 3817/1 1302/178 3/1555 1486/1506 
f 1302/178 3841/166 1445/1276 3/1555 
f 3/1555 1445/1276 3915/1275 1494/1564 
f 1486/1506 3/1555 1494/1564 3946/1510 
f 3946/1510 1494/1564 109/1571 1489/1522 
f 1494/1564 3915/1275 1448/1292 109/1571 
f 109/1571 1448/1292 3917/1291 1495/1580 
f 1489/1522 109/1571 1495/1580 3948/1526 
f 3949/1531 1496/1586 153/1587 1491/1532 
f 1496/1586 3950/1590 1497/1591 153/1587 
f 153/1587 1497/1591 3951/1595 1498/1596 
f 1491/1532 153/1587 1498/1596 3947/1515 
f 3951/1595 1497/1591 143/1603 1499/1604 
f 1497/1591 3950/1590 1500/1607 143/1603 
f 143/1603 1500/1607 3940/1473 1493/1543 
f 1499/1604 143/1603 1493/1543 3938/1462 
f 3951/1595 1501/1618 5/1619 1498/1596 
f 1501/1618 3821/22 1271/18 5/1619 
f 5/1619 1271/18 3818/6 1488/1516 
f 1498/1596 5/1619 1488/1516 3947/1515 
f 3938/1462 1476/1458 10/1635 1499/1604 
f 1476/1458 3823/38 1274/34 10/1635 
f 10/1635 1274/34 3821/22 1501/1618 
f 1499/1604 10/1635 1501/1618 3951/1595 
f 3948/1526 1502/1650 154/1651 1490/1527 
f 1502/1650 3952/1654 1503/1655 154/1651 
f 154/1651 1503/1655 3953/1659 1504/1660 
f 1490/1527 154/1651 1504/1660 3949/1531 
f 3948/1526 1495/1580 112/1667 1502/1650 
f 1495/1580 3917/1291 1451/1308 112/1667 
f 112/1667 1451/1308 3919/1307 1505/1676 
f 1502/1650 112/1667 1505/1676 3952/1654 
f 3942/1483 1481/1479 149/1683 1506/1684 
f 1481/1479 3941/1478 1507/1687 149/1683 
f 149/1683 1507/1687 3944/1489 1484/1492 
f 1506/1684 149/1683 1484/1492 3945/1504 
f 3950/1590 1508/1698 147/1699 1500/1607 
f 1508/1698 3954/1702 1509/1703 147/1699 
f 147/1699 1509/1703 3941/1478 1479/1474 
f 1500/1607 147/1699 1479/1474 3940/1473 
f 3950/1590 1496/1586 155/1715 1508/1698 
f 1496/1586 3949/1531 1504/1660 155/1715 
f 155/1715 1504/1660 3953/1659 1510/1724 
f 1508/1698 155/1715 1510/1724 3954/1702 
f 3924/1339 1457/1335 122/1731 1511/1732 
f 1457/1335 3923/1334 1512/1735 122/1731 
f 122/1731 1512/1735 3926/1345 1460/1348 
f 1511/1732 122/1731 1460/1348 3929/1360 
f 3953/1659 1513/1746 157/1747 1510/1724 
f 1513/1746 3955/1750 1514/1751 157/1747 
f 157/1747 1514/1751 3956/1755 1515/1756 
f 1510/1724 157/1747 1515/1756 3954/1702 
f 3956/1755 1514/1751 124/1763 1516/1764 
f 1514/1751 3955/1750 1517/1767 124/1763 
f 124/1763 1517/1767 3925/1344 1458/1340 
f 1516/1764 124/1763 1458/1340 3924/1339 
f 3956/1755 1518/1778 148/1779 1515/1756 
f 1518/1778 3944/1489 1507/1687 148/1779 
f 148/1779 1507/1687 3941/1478 1509/1703 
f 1515/1756 148/1779 1509/1703 3954/1702 
f 3956/1755 1516/1764 123/1795 1518/1778 
f 1516/1764 3924/1339 1511/1732 123/1795 
f 123/1795 1511/1732 3929/1360 1483/1490 
f 1518/1778 123/1795 1483/1490 3944/1489 
f 3955/1750 1519/1810 118/1811 1517/1767 
f 1519/1810 3957/1814 1520/1815 118/1811 
f 118/1811 1520/1815 3921/1323 1521/1820 
f 1517/1767 118/1811 1521/1820 3925/1344 
f 3921/1323 1453/1319 117/1827 1521/1820 
f 1453/1319 3920/1318 1522/1831 117/1827 
f 117/1827 1522/1831 3922/1329 1456/1332 
f 1521/1820 117/1827 1456/1332 3925/1344 
f 3921/1323 1520/1815 115/1843 1454/1324 
f 1520/1815 3957/1814 1523/1847 115/1843 
f 115/1843 1523/1847 3952/1654 1505/1676 
f 1454/1324 115/1843 1505/1676 3919/1307 
f 3957/1814 1519/1810 156/1859 1523/1847 
f 1519/1810 3955/1750 1513/1746 156/1859 
f 156/1859 1513/1746 3953/1659 1503/1655 
f 1523/1847 156/1859 1503/1655 3952/1654 
f 3931/1371 1464/1367 132/1875 1524/1876 
f 1464/1367 3930/1366 1525/1879 132/1875 
f 132/1875 1525/1879 3932/1377 1467/1380 
f 1524/1876 132/1875 1467/1380 3935/1392 
f 3935/1392 1526/1890 133/1891 1524/1876 
f 1526/1890 3958/1894 1527/1895 133/1891 
f 133/1891 1527/1895 3959/1899 1528/1900 
f 1524/1876 133/1891 1528/1900 3931/1371 
f 3960/1905 1529/1906 159/1907 1530/1908 
f 1529/1906 3961/1910 1531/1911 159/1907 
f 159/1907 1531/1911 3962/1915 1532/1916 
f 1530/1908 159/1907 1532/1916 3963/1920 
f 3963/1920 1532/1916 18/1923 1533/1924 
f 1532/1916 3962/1915 1534/1927 18/1923 
f 18/1923 1534/1927 3829/70 1281/66 
f 1533/1924 18/1923 1281/66 3826/54 
f 3959/1899 1527/1895 158/1939 1535/1940 
f 1527/1895 3958/1894 1536/1943 158/1939 
f 158/1939 1536/1943 3964/1947 1537/1948 
f 1535/1940 158/1939 1537/1948 3965/1952 
f 3959/1899 1538/1954 129/1955 1528/1900 
f 1538/1954 3945/1504 1485/1500 129/1955 
f 129/1955 1485/1500 3928/1355 1465/1372 
f 1528/1900 129/1955 1465/1372 3931/1371 
f 3826/54 1277/50 17/1971 1533/1924 
f 1277/50 3825/49 1478/1468 17/1971 
f 17/1971 1478/1468 3939/1467 1539/1980 
f 1533/1924 17/1971 1539/1980 3963/1920 
f 3965/1952 1537/1948 160/1987 1540/1988 
f 1537/1948 3964/1947 1541/1991 160/1987 
f 160/1987 1541/1991 3961/1910 1529/1906 
f 1540/1988 160/1987 1529/1906 3960/1905 
f 3960/1905 1542/2002 151/2003 1540/1988 
f 1542/2002 3943/1488 1482/1484 151/2003 
f 151/2003 1482/1484 3942/1483 1543/2012 
f 1540/1988 151/2003 1543/2012 3965/1952 
f 3960/1905 1530/1908 145/2019 1542/2002 
f 1530/1908 3963/1920 1539/1980 145/2019 
f 145/2019 1539/1980 3939/1467 1492/1540 
f 1542/2002 145/2019 1492/1540 3943/1488 
f 3942/1483 1506/1684 150/2035 1543/2012 
f 1506/1684 3945/1504 1538/1954 150/2035 
f 150/2035 1538/1954 3959/1899 1535/1940 
f 1543/2012 150/2035 1535/1940 3965/1952 
f 3966/2049 1544/2050 165/2051 1545/2052 
f 1544/2050 3967/2054 1546/2055 165/2051 
f 165/2051 1546/2055 3968/2059 1547/2060 
f 1545/2052 165/2051 1547/2060 3969/2064 
f 3970/2065 1548/2066 174/2067 1549/2068 
f 1548/2066 3971/2070 1550/2071 174/2067 
f 174/2067 1550/2071 3972/2075 1551/2076 
f 1549/2068 174/2067 1551/2076 3973/2080 
f 3974/2081 1552/2082 183/2083 1553/2084 
f 1552/2082 3975/2086 1554/2087 183/2083 
f 183/2083 1554/2087 3976/2091 1555/2092 
f 1553/2084 183/2083 1555/2092 3977/2096 
f 3978/2097 1556/2098 191/2099 1557/2100 
f 1556/2098 3979/2102 1558/2103 191/2099 
f 191/2099 1558/2103 3980/2107 1559/2108 
f 1557/2100 191/2099 1559/2108 3981/2112 
f 3978/2097 1560/2114 194/2115 1556/2098 
f 1560/2114 3982/2118 1561/2119 194/2115 
f 194/2115 1561/2119 3983/2123 1562/2124 
f 1556/2098 194/2115 1562/2124 3979/2102 
f 3984/2129 1563/2130 138/2131 1564/2132 
f 1563/2130 3983/2123 1565/2135 138/2131 
f 138/2131 1565/2135 3934/1387 1566/2140 
f 1564/2132 138/2131 1566/2140 3985/2144 
f 3986/2145 1567/2146 175/2147 1568/2148 
f 1567/2146 3987/2150 1569/2151 175/2147 
f 175/2147 1569/2151 3970/2065 1549/2068 
f 1568/2148 175/2147 1549/2068 3973/2080 
f 3987/2150 1570/2162 176/2163 1569/2151 
f 1570/2162 3988/2166 1571/2167 176/2163 
f 176/2163 1571/2167 3989/2171 1572/2172 
f 1569/2151 176/2163 1572/2172 3970/2065 
f 3966/2049 1573/2178 168/2179 1544/2050 
f 1573/2178 3990/2182 1574/2183 168/2179 
f 168/2179 1574/2183 3991/2187 1575/2188 
f 1544/2050 168/2179 1575/2188 3967/2054 
f 3992/2193 1576/2194 213/2195 1577/2196 
f 1576/2194 3993/2198 1578/2199 213/2195 
f 213/2195 1578/2199 3994/2203 1579/2204 
f 1577/2196 213/2195 1579/2204 3995/2208 
f 3994/2203 1578/2199 216/2211 1580/2212 
f 1578/2199 3993/2198 1581/2215 216/2211 
f 216/2211 1581/2215 3996/2219 1582/2220 
f 1580/2212 216/2211 1582/2220 3997/2224 
f 3998/2225 1583/2226 184/2227 1584/2228 
f 1583/2226 3999/2230 1585/2231 184/2227 
f 184/2227 1585/2231 3974/2081 1553/2084 
f 1584/2228 184/2227 1553/2084 3977/2096 
f 3972/2075 1550/2071 179/2243 1586/2244 
f 1550/2071 3971/2070 1587/2247 179/2243 
f 179/2243 1587/2247 4000/2251 1588/2252 
f 1586/2244 179/2243 1588/2252 4001/2256 
f 4002/2257 1589/2258 166/2259 1590/2260 
f 1589/2258 4003/2262 1591/2263 166/2259 
f 166/2259 1591/2263 3966/2049 1545/2052 
f 1590/2260 166/2259 1545/2052 3969/2064 
f 3967/2054 1592/2274 170/2275 1546/2055 
f 1592/2274 4004/2278 1593/2279 170/2275 
f 170/2275 1593/2279 4005/2283 1594/2284 
f 1546/2055 170/2275 1594/2284 3968/2059 
f 3986/2145 1595/2290 205/2291 1567/2146 
f 1595/2290 4006/2294 1596/2295 205/2291 
f 205/2291 1596/2295 4007/2299 1597/2300 
f 1567/2146 205/2291 1597/2300 3987/2150 
f 3995/2208 1598/2306 212/2307 1599/2308 
f 1598/2306 4008/2310 1600/2311 212/2307 
f 212/2307 1600/2311 4009/2315 1601/2316 
f 1599/2308 212/2307 1601/2316 3991/2187 
f 3987/2150 1597/2300 206/2323 1570/2162 
f 1597/2300 4007/2299 1602/2327 206/2323 
f 206/2323 1602/2327 4010/2331 1603/2332 
f 1570/2162 206/2323 1603/2332 3988/2166 
f 3997/2224 1604/2338 217/2339 1580/2212 
f 1604/2338 4011/2342 1605/2343 217/2339 
f 217/2339 1605/2343 4012/2347 1606/2348 
f 1580/2212 217/2339 1606/2348 3994/2203 
f 3994/2203 1606/2348 218/2355 1579/2204 
f 1606/2348 4012/2347 1607/2359 218/2355 
f 218/2355 1607/2359 4008/2310 1598/2306 
f 1579/2204 218/2355 1598/2306 3995/2208 
f 3989/2171 1571/2167 208/2371 1608/2372 
f 1571/2167 3988/2166 1609/2375 208/2371 
f 208/2371 1609/2375 3997/2224 1582/2220 
f 1608/2372 208/2371 1582/2220 3996/2219 
f 3991/2187 1574/2183 211/2387 1599/2308 
f 1574/2183 3990/2182 1610/2391 211/2387 
f 211/2387 1610/2391 3992/2193 1577/2196 
f 1599/2308 211/2387 1577/2196 3995/2208 
f 3991/2187 1601/2316 169/2403 1575/2188 
f 1601/2316 4009/2315 1611/2407 169/2403 
f 169/2403 1611/2407 4004/2278 1592/2274 
f 1575/2188 169/2403 1592/2274 3967/2054 
f 3988/2166 1603/2332 207/2419 1609/2375 
f 1603/2332 4010/2331 1612/2423 207/2419 
f 207/2419 1612/2423 4011/2342 1604/2338 
f 1609/2375 207/2419 1604/2338 3997/2224 
f 3990/2182 1613/2434 210/2435 1610/2391 
f 1613/2434 4013/2438 1614/2439 210/2435 
f 210/2435 1614/2439 4014/2443 1615/2444 
f 1610/2391 210/2435 1615/2444 3992/2193 
f 3990/2182 1573/2178 167/2451 1613/2434 
f 1573/2178 3966/2049 1591/2263 167/2451 
f 167/2451 1591/2263 4003/2262 1616/2460 
f 1613/2434 167/2451 1616/2460 4013/2438 
f 3993/2198 1617/2466 215/2467 1581/2215 
f 1617/2466 4015/2470 1618/2471 215/2467 
f 215/2467 1618/2471 4016/2475 1619/2476 
f 1581/2215 215/2467 1619/2476 3996/2219 
f 3993/2198 1576/2194 214/2483 1617/2466 
f 1576/2194 3992/2193 1615/2444 214/2483 
f 214/2483 1615/2444 4014/2443 1620/2492 
f 1617/2466 214/2483 1620/2492 4015/2470 
f 3996/2219 1619/2476 209/2499 1608/2372 
f 1619/2476 4016/2475 1621/2503 209/2499 
f 209/2499 1621/2503 4017/2507 1622/2508 
f 1608/2372 209/2499 1622/2508 3989/2171 
f 4017/2507 1623/2514 177/2515 1622/2508 
f 1623/2514 3971/2070 1548/2066 177/2515 
f 177/2515 1548/2066 3970/2065 1572/2172 
f 1622/2508 177/2515 1572/2172 3989/2171 
f 4005/2283 1593/2279 225/2531 1624/2532 
f 1593/2279 4004/2278 1625/2535 225/2531 
f 225/2531 1625/2535 5075/2539 1626/2540 
f 1624/2532 225/2531 1626/2540 5076/2544 
f 4007/2299 1596/2295 228/2547 1627/2548 
f 1596/2295 4006/2294 1628/2551 228/2547 
f 228/2547 1628/2551 5077/2555 1629/2556 
f 1627/2548 228/2547 1629/2556 5078/2560 
f 4009/2315 1600/2311 231/2563 1630/2564 
f 1600/2311 4008/2310 1631/2567 231/2563 
f 231/2563 1631/2567 5079/2571 1632/2572 
f 1630/2564 231/2563 1632/2572 5080/2576 
f 4010/2331 1602/2327 229/2579 1633/2580 
f 1602/2327 4007/2299 1627/2548 229/2579 
f 229/2579 1627/2548 5078/2560 1634/2588 
f 1633/2580 229/2579 1634/2588 5081/2592 
f 4012/2347 1605/2343 233/2595 1635/2596 
f 1605/2343 4011/2342 1636/2599 233/2595 
f 233/2595 1636/2599 5082/2603 1637/2604 
f 1635/2596 233/2595 1637/2604 5083/2608 
f 4008/2310 1607/2359 230/2611 1631/2567 
f 1607/2359 4012/2347 1635/2596 230/2611 
f 230/2611 1635/2596 5083/2608 1638/2620 
f 1631/2567 230/2611 1638/2620 5079/2571 
f 4004/2278 1611/2407 224/2627 1625/2535 
f 1611/2407 4009/2315 1630/2564 224/2627 
f 224/2627 1630/2564 5080/2576 1639/2636 
f 1625/2535 224/2627 1639/2636 5075/2539 
f 4011/2342 1612/2423 232/2643 1636/2599 
f 1612/2423 4010/2331 1633/2580 232/2643 
f 232/2643 1633/2580 5081/2592 1640/2652 
f 1636/2599 232/2643 1640/2652 5082/2603 
f 4001/2256 1588/2252 220/2659 1641/2660 
f 1588/2252 4000/2251 1642/2663 220/2659 
f 220/2659 1642/2663 3999/2230 1583/2226 
f 1641/2660 220/2659 1583/2226 3998/2225 
f 3999/2230 1643/2674 185/2675 1585/2231 
f 1643/2674 4027/2678 1644/2679 185/2675 
f 185/2675 1644/2679 4028/2683 1645/2684 
f 1585/2231 185/2675 1645/2684 3974/2081 
f 4029/2689 1646/2690 161/2691 1647/2692 
f 1646/2690 4030/2694 1648/2695 161/2691 
f 161/2691 1648/2695 3961/1910 1541/1991 
f 1647/2692 161/2691 1541/1991 3964/1947 
f 3976/2091 1554/2087 187/2707 1649/2708 
f 1554/2087 3975/2086 1650/2711 187/2707 
f 187/2707 1650/2711 4031/2715 1651/2716 
f 1649/2708 187/2707 1651/2716 4032/2720 
f 4029/2689 1652/2722 193/2723 1653/2724 
f 1652/2722 3978/2097 1654/2727 193/2723 
f 193/2723 1654/2727 4031/2715 1655/2732 
f 1653/2724 193/2723 1655/2732 4028/2683 
f 3964/1947 1656/2738 164/2739 1647/2692 
f 1656/2738 3982/2118 1560/2114 164/2739 
f 164/2739 1560/2114 3978/2097 1652/2722 
f 1647/2692 164/2739 1652/2722 4029/2689 
f 3982/2118 1656/2738 140/2755 1657/2756 
f 1656/2738 3964/1947 1536/1943 140/2755 
f 140/2755 1536/1943 3958/1894 1526/1890 
f 1657/2756 140/2755 1526/1890 3935/1392 
f 3829/70 1534/1927 22/2771 1284/82 
f 1534/1927 3962/1915 1658/2775 22/2771 
f 22/2771 1658/2775 3936/1430 1475/1452 
f 1284/82 22/2771 1475/1452 3831/86 
f 4014/2443 1659/2786 234/2787 1620/2492 
f 1659/2786 4033/2790 1660/2791 234/2787 
f 234/2787 1660/2791 4034/2795 1661/2796 
f 1620/2492 234/2787 1661/2796 4015/2470 
f 4030/2694 1662/2802 162/2803 1648/2695 
f 1662/2802 4035/2806 1663/2807 162/2803 
f 162/2803 1663/2807 4034/2795 1664/2812 
f 1648/2695 162/2803 1664/2812 3961/1910 
f 4034/2795 1660/2791 163/2819 1664/2812 
f 1660/2791 4033/2790 1665/2823 163/2819 
f 163/2819 1665/2823 3962/1915 1531/1911 
f 1664/2812 163/2819 1531/1911 3961/1910 
f 4034/2795 1663/2807 235/2835 1661/2796 
f 1663/2807 4035/2806 1666/2839 235/2835 
f 235/2835 1666/2839 4016/2475 1618/2471 
f 1661/2796 235/2835 1618/2471 4015/2470 
f 4035/2806 1667/2850 236/2851 1666/2839 
f 1667/2850 4036/2854 1668/2855 236/2851 
f 236/2851 1668/2855 4017/2507 1621/2503 
f 1666/2839 236/2851 1621/2503 4016/2475 
f 4017/2507 1668/2855 178/2867 1623/2514 
f 1668/2855 4036/2854 1669/2871 178/2867 
f 178/2867 1669/2871 4000/2251 1587/2247 
f 1623/2514 178/2867 1587/2247 3971/2070 
f 4028/2683 1644/2679 238/2883 1653/2724 
f 1644/2679 4027/2678 1670/2887 238/2883 
f 238/2883 1670/2887 4030/2694 1646/2690 
f 1653/2724 238/2883 1646/2690 4029/2689 
f 4032/2720 1651/2716 192/2899 1671/2900 
f 1651/2716 4031/2715 1654/2727 192/2899 
f 192/2899 1654/2727 3978/2097 1557/2100 
f 1671/2900 192/2899 1557/2100 3981/2112 
f 4028/2683 1655/2732 186/2915 1645/2684 
f 1655/2732 4031/2715 1650/2711 186/2915 
f 186/2915 1650/2711 3975/2086 1552/2082 
f 1645/2684 186/2915 1552/2082 3974/2081 
f 4035/2806 1662/2802 237/2931 1667/2850 
f 1662/2802 4030/2694 1670/2887 237/2931 
f 237/2931 1670/2887 4027/2678 1672/2940 
f 1667/2850 237/2931 1672/2940 4036/2854 
f 3999/2230 1642/2663 221/2947 1643/2674 
f 1642/2663 4000/2251 1669/2871 221/2947 
f 221/2947 1669/2871 4036/2854 1672/2940 
f 1643/2674 221/2947 1672/2940 4027/2678 
f 4033/2790 1673/2962 141/2963 1665/2823 
f 1673/2962 3937/1435 1473/1431 141/2963 
f 141/2963 1473/1431 3936/1430 1658/2775 
f 1665/2823 141/2963 1658/2775 3962/1915 
f 4033/2790 1659/2786 142/2979 1673/2962 
f 1659/2786 4014/2443 1614/2439 142/2979 
f 142/2979 1614/2439 4013/2438 1674/2988 
f 1673/2962 142/2979 1674/2988 3937/1435 
f 4013/2438 1616/2460 105/2995 1674/2988 
f 1616/2460 4003/2262 1675/2999 105/2995 
f 105/2995 1675/2999 3912/1243 1676/3004 
f 1674/2988 105/2995 1676/3004 3937/1435 
f 3912/1243 1438/1239 104/3011 1676/3004 
f 3911/1238 1474/1436 104/3011 1438/1239 
f 3937/1435 1676/3004 104/3011 1474/1436 
f 3909/1227 1677/3022 101/3023 1436/1228 
f 1677/3022 4037/3026 1678/3027 101/3023 
f 101/3023 1678/3027 4038/3031 1679/3032 
f 1436/1228 101/3023 1679/3032 3910/1232 
f 4039/3037 1680/3038 244/3039 1681/3040 
f 1680/3038 4040/3042 1682/3043 244/3039 
f 244/3039 1682/3043 4041/3047 1683/3048 
f 1681/3040 244/3039 1683/3048 4042/3052 
f 4003/2262 1684/3054 106/3055 1675/2999 
f 1684/3054 4043/3058 1685/3059 106/3055 
f 106/3055 1685/3059 4044/3063 1686/3064 
f 1675/2999 106/3055 1686/3064 3912/1243 
f 4043/3058 1687/3070 249/3071 1685/3059 
f 1687/3070 4045/3074 1688/3075 249/3071 
f 249/3071 1688/3075 4046/3079 1689/3080 
f 1685/3059 249/3071 1689/3080 4044/3063 
f 4043/3058 1684/3054 223/3087 1687/3070 
f 1684/3054 4003/2262 1589/2258 223/3087 
f 223/3087 1589/2258 4002/2257 1690/3096 
f 1687/3070 223/3087 1690/3096 4045/3074 
f 4037/3026 1677/3022 100/3103 1691/3104 
f 1677/3022 3909/1227 1439/1244 100/3103 
f 100/3103 1439/1244 3912/1243 1686/3064 
f 1691/3104 100/3103 1686/3064 4044/3063 
f 4046/3079 1692/3118 250/3119 1689/3080 
f 1692/3118 4047/3122 1693/3123 250/3119 
f 250/3119 1693/3123 4048/3127 1694/3128 
f 1689/3080 250/3119 1694/3128 4044/3063 
f 4044/3063 1694/3128 239/3135 1691/3104 
f 1694/3128 4048/3127 1695/3139 239/3135 
f 239/3135 1695/3139 4049/3143 1696/3144 
f 1691/3104 239/3135 1696/3144 4037/3026 
f 4037/3026 1696/3144 240/3151 1678/3027 
f 1696/3144 4049/3143 1697/3155 240/3151 
f 240/3151 1697/3155 4050/3159 1698/3160 
f 1678/3027 240/3151 1698/3160 4038/3031 
f 4038/3031 1698/3160 241/3167 1699/3168 
f 1698/3160 4050/3159 1700/3171 241/3167 
f 241/3167 1700/3171 4047/3122 1692/3118 
f 1699/3168 241/3167 1692/3118 4046/3079 
f 4047/3122 1701/3182 247/3183 1693/3123 
f 1701/3182 4041/3047 1682/3043 247/3183 
f 247/3183 1682/3043 4040/3042 1702/3192 
f 1693/3123 247/3183 1702/3192 4048/3127 
f 4048/3127 1702/3192 246/3199 1695/3139 
f 1702/3192 4040/3042 1680/3038 246/3199 
f 246/3199 1680/3038 4039/3037 1703/3208 
f 1695/3139 246/3199 1703/3208 4049/3143 
f 4049/3143 1703/3208 245/3215 1697/3155 
f 1703/3208 4039/3037 1681/3040 245/3215 
f 245/3215 1681/3040 4042/3052 1704/3224 
f 1697/3155 245/3215 1704/3224 4050/3159 
f 4050/3159 1704/3224 248/3231 1700/3171 
f 1704/3224 4042/3052 1683/3048 248/3231 
f 248/3231 1683/3048 4041/3047 1701/3182 
f 1700/3171 248/3231 1701/3182 4047/3122 
f 4051/3245 1705/3246 253/3247 1706/3248 
f 1705/3246 4052/3250 1707/3251 253/3247 
f 253/3247 1707/3251 4053/3255 1708/3256 
f 1706/3248 253/3247 1708/3256 4054/3260 
f 4052/3250 1709/3262 256/3263 1707/3251 
f 1709/3262 4055/3266 1710/3267 256/3263 
f 256/3263 1710/3267 4056/3271 1711/3272 
f 1707/3251 256/3263 1711/3272 4053/3255 
f 4055/3266 1712/3278 260/3279 1710/3267 
f 1712/3278 4057/3282 1713/3283 260/3279 
f 260/3279 1713/3283 4058/3287 1714/3288 
f 1710/3267 260/3279 1714/3288 4056/3271 
f 3934/1387 1468/1383 137/3295 1566/2140 
f 1468/1383 3933/1382 1715/3299 137/3295 
f 137/3295 1715/3299 4059/3303 1716/3304 
f 1566/2140 137/3295 1716/3304 3985/2144 
f 3980/2107 1558/2103 196/3311 1717/3312 
f 1558/2103 3979/2102 1718/3315 196/3311 
f 196/3311 1718/3315 4051/3319 1706/3320 
f 1717/3312 196/3311 1706/3320 4054/3324 
f 3979/2102 1562/2124 195/3327 1718/3315 
f 1562/2124 3983/2123 1563/2130 195/3327 
f 195/3327 1563/2130 3984/2129 1719/3336 
f 1718/3315 195/3327 1719/3336 4051/3319 
f 3934/1387 1565/2135 139/3343 1469/1388 
f 1565/2135 3983/2123 1561/2119 139/3343 
f 139/3343 1561/2119 3982/2118 1657/2756 
f 1469/1388 139/3343 1657/2756 3935/1392 
f 4060/3357 1720/3358 266/3359 1721/3360 
f 1720/3358 4061/3362 1722/3363 266/3359 
f 266/3359 1722/3363 4062/3367 1723/3368 
f 1721/3360 266/3359 1723/3368 4063/3372 
f 4061/3362 1724/3374 269/3375 1722/3363 
f 1724/3374 4064/3378 1725/3379 269/3375 
f 269/3375 1725/3379 4065/3383 1726/3384 
f 1722/3363 269/3375 1726/3384 4062/3367 
f 4066/3389 1727/3390 275/3391 1728/3392 
f 1727/3390 4067/3394 1729/3395 275/3391 
f 275/3391 1729/3395 4068/3399 1730/3400 
f 1728/3392 275/3391 1730/3400 4069/3404 
f 4070/3405 1731/3406 284/3407 1732/3408 
f 1731/3406 4071/3410 1733/3411 284/3407 
f 284/3407 1733/3411 4072/3415 1734/3416 
f 1732/3408 284/3407 1734/3416 4073/3420 
f 4074/3421 1735/3422 292/3423 1736/3424 
f 1735/3422 4075/3426 1737/3427 292/3423 
f 292/3423 1737/3427 4076/3431 1738/3432 
f 1736/3424 292/3423 1738/3432 4077/3436 
f 4078/3437 1739/3438 303/3439 1740/3440 
f 1739/3438 4079/3442 1741/3443 303/3439 
f 303/3439 1741/3443 4080/3447 1742/3448 
f 1740/3440 303/3439 1742/3448 4081/3452 
f 4051/3245 1743/3454 254/3455 1705/3246 
f 1743/3454 4082/3458 1744/3459 254/3455 
f 254/3455 1744/3459 4083/3463 1745/3464 
f 1705/3246 254/3455 1745/3464 4052/3250 
f 4052/3250 1745/3464 255/3471 1709/3262 
f 1745/3464 4083/3463 1746/3475 255/3471 
f 255/3471 1746/3475 4073/3420 1747/3480 
f 1709/3262 255/3471 1747/3480 4055/3266 
f 4080/3447 1741/3443 307/3487 1748/3488 
f 1741/3443 4079/3442 1749/3491 307/3487 
f 307/3487 1749/3491 4084/3495 1750/3496 
f 1748/3488 307/3487 1750/3496 4085/3500 
f 4069/3404 1751/3502 276/3503 1728/3392 
f 1751/3502 4086/3506 1752/3507 276/3503 
f 276/3503 1752/3507 4087/3511 1753/3512 
f 1728/3392 276/3503 1753/3512 4066/3389 
f 4069/3404 1730/3400 282/3519 1754/3520 
f 1730/3400 4068/3399 1755/3523 282/3519 
f 282/3519 1755/3523 4088/3527 1756/3528 
f 1754/3520 282/3519 1756/3528 4089/3532 
f 4057/3282 1757/3534 262/3535 1758/3536 
f 1757/3534 4072/3415 1759/3539 262/3535 
f 262/3535 1759/3539 4090/3543 1760/3544 
f 1758/3536 262/3535 1760/3544 4060/3357 
f 4078/3437 1761/3550 279/3551 1739/3438 
f 1761/3550 4067/3394 1762/3555 279/3551 
f 279/3551 1762/3555 4091/3559 1763/3560 
f 1739/3438 279/3551 1763/3560 4079/3442 
f 4092/3565 1764/3566 319/3567 1765/3568 
f 1764/3566 4093/3570 1766/3571 319/3567 
f 319/3567 1766/3571 4094/3575 1767/3576 
f 1765/3568 319/3567 1767/3576 4091/3559 
f 4095/3581 1768/3582 323/3583 1769/3584 
f 1768/3582 4096/3586 1770/3587 323/3583 
f 323/3583 1770/3587 4097/3591 1771/3592 
f 1769/3584 323/3583 1771/3592 4098/3596 
f 4080/3447 1772/3598 309/3599 1742/3448 
f 1772/3598 4099/3602 1773/3603 309/3599 
f 309/3599 1773/3603 4090/3543 1774/3608 
f 1742/3448 309/3599 1774/3608 4081/3452 
f 4093/3613 1775/3614 321/3615 1776/3616 
f 1775/3614 4100/3618 1777/3619 321/3615 
f 321/3615 1777/3619 4101/3623 1778/3624 
f 1776/3616 321/3615 1778/3624 4102/3628 
f 4085/3629 1750/3630 313/3631 1779/3632 
f 1750/3630 4084/3634 1780/3635 313/3631 
f 313/3631 1780/3635 4103/3639 1781/3640 
f 1779/3632 313/3631 1781/3640 4098/3596 
f 4084/3634 1782/3646 312/3647 1780/3635 
f 1782/3646 4094/3650 1783/3651 312/3647 
f 312/3647 1783/3651 4104/3655 1784/3656 
f 1780/3635 312/3647 1784/3656 4103/3639 
f 4085/3500 1785/3662 308/3663 1748/3488 
f 1785/3662 4105/3666 1786/3667 308/3663 
f 308/3663 1786/3667 4099/3602 1772/3598 
f 1748/3488 308/3663 1772/3598 4080/3447 
f 4070/3405 1787/3678 287/3679 1788/3680 
f 1787/3678 4106/3682 1789/3683 287/3679 
f 287/3679 1789/3683 4107/3687 1790/3688 
f 1788/3680 287/3679 1790/3688 4108/3692 
f 4109/3693 1791/3694 200/3695 1792/3696 
f 1791/3694 4110/3698 1793/3699 200/3695 
f 200/3695 1793/3699 3984/3703 1564/3704 
f 1792/3696 200/3695 1564/3704 3985/3708 
f 4068/3399 1729/3395 280/3711 1794/3712 
f 1729/3395 4067/3394 1761/3550 280/3711 
f 280/3711 1761/3550 4078/3437 1795/3719 
f 1794/3712 280/3711 1795/3719 4111/3720 
f 4073/3420 1734/3416 259/3721 1747/3480 
f 1734/3416 4072/3415 1757/3534 259/3721 
f 259/3721 1757/3534 4057/3282 1712/3278 
f 1747/3480 259/3721 1712/3278 4055/3266 
f 4088/3527 1755/3523 281/3722 1796/3723 
f 1755/3523 4068/3399 1794/3712 281/3722 
f 281/3722 1794/3712 4111/3720 1797/3724 
f 1796/3723 281/3722 1797/3724 4108/3725 
f 4090/3543 1759/3539 291/3726 1774/3608 
f 1759/3539 4072/3415 1733/3411 291/3726 
f 291/3726 1733/3411 4071/3410 1798/3727 
f 1774/3608 291/3726 1798/3727 4081/3452 
f 4091/3559 1762/3555 278/3728 1765/3568 
f 1762/3555 4067/3394 1727/3390 278/3728 
f 278/3728 1727/3390 4066/3389 1799/3729 
f 1765/3568 278/3728 1799/3729 4092/3565 
f 4091/3559 1767/3576 306/3730 1763/3560 
f 1767/3576 4094/3575 1782/3731 306/3730 
f 306/3730 1782/3731 4084/3495 1749/3491 
f 1763/3560 306/3730 1749/3491 4079/3442 
f 4105/3732 1800/3733 272/3734 1801/3735 
f 1800/3733 4097/3591 1802/3736 272/3734 
f 272/3734 1802/3736 4112/3737 1803/3738 
f 1801/3735 272/3734 1803/3738 4064/3739 
f 4090/3543 1773/3603 267/3740 1760/3544 
f 1773/3603 4099/3602 1804/3741 267/3740 
f 267/3740 1804/3741 4061/3362 1720/3358 
f 1760/3544 267/3740 1720/3358 4060/3357 
f 4113/3742 1805/3743 298/3744 1806/3745 
f 1805/3743 4104/3655 1807/3746 298/3744 
f 298/3744 1807/3746 4102/3628 1808/3747 
f 1806/3745 298/3744 1808/3747 4075/3748 
f 4099/3602 1786/3667 268/3749 1804/3741 
f 1786/3667 4105/3666 1801/3750 268/3749 
f 268/3749 1801/3750 4064/3378 1724/3374 
f 1804/3741 268/3749 1724/3374 4061/3362 
f 3985/3751 1809/3752 203/3753 1792/3754 
f 1809/3752 4089/3532 1756/3528 203/3753 
f 203/3753 1756/3528 4088/3527 1810/3755 
f 1792/3754 203/3753 1810/3755 4109/3756 
f 4083/3463 1744/3459 311/3757 1811/3758 
f 1744/3459 4082/3458 1812/3759 311/3757 
f 311/3757 1812/3759 4114/3760 1813/3761 
f 1811/3758 311/3757 1813/3761 4115/3762 
f 4073/3420 1746/3475 285/3763 1732/3408 
f 1746/3475 4083/3463 1811/3758 285/3763 
f 285/3763 1811/3758 4115/3762 1814/3764 
f 1732/3408 285/3763 1814/3764 4070/3405 
f 4106/3682 1815/3765 310/3766 1816/3767 
f 1815/3765 4114/3760 1812/3759 310/3766 
f 310/3766 1812/3759 4082/3458 1817/3768 
f 1816/3767 310/3766 1817/3768 4110/3698 
f 4107/3687 1789/3683 330/3769 1818/3770 
f 1789/3683 4106/3682 1816/3767 330/3769 
f 330/3769 1816/3767 4110/3698 1791/3694 
f 1818/3770 330/3769 1791/3694 4109/3693 
f 4114/3760 1815/3765 286/3771 1813/3761 
f 1815/3765 4106/3682 1787/3678 286/3771 
f 286/3771 1787/3678 4070/3405 1814/3764 
f 1813/3761 286/3771 1814/3764 4115/3762 
f 4051/3245 1719/3772 201/3773 1743/3454 
f 1719/3772 3984/3703 1793/3699 201/3773 
f 201/3773 1793/3699 4110/3698 1817/3768 
f 1743/3454 201/3773 1817/3768 4082/3458 
f 4109/3756 1810/3755 318/3774 1818/3775 
f 1810/3755 4088/3527 1796/3723 318/3774 
f 318/3774 1796/3723 4108/3725 1790/3776 
f 1818/3775 318/3774 1790/3776 4107/3777 
f 5074/598 1819/3778 90/3779 1371/599 
f 1819/3778 5073/518 1363/535 90/3779 
f 90/3779 1363/535 3881/534 1373/626 
f 1371/599 90/3779 1373/626 3884/582 
f 4074/3421 1820/3780 296/3781 1735/3422 
f 1820/3780 4116/3782 1821/3783 296/3781 
f 296/3781 1821/3783 4117/3784 1822/3785 
f 1735/3422 296/3781 1822/3785 4075/3426 
f 4075/3786 1822/3787 297/3788 1806/3789 
f 1822/3787 4117/3790 1823/3791 297/3788 
f 297/3788 1823/3791 4118/3792 1824/3793 
f 1806/3789 297/3788 1824/3793 4113/3794 
f 4113/3794 1824/3793 332/3795 1825/3796 
f 1824/3793 4118/3792 1826/3797 332/3795 
f 332/3795 1826/3797 4119/3798 1827/3799 
f 1825/3796 332/3795 1827/3799 4120/3800 
f 4120/3800 1827/3799 325/3801 1828/3802 
f 1827/3799 4119/3798 1829/3803 325/3801 
f 325/3801 1829/3803 4121/3804 1830/3805 
f 1828/3802 325/3801 1830/3805 4095/3806 
f 4095/3806 1830/3805 326/3807 1768/3808 
f 1830/3805 4121/3804 1831/3809 326/3807 
f 326/3807 1831/3809 4122/3810 1832/3811 
f 1768/3808 326/3807 1832/3811 4096/3812 
f 4096/3812 1832/3811 295/3813 1833/3814 
f 1832/3811 4122/3810 1834/3815 295/3813 
f 295/3813 1834/3815 4116/3782 1820/3780 
f 1833/3814 295/3813 1820/3780 4074/3421 
f 4123/3816 1835/3817 339/3818 1836/3819 
f 1835/3817 4124/3820 1837/3821 339/3818 
f 339/3818 1837/3821 4125/3822 1838/3823 
f 1836/3819 339/3818 1838/3823 4126/3824 
f 4124/3820 1839/3825 343/3826 1837/3821 
f 1839/3825 4127/3827 1840/3828 343/3826 
f 343/3826 1840/3828 4128/3829 1841/3830 
f 1837/3821 343/3826 1841/3830 4125/3822 
f 4129/3831 1842/3832 349/3833 1843/3834 
f 1842/3832 4130/3835 1844/3836 349/3833 
f 349/3833 1844/3836 4131/3837 1845/3838 
f 1843/3834 349/3833 1845/3838 4132/3839 
f 4130/3835 1846/3840 351/3841 1844/3836 
f 1846/3840 4133/3842 1847/3843 351/3841 
f 351/3841 1847/3843 4134/3844 1848/3845 
f 1844/3836 351/3841 1848/3845 4131/3837 
f 4132/3839 1845/3838 353/3846 1849/3847 
f 1845/3838 4131/3837 1850/3848 353/3846 
f 353/3846 1850/3848 4135/3849 1851/3850 
f 1849/3847 353/3846 1851/3850 4136/3851 
f 4131/3837 1848/3845 352/3852 1850/3848 
f 1848/3845 4134/3844 1852/3853 352/3852 
f 352/3852 1852/3853 4137/3854 1853/3855 
f 1850/3848 352/3852 1853/3855 4135/3849 
f 4138/3856 1854/3857 359/3858 1855/3859 
f 1854/3857 4139/3860 1856/3861 359/3858 
f 359/3858 1856/3861 4140/3862 1857/3863 
f 1855/3859 359/3858 1857/3863 4141/3864 
f 4141/3864 1857/3863 365/3865 1858/3866 
f 1857/3863 4140/3862 1859/3867 365/3865 
f 365/3865 1859/3867 4142/3868 1860/3869 
f 1858/3866 365/3865 1860/3869 4143/3870 
f 4144/3871 1861/3872 369/3873 1862/3874 
f 1861/3872 4145/3875 1863/3876 369/3873 
f 369/3873 1863/3876 4146/3877 1864/3878 
f 1862/3874 369/3873 1864/3878 4147/3879 
f 4147/3879 1864/3878 375/3880 1865/3881 
f 1864/3878 4146/3877 1866/3882 375/3880 
f 375/3880 1866/3882 4148/3883 1867/3884 
f 1865/3881 375/3880 1867/3884 4149/3885 
f 4123/3886 1868/3887 341/3888 1835/3889 
f 1868/3887 4150/3890 1869/3891 341/3888 
f 341/3888 1869/3891 4151/3892 1870/3893 
f 1835/3889 341/3888 1870/3893 4124/3894 
f 4124/3894 1870/3893 342/3895 1839/3896 
f 1870/3893 4151/3892 1871/3897 342/3895 
f 342/3895 1871/3897 4152/3898 1872/3899 
f 1839/3896 342/3895 1872/3899 4127/3900 
f 4127/3900 1872/3899 347/3901 1840/3902 
f 1872/3899 4152/3898 1873/3903 347/3901 
f 347/3901 1873/3903 4153/3904 1874/3905 
f 1840/3902 347/3901 1874/3905 4128/3906 
f 4133/3907 1875/3908 355/3909 1847/3910 
f 1875/3908 4154/3911 1876/3912 355/3909 
f 355/3909 1876/3912 4155/3913 1877/3914 
f 1847/3910 355/3909 1877/3914 4134/3915 
f 4134/3915 1877/3914 356/3916 1852/3917 
f 1877/3914 4155/3913 1878/3918 356/3916 
f 356/3916 1878/3918 4156/3919 1879/3920 
f 1852/3917 356/3916 1879/3920 4137/3921 
f 4137/3921 1879/3920 357/3922 1853/3923 
f 1879/3920 4156/3919 1880/3924 357/3922 
f 357/3922 1880/3924 4157/3925 1881/3926 
f 1853/3923 357/3922 1881/3926 4135/3927 
f 4135/3928 1881/3929 358/3930 1851/3931 
f 1881/3929 4157/3932 1882/3933 358/3930 
f 358/3930 1882/3933 4158/3934 1883/3935 
f 1851/3931 358/3930 1883/3935 4136/3936 
f 4136/3936 1883/3935 354/3937 1849/3938 
f 1883/3935 4158/3934 1884/3939 354/3937 
f 354/3937 1884/3939 4159/3940 1885/3941 
f 1849/3938 354/3937 1885/3941 4132/3942 
f 4132/3942 1885/3941 350/3943 1843/3944 
f 1885/3941 4159/3940 1886/3945 350/3943 
f 350/3943 1886/3945 4160/3946 1887/3947 
f 1843/3944 350/3943 1887/3947 4129/3948 
f 4129/3948 1887/3947 346/3949 1888/3950 
f 1887/3947 4160/3946 1889/3951 346/3949 
f 346/3949 1889/3951 4161/3952 1890/3953 
f 1888/3950 346/3949 1890/3953 4126/3954 
f 4151/3892 1869/3891 360/3955 1891/3956 
f 1869/3891 4150/3890 1892/3957 360/3955 
f 360/3955 1892/3957 4138/3856 1855/3859 
f 1891/3956 360/3955 1855/3859 4141/3864 
f 4152/3898 1871/3897 366/3958 1893/3959 
f 1871/3897 4151/3892 1891/3956 366/3958 
f 366/3958 1891/3956 4141/3864 1858/3866 
f 1893/3959 366/3958 1858/3866 4143/3870 
f 4154/3911 1894/3960 367/3961 1895/3962 
f 1894/3960 4153/3904 1896/3963 367/3961 
f 367/3961 1896/3963 4142/3868 1897/3964 
f 1895/3962 367/3961 1897/3964 4149/3885 
f 4155/3913 1876/3912 378/3965 1898/3966 
f 1876/3912 4154/3911 1895/3962 378/3965 
f 378/3965 1895/3962 4149/3885 1867/3884 
f 1898/3966 378/3965 1867/3884 4148/3883 
f 4156/3919 1878/3918 377/3967 1899/3968 
f 1878/3918 4155/3913 1898/3966 377/3967 
f 377/3967 1898/3966 4148/3883 1900/3969 
f 1899/3968 377/3967 1900/3969 4162/3970 
f 4157/3925 1880/3924 379/3971 1901/3972 
f 1880/3924 4156/3919 1899/3968 379/3971 
f 379/3971 1899/3968 4162/3970 1902/3973 
f 1901/3972 379/3971 1902/3973 4163/3974 
f 4158/3934 1882/3933 380/3975 1903/3976 
f 1882/3933 4157/3932 1901/3977 380/3975 
f 380/3975 1901/3977 4163/3978 1904/3979 
f 1903/3976 380/3975 1904/3979 4164/3980 
f 4159/3940 1884/3939 371/3981 1905/3982 
f 1884/3939 4158/3934 1903/3976 371/3981 
f 371/3981 1903/3976 4164/3980 1906/3983 
f 1905/3982 371/3981 1906/3983 4145/3875 
f 4160/3946 1886/3945 370/3984 1907/3985 
f 1886/3945 4159/3940 1905/3982 370/3984 
f 370/3984 1905/3982 4145/3875 1861/3872 
f 1907/3985 370/3984 1861/3872 4144/3871 
f 4150/3890 1908/3986 361/3987 1892/3957 
f 1908/3986 4161/3952 1909/3988 361/3987 
f 361/3987 1909/3988 4139/3860 1854/3857 
f 1892/3957 361/3987 1854/3857 4138/3856 
f 4145/3875 1910/3989 373/3990 1863/3876 
f 1910/3989 4165/3991 1911/3992 373/3990 
f 373/3990 1911/3992 4166/3993 1912/3994 
f 1863/3876 373/3990 1912/3994 4146/3877 
f 4146/3877 1912/3994 374/3995 1866/3882 
f 1912/3994 4166/3993 1913/3996 374/3995 
f 374/3995 1913/3996 4167/3997 1914/3998 
f 1866/3882 374/3995 1914/3998 4148/3883 
f 4148/3883 1914/3998 376/3999 1900/3969 
f 1914/3998 4167/3997 1915/4000 376/3999 
f 376/3999 1915/4000 4168/4001 1916/4002 
f 1900/3969 376/3999 1916/4002 4162/3970 
f 4162/3970 1916/4002 381/4003 1902/3973 
f 1916/4002 4168/4001 1917/4004 381/4003 
f 381/4003 1917/4004 4169/4005 1918/4006 
f 1902/3973 381/4003 1918/4006 4163/3974 
f 4163/3978 1918/4007 382/4008 1904/3979 
f 1918/4007 4169/4009 1919/4010 382/4008 
f 382/4008 1919/4010 4170/4011 1920/4012 
f 1904/3979 382/4008 1920/4012 4164/3980 
f 4164/3980 1920/4012 372/4013 1906/3983 
f 1920/4012 4170/4011 1921/4014 372/4013 
f 372/4013 1921/4014 4165/3991 1910/3989 
f 1906/3983 372/4013 1910/3989 4145/3875 
f 4126/3824 1838/3823 345/4015 1888/4016 
f 1838/3823 4125/3822 1922/4017 345/4015 
f 345/4015 1922/4017 4130/3835 1842/3832 
f 1888/4016 345/4015 1842/3832 4129/3831 
f 4125/3822 1841/3830 344/4018 1922/4017 
f 1841/3830 4128/3829 1923/4019 344/4018 
f 344/4018 1923/4019 4133/3842 1846/3840 
f 1922/4017 344/4018 1846/3840 4130/3835 
f 4140/3862 1856/3861 363/4020 1924/4021 
f 1856/3861 4139/3860 1925/4022 363/4020 
f 363/4020 1925/4022 4144/3871 1862/3874 
f 1924/4021 363/4020 1862/3874 4147/3879 
f 4142/3868 1859/3867 364/4023 1897/3964 
f 1859/3867 4140/3862 1924/4021 364/4023 
f 364/4023 1924/4021 4147/3879 1865/3881 
f 1897/3964 364/4023 1865/3881 4149/3885 
f 4128/3906 1874/3905 348/4024 1923/4025 
f 1874/3905 4153/3904 1894/3960 348/4024 
f 348/4024 1894/3960 4154/3911 1875/3908 
f 1923/4025 348/4024 1875/3908 4133/3907 
f 4126/3954 1890/3953 340/4026 1836/4027 
f 1890/3953 4161/3952 1908/3986 340/4026 
f 340/4026 1908/3986 4150/3890 1868/3887 
f 1836/4027 340/4026 1868/3887 4123/3886 
f 4142/3868 1896/3963 368/4028 1860/3869 
f 1896/3963 4153/3904 1873/3903 368/4028 
f 368/4028 1873/3903 4152/3898 1893/3959 
f 1860/3869 368/4028 1893/3959 4143/3870 
f 4139/3860 1909/3988 362/4029 1925/4022 
f 1909/3988 4161/3952 1889/3951 362/4029 
f 362/4029 1889/3951 4160/3946 1907/3985 
f 1925/4022 362/4029 1907/3985 4144/3871 
f 4166/3993 1911/3992 384/4030 1926/4031 
f 1911/3992 4165/3991 1927/4032 384/4030 
f 384/4030 1927/4032 4171/4033 1928/4034 
f 1926/4031 384/4030 1928/4034 4172/4035 
f 4167/3997 1913/3996 385/4036 1929/4037 
f 1913/3996 4166/3993 1926/4031 385/4036 
f 385/4036 1926/4031 4172/4035 1930/4038 
f 1929/4037 385/4036 1930/4038 4173/4039 
f 4168/4001 1915/4000 386/4040 1931/4041 
f 1915/4000 4167/3997 1929/4037 386/4040 
f 386/4040 1929/4037 4173/4039 1932/4042 
f 1931/4041 386/4040 1932/4042 4174/4043 
f 4169/4005 1917/4004 387/4044 1933/4045 
f 1917/4004 4168/4001 1931/4041 387/4044 
f 387/4044 1931/4041 4174/4043 1934/4046 
f 1933/4045 387/4044 1934/4046 4175/4047 
f 4170/4011 1919/4010 388/4048 1935/4049 
f 1919/4010 4169/4009 1933/4050 388/4048 
f 388/4048 1933/4050 4175/4051 1936/4052 
f 1935/4049 388/4048 1936/4052 4176/4053 
f 4165/3991 1921/4014 383/4054 1927/4032 
f 1921/4014 4170/4011 1935/4049 383/4054 
f 383/4054 1935/4049 4176/4053 1937/4055 
f 1927/4032 383/4054 1937/4055 4171/4033 
f 4177/4056 1938/4057 395/4058 1939/4059 
f 1938/4057 4178/4060 1940/4061 395/4058 
f 395/4058 1940/4061 4179/4062 1941/4063 
f 1939/4059 395/4058 1941/4063 4180/4064 
f 4181/4065 1942/4066 396/4067 1943/4068 
f 1942/4066 4177/4056 1939/4059 396/4067 
f 396/4067 1939/4059 4180/4064 1944/4069 
f 1943/4068 396/4067 1944/4069 4182/4070 
f 4183/4071 1945/4072 401/4073 1946/4074 
f 1945/4072 4181/4065 1943/4068 401/4073 
f 401/4073 1943/4068 4182/4070 1947/4075 
f 1946/4074 401/4073 1947/4075 4184/4076 
f 4185/4077 1948/4078 403/4079 1949/4080 
f 1948/4078 4183/4071 1946/4074 403/4079 
f 403/4079 1946/4074 4184/4076 1950/4081 
f 1949/4080 403/4079 1950/4081 4186/4082 
f 4187/4083 1951/4084 405/4085 1952/4086 
f 1951/4084 4185/4077 1949/4080 405/4085 
f 405/4085 1949/4080 4186/4082 1953/4087 
f 1952/4086 405/4085 1953/4087 4188/4088 
f 4178/4060 1954/4089 397/4090 1940/4061 
f 1954/4089 4187/4091 1952/4092 397/4090 
f 397/4090 1952/4092 4188/4093 1955/4094 
f 1940/4061 397/4090 1955/4094 4179/4062 
f 4189/4095 1956/4096 407/4097 1957/4098 
f 1956/4096 4190/4099 1958/4100 407/4097 
f 407/4097 1958/4100 4191/4101 1959/4102 
f 1957/4098 407/4097 1959/4102 4192/4103 
f 4193/4104 1960/4105 408/4106 1961/4107 
f 1960/4105 4189/4095 1957/4098 408/4106 
f 408/4106 1957/4098 4192/4103 1962/4108 
f 1961/4107 408/4106 1962/4108 4194/4109 
f 4195/4110 1963/4111 413/4112 1964/4113 
f 1963/4111 4193/4104 1961/4107 413/4112 
f 413/4112 1961/4107 4194/4109 1965/4114 
f 1964/4113 413/4112 1965/4114 4196/4115 
f 4197/4116 1966/4117 415/4118 1967/4119 
f 1966/4117 4195/4110 1964/4113 415/4118 
f 415/4118 1964/4113 4196/4115 1968/4120 
f 1967/4119 415/4118 1968/4120 4198/4121 
f 4199/4122 1969/4123 417/4124 1970/4125 
f 1969/4123 4197/4116 1967/4119 417/4124 
f 417/4124 1967/4119 4198/4121 1971/4126 
f 1970/4125 417/4124 1971/4126 4200/4127 
f 4190/4099 1972/4128 412/4129 1958/4100 
f 1972/4128 4199/4130 1970/4131 412/4129 
f 412/4129 1970/4131 4200/4132 1973/4133 
f 1958/4100 412/4129 1973/4133 4191/4101 
f 4201/4134 1974/4135 419/4136 1975/4137 
f 1974/4135 4202/4138 1976/4139 419/4136 
f 419/4136 1976/4139 4203/4140 1977/4141 
f 1975/4137 419/4136 1977/4141 4204/4142 
f 4205/4143 1978/4144 420/4145 1979/4146 
f 1978/4144 4201/4134 1975/4137 420/4145 
f 420/4145 1975/4137 4204/4142 1980/4147 
f 1979/4146 420/4145 1980/4147 4206/4148 
f 4195/4110 1981/4149 416/4150 1982/4151 
f 4205/4143 1979/4146 416/4150 1981/4149 
f 4206/4148 1982/4151 416/4150 1979/4146 
f 4202/4138 1983/4152 418/4153 1976/4139 
f 4199/4130 1984/4154 418/4153 1983/4152 
f 4203/4140 1976/4139 418/4153 1984/4154 
f 4190/4099 1956/4096 410/4155 1985/4156 
f 1956/4096 4189/4095 1986/4157 410/4155 
f 410/4155 1986/4157 4204/4142 1977/4141 
f 1985/4156 410/4155 1977/4141 4203/4140 
f 4189/4095 1960/4105 409/4158 1986/4157 
f 1960/4105 4193/4104 1987/4159 409/4158 
f 409/4158 1987/4159 4206/4148 1980/4147 
f 1986/4157 409/4158 1980/4147 4204/4142 
f 4193/4104 1963/4111 414/4160 1987/4159 
f 4195/4110 1982/4151 414/4160 1963/4111 
f 4206/4148 1987/4159 414/4160 1982/4151 
f 4199/4130 1972/4128 411/4161 1984/4154 
f 4190/4099 1985/4156 411/4161 1972/4128 
f 4203/4140 1984/4154 411/4161 1985/4156 
f 4180/4064 1941/4063 399/4162 1988/4163 
f 1941/4063 4179/4062 1989/4164 399/4162 
f 399/4162 1989/4164 4202/4138 1974/4135 
f 1988/4163 399/4162 1974/4135 4201/4134 
f 4182/4070 1944/4069 400/4165 1990/4166 
f 1944/4069 4180/4064 1988/4163 400/4165 
f 400/4165 1988/4163 4201/4134 1978/4144 
f 1990/4166 400/4165 1978/4144 4205/4143 
f 4184/4076 1947/4075 402/4167 1991/4168 
f 1947/4075 4182/4070 1990/4166 402/4167 
f 402/4167 1990/4166 4205/4143 1981/4149 
f 1991/4168 402/4167 1981/4149 4195/4110 
f 4186/4082 1950/4081 404/4169 1992/4170 
f 1950/4081 4184/4076 1991/4168 404/4169 
f 404/4169 1991/4168 4195/4110 1966/4117 
f 1992/4170 404/4169 1966/4117 4197/4116 
f 4188/4088 1953/4087 406/4171 1993/4172 
f 1953/4087 4186/4082 1992/4170 406/4171 
f 406/4171 1992/4170 4197/4116 1969/4123 
f 1993/4172 406/4171 1969/4123 4199/4122 
f 4179/4062 1955/4094 398/4173 1989/4164 
f 1955/4094 4188/4093 1993/4174 398/4173 
f 398/4173 1993/4174 4199/4130 1983/4152 
f 1989/4164 398/4173 1983/4152 4202/4138 
f 4117/3784 1821/3783 334/4175 1994/4176 
f 1821/3783 4116/3782 1995/4177 334/4175 
f 334/4175 1995/4177 4191/4101 1973/4133 
f 1994/4176 334/4175 1973/4133 4200/4132 
f 4118/3792 1823/3791 335/4178 1996/4179 
f 1823/3791 4117/3790 1994/4180 335/4178 
f 335/4178 1994/4180 4200/4127 1971/4126 
f 1996/4179 335/4178 1971/4126 4198/4121 
f 4119/3798 1826/3797 336/4181 1997/4182 
f 1826/3797 4118/3792 1996/4179 336/4181 
f 336/4181 1996/4179 4198/4121 1968/4120 
f 1997/4182 336/4181 1968/4120 4196/4115 
f 4121/3804 1829/3803 337/4183 1998/4184 
f 1829/3803 4119/3798 1997/4182 337/4183 
f 337/4183 1997/4182 4196/4115 1965/4114 
f 1998/4184 337/4183 1965/4114 4194/4109 
f 4122/3810 1831/3809 338/4185 1999/4186 
f 1831/3809 4121/3804 1998/4184 338/4185 
f 338/4185 1998/4184 4194/4109 1962/4108 
f 1999/4186 338/4185 1962/4108 4192/4103 
f 4116/3782 1834/3815 333/4187 1995/4177 
f 1834/3815 4122/3810 1999/4186 333/4187 
f 333/4187 1999/4186 4192/4103 1959/4102 
f 1995/4177 333/4187 1959/4102 4191/4101 
f 4098/3596 1771/3592 314/4188 1779/3632 
f 1771/3592 4097/3591 1800/3733 314/4188 
f 314/4188 1800/3733 4105/3732 1785/4189 
f 1779/3632 314/4188 1785/4189 4085/3629 
f 4102/3628 1778/3624 299/4190 1808/3747 
f 1778/3624 4101/3623 2000/4191 299/4190 
f 299/4190 2000/4191 4076/4192 1737/4193 
f 1808/3747 299/4190 1737/4193 4075/3748 
f 4098/3596 1781/3640 324/4194 1769/3584 
f 1781/3640 4103/3639 2001/4195 324/4194 
f 324/4194 2001/4195 4120/4196 1828/4197 
f 1769/3584 324/4194 1828/4197 4095/3581 
f 4103/3639 1784/3656 329/4198 2001/4195 
f 1784/3656 4104/3655 1805/3743 329/4198 
f 329/4198 1805/3743 4113/3742 1825/4199 
f 2001/4195 329/4198 1825/4199 4120/4196 
f 4112/3737 1802/3736 294/4200 2002/4201 
f 1802/3736 4097/3591 1770/3587 294/4200 
f 294/4200 1770/3587 4096/3586 1833/4202 
f 2002/4201 294/4200 1833/4202 4074/4203 
f 4102/3628 1807/3746 322/4204 1776/3616 
f 1807/3746 4104/3655 1783/3651 322/4204 
f 322/4204 1783/3651 4094/3650 1766/4205 
f 1776/3616 322/4204 1766/4205 4093/3613 
f 4207/3154 2003/3156 421/3157 2004/3158 
f 2003/3156 4208/3161 2005/3162 421/3157 
f 421/3157 2005/3162 4209/3163 2006/3164 
f 2004/3158 421/3157 2006/3164 4210/3165 
f 4211/3166 2007/3169 422/3170 2008/3172 
f 2007/3169 4207/5805 2004/5806 422/3170 
f 422/3170 2004/5806 4210/5807 2009/3173 
f 2008/3172 422/3170 2009/3173 4212/3174 
f 4213/3175 2010/3176 430/3177 2011/3178 
f 2010/3176 4211/3166 2008/3172 430/3177 
f 430/3177 2008/3172 4212/3174 2012/3179 
f 2011/3178 430/3177 2012/3179 4214/3180 
f 4215/3181 2013/3184 433/3185 2014/3186 
f 2013/3184 4213/3175 2011/3178 433/3185 
f 433/3185 2011/3178 4214/3180 2015/3187 
f 2014/3186 433/3185 2015/3187 4216/3188 
f 4217/3189 2016/3190 436/3191 2017/3193 
f 2016/3190 4215/3181 2014/3186 436/3191 
f 436/3191 2014/3186 4216/3188 2018/3194 
f 2017/3193 436/3191 2018/3194 4218/3195 
f 4208/3161 2019/3196 426/3197 2005/3162 
f 2019/3196 4217/3189 2017/3193 426/3197 
f 426/3197 2017/3193 4218/3195 2020/3198 
f 2005/3162 426/3197 2020/3198 4209/3163 
f 4210/3165 2006/3164 428/3200 2021/3201 
f 2006/3164 4209/3163 2022/3202 428/3200 
f 428/3200 2022/3202 4219/3203 2023/3204 
f 2021/3201 428/3200 2023/3204 4220/3205 
f 4212/3174 2009/3173 429/3206 2024/3207 
f 2009/3173 4210/5807 2021/5808 429/3206 
f 429/3206 2021/5808 4220/5809 2025/3209 
f 2024/3207 429/3206 2025/3209 4221/3210 
f 4214/3180 2012/3179 432/3211 2026/3212 
f 2012/3179 4212/3174 2024/3207 432/3211 
f 432/3211 2024/3207 4221/3210 2027/3213 
f 2026/3212 432/3211 2027/3213 4222/3214 
f 4216/3188 2015/3187 435/3216 2028/3217 
f 2015/3187 4214/3180 2026/3212 435/3216 
f 435/3216 2026/3212 4222/3214 2029/3218 
f 2028/3217 435/3216 2029/3218 4223/3219 
f 4218/3195 2018/3194 438/3220 2030/3221 
f 2018/3194 4216/3188 2028/3217 438/3220 
f 438/3220 2028/3217 4223/3219 2031/3222 
f 2030/3221 438/3220 2031/3222 4224/3223 
f 4209/3163 2020/3198 427/3225 2022/3202 
f 2020/3198 4218/3195 2030/3221 427/3225 
f 427/3225 2030/3221 4224/3223 2032/3226 
f 2022/3202 427/3225 2032/3226 4219/3203 
f 4078/3437 1740/3440 304/4206 2033/4207 
f 1740/3440 4081/3452 2034/4208 304/4206 
f 304/3227 2034/3228 4225/3229 2035/3230 
f 2033/3232 304/3227 2035/3230 4226/3233 
f 4111/3720 1795/3719 305/4209 2036/4210 
f 1795/3719 4078/3437 2033/4207 305/4209 
f 305/3234 2033/5810 4226/5811 2037/3235 
f 2036/3236 305/3234 2037/3235 4227/3237 
f 4108/3725 1797/3724 331/4211 2038/4212 
f 1797/3724 4111/3720 2036/4210 331/4211 
f 331/3238 2036/3236 4227/3237 2039/3239 
f 2038/3240 331/3238 2039/3239 4228/3241 
f 4070/3405 1788/3680 288/4213 2040/4214 
f 1788/3680 4108/3692 2038/4215 288/4213 
f 288/3242 2038/3240 4228/3241 2041/3243 
f 2040/3244 288/3242 2041/3243 4229/3249 
f 4071/3410 1731/3406 289/4216 2042/4217 
f 1731/3406 4070/3405 2040/4214 289/4216 
f 289/3252 2040/3244 4229/3249 2043/3253 
f 2042/3254 289/3252 2043/3253 4230/3257 
f 4081/3452 1798/3727 290/4218 2034/4208 
f 1798/3727 4071/3410 2042/4217 290/4218 
f 290/3258 2042/3254 4230/3257 2044/3259 
f 2034/3228 290/3258 2044/3259 4225/3229 
f 4219/3203 2045/3261 440/3264 2023/3204 
f 2045/3261 4231/3265 2046/3268 440/3264 
f 440/3264 2046/3268 4232/3269 2047/3270 
f 2023/3204 440/3264 2047/3270 4220/3205 
f 4220/5809 2047/5813 441/3273 2025/3209 
f 2047/5813 4232/5812 2048/3274 441/3273 
f 441/3273 2048/3274 4233/3275 2049/3276 
f 2025/3209 441/3273 2049/3276 4221/3210 
f 4221/3210 2049/3276 442/3277 2027/3213 
f 2049/3276 4233/3275 2050/3280 442/3277 
f 442/3277 2050/3280 4234/3281 2051/3284 
f 2027/3213 442/3277 2051/3284 4222/3214 
f 4222/3214 2051/3284 443/3285 2029/3218 
f 2051/3284 4234/3281 2052/3286 443/3285 
f 443/3285 2052/3286 4235/3289 2053/3290 
f 2029/3218 443/3285 2053/3290 4223/3219 
f 4223/3219 2053/3290 444/3291 2031/3222 
f 2053/3290 4235/3289 2054/3292 444/3291 
f 444/3291 2054/3292 4236/3293 2055/3294 
f 2031/3222 444/3291 2055/3294 4224/3223 
f 4224/3223 2055/3294 439/3296 2032/3226 
f 2055/3294 4236/3293 2056/3297 439/3296 
f 439/3296 2056/3297 4231/3265 2045/3261 
f 2032/3226 439/3296 2045/3261 4219/3203 
f 4231/3265 2057/3298 452/3300 2046/3268 
f 2057/3298 4237/3301 2058/3302 452/3300 
f 452/3300 2058/3302 4238/3305 2059/3306 
f 2046/3268 452/3300 2059/3306 4232/3269 
f 4232/5812 2059/5815 453/3307 2048/3274 
f 2059/5815 4238/5814 2060/3308 453/3307 
f 453/3307 2060/3308 4239/3309 2061/3310 
f 2048/3274 453/3307 2061/3310 4233/3275 
f 4233/3275 2061/3310 454/3313 2050/3280 
f 2061/3310 4239/3309 2062/3314 454/3313 
f 454/3313 2062/3314 4240/3316 2063/3317 
f 2050/3280 454/3313 2063/3317 4234/3281 
f 4234/3281 2063/3317 455/3318 2052/3286 
f 2063/3317 4240/3316 2064/3321 455/3318 
f 455/3318 2064/3321 4241/3322 2065/3323 
f 2052/3286 455/3318 2065/3323 4235/3289 
f 4235/3289 2065/3323 456/3325 2054/3292 
f 2065/3323 4241/3322 2066/3326 456/3325 
f 456/3325 2066/3326 4242/3328 2067/3329 
f 2054/3292 456/3325 2067/3329 4236/3293 
f 4236/3293 2067/3329 451/3330 2056/3297 
f 2067/3329 4242/3328 2068/3331 451/3330 
f 451/3330 2068/3331 4237/3301 2057/3298 
f 2056/3297 451/3330 2057/3298 4231/3265 
f 4243/3332 2069/3333 424/3334 2070/3335 
f 2069/3333 4244/3337 2071/3338 424/3334 
f 424/3334 2071/3338 4208/3161 2003/3156 
f 2070/3335 424/3334 2003/3156 4207/3154 
f 4245/3339 2072/3340 423/3341 2073/3342 
f 2072/3340 4243/5816 2070/5817 423/3341 
f 423/3341 2070/5817 4207/5805 2007/3169 
f 2073/3342 423/3341 2007/3169 4211/3166 
f 4246/3344 2074/3345 431/3346 2075/3347 
f 2074/3345 4245/3339 2073/3342 431/3346 
f 431/3346 2073/3342 4211/3166 2010/3176 
f 2075/3347 431/3346 2010/3176 4213/3175 
f 4247/3348 2076/3349 434/3350 2077/3351 
f 2076/3349 4246/3344 2075/3347 434/3350 
f 434/3350 2075/3347 4213/3175 2013/3184 
f 2077/3351 434/3350 2013/3184 4215/3181 
f 4248/3352 2078/3353 437/3354 2079/3355 
f 2078/3353 4247/3348 2077/3351 437/3354 
f 437/3354 2077/3351 4215/3181 2016/3190 
f 2079/3355 437/3354 2016/3190 4217/3189 
f 4244/3337 2080/3356 425/3361 2071/3338 
f 2080/3356 4248/3352 2079/3355 425/3361 
f 425/3361 2079/3355 4217/3189 2019/3196 
f 2071/3338 425/3361 2019/3196 4208/3161 
f 4226/3233 2035/3230 446/3364 2081/3365 
f 2035/3230 4225/3229 2082/3366 446/3364 
f 446/3364 2082/3366 4244/3337 2069/3333 
f 2081/3365 446/3364 2069/3333 4243/3332 
f 4227/3237 2037/3235 447/3369 2083/3370 
f 2037/3235 4226/5811 2081/5818 447/3369 
f 447/3369 2081/5818 4243/5816 2072/3340 
f 2083/3370 447/3369 2072/3340 4245/3339 
f 4228/3241 2039/3239 448/3371 2084/3373 
f 2039/3239 4227/3237 2083/3370 448/3371 
f 448/3371 2083/3370 4245/3339 2074/3345 
f 2084/3373 448/3371 2074/3345 4246/3344 
f 4229/3249 2041/3243 449/3376 2085/3377 
f 2041/3243 4228/3241 2084/3373 449/3376 
f 449/3376 2084/3373 4246/3344 2076/3349 
f 2085/3377 449/3376 2076/3349 4247/3348 
f 4230/3257 2043/3253 450/3380 2086/3381 
f 2043/3253 4229/3249 2085/3377 450/3380 
f 450/3380 2085/3377 4247/3348 2078/3353 
f 2086/3381 450/3380 2078/3353 4248/3352 
f 4225/3229 2044/3259 445/3382 2082/3366 
f 2044/3259 4230/3257 2086/3381 445/3382 
f 445/3382 2086/3381 4248/3352 2080/3356 
f 2082/3366 445/3382 2080/3356 4244/3337 
f 4249/841 2087/842 463/845 2088/846 
f 4250/847 2089/848 463/845 2087/842 
f 4251/849 2090/850 463/845 2089/848 
f 4252/852 2091/853 463/845 2090/850 
f 4253/854 2088/846 463/845 2091/853 
f 4250/847 2092/856 470/857 2089/848 
f 2092/856 4254/858 2093/861 470/857 
f 470/857 2093/861 4255/862 2094/863 
f 2089/848 470/857 2094/863 4251/849 
f 4254/858 2095/864 478/865 2093/861 
f 2095/864 4256/866 2096/868 478/865 
f 478/865 2096/868 4257/869 2097/870 
f 2093/861 478/865 2097/870 4255/862 
f 4256/866 2098/872 483/873 2096/868 
f 2098/872 4258/874 2099/877 483/873 
f 483/873 2099/877 4259/878 2100/879 
f 2096/868 483/873 2100/879 4257/869 
f 4252/852 2090/850 472/880 2101/881 
f 4251/849 2102/882 472/880 2090/850 
f 4260/884 2103/885 472/880 2102/882 
f 4261/886 2104/888 472/880 2103/885 
f 4262/889 2101/881 472/880 2104/888 
f 4251/849 2094/863 471/890 2102/882 
f 2094/863 4255/862 2105/893 471/890 
f 471/890 2105/893 4263/894 2106/895 
f 2102/882 471/890 2106/895 4260/884 
f 4255/862 2097/870 479/896 2105/893 
f 2097/870 4257/869 2107/897 479/896 
f 479/896 2107/897 4264/898 2108/900 
f 2105/893 479/896 2108/900 4263/894 
f 4257/869 2100/879 484/901 2107/897 
f 2100/879 4259/878 2109/902 484/901 
f 484/901 2109/902 4265/904 2110/905 
f 2107/897 484/901 2110/905 4264/898 
f 4266/5 2111/8 495/9 2112/10 
f 4267/13 2113/14 495/9 2111/8 
f 4268/15 2114/17 495/9 2113/14 
f 4269/20 2115/21 495/9 2114/17 
f 4270/24 2112/10 495/9 2115/21 
f 4270/24 2115/21 500/25 2116/26 
f 2115/21 4269/20 2117/29 500/25 
f 500/25 2117/29 4271/30 2118/31 
f 2116/26 500/25 2118/31 4272/32 
f 4272/32 2118/31 503/33 2119/36 
f 2118/31 4271/30 2120/37 503/33 
f 503/33 2120/37 4273/40 2121/41 
f 2119/36 503/33 2121/41 4274/42 
f 4274/42 2121/41 506/45 2122/46 
f 2121/41 4273/40 2123/47 506/45 
f 506/45 2123/47 4275/48 2124/53 
f 2122/46 506/45 2124/53 4276/56 
f 4277/57 2125/58 498/61 2126/62 
f 4278/63 2127/65 498/61 2125/58 
f 4279/68 2128/69 498/61 2127/65 
f 4269/20 2114/17 498/61 2128/69 
f 4268/15 2126/62 498/61 2114/17 
f 4269/20 2128/69 499/72 2117/29 
f 2128/69 4279/68 2129/73 499/72 
f 499/72 2129/73 4280/74 2130/77 
f 2117/29 499/72 2130/77 4271/30 
f 4271/30 2130/77 502/78 2120/37 
f 2130/77 4280/74 2131/79 502/78 
f 502/78 2131/79 4281/80 2132/81 
f 2120/37 502/78 2132/81 4273/40 
f 4273/40 2132/81 505/84 2123/47 
f 2132/81 4281/80 2133/85 505/84 
f 505/84 2133/85 4282/88 2134/89 
f 2123/47 505/84 2134/89 4275/48 
f 4258/874 2135/906 486/909 2099/877 
f 2135/90 4276/56 2124/53 486/93 
f 486/93 2124/53 4275/48 2136/94 
f 2099/877 486/909 2136/910 4259/878 
f 4259/878 2136/910 487/911 2109/902 
f 2136/94 4275/48 2134/89 487/95 
f 487/95 2134/89 4282/88 2137/96 
f 2109/902 487/911 2137/912 4265/904 
f 4283/913 2138/914 514/916 2139/917 
f 2138/97 4284/100 2140/101 514/104 
f 514/104 2140/101 4285/105 2141/106 
f 2139/917 514/916 2141/918 4286/920 
f 4287/921 2142/922 518/925 2143/926 
f 2142/109 4288/110 2144/111 518/112 
f 518/112 2144/111 4289/113 2145/116 
f 2143/926 518/925 2145/927 4290/928 
f 4291/929 2146/930 523/932 2147/933 
f 2146/117 4292/120 2148/121 523/122 
f 523/122 2148/121 4293/125 2149/126 
f 2147/933 523/932 2149/934 4294/936 
f 4253/854 2150/937 464/938 2088/846 
f 2150/127 4267/13 2111/8 464/128 
f 464/128 2111/8 4266/5 2151/129 
f 2088/846 464/938 2151/941 4249/841 
f 4295/942 2152/943 519/944 2153/945 
f 2152/943 4296/946 2154/948 519/944 
f 519/944 2154/948 4297/949 2155/950 
f 2153/945 519/944 2155/950 4287/921 
f 4287/921 2155/950 520/952 2142/922 
f 2155/950 4297/949 2156/953 520/952 
f 520/132 2156/133 4298/136 2157/137 
f 2142/109 520/132 2157/137 4288/110 
f 4288/110 2157/137 521/138 2158/141 
f 2157/137 4298/136 2159/142 521/138 
f 521/138 2159/142 4299/143 2160/144 
f 2158/141 521/138 2160/144 4300/145 
f 4300/145 2160/144 515/148 2161/149 
f 2160/144 4299/143 2162/152 515/148 
f 515/148 2162/152 4301/153 2163/154 
f 2161/149 515/148 2163/154 4285/105 
f 4285/105 2163/154 516/157 2141/106 
f 2163/154 4301/153 2164/158 516/157 
f 516/954 2164/957 4302/958 2165/959 
f 2141/918 516/954 2165/959 4286/920 
f 4286/920 2165/959 517/960 2166/961 
f 2165/959 4302/958 2167/962 517/960 
f 517/960 2167/962 4296/946 2152/943 
f 2166/961 517/960 2152/943 4295/942 
f 4290/928 2168/964 490/965 2169/966 
f 2168/964 4291/929 2147/933 490/965 
f 490/965 2147/933 4294/936 2170/967 
f 2169/966 490/965 2170/967 4261/886 
f 4303/968 2171/969 525/970 2172/971 
f 2171/969 4304/973 2173/974 525/970 
f 525/159 2173/160 4305/161 2174/164 
f 2172/165 525/159 2174/164 4306/168 
f 4307/169 2175/170 508/173 2176/174 
f 4308/175 2177/176 508/173 2175/170 
f 4293/125 2178/177 508/173 2177/176 
f 4278/63 2125/58 508/173 2178/177 
f 4277/57 2176/174 508/173 2125/58 
f 4289/113 2179/180 522/181 2145/116 
f 2179/180 4292/120 2146/117 522/181 
f 522/975 2146/930 4291/929 2168/964 
f 2145/927 522/975 2168/964 4290/928 
f 4253/854 2091/853 473/976 2180/977 
f 2091/853 4252/852 2101/881 473/976 
f 473/976 2101/881 4262/889 2181/980 
f 2180/977 473/976 2181/980 4309/981 
f 4267/13 2182/182 497/183 2113/14 
f 2182/182 4307/169 2176/174 497/183 
f 497/183 2176/174 4277/57 2126/62 
f 2113/14 497/183 2126/62 4268/15 
f 4309/981 2183/982 474/983 2180/977 
f 2183/184 4307/169 2182/182 474/185 
f 474/185 2182/182 4267/13 2150/127 
f 2180/977 474/983 2150/937 4253/854 
f 4309/981 2184/984 530/985 2183/982 
f 2184/984 4310/986 2185/987 530/985 
f 530/186 2185/187 4311/189 2186/190 
f 2183/184 530/186 2186/190 4307/169 
f 4307/169 2186/190 531/191 2175/170 
f 2186/190 4311/189 2187/192 531/191 
f 531/191 2187/192 4312/193 2188/196 
f 2175/170 531/191 2188/196 4308/175 
f 4308/175 2188/196 532/197 2189/200 
f 2188/196 4312/193 2190/201 532/197 
f 532/989 2190/990 4313/991 2191/992 
f 2189/993 532/989 2191/992 4314/994 
f 4314/994 2191/992 533/996 2192/997 
f 2191/992 4313/991 2193/998 533/996 
f 533/996 2193/998 4310/986 2184/984 
f 2192/997 533/996 2184/984 4309/981 
f 4297/949 2154/948 457/999 2194/1000 
f 2154/948 4296/946 2195/1001 457/999 
f 457/3385 2195/3386 4237/3301 2068/3331 
f 2194/3387 457/3385 2068/3331 4242/3328 
f 4298/136 2156/133 462/202 2196/205 
f 2156/953 4297/949 2194/1000 462/1002 
f 462/3388 2194/3387 4242/3328 2066/3326 
f 2196/3393 462/3388 2066/3326 4241/3322 
f 4299/143 2159/142 461/206 2197/207 
f 2159/142 4298/136 2196/205 461/206 
f 461/3396 2196/3393 4241/3322 2064/3321 
f 2197/3397 461/3396 2064/3321 4240/3316 
f 4301/153 2162/152 460/208 2198/209 
f 2162/152 4299/143 2197/207 460/208 
f 460/3398 2197/3397 4240/3316 2062/3314 
f 2198/3401 460/3398 2062/3314 4239/3309 
f 4302/958 2164/957 459/1003 2199/1004 
f 2164/158 4301/153 2198/209 459/210 
f 459/3402 2198/3401 4239/3309 2060/3308 
f 2199/3403 459/3402 2060/3308 4238/5814 
f 4296/946 2167/962 458/1005 2195/1001 
f 2167/962 4302/958 2199/1004 458/1005 
f 458/3409 2199/5819 4238/3305 2058/3302 
f 2195/3386 458/3409 2058/3302 4237/3301 
f 4315/1006 2200/1007 538/1008 2201/1009 
f 2200/1007 4316/1010 2202/1013 538/1008 
f 538/1008 2202/1013 4317/1014 2203/1016 
f 2201/1009 538/1008 2203/1016 4318/1017 
f 4319/212 2204/213 547/214 2205/216 
f 2204/213 4320/217 2206/218 547/214 
f 547/214 2206/218 4321/221 2207/222 
f 2205/216 547/214 2207/222 4322/223 
f 4323/1018 2208/1019 550/1020 2209/1021 
f 2208/224 4324/225 2210/226 550/228 
f 550/228 2210/226 4325/229 2211/230 
f 2209/1021 550/1020 2211/1022 4326/1023 
f 4316/1010 2212/1024 543/1025 2202/1013 
f 2212/232 4319/212 2205/216 543/233 
f 543/233 2205/216 4322/223 2213/234 
f 2202/1013 543/1025 2213/1026 4317/1014 
f 4327/1028 2214/1029 546/1030 2215/1032 
f 2214/237 4328/238 2216/239 546/240 
f 546/240 2216/239 4321/221 2217/245 
f 2215/1032 546/1030 2217/1033 4318/1017 
f 4329/1034 2218/1035 558/1036 2219/1037 
f 2218/1035 4330/1038 2220/1039 558/1036 
f 558/1036 2220/1039 4331/1040 2221/1041 
f 2219/1037 558/1036 2221/1041 4332/1042 
f 4333/1044 2222/1045 564/1046 2223/1047 
f 2222/1045 4334/1048 2224/1049 564/1046 
f 564/1046 2224/1049 4335/1050 2225/1051 
f 2223/1047 564/1046 2225/1051 4336/1052 
f 4337/248 2226/249 570/250 2227/253 
f 2226/249 4338/254 2228/255 570/250 
f 570/250 2228/255 4339/261 2229/264 
f 2227/253 570/250 2229/264 4340/265 
f 4341/266 2230/267 572/268 2231/269 
f 2230/267 4342/270 2232/271 572/268 
f 572/268 2232/271 4343/272 2233/277 
f 2231/269 572/268 2233/277 4344/280 
f 4330/1038 2234/1053 563/1054 2220/1039 
f 2234/281 4337/248 2227/253 563/282 
f 563/282 2227/253 4340/265 2235/283 
f 2220/1039 563/1054 2235/1055 4331/1040 
f 4342/270 2236/284 565/285 2232/271 
f 2236/1056 4333/1044 2223/1047 565/1057 
f 565/1057 2223/1047 4336/1052 2237/1058 
f 2232/271 565/285 2237/286 4343/272 
f 4334/1048 2238/1060 569/1061 2224/1049 
f 2238/287 4341/266 2231/269 569/288 
f 569/288 2231/269 4344/280 2239/293 
f 2224/1049 569/1061 2239/1062 4335/1050 
f 4338/254 2240/296 559/297 2228/255 
f 2240/1064 4329/1034 2219/1037 559/1065 
f 559/1065 2219/1037 4332/1042 2241/1066 
f 2228/255 559/297 2241/298 4339/261 
f 4327/1028 2242/1067 555/1068 2243/1069 
f 2242/1067 4345/1070 2244/1071 555/1068 
f 555/1068 2244/1071 4346/1072 2245/1073 
f 2243/1069 555/1068 2245/1073 4347/1074 
f 4348/301 2246/302 557/303 2247/309 
f 2246/302 4328/238 2248/312 557/303 
f 557/303 2248/312 4349/313 2249/314 
f 2247/309 557/303 2249/314 4350/315 
f 4345/1070 2250/1076 574/1077 2244/1071 
f 2250/316 4348/301 2247/309 574/317 
f 574/317 2247/309 4350/315 2251/318 
f 2244/1071 574/1077 2251/1078 4346/1072 
f 4328/238 2214/237 556/319 2248/312 
f 2214/1029 4327/1028 2243/1069 556/1080 
f 556/1080 2243/1069 4347/1074 2252/1081 
f 2248/312 556/319 2252/320 4349/313 
f 4330/1038 2218/1035 561/1082 2253/1083 
f 2218/1035 4329/1034 2254/1084 561/1082 
f 561/1082 2254/1084 4347/1074 2245/1073 
f 2253/1083 561/1082 2245/1073 4346/1072 
f 4338/254 2226/249 571/325 2255/328 
f 2226/249 4337/248 2256/329 571/325 
f 571/325 2256/329 4350/315 2249/314 
f 2255/328 571/325 2249/314 4349/313 
f 4337/248 2234/281 562/330 2256/329 
f 2234/1053 4330/1038 2253/1083 562/1085 
f 562/1085 2253/1083 4346/1072 2251/1078 
f 2256/329 562/330 2251/318 4350/315 
f 4329/1034 2240/1064 560/1086 2254/1084 
f 2240/296 4338/254 2255/328 560/331 
f 560/331 2255/328 4349/313 2252/320 
f 2254/1084 560/1086 2252/1081 4347/1074 
f 4332/1042 2221/1041 482/1087 2257/1088 
f 2221/1041 4331/1040 2258/1089 482/1087 
f 482/1087 2258/1089 4258/874 2098/872 
f 2257/1088 482/1087 2098/872 4256/866 
f 4340/265 2229/264 507/332 2259/333 
f 2229/264 4339/261 2260/334 507/332 
f 507/332 2260/334 4274/42 2122/46 
f 2259/333 507/332 2122/46 4276/56 
f 4331/1040 2235/1055 485/1090 2258/1089 
f 2235/283 4340/265 2259/333 485/335 
f 485/335 2259/333 4276/56 2135/90 
f 2258/1089 485/1090 2135/906 4258/874 
f 4339/261 2241/298 481/336 2260/334 
f 2241/1066 4332/1042 2257/1088 481/1092 
f 481/1092 2257/1088 4256/866 2261/1093 
f 2260/334 481/336 2261/341 4274/42 
f 4318/1017 2203/1016 545/1094 2215/1032 
f 2203/1016 4317/1014 2262/1096 545/1094 
f 545/1094 2262/1096 4345/1070 2242/1067 
f 2215/1032 545/1094 2242/1067 4327/1028 
f 4322/223 2207/222 549/344 2263/345 
f 2207/222 4321/221 2216/239 549/344 
f 549/344 2216/239 4328/238 2246/302 
f 2263/345 549/344 2246/302 4348/301 
f 4317/1014 2213/1026 544/1097 2262/1096 
f 2213/234 4322/223 2263/345 544/346 
f 544/346 2263/345 4348/301 2250/316 
f 2262/1096 544/1097 2250/1076 4345/1070 
f 4318/1017 2217/1033 539/1098 2201/1009 
f 2217/245 4321/221 2206/218 539/347 
f 539/347 2206/218 4320/217 2264/348 
f 2201/1009 539/1098 2264/1099 4315/1006 
f 4316/1010 2200/1007 541/1100 2265/1101 
f 2200/1007 4315/1006 2266/1102 541/1100 
f 541/1100 2266/1102 4351/1103 2267/1104 
f 2265/1101 541/1100 2267/1104 4352/1105 
f 4320/217 2204/213 548/349 2268/350 
f 2204/213 4319/212 2269/351 548/349 
f 548/349 2269/351 4353/352 2270/357 
f 2268/350 548/349 2270/357 4354/360 
f 4319/212 2212/232 542/361 2269/351 
f 2212/1024 4316/1010 2265/1101 542/1106 
f 542/1106 2265/1101 4352/1105 2271/1108 
f 2269/351 542/361 2271/362 4353/352 
f 4334/1048 2222/1045 567/1109 2272/1110 
f 2222/1045 4333/1044 2273/1112 567/1109 
f 567/1109 2273/1112 4352/1105 2267/1104 
f 2272/1110 567/1109 2267/1104 4351/1103 
f 4342/270 2230/267 573/363 2274/364 
f 2230/267 4341/266 2275/365 573/363 
f 573/363 2275/365 4354/360 2270/357 
f 2274/364 573/363 2270/357 4353/352 
f 4333/1044 2236/1056 566/1113 2273/1112 
f 2236/284 4342/270 2274/364 566/366 
f 566/366 2274/364 4353/352 2271/362 
f 2273/1112 566/1113 2271/1108 4352/1105 
f 4341/266 2238/287 568/367 2275/365 
f 2238/1060 4334/1048 2272/1110 568/1114 
f 568/1114 2272/1110 4351/1103 2276/1115 
f 2275/365 568/367 2276/368 4354/360 
f 4315/1006 2264/1099 540/1116 2266/1102 
f 2264/348 4320/217 2268/350 540/373 
f 540/373 2268/350 4354/360 2276/368 
f 2266/1102 540/1116 2276/1115 4351/1103 
f 4336/1052 2225/1051 551/1117 2277/1118 
f 2225/1051 4335/1050 2278/1119 551/1117 
f 551/1117 2278/1119 4323/1018 2209/1021 
f 2277/1118 551/1117 2209/1021 4326/1023 
f 4344/280 2233/277 553/376 2279/377 
f 2233/277 4343/272 2280/378 553/376 
f 553/376 2280/378 4325/229 2210/226 
f 2279/377 553/376 2210/226 4324/225 
f 4343/272 2237/286 554/379 2280/378 
f 2237/1058 4336/1052 2277/1118 554/1120 
f 554/1120 2277/1118 4326/1023 2211/1022 
f 2280/378 554/379 2211/230 4325/229 
f 4335/1050 2239/1062 552/1121 2278/1119 
f 2239/293 4344/280 2279/377 552/380 
f 552/380 2279/377 4324/225 2208/224 
f 2278/1119 552/1121 2208/1019 4323/1018 
f 4355/1122 2281/1124 575/1125 2282/1126 
f 2281/1124 4356/1128 2283/1129 575/1125 
f 575/1125 2283/1129 4357/1130 2284/1131 
f 2282/1126 575/1125 2284/1131 4358/1132 
f 4359/381 2285/382 584/383 2286/384 
f 2285/382 4360/389 2287/392 584/383 
f 584/383 2287/392 4361/393 2288/394 
f 2286/384 584/383 2288/394 4362/395 
f 4363/1133 2289/1134 587/1135 2290/1136 
f 2289/396 4364/397 2291/398 587/399 
f 587/399 2291/398 4365/400 2292/405 
f 2290/1136 587/1135 2292/1137 4366/1138 
f 4356/1128 2293/1140 580/1141 2283/1129 
f 2293/408 4359/381 2286/384 580/409 
f 580/409 2286/384 4362/395 2294/410 
f 2283/1129 580/1141 2294/1142 4357/1130 
f 4367/1144 2295/1145 583/1146 2296/1147 
f 2295/411 4368/412 2297/413 583/414 
f 583/414 2297/413 4361/393 2298/415 
f 2296/1147 583/1146 2298/1148 4358/1132 
f 4369/1149 2299/1150 595/1151 2300/1152 
f 2299/1150 4370/1153 2301/1154 595/1151 
f 595/1151 2301/1154 4371/1156 2302/1157 
f 2300/1152 595/1151 2302/1157 4372/1158 
f 4373/1160 2303/1161 601/1162 2304/1163 
f 2303/1161 4374/1164 2305/1165 601/1162 
f 601/1162 2305/1165 4375/1166 2306/1167 
f 2304/1163 601/1162 2306/1167 4376/1168 
f 4377/416 2307/417 607/418 2308/421 
f 2307/417 4378/422 2309/424 607/418 
f 607/418 2309/424 4379/425 2310/426 
f 2308/421 607/418 2310/426 4380/427 
f 4381/428 2311/429 609/430 2312/431 
f 2311/429 4382/432 2313/433 609/430 
f 609/430 2313/433 4383/436 2314/437 
f 2312/431 609/430 2314/437 4384/440 
f 4370/1153 2315/1169 600/1170 2301/1154 
f 2315/441 4377/416 2308/421 600/442 
f 600/442 2308/421 4380/427 2316/445 
f 2301/1154 600/1170 2316/1172 4371/1156 
f 4382/432 2317/446 602/447 2313/433 
f 2317/1173 4373/1160 2304/1163 602/1174 
f 602/1174 2304/1163 4376/1168 2318/1176 
f 2313/433 602/447 2318/448 4383/436 
f 4374/1164 2319/1177 606/1178 2305/1165 
f 2319/449 4381/428 2312/431 606/452 
f 606/452 2312/431 4384/440 2320/453 
f 2305/1165 606/1178 2320/1179 4375/1166 
f 4378/422 2321/456 596/457 2309/424 
f 2321/1180 4369/1149 2300/1152 596/1181 
f 596/1181 2300/1152 4372/1158 2322/1182 
f 2309/424 596/457 2322/458 4379/425 
f 4367/1144 2323/1183 592/1184 2324/1185 
f 2323/1183 4385/1186 2325/1188 592/1184 
f 592/1184 2325/1188 4386/1189 2326/1190 
f 2324/1185 592/1184 2326/1190 4387/1191 
f 4388/459 2327/460 594/461 2328/462 
f 2327/460 4368/412 2329/463 594/461 
f 594/461 2329/463 4389/464 2330/465 
f 2328/462 594/461 2330/465 4390/468 
f 4385/1186 2331/1192 611/1193 2325/1188 
f 2331/469 4388/459 2328/462 611/472 
f 611/472 2328/462 4390/468 2332/473 
f 2325/1188 611/1193 2332/1194 4386/1189 
f 4368/412 2295/411 593/474 2329/463 
f 2295/1145 4367/1144 2324/1185 593/1195 
f 593/1195 2324/1185 4387/1191 2333/1196 
f 2329/463 593/474 2333/475 4389/464 
f 4370/1153 2299/1150 598/1197 2334/1198 
f 2299/1150 4369/1149 2335/1199 598/1197 
f 598/1197 2335/1199 4387/1191 2326/1190 
f 2334/1198 598/1197 2326/1190 4386/1189 
f 4378/422 2307/417 608/476 2336/477 
f 2307/417 4377/416 2337/478 608/476 
f 608/476 2337/478 4390/468 2330/465 
f 2336/477 608/476 2330/465 4389/464 
f 4377/416 2315/441 599/479 2337/478 
f 2315/1169 4370/1153 2334/1198 599/1200 
f 599/1200 2334/1198 4386/1189 2332/1194 
f 2337/478 599/479 2332/473 4390/468 
f 4369/1149 2321/1180 597/1201 2335/1199 
f 2321/456 4378/422 2336/477 597/480 
f 597/480 2336/477 4389/464 2333/475 
f 2335/1199 597/1201 2333/1196 4387/1191 
f 4372/1158 2302/1157 477/1204 2338/1205 
f 2302/1157 4371/1156 2339/1208 477/1204 
f 477/1204 2339/1208 4256/866 2095/864 
f 2338/1205 477/1204 2095/864 4254/858 
f 4380/427 2310/426 504/481 2340/484 
f 2310/426 4379/425 2341/485 504/481 
f 504/481 2341/485 4272/32 2119/36 
f 2340/484 504/481 2119/36 4274/42 
f 4371/1156 2316/1172 480/1209 2339/1208 
f 2316/445 4380/427 2340/484 480/488 
f 480/488 2340/484 4274/42 2261/341 
f 2339/1208 480/1209 2261/1093 4256/866 
f 4379/425 2322/458 476/489 2341/485 
f 2322/1182 4372/1158 2338/1205 476/1210 
f 476/1210 2338/1205 4254/858 2342/1213 
f 2341/485 476/489 2342/490 4272/32 
f 4358/1132 2284/1131 582/1214 2296/1147 
f 2284/1131 4357/1130 2343/1215 582/1214 
f 582/1214 2343/1215 4385/1186 2323/1183 
f 2296/1147 582/1214 2323/1183 4367/1144 
f 4362/395 2288/394 586/493 2344/494 
f 2288/394 4361/393 2297/413 586/493 
f 586/493 2297/413 4368/412 2327/460 
f 2344/494 586/493 2327/460 4388/459 
f 4357/1130 2294/1142 581/1216 2343/1215 
f 2294/410 4362/395 2344/494 581/495 
f 581/495 2344/494 4388/459 2331/469 
f 2343/1215 581/1216 2331/1192 4385/1186 
f 4358/1132 2298/1148 576/1221 2282/1126 
f 2298/415 4361/393 2287/392 576/496 
f 576/496 2287/392 4360/389 2345/497 
f 2282/1126 576/1221 2345/1224 4355/1122 
f 4356/1128 2281/1124 578/1225 2346/1226 
f 2281/1124 4355/1122 2347/1229 578/1225 
f 578/1225 2347/1229 4391/1230 2348/1231 
f 2346/1226 578/1225 2348/1231 4392/1233 
f 4360/389 2285/382 585/500 2349/501 
f 2285/382 4359/381 2350/504 585/500 
f 585/500 2350/504 4393/505 2351/506 
f 2349/501 585/500 2351/506 4394/507 
f 4359/381 2293/408 579/508 2350/504 
f 2293/1140 4356/1128 2346/1226 579/1236 
f 579/1236 2346/1226 4392/1233 2352/1237 
f 2350/504 579/508 2352/509 4393/505 
f 4374/1164 2303/1161 604/1240 2353/1241 
f 2303/1161 4373/1160 2354/1242 604/1240 
f 604/1240 2354/1242 4392/1233 2348/1231 
f 2353/1241 604/1240 2348/1231 4391/1230 
f 4382/432 2311/429 610/510 2355/511 
f 2311/429 4381/428 2356/512 610/510 
f 610/510 2356/512 4394/507 2351/506 
f 2355/511 610/510 2351/506 4393/505 
f 4373/1160 2317/1173 603/1245 2354/1242 
f 2317/446 4382/432 2355/511 603/513 
f 603/513 2355/511 4393/505 2352/509 
f 2354/1242 603/1245 2352/1237 4392/1233 
f 4381/428 2319/449 605/516 2356/512 
f 2319/1177 4374/1164 2353/1241 605/1246 
f 605/1246 2353/1241 4391/1230 2357/1247 
f 2356/512 605/516 2357/517 4394/507 
f 4355/1122 2345/1224 577/1248 2347/1229 
f 2345/497 4360/389 2349/501 577/520 
f 577/520 2349/501 4394/507 2357/517 
f 2347/1229 577/1248 2357/1247 4391/1230 
f 4376/1168 2306/1167 588/1249 2358/1252 
f 2306/1167 4375/1166 2359/1253 588/1249 
f 588/1249 2359/1253 4363/1133 2290/1136 
f 2358/1252 588/1249 2290/1136 4366/1138 
f 4384/440 2314/437 590/521 2360/522 
f 2314/437 4383/436 2361/523 590/521 
f 590/521 2361/523 4365/400 2291/398 
f 2360/522 590/521 2291/398 4364/397 
f 4383/436 2318/448 591/524 2361/523 
f 2318/1176 4376/1168 2358/1252 591/1254 
f 591/1254 2358/1252 4366/1138 2292/1137 
f 2361/523 591/524 2292/405 4365/400 
f 4375/1166 2320/1179 589/1256 2359/1253 
f 2320/453 4384/440 2360/522 589/525 
f 589/525 2360/522 4364/397 2289/396 
f 2359/1253 589/1256 2289/1134 4363/1133 
f 4395/1257 2362/1258 612/1261 2363/1262 
f 2362/1258 4396/1263 2364/1264 612/1261 
f 612/1261 2364/1264 4397/1265 2365/1268 
f 2363/1262 612/1261 2365/1268 4398/1269 
f 4399/526 2366/527 621/528 2367/529 
f 2366/527 4400/532 2368/533 621/528 
f 621/528 2368/533 4401/536 2369/537 
f 2367/529 621/528 2369/537 4402/538 
f 4403/1272 2370/1273 624/1274 2371/1277 
f 2370/539 4404/540 2372/541 624/542 
f 624/542 2372/541 4405/543 2373/544 
f 2371/1277 624/1274 2373/1278 4406/1279 
f 4396/1263 2374/1280 617/1281 2364/1264 
f 2374/545 4399/526 2367/529 617/548 
f 617/548 2367/529 4402/538 2375/549 
f 2364/1264 617/1281 2375/1284 4397/1265 
f 4407/1285 2376/1288 620/1289 2377/1290 
f 2376/552 4408/553 2378/554 620/555 
f 620/555 2378/554 4401/536 2379/556 
f 2377/1290 620/1289 2379/1293 4398/1269 
f 4409/1294 2380/1295 632/1296 2381/1297 
f 2380/1295 4410/1300 2382/1301 632/1296 
f 632/1296 2382/1301 4411/1304 2383/1305 
f 2381/1297 632/1296 2383/1305 4412/1306 
f 4413/1309 2384/1310 638/1311 2385/1312 
f 2384/1310 4414/1313 2386/1316 638/1311 
f 638/1311 2386/1316 4415/1317 2387/1320 
f 2385/1312 638/1311 2387/1320 4416/1321 
f 4417/557 2388/558 644/559 2389/560 
f 2388/558 4418/561 2390/564 644/559 
f 644/559 2390/564 4419/565 2391/568 
f 2389/560 644/559 2391/568 4420/569 
f 4421/570 2392/571 646/572 2393/573 
f 2392/571 4422/574 2394/575 646/572 
f 646/572 2394/575 4423/576 2395/577 
f 2393/573 646/572 2395/577 4424/580 
f 4410/1300 2396/1322 637/1325 2382/1301 
f 2396/581 4417/557 2389/560 637/584 
f 637/584 2389/560 4420/569 2397/585 
f 2382/1301 637/1325 2397/1326 4411/1304 
f 4422/574 2398/586 639/587 2394/575 
f 2398/1327 4413/1309 2385/1312 639/1328 
f 639/1328 2385/1312 4416/1321 2399/1333 
f 2394/575 639/587 2399/588 4423/576 
f 4414/1313 2400/1336 643/1337 2386/1316 
f 2400/589 4421/570 2393/573 643/590 
f 643/590 2393/573 4424/580 2401/591 
f 2386/1316 643/1337 2401/1338 4415/1317 
f 4418/561 2402/592 633/593 2390/564 
f 2402/1341 4409/1294 2381/1297 633/1342 
f 633/1342 2381/1297 4412/1306 2403/1343 
f 2390/564 633/593 2403/596 4419/565 
f 4407/1285 2404/1349 629/1352 2405/1353 
f 2404/1349 4425/1354 2406/1357 629/1352 
f 629/1352 2406/1357 4426/1358 2407/1359 
f 2405/1353 629/1352 2407/1359 4427/1361 
f 4428/597 2408/600 631/601 2409/602 
f 2408/600 4408/553 2410/603 631/601 
f 631/601 2410/603 4429/604 2411/605 
f 2409/602 631/601 2411/605 4430/606 
f 4425/1354 2412/1364 648/1365 2406/1357 
f 2412/607 4428/597 2409/602 648/608 
f 648/608 2409/602 4430/606 2413/609 
f 2406/1357 648/1365 2413/1368 4426/1358 
f 4408/553 2376/552 630/610 2410/603 
f 2376/1288 4407/1285 2405/1353 630/1369 
f 630/1369 2405/1353 4427/1361 2414/1370 
f 2410/603 630/610 2414/612 4429/604 
f 4410/1300 2380/1295 635/1373 2415/1374 
f 2380/1295 4409/1294 2416/1375 635/1373 
f 635/1373 2416/1375 4427/1361 2407/1359 
f 2415/1374 635/1373 2407/1359 4426/1358 
f 4418/561 2388/558 645/613 2417/614 
f 2388/558 4417/557 2418/616 645/613 
f 645/613 2418/616 4430/606 2411/605 
f 2417/614 645/613 2411/605 4429/604 
f 4417/557 2396/581 636/617 2418/616 
f 2396/1322 4410/1300 2415/1374 636/1376 
f 636/1376 2415/1374 4426/1358 2413/1368 
f 2418/616 636/617 2413/609 4430/606 
f 4409/1294 2402/1341 634/1381 2416/1375 
f 2402/592 4418/561 2417/614 634/618 
f 634/618 2417/614 4429/604 2414/612 
f 2416/1375 634/1381 2414/1370 4427/1361 
f 4412/1306 2383/1305 469/1384 2419/1385 
f 2383/1305 4411/1304 2420/1386 469/1384 
f 469/1384 2420/1386 4254/858 2092/856 
f 2419/1385 469/1384 2092/856 4250/847 
f 4420/569 2391/568 501/619 2421/620 
f 2391/568 4419/565 2422/621 501/619 
f 501/619 2422/621 4270/24 2116/26 
f 2421/620 501/619 2116/26 4272/32 
f 4411/1304 2397/1326 475/1389 2420/1386 
f 2397/585 4420/569 2421/620 475/622 
f 475/622 2421/620 4272/32 2342/490 
f 2420/1386 475/1389 2342/1213 4254/858 
f 4419/565 2403/596 468/623 2422/621 
f 2403/1343 4412/1306 2419/1385 468/1390 
f 468/1390 2419/1385 4250/847 2423/1391 
f 2422/621 468/623 2423/624 4270/24 
f 4398/1269 2365/1268 619/1393 2377/1290 
f 2365/1268 4397/1265 2424/1394 619/1393 
f 619/1393 2424/1394 4425/1354 2404/1349 
f 2377/1290 619/1393 2404/1349 4407/1285 
f 4402/538 2369/537 623/625 2425/628 
f 2369/537 4401/536 2378/554 623/625 
f 623/625 2378/554 4408/553 2408/600 
f 2425/628 623/625 2408/600 4428/597 
f 4397/1265 2375/1284 618/1397 2424/1394 
f 2375/549 4402/538 2425/628 618/629 
f 618/629 2425/628 4428/597 2412/607 
f 2424/1394 618/1397 2412/1364 4425/1354 
f 4398/1269 2379/1293 613/1398 2363/1262 
f 2379/556 4401/536 2368/533 613/630 
f 613/630 2368/533 4400/532 2426/631 
f 2363/1262 613/1398 2426/1399 4395/1257 
f 4396/1263 2362/1258 615/1400 2427/1401 
f 2362/1258 4395/1257 2428/1402 615/1400 
f 615/1400 2428/1402 4431/1403 2429/1404 
f 2427/1401 615/1400 2429/1404 4432/1405 
f 4400/532 2366/527 622/632 2430/633 
f 2366/527 4399/526 2431/634 622/632 
f 622/632 2431/634 4433/635 2432/636 
f 2430/633 622/632 2432/636 4434/637 
f 4399/526 2374/545 616/638 2431/634 
f 2374/1280 4396/1263 2427/1401 616/1406 
f 616/1406 2427/1401 4432/1405 2433/1407 
f 2431/634 616/638 2433/639 4433/635 
f 4414/1313 2384/1310 641/1408 2434/1409 
f 2384/1310 4413/1309 2435/1410 641/1408 
f 641/1408 2435/1410 4432/1405 2429/1404 
f 2434/1409 641/1408 2429/1404 4431/1403 
f 4422/574 2392/571 647/640 2436/641 
f 2392/571 4421/570 2437/645 647/640 
f 647/640 2437/645 4434/637 2432/636 
f 2436/641 647/640 2432/636 4433/635 
f 4413/1309 2398/1327 640/1413 2435/1410 
f 2398/586 4422/574 2436/641 640/648 
f 640/648 2436/641 4433/635 2433/639 
f 2435/1410 640/1413 2433/1407 4432/1405 
f 4421/570 2400/589 642/649 2437/645 
f 2400/1336 4414/1313 2434/1409 642/1414 
f 642/1414 2434/1409 4431/1403 2438/1415 
f 2437/645 642/649 2438/650 4434/637 
f 4395/1257 2426/1399 614/1416 2428/1402 
f 2426/631 4400/532 2430/633 614/653 
f 614/653 2430/633 4434/637 2438/650 
f 2428/1402 614/1416 2438/1415 4431/1403 
f 4416/1321 2387/1320 625/1417 2439/1418 
f 2387/1320 4415/1317 2440/1419 625/1417 
f 625/1417 2440/1419 4403/1272 2371/1277 
f 2439/1418 625/1417 2371/1277 4406/1279 
f 4424/580 2395/577 627/654 2441/655 
f 2395/577 4423/576 2442/656 627/654 
f 627/654 2442/656 4405/543 2372/541 
f 2441/655 627/654 2372/541 4404/540 
f 4423/576 2399/588 628/661 2442/656 
f 2399/1333 4416/1321 2439/1418 628/1420 
f 628/1420 2439/1418 4406/1279 2373/1278 
f 2442/656 628/661 2373/544 4405/543 
f 4415/1317 2401/1338 626/1421 2440/1419 
f 2401/591 4424/580 2441/655 626/664 
f 626/664 2441/655 4404/540 2370/539 
f 2440/1419 626/1421 2370/1273 4403/1272 
f 4435/1422 2443/1423 649/1424 2444/1425 
f 2443/1423 4436/1428 2445/1429 649/1424 
f 649/1424 2445/1429 4437/1432 2446/1433 
f 2444/1425 649/1424 2446/1433 4438/1434 
f 4439/665 2447/666 658/669 2448/670 
f 2447/666 4440/671 2449/673 658/669 
f 658/669 2449/673 4441/676 2450/677 
f 2448/670 658/669 2450/677 4442/680 
f 4443/1437 2451/1438 661/1439 2452/1440 
f 2451/681 4444/682 2453/685 661/686 
f 661/686 2453/685 4445/687 2454/688 
f 2452/1440 661/1439 2454/1441 4446/1442 
f 4436/1428 2455/1444 654/1445 2445/1429 
f 2455/689 4439/665 2448/670 654/692 
f 654/692 2448/670 4442/680 2456/693 
f 2445/1429 654/1445 2456/1446 4437/1432 
f 4447/1447 2457/1448 657/1449 2458/1450 
f 2457/694 4448/695 2459/696 657/697 
f 657/697 2459/696 4441/676 2460/698 
f 2458/1450 657/1449 2460/1451 4438/1434 
f 4449/1453 2461/1454 669/1455 2462/1456 
f 2461/1454 4450/1457 2463/1460 669/1455 
f 669/1455 2463/1460 4451/1461 2464/1464 
f 2462/1456 669/1455 2464/1464 4452/1465 
f 4453/1466 2465/1469 675/1470 2466/1471 
f 2465/1469 4454/1472 2467/1477 675/1470 
f 675/1470 2467/1477 4455/1480 2468/1481 
f 2466/1471 675/1470 2468/1481 4456/1482 
f 4457/699 2469/701 681/702 2470/703 
f 2469/701 4458/704 2471/705 681/702 
f 681/702 2471/705 4459/706 2472/708 
f 2470/703 681/702 2472/708 4460/709 
f 4461/710 2473/711 683/712 2474/713 
f 2473/711 4462/714 2475/715 683/712 
f 683/712 2475/715 4463/717 2476/718 
f 2474/713 683/712 2476/718 4464/719 
f 4450/1457 2477/1485 674/1486 2463/1460 
f 2477/720 4457/699 2470/703 674/721 
f 674/721 2470/703 4460/709 2478/722 
f 2463/1460 674/1486 2478/1487 4451/1461 
f 4462/714 2479/724 676/725 2475/715 
f 2479/1493 4453/1466 2466/1471 676/1494 
f 676/1494 2466/1471 4456/1482 2480/1495 
f 2475/715 676/725 2480/726 4463/717 
f 4454/1472 2481/1496 680/1497 2467/1477 
f 2481/727 4461/710 2474/713 680/728 
f 680/728 2474/713 4464/719 2482/729 
f 2467/1477 680/1497 2482/1498 4455/1480 
f 4458/704 2483/730 670/731 2471/705 
f 2483/1499 4449/1453 2462/1456 670/1501 
f 670/1501 2462/1456 4452/1465 2484/1502 
f 2471/705 670/731 2484/733 4459/706 
f 4447/1447 2485/1503 666/1505 2486/1508 
f 2485/1503 4465/1509 2487/1512 666/1505 
f 666/1505 2487/1512 4466/1513 2488/1514 
f 2486/1508 666/1505 2488/1514 4467/1517 
f 4468/734 2489/735 668/736 2490/737 
f 2489/735 4448/695 2491/738 668/736 
f 668/736 2491/738 4469/740 2492/741 
f 2490/737 668/736 2492/741 4470/742 
f 4465/1509 2493/1518 685/1519 2487/1512 
f 2493/743 4468/734 2490/737 685/744 
f 685/744 2490/737 4470/742 2494/745 
f 2487/1512 685/1519 2494/1520 4466/1513 
f 4448/695 2457/694 667/746 2491/738 
f 2457/1448 4447/1447 2486/1508 667/1521 
f 667/1521 2486/1508 4467/1517 2495/1524 
f 2491/738 667/746 2495/747 4469/740 
f 4450/1457 2461/1454 672/1525 2496/1528 
f 2461/1454 4449/1453 2497/1529 672/1525 
f 672/1525 2497/1529 4467/1517 2488/1514 
f 2496/1528 672/1525 2488/1514 4466/1513 
f 4458/704 2469/701 682/749 2498/750 
f 2469/701 4457/699 2499/751 682/749 
f 682/749 2499/751 4470/742 2492/741 
f 2498/750 682/749 2492/741 4469/740 
f 4457/699 2477/720 673/752 2499/751 
f 2477/1485 4450/1457 2496/1528 673/1530 
f 673/1530 2496/1528 4466/1513 2494/1520 
f 2499/751 673/752 2494/745 4470/742 
f 4449/1453 2483/1499 671/1533 2497/1529 
f 2483/730 4458/704 2498/750 671/753 
f 671/753 2498/750 4469/740 2495/747 
f 2497/1529 671/1533 2495/1524 4467/1517 
f 4452/1465 2464/1464 466/1534 2500/1535 
f 2464/1464 4451/1461 2501/1536 466/1534 
f 466/1534 2501/1536 4250/847 2087/842 
f 2500/1535 466/1534 2087/842 4249/841 
f 4460/709 2472/708 496/754 2502/757 
f 2472/708 4459/706 2503/758 496/754 
f 496/754 2503/758 4266/5 2112/10 
f 2502/757 496/754 2112/10 4270/24 
f 4451/1461 2478/1487 467/1537 2501/1536 
f 2478/722 4460/709 2502/757 467/759 
f 467/759 2502/757 4270/24 2423/624 
f 2501/1536 467/1537 2423/1391 4250/847 
f 4459/706 2484/733 465/760 2503/758 
f 2484/1502 4452/1465 2500/1535 465/1538 
f 465/1538 2500/1535 4249/841 2151/941 
f 2503/758 465/760 2151/129 4266/5 
f 4438/1434 2446/1433 656/1541 2458/1450 
f 2446/1433 4437/1432 2504/1542 656/1541 
f 656/1541 2504/1542 4465/1509 2485/1503 
f 2458/1450 656/1541 2485/1503 4447/1447 
f 4442/680 2450/677 660/761 2505/762 
f 2450/677 4441/676 2459/696 660/761 
f 660/761 2459/696 4448/695 2489/735 
f 2505/762 660/761 2489/735 4468/734 
f 4437/1432 2456/1446 655/1544 2504/1542 
f 2456/693 4442/680 2505/762 655/763 
f 655/763 2505/762 4468/734 2493/743 
f 2504/1542 655/1544 2493/1518 4465/1509 
f 4438/1434 2460/1451 650/1545 2444/1425 
f 2460/698 4441/676 2449/673 650/765 
f 650/765 2449/673 4440/671 2506/766 
f 2444/1425 650/1545 2506/1546 4435/1422 
f 4436/1428 2443/1423 652/1547 2507/1548 
f 2443/1423 4435/1422 2508/1549 652/1547 
f 652/1547 2508/1549 4471/1550 2509/1551 
f 2507/1548 652/1547 2509/1551 4472/1552 
f 4440/671 2447/666 659/767 2510/768 
f 2447/666 4439/665 2511/769 659/767 
f 659/767 2511/769 4473/770 2512/772 
f 2510/768 659/767 2512/772 4474/773 
f 4439/665 2455/689 653/774 2511/769 
f 2455/1444 4436/1428 2507/1548 653/1553 
f 653/1553 2507/1548 4472/1552 2513/1554 
f 2511/769 653/774 2513/775 4473/770 
f 4454/1472 2465/1469 678/1556 2514/1557 
f 2465/1469 4453/1466 2515/1558 678/1556 
f 678/1556 2515/1558 4472/1552 2509/1551 
f 2514/1557 678/1556 2509/1551 4471/1550 
f 4462/714 2473/711 684/776 2516/777 
f 2473/711 4461/710 2517/778 684/776 
f 684/776 2517/778 4474/773 2512/772 
f 2516/777 684/776 2512/772 4473/770 
f 4453/1466 2479/1493 677/1559 2515/1558 
f 2479/724 4462/714 2516/777 677/779 
f 677/779 2516/777 4473/770 2513/775 
f 2515/1558 677/1559 2513/1554 4472/1552 
f 4461/710 2481/727 679/780 2517/778 
f 2481/1496 4454/1472 2514/1557 679/1560 
f 679/1560 2514/1557 4471/1550 2518/1561 
f 2517/778 679/780 2518/781 4474/773 
f 4435/1422 2506/1546 651/1562 2508/1549 
f 2506/766 4440/671 2510/768 651/782 
f 651/782 2510/768 4474/773 2518/781 
f 2508/1549 651/1562 2518/1561 4471/1550 
f 4456/1482 2468/1481 662/1563 2519/1565 
f 2468/1481 4455/1480 2520/1566 662/1563 
f 662/1563 2520/1566 4443/1437 2452/1440 
f 2519/1565 662/1563 2452/1440 4446/1442 
f 4464/719 2476/718 664/783 2521/784 
f 2476/718 4463/717 2522/785 664/783 
f 664/783 2522/785 4445/687 2453/685 
f 2521/784 664/783 2453/685 4444/682 
f 4463/717 2480/726 665/786 2522/785 
f 2480/1495 4456/1482 2519/1565 665/1567 
f 665/1567 2519/1565 4446/1442 2454/1441 
f 2522/785 665/786 2454/688 4445/687 
f 4455/1480 2482/1498 663/1568 2520/1566 
f 2482/729 4464/719 2521/784 663/789 
f 663/789 2521/784 4444/682 2451/681 
f 2520/1566 663/1568 2451/1438 4443/1437 
f 4475/1569 2523/1570 526/1572 2524/1573 
f 2523/1570 4303/968 2172/971 526/1572 
f 526/790 2172/165 4306/168 2525/792 
f 2524/793 526/790 2525/792 4476/794 
f 4476/794 2525/792 529/797 2526/798 
f 2525/792 4306/168 2174/164 529/797 
f 529/797 2174/164 4305/161 2527/799 
f 2526/798 529/797 2527/799 4477/801 
f 4477/801 2527/799 528/802 2528/804 
f 2527/799 4305/161 2173/160 528/802 
f 528/1574 2173/974 4304/973 2529/1575 
f 2528/1576 528/1574 2529/1575 4478/1577 
f 4478/1577 2529/1575 527/1578 2530/1579 
f 2529/1575 4304/973 2171/969 527/1578 
f 527/1578 2171/969 4303/968 2523/1570 
f 2530/1579 527/1578 2523/1570 4475/1569 
f 4059/4219 2531/4220 202/4221 1716/4222 
f 2531/4220 4479/4223 2532/4224 202/4221 
f 202/4221 2532/4224 4089/3532 1809/3752 
f 1716/4222 202/4221 1809/3752 3985/3751 
f 4479/4223 2533/4225 283/4226 2532/4224 
f 2533/4225 4086/3506 1751/3502 283/4226 
f 283/4226 1751/3502 4069/3404 1754/3520 
f 2532/4224 283/4226 1754/3520 4089/3532 
f 4087/3511 2534/4227 277/4228 1753/3512 
f 2534/4227 4480/4229 2535/4230 277/4228 
f 277/4228 2535/4230 4092/3565 1799/3729 
f 1753/3512 277/4228 1799/3729 4066/3389 
f 4480/4229 2536/4231 320/4232 2535/4230 
f 2536/4231 4100/4233 1775/4234 320/4232 
f 320/4232 1775/4234 4093/3570 1764/3566 
f 2535/4230 320/4232 1764/3566 4092/3565 
f 4063/3372 2537/4235 263/4236 1721/3360 
f 2537/4235 4058/3287 1713/3283 263/4236 
f 263/4236 1713/3283 4057/3282 1758/3536 
f 1721/3360 263/4236 1758/3536 4060/3357 
f 4481/4237 2538/4238 273/4239 2539/4240 
f 2538/4238 4065/4241 1725/4242 273/4239 
f 273/4239 1725/4242 4064/3739 1803/3738 
f 2539/4240 273/4239 1803/3738 4112/3737 
f 4077/4243 2540/4244 293/4245 1736/4246 
f 2540/4244 4481/4237 2539/4240 293/4245 
f 293/4245 2539/4240 4112/3737 2002/4201 
f 1736/4246 293/4245 2002/4201 4074/4203 
f 4263/894 2541/1581 488/1582 2106/895 
f 2541/1581 4295/942 2153/945 488/1582 
f 488/1582 2153/945 4287/921 2542/1583 
f 2106/895 488/1582 2542/1583 4260/884 
f 4264/898 2543/1584 492/1585 2108/900 
f 2543/1584 4286/920 2166/961 492/1585 
f 492/1585 2166/961 4295/942 2541/1581 
f 2108/900 492/1585 2541/1581 4263/894 
f 4265/904 2544/1588 493/1589 2110/905 
f 2544/1588 4283/913 2139/917 493/1589 
f 493/1589 2139/917 4286/920 2543/1584 
f 2110/905 493/1589 2543/1584 4264/898 
f 4279/68 2545/805 511/806 2129/73 
f 2545/805 4288/110 2158/141 511/806 
f 511/806 2158/141 4300/145 2546/808 
f 2129/73 511/806 2546/808 4280/74 
f 4280/74 2546/808 512/809 2131/79 
f 2546/808 4300/145 2161/149 512/809 
f 512/809 2161/149 4285/105 2547/810 
f 2131/79 512/809 2547/810 4281/80 
f 4281/80 2547/810 513/813 2133/85 
f 2547/810 4285/105 2140/101 513/813 
f 513/813 2140/101 4284/100 2548/814 
f 2133/85 513/813 2548/814 4282/88 
f 4282/88 2548/814 494/815 2137/96 
f 2548/814 4284/100 2138/97 494/815 
f 494/1592 2138/914 4283/913 2544/1588 
f 2137/912 494/1592 2544/1588 4265/904 
f 4293/125 2177/176 524/816 2149/126 
f 2177/176 4308/175 2189/200 524/816 
f 524/1593 2189/993 4314/994 2549/1594 
f 2149/934 524/1593 2549/1594 4294/936 
f 4294/936 2549/1594 491/1597 2170/967 
f 4314/994 2192/997 491/1597 2549/1594 
f 4309/981 2181/980 491/1597 2192/997 
f 4262/889 2104/888 491/1597 2181/980 
f 4261/886 2170/967 491/1597 2104/888 
f 4293/125 2148/121 509/817 2178/177 
f 2148/121 4292/120 2179/180 509/817 
f 509/817 2179/180 4289/113 2550/818 
f 2178/177 509/817 2550/818 4278/63 
f 4278/63 2550/818 510/820 2127/65 
f 2550/818 4289/113 2144/111 510/820 
f 510/820 2144/111 4288/110 2545/805 
f 2127/65 510/820 2545/805 4279/68 
f 4260/884 2542/1583 489/1598 2103/885 
f 2542/1583 4287/921 2143/926 489/1598 
f 489/1598 2143/926 4290/928 2169/966 
f 2103/885 489/1598 2169/966 4261/886 
f 4310/986 2551/1599 535/1600 2185/987 
f 2551/1599 4482/1601 2552/1602 535/1600 
f 535/821 2552/822 4483/824 2553/825 
f 2185/187 535/821 2553/825 4311/189 
f 4311/189 2553/825 536/826 2187/192 
f 2553/825 4483/824 2554/827 536/826 
f 536/826 2554/827 4484/829 2555/830 
f 2187/192 536/826 2555/830 4312/193 
f 4312/193 2555/830 537/831 2190/201 
f 2555/830 4484/829 2556/832 537/831 
f 537/1605 2556/1606 4485/1608 2557/1609 
f 2190/990 537/1605 2557/1609 4313/991 
f 4313/991 2557/1609 534/1610 2193/998 
f 2557/1609 4485/1608 2558/1611 534/1610 
f 534/1610 2558/1611 4482/1601 2551/1599 
f 2193/998 534/1610 2551/1599 4310/986 
f 4476/794 2559/833 686/834 2524/793 
f 2559/833 4483/824 2552/822 686/834 
f 686/1612 2552/1602 4482/1601 2560/1613 
f 2524/1573 686/1612 2560/1613 4475/1569 
f 4477/801 2561/837 688/838 2526/798 
f 2561/837 4484/829 2554/827 688/838 
f 688/838 2554/827 4483/824 2559/833 
f 2526/798 688/838 2559/833 4476/794 
f 4478/1577 2562/1614 689/1615 2528/1576 
f 2562/1614 4485/1608 2556/1606 689/1615 
f 689/840 2556/832 4484/829 2561/837 
f 2528/804 689/840 2561/837 4477/801 
f 4475/1569 2560/1613 687/1616 2530/1579 
f 2560/1613 4482/1601 2558/1611 687/1616 
f 687/1616 2558/1611 4485/1608 2562/1614 
f 2530/1579 687/1616 2562/1614 4478/1577 
f 4171/4247 2563/4248 390/4249 1928/4250 
f 2563/4248 4178/4060 1938/4057 390/4249 
f 390/4249 1938/4057 4177/4056 2564/4251 
f 1928/4250 390/4249 2564/4251 4172/4252 
f 4172/4252 2564/4251 391/4253 1930/4254 
f 2564/4251 4177/4056 1942/4066 391/4253 
f 391/4253 1942/4066 4181/4065 2565/4255 
f 1930/4254 391/4253 2565/4255 4173/4256 
f 4173/4256 2565/4255 392/4257 1932/4258 
f 2565/4255 4181/4065 1945/4072 392/4257 
f 392/4257 1945/4072 4183/4071 2566/4259 
f 1932/4258 392/4257 2566/4259 4174/4260 
f 4174/4260 2566/4259 393/4261 1934/4262 
f 2566/4259 4183/4071 1948/4078 393/4261 
f 393/4261 1948/4078 4185/4077 2567/4263 
f 1934/4262 393/4261 2567/4263 4175/4264 
f 4175/4264 2567/4263 394/4265 1936/4266 
f 2567/4263 4185/4077 1951/4084 394/4265 
f 394/4265 1951/4084 4187/4083 2568/4267 
f 1936/4266 394/4265 2568/4267 4176/4268 
f 4176/4269 2568/4270 389/4271 1937/4272 
f 2568/4270 4187/4091 1954/4089 389/4271 
f 389/4271 1954/4089 4178/4060 2563/4248 
f 1937/4272 389/4271 2563/4248 4171/4247 
f 4486/4273 2569/4274 690/4275 2570/4276 
f 2569/4274 4487/4277 2571/4278 690/4275 
f 690/4275 2571/4278 4488/4279 2572/4280 
f 2570/4276 690/4275 2572/4280 4489/4281 
f 4489/4281 2572/4280 697/4282 2573/4283 
f 2572/4280 4488/4279 2574/4284 697/4282 
f 697/4282 2574/4284 4490/4285 2575/4286 
f 2573/4283 697/4282 2575/4286 4491/4287 
f 4491/4287 2575/4286 700/4288 2576/4289 
f 2575/4286 4490/4285 2577/4290 700/4288 
f 700/4288 2577/4290 4492/4291 2578/4292 
f 2576/4289 700/4288 2578/4292 4493/4293 
f 4494/4294 2579/4295 705/4296 2580/4297 
f 2579/4295 4495/4298 2581/4299 705/4296 
f 705/4296 2581/4299 4496/4300 2582/4301 
f 2580/4297 705/4296 2582/4301 4497/4302 
f 4497/4302 2582/4301 709/4303 2583/4304 
f 2582/4301 4496/4300 2584/4305 709/4303 
f 709/4303 2584/4305 4498/4306 2585/4307 
f 2583/4304 709/4303 2585/4307 4499/4308 
f 4499/4308 2585/4307 712/4309 2586/4310 
f 2585/4307 4498/4306 2587/4311 712/4309 
f 712/4309 2587/4311 4500/4312 2588/4313 
f 2586/4310 712/4309 2588/4313 4501/4314 
f 4501/4314 2588/4313 715/4315 2589/4316 
f 2588/4313 4500/4312 2590/4317 715/4315 
f 715/4315 2590/4317 4502/4318 2591/4319 
f 2589/4316 715/4315 2591/4319 4503/4320 
f 4503/4320 2591/4319 718/4321 2592/4322 
f 2591/4319 4502/4318 2593/4323 718/4321 
f 718/4321 2593/4323 4504/4324 2594/4325 
f 2592/4322 718/4321 2594/4325 4505/4326 
f 4505/4326 2594/4325 721/4327 2595/4328 
f 2594/4325 4504/4324 2596/4329 721/4327 
f 721/4327 2596/4329 4506/4330 2597/4331 
f 2595/4328 721/4327 2597/4331 4507/4332 
f 4507/4332 2597/4331 723/4333 2598/4334 
f 2597/4331 4506/4330 2599/4335 723/4333 
f 723/4333 2599/4335 4508/4336 2600/4337 
f 2598/4334 723/4333 2600/4337 4509/4338 
f 4509/4338 2600/4337 725/4339 2601/4340 
f 2600/4337 4508/4336 2602/4341 725/4339 
f 725/4339 2602/4341 4510/4342 2603/4343 
f 2601/4340 725/4339 2603/4343 4511/4344 
f 4511/4344 2603/4343 693/4345 2604/4346 
f 2603/4343 4510/4342 2605/4347 693/4345 
f 693/4345 2605/4347 4487/4277 2569/4274 
f 2604/4346 693/4345 2569/4274 4486/4273 
f 4505/4326 2595/4328 43/4348 2606/4349 
f 2595/4328 4507/4332 2607/4350 43/4348 
f 43/4348 2607/4350 3844/203 1305/199 
f 2606/4349 43/4348 1305/199 3843/198 
f 4507/4332 2598/4334 44/4351 2607/4350 
f 2598/4334 4509/4338 2608/4352 44/4351 
f 44/4351 2608/4352 3845/219 1307/215 
f 2607/4350 44/4351 1307/215 3844/203 
f 4509/4338 2601/4340 45/4353 2608/4352 
f 2601/4340 4511/4344 2609/4354 45/4353 
f 45/4353 2609/4354 3846/235 1309/231 
f 2608/4352 45/4353 1309/231 3845/219 
f 4512/4355 2610/4356 726/4357 2611/4358 
f 2610/4356 4513/4359 2612/4360 726/4357 
f 726/4357 2612/4360 4514/4361 2613/4362 
f 2611/4358 726/4357 2613/4362 4515/4363 
f 4516/4364 2614/4365 727/4366 2615/4367 
f 2614/4365 4512/4355 2611/4358 727/4366 
f 727/4366 2611/4358 4515/4363 2616/4368 
f 2615/4367 727/4366 2616/4368 4517/4369 
f 4518/4370 2617/4371 735/4372 2618/4373 
f 2617/4371 4516/4364 2615/4367 735/4372 
f 735/4372 2615/4367 4517/4369 2619/4374 
f 2618/4373 735/4372 2619/4374 4519/4375 
f 4520/4376 2620/4377 742/4378 2621/4379 
f 2620/4377 4521/4380 2622/4381 742/4378 
f 742/4378 2622/4381 4522/4382 2623/4383 
f 2621/4379 742/4378 2623/4383 4523/4384 
f 4524/4385 2624/4386 743/4387 2625/4388 
f 2624/4386 4520/4376 2621/4379 743/4387 
f 743/4387 2621/4379 4523/4384 2626/4389 
f 2625/4388 743/4387 2626/4389 4525/4390 
f 4526/4391 2627/4392 750/4393 2628/4394 
f 2627/4392 4524/4385 2625/4388 750/4393 
f 750/4393 2625/4388 4525/4390 2629/4395 
f 2628/4394 750/4393 2629/4395 4527/4396 
f 4528/4397 2630/4398 753/4399 2631/4400 
f 2630/4398 4526/4391 2628/4394 753/4399 
f 753/4399 2628/4394 4527/4396 2632/4401 
f 2631/4400 753/4399 2632/4401 4529/4402 
f 4530/4403 2633/4404 756/4405 2634/4406 
f 2633/4404 4528/4397 2631/4400 756/4405 
f 756/4405 2631/4400 4529/4402 2635/4407 
f 2634/4406 756/4405 2635/4407 4531/4408 
f 4532/4409 2636/4410 759/4411 2637/4412 
f 2636/4410 4530/4403 2634/4406 759/4411 
f 759/4411 2634/4406 4531/4408 2638/4413 
f 2637/4412 759/4411 2638/4413 4533/4414 
f 4534/4415 2639/4416 762/4417 2640/4418 
f 2639/4416 4532/4409 2637/4412 762/4417 
f 762/4417 2637/4412 4533/4414 2641/4419 
f 2640/4418 762/4417 2641/4419 4535/4420 
f 4536/4421 2642/4422 765/4423 2643/4424 
f 2642/4422 4534/4415 2640/4418 765/4423 
f 765/4423 2640/4418 4535/4420 2644/4425 
f 2643/4424 765/4423 2644/4425 4537/4426 
f 4513/4359 2645/4427 731/4428 2612/4360 
f 2645/4427 4536/4421 2643/4424 731/4428 
f 731/4428 2643/4424 4537/4426 2646/4429 
f 2612/4360 731/4428 2646/4429 4514/4361 
f 4515/4363 2613/4362 733/4430 2647/4431 
f 2613/4362 4514/4361 2648/4432 733/4430 
f 733/4430 2648/4432 5086/4433 2649/4434 
f 2647/4431 733/4430 2649/4434 5094/4435 
f 4517/4369 2616/4368 734/4436 2650/4437 
f 2616/4368 4515/4363 2647/4431 734/4436 
f 734/4436 2647/4431 5094/4435 2651/4438 
f 2650/4437 734/4436 2651/4438 5095/4439 
f 4519/4375 2619/4374 737/4440 2652/4441 
f 2619/4374 4517/4369 2650/4437 737/4440 
f 737/4440 2650/4437 5095/4439 2653/4442 
f 2652/4441 737/4440 2653/4442 5096/4443 
f 4523/4384 2623/4383 748/4444 2654/4445 
f 2623/4383 4522/4382 2655/4446 748/4444 
f 748/4444 2655/4446 5098/4447 2656/4448 
f 2654/4445 748/4444 2656/4448 5099/4449 
f 4525/4390 2626/4389 749/4450 2657/4451 
f 2626/4389 4523/4384 2654/4445 749/4450 
f 749/4450 2654/4445 5099/4449 2658/4452 
f 2657/4451 749/4450 2658/4452 5084/4453 
f 4527/4396 2629/4395 752/4454 2659/4455 
f 2629/4395 4525/4390 2657/4451 752/4454 
f 752/4454 2657/4451 5084/4453 2660/4456 
f 2659/4455 752/4454 2660/4456 5085/4457 
f 4529/4402 2632/4401 755/4458 2661/4459 
f 2632/4401 4527/4396 2659/4455 755/4458 
f 755/4458 2659/4455 5085/4457 2662/4460 
f 2661/4459 755/4458 2662/4460 4538/4461 
f 4531/4408 2635/4407 758/4462 2663/4463 
f 2635/4407 4529/4402 2661/4459 758/4462 
f 758/4462 2661/4459 4538/4461 2664/4464 
f 2663/4463 758/4462 2664/4464 4539/4465 
f 4533/4414 2638/4413 761/4466 2665/4467 
f 2638/4413 4531/4408 2663/4463 761/4466 
f 761/4466 2663/4463 4539/4465 2666/4468 
f 2665/4467 761/4466 2666/4468 4540/4469 
f 4535/4420 2641/4419 764/4470 2667/4471 
f 2641/4419 4533/4414 2665/4467 764/4470 
f 764/4470 2665/4467 4540/4469 2668/4472 
f 2667/4471 764/4470 2668/4472 4541/4473 
f 4537/4426 2644/4425 767/4474 2669/4475 
f 2644/4425 4535/4420 2667/4471 767/4474 
f 767/4474 2667/4471 4541/4473 2670/4476 
f 2669/4475 767/4474 2670/4476 5097/4477 
f 4514/4361 2646/4429 732/4478 2648/4432 
f 2646/4429 4537/4426 2669/4475 732/4478 
f 732/4478 2669/4475 5097/4477 2671/4479 
f 2648/4432 732/4478 2671/4479 5086/4433 
f 4541/4473 2668/4472 769/4480 2672/4481 
f 2668/4472 4540/4469 2666/4468 769/4480 
f 769/4480 2666/4468 4539/4465 2664/4464 
f 2672/4481 769/4480 2664/4464 4538/4461 
f 4518/4370 2673/4482 740/4483 2674/4484 
f 2673/4482 4521/4380 2675/4485 740/4483 
f 740/4483 2675/4485 4542/4486 2676/4487 
f 2674/4484 740/4483 2676/4487 4543/4488 
f 4544/4489 2677/4490 770/4491 2678/4492 
f 2677/4490 4545/4493 2679/4494 770/4491 
f 770/4491 2679/4494 4546/4495 2680/4496 
f 2678/4492 770/4491 2680/4496 4547/4497 
f 4547/4497 2680/4496 771/4498 2681/4499 
f 2680/4496 4546/4495 2682/4500 771/4498 
f 771/4498 2682/4500 4548/4501 2683/4502 
f 2681/4499 771/4498 2683/4502 4549/4503 
f 4522/4382 2622/4381 746/4504 2684/4505 
f 2622/4381 4521/4380 2685/4506 746/4504 
f 746/4504 2685/4506 4544/4489 2678/4492 
f 2684/4505 746/4504 2678/4492 4547/4497 
f 4521/4380 2673/4482 739/4507 2685/4506 
f 2673/4482 4518/4370 2686/4508 739/4507 
f 739/4507 2686/4508 4545/4493 2677/4490 
f 2685/4506 739/4507 2677/4490 4544/4489 
f 4518/4370 2618/4373 738/4509 2686/4508 
f 2618/4373 4519/4375 2687/4510 738/4509 
f 738/4509 2687/4510 4546/4495 2679/4494 
f 2686/4508 738/4509 2679/4494 4545/4493 
f 4519/4375 2652/4441 741/4511 2687/4510 
f 2652/4441 5096/4443 2688/4512 741/4511 
f 741/4511 2688/4512 4548/4501 2682/4500 
f 2687/4510 741/4511 2682/4500 4546/4495 
f 5096/4443 2689/4513 772/4514 2688/4512 
f 2689/4513 5098/4447 2690/4515 772/4514 
f 772/4514 2690/4515 4549/4503 2683/4502 
f 2688/4512 772/4514 2683/4502 4548/4501 
f 5098/4447 2655/4446 747/4516 2690/4515 
f 2655/4446 4522/4382 2684/4505 747/4516 
f 747/4516 2684/4505 4547/4497 2681/4499 
f 2690/4515 747/4516 2681/4499 4549/4503 
f 4487/4277 2691/4517 695/4518 2571/4278 
f 2691/4517 4550/4519 2692/4520 695/4518 
f 695/4518 2692/4520 4551/4521 2693/4522 
f 2571/4278 695/4518 2693/4522 4488/4279 
f 4488/4279 2693/4522 696/4523 2574/4284 
f 2693/4522 4551/4521 2694/4524 696/4523 
f 696/4523 2694/4524 4552/4525 2695/4526 
f 2574/4284 696/4523 2695/4526 4490/4285 
f 4490/4285 2695/4526 699/4527 2577/4290 
f 2695/4526 4552/4525 2696/4528 699/4527 
f 699/4527 2696/4528 4543/4488 2697/4529 
f 2577/4290 699/4527 2697/4529 4492/4291 
f 4495/4298 2698/4530 707/4531 2581/4299 
f 2698/4530 4542/4486 2699/4532 707/4531 
f 707/4531 2699/4532 4553/4533 2700/4534 
f 2581/4299 707/4531 2700/4534 4496/4300 
f 4496/4300 2700/4534 708/4535 2584/4305 
f 2700/4534 4553/4533 2701/4536 708/4535 
f 708/4535 2701/4536 4554/4537 2702/4538 
f 2584/4305 708/4535 2702/4538 4498/4306 
f 4498/4306 2702/4538 711/4539 2587/4311 
f 2702/4538 4554/4537 2703/4540 711/4539 
f 711/4539 2703/4540 4555/4541 2704/4542 
f 2587/4311 711/4539 2704/4542 4500/4312 
f 4500/4312 2704/4542 714/4543 2590/4317 
f 2704/4542 4555/4541 2705/4544 714/4543 
f 714/4543 2705/4544 4556/4545 2706/4546 
f 2590/4317 714/4543 2706/4546 4502/4318 
f 4502/4318 2706/4546 717/4547 2593/4323 
f 2706/4546 4556/4545 2707/4548 717/4547 
f 717/4547 2707/4548 4557/4549 2708/4550 
f 2593/4323 717/4547 2708/4550 4504/4324 
f 4504/4324 2708/4550 720/4551 2596/4329 
f 2708/4550 4557/4549 2709/4552 720/4551 
f 720/4551 2709/4552 4558/4553 2710/4554 
f 2596/4329 720/4551 2710/4554 4506/4330 
f 4506/4330 2710/4554 722/4555 2599/4335 
f 2710/4554 4558/4553 2711/4556 722/4555 
f 722/4555 2711/4556 4559/4557 2712/4558 
f 2599/4335 722/4555 2712/4558 4508/4336 
f 4508/4336 2712/4558 724/4559 2602/4341 
f 2712/4558 4559/4557 2713/4560 724/4559 
f 724/4559 2713/4560 4560/4561 2714/4562 
f 2602/4341 724/4559 2714/4562 4510/4342 
f 4510/4342 2714/4562 694/4563 2605/4347 
f 2714/4562 4560/4561 2715/4564 694/4563 
f 694/4563 2715/4564 4550/4519 2691/4517 
f 2605/4347 694/4563 2691/4517 4487/4277 
f 4495/4298 2579/4295 703/4565 2716/4566 
f 2579/4295 4494/4294 2717/4567 703/4565 
f 703/4565 2717/4567 4493/4293 2578/4292 
f 2716/4566 703/4565 2578/4292 4492/4291 
f 4542/4486 2698/4530 702/4568 2676/4487 
f 2698/4530 4495/4298 2716/4566 702/4568 
f 702/4568 2716/4566 4492/4291 2697/4529 
f 2676/4487 702/4568 2697/4529 4543/4488 
f 4550/4519 2718/4569 729/4570 2692/4520 
f 2718/4569 4513/4359 2610/4356 729/4570 
f 729/4570 2610/4356 4512/4355 2719/4571 
f 2692/4520 729/4570 2719/4571 4551/4521 
f 4551/4521 2719/4571 728/4572 2694/4524 
f 2719/4571 4512/4355 2614/4365 728/4572 
f 728/4572 2614/4365 4516/4364 2720/4573 
f 2694/4524 728/4572 2720/4573 4552/4525 
f 4552/4525 2720/4573 736/4574 2696/4528 
f 2720/4573 4516/4364 2617/4371 736/4574 
f 736/4574 2617/4371 4518/4370 2674/4484 
f 2696/4528 736/4574 2674/4484 4543/4488 
f 4542/4486 2675/4485 745/4575 2699/4532 
f 2675/4485 4521/4380 2620/4377 745/4575 
f 745/4575 2620/4377 4520/4376 2721/4576 
f 2699/4532 745/4575 2721/4576 4553/4533 
f 4553/4533 2721/4576 744/4577 2701/4536 
f 2721/4576 4520/4376 2624/4386 744/4577 
f 744/4577 2624/4386 4524/4385 2722/4578 
f 2701/4536 744/4577 2722/4578 4554/4537 
f 4554/4537 2722/4578 751/4579 2703/4540 
f 2722/4578 4524/4385 2627/4392 751/4579 
f 751/4579 2627/4392 4526/4391 2723/4580 
f 2703/4540 751/4579 2723/4580 4555/4541 
f 4555/4541 2723/4580 754/4581 2705/4544 
f 2723/4580 4526/4391 2630/4398 754/4581 
f 754/4581 2630/4398 4528/4397 2724/4582 
f 2705/4544 754/4581 2724/4582 4556/4545 
f 4556/4545 2724/4582 757/4583 2707/4548 
f 2724/4582 4528/4397 2633/4404 757/4583 
f 757/4583 2633/4404 4530/4403 2725/4584 
f 2707/4548 757/4583 2725/4584 4557/4549 
f 4557/4549 2725/4584 760/4585 2709/4552 
f 2725/4584 4530/4403 2636/4410 760/4585 
f 760/4585 2636/4410 4532/4409 2726/4586 
f 2709/4552 760/4585 2726/4586 4558/4553 
f 4558/4553 2726/4586 763/4587 2711/4556 
f 2726/4586 4532/4409 2639/4416 763/4587 
f 763/4587 2639/4416 4534/4415 2727/4588 
f 2711/4556 763/4587 2727/4588 4559/4557 
f 4559/4557 2727/4588 766/4589 2713/4560 
f 2727/4588 4534/4415 2642/4422 766/4589 
f 766/4589 2642/4422 4536/4421 2728/4590 
f 2713/4560 766/4589 2728/4590 4560/4561 
f 4560/4561 2728/4590 730/4591 2715/4564 
f 2728/4590 4536/4421 2645/4427 730/4591 
f 730/4591 2645/4427 4513/4359 2718/4569 
f 2715/4564 730/4591 2718/4569 4550/4519 
f 4505/4326 2606/4349 42/4592 2729/4593 
f 2606/4349 3843/198 1432/1212 42/4592 
f 42/4592 1432/1212 3906/1211 2730/4594 
f 2729/4593 42/4592 2730/4594 4561/4595 
f 3907/1217 1434/1220 98/4596 2731/4597 
f 1434/1220 3910/1232 2732/4598 98/4596 
f 98/4596 2732/4598 4562/4599 2733/4600 
f 2731/4597 98/4596 2733/4600 4563/4601 
f 4563/4601 2733/4600 775/4602 2734/4603 
f 2733/4600 4562/4599 2735/4604 775/4602 
f 775/4602 2735/4604 4564/4605 2736/4606 
f 2734/4603 775/4602 2736/4606 4565/4607 
f 4563/4601 2734/4603 773/4608 2737/4609 
f 2734/4603 4565/4607 2738/4610 773/4608 
f 773/4608 2738/4610 4566/4611 2739/4612 
f 2737/4609 773/4608 2739/4612 4561/4595 
f 3846/235 2609/4354 46/4613 1443/4614 
f 2609/4354 4511/4344 2740/4615 46/4613 
f 46/4613 2740/4615 4567/4616 2741/4617 
f 1443/4614 46/4613 2741/4617 3914/4618 
f 3914/4618 2741/4617 107/4619 1446/4620 
f 2741/4617 4567/4616 2742/4621 107/4619 
f 107/4619 2742/4621 4568/4622 2743/4623 
f 1446/4620 107/4619 2743/4623 3916/4624 
f 3916/4624 2743/4623 110/4625 1449/4626 
f 2743/4623 4568/4622 2744/4627 110/4625 
f 110/4625 2744/4627 4569/4628 2745/4629 
f 1449/4626 110/4625 2745/4629 3918/4630 
f 3918/4630 2745/4629 113/4631 1452/4632 
f 2745/4629 4569/4628 2746/4633 113/4631 
f 113/4631 2746/4633 4570/4634 2747/4635 
f 1452/4632 113/4631 2747/4635 3920/4636 
f 3922/4637 2748/4638 120/4639 1455/4640 
f 2748/4638 4571/4641 2749/4642 120/4639 
f 120/4639 2749/4642 4572/4643 2750/4644 
f 1455/4640 120/4639 2750/4644 3923/4645 
f 3926/4646 2751/4647 126/4648 1459/4649 
f 2751/4647 4573/4650 2752/4651 126/4648 
f 126/4648 2752/4651 4574/4652 2753/4653 
f 1459/4649 126/4648 2753/4653 3927/4654 
f 3927/4654 2753/4653 127/4655 1463/4656 
f 2753/4653 4574/4652 2754/4657 127/4655 
f 127/4655 2754/4657 4575/4658 2755/4659 
f 1463/4656 127/4655 2755/4659 3930/4660 
f 3932/4661 2756/4662 135/4663 1466/4664 
f 2756/4662 4576/4665 2757/4666 135/4663 
f 135/4663 2757/4666 4577/4667 2758/4668 
f 1466/4664 135/4663 2758/4668 3933/4669 
f 3906/1211 1470/1396 96/4670 2730/4594 
f 1470/1396 3907/1217 2731/4597 96/4670 
f 96/4670 2731/4597 4563/4601 2737/4609 
f 2730/4594 96/4670 2737/4609 4561/4595 
f 4566/4611 2759/4671 719/4672 2739/4612 
f 2759/4671 4503/4320 2592/4322 719/4672 
f 719/4672 2592/4322 4505/4326 2729/4593 
f 2739/4612 719/4672 2729/4593 4561/4595 
f 4566/4611 2738/4610 779/4673 2760/4674 
f 2738/4610 4565/4607 2761/4675 779/4673 
f 779/4673 2761/4675 4578/4676 2762/4677 
f 2760/4674 779/4673 2762/4677 4579/4678 
f 4566/4611 2760/4674 716/4679 2759/4671 
f 2760/4674 4579/4678 2763/4680 716/4679 
f 716/4679 2763/4680 4501/4314 2589/4316 
f 2759/4671 716/4679 2589/4316 4503/4320 
f 4493/4293 2717/4567 704/4681 2764/4682 
f 2717/4567 4494/4294 2765/4683 704/4681 
f 704/4681 2765/4683 4580/4684 2766/4685 
f 2764/4682 704/4681 2766/4685 4581/4686 
f 4582/4687 2767/4688 797/4689 2768/4690 
f 2767/4688 4583/4691 2769/4692 797/4689 
f 797/4689 2769/4692 4584/4693 2770/4694 
f 2768/4690 797/4689 2770/4694 4585/4695 
f 4586/4696 2771/4697 786/4698 2772/4699 
f 2771/4697 4587/4700 2773/4701 786/4698 
f 786/4698 2773/4701 4574/4652 2752/4651 
f 2772/4699 786/4698 2752/4651 4573/4650 
f 4486/4273 2570/4276 691/4702 2774/4703 
f 2570/4276 4489/4281 2775/4704 691/4702 
f 691/4702 2775/4704 4588/4705 2776/4706 
f 2774/4703 691/4702 2776/4706 4589/4707 
f 4589/4707 2776/4706 804/4708 2777/4709 
f 2776/4706 4588/4705 2778/4710 804/4708 
f 804/4708 2778/4710 4590/4711 2779/4712 
f 2777/4709 804/4708 2779/4712 4591/4713 
f 4580/4684 2780/4714 795/4715 2766/4685 
f 2780/4714 4583/4691 2767/4688 795/4715 
f 795/4715 2767/4688 4582/4687 2781/4716 
f 2766/4685 795/4715 2781/4716 4581/4686 
f 4486/4273 2774/4703 692/4717 2604/4346 
f 2774/4703 4589/4707 2782/4718 692/4717 
f 692/4717 2782/4718 4567/4616 2740/4615 
f 2604/4346 692/4717 2740/4615 4511/4344 
f 4589/4707 2777/4709 780/4719 2782/4718 
f 2777/4709 4591/4713 2783/4720 780/4719 
f 780/4719 2783/4720 4568/4622 2742/4621 
f 2782/4718 780/4719 2742/4621 4567/4616 
f 4590/4711 2778/4710 803/4721 2784/4722 
f 2778/4710 4588/4705 2785/4723 803/4721 
f 803/4721 2785/4723 4592/4724 2786/4725 
f 2784/4722 803/4721 2786/4725 4593/4726 
f 4592/4724 2787/4727 796/4728 2786/4725 
f 2787/4727 4581/4686 2781/4716 796/4728 
f 796/4728 2781/4716 4582/4687 2788/4729 
f 2786/4725 796/4728 2788/4729 4593/4726 
f 4592/4724 2785/4723 698/4730 2789/4731 
f 2785/4723 4588/4705 2775/4704 698/4730 
f 698/4730 2775/4704 4489/4281 2573/4283 
f 2789/4731 698/4730 2573/4283 4491/4287 
f 4581/4686 2787/4727 701/4732 2764/4682 
f 2787/4727 4592/4724 2789/4731 701/4732 
f 701/4732 2789/4731 4491/4287 2576/4289 
f 2764/4682 701/4732 2576/4289 4493/4293 
f 4591/4713 2779/4712 806/4733 2790/4734 
f 2779/4712 4590/4711 2791/4735 806/4733 
f 806/4733 2791/4735 4594/4736 2792/4737 
f 2790/4734 806/4733 2792/4737 4595/4738 
f 4591/4713 2790/4734 781/4739 2783/4720 
f 2790/4734 4595/4738 2793/4740 781/4739 
f 781/4739 2793/4740 4569/4628 2744/4627 
f 2783/4720 781/4739 2744/4627 4568/4622 
f 4584/4693 2794/4741 801/4742 2770/4694 
f 2794/4741 4587/4700 2771/4697 801/4742 
f 801/4742 2771/4697 4586/4696 2795/4743 
f 2770/4694 801/4742 2795/4743 4585/4695 
f 4593/4726 2788/4729 798/4744 2796/4745 
f 2788/4729 4582/4687 2768/4690 798/4744 
f 798/4744 2768/4690 4585/4695 2797/4746 
f 2796/4745 798/4744 2797/4746 4596/4747 
f 4593/4726 2796/4745 805/4748 2784/4722 
f 2796/4745 4596/4747 2798/4749 805/4748 
f 805/4748 2798/4749 4594/4736 2791/4735 
f 2784/4722 805/4748 2791/4735 4590/4711 
f 4572/4643 2799/4750 121/4751 2750/4644 
f 2799/4750 4573/4650 2751/4647 121/4751 
f 121/4751 2751/4647 3926/4646 1512/4752 
f 2750/4644 121/4751 1512/4752 3923/4645 
f 4594/4736 2798/4749 807/4753 2800/4754 
f 2798/4749 4596/4747 2801/4755 807/4753 
f 807/4753 2801/4755 4597/4756 2802/4757 
f 2800/4754 807/4753 2802/4757 4598/4758 
f 4597/4756 2803/4759 784/4760 2802/4757 
f 2803/4759 4572/4643 2749/4642 784/4760 
f 784/4760 2749/4642 4571/4641 2804/4761 
f 2802/4757 784/4760 2804/4761 4598/4758 
f 4597/4756 2801/4755 802/4762 2805/4763 
f 2801/4755 4596/4747 2797/4746 802/4762 
f 802/4762 2797/4746 4585/4695 2795/4743 
f 2805/4763 802/4762 2795/4743 4586/4696 
f 4597/4756 2805/4763 785/4764 2803/4759 
f 2805/4763 4586/4696 2772/4699 785/4764 
f 785/4764 2772/4699 4573/4650 2799/4750 
f 2803/4759 785/4764 2799/4750 4572/4643 
f 4598/4758 2804/4761 783/4765 2806/4766 
f 2804/4761 4571/4641 2807/4767 783/4765 
f 783/4765 2807/4767 4570/4634 2808/4768 
f 2806/4766 783/4765 2808/4768 4599/4769 
f 4570/4634 2807/4767 116/4770 2747/4635 
f 2807/4767 4571/4641 2748/4638 116/4770 
f 116/4770 2748/4638 3922/4637 1522/4771 
f 2747/4635 116/4770 1522/4771 3920/4636 
f 4570/4634 2746/4633 782/4772 2808/4768 
f 2746/4633 4569/4628 2793/4740 782/4772 
f 782/4772 2793/4740 4595/4738 2809/4773 
f 2808/4768 782/4772 2809/4773 4599/4769 
f 4599/4769 2809/4773 808/4774 2806/4766 
f 2809/4773 4595/4738 2792/4737 808/4774 
f 808/4774 2792/4737 4594/4736 2800/4754 
f 2806/4766 808/4774 2800/4754 4598/4758 
f 4575/4658 2810/4775 131/4776 2755/4659 
f 2810/4775 4576/4665 2756/4662 131/4776 
f 131/4776 2756/4662 3932/4661 1525/4777 
f 2755/4659 131/4776 1525/4777 3930/4660 
f 4576/4665 2810/4775 788/4778 2811/4779 
f 2810/4775 4575/4658 2812/4780 788/4778 
f 788/4778 2812/4780 4600/4781 2813/4782 
f 2811/4779 788/4778 2813/4782 4601/4783 
f 4602/4784 2814/4785 810/4786 2815/4787 
f 2814/4785 4603/4788 2816/4789 810/4786 
f 810/4786 2816/4789 4604/4790 2817/4791 
f 2815/4787 810/4786 2817/4791 4605/4792 
f 4603/4788 2818/4793 710/4794 2816/4789 
f 2818/4793 4497/4302 2583/4304 710/4794 
f 710/4794 2583/4304 4499/4308 2819/4795 
f 2816/4789 710/4794 2819/4795 4604/4790 
f 4600/4781 2820/4796 809/4797 2813/4782 
f 2820/4796 4606/4798 2821/4799 809/4797 
f 809/4797 2821/4799 4607/4800 2822/4801 
f 2813/4782 809/4797 2822/4801 4601/4783 
f 4600/4781 2812/4780 787/4802 2823/4803 
f 2812/4780 4575/4658 2754/4657 787/4802 
f 787/4802 2754/4657 4574/4652 2773/4701 
f 2823/4803 787/4802 2773/4701 4587/4700 
f 4497/4302 2818/4793 706/4804 2580/4297 
f 2818/4793 4603/4788 2824/4805 706/4804 
f 706/4804 2824/4805 4580/4684 2765/4683 
f 2580/4297 706/4804 2765/4683 4494/4294 
f 4606/4798 2825/4806 811/4807 2821/4799 
f 2825/4806 4602/4784 2815/4787 811/4807 
f 811/4807 2815/4787 4605/4792 2826/4808 
f 2821/4799 811/4807 2826/4808 4607/4800 
f 4602/4784 2825/4806 799/4809 2827/4810 
f 2825/4806 4606/4798 2828/4811 799/4809 
f 799/4809 2828/4811 4584/4693 2769/4692 
f 2827/4810 799/4809 2769/4692 4583/4691 
f 4602/4784 2827/4810 794/4812 2814/4785 
f 2827/4810 4583/4691 2780/4714 794/4812 
f 794/4812 2780/4714 4580/4684 2824/4805 
f 2814/4785 794/4812 2824/4805 4603/4788 
f 4584/4693 2828/4811 800/4813 2794/4741 
f 2828/4811 4606/4798 2820/4796 800/4813 
f 800/4813 2820/4796 4600/4781 2823/4803 
f 2794/4741 800/4813 2823/4803 4587/4700 
f 4608/4814 2829/4815 172/4816 2830/4817 
f 2829/4815 3969/2064 1547/2060 172/4816 
f 172/4816 1547/2060 3968/2059 2831/4818 
f 2830/4817 172/4816 2831/4818 4609/4819 
f 4610/4820 2832/4821 181/4822 2833/4823 
f 2832/4821 3973/2080 1551/2076 181/4822 
f 181/4822 1551/2076 3972/2075 2834/4824 
f 2833/4823 181/4822 2834/4824 4611/4825 
f 4612/4826 2835/4827 189/4828 2836/4829 
f 2835/4827 3977/2096 1555/2092 189/4828 
f 189/4828 1555/2092 3976/2091 2837/4830 
f 2836/4829 189/4828 2837/4830 4613/4831 
f 4614/4832 2838/4833 198/4834 2839/4835 
f 2838/4833 3981/2112 1559/2108 198/4834 
f 198/4834 1559/2108 3980/2107 2840/4836 
f 2839/4835 198/4834 2840/4836 4615/4837 
f 4614/4832 2839/4835 824/4838 2841/4839 
f 2839/4835 4615/4837 2842/4840 824/4838 
f 824/4838 2842/4840 4616/4841 2843/4842 
f 2841/4839 824/4838 2843/4842 4617/4843 
f 4618/4844 2844/4845 791/4846 2845/4847 
f 2844/4845 4619/4848 2846/4849 791/4846 
f 791/4846 2846/4849 4577/4667 2847/4850 
f 2845/4847 791/4846 2847/4850 4616/4841 
f 3986/2145 1568/2148 182/4851 2848/4852 
f 1568/2148 3973/2080 2832/4821 182/4851 
f 182/4851 2832/4821 4610/4820 2849/4853 
f 2848/4852 182/4851 2849/4853 4620/4854 
f 4620/4854 2849/4853 820/4855 2850/4856 
f 2849/4853 4610/4820 2851/4857 820/4855 
f 820/4855 2851/4857 4621/4858 2852/4859 
f 2850/4856 820/4855 2852/4859 4622/4860 
f 4608/4814 2830/4817 816/4861 2853/4862 
f 2830/4817 4609/4819 2854/4863 816/4861 
f 816/4861 2854/4863 4623/4864 2855/4865 
f 2853/4862 816/4861 2855/4865 4624/4866 
f 4625/4867 2856/4868 837/4869 2857/4870 
f 2856/4868 4626/4871 2858/4872 837/4869 
f 837/4869 2858/4872 4627/4873 2859/4874 
f 2857/4870 837/4869 2859/4874 4628/4875 
f 4627/4873 2860/4876 841/4877 2859/4874 
f 2860/4876 4629/4878 2861/4879 841/4877 
f 841/4877 2861/4879 4630/4880 2862/4881 
f 2859/4874 841/4877 2862/4881 4628/4875 
f 3998/2225 1584/2228 190/4882 2863/4883 
f 1584/2228 3977/2096 2835/4827 190/4882 
f 190/4882 2835/4827 4612/4826 2864/4884 
f 2863/4883 190/4882 2864/4884 4631/4885 
f 3972/2075 1586/2244 180/4886 2834/4824 
f 1586/2244 4001/2256 2865/4887 180/4886 
f 180/4886 2865/4887 4632/4888 2866/4889 
f 2834/4824 180/4886 2866/4889 4611/4825 
f 4002/2257 1590/2260 173/4890 2867/4891 
f 1590/2260 3969/2064 2829/4815 173/4890 
f 173/4890 2829/4815 4608/4814 2868/4892 
f 2867/4891 173/4890 2868/4892 4633/4893 
f 4609/4819 2831/4818 171/4894 2869/4895 
f 2831/4818 3968/2059 1594/2284 171/4894 
f 171/4894 1594/2284 4005/2283 2870/4896 
f 2869/4895 171/4894 2870/4896 4634/4897 
f 3986/2145 2848/4852 204/4898 1595/2290 
f 2848/4852 4620/4854 2871/4899 204/4898 
f 204/4898 2871/4899 4635/4900 2872/4901 
f 1595/2290 204/4898 2872/4901 4006/2294 
f 4626/4871 2873/4902 834/4903 2874/4904 
f 2873/4902 4623/4864 2875/4905 834/4903 
f 834/4903 2875/4905 4636/4906 2876/4907 
f 2874/4904 834/4903 2876/4907 4637/4908 
f 4620/4854 2850/4856 830/4909 2871/4899 
f 2850/4856 4622/4860 2877/4910 830/4909 
f 830/4909 2877/4910 4638/4911 2878/4912 
f 2871/4899 830/4909 2878/4912 4635/4900 
f 4629/4878 2860/4876 840/4913 2879/4914 
f 2860/4876 4627/4873 2880/4915 840/4913 
f 840/4913 2880/4915 4639/4916 2881/4917 
f 2879/4914 840/4913 2881/4917 4640/4918 
f 4627/4873 2858/4872 839/4919 2880/4915 
f 2858/4872 4626/4871 2874/4904 839/4919 
f 839/4919 2874/4904 4637/4908 2882/4920 
f 2880/4915 839/4919 2882/4920 4639/4916 
f 4621/4858 2883/4921 832/4922 2852/4859 
f 2883/4921 4630/4880 2861/4879 832/4922 
f 832/4922 2861/4879 4629/4878 2884/4923 
f 2852/4859 832/4922 2884/4923 4622/4860 
f 4623/4864 2873/4902 835/4924 2855/4865 
f 2873/4902 4626/4871 2856/4868 835/4924 
f 835/4924 2856/4868 4625/4867 2885/4925 
f 2855/4865 835/4924 2885/4925 4624/4866 
f 4623/4864 2854/4863 818/4926 2875/4905 
f 2854/4863 4609/4819 2869/4895 818/4926 
f 818/4926 2869/4895 4634/4897 2886/4927 
f 2875/4905 818/4926 2886/4927 4636/4906 
f 4622/4860 2884/4923 833/4928 2877/4910 
f 2884/4923 4629/4878 2879/4914 833/4928 
f 833/4928 2879/4914 4640/4918 2887/4929 
f 2877/4910 833/4928 2887/4929 4638/4911 
f 4624/4866 2885/4925 836/4930 2888/4931 
f 2885/4925 4625/4867 2889/4932 836/4930 
f 836/4930 2889/4932 4641/4933 2890/4934 
f 2888/4931 836/4930 2890/4934 4642/4935 
f 4624/4866 2888/4931 817/4936 2853/4862 
f 2888/4931 4642/4935 2891/4937 817/4936 
f 817/4936 2891/4937 4633/4893 2868/4892 
f 2853/4862 817/4936 2868/4892 4608/4814 
f 4628/4875 2862/4881 842/4938 2892/4939 
f 2862/4881 4630/4880 2893/4940 842/4938 
f 842/4938 2893/4940 4643/4941 2894/4942 
f 2892/4939 842/4938 2894/4942 4644/4943 
f 4628/4875 2892/4939 838/4944 2857/4870 
f 2892/4939 4644/4943 2895/4945 838/4944 
f 838/4944 2895/4945 4641/4933 2889/4932 
f 2857/4870 838/4944 2889/4932 4625/4867 
f 4630/4880 2883/4921 831/4946 2893/4940 
f 2883/4921 4621/4858 2896/4947 831/4946 
f 831/4946 2896/4947 4645/4948 2897/4949 
f 2893/4940 831/4946 2897/4949 4643/4941 
f 4645/4948 2896/4947 819/4950 2898/4951 
f 2896/4947 4621/4858 2851/4857 819/4950 
f 819/4950 2851/4857 4610/4820 2833/4823 
f 2898/4951 819/4950 2833/4823 4611/4825 
f 4005/2283 1624/2532 226/4952 2870/4896 
f 1624/2532 5076/2544 2899/4953 226/4952 
f 226/4952 2899/4953 5087/4954 2900/4955 
f 2870/4896 226/4952 2900/4955 4634/4897 
f 4635/4900 2901/4956 227/4957 2872/4901 
f 2901/4956 5088/4958 2902/4959 227/4957 
f 227/4957 2902/4959 5077/2555 1628/2551 
f 2872/4901 227/4957 1628/2551 4006/2294 
f 4636/4906 2903/4960 846/4961 2876/4907 
f 2903/4960 5089/4962 2904/4963 846/4961 
f 846/4961 2904/4963 5090/4964 2905/4965 
f 2876/4907 846/4961 2905/4965 4637/4908 
f 4638/4911 2906/4966 845/4967 2878/4912 
f 2906/4966 5091/4968 2907/4969 845/4967 
f 845/4967 2907/4969 5088/4958 2901/4956 
f 2878/4912 845/4967 2901/4956 4635/4900 
f 4639/4916 2908/4970 849/4971 2881/4917 
f 2908/4970 5092/4972 2909/4973 849/4971 
f 849/4971 2909/4973 5093/4974 2910/4975 
f 2881/4917 849/4971 2910/4975 4640/4918 
f 4637/4908 2905/4965 847/4976 2882/4920 
f 2905/4965 5090/4964 2911/4977 847/4976 
f 847/4976 2911/4977 5092/4972 2908/4970 
f 2882/4920 847/4976 2908/4970 4639/4916 
f 4634/4897 2900/4955 844/4978 2886/4927 
f 2900/4955 5087/4954 2912/4979 844/4978 
f 844/4978 2912/4979 5089/4962 2903/4960 
f 2886/4927 844/4978 2903/4960 4636/4906 
f 4640/4918 2910/4975 848/4980 2887/4929 
f 2910/4975 5093/4974 2913/4981 848/4980 
f 848/4980 2913/4981 5091/4968 2906/4966 
f 2887/4929 848/4980 2906/4966 4638/4911 
f 4001/2256 1641/2660 219/4982 2865/4887 
f 1641/2660 3998/2225 2863/4883 219/4982 
f 219/4982 2863/4883 4631/4885 2914/4983 
f 2865/4887 219/4982 2914/4983 4632/4888 
f 4631/4885 2864/4884 823/4984 2915/4985 
f 2864/4884 4612/4826 2916/4986 823/4984 
f 823/4984 2916/4986 4646/4987 2917/4988 
f 2915/4985 823/4984 2917/4988 4647/4989 
f 4648/4990 2918/4991 814/4992 2919/4993 
f 2918/4991 4607/4800 2826/4808 814/4992 
f 814/4992 2826/4808 4605/4792 2920/4994 
f 2919/4993 814/4992 2920/4994 4649/4995 
f 3976/2091 1649/2708 188/4996 2837/4830 
f 1649/2708 4032/2720 2921/4997 188/4996 
f 188/4996 2921/4997 4650/4998 2922/4999 
f 2837/4830 188/4996 2922/4999 4613/4831 
f 4648/4990 2923/5000 825/5001 2924/5002 
f 2923/5000 4646/4987 2925/5003 825/5001 
f 825/5001 2925/5003 4650/4998 2926/5004 
f 2924/5002 825/5001 2926/5004 4614/4832 
f 4607/4800 2918/4991 815/5005 2927/5006 
f 2918/4991 4648/4990 2924/5002 815/5005 
f 815/5005 2924/5002 4614/4832 2841/4839 
f 2927/5006 815/5005 2841/4839 4617/4843 
f 4617/4843 2928/5007 789/5008 2927/5006 
f 2928/5007 4576/4665 2811/4779 789/5008 
f 789/5008 2811/4779 4601/4783 2822/4801 
f 2927/5006 789/5008 2822/4801 4607/4800 
f 4499/4308 2586/4310 713/5009 2819/4795 
f 2586/4310 4501/4314 2763/4680 713/5009 
f 713/5009 2763/4680 4579/4678 2929/5010 
f 2819/4795 713/5009 2929/5010 4604/4790 
f 4641/4933 2895/4945 850/5011 2930/5012 
f 2895/4945 4644/4943 2931/5013 850/5011 
f 850/5011 2931/5013 4651/5014 2932/5015 
f 2930/5012 850/5011 2932/5015 4652/5016 
f 4649/4995 2920/4994 813/5017 2933/5018 
f 2920/4994 4605/4792 2934/5019 813/5017 
f 813/5017 2934/5019 4651/5014 2935/5020 
f 2933/5018 813/5017 2935/5020 4653/5021 
f 4651/5014 2934/5019 812/5022 2932/5015 
f 2934/5019 4605/4792 2817/4791 812/5022 
f 812/5022 2817/4791 4604/4790 2936/5023 
f 2932/5015 812/5022 2936/5023 4652/5016 
f 4651/5014 2931/5013 852/5024 2935/5020 
f 2931/5013 4644/4943 2894/4942 852/5024 
f 852/5024 2894/4942 4643/4941 2937/5025 
f 2935/5020 852/5024 2937/5025 4653/5021 
f 4653/5021 2937/5025 851/5026 2938/5027 
f 2937/5025 4643/4941 2897/4949 851/5026 
f 851/5026 2897/4949 4645/4948 2939/5028 
f 2938/5027 851/5026 2939/5028 4654/5029 
f 4645/4948 2898/4951 821/5030 2939/5028 
f 2898/4951 4611/4825 2866/4889 821/5030 
f 821/5030 2866/4889 4632/4888 2940/5031 
f 2939/5028 821/5030 2940/5031 4654/5029 
f 4646/4987 2923/5000 853/5032 2917/4988 
f 2923/5000 4648/4990 2919/4993 853/5032 
f 853/5032 2919/4993 4649/4995 2941/5033 
f 2917/4988 853/5032 2941/5033 4647/4989 
f 4032/2720 1671/2900 199/5034 2921/4997 
f 1671/2900 3981/2112 2838/4833 199/5034 
f 199/5034 2838/4833 4614/4832 2926/5004 
f 2921/4997 199/5034 2926/5004 4650/4998 
f 4646/4987 2916/4986 822/5035 2925/5003 
f 2916/4986 4612/4826 2836/4829 822/5035 
f 822/5035 2836/4829 4613/4831 2922/4999 
f 2925/5003 822/5035 2922/4999 4650/4998 
f 4653/5021 2938/5027 854/5036 2933/5018 
f 2938/5027 4654/5029 2942/5037 854/5036 
f 854/5036 2942/5037 4647/4989 2941/5033 
f 2933/5018 854/5036 2941/5033 4649/4995 
f 4631/4885 2915/4985 843/5038 2914/4983 
f 2915/4985 4647/4989 2942/5037 843/5038 
f 843/5038 2942/5037 4654/5029 2940/5031 
f 2914/4983 843/5038 2940/5031 4632/4888 
f 4652/5016 2936/5023 793/5039 2943/5040 
f 2936/5023 4604/4790 2929/5010 793/5039 
f 793/5039 2929/5010 4579/4678 2762/4677 
f 2943/5040 793/5039 2762/4677 4578/4676 
f 4652/5016 2943/5040 792/5041 2930/5012 
f 2943/5040 4578/4676 2944/5042 792/5041 
f 792/5041 2944/5042 4642/4935 2890/4934 
f 2930/5012 792/5041 2890/4934 4641/4933 
f 4642/4935 2944/5042 777/5043 2891/4937 
f 2944/5042 4578/4676 2945/5044 777/5043 
f 777/5043 2945/5044 4564/4605 2946/5045 
f 2891/4937 777/5043 2946/5045 4633/4893 
f 4564/4605 2945/5044 778/5046 2736/4606 
f 4578/4676 2761/4675 778/5046 2945/5044 
f 4565/4607 2736/4606 778/5046 2761/4675 
f 4562/4599 2732/4598 102/5047 2947/5048 
f 2732/4598 3910/1232 1679/3032 102/5047 
f 102/5047 1679/3032 4038/3031 2948/5049 
f 2947/5048 102/5047 2948/5049 4655/5050 
f 4656/5051 2949/5052 856/5053 2950/5054 
f 2949/5052 4657/5055 2951/5056 856/5053 
f 856/5053 2951/5056 4658/5057 2952/5058 
f 2950/5054 856/5053 2952/5058 4659/5059 
f 4633/4893 2946/5045 776/5060 2953/5061 
f 2946/5045 4564/4605 2954/5062 776/5060 
f 776/5060 2954/5062 4660/5063 2955/5064 
f 2953/5061 776/5060 2955/5064 4661/5065 
f 4661/5065 2955/5064 251/5066 2956/5067 
f 2955/5064 4660/5063 2957/5068 251/5066 
f 251/5066 2957/5068 4046/3079 1688/3075 
f 2956/5067 251/5066 1688/3075 4045/3074 
f 4661/5065 2956/5067 222/5069 2953/5061 
f 2956/5067 4045/3074 1690/3096 222/5069 
f 222/5069 1690/3096 4002/2257 2867/4891 
f 2953/5061 222/5069 2867/4891 4633/4893 
f 4655/5050 2958/5070 774/5071 2947/5048 
f 2958/5070 4660/5063 2954/5062 774/5071 
f 774/5071 2954/5062 4564/4605 2735/4604 
f 2947/5048 774/5071 2735/4604 4562/4599 
f 4046/3079 2957/5068 252/5072 2959/5073 
f 2957/5068 4660/5063 2960/5074 252/5072 
f 252/5072 2960/5074 4662/5075 2961/5076 
f 2959/5073 252/5072 2961/5076 4663/5077 
f 4660/5063 2958/5070 855/5078 2960/5074 
f 2958/5070 4655/5050 2962/5079 855/5078 
f 855/5078 2962/5079 4664/5080 2963/5081 
f 2960/5074 855/5078 2963/5081 4662/5075 
f 4655/5050 2948/5049 243/5082 2962/5079 
f 2948/5049 4038/3031 2964/5083 243/5082 
f 243/5082 2964/5083 4665/5084 2965/5085 
f 2962/5079 243/5082 2965/5085 4664/5080 
f 4038/3031 1699/3168 242/5086 2964/5083 
f 1699/3168 4046/3079 2959/5073 242/5086 
f 242/5086 2959/5073 4663/5077 2966/5087 
f 2964/5083 242/5086 2966/5087 4665/5084 
f 4663/5077 2961/5076 860/5088 2967/5089 
f 2961/5076 4662/5075 2968/5090 860/5088 
f 860/5088 2968/5090 4659/5059 2952/5058 
f 2967/5089 860/5088 2952/5058 4658/5057 
f 4662/5075 2963/5081 857/5091 2968/5090 
f 2963/5081 4664/5080 2969/5092 857/5091 
f 857/5091 2969/5092 4656/5051 2950/5054 
f 2968/5090 857/5091 2950/5054 4659/5059 
f 4664/5080 2965/5085 858/5093 2969/5092 
f 2965/5085 4665/5084 2970/5094 858/5093 
f 858/5093 2970/5094 4657/5055 2949/5052 
f 2969/5092 858/5093 2949/5052 4656/5051 
f 4665/5084 2966/5087 859/5095 2970/5094 
f 2966/5087 4663/5077 2967/5089 859/5095 
f 859/5095 2967/5089 4658/5057 2951/5056 
f 2970/5094 859/5095 2951/5056 4657/5055 
f 4666/5096 2971/5097 258/5098 2972/5099 
f 2971/5097 4054/3260 1708/3256 258/5098 
f 258/5098 1708/3256 4053/3255 2973/5100 
f 2972/5099 258/5098 2973/5100 4667/5101 
f 4667/5101 2973/5100 257/5102 2974/5103 
f 2973/5100 4053/3255 1711/3272 257/5102 
f 257/5102 1711/3272 4056/3271 2975/5104 
f 2974/5103 257/5102 2975/5104 4668/5105 
f 4668/5105 2975/5104 261/5106 2976/5107 
f 2975/5104 4056/3271 1714/3288 261/5106 
f 261/5106 1714/3288 4058/3287 2977/5108 
f 2976/5107 261/5106 2977/5108 4669/5109 
f 4577/4667 2846/4849 136/5110 2758/4668 
f 2846/4849 4619/4848 2978/5111 136/5110 
f 136/5110 2978/5111 4059/5112 1715/5113 
f 2758/4668 136/5110 1715/5113 3933/4669 
f 3980/2107 1717/3312 197/5114 2840/4836 
f 1717/3312 4054/3324 2971/5115 197/5114 
f 197/5114 2971/5115 4666/5116 2979/5117 
f 2840/4836 197/5114 2979/5117 4615/4837 
f 4615/4837 2979/5117 826/5118 2842/4840 
f 2979/5117 4666/5116 2980/5119 826/5118 
f 826/5118 2980/5119 4618/4844 2845/4847 
f 2842/4840 826/5118 2845/4847 4616/4841 
f 4577/4667 2757/4666 790/5120 2847/4850 
f 2757/4666 4576/4665 2928/5007 790/5120 
f 790/5120 2928/5007 4617/4843 2843/4842 
f 2847/4850 790/5120 2843/4842 4616/4841 
f 4670/5121 2981/5122 271/5123 2982/5124 
f 2981/5122 4063/3372 1723/3368 271/5123 
f 271/5123 1723/3368 4062/3367 2983/5125 
f 2982/5124 271/5123 2983/5125 4671/5126 
f 4671/5126 2983/5125 270/5127 2984/5128 
f 2983/5125 4062/3367 1726/3384 270/5127 
f 270/5127 1726/3384 4065/3383 2985/5129 
f 2984/5128 270/5127 2985/5129 4672/5130 
f 4673/5131 2986/5132 868/5133 2987/5134 
f 2986/5132 4674/5135 2988/5136 868/5133 
f 868/5133 2988/5136 4675/5137 2989/5138 
f 2987/5134 868/5133 2989/5138 4676/5139 
f 4677/5140 2990/5141 874/5142 2991/5143 
f 2990/5141 4678/5144 2992/5145 874/5142 
f 874/5142 2992/5145 4679/5146 2993/5147 
f 2991/5143 874/5142 2993/5147 4680/5148 
f 4681/5149 2994/5150 301/5151 2995/5152 
f 2994/5150 4077/5153 1738/5154 301/5151 
f 301/5151 1738/5154 4076/5155 2996/5156 
f 2995/5152 301/5151 2996/5156 4682/5157 
f 4683/5158 2997/5159 887/5160 2998/5161 
f 2997/5159 4684/5162 2999/5163 887/5160 
f 887/5160 2999/5163 4685/5164 3000/5165 
f 2998/5161 887/5160 3000/5165 4686/5166 
f 4666/5096 2972/5099 861/5167 3001/5168 
f 2972/5099 4667/5101 3002/5169 861/5167 
f 861/5167 3002/5169 4687/5170 3003/5171 
f 3001/5168 861/5167 3003/5171 4688/5172 
f 4667/5101 2974/5103 862/5173 3002/5169 
f 2974/5103 4668/5105 3004/5174 862/5173 
f 862/5173 3004/5174 4678/5144 3005/5175 
f 3002/5169 862/5173 3005/5175 4687/5170 
f 4685/5164 3006/5176 892/5177 3000/5165 
f 3006/5176 4689/5178 3007/5179 892/5177 
f 892/5177 3007/5179 4690/5180 3008/5181 
f 3000/5165 892/5177 3008/5181 4686/5166 
f 4674/5135 2986/5132 316/5182 3009/5183 
f 2986/5132 4673/5131 3010/5184 316/5182 
f 316/5182 3010/5184 4087/3511 1752/3507 
f 3009/5183 316/5182 1752/3507 4086/3506 
f 4674/5135 3011/5185 870/5186 2988/5136 
f 3011/5185 4691/5187 3012/5188 870/5186 
f 870/5186 3012/5188 4692/5189 3013/5190 
f 2988/5136 870/5186 3013/5190 4675/5137 
f 4669/5109 3014/5191 864/5192 3015/5193 
f 3014/5191 4670/5121 3016/5194 864/5192 
f 864/5192 3016/5194 4693/5195 3017/5196 
f 3015/5193 864/5192 3017/5196 4679/5146 
f 4683/5158 2998/5161 873/5197 3018/5198 
f 2998/5161 4686/5166 3019/5199 873/5197 
f 873/5197 3019/5199 4694/5200 3020/5201 
f 3018/5198 873/5197 3020/5201 4676/5139 
f 4695/5202 3021/5203 900/5204 3022/5205 
f 3021/5203 4694/5200 3023/5206 900/5204 
f 900/5204 3023/5206 4696/5207 3024/5208 
f 3022/5205 900/5204 3024/5208 4697/5209 
f 4698/5210 3025/5211 902/5212 3026/5213 
f 3025/5211 4699/5214 3027/5215 902/5212 
f 902/5212 3027/5215 4700/5216 3028/5217 
f 3026/5213 902/5212 3028/5217 4701/5218 
f 4685/5164 2999/5163 890/5219 3029/5220 
f 2999/5163 4684/5162 3030/5221 890/5219 
f 890/5219 3030/5221 4693/5195 3031/5222 
f 3029/5220 890/5219 3031/5222 4702/5223 
f 4697/5224 3032/5225 328/5226 3033/5227 
f 3032/5225 4703/5228 3034/5229 328/5226 
f 328/5226 3034/5229 4101/5230 1777/5231 
f 3033/5227 328/5226 1777/5231 4100/5232 
f 4689/5233 3035/5234 897/5235 3007/5236 
f 3035/5234 4699/5214 3036/5237 897/5235 
f 897/5235 3036/5237 4704/5238 3037/5239 
f 3007/5236 897/5235 3037/5239 4690/5240 
f 4690/5240 3037/5239 898/5241 3038/5242 
f 3037/5239 4704/5238 3039/5243 898/5241 
f 898/5241 3039/5243 4705/5244 3040/5245 
f 3038/5242 898/5241 3040/5245 4696/5246 
f 4689/5178 3006/5176 891/5247 3041/5248 
f 3006/5176 4685/5164 3029/5220 891/5247 
f 891/5247 3029/5220 4702/5223 3042/5249 
f 3041/5248 891/5247 3042/5249 4706/5250 
f 4677/5140 3043/5251 877/5252 3044/5253 
f 3043/5251 4707/5254 3045/5255 877/5252 
f 877/5252 3045/5255 4708/5256 3046/5257 
f 3044/5253 877/5252 3046/5257 4709/5258 
f 4710/5259 3047/5260 828/5261 3048/5262 
f 3047/5260 4619/5263 2844/5264 828/5261 
f 828/5261 2844/5264 4618/5265 3049/5266 
f 3048/5262 828/5261 3049/5266 4711/5267 
f 4675/5137 3050/5268 872/5269 2989/5138 
f 3050/5268 4712/5270 3051/5271 872/5269 
f 872/5269 3051/5271 4683/5158 3018/5198 
f 2989/5138 872/5269 3018/5198 4676/5139 
f 4678/5144 3004/5174 863/5272 2992/5145 
f 3004/5174 4668/5105 2976/5107 863/5272 
f 863/5272 2976/5107 4669/5109 3015/5193 
f 2992/5145 863/5272 3015/5193 4679/5146 
f 4692/5189 3052/5273 871/5274 3013/5190 
f 3052/5273 4707/5275 3053/5276 871/5274 
f 871/5274 3053/5276 4712/5270 3050/5268 
f 3013/5190 871/5274 3050/5268 4675/5137 
f 4693/5195 3030/5221 880/5277 3017/5196 
f 3030/5221 4684/5162 3054/5278 880/5277 
f 880/5277 3054/5278 4680/5148 2993/5147 
f 3017/5196 880/5277 2993/5147 4679/5146 
f 4694/5200 3021/5203 869/5279 3020/5201 
f 3021/5203 4695/5202 3055/5280 869/5279 
f 869/5279 3055/5280 4673/5131 2987/5134 
f 3020/5201 869/5279 2987/5134 4676/5139 
f 4694/5200 3019/5199 893/5281 3023/5206 
f 3019/5199 4686/5166 3008/5181 893/5281 
f 893/5281 3008/5181 4690/5180 3038/5282 
f 3023/5206 893/5281 3038/5282 4696/5207 
f 4706/5283 3056/5284 867/5285 3057/5286 
f 3056/5284 4672/5287 3058/5288 867/5285 
f 867/5285 3058/5288 4713/5289 3059/5290 
f 3057/5286 867/5285 3059/5290 4700/5216 
f 4693/5195 3016/5194 865/5291 3031/5222 
f 3016/5194 4670/5121 2982/5124 865/5291 
f 865/5291 2982/5124 4671/5126 3060/5292 
f 3031/5222 865/5291 3060/5292 4702/5223 
f 4714/5293 3061/5294 885/5295 3062/5296 
f 3061/5294 4682/5297 3063/5298 885/5295 
f 885/5295 3063/5298 4703/5228 3064/5299 
f 3062/5296 885/5295 3064/5299 4705/5244 
f 4702/5223 3060/5292 866/5300 3042/5249 
f 3060/5292 4671/5126 2984/5128 866/5300 
f 866/5300 2984/5128 4672/5130 3056/5301 
f 3042/5249 866/5300 3056/5301 4706/5250 
f 4619/5302 3047/5303 829/5304 3065/5305 
f 3047/5303 4710/5306 3066/5307 829/5304 
f 829/5304 3066/5307 4692/5189 3012/5188 
f 3065/5305 829/5304 3012/5188 4691/5187 
f 4687/5170 3067/5308 894/5309 3003/5171 
f 3067/5308 4715/5310 3068/5311 894/5309 
f 894/5309 3068/5311 4716/5312 3069/5313 
f 3003/5171 894/5309 3069/5313 4688/5172 
f 4678/5144 2990/5141 879/5314 3005/5175 
f 2990/5141 4677/5140 3070/5315 879/5314 
f 879/5314 3070/5315 4715/5310 3067/5308 
f 3005/5175 879/5314 3067/5308 4687/5170 
f 4709/5258 3071/5316 895/5317 3072/5318 
f 3071/5316 4711/5267 3073/5319 895/5317 
f 895/5317 3073/5319 4688/5172 3069/5313 
f 3072/5318 895/5317 3069/5313 4716/5312 
f 4708/5256 3074/5320 908/5321 3046/5257 
f 3074/5320 4710/5259 3048/5262 908/5321 
f 908/5321 3048/5262 4711/5267 3071/5316 
f 3046/5257 908/5321 3071/5316 4709/5258 
f 4716/5312 3068/5311 878/5322 3072/5318 
f 3068/5311 4715/5310 3070/5315 878/5322 
f 878/5322 3070/5315 4677/5140 3044/5253 
f 3072/5318 878/5322 3044/5253 4709/5258 
f 4666/5096 3001/5168 827/5323 2980/5324 
f 3001/5168 4688/5172 3073/5319 827/5323 
f 827/5323 3073/5319 4711/5267 3049/5266 
f 2980/5324 827/5323 3049/5266 4618/5265 
f 4710/5306 3074/5325 899/5326 3066/5307 
f 3074/5325 4708/5327 3045/5328 899/5326 
f 899/5326 3045/5328 4707/5275 3052/5273 
f 3066/5307 899/5326 3052/5273 4692/5189 
f 5097/4477 2670/4476 768/5329 3075/5330 
f 2670/4476 4541/4473 2672/4481 768/5329 
f 768/5329 2672/4481 4538/4461 2662/4460 
f 3075/5330 768/5329 2662/4460 5085/4457 
f 4681/5149 2995/5152 882/5331 3076/5332 
f 2995/5152 4682/5157 3077/5333 882/5331 
f 882/5331 3077/5333 4717/5334 3078/5335 
f 3076/5332 882/5331 3078/5335 4718/5336 
f 4682/5337 3061/5338 886/5339 3077/5340 
f 3061/5338 4714/5341 3079/5342 886/5339 
f 886/5339 3079/5342 4719/5343 3080/5344 
f 3077/5340 886/5339 3080/5344 4717/5345 
f 4714/5341 3081/5346 909/5347 3079/5342 
f 3081/5346 4720/5348 3082/5349 909/5347 
f 909/5347 3082/5349 4721/5350 3083/5351 
f 3079/5342 909/5347 3083/5351 4719/5343 
f 4720/5348 3084/5352 904/5353 3082/5349 
f 3084/5352 4698/5354 3085/5355 904/5353 
f 904/5353 3085/5355 4722/5356 3086/5357 
f 3082/5349 904/5353 3086/5357 4721/5350 
f 4698/5354 3026/5358 903/5359 3085/5355 
f 3026/5358 4701/5360 3087/5361 903/5359 
f 903/5359 3087/5361 4723/5362 3088/5363 
f 3085/5355 903/5359 3088/5363 4722/5356 
f 4701/5360 3089/5364 883/5365 3087/5361 
f 3089/5364 4681/5149 3076/5332 883/5365 
f 883/5365 3076/5332 4718/5336 3090/5366 
f 3087/5361 883/5365 3090/5366 4723/5362 
f 4724/5367 3091/5368 916/5369 3092/5370 
f 3091/5368 4725/5371 3093/5372 916/5369 
f 916/5369 3093/5372 4726/5373 3094/5374 
f 3092/5370 916/5369 3094/5374 4727/5375 
f 4727/5375 3094/5374 922/5376 3095/5377 
f 3094/5374 4726/5373 3096/5378 922/5376 
f 922/5376 3096/5378 4728/5379 3097/5380 
f 3095/5377 922/5376 3097/5380 4729/5381 
f 4730/5382 3098/5383 926/5384 3099/5385 
f 3098/5383 4731/5386 3100/5387 926/5384 
f 926/5384 3100/5387 4732/5388 3101/5389 
f 3099/5385 926/5384 3101/5389 4733/5390 
f 4733/5390 3101/5389 931/5391 3102/5392 
f 3101/5389 4732/5388 3103/5393 931/5391 
f 931/5391 3103/5393 4734/5394 3104/5395 
f 3102/5392 931/5391 3104/5395 4735/5396 
f 4731/5386 3105/5397 929/5398 3100/5387 
f 3105/5397 4736/5399 3106/5400 929/5398 
f 929/5398 3106/5400 4737/5401 3107/5402 
f 3100/5387 929/5398 3107/5402 4732/5388 
f 4732/5388 3107/5402 930/5403 3103/5393 
f 3107/5402 4737/5401 3108/5404 930/5403 
f 930/5403 3108/5404 4738/5405 3109/5406 
f 3103/5393 930/5403 3109/5406 4734/5394 
f 4739/5407 3110/5408 936/5409 3111/5410 
f 3110/5408 4740/5411 3112/5412 936/5409 
f 936/5409 3112/5412 4741/5413 3113/5414 
f 3111/5410 936/5409 3113/5414 4742/5415 
f 4740/5411 3114/5416 940/5417 3112/5412 
f 3114/5416 4743/5418 3115/5419 940/5417 
f 940/5417 3115/5419 4744/5420 3116/5421 
f 3112/5412 940/5417 3116/5421 4741/5413 
f 4745/5422 3117/5423 946/5424 3118/5425 
f 3117/5423 4746/5426 3119/5427 946/5424 
f 946/5424 3119/5427 4747/5428 3120/5429 
f 3118/5425 946/5424 3120/5429 4748/5430 
f 4746/5426 3121/5431 948/5432 3119/5427 
f 3121/5431 4749/5433 3122/5434 948/5432 
f 948/5432 3122/5434 4750/5435 3123/5436 
f 3119/5427 948/5432 3123/5436 4747/5428 
f 4724/5437 3092/5438 917/5439 3124/5440 
f 3092/5438 4727/5441 3125/5442 917/5439 
f 917/5439 3125/5442 4751/5443 3126/5444 
f 3124/5440 917/5439 3126/5444 4752/5445 
f 4727/5441 3095/5446 923/5447 3125/5442 
f 3095/5446 4729/5448 3127/5449 923/5447 
f 923/5447 3127/5449 4753/5450 3128/5451 
f 3125/5442 923/5447 3128/5451 4751/5443 
f 4729/5448 3097/5452 925/5453 3127/5449 
f 3097/5452 4728/5454 3129/5455 925/5453 
f 925/5453 3129/5455 4754/5456 3130/5457 
f 3127/5449 925/5453 3130/5457 4753/5450 
f 4735/5458 3104/5459 933/5460 3131/5461 
f 3104/5459 4734/5462 3132/5463 933/5460 
f 933/5460 3132/5463 4755/5464 3133/5465 
f 3131/5461 933/5460 3133/5465 4756/5466 
f 4734/5462 3109/5467 932/5468 3132/5463 
f 3109/5467 4738/5469 3134/5470 932/5468 
f 932/5468 3134/5470 4757/5471 3135/5472 
f 3132/5463 932/5468 3135/5472 4755/5464 
f 4738/5469 3108/5473 935/5474 3134/5470 
f 3108/5473 4737/5475 3136/5476 935/5474 
f 935/5474 3136/5476 4758/5477 3137/5478 
f 3134/5470 935/5474 3137/5478 4757/5471 
f 4737/5479 3106/5480 934/5481 3136/5482 
f 3106/5480 4736/5483 3138/5484 934/5481 
f 934/5481 3138/5484 4759/5485 3139/5486 
f 3136/5482 934/5481 3139/5486 4758/5487 
f 4736/5483 3105/5488 928/5489 3138/5484 
f 3105/5488 4731/5490 3140/5491 928/5489 
f 928/5489 3140/5491 4760/5492 3141/5493 
f 3138/5484 928/5489 3141/5493 4759/5485 
f 4731/5490 3098/5494 927/5495 3140/5491 
f 3098/5494 4730/5496 3142/5497 927/5495 
f 927/5495 3142/5497 4761/5498 3143/5499 
f 3140/5491 927/5495 3143/5499 4760/5492 
f 4730/5496 3144/5500 919/5501 3142/5497 
f 3144/5500 4725/5502 3145/5503 919/5501 
f 919/5501 3145/5503 4762/5504 3146/5505 
f 3142/5497 919/5501 3146/5505 4761/5498 
f 4751/5443 3147/5506 938/5507 3126/5444 
f 3147/5506 4740/5411 3110/5408 938/5507 
f 938/5507 3110/5408 4739/5407 3148/5508 
f 3126/5444 938/5507 3148/5508 4752/5445 
f 4753/5450 3149/5509 939/5510 3128/5451 
f 3149/5509 4743/5418 3114/5416 939/5510 
f 939/5510 3114/5416 4740/5411 3147/5506 
f 3128/5451 939/5510 3147/5506 4751/5443 
f 4756/5466 3150/5511 945/5512 3151/5513 
f 3150/5511 4749/5433 3152/5514 945/5512 
f 945/5512 3152/5514 4744/5420 3153/5515 
f 3151/5513 945/5512 3153/5515 4754/5456 
f 4755/5464 3154/5516 953/5517 3133/5465 
f 3154/5516 4750/5435 3122/5434 953/5517 
f 953/5517 3122/5434 4749/5433 3150/5511 
f 3133/5465 953/5517 3150/5511 4756/5466 
f 4757/5471 3155/5518 954/5519 3135/5472 
f 3155/5518 4763/5520 3156/5521 954/5519 
f 954/5519 3156/5521 4750/5435 3154/5516 
f 3135/5472 954/5519 3154/5516 4755/5464 
f 4758/5477 3157/5522 956/5523 3137/5478 
f 3157/5522 4764/5524 3158/5525 956/5523 
f 956/5523 3158/5525 4763/5520 3155/5518 
f 3137/5478 956/5523 3155/5518 4757/5471 
f 4759/5485 3159/5526 957/5527 3139/5486 
f 3159/5526 4765/5528 3160/5529 957/5527 
f 957/5527 3160/5529 4764/5530 3157/5531 
f 3139/5486 957/5527 3157/5531 4758/5487 
f 4760/5492 3161/5532 952/5533 3141/5493 
f 3161/5532 4748/5430 3162/5534 952/5533 
f 952/5533 3162/5534 4765/5528 3159/5526 
f 3141/5493 952/5533 3159/5526 4759/5485 
f 4761/5498 3163/5535 947/5536 3143/5499 
f 3163/5535 4745/5422 3118/5425 947/5536 
f 947/5536 3118/5425 4748/5430 3161/5532 
f 3143/5499 947/5536 3161/5532 4760/5492 
f 4752/5445 3148/5508 937/5537 3164/5538 
f 3148/5508 4739/5407 3111/5410 937/5537 
f 937/5537 3111/5410 4742/5415 3165/5539 
f 3164/5538 937/5537 3165/5539 4762/5504 
f 4748/5430 3120/5429 950/5540 3166/5541 
f 3120/5429 4747/5428 3167/5542 950/5540 
f 950/5540 3167/5542 4766/5543 3168/5544 
f 3166/5541 950/5540 3168/5544 4767/5545 
f 4747/5428 3123/5436 949/5546 3167/5542 
f 3123/5436 4750/5435 3169/5547 949/5546 
f 949/5546 3169/5547 4768/5548 3170/5549 
f 3167/5542 949/5546 3170/5549 4766/5543 
f 4750/5435 3156/5521 955/5550 3169/5547 
f 3156/5521 4763/5520 3171/5551 955/5550 
f 955/5550 3171/5551 4769/5552 3172/5553 
f 3169/5547 955/5550 3172/5553 4768/5548 
f 4763/5520 3158/5525 958/5554 3171/5551 
f 3158/5525 4764/5524 3173/5555 958/5554 
f 958/5554 3173/5555 4770/5556 3174/5557 
f 3171/5551 958/5554 3174/5557 4769/5552 
f 4764/5530 3160/5529 959/5558 3173/5559 
f 3160/5529 4765/5528 3175/5560 959/5558 
f 959/5558 3175/5560 4771/5561 3176/5562 
f 3173/5559 959/5558 3176/5562 4770/5563 
f 4765/5528 3162/5534 951/5564 3175/5560 
f 3162/5534 4748/5430 3166/5541 951/5564 
f 951/5564 3166/5541 4767/5545 3177/5565 
f 3175/5560 951/5564 3177/5565 4771/5561 
f 4725/5371 3144/5566 920/5567 3093/5372 
f 3144/5566 4730/5382 3099/5385 920/5567 
f 920/5567 3099/5385 4733/5390 3178/5568 
f 3093/5372 920/5567 3178/5568 4726/5373 
f 4726/5373 3178/5568 921/5569 3096/5378 
f 3178/5568 4733/5390 3102/5392 921/5569 
f 921/5569 3102/5392 4735/5396 3179/5570 
f 3096/5378 921/5569 3179/5570 4728/5379 
f 4741/5413 3180/5571 942/5572 3113/5414 
f 3180/5571 4746/5426 3117/5423 942/5572 
f 942/5572 3117/5423 4745/5422 3181/5573 
f 3113/5414 942/5572 3181/5573 4742/5415 
f 4744/5420 3152/5514 941/5574 3116/5421 
f 3152/5514 4749/5433 3121/5431 941/5574 
f 941/5574 3121/5431 4746/5426 3180/5571 
f 3116/5421 941/5574 3180/5571 4741/5413 
f 4728/5454 3179/5575 924/5576 3129/5455 
f 3179/5575 4735/5458 3131/5461 924/5576 
f 924/5576 3131/5461 4756/5466 3151/5513 
f 3129/5455 924/5576 3151/5513 4754/5456 
f 4725/5502 3091/5577 918/5578 3145/5503 
f 3091/5577 4724/5437 3124/5440 918/5578 
f 918/5578 3124/5440 4752/5445 3164/5538 
f 3145/5503 918/5578 3164/5538 4762/5504 
f 4744/5420 3115/5419 944/5579 3153/5515 
f 3115/5419 4743/5418 3149/5509 944/5579 
f 944/5579 3149/5509 4753/5450 3130/5457 
f 3153/5515 944/5579 3130/5457 4754/5456 
f 4742/5415 3181/5573 943/5580 3165/5539 
f 3181/5573 4745/5422 3163/5535 943/5580 
f 943/5580 3163/5535 4761/5498 3146/5505 
f 3165/5539 943/5580 3146/5505 4762/5504 
f 4766/5543 3182/5581 961/5582 3168/5544 
f 3182/5581 4772/5583 3183/5584 961/5582 
f 961/5582 3183/5584 4773/5585 3184/5586 
f 3168/5544 961/5582 3184/5586 4767/5545 
f 4768/5548 3185/5587 960/5588 3170/5549 
f 3185/5587 4774/5589 3186/5590 960/5588 
f 960/5588 3186/5590 4772/5583 3182/5581 
f 3170/5549 960/5588 3182/5581 4766/5543 
f 4769/5552 3187/5591 963/5592 3172/5553 
f 3187/5591 4775/5593 3188/5594 963/5592 
f 963/5592 3188/5594 4774/5589 3185/5587 
f 3172/5553 963/5592 3185/5587 4768/5548 
f 4770/5556 3189/5595 964/5596 3174/5557 
f 3189/5595 4776/5597 3190/5598 964/5596 
f 964/5596 3190/5598 4775/5593 3187/5591 
f 3174/5557 964/5596 3187/5591 4769/5552 
f 4771/5561 3191/5599 965/5600 3176/5562 
f 3191/5599 4777/5601 3192/5602 965/5600 
f 965/5600 3192/5602 4776/5603 3189/5604 
f 3176/5562 965/5600 3189/5604 4770/5563 
f 4767/5545 3184/5586 962/5605 3177/5565 
f 3184/5586 4773/5585 3193/5606 962/5605 
f 962/5605 3193/5606 4777/5601 3191/5599 
f 3177/5565 962/5605 3191/5599 4771/5561 
f 4778/5607 3194/5608 972/5609 3195/5610 
f 3194/5608 4779/5611 3196/5612 972/5609 
f 972/5609 3196/5612 4780/5613 3197/5614 
f 3195/5610 972/5609 3197/5614 4781/5615 
f 4782/5616 3198/5617 973/5618 3199/5619 
f 3198/5617 4783/5620 3200/5621 973/5618 
f 973/5618 3200/5621 4779/5611 3194/5608 
f 3199/5619 973/5618 3194/5608 4778/5607 
f 4784/5622 3201/5623 978/5624 3202/5625 
f 3201/5623 4785/5626 3203/5627 978/5624 
f 978/5624 3203/5627 4783/5620 3198/5617 
f 3202/5625 978/5624 3198/5617 4782/5616 
f 4786/5628 3204/5629 980/5630 3205/5631 
f 3204/5629 4787/5632 3206/5633 980/5630 
f 980/5630 3206/5633 4785/5626 3201/5623 
f 3205/5631 980/5630 3201/5623 4784/5622 
f 4788/5634 3207/5635 982/5636 3208/5637 
f 3207/5635 4789/5638 3209/5639 982/5636 
f 982/5636 3209/5639 4787/5632 3204/5629 
f 3208/5637 982/5636 3204/5629 4786/5628 
f 4781/5615 3197/5614 977/5640 3210/5641 
f 3197/5614 4780/5613 3211/5642 977/5640 
f 977/5640 3211/5642 4789/5643 3207/5644 
f 3210/5641 977/5640 3207/5644 4788/5645 
f 4790/5646 3212/5647 984/5648 3213/5649 
f 3212/5647 4791/5650 3214/5651 984/5648 
f 984/5648 3214/5651 4792/5652 3215/5653 
f 3213/5649 984/5648 3215/5653 4793/5654 
f 4794/5655 3216/5656 987/5657 3217/5658 
f 3216/5656 4795/5659 3218/5660 987/5657 
f 987/5657 3218/5660 4791/5650 3212/5647 
f 3217/5658 987/5657 3212/5647 4790/5646 
f 4796/5661 3219/5662 991/5663 3220/5664 
f 3219/5662 4797/5665 3221/5666 991/5663 
f 991/5663 3221/5666 4795/5659 3216/5656 
f 3220/5664 991/5663 3216/5656 4794/5655 
f 4798/5667 3222/5668 993/5669 3223/5670 
f 3222/5668 4799/5671 3224/5672 993/5669 
f 993/5669 3224/5672 4797/5665 3219/5662 
f 3223/5670 993/5669 3219/5662 4796/5661 
f 4800/5673 3225/5674 994/5675 3226/5676 
f 3225/5674 4801/5677 3227/5678 994/5675 
f 994/5675 3227/5678 4799/5671 3222/5668 
f 3226/5676 994/5675 3222/5668 4798/5667 
f 4793/5654 3215/5653 988/5679 3228/5680 
f 3215/5653 4792/5652 3229/5681 988/5679 
f 988/5679 3229/5681 4801/5682 3225/5683 
f 3228/5680 988/5679 3225/5683 4800/5684 
f 4802/5685 3230/5686 996/5687 3231/5688 
f 3230/5686 4803/5689 3232/5690 996/5687 
f 996/5687 3232/5690 4804/5691 3233/5692 
f 3231/5688 996/5687 3233/5692 4805/5693 
f 4806/5694 3234/5695 997/5696 3235/5697 
f 3234/5695 4807/5698 3236/5699 997/5696 
f 997/5696 3236/5699 4803/5689 3230/5686 
f 3235/5697 997/5696 3230/5686 4802/5685 
f 4796/5661 3237/5700 992/5701 3238/5702 
f 4807/5698 3234/5695 992/5701 3237/5700 
f 4806/5694 3238/5702 992/5701 3234/5695 
f 4805/5693 3233/5692 995/5703 3239/5704 
f 4804/5691 3240/5705 995/5703 3233/5692 
f 4800/5684 3239/5704 995/5703 3240/5705 
f 4793/5654 3241/5706 985/5707 3213/5649 
f 3241/5706 4804/5691 3232/5690 985/5707 
f 985/5707 3232/5690 4803/5689 3242/5708 
f 3213/5649 985/5707 3242/5708 4790/5646 
f 4790/5646 3242/5708 986/5709 3217/5658 
f 3242/5708 4803/5689 3236/5699 986/5709 
f 986/5709 3236/5699 4807/5698 3243/5710 
f 3217/5658 986/5709 3243/5710 4794/5655 
f 4794/5655 3243/5710 990/5711 3220/5664 
f 4807/5698 3237/5700 990/5711 3243/5710 
f 4796/5661 3220/5664 990/5711 3237/5700 
f 4800/5684 3240/5705 989/5712 3228/5680 
f 4804/5691 3241/5706 989/5712 3240/5705 
f 4793/5654 3228/5680 989/5712 3241/5706 
f 4779/5611 3244/5713 975/5714 3196/5612 
f 3244/5713 4802/5685 3231/5688 975/5714 
f 975/5714 3231/5688 4805/5693 3245/5715 
f 3196/5612 975/5714 3245/5715 4780/5613 
f 4783/5620 3246/5716 974/5717 3200/5621 
f 3246/5716 4806/5694 3235/5697 974/5717 
f 974/5717 3235/5697 4802/5685 3244/5713 
f 3200/5621 974/5717 3244/5713 4779/5611 
f 4785/5626 3247/5718 979/5719 3203/5627 
f 3247/5718 4796/5661 3238/5702 979/5719 
f 979/5719 3238/5702 4806/5694 3246/5716 
f 3203/5627 979/5719 3246/5716 4783/5620 
f 4787/5632 3248/5720 981/5721 3206/5633 
f 3248/5720 4798/5667 3223/5670 981/5721 
f 981/5721 3223/5670 4796/5661 3247/5718 
f 3206/5633 981/5721 3247/5718 4785/5626 
f 4789/5638 3249/5722 983/5723 3209/5639 
f 3249/5722 4800/5673 3226/5676 983/5723 
f 983/5723 3226/5676 4798/5667 3248/5720 
f 3209/5639 983/5723 3248/5720 4787/5632 
f 4780/5613 3245/5715 976/5724 3211/5642 
f 3245/5715 4805/5693 3239/5704 976/5724 
f 976/5724 3239/5704 4800/5684 3249/5725 
f 3211/5642 976/5724 3249/5725 4789/5643 
f 4717/5334 3250/5726 911/5727 3078/5335 
f 3250/5726 4801/5682 3229/5681 911/5727 
f 911/5727 3229/5681 4792/5652 3251/5728 
f 3078/5335 911/5727 3251/5728 4718/5336 
f 4719/5343 3252/5729 910/5730 3080/5344 
f 3252/5729 4799/5671 3227/5678 910/5730 
f 910/5730 3227/5678 4801/5677 3250/5731 
f 3080/5344 910/5730 3250/5731 4717/5345 
f 4721/5350 3253/5732 913/5733 3083/5351 
f 3253/5732 4797/5665 3224/5672 913/5733 
f 913/5733 3224/5672 4799/5671 3252/5729 
f 3083/5351 913/5733 3252/5729 4719/5343 
f 4722/5356 3254/5734 914/5735 3086/5357 
f 3254/5734 4795/5659 3221/5666 914/5735 
f 914/5735 3221/5666 4797/5665 3253/5732 
f 3086/5357 914/5735 3253/5732 4721/5350 
f 4723/5362 3255/5736 915/5737 3088/5363 
f 3255/5736 4791/5650 3218/5660 915/5737 
f 915/5737 3218/5660 4795/5659 3254/5734 
f 3088/5363 915/5737 3254/5734 4722/5356 
f 4718/5336 3251/5728 912/5738 3090/5366 
f 3251/5728 4792/5652 3214/5651 912/5738 
f 912/5738 3214/5651 4791/5650 3255/5736 
f 3090/5366 912/5738 3255/5736 4723/5362 
f 4699/5214 3035/5234 896/5739 3027/5215 
f 3035/5234 4689/5233 3041/5740 896/5739 
f 896/5739 3041/5740 4706/5283 3057/5286 
f 3027/5215 896/5739 3057/5286 4700/5216 
f 4703/5228 3063/5298 300/5741 3034/5229 
f 3063/5298 4682/5297 2996/5742 300/5741 
f 300/5741 2996/5742 4076/5743 2000/5744 
f 3034/5229 300/5741 2000/5744 4101/5230 
f 4699/5214 3025/5211 905/5745 3036/5237 
f 3025/5211 4698/5210 3084/5746 905/5745 
f 905/5745 3084/5746 4720/5747 3256/5748 
f 3036/5237 905/5745 3256/5748 4704/5238 
f 4704/5238 3256/5748 906/5749 3039/5243 
f 3256/5748 4720/5747 3081/5750 906/5749 
f 906/5749 3081/5750 4714/5293 3062/5296 
f 3039/5243 906/5749 3062/5296 4705/5244 
f 4713/5289 3257/5751 884/5752 3059/5290 
f 3257/5751 4681/5753 3089/5754 884/5752 
f 884/5752 3089/5754 4701/5218 3028/5217 
f 3059/5290 884/5752 3028/5217 4700/5216 
f 4703/5228 3032/5225 901/5755 3064/5299 
f 3032/5225 4697/5224 3024/5756 901/5755 
f 901/5755 3024/5756 4696/5246 3040/5245 
f 3064/5299 901/5755 3040/5245 4705/5244 
f 4808/3412 3258/3413 998/3414 3259/3417 
f 3258/3413 4809/3418 3260/3419 998/3414 
f 998/3414 3260/3419 4810/3425 3261/3428 
f 3259/3417 998/3414 3261/3428 4811/3429 
f 4812/3430 3262/3433 1001/3434 3263/3435 
f 3262/3433 4813/3441 3264/3444 1001/3434 
f 1001/3434 3264/3444 4809/5827 3258/5826 
f 3263/3435 1001/3434 3258/5826 4808/5825 
f 4814/3445 3265/3446 1008/3449 3266/3450 
f 3265/3446 4815/3451 3267/3453 1008/3449 
f 1008/3449 3267/3453 4813/3441 3262/3433 
f 3266/3450 1008/3449 3262/3433 4812/3430 
f 4816/3456 3268/3457 1011/3460 3269/3461 
f 3268/3457 4817/3462 3270/3465 1011/3460 
f 1011/3460 3270/3465 4815/3451 3265/3446 
f 3269/3461 1011/3460 3265/3446 4814/3445 
f 4818/3466 3271/3467 1014/3468 3272/3469 
f 3271/3467 4819/3470 3273/3472 1014/3468 
f 1014/3468 3273/3472 4817/3462 3268/3457 
f 3272/3469 1014/3468 3268/3457 4816/3456 
f 4811/3429 3261/3428 1005/3473 3274/3474 
f 3261/3428 4810/3425 3275/3476 1005/3473 
f 1005/3473 3275/3476 4819/3470 3271/3467 
f 3274/3474 1005/3473 3271/3467 4818/3466 
f 4809/3418 3276/3477 1003/3478 3260/3419 
f 3276/3477 4820/3479 3277/3481 1003/3478 
f 1003/3478 3277/3481 4821/3482 3278/3483 
f 3260/3419 1003/3478 3278/3483 4810/3425 
f 4813/3441 3279/3484 1002/3485 3264/3444 
f 3279/3484 4822/3486 3280/3489 1002/3485 
f 1002/3485 3280/3489 4820/5829 3276/5828 
f 3264/3444 1002/3485 3276/5828 4809/5827 
f 4815/3451 3281/3490 1009/3492 3267/3453 
f 3281/3490 4823/3493 3282/3494 1009/3492 
f 1009/3492 3282/3494 4822/3486 3279/3484 
f 3267/3453 1009/3492 3279/3484 4813/3441 
f 4817/3462 3283/3497 1012/3498 3270/3465 
f 3283/3497 4824/3499 3284/3501 1012/3498 
f 1012/3498 3284/3501 4823/3493 3281/3490 
f 3270/3465 1012/3498 3281/3490 4815/3451 
f 4819/3470 3285/3504 1015/3505 3273/3472 
f 3285/3504 4825/3508 3286/3509 1015/3505 
f 1015/3505 3286/3509 4824/3499 3283/3497 
f 3273/3472 1015/3505 3283/3497 4817/3462 
f 4810/3425 3278/3483 1004/3510 3275/3476 
f 3278/3483 4821/3482 3287/3513 1004/3510 
f 1004/3510 3287/3513 4825/3508 3285/3504 
f 3275/3476 1004/3510 3285/3504 4819/3470 
f 4683/5158 3288/5757 889/5758 2997/5159 
f 3288/3514 4826/3515 3289/3516 889/3517 
f 889/3517 3289/3516 4827/3518 3290/3521 
f 2997/5159 889/5758 3290/5820 4684/5162 
f 4712/5270 3291/5759 888/5821 3051/5271 
f 3291/3522 4828/3524 3292/3525 888/3526 
f 888/3526 3292/3525 4826/5831 3288/5830 
f 3051/5271 888/5821 3288/5757 4683/5158 
f 4707/5275 3293/5760 907/5822 3053/5276 
f 3293/3529 4829/3530 3294/3531 907/3533 
f 907/3533 3294/3531 4828/3524 3291/3522 
f 3053/5276 907/5822 3291/5759 4712/5270 
f 4677/5140 3295/5761 876/5762 3043/5251 
f 3295/3537 4830/3538 3296/3540 876/3541 
f 876/3541 3296/3540 4829/3530 3293/3529 
f 3043/5251 876/5762 3293/5823 4707/5254 
f 4680/5148 3297/5763 875/5824 2991/5143 
f 3297/3542 4831/3545 3298/3546 875/3547 
f 875/3547 3298/3546 4830/3538 3295/3537 
f 2991/5143 875/5824 3295/5761 4677/5140 
f 4684/5162 3290/5820 881/5764 3054/5278 
f 3290/3521 4827/3518 3299/3548 881/3549 
f 881/3549 3299/3548 4831/3545 3297/3542 
f 3054/5278 881/5764 3297/5763 4680/5148 
f 4821/3482 3277/3481 1017/3552 3300/3553 
f 3277/3481 4820/3479 3301/3554 1017/3552 
f 1017/3552 3301/3554 4832/3556 3302/3557 
f 3300/3553 1017/3552 3302/3557 4833/3558 
f 4820/5829 3280/3489 1016/3561 3301/5832 
f 3280/3489 4822/3486 3303/3562 1016/3561 
f 1016/3561 3303/3562 4834/3563 3304/3564 
f 3301/5832 1016/3561 3304/3564 4832/5833 
f 4822/3486 3282/3494 1019/3569 3303/3562 
f 3282/3494 4823/3493 3305/3572 1019/3569 
f 1019/3569 3305/3572 4835/3573 3306/3574 
f 3303/3562 1019/3569 3306/3574 4834/3563 
f 4823/3493 3284/3501 1020/3577 3305/3572 
f 3284/3501 4824/3499 3307/3578 1020/3577 
f 1020/3577 3307/3578 4836/3579 3308/3580 
f 3305/3572 1020/3577 3308/3580 4835/3573 
f 4824/3499 3286/3509 1021/3585 3307/3578 
f 3286/3509 4825/3508 3309/3588 1021/3585 
f 1021/3585 3309/3588 4837/3589 3310/3590 
f 3307/3578 1021/3585 3310/3590 4836/3579 
f 4825/3508 3287/3513 1018/3593 3309/3588 
f 3287/3513 4821/3482 3300/3553 1018/3593 
f 1018/3593 3300/3553 4833/3558 3311/3594 
f 3309/3588 1018/3593 3311/3594 4837/3589 
f 4833/3558 3302/3557 1029/3595 3312/3597 
f 3302/3557 4832/3556 3313/3600 1029/3595 
f 1029/3595 3313/3600 4838/3601 3314/3604 
f 3312/3597 1029/3595 3314/3604 4839/3605 
f 4832/5833 3304/3564 1028/3606 3313/5834 
f 3304/3564 4834/3563 3315/3607 1028/3606 
f 1028/3606 3315/3607 4840/3609 3316/3610 
f 3313/5834 1028/3606 3316/3610 4838/5835 
f 4834/3563 3306/3574 1031/3611 3315/3607 
f 3306/3574 4835/3573 3317/3612 1031/3611 
f 1031/3611 3317/3612 4841/3617 3318/3620 
f 3315/3607 1031/3611 3318/3620 4840/3609 
f 4835/3573 3308/3580 1032/3621 3317/3612 
f 3308/3580 4836/3579 3319/3622 1032/3621 
f 1032/3621 3319/3622 4842/3625 3320/3626 
f 3317/3612 1032/3621 3320/3626 4841/3617 
f 4836/3579 3310/3590 1033/3627 3319/3622 
f 3310/3590 4837/3589 3321/3633 1033/3627 
f 1033/3627 3321/3633 4843/3636 3322/3637 
f 3319/3622 1033/3627 3322/3637 4842/3625 
f 4837/3589 3311/3594 1030/3638 3321/3633 
f 3311/3594 4833/3558 3312/3597 1030/3638 
f 1030/3638 3312/3597 4839/3605 3323/3641 
f 3321/3633 1030/3638 3323/3641 4843/3636 
f 4844/3642 3324/3643 999/3644 3325/3645 
f 3324/3643 4808/3412 3259/3417 999/3644 
f 999/3644 3259/3417 4811/3429 3326/3648 
f 3325/3645 999/3644 3326/3648 4845/3649 
f 4846/3652 3327/3653 1000/3654 3328/3657 
f 3327/3653 4812/3430 3263/3435 1000/3654 
f 1000/3654 3263/3435 4808/5825 3324/5837 
f 3328/3657 1000/3654 3324/5837 4844/5836 
f 4847/3658 3329/3659 1007/3660 3330/3661 
f 3329/3659 4814/3445 3266/3450 1007/3660 
f 1007/3660 3266/3450 4812/3430 3327/3653 
f 3330/3661 1007/3660 3327/3653 4846/3652 
f 4848/3664 3331/3665 1010/3668 3332/3669 
f 3331/3665 4816/3456 3269/3461 1010/3668 
f 1010/3668 3269/3461 4814/3445 3329/3659 
f 3332/3669 1010/3668 3329/3659 4847/3658 
f 4849/3670 3333/3671 1013/3672 3334/3673 
f 3333/3671 4818/3466 3272/3469 1013/3672 
f 1013/3672 3272/3469 4816/3456 3331/3665 
f 3334/3673 1013/3672 3331/3665 4848/3664 
f 4845/3649 3326/3648 1006/3674 3335/3675 
f 3326/3648 4811/3429 3274/3474 1006/3674 
f 1006/3674 3274/3474 4818/3466 3333/3671 
f 3335/3675 1006/3674 3333/3671 4849/3670 
f 4826/3515 3336/3676 1023/3677 3289/3516 
f 3336/3676 4844/3642 3325/3645 1023/3677 
f 1023/3677 3325/3645 4845/3649 3337/3681 
f 3289/3516 1023/3677 3337/3681 4827/3518 
f 4828/3524 3338/3684 1022/3685 3292/3525 
f 3338/3684 4846/3652 3328/3657 1022/3685 
f 1022/3685 3328/3657 4844/5836 3336/5838 
f 3292/3525 1022/3685 3336/5838 4826/5831 
f 4829/3530 3339/3686 1025/3689 3294/3531 
f 3339/3686 4847/3658 3330/3661 1025/3689 
f 1025/3689 3330/3661 4846/3652 3338/3684 
f 3294/3531 1025/3689 3338/3684 4828/3524 
f 4830/3538 3340/3690 1026/3691 3296/3540 
f 3340/3690 4848/3664 3332/3669 1026/3691 
f 1026/3691 3332/3669 4847/3658 3339/3686 
f 3296/3540 1026/3691 3339/3686 4829/3530 
f 4831/3545 3341/3697 1027/3700 3298/3546 
f 3341/3697 4849/3670 3334/3673 1027/3700 
f 1027/3700 3334/3673 4848/3664 3340/3690 
f 3298/3546 1027/3700 3340/3690 4830/3538 
f 4827/3518 3337/3681 1024/3701 3299/3548 
f 3337/3681 4845/3649 3335/3675 1024/3701 
f 1024/3701 3335/3675 4849/3670 3341/3697 
f 3299/3548 1024/3701 3341/3697 4831/3545 
f 4850/2412 3342/2413 1040/2414 3343/2415 
f 4851/2416 3344/2417 1040/2414 3342/2413 
f 4852/2418 3345/2420 1040/2414 3344/2417 
f 4853/2421 3346/2422 1040/2414 3345/2420 
f 4854/2424 3343/2415 1040/2414 3346/2422 
f 4854/2424 3346/2422 1048/2425 3347/2426 
f 3346/2422 4853/2421 3348/2427 1048/2425 
f 1048/2425 3348/2427 4855/2428 3349/2429 
f 3347/2426 1048/2425 3349/2429 4856/2430 
f 4856/2430 3349/2429 1053/2431 3350/2432 
f 3349/2429 4855/2428 3351/2433 1053/2431 
f 1053/2431 3351/2433 4857/2436 3352/2437 
f 3350/2432 1053/2431 3352/2437 4858/2440 
f 4858/2440 3352/2437 1058/2441 3353/2442 
f 3352/2437 4857/2436 3354/2445 1058/2441 
f 1058/2441 3354/2445 4859/2446 3355/2447 
f 3353/2442 1058/2441 3355/2447 4860/2448 
f 4852/2418 3356/2449 1046/2450 3345/2420 
f 4861/2452 3357/2453 1046/2450 3356/2449 
f 4862/2454 3358/2455 1046/2450 3357/2453 
f 4863/2456 3359/2457 1046/2450 3358/2455 
f 4853/2421 3345/2420 1046/2450 3359/2457 
f 4853/2421 3359/2457 1047/2458 3348/2427 
f 3359/2457 4863/2456 3360/2459 1047/2458 
f 1047/2458 3360/2459 4864/2461 3361/2462 
f 3348/2427 1047/2458 3361/2462 4855/2428 
f 4855/2428 3361/2462 1052/2463 3351/2433 
f 3361/2462 4864/2461 3362/2464 1052/2463 
f 1052/2463 3362/2464 4865/2465 3363/2468 
f 3351/2433 1052/2463 3363/2468 4857/2436 
f 4857/2436 3363/2468 1057/2469 3354/2445 
f 3363/2468 4865/2465 3364/2472 1057/2469 
f 1057/2469 3364/2472 4866/2473 3365/2474 
f 3354/2445 1057/2469 3365/2474 4859/2446 
f 4867/1617 3366/1620 1072/1621 3367/1622 
f 4868/1623 3368/1624 1072/1621 3366/1620 
f 4869/1625 3369/1626 1072/1621 3368/1624 
f 4870/1627 3370/1628 1072/1621 3369/1626 
f 4871/1629 3367/1622 1072/1621 3370/1628 
f 4868/1623 3371/1630 1075/1631 3368/1624 
f 3371/1630 4872/1632 3372/1633 1075/1631 
f 1075/1631 3372/1633 4873/1634 3373/1636 
f 3368/1624 1075/1631 3373/1636 4869/1625 
f 4872/1632 3374/1637 1080/1638 3372/1633 
f 3374/1637 4874/1639 3375/1640 1080/1638 
f 1080/1638 3375/1640 4875/1641 3376/1642 
f 3372/1633 1080/1638 3376/1642 4873/1634 
f 4874/1639 3377/1643 1083/1644 3375/1640 
f 3377/1643 4876/1645 3378/1646 1083/1644 
f 1083/1644 3378/1646 4877/1647 3379/1648 
f 3375/1640 1083/1644 3379/1648 4875/1641 
f 4878/1649 3380/1652 1077/1653 3381/1656 
f 4870/1627 3369/1626 1077/1653 3380/1652 
f 4869/1625 3382/1657 1077/1653 3369/1626 
f 4879/1658 3383/1661 1077/1653 3382/1657 
f 4880/1662 3381/1656 1077/1653 3383/1661 
f 4869/1625 3373/1636 1076/1663 3382/1657 
f 3373/1636 4873/1634 3384/1664 1076/1663 
f 1076/1663 3384/1664 4881/1665 3385/1666 
f 3382/1657 1076/1663 3385/1666 4879/1658 
f 4873/1634 3376/1642 1081/1668 3384/1664 
f 3376/1642 4875/1641 3386/1669 1081/1668 
f 1081/1668 3386/1669 4882/1670 3387/1671 
f 3384/1664 1081/1668 3387/1671 4881/1665 
f 4875/1641 3379/1648 1084/1672 3386/1669 
f 3379/1648 4877/1647 3388/1673 1084/1672 
f 1084/1672 3388/1673 4883/1674 3389/1675 
f 3386/1669 1084/1672 3389/1675 4882/1670 
f 4860/2448 3355/2447 1063/2477 3390/2478 
f 3355/2447 4859/2446 3391/2479 1063/2477 
f 1063/1677 3391/1678 4877/1647 3378/1646 
f 3390/1679 1063/1677 3378/1646 4876/1645 
f 4859/2446 3365/2474 1062/2480 3391/2479 
f 3365/2474 4866/2473 3392/2481 1062/2480 
f 1062/1680 3392/1681 4883/1674 3388/1673 
f 3391/1678 1062/1680 3388/1673 4877/1647 
f 4884/2482 3393/2484 1091/2485 3394/2486 
f 3393/2484 4885/2487 3395/2488 1091/2485 
f 1091/1682 3395/1685 4886/1686 3396/1688 
f 3394/1689 1091/1682 3396/1688 4887/1690 
f 4888/2489 3397/2490 1095/2491 3398/2493 
f 3397/2490 4889/2494 3399/2495 1095/2491 
f 1095/1691 3399/1692 4890/1693 3400/1694 
f 3398/1695 1095/1691 3400/1694 4891/1696 
f 4892/2496 3401/2497 1100/2498 3402/2500 
f 3401/2497 4893/2501 3403/2502 1100/2498 
f 1100/1697 3403/1700 4894/1701 3404/1704 
f 3402/1705 1100/1697 3404/1704 4895/1706 
f 4851/2416 3342/2413 1043/2504 3405/2505 
f 3342/2413 4850/2412 3406/2506 1043/2504 
f 1043/1707 3406/1708 4867/1617 3367/1622 
f 3405/1709 1043/1707 3367/1622 4871/1629 
f 4896/2509 3407/2510 1097/2511 3408/2512 
f 3407/2510 4888/2489 3409/2513 1097/2511 
f 1097/2511 3409/2513 4897/2516 3410/2517 
f 3408/2512 1097/2511 3410/2517 4898/2518 
f 4888/2489 3398/2493 1096/2519 3409/2513 
f 3398/1695 4891/1696 3411/1710 1096/1711 
f 1096/1711 3411/1710 4899/1712 3412/1713 
f 3409/2513 1096/2519 3412/2520 4897/2516 
f 4891/1696 3413/1714 1099/1716 3411/1710 
f 3413/1714 4900/1717 3414/1718 1099/1716 
f 1099/1716 3414/1718 4901/1719 3415/1720 
f 3411/1710 1099/1716 3415/1720 4899/1712 
f 4900/1717 3416/1721 1094/1722 3414/1718 
f 3416/1721 4886/1686 3417/1723 1094/1722 
f 1094/1722 3417/1723 4902/1725 3418/1726 
f 3414/1718 1094/1722 3418/1726 4901/1719 
f 4886/1686 3395/1685 1093/1727 3417/1723 
f 3395/2488 4885/2487 3419/2521 1093/2522 
f 1093/2522 3419/2521 4903/2523 3420/2524 
f 3417/1723 1093/1727 3420/1728 4902/1725 
f 4885/2487 3421/2525 1092/2526 3419/2521 
f 3421/2525 4896/2509 3408/2512 1092/2526 
f 1092/2526 3408/2512 4898/2518 3422/2527 
f 3419/2521 1092/2526 3422/2527 4903/2523 
f 4889/2494 3423/2528 1066/2529 3424/2530 
f 3423/2528 4862/2454 3425/2533 1066/2529 
f 1066/2529 3425/2533 4893/2501 3401/2497 
f 3424/2530 1066/2529 3401/2497 4892/2496 
f 4904/2534 3426/2536 1102/2537 3427/2538 
f 3426/1729 4905/1730 3428/1733 1102/1734 
f 1102/1734 3428/1733 4906/1736 3429/1737 
f 3427/2538 1102/2537 3429/2541 4907/2542 
f 4908/1738 3430/1739 1085/1740 3431/1741 
f 4878/1649 3381/1656 1085/1740 3430/1739 
f 4880/1662 3432/1742 1085/1740 3381/1656 
f 4894/1701 3433/1743 1085/1740 3432/1742 
f 4909/1744 3431/1741 1085/1740 3433/1743 
f 4890/1693 3399/1692 1098/1745 3434/1748 
f 3399/2495 4889/2494 3424/2530 1098/2543 
f 1098/2543 3424/2530 4892/2496 3402/2500 
f 3434/1748 1098/1745 3402/1705 4895/1706 
f 4851/2416 3435/2545 1045/2546 3344/2417 
f 3435/2545 4910/2549 3436/2550 1045/2546 
f 1045/2546 3436/2550 4861/2452 3356/2449 
f 3344/2417 1045/2546 3356/2449 4852/2418 
f 4871/1629 3370/1628 1078/1749 3437/1752 
f 3370/1628 4870/1627 3380/1652 1078/1749 
f 1078/1749 3380/1652 4878/1649 3430/1739 
f 3437/1752 1078/1749 3430/1739 4908/1738 
f 4910/2549 3435/2545 1044/2552 3438/2553 
f 3435/2545 4851/2416 3405/2505 1044/2552 
f 1044/1753 3405/1709 4871/1629 3437/1752 
f 3438/1754 1044/1753 3437/1752 4908/1738 
f 4910/2549 3438/2553 1108/2554 3439/2557 
f 3438/1754 4908/1738 3440/1757 1108/1758 
f 1108/1758 3440/1757 4911/1759 3441/1760 
f 3439/2557 1108/2554 3441/2558 4912/2559 
f 4908/1738 3431/1741 1107/1761 3440/1757 
f 3431/1741 4909/1744 3442/1762 1107/1761 
f 1107/1761 3442/1762 4913/1765 3443/1766 
f 3440/1757 1107/1761 3443/1766 4911/1759 
f 4909/1744 3444/1768 1109/1769 3442/1762 
f 3444/2561 4914/2562 3445/2565 1109/2566 
f 1109/2566 3445/2565 4915/2568 3446/2569 
f 3442/1762 1109/1769 3446/1770 4913/1765 
f 4914/2562 3447/2570 1110/2573 3445/2565 
f 3447/2570 4910/2549 3439/2557 1110/2573 
f 1110/2573 3439/2557 4912/2559 3448/2574 
f 3445/2565 1110/2573 3448/2574 4915/2568 
f 4897/2516 3449/2575 1036/2577 3410/2517 
f 3449/3702 4843/3636 3323/3641 1036/3705 
f 1036/3705 3323/3641 4839/3605 3450/3706 
f 3410/2517 1036/2577 3450/2578 4898/2518 
f 4899/1712 3451/1771 1039/1772 3412/1713 
f 3451/3707 4842/3625 3322/3637 1039/3709 
f 1039/3709 3322/3637 4843/3636 3449/3702 
f 3412/2520 1039/2581 3449/2575 4897/2516 
f 4901/1719 3452/1773 1038/1774 3415/1720 
f 3452/3710 4841/3617 3320/3626 1038/3713 
f 1038/3713 3320/3626 4842/3625 3451/3707 
f 3415/1720 1038/1774 3451/1771 4899/1712 
f 4902/1725 3453/1775 1037/1776 3418/1726 
f 3453/3714 4840/3609 3318/3620 1037/3715 
f 1037/3715 3318/3620 4841/3617 3452/3710 
f 3418/1726 1037/1776 3452/1773 4901/1719 
f 4903/2523 3454/2582 1034/2583 3420/2524 
f 3454/3716 4838/5835 3316/3610 1034/3717 
f 1034/3717 3316/3610 4840/3609 3453/3714 
f 3420/1728 1034/1777 3453/1775 4902/1725 
f 4898/2518 3450/2578 1035/2584 3422/2527 
f 3450/3706 4839/3605 3314/3604 1035/3718 
f 1035/3718 3314/3604 4838/3601 3454/5839 
f 3422/2527 1035/2584 3454/2582 4903/2523 
f 4916/2585 3455/2586 1115/2587 3456/2589 
f 3455/2586 4917/2590 3457/2591 1115/2587 
f 1115/2587 3457/2591 4918/2593 3458/2594 
f 3456/2589 1115/2587 3458/2594 4919/2597 
f 4920/1780 3459/1781 1124/1782 3460/1783 
f 3459/1781 4921/1784 3461/1785 1124/1782 
f 1124/1782 3461/1785 4922/1786 3462/1787 
f 3460/1783 1124/1782 3462/1787 4923/1788 
f 4924/2598 3463/2600 1127/2601 3464/2602 
f 3463/2600 4925/2605 3465/2606 1127/2601 
f 1127/1789 3465/1790 4926/1791 3466/1792 
f 3464/1793 1127/1789 3466/1792 4927/1794 
f 4919/2597 3458/2594 1122/2607 3467/2609 
f 3458/2594 4918/2593 3468/2610 1122/2607 
f 1122/1796 3468/1797 4921/1784 3459/1781 
f 3467/1798 1122/1796 3459/1781 4920/1780 
f 4928/2612 3469/2613 1119/2614 3470/2615 
f 3469/2613 4917/2590 3471/2616 1119/2614 
f 1119/1799 3471/1800 4922/1786 3472/1801 
f 3470/1802 1119/1799 3472/1801 4929/1803 
f 4930/2617 3473/2618 1135/2619 3474/2621 
f 3473/2618 4931/2622 3475/2623 1135/2619 
f 1135/2619 3475/2623 4932/2624 3476/2625 
f 3474/2621 1135/2619 3476/2625 4933/2626 
f 4934/2628 3477/2629 1141/2630 3478/2631 
f 3477/2629 4935/2632 3479/2633 1141/2630 
f 1141/2630 3479/2633 4936/2634 3480/2635 
f 3478/2631 1141/2630 3480/2635 4937/2637 
f 4938/1804 3481/1805 1147/1806 3482/1807 
f 3481/1805 4939/1808 3483/1809 1147/1806 
f 1147/1806 3483/1809 4940/1812 3484/1813 
f 3482/1807 1147/1806 3484/1813 4941/1816 
f 4942/1817 3485/1818 1149/1819 3486/1821 
f 3485/1818 4943/1822 3487/1823 1149/1819 
f 1149/1819 3487/1823 4944/1824 3488/1825 
f 3486/1821 1149/1819 3488/1825 4945/1826 
f 4933/2626 3476/2625 1139/2638 3489/2639 
f 3476/2625 4932/2624 3490/2640 1139/2638 
f 1139/1828 3490/1829 4939/1808 3481/1805 
f 3489/1830 1139/1828 3481/1805 4938/1804 
f 4945/1826 3488/1825 1144/1832 3491/1833 
f 3488/1825 4944/1824 3492/1834 1144/1832 
f 1144/2641 3492/2642 4935/2632 3477/2629 
f 3491/2644 1144/2641 3477/2629 4934/2628 
f 4937/2637 3480/2635 1145/2645 3493/2646 
f 3480/2635 4936/2634 3494/2647 1145/2645 
f 1145/1835 3494/1836 4943/1822 3485/1818 
f 3493/1837 1145/1835 3485/1818 4942/1817 
f 4941/1816 3484/1813 1138/1838 3495/1839 
f 3484/1813 4940/1812 3496/1840 1138/1838 
f 1138/2648 3496/2649 4931/2622 3473/2618 
f 3495/2650 1138/2648 3473/2618 4930/2617 
f 4928/2612 3497/2651 1133/2653 3498/2654 
f 3497/2651 4946/2655 3499/2656 1133/2653 
f 1133/2653 3499/2656 4947/2657 3500/2658 
f 3498/2654 1133/2653 3500/2658 4948/2661 
f 4949/1841 3501/1842 1134/1844 3502/1845 
f 3501/1842 4950/1846 3503/1848 1134/1844 
f 1134/1844 3503/1848 4951/1849 3504/1850 
f 3502/1845 1134/1844 3504/1850 4929/1803 
f 4948/2661 3500/2658 1151/2662 3505/2664 
f 3500/2658 4947/2657 3506/2665 1151/2662 
f 1151/1851 3506/1852 4950/1846 3501/1842 
f 3505/1853 1151/1851 3501/1842 4949/1841 
f 4929/1803 3504/1850 1132/1854 3470/1802 
f 3504/1850 4951/1849 3507/1855 1132/1854 
f 1132/2666 3507/2667 4946/2655 3497/2651 
f 3470/2615 1132/2666 3497/2651 4928/2612 
f 4933/2626 3508/2668 1136/2669 3474/2621 
f 3508/2668 4947/2657 3499/2656 1136/2669 
f 1136/2669 3499/2656 4946/2655 3509/2670 
f 3474/2621 1136/2669 3509/2670 4930/2617 
f 4941/1816 3510/1856 1148/1857 3482/1807 
f 3510/1856 4951/1849 3503/1848 1148/1857 
f 1148/1857 3503/1848 4950/1846 3511/1858 
f 3482/1807 1148/1857 3511/1858 4938/1804 
f 4938/1804 3511/1858 1140/1860 3489/1830 
f 3511/1858 4950/1846 3506/1852 1140/1860 
f 1140/2671 3506/2665 4947/2657 3508/2668 
f 3489/2639 1140/2671 3508/2668 4933/2626 
f 4930/2617 3509/2670 1137/2672 3495/2650 
f 3509/2670 4946/2655 3507/2667 1137/2672 
f 1137/1861 3507/1855 4951/1849 3510/1856 
f 3495/1839 1137/1861 3510/1856 4941/1816 
f 4931/2622 3512/2673 1059/2676 3475/2623 
f 3512/2673 4858/2440 3353/2442 1059/2676 
f 1059/2676 3353/2442 4860/2448 3513/2677 
f 3475/2623 1059/2676 3513/2677 4932/2624 
f 4939/1808 3514/1862 1082/1863 3483/1809 
f 3514/1862 4876/1645 3377/1643 1082/1863 
f 1082/1863 3377/1643 4874/1639 3515/1864 
f 3483/1809 1082/1863 3515/1864 4940/1812 
f 4932/2624 3513/2677 1064/2680 3490/2640 
f 3513/2677 4860/2448 3390/2478 1064/2680 
f 1064/1865 3390/1679 4876/1645 3514/1862 
f 3490/1829 1064/1865 3514/1862 4939/1808 
f 4940/1812 3515/1864 1060/1866 3496/1840 
f 3515/1864 4874/1639 3516/1867 1060/1866 
f 1060/2681 3516/2682 4858/2440 3512/2673 
f 3496/2649 1060/2681 3512/2673 4931/2622 
f 4917/2590 3469/2613 1120/2685 3457/2591 
f 3469/2613 4928/2612 3498/2654 1120/2685 
f 1120/2685 3498/2654 4948/2661 3517/2686 
f 3457/2591 1120/2685 3517/2686 4918/2593 
f 4921/1784 3518/1868 1126/1869 3461/1785 
f 3518/1868 4949/1841 3502/1845 1126/1869 
f 1126/1869 3502/1845 4929/1803 3472/1801 
f 3461/1785 1126/1869 3472/1801 4922/1786 
f 4918/2593 3517/2686 1121/2687 3468/2610 
f 3517/2686 4948/2661 3505/2664 1121/2687 
f 1121/1870 3505/1853 4949/1841 3518/1868 
f 3468/1797 1121/1870 3518/1868 4921/1784 
f 4917/2590 3455/2586 1118/2688 3471/2616 
f 3455/2586 4916/2585 3519/2693 1118/2688 
f 1118/1871 3519/1872 4923/1788 3462/1787 
f 3471/1800 1118/1871 3462/1787 4922/1786 
f 4919/2597 3520/2696 1116/2697 3456/2589 
f 3520/2696 4952/2698 3521/2699 1116/2697 
f 1116/2697 3521/2699 4953/2700 3522/2701 
f 3456/2589 1116/2697 3522/2701 4916/2585 
f 4923/1788 3523/1873 1125/1874 3460/1783 
f 3523/1873 4954/1877 3524/1878 1125/1874 
f 1125/1874 3524/1878 4955/1880 3525/1881 
f 3460/1783 1125/1874 3525/1881 4920/1780 
f 4920/1780 3525/1881 1123/1882 3467/1798 
f 3525/1881 4955/1880 3526/1883 1123/1882 
f 1123/2702 3526/2703 4952/2698 3520/2696 
f 3467/2609 1123/2702 3520/2696 4919/2597 
f 4937/2637 3527/2704 1142/2705 3478/2631 
f 3527/2704 4953/2700 3521/2699 1142/2705 
f 1142/2705 3521/2699 4952/2698 3528/2706 
f 3478/2631 1142/2705 3528/2706 4934/2628 
f 4945/1826 3529/1884 1150/1885 3486/1821 
f 3529/1884 4955/1880 3524/1878 1150/1885 
f 1150/1885 3524/1878 4954/1877 3530/1886 
f 3486/1821 1150/1885 3530/1886 4942/1817 
f 4934/2628 3528/2706 1143/2709 3491/2644 
f 3528/2706 4952/2698 3526/2703 1143/2709 
f 1143/1887 3526/1883 4955/1880 3529/1884 
f 3491/1833 1143/1887 3529/1884 4945/1826 
f 4942/1817 3530/1886 1146/1888 3493/1837 
f 3530/1886 4954/1877 3531/1889 1146/1888 
f 1146/2710 3531/2712 4953/2700 3527/2704 
f 3493/2646 1146/2710 3527/2704 4937/2637 
f 4916/2585 3522/2701 1117/2713 3519/2693 
f 3522/2701 4953/2700 3531/2712 1117/2713 
f 1117/1892 3531/1889 4954/1877 3523/1873 
f 3519/1872 1117/1892 3523/1873 4923/1788 
f 4935/2632 3532/2714 1129/2717 3479/2633 
f 3532/2714 4925/2605 3463/2600 1129/2717 
f 1129/2717 3463/2600 4924/2598 3533/2718 
f 3479/2633 1129/2717 3533/2718 4936/2634 
f 4943/1822 3534/1893 1131/1896 3487/1823 
f 3534/1893 4927/1794 3466/1792 1131/1896 
f 1131/1896 3466/1792 4926/1791 3535/1897 
f 3487/1823 1131/1896 3535/1897 4944/1824 
f 4944/1824 3535/1897 1130/1898 3492/1834 
f 3535/1897 4926/1791 3465/1790 1130/1898 
f 1130/2719 3465/2606 4925/2605 3532/2714 
f 3492/2642 1130/2719 3532/2714 4935/2632 
f 4936/2634 3533/2718 1128/2721 3494/2647 
f 3533/2718 4924/2598 3464/2602 1128/2721 
f 1128/1901 3464/1793 4927/1794 3534/1893 
f 3494/1836 1128/1901 3534/1893 4943/1822 
f 4956/2725 3536/2726 1152/2728 3537/2729 
f 3536/2726 4957/2730 3538/2731 1152/2728 
f 1152/2728 3538/2731 4958/2733 3539/2734 
f 3537/2729 1152/2728 3539/2734 4959/2735 
f 4960/1902 3540/1903 1161/1904 3541/1909 
f 3540/1903 4961/1912 3542/1913 1161/1904 
f 1161/1904 3542/1913 4962/1914 3543/1917 
f 3541/1909 1161/1904 3543/1917 4963/1918 
f 4964/2736 3544/2737 1164/2740 3545/2741 
f 3544/2737 4965/2742 3546/2743 1164/2740 
f 1164/1919 3546/1921 4966/1922 3547/1925 
f 3545/1926 1164/1919 3547/1925 4967/1928 
f 4959/2735 3539/2734 1159/2744 3548/2745 
f 3539/2734 4958/2733 3549/2746 1159/2744 
f 1159/1929 3549/1930 4961/1912 3540/1903 
f 3548/1931 1159/1929 3540/1903 4960/1902 
f 4968/2747 3550/2748 1156/2749 3551/2750 
f 3550/2748 4957/2730 3552/2751 1156/2749 
f 1156/1932 3552/1933 4962/1914 3553/1934 
f 3551/1935 1156/1932 3553/1934 4969/1936 
f 4970/2752 3554/2753 1172/2754 3555/2757 
f 3554/2753 4971/2758 3556/2759 1172/2754 
f 1172/2754 3556/2759 4972/2760 3557/2761 
f 3555/2757 1172/2754 3557/2761 4973/2762 
f 4974/2763 3558/2764 1178/2765 3559/2766 
f 3558/2764 4975/2767 3560/2768 1178/2765 
f 1178/2765 3560/2768 4976/2769 3561/2770 
f 3559/2766 1178/2765 3561/2770 4977/2772 
f 4978/1937 3562/1938 1184/1941 3563/1942 
f 3562/1938 4979/1944 3564/1945 1184/1941 
f 1184/1941 3564/1945 4980/1946 3565/1949 
f 3563/1942 1184/1941 3565/1949 4981/1950 
f 4982/1951 3566/1953 1186/1956 3567/1957 
f 3566/1953 4983/1958 3568/1959 1186/1956 
f 1186/1956 3568/1959 4984/1960 3569/1961 
f 3567/1957 1186/1956 3569/1961 4985/1962 
f 4973/2762 3557/2761 1176/2773 3570/2774 
f 3557/2761 4972/2760 3571/2776 1176/2773 
f 1176/1963 3571/1964 4979/1944 3562/1938 
f 3570/1965 1176/1963 3562/1938 4978/1937 
f 4985/1962 3569/1961 1181/1966 3572/1967 
f 3569/1961 4984/1960 3573/1968 1181/1966 
f 1181/2777 3573/2778 4975/2767 3558/2764 
f 3572/2779 1181/2777 3558/2764 4974/2763 
f 4977/2772 3561/2770 1182/2780 3574/2781 
f 3561/2770 4976/2769 3575/2782 1182/2780 
f 1182/1969 3575/1970 4983/1958 3566/1953 
f 3574/1972 1182/1969 3566/1953 4982/1951 
f 4981/1950 3565/1949 1175/1973 3576/1974 
f 3565/1949 4980/1946 3577/1975 1175/1973 
f 1175/2783 3577/2784 4971/2758 3554/2753 
f 3576/2785 1175/2783 3554/2753 4970/2752 
f 4968/2747 3578/2788 1170/2789 3579/2792 
f 3578/2788 4986/2793 3580/2794 1170/2789 
f 1170/2789 3580/2794 4987/2797 3581/2798 
f 3579/2792 1170/2789 3581/2798 4988/2799 
f 4989/1976 3582/1977 1171/1978 3583/1979 
f 3582/1977 4990/1981 3584/1982 1171/1978 
f 1171/1978 3584/1982 4991/1983 3585/1984 
f 3583/1979 1171/1978 3585/1984 4969/1936 
f 4988/2799 3581/2798 1188/2800 3586/2801 
f 3581/2798 4987/2797 3587/2804 1188/2800 
f 1188/1985 3587/1986 4990/1981 3582/1977 
f 3586/1989 1188/1985 3582/1977 4989/1976 
f 4969/1936 3585/1984 1169/1990 3551/1935 
f 3585/1984 4991/1983 3588/1992 1169/1990 
f 1169/2805 3588/2808 4986/2793 3578/2788 
f 3551/2750 1169/2805 3578/2788 4968/2747 
f 4973/2762 3589/2809 1173/2810 3555/2757 
f 3589/2809 4987/2797 3580/2794 1173/2810 
f 1173/2810 3580/2794 4986/2793 3590/2811 
f 3555/2757 1173/2810 3590/2811 4970/2752 
f 4981/1950 3591/1993 1185/1994 3563/1942 
f 3591/1993 4991/1983 3584/1982 1185/1994 
f 1185/1994 3584/1982 4990/1981 3592/1995 
f 3563/1942 1185/1994 3592/1995 4978/1937 
f 4978/1937 3592/1995 1177/1996 3570/1965 
f 3592/1995 4990/1981 3587/1986 1177/1996 
f 1177/2813 3587/2804 4987/2797 3589/2809 
f 3570/2774 1177/2813 3589/2809 4973/2762 
f 4970/2752 3590/2811 1174/2814 3576/2785 
f 3590/2811 4986/2793 3588/2808 1174/2814 
f 1174/1997 3588/1992 4991/1983 3591/1993 
f 3576/1974 1174/1997 3591/1993 4981/1950 
f 4971/2758 3593/2815 1054/2816 3556/2759 
f 3593/2815 4856/2430 3350/2432 1054/2816 
f 1054/2816 3350/2432 4858/2440 3594/2817 
f 3556/2759 1054/2816 3594/2817 4972/2760 
f 4979/1944 3595/1998 1079/1999 3564/1945 
f 3595/1998 4874/1639 3374/1637 1079/1999 
f 1079/1999 3374/1637 4872/1632 3596/2000 
f 3564/1945 1079/1999 3596/2000 4980/1946 
f 4972/2760 3594/2817 1061/2818 3571/2776 
f 3594/2817 4858/2440 3516/2682 1061/2818 
f 1061/2001 3516/1867 4874/1639 3595/1998 
f 3571/1964 1061/2001 3595/1998 4979/1944 
f 4980/1946 3596/2000 1055/2004 3577/1975 
f 3596/2000 4872/1632 3597/2005 1055/2004 
f 1055/2820 3597/2821 4856/2430 3593/2815 
f 3577/2784 1055/2820 3593/2815 4971/2758 
f 4957/2730 3550/2748 1157/2822 3538/2731 
f 3550/2748 4968/2747 3579/2792 1157/2822 
f 1157/2822 3579/2792 4988/2799 3598/2824 
f 3538/2731 1157/2822 3598/2824 4958/2733 
f 4961/1912 3599/2006 1163/2007 3542/1913 
f 3599/2006 4989/1976 3583/1979 1163/2007 
f 1163/2007 3583/1979 4969/1936 3553/1934 
f 3542/1913 1163/2007 3553/1934 4962/1914 
f 4958/2733 3598/2824 1158/2825 3549/2746 
f 3598/2824 4988/2799 3586/2801 1158/2825 
f 1158/2008 3586/1989 4989/1976 3599/2006 
f 3549/1930 1158/2008 3599/2006 4961/1912 
f 4957/2730 3536/2726 1155/2826 3552/2751 
f 3536/2726 4956/2725 3600/2827 1155/2826 
f 1155/2009 3600/2010 4963/1918 3543/1917 
f 3552/1933 1155/2009 3543/1917 4962/1914 
f 4959/2735 3601/2828 1153/2829 3537/2729 
f 3601/2828 4992/2830 3602/2831 1153/2829 
f 1153/2829 3602/2831 4993/2832 3603/2833 
f 3537/2729 1153/2829 3603/2833 4956/2725 
f 4963/1918 3604/2011 1162/2013 3541/1909 
f 3604/2011 4994/2014 3605/2015 1162/2013 
f 1162/2013 3605/2015 4995/2016 3606/2017 
f 3541/1909 1162/2013 3606/2017 4960/1902 
f 4960/1902 3606/2017 1160/2018 3548/1931 
f 3606/2017 4995/2016 3607/2020 1160/2018 
f 1160/2834 3607/2836 4992/2830 3601/2828 
f 3548/2745 1160/2834 3601/2828 4959/2735 
f 4977/2772 3608/2837 1179/2838 3559/2766 
f 3608/2837 4993/2832 3602/2831 1179/2838 
f 1179/2838 3602/2831 4992/2830 3609/2840 
f 3559/2766 1179/2838 3609/2840 4974/2763 
f 4985/1962 3610/2021 1187/2022 3567/1957 
f 3610/2021 4995/2016 3605/2015 1187/2022 
f 1187/2022 3605/2015 4994/2014 3611/2023 
f 3567/1957 1187/2022 3611/2023 4982/1951 
f 4974/2763 3609/2840 1180/2841 3572/2779 
f 3609/2840 4992/2830 3607/2836 1180/2841 
f 1180/2024 3607/2020 4995/2016 3610/2021 
f 3572/1967 1180/2024 3610/2021 4985/1962 
f 4982/1951 3611/2023 1183/2025 3574/1972 
f 3611/2023 4994/2014 3612/2026 1183/2025 
f 1183/2842 3612/2843 4993/2832 3608/2837 
f 3574/2781 1183/2842 3608/2837 4977/2772 
f 4956/2725 3603/2833 1154/2844 3600/2827 
f 3603/2833 4993/2832 3612/2843 1154/2844 
f 1154/2027 3612/2026 4994/2014 3604/2011 
f 3600/2010 1154/2027 3604/2011 4963/1918 
f 4975/2767 3613/2845 1166/2846 3560/2768 
f 3613/2845 4965/2742 3544/2737 1166/2846 
f 1166/2846 3544/2737 4964/2736 3614/2847 
f 3560/2768 1166/2846 3614/2847 4976/2769 
f 4983/1958 3615/2028 1168/2029 3568/1959 
f 3615/2028 4967/1928 3547/1925 1168/2029 
f 1168/2029 3547/1925 4966/1922 3616/2030 
f 3568/1959 1168/2029 3616/2030 4984/1960 
f 4984/1960 3616/2030 1167/2031 3573/1968 
f 3616/2030 4966/1922 3546/1921 1167/2031 
f 1167/2848 3546/2743 4965/2742 3613/2845 
f 3573/2778 1167/2848 3613/2845 4975/2767 
f 4976/2769 3614/2847 1165/2849 3575/2782 
f 3614/2847 4964/2736 3545/2741 1165/2849 
f 1165/2032 3545/1926 4967/1928 3615/2028 
f 3575/1970 1165/2032 3615/2028 4983/1958 
f 4996/2852 3617/2853 1189/2856 3618/2857 
f 3617/2853 4997/2858 3619/2859 1189/2856 
f 1189/2856 3619/2859 4998/2860 3620/2861 
f 3618/2857 1189/2856 3620/2861 4999/2862 
f 5000/2033 3621/2034 1198/2036 3622/2037 
f 3621/2034 5001/2038 3623/2039 1198/2036 
f 1198/2036 3623/2039 5002/2040 3624/2041 
f 3622/2037 1198/2036 3624/2041 5003/2042 
f 5004/2863 3625/2864 1201/2865 3626/2866 
f 3625/2864 5005/2868 3627/2869 1201/2865 
f 1201/2043 3627/2044 5006/2045 3628/2046 
f 3626/2047 1201/2043 3628/2046 5007/2048 
f 4999/2862 3620/2861 1196/2870 3629/2872 
f 3620/2861 4998/2860 3630/2873 1196/2870 
f 1196/2053 3630/2056 5001/2038 3621/2034 
f 3629/2057 1196/2053 3621/2034 5000/2033 
f 5008/2874 3631/2875 1193/2876 3632/2877 
f 3631/2875 4997/2858 3633/2878 1193/2876 
f 1193/2058 3633/2061 5002/2040 3634/2062 
f 3632/2063 1193/2058 3634/2062 5009/2069 
f 5010/2879 3635/2880 1209/2881 3636/2882 
f 3635/2880 5011/2884 3637/2885 1209/2881 
f 1209/2881 3637/2885 5012/2886 3638/2888 
f 3636/2882 1209/2881 3638/2888 5013/2889 
f 5014/2890 3639/2891 1215/2892 3640/2893 
f 3639/2891 5015/2894 3641/2895 1215/2892 
f 1215/2892 3641/2895 5016/2896 3642/2897 
f 3640/2893 1215/2892 3642/2897 5017/2898 
f 5018/2072 3643/2073 1221/2074 3644/2077 
f 3643/2073 5019/2078 3645/2079 1221/2074 
f 1221/2074 3645/2079 5020/2085 3646/2088 
f 3644/2077 1221/2074 3646/2088 5021/2089 
f 5022/2090 3647/2093 1223/2094 3648/2095 
f 3647/2093 5023/2101 3649/2104 1223/2094 
f 1223/2094 3649/2104 5024/2105 3650/2106 
f 3648/2095 1223/2094 3650/2106 5025/2109 
f 5013/2889 3638/2888 1213/2901 3651/2902 
f 3638/2888 5012/2886 3652/2903 1213/2901 
f 1213/2110 3652/2111 5019/2078 3643/2073 
f 3651/2113 1213/2110 3643/2073 5018/2072 
f 5025/2109 3650/2106 1218/2116 3653/2117 
f 3650/2106 5024/2105 3654/2120 1218/2116 
f 1218/2904 3654/2905 5015/2894 3639/2891 
f 3653/2906 1218/2904 3639/2891 5014/2890 
f 5017/2898 3642/2897 1219/2907 3655/2908 
f 3642/2897 5016/2896 3656/2909 1219/2907 
f 1219/2121 3656/2122 5023/2101 3647/2093 
f 3655/2125 1219/2121 3647/2093 5022/2090 
f 5021/2089 3646/2088 1212/2126 3657/2127 
f 3646/2088 5020/2085 3658/2128 1212/2126 
f 1212/2910 3658/2911 5011/2884 3635/2880 
f 3657/2912 1212/2910 3635/2880 5010/2879 
f 5008/2874 3659/2913 1207/2914 3660/2916 
f 3659/2913 5026/2917 3661/2918 1207/2914 
f 1207/2914 3661/2918 5027/2919 3662/2920 
f 3660/2916 1207/2914 3662/2920 5028/2921 
f 5029/2133 3663/2134 1208/2136 3664/2137 
f 3663/2134 5030/2138 3665/2139 1208/2136 
f 1208/2136 3665/2139 5031/2141 3666/2142 
f 3664/2137 1208/2136 3666/2142 5009/2069 
f 5028/2921 3662/2920 1225/2922 3667/2923 
f 3662/2920 5027/2919 3668/2924 1225/2922 
f 1225/2143 3668/2149 5030/2138 3663/2134 
f 3667/2152 1225/2143 3663/2134 5029/2133 
f 5009/2069 3666/2142 1206/2153 3632/2063 
f 3666/2142 5031/2141 3669/2154 1206/2153 
f 1206/2925 3669/2926 5026/2917 3659/2913 
f 3632/2877 1206/2925 3659/2913 5008/2874 
f 5013/2889 3670/2927 1210/2928 3636/2882 
f 3670/2927 5027/2919 3661/2918 1210/2928 
f 1210/2928 3661/2918 5026/2917 3671/2929 
f 3636/2882 1210/2928 3671/2929 5010/2879 
f 5021/2089 3672/2155 1222/2156 3644/2077 
f 3672/2155 5031/2141 3665/2139 1222/2156 
f 1222/2156 3665/2139 5030/2138 3673/2157 
f 3644/2077 1222/2156 3673/2157 5018/2072 
f 5018/2072 3673/2157 1214/2158 3651/2113 
f 3673/2157 5030/2138 3668/2149 1214/2158 
f 1214/2930 3668/2924 5027/2919 3670/2927 
f 3651/2902 1214/2930 3670/2927 5013/2889 
f 5010/2879 3671/2929 1211/2932 3657/2912 
f 3671/2929 5026/2917 3669/2926 1211/2932 
f 1211/2159 3669/2154 5031/2141 3672/2155 
f 3657/2127 1211/2159 3672/2155 5021/2089 
f 5011/2884 3674/2933 1049/2934 3637/2885 
f 3674/2933 4854/2424 3347/2426 1049/2934 
f 1049/2934 3347/2426 4856/2430 3675/2935 
f 3637/2885 1049/2934 3675/2935 5012/2886 
f 5019/2078 3676/2160 1074/2161 3645/2079 
f 3676/2160 4872/1632 3371/1630 1074/2161 
f 1074/2161 3371/1630 4868/1623 3677/2164 
f 3645/2079 1074/2161 3677/2164 5020/2085 
f 5012/2886 3675/2935 1056/2936 3652/2903 
f 3675/2935 4856/2430 3597/2821 1056/2936 
f 1056/2165 3597/2005 4872/1632 3676/2160 
f 3652/2111 1056/2165 3676/2160 5019/2078 
f 5020/2085 3677/2164 1050/2168 3658/2128 
f 3677/2164 4868/1623 3678/2169 1050/2168 
f 1050/2937 3678/2938 4854/2424 3674/2933 
f 3658/2911 1050/2937 3674/2933 5011/2884 
f 4997/2858 3631/2875 1194/2939 3619/2859 
f 3631/2875 5008/2874 3660/2916 1194/2939 
f 1194/2939 3660/2916 5028/2921 3679/2941 
f 3619/2859 1194/2939 3679/2941 4998/2860 
f 5001/2038 3680/2170 1200/2173 3623/2039 
f 3680/2170 5029/2133 3664/2137 1200/2173 
f 1200/2173 3664/2137 5009/2069 3634/2062 
f 3623/2039 1200/2173 3634/2062 5002/2040 
f 4998/2860 3679/2941 1195/2942 3630/2873 
f 3679/2941 5028/2921 3667/2923 1195/2942 
f 1195/2174 3667/2152 5029/2133 3680/2170 
f 3630/2056 1195/2174 3680/2170 5001/2038 
f 4997/2858 3617/2853 1192/2943 3633/2878 
f 3617/2853 4996/2852 3681/2944 1192/2943 
f 1192/2175 3681/2176 5003/2042 3624/2041 
f 3633/2061 1192/2175 3624/2041 5002/2040 
f 4999/2862 3682/2945 1190/2946 3618/2857 
f 3682/2945 5032/2948 3683/2949 1190/2946 
f 1190/2946 3683/2949 5033/2950 3684/2951 
f 3618/2857 1190/2946 3684/2951 4996/2852 
f 5003/2042 3685/2177 1199/2180 3622/2037 
f 3685/2177 5034/2181 3686/2184 1199/2180 
f 1199/2180 3686/2184 5035/2185 3687/2186 
f 3622/2037 1199/2180 3687/2186 5000/2033 
f 5000/2033 3687/2186 1197/2189 3629/2057 
f 3687/2186 5035/2185 3688/2190 1197/2189 
f 1197/2952 3688/2953 5032/2948 3682/2945 
f 3629/2872 1197/2952 3682/2945 4999/2862 
f 5017/2898 3689/2954 1216/2955 3640/2893 
f 3689/2954 5033/2950 3683/2949 1216/2955 
f 1216/2955 3683/2949 5032/2948 3690/2956 
f 3640/2893 1216/2955 3690/2956 5014/2890 
f 5025/2109 3691/2191 1224/2192 3648/2095 
f 3691/2191 5035/2185 3686/2184 1224/2192 
f 1224/2192 3686/2184 5034/2181 3692/2197 
f 3648/2095 1224/2192 3692/2197 5022/2090 
f 5014/2890 3690/2956 1217/2957 3653/2906 
f 3690/2956 5032/2948 3688/2953 1217/2957 
f 1217/2200 3688/2190 5035/2185 3691/2191 
f 3653/2117 1217/2200 3691/2191 5025/2109 
f 5022/2090 3692/2197 1220/2201 3655/2125 
f 3692/2197 5034/2181 3693/2202 1220/2201 
f 1220/2958 3693/2959 5033/2950 3689/2954 
f 3655/2908 1220/2958 3689/2954 5017/2898 
f 4996/2852 3684/2951 1191/2960 3681/2944 
f 3684/2951 5033/2950 3693/2959 1191/2960 
f 1191/2205 3693/2202 5034/2181 3685/2177 
f 3681/2176 1191/2205 3685/2177 5003/2042 
f 5015/2894 3694/2961 1203/2964 3641/2895 
f 3694/2961 5005/2868 3625/2864 1203/2964 
f 1203/2964 3625/2864 5004/2863 3695/2965 
f 3641/2895 1203/2964 3695/2965 5016/2896 
f 5023/2101 3696/2206 1205/2207 3649/2104 
f 3696/2206 5007/2048 3628/2046 1205/2207 
f 1205/2207 3628/2046 5006/2045 3697/2209 
f 3649/2104 1205/2207 3697/2209 5024/2105 
f 5024/2105 3697/2209 1204/2210 3654/2120 
f 3697/2209 5006/2045 3627/2044 1204/2210 
f 1204/2966 3627/2869 5005/2868 3694/2961 
f 3654/2905 1204/2966 3694/2961 5015/2894 
f 5016/2896 3695/2965 1202/2967 3656/2909 
f 3695/2965 5004/2863 3626/2866 1202/2967 
f 1202/2213 3626/2047 5007/2048 3696/2206 
f 3656/2122 1202/2213 3696/2206 5023/2101 
f 5036/2968 3698/2969 1226/2970 3699/2971 
f 3698/2969 5037/2972 3700/2973 1226/2970 
f 1226/2970 3700/2973 5038/2974 3701/2975 
f 3699/2971 1226/2970 3701/2975 5039/2976 
f 5040/2214 3702/2216 1235/2217 3703/2218 
f 3702/2216 5041/2221 3704/2222 1235/2217 
f 1235/2217 3704/2222 5042/2223 3705/2229 
f 3703/2218 1235/2217 3705/2229 5043/2232 
f 5044/2977 3706/2978 1238/2980 3707/2981 
f 3706/2978 5045/2982 3708/2983 1238/2980 
f 1238/2233 3708/2234 5046/2235 3709/2236 
f 3707/2237 1238/2233 3709/2236 5047/2238 
f 5039/2976 3701/2975 1233/2984 3710/2985 
f 3701/2975 5038/2974 3711/2986 1233/2984 
f 1233/2239 3711/2240 5041/2221 3702/2216 
f 3710/2241 1233/2239 3702/2216 5040/2214 
f 5048/2987 3712/2989 1230/2990 3713/2991 
f 3712/2989 5037/2972 3714/2992 1230/2990 
f 1230/2242 3714/2245 5042/2223 3715/2246 
f 3713/2248 1230/2242 3715/2246 5049/2249 
f 5050/2993 3716/2994 1246/2996 3717/2997 
f 3716/2994 5051/2998 3718/3000 1246/2996 
f 1246/2996 3718/3000 5052/3001 3719/3002 
f 3717/2997 1246/2996 3719/3002 5053/3003 
f 5054/3005 3720/3006 1252/3007 3721/3008 
f 3720/3006 5055/3009 3722/3010 1252/3007 
f 1252/3007 3722/3010 5056/3012 3723/3013 
f 3721/3008 1252/3007 3723/3013 5057/3014 
f 5058/2250 3724/2253 1258/2254 3725/2255 
f 3724/2253 5059/2261 3726/2264 1258/2254 
f 1258/2254 3726/2264 5060/2265 3727/2266 
f 3725/2255 1258/2254 3727/2266 5061/2267 
f 5062/2268 3728/2269 1260/2270 3729/2271 
f 3728/2269 5063/2272 3730/2273 1260/2270 
f 1260/2270 3730/2273 5064/2276 3731/2277 
f 3729/2271 1260/2270 3731/2277 5065/2280 
f 5053/3003 3719/3002 1250/3015 3732/3016 
f 3719/3002 5052/3001 3733/3017 1250/3015 
f 1250/2281 3733/2282 5059/2261 3724/2253 
f 3732/2285 1250/2281 3724/2253 5058/2250 
f 5065/2280 3731/2277 1255/2286 3734/2287 
f 3731/2277 5064/2276 3735/2288 1255/2286 
f 1255/3018 3735/3019 5055/3009 3720/3006 
f 3734/3020 1255/3018 3720/3006 5054/3005 
f 5057/3014 3723/3013 1256/3021 3736/3024 
f 3723/3013 5056/3012 3737/3025 1256/3021 
f 1256/2289 3737/2292 5063/2272 3728/2269 
f 3736/2293 1256/2289 3728/2269 5062/2268 
f 5061/2267 3727/2266 1249/2296 3738/2297 
f 3727/2266 5060/2265 3739/2298 1249/2296 
f 1249/3028 3739/3029 5051/2998 3716/2994 
f 3738/3030 1249/3028 3716/2994 5050/2993 
f 5048/2987 3740/3033 1244/3034 3741/3035 
f 3740/3033 3873/3036 3742/3041 1244/3034 
f 1244/3034 3742/3041 3874/3044 3743/3045 
f 3741/3035 1244/3034 3743/3045 3875/3046 
f 3876/2301 3744/2302 1245/2303 3745/2304 
f 3744/2302 3877/2305 3746/2309 1245/2303 
f 1245/2303 3746/2309 3878/2312 3747/2313 
f 3745/2304 1245/2303 3747/2313 5049/2249 
f 3875/3046 3743/3045 1262/3049 3748/3050 
f 3743/3045 3874/3044 3749/3051 1262/3049 
f 1262/2314 3749/2317 3877/2305 3744/2302 
f 3748/2318 1262/2314 3744/2302 3876/2301 
f 5049/2249 3747/2313 1243/2319 3713/2248 
f 3747/2313 3878/2312 3750/2320 1243/2319 
f 1243/3053 3750/3056 3873/3036 3740/3033 
f 3713/2991 1243/3053 3740/3033 5048/2987 
f 5053/3003 3751/3057 1247/3060 3717/2997 
f 3751/3057 3874/3044 3742/3041 1247/3060 
f 1247/3060 3742/3041 3873/3036 3752/3061 
f 3717/2997 1247/3060 3752/3061 5050/2993 
f 5061/2267 3753/2321 1259/2322 3725/2255 
f 3753/2321 3878/2312 3746/2309 1259/2322 
f 1259/2322 3746/2309 3877/2305 3754/2324 
f 3725/2255 1259/2322 3754/2324 5058/2250 
f 5058/2250 3754/2324 1251/2325 3732/2285 
f 3754/2324 3877/2305 3749/2317 1251/2325 
f 1251/3062 3749/3051 3874/3044 3751/3057 
f 3732/3016 1251/3062 3751/3057 5053/3003 
f 5050/2993 3752/3061 1248/3065 3738/3030 
f 3752/3061 3873/3036 3750/3056 1248/3065 
f 1248/2326 3750/2320 3878/2312 3753/2321 
f 3738/2297 1248/2326 3753/2321 5061/2267 
f 5051/2998 3755/3066 1041/3067 3718/3000 
f 3755/3066 4850/2412 3343/2415 1041/3067 
f 1041/3067 3343/2415 4854/2424 3756/3068 
f 3718/3000 1041/3067 3756/3068 5052/3001 
f 5059/2261 3757/2328 1073/2329 3726/2264 
f 3757/2328 4868/1623 3366/1620 1073/2329 
f 1073/2329 3366/1620 4867/1617 3758/2330 
f 3726/2264 1073/2329 3758/2330 5060/2265 
f 5052/3001 3756/3068 1051/3069 3733/3017 
f 3756/3068 4854/2424 3678/2938 1051/3069 
f 1051/2333 3678/2169 4868/1623 3757/2328 
f 3733/2282 1051/2333 3757/2328 5059/2261 
f 5060/2265 3758/2330 1042/2334 3739/2298 
f 3758/2330 4867/1617 3406/1708 1042/2334 
f 1042/3072 3406/2506 4850/2412 3755/3066 
f 3739/3029 1042/3072 3755/3066 5051/2998 
f 5037/2972 3712/2989 1231/3073 3700/2973 
f 3712/2989 5048/2987 3741/3035 1231/3073 
f 1231/3073 3741/3035 3875/3046 3759/3076 
f 3700/2973 1231/3073 3759/3076 5038/2974 
f 5041/2221 3760/2335 1237/2336 3704/2222 
f 3760/2335 3876/2301 3745/2304 1237/2336 
f 1237/2336 3745/2304 5049/2249 3715/2246 
f 3704/2222 1237/2336 3715/2246 5042/2223 
f 5038/2974 3759/3076 1232/3077 3711/2986 
f 3759/3076 3875/3046 3748/3050 1232/3077 
f 1232/2337 3748/2318 3876/2301 3760/2335 
f 3711/2240 1232/2337 3760/2335 5041/2221 
f 5037/2972 3698/2969 1229/3078 3714/2992 
f 3698/2969 5036/2968 3761/3081 1229/3078 
f 1229/2340 3761/2341 5043/2232 3705/2229 
f 3714/2245 1229/2340 3705/2229 5042/2223 
f 5039/2976 3762/3082 1227/3083 3699/2971 
f 3762/3082 3879/3084 3763/3085 1227/3083 
f 1227/3083 3763/3085 3880/3086 3764/3088 
f 3699/2971 1227/3083 3764/3088 5036/2968 
f 5043/2232 3765/2344 1236/2345 3703/2218 
f 3765/2344 3885/2346 3766/2349 1236/2345 
f 1236/2345 3766/2349 4018/2350 3767/2351 
f 3703/2218 1236/2345 3767/2351 5040/2214 
f 5040/2214 3767/2351 1234/2352 3710/2241 
f 3767/2351 4018/2350 3768/2353 1234/2352 
f 1234/3089 3768/3090 3879/3084 3762/3082 
f 3710/2985 1234/3089 3762/3082 5039/2976 
f 5057/3014 3769/3091 1253/3092 3721/3008 
f 3769/3091 3880/3086 3763/3085 1253/3092 
f 1253/3092 3763/3085 3879/3084 3770/3093 
f 3721/3008 1253/3092 3770/3093 5054/3005 
f 5065/2280 3771/2354 1261/2356 3729/2271 
f 3771/2354 4018/2350 3766/2349 1261/2356 
f 1261/2356 3766/2349 3885/2346 3772/2357 
f 3729/2271 1261/2356 3772/2357 5062/2268 
f 5054/3005 3770/3093 1254/3094 3734/3020 
f 3770/3093 3879/3084 3768/3090 1254/3094 
f 1254/2358 3768/2353 4018/2350 3771/2354 
f 3734/2287 1254/2358 3771/2354 5065/2280 
f 5062/2268 3772/2357 1257/2360 3736/2293 
f 3772/2357 3885/2346 3773/2361 1257/2360 
f 1257/3095 3773/3097 3880/3086 3769/3091 
f 3736/3024 1257/3095 3769/3091 5057/3014 
f 5036/2968 3764/3088 1228/3098 3761/3081 
f 3764/3088 3880/3086 3773/3097 1228/3098 
f 1228/2362 3773/2361 3885/2346 3765/2344 
f 3761/2341 1228/2362 3765/2344 5043/2232 
f 5055/3009 3774/3099 1240/3100 3722/3010 
f 3774/3099 5045/2982 3706/2978 1240/3100 
f 1240/3100 3706/2978 5044/2977 3775/3101 
f 3722/3010 1240/3100 3775/3101 5056/3012 
f 5063/2272 3776/2363 1242/2364 3730/2273 
f 3776/2363 5047/2238 3709/2236 1242/2364 
f 1242/2364 3709/2236 5046/2235 3777/2365 
f 3730/2273 1242/2364 3777/2365 5064/2276 
f 5064/2276 3777/2365 1241/2366 3735/2288 
f 3777/2365 5046/2235 3708/2234 1241/2366 
f 1241/3102 3708/2983 5045/2982 3774/3099 
f 3735/3019 1241/3102 3774/3099 5055/3009 
f 5056/3012 3775/3101 1239/3105 3737/3025 
f 3775/3101 5044/2977 3707/2981 1239/3105 
f 1239/2367 3707/2237 5047/2238 3776/2363 
f 3737/2292 1239/2367 3776/2363 5063/2272 
f 4019/3106 3778/3107 1104/3108 3779/3109 
f 3778/2368 4020/2369 3780/2370 1104/2373 
f 1104/2373 3780/2370 4905/1730 3426/1729 
f 3779/3109 1104/3108 3426/2536 4904/2534 
f 4020/2369 3781/2374 1105/2376 3780/2370 
f 3781/2374 4021/2377 3782/2378 1105/2376 
f 1105/2376 3782/2378 4906/1736 3428/1733 
f 3780/2370 1105/2376 3428/1733 4905/1730 
f 4021/2377 3783/2379 1106/2380 3782/2378 
f 3783/3110 4022/3111 3784/3112 1106/3113 
f 1106/3113 3784/3112 4907/2542 3429/2541 
f 3782/2378 1106/2380 3429/1737 4906/1736 
f 4022/3111 3785/3114 1103/3115 3784/3112 
f 3785/3114 4019/3106 3779/3109 1103/3115 
f 1103/3115 3779/3109 4904/2534 3427/2538 
f 3784/3112 1103/3115 3427/2538 4907/2542 
f 4059/4219 2978/5765 265/5766 2531/4220 
f 2978/5765 4619/5302 3065/5305 265/5766 
f 265/5766 3065/5305 4691/5187 3786/5767 
f 2531/4220 265/5766 3786/5767 4479/4223 
f 4479/4223 3786/5767 315/5768 2533/4225 
f 3786/5767 4691/5187 3011/5185 315/5768 
f 315/5768 3011/5185 4674/5135 3009/5183 
f 2533/4225 315/5768 3009/5183 4086/3506 
f 4087/3511 3010/5184 317/5769 2534/4227 
f 3010/5184 4673/5131 3055/5280 317/5769 
f 317/5769 3055/5280 4695/5202 3787/5770 
f 2534/4227 317/5769 3787/5770 4480/4229 
f 4480/4229 3787/5770 327/5771 2536/4231 
f 3787/5770 4695/5202 3022/5205 327/5771 
f 327/5771 3022/5205 4697/5209 3033/5772 
f 2536/4231 327/5771 3033/5772 4100/4233 
f 4063/3372 2981/5122 264/5773 2537/4235 
f 2981/5122 4670/5121 3014/5191 264/5773 
f 264/5773 3014/5191 4669/5109 2977/5108 
f 2537/4235 264/5773 2977/5108 4058/3287 
f 4481/4237 3788/5774 274/5775 2538/4238 
f 3788/5774 4713/5289 3058/5288 274/5775 
f 274/5775 3058/5288 4672/5287 2985/5776 
f 2538/4238 274/5775 2985/5776 4065/4241 
f 4077/4243 2994/5777 302/5778 2540/4244 
f 2994/5777 4681/5753 3257/5751 302/5778 
f 302/5778 3257/5751 4713/5289 3788/5774 
f 2540/4244 302/5778 3788/5774 4481/4237 
f 4864/2461 3360/2459 1068/3116 3789/3117 
f 3360/2459 4863/2456 3790/3120 1068/3116 
f 1068/3116 3790/3120 4888/2489 3407/2510 
f 3789/3117 1068/3116 3407/2510 4896/2509 
f 4865/2465 3362/2464 1069/3121 3791/3124 
f 3362/2464 4864/2461 3789/3117 1069/3121 
f 1069/3121 3789/3117 4896/2509 3421/2525 
f 3791/3124 1069/3121 3421/2525 4885/2487 
f 4866/2473 3364/2472 1070/3125 3792/3126 
f 3364/2472 4865/2465 3791/3124 1070/3125 
f 1070/3125 3791/3124 4885/2487 3393/2484 
f 3792/3126 1070/3125 3393/2484 4884/2482 
f 4879/1658 3385/1666 1086/2381 3793/2382 
f 3385/1666 4881/1665 3794/2383 1086/2381 
f 1086/2381 3794/2383 4900/1717 3413/1714 
f 3793/2382 1086/2381 3413/1714 4891/1696 
f 4881/1665 3387/1671 1089/2384 3794/2383 
f 3387/1671 4882/1670 3795/2385 1089/2384 
f 1089/2384 3795/2385 4886/1686 3416/1721 
f 3794/2383 1089/2384 3416/1721 4900/1717 
f 4882/1670 3389/1675 1090/2386 3795/2385 
f 3389/1675 4883/1674 3796/2388 1090/2386 
f 1090/2386 3796/2388 4887/1690 3396/1688 
f 3795/2385 1090/2386 3396/1688 4886/1686 
f 4883/1674 3392/1681 1071/2389 3796/2388 
f 3392/2481 4866/2473 3792/3126 1071/3129 
f 1071/3129 3792/3126 4884/2482 3394/2486 
f 3796/2388 1071/2389 3394/1689 4887/1690 
f 4894/1701 3403/1700 1101/2390 3433/1743 
f 3403/2502 4893/2501 3797/3130 1101/3131 
f 1101/3131 3797/3130 4914/2562 3444/2561 
f 3433/1743 1101/2390 3444/1768 4909/1744 
f 4893/2501 3425/2533 1065/3132 3797/3130 
f 4862/2454 3357/2453 1065/3132 3425/2533 
f 4861/2452 3436/2550 1065/3132 3357/2453 
f 4910/2549 3447/2570 1065/3132 3436/2550 
f 4914/2562 3797/3130 1065/3132 3447/2570 
f 4894/1701 3432/1742 1088/2392 3404/1704 
f 3432/1742 4880/1662 3798/2393 1088/2392 
f 1088/2392 3798/2393 4890/1693 3434/1748 
f 3404/1704 1088/2392 3434/1748 4895/1706 
f 4880/1662 3383/1661 1087/2394 3798/2393 
f 3383/1661 4879/1658 3793/2382 1087/2394 
f 1087/2394 3793/2382 4891/1696 3400/1694 
f 3798/2393 1087/2394 3400/1694 4890/1693 
f 4863/2456 3358/2455 1067/3133 3790/3120 
f 3358/2455 4862/2454 3423/2528 1067/3133 
f 1067/3133 3423/2528 4889/2494 3397/2490 
f 3790/3120 1067/3133 3397/2490 4888/2489 
f 4912/2559 3441/2558 1112/3134 3799/3136 
f 3441/1760 4911/1759 3800/2395 1112/2396 
f 1112/2396 3800/2395 4023/2397 3801/2398 
f 3799/3136 1112/3134 3801/3137 4024/3138 
f 4911/1759 3443/1766 1111/2399 3800/2395 
f 3443/1766 4913/1765 3802/2400 1111/2399 
f 1111/2399 3802/2400 4025/2401 3803/2402 
f 3800/2395 1111/2399 3803/2402 4023/2397 
f 4913/1765 3446/1770 1114/2404 3802/2400 
f 3446/2569 4915/2568 3804/3140 1114/3141 
f 1114/3141 3804/3140 4026/3142 3805/3145 
f 3802/2400 1114/2404 3805/2405 4025/2401 
f 4915/2568 3448/2574 1113/3146 3804/3140 
f 3448/2574 4912/2559 3799/3136 1113/3146 
f 1113/3146 3799/3136 4024/3138 3806/3147 
f 3804/3140 1113/3146 3806/3147 4026/3142 
f 4020/2369 3778/2368 1264/2406 3807/2408 
f 3778/3107 4019/3106 3808/3148 1264/3149 
f 1264/3149 3808/3148 4024/3138 3801/3137 
f 3807/2408 1264/2406 3801/2398 4023/2397 
f 4021/2377 3781/2374 1265/2409 3809/2410 
f 3781/2374 4020/2369 3807/2408 1265/2409 
f 1265/2409 3807/2408 4023/2397 3803/2402 
f 3809/2410 1265/2409 3803/2402 4025/2401 
f 4022/3111 3783/3110 1266/3150 3810/3152 
f 3783/2379 4021/2377 3809/2410 1266/2411 
f 1266/2411 3809/2410 4025/2401 3805/2405 
f 3810/3152 1266/3150 3805/3145 4026/3142 
f 4019/3106 3785/3114 1263/3153 3808/3148 
f 3785/3114 4022/3111 3810/3152 1263/3153 
f 1263/3153 3810/3152 4026/3142 3806/3147 
f 3808/3148 1263/3153 3806/3147 4024/3138 
f 4773/5779 3183/5780 967/5781 3811/5782 
f 3183/5780 4772/5783 3812/5784 967/5781 
f 967/5781 3812/5784 4778/5607 3195/5610 
f 3811/5782 967/5781 3195/5610 4781/5615 
f 4772/5783 3186/5785 966/5786 3812/5784 
f 3186/5785 4774/5787 3813/5788 966/5786 
f 966/5786 3813/5788 4782/5616 3199/5619 
f 3812/5784 966/5786 3199/5619 4778/5607 
f 4774/5787 3188/5789 969/5790 3813/5788 
f 3188/5789 4775/5791 3814/5792 969/5790 
f 969/5790 3814/5792 4784/5622 3202/5625 
f 3813/5788 969/5790 3202/5625 4782/5616 
f 4775/5791 3190/5793 970/5794 3814/5792 
f 3190/5793 4776/5795 3815/5796 970/5794 
f 970/5794 3815/5796 4786/5628 3205/5631 
f 3814/5792 970/5794 3205/5631 4784/5622 
f 4776/5795 3192/5797 971/5798 3815/5796 
f 3192/5797 4777/5799 3816/5800 971/5798 
f 971/5798 3816/5800 4788/5634 3208/5637 
f 3815/5796 971/5798 3208/5637 4786/5628 
f 4777/5801 3193/5802 968/5803 3816/5804 
f 3193/5802 4773/5779 3811/5782 968/5803 
f 968/5803 3811/5782 4781/5615 3210/5641 
f 3816/5804 968/5803 3210/5641 4788/5645 
# 5066 polygons

#
# object 2?_????___???_?
#

v  18.834515 16.995550 6.075241
v  18.834515 17.070045 6.149736
v  18.760019 17.070045 6.075241
v  18.760019 17.070045 5.964089
v  18.834515 16.995550 5.964089
v  18.945667 16.995550 5.964089
v  18.945667 16.995550 6.075241
v  18.945667 17.070045 6.149736
v  18.834515 17.070045 5.889594
v  18.945667 17.070045 5.889594
v  19.020163 17.070045 5.964089
v  19.020163 17.070045 6.075241
v  18.834515 17.255693 6.075241
v  18.760019 17.181198 6.075241
v  18.834515 17.181198 6.149736
v  18.945667 17.181198 6.149736
v  18.945667 17.255693 6.075241
v  18.945667 17.255693 5.964089
v  18.834515 17.255693 5.964089
v  18.760019 17.181198 5.964089
v  19.020163 17.181198 6.075241
v  19.020163 17.181198 5.964089
v  18.945667 17.181198 5.889594
v  18.834515 17.181198 5.889594
v  18.788103 17.023634 6.071102
v  18.838654 17.023634 6.121653
v  18.830376 16.986092 6.019665
v  18.890091 16.986092 6.079379
v  18.788103 17.023634 5.968227
v  18.838654 17.023634 5.917677
v  18.890091 16.986092 5.959950
v  18.949806 16.986092 6.019665
v  18.941528 17.023634 5.917677
v  18.992079 17.023634 5.968227
v  18.941528 17.023634 6.121653
v  18.992079 17.023634 6.071102
v  18.838654 17.227610 6.121653
v  18.788103 17.227610 6.071102
v  18.890091 17.265154 6.079379
v  18.830376 17.265154 6.019665
v  18.941528 17.227610 6.121653
v  18.992079 17.227610 6.071102
v  18.949806 17.265154 6.019665
v  18.890091 17.265154 5.959950
v  18.992079 17.227610 5.968227
v  18.941528 17.227610 5.917677
v  18.788103 17.227610 5.968227
v  18.838654 17.227610 5.917677
v  18.788103 17.074184 6.121653
v  18.890091 17.065908 6.159196
v  18.830376 17.125622 6.159196
v  18.992079 17.074184 6.121653
v  18.949806 17.125622 6.159196
v  18.890091 17.185337 6.159196
v  18.992079 17.177059 6.121653
v  18.788103 17.177059 6.121653
v  19.029621 17.065908 6.019665
v  19.029621 17.125622 6.079379
v  18.992079 17.074184 5.917677
v  19.029621 17.125622 5.959950
v  19.029621 17.185337 6.019665
v  18.992079 17.177059 5.917677
v  18.890091 17.065908 5.880134
v  18.949806 17.125622 5.880134
v  18.788103 17.074184 5.917677
v  18.830376 17.125622 5.880134
v  18.890091 17.185337 5.880134
v  18.788103 17.177059 5.917677
v  18.750561 17.065908 6.019665
v  18.750561 17.125622 5.959950
v  18.750561 17.125622 6.079379
v  18.750561 17.185337 6.019665
v  18.803377 17.038908 6.106379
v  18.780565 17.016096 6.019665
v  18.890091 16.976040 6.019665
v  18.890091 17.016096 6.129190
v  18.803377 17.038908 5.932950
v  18.890091 17.016096 5.910139
v  18.976805 17.038908 5.932950
v  18.999617 17.016096 6.019665
v  18.976805 17.038908 6.106379
v  18.803377 17.212336 6.106379
v  18.890091 17.235147 6.129190
v  18.890091 17.275204 6.019665
v  18.780565 17.235147 6.019665
v  18.976805 17.212336 6.106379
v  18.999617 17.235147 6.019665
v  18.976805 17.212336 5.932950
v  18.890091 17.235147 5.910139
v  18.803377 17.212336 5.932950
v  18.890091 17.125622 6.169247
v  18.780565 17.125622 6.129190
v  18.999617 17.125622 6.129190
v  19.039673 17.125622 6.019665
v  18.999617 17.125622 5.910139
v  18.890091 17.125622 5.870083
v  18.780565 17.125622 5.910139
v  18.740509 17.125622 6.019665
v  18.645559 16.995550 6.075241
v  18.645559 17.070045 6.149736
v  18.720055 17.070045 6.075241
v  18.720055 17.070045 5.964089
v  18.645559 16.995550 5.964089
v  18.534407 16.995550 5.964089
v  18.534407 16.995550 6.075241
v  18.534407 17.070045 6.149736
v  18.645559 17.070045 5.889594
v  18.534407 17.070045 5.889594
v  18.459911 17.070045 5.964089
v  18.459911 17.070045 6.075241
v  18.645559 17.255693 6.075241
v  18.720055 17.181198 6.075241
v  18.645559 17.181198 6.149736
v  18.534407 17.181198 6.149736
v  18.534407 17.255693 6.075241
v  18.534407 17.255693 5.964089
v  18.645559 17.255693 5.964089
v  18.720055 17.181198 5.964089
v  18.459911 17.181198 6.075241
v  18.459911 17.181198 5.964089
v  18.534407 17.181198 5.889594
v  18.645559 17.181198 5.889594
v  18.691971 17.023634 6.071102
v  18.641420 17.023634 6.121653
v  18.649698 16.986092 6.019665
v  18.589983 16.986092 6.079379
v  18.691971 17.023634 5.968227
v  18.641420 17.023634 5.917677
v  18.589983 16.986092 5.959950
v  18.530268 16.986092 6.019665
v  18.538546 17.023634 5.917677
v  18.487995 17.023634 5.968227
v  18.538546 17.023634 6.121653
v  18.487995 17.023634 6.071102
v  18.641420 17.227610 6.121653
v  18.691971 17.227610 6.071102
v  18.589983 17.265154 6.079379
v  18.649698 17.265154 6.019665
v  18.538546 17.227610 6.121653
v  18.487995 17.227610 6.071102
v  18.530268 17.265154 6.019665
v  18.589983 17.265154 5.959950
v  18.487995 17.227610 5.968227
v  18.538546 17.227610 5.917677
v  18.691971 17.227610 5.968227
v  18.641420 17.227610 5.917677
v  18.691971 17.074184 6.121653
v  18.589983 17.065908 6.159196
v  18.649698 17.125622 6.159196
v  18.487995 17.074184 6.121653
v  18.530268 17.125622 6.159196
v  18.589983 17.185337 6.159196
v  18.487995 17.177059 6.121653
v  18.691971 17.177059 6.121653
v  18.450453 17.065908 6.019665
v  18.450453 17.125622 6.079379
v  18.487995 17.074184 5.917677
v  18.450453 17.125622 5.959950
v  18.450453 17.185337 6.019665
v  18.487995 17.177059 5.917677
v  18.589983 17.065908 5.880134
v  18.530268 17.125622 5.880134
v  18.691971 17.074184 5.917677
v  18.649698 17.125622 5.880134
v  18.589983 17.185337 5.880134
v  18.691971 17.177059 5.917677
v  18.729513 17.065908 6.019665
v  18.729513 17.125622 5.959950
v  18.729513 17.125622 6.079379
v  18.729513 17.185337 6.019665
v  18.676697 17.038908 6.106379
v  18.699509 17.016096 6.019665
v  18.589983 16.976040 6.019665
v  18.589983 17.016096 6.129190
v  18.676697 17.038908 5.932950
v  18.589983 17.016096 5.910139
v  18.503269 17.038908 5.932950
v  18.480457 17.016096 6.019665
v  18.503269 17.038908 6.106379
v  18.676697 17.212336 6.106379
v  18.589983 17.235147 6.129190
v  18.589983 17.275204 6.019665
v  18.699509 17.235147 6.019665
v  18.503269 17.212336 6.106379
v  18.480457 17.235147 6.019665
v  18.503269 17.212336 5.932950
v  18.589983 17.235147 5.910139
v  18.676697 17.212336 5.932950
v  18.589983 17.125622 6.169247
v  18.699509 17.125622 6.129190
v  18.480457 17.125622 6.129190
v  18.440401 17.125622 6.019665
v  18.480457 17.125622 5.910139
v  18.589983 17.125622 5.870083
v  18.699509 17.125622 5.910139
v  18.739565 17.125622 6.019665
# 196 vertices

vt 1.000000 0.000000 0.000000
vt 1.000000 0.250000 0.000000
vt 0.750000 0.312500 0.000000
vt 0.750000 0.218750 0.000000
vt 1.000000 0.500000 0.000000
vt 0.750000 0.515625 0.000000
vt 0.500000 0.523438 0.000000
vt 0.500000 0.343750 0.000000
vt 0.500000 0.265625 0.000000
vt 1.000000 0.750000 0.000000
vt 0.750000 0.750000 0.000000
vt 1.000000 1.000000 0.000000
vt 0.750000 1.000000 0.000000
vt 0.500000 1.000000 0.000000
vt 0.500000 0.750000 0.000000
vt 0.250000 0.750000 0.000000
vt 0.250000 0.515625 0.000000
vt 0.250000 1.000000 0.000000
vt 0.000000 1.000000 0.000000
vt 0.000000 0.750000 0.000000
vt 0.000000 0.500000 0.000000
vt 0.250000 0.312500 0.000000
vt 0.250000 0.218750 0.000000
vt 0.000000 0.250000 0.000000
vt 0.000000 0.000000 0.000000
vt 0.000000 0.000000 0.000000
vt 0.250000 0.000000 0.000000
vt 0.250000 0.250000 0.000000
vt 0.000000 0.250000 0.000000
vt 0.500000 0.000000 0.000000
vt 0.500000 0.250000 0.000000
vt 0.500000 0.476563 0.000000
vt 0.250000 0.484375 0.000000
vt 0.000000 0.500000 0.000000
vt 0.750000 0.000000 0.000000
vt 0.750000 0.250000 0.000000
vt 1.000000 0.000000 0.000000
vt 1.000000 0.250000 0.000000
vt 1.000000 0.500000 0.000000
vt 0.750000 0.484375 0.000000
vt 0.750000 0.687500 0.000000
vt 0.500000 0.656250 0.000000
vt 1.000000 0.750000 0.000000
vt 1.000000 1.000000 0.000000
vt 0.750000 0.781250 0.000000
vt 0.500000 0.734375 0.000000
vt 0.250000 0.687500 0.000000
vt 0.000000 0.750000 0.000000
vt 0.250000 0.781250 0.000000
vt 0.000000 1.000000 0.000000
vt 0.000000 0.000000 0.000000
vt 0.250000 0.218750 0.000000
vt 0.250000 0.312500 0.000000
vt 0.000000 0.265625 0.000000
vt 0.500000 0.343750 0.000000
vt 0.500000 0.523438 0.000000
vt 0.250000 0.515625 0.000000
vt 0.000000 0.503906 0.000000
vt 0.750000 0.218750 0.000000
vt 0.750000 0.312500 0.000000
vt 1.000000 0.000000 0.000000
vt 1.000000 0.265625 0.000000
vt 1.000000 0.503906 0.000000
vt 0.750000 0.515625 0.000000
vt 0.750000 0.750000 0.000000
vt 0.500000 0.750000 0.000000
vt 1.000000 0.750000 0.000000
vt 1.000000 1.000000 0.000000
vt 0.750000 1.000000 0.000000
vt 0.500000 1.000000 0.000000
vt 0.250000 0.750000 0.000000
vt 0.000000 0.750000 0.000000
vt 0.250000 1.000000 0.000000
vt 0.000000 1.000000 0.000000
vt 0.250000 0.000000 0.000000
vt 0.250000 0.250000 0.000000
vt 0.000000 0.265625 0.000000
vt 0.500000 0.000000 0.000000
vt 0.500000 0.250000 0.000000
vt 0.500000 0.500000 0.000000
vt 0.250000 0.500000 0.000000
vt 0.000000 0.503906 0.000000
vt 0.750000 0.000000 0.000000
vt 0.750000 0.250000 0.000000
vt 1.000000 0.000000 0.000000
vt 1.000000 0.250000 0.000000
vt 1.000000 0.496094 0.000000
vt 0.750000 0.500000 0.000000
vt 0.750000 0.750000 0.000000
vt 0.500000 0.750000 0.000000
vt 1.000000 0.734375 0.000000
vt 0.750000 1.000000 0.000000
vt 0.500000 1.000000 0.000000
vt 0.250000 0.750000 0.000000
vt 0.000000 0.750000 0.000000
vt 0.250000 1.000000 0.000000
vt 0.000000 1.000000 0.000000
vt 0.000000 0.000000 0.000000
vt 0.250000 0.000000 0.000000
vt 0.250000 0.250000 0.000000
vt 0.000000 0.250000 0.000000
vt 0.500000 0.000000 0.000000
vt 0.500000 0.250000 0.000000
vt 0.500000 0.476563 0.000000
vt 0.250000 0.484375 0.000000
vt 0.000000 0.496094 0.000000
vt 0.750000 0.000000 0.000000
vt 0.750000 0.250000 0.000000
vt 1.000000 0.000000 0.000000
vt 1.000000 0.250000 0.000000
vt 1.000000 0.496094 0.000000
vt 0.750000 0.484375 0.000000
vt 0.750000 0.687500 0.000000
vt 0.500000 0.656250 0.000000
vt 1.000000 0.734375 0.000000
vt 1.000000 1.000000 0.000000
vt 0.750000 0.781250 0.000000
vt 0.250000 0.687500 0.000000
vt 0.000000 0.734375 0.000000
vt 0.250000 0.781250 0.000000
vt 0.000000 1.000000 0.000000
vt 0.000000 0.000000 0.000000
vt 0.250000 0.000000 0.000000
vt 0.250000 0.250000 0.000000
vt 0.000000 0.250000 0.000000
vt 0.500000 0.000000 0.000000
vt 0.500000 0.250000 0.000000
vt 0.500000 0.500000 0.000000
vt 0.250000 0.500000 0.000000
vt 0.000000 0.496094 0.000000
vt 0.750000 0.000000 0.000000
vt 0.750000 0.250000 0.000000
vt 1.000000 0.265625 0.000000
vt 1.000000 0.503906 0.000000
vt 0.750000 0.500000 0.000000
vt 0.750000 0.750000 0.000000
vt 0.500000 0.750000 0.000000
vt 1.000000 0.750000 0.000000
vt 1.000000 1.000000 0.000000
vt 0.750000 1.000000 0.000000
vt 0.500000 1.000000 0.000000
vt 0.250000 0.750000 0.000000
vt 0.000000 0.734375 0.000000
vt 0.250000 1.000000 0.000000
vt 1.000000 0.000000 0.000000
vt 1.000000 0.250000 0.000000
vt 0.750000 0.312500 0.000000
vt 0.750000 0.218750 0.000000
vt 1.000000 0.500000 0.000000
vt 0.750000 0.515625 0.000000
vt 0.500000 0.523438 0.000000
vt 0.500000 0.343750 0.000000
vt 0.500000 0.265625 0.000000
vt 1.000000 0.750000 0.000000
vt 0.750000 0.750000 0.000000
vt 1.000000 1.000000 0.000000
vt 0.750000 1.000000 0.000000
vt 0.500000 1.000000 0.000000
vt 0.500000 0.750000 0.000000
vt 0.250000 0.750000 0.000000
vt 0.250000 0.515625 0.000000
vt 0.250000 1.000000 0.000000
vt 0.000000 1.000000 0.000000
vt 0.000000 0.750000 0.000000
vt 0.000000 0.500000 0.000000
vt 0.250000 0.312500 0.000000
vt 0.250000 0.218750 0.000000
vt 0.000000 0.250000 0.000000
vt 0.000000 0.000000 0.000000
vt 0.000000 0.000000 0.000000
vt 0.250000 0.000000 0.000000
vt 0.250000 0.250000 0.000000
vt 0.000000 0.250000 0.000000
vt 0.500000 0.000000 0.000000
vt 0.500000 0.250000 0.000000
vt 0.500000 0.476563 0.000000
vt 0.250000 0.484375 0.000000
vt 0.000000 0.500000 0.000000
vt 0.750000 0.000000 0.000000
vt 0.750000 0.250000 0.000000
vt 1.000000 0.000000 0.000000
vt 1.000000 0.250000 0.000000
vt 1.000000 0.500000 0.000000
vt 0.750000 0.484375 0.000000
vt 0.750000 0.687500 0.000000
vt 0.500000 0.656250 0.000000
vt 1.000000 0.750000 0.000000
vt 1.000000 1.000000 0.000000
vt 0.750000 0.781250 0.000000
vt 0.500000 0.734375 0.000000
vt 0.250000 0.687500 0.000000
vt 0.000000 0.750000 0.000000
vt 0.250000 0.781250 0.000000
vt 0.000000 1.000000 0.000000
vt 0.000000 0.000000 0.000000
vt 0.250000 0.218750 0.000000
vt 0.250000 0.312500 0.000000
vt 0.000000 0.265625 0.000000
vt 0.500000 0.343750 0.000000
vt 0.500000 0.523438 0.000000
vt 0.250000 0.515625 0.000000
vt 0.000000 0.503906 0.000000
vt 0.750000 0.218750 0.000000
vt 0.750000 0.312500 0.000000
vt 1.000000 0.000000 0.000000
vt 1.000000 0.265625 0.000000
vt 1.000000 0.503906 0.000000
vt 0.750000 0.515625 0.000000
vt 0.750000 0.750000 0.000000
vt 0.500000 0.750000 0.000000
vt 1.000000 0.750000 0.000000
vt 1.000000 1.000000 0.000000
vt 0.750000 1.000000 0.000000
vt 0.500000 1.000000 0.000000
vt 0.250000 0.750000 0.000000
vt 0.000000 0.750000 0.000000
vt 0.250000 1.000000 0.000000
vt 0.000000 1.000000 0.000000
vt 0.250000 0.000000 0.000000
vt 0.250000 0.250000 0.000000
vt 0.000000 0.265625 0.000000
vt 0.500000 0.000000 0.000000
vt 0.500000 0.250000 0.000000
vt 0.500000 0.500000 0.000000
vt 0.250000 0.500000 0.000000
vt 0.000000 0.503906 0.000000
vt 0.750000 0.000000 0.000000
vt 0.750000 0.250000 0.000000
vt 1.000000 0.000000 0.000000
vt 1.000000 0.250000 0.000000
vt 1.000000 0.496094 0.000000
vt 0.750000 0.500000 0.000000
vt 0.750000 0.750000 0.000000
vt 0.500000 0.750000 0.000000
vt 1.000000 0.734375 0.000000
vt 0.750000 1.000000 0.000000
vt 0.500000 1.000000 0.000000
vt 0.250000 0.750000 0.000000
vt 0.000000 0.750000 0.000000
vt 0.250000 1.000000 0.000000
vt 0.000000 1.000000 0.000000
vt 0.000000 0.000000 0.000000
vt 0.250000 0.000000 0.000000
vt 0.250000 0.250000 0.000000
vt 0.000000 0.250000 0.000000
vt 0.500000 0.000000 0.000000
vt 0.500000 0.250000 0.000000
vt 0.500000 0.476563 0.000000
vt 0.250000 0.484375 0.000000
vt 0.000000 0.496094 0.000000
vt 0.750000 0.000000 0.000000
vt 0.750000 0.250000 0.000000
vt 1.000000 0.000000 0.000000
vt 1.000000 0.250000 0.000000
vt 1.000000 0.496094 0.000000
vt 0.750000 0.484375 0.000000
vt 0.750000 0.687500 0.000000
vt 0.500000 0.656250 0.000000
vt 1.000000 0.734375 0.000000
vt 1.000000 1.000000 0.000000
vt 0.750000 0.781250 0.000000
vt 0.250000 0.687500 0.000000
vt 0.000000 0.734375 0.000000
vt 0.250000 0.781250 0.000000
vt 0.000000 1.000000 0.000000
vt 0.000000 0.000000 0.000000
vt 0.250000 0.000000 0.000000
vt 0.250000 0.250000 0.000000
vt 0.000000 0.250000 0.000000
vt 0.500000 0.000000 0.000000
vt 0.500000 0.250000 0.000000
vt 0.500000 0.500000 0.000000
vt 0.250000 0.500000 0.000000
vt 0.000000 0.496094 0.000000
vt 0.750000 0.000000 0.000000
vt 0.750000 0.250000 0.000000
vt 1.000000 0.265625 0.000000
vt 1.000000 0.503906 0.000000
vt 0.750000 0.500000 0.000000
vt 0.750000 0.750000 0.000000
vt 0.500000 0.750000 0.000000
vt 1.000000 0.750000 0.000000
vt 1.000000 1.000000 0.000000
vt 0.750000 1.000000 0.000000
vt 0.500000 1.000000 0.000000
vt 0.250000 0.750000 0.000000
vt 0.000000 0.734375 0.000000
vt 0.250000 1.000000 0.000000
# 288 texture coords

o 2?_????___???_?
g 2?_????___???_?
f 5172/5840 5124/5841 5100/5842 5125/5843 
f 5124/5841 5173/5844 5126/5845 5100/5842 
f 5100/5842 5126/5845 5174/5846 5127/5847 
f 5125/5843 5100/5842 5127/5847 5175/5848 
f 5173/5844 5128/5849 5104/5850 5126/5845 
f 5128/5849 5176/5851 5129/5852 5104/5850 
f 5104/5850 5129/5852 5177/5853 5130/5854 
f 5126/5845 5104/5850 5130/5854 5174/5846 
f 5174/5846 5130/5854 5105/5855 5131/5856 
f 5130/5854 5177/5853 5132/5857 5105/5855 
f 5105/5855 5132/5857 5178/5858 5133/5859 
f 5131/5856 5105/5855 5133/5859 5179/5860 
f 5175/5848 5127/5847 5106/5861 5134/5862 
f 5127/5847 5174/5846 5131/5856 5106/5861 
f 5106/5861 5131/5856 5179/5860 5135/5863 
f 5134/5862 5106/5861 5135/5863 5180/5864 
f 5181/5865 5136/5866 5112/5867 5137/5868 
f 5136/5866 5182/5869 5138/5870 5112/5867 
f 5112/5867 5138/5870 5183/5871 5139/5872 
f 5137/5868 5112/5867 5139/5872 5184/5873 
f 5182/5869 5140/5874 5116/5875 5138/5870 
f 5140/5874 5185/5876 5141/5877 5116/5875 
f 5116/5875 5141/5877 5186/5878 5142/5879 
f 5138/5870 5116/5875 5142/5879 5183/5871 
f 5183/5871 5142/5879 5117/5880 5143/5881 
f 5142/5879 5186/5878 5144/5882 5117/5880 
f 5117/5880 5144/5882 5187/5883 5145/5884 
f 5143/5881 5117/5880 5145/5884 5188/5885 
f 5184/5873 5139/5872 5118/5886 5146/5887 
f 5139/5872 5183/5871 5143/5881 5118/5886 
f 5118/5886 5143/5881 5188/5885 5147/5888 
f 5146/5887 5118/5886 5147/5888 5189/5889 
f 5172/5890 5125/5891 5101/5892 5148/5893 
f 5125/5891 5175/5848 5149/5894 5101/5892 
f 5101/5892 5149/5894 5190/5895 5150/5896 
f 5148/5893 5101/5892 5150/5896 5191/5897 
f 5175/5848 5134/5898 5107/5899 5149/5894 
f 5134/5898 5180/5900 5151/5901 5107/5899 
f 5107/5899 5151/5901 5192/5902 5152/5903 
f 5149/5894 5107/5899 5152/5903 5190/5895 
f 5190/5895 5152/5903 5115/5904 5153/5905 
f 5152/5903 5192/5902 5154/5906 5115/5904 
f 5115/5904 5154/5906 5185/5907 5140/5908 
f 5153/5905 5115/5904 5140/5908 5182/5909 
f 5191/5897 5150/5896 5114/5910 5155/5911 
f 5150/5896 5190/5895 5153/5905 5114/5910 
f 5114/5910 5153/5905 5182/5909 5136/5912 
f 5155/5911 5114/5910 5136/5912 5181/5913 
f 5180/5864 5135/5914 5111/5915 5151/5916 
f 5135/5914 5179/5917 5156/5918 5111/5915 
f 5111/5915 5156/5918 5193/5919 5157/5920 
f 5151/5916 5111/5915 5157/5920 5192/5921 
f 5179/5917 5133/5922 5110/5923 5156/5918 
f 5133/5922 5178/5924 5158/5925 5110/5923 
f 5110/5923 5158/5925 5194/5926 5159/5927 
f 5156/5918 5110/5923 5159/5927 5193/5919 
f 5193/5919 5159/5927 5121/5928 5160/5929 
f 5159/5927 5194/5926 5161/5930 5121/5928 
f 5121/5928 5161/5930 5187/5883 5144/5931 
f 5160/5929 5121/5928 5144/5931 5186/5932 
f 5192/5921 5157/5920 5120/5933 5154/5934 
f 5157/5920 5193/5919 5160/5929 5120/5933 
f 5120/5933 5160/5929 5186/5932 5141/5935 
f 5154/5934 5120/5933 5141/5935 5185/5936 
f 5178/5937 5132/5938 5109/5939 5158/5940 
f 5132/5938 5177/5941 5162/5942 5109/5939 
f 5109/5939 5162/5942 5195/5943 5163/5944 
f 5158/5940 5109/5939 5163/5944 5194/5945 
f 5177/5941 5129/5946 5108/5947 5162/5942 
f 5129/5946 5176/5948 5164/5949 5108/5947 
f 5108/5947 5164/5949 5196/5950 5165/5951 
f 5162/5942 5108/5947 5165/5951 5195/5943 
f 5195/5943 5165/5951 5123/5952 5166/5953 
f 5165/5951 5196/5950 5167/5954 5123/5952 
f 5123/5952 5167/5954 5189/5955 5147/5956 
f 5166/5953 5123/5952 5147/5956 5188/5885 
f 5194/5945 5163/5944 5122/5957 5161/5958 
f 5163/5944 5195/5943 5166/5953 5122/5957 
f 5122/5957 5166/5953 5188/5885 5145/5959 
f 5161/5958 5122/5957 5145/5959 5187/5960 
f 5176/5961 5128/5962 5103/5963 5164/5964 
f 5128/5962 5173/5965 5168/5966 5103/5963 
f 5103/5963 5168/5966 5197/5967 5169/5968 
f 5164/5964 5103/5963 5169/5968 5196/5969 
f 5173/5965 5124/5970 5102/5971 5168/5966 
f 5124/5970 5172/5840 5148/5972 5102/5971 
f 5102/5971 5148/5972 5191/5973 5170/5974 
f 5168/5966 5102/5971 5170/5974 5197/5967 
f 5197/5967 5170/5974 5113/5975 5171/5976 
f 5170/5974 5191/5973 5155/5977 5113/5975 
f 5113/5975 5155/5977 5181/5978 5137/5979 
f 5171/5976 5113/5975 5137/5979 5184/5980 
f 5196/5969 5169/5968 5119/5981 5167/5982 
f 5169/5968 5197/5967 5171/5976 5119/5981 
f 5119/5981 5171/5976 5184/5980 5146/5983 
f 5167/5982 5119/5981 5146/5983 5189/5889 
f 5270/5984 5223/5987 5198/5986 5222/5985 
f 5222/5985 5198/5986 5224/5989 5271/5988 
f 5198/5986 5225/5991 5272/5990 5224/5989 
f 5223/5987 5273/5992 5225/5991 5198/5986 
f 5271/5988 5224/5989 5202/5994 5226/5993 
f 5226/5993 5202/5994 5227/5996 5274/5995 
f 5202/5994 5228/5998 5275/5997 5227/5996 
f 5224/5989 5272/5990 5228/5998 5202/5994 
f 5272/5990 5229/6000 5203/5999 5228/5998 
f 5228/5998 5203/5999 5230/6001 5275/5997 
f 5203/5999 5231/6003 5276/6002 5230/6001 
f 5229/6000 5277/6004 5231/6003 5203/5999 
f 5273/5992 5232/6006 5204/6005 5225/5991 
f 5225/5991 5204/6005 5229/6000 5272/5990 
f 5204/6005 5233/6007 5277/6004 5229/6000 
f 5232/6006 5278/6008 5233/6007 5204/6005 
f 5279/6009 5235/6012 5210/6011 5234/6010 
f 5234/6010 5210/6011 5236/6014 5280/6013 
f 5210/6011 5237/6016 5281/6015 5236/6014 
f 5235/6012 5282/6017 5237/6016 5210/6011 
f 5280/6013 5236/6014 5214/6019 5238/6018 
f 5238/6018 5214/6019 5239/6021 5283/6020 
f 5214/6019 5240/6023 5284/6022 5239/6021 
f 5236/6014 5281/6015 5240/6023 5214/6019 
f 5281/6015 5241/6025 5215/6024 5240/6023 
f 5240/6023 5215/6024 5242/6026 5284/6022 
f 5215/6024 5243/6028 5285/6027 5242/6026 
f 5241/6025 5286/6029 5243/6028 5215/6024 
f 5282/6017 5244/6031 5216/6030 5237/6016 
f 5237/6016 5216/6030 5241/6025 5281/6015 
f 5216/6030 5245/6032 5286/6029 5241/6025 
f 5244/6031 5287/6033 5245/6032 5216/6030 
f 5270/6034 5246/6037 5199/6036 5223/6035 
f 5223/6035 5199/6036 5247/6038 5273/5992 
f 5199/6036 5248/6040 5288/6039 5247/6038 
f 5246/6037 5289/6041 5248/6040 5199/6036 
f 5273/5992 5247/6038 5205/6043 5232/6042 
f 5232/6042 5205/6043 5249/6045 5278/6044 
f 5205/6043 5250/6047 5290/6046 5249/6045 
f 5247/6038 5288/6039 5250/6047 5205/6043 
f 5288/6039 5251/6049 5213/6048 5250/6047 
f 5250/6047 5213/6048 5252/6050 5290/6046 
f 5213/6048 5238/6052 5283/6051 5252/6050 
f 5251/6049 5280/6053 5238/6052 5213/6048 
f 5289/6041 5253/6055 5212/6054 5248/6040 
f 5248/6040 5212/6054 5251/6049 5288/6039 
f 5212/6054 5234/6056 5280/6053 5251/6049 
f 5253/6055 5279/6057 5234/6056 5212/6054 
f 5278/6008 5249/6060 5209/6059 5233/6058 
f 5233/6058 5209/6059 5254/6062 5277/6061 
f 5209/6059 5255/6064 5291/6063 5254/6062 
f 5249/6060 5290/6065 5255/6064 5209/6059 
f 5277/6061 5254/6062 5208/6067 5231/6066 
f 5231/6066 5208/6067 5256/6069 5276/6068 
f 5208/6067 5257/6071 5292/6070 5256/6069 
f 5254/6062 5291/6063 5257/6071 5208/6067 
f 5291/6063 5258/6073 5219/6072 5257/6071 
f 5257/6071 5219/6072 5259/6074 5292/6070 
f 5219/6072 5242/6075 5285/6027 5259/6074 
f 5258/6073 5284/6076 5242/6075 5219/6072 
f 5290/6065 5252/6078 5218/6077 5255/6064 
f 5255/6064 5218/6077 5258/6073 5291/6063 
f 5218/6077 5239/6079 5284/6076 5258/6073 
f 5252/6078 5283/6080 5239/6079 5218/6077 
f 5276/6081 5256/6084 5207/6083 5230/6082 
f 5230/6082 5207/6083 5260/6086 5275/6085 
f 5207/6083 5261/6088 5293/6087 5260/6086 
f 5256/6084 5292/6089 5261/6088 5207/6083 
f 5275/6085 5260/6086 5206/6091 5227/6090 
f 5227/6090 5206/6091 5262/6093 5274/6092 
f 5206/6091 5263/6095 5294/6094 5262/6093 
f 5260/6086 5293/6087 5263/6095 5206/6091 
f 5293/6087 5264/6097 5221/6096 5263/6095 
f 5263/6095 5221/6096 5265/6098 5294/6094 
f 5221/6096 5245/6100 5287/6099 5265/6098 
f 5264/6097 5286/6029 5245/6100 5221/6096 
f 5292/6089 5259/6102 5220/6101 5261/6088 
f 5261/6088 5220/6101 5264/6097 5293/6087 
f 5220/6101 5243/6103 5286/6029 5264/6097 
f 5259/6102 5285/6104 5243/6103 5220/6101 
f 5274/6105 5262/6108 5201/6107 5226/6106 
f 5226/6106 5201/6107 5266/6110 5271/6109 
f 5201/6107 5267/6112 5295/6111 5266/6110 
f 5262/6108 5294/6113 5267/6112 5201/6107 
f 5271/6109 5266/6110 5200/6115 5222/6114 
f 5222/6114 5200/6115 5246/6116 5270/5984 
f 5200/6115 5268/6118 5289/6117 5246/6116 
f 5266/6110 5295/6111 5268/6118 5200/6115 
f 5295/6111 5269/6120 5211/6119 5268/6118 
f 5268/6118 5211/6119 5253/6121 5289/6117 
f 5211/6119 5235/6123 5279/6122 5253/6121 
f 5269/6120 5282/6124 5235/6123 5211/6119 
f 5294/6113 5265/6126 5217/6125 5267/6112 
f 5267/6112 5217/6125 5269/6120 5295/6111 
f 5217/6125 5244/6127 5282/6124 5269/6120 
f 5265/6126 5287/6033 5244/6127 5217/6125 
# 192 polygons

