# 3ds Max Wavefront OBJ Exporter v0.97b - (c)2007 guruware
# File Created: 09.08.2021 17:21:10

#
# object Blake
#

v  -0.059261 1.497275 -4.973128
v  0.161288 1.411918 -5.024890
v  0.131069 1.514047 -5.034710
v  -0.028402 1.531382 -5.014136
v  0.114356 1.408655 -4.933673
v  -0.080253 1.516026 -4.988318
v  -0.054363 1.454365 -4.842983
v  -0.080937 1.534644 -5.016878
v  -0.051203 1.424497 -4.806809
v  -0.019883 1.383018 -4.824447
v  -0.044485 1.353637 -4.760221
v  -0.060556 1.326470 -4.732224
v  -0.060244 1.312866 -4.706904
v  -0.065634 1.284542 -4.686024
v  0.023129 1.293596 -4.744284
v  0.025388 1.304734 -4.752240
v  0.006507 1.289439 -4.727630
v  0.021944 1.270235 -4.717948
v  0.049746 1.276497 -4.747780
v  0.049836 1.308211 -4.776884
v  0.107057 1.343435 -4.852662
v  -0.035524 1.255627 -4.623106
v  0.059988 1.226285 -4.688048
v  0.119437 1.244154 -4.775427
v  -0.021313 1.181389 -4.568581
v  0.054495 1.561194 -5.037127
v  0.154423 1.525560 -5.076632
v  0.216017 1.365819 -5.055137
v  0.213343 1.313071 -4.989061
v  -0.303266 1.164010 -5.001396
v  0.155038 1.599982 -5.248953
v  0.226022 1.466519 -5.228980
v  0.248124 1.273858 -5.118247
v  0.167680 1.082027 -4.783557
v  0.081096 1.099621 -4.672012
v  0.244543 1.059477 -4.949539
v  0.258139 1.167774 -5.016121
v  0.169295 1.859615 -5.292907
v  0.210844 1.661401 -5.290549
v  0.319559 1.407761 -5.374454
v  0.285445 1.166287 -5.106968
v  0.319323 1.176741 -5.190675
v  0.397022 1.042467 -5.207914
v  0.343674 1.001165 -5.065184
v  0.270765 1.042188 -5.003916
v  0.274190 1.130266 -5.043730
v  0.338622 1.174218 -5.245075
v  0.384528 1.130744 -5.274468
v  0.322039 1.296682 -5.249266
v  0.113538 0.956436 -4.776676
v  0.195241 0.953052 -4.841469
v  0.248800 0.941601 -4.958801
v  0.204022 1.916205 -5.343130
v  0.241728 1.713716 -5.310744
v  0.315351 1.414335 -5.503676
v  0.271070 1.013600 -5.022418
v  0.292939 0.973552 -5.099608
v  0.344649 1.006073 -5.232328
v  0.351419 1.102440 -5.285628
v  0.322900 1.177699 -5.250317
v  0.362102 1.259606 -5.384573
v  0.370249 1.197814 -5.506794
v  0.379593 1.051563 -5.424818
v  0.183402 1.561877 -5.559813
v  0.203449 1.418626 -5.652083
v  0.301317 1.079085 -5.630900
v  0.288321 0.917928 -5.490880
v  0.260910 1.248199 -5.663043
v  0.223567 0.735156 -5.216201
v  0.199797 0.643016 -5.086244
v  0.265909 0.837533 -5.047149
v  0.316849 0.860115 -5.214218
v  0.365410 1.049787 -5.353578
v  0.269902 0.813743 -5.349995
v  0.319111 0.895884 -5.330443
v  0.165112 0.822555 -4.566340
v  0.261046 0.700433 -4.675314
v  0.270954 0.576514 -4.721582
v  0.156205 0.506042 -4.939021
v  0.235124 0.605373 -4.922588
v  0.148004 0.867470 -4.728389
v  0.218070 0.775006 -4.812854
v  0.242327 0.679200 -4.889920
v  0.254436 0.500739 -4.737797
v  0.160291 0.441783 -4.754525
v  0.016997 1.425216 -5.012784
v  0.104846 1.428500 -5.014982
v  0.094159 1.442462 -5.020320
v  0.024858 1.436694 -5.018953
v  0.034042 1.420536 -5.005126
v  0.085618 1.424849 -5.003754
v  0.111299 1.438340 -5.006828
v  0.081950 1.439692 -4.986144
v  0.006762 1.429482 -5.008065
v  0.017527 1.441281 -5.017922
v  0.098549 1.461568 -5.010626
v  0.025191 1.437636 -4.986984
v  -0.145354 1.480865 -4.987060
v  -0.293550 1.325217 -5.098502
v  -0.300542 1.431775 -5.104560
v  -0.172817 1.505525 -5.036297
v  -0.278754 1.333738 -4.997281
v  -0.129008 1.507195 -4.993608
v  -0.173925 1.431572 -4.862332
v  -0.108885 1.539272 -4.998583
v  -0.127471 1.530157 -5.023048
v  -0.110393 1.572752 -5.028700
v  -0.177016 1.400514 -4.827171
v  -0.130312 1.460086 -4.772918
v  -0.184393 1.351659 -4.851071
v  -0.114681 1.372808 -4.766697
v  -0.112529 1.379642 -4.788045
v  -0.117110 1.366144 -4.743846
v  -0.171711 1.329387 -4.780812
v  -0.156312 1.308213 -4.747720
v  -0.113538 1.331851 -4.728661
v  -0.159421 1.293964 -4.722973
v  -0.115337 1.318711 -4.698931
v  -0.150860 1.268293 -4.699819
v  -0.112580 1.289928 -4.682065
v  -0.214622 1.248300 -4.782705
v  -0.218259 1.258283 -4.791690
v  -0.203629 1.249391 -4.761632
v  -0.213274 1.225337 -4.755999
v  -0.231213 1.222883 -4.793147
v  -0.233556 1.254187 -4.822750
v  -0.273526 1.271231 -4.913983
v  -0.186219 1.226901 -4.647494
v  -0.121702 1.269792 -4.601986
v  -0.240168 1.169117 -4.736573
v  -0.272243 1.170123 -4.838352
v  -0.188732 1.149477 -4.595675
v  -0.114889 1.190484 -4.550673
v  -0.248981 1.503383 -5.086373
v  -0.312507 1.436554 -5.152199
v  -0.316084 1.264387 -5.141251
v  -0.314925 1.212382 -5.074548
v  -0.172536 1.619233 -5.256155
v  -0.019342 0.925860 -4.694171
v  -0.253073 1.522433 -5.321719
v  -0.312766 1.362908 -5.314820
v  -0.292193 1.170860 -5.205690
v  -0.254340 1.001585 -4.851856
v  -0.217928 1.044807 -4.717655
v  -0.270038 0.966192 -5.028571
v  -0.294074 1.062512 -5.105490
v  -0.123932 1.781326 -5.329239
v  0.087691 1.895445 -5.330223
v  -0.238706 1.574041 -5.384963
v  -0.325200 1.284802 -5.478826
v  -0.289959 1.056602 -5.200091
v  -0.298102 1.059049 -5.290599
v  -0.318785 0.908841 -5.321356
v  -0.307482 0.884632 -5.163877
v  -0.271384 0.943604 -5.087466
v  -0.288248 1.024222 -5.133739
v  -0.297157 1.051797 -5.349756
v  -0.313602 0.997667 -5.387454
v  -0.325729 1.173403 -5.354198
v  -0.061274 1.032868 -4.668796
v  -0.165607 0.928473 -4.799353
v  -0.028522 0.960829 -4.730823
v  -0.231722 0.890798 -4.893599
v  -0.243334 0.861718 -5.026124
v  -0.145542 1.798978 -5.420081
v  0.094508 1.905482 -5.374419
v  -0.230108 1.631033 -5.430712
v  -0.284092 1.300400 -5.601151
v  -0.259685 0.919119 -5.102404
v  -0.245371 0.878513 -5.180072
v  -0.256443 0.895679 -5.326035
v  -0.270834 0.983825 -5.386333
v  -0.283437 1.062142 -5.348468
v  -0.306489 1.132124 -5.492825
v  -0.254278 1.078783 -5.607891
v  -0.235036 0.934403 -5.524290
v  -0.005326 1.612914 -5.633276
v  -0.202235 1.492366 -5.626993
v  -0.142039 1.353241 -5.708539
v  0.035814 1.399501 -5.728049
v  0.048799 0.635519 -5.105552
v  0.111741 1.006050 -5.733789
v  0.113935 0.815036 -5.539142
v  -0.113069 1.000099 -5.697968
v  -0.087827 0.846602 -5.551548
v  -0.128264 1.174116 -5.726155
v  0.091244 1.151758 -5.778756
v  0.077459 0.687023 -5.261786
v  -0.083764 0.685585 -5.258827
v  -0.105402 0.609612 -5.117906
v  -0.210681 0.764393 -5.108802
v  -0.195896 0.769742 -5.290818
v  -0.243587 0.933700 -5.452137
v  0.100341 0.733594 -5.411227
v  -0.095997 0.748350 -5.405494
v  -0.170251 0.807279 -5.405728
v  -0.175209 0.816276 -4.569408
v  -0.005551 0.860805 -4.524676
v  -0.265201 0.689399 -4.681290
v  -0.267639 0.563961 -4.728816
v  0.011948 0.496290 -4.924769
v  -0.125985 0.491367 -4.949471
v  -0.216367 0.581519 -4.940465
v  -0.167012 0.855288 -4.736864
v  -0.011532 0.900570 -4.649708
v  -0.226154 0.754439 -4.827886
v  -0.234800 0.654341 -4.908532
v  -0.247061 0.489311 -4.744278
v  -0.149702 0.434707 -4.758485
v  0.004567 0.457124 -4.757991
v  -0.174702 1.388675 -5.043810
v  -0.252720 1.360341 -5.072850
v  -0.246675 1.377494 -5.075480
v  -0.183877 1.396906 -5.052735
v  -0.190395 1.377755 -5.041450
v  -0.237866 1.363188 -5.056108
v  -0.264428 1.366719 -5.067636
v  -0.245320 1.377308 -5.039109
v  -0.168640 1.396048 -5.036452
v  -0.179369 1.403750 -5.049788
v  -0.260357 1.393155 -5.068712
v  -0.194248 1.395808 -5.022498
v  -0.060688 1.325786 -4.732050
v  -0.112594 1.329631 -4.728738
v  -0.156004 1.307617 -4.747476
v  -0.083872 1.101688 -4.619187
v  -0.245148 1.462790 -5.075689
v  -0.219465 1.386162 -5.027215
v  -0.212797 1.348746 -4.899317
v  -0.224284 1.418221 -5.050646
v  -0.226218 1.362734 -4.963705
v  -0.214847 1.371217 -5.044540
v  -0.214839 1.392806 -5.064856
v  0.022935 1.392348 -4.861385
v  0.058904 1.423398 -5.000236
v  0.052338 1.437973 -4.983226
v  0.062868 1.520647 -5.026194
v  0.052226 1.470929 -5.005896
v  0.057339 1.444685 -5.020808
v  0.047356 1.414883 -4.919429
v  -0.250044 1.370057 -5.039768
v  -0.171781 1.403581 -5.054500
v  -0.270901 1.358078 -5.076237
v  -0.159920 1.397819 -5.035789
v  -0.267034 1.393019 -5.074321
v  -0.188961 1.389711 -5.022194
v  -0.224247 1.419353 -5.052622
v  -0.219485 1.385974 -5.024155
v  0.088920 1.434670 -4.984909
v  0.012329 1.438675 -5.024704
v  0.122730 1.433111 -5.012532
v  -0.001769 1.427965 -5.010194
v  0.106198 1.464163 -5.013917
v  0.022622 1.430042 -4.987952
v  0.051492 1.437626 -4.980300
v  0.052390 1.472080 -5.007850
v  -0.211557 1.254835 -4.780115
v  -0.210973 1.254451 -4.778806
v  0.017216 1.298292 -4.742834
v  0.016798 1.297948 -4.742253
v  0.640364 0.897586 -4.348132
v  0.544365 0.940524 -4.052711
v  0.222215 0.990943 -4.509603
v  0.197666 1.042547 -4.617558
v  0.306372 0.841926 -4.721087
v  0.345607 0.832090 -4.648006
v  0.766814 0.761451 -4.590448
v  0.303324 0.601914 -4.851658
v  0.326678 0.577368 -4.791083
v  0.790584 0.531446 -4.708781
v  0.276699 0.360322 -4.796222
v  0.253306 0.382163 -4.862027
v  0.699271 0.240774 -4.510317
v  0.644996 0.192424 -3.898313
v  0.708617 0.659141 -3.790955
v  0.695478 0.128671 -4.207329
v  0.974385 0.897217 -4.186835
v  1.091757 0.677663 -4.202141
v  1.102690 0.459927 -4.094161
v  0.889471 0.791360 -4.449727
v  1.015378 0.577771 -4.504927
v  0.972389 0.315518 -4.335122
v  0.711738 0.901301 -4.276437
v  0.840190 1.030770 -4.078794
v  1.036775 0.392091 -3.922145
v  0.898619 0.230907 -4.124772
v  0.721685 0.618849 -3.900139
v  0.640300 0.897343 -4.081533
v  0.818067 0.291762 -3.945308
v  0.968106 0.480725 -3.761039
v  0.838095 0.787030 -3.688109
v  0.789913 1.003829 -3.908619
v  1.271626 1.071734 -3.656465
v  1.349353 0.923627 -3.633426
v  1.349636 0.742126 -3.522568
v  1.143515 1.097121 -3.602253
v  1.308429 0.724747 -3.347460
v  1.159758 0.694687 -3.298651
v  1.052574 0.749649 -3.377970
v  1.031316 0.936000 -3.520595
v  1.069024 1.137716 -3.436684
v  1.177253 1.128716 -3.348295
v  1.264677 1.029113 -3.198532
v  0.957538 1.070818 -3.459797
v  1.211627 0.909166 -3.107018
v  1.053326 0.753136 -3.131742
v  0.897748 0.789350 -3.293496
v  0.887272 0.944773 -3.408273
v  0.682309 1.284727 -3.201611
v  0.772178 1.288724 -3.103072
v  0.842866 1.220140 -2.976016
v  0.608948 1.217666 -3.239256
v  0.823534 1.117183 -2.917956
v  0.722903 1.008901 -2.957470
v  0.608623 1.018025 -3.093908
v  0.574553 1.118647 -3.207569
v  0.220594 1.525827 -2.863468
v  0.257213 1.479744 -2.844620
v  0.285661 1.424815 -2.805189
v  0.197707 1.504151 -2.931597
v  0.292467 1.388369 -2.766365
v  0.263111 1.332901 -2.790147
v  0.192075 1.341666 -2.915848
v  0.167074 1.529181 -2.951052
v  0.555402 0.299068 -3.351643
v  0.705247 0.684679 -3.327157
v  0.559899 1.053173 -3.503005
v  0.501923 1.062586 -2.733135
v  0.507479 0.250262 -2.621381
v  0.651666 0.647519 -2.656377
v  0.137681 0.910900 -4.640359
v  0.275769 0.755267 -4.750277
v  0.196269 0.948115 -4.599466
v  0.293936 0.828151 -4.728278
v  0.270265 0.626590 -4.818579
v  0.300869 0.607920 -4.845100
v  0.180760 0.442400 -4.864176
v  0.224626 0.391496 -4.867746
v  0.138382 0.854836 -4.608638
v  0.245785 0.735471 -4.694786
v  0.245580 0.639839 -4.747614
v  0.173699 0.503642 -4.785739
v  0.629782 1.102423 -2.318775
v  0.751177 0.661546 -2.303688
v  0.550753 0.190307 -2.331051
v  0.754454 0.652917 -2.194172
v  0.655247 0.977691 -2.218662
v  0.493496 0.168157 -2.225301
v  0.566976 1.070474 -2.514234
v  0.693246 0.647013 -2.469202
v  0.542747 0.210300 -2.463988
v  -0.660595 0.884263 -4.274581
v  -0.569038 0.884989 -3.937384
v  -0.013227 1.238939 -4.001325
v  -0.238210 0.996134 -4.497392
v  -0.163255 1.006509 -4.575555
v  0.020599 1.214432 -4.153693
v  -0.313793 0.838214 -4.718480
v  -0.363459 0.833856 -4.637392
v  -0.781346 0.753064 -4.552567
v  -0.325784 0.596861 -4.827017
v  -0.387232 0.576291 -4.774347
v  -0.798222 0.522949 -4.685524
v  -0.318401 0.330755 -4.740356
v  -0.281934 0.362975 -4.821493
v  0.000146 0.349589 -4.819323
v  0.000750 0.322063 -4.739868
v  -0.690210 0.228931 -4.486989
v  0.002750 0.136677 -4.460102
v  -0.599301 0.126770 -3.892007
v  0.003455 0.072013 -3.861716
v  -0.699161 0.589357 -3.742535
v  -0.639046 0.076842 -4.187000
v  0.006091 0.054997 -4.205898
v  -0.959299 0.754382 -3.892469
v  -1.055250 0.531673 -3.951247
v  -1.023230 0.294535 -3.912936
v  -0.916182 0.745332 -4.233990
v  -1.029022 0.530747 -4.307335
v  -0.934987 0.244738 -4.226286
v  -0.729556 0.838555 -4.072478
v  -0.821723 0.874364 -3.778762
v  -0.913622 0.192184 -3.777976
v  -0.821670 0.126519 -4.052684
v  -0.675438 0.496425 -3.784639
v  -0.637469 0.801792 -3.901655
v  -0.741615 0.179626 -3.890237
v  -0.817403 0.247679 -3.611152
v  -0.744061 0.543401 -3.480012
v  -0.764489 0.806148 -3.618985
v  -1.191774 0.733807 -3.296151
v  -1.208099 0.575100 -3.305515
v  -1.130162 0.377447 -3.269582
v  -1.134461 0.771536 -3.287290
v  -0.971598 0.343575 -3.190469
v  -0.886508 0.344403 -3.243940
v  -1.001875 0.461474 -3.408871
v  -1.114570 0.645723 -3.380694
v  -1.113035 0.832614 -3.311366
v  -1.045196 0.784892 -3.214502
v  -0.905755 0.654366 -3.144235
v  -1.115683 0.807537 -3.422724
v  -0.798241 0.556710 -3.209608
v  -0.793868 0.467541 -3.400217
v  -0.937039 0.565672 -3.558930
v  -1.053631 0.714018 -3.519694
v  -0.840861 1.109564 -3.576215
v  -0.751147 1.078370 -3.482510
v  -0.629237 0.987020 -3.431159
v  -0.869697 1.075615 -3.672716
v  -0.566760 0.898555 -3.482301
v  -0.593784 0.836805 -3.619668
v  -0.719351 0.889716 -3.734524
v  -0.832197 0.996730 -3.738766
v  -0.481747 1.460118 -3.999784
v  -0.442457 1.453883 -3.886651
v  -0.350239 1.429152 -3.885149
v  -0.541451 1.428314 -3.986995
v  -0.328297 1.369044 -3.864045
v  -0.365865 1.307564 -3.908558
v  -0.492619 1.320732 -3.990190
v  -0.518433 1.350834 -4.047650
v  -0.544982 0.280683 -3.356042
v  -0.683404 0.668017 -3.320493
v  -0.002158 0.101443 -3.317970
v  -0.558740 1.035366 -3.492186
v  -0.007940 1.287336 -3.549243
v  -0.489931 1.109252 -2.832978
v  0.005450 1.333262 -2.834747
v  -0.020550 0.034103 -2.657593
v  -0.522742 0.271022 -2.744678
v  -0.668730 0.698445 -2.796210
v  -0.147247 0.908207 -4.640775
v  -0.004824 0.954611 -4.608996
v  -0.281216 0.750779 -4.750222
v  -0.156829 0.954803 -4.587185
v  -0.005603 1.047841 -4.470177
v  -0.300328 0.824220 -4.727499
v  -0.273632 0.622118 -4.818561
v  -0.303958 0.603047 -4.845040
v  -0.177733 0.451585 -4.857328
v  -0.224533 0.392390 -4.866508
v  0.002111 0.440737 -4.844577
v  0.000912 0.385225 -4.843871
v  0.014519 1.159976 -4.239674
v  -0.147408 0.851355 -4.609810
v  -0.005437 0.885868 -4.584208
v  -0.250906 0.731468 -4.694736
v  -0.248155 0.633457 -4.749690
v  -0.166546 0.502194 -4.787602
v  0.002898 0.491629 -4.785707
v  -0.492412 1.126830 -2.494689
v  0.008639 1.289525 -2.450080
v  -0.695886 0.722849 -2.518075
v  -0.568544 0.232074 -2.520600
v  -0.020285 -0.011848 -2.422414
v  -0.679532 0.653974 -2.437375
v  -0.561046 1.045675 -2.394447
v  -0.549887 0.269031 -2.427661
v  -0.007556 1.147140 -2.368337
v  -0.027212 0.049546 -2.324322
v  -0.475154 1.123766 -2.648322
v  0.011943 1.327353 -2.629287
v  -0.680727 0.713642 -2.653194
v  -0.553618 0.252976 -2.632719
v  -0.019534 -0.008621 -2.532123
v  -0.207476 1.504942 -2.772499
v  -0.067305 1.135527 -2.780478
v  -0.152909 1.542046 -2.833299
v  -0.013521 1.173830 -2.831669
v  -0.200149 1.415177 -2.765035
v  -0.167415 1.312067 -2.773754
v  -0.128656 1.202260 -2.781466
v  0.099686 1.403744 -2.925892
v  0.126583 1.361183 -2.922487
v  -0.137028 1.451601 -2.845359
v  -0.142049 1.339406 -2.851827
v  -0.064829 1.247300 -2.858288
v  -0.309271 1.521845 -2.924648
v  -0.223649 1.534330 -2.920419
v  -0.300108 1.436612 -2.943438
v  -0.205099 1.458944 -2.934549
v  -0.109416 1.563661 -3.116382
v  -0.099236 1.565525 -3.075767
v  -0.103319 1.522305 -3.119394
v  -0.089759 1.512441 -3.073946
v  -0.212977 1.540909 -2.963202
v  -0.278159 1.532685 -2.995340
v  -0.270190 1.456161 -3.007446
v  -0.196998 1.467982 -2.973030
v  -0.293273 1.527139 -2.962063
v  -0.202939 1.463747 -2.956383
v  -0.219939 1.537219 -2.943588
v  -0.285186 1.448202 -2.977812
v  -0.181853 1.532631 -2.861677
v  -0.248261 1.508660 -2.815763
v  -0.165574 1.454651 -2.871744
v  -0.247836 1.426208 -2.820451
v  -0.172311 1.554089 -3.019776
v  -0.191122 1.489821 -3.082021
v  -0.199759 1.549905 -3.073591
v  -0.157735 1.484703 -3.023914
v  -0.154316 1.558095 -3.031352
v  -0.169551 1.497251 -3.092126
v  -0.178105 1.554273 -3.085191
v  -0.140864 1.490395 -3.033887
v  -0.222523 1.545930 -3.062436
v  -0.173547 1.479607 -3.013637
v  -0.189001 1.550068 -3.008067
v  -0.213839 1.481866 -3.072182
v  -0.316196 1.389365 -2.904640
v  -0.241759 1.407307 -2.913505
v  -0.302057 1.318263 -2.920033
v  -0.220411 1.342872 -2.925236
v  -0.130916 1.444149 -3.114124
v  -0.120723 1.445853 -3.074480
v  -0.123936 1.403618 -3.117623
v  -0.109786 1.393943 -3.072804
v  -0.236515 1.414179 -2.961502
v  -0.297071 1.401395 -2.981746
v  -0.286884 1.333104 -2.990109
v  -0.215301 1.350581 -2.970022
v  -0.308638 1.396154 -2.946188
v  -0.217708 1.347214 -2.950416
v  -0.239735 1.410573 -2.939419
v  -0.296026 1.325601 -2.957272
v  -0.185903 1.420636 -2.866317
v  -0.239584 1.395096 -2.804445
v  -0.168535 1.345953 -2.873105
v  -0.223083 1.316524 -2.810521
v  -0.193492 1.430557 -3.019039
v  -0.210142 1.369483 -3.078933
v  -0.219535 1.427215 -3.069802
v  -0.177169 1.364805 -3.021068
v  -0.175112 1.435181 -3.031174
v  -0.188953 1.377246 -3.089494
v  -0.197715 1.432222 -3.081489
v  -0.159913 1.370852 -3.032437
v  -0.243119 1.422051 -3.057786
v  -0.194071 1.359586 -3.011152
v  -0.211111 1.425475 -3.007758
v  -0.233828 1.360157 -3.068694
v  -0.266814 1.268822 -2.921844
v  -0.200411 1.294094 -2.922636
v  -0.249675 1.199743 -2.933423
v  -0.171590 1.234815 -2.930593
v  -0.081021 1.339185 -3.102702
v  -0.075525 1.342519 -3.063663
v  -0.069320 1.301198 -3.104349
v  -0.059366 1.294165 -3.059841
v  -0.190794 1.300861 -2.967866
v  -0.242304 1.280550 -2.991135
v  -0.226556 1.219817 -2.997157
v  -0.163502 1.242054 -2.971830
v  -0.254691 1.274870 -2.958577
v  -0.167591 1.239055 -2.953773
v  -0.195336 1.297637 -2.947119
v  -0.238532 1.210943 -2.967744
v  -0.162453 1.310292 -2.866459
v  -0.205291 1.281606 -2.819370
v  -0.126924 1.243292 -2.879837
v  -0.187675 1.208605 -2.819860
v  -0.147987 1.320501 -3.017090
v  -0.151090 1.258376 -3.076178
v  -0.166816 1.313143 -3.068731
v  -0.124492 1.258825 -3.016994
v  -0.130117 1.327293 -3.027022
v  -0.130576 1.268505 -3.083876
v  -0.146437 1.320635 -3.078376
v  -0.107867 1.266561 -3.025741
v  -0.189113 1.305183 -3.059269
v  -0.140456 1.251952 -3.008873
v  -0.165140 1.313474 -3.008504
v  -0.173114 1.246869 -3.068594
v  -0.185610 1.176734 -2.936941
v  -0.130665 1.203542 -2.926344
v  -0.164056 1.127409 -2.945963
v  -0.104550 1.152541 -2.933258
v  -0.007635 1.255620 -3.048625
v  -0.008380 1.256700 -3.015604
v  0.004256 1.224884 -3.049581
v  0.006574 1.217111 -3.012693
v  -0.116699 1.211975 -2.960073
v  -0.159427 1.194642 -2.991416
v  -0.138584 1.144117 -2.994840
v  -0.092320 1.162493 -2.965204
v  -0.172217 1.185741 -2.965837
v  -0.098225 1.158450 -2.951283
v  -0.123379 1.207687 -2.944546
v  -0.151569 1.136660 -2.971843
v  -0.111431 1.208312 -2.878865
v  -0.164132 1.180575 -2.837803
v  -0.082680 1.149249 -2.881526
v  -0.139934 1.117442 -2.840698
v  -0.072794 1.234155 -2.988439
v  -0.063609 1.185009 -3.040118
v  -0.082180 1.229468 -3.036335
v  -0.049803 1.182410 -2.987854
v  -0.057071 1.240857 -2.993092
v  -0.046307 1.194230 -3.043442
v  -0.063634 1.237296 -3.040122
v  -0.035542 1.190153 -2.993013
v  -0.100809 1.221112 -3.031817
v  -0.064068 1.175517 -2.984876
v  -0.087598 1.227276 -2.984202
v  -0.082152 1.175625 -3.036406
v  -0.030846 1.557892 -2.785578
v  0.087878 1.239344 -2.801209
v  -0.100542 1.596783 -2.920068
v  0.071853 1.246775 -2.882636
v  -0.003608 1.294765 -2.922251
v  -0.066131 1.386953 -2.931872
v  -0.101495 1.493270 -2.896638
v  0.009310 1.465027 -2.757439
v  0.038168 1.378709 -2.772556
v  0.061852 1.295145 -2.773167
v  -0.043648 1.557684 -3.030676
v  -0.059202 1.476876 -2.970505
v  -0.199128 1.586080 -3.018622
v  -0.201361 1.522595 -2.987681
v  -0.166762 1.548823 -3.090903
v  -0.181077 1.486809 -3.034967
v  -0.311993 1.553905 -3.060495
v  -0.313367 1.507380 -3.038165
v  -0.301188 1.522757 -3.110726
v  -0.303435 1.476927 -3.078216
v  -0.346572 1.408452 -4.467350
v  -0.009938 1.496851 -4.281825
v  -0.366170 1.337045 -4.424911
v  -0.041509 1.429249 -4.243695
v  -0.268959 1.446057 -4.445234
v  -0.175371 1.471476 -4.398614
v  -0.068159 1.483776 -4.357206
v  -0.346192 1.318034 -4.083839
v  -0.269574 1.328121 -4.053360
v  -0.274867 1.345851 -4.394320
v  -0.176108 1.367446 -4.367848
v  -0.096342 1.395827 -4.294517
v  -0.296182 1.268296 -4.583164
v  -0.326580 1.286352 -4.506595
v  -0.213011 1.277188 -4.556741
v  -0.255655 1.298377 -4.474268
v  -0.338900 1.151605 -4.340609
v  -0.350332 1.190767 -4.350212
v  -0.300151 1.162316 -4.328766
v  -0.301999 1.210163 -4.336120
v  -0.325258 1.247691 -4.485569
v  -0.296360 1.205112 -4.535527
v  -0.222680 1.217113 -4.513268
v  -0.257165 1.262945 -4.457386
v  -0.295740 1.234945 -4.558431
v  -0.255759 1.277954 -4.466877
v  -0.324912 1.265387 -4.496882
v  -0.218951 1.244234 -4.534698
v  -0.344608 1.313534 -4.461295
v  -0.329223 1.373502 -4.515232
v  -0.270404 1.326631 -4.433255
v  -0.250913 1.395924 -4.501962
v  -0.332950 1.211979 -4.438601
v  -0.255960 1.167425 -4.419222
v  -0.313044 1.155495 -4.438066
v  -0.269091 1.232270 -4.415168
v  -0.338799 1.208893 -4.418036
v  -0.266123 1.165507 -4.396514
v  -0.320023 1.153106 -4.414235
v  -0.276583 1.229947 -4.396664
v  -0.306071 1.156796 -4.462990
v  -0.262609 1.235329 -4.432510
v  -0.327536 1.215793 -4.457662
v  -0.244951 1.168556 -4.443027
v  -0.175908 1.363326 -4.579221
v  -0.196557 1.337418 -4.510269
v  -0.106609 1.374603 -4.555477
v  -0.135707 1.348511 -4.479912
v  -0.172961 1.143939 -4.406114
v  -0.189441 1.180855 -4.399489
v  -0.135124 1.154923 -4.393802
v  -0.143361 1.200762 -4.382251
v  -0.183766 1.289926 -4.511013
v  -0.157571 1.284197 -4.569291
v  -0.093307 1.301620 -4.549168
v  -0.124965 1.303767 -4.480669
v  -0.165992 1.321179 -4.576752
v  -0.129837 1.323404 -4.480075
v  -0.189234 1.311948 -4.511155
v  -0.098872 1.336733 -4.554094
v  -0.232321 1.353498 -4.452466
v  -0.231357 1.431922 -4.487871
v  -0.162234 1.369191 -4.423133
v  -0.159759 1.454859 -4.458834
v  -0.183132 1.235467 -4.474281
v  -0.103819 1.200158 -4.477871
v  -0.159154 1.188454 -4.495317
v  -0.123786 1.256945 -4.449537
v  -0.186181 1.223348 -4.455446
v  -0.110573 1.188271 -4.457039
v  -0.163102 1.176450 -4.473309
v  -0.128186 1.244942 -4.432183
v  -0.154844 1.201071 -4.519395
v  -0.119669 1.266963 -4.466485
v  -0.179513 1.246789 -4.492075
v  -0.095034 1.212606 -4.501381
v  -0.093189 1.333276 -4.500116
v  -0.118396 1.309897 -4.437091
v  -0.023616 1.334174 -4.481429
v  -0.059364 1.308988 -4.406819
v  -0.125021 1.110056 -4.361155
v  -0.136268 1.146226 -4.349724
v  -0.087774 1.113889 -4.347725
v  -0.090069 1.156616 -4.330444
v  -0.113902 1.263490 -4.441269
v  -0.088100 1.259574 -4.494840
v  -0.027932 1.263720 -4.476544
v  -0.056216 1.266159 -4.411540
v  -0.090379 1.295131 -4.498022
v  -0.057798 1.284861 -4.410319
v  -0.115906 1.284905 -4.439800
v  -0.026345 1.297019 -4.479912
v  -0.148221 1.365420 -4.390509
v  -0.131671 1.423326 -4.435873
v  -0.082709 1.372077 -4.353910
v  -0.062081 1.438328 -4.416177
v  -0.122277 1.207534 -4.412590
v  -0.049510 1.163127 -4.421461
v  -0.104284 1.162289 -4.438838
v  -0.062446 1.215611 -4.385944
v  -0.127405 1.193724 -4.396844
v  -0.058401 1.150266 -4.402989
v  -0.110173 1.148105 -4.420715
v  -0.068724 1.203043 -4.371255
v  -0.097757 1.176878 -4.459085
v  -0.056944 1.227171 -4.400030
v  -0.116661 1.219793 -4.427826
v  -0.039160 1.176614 -4.441492
v  -0.001980 1.386337 -4.449062
v  -0.031841 1.353149 -4.404623
v  0.046893 1.381545 -4.425259
v  0.017961 1.347647 -4.375992
v  -0.036848 1.177714 -4.381962
v  -0.049585 1.203574 -4.365803
v  -0.008076 1.179013 -4.365921
v  -0.013983 1.208684 -4.343312
v  -0.025809 1.317949 -4.416039
v  0.002315 1.325994 -4.463152
v  0.050161 1.326094 -4.436508
v  0.021691 1.314263 -4.387763
v  0.000713 1.355468 -4.456720
v  0.019983 1.329208 -4.383476
v  -0.027888 1.334608 -4.411433
v  0.048214 1.353363 -4.432008
v  -0.057236 1.399622 -4.356050
v  -0.033735 1.459524 -4.393825
v  -0.002400 1.401251 -4.322477
v  0.026041 1.462810 -4.362405
v  -0.036575 1.267050 -4.400467
v  0.027447 1.235597 -4.408698
v  -0.014961 1.236396 -4.431861
v  0.010958 1.269334 -4.369760
v  -0.041634 1.252806 -4.391140
v  0.019580 1.220708 -4.398029
v  -0.021428 1.220801 -4.420033
v  0.005203 1.255175 -4.362240
v  -0.008256 1.252826 -4.443264
v  0.016761 1.281428 -4.378713
v  -0.031245 1.280444 -4.409176
v  0.035409 1.251661 -4.420241
v  -0.421330 1.446037 -4.294590
v  -0.121292 1.494103 -4.120822
v  -0.430386 1.323626 -4.355045
v  -0.117793 1.406286 -4.117885
v  -0.142560 1.340510 -4.190781
v  -0.216619 1.295907 -4.254664
v  -0.319951 1.293151 -4.316486
v  -0.348307 1.475362 -4.267317
v  -0.267290 1.492651 -4.220665
v  -0.181112 1.513877 -4.168712
v  -0.465190 1.233196 -4.296018
v  -0.364700 1.227522 -4.276602
v  -0.411564 1.249936 -4.445340
v  -0.349686 1.239949 -4.413146
v  -0.435866 1.170229 -4.419653
v  -0.356083 1.181206 -4.392838
v  -0.357116 1.192573 -4.541736
v  -0.311697 1.184201 -4.519341
v  -0.366336 1.134025 -4.531243
v  -0.315738 1.134292 -4.507678
v  -0.521821 1.018166 1.444266
v  -0.901726 1.013956 1.445642
v  -0.542815 0.701180 1.300879
v  -0.897619 0.686625 1.301013
v  -0.678754 1.049932 1.369960
v  -0.711624 0.770022 1.280543
v  -0.590479 0.895576 -0.099548
v  -0.759810 0.826994 -0.152935
v  -0.418167 0.828868 -0.113326
v  -0.958309 0.469515 1.378310
v  -0.844675 0.125060 1.376759
v  -0.817940 0.651805 -0.216953
v  -0.736365 0.481893 -0.277034
v  -0.502639 0.407422 1.397728
v  -0.348839 0.642202 -0.173972
v  -0.697910 0.021146 1.384356
v  -0.569021 0.394984 -0.291093
v  -0.568765 0.114837 1.383419
v  -0.413464 0.459504 -0.253472
v  -0.700463 0.932643 -0.612009
v  -0.518990 1.023909 -0.592801
v  -0.349584 0.945100 -0.556252
v  -0.742959 0.879369 -0.340362
v  -0.571438 0.955717 -0.323710
v  -0.402543 0.882835 -0.331038
v  -0.709955 0.527474 -0.562471
v  -0.549241 0.426698 -0.528306
v  -0.373869 0.497757 -0.526186
v  -0.732423 0.522016 -0.391846
v  -0.564991 0.429416 -0.400212
v  -0.406083 0.492435 -0.386775
v  -0.799118 0.701423 -0.368933
v  -0.773454 0.725883 -0.602801
v  -0.337151 0.685615 -0.354469
v  -0.295398 0.724509 -0.533178
v  -0.198000 1.097098 -1.638486
v  -0.454006 1.136373 -1.676906
v  -0.732678 0.989163 -1.722812
v  -0.831097 0.685210 -1.729827
v  -0.091077 0.785819 -1.582009
v  -0.696166 0.368270 -1.702215
v  -0.435452 0.204593 -1.614581
v  -0.186494 0.315707 -1.586474
v  -0.188734 1.111912 -1.981182
v  -0.168145 1.119837 -2.224694
v  -0.651928 0.923654 -2.298320
v  -0.722928 0.666814 -2.298658
v  -0.589009 0.360158 -2.259656
v  -0.702435 0.915040 -2.066422
v  -0.786684 0.668912 -2.059361
v  -0.628860 0.324676 -2.004597
v  -0.457947 1.082924 -2.035282
v  -0.135044 1.127421 -2.444084
v  -0.385918 1.065646 -2.255657
v  -0.289828 1.084335 -2.448732
v  -0.535334 0.940239 -2.457942
v  -0.646157 0.660938 -2.466571
v  -0.538290 0.398381 -2.466585
v  -0.399418 0.126040 -1.956385
v  -0.356274 0.135031 -2.252644
v  -0.302050 0.211964 -2.458824
v  -0.163001 0.075215 -2.225270
v  -0.134028 0.081624 -2.451793
v  -0.173705 0.103109 -1.940583
v  -0.954751 1.004865 1.542147
v  -0.924713 0.431091 1.532008
v  -0.969128 1.022631 1.614030
v  -0.476550 0.979396 1.565348
v  -0.467869 1.024257 1.663846
v  -0.514621 0.351637 1.549073
v  -0.518304 1.185614 1.475997
v  -0.673012 1.280105 1.424329
v  -0.877109 1.196039 1.473540
v  -0.560631 1.163864 1.407827
v  -0.677575 1.206732 1.383635
v  -0.845640 1.145062 1.417315
v  -0.512358 1.258868 1.589613
v  -0.689496 1.321560 1.542436
v  -0.891380 1.250374 1.557089
v  -0.858479 0.090415 1.486019
v  -0.685696 0.009970 1.496351
v  -0.544155 0.089479 1.511351
v  -0.718498 1.023448 1.638938
v  -0.719668 0.390096 1.541090
v  0.521822 1.018166 1.444266
v  0.901726 1.013956 1.445642
v  0.542815 0.701180 1.300879
v  0.897619 0.686625 1.301013
v  0.678754 1.049932 1.369960
v  0.711623 0.770022 1.280543
v  -0.526528 0.135341 1.174999
v  -0.689215 0.024391 1.161857
v  -0.445713 0.410366 1.191243
v  0.590480 0.895576 -0.099548
v  0.759811 0.826994 -0.152936
v  0.418168 0.828868 -0.113326
v  0.958309 0.469515 1.378309
v  -0.903687 0.101969 1.168752
v  0.844674 0.125060 1.376759
v  -0.985309 0.412544 1.157169
v  0.817940 0.651805 -0.216953
v  0.736365 0.481893 -0.277034
v  0.502639 0.407422 1.397728
v  -0.896486 0.643556 1.133416
v  0.348840 0.642202 -0.173973
v  0.697910 0.021146 1.384356
v  -0.693848 0.733364 1.135868
v  0.569021 0.394984 -0.291093
v  0.568765 0.114837 1.383419
v  -0.505711 0.655819 1.156343
v  0.413465 0.459504 -0.253472
v  0.700464 0.932643 -0.612009
v  0.518990 1.023909 -0.592801
v  0.349584 0.945100 -0.556252
v  0.742960 0.879369 -0.340362
v  0.571439 0.955717 -0.323710
v  0.402544 0.882835 -0.331038
v  0.709956 0.527474 -0.562471
v  0.549242 0.426698 -0.528306
v  0.373870 0.497757 -0.526186
v  0.732423 0.522016 -0.391846
v  0.564991 0.429416 -0.400212
v  0.406083 0.492435 -0.386775
v  0.799118 0.701423 -0.368933
v  0.773455 0.725883 -0.602801
v  0.337152 0.685615 -0.354469
v  0.295398 0.724509 -0.533178
v  0.198600 1.095309 -1.637952
v  0.456853 1.130014 -1.674977
v  0.730271 0.982866 -1.719802
v  0.825855 0.683168 -1.727243
v  0.090938 0.785922 -1.581982
v  -0.000002 1.101545 -1.715086
v  -0.000001 0.777698 -1.625743
v  0.693175 0.367102 -1.700761
v  0.434388 0.204347 -1.614081
v  0.186434 0.315703 -1.586449
v  0.000035 0.311892 -1.623714
v  0.193779 1.098997 -1.978171
v  0.000739 1.150430 -1.972925
v  0.168266 1.119694 -2.224741
v  0.000346 1.148005 -2.206451
v  0.654108 0.919343 -2.295340
v  0.721343 0.666301 -2.299576
v  0.583277 0.357584 -2.258445
v  0.696575 0.902395 -2.060590
v  0.771333 0.657430 -2.050588
v  0.612187 0.321078 -1.999417
v  0.468185 1.062031 -2.027922
v  0.166525 1.103900 -2.444126
v  0.001362 1.130074 -2.443805
v  0.417694 1.034943 -2.242003
v  0.342043 1.050375 -2.448710
v  0.539862 0.893071 -2.458004
v  0.615865 0.652030 -2.467937
v  0.504042 0.389946 -2.465626
v  -0.000662 0.140759 -2.227455
v  -0.001698 0.096971 -2.451236
v  0.388260 0.119055 -1.951017
v  0.350062 0.134224 -2.250282
v  0.296147 0.211467 -2.459409
v  -0.000045 0.116906 -1.949700
v  0.161602 0.074977 -2.224990
v  0.129092 0.081800 -2.450271
v  0.172394 0.102914 -1.940071
v  0.954752 1.004865 1.542147
v  0.924713 0.431090 1.532008
v  0.969128 1.022631 1.614030
v  0.476550 0.979396 1.565348
v  0.467869 1.024257 1.663846
v  0.514621 0.351637 1.549073
v  0.518304 1.185614 1.475997
v  0.673012 1.280105 1.424329
v  0.877109 1.196039 1.473540
v  0.560631 1.163864 1.407827
v  0.677575 1.206732 1.383635
v  0.845641 1.145061 1.417315
v  0.512358 1.258868 1.589613
v  0.689497 1.321560 1.542436
v  0.891380 1.250374 1.557089
v  0.858478 0.090415 1.486019
v  0.685696 0.009970 1.496351
v  0.544154 0.089479 1.511351
v  0.718499 1.023448 1.638938
v  0.719668 0.390096 1.541090
v  0.520609 1.051505 -3.078471
v  -0.002191 1.306608 -3.150490
v  -0.011787 0.098913 -2.919976
v  0.502218 0.316573 -2.920610
v  0.650218 0.663697 -2.978148
v  -0.510994 1.051530 -3.107559
v  -0.506052 0.305273 -2.970239
v  -0.643567 0.671033 -3.028620
v  0.269130 1.082767 -4.100418
v  0.434009 0.936548 -4.409254
v  0.557515 0.782790 -4.634964
v  0.584855 0.552819 -4.736078
v  0.493810 0.310222 -4.632881
v  0.001377 0.231573 -4.598205
v  0.281361 1.208022 -3.554676
v  0.251839 1.259753 -2.794724
v  0.234222 1.228556 -2.389076
v  0.202956 1.105959 -2.296665
v  0.255473 1.252651 -2.576747
v  -0.302041 1.076014 -4.028926
v  -0.454560 0.939573 -4.369566
v  -0.571712 0.782190 -4.613156
v  -0.591981 0.548592 -4.725183
v  -0.496077 0.311896 -4.621519
v  -0.290941 1.199253 -3.546907
v  -0.236592 1.283440 -2.844862
v  -0.214472 1.248000 -2.461511
v  -0.217894 1.134798 -2.375875
v  -0.229671 1.284064 -2.644137
v  -0.250711 1.240680 -3.148053
v  0.252513 1.242133 -3.134218
v  -0.140785 0.356098 -4.822905
v  -0.158757 0.326167 -4.743849
v  -0.355741 0.155582 -4.503669
v  -0.308521 0.064628 -3.912507
v  -0.325128 0.041541 -4.242609
v  -0.284968 0.149220 -3.334928
v  -0.284365 0.090887 -2.694680
v  -0.087727 0.446094 -4.851600
v  -0.111688 0.388683 -4.856429
v  -0.081747 0.496896 -4.787296
v  -0.305812 0.062965 -2.474658
v  -0.291840 0.066922 -2.372914
v  -0.303111 0.053677 -2.581334
v  -0.267908 0.152965 -2.938501
v  -0.259215 0.250324 -4.619885
v  0.126573 0.365572 -4.842098
v  0.138493 0.340725 -4.770015
v  0.363438 0.155905 -4.503864
v  0.338966 0.088840 -3.902498
v  0.359639 0.054627 -4.230452
v  0.288098 0.157743 -3.329584
v  0.255301 0.087938 -2.627076
v  0.091344 0.441665 -4.854799
v  0.112640 0.388263 -4.856711
v  0.088219 0.497564 -4.786307
v  0.268222 0.041383 -2.378238
v  0.205952 0.054277 -2.276941
v  0.273896 0.041074 -2.492456
v  0.254070 0.159665 -2.910137
v  0.250856 0.255070 -4.631791
v  0.245033 1.053691 -1.049628
v  0.500069 1.139772 -1.083943
v  0.774714 1.014055 -1.130639
v  0.853786 0.753823 -1.160959
v  0.142162 0.802651 -1.030195
v  0.226090 0.481955 -1.047608
v  0.461471 0.354186 -1.056394
v  0.719492 0.475714 -1.129829
v  -0.245090 1.053691 -1.049631
v  -0.500151 1.139772 -1.083945
v  -0.774833 1.014053 -1.130674
v  -0.853784 0.753823 -1.160959
v  -0.142175 0.802651 -1.030195
v  -0.226057 0.481956 -1.047602
v  -0.461478 0.354187 -1.056394
v  -0.719492 0.475714 -1.129828
v  0.619373 0.794659 0.268257
v  0.863687 0.676659 0.241050
v  0.414730 0.722322 0.327820
v  0.925680 0.451949 0.227427
v  0.799334 0.282193 0.205336
v  0.359398 0.494319 0.301986
v  0.624947 0.224696 0.208189
v  0.459648 0.302098 0.243618
v  -0.619371 0.794659 0.268255
v  -0.863687 0.676659 0.241050
v  -0.414728 0.722322 0.327820
v  -0.925679 0.451949 0.227427
v  -0.799333 0.282193 0.205336
v  -0.359397 0.494318 0.301986
v  -0.624946 0.224696 0.208190
v  -0.459647 0.302098 0.243618
v  0.495906 0.650426 1.200761
v  0.699905 0.726532 1.177207
v  0.919871 0.637132 1.182932
v  0.998387 0.410365 1.229405
v  0.888914 0.086100 1.238619
v  0.438833 0.386320 1.264432
v  0.688604 -0.008122 1.243198
v  0.520734 0.101047 1.252256
v  -0.495906 0.650426 1.200761
v  -0.699905 0.726532 1.177207
v  -0.919870 0.637133 1.182932
v  -0.998387 0.410365 1.229405
v  -0.888914 0.086100 1.238620
v  -0.438832 0.386320 1.264432
v  -0.688604 -0.008122 1.243198
v  -0.520734 0.101047 1.252256
v  0.655114 0.718448 0.809365
v  0.904453 0.628184 0.791304
v  0.453894 0.631600 0.835775
v  0.985163 0.375245 0.783622
v  0.892363 0.138569 0.773235
v  0.398822 0.407910 0.839673
v  0.681007 0.064979 0.776222
v  0.484315 0.174317 0.813210
v  -0.655113 0.718448 0.809365
v  -0.904453 0.628184 0.791304
v  -0.453893 0.631600 0.835776
v  -0.985162 0.375245 0.783622
v  -0.892363 0.138569 0.773235
v  -0.398822 0.407910 0.839673
v  -0.681007 0.064979 0.776223
v  -0.484315 0.174317 0.813210
v  -0.999636 0.246285 -3.380908
v  -0.904470 0.292846 -3.339132
v  -1.063568 0.822268 -3.455877
v  -1.128122 0.778391 -3.537983
v  -0.970172 0.474385 -3.366311
v  -1.057627 0.684377 -3.401073
v  -1.151089 0.573265 -3.590420
v  -1.106099 0.333647 -3.549302
v  1.254410 0.575388 -3.610498
v  1.129720 0.615493 -3.514612
v  1.065162 1.092453 -3.832613
v  1.166589 1.038076 -3.919439
v  1.022313 0.770242 -3.536670
v  1.008798 0.967248 -3.706153
v  1.238685 0.832583 -3.914839
v  1.261245 0.614104 -3.803657
v  0.151584 1.451758 -5.032120
v  0.188246 1.445789 -5.068104
v  0.197448 1.531369 -5.237514
v  0.270070 1.534184 -5.334765
v  0.277778 1.569929 -5.395452
v  0.054999 1.774332 -5.489307
v  0.136198 1.721133 -5.456595
v  0.099496 1.435379 -5.017488
v  0.104833 1.449530 -5.008697
v  -0.297081 1.366234 -5.104731
v  -0.316325 1.349606 -5.149762
v  -0.303271 1.435914 -5.318616
v  -0.330137 1.419724 -5.434235
v  -0.331611 1.454613 -5.496631
v  -0.222399 1.649048 -5.515090
v  -0.249704 1.368815 -5.074002
v  -0.262168 1.379573 -5.068092
v  -0.268489 1.374477 -5.074968
v  0.114332 1.447450 -5.013013
v  -0.305282 1.272114 -5.031765
v  0.172703 1.360355 -4.956480
v  -0.048295 1.480300 -4.983383
v  0.028117 0.557837 -5.015749
v  -0.175731 1.540637 -5.052173
v  -0.035378 1.567707 -5.029059
v  0.274403 1.440183 -5.304751
v  -0.120389 1.528946 -4.999413
v  -0.158996 1.438376 -4.795966
v  -0.145062 1.366812 -4.818645
v  -0.144396 1.347776 -4.762321
v  -0.134299 1.318624 -4.738107
v  -0.093647 1.529187 -4.996930
v  -0.090192 1.451491 -4.784831
v  -0.069900 1.381140 -4.806482
v  -0.080816 1.359895 -4.752031
v  -0.086641 1.327709 -4.730394
v  -0.128505 1.498664 -4.829521
v  -0.093938 1.486024 -4.830222
v  -0.154014 1.474871 -4.840796
v  -0.184648 1.384431 -4.884649
v  -0.018702 1.412894 -4.859253
v  -0.194643 1.291612 -4.786539
v  -0.203712 1.300937 -4.838098
v  -0.183633 1.279433 -4.765201
v  -0.008954 1.327008 -4.756487
v  0.011411 1.341945 -4.803282
v  -0.249793 1.321873 -4.939654
v  -0.020798 1.310474 -4.738849
v  -0.178102 1.341909 -4.820149
v  -0.031999 1.369091 -4.794671
v  -0.165249 1.359133 -4.835033
v  -0.050590 1.381908 -4.813396
v  -0.153348 1.416224 -4.802711
v  -0.124954 1.433498 -4.774703
v  -0.085230 1.429451 -4.791607
v  -0.085231 1.429451 -4.791606
v  -0.062538 1.413864 -4.804455
v  -0.163857 1.399207 -4.818466
v  -0.101182 1.415968 -4.785871
v  -0.059207 1.370138 -4.785959
v  -0.137118 1.408815 -4.794239
v  -0.088324 1.371459 -4.776122
v  -0.094273 1.380411 -4.795869
v  -0.126429 1.374302 -4.800995
v  -0.134322 1.362972 -4.783994
v  -0.164530 1.441991 -4.875306
v  -0.126303 1.504789 -4.850340
v  -0.062823 1.461911 -4.859723
v  -0.062806 1.461893 -4.859683
v  -0.096484 1.493347 -4.852545
v  -0.148103 1.483161 -4.860009
v  1.729762 76.434074 11.150546
v  -0.038172 1.436400 -4.867399
v  -0.172148 1.417381 -4.887465
v  -0.132205 1.564891 -5.039342
v  -0.087415 1.574074 -5.031703
v  -0.106070 1.598835 -5.076738
v  -0.093821 1.543301 -5.017431
v  -0.107590 1.547986 -5.016848
v  -0.118287 1.540360 -5.020749
v  -0.020208 1.227540 -4.581304
v  -0.121525 1.231687 -4.558199
v  -0.039064 1.600165 -5.074855
v  0.047888 1.588556 -5.080996
v  0.153286 1.153598 -4.767759
v  0.071148 1.163388 -4.672973
v  -0.202388 1.192811 -4.610792
v  0.223986 1.427859 -5.144232
v  -0.324719 1.322635 -5.233917
v  -0.272100 1.072496 -4.836596
v  -0.231821 1.106767 -4.720534
v  -0.234237 1.535358 -5.128177
v  -0.297708 1.184027 -5.167981
v  -0.312022 1.385431 -5.233154
v  0.192409 1.481882 -5.151329
v  -0.304180 1.456293 -5.202947
v  0.236778 1.285914 -5.081481
v  -0.293832 1.098704 -5.053276
v  0.163434 1.544659 -5.127082
v  -0.162956 1.577040 -5.095229
v  0.229044 1.198359 -4.968662
v  0.198299 1.259406 -4.920393
v  0.078457 1.325791 -4.812790
v  -0.254162 1.262374 -4.866610
v  -0.226467 1.315634 -4.884504
v  0.040374 1.366490 -4.841321
v  -0.185593 1.370680 -4.878707
v  -0.016865 1.402080 -4.852047
v  -0.205859 1.340588 -4.883157
v  0.012815 1.382265 -4.847768
v  -0.262360 1.349671 -5.035207
v  -0.171605 1.449662 -5.045408
v  -0.222083 1.378817 -5.007640
v  -0.281139 1.335242 -5.094509
v  -0.153754 1.411224 -5.026359
v  -0.285749 1.409530 -5.094095
v  -0.186134 1.390160 -5.001484
v  -0.234784 1.436951 -5.071296
v  -0.281323 1.364295 -5.097323
v  0.105713 1.419832 -4.975636
v  -0.006990 1.480172 -5.019201
v  0.051321 1.430932 -4.963392
v  0.145524 1.416572 -5.025457
v  -0.018105 1.439158 -5.002552
v  0.122811 1.487409 -5.027974
v  0.013693 1.428111 -4.969212
v  0.061219 1.492851 -5.023671
v  0.136119 1.443867 -5.029764
v  -0.147119 1.462860 -4.998864
v  -0.120971 1.414705 -4.777183
v  -0.156275 1.352256 -4.802505
v  -0.132321 1.481276 -4.785463
v  -0.051141 1.438191 -4.821739
v  -0.177436 1.414117 -4.842178
v  -0.160397 1.457983 -4.805346
v  -0.093114 1.470852 -4.794419
v  -0.027519 1.301005 -4.717035
v  -0.021445 1.276057 -4.701859
v  0.012499 1.243081 -4.647096
v  0.030495 1.140010 -4.621878
v  -0.180963 1.271762 -4.741870
v  -0.182020 1.245468 -4.727832
v  -0.216787 1.199373 -4.684202
v  -0.202719 1.096385 -4.658329
v  -0.186085 1.280245 -4.764122
v  -0.019268 1.312033 -4.737138
v  -0.222444 1.150326 -4.664483
v  0.029810 1.197958 -4.624357
v  -0.104916 1.162594 -4.573458
v  0.181994 1.626460 -5.268038
v  0.093348 1.639892 -5.226043
v  0.177085 0.569939 -5.014277
v  0.251492 0.710351 -4.992338
v  0.131345 0.907723 -4.755970
v  0.208492 0.856361 -4.835569
v  0.248063 0.800219 -4.935679
v  -0.116495 0.546135 -5.035406
v  -0.212626 0.662283 -5.031682
v  -0.165619 0.887013 -4.772110
v  -0.227048 0.814952 -4.869149
v  -0.236584 0.748171 -4.978349
v  0.156722 0.842346 -4.648867
v  0.239687 0.735199 -4.745648
v  0.256959 0.624369 -4.808011
v  -0.008428 0.878511 -4.588418
v  0.245172 0.549185 -4.832589
v  0.158205 0.469997 -4.848263
v  0.008192 0.473966 -4.842362
v  -0.170955 0.833067 -4.654677
v  -0.245195 0.718901 -4.756596
v  -0.250666 0.605271 -4.821285
v  -0.231277 0.531183 -4.845092
v  -0.137876 0.459040 -4.855562
v  -0.510930 0.691399 1.248172
v  -0.705780 0.766778 1.225051
v  -0.917068 0.676449 1.239014
v  -0.988156 0.445374 1.303444
v  -0.869400 0.097098 1.306669
v  -0.459275 0.399130 1.332991
v  -0.692297 -0.008204 1.315067
v  -0.535957 0.096742 1.319559
v  0.510930 0.691399 1.248172
v  0.705781 0.766778 1.225051
v  0.917068 0.676448 1.239014
v  0.988157 0.445374 1.303444
v  0.869400 0.097098 1.306668
v  0.459275 0.399130 1.332991
v  0.692297 -0.008204 1.315067
v  0.535957 0.096742 1.319559
v  0.505711 0.655819 1.156343
v  0.693848 0.733364 1.135868
v  0.896486 0.643556 1.133416
v  0.985309 0.412544 1.157168
v  0.903687 0.101969 1.168751
v  0.445713 0.410366 1.191243
v  0.689215 0.024391 1.161856
v  0.526528 0.135341 1.174999
v  0.956753 0.724391 1.460489
v  0.947415 0.698808 1.574926
v  0.489567 0.685677 1.478895
v  0.491834 0.658567 1.609136
v  0.719624 0.678010 1.593035
v  -0.956753 0.724391 1.460489
v  -0.947414 0.698808 1.574926
v  -0.489567 0.685677 1.478895
v  -0.491833 0.658567 1.609136
v  -0.719623 0.678010 1.593035
v  -0.898980 0.787360 1.347723
v  -0.539129 0.772518 1.334221
v  -0.707973 0.808706 1.295181
v  0.538874 0.776899 1.336299
v  0.707448 0.814241 1.297290
v  0.899040 0.790936 1.349399
v  0.320033 1.197849 -5.200864
v  -0.305414 1.087764 -5.306569
v  0.251407 1.112770 -4.983375
v  0.358305 1.109609 -5.199666
v  0.314863 1.083037 -5.087200
v  0.270403 1.087841 -5.012841
v  0.363334 1.154169 -5.272972
v  0.337703 1.150049 -5.283375
v  -0.095604 1.557646 -5.630395
v  -0.033054 1.837101 -5.327430
v  0.079241 1.590045 -5.600358
v  0.142771 1.910208 -5.360629
v  -0.282007 1.013607 -5.067479
v  -0.308295 0.983863 -5.306419
v  -0.298385 0.969734 -5.183280
v  -0.281898 0.985573 -5.099577
v  -0.303760 1.027001 -5.380943
v  -0.276500 1.032967 -5.382780
v  -0.085004 1.711101 -5.502320
v  0.097853 1.746255 -5.472043
v  -0.022188 1.853707 -5.396617
v  -0.287681 1.118256 -4.918995
v  -0.274085 1.050146 -4.952565
v  0.198359 1.140195 -4.876110
v  0.175790 1.206504 -4.844075
v  0.150141 1.262169 -4.839044
v  -0.286204 1.180909 -4.908109
v  -0.273700 1.047739 -5.398857
v  0.334650 1.164130 -5.299823
v  0.132708 1.885560 -5.310225
v  -0.020154 1.661684 -5.212756
v  -0.068840 1.677775 -5.195117
v  -0.117817 1.642290 -5.230087
v  0.285082 1.285269 -5.183756
v  -0.246787 1.544504 -5.353321
v  -0.320598 1.326274 -5.400357
v  -0.308961 1.172131 -5.279944
v  -0.320628 1.425549 -5.376162
v  0.235165 1.531532 -5.285753
v  0.302739 1.182068 -5.153916
v  -0.297686 1.072183 -5.253330
v  0.105437 1.706065 -5.230583
v  -0.161925 1.681059 -5.267711
v  0.019494 1.735271 -5.225158
v  -0.029035 1.751057 -5.222205
v  -0.097383 1.715763 -5.245124
v  0.125086 1.348082 -4.881175
v  0.175818 1.281870 -4.901917
v  -0.280637 1.271428 -4.940356
v  -0.296954 1.192977 -4.977418
v  0.078501 1.386003 -4.891942
v  0.056404 1.376889 -4.859496
v  -0.238516 1.321100 -4.907145
v  -0.141919 1.490415 -4.948720
v  0.005286 1.423776 -4.935118
v  -0.132250 1.517202 -4.944397
v  -0.097433 1.504793 -4.875697
v  -0.154309 1.458748 -4.953700
v  -0.077037 1.502401 -4.938384
v  -0.116369 1.531833 -4.943572
v  -0.053603 1.478281 -4.938306
v  -0.096910 1.523203 -4.938298
v  -0.043695 1.450569 -4.890789
v  -0.187677 1.387255 -4.963997
v  -0.006259 1.419059 -4.897784
v  -0.157939 1.458615 -4.896022
v  -0.123828 1.514983 -4.877639
v  -0.166931 1.429232 -4.906815
v  -0.186464 1.385952 -4.921807
v  0.039967 1.403367 -4.893293
v  -0.068405 1.476777 -4.883143
v  -0.144060 1.494707 -4.883223
v  -0.218698 1.354513 -4.930412
# 1398 vertices

vt 0.049051 0.670894 0.000000
vt 0.760151 0.784942 0.000000
vt 0.086633 0.307734 0.000000
vt 0.339297 1.954816 0.000000
vt 0.062895 1.718500 0.000000
vt 0.663522 1.693498 0.000000
vt 0.431951 0.383787 0.000000
vt 0.381690 1.399962 0.000000
vt 0.413454 1.175248 0.000000
vt 0.301308 0.154222 0.000000
vt 0.360615 0.268255 0.000000
vt 0.243108 0.652347 0.000000
vt 0.656363 0.025867 0.000000
vt 0.103072 0.709791 0.000000
vt 0.442313 0.921346 0.000000
vt 0.417901 1.821094 0.000000
vt 0.068493 1.184614 0.000000
vt 0.964283 1.924906 0.000000
vt 0.733673 0.409890 0.000000
vt 0.840296 0.923769 0.000000
vt 0.206531 0.299045 0.000000
vt 0.089586 1.638982 0.000000
vt 0.390144 0.330054 0.000000
vt 0.381070 1.170100 0.000000
vt 0.096794 1.720229 0.000000
vt 0.210013 0.457136 0.000000
vt 0.360321 0.276935 0.000000
vt 0.419945 0.888686 0.000000
vt 0.383643 1.306638 0.000000
vt 0.206531 1.299045 0.000000
vt 0.743541 0.899773 0.000000
vt 0.471313 1.164233 0.000000
vt 0.084395 1.613300 0.000000
vt 0.459227 1.339207 0.000000
vt 0.533614 0.222450 0.000000
vt 0.413915 0.415627 0.000000
vt 0.083384 0.961675 0.000000
vt 0.397568 1.164411 0.000000
vt 0.369202 1.412271 0.000000
vt 0.094152 0.528172 0.000000
vt 0.369735 0.389826 0.000000
vt 0.079254 0.860860 0.000000
vt 0.126284 0.930548 0.000000
vt 0.374009 0.248691 0.000000
vt 0.125541 1.213092 0.000000
vt 0.593866 0.908692 0.000000
vt 0.389387 1.412649 0.000000
vt 0.075154 1.624997 0.000000
vt 0.882038 1.966465 0.000000
vt 0.556172 0.199814 0.000000
vt 0.386747 0.437016 0.000000
vt 0.493384 1.161725 0.000000
vt 0.032626 1.024375 0.000000
vt 0.437700 1.180272 0.000000
vt 0.089126 1.730006 0.000000
vt 0.399886 1.386472 0.000000
vt 0.359677 0.383062 0.000000
vt 0.259577 0.784702 0.000000
vt 0.382396 0.282976 0.000000
vt 0.262748 1.023847 0.000000
vt 0.111391 0.381813 0.000000
vt 0.127787 0.422182 0.000000
vt 0.200162 1.213378 0.000000
vt 0.944009 1.907200 0.000000
vt 0.564617 0.819203 0.000000
vt 0.848804 0.796136 0.000000
vt 0.177578 1.118349 0.000000
vt 0.622161 0.967000 0.000000
vt 0.683495 0.300866 0.000000
vt 0.473763 1.141582 0.000000
vt 0.448602 0.288604 0.000000
vt 0.354283 1.903708 0.000000
vt 0.390959 1.172686 0.000000
vt 0.181706 0.373279 0.000000
vt 0.414496 0.267030 0.000000
vt 0.128506 0.606467 0.000000
vt 0.210040 0.411062 0.000000
vt 0.564617 1.819203 0.000000
vt 0.848804 1.796136 0.000000
vt 0.091563 1.241289 0.000000
vt 0.189946 0.959816 0.000000
vt 0.705054 0.988035 0.000000
vt 0.622640 0.411858 0.000000
vt 0.624240 0.334652 0.000000
vt 0.531542 1.188032 0.000000
vt 0.393277 1.418207 0.000000
vt 0.920716 0.486578 0.000000
vt 0.537110 0.193988 0.000000
vt 0.244639 1.526288 0.000000
vt 0.075430 1.721749 0.000000
vt 0.112240 0.237173 0.000000
vt 0.413975 0.287606 0.000000
vt 0.054121 0.924626 0.000000
vt 0.374442 0.361908 0.000000
vt 0.147348 1.079508 0.000000
vt 0.064604 1.473725 0.000000
vt 0.612790 0.151205 0.000000
vt 0.978585 0.874325 0.000000
vt 0.110572 1.042531 0.000000
vt 0.063355 1.690450 0.000000
vt 0.465346 1.140496 0.000000
vt 0.366933 1.417614 0.000000
vt 0.636257 0.492446 0.000000
vt 0.392042 0.419284 0.000000
vt 0.532941 0.187441 0.000000
vt 0.378832 0.062660 0.000000
vt 0.092162 1.477292 0.000000
vt 0.302931 1.979940 0.000000
vt 0.064628 0.213901 0.000000
vt 0.511372 0.181299 0.000000
vt 0.089108 0.637878 0.000000
vt 0.414048 0.396862 0.000000
vt 0.112100 0.772701 0.000000
vt 0.040764 1.239413 0.000000
vt 0.661506 1.947711 0.000000
vt 0.270816 1.236400 0.000000
vt 0.662294 0.601697 0.000000
vt 0.595301 0.095024 0.000000
vt 0.091204 1.709320 0.000000
vt 0.389254 1.269325 0.000000
vt 0.075419 0.721746 0.000000
vt 0.537604 1.201513 0.000000
vt 0.836667 0.430509 0.000000
vt 0.376331 0.424456 0.000000
vt 0.491222 0.143766 0.000000
vt 0.180016 0.022748 0.000000
vt 0.324942 1.031083 0.000000
vt 0.105746 1.624013 0.000000
vt 0.033339 0.212543 0.000000
vt 0.884892 0.935471 0.000000
vt 0.082231 0.752379 0.000000
vt 0.260663 0.211134 0.000000
vt 0.052029 0.741818 0.000000
vt 0.104738 1.667328 0.000000
vt 0.532449 1.235011 0.000000
vt 0.424858 1.407926 0.000000
vt 0.557122 1.189137 0.000000
vt 0.880205 0.158104 0.000000
vt 0.473119 0.145610 0.000000
vt 0.265408 0.039515 0.000000
vt 0.031328 0.039556 0.000000
vt 0.438726 1.063210 0.000000
vt 0.090689 1.942639 0.000000
vt 0.643442 1.073279 0.000000
vt 0.180555 0.014463 0.000000
vt 0.469014 0.104682 0.000000
vt 0.905953 0.179518 0.000000
vt 0.090292 0.606266 0.000000
vt 0.120580 0.804225 0.000000
vt 0.102920 1.728722 0.000000
vt 0.698404 1.908387 0.000000
vt 0.942203 0.382964 0.000000
vt 0.111989 0.089162 0.000000
vt 0.103068 1.709797 0.000000
vt 0.086304 0.683919 0.000000
vt 0.090005 0.693833 0.000000
vt 0.389065 1.434864 0.000000
vt 0.553993 1.201590 0.000000
vt 0.693748 0.539025 0.000000
vt 0.472091 0.126533 0.000000
vt 0.356976 0.426442 0.000000
vt 0.465216 0.817766 0.000000
vt 0.311732 1.106303 0.000000
vt 0.114841 1.570867 0.000000
vt 0.200556 0.192753 0.000000
vt 0.939123 0.840909 0.000000
vt 0.056570 0.732940 0.000000
vt 0.056570 0.732940 0.000000
vt 0.064221 1.746081 0.000000
vt 0.947080 0.615379 0.000000
vt 0.524405 0.297200 0.000000
vt 0.472026 0.370396 0.000000
vt 0.202933 0.084289 0.000000
vt 0.057154 1.678972 0.000000
vt 0.089226 0.728695 0.000000
vt 0.037733 1.792753 0.000000
vt 0.381188 1.429059 0.000000
vt 0.545832 1.182660 0.000000
vt 0.648827 0.297325 0.000000
vt 0.480902 0.161065 0.000000
vt 0.050140 1.950093 0.000000
vt 0.481853 1.092747 0.000000
vt 0.199167 1.710697 0.000000
vt 0.685018 1.068966 0.000000
vt 0.925557 0.963527 0.000000
vt 0.073206 0.634767 0.000000
vt 0.073206 0.634767 0.000000
vt 0.058200 0.660782 0.000000
vt 0.046159 1.975560 0.000000
vt 0.163738 1.885217 0.000000
vt 0.791442 0.268798 0.000000
vt 0.096202 0.682998 0.000000
vt 0.165256 1.655957 0.000000
vt 0.367192 1.392092 0.000000
vt 0.370609 1.250255 0.000000
vt 0.875676 0.208951 0.000000
vt 0.438350 0.208908 0.000000
vt 0.061790 0.036582 0.000000
vt 0.229026 1.776124 0.000000
vt 0.085475 0.032157 0.000000
vt 0.908757 0.833609 0.000000
vt 0.358083 0.083903 0.000000
vt 0.179477 0.031033 0.000000
vt 0.795965 1.774746 0.000000
vt 0.048874 0.698461 0.000000
vt 0.050143 1.809933 0.000000
vt 0.385462 1.259363 0.000000
vt 0.291279 0.028317 0.000000
vt 0.378483 0.183461 0.000000
vt 0.361037 0.404633 0.000000
vt 0.554280 0.018165 0.000000
vt 0.058794 1.048055 0.000000
vt 0.079254 1.860860 0.000000
vt 0.126284 1.930548 0.000000
vt 0.859672 0.579452 0.000000
vt 0.790481 0.063249 0.000000
vt 0.080798 0.647262 0.000000
vt 0.064520 1.665102 0.000000
vt 0.663522 0.693498 0.000000
vt 0.874274 0.687409 0.000000
vt 0.834276 1.900813 0.000000
vt 0.256877 0.950785 0.000000
vt 0.189328 1.743744 0.000000
vt 0.380358 1.271886 0.000000
vt 0.287712 1.970105 0.000000
vt 0.307156 0.193908 0.000000
vt 0.461083 0.161988 0.000000
vt 0.401569 0.902974 0.000000
vt 0.382839 0.403569 0.000000
vt 0.386448 0.882490 0.000000
vt 0.687845 0.031991 0.000000
vt 0.341069 1.662959 0.000000
vt 0.866559 0.182758 0.000000
vt 0.043252 0.665247 0.000000
vt 0.910340 0.607742 0.000000
vt 0.492277 0.302510 0.000000
vt 0.062894 0.119202 0.000000
vt 0.643347 1.689801 0.000000
vt 0.152145 0.802812 0.000000
vt 0.046786 1.715038 0.000000
vt 0.404426 1.199103 0.000000
vt 0.280945 1.714307 0.000000
vt 0.252944 0.496235 0.000000
vt 0.383263 0.167852 0.000000
vt 0.106324 0.725687 0.000000
vt 0.398410 1.320111 0.000000
vt 0.255851 1.855595 0.000000
vt 0.901166 1.934180 0.000000
vt 0.863680 0.832745 0.000000
vt 0.561816 0.858764 0.000000
vt 0.937727 0.416955 0.000000
vt 0.059155 1.673285 0.000000
vt 0.727277 1.757394 0.000000
vt 0.293048 0.889677 0.000000
vt 0.137659 0.682590 0.000000
vt 0.356179 1.402408 0.000000
vt 0.076485 1.722023 0.000000
vt 0.355899 1.257728 0.000000
vt 0.408489 0.188345 0.000000
vt 0.255851 0.855595 0.000000
vt 0.279184 0.464318 0.000000
vt 0.079405 0.638933 0.000000
vt 0.409854 1.354504 0.000000
vt 0.490282 0.774160 0.000000
vt 0.065149 0.636674 0.000000
vt 0.607590 0.786319 0.000000
vt 0.059124 0.303297 0.000000
vt 0.074265 1.663249 0.000000
vt 0.124685 1.727088 0.000000
vt 0.687925 1.693801 0.000000
vt 0.460699 0.276127 0.000000
vt 0.062028 1.709970 0.000000
vt 0.374676 1.391526 0.000000
vt 0.390970 1.200288 0.000000
vt 0.343615 0.016185 0.000000
vt 0.347780 0.393918 0.000000
vt 0.300854 0.705554 0.000000
vt 0.364807 0.286044 0.000000
vt 0.116225 0.726442 0.000000
vt 0.456083 1.800626 0.000000
vt 0.136704 1.015527 0.000000
vt 0.422609 1.080429 0.000000
vt 0.102920 0.728722 0.000000
vt 0.059124 1.303297 0.000000
vt 0.662689 0.417277 0.000000
vt 0.755663 0.970902 0.000000
vt 0.089024 1.643293 0.000000
vt 0.379229 0.335562 0.000000
vt 0.132012 0.557147 0.000000
vt 0.412235 0.295589 0.000000
vt 0.046103 0.848787 0.000000
vt 0.318151 0.989776 0.000000
vt 0.372272 1.168364 0.000000
vt 0.089195 1.728690 0.000000
vt 0.351629 1.413684 0.000000
vt 0.357594 0.401082 0.000000
vt 0.444785 0.862768 0.000000
vt 0.357668 0.256728 0.000000
vt 0.110027 0.732209 0.000000
vt 0.170210 0.466055 0.000000
vt 0.314812 1.057305 0.000000
vt 0.176423 1.306528 0.000000
vt 0.745818 0.941878 0.000000
vt 0.100462 1.691508 0.000000
vt 0.388163 1.413712 0.000000
vt 0.054144 1.645371 0.000000
vt 0.493223 1.160045 0.000000
vt 0.550717 0.194149 0.000000
vt 0.460256 1.326799 0.000000
vt 0.189436 0.669202 0.000000
vt 0.048760 1.698087 0.000000
vt 0.387961 1.180969 0.000000
vt 0.204226 0.522872 0.000000
vt 0.385462 0.259363 0.000000
vt 0.208269 0.667295 0.000000
vt 0.028481 0.915905 0.000000
vt 0.093625 1.215274 0.000000
vt 0.764623 0.559720 0.000000
vt 0.484105 0.844950 0.000000
vt 0.558986 0.877700 0.000000
vt 0.875912 0.847885 0.000000
vt 0.476438 1.133860 0.000000
vt 0.064141 1.621301 0.000000
vt 0.927117 1.746511 0.000000
vt 0.549918 0.188275 0.000000
vt 0.045653 0.866213 0.000000
vt 0.134348 0.963913 0.000000
vt 0.203379 1.024854 0.000000
vt 0.438350 1.208908 0.000000
vt 0.091191 1.702213 0.000000
vt 0.093113 0.416370 0.000000
vt 0.367192 0.392092 0.000000
vt 0.229026 0.776124 0.000000
vt 0.370609 0.250255 0.000000
vt 0.084197 0.678865 0.000000
vt 0.081702 0.374178 0.000000
vt 0.031489 1.181838 0.000000
vt 0.917439 1.932890 0.000000
vt 0.256944 1.179912 0.000000
vt 0.739324 0.845170 0.000000
vt 0.262267 1.113849 0.000000
vt 0.031561 1.114879 0.000000
vt 0.039117 1.501300 0.000000
vt 0.640896 0.233651 0.000000
vt 0.052245 1.665511 0.000000
vt 0.490899 1.141939 0.000000
vt 0.374934 1.425732 0.000000
vt 0.398882 0.425843 0.000000
vt 0.543809 0.208770 0.000000
vt 0.386448 1.882490 0.000000
vt 0.094152 1.528172 0.000000
vt 0.304424 0.412974 0.000000
vt 0.409379 0.286029 0.000000
vt 0.066557 0.839492 0.000000
vt 0.372797 0.365676 0.000000
vt 0.605369 1.834819 0.000000
vt 0.067865 1.238814 0.000000
vt 0.174041 0.833345 0.000000
vt 0.183889 0.853829 0.000000
vt 0.035963 1.428777 0.000000
vt 0.605646 0.304471 0.000000
vt 0.611177 0.443466 0.000000
vt 0.407256 1.400726 0.000000
vt 0.504626 1.180737 0.000000
vt 0.901166 0.934180 0.000000
vt 0.390807 0.420361 0.000000
vt 0.534344 0.186859 0.000000
vt 0.280191 1.498228 0.000000
vt 0.100137 1.732653 0.000000
vt 0.221868 0.190427 0.000000
vt 0.451682 0.213384 0.000000
vt 0.090689 0.942639 0.000000
vt 0.177989 1.082976 0.000000
vt 0.057374 1.501271 0.000000
vt 0.701462 0.206709 0.000000
vt 0.925574 0.724454 0.000000
vt 0.141071 1.029776 0.000000
vt 0.494756 1.207811 0.000000
vt 0.052596 1.742016 0.000000
vt 0.480866 1.142486 0.000000
vt 0.675215 0.531365 0.000000
vt 0.514301 0.202705 0.000000
vt 0.354578 0.078611 0.000000
vt 0.065161 1.530000 0.000000
vt 0.120580 1.804225 0.000000
vt 0.224512 0.242182 0.000000
vt 0.442629 0.177316 0.000000
vt 0.097632 0.653113 0.000000
vt 0.403471 0.381931 0.000000
vt 0.050384 1.367781 0.000000
vt 0.703242 1.948995 0.000000
vt 0.057033 1.410547 0.000000
vt 0.880407 0.974412 0.000000
vt 0.644488 0.506695 0.000000
vt 0.116217 1.726442 0.000000
vt 0.386770 1.282061 0.000000
vt 0.362732 1.380374 0.000000
vt 0.107764 0.725797 0.000000
vt 0.170431 1.684064 0.000000
vt 0.515884 1.188717 0.000000
vt 0.405220 1.406038 0.000000
vt 0.591563 0.109409 0.000000
vt 0.652420 0.591749 0.000000
vt 0.473421 0.143568 0.000000
vt 0.225555 0.022395 0.000000
vt 0.379145 1.063109 0.000000
vt 0.342913 1.026123 0.000000
vt 0.129563 1.638897 0.000000
vt 0.145852 0.241150 0.000000
vt 0.888711 0.070933 0.000000
vt 0.096188 0.599233 0.000000
vt 0.954677 0.572854 0.000000
vt 0.840296 1.923769 0.000000
vt 0.092676 1.675887 0.000000
vt 0.421554 1.241300 0.000000
vt 0.152628 1.757979 0.000000
vt 0.563295 1.192313 0.000000
vt 0.379016 1.444195 0.000000
vt 0.905575 0.157217 0.000000
vt 0.481007 0.146559 0.000000
vt 0.054144 0.645371 0.000000
vt 0.152595 1.758016 0.000000
vt 0.178939 0.039318 0.000000
vt 0.208772 1.735345 0.000000
vt 0.375901 1.015364 0.000000
vt 0.054121 1.924626 0.000000
vt 0.579327 1.073279 0.000000
vt 0.953230 0.517464 0.000000
vt 0.176755 0.189096 0.000000
vt 0.124685 0.727088 0.000000
vt 0.077719 0.765170 0.000000
vt 0.103943 1.729225 0.000000
vt 0.978585 1.874325 0.000000
vt 0.957559 0.384880 0.000000
vt 0.085727 0.095739 0.000000
vt 0.112010 1.772367 0.000000
vt 0.382425 1.427942 0.000000
vt 0.544326 1.183070 0.000000
vt 0.850818 0.500612 0.000000
vt 0.476438 0.133860 0.000000
vt 0.292870 1.109360 0.000000
vt 0.619880 1.020034 0.000000
vt 0.191136 1.653532 0.000000
vt 0.955240 0.831212 0.000000
vt 0.054478 0.686580 0.000000
vt 0.054478 0.686579 0.000000
vt 0.060224 0.670485 0.000000
vt 0.930340 1.966222 0.000000
vt 0.934815 0.614073 0.000000
vt 0.513099 0.295964 0.000000
vt 0.047916 1.676013 0.000000
vt 0.456083 0.800626 0.000000
vt 0.050665 1.796371 0.000000
vt 0.550717 1.194149 0.000000
vt 0.669988 0.273305 0.000000
vt 0.388163 0.413712 0.000000
vt 0.493223 0.160045 0.000000
vt 0.022335 1.935315 0.000000
vt 0.197784 1.677803 0.000000
vt 0.076078 1.980712 0.000000
vt 0.211900 1.727300 0.000000
vt 0.919448 0.952560 0.000000
vt 0.089024 0.643293 0.000000
vt 0.503193 1.110986 0.000000
vt 0.316052 1.216215 0.000000
vt 0.695986 1.049380 0.000000
vt 0.100708 1.727904 0.000000
vt 0.904352 0.331212 0.000000
vt 0.917152 0.300510 0.000000
vt 0.100969 0.692854 0.000000
vt 0.384760 1.270599 0.000000
vt 0.894374 0.206029 0.000000
vt 0.399886 0.386472 0.000000
vt 0.437700 0.180272 0.000000
vt 0.431129 0.905016 0.000000
vt 0.110886 1.050399 0.000000
vt 0.259577 1.784702 0.000000
vt 0.332856 0.045818 0.000000
vt 0.442127 0.673827 0.000000
vt 0.046071 1.686077 0.000000
vt 0.228473 0.029455 0.000000
vt 0.085254 1.585265 0.000000
vt 0.567419 1.779642 0.000000
vt 0.833928 1.759526 0.000000
vt 0.059147 0.634454 0.000000
vt 0.046786 0.715038 0.000000
vt 0.369735 1.389826 0.000000
vt 0.374009 1.248691 0.000000
vt 0.342913 0.026123 0.000000
vt 0.397568 0.164411 0.000000
vt 0.369202 0.412271 0.000000
vt 0.038946 0.668504 0.000000
vt 0.019177 1.870430 0.000000
vt 0.140702 1.990203 0.000000
vt 0.859756 0.535159 0.000000
vt 0.079429 0.638933 0.000000
vt 0.063358 1.648301 0.000000
vt 0.643347 0.689801 0.000000
vt 0.858702 0.678155 0.000000
vt 0.819800 1.860507 0.000000
vt 0.383643 0.306638 0.000000
vt 0.076546 0.695039 0.000000
vt 0.153381 1.800528 0.000000
vt 0.360321 1.276935 0.000000
vt 0.367641 1.920507 0.000000
vt 0.838117 0.251971 0.000000
vt 0.470884 0.168550 0.000000
vt 0.077984 0.722536 0.000000
vt 0.431343 0.841931 0.000000
vt 0.298610 1.671021 0.000000
vt 0.927221 0.577550 0.000000
vt 0.860957 0.069246 0.000000
vt 0.897684 0.605469 0.000000
vt 0.481697 0.307198 0.000000
vt 0.262267 0.113849 0.000000
vt 0.031561 0.114879 0.000000
vt 0.738681 1.688824 0.000000
vt 0.086659 0.807956 0.000000
vt 0.392242 1.201968 0.000000
vt 0.291798 1.914170 0.000000
vt 0.376067 1.390232 0.000000
vt 0.398297 0.192350 0.000000
vt 0.096794 0.720229 0.000000
vt 0.250740 0.457299 0.000000
vt 0.112347 0.602850 0.000000
vt 0.371992 1.298820 0.000000
vt 0.293048 1.889677 0.000000
vt 0.367620 1.315703 0.000000
vt 0.391061 1.288022 0.000000
vt 0.695532 0.793092 0.000000
vt 0.038946 1.668504 0.000000
vt 0.636567 1.751044 0.000000
vt 0.116284 0.687819 0.000000
vt 0.362470 1.286227 0.000000
vt 0.078726 1.728253 0.000000
vt 0.346211 1.395347 0.000000
vt 0.374676 0.391526 0.000000
vt 0.284199 0.815760 0.000000
vt 0.390970 0.200288 0.000000
vt 0.085254 0.585265 0.000000
vt 0.375901 0.015364 0.000000
vt 0.579327 0.073279 0.000000
vt 0.460699 1.276127 0.000000
vt 0.939123 1.840909 0.000000
vt 0.398295 0.740908 0.000000
vt 0.063358 0.648301 0.000000
vt 0.567419 0.779642 0.000000
vt 0.833928 0.759526 0.000000
vt 0.145926 0.312891 0.000000
vt 0.107516 1.743290 0.000000
vt 0.409854 0.354504 0.000000
vt 0.341069 0.662959 0.000000
vt 0.165256 0.655957 0.000000
vt 0.408489 1.188345 0.000000
vt 0.077984 1.722536 0.000000
vt 0.320126 0.024163 0.000000
vt 0.356179 0.402408 0.000000
vt 0.259600 0.738600 0.000000
vt 0.355899 0.257728 0.000000
vt 0.091230 0.709316 0.000000
vt 0.180555 1.014463 0.000000
vt 0.469014 1.104681 0.000000
vt 0.086633 1.307734 0.000000
vt 0.696938 0.418883 0.000000
vt 0.797258 0.953179 0.000000
vt 0.089108 1.637878 0.000000
vt 0.398410 0.320111 0.000000
vt 0.229500 0.743691 0.000000
vt 0.383263 1.167852 0.000000
vt 0.065161 0.530000 0.000000
vt 0.364804 0.276042 0.000000
vt 0.154545 0.591617 0.000000
vt 0.349821 0.966828 0.000000
vt 0.358639 1.033639 0.000000
vt 0.703242 0.948995 0.000000
vt 0.381369 1.404829 0.000000
vt 0.072572 1.651231 0.000000
vt 0.461437 1.160022 0.000000
vt 0.381188 0.429059 0.000000
vt 0.545832 0.182660 0.000000
vt 0.022335 0.935315 0.000000
vt 0.197784 0.677803 0.000000
vt 0.088415 1.692463 0.000000
vt 0.371808 1.409691 0.000000
vt 0.071151 1.638894 0.000000
vt 0.400850 1.166456 0.000000
vt 0.345118 0.284545 0.000000
vt 0.220337 0.824587 0.000000
vt 0.335869 0.404759 0.000000
vt 0.169822 0.522886 0.000000
vt 0.064628 1.213901 0.000000
vt 0.622161 1.967000 0.000000
vt 0.690836 0.496943 0.000000
vt 0.807883 0.817626 0.000000
vt 0.047231 1.691224 0.000000
vt 0.472091 1.126533 0.000000
vt 0.356976 1.426443 0.000000
vt 0.389065 0.434864 0.000000
vt 0.553993 0.201590 0.000000
vt 0.231181 0.904883 0.000000
vt 0.228271 1.023463 0.000000
vt 0.362464 1.403259 0.000000
vt 0.090864 1.719747 0.000000
vt 0.379652 1.185319 0.000000
vt 0.377884 0.261962 0.000000
vt 0.221317 0.874650 0.000000
vt 0.022445 0.361001 0.000000
vt 0.029961 0.391220 0.000000
vt 0.300908 0.355679 0.000000
vt 0.335061 0.356921 0.000000
vt 0.202958 1.014851 0.000000
vt 0.489577 1.121222 0.000000
vt 0.332470 1.211663 0.000000
vt 0.696968 0.850740 0.000000
vt 0.202141 1.120444 0.000000
vt 0.656482 0.245743 0.000000
vt 0.473119 1.145610 0.000000
vt 0.921018 1.792238 0.000000
vt 0.535269 0.202766 0.000000
vt 0.292870 0.109360 0.000000
vt 0.619880 0.020034 0.000000
vt 0.405534 1.865354 0.000000
vt 0.129740 1.524643 0.000000
vt 0.244319 0.365623 0.000000
vt 0.284331 0.403716 0.000000
vt 0.187737 0.684872 0.000000
vt 0.924696 0.455353 0.000000
vt 0.696968 1.850739 0.000000
vt 0.146000 1.384633 0.000000
vt 0.167875 1.423087 0.000000
vt 0.880407 1.974412 0.000000
vt 0.100708 0.727904 0.000000
vt 0.019081 1.392434 0.000000
vt 0.337888 1.367936 0.000000
vt 0.628025 0.478197 0.000000
vt 0.484891 1.197314 0.000000
vt 0.903798 0.964996 0.000000
vt 0.396826 0.427659 0.000000
vt 0.545940 0.207393 0.000000
vt 0.168141 1.493508 0.000000
vt 0.083852 1.715990 0.000000
vt 0.067865 0.238814 0.000000
vt 0.421554 0.241300 0.000000
vt 0.194165 0.684676 0.000000
vt 0.021837 0.946105 0.000000
vt 0.264929 1.080818 0.000000
vt 0.031597 1.081399 0.000000
vt 0.128818 1.499609 0.000000
vt 0.925574 1.724454 0.000000
vt 0.632034 0.107007 0.000000
vt 0.179477 1.031033 0.000000
vt 0.452667 1.355731 0.000000
vt 0.294824 1.503781 0.000000
vt 0.539928 1.200264 0.000000
vt 0.146983 1.682969 0.000000
vt 0.676763 0.457110 0.000000
vt 0.515884 0.188717 0.000000
vt 0.405220 0.406038 0.000000
vt 0.090782 1.502916 0.000000
vt 0.157918 1.781292 0.000000
vt 0.199945 0.235316 0.000000
vt 0.386770 0.282061 0.000000
vt 0.104179 0.640639 0.000000
vt 0.362732 0.380374 0.000000
vt 0.170431 0.684064 0.000000
vt 0.093113 1.416370 0.000000
vt 0.745818 1.941878 0.000000
vt 0.081702 1.374178 0.000000
vt 0.647317 0.540860 0.000000
vt 0.930340 0.966222 0.000000
vt 0.072673 1.721034 0.000000
vt 0.083848 0.715978 0.000000
vt 0.514301 1.202705 0.000000
vt 0.628346 0.124850 0.000000
vt 0.480866 0.142486 0.000000
vt 0.302931 0.979941 0.000000
vt 0.203150 0.023172 0.000000
vt 0.333189 1.092934 0.000000
vt 0.291279 1.028317 0.000000
vt 0.096188 1.599233 0.000000
vt 0.554280 1.018165 0.000000
vt 0.068493 0.184614 0.000000
vt 0.145578 0.726909 0.000000
vt 0.896836 0.180669 0.000000
vt 0.051557 0.732734 0.000000
vt 0.451682 1.213384 0.000000
vt 0.144822 1.633373 0.000000
vt 0.390807 1.420361 0.000000
vt 0.534344 1.186859 0.000000
vt 0.830313 0.220150 0.000000
vt 0.369917 0.414965 0.000000
vt 0.059147 0.634454 0.000000
vt 0.464249 0.144460 0.000000
vt 0.231391 0.036516 0.000000
vt 0.299959 1.067003 0.000000
vt 0.022833 1.924525 0.000000
vt 0.201404 1.670930 0.000000
vt 0.877577 0.134434 0.000000
vt 0.062895 0.718500 0.000000
vt 0.153074 0.185959 0.000000
vt 0.060427 0.761799 0.000000
vt 0.062895 0.718500 0.000000
vt 0.934585 0.221682 0.000000
vt 0.147348 0.079508 0.000000
vt 0.065485 1.719171 0.000000
vt 0.298417 1.464932 0.000000
vt 0.091249 0.717626 0.000000
vt 0.133392 1.660735 0.000000
vt 0.549384 1.194963 0.000000
vt 0.725060 0.528197 0.000000
vt 0.486988 0.129071 0.000000
vt 0.365726 0.434139 0.000000
vt 0.615627 1.046656 0.000000
vt 0.231391 1.036516 0.000000
vt 0.187737 1.684872 0.000000
vt 0.960163 0.889092 0.000000
vt 0.075592 0.672670 0.000000
vt 0.067748 0.659177 0.000000
vt 0.116124 1.735182 0.000000
vt 0.087707 1.638973 0.000000
vt 0.881494 0.603181 0.000000
vt 0.460256 0.326799 0.000000
vt 0.548471 1.188811 0.000000
vt 0.649327 0.445295 0.000000
vt 0.471313 0.164233 0.000000
vt 0.097686 1.966671 0.000000
vt 0.307156 1.193908 0.000000
vt 0.208269 1.667295 0.000000
vt 0.028481 1.915905 0.000000
vt 0.882038 0.966465 0.000000
vt 0.089586 0.638982 0.000000
vt 0.687845 1.031991 0.000000
vt 0.973967 1.807673 0.000000
vt 0.921915 0.386929 0.000000
vt 0.084383 0.050200 0.000000
vt 0.368464 1.390959 0.000000
vt 0.372310 1.249470 0.000000
vt 0.920269 0.200600 0.000000
vt 0.392606 0.174046 0.000000
vt 0.456265 0.873880 0.000000
vt 0.269570 1.750287 0.000000
vt 0.479809 0.681474 0.000000
vt 0.071437 1.685241 0.000000
vt 0.789786 0.739967 0.000000
vt 0.203342 0.031493 0.000000
vt 0.607590 1.786319 0.000000
vt 0.071151 0.638894 0.000000
vt 0.055798 0.714001 0.000000
vt 0.351161 1.277113 0.000000
vt 0.342955 0.002563 0.000000
vt 0.385253 0.177629 0.000000
vt 0.552187 0.062887 0.000000
vt 0.053449 0.657534 0.000000
vt 0.127744 1.842102 0.000000
vt 0.147442 1.883071 0.000000
vt 0.772977 0.118334 0.000000
vt 0.065149 1.636674 0.000000
vt 0.719500 0.692787 0.000000
vt 0.919718 0.704399 0.000000
vt 0.081157 1.636322 0.000000
vt 0.863680 1.832745 0.000000
vt 0.561816 1.858764 0.000000
vt 0.385039 0.297234 0.000000
vt 0.354099 1.258768 0.000000
vt 0.401569 1.902974 0.000000
vt 0.354727 1.403768 0.000000
vt 0.382847 0.398872 0.000000
vt 0.414903 0.176292 0.000000
vt 0.649903 0.049575 0.000000
vt 0.405535 0.865354 0.000000
vt 0.417901 0.821094 0.000000
vt 0.424271 1.315365 0.000000
vt 0.289589 1.641081 0.000000
vt 0.467745 1.884991 0.000000
vt 0.923826 0.516517 0.000000
vt 0.053998 0.669042 0.000000
vt 0.888760 0.604218 0.000000
vt 0.472420 0.314063 0.000000
vt 0.177578 0.118349 0.000000
vt 0.766472 1.679863 0.000000
vt 0.287712 0.970105 0.000000
vt 0.389514 1.374775 0.000000
vt 0.256877 1.950785 0.000000
vt 0.390338 1.230374 0.000000
vt 0.373286 0.392820 0.000000
vt 0.076485 0.722023 0.000000
vt 0.389695 0.198628 0.000000
vt 0.298417 0.464932 0.000000
vt 0.375011 1.309941 0.000000
vt 0.329981 1.626362 0.000000
vt 0.493860 1.854994 0.000000
vt 0.447064 0.765534 0.000000
vt 0.663256 0.792809 0.000000
vt 0.929172 0.419510 0.000000
vt 0.075592 1.672670 0.000000
vt 0.752802 1.751990 0.000000
vt 0.350130 0.801410 0.000000
vt 0.096072 1.683010 0.000000
vt 0.358519 1.269118 0.000000
vt 0.099516 1.731758 0.000000
vt 0.438726 0.063210 0.000000
vt 0.420281 0.228550 0.000000
vt 0.305973 0.741700 0.000000
vt 0.643442 0.073279 0.000000
vt 0.103709 0.610753 0.000000
vt 0.477328 1.266851 0.000000
vt 0.960163 1.889092 0.000000
vt 0.374229 0.729696 0.000000
vt 0.539533 0.753917 0.000000
vt 0.045939 0.685869 0.000000
vt 0.690549 0.757713 0.000000
vt 0.111815 0.309493 0.000000
vt 0.070104 1.668918 0.000000
vt 0.067678 1.736779 0.000000
vt 0.496746 0.261100 0.000000
vt 0.335748 0.838393 0.000000
vt 0.395971 1.221955 0.000000
vt 0.103394 1.725673 0.000000
vt 0.391462 1.375821 0.000000
vt 0.362542 0.276522 0.000000
vt 0.291798 0.914170 0.000000
vt 0.168141 0.493508 0.000000
vt 0.103830 0.737976 0.000000
vt 0.153074 1.185959 0.000000
vt 0.111815 1.309493 0.000000
vt 0.547939 0.889184 0.000000
vt 0.889106 0.856776 0.000000
vt 0.747712 0.357310 0.000000
vt 0.753813 0.330832 0.000000
vt 0.080798 1.647262 0.000000
vt 0.095465 1.633866 0.000000
vt 0.503210 1.298339 0.000000
vt 0.407589 0.308300 0.000000
vt 0.037733 0.792753 0.000000
vt 0.042578 1.699127 0.000000
vt 0.384718 1.158458 0.000000
vt 0.360512 1.420879 0.000000
vt 0.092162 0.477292 0.000000
vt 0.362741 0.267402 0.000000
vt 0.199230 0.759886 0.000000
vt 0.046101 0.663092 0.000000
vt 0.063288 1.030846 0.000000
vt 0.338102 1.102462 0.000000
vt 0.631035 0.896990 0.000000
vt 0.060516 1.655424 0.000000
vt 0.480848 1.164670 0.000000
vt 0.071151 1.638894 0.000000
vt 0.387920 0.435926 0.000000
vt 0.555074 0.200718 0.000000
vt 0.050140 0.950093 0.000000
vt 0.363856 1.401918 0.000000
vt 0.380816 1.187108 0.000000
vt 0.291657 0.531193 0.000000
vt 0.351161 0.277113 0.000000
vt 0.101694 0.928947 0.000000
vt 0.247323 0.712568 0.000000
vt 0.099848 1.578163 0.000000
vt 0.171139 1.239777 0.000000
vt 0.919448 1.952560 0.000000
vt 0.798120 0.602104 0.000000
vt 0.722011 0.067665 0.000000
vt 0.766538 0.835211 0.000000
vt 0.088164 1.123235 0.000000
vt 0.479417 1.133988 0.000000
vt 0.908757 1.833609 0.000000
vt 0.547006 0.189395 0.000000
vt 0.392606 1.174046 0.000000
vt 0.146000 0.384633 0.000000
vt 0.368464 0.390959 0.000000
vt 0.269570 0.750287 0.000000
vt 0.372310 0.249470 0.000000
vt 0.167875 0.423087 0.000000
vt 0.766538 1.835211 0.000000
vt 0.200556 1.192753 0.000000
vt 0.126664 0.741718 0.000000
vt 0.228089 1.117002 0.000000
vt 0.640779 0.280897 0.000000
vt 0.377695 1.423211 0.000000
vt 0.491523 1.145555 0.000000
vt 0.559294 0.181390 0.000000
vt 0.371558 0.437746 0.000000
vt 0.311732 0.106303 0.000000
vt 0.431343 1.841931 0.000000
vt 0.169822 1.522886 0.000000
vt 0.037061 0.470716 0.000000
vt 0.930866 0.517314 0.000000
vt 0.201764 0.803594 0.000000
vt 0.739324 1.845170 0.000000
vt 0.022445 1.361001 0.000000
vt 0.029961 1.391220 0.000000
vt 0.300908 1.355680 0.000000
vt 0.719678 0.200715 0.000000
vt 0.335061 1.356921 0.000000
vt 0.173800 0.902599 0.000000
vt 0.041757 1.533141 0.000000
vt 0.635966 0.473314 0.000000
vt 0.368444 1.416273 0.000000
vt 0.464774 1.142501 0.000000
vt 0.954064 0.480753 0.000000
vt 0.539928 0.200264 0.000000
vt 0.114841 0.570867 0.000000
vt 0.208315 1.492988 0.000000
vt 0.089082 1.730797 0.000000
vt 0.091563 0.241289 0.000000
vt 0.452667 0.355731 0.000000
vt 0.022833 0.924525 0.000000
vt 0.201404 0.670930 0.000000
vt 0.133023 0.767507 0.000000
vt 0.202933 1.084289 0.000000
vt 0.227936 1.215096 0.000000
vt 0.624659 0.142692 0.000000
vt 0.263225 1.031243 0.000000
vt 0.455478 1.367121 0.000000
vt 0.291657 1.531193 0.000000
vt 0.031023 1.031191 0.000000
vt 0.043702 1.758967 0.000000
vt 0.396826 1.427659 0.000000
vt 0.545940 1.207393 0.000000
vt 0.645466 0.488886 0.000000
vt 0.484891 0.197314 0.000000
vt 0.077604 0.588987 0.000000
vt 0.209726 0.732892 0.000000
vt 0.305975 1.038433 0.000000
vt 0.179425 1.727602 0.000000
vt 0.200162 0.213378 0.000000
vt 0.389254 0.269325 0.000000
vt 0.084395 0.613300 0.000000
vt 0.104738 0.667328 0.000000
vt 0.189946 1.959816 0.000000
vt 0.111391 1.381813 0.000000
vt 0.625133 1.933557 0.000000
vt 0.127787 1.422182 0.000000
vt 0.696660 0.581107 0.000000
vt 0.103827 1.737972 0.000000
vt 0.100143 0.732662 0.000000
vt 0.059757 1.761099 0.000000
vt 0.535269 1.202765 0.000000
vt 0.775719 0.156118 0.000000
vt 0.465346 0.140496 0.000000
vt 0.366933 0.417614 0.000000
vt 0.083837 0.059222 0.000000
vt 0.355016 1.079274 0.000000
vt 0.312234 1.009071 0.000000
vt 0.077604 1.588987 0.000000
vt 0.544689 1.038812 0.000000
vt 0.114356 0.181850 0.000000
vt 0.107750 0.756527 0.000000
vt 0.933251 0.450947 0.000000
vt 0.043702 0.758967 0.000000
vt 0.547939 1.889184 0.000000
vt 0.889106 1.856776 0.000000
vt 0.073580 1.681887 0.000000
vt 0.073553 1.682014 0.000000
vt 0.073848 1.681926 0.000000
vt 0.117126 1.615240 0.000000
vt 0.537110 1.193988 0.000000
vt 0.822324 0.156022 0.000000
vt 0.531542 0.188032 0.000000
vt 0.393277 0.418207 0.000000
vt 0.203534 0.039814 0.000000
vt 0.284431 1.064497 0.000000
vt 0.194165 1.684676 0.000000
vt 0.583397 1.014200 0.000000
vt 0.954898 0.444041 0.000000
vt 0.067678 0.736779 0.000000
vt 0.021837 1.946105 0.000000
vt 0.117126 0.615240 0.000000
vt 0.126962 1.704314 0.000000
vt 0.934295 0.297697 0.000000
vt 0.921183 0.331459 0.000000
vt 0.060095 0.086497 0.000000
vt 0.046101 1.663092 0.000000
vt 0.090895 0.719750 0.000000
vt 0.055690 0.698503 0.000000
vt 0.229662 1.743717 0.000000
vt 0.448602 1.288604 0.000000
vt 0.902002 0.523097 0.000000
vt 0.479417 0.133988 0.000000
vt 0.203534 1.039814 0.000000
vt 0.066557 1.839492 0.000000
vt 0.222637 0.015334 0.000000
vt 0.974959 0.876603 0.000000
vt 0.059155 0.673285 0.000000
vt 0.326557 0.188961 0.000000
vt 0.051406 0.665702 0.000000
vt 0.051424 0.665688 0.000000
vt 0.059155 0.673285 0.000000
vt 0.127271 1.741532 0.000000
vt 0.087658 1.638973 0.000000
vt 0.867347 0.597440 0.000000
vt 0.963571 0.609643 0.000000
vt 0.459227 0.339207 0.000000
vt 0.176719 1.922166 0.000000
vt 0.387920 1.435926 0.000000
vt 0.555074 1.200718 0.000000
vt 0.614943 0.319561 0.000000
vt 0.616908 0.427662 0.000000
vt 0.084243 0.717181 0.000000
vt 0.480848 0.164670 0.000000
vt 0.105799 1.972162 0.000000
vt 0.230317 1.739240 0.000000
vt 0.062069 1.913197 0.000000
vt 0.230119 1.683056 0.000000
vt 0.884056 0.955174 0.000000
vt 0.581352 1.043738 0.000000
vt 0.358639 0.033639 0.000000
vt 0.055094 0.691376 0.000000
vt 0.055094 0.691376 0.000000
vt 0.060292 0.042319 0.000000
vt 0.112347 1.602850 0.000000
vt 0.361205 1.381718 0.000000
vt 0.384582 1.282522 0.000000
vt 0.654618 0.142866 0.000000
vt 0.362464 0.403259 0.000000
vt 0.379652 0.185319 0.000000
vt 0.374372 0.934979 0.000000
vt 0.230995 1.904314 0.000000
vt 0.349821 1.966828 0.000000
vt 0.154545 1.591617 0.000000
vt 0.500447 0.684988 0.000000
vt 0.072680 0.685143 0.000000
vt 0.072680 0.685143 0.000000
vt 0.752802 0.751990 0.000000
vt 0.662595 1.755801 0.000000
vt 0.348177 0.697505 0.000000
vt 0.051252 0.714435 0.000000
vt 0.115229 1.686641 0.000000
vt 0.345118 1.284545 0.000000
vt 0.474349 1.834907 0.000000
vt 0.335869 1.404759 0.000000
vt 0.371808 0.409691 0.000000
vt 0.400850 0.166456 0.000000
vt 0.312234 0.009071 0.000000
vt 0.544689 0.038812 0.000000
vt 0.053787 0.651609 0.000000
vt 0.220337 1.824587 0.000000
vt 0.841881 0.466064 0.000000
vt 0.074184 0.662671 0.000000
vt 0.766472 0.679863 0.000000
vt 0.961475 0.698760 0.000000
vt 0.085309 1.629431 0.000000
vt 0.603149 1.883318 0.000000
vt 0.364804 1.276042 0.000000
vt 0.391124 1.842022 0.000000
vt 0.879743 0.461352 0.000000
vt 0.411435 0.191014 0.000000
vt 0.098021 0.730135 0.000000
vt 0.081157 0.636323 0.000000
vt 0.420436 1.337948 0.000000
vt 0.442313 1.921346 0.000000
vt 0.243108 1.652347 0.000000
vt 0.053998 0.669042 0.000000
vt 0.926442 0.611865 0.000000
vt 0.503210 0.298339 0.000000
vt 0.228089 0.117002 0.000000
vt 0.272294 1.960445 0.000000
vt 0.596556 1.677876 0.000000
vt 0.794000 1.662429 0.000000
vt 0.051097 0.810645 0.000000
vt 0.413603 1.245588 0.000000
vt 0.340925 1.886910 0.000000
vt 0.244639 0.526287 0.000000
vt 0.380532 0.401052 0.000000
vt 0.098366 0.718078 0.000000
vt 0.412006 0.174205 0.000000
vt 0.427296 1.294650 0.000000
vt 0.350130 1.801410 0.000000
vt 0.383068 1.349764 0.000000
vt 0.427641 0.757018 0.000000
vt 0.051668 0.726659 0.000000
vt 0.633132 0.789413 0.000000
vt 0.956228 0.414461 0.000000
vt 0.053787 1.651609 0.000000
vt 0.789786 1.739967 0.000000
vt 0.530808 0.264191 0.000000
vt 0.329981 0.626362 0.000000
vt 0.448336 0.391598 0.000000
vt 0.493860 0.854994 0.000000
vt 0.055779 1.714194 0.000000
vt 0.405653 1.185756 0.000000
vt 0.084243 1.717181 0.000000
vt 0.284431 0.064497 0.000000
vt 0.395971 0.221955 0.000000
vt 0.289589 0.641081 0.000000
vt 0.391462 0.375821 0.000000
vt 0.091391 0.800533 0.000000
vt 0.583397 0.014200 0.000000
vt 0.467745 0.884991 0.000000
vt 0.496746 1.261100 0.000000
vt 0.955240 1.831212 0.000000
vt 0.463708 0.677350 0.000000
vt 0.038499 0.686860 0.000000
vt 0.662595 0.755801 0.000000
vt 0.234416 0.303902 0.000000
vt 0.107093 1.702708 0.000000
vt 0.477328 0.266851 0.000000
vt 0.134027 0.660760 0.000000
vt 0.420281 1.228550 0.000000
vt 0.098021 1.730135 0.000000
vt 0.128818 0.499609 0.000000
vt 0.358519 0.269118 0.000000
vt 0.280945 0.714307 0.000000
vt 0.071935 0.720843 0.000000
vt 0.176755 1.189096 0.000000
vt 0.145926 1.312891 0.000000
vt 0.698404 0.908387 0.000000
vt 0.086612 1.662892 0.000000
vt 0.104179 1.640639 0.000000
vt 0.472420 1.314063 0.000000
vt 0.375011 0.309941 0.000000
vt 0.052550 0.799545 0.000000
vt 0.062688 1.696390 0.000000
vt 0.373286 1.392820 0.000000
vt 0.389695 1.198628 0.000000
vt 0.090782 0.502916 0.000000
vt 0.349310 0.392524 0.000000
vt 0.209830 0.639226 0.000000
vt 0.367078 0.285830 0.000000
vt 0.057154 0.678972 0.000000
vt 0.057154 0.678972 0.000000
vt 0.413303 0.938106 0.000000
vt 0.109943 1.026796 0.000000
vt 0.387965 1.075785 0.000000
vt 0.103954 0.729229 0.000000
vt 0.625133 0.933557 0.000000
vt 0.055056 1.691104 0.000000
vt 0.449656 1.178012 0.000000
vt 0.059147 1.634454 0.000000
vt 0.397076 1.389308 0.000000
vt 0.548471 0.188811 0.000000
vt 0.105799 0.972162 0.000000
vt 0.230317 0.739240 0.000000
vt 0.109017 1.035965 0.000000
vt 0.394261 1.175438 0.000000
vt 0.088563 1.740192 0.000000
vt 0.294824 0.503781 0.000000
vt 0.342030 0.267847 0.000000
vt 0.062069 0.913197 0.000000
vt 0.230119 0.683056 0.000000
vt 0.092687 0.675887 0.000000
vt 0.345167 0.412726 0.000000
vt 0.199945 1.235316 0.000000
vt 0.925557 1.963527 0.000000
vt 0.760752 0.482506 0.000000
vt 0.663244 0.850582 0.000000
vt 0.112778 1.120058 0.000000
vt 0.304424 1.412974 0.000000
vt 0.087658 0.638973 0.000000
vt 0.486988 1.129071 0.000000
vt 0.365726 1.434139 0.000000
vt 0.549384 0.194963 0.000000
vt 0.386571 1.179295 0.000000
vt 0.019081 0.392434 0.000000
vt 0.384760 0.270599 0.000000
vt 0.160081 0.627849 0.000000
vt 0.337888 0.367936 0.000000
vt 0.807883 1.817627 0.000000
vt 0.222637 1.015334 0.000000
vt 0.326557 1.188961 0.000000
vt 0.116101 0.735189 0.000000
vt 0.627156 0.275357 0.000000
vt 0.058168 1.660760 0.000000
vt 0.369917 1.414965 0.000000
vt 0.464249 1.144460 0.000000
vt 0.058166 1.660759 0.000000
vt 0.556068 0.187104 0.000000
vt 0.062786 1.037670 0.000000
vt 0.204226 1.522872 0.000000
vt 0.099044 1.716885 0.000000
vt 0.064604 0.473725 0.000000
vt 0.516385 0.226271 0.000000
vt 0.128318 0.822137 0.000000
vt 0.085727 1.095739 0.000000
vt 0.181706 1.373279 0.000000
vt 0.755663 1.970902 0.000000
vt 0.210040 1.411062 0.000000
vt 0.698114 0.110339 0.000000
vt 0.090292 1.606266 0.000000
vt 0.480945 1.144511 0.000000
vt 0.935991 0.485419 0.000000
vt 0.397854 0.426751 0.000000
vt 0.544873 0.208087 0.000000
vt 0.128742 1.467624 0.000000
vt 0.091216 1.716428 0.000000
vt 0.093625 0.215274 0.000000
vt 0.494756 0.207811 0.000000
vt 0.100699 0.960099 0.000000
vt 0.231199 1.080289 0.000000
vt 0.150295 1.213350 0.000000
vt 0.587826 0.123794 0.000000
vt 0.642546 0.581801 0.000000
vt 0.203342 1.031493 0.000000
vt 0.391981 1.226282 0.000000
vt 0.394032 1.371317 0.000000
vt 0.534357 1.195379 0.000000
vt 0.709826 0.454614 0.000000
vt 0.504626 0.180737 0.000000
vt 0.407256 0.400726 0.000000
vt 0.138887 0.022651 0.000000
vt 0.320126 1.024163 0.000000
vt 0.160081 1.627849 0.000000
vt 0.175671 0.216094 0.000000
vt 0.917439 0.932890 0.000000
vt 0.111844 0.681542 0.000000
vt 0.146976 0.682968 0.000000
vt 0.631035 1.896990 0.000000
vt 0.654966 0.504458 0.000000
vt 0.081528 1.708915 0.000000
vt 0.420182 1.267561 0.000000
vt 0.089114 0.730810 0.000000
vt 0.398882 1.425843 0.000000
vt 0.543809 1.208770 0.000000
vt 0.677528 0.562029 0.000000
vt 0.490899 0.141939 0.000000
vt 0.374934 0.425732 0.000000
vt 0.058794 0.048055 0.000000
vt 0.272153 1.526544 0.000000
vt 0.082231 1.752379 0.000000
vt 0.938730 0.519891 0.000000
vt 0.797258 1.953179 0.000000
vt 0.949941 0.290489 0.000000
vt 0.938400 0.324938 0.000000
vt 0.078047 1.764240 0.000000
vt 0.549918 1.188275 0.000000
vt 0.656681 0.523705 0.000000
vt 0.531556 0.196786 0.000000
vt 0.059933 0.630017 0.000000
vt 0.407313 0.039287 0.000000
vt 0.611384 0.073279 0.000000
vt 0.301308 1.154222 0.000000
vt 0.094672 1.973242 0.000000
vt 0.224221 1.734386 0.000000
vt 0.876548 0.071652 0.000000
vt 0.107516 0.743290 0.000000
vt 0.942448 0.576655 0.000000
vt 0.144822 0.633373 0.000000
vt 0.656363 1.025867 0.000000
vt 0.030412 0.014462 0.000000
vt 0.258860 0.014700 0.000000
vt 0.323504 0.145604 0.000000
vt 0.967294 1.926827 0.000000
vt 0.905915 0.230284 0.000000
vt 0.264929 0.080818 0.000000
vt 0.031597 0.081399 0.000000
vt 0.067599 1.659451 0.000000
vt 0.089158 0.730011 0.000000
vt 0.513241 1.260815 0.000000
vt 0.822138 0.123714 0.000000
vt 0.471674 0.160055 0.000000
vt 0.265408 1.039515 0.000000
vt 0.020207 1.860555 0.000000
vt 0.031328 1.039556 0.000000
vt 0.921018 0.792238 0.000000
vt 0.071151 0.638894 0.000000
vt 0.060583 0.655291 0.000000
vt 0.141000 1.791844 0.000000
vt 0.813680 0.353729 0.000000
vt 0.822220 0.318770 0.000000
vt 0.547387 1.182263 0.000000
vt 0.379919 1.430205 0.000000
vt 0.784951 0.231350 0.000000
vt 0.381369 0.404829 0.000000
vt 0.461437 0.160022 0.000000
vt 0.649903 1.049575 0.000000
vt 0.101694 1.928947 0.000000
vt 0.247323 1.712568 0.000000
vt 0.930851 0.851518 0.000000
vt 0.314812 0.057305 0.000000
vt 0.040079 0.691731 0.000000
vt 0.141071 0.029776 0.000000
vt 0.079405 1.638933 0.000000
vt 0.735108 1.790567 0.000000
vt 0.066414 1.808978 0.000000
vt 0.381630 1.260677 0.000000
vt 0.708896 0.155527 0.000000
vt 0.370521 0.410965 0.000000
vt 0.399232 0.165438 0.000000
vt 0.048756 0.726638 0.000000
vt 0.339297 0.954816 0.000000
vt 0.048694 1.847610 0.000000
vt 0.083837 1.059222 0.000000
vt 0.132012 1.557147 0.000000
vt 0.093037 0.178225 0.000000
vt 0.488182 0.683682 0.000000
vt 0.318151 1.989776 0.000000
vt 0.612909 0.747075 0.000000
vt 0.690549 1.757713 0.000000
vt 0.062075 0.710169 0.000000
vt 0.137230 1.682573 0.000000
vt 0.350142 1.273925 0.000000
vt 0.444785 1.862768 0.000000
vt 0.503193 0.110986 0.000000
vt 0.387961 0.180969 0.000000
vt 0.367641 0.920507 0.000000
vt 0.316052 0.216215 0.000000
vt 0.354283 0.903708 0.000000
vt 0.695986 0.049380 0.000000
vt 0.178939 1.039318 0.000000
vt 0.305973 1.741700 0.000000
vt 0.857780 0.136486 0.000000
vt 0.738681 0.688824 0.000000
vt 0.936915 0.704552 0.000000
vt 0.112778 0.120058 0.000000
vt 0.095070 1.618656 0.000000
vt 0.663256 1.792809 0.000000
vt 0.203970 1.723021 0.000000
vt 0.357594 1.401082 0.000000
vt 0.259600 1.738600 0.000000
vt 0.357668 1.256728 0.000000
vt 0.372272 0.168364 0.000000
vt 0.103394 0.725673 0.000000
vt 0.351629 0.413684 0.000000
vt 0.822509 0.188330 0.000000
vt 0.047846 0.676025 0.000000
vt 0.379229 1.335562 0.000000
vt 0.270561 1.689107 0.000000
vt 0.412235 1.295589 0.000000
vt 0.179841 0.792443 0.000000
vt 0.905374 1.970317 0.000000
vt 0.819800 0.860507 0.000000
vt 0.202141 0.120444 0.000000
vt 0.048756 1.726638 0.000000
vt 0.626150 1.686407 0.000000
vt 0.079623 1.703116 0.000000
vt 0.347780 1.393918 0.000000
vt 0.371328 1.862006 0.000000
vt 0.364807 1.286044 0.000000
vt 0.405653 0.185756 0.000000
vt 0.099516 0.731758 0.000000
vt 0.272153 0.526544 0.000000
vt 0.530808 1.264191 0.000000
vt 0.353606 1.732400 0.000000
vt 0.448336 1.391598 0.000000
vt 0.412069 0.747764 0.000000
vt 0.735108 0.790567 0.000000
vt 0.661114 0.472998 0.000000
vt 0.456265 1.873880 0.000000
vt 0.053449 1.657534 0.000000
vt 0.827545 1.720066 0.000000
vt 0.572486 1.740780 0.000000
vt 0.427296 0.294650 0.000000
vt 0.383068 0.349764 0.000000
vt 0.181425 0.929618 0.000000
vt 0.380532 1.401052 0.000000
vt 0.412006 1.174205 0.000000
vt 0.299959 0.067003 0.000000
vt 0.413603 0.245588 0.000000
vt 0.298610 0.671021 0.000000
vt 0.124449 0.813181 0.000000
vt 0.093037 1.178225 0.000000
vt 0.974959 1.876603 0.000000
vt 0.451051 0.675078 0.000000
vt 0.636567 0.751044 0.000000
vt 0.031605 0.300207 0.000000
vt 0.285862 0.296040 0.000000
vt 0.054064 1.669012 0.000000
vt 0.054581 1.726680 0.000000
vt 0.420436 0.337948 0.000000
vt 0.145899 0.658171 0.000000
vt 0.411435 1.191014 0.000000
vt 0.080020 1.727187 0.000000
vt 0.128742 0.467624 0.000000
vt 0.362470 0.286227 0.000000
vt 0.371328 0.862006 0.000000
vt 0.346211 0.395347 0.000000
vt 0.088858 0.735505 0.000000
vt 0.030412 1.014462 0.000000
vt 0.258860 1.014700 0.000000
vt 0.323504 1.145604 0.000000
vt 0.031605 1.300207 0.000000
vt 0.285862 1.296040 0.000000
vt 0.663232 0.908356 0.000000
vt 0.079429 1.638933 0.000000
vt 0.480902 1.161065 0.000000
vt 0.097632 1.653113 0.000000
vt 0.513099 1.295964 0.000000
vt 0.371992 0.298820 0.000000
vt 0.367620 0.315703 0.000000
vt 0.391061 0.288022 0.000000
vt 0.019177 0.870430 0.000000
vt 0.189328 0.743744 0.000000
vt 0.140702 0.990203 0.000000
vt 0.075544 1.694018 0.000000
vt 0.398297 1.192350 0.000000
vt 0.041757 0.533141 0.000000
vt 0.392242 0.201968 0.000000
vt 0.182973 0.615858 0.000000
vt 0.376067 0.390232 0.000000
vt 0.038476 0.675134 0.000000
vt 0.381102 0.949450 0.000000
vt 0.332856 1.045818 0.000000
vt 0.065346 0.719135 0.000000
vt 0.065346 0.719135 0.000000
vt 0.783208 0.927269 0.000000
vt 0.040085 1.691724 0.000000
vt 0.462005 1.196350 0.000000
vt 0.073206 1.634767 0.000000
vt 0.552030 0.193331 0.000000
vt 0.097686 0.966671 0.000000
vt 0.136825 1.024268 0.000000
vt 0.470884 1.168550 0.000000
vt 0.091218 1.717624 0.000000
vt 0.050384 0.367781 0.000000
vt 0.350142 0.273925 0.000000
vt 0.220215 0.742162 0.000000
vt 0.057033 0.410547 0.000000
vt 0.098291 0.984694 0.000000
vt 0.224512 1.242182 0.000000
vt 0.930851 1.851518 0.000000
vt 0.722714 0.490345 0.000000
vt 0.632084 0.843202 0.000000
vt 0.062894 1.119202 0.000000
vt 0.087708 0.638973 0.000000
vt 0.059024 1.670580 0.000000
vt 0.379899 1.406090 0.000000
vt 0.461782 1.158065 0.000000
vt 0.382425 0.427942 0.000000
vt 0.020207 0.860555 0.000000
vt 0.544326 0.183070 0.000000
vt 0.465216 1.817766 0.000000
vt 0.370521 1.410965 0.000000
vt 0.399232 1.165438 0.000000
vt 0.035963 0.428777 0.000000
vt 0.381630 0.260677 0.000000
vt 0.179425 0.727602 0.000000
vt 0.632083 1.843202 0.000000
vt 0.221868 1.190427 0.000000
vt 0.165041 0.812865 0.000000
vt 0.597593 0.295549 0.000000
vt 0.604151 0.452256 0.000000
vt 0.481007 1.146559 0.000000
vt 0.563295 0.192313 0.000000
vt 0.379016 0.444195 0.000000
vt 0.615627 0.046656 0.000000
vt 0.084859 1.042484 0.000000
vt 0.250740 1.457299 0.000000
vt 0.077868 1.728915 0.000000
vt 0.039117 0.501300 0.000000
vt 0.420182 0.267561 0.000000
vt 0.076078 0.980712 0.000000
vt 0.211900 0.727300 0.000000
vt 0.111989 1.089162 0.000000
vt 0.213117 1.362774 0.000000
vt 0.585312 1.939657 0.000000
vt 0.247413 1.401791 0.000000
vt 0.640348 0.186928 0.000000
vt 0.973967 0.807673 0.000000
vt 0.060292 1.042319 0.000000
vt 0.473421 1.143569 0.000000
vt 0.890873 0.492224 0.000000
vt 0.534357 0.195379 0.000000
vt 0.332887 0.092349 0.000000
vt 0.170210 1.466055 0.000000
vt 0.149731 1.706154 0.000000
vt 0.125541 0.213092 0.000000
vt 0.391981 0.226282 0.000000
vt 0.094672 0.973242 0.000000
vt 0.224221 0.734386 0.000000
vt 0.171125 0.721607 0.000000
vt 0.394032 0.371317 0.000000
vt 0.145852 1.241150 0.000000
vt 0.657476 1.979559 0.000000
vt 0.583483 0.132120 0.000000
vt 0.634553 0.577873 0.000000
vt 0.967294 0.926827 0.000000
vt 0.228473 1.029455 0.000000
vt 0.442629 1.177316 0.000000
vt 0.403471 1.381931 0.000000
vt 0.077859 0.728922 0.000000
vt 0.047725 1.732444 0.000000
vt 0.397854 1.426751 0.000000
vt 0.544873 1.208087 0.000000
vt 0.747213 0.446198 0.000000
vt 0.480945 0.144511 0.000000
vt 0.110257 0.034664 0.000000
vt 0.343615 1.016185 0.000000
vt 0.128506 1.606467 0.000000
vt 0.150295 0.213350 0.000000
vt 0.944009 0.907200 0.000000
vt 0.129563 0.638897 0.000000
vt 0.772926 1.885480 0.000000
vt 0.088823 1.735495 0.000000
vt 0.516385 1.226271 0.000000
vt 0.091246 0.716417 0.000000
vt 0.556068 1.187104 0.000000
vt 0.897175 0.158927 0.000000
vt 0.473763 0.141582 0.000000
vt 0.143255 0.036900 0.000000
vt 0.279184 1.464318 0.000000
vt 0.107750 1.756527 0.000000
vt 0.136704 0.015527 0.000000
vt 0.905197 0.134915 0.000000
vt 0.149731 0.706154 0.000000
vt 0.422609 0.080429 0.000000
vt 0.047725 0.732444 0.000000
vt 0.923832 0.222343 0.000000
vt 0.084192 1.678865 0.000000
vt 0.171125 1.721607 0.000000
vt 0.556172 1.199814 0.000000
vt 0.386747 1.437016 0.000000
vt 0.645903 0.523777 0.000000
vt 0.905374 0.970317 0.000000
vt 0.389387 0.412649 0.000000
vt 0.493384 0.161725 0.000000
vt 0.396543 0.052552 0.000000
vt 0.396543 1.052552 0.000000
vt 0.100699 1.960099 0.000000
vt 0.202958 0.014851 0.000000
vt 0.489577 0.121222 0.000000
vt 0.054581 0.726680 0.000000
vt 0.054581 0.726680 0.000000
vt 0.152581 0.757769 0.000000
vt 0.332470 0.211663 0.000000
vt 0.882833 0.181774 0.000000
vt 0.661068 0.113021 0.000000
vt 0.177989 0.082976 0.000000
vt 0.038476 1.675134 0.000000
vt 0.088603 0.740199 0.000000
vt 0.533614 1.222450 0.000000
vt 0.413915 1.415627 0.000000
vt 0.719931 0.247681 0.000000
vt 0.379899 0.406089 0.000000
vt 0.461782 0.158065 0.000000
vt 0.189436 1.669202 0.000000
vt 0.128318 1.822137 0.000000
vt 0.964283 0.924906 0.000000
vt 0.072572 0.651231 0.000000
vt 0.165762 1.809211 0.000000
vt 0.831453 0.394954 0.000000
vt 0.048382 1.865778 0.000000
vt 0.552030 1.193331 0.000000
vt 0.133693 1.961203 0.000000
vt 0.672901 0.500701 0.000000
vt 0.462005 0.196350 0.000000
vt 0.113307 1.959630 0.000000
vt 0.240420 1.736317 0.000000
vt 0.927117 0.746511 0.000000
vt 0.109943 0.026796 0.000000
vt 0.387965 0.075785 0.000000
vt 0.047248 0.691424 0.000000
vt 0.110572 0.042531 0.000000
vt 0.633132 1.789413 0.000000
vt 0.079725 0.703427 0.000000
vt 0.409379 1.286029 0.000000
vt 0.372797 1.365676 0.000000
vt 0.324942 0.031083 0.000000
vt 0.386571 0.179295 0.000000
vt 0.381102 1.949450 0.000000
vt 0.182973 1.615858 0.000000
vt 0.434862 0.672789 0.000000
vt 0.051809 1.726678 0.000000
vt 0.827545 0.720066 0.000000
vt 0.572486 0.740780 0.000000
vt 0.558986 1.877700 0.000000
vt 0.875912 1.847885 0.000000
vt 0.124449 1.813181 0.000000
vt 0.342030 1.267847 0.000000
vt 0.419945 1.888686 0.000000
vt 0.345167 1.412727 0.000000
vt 0.394261 0.175438 0.000000
vt 0.328774 0.942803 0.000000
vt 0.481853 0.092747 0.000000
vt 0.310286 0.928486 0.000000
vt 0.685018 0.068966 0.000000
vt 0.284199 1.815760 0.000000
vt 0.778460 0.193901 0.000000
vt 0.068799 0.668027 0.000000
vt 0.626150 0.686407 0.000000
vt 0.844928 0.671300 0.000000
vt 0.088164 0.123234 0.000000
vt 0.374372 1.934978 0.000000
vt 0.695532 1.793092 0.000000
vt 0.474349 0.834907 0.000000
vt 0.349310 1.392524 0.000000
vt 0.348177 1.697505 0.000000
vt 0.859016 0.342470 0.000000
vt 0.869686 0.309640 0.000000
vt 0.084631 0.719241 0.000000
vt 0.381070 0.170100 0.000000
vt 0.095070 0.618657 0.000000
vt 0.367078 1.285830 0.000000
vt 0.390144 1.330054 0.000000
vt 0.239190 1.929429 0.000000
vt 0.063935 0.745981 0.000000
vt 0.901752 1.953867 0.000000
vt 0.834276 0.900813 0.000000
vt 0.056570 1.732940 0.000000
vt 0.481697 1.307198 0.000000
vt 0.360615 1.268255 0.000000
vt 0.106324 1.725687 0.000000
vt 0.280191 0.498228 0.000000
vt 0.381690 0.399962 0.000000
vt 0.078726 0.728253 0.000000
vt 0.413454 0.175248 0.000000
vt 0.431951 1.383787 0.000000
vt 0.298066 1.787589 0.000000
vt 0.473086 0.774008 0.000000
vt 0.064520 0.665102 0.000000
vt 0.795965 0.774746 0.000000
vt 0.878214 0.426147 0.000000
vt 0.431129 1.905016 0.000000
vt 0.612909 1.747075 0.000000
vt 0.423793 0.369500 0.000000
vt 0.353606 0.732400 0.000000
vt 0.051239 1.714233 0.000000
vt 0.401329 1.195632 0.000000
vt 0.059147 1.634454 0.000000
vt 0.305975 0.038433 0.000000
vt 0.389514 0.374775 0.000000
vt 0.270561 0.689107 0.000000
vt 0.390338 0.230374 0.000000
vt 0.072769 0.732850 0.000000
vt 0.114356 1.181850 0.000000
vt 0.955046 1.918061 0.000000
vt 0.727277 0.757394 0.000000
vt 0.176423 0.306528 0.000000
vt 0.043252 1.665247 0.000000
vt 0.054478 1.686579 0.000000
vt 0.424271 0.315365 0.000000
vt 0.382847 1.398872 0.000000
vt 0.084631 1.719241 0.000000
vt 0.414903 1.176292 0.000000
vt 0.354099 0.258768 0.000000
vt 0.340925 0.886910 0.000000
vt 0.354727 0.403768 0.000000
vt 0.081526 0.708909 0.000000
vt 0.208315 0.492988 0.000000
vt 0.385039 1.297234 0.000000
vt 0.234416 1.303902 0.000000
vt 0.661506 0.947710 0.000000
vt 0.386939 1.414775 0.000000
vt 0.111844 1.681542 0.000000
vt 0.524405 1.297200 0.000000
vt 0.521875 0.212828 0.000000
vt 0.472026 1.370396 0.000000
vt 0.493060 1.158365 0.000000
vt 0.385253 1.177629 0.000000
vt 0.129740 0.524643 0.000000
vt 0.404426 0.199103 0.000000
vt 0.127744 0.842102 0.000000
vt 0.147442 0.883071 0.000000
vt 0.085475 1.032157 0.000000
vt 0.358083 1.083903 0.000000
vt 0.128010 0.704399 0.000000
vt 0.772926 0.885480 0.000000
vt 0.480801 1.168385 0.000000
vt 0.059933 1.630017 0.000000
vt 0.884056 1.955174 0.000000
vt 0.547387 0.182263 0.000000
vt 0.379919 0.430205 0.000000
vt 0.177696 1.023889 0.000000
vt 0.461083 1.161988 0.000000
vt 0.382839 1.403569 0.000000
vt 0.040764 0.239413 0.000000
vt 0.380358 0.271886 0.000000
vt 0.113307 0.959631 0.000000
vt 0.240420 0.736317 0.000000
vt 0.074174 0.681964 0.000000
vt 0.270816 0.236400 0.000000
vt 0.085711 1.683974 0.000000
vt 0.175671 1.216094 0.000000
vt 0.946589 1.885960 0.000000
vt 0.727406 0.566049 0.000000
vt 0.605369 0.834819 0.000000
vt 0.149257 1.114992 0.000000
vt 0.037061 1.470716 0.000000
vt 0.884892 1.935471 0.000000
vt 0.585312 0.939657 0.000000
vt 0.720184 0.294648 0.000000
vt 0.471674 1.160055 0.000000
vt 0.914636 1.822086 0.000000
vt 0.513241 0.260815 0.000000
vt 0.310286 1.928486 0.000000
vt 0.378483 1.183461 0.000000
vt 0.361037 1.404633 0.000000
vt 0.213117 0.362774 0.000000
vt 0.361205 0.381718 0.000000
vt 0.191136 0.653532 0.000000
vt 0.384582 0.282522 0.000000
vt 0.247413 0.401791 0.000000
vt 0.663244 1.850582 0.000000
vt 0.112240 1.237173 0.000000
vt 0.705054 1.988035 0.000000
vt 0.139249 0.792758 0.000000
vt 0.657476 0.979559 0.000000
vt 0.656876 0.313752 0.000000
vt 0.072852 1.596804 0.000000
vt 0.531556 1.196786 0.000000
vt 0.901752 0.953867 0.000000
vt 0.557122 0.189137 0.000000
vt 0.252944 1.496235 0.000000
vt 0.107750 1.725796 0.000000
vt 0.057374 0.501271 0.000000
vt 0.532449 0.235011 0.000000
vt 0.199167 0.710697 0.000000
vt 0.424858 0.407926 0.000000
vt 0.046159 0.975560 0.000000
vt 0.060095 1.086497 0.000000
vt 0.244319 1.365623 0.000000
vt 0.284331 1.403716 0.000000
vt 0.648168 0.172711 0.000000
vt 0.084383 1.050200 0.000000
vt 0.376331 1.424456 0.000000
vt 0.491222 1.143766 0.000000
vt 0.927781 0.486333 0.000000
vt 0.537604 0.201513 0.000000
vt 0.068099 0.604621 0.000000
vt 0.210013 1.457136 0.000000
vt 0.066360 1.797366 0.000000
vt 0.171139 0.239777 0.000000
vt 0.455478 0.367121 0.000000
vt 0.095465 0.633866 0.000000
vt 0.033339 1.212543 0.000000
vt 0.743541 1.899773 0.000000
vt 0.260663 1.211134 0.000000
vt 0.658395 0.542951 0.000000
vt 0.072773 1.732847 0.000000
vt 0.511372 1.181298 0.000000
vt 0.414048 1.396862 0.000000
vt 0.099050 0.716873 0.000000
vt 0.051761 1.732676 0.000000
vt 0.392042 1.419284 0.000000
vt 0.532941 1.187441 0.000000
vt 0.919760 0.421784 0.000000
vt 0.368444 0.416273 0.000000
vt 0.464774 0.142501 0.000000
vt 0.030718 0.022827 0.000000
vt 0.261043 0.022972 0.000000
vt 0.315668 1.039600 0.000000
vt 0.068099 1.604621 0.000000
vt 0.227936 0.215096 0.000000
vt 0.897514 0.137186 0.000000
vt 0.105746 0.624013 0.000000
vt 0.065444 0.689948 0.000000
vt 0.783208 1.927269 0.000000
vt 0.110034 1.732203 0.000000
vt 0.413975 1.287606 0.000000
vt 0.374442 1.361908 0.000000
vt 0.099848 0.578163 0.000000
vt 0.559294 1.181390 0.000000
vt 0.371558 1.437746 0.000000
vt 0.862170 0.159622 0.000000
vt 0.377695 0.423211 0.000000
vt 0.491523 0.145555 0.000000
vt 0.110886 0.050399 0.000000
vt 0.370476 1.024675 0.000000
vt 0.145578 1.726909 0.000000
vt 0.905391 0.074372 0.000000
vt 0.969125 0.565529 0.000000
vt 0.157918 0.781292 0.000000
vt 0.072852 0.596804 0.000000
vt 0.663232 1.908356 0.000000
vt 0.967937 0.282792 0.000000
vt 0.959484 0.328653 0.000000
vt 0.042574 0.699131 0.000000
vt 0.134208 1.766953 0.000000
vt 0.547006 1.189395 0.000000
vt 0.762688 0.521113 0.000000
vt 0.480801 0.168385 0.000000
vt 0.064141 0.621301 0.000000
vt 0.407313 1.039287 0.000000
vt 0.611384 1.073279 0.000000
vt 0.199230 1.759886 0.000000
vt 0.031489 0.181838 0.000000
vt 0.914636 0.822086 0.000000
vt 0.107093 0.702708 0.000000
vt 0.256944 0.179912 0.000000
vt 0.484105 1.844950 0.000000
vt 0.933647 0.383667 0.000000
vt 0.231199 0.080289 0.000000
vt 0.091213 0.702214 0.000000
vt 0.521875 1.212828 0.000000
vt 0.903097 0.571676 0.000000
vt 0.836102 0.059849 0.000000
vt 0.386939 0.414775 0.000000
vt 0.493060 0.158365 0.000000
vt 0.083384 1.961675 0.000000
vt 0.342955 1.002563 0.000000
vt 0.201764 1.803594 0.000000
vt 0.552187 1.062887 0.000000
vt 0.955046 0.918061 0.000000
vt 0.075154 0.624997 0.000000
vt 0.175109 1.825733 0.000000
vt 0.176615 1.844300 0.000000
vt 0.884793 0.235145 0.000000
vt 0.145903 1.658171 0.000000
vt 0.377884 1.261962 0.000000
vt 0.910334 0.201506 0.000000
vt 0.449656 0.178012 0.000000
vt 0.397076 0.389308 0.000000
vt 0.084929 0.041178 0.000000
vt 0.220215 1.742162 0.000000
vt 0.063288 0.030846 0.000000
vt 0.946589 0.885960 0.000000
vt 0.338102 0.102462 0.000000
vt 0.098291 1.984694 0.000000
vt 0.055092 0.691364 0.000000
vt 0.055092 0.691364 0.000000
vt 0.038499 1.686860 0.000000
vt 0.263225 0.031243 0.000000
vt 0.031023 0.031191 0.000000
vt 0.103709 1.610753 0.000000
vt 0.760151 1.784942 0.000000
vt 0.033568 1.808867 0.000000
vt 0.414496 1.267030 0.000000
vt 0.315668 0.039600 0.000000
vt 0.390959 0.172686 0.000000
vt 0.046409 0.739853 0.000000
vt 0.046409 0.739853 0.000000
vt 0.407436 0.920540 0.000000
vt 0.413303 1.938106 0.000000
vt 0.209830 1.639226 0.000000
vt 0.420714 0.667049 0.000000
vt 0.516938 0.679252 0.000000
vt 0.086612 0.662892 0.000000
vt 0.049074 1.670878 0.000000
vt 0.687925 0.693801 0.000000
vt 0.893697 0.695926 0.000000
vt 0.593866 1.908692 0.000000
vt 0.063776 0.696978 0.000000
vt 0.179841 1.792442 0.000000
vt 0.359677 1.383062 0.000000
vt 0.328774 1.942803 0.000000
vt 0.382396 1.282976 0.000000
vt 0.363856 0.401918 0.000000
vt 0.380816 0.187108 0.000000
vt 0.581352 0.043738 0.000000
vt 0.272294 0.960445 0.000000
vt 0.391124 0.842022 0.000000
vt 0.143255 1.036900 0.000000
vt 0.335748 1.838393 0.000000
vt 0.917606 0.456639 0.000000
vt 0.596556 0.677876 0.000000
vt 0.794000 0.662429 0.000000
vt 0.820862 0.660087 0.000000
vt 0.986166 0.684309 0.000000
vt 0.149257 0.114992 0.000000
vt 0.407436 1.920540 0.000000
vt 0.719500 1.692787 0.000000
vt 0.204446 0.721794 0.000000
vt 0.362741 1.267402 0.000000
vt 0.300854 1.705554 0.000000
vt 0.876684 0.390942 0.000000
vt 0.384718 0.158458 0.000000
vt 0.080020 0.727187 0.000000
vt 0.360512 0.420879 0.000000
vt 0.085309 0.629431 0.000000
vt 0.407589 1.308300 0.000000
vt 0.221317 1.874650 0.000000
vt 0.903798 1.964996 0.000000
vt 0.603149 0.883318 0.000000
vt 0.046409 1.739853 0.000000
vt 0.492277 1.302510 0.000000
vt 0.239190 0.929429 0.000000
vt 0.033568 0.808867 0.000000
vt 0.055639 1.697996 0.000000
vt 0.362542 1.276522 0.000000
vt 0.098366 1.718078 0.000000
vt 0.370476 0.024675 0.000000
vt 0.401329 0.195633 0.000000
vt 0.298066 0.787589 0.000000
vt 0.423793 1.369500 0.000000
vt 0.514842 0.768369 0.000000
# 1863 texture coords

o Blake
g Blake
f 95/1593 94/786 86/508 89/1845 
f 93/1064 92/245 87/1311 91/523 
f 1388/1820 1390/502 1380/1543 1386/1288 
f 1144/1070 6/1510 8/167 1190/685 
f 1145/1 1168/776 1169/447 9/983 
f 1157/217 1162/1038 1172/718 11/1527 
f 1148/265 223/747 11/1527 1147/546 
f 116/692 118/1227 13/186 12/1254 
f 118/1227 120/1760 14/1782 13/186 
f 1157/217 11/1527 223/747 1160/496 
f 1249/1048 17/111 260/1148 1258/262 
f 1250/1847 18/1712 17/111 1249/1048 
f 19/663 15/731 17/111 18/1712 
f 16/463 15/731 19/663 20/388 
f 1158/1815 1157/217 16/463 20/388 
f 10/717 1220/1658 1245/1119 9/983 
f 1378/798 1159/304 1374/1027 127/1632 
f 130/128 1255/1304 1254/1041 124/831 
f 1250/1847 1251/1580 23/1733 18/1712 
f 19/663 18/1712 23/1733 24/1480 
f 1194/1751 133/921 25/411 1193/148 
f 1395/156 1376/470 5/1766 240/1771 
f 1122/719 100/550 135/1490 1123/988 
f 99/269 1122/719 1123/988 136/1747 
f 1188/133 8/168 4/965 1137/1584 
f 3/1234 27/947 26/131 237/1518 
f 1113/1160 1114/875 27/947 3/1234 
f 163/1548 1272/1571 1271/4 161/1018 
f 27/947 1211/113 1196/431 26/131 
f 1114/875 1207/908 1211/113 27/947 
f 29/1493 1209/1459 1200/1512 28/683 
f 1208/436 1204/1223 138/1709 140/385 
f 1198/967 1197/1236 24/1480 23/1733 
f 1260/805 1193/148 25/411 1252/525 
f 1328/310 1349/553 34/1155 36/1678 
f 30/655 137/1454 1205/1498 1210/399 
f 1357/834 1356/1111 1369/1059 1370/1855 
f 1364/239 1116/1428 39/1172 1262/1349 
f 1329/37 1330/850 44/93 43/372 
f 1331/581 45/906 44/93 1330/850 
f 1329/37 1332/1399 47/1457 42/1440 
f 37/626 46/644 41/1695 33/1425 
f 42/1441 1326/922 1365/1840 41/1695 
f 1359/1381 49/840 40/887 1138/1318 
f 133/921 1261/540 25/411 
f 160/901 162/289 50/572 35/76 
f 51/1387 34/1155 35/76 50/572 
f 36/1678 34/1155 51/1387 52/1117 
f 1328/310 36/1678 45/907 1331/582 
f 148/1418 1355/291 1337/326 166/1380 
f 39/1172 54/1640 53/42 38/354 
f 1116/1428 1117/358 54/1640 39/1172 
f 52/1117 56/315 45/907 36/1678 
f 57/1138 44/93 45/906 56/316 
f 58/855 43/372 44/93 57/1138 
f 48/1187 43/372 58/855 59/1656 
f 1333/1131 1332/1399 48/1187 59/1656 
f 47/1458 60/1405 1326/922 42/1441 
f 61/333 40/887 49/840 60/1405 
f 55/588 40/887 61/333 62/58 
f 63/870 62/58 61/333 1354/568 
f 1119/894 53/43 54/1641 1117/359 
f 1118/81 1345/1343 1336/600 177/1854 
f 177/1854 1336/600 180/254 
f 67/803 183/1604 182/797 66/1861 
f 63/870 67/803 66/1861 62/58 
f 182/797 187/816 68/538 66/1861 
f 180/254 65/260 68/538 187/816 
f 55/588 68/538 65/260 64/606 
f 55/588 62/58 66/1861 68/538 
f 70/1084 181/1076 188/552 69/1348 
f 71/12 70/1084 69/1348 72/1610 
f 1367/518 1262/1349 39/1172 38/354 
f 57/1139 71/12 72/1610 58/856 
f 194/1025 74/277 69/1348 188/552 
f 59/1657 58/856 72/1610 73/558 
f 74/277 75/1102 72/1610 69/1348 
f 67/803 63/870 75/1102 74/277 
f 183/1604 67/803 74/277 194/1025 
f 59/1657 73/558 63/870 1354/568 1333/1132 
f 56/315 52/1117 71/12 57/1139 
f 1277/1828 198/222 76/821 1274/1563 
f 1275/1296 1274/1563 76/821 77/1624 
f 1276/230 1275/1296 77/1624 78/1364 
f 1264/740 79/297 201/1573 1135/319 
f 1265/475 80/28 79/297 1264/740 
f 1268/1810 1267/1016 82/1294 83/228 
f 1267/1016 1266/1279 81/1561 82/1294 
f 139/676 205/781 81/1561 1266/1279 
f 1268/1810 83/228 80/28 1265/475 
f 1276/230 1278/770 80/28 83/228 
f 1279/509 79/297 80/28 1278/770 
f 1280/162 201/1573 79/297 1279/509 
f 1121/283 96/1329 88/1047 1120/632 
f 94/786 97/998 90/1578 86/508 
f 96/1329 238/1246 239/175 88/1047 
f 253/935 256/1210 238/1246 96/1329 
f 97/998 236/707 235/973 90/1578 
f 252/121 254/672 97/998 94/786 
f 1131/1124 253/935 96/1329 1121/283 
f 249/1720 251/398 92/245 93/1064 
f 250/1469 252/121 94/786 95/1593 
f 220/535 214/1361 211/555 219/257 
f 218/1858 216/25 212/818 217/1590 
f 1394/1383 1393/1112 1383/272 1389/1324 
f 1139/1551 1192/1721 106/1587 103/1357 
f 1221/1497 1217/414 1155/1107 110/795 
f 1377/192 1376/470 1395/156 234/155 
f 1140/1816 108/252 1170/1414 1165/1356 
f 1179/1269 1182/1540 1382/205 1392/1755 
f 1142/497 113/306 111/1073 1177/845 
f 1143/757 1142/497 114/577 225/585 
f 116/1128 115/847 117/1397 118/1647 
f 118/1647 117/1397 119/48 120/323 
f 1154/830 1156/1373 225/585 114/577 
f 1253/760 1257/1271 258/989 123/566 
f 1254/1041 1253/760 123/566 124/831 
f 125/1108 124/831 123/566 121/22 
f 122/287 126/1375 125/1108 121/22 
f 1155/1107 126/1375 122/287 1154/830 
f 1222/335 1220/1658 10/717 
f 234/155 1395/156 1390/502 1153/1021 
f 19/663 24/1480 1215/928 20/388 
f 120/323 119/48 128/33 129/1730 
f 1254/1041 1255/1304 128/33 119/48 
f 125/1108 131/408 130/128 124/831 
f 1194/1687 1199/1178 132/680 133/944 
f 1396/974 1388/1820 1386/1288 1384/748 
f 1187/379 106/1587 1192/1721 107/1852 
f 100/550 227/1135 134/1218 135/1490 
f 1349/553 1213/665 1214/1205 1350/1359 
f 164/1811 191/1050 1270/1601 1273/1838 
f 135/1490 134/1218 1204/1223 1208/436 
f 1123/988 135/1490 1208/436 1206/1756 
f 137/1454 136/1747 1201/416 1205/1498 
f 1263/1086 1356/1111 1195/701 1196/431 
f 1203/955 130/128 131/408 1202/687 
f 1259/1802 1256/1010 132/680 1199/1178 
f 1338/1524 145/443 143/1201 1348/193 
f 1327/424 1366/1306 1362/223 159/1763 
f 1369/1059 1367/518 38/354 1355/291 
f 1363/503 1360/1556 149/1525 1125/1528 
f 1339/1777 153/143 154/426 1340/181 
f 1341/458 1340/181 154/426 155/696 
f 1339/1777 152/460 157/1231 1342/726 
f 146/715 142/924 151/183 156/962 
f 152/461 151/183 1366/1306 1327/424 
f 1362/223 1361/1821 150/1779 159/1763 
f 133/944 132/680 1261/482 
f 160/164 144/1477 161/1019 162/1282 
f 163/1549 161/1019 144/1477 143/1201 
f 145/443 164/1812 163/1549 143/1201 
f 1338/1524 1341/459 155/697 145/443 
f 148/1251 166/493 1346/1530 1335/1280 
f 149/1525 147/980 165/213 167/754 
f 1125/1528 149/1525 167/754 1126/1783 
f 164/1812 145/443 155/697 169/728 
f 170/1002 169/729 155/696 154/426 
f 171/1265 170/1002 154/426 153/143 
f 158/1507 172/1535 171/1265 153/143 
f 1343/1000 172/1535 158/1507 1342/726 
f 157/1232 152/461 1327/424 173/1792 
f 174/199 173/1792 159/1763 150/1779 
f 168/1036 175/477 174/199 150/1779 
f 176/741 1353/975 174/199 175/477 
f 1127/190 1126/1784 167/755 165/214 
f 1118/929 177/1583 1334/1017 1344/993 
f 177/1583 180/527 1334/1017 
f 185/1299 184/1596 182/1067 183/1332 
f 176/741 175/477 184/1596 185/1299 
f 182/1067 184/1596 186/1565 187/1831 
f 180/527 187/1831 186/1565 179/247 
f 168/1036 178/1849 179/247 186/1565 
f 168/1036 186/1565 184/1596 175/477 
f 190/773 189/510 188/232 181/790 
f 191/1051 192/1316 189/510 190/773 
f 72/1610 75/1102 63/870 73/558 
f 170/1003 171/1266 192/1316 191/1051 
f 194/1575 188/232 189/510 195/1842 
f 172/1536 193/1308 192/1316 171/1266 
f 195/1842 189/510 192/1316 196/242 
f 185/1299 195/1842 196/242 176/741 
f 183/1332 194/1575 195/1842 185/1299 
f 172/1536 1343/1001 1353/975 176/741 193/1308 
f 169/728 170/1003 191/1051 164/1812 
f 1277/1056 1281/1673 197/520 198/783 
f 1282/72 199/1061 197/520 1281/1673 
f 1283/350 200/1326 199/1061 1282/72 
f 1269/1337 1135/1768 201/1029 202/1291 
f 1270/1601 1269/1337 202/1291 203/1558 
f 1273/1838 207/765 206/505 1272/1571 
f 1272/1571 206/505 204/1823 1271/4 
f 139/108 1271/4 204/1823 205/225 
f 1273/1838 1270/1601 203/1558 207/765 
f 1283/350 207/765 203/1558 1284/622 
f 1285/883 1284/622 203/1558 202/1291 
f 1280/1420 1285/883 202/1291 201/1029 
f 1129/150 1128/467 213/1099 221/800 
f 219/257 211/555 215/1621 222/1081 
f 1238/1626 1234/560 255/1484 254/672 
f 221/800 213/1099 233/294 230/55 
f 245/369 221/800 230/55 247/903 
f 222/1081 215/1621 232/603 228/1402 
f 244/90 219/257 222/1081 246/641 
f 1130/432 1129/150 221/800 245/369 
f 241/1169 218/1858 217/1590 243/1692 
f 242/1437 220/535 219/257 244/90 
f 1252/525 226/1739 160/901 35/76 
f 247/903 230/55 220/535 242/1437 
f 1216/134 1217/414 1378/798 127/1632 
f 248/1184 228/1402 218/1858 241/1169 
f 246/641 222/1081 228/1402 248/1184 
f 230/55 233/294 214/1361 220/535 
f 228/1402 232/603 216/25 218/1858 
f 239/175 238/1246 95/1593 89/1845 
f 1234/560 240/1771 5/1766 1232/14 
f 8/168 6/1511 1/699 
f 1245/1119 1220/1658 1153/1022 7/445 
f 1158/1815 1218/1140 1222/335 10/717 
f 235/973 236/707 93/1064 91/523 
f 1239/1366 237/1518 4/965 1233/1612 
f 1225/119 248/1184 241/1169 1223/154 
f 1230/1482 247/903 242/1437 1224/1717 
f 1224/1717 242/1437 244/90 1227/671 
f 1223/154 241/1169 243/1692 1226/395 
f 1231/1736 1130/432 245/369 1228/934 
f 1392/835 1397/311 1183/595 1179/1395 
f 1228/934 245/369 247/903 1230/1482 
f 238/1246 256/1210 250/1469 95/1593 
f 236/707 255/1484 249/1720 93/1064 
f 1233/1612 1236/1103 252/121 250/1469 
f 1232/14 1235/279 251/398 249/1720 
f 1240/299 1237/823 253/935 1131/1124 
f 1390/502 1395/156 240/1771 1380/1543 
f 1237/823 1239/1366 256/1210 253/935 
f 257/720 122/287 121/22 
f 123/566 258/989 121/22 
f 259/1413 15/731 16/463 
f 260/1148 17/111 15/731 
f 15/731 259/1413 260/1148 
f 121/22 258/989 257/720 
f 980/1521 981/455 263/616 354/892 
f 357/375 354/892 263/616 264/344 
f 266/877 265/1161 264/344 263/616 
f 982/179 266/877 263/616 981/455 
f 266/877 269/361 268/1429 265/1161 
f 982/179 983/996 269/361 266/877 
f 272/635 268/1430 269/362 271/896 
f 1019/919 1018/103 272/635 271/896 
f 983/997 984/724 271/896 269/362 
f 1032/1336 984/724 273/285 1020/656 
f 1022/1196 276/564 274/19 1021/1473 
f 1020/656 273/285 276/564 1022/1196 
f 281/575 280/1630 277/1372 278/1106 
f 282/303 281/575 278/1106 279/31 
f 273/286 270/82 281/575 282/303 
f 270/82 267/1685 280/1630 281/575 
f 283/1125 280/1630 267/1685 261/68 
f 277/1372 280/1630 283/1125 284/844 
f 286/1394 282/303 279/31 285/1645 
f 276/565 273/286 282/303 286/1394 
f 288/46 262/1668 275/826 287/320 
f 262/1668 288/46 283/1125 261/68 
f 289/1586 287/321 275/827 274/20 
f 274/20 276/565 286/1394 289/1586 
f 290/1320 289/1586 286/1394 285/1645 
f 291/249 287/321 289/1586 290/1320 
f 284/844 283/1125 288/46 292/1851 
f 288/46 287/320 291/250 292/1851 
f 1106/594 1105/862 297/2 298/1599 
f 1108/1145 1107/1411 296/1071 293/793 
f 1110/1664 1109/65 299/547 300/266 
f 1107/1411 1110/1664 300/266 296/1071 
f 1112/340 1111/614 294/530 295/1335 
f 1105/862 1112/340 295/1335 297/2 
f 1111/614 1108/1145 293/793 294/530 
f 1109/66 1106/594 298/1599 299/548 
f 299/548 298/1599 306/744 307/1552 
f 297/2 295/1335 303/1615 305/1023 
f 295/1335 294/530 302/811 303/1615 
f 296/1071 300/266 308/1286 304/1353 
f 298/1599 297/2 305/1023 306/744 
f 293/793 296/1071 304/1353 301/1093 
f 294/530 293/793 301/1093 302/811 
f 300/266 299/547 307/1553 308/1286 
f 302/811 301/1093 309/219 310/1817 
f 308/1286 307/1553 315/1833 316/1568 
f 307/1552 306/744 314/1039 315/1834 
f 305/1023 303/1615 311/758 313/1301 
f 303/1615 302/811 310/1817 311/758 
f 304/1353 308/1286 316/1568 312/498 
f 306/744 305/1023 313/1301 314/1039 
f 301/1093 304/1353 312/498 309/219 
f 312/499 316/1569 324/721 320/777 
f 314/1040 313/1302 321/449 322/170 
f 309/220 312/499 320/777 317/513 
f 310/1818 309/220 317/513 318/235 
f 316/1569 315/1835 323/990 324/721 
f 315/1836 314/1040 322/170 323/991 
f 313/1302 311/759 319/1053 321/449 
f 311/759 310/1818 318/235 319/1053 
f 274/19 275/828 326/1257 325/1529 
f 1021/1473 274/19 325/1529 1023/123 
f 980/1521 986/1261 327/191 262/1669 
f 262/1669 327/191 326/1258 275/829 
f 1002/690 987/196 328/1785 972/506 
f 1031/1600 974/1045 425/1037 1023/123 
f 976/1576 330/468 329/734 975/1843 
f 976/1577 972/506 328/1785 330/469 
f 434/1671 437/618 333/1090 331/544 
f 332/807 331/544 333/1090 334/1351 
f 334/1351 336/18 335/1614 332/807 
f 336/18 338/1143 337/859 335/1614 
f 1026/1850 444/49 443/1648 1025/1585 
f 265/433 334/1351 333/1090 264/733 
f 268/1241 336/18 334/1351 265/433 
f 272/448 338/1143 336/18 268/1241 
f 1018/1319 1026/1850 338/1143 272/448 
f 437/618 445/324 333/1090 
f 357/649 264/733 333/1090 445/324 
f 434/1671 331/544 339/1409 447/865 
f 332/807 335/1614 341/64 340/1662 
f 331/544 332/807 340/1662 339/1409 
f 335/1614 337/859 342/338 341/64 
f 1025/1585 443/1648 451/1667 1027/248 
f 990/472 988/1788 343/1496 349/1242 
f 350/969 349/1242 343/1496 344/1221 
f 351/1769 329/734 330/468 350/970 
f 1030/794 1024/1724 329/734 351/1769 
f 347/703 346/1753 344/1221 343/1496 
f 345/152 344/1222 346/1754 348/434 
f 988/1788 989/738 347/703 343/1496 
f 1028/251 345/152 348/434 1029/1072 
f 1028/251 1030/794 351/1769 345/152 
f 345/152 351/1769 350/970 344/1222 
f 330/469 328/1785 349/1242 350/969 
f 987/196 990/472 349/1242 328/1785 
f 991/1275 354/892 355/1701 992/1013 
f 357/375 356/1446 355/1701 354/892 
f 359/911 355/1701 356/1446 358/97 
f 993/674 992/1013 355/1701 359/911 
f 359/911 358/97 361/1463 362/1190 
f 993/674 359/911 362/1190 994/402 
f 365/669 364/1716 362/1191 361/1464 
f 1004/1225 364/1716 365/669 1003/1501 
f 994/403 362/1191 364/1716 995/1213 
f 1017/381 1005/159 368/933 995/1213 
f 1007/710 1006/1758 370/318 373/1663 
f 1005/159 1007/710 373/1663 368/933 
f 379/391 376/151 375/1752 378/115 
f 380/667 377/1714 376/151 379/391 
f 368/1175 380/667 379/391 363/1683 
f 363/1683 379/391 378/115 360/1462 
f 381/931 352/592 360/1462 378/115 
f 375/1752 382/1206 381/931 378/115 
f 384/1735 383/1481 377/1714 380/667 
f 373/1220 384/1735 380/667 368/1175 
f 386/1819 385/1554 372/950 353/1444 
f 353/1444 352/592 381/931 386/1819 
f 387/221 370/413 372/951 385/1555 
f 370/413 387/221 384/1735 373/1220 
f 388/500 383/1481 384/1735 387/221 
f 389/761 388/500 387/221 385/1555 
f 382/1206 390/1042 386/1819 381/931 
f 386/1819 390/1042 389/762 385/1554 
f 1098/1157 396/204 395/1803 1097/873 
f 1100/1681 391/1305 394/1542 1099/1426 
f 1102/356 398/746 397/483 1101/78 
f 1099/1426 394/1542 398/746 1102/356 
f 1104/888 393/1272 392/1572 1103/628 
f 1097/873 395/1803 393/1272 1104/888 
f 1103/628 392/1572 391/1305 1100/1681 
f 1101/79 397/484 396/204 1098/1157 
f 397/484 405/1339 404/1074 396/204 
f 395/1803 403/796 401/253 393/1272 
f 393/1272 401/253 400/1287 392/1572 
f 394/1542 402/532 406/1602 398/746 
f 396/204 404/1074 403/796 395/1803 
f 391/1305 399/1024 402/532 394/1542 
f 392/1572 400/1287 399/1024 391/1305 
f 398/746 406/1602 405/1340 397/483 
f 400/1287 408/270 407/6 399/1024 
f 406/1602 414/1323 413/1057 405/1340 
f 405/1339 413/1058 412/780 404/1074 
f 403/796 411/517 409/1839 401/253 
f 401/253 409/1839 408/270 400/1287 
f 402/532 410/238 414/1323 406/1602 
f 404/1074 412/780 411/517 403/796 
f 399/1024 407/6 410/238 402/532 
f 410/1334 418/479 422/1550 414/545 
f 412/1863 420/1020 419/1284 411/264 
f 407/1069 415/1352 418/479 410/1334 
f 408/792 416/1091 415/1352 407/1069 
f 414/545 422/1550 421/1813 413/808 
f 413/809 421/1814 420/1020 412/1863 
f 411/264 419/1284 417/742 409/1597 
f 409/1597 417/742 416/1091 408/792 
f 370/318 423/495 424/215 372/860 
f 1006/1758 1008/439 423/495 370/318 
f 991/1275 353/1177 426/756 996/938 
f 353/1177 372/861 424/216 426/756 
f 1001/957 977/1248 428/1300 997/1742 
f 1016/1450 1008/439 425/1037 974/1045 
f 979/1773 978/977 431/775 432/511 
f 979/1774 432/512 428/1300 977/1248 
f 434/1765 433/166 436/444 437/1253 
f 435/716 438/982 436/444 433/166 
f 438/982 435/716 439/1781 440/1526 
f 440/1526 439/1781 441/462 442/185 
f 1011/637 1010/1689 443/1004 444/730 
f 358/98 356/1447 436/444 438/982 
f 361/1465 358/98 438/982 440/1526 
f 365/670 361/1465 440/1526 442/185 
f 1003/1502 365/670 442/185 1011/637 
f 437/1253 436/444 445/1537 
f 357/376 445/1537 436/444 356/1447 
f 434/1765 447/201 446/1267 433/166 
f 435/716 448/1794 449/1479 439/1781 
f 433/166 446/1267 448/1794 435/716 
f 439/1781 449/1479 450/1203 441/462 
f 1010/1689 1012/365 451/130 443/1004 
f 1000/138 462/698 452/1732 998/1486 
f 464/1233 454/410 452/1732 462/698 
f 465/886 464/1235 432/511 431/775 
f 1015/1705 465/886 431/775 1009/87 
f 458/1492 452/1732 454/410 457/1748 
f 455/1219 459/428 457/1749 454/412 
f 998/1486 452/1732 458/1492 999/419 
f 1013/1180 1014/899 459/428 455/1219 
f 1013/1180 455/1219 465/886 1015/1705 
f 455/1219 454/412 464/1235 465/886 
f 432/512 464/1233 462/698 428/1300 
f 997/1742 428/1300 462/698 1000/138 
f 616/815 473/1186 468/1171 608/1672 
f 496/75 495/353 480/662 479/926 
f 607/71 609/1341 469/92 467/1439 
f 608/1672 610/1075 322/171 321/450 
f 468/1171 594/1634 593/35 470/1694 
f 473/1186 562/920 561/1197 478/110 
f 472/371 530/197 529/474 477/387 
f 610/1077 611/7 475/1711 322/172 
f 611/7 612/1603 474/905 475/1711 
f 612/1603 613/551 323/992 474/905 
f 607/71 467/1439 471/643 614/271 
f 614/271 471/643 472/371 615/1096 
f 615/1096 472/371 473/1186 616/815 
f 505/27 503/1363 484/587 483/854 
f 495/355 497/1609 482/41 480/664 
f 498/1347 496/75 479/926 481/314 
f 497/1611 498/1347 481/314 482/44 
f 485/1404 483/854 484/587 486/1137 
f 506/1623 504/1101 485/1404 486/1137 
f 504/1101 505/27 483/854 485/1404 
f 503/1365 506/1625 486/1141 484/589 
f 493/1677 492/869 490/332 487/57 
f 494/1424 491/1154 488/1655 489/605 
f 492/871 494/1424 489/605 490/334 
f 491/1154 493/1679 487/59 488/1655 
f 479/926 480/662 493/1679 491/1154 
f 482/44 481/314 494/1424 492/871 
f 481/314 479/926 491/1154 494/1424 
f 480/664 482/41 492/869 493/1677 
f 476/1456 471/643 498/1347 497/1611 
f 471/643 467/1439 496/75 498/1347 
f 469/94 476/1460 497/1609 495/355 
f 467/1439 469/92 495/353 496/75 
f 509/1116 508/296 502/557 499/276 
f 510/839 507/571 501/820 500/11 
f 508/298 510/839 500/11 502/559 
f 507/571 509/1118 499/278 501/820 
f 499/276 502/557 506/1625 503/1365 
f 500/11 501/820 505/27 504/1101 
f 502/559 500/11 504/1101 506/1623 
f 501/820 499/278 503/1363 505/27 
f 488/1655 487/59 509/1118 507/571 
f 490/334 489/605 510/839 508/298 
f 489/605 488/1655 507/571 510/839 
f 487/57 490/332 508/296 509/1116 
f 528/802 527/1083 512/1386 511/1639 
f 537/751 535/209 516/1310 515/1579 
f 527/1085 529/473 514/767 512/1388 
f 530/197 528/802 511/1639 513/1046 
f 529/474 530/197 513/1046 514/768 
f 517/244 515/1579 516/1310 518/1844 
f 538/490 536/1807 517/244 518/1844 
f 536/1807 537/751 515/1579 517/244 
f 535/210 538/491 518/1846 516/1312 
f 525/537 524/1592 522/1063 519/785 
f 526/259 523/1860 520/522 521/1328 
f 524/1594 526/259 521/1328 522/1065 
f 523/1860 525/539 519/787 520/522 
f 511/1639 512/1386 525/539 523/1860 
f 514/768 513/1046 526/259 524/1594 
f 513/1046 511/1639 523/1860 526/259 
f 512/1388 514/767 524/1592 525/537 
f 541/1825 540/1031 534/1276 531/1014 
f 542/1560 539/1293 533/1547 532/739 
f 540/1032 542/1560 532/739 534/1277 
f 539/1293 541/1826 531/1015 533/1547 
f 531/1014 534/1276 538/491 535/210 
f 532/739 533/1547 537/751 536/1807 
f 534/1277 532/739 536/1807 538/490 
f 533/1547 531/1015 535/209 537/751 
f 520/522 519/787 541/1826 539/1293 
f 522/1065 521/1328 542/1560 540/1032 
f 521/1328 520/522 539/1293 542/1560 
f 519/785 522/1063 540/1031 541/1825 
f 560/1534 559/1789 544/227 543/507 
f 569/1487 567/939 548/160 547/440 
f 559/1790 561/1198 546/1503 544/229 
f 562/920 560/1534 543/507 545/1759 
f 561/1197 562/920 545/1759 546/1504 
f 549/978 547/440 548/160 550/711 
f 570/1214 568/675 549/978 550/711 
f 568/675 569/1487 547/440 549/978 
f 567/940 570/1215 550/712 548/161 
f 557/1262 556/456 554/1775 551/1522 
f 558/999 555/725 552/1249 553/180 
f 556/457 558/999 553/180 554/1776 
f 555/725 557/1263 551/1523 552/1249 
f 543/507 544/227 557/1263 555/725 
f 546/1504 545/1759 558/999 556/457 
f 545/1759 543/507 555/725 558/999 
f 544/229 546/1503 556/456 557/1262 
f 573/691 572/1743 566/124 563/1725 
f 574/420 571/139 565/404 564/1474 
f 572/1744 574/420 564/1474 566/125 
f 571/139 573/693 563/1726 565/404 
f 563/1725 566/124 570/1215 567/940 
f 564/1474 565/404 569/1487 568/675 
f 566/125 564/1474 568/675 570/1214 
f 565/404 563/1726 567/939 569/1487 
f 552/1249 551/1523 573/693 571/139 
f 554/1776 553/180 574/420 572/1744 
f 553/180 552/1249 571/139 574/420 
f 551/1522 554/1775 572/1743 573/691 
f 592/382 591/657 576/958 575/1226 
f 601/325 599/1649 580/880 579/1166 
f 591/658 593/36 578/348 576/959 
f 594/1634 592/382 575/1226 577/619 
f 593/35 594/1634 577/619 578/349 
f 581/1690 579/1166 580/880 582/1432 
f 602/50 600/1398 581/1690 582/1432 
f 600/1398 601/325 579/1166 581/1690 
f 599/1650 602/51 582/1433 580/881 
f 589/104 588/1181 586/638 583/366 
f 590/1706 587/1451 584/88 585/900 
f 588/1182 590/1706 585/900 586/639 
f 587/1451 589/105 583/367 584/88 
f 575/1226 576/958 589/105 587/1451 
f 578/349 577/619 590/1706 588/1182 
f 577/619 575/1226 587/1451 590/1706 
f 576/959 578/348 588/1181 589/104 
f 605/1417 604/598 598/848 595/579 
f 606/1151 603/866 597/1130 596/308 
f 604/599 606/1151 596/308 598/849 
f 603/866 605/1419 595/580 597/1130 
f 595/579 598/848 602/51 599/1650 
f 596/308 597/1130 601/325 600/1398 
f 598/849 596/308 600/1398 602/50 
f 597/1130 595/580 599/1649 601/325 
f 584/88 583/367 605/1419 603/866 
f 586/639 585/900 606/1151 604/599 
f 585/900 584/88 603/866 606/1151 
f 583/366 586/638 604/598 605/1417 
f 477/389 529/473 527/1085 476/1460 
f 476/1456 527/1083 528/802 471/643 
f 471/643 528/802 530/197 472/371 
f 478/112 561/1198 559/1790 477/389 
f 477/387 559/1789 560/1534 472/371 
f 472/371 560/1534 562/920 473/1186 
f 470/1696 593/36 591/658 478/112 
f 478/110 591/657 592/382 473/1186 
f 473/1186 592/382 594/1634 468/1171 
f 318/236 615/1096 616/815 319/1054 
f 317/514 614/271 615/1096 318/236 
f 320/778 607/71 614/271 317/514 
f 477/389 476/1460 613/551 612/1603 
f 478/112 477/389 612/1603 611/7 
f 470/1696 478/112 611/7 610/1077 
f 468/1171 470/1694 610/1075 608/1672 
f 320/778 324/722 609/1341 607/71 
f 476/1460 469/94 609/1342 613/551 
f 319/1054 616/815 608/1672 321/450 
f 618/1358 617/1619 324/722 323/992 
f 323/992 613/551 618/1358 
f 618/1358 613/551 620/23 622/567 
f 609/1341 324/722 617/1619 
f 622/567 620/23 624/1110 626/501 
f 613/551 609/1342 619/288 620/23 
f 609/1341 617/1619 621/833 619/290 
f 617/1619 618/1358 622/567 621/833 
f 624/1110 623/1377 625/763 626/501 
f 620/23 619/288 623/1378 624/1110 
f 619/290 621/833 625/763 623/1379 
f 621/833 622/567 626/501 625/763 
f 475/1711 474/905 323/992 322/172 
f 776/1089 768/1247 628/1483 633/378 
f 656/1805 639/120 640/396 655/1544 
f 767/976 627/1209 629/1737 769/1066 
f 768/1247 419/1376 420/1633 770/1331 
f 628/1483 630/135 753/1519 754/1772 
f 633/378 638/1718 721/364 722/636 
f 632/686 637/1467 689/54 690/329 
f 770/1333 420/1635 635/913 771/1595 
f 771/1595 635/913 634/652 772/1862 
f 772/1862 634/652 421/34 773/263 
f 767/976 774/543 631/415 627/1209 
f 774/543 775/806 632/686 631/415 
f 775/806 776/1089 633/378 632/686 
f 665/504 643/749 644/1028 663/534 
f 655/1545 640/397 642/487 657/782 
f 658/1060 641/207 639/120 656/1805 
f 657/784 642/488 641/207 658/1060 
f 645/1290 646/1557 644/1028 643/749 
f 666/764 646/1557 645/1290 664/799 
f 664/799 645/1290 643/749 665/504 
f 663/536 644/1030 646/1559 666/766 
f 653/1011 647/1822 650/194 652/736 
f 654/1274 649/1787 648/224 651/471 
f 652/737 650/195 649/1787 654/1274 
f 651/471 648/224 647/1824 653/1012 
f 639/120 651/471 653/1012 640/396 
f 642/488 652/737 654/1274 641/207 
f 641/207 654/1274 651/471 639/120 
f 640/397 653/1011 652/736 642/487 
f 636/1193 657/784 658/1060 631/415 
f 631/415 658/1060 656/1805 627/1209 
f 629/1738 655/1545 657/782 636/1194 
f 627/1209 656/1805 655/1544 629/1737 
f 669/1574 659/1325 662/256 668/1307 
f 670/1841 660/1589 661/1857 667/1043 
f 668/1309 662/258 660/1589 670/1841 
f 667/1043 661/1857 659/1327 669/1581 
f 659/1325 663/536 666/766 662/256 
f 660/1589 664/799 665/504 661/1857 
f 662/258 666/764 664/799 660/1589 
f 661/1857 665/504 663/534 659/1327 
f 648/224 667/1043 669/1581 647/1824 
f 650/195 668/1309 670/1841 649/1787 
f 649/1787 670/1841 667/1043 648/224 
f 647/1822 669/1574 668/1307 650/194 
f 688/1098 671/241 672/519 687/817 
f 697/1637 675/24 676/293 695/1674 
f 687/819 672/521 674/1620 689/56 
f 690/329 673/1360 671/241 688/1098 
f 689/54 674/1622 673/1360 690/329 
f 677/569 678/836 676/293 675/24 
f 698/38 678/836 677/569 696/73 
f 696/73 677/569 675/24 697/1637 
f 695/1675 676/295 678/837 698/39 
f 685/273 679/1113 682/1344 684/8 
f 686/554 681/1080 680/1384 683/1606 
f 684/9 682/1345 681/1080 686/554 
f 683/1606 680/1384 679/1114 685/274 
f 671/241 683/1606 685/274 672/519 
f 674/1622 684/9 686/554 673/1360 
f 673/1360 686/554 683/1606 671/241 
f 672/521 685/273 684/8 674/1620 
f 701/851 691/602 694/1421 700/584 
f 702/1134 692/867 693/1152 699/312 
f 700/586 694/1422 692/867 702/1134 
f 699/312 693/1152 691/604 701/852 
f 691/602 695/1675 698/39 694/1421 
f 692/867 696/73 697/1637 693/1152 
f 694/1422 698/38 696/73 692/867 
f 693/1152 697/1637 695/1674 691/604 
f 680/1384 699/312 701/852 679/1114 
f 682/1345 700/586 702/1134 681/1080 
f 681/1080 702/1134 699/312 680/1384 
f 679/1113 701/851 700/584 682/1344 
f 720/1396 703/1401 704/1652 719/1127 
f 729/70 707/322 708/596 727/101 
f 719/1129 704/1653 706/47 721/363 
f 722/636 705/1646 703/1401 720/1396 
f 721/364 706/52 705/1646 722/636 
f 709/864 710/1149 708/596 707/322 
f 730/346 710/1149 709/864 728/380 
f 728/380 709/864 707/322 729/70 
f 727/102 708/597 710/1150 730/347 
f 717/576 711/1415 714/1631 716/305 
f 718/846 713/1374 712/1670 715/32 
f 716/307 714/1636 713/1374 718/846 
f 715/32 712/1670 711/1416 717/578 
f 703/1401 715/32 717/578 704/1652 
f 706/52 716/307 718/846 705/1646 
f 705/1646 718/846 715/32 703/1401 
f 704/1653 717/576 716/305 706/47 
f 733/1163 723/897 726/1703 732/878 
f 734/1431 724/1179 725/1449 731/617 
f 732/879 726/1704 724/1179 734/1431 
f 731/617 725/1449 723/898 733/1164 
f 723/897 727/102 730/347 726/1703 
f 724/1179 728/380 729/70 725/1449 
f 726/1704 730/346 728/380 724/1179 
f 725/1449 729/70 727/101 723/898 
f 712/1670 731/617 733/1164 711/1416 
f 714/1636 732/879 734/1431 713/1374 
f 713/1374 734/1431 731/617 712/1670 
f 711/1415 733/1163 732/878 714/1631 
f 752/673 735/1688 736/85 751/400 
f 761/1224 739/1485 740/1740 759/1259 
f 751/401 736/86 738/1211 753/1520 
f 754/1772 737/937 735/1688 752/673 
f 753/1519 738/1212 737/937 754/1772 
f 741/137 742/417 740/1740 739/1485 
f 762/1499 742/417 741/137 760/1531 
f 760/1531 741/137 739/1485 761/1224 
f 759/1260 740/1741 742/418 762/1500 
f 749/1722 743/688 746/917 748/1471 
f 750/122 745/654 744/956 747/1195 
f 748/1472 746/918 745/654 750/122 
f 747/1195 744/956 743/689 749/1723 
f 735/1688 747/1195 749/1723 736/85 
f 738/1212 748/1472 750/122 737/937 
f 737/937 750/122 747/1195 735/1688 
f 736/86 749/1722 748/1471 738/1211 
f 765/437 755/177 758/994 764/157 
f 766/709 756/454 757/723 763/1757 
f 764/158 758/995 756/454 766/709 
f 763/1757 757/723 755/178 765/438 
f 755/177 759/1260 762/1500 758/994 
f 756/454 760/1531 761/1224 757/723 
f 758/995 762/1499 760/1531 756/454 
f 757/723 761/1224 759/1259 755/178 
f 744/956 763/1757 765/438 743/689 
f 746/918 764/158 766/709 745/654 
f 745/654 766/709 763/1757 744/956 
f 743/688 765/437 764/157 746/917 
f 637/1468 636/1194 687/819 689/56 
f 636/1193 631/415 688/1098 687/817 
f 631/415 632/686 690/329 688/1098 
f 638/1719 637/1468 719/1129 721/363 
f 637/1467 632/686 720/1396 719/1127 
f 632/686 633/378 722/636 720/1396 
f 630/136 638/1719 751/401 753/1520 
f 638/1718 633/378 752/673 751/400 
f 633/378 628/1483 754/1772 752/673 
f 416/1853 417/832 776/1089 775/806 
f 415/1588 416/1853 775/806 774/543 
f 418/1109 415/1588 774/543 767/976 
f 637/1468 772/1862 773/263 636/1194 
f 638/1719 771/1595 772/1862 637/1468 
f 630/136 770/1333 771/1595 638/1719 
f 628/1483 768/1247 770/1331 630/135 
f 418/1109 767/976 769/1066 422/309 
f 636/1194 773/263 769/1068 629/1738 
f 417/832 419/1376 768/1247 776/1089 
f 778/1049 421/34 422/309 777/772 
f 421/34 778/1049 773/263 
f 778/1049 782/246 780/1582 773/263 
f 769/1066 777/772 422/309 
f 782/246 786/29 784/789 780/1582 
f 773/263 780/1582 779/1315 769/1068 
f 769/1066 779/1317 781/1848 777/772 
f 777/772 781/1848 782/246 778/1049 
f 784/789 786/29 785/1628 783/526 
f 780/1582 784/789 783/528 779/1315 
f 779/1317 783/529 785/1628 781/1848 
f 781/1848 785/1628 786/29 782/246 
f 635/913 420/1635 421/34 634/652 
f 1287/1435 792/1642 789/842 1286/1167 
f 1288/1133 790/1122 792/1642 1287/1435 
f 1058/1146 1057/863 793/1350 794/1613 
f 893/1281 1089/1173 1090/1442 890/476 
f 1288/1133 1289/1400 796/281 790/1122 
f 1289/1400 1290/1651 797/561 796/281 
f 886/1830 1092/95 1093/373 884/1298 
f 1061/67 1060/1665 798/824 799/1104 
f 1286/1167 789/842 800/1367 1291/53 
f 878/979 884/1298 1093/373 1095/909 
f 1290/1651 1292/328 802/611 797/561 
f 877/714 878/979 1095/909 1096/1188 
f 1292/328 1293/601 804/1158 802/611 
f 879/1250 877/714 1096/1188 1094/646 
f 1291/60 800/1368 804/1158 1293/601 
f 811/591 808/357 807/80 810/317 
f 809/45 794/1613 793/1350 810/317 
f 806/1682 809/45 810/317 807/80 
f 795/17 811/591 810/317 793/1350 
f 816/63 815/1661 812/858 813/1142 
f 817/910 816/63 813/1142 814/1408 
f 805/1427 803/874 816/63 817/910 
f 803/874 799/1104 815/1661 816/63 
f 798/824 794/1613 809/45 818/1189 
f 806/1682 819/1461 818/1189 809/45 
f 798/824 818/1189 815/1661 799/1104 
f 812/858 815/1661 818/1189 819/1461 
f 801/337 820/1713 811/591 795/17 
f 808/357 811/591 820/1713 821/114 
f 801/339 805/1427 817/910 820/1715 
f 814/1408 821/116 820/1715 817/910 
f 1042/563 807/80 808/357 1041/284 
f 1043/825 806/1682 807/80 1042/563 
f 1044/1105 1043/825 824/930 825/629 
f 1045/1370 826/889 822/390 1041/284 
f 826/890 920/633 919/360 822/392 
f 1047/30 828/1443 829/1699 1046/1629 
f 1048/302 827/1174 828/1443 1047/30 
f 1048/302 1044/1105 825/629 827/1174 
f 1046/1629 829/1699 826/891 1045/1371 
f 920/634 826/893 829/1700 924/1147 
f 919/360 926/1666 830/96 822/392 
f 926/1666 928/343 831/374 830/96 
f 836/1453 835/1183 832/648 833/640 
f 837/1708 836/1453 833/640 834/902 
f 827/1176 825/630 836/1453 837/1708 
f 825/630 824/932 835/1183 836/1453 
f 823/666 822/392 830/96 838/107 
f 823/666 838/107 835/1183 824/932 
f 928/343 937/895 839/384 831/374 
f 839/384 841/351 840/659 831/374 
f 831/374 840/659 838/107 830/96 
f 832/648 835/1183 838/107 840/659 
f 841/351 842/623 832/648 840/659 
f 833/640 832/648 842/623 843/884 
f 834/902 833/640 843/884 844/1168 
f 849/1217 944/914 943/653 848/368 
f 828/1445 827/1176 837/1708 845/1436 
f 844/1168 847/89 846/1691 834/902 
f 834/902 846/1691 845/1436 837/1708 
f 848/368 850/1489 845/1436 846/1691 
f 943/653 948/706 850/1489 848/368 
f 847/89 849/1217 848/368 846/1691 
f 924/1147 829/1700 850/1489 948/706 
f 829/1700 828/1445 845/1436 850/1489 
f 1315/1506 796/282 852/142 1316/1761 
f 1318/441 1317/163 854/695 855/961 
f 860/1729 857/923 854/695 787/301 
f 858/1200 857/923 860/1729 861/127 
f 791/1391 861/127 860/1729 787/301 
f 788/574 862/407 861/127 791/1391 
f 859/1476 858/1200 861/127 862/407 
f 788/574 851/1746 859/1476 862/407 
f 858/1200 864/943 863/679 857/923 
f 859/1476 865/1778 864/943 858/1200 
f 853/425 865/1778 859/1476 851/1746 
f 855/961 854/695 857/923 863/679 
f 802/612 867/464 866/182 797/562 
f 804/1159 868/727 867/465 802/613 
f 797/562 866/182 852/142 796/282 
f 804/1159 800/1369 856/1230 868/727 
f 864/945 869/1005 855/963 863/681 
f 1319/713 1318/442 855/963 869/1005 
f 867/466 868/732 856/1237 870/1264 
f 866/184 867/466 870/1264 852/144 
f 1316/1762 1319/713 869/1005 853/427 
f 865/1780 853/427 869/1005 864/945 
f 1295/1791 1294/198 873/1793 876/200 
f 1296/1475 1295/1791 876/200 874/1538 
f 1050/1303 881/946 880/1283 1049/1570 
f 1304/1745 1082/153 1081/435 1303/941 
f 1296/1475 874/1538 883/1491 1297/1199 
f 1297/1199 883/1491 885/145 1298/126 
f 1306/423 1085/1516 1084/704 1305/1488 
f 1053/779 888/429 887/700 1052/1837 
f 1294/198 1299/1727 889/1238 873/1793 
f 1306/423 1308/960 1087/173 1085/1516 
f 1298/126 885/145 892/1508 1300/677 
f 1308/960 1309/694 1088/1770 1087/173 
f 1300/677 892/1508 895/981 1301/405 
f 1309/694 1307/140 1086/1243 1088/1770 
f 1299/1728 1301/405 895/981 889/1239 
f 903/109 902/1185 899/904 900/642 
f 901/1455 902/1185 880/1283 881/946 
f 898/91 899/904 902/1185 901/1455 
f 882/682 880/1283 902/1185 903/109 
f 908/925 905/661 904/1710 907/1202 
f 909/1731 906/386 905/661 908/925 
f 897/370 909/1731 908/925 894/165 
f 894/165 908/925 907/1202 888/429 
f 887/700 910/1478 901/1455 881/946 
f 898/91 901/1455 910/1478 911/409 
f 887/700 888/429 907/1202 910/1478 
f 904/1710 911/409 910/1478 907/1202 
f 891/1764 882/682 903/109 912/129 
f 900/642 913/1654 912/129 903/109 
f 891/1767 912/132 909/1731 897/370 
f 906/386 909/1731 912/132 913/1659 
f 1034/3 1033/267 900/642 899/904 
f 1035/812 1034/3 899/904 898/91 
f 1036/549 917/868 916/61 1035/812 
f 1037/1354 1033/267 914/1403 918/607 
f 918/608 914/1406 919/1423 920/1153 
f 1039/21 1038/1094 923/624 922/1676 
f 1040/1616 1039/21 922/1676 921/74 
f 1040/1616 921/74 917/868 1036/549 
f 1038/1094 1037/1355 918/609 923/624 
f 920/1156 924/352 923/625 918/610 
f 919/1423 914/1406 925/1170 926/885 
f 926/885 925/1170 927/1693 928/1438 
f 933/300 930/822 929/1100 932/1362 
f 934/26 931/1627 930/822 933/300 
f 921/77 934/26 933/300 917/872 
f 917/872 933/300 932/1362 916/62 
f 915/331 935/838 925/1170 914/1406 
f 915/331 916/62 932/1362 935/838 
f 928/1438 927/1693 936/570 937/1385 
f 936/570 927/1693 938/1115 939/40 
f 927/1693 925/1170 935/838 938/1115 
f 929/1100 938/1115 935/838 932/1362 
f 939/40 938/1115 929/1100 940/1638 
f 930/822 941/590 940/1638 929/1100 
f 931/1627 942/313 941/590 930/822 
f 950/1330 949/1591 943/1136 944/853 
f 922/1680 945/524 934/26 921/77 
f 942/313 931/1627 946/243 947/1062 
f 931/1627 934/26 945/524 946/243 
f 949/1591 946/243 945/524 951/261 
f 943/1136 949/1591 951/261 948/788 
f 947/1062 946/243 949/1591 950/1330 
f 924/352 948/788 951/261 923/625 
f 923/625 951/261 945/524 922/1680 
f 871/1268 1323/1452 1312/882 955/1346 
f 1310/1505 1311/1228 953/801 883/1494 
f 1313/620 956/1082 955/1346 1312/882 
f 961/1806 871/1268 955/1346 958/1608 
f 959/556 962/1546 961/1806 958/1608 
f 875/478 871/1268 961/1806 962/1546 
f 872/1006 875/478 962/1546 963/489 
f 960/275 963/489 962/1546 959/556 
f 872/1006 963/489 960/275 952/1859 
f 959/556 958/1608 964/208 965/1033 
f 960/275 959/556 965/1033 966/750 
f 954/541 952/1859 960/275 966/750 
f 956/1082 964/208 958/1608 955/1346 
f 892/1509 885/146 967/1562 968/1292 
f 895/984 892/1513 968/1295 969/226 
f 885/146 883/1494 953/801 967/1562 
f 895/984 969/226 957/10 889/1240 
f 965/1034 964/211 956/1087 970/1827 
f 1314/1434 970/1827 956/1087 1313/621 
f 968/1297 971/769 957/13 969/231 
f 967/1564 953/804 971/769 968/1297 
f 1311/1229 954/542 970/1827 1314/1434 
f 966/752 965/1034 970/1827 954/542 
f 424/216 979/1774 977/1248 426/756 
f 424/215 423/495 978/977 979/1773 
f 1009/87 1016/1450 974/1045 430/1832 
f 996/938 426/756 977/1248 1001/957 
f 326/1258 327/191 972/506 976/1577 
f 326/1257 976/1576 975/1843 325/1529 
f 1024/1724 430/1832 974/1045 1031/1600 
f 986/1261 1002/690 972/506 327/191 
f 427/1566 973/1313 1002/690 986/1261 
f 427/1566 996/938 1001/957 973/1313 
f 429/233 997/1742 1000/138 463/1514 
f 453/684 998/1486 999/419 460/147 
f 463/1514 1000/138 998/1486 453/684 
f 973/1313 1001/957 997/1742 429/233 
f 354/892 991/1275 996/938 427/1566 
f 1004/1225 1017/381 995/1213 364/1716 
f 363/117 994/403 995/1213 368/933 
f 360/650 993/674 994/402 363/118 
f 360/650 352/1515 992/1013 993/674 
f 353/1177 991/1275 992/1013 352/1515 
f 429/233 463/1514 990/472 987/196 
f 453/684 460/147 989/738 988/1788 
f 463/1514 453/684 988/1788 990/472 
f 973/1313 429/233 987/196 1002/690 
f 354/892 427/1566 986/1261 980/1521 
f 1019/919 271/896 984/724 1032/1336 
f 270/83 273/285 984/724 983/997 
f 267/1686 270/84 983/996 982/179 
f 267/1686 982/179 981/455 261/69 
f 262/1669 261/69 981/455 980/1521 
f 367/1207 985/1533 1017/381 1004/1225 
f 431/775 978/977 1016/1450 1009/87 
f 456/948 1013/1180 1015/1705 466/627 
f 456/948 461/964 1014/899 1013/1180 
f 466/627 1015/1705 1009/87 430/1832 
f 441/462 450/1203 1012/365 1010/1689 
f 366/393 1003/1502 1011/637 444/730 
f 442/185 441/462 1010/1689 1011/637 
f 978/977 423/495 1008/439 1016/1450 
f 371/1144 425/1037 1008/439 1006/1758 
f 369/593 374/1410 1007/710 1005/159 
f 374/1410 371/1144 1006/1758 1007/710 
f 985/1533 369/593 1005/159 1017/381 
f 367/1207 1004/1225 1003/1501 366/394 
f 367/1207 1019/919 1032/1336 985/1533 
f 329/734 1024/1724 1031/1600 975/1843 
f 456/948 466/627 1030/794 1028/251 
f 456/948 1028/251 1029/1072 461/964 
f 466/627 430/1832 1024/1724 1030/794 
f 337/859 1025/1585 1027/248 342/338 
f 366/631 444/49 1026/1850 1018/1319 
f 338/1143 1026/1850 1025/1585 337/859 
f 975/1843 1031/1600 1023/123 325/1529 
f 371/1144 1021/1473 1023/123 425/1037 
f 369/593 1020/656 1022/1196 374/1410 
f 374/1410 1022/1196 1021/1473 371/1144 
f 985/1533 1032/1336 1020/656 369/593 
f 367/1207 366/394 1018/103 1019/919 
f 906/386 913/1659 1037/1355 1038/1094 
f 904/1710 1040/1616 1036/549 911/409 
f 904/1710 905/661 1039/21 1040/1616 
f 905/661 906/386 1038/1094 1039/21 
f 913/1654 900/642 1033/267 1037/1354 
f 911/409 1036/549 1035/812 898/91 
f 916/61 915/336 1034/3 1035/812 
f 915/336 914/1403 1033/267 1034/3 
f 814/1408 1046/1629 1045/1371 821/116 
f 812/858 819/1461 1044/1105 1048/302 
f 812/858 1048/302 1047/30 813/1142 
f 813/1142 1047/30 1046/1629 814/1408 
f 821/114 1045/1370 1041/284 808/357 
f 819/1461 806/1682 1043/825 1044/1105 
f 824/930 1043/825 1042/563 823/668 
f 823/668 1042/563 1041/284 822/390 
f 891/1767 897/370 1056/1055 1054/515 
f 894/165 1055/1321 1056/1055 897/370 
f 888/429 1053/779 1055/1321 894/165 
f 882/682 891/1764 1054/516 1051/237 
f 1085/1516 1053/779 1052/1837 1084/704 
f 881/946 1050/1303 1052/1837 887/700 
f 882/682 1051/237 1049/1570 880/1283 
f 1082/153 1050/1303 1049/1570 1081/435 
f 801/339 1062/341 1064/876 805/1427 
f 803/874 805/1427 1064/876 1063/615 
f 799/1104 803/874 1063/615 1061/67 
f 795/17 1059/1412 1062/342 801/337 
f 1093/373 1092/95 1060/1665 1061/67 
f 794/1613 798/824 1060/1665 1058/1146 
f 795/17 793/1350 1057/863 1059/1412 
f 1090/1442 1089/1173 1057/863 1058/1146 
f 1307/140 1309/694 1072/481 1070/1800 
f 1308/960 1071/745 1072/481 1309/694 
f 1306/423 1069/203 1071/745 1308/960 
f 1302/1216 1307/141 1070/1801 1065/1009 
f 1305/1488 1068/1270 1069/203 1306/423 
f 1304/1745 1067/1541 1068/1270 1305/1488 
f 1304/1745 1303/941 1066/735 1067/1541 
f 1303/941 1302/1216 1065/1009 1066/735 
f 879/1250 1078/912 1080/1466 877/714 
f 878/979 877/714 1080/1466 1079/1192 
f 884/1298 878/979 1079/1192 1077/651 
f 896/212 1073/1448 1078/915 879/1252 
f 886/1830 884/1298 1077/651 1076/377 
f 890/476 886/1830 1076/377 1075/99 
f 890/476 1075/99 1074/1702 893/1281 
f 893/1281 1074/1702 1073/1448 896/212 
f 1054/515 1056/1055 1088/1770 1086/1243 
f 1055/1321 1087/173 1088/1770 1056/1055 
f 1053/779 1085/1516 1087/173 1055/1321 
f 1051/237 1054/516 1086/1244 1083/971 
f 1050/1303 1082/153 1084/704 1052/1837 
f 1051/237 1083/971 1081/435 1049/1570 
f 1062/341 1094/646 1096/1188 1064/876 
f 1063/615 1064/876 1096/1188 1095/909 
f 1061/67 1063/615 1095/909 1093/373 
f 1059/1412 1091/1698 1094/647 1062/342 
f 1058/1146 1060/1665 1092/95 1090/1442 
f 1059/1412 1057/863 1089/1173 1091/1698 
f 389/761 1101/79 1098/1157 388/500 
f 376/151 1103/628 1100/1681 375/1752 
f 383/1481 1097/873 1104/888 377/1714 
f 377/1714 1104/888 1103/628 376/151 
f 382/1206 1099/1426 1102/356 390/1042 
f 390/1042 1102/356 1101/78 389/762 
f 375/1752 1100/1681 1099/1426 382/1206 
f 388/500 1098/1157 1097/873 383/1481 
f 291/249 290/1320 1106/594 1109/66 
f 278/1106 277/1372 1108/1145 1111/614 
f 285/1645 279/31 1112/340 1105/862 
f 279/31 278/1106 1111/614 1112/340 
f 284/844 292/1851 1110/1664 1107/1411 
f 292/1851 291/250 1109/65 1110/1664 
f 277/1372 284/844 1107/1411 1108/1145 
f 290/1320 285/1645 1105/862 1106/594 
f 1235/279 1240/299 1131/1124 251/398 
f 1226/395 243/1692 1130/432 1231/1736 
f 243/1692 217/1590 1129/150 1130/432 
f 217/1590 212/818 1128/467 1129/150 
f 166/494 1118/929 1344/993 1346/1532 
f 178/1849 168/1036 1126/1784 1127/190 
f 150/1779 1125/1528 1126/1783 168/1036 
f 1361/1821 1363/503 1125/1528 150/1779 
f 136/1747 1123/988 1206/1756 1201/416 
f 101/814 1136/169 134/1218 227/1135 
f 251/398 1131/1124 1121/283 92/245 
f 92/245 1121/283 1120/632 87/1311 
f 166/1382 1337/327 1345/1343 1118/81 
f 64/606 1119/894 1117/359 55/588 
f 40/887 55/588 1117/358 1116/1428 
f 1138/1318 40/887 1116/1428 1364/239 
f 28/683 1200/1512 1207/908 1114/875 
f 237/1518 26/131 1137/1584 4/965 
f 1176/1162 1177/845 111/1073 112/1338 
f 1229/1208 1227/671 244/90 246/641 
f 1236/1103 1238/1626 254/672 252/121 
f 98/5 106/1587 101/814 1241/705 
f 1136/169 1212/936 1204/1223 134/1218 
f 1356/1111 1357/834 1189/949 1195/701 
f 106/1587 98/5 103/1357 
f 2/430 28/683 1114/875 1113/1160 
f 224/1607 113/306 1142/497 1143/757 
f 109/531 1140/1816 1165/1356 1166/1617 
f 105/1322 1191/1470 1192/1721 1139/1551 
f 1382/205 1396/974 1384/748 1387/1026 
f 106/1587 1187/379 1136/169 101/814 
f 224/485 1148/265 1147/546 113/421 
f 109/492 1166/234 1168/776 1145/1 
f 105/1278 1144/1070 1190/685 1191/1495 
f 1393/1112 1391/1856 1379/1079 1383/272 
f 109/531 1244/1517 1247/451 1140/1816 
f 1186/100 1178/1126 1391/1856 1393/1112 
f 1150/810 1248/1314 1245/1120 7/446 
f 1173/345 1242/972 1166/1617 1165/1356 
f 1219/952 1246/174 104/1618 1152/743 
f 1186/100 1393/1112 1394/1383 1152/743 
f 1178/1126 1183/595 1397/311 1391/1856 
f 1392/1755 1382/205 1387/1026 1385/486 
f 1155/1107 1217/414 1216/134 126/1375 
f 122/287 257/720 1156/1373 1154/830 
f 254/672 255/1484 236/707 97/998 
f 16/463 1157/217 1160/496 259/1413 
f 1162/1038 1158/1815 10/717 1164/1567 
f 1174/1255 1172/718 1146/1598 1175/188 
f 1163/813 1161/268 1243/1245 1141/218 
f 1168/776 1166/234 1242/841 1171/985 1167/1052 
f 1164/1567 1169/447 1168/776 1167/1052 1146/1598 
f 1165/1356 1170/1414 1163/813 1141/218 
f 11/1527 1172/718 1174/1255 1147/546 
f 1170/1414 108/252 110/795 1163/813 
f 9/983 1169/447 1164/1567 10/717 
f 1150/810 1182/1540 1179/1269 1149/1092 
f 104/1618 1151/480 1183/595 1178/1126 
f 1141/218 1243/1245 1177/845 1176/1162 
f 1167/1052 1171/986 1175/188 1146/1598 
f 104/1618 1178/1126 1186/100 1152/743 
f 1185/1734 1180/1007 1181/1797 7/445 1153/1022 
f 1174/1255 1175/188 112/753 111/1035 
f 1176/1165 112/1338 1242/972 1173/345 
f 1185/1734 1153/1021 1390/502 1388/1820 
f 1179/1395 1183/595 1151/480 1149/1799 
f 1171/986 1242/841 112/753 1175/188 
f 1181/1798 1182/1540 1150/810 7/446 
f 1174/1255 111/1035 113/421 1147/546 
f 1173/345 1165/1356 1141/218 1176/1165 
f 114/577 1142/497 1177/845 1243/1245 
f 1229/1208 246/641 248/1184 1225/119 
f 8/168 1/699 1134/1392 4/965 
f 1188/133 1189/949 107/1808 
f 1189/916 1187/379 107/1852 
f 8/168 1188/133 107/1808 1190/685 
f 1191/1495 1190/685 107/1809 
f 1192/1721 1191/1470 107/1852 
f 1255/1304 1259/1802 1199/1178 128/33 
f 144/1477 1203/955 1202/687 143/1201 
f 1207/908 1200/1512 32/1750 1115/1684 
f 129/1730 128/33 1199/1178 1194/1687 
f 1251/1580 22/927 1193/148 1260/805 
f 35/76 34/1155 1197/1236 1198/967 
f 1351/1097 1373/255 1372/533 21/1204 
f 1158/1815 1162/1038 1157/217 
f 129/1707 1194/1751 1193/148 22/927 
f 1347/1786 1202/687 131/408 1352/708 
f 1348/193 143/1201 1202/687 1347/1786 
f 1205/1498 1201/416 141/660 142/924 
f 1196/431 1211/113 31/149 1263/1086 
f 29/1493 1214/1205 1213/665 1209/1459 
f 1200/1512 1209/1459 33/1425 32/1750 
f 1196/431 1195/701 1137/1584 26/131 
f 1189/916 1212/936 1136/169 1187/379 
f 1206/1756 1208/436 140/385 1124/1256 
f 1195/701 1189/949 1188/133 1137/1584 
f 1211/113 1207/908 1115/1684 31/149 
f 1210/399 1205/1498 142/924 146/715 
f 1209/1459 1213/665 37/626 33/1425 
f 1201/422 1206/1756 1124/1256 141/660 
f 1374/1027 1132/968 1375/1289 
f 1155/1107 1154/830 1161/268 
f 125/1108 126/1375 1216/134 131/408 
f 99/269 136/1747 1132/968 
f 1133/1644 28/683 2/430 
f 1247/451 1244/1517 1149/1799 1151/480 
f 1222/335 234/155 1153/1022 1220/1658 
f 1244/1389 1248/1314 1150/810 1149/1092 
f 1246/174 1247/451 1151/480 104/1618 
f 20/388 1215/928 1218/1140 1158/1815 
f 110/795 1155/1107 1161/268 1163/813 
f 109/492 1145/1 1248/1314 1244/1389 
f 1241/705 101/814 1224/1717 1227/671 
f 99/269 1226/395 1231/1736 1122/719 
f 100/550 1228/934 1230/1482 227/1135 
f 1122/719 1231/1736 1228/934 100/550 
f 102/1095 1223/154 1226/395 99/269 
f 1134/1393 1380/1543 1238/1626 1236/1103 
f 227/1135 1230/1482 1224/1717 101/814 
f 231/330 1225/119 1223/154 102/1095 
f 4/965 1134/1392 1236/1103 1233/1612 
f 2/430 1113/1160 1240/299 1235/279 
f 3/1234 237/1518 1239/1366 1237/823 
f 1113/1160 3/1234 1237/823 1240/299 
f 5/1766 2/430 1235/279 1232/14 
f 256/1210 1239/1366 1233/1612 250/1469 
f 255/1484 1234/560 1232/14 249/1720 
f 1241/705 1227/671 1229/1208 1389/1324 
f 1389/1324 1383/272 98/5 1241/705 
f 1161/268 1154/830 114/577 1243/1245 
f 1146/1598 1172/718 1162/1038 1164/1567 
f 1245/1120 1248/1314 1145/1 9/987 
f 229/1660 1221/1497 1219/953 1152/743 
f 1247/451 1246/174 108/252 1140/1816 
f 1246/174 1219/952 110/795 108/252 
f 1219/954 1221/1497 110/795 
f 120/1760 129/1707 22/927 14/1782 
f 1250/1847 14/1782 22/927 1251/1580 
f 23/1733 1251/1580 1260/805 1198/967 
f 130/128 1203/955 1259/1802 1255/1304 
f 226/857 1256/1010 144/1477 160/164 
f 1261/482 132/680 1256/1010 226/857 
f 1203/955 144/1477 1256/1010 1259/1802 
f 119/48 117/1397 1253/760 1254/1041 
f 117/1397 115/847 1257/1271 1253/760 
f 1198/967 1260/805 1252/525 35/76 
f 14/1782 1250/1847 1249/1048 13/187 
f 13/187 1249/1048 1258/262 12/1254 
f 25/411 1261/540 226/1739 1252/525 
f 162/1285 161/1018 1271/4 139/108 
f 1357/176 1358/453 1212/936 1189/916 
f 1212/936 1358/453 138/1709 1204/1223 
f 164/1811 1273/1838 1272/1571 163/1548 
f 191/1050 190/774 1269/1337 1270/1601 
f 190/774 181/791 1135/1768 1269/1337 
f 52/1121 1268/1810 1265/475 71/15 
f 162/292 139/676 1266/1279 50/573 
f 51/1390 50/573 1266/1279 1267/1016 
f 52/1121 51/1390 1267/1016 1268/1810 
f 71/15 1265/475 1264/740 70/1088 
f 70/1088 1264/740 1135/319 181/1078 
f 210/280 209/16 1285/883 1280/1420 
f 209/16 208/1044 1284/622 1285/883 
f 200/1326 1283/350 1284/622 208/1044 
f 207/765 1283/350 1282/72 206/505 
f 206/505 1282/72 1281/1673 204/1823 
f 205/225 204/1823 1281/1673 1277/1056 
f 210/452 1280/162 1279/509 85/771 
f 85/771 1279/509 1278/770 84/1829 
f 78/1364 84/1829 1278/770 1276/230 
f 83/228 82/1294 1275/1296 1276/230 
f 82/1294 81/1561 1274/1563 1275/1296 
f 205/781 1277/1828 1274/1563 81/1561 
f 131/408 1216/134 127/1632 1352/708 
f 1133/1644 1373/255 29/1493 
f 1078/912 1291/60 1293/601 1080/1466 
f 1079/1192 1080/1466 1293/601 1292/328 
f 1077/651 1079/1192 1292/328 1290/1651 
f 1073/1448 1286/1167 1291/53 1078/915 
f 1076/377 1077/651 1290/1651 1289/1400 
f 1075/99 1076/377 1289/1400 1288/1133 
f 1075/99 1288/1133 1287/1435 1074/1702 
f 1074/1702 1287/1435 1286/1167 1073/1448 
f 1070/1800 1072/481 1301/405 1299/1728 
f 1071/745 1300/677 1301/405 1072/481 
f 1069/203 1298/126 1300/677 1071/745 
f 1065/1009 1070/1801 1299/1727 1294/198 
f 1068/1270 1297/1199 1298/126 1069/203 
f 1067/1541 1296/1475 1297/1199 1068/1270 
f 1067/1541 1066/735 1295/1791 1296/1475 
f 1066/735 1065/1009 1294/198 1295/1791 
f 893/1281 896/212 1091/1698 1089/1173 
f 1304/1745 1305/1488 1084/704 1082/153 
f 1307/141 1302/1216 1083/971 1086/1244 
f 896/212 879/1252 1094/647 1091/1698 
f 886/1830 890/476 1090/1442 1092/95 
f 1302/1216 1303/941 1081/435 1083/971 
f 953/804 1311/1229 1314/1434 971/769 
f 971/769 1314/1434 1313/621 957/13 
f 957/10 1313/620 1312/882 889/1240 
f 1310/1505 1325/106 872/1006 952/1859 
f 952/1859 954/541 1311/1228 1310/1505 
f 1324/383 1323/1452 871/1268 875/478 
f 1325/106 1324/383 875/478 872/1006 
f 1317/163 1321/678 787/301 854/695 
f 852/144 870/1264 1319/713 1316/1762 
f 870/1264 856/1237 1318/442 1319/713 
f 856/1230 800/1369 1317/163 1318/441 
f 1320/406 1315/1506 851/1746 788/574 
f 851/1746 1315/1506 1316/1761 853/425 
f 787/301 1321/678 1322/942 791/1391 
f 1322/942 1320/406 788/574 791/1391 
f 1322/942 1321/678 789/843 792/1643 
f 1321/678 1317/163 800/1369 789/843 
f 1320/406 790/1123 796/282 1315/1506 
f 1320/406 1322/942 792/1643 790/1123 
f 1323/1452 1324/383 876/202 873/1795 
f 1325/106 1310/1505 883/1494 874/1539 
f 1324/383 1325/106 874/1539 876/202 
f 1312/882 1323/1452 873/1795 889/1240 
f 1391/1856 1397/311 1381/1605 1379/1079 
f 1374/1027 1159/304 102/1095 1132/968 
f 28/683 1133/1644 29/1493 
f 136/1747 137/1454 1132/968 
f 1210/399 1348/193 1347/1786 30/655 
f 1365/1840 1326/922 49/840 1359/1381 
f 1326/922 60/1405 49/840 
f 1366/1306 151/183 142/924 1362/223 
f 173/1792 1327/424 159/1763 
f 1132/968 102/1095 99/269 
f 1197/1236 1350/1359 1351/1097 24/1480 
f 1358/453 1371/206 1368/1273 138/1709 
f 1346/1532 1344/993 1127/190 165/214 
f 1344/993 1334/1017 178/1849 1127/190 
f 1345/1343 1337/327 53/43 1119/894 
f 173/1796 1343/1000 1342/726 157/1231 
f 146/715 156/962 1341/459 1338/1524 
f 153/143 1339/1777 1342/726 158/1507 
f 156/966 151/189 1340/181 1341/458 
f 152/460 1339/1777 1340/181 151/189 
f 146/715 1338/1524 1348/193 1210/399 
f 34/1155 1349/553 1350/1359 1197/1236 
f 1337/326 1355/291 38/354 53/42 
f 180/254 1336/600 64/606 65/260 
f 1335/1280 1346/1530 165/213 147/980 
f 1334/1017 180/527 179/247 178/1849 
f 60/1407 47/1457 1332/1399 1333/1131 
f 37/626 1328/310 1331/582 46/644 
f 43/372 48/1187 1332/1399 1329/37 
f 46/645 1331/581 1330/850 41/1697 
f 42/1440 41/1697 1330/850 1329/37 
f 37/626 1213/665 1349/553 1328/310 
f 1353/975 1343/1001 173/1792 
f 174/199 1353/975 173/1792 
f 1354/568 60/1405 1333/1132 
f 1354/568 61/333 60/1405 
f 192/1316 193/1308 176/741 196/242 
f 1336/600 1345/1343 1119/894 64/606 
f 41/1695 1365/1840 1359/1381 33/1425 
f 1335/1280 1371/206 1370/1804 148/1251 
f 1370/1855 1369/1059 1355/291 148/1418 
f 1360/1556 1368/1273 147/980 149/1525 
f 32/1750 1138/1318 1364/239 1115/1684 
f 141/660 1124/1256 1363/503 1361/1821 
f 142/924 141/660 1361/1821 1362/223 
f 1124/1256 140/385 1360/1556 1363/503 
f 140/385 138/1709 1368/1273 1360/1556 
f 1263/1086 1367/518 1369/1059 1356/1111 
f 33/1425 1359/1381 1138/1318 32/1750 
f 1115/1684 1364/239 1262/1349 31/149 
f 31/149 1262/1349 1367/518 1263/1086 
f 1368/1273 1371/206 1335/1280 147/980 
f 1370/1804 1371/206 1358/453 1357/176 
f 1374/1027 1375/1289 1352/708 127/1632 
f 1215/928 24/1480 1351/1097 21/1204 
f 1133/1644 5/1766 1376/470 1372/533 
f 1375/1289 1132/968 137/1454 
f 1378/798 1217/414 1221/1497 229/1660 
f 2/430 5/1766 1133/1644 
f 1398/583 1394/1383 1389/1324 231/330 
f 1218/1140 1377/192 234/155 1222/335 
f 1377/192 1218/1140 1215/928 21/1204 
f 229/1660 1398/583 1159/304 1378/798 
f 1375/1289 30/655 1347/1786 1352/708 
f 1372/533 1376/470 1377/192 21/1204 
f 1159/304 1398/583 231/330 102/1095 
f 1379/1079 1381/1605 1139/1551 103/1357 
f 1381/1605 1385/240 105/1322 1139/1551 
f 1394/1383 1398/583 229/1660 1152/743 
f 1384/748 1386/1288 1/702 6/1510 
f 1387/1026 1384/748 6/1510 1144/1070 
f 231/330 1389/1324 1229/1208 1225/119 
f 1397/311 1392/835 1385/240 1381/1605 
f 1380/1543 1134/1393 1/702 1386/1288 
f 1385/486 1387/1026 1144/1070 105/1278 
f 1383/272 1379/1079 103/1357 98/5 
f 1380/1543 240/1771 1234/560 1238/1626 
f 1375/1289 137/1454 30/655 
f 29/1493 1373/255 1214/1205 
f 1373/255 1351/1097 1350/1359 1214/1205 
f 1388/1820 1396/974 1180/1007 1185/1734 
f 1396/974 1382/205 1182/1540 1181/1798 1180/1008 
f 1372/533 1373/255 1133/1644 
# 1330 polygons - 44 triangles

#
# object eyes
#

v  -0.210456 1.406736 -5.074033
v  -0.212221 1.394579 -5.047050
v  -0.190469 1.404736 -5.064448
v  -0.169831 1.404050 -5.085722
v  -0.153447 1.392625 -5.107633
v  -0.143813 1.372202 -5.126846
v  -0.142396 1.345889 -5.140433
v  -0.182581 1.394063 -5.046583
v  -0.155255 1.384329 -5.052711
v  -0.134404 1.366859 -5.064502
v  -0.123201 1.344312 -5.080160
v  -0.123352 1.320122 -5.097301
v  -0.191412 1.380970 -5.030901
v  -0.171572 1.360135 -5.023736
v  -0.155723 1.335249 -5.026644
v  -0.146276 1.310098 -5.039183
v  -0.144671 1.288512 -5.059443
v  -0.211789 1.373126 -5.026590
v  -0.209224 1.345642 -5.015770
v  -0.204916 1.316312 -5.016236
v  -0.199523 1.289601 -5.027918
v  -0.193865 1.269576 -5.049036
v  -0.231775 1.375126 -5.036175
v  -0.246153 1.349338 -5.033481
v  -0.253167 1.321141 -5.039376
v  -0.251750 1.294828 -5.052964
v  -0.242116 1.274405 -5.072176
v  -0.239663 1.385799 -5.054041
v  -0.260729 1.369059 -5.066492
v  -0.272211 1.346908 -5.082508
v  -0.272362 1.322718 -5.099649
v  -0.261159 1.300172 -5.115307
v  -0.230832 1.398892 -5.069723
v  -0.244412 1.393252 -5.095467
v  -0.250892 1.378518 -5.120366
v  -0.249287 1.356932 -5.140627
v  -0.239840 1.331782 -5.153165
v  -0.206760 1.407746 -5.103433
v  -0.201698 1.397455 -5.130773
v  -0.196040 1.377429 -5.151891
v  -0.190647 1.350718 -5.163573
v  0.058522 1.458001 -5.030488
v  0.056757 1.445838 -5.003507
v  0.038145 1.450155 -5.026178
v  0.024565 1.444520 -5.051923
v  0.018084 1.429790 -5.076824
v  0.019690 1.408209 -5.097089
v  0.029136 1.383061 -5.109633
v  0.029315 1.437059 -5.010499
v  0.008250 1.420321 -5.022953
v  -0.003233 1.398172 -5.038972
v  -0.003384 1.373986 -5.056118
v  0.007819 1.351443 -5.071781
v  0.037204 1.426383 -4.992635
v  0.022827 1.400594 -4.989945
v  0.015813 1.372398 -4.995846
v  0.017231 1.346088 -5.009439
v  0.026865 1.325668 -5.028655
v  0.057191 1.424381 -4.983051
v  0.059757 1.396895 -4.972237
v  0.064065 1.367565 -4.972708
v  0.069458 1.340857 -4.984396
v  0.075117 1.320836 -5.005518
v  0.077567 1.432226 -4.987362
v  0.097408 1.411391 -4.980201
v  0.113258 1.386505 -4.983114
v  0.122704 1.361357 -4.995658
v  0.124310 1.339776 -5.015923
v  0.086397 1.445323 -5.003041
v  0.113723 1.435591 -5.009171
v  0.134575 1.418123 -5.020967
v  0.145778 1.395581 -5.036629
v  0.145627 1.371394 -5.053776
v  0.078508 1.455999 -5.020905
v  0.099146 1.455317 -5.042179
v  0.115529 1.443898 -5.064093
v  0.125163 1.423479 -5.083309
v  0.126581 1.397168 -5.096901
v  0.062215 1.459016 -5.059887
v  0.067277 1.448730 -5.087230
v  0.072935 1.428710 -5.108352
v  0.078329 1.402001 -5.120039
# 82 vertices

vt 0.273850 0.583030 0.000000
vt 0.222834 0.607014 0.000000
vt 0.281923 0.604961 0.000000
vt 0.235639 0.554365 0.000000
vt 0.235639 0.633135 0.000000
vt 0.268267 0.633135 0.000000
vt 0.240710 0.599650 0.000000
vt 0.263197 0.587850 0.000000
vt 0.221983 0.582539 0.000000
vt 0.265218 0.622869 0.000000
vt 0.237144 0.559153 0.000000
vt 0.251953 0.593750 0.000000
vt 0.246053 0.582507 0.000000
vt 0.264075 0.597528 0.000000
vt 0.281072 0.580485 0.000000
vt 0.228890 0.585846 0.000000
vt 0.262672 0.615647 0.000000
vt 0.265945 0.558815 0.000000
vt 0.248175 0.605872 0.000000
vt 0.255731 0.581628 0.000000
vt 0.240742 0.623720 0.000000
vt 0.273850 0.583030 0.000000
vt 0.241234 0.571853 0.000000
vt 0.217018 0.579758 0.000000
vt 0.263164 0.563780 0.000000
vt 0.212568 0.610064 0.000000
vt 0.291338 0.577436 0.000000
vt 0.230056 0.604469 0.000000
vt 0.275016 0.601654 0.000000
vt 0.221983 0.582539 0.000000
vt 0.237961 0.628685 0.000000
vt 0.266762 0.628347 0.000000
vt 0.217357 0.608559 0.000000
vt 0.291338 0.610064 0.000000
vt 0.240710 0.599650 0.000000
vt 0.264075 0.597528 0.000000
vt 0.238689 0.564631 0.000000
vt 0.265218 0.622869 0.000000
vt 0.268267 0.554365 0.000000
vt 0.286888 0.607742 0.000000
vt 0.239831 0.589972 0.000000
vt 0.257853 0.604993 0.000000
vt 0.241234 0.571853 0.000000
vt 0.235639 0.633135 0.000000
vt 0.265945 0.558815 0.000000
vt 0.244049 0.616813 0.000000
vt 0.263197 0.587850 0.000000
vt 0.235639 0.554365 0.000000
vt 0.251953 0.593750 0.000000
vt 0.259857 0.570687 0.000000
vt 0.237961 0.628685 0.000000
vt 0.286550 0.578941 0.000000
vt 0.212568 0.610064 0.000000
vt 0.291338 0.610064 0.000000
vt 0.228890 0.585846 0.000000
vt 0.255731 0.581628 0.000000
vt 0.222834 0.607014 0.000000
vt 0.281072 0.580485 0.000000
vt 0.212568 0.577436 0.000000
vt 0.268267 0.633135 0.000000
vt 0.239831 0.589972 0.000000
vt 0.262672 0.615647 0.000000
vt 0.230056 0.604469 0.000000
vt 0.281923 0.604961 0.000000
vt 0.217018 0.579758 0.000000
vt 0.266762 0.628347 0.000000
vt 0.246053 0.582507 0.000000
vt 0.257853 0.604993 0.000000
vt 0.263164 0.563780 0.000000
vt 0.275016 0.601654 0.000000
vt 0.286550 0.578941 0.000000
vt 0.237144 0.559153 0.000000
vt 0.248175 0.605872 0.000000
vt 0.268267 0.554365 0.000000
vt 0.240742 0.623720 0.000000
vt 0.259857 0.570687 0.000000
vt 0.217357 0.608559 0.000000
vt 0.286888 0.607742 0.000000
vt 0.238689 0.564631 0.000000
vt 0.212568 0.577436 0.000000
vt 0.291338 0.577436 0.000000
vt 0.244049 0.616813 0.000000
# 82 texture coords

o eyes
g eyes
f 1439/1907 1438/1914 1404/1929 1405/1923 
f 1437/1938 1436/1945 1402/1880 1403/1873 
f 1399/1936 1400/1912 1401/1905 
f 1438/1914 1437/1938 1403/1873 1404/1929 
f 1436/1945 1399/1936 1401/1905 1402/1880 
f 1403/1873 1402/1880 1407/1892 1408/1866 
f 1401/1905 1400/1912 1406/1899 
f 1404/1929 1403/1873 1408/1866 1409/1941 
f 1402/1880 1401/1905 1406/1899 1407/1892 
f 1405/1923 1404/1929 1409/1941 1410/1917 
f 1409/1941 1408/1866 1413/1878 1414/1934 
f 1407/1892 1406/1899 1411/1910 1412/1885 
f 1410/1917 1409/1941 1414/1934 1415/1944 
f 1408/1866 1407/1892 1412/1885 1413/1878 
f 1406/1899 1400/1912 1411/1910 
f 1412/1885 1411/1910 1416/1919 1417/1913 
f 1415/1944 1414/1934 1419/1881 1420/1937 
f 1413/1878 1412/1885 1417/1913 1418/1888 
f 1411/1910 1400/1912 1416/1919 
f 1414/1934 1413/1878 1418/1888 1419/1881 
f 1420/1937 1419/1881 1424/1874 1425/1867 
f 1418/1888 1417/1913 1422/1906 1423/1900 
f 1416/1919 1400/1912 1421/1930 
f 1419/1881 1418/1888 1423/1900 1424/1874 
f 1417/1913 1416/1919 1421/1930 1422/1906 
f 1421/1930 1400/1912 1426/1924 
f 1424/1874 1423/1900 1428/1893 1429/1887 
f 1422/1906 1421/1930 1426/1924 1427/1918 
f 1425/1867 1424/1874 1429/1887 1430/1943 
f 1423/1900 1422/1906 1427/1918 1428/1893 
f 1429/1887 1428/1893 1433/1920 1434/1896 
f 1427/1918 1426/1924 1431/1870 1432/1926 
f 1430/1943 1429/1887 1434/1896 1435/1889 
f 1428/1893 1427/1918 1432/1926 1433/1920 
f 1426/1924 1400/1912 1431/1870 
f 1435/1889 1434/1896 1438/1914 1439/1907 
f 1433/1920 1432/1926 1436/1945 1437/1938 
f 1431/1870 1400/1912 1399/1936 
f 1434/1896 1433/1920 1437/1938 1438/1914 
f 1432/1926 1431/1870 1399/1936 1436/1945 
f 1480/1868 1446/1869 1445/1895 1479/1894 
f 1478/1884 1444/1901 1443/1925 1477/1909 
f 1440/1882 1442/1931 1441/1875 
f 1479/1894 1445/1895 1444/1901 1478/1884 
f 1477/1909 1443/1925 1442/1931 1440/1882 
f 1444/1901 1449/1927 1448/1933 1443/1925 
f 1442/1931 1447/1877 1441/1875 
f 1445/1895 1450/1903 1449/1927 1444/1901 
f 1443/1925 1448/1933 1447/1877 1442/1931 
f 1446/1869 1451/1897 1450/1903 1445/1895 
f 1450/1903 1455/1915 1454/1921 1449/1927 
f 1448/1933 1453/1864 1452/1871 1447/1877 
f 1451/1897 1456/1890 1455/1915 1450/1903 
f 1449/1927 1454/1921 1453/1864 1448/1933 
f 1447/1877 1452/1871 1441/1875 
f 1453/1864 1458/1939 1457/1883 1452/1871 
f 1456/1890 1461/1902 1460/1908 1455/1915 
f 1454/1921 1459/1932 1458/1939 1453/1864 
f 1452/1871 1457/1883 1441/1875 
f 1455/1915 1460/1908 1459/1932 1454/1921 
f 1461/1902 1466/1911 1465/1935 1460/1908 
f 1459/1932 1464/1942 1463/1886 1458/1939 
f 1457/1883 1462/1876 1441/1875 
f 1460/1908 1465/1935 1464/1942 1459/1932 
f 1458/1939 1463/1886 1462/1876 1457/1883 
f 1462/1876 1467/1904 1441/1875 
f 1465/1935 1470/1928 1469/1872 1464/1942 
f 1463/1886 1468/1879 1467/1904 1462/1876 
f 1466/1911 1471/1922 1470/1928 1465/1935 
f 1464/1942 1469/1872 1468/1879 1463/1886 
f 1470/1928 1475/1940 1474/1865 1469/1872 
f 1468/1879 1473/1891 1472/1898 1467/1904 
f 1471/1922 1476/1916 1475/1940 1470/1928 
f 1469/1872 1474/1865 1473/1891 1468/1879 
f 1467/1904 1472/1898 1441/1875 
f 1476/1916 1480/1868 1479/1894 1475/1940 
f 1474/1865 1478/1884 1477/1909 1473/1891 
f 1472/1898 1440/1882 1441/1875 
f 1475/1940 1479/1894 1478/1884 1474/1865 
f 1473/1891 1477/1909 1440/1882 1472/1898 
# 64 polygons - 16 triangles

#
# object Line001
#

v  0.358620 1.080805 -4.218732
v  0.352646 1.138304 -4.224201
v  0.339621 1.179325 -4.181078
v  0.332569 1.162849 -4.132487
v  0.338543 1.105350 -4.127018
v  0.351568 1.064329 -4.170141
v  0.124334 1.032824 -4.273645
v  0.117941 1.090237 -4.279215
v  0.104076 1.131086 -4.236290
v  0.096605 1.114525 -4.187796
v  0.102999 1.057114 -4.182227
v  0.116865 1.016263 -4.225152
v  -0.091129 0.982264 -4.330925
v  -0.098963 1.039337 -4.336878
v  -0.115694 1.079515 -4.294713
v  -0.124592 1.062618 -4.246599
v  -0.116758 1.005547 -4.240649
v  -0.100027 0.965368 -4.282814
v  -0.269579 0.926827 -4.392652
v  -0.280571 0.982920 -4.399694
v  -0.303600 1.021141 -4.359709
v  -0.315634 1.003271 -4.312678
v  -0.304642 0.947180 -4.305635
v  -0.281614 0.908957 -4.345621
v  -0.390833 0.866699 -4.458246
v  -0.408405 0.919528 -4.468850
v  -0.444548 0.951246 -4.435959
v  -0.463116 0.930136 -4.392465
v  -0.445543 0.877306 -4.381861
v  -0.409399 0.845590 -4.414752
v  -0.440296 0.808580 -4.520383
v  -0.466768 0.850956 -4.542164
v  -0.520641 0.861842 -4.531547
v  -0.548044 0.830354 -4.499149
v  -0.521572 0.787978 -4.477368
v  -0.467699 0.777092 -4.487985
v  -0.428656 0.743080 -4.589153
v  -0.452555 0.770978 -4.626135
v  -0.501303 0.753015 -4.645807
v  -0.526150 0.707153 -4.628499
v  -0.502251 0.679255 -4.591518
v  -0.453503 0.697220 -4.571846
v  -0.325686 0.644181 -4.691316
v  -0.342457 0.665314 -4.735328
v  -0.376648 0.633419 -4.769476
v  -0.394072 0.580393 -4.759614
v  -0.377300 0.559261 -4.715601
v  -0.343109 0.591154 -4.681453
v  -0.156727 0.553749 -4.787488
v  -0.168507 0.572243 -4.834323
v  -0.191223 0.534231 -4.875020
v  -0.202162 0.477723 -4.868879
v  -0.190380 0.459229 -4.822043
v  -0.167662 0.497242 -4.781347
v  0.013742 0.510326 -4.840586
v  0.007189 0.527485 -4.889053
v  -0.002840 0.486237 -4.933700
v  -0.006311 0.427830 -4.929880
v  0.000242 0.410670 -4.881413
v  0.010271 0.451921 -4.836768
v  0.167675 0.508919 -4.853278
v  0.167528 0.526012 -4.902275
v  0.172729 0.484619 -4.948175
v  0.178080 0.426132 -4.945076
v  0.178225 0.409039 -4.896079
v  0.173025 0.450434 -4.850181
v  0.286402 0.542171 -4.830473
v  0.294739 0.561628 -4.877845
v  0.319654 0.525748 -4.919951
v  0.336239 0.470410 -4.914683
v  0.327902 0.450953 -4.867311
v  0.302984 0.486834 -4.825205
v  0.356098 0.599081 -4.781022
v  0.373766 0.626139 -4.821781
v  0.419992 0.607641 -4.848756
v  0.448551 0.562086 -4.834973
v  0.430883 0.535030 -4.794214
v  0.384655 0.553528 -4.767239
v  0.376177 0.677660 -4.706227
v  0.396851 0.716429 -4.735828
v  0.449844 0.724386 -4.737599
v  0.482162 0.693577 -4.709768
v  0.461487 0.654808 -4.680167
v  0.408495 0.646849 -4.678397
v  0.328415 0.793393 -4.588715
v  0.346403 0.838499 -4.611936
v  0.393120 0.861708 -4.598361
v  0.421850 0.839813 -4.561565
v  0.403862 0.794708 -4.538344
v  0.357145 0.771498 -4.551919
v  0.245155 0.919636 -4.463411
v  0.263130 0.964668 -4.486747
v  0.307808 0.991013 -4.470165
v  0.334511 0.972326 -4.430246
v  0.316534 0.927297 -4.406911
v  0.271858 0.900951 -4.423494
v  0.182579 1.022354 -4.373276
v  0.201897 1.065228 -4.398489
v  0.245949 1.092579 -4.380979
v  0.270685 1.077055 -4.338256
v  0.251364 1.034184 -4.313043
v  0.207314 1.006832 -4.330553
v  0.134466 1.094784 -4.319608
v  0.154343 1.136925 -4.345317
v  0.194302 1.170389 -4.323167
v  0.214386 1.161713 -4.275308
v  0.194510 1.119574 -4.249601
v  0.154551 1.086109 -4.271749
v  0.094200 1.136318 -4.296613
v  0.111860 1.180893 -4.320864
v  0.139776 1.226664 -4.291664
v  0.150028 1.227858 -4.238214
v  0.132368 1.183283 -4.213966
v  0.104454 1.137514 -4.243165
v  0.049627 1.157192 -4.292369
v  0.060764 1.204937 -4.315797
v  0.069735 1.259445 -4.284573
v  0.067564 1.266205 -4.229917
v  0.056427 1.218458 -4.206487
v  0.047457 1.163952 -4.237711
v  -0.022146 1.162140 -4.303340
v  -0.018059 1.210438 -4.327738
v  -0.023146 1.265856 -4.298550
v  -0.032322 1.272974 -4.244964
v  -0.036411 1.224674 -4.220562
v  -0.031324 1.169258 -4.249751
v  -0.133923 1.145803 -4.329385
v  -0.134432 1.193424 -4.354868
v  -0.146984 1.247755 -4.327430
v  -0.159029 1.254465 -4.274511
v  -0.158520 1.206846 -4.249027
v  -0.145966 1.152515 -4.276464
v  -0.259487 1.110291 -4.366354
v  -0.262812 1.157089 -4.392695
v  -0.281857 1.209600 -4.367200
v  -0.297579 1.215309 -4.315362
v  -0.294256 1.168510 -4.289020
v  -0.275211 1.116001 -4.314517
v  -0.365671 1.061438 -4.411888
v  -0.371246 1.107191 -4.439208
v  -0.397919 1.156197 -4.416994
v  -0.419014 1.159449 -4.367461
v  -0.413437 1.113695 -4.340137
v  -0.386765 1.064692 -4.362352
v  -0.448217 1.002795 -4.464440
v  -0.455832 1.047087 -4.493077
v  -0.490913 1.090124 -4.476233
v  -0.518379 1.088869 -4.430752
v  -0.510765 1.044579 -4.402116
v  -0.475685 1.001541 -4.418960
v  -0.503235 0.938591 -4.521804
v  -0.512526 0.980902 -4.552216
v  -0.556091 1.014043 -4.544245
v  -0.590368 1.004873 -4.505863
v  -0.581081 0.962563 -4.475451
v  -0.537516 0.929420 -4.483422
v  -0.529051 0.872253 -4.582309
v  -0.539244 0.912174 -4.614908
v  -0.588446 0.930831 -4.620189
v  -0.627457 0.909566 -4.592868
v  -0.617264 0.869645 -4.560270
v  -0.568060 0.850988 -4.554990
v  -0.524837 0.803444 -4.647596
v  -0.534872 0.841175 -4.682279
v  -0.583084 0.843863 -4.702752
v  -0.621264 0.808819 -4.688537
v  -0.611227 0.771089 -4.653850
v  -0.563015 0.768402 -4.633380
v  -0.484344 0.728482 -4.722904
v  -0.493721 0.765051 -4.758763
v  -0.535969 0.756733 -4.790329
v  -0.568838 0.711846 -4.786035
v  -0.559460 0.675278 -4.750176
v  -0.517212 0.683595 -4.718608
v  -0.412424 0.652557 -4.804475
v  -0.421410 0.688719 -4.840778
v  -0.458336 0.674784 -4.878379
v  -0.486273 0.624691 -4.879682
v  -0.477285 0.588531 -4.843381
v  -0.440359 0.602465 -4.805778
v  -0.325092 0.586128 -4.880238
v  -0.333529 0.621854 -4.917031
v  -0.365213 0.603920 -4.959177
v  -0.388462 0.550261 -4.964532
v  -0.380028 0.514535 -4.927741
v  -0.348343 0.532469 -4.885593
v  -0.227320 0.534982 -4.942177
v  -0.234531 0.570057 -4.979752
v  -0.258966 0.548317 -5.026490
v  -0.276184 0.491504 -5.035652
v  -0.268969 0.456429 -4.998076
v  -0.244535 0.478167 -4.951339
v  -0.122877 0.503002 -4.984349
v  -0.127943 0.537409 -5.022800
v  -0.142204 0.512540 -5.073641
v  -0.151398 0.453268 -5.086030
v  -0.146328 0.418861 -5.047580
v  -0.132067 0.443729 -4.996738
v  -0.014957 0.493322 -5.001734
v  -0.016815 0.527427 -5.040712
v  -0.017662 0.501342 -5.093710
v  -0.016651 0.441151 -5.107732
v  -0.014793 0.407045 -5.068755
v  -0.013947 0.433130 -5.015755
v  0.095182 0.508890 -4.989717
v  0.097221 0.543535 -5.028278
v  0.111416 0.519562 -5.079631
v  0.123573 0.460947 -5.092426
v  0.121532 0.426300 -5.053866
v  0.107338 0.450272 -5.002512
v  0.206841 0.553583 -4.942482
v  0.211641 0.589444 -4.979787
v  0.240337 0.571404 -5.025033
v  0.264233 0.517502 -5.032974
v  0.259432 0.481642 -4.995668
v  0.230736 0.499683 -4.950422
v  0.297287 0.632771 -4.862747
v  0.302832 0.669394 -4.899305
v  0.343102 0.661598 -4.934363
v  0.377827 0.617180 -4.932863
v  0.372282 0.580556 -4.896306
v  0.332016 0.588352 -4.861247
v  0.349333 0.741369 -4.762901
v  0.355001 0.778233 -4.799236
v  0.401045 0.782470 -4.823220
v  0.441420 0.749843 -4.810871
v  0.435749 0.712976 -4.774536
v  0.389708 0.708741 -4.750553
v  0.366232 0.866803 -4.652531
v  0.371965 0.904074 -4.688505
v  0.419436 0.918872 -4.703187
v  0.461174 0.896395 -4.681895
v  0.455441 0.859121 -4.645919
v  0.407970 0.844326 -4.631239
v  0.350975 0.992455 -4.544810
v  0.356638 1.030370 -4.580232
v  0.402914 1.055027 -4.586447
v  0.443527 1.041771 -4.557240
v  0.437864 1.003857 -4.521818
v  0.391588 0.979198 -4.515603
v  0.308781 1.100567 -4.453710
v  0.314049 1.139526 -4.488248
v  0.355997 1.175274 -4.485103
v  0.392679 1.172062 -4.447420
v  0.387411 1.133101 -4.412879
v  0.345463 1.097353 -4.416027
v  0.248535 1.173527 -4.392971
v  0.252453 1.214144 -4.426127
v  0.282770 1.263979 -4.411228
v  0.309170 1.273197 -4.363173
v  0.305250 1.232578 -4.330019
v  0.274933 1.182743 -4.344918
v  0.173294 1.205261 -4.366614
v  0.175770 1.246391 -4.399363
v  0.188805 1.303547 -4.378538
v  0.199360 1.319574 -4.324964
v  0.196884 1.278444 -4.292215
v  0.183851 1.221287 -4.313041
v  0.075100 1.217901 -4.360517
v  0.078707 1.258802 -4.393418
v  0.084694 1.316895 -4.372255
v  0.087074 1.334084 -4.318195
v  0.083467 1.293184 -4.285295
v  0.077480 1.235092 -4.306457
v  -0.032280 1.233435 -4.359607
v  -0.026926 1.274101 -4.392505
v  -0.022429 1.332403 -4.371311
v  -0.023285 1.350037 -4.317218
v  -0.028639 1.309370 -4.284322
v  -0.033136 1.251070 -4.305515
v  -0.133343 1.242762 -4.367051
v  -0.127518 1.283405 -4.399894
v  -0.128014 1.342161 -4.379045
v  -0.134336 1.360273 -4.325351
v  -0.140162 1.319632 -4.292507
v  -0.139666 1.260876 -4.313359
v  -0.220327 1.238899 -4.384833
v  -0.215410 1.279526 -4.417837
v  -0.225723 1.337835 -4.398963
v  -0.240953 1.355522 -4.347085
v  -0.245872 1.314898 -4.314079
v  -0.235559 1.256584 -4.332952
v  -0.286255 1.217342 -4.413292
v  -0.283792 1.257200 -4.447324
v  -0.309282 1.310543 -4.434953
v  -0.337234 1.324028 -4.388555
v  -0.339699 1.284170 -4.354526
v  -0.314209 1.230827 -4.366893
v  -0.330797 1.174381 -4.453685
v  -0.331160 1.211557 -4.490235
v  -0.371069 1.250990 -4.490888
v  -0.410620 1.253248 -4.454994
v  -0.410257 1.216070 -4.418443
v  -0.370348 1.176636 -4.417789
v  -0.356810 1.092842 -4.517800
v  -0.357761 1.127846 -4.556064
v  -0.402040 1.153473 -4.567705
v  -0.445368 1.144093 -4.541084
v  -0.444416 1.109087 -4.502820
v  -0.400137 1.083462 -4.491179
v  -0.370396 0.982945 -4.604621
v  -0.371084 1.019482 -4.641677
v  -0.415771 1.041544 -4.656221
v  -0.459772 1.027067 -4.633708
v  -0.459085 0.990532 -4.596655
v  -0.414396 0.968472 -4.582112
v  -0.380482 0.879596 -4.695904
v  -0.380926 0.918870 -4.730540
v  -0.425716 0.940001 -4.745873
v  -0.470058 0.921861 -4.726569
v  -0.469614 0.882587 -4.691935
v  -0.424826 0.861455 -4.676599
v  -0.380943 0.790401 -4.782268
v  -0.381407 0.831890 -4.814761
v  -0.426231 0.849391 -4.833572
v  -0.470591 0.825399 -4.819892
v  -0.470127 0.783912 -4.787403
v  -0.425303 0.766413 -4.768590
v  -0.367184 0.718331 -4.857982
v  -0.368027 0.761592 -4.888612
v  -0.411535 0.772056 -4.914757
v  -0.454201 0.739258 -4.910272
v  -0.453358 0.695997 -4.879640
v  -0.409849 0.685534 -4.853494
v  -0.336430 0.665269 -4.918307
v  -0.338005 0.709696 -4.947612
v  -0.375744 0.710104 -4.985105
v  -0.411909 0.666088 -4.993295
v  -0.410334 0.621662 -4.963989
v  -0.372595 0.621252 -4.926494
v  -0.285145 0.629306 -4.963063
v  -0.287354 0.674125 -4.991874
v  -0.312527 0.665645 -5.040342
v  -0.335489 0.612345 -5.059999
v  -0.333279 0.567524 -5.031187
v  -0.308107 0.576005 -4.982719
v  -0.201723 0.608459 -4.993328
v  -0.203728 0.653185 -5.022262
v  -0.215258 0.641227 -5.075677
v  -0.224785 0.584543 -5.100158
v  -0.222780 0.539816 -5.071225
v  -0.211248 0.551773 -5.017809
v  -0.095102 0.601724 -5.006278
v  -0.096155 0.646376 -5.035343
v  -0.098166 0.633795 -5.089914
v  -0.099125 0.576563 -5.115422
v  -0.098072 0.531908 -5.086355
v  -0.096060 0.544489 -5.031783
v  0.010078 0.606621 -5.002237
v  0.009918 0.651323 -5.031259
v  0.016123 0.639139 -5.085515
v  0.022490 0.582251 -5.110750
v  0.022650 0.537548 -5.081731
v  0.016445 0.549732 -5.027473
v  0.106014 0.624043 -4.981656
v  0.106302 0.668839 -5.010567
v  0.121578 0.658319 -5.062879
v  0.136570 0.603004 -5.086277
v  0.136284 0.558208 -5.057366
v  0.121006 0.568728 -5.005053
v  0.186867 0.654264 -4.945738
v  0.187136 0.699070 -4.974643
v  0.212530 0.692353 -5.022458
v  0.237656 0.640833 -5.041370
v  0.237387 0.596029 -5.012465
v  0.211992 0.602747 -4.964652
v  0.248041 0.697249 -4.895952
v  0.247890 0.741775 -4.925175
v  0.283388 0.742184 -4.964767
v  0.319036 0.698066 -4.975132
v  0.319189 0.653540 -4.945909
v  0.283691 0.653132 -4.906316
v  0.286808 0.754041 -4.832398
v  0.286133 0.797829 -4.862447
v  0.328806 0.808781 -4.890266
v  0.372154 0.775947 -4.888034
v  0.372828 0.732157 -4.857987
v  0.330154 0.721205 -4.830168
v  0.300468 0.831659 -4.748529
v  0.299196 0.873071 -4.781131
v  0.343163 0.892113 -4.800468
v  0.388401 0.869740 -4.787204
v  0.389671 0.828326 -4.754599
v  0.345705 0.809284 -4.735262
v  0.299065 0.934826 -4.652544
v  0.297762 0.972109 -4.688985
v  0.341669 0.992123 -4.707523
v  0.386881 0.974855 -4.689620
v  0.388182 0.937572 -4.653179
v  0.344275 0.917559 -4.634642
v  0.297274 1.048336 -4.562161
v  0.296028 1.083128 -4.600586
v  0.339954 1.102581 -4.619550
v  0.385124 1.087242 -4.600091
v  0.386370 1.052448 -4.561665
v  0.342443 1.032997 -4.542701
v  0.291985 1.153511 -4.479831
v  0.290676 1.190023 -4.516910
v  0.334455 1.212658 -4.533355
v  0.379539 1.198780 -4.512727
v  0.380848 1.162268 -4.475649
v  0.337072 1.139631 -4.459201
v  0.280626 1.235865 -4.405641
v  0.278391 1.279331 -4.436449
v  0.321079 1.309982 -4.445636
v  0.366003 1.297165 -4.424015
v  0.368237 1.253695 -4.393203
v  0.325550 1.223045 -4.384017
v  0.262341 1.283112 -4.341794
v  0.255823 1.337774 -4.357471
v  0.293985 1.380154 -4.350728
v  0.338667 1.367874 -4.328311
v  0.345184 1.313213 -4.312634
v  0.307020 1.270832 -4.319375
v  0.235788 1.293455 -4.283844
v  0.219435 1.351969 -4.277926
v  0.247625 1.398201 -4.249319
v  0.292168 1.385921 -4.226631
v  0.308521 1.327408 -4.232548
v  0.280331 1.281174 -4.261157
v  0.188084 1.254297 -4.211233
v  0.165831 1.307968 -4.196332
v  0.188135 1.349369 -4.158765
v  0.232693 1.337101 -4.136100
v  0.254946 1.283430 -4.151001
v  0.232641 1.242029 -4.188568
v  0.352057 1.101479 -4.197001
v  0.349092 1.130001 -4.199713
v  0.342630 1.150349 -4.178323
v  0.339134 1.142178 -4.154218
v  0.342096 1.113655 -4.151506
v  0.348558 1.093306 -4.172897
v  0.199324 1.275160 -4.192303
v  0.188284 1.301785 -4.184911
v  0.199348 1.322323 -4.166275
v  0.221453 1.316235 -4.155031
v  0.232492 1.289612 -4.162424
v  0.221428 1.269075 -4.181060
v  0.345596 1.121828 -4.175609
v  0.210388 1.295698 -4.173667
# 440 vertices

vt 0.237371 0.738552 0.000000
vt 0.777230 0.599451 0.000000
vt 0.777158 0.614335 0.000000
vt 0.774041 0.616224 0.000000
vt 0.773227 0.599406 0.000000
vt 0.245428 0.753082 0.000000
vt 0.241452 0.752926 0.000000
vt 0.781160 0.599630 0.000000
vt 0.779855 0.614435 0.000000
vt 0.785123 0.599941 0.000000
vt 0.782731 0.616392 0.000000
vt 0.234283 0.740342 0.000000
vt 0.231037 0.742358 0.000000
vt 0.777903 0.581818 0.000000
vt 0.773890 0.581710 0.000000
vt 0.781906 0.581921 0.000000
vt 0.785913 0.582037 0.000000
vt 0.239146 0.754399 0.000000
vt 0.237518 0.757806 0.000000
vt 0.778136 0.566332 0.000000
vt 0.774106 0.566373 0.000000
vt 0.782128 0.566255 0.000000
vt 0.786143 0.566188 0.000000
vt 0.228054 0.744290 0.000000
vt 0.229096 0.724522 0.000000
vt 0.777663 0.553950 0.000000
vt 0.773595 0.554337 0.000000
vt 0.781528 0.553457 0.000000
vt 0.785534 0.552987 0.000000
vt 0.225842 0.726376 0.000000
vt 0.222587 0.728304 0.000000
vt 0.776035 0.544521 0.000000
vt 0.771929 0.545819 0.000000
vt 0.779554 0.543368 0.000000
vt 0.783639 0.542003 0.000000
vt 0.219364 0.730245 0.000000
vt 0.222211 0.711884 0.000000
vt 0.772011 0.536182 0.000000
vt 0.768663 0.538296 0.000000
vt 0.775218 0.534322 0.000000
vt 0.778549 0.532304 0.000000
vt 0.218691 0.713589 0.000000
vt 0.215178 0.715479 0.000000
vt 0.763918 0.525475 0.000000
vt 0.760972 0.527913 0.000000
vt 0.766863 0.523077 0.000000
vt 0.769808 0.520633 0.000000
vt 0.211765 0.717436 0.000000
vt 0.217741 0.701222 0.000000
vt 0.753343 0.513807 0.000000
vt 0.750708 0.516454 0.000000
vt 0.755966 0.511173 0.000000
vt 0.758579 0.508552 0.000000
vt 0.213537 0.702472 0.000000
vt 0.209333 0.704324 0.000000
vt 0.742784 0.504320 0.000000
vt 0.740363 0.507319 0.000000
vt 0.745164 0.501359 0.000000
vt 0.747630 0.498398 0.000000
vt 0.205467 0.706309 0.000000
vt 0.215962 0.693042 0.000000
vt 0.732373 0.496721 0.000000
vt 0.730217 0.500088 0.000000
vt 0.734450 0.493427 0.000000
vt 0.736637 0.490100 0.000000
vt 0.210956 0.694014 0.000000
vt 0.205869 0.695100 0.000000
vt 0.722485 0.491191 0.000000
vt 0.720757 0.494991 0.000000
vt 0.724050 0.487562 0.000000
vt 0.725790 0.483815 0.000000
vt 0.200989 0.696190 0.000000
vt 0.214602 0.685142 0.000000
vt 0.712927 0.487885 0.000000
vt 0.711980 0.492207 0.000000
vt 0.713763 0.483996 0.000000
vt 0.714696 0.479619 0.000000
vt 0.210044 0.685662 0.000000
vt 0.205191 0.685482 0.000000
vt 0.702808 0.486902 0.000000
vt 0.702919 0.491034 0.000000
vt 0.702830 0.483032 0.000000
vt 0.702755 0.478982 0.000000
vt 0.200687 0.685050 0.000000
vt 0.215041 0.671932 0.000000
vt 0.689904 0.488556 0.000000
vt 0.690579 0.492589 0.000000
vt 0.689290 0.484537 0.000000
vt 0.688686 0.480518 0.000000
vt 0.211088 0.671491 0.000000
vt 0.207073 0.670845 0.000000
vt 0.676268 0.491309 0.000000
vt 0.677158 0.495406 0.000000
vt 0.675395 0.487213 0.000000
vt 0.674534 0.483136 0.000000
vt 0.203124 0.670097 0.000000
vt 0.217910 0.656733 0.000000
vt 0.666113 0.493618 0.000000
vt 0.667147 0.497661 0.000000
vt 0.665053 0.489619 0.000000
vt 0.663941 0.485651 0.000000
vt 0.214251 0.655760 0.000000
vt 0.210463 0.654764 0.000000
vt 0.658874 0.495735 0.000000
vt 0.660291 0.499660 0.000000
vt 0.657428 0.492021 0.000000
vt 0.655917 0.488278 0.000000
vt 0.206735 0.653787 0.000000
vt 0.222379 0.643695 0.000000
vt 0.653598 0.498109 0.000000
vt 0.655762 0.501768 0.000000
vt 0.651594 0.494836 0.000000
vt 0.649533 0.491412 0.000000
vt 0.218702 0.642175 0.000000
vt 0.214901 0.640757 0.000000
vt 0.649162 0.501518 0.000000
vt 0.651967 0.504531 0.000000
vt 0.646702 0.498699 0.000000
vt 0.643921 0.495500 0.000000
vt 0.211134 0.639413 0.000000
vt 0.227779 0.632484 0.000000
vt 0.644369 0.506624 0.000000
vt 0.647408 0.509322 0.000000
vt 0.641478 0.503955 0.000000
vt 0.638479 0.501179 0.000000
vt 0.224131 0.630345 0.000000
vt 0.220240 0.628379 0.000000
vt 0.638039 0.513982 0.000000
vt 0.641122 0.516561 0.000000
vt 0.634981 0.511411 0.000000
vt 0.631867 0.508794 0.000000
vt 0.216399 0.626579 0.000000
vt 0.233872 0.623651 0.000000
vt 0.631078 0.522484 0.000000
vt 0.634332 0.524948 0.000000
vt 0.627874 0.520068 0.000000
vt 0.624698 0.517636 0.000000
vt 0.230327 0.620593 0.000000
vt 0.226304 0.617806 0.000000
vt 0.625203 0.530814 0.000000
vt 0.628695 0.533050 0.000000
vt 0.621790 0.528631 0.000000
vt 0.618360 0.526363 0.000000
vt 0.222385 0.615324 0.000000
vt 0.240397 0.617130 0.000000
vt 0.620486 0.538907 0.000000
vt 0.624273 0.540814 0.000000
vt 0.616812 0.537074 0.000000
vt 0.613072 0.535121 0.000000
vt 0.236891 0.613288 0.000000
vt 0.233315 0.609427 0.000000
vt 0.617134 0.546756 0.000000
vt 0.621224 0.548131 0.000000
vt 0.613232 0.545496 0.000000
vt 0.609012 0.544115 0.000000
vt 0.229842 0.605709 0.000000
vt 0.247531 0.611215 0.000000
vt 0.615283 0.554469 0.000000
vt 0.619618 0.555062 0.000000
vt 0.611161 0.553943 0.000000
vt 0.606955 0.553498 0.000000
vt 0.244722 0.607359 0.000000
vt 0.242285 0.602949 0.000000
vt 0.615036 0.562331 0.000000
vt 0.619235 0.562024 0.000000
vt 0.611043 0.562608 0.000000
vt 0.606966 0.562991 0.000000
vt 0.240179 0.598716 0.000000
vt 0.258633 0.605081 0.000000
vt 0.616596 0.570979 0.000000
vt 0.620575 0.570009 0.000000
vt 0.612716 0.571912 0.000000
vt 0.608804 0.572894 0.000000
vt 0.256903 0.601332 0.000000
vt 0.255311 0.597416 0.000000
vt 0.619519 0.580379 0.000000
vt 0.623331 0.579022 0.000000
vt 0.615768 0.581714 0.000000
vt 0.612006 0.583041 0.000000
vt 0.253857 0.593506 0.000000
vt 0.270968 0.600209 0.000000
vt 0.623288 0.589724 0.000000
vt 0.627002 0.588029 0.000000
vt 0.619626 0.591392 0.000000
vt 0.615907 0.593024 0.000000
vt 0.269656 0.596487 0.000000
vt 0.268355 0.592774 0.000000
vt 0.627886 0.598791 0.000000
vt 0.631478 0.596689 0.000000
vt 0.624347 0.600835 0.000000
vt 0.620704 0.602815 0.000000
vt 0.267049 0.588995 0.000000
vt 0.280304 0.597272 0.000000
vt 0.633571 0.607449 0.000000
vt 0.636842 0.604654 0.000000
vt 0.630141 0.610122 0.000000
vt 0.626381 0.612287 0.000000
vt 0.279300 0.593357 0.000000
vt 0.278140 0.589437 0.000000
vt 0.524876 0.604004 0.000000
vt 0.514939 0.608029 0.000000
vt 0.513780 0.603663 0.000000
vt 0.522891 0.600034 0.000000
vt 0.276903 0.585589 0.000000
vt 0.287071 0.596030 0.000000
vt 0.526852 0.607813 0.000000
vt 0.516281 0.612361 0.000000
vt 0.528808 0.611731 0.000000
vt 0.518201 0.616410 0.000000
vt 0.286666 0.591701 0.000000
vt 0.285765 0.587265 0.000000
vt 0.534193 0.598322 0.000000
vt 0.531569 0.594657 0.000000
vt 0.536742 0.601850 0.000000
vt 0.539415 0.605664 0.000000
vt 0.284733 0.583129 0.000000
vt 0.291809 0.596006 0.000000
vt 0.543619 0.590498 0.000000
vt 0.540338 0.587235 0.000000
vt 0.546773 0.593628 0.000000
vt 0.550007 0.596818 0.000000
vt 0.292008 0.591343 0.000000
vt 0.291865 0.586367 0.000000
vt 0.551748 0.580660 0.000000
vt 0.547925 0.578139 0.000000
vt 0.555567 0.583208 0.000000
vt 0.559227 0.585657 0.000000
vt 0.291595 0.581773 0.000000
vt 0.296352 0.596355 0.000000
vt 0.557687 0.569289 0.000000
vt 0.553467 0.567520 0.000000
vt 0.561818 0.571058 0.000000
vt 0.566014 0.572887 0.000000
vt 0.296758 0.591545 0.000000
vt 0.297529 0.586719 0.000000
vt 0.561839 0.556722 0.000000
vt 0.557413 0.555586 0.000000
vt 0.566222 0.557873 0.000000
vt 0.570669 0.559065 0.000000
vt 0.298348 0.582239 0.000000
vt 0.302893 0.597139 0.000000
vt 0.564303 0.543828 0.000000
vt 0.559682 0.543265 0.000000
vt 0.568785 0.544382 0.000000
vt 0.573389 0.544997 0.000000
vt 0.303573 0.592789 0.000000
vt 0.304606 0.588379 0.000000
vt 0.565013 0.531565 0.000000
vt 0.560250 0.531677 0.000000
vt 0.569638 0.531439 0.000000
vt 0.574358 0.531384 0.000000
vt 0.305751 0.584204 0.000000
vt 0.312337 0.599049 0.000000
vt 0.563849 0.520856 0.000000
vt 0.559092 0.522029 0.000000
vt 0.568361 0.519761 0.000000
vt 0.573137 0.518580 0.000000
vt 0.313302 0.594959 0.000000
vt 0.314348 0.590849 0.000000
vt 0.560421 0.512188 0.000000
vt 0.556105 0.514444 0.000000
vt 0.564619 0.510100 0.000000
vt 0.568862 0.507963 0.000000
vt 0.315426 0.586861 0.000000
vt 0.322760 0.601878 0.000000
vt 0.555119 0.503939 0.000000
vt 0.551006 0.506648 0.000000
vt 0.559218 0.501274 0.000000
vt 0.563333 0.498668 0.000000
vt 0.323989 0.597888 0.000000
vt 0.325215 0.593847 0.000000
vt 0.549399 0.495379 0.000000
vt 0.545387 0.498195 0.000000
vt 0.553374 0.492568 0.000000
vt 0.557340 0.489753 0.000000
vt 0.326424 0.589861 0.000000
vt 0.331905 0.605099 0.000000
vt 0.543421 0.487321 0.000000
vt 0.539602 0.490414 0.000000
vt 0.547148 0.484264 0.000000
vt 0.550906 0.481197 0.000000
vt 0.333493 0.601286 0.000000
vt 0.335062 0.597260 0.000000
vt 0.537266 0.480358 0.000000
vt 0.533783 0.483920 0.000000
vt 0.540572 0.476913 0.000000
vt 0.543988 0.473442 0.000000
vt 0.336568 0.593310 0.000000
vt 0.339651 0.608918 0.000000
vt 0.530742 0.474863 0.000000
vt 0.527913 0.479131 0.000000
vt 0.533349 0.470857 0.000000
vt 0.536214 0.466783 0.000000
vt 0.341838 0.605123 0.000000
vt 0.343879 0.601133 0.000000
vt 0.523010 0.470952 0.000000
vt 0.521241 0.475962 0.000000
vt 0.524759 0.466332 0.000000
vt 0.526745 0.461407 0.000000
vt 0.345806 0.597238 0.000000
vt 0.346097 0.613206 0.000000
vt 0.512729 0.468530 0.000000
vt 0.511803 0.473775 0.000000
vt 0.513738 0.463405 0.000000
vt 0.514808 0.458250 0.000000
vt 0.348928 0.609467 0.000000
vt 0.351595 0.605646 0.000000
vt 0.500541 0.466885 0.000000
vt 0.499913 0.472280 0.000000
vt 0.501197 0.461530 0.000000
vt 0.501890 0.456196 0.000000
vt 0.354132 0.601957 0.000000
vt 0.351341 0.617715 0.000000
vt 0.488685 0.465652 0.000000
vt 0.488281 0.471045 0.000000
vt 0.489078 0.460283 0.000000
vt 0.489451 0.454937 0.000000
vt 0.354544 0.614453 0.000000
vt 0.358001 0.611099 0.000000
vt 0.477656 0.465188 0.000000
vt 0.477713 0.470611 0.000000
vt 0.477590 0.459845 0.000000
vt 0.477523 0.454508 0.000000
vt 0.361299 0.607954 0.000000
vt 0.355729 0.622758 0.000000
vt 0.467741 0.465815 0.000000
vt 0.468558 0.471246 0.000000
vt 0.466942 0.460556 0.000000
vt 0.466187 0.455262 0.000000
vt 0.359296 0.620157 0.000000
vt 0.363195 0.617732 0.000000
vt 0.458926 0.467917 0.000000
vt 0.460888 0.473181 0.000000
vt 0.457064 0.462892 0.000000
vt 0.455318 0.457751 0.000000
vt 0.366942 0.615492 0.000000
vt 0.359686 0.629508 0.000000
vt 0.450704 0.472159 0.000000
vt 0.453959 0.476921 0.000000
vt 0.447628 0.467519 0.000000
vt 0.444687 0.462766 0.000000
vt 0.363395 0.627715 0.000000
vt 0.367278 0.626061 0.000000
vt 0.442135 0.479474 0.000000
vt 0.446209 0.483574 0.000000
vt 0.438240 0.475449 0.000000
vt 0.434274 0.471223 0.000000
vt 0.371102 0.624511 0.000000
vt 0.363008 0.637952 0.000000
vt 0.433535 0.489190 0.000000
vt 0.438015 0.492815 0.000000
vt 0.429161 0.485634 0.000000
vt 0.424553 0.481865 0.000000
vt 0.366765 0.636748 0.000000
vt 0.370616 0.635535 0.000000
vt 0.425978 0.499373 0.000000
vt 0.430820 0.502593 0.000000
vt 0.421220 0.496247 0.000000
vt 0.416339 0.493074 0.000000
vt 0.374439 0.634347 0.000000
vt 0.365304 0.647032 0.000000
vt 0.419871 0.509706 0.000000
vt 0.425048 0.512357 0.000000
vt 0.414810 0.507171 0.000000
vt 0.409613 0.504619 0.000000
vt 0.369277 0.646216 0.000000
vt 0.373289 0.645307 0.000000
vt 0.415471 0.519963 0.000000
vt 0.420977 0.521829 0.000000
vt 0.410138 0.518214 0.000000
vt 0.404653 0.516482 0.000000
vt 0.377240 0.644391 0.000000
vt 0.366776 0.656385 0.000000
vt 0.413001 0.530149 0.000000
vt 0.418765 0.530956 0.000000
vt 0.407453 0.529413 0.000000
vt 0.401793 0.528715 0.000000
vt 0.370925 0.655899 0.000000
vt 0.375118 0.655349 0.000000
vt 0.412698 0.540635 0.000000
vt 0.418507 0.540164 0.000000
vt 0.406987 0.541043 0.000000
vt 0.401374 0.541464 0.000000
vt 0.379224 0.654828 0.000000
vt 0.367585 0.665583 0.000000
vt 0.414858 0.552089 0.000000
vt 0.420557 0.550640 0.000000
vt 0.409182 0.553481 0.000000
vt 0.403545 0.554756 0.000000
vt 0.371655 0.665113 0.000000
vt 0.375750 0.665209 0.000000
vt 0.418724 0.564620 0.000000
vt 0.424384 0.562835 0.000000
vt 0.413084 0.566454 0.000000
vt 0.407471 0.568268 0.000000
vt 0.379874 0.665450 0.000000
vt 0.639535 0.705443 0.000000
vt 0.422910 0.577298 0.000000
vt 0.428385 0.575482 0.000000
vt 0.417451 0.579200 0.000000
vt 0.412048 0.581159 0.000000
vt 0.642918 0.713683 0.000000
vt 0.639224 0.715159 0.000000
vt 0.427101 0.589250 0.000000
vt 0.432436 0.587378 0.000000
vt 0.421855 0.591157 0.000000
vt 0.416604 0.593186 0.000000
vt 0.635452 0.706848 0.000000
vt 0.631363 0.708525 0.000000
vt 0.431013 0.599948 0.000000
vt 0.436265 0.598039 0.000000
vt 0.426022 0.601799 0.000000
vt 0.420875 0.603911 0.000000
vt 0.635789 0.717232 0.000000
vt 0.632409 0.719553 0.000000
vt 0.434620 0.609439 0.000000
vt 0.439899 0.607401 0.000000
vt 0.429911 0.611197 0.000000
vt 0.424688 0.613383 0.000000
vt 0.627428 0.710221 0.000000
vt 0.636951 0.696240 0.000000
vt 0.438364 0.618700 0.000000
vt 0.444085 0.616677 0.000000
vt 0.433835 0.620495 0.000000
vt 0.428200 0.623062 0.000000
vt 0.632466 0.697252 0.000000
vt 0.628061 0.698352 0.000000
vt 0.777618 0.615841 0.000000
vt 0.776182 0.617279 0.000000
vt 0.779328 0.615809 0.000000
vt 0.780663 0.617273 0.000000
vt 0.623754 0.699439 0.000000
vt 0.635211 0.685576 0.000000
vt 0.441340 0.627667 0.000000
vt 0.446284 0.628746 0.000000
vt 0.437832 0.629166 0.000000
vt 0.435091 0.633695 0.000000
vt 0.630726 0.685924 0.000000
vt 0.778466 0.617632 0.000000
vt 0.444065 0.630775 0.000000
vt 0.626139 0.686290 0.000000
vt 0.621639 0.686608 0.000000
vt 0.635452 0.674582 0.000000
vt 0.631181 0.674019 0.000000
vt 0.626552 0.673386 0.000000
vt 0.622078 0.672761 0.000000
vt 0.638100 0.663736 0.000000
vt 0.633901 0.662321 0.000000
vt 0.629651 0.660852 0.000000
vt 0.625448 0.659423 0.000000
vt 0.642702 0.652880 0.000000
vt 0.638762 0.650855 0.000000
vt 0.634780 0.648804 0.000000
vt 0.630850 0.646826 0.000000
vt 0.648722 0.642831 0.000000
vt 0.645054 0.640216 0.000000
vt 0.641345 0.637678 0.000000
vt 0.637599 0.635200 0.000000
vt 0.655674 0.634503 0.000000
vt 0.652352 0.631166 0.000000
vt 0.648785 0.627950 0.000000
vt 0.645275 0.624874 0.000000
vt 0.662679 0.628653 0.000000
vt 0.659750 0.624547 0.000000
vt 0.656763 0.620345 0.000000
vt 0.653947 0.616364 0.000000
vt 0.669073 0.624696 0.000000
vt 0.666981 0.620497 0.000000
vt 0.665163 0.616052 0.000000
vt 0.663503 0.611743 0.000000
vt 0.676846 0.621621 0.000000
vt 0.675476 0.617499 0.000000
vt 0.674176 0.613337 0.000000
vt 0.672922 0.609115 0.000000
vt 0.685503 0.619145 0.000000
vt 0.684425 0.614872 0.000000
vt 0.683269 0.610587 0.000000
vt 0.682084 0.606343 0.000000
vt 0.693996 0.617346 0.000000
vt 0.693282 0.612846 0.000000
vt 0.692359 0.608300 0.000000
vt 0.691365 0.603879 0.000000
vt 0.701802 0.616587 0.000000
vt 0.701716 0.611744 0.000000
vt 0.701221 0.606763 0.000000
vt 0.700606 0.602040 0.000000
vt 0.708593 0.617034 0.000000
vt 0.709385 0.611857 0.000000
vt 0.709736 0.606414 0.000000
vt 0.709969 0.601352 0.000000
vt 0.715138 0.618550 0.000000
vt 0.716592 0.613315 0.000000
vt 0.718247 0.608005 0.000000
vt 0.719859 0.603010 0.000000
vt 0.723508 0.621398 0.000000
vt 0.725444 0.616835 0.000000
vt 0.727673 0.612315 0.000000
vt 0.729964 0.607961 0.000000
vt 0.733041 0.626139 0.000000
vt 0.735322 0.622015 0.000000
vt 0.737631 0.617936 0.000000
vt 0.740019 0.613819 0.000000
vt 0.741845 0.631412 0.000000
vt 0.744436 0.627431 0.000000
vt 0.746984 0.623419 0.000000
vt 0.749513 0.619399 0.000000
vt 0.749450 0.636824 0.000000
vt 0.752503 0.633035 0.000000
vt 0.755459 0.629117 0.000000
vt 0.758330 0.625220 0.000000
vt 0.755417 0.642324 0.000000
vt 0.759183 0.638900 0.000000
vt 0.762812 0.635182 0.000000
vt 0.766258 0.631542 0.000000
vt 0.759608 0.647908 0.000000
vt 0.764215 0.645136 0.000000
vt 0.768779 0.641968 0.000000
vt 0.773059 0.638932 0.000000
vt 0.762566 0.654212 0.000000
vt 0.767738 0.652305 0.000000
vt 0.773152 0.650252 0.000000
vt 0.778230 0.648277 0.000000
vt 0.764984 0.663095 0.000000
vt 0.770405 0.662019 0.000000
vt 0.775877 0.661029 0.000000
vt 0.781205 0.660061 0.000000
vt 0.766500 0.674231 0.000000
vt 0.772020 0.673737 0.000000
vt 0.777402 0.673279 0.000000
vt 0.782712 0.672841 0.000000
vt 0.767003 0.685174 0.000000
vt 0.772438 0.685185 0.000000
vt 0.777904 0.685172 0.000000
vt 0.783261 0.685181 0.000000
vt 0.766425 0.695312 0.000000
vt 0.771833 0.695937 0.000000
vt 0.777306 0.696513 0.000000
vt 0.782642 0.697102 0.000000
vt 0.764750 0.704345 0.000000
vt 0.770045 0.705732 0.000000
vt 0.775443 0.707070 0.000000
vt 0.780656 0.708409 0.000000
vt 0.761974 0.712171 0.000000
vt 0.766950 0.714431 0.000000
vt 0.772068 0.716731 0.000000
vt 0.776950 0.719013 0.000000
vt 0.757939 0.719143 0.000000
vt 0.762311 0.722165 0.000000
vt 0.766785 0.725532 0.000000
vt 0.770976 0.728803 0.000000
vt 0.752008 0.726293 0.000000
vt 0.755618 0.729823 0.000000
vt 0.759135 0.733491 0.000000
vt 0.762579 0.737193 0.000000
vt 0.743878 0.733550 0.000000
vt 0.747032 0.737330 0.000000
vt 0.750158 0.741061 0.000000
vt 0.753338 0.744901 0.000000
vt 0.735010 0.740511 0.000000
vt 0.738007 0.744480 0.000000
vt 0.741110 0.748444 0.000000
vt 0.744250 0.752331 0.000000
vt 0.726182 0.746815 0.000000
vt 0.729061 0.751092 0.000000
vt 0.732244 0.755405 0.000000
vt 0.735541 0.759415 0.000000
vt 0.717780 0.752029 0.000000
vt 0.720563 0.756866 0.000000
vt 0.723996 0.761843 0.000000
vt 0.727721 0.766085 0.000000
vt 0.710061 0.756279 0.000000
vt 0.713171 0.761596 0.000000
vt 0.716872 0.767325 0.000000
vt 0.720842 0.772161 0.000000
vt 0.702711 0.761699 0.000000
vt 0.706780 0.766185 0.000000
vt 0.710367 0.771604 0.000000
vt 0.712961 0.777240 0.000000
vt 0.243910 0.754997 0.000000
vt 0.241863 0.754550 0.000000
vt 0.240334 0.755391 0.000000
vt 0.239771 0.757376 0.000000
vt 0.695567 0.770139 0.000000
vt 0.699814 0.772269 0.000000
vt 0.701747 0.775458 0.000000
vt 0.701649 0.780539 0.000000
vt 0.242052 0.756620 0.000000
vt 0.698547 0.773843 0.000000
vt 0.441495 0.629804 0.000000
vt 0.439348 0.630856 0.000000
vt 0.438308 0.633445 0.000000
vt 0.441484 0.632640 0.000000
vt 0.695904 0.773193 0.000000
vt 0.698886 0.778629 0.000000
vt 0.699631 0.775905 0.000000
vt 0.696915 0.776087 0.000000
# 596 texture coords

o Line001
g Line001
f 1488/1946 1482/1951 1481/1952 1487/1957 
f 1482/1949 1488/1950 1489/1947 1483/1948 
f 1484/1954 1483/1948 1489/1947 1490/1953 
f 1490/1953 1491/1955 1485/1956 1484/1954 
f 1486/1963 1485/1964 1491/1969 1492/1958 
f 1487/1957 1481/1952 1486/1963 1492/1958 
f 1494/1970 1488/1946 1487/1957 1493/1975 
f 1495/1959 1489/1947 1488/1950 1494/1960 
f 1495/1959 1496/1961 1490/1953 1489/1947 
f 1497/1962 1491/1955 1490/1953 1496/1961 
f 1492/1958 1491/1969 1497/1981 1498/1976 
f 1492/1958 1498/1976 1493/1975 1487/1957 
f 1494/1970 1493/1975 1499/1987 1500/1982 
f 1494/1960 1500/1966 1501/1965 1495/1959 
f 1501/1965 1502/1967 1496/1961 1495/1959 
f 1503/1968 1497/1962 1496/1961 1502/1967 
f 1504/1988 1498/1976 1497/1981 1503/1993 
f 1498/1976 1504/1988 1499/1987 1493/1975 
f 1506/1994 1500/1982 1499/1987 1505/1999 
f 1507/1971 1501/1965 1500/1966 1506/1972 
f 1502/1967 1501/1965 1507/1971 1508/1973 
f 1503/1968 1502/1967 1508/1973 1509/1974 
f 1504/1988 1503/1993 1509/2005 1510/2000 
f 1504/1988 1510/2000 1505/1999 1499/1987 
f 1506/1994 1505/1999 1511/2011 1512/2006 
f 1513/1977 1507/1971 1506/1972 1512/1978 
f 1514/1979 1508/1973 1507/1971 1513/1977 
f 1508/1973 1514/1979 1515/1980 1509/1974 
f 1510/2000 1509/2005 1515/2017 1516/2012 
f 1511/2011 1505/1999 1510/2000 1516/2012 
f 1517/2023 1518/2018 1512/2006 1511/2011 
f 1519/1983 1513/1977 1512/1978 1518/1984 
f 1520/1985 1514/1979 1513/1977 1519/1983 
f 1515/1980 1514/1979 1520/1985 1521/1986 
f 1515/2017 1521/2029 1522/2024 1516/2012 
f 1516/2012 1522/2024 1517/2023 1511/2011 
f 1524/2030 1518/2018 1517/2023 1523/2035 
f 1518/1984 1524/1990 1525/1989 1519/1983 
f 1519/1983 1525/1989 1526/1991 1520/1985 
f 1526/1991 1527/1992 1521/1986 1520/1985 
f 1528/2036 1522/2024 1521/2029 1527/2041 
f 1522/2024 1528/2036 1523/2035 1517/2023 
f 1530/2042 1524/2030 1523/2035 1529/2047 
f 1531/1995 1525/1989 1524/1990 1530/1996 
f 1532/1997 1526/1991 1525/1989 1531/1995 
f 1533/1998 1527/1992 1526/1991 1532/1997 
f 1527/2041 1533/2053 1534/2048 1528/2036 
f 1534/2048 1529/2047 1523/2035 1528/2036 
f 1535/2059 1536/2054 1530/2042 1529/2047 
f 1537/2001 1531/1995 1530/1996 1536/2002 
f 1531/1995 1537/2001 1538/2003 1532/1997 
f 1539/2004 1533/1998 1532/1997 1538/2003 
f 1540/2060 1534/2048 1533/2053 1539/2065 
f 1534/2048 1540/2060 1535/2059 1529/2047 
f 1536/2054 1535/2059 1541/2071 1542/2066 
f 1543/2007 1537/2001 1536/2002 1542/2008 
f 1544/2009 1538/2003 1537/2001 1543/2007 
f 1544/2009 1545/2010 1539/2004 1538/2003 
f 1540/2060 1539/2065 1545/2077 1546/2072 
f 1540/2060 1546/2072 1541/2071 1535/2059 
f 1542/2066 1541/2071 1547/2083 1548/2078 
f 1549/2013 1543/2007 1542/2008 1548/2014 
f 1549/2013 1550/2015 1544/2009 1543/2007 
f 1545/2010 1544/2009 1550/2015 1551/2016 
f 1546/2072 1545/2077 1551/2089 1552/2084 
f 1547/2083 1541/2071 1546/2072 1552/2084 
f 1547/2083 1553/2095 1554/2090 1548/2078 
f 1555/2019 1549/2013 1548/2014 1554/2020 
f 1556/2021 1550/2015 1549/2013 1555/2019 
f 1551/2016 1550/2015 1556/2021 1557/2022 
f 1558/2096 1552/2084 1551/2089 1557/2101 
f 1553/2095 1547/2083 1552/2084 1558/2096 
f 1559/2107 1560/2102 1554/2090 1553/2095 
f 1561/2025 1555/2019 1554/2020 1560/2026 
f 1555/2019 1561/2025 1562/2027 1556/2021 
f 1562/2027 1563/2028 1557/2022 1556/2021 
f 1564/2108 1558/2096 1557/2101 1563/2113 
f 1559/2107 1553/2095 1558/2096 1564/2108 
f 1565/2119 1566/2114 1560/2102 1559/2107 
f 1561/2025 1560/2026 1566/2032 1567/2031 
f 1567/2031 1568/2033 1562/2027 1561/2025 
f 1562/2027 1568/2033 1569/2034 1563/2028 
f 1563/2113 1569/2125 1570/2120 1564/2108 
f 1564/2108 1570/2120 1565/2119 1559/2107 
f 1566/2114 1565/2119 1571/2131 1572/2126 
f 1567/2031 1566/2032 1572/2038 1573/2037 
f 1573/2037 1574/2039 1568/2033 1567/2031 
f 1569/2034 1568/2033 1574/2039 1575/2040 
f 1576/2132 1570/2120 1569/2125 1575/2137 
f 1576/2132 1571/2131 1565/2119 1570/2120 
f 1572/2126 1571/2131 1577/2143 1578/2138 
f 1579/2043 1573/2037 1572/2038 1578/2044 
f 1579/2043 1580/2045 1574/2039 1573/2037 
f 1575/2040 1574/2039 1580/2045 1581/2046 
f 1576/2132 1575/2137 1581/2149 1582/2144 
f 1577/2143 1571/2131 1576/2132 1582/2144 
f 1584/2150 1578/2138 1577/2143 1583/2155 
f 1584/2050 1585/2049 1579/2043 1578/2044 
f 1586/2051 1580/2045 1579/2043 1585/2049 
f 1580/2045 1586/2051 1587/2052 1581/2046 
f 1581/2149 1587/2161 1588/2156 1582/2144 
f 1588/2156 1583/2155 1577/2143 1582/2144 
f 1584/2150 1583/2155 1589/2167 1590/2162 
f 1584/2050 1590/2056 1591/2055 1585/2049 
f 1585/2049 1591/2055 1592/2057 1586/2051 
f 1587/2052 1586/2051 1592/2057 1593/2058 
f 1588/2156 1587/2161 1593/2173 1594/2168 
f 1589/2167 1583/2155 1588/2156 1594/2168 
f 1590/2162 1589/2167 1595/2179 1596/2174 
f 1591/2055 1590/2056 1596/2062 1597/2061 
f 1592/2057 1591/2055 1597/2061 1598/2063 
f 1593/2058 1592/2057 1598/2063 1599/2064 
f 1593/2173 1599/2185 1600/2180 1594/2168 
f 1595/2179 1589/2167 1594/2168 1600/2180 
f 1602/2186 1596/2174 1595/2179 1601/2191 
f 1597/2061 1596/2062 1602/2068 1603/2067 
f 1604/2069 1598/2063 1597/2061 1603/2067 
f 1599/2064 1598/2063 1604/2069 1605/2070 
f 1600/2180 1599/2185 1605/2197 1606/2192 
f 1601/2191 1595/2179 1600/2180 1606/2192 
f 1602/2186 1601/2191 1607/2203 1608/2198 
f 1609/2073 1603/2067 1602/2068 1608/2074 
f 1603/2067 1609/2073 1610/2075 1604/2069 
f 1605/2070 1604/2069 1610/2075 1611/2076 
f 1612/2204 1606/2192 1605/2197 1611/2209 
f 1606/2192 1612/2204 1607/2203 1601/2191 
f 1613/2215 1614/2210 1608/2198 1607/2203 
f 1614/2080 1615/2079 1609/2073 1608/2074 
f 1616/2081 1610/2075 1609/2073 1615/2079 
f 1617/2082 1611/2076 1610/2075 1616/2081 
f 1612/2204 1611/2209 1617/2221 1618/2216 
f 1612/2204 1618/2216 1613/2215 1607/2203 
f 1620/2222 1614/2210 1613/2215 1619/2227 
f 1615/2079 1614/2080 1620/2086 1621/2085 
f 1622/2087 1616/2081 1615/2079 1621/2085 
f 1617/2082 1616/2081 1622/2087 1623/2088 
f 1624/2228 1618/2216 1617/2221 1623/2233 
f 1618/2216 1624/2228 1619/2227 1613/2215 
f 1619/2227 1625/2239 1626/2234 1620/2222 
f 1621/2085 1620/2086 1626/2092 1627/2091 
f 1622/2087 1621/2085 1627/2091 1628/2093 
f 1629/2094 1623/2088 1622/2087 1628/2093 
f 1624/2228 1623/2233 1629/2245 1630/2240 
f 1630/2240 1625/2239 1619/2227 1624/2228 
f 1631/2251 1632/2246 1626/2234 1625/2239 
f 1633/2097 1627/2091 1626/2092 1632/2098 
f 1634/2099 1628/2093 1627/2091 1633/2097 
f 1635/2100 1629/2094 1628/2093 1634/2099 
f 1629/2245 1635/2257 1636/2252 1630/2240 
f 1630/2240 1636/2252 1631/2251 1625/2239 
f 1631/2251 1637/2263 1638/2258 1632/2246 
f 1638/2104 1639/2103 1633/2097 1632/2098 
f 1640/2105 1634/2099 1633/2097 1639/2103 
f 1634/2099 1640/2105 1641/2106 1635/2100 
f 1642/2264 1636/2252 1635/2257 1641/2269 
f 1636/2252 1642/2264 1637/2263 1631/2251 
f 1638/2258 1637/2263 1643/2275 1644/2270 
f 1639/2103 1638/2104 1644/2110 1645/2109 
f 1646/2111 1640/2105 1639/2103 1645/2109 
f 1640/2105 1646/2111 1647/2112 1641/2106 
f 1642/2264 1641/2269 1647/2281 1648/2276 
f 1642/2264 1648/2276 1643/2275 1637/2263 
f 1650/2282 1644/2270 1643/2275 1649/2287 
f 1650/2116 1651/2115 1645/2109 1644/2110 
f 1652/2117 1646/2111 1645/2109 1651/2115 
f 1646/2111 1652/2117 1653/2118 1647/2112 
f 1648/2276 1647/2281 1653/2293 1654/2288 
f 1648/2276 1654/2288 1649/2287 1643/2275 
f 1649/2287 1655/2299 1656/2294 1650/2282 
f 1657/2121 1651/2115 1650/2116 1656/2122 
f 1658/2123 1652/2117 1651/2115 1657/2121 
f 1652/2117 1658/2123 1659/2124 1653/2118 
f 1659/2305 1660/2300 1654/2288 1653/2293 
f 1655/2299 1649/2287 1654/2288 1660/2300 
f 1655/2299 1661/2311 1662/2306 1656/2294 
f 1657/2121 1656/2122 1662/2128 1663/2127 
f 1663/2127 1664/2129 1658/2123 1657/2121 
f 1658/2123 1664/2129 1665/2130 1659/2124 
f 1660/2300 1659/2305 1665/2317 1666/2312 
f 1660/2300 1666/2312 1661/2311 1655/2299 
f 1668/2318 1662/2306 1661/2311 1667/2323 
f 1662/2128 1668/2134 1669/2133 1663/2127 
f 1664/2129 1663/2127 1669/2133 1670/2135 
f 1665/2130 1664/2129 1670/2135 1671/2136 
f 1665/2317 1671/2329 1672/2324 1666/2312 
f 1666/2312 1672/2324 1667/2323 1661/2311 
f 1668/2318 1667/2323 1673/2335 1674/2330 
f 1675/2139 1669/2133 1668/2134 1674/2140 
f 1669/2133 1675/2139 1676/2141 1670/2135 
f 1677/2142 1671/2136 1670/2135 1676/2141 
f 1678/2336 1672/2324 1671/2329 1677/2341 
f 1672/2324 1678/2336 1673/2335 1667/2323 
f 1679/2353 1680/2342 1674/2347 1673/2348 
f 1675/2146 1674/2147 1680/2148 1681/2145 
f 1675/2146 1681/2145 1682/2151 1676/2152 
f 1676/2152 1682/2151 1683/2153 1677/2154 
f 1683/2365 1684/2354 1678/2359 1677/2360 
f 1679/2353 1673/2348 1678/2359 1684/2354 
f 1686/2366 1680/2342 1679/2353 1685/2371 
f 1687/2157 1681/2145 1680/2148 1686/2158 
f 1688/2159 1682/2151 1681/2145 1687/2157 
f 1689/2160 1683/2153 1682/2151 1688/2159 
f 1689/2377 1690/2372 1684/2354 1683/2365 
f 1685/2371 1679/2353 1684/2354 1690/2372 
f 1686/2366 1685/2371 1691/2383 1692/2378 
f 1687/2157 1686/2158 1692/2164 1693/2163 
f 1688/2159 1687/2157 1693/2163 1694/2165 
f 1695/2166 1689/2160 1688/2159 1694/2165 
f 1689/2377 1695/2387 1696/2386 1690/2372 
f 1690/2372 1696/2386 1691/2383 1685/2371 
f 1698/2388 1692/2378 1691/2383 1697/2389 
f 1692/2164 1698/2170 1699/2169 1693/2163 
f 1700/2171 1694/2165 1693/2163 1699/2169 
f 1701/2172 1695/2166 1694/2165 1700/2171 
f 1701/2391 1702/2390 1696/2386 1695/2387 
f 1696/2386 1702/2390 1697/2389 1691/2383 
f 1697/2389 1703/2393 1704/2392 1698/2388 
f 1705/2175 1699/2169 1698/2170 1704/2176 
f 1706/2177 1700/2171 1699/2169 1705/2175 
f 1707/2178 1701/2172 1700/2171 1706/2177 
f 1701/2391 1707/2395 1708/2394 1702/2390 
f 1702/2390 1708/2394 1703/2393 1697/2389 
f 1709/2397 1710/2396 1704/2392 1703/2393 
f 1711/2181 1705/2175 1704/2176 1710/2182 
f 1712/2183 1706/2177 1705/2175 1711/2181 
f 1712/2183 1713/2184 1707/2178 1706/2177 
f 1708/2394 1707/2395 1713/2399 1714/2398 
f 1709/2397 1703/2393 1708/2394 1714/2398 
f 1709/2397 1715/2401 1716/2400 1710/2396 
f 1711/2181 1710/2182 1716/2188 1717/2187 
f 1711/2181 1717/2187 1718/2189 1712/2183 
f 1712/2183 1718/2189 1719/2190 1713/2184 
f 1719/2403 1720/2402 1714/2398 1713/2399 
f 1714/2398 1720/2402 1715/2401 1709/2397 
f 1716/2400 1715/2401 1721/2405 1722/2404 
f 1723/2193 1717/2187 1716/2188 1722/2194 
f 1724/2195 1718/2189 1717/2187 1723/2193 
f 1719/2190 1718/2189 1724/2195 1725/2196 
f 1726/2406 1720/2402 1719/2403 1725/2407 
f 1726/2406 1721/2405 1715/2401 1720/2402 
f 1728/2408 1722/2404 1721/2405 1727/2409 
f 1722/2194 1728/2200 1729/2199 1723/2193 
f 1724/2195 1723/2193 1729/2199 1730/2201 
f 1725/2196 1724/2195 1730/2201 1731/2202 
f 1726/2406 1725/2407 1731/2411 1732/2410 
f 1727/2409 1721/2405 1726/2406 1732/2410 
f 1727/2409 1733/2413 1734/2412 1728/2408 
f 1729/2199 1728/2200 1734/2206 1735/2205 
f 1729/2199 1735/2205 1736/2207 1730/2201 
f 1731/2202 1730/2201 1736/2207 1737/2208 
f 1738/2414 1732/2410 1731/2411 1737/2415 
f 1733/2413 1727/2409 1732/2410 1738/2414 
f 1740/2416 1734/2412 1733/2413 1739/2417 
f 1734/2206 1740/2212 1741/2211 1735/2205 
f 1735/2205 1741/2211 1742/2213 1736/2207 
f 1743/2214 1737/2208 1736/2207 1742/2213 
f 1737/2415 1743/2419 1744/2418 1738/2414 
f 1739/2417 1733/2413 1738/2414 1744/2418 
f 1745/2421 1746/2420 1740/2416 1739/2417 
f 1740/2212 1746/2218 1747/2217 1741/2211 
f 1748/2219 1742/2213 1741/2211 1747/2217 
f 1743/2214 1742/2213 1748/2219 1749/2220 
f 1750/2422 1744/2418 1743/2419 1749/2423 
f 1745/2421 1739/2417 1744/2418 1750/2422 
f 1751/2425 1752/2424 1746/2420 1745/2421 
f 1753/2223 1747/2217 1746/2218 1752/2224 
f 1754/2225 1748/2219 1747/2217 1753/2223 
f 1748/2219 1754/2225 1755/2226 1749/2220 
f 1756/2426 1750/2422 1749/2423 1755/2427 
f 1750/2422 1756/2426 1751/2425 1745/2421 
f 1758/2428 1752/2424 1751/2425 1757/2429 
f 1752/2224 1758/2230 1759/2229 1753/2223 
f 1754/2225 1753/2223 1759/2229 1760/2231 
f 1755/2226 1754/2225 1760/2231 1761/2232 
f 1762/2430 1756/2426 1755/2427 1761/2431 
f 1756/2426 1762/2430 1757/2429 1751/2425 
f 1758/2428 1757/2429 1763/2433 1764/2432 
f 1759/2229 1758/2230 1764/2236 1765/2235 
f 1760/2231 1759/2229 1765/2235 1766/2237 
f 1761/2232 1760/2231 1766/2237 1767/2238 
f 1768/2434 1762/2430 1761/2431 1767/2435 
f 1762/2430 1768/2434 1763/2433 1757/2429 
f 1769/2437 1770/2436 1764/2432 1763/2433 
f 1764/2236 1770/2242 1771/2241 1765/2235 
f 1766/2237 1765/2235 1771/2241 1772/2243 
f 1766/2237 1772/2243 1773/2244 1767/2238 
f 1774/2438 1768/2434 1767/2435 1773/2439 
f 1768/2434 1774/2438 1769/2437 1763/2433 
f 1770/2436 1769/2437 1775/2441 1776/2440 
f 1770/2242 1776/2248 1777/2247 1771/2241 
f 1778/2249 1772/2243 1771/2241 1777/2247 
f 1779/2250 1773/2244 1772/2243 1778/2249 
f 1780/2442 1774/2438 1773/2439 1779/2443 
f 1774/2438 1780/2442 1775/2441 1769/2437 
f 1775/2441 1781/2445 1782/2444 1776/2440 
f 1777/2247 1776/2248 1782/2254 1783/2253 
f 1778/2249 1777/2247 1783/2253 1784/2255 
f 1779/2250 1778/2249 1784/2255 1785/2256 
f 1779/2443 1785/2447 1786/2446 1780/2442 
f 1780/2442 1786/2446 1781/2445 1775/2441 
f 1788/2448 1782/2444 1781/2445 1787/2449 
f 1788/2260 1789/2259 1783/2253 1782/2254 
f 1784/2255 1783/2253 1789/2259 1790/2261 
f 1791/2262 1785/2256 1784/2255 1790/2261 
f 1791/2451 1792/2450 1786/2446 1785/2447 
f 1792/2450 1787/2449 1781/2445 1786/2446 
f 1788/2448 1787/2449 1793/2453 1794/2452 
f 1788/2260 1794/2266 1795/2265 1789/2259 
f 1796/2267 1790/2261 1789/2259 1795/2265 
f 1791/2262 1790/2261 1796/2267 1797/2268 
f 1797/2455 1798/2454 1792/2450 1791/2451 
f 1792/2450 1798/2454 1793/2453 1787/2449 
f 1800/2456 1794/2452 1793/2453 1799/2457 
f 1800/2272 1801/2271 1795/2265 1794/2266 
f 1795/2265 1801/2271 1802/2273 1796/2267 
f 1802/2273 1803/2274 1797/2268 1796/2267 
f 1804/2458 1798/2454 1797/2455 1803/2459 
f 1804/2458 1799/2457 1793/2453 1798/2454 
f 1800/2456 1799/2457 1805/2461 1806/2460 
f 1800/2272 1806/2278 1807/2277 1801/2271 
f 1801/2271 1807/2277 1808/2279 1802/2273 
f 1808/2279 1809/2280 1803/2274 1802/2273 
f 1809/2463 1810/2462 1804/2458 1803/2459 
f 1804/2458 1810/2462 1805/2461 1799/2457 
f 1805/2461 1811/2465 1812/2464 1806/2460 
f 1806/2278 1812/2284 1813/2283 1807/2277 
f 1808/2279 1807/2277 1813/2283 1814/2285 
f 1815/2286 1809/2280 1808/2279 1814/2285 
f 1809/2463 1815/2467 1816/2466 1810/2462 
f 1810/2462 1816/2466 1811/2465 1805/2461 
f 1817/2469 1818/2468 1812/2464 1811/2465 
f 1813/2283 1812/2284 1818/2290 1819/2289 
f 1820/2291 1814/2285 1813/2283 1819/2289 
f 1821/2292 1815/2286 1814/2285 1820/2291 
f 1822/2470 1816/2466 1815/2467 1821/2471 
f 1816/2466 1822/2470 1817/2469 1811/2465 
f 1824/2472 1818/2468 1817/2469 1823/2473 
f 1818/2290 1824/2296 1825/2295 1819/2289 
f 1820/2291 1819/2289 1825/2295 1826/2297 
f 1821/2292 1820/2291 1826/2297 1827/2298 
f 1828/2474 1822/2470 1821/2471 1827/2475 
f 1823/2473 1817/2469 1822/2470 1828/2474 
f 1824/2472 1823/2473 1829/2477 1830/2476 
f 1824/2296 1830/2302 1831/2301 1825/2295 
f 1826/2297 1825/2295 1831/2301 1832/2303 
f 1833/2304 1827/2298 1826/2297 1832/2303 
f 1828/2474 1827/2475 1833/2479 1834/2478 
f 1829/2477 1823/2473 1828/2474 1834/2478 
f 1836/2480 1830/2476 1829/2477 1835/2481 
f 1837/2307 1831/2301 1830/2302 1836/2308 
f 1837/2307 1838/2309 1832/2303 1831/2301 
f 1838/2309 1839/2310 1833/2304 1832/2303 
f 1834/2478 1833/2479 1839/2483 1840/2482 
f 1840/2482 1835/2481 1829/2477 1834/2478 
f 1842/2484 1836/2480 1835/2481 1841/2485 
f 1843/2313 1837/2307 1836/2308 1842/2314 
f 1837/2307 1843/2313 1844/2315 1838/2309 
f 1839/2310 1838/2309 1844/2315 1845/2316 
f 1846/2486 1840/2482 1839/2483 1845/2487 
f 1846/2486 1841/2485 1835/2481 1840/2482 
f 1848/2488 1842/2484 1841/2485 1847/2489 
f 1848/2320 1849/2319 1843/2313 1842/2314 
f 1849/2319 1850/2321 1844/2315 1843/2313 
f 1844/2315 1850/2321 1851/2322 1845/2316 
f 1845/2487 1851/2491 1852/2490 1846/2486 
f 1846/2486 1852/2490 1847/2489 1841/2485 
f 1847/2489 1853/2493 1854/2492 1848/2488 
f 1848/2320 1854/2326 1855/2325 1849/2319 
f 1850/2321 1849/2319 1855/2325 1856/2327 
f 1851/2322 1850/2321 1856/2327 1857/2328 
f 1852/2490 1851/2491 1857/2495 1858/2494 
f 1853/2493 1847/2489 1852/2490 1858/2494 
f 1853/2493 1859/2497 1860/2496 1854/2492 
f 1854/2326 1860/2332 1861/2331 1855/2325 
f 1862/2333 1856/2327 1855/2325 1861/2331 
f 1863/2334 1857/2328 1856/2327 1862/2333 
f 1864/2498 1858/2494 1857/2495 1863/2499 
f 1864/2498 1859/2497 1853/2493 1858/2494 
f 1859/2497 1865/2501 1866/2500 1860/2496 
f 1866/2338 1867/2337 1861/2331 1860/2332 
f 1868/2339 1862/2333 1861/2331 1867/2337 
f 1863/2334 1862/2333 1868/2339 1869/2340 
f 1870/2502 1864/2498 1863/2499 1869/2503 
f 1865/2501 1859/2497 1864/2498 1870/2502 
f 1872/2504 1866/2500 1865/2501 1871/2505 
f 1867/2337 1866/2338 1872/2344 1873/2343 
f 1868/2339 1867/2337 1873/2343 1874/2345 
f 1869/2340 1868/2339 1874/2345 1875/2346 
f 1870/2502 1869/2503 1875/2507 1876/2506 
f 1870/2502 1876/2506 1871/2505 1865/2501 
f 1872/2504 1871/2505 1877/2509 1878/2508 
f 1872/2344 1878/2350 1879/2349 1873/2343 
f 1880/2351 1874/2345 1873/2343 1879/2349 
f 1880/2351 1881/2352 1875/2346 1874/2345 
f 1875/2507 1881/2511 1882/2510 1876/2506 
f 1876/2506 1882/2510 1877/2509 1871/2505 
f 1878/2508 1877/2509 1883/2513 1884/2512 
f 1879/2349 1878/2350 1884/2356 1885/2355 
f 1879/2349 1885/2355 1886/2357 1880/2351 
f 1880/2351 1886/2357 1887/2358 1881/2352 
f 1882/2510 1881/2511 1887/2515 1888/2514 
f 1888/2514 1883/2513 1877/2509 1882/2510 
f 1884/2512 1883/2513 1889/2517 1890/2516 
f 1891/2361 1885/2355 1884/2356 1890/2362 
f 1886/2357 1885/2355 1891/2361 1892/2363 
f 1887/2358 1886/2357 1892/2363 1893/2364 
f 1893/2519 1894/2518 1888/2514 1887/2515 
f 1894/2518 1889/2517 1883/2513 1888/2514 
f 1889/2517 1895/2521 1896/2520 1890/2516 
f 1891/2361 1890/2362 1896/2368 1897/2367 
f 1891/2361 1897/2367 1898/2369 1892/2363 
f 1899/2370 1893/2364 1892/2363 1898/2369 
f 1894/2518 1893/2519 1899/2523 1900/2522 
f 1894/2518 1900/2522 1895/2521 1889/2517 
f 1902/2528 1896/2520 1895/2521 1901/2529 
f 1897/2367 1896/2368 1902/2380 1903/2379 
f 1904/2381 1898/2369 1897/2367 1903/2379 
f 1905/2382 1899/2370 1898/2369 1904/2381 
f 1906/2530 1900/2522 1899/2523 1905/2531 
f 1895/2521 1900/2522 1906/2530 1901/2529 
f 1908/2524 1907/2525 1481/1952 1482/1951 
f 1482/1949 1483/1948 1909/2373 1908/2374 
f 1483/1948 1484/1954 1910/2375 1909/2373 
f 1484/1954 1485/1956 1911/2376 1910/2375 
f 1486/1963 1912/2526 1911/2527 1485/1964 
f 1486/1963 1481/1952 1907/2525 1912/2526 
f 1902/2528 1901/2529 1913/2533 1914/2538 
f 1914/2385 1915/2534 1903/2379 1902/2380 
f 1903/2379 1915/2534 1916/2535 1904/2381 
f 1905/2382 1904/2381 1916/2535 1917/2536 
f 1906/2530 1905/2531 1917/2539 1918/2540 
f 1906/2530 1918/2540 1913/2533 1901/2529 
f 1907/2525 1908/2524 1919/2532 
f 1908/2374 1909/2373 1919/2384 
f 1909/2373 1910/2375 1919/2384 
f 1910/2375 1911/2376 1919/2384 
f 1911/2527 1912/2526 1919/2532 
f 1912/2526 1907/2525 1919/2532 
f 1914/2538 1913/2533 1920/2541 
f 1915/2534 1914/2385 1920/2537 
f 1916/2535 1915/2534 1920/2537 
f 1917/2536 1916/2535 1920/2537 
f 1918/2540 1917/2539 1920/2541 
f 1913/2533 1918/2540 1920/2541 
# 432 polygons - 12 triangles

