# 3ds Max Wavefront OBJ Exporter v0.97b - (c)2007 guruware
# File Created: 29.06.2021 15:50:28

#
# object Plane002
#

v  0.348925 0.797369 41.777905
v  16.206949 0.797368 41.777901
v  21.432165 0.797368 41.777905
v  39.510593 0.797368 47.758057
v  0.348925 0.797368 35.501308
v  16.206949 0.797368 35.501308
v  21.432165 0.797368 35.501308
v  39.510593 0.797369 35.501308
v  0.348927 0.797369 28.767151
v  16.206949 0.797368 28.767151
v  21.432165 0.797368 28.767151
v  39.510590 0.797369 28.767151
v  0.348927 0.797369 21.375053
v  16.206949 0.797368 21.375051
v  21.432165 0.797368 21.375053
v  39.510590 0.797369 21.375053
v  0.348927 0.797368 0.472469
v  16.206949 0.797368 0.472469
v  21.432165 0.797368 0.472469
v  39.510590 0.797369 0.472469
v  0.348925 0.440062 41.777905
v  16.206949 0.440063 41.777905
v  21.432165 0.440063 41.777905
v  39.510593 0.440063 47.758057
v  0.348925 0.440063 35.501308
v  39.510593 0.440063 35.501312
v  0.348927 0.440063 28.767151
v  39.510590 0.440063 28.767151
v  0.348927 0.440063 21.375053
v  39.510590 0.440064 21.375053
v  0.348927 0.440063 0.472469
v  16.206949 0.440062 0.472469
v  21.432165 0.440063 0.472469
v  39.510590 0.440063 0.472469
v  16.206949 0.440005 35.501308
v  21.432165 0.440005 35.501308
v  0.966064 0.797368 35.501305
v  0.966066 0.797368 41.777905
v  0.966064 0.797368 28.767151
v  0.966064 0.797368 21.375053
v  0.966064 0.797368 0.472469
v  0.966066 0.440062 41.777905
v  0.966068 0.440063 0.472469
v  38.893448 0.797369 35.501305
v  38.893448 0.797368 47.758057
v  38.893448 0.797369 28.767151
v  38.893448 0.797369 21.375053
v  38.893448 0.797369 0.472469
v  38.893448 0.440063 47.758057
v  38.893448 0.440063 0.472469
v  0.348927 0.797368 1.245529
v  16.206949 0.797368 1.245527
v  21.432163 0.797368 1.245529
v  39.510590 0.797369 1.245529
v  0.348927 0.440063 1.245529
v  39.510590 0.440063 1.245529
v  0.966064 0.797368 1.245529
v  38.893448 0.797369 1.245529
v  0.348927 0.797368 41.255234
v  16.206949 0.797367 41.255234
v  21.433388 0.797367 41.255234
v  39.510590 0.797368 47.235390
v  0.348927 0.440063 41.255241
v  39.510590 0.440063 47.235390
v  16.206949 0.440055 41.255241
v  21.433388 0.440054 41.255241
v  0.966066 0.797368 41.255234
v  38.893448 0.797368 47.235390
v  0.348927 21.391006 35.501305
v  0.348927 21.391006 41.255234
v  0.348927 21.391010 41.777905
v  0.966070 21.391010 41.777901
v  16.206947 21.391012 41.777901
v  16.206949 21.391008 41.255234
v  0.966070 21.391006 41.255234
v  0.966064 21.391006 35.501305
v  0.966064 21.391006 28.767151
v  0.966064 21.391008 21.375053
v  0.966064 21.391005 1.245531
v  16.206947 21.391008 1.245531
v  21.432163 21.391006 1.245531
v  38.893448 21.391006 1.245531
v  38.893448 21.391010 21.375053
v  38.893448 21.391008 28.767151
v  38.893448 21.391008 35.501305
v  38.893448 21.391010 47.235390
v  21.433388 21.391006 41.255234
v  21.432163 21.391010 41.777901
v  38.893448 21.391010 47.758057
v  39.510590 21.391010 47.758057
v  39.510590 21.391010 47.235390
v  39.510590 21.391008 35.501305
v  39.510590 21.391008 28.767151
v  39.510590 21.391010 21.375053
v  39.510590 21.391006 1.245531
v  39.510590 21.391006 0.472469
v  38.893448 21.391006 0.472469
v  21.432163 21.391006 0.472469
v  16.206947 21.391008 0.472469
v  0.966064 21.391005 0.472469
v  0.348927 21.391005 0.472469
v  0.348927 21.391005 1.245531
v  0.348927 21.391008 21.375053
v  0.348927 21.391006 28.767151
v  10.033547 0.797369 35.501308
v  22.804163 0.797368 47.758057
v  10.033547 0.797369 28.767151
v  10.033547 0.797369 21.375053
v  10.033550 0.797368 0.472469
v  22.804163 0.440062 47.758057
v  10.033550 0.440063 0.472469
v  10.033548 0.797369 41.777901
v  10.033548 0.440063 41.777905
v  30.800449 0.797369 35.501308
v  30.800449 0.797369 28.767151
v  30.800449 0.797369 21.375053
v  30.800449 0.797369 0.472469
v  30.800449 0.440063 0.472469
v  30.800449 0.797369 1.245529
v  10.033550 0.797368 1.245529
v  23.266224 0.797367 47.235390
v  10.033549 0.797368 41.255234
v  10.033548 21.391010 41.777901
v  10.033548 21.391008 41.255234
v  10.033549 21.391005 1.245531
v  30.800449 21.391006 1.245531
v  23.266224 21.391008 47.235390
v  22.804163 21.391008 47.758057
v  30.800449 21.391006 0.472469
v  10.033549 21.391005 0.472469
v  0.348927 9.001234 35.501308
v  0.348927 9.001234 41.255234
v  0.348927 9.001234 41.777905
v  0.966061 9.001234 41.777905
v  16.206947 9.001234 41.777905
v  16.206947 9.001235 41.255234
v  0.966061 9.001234 41.255234
v  0.966059 9.001234 35.501308
v  0.966059 9.001234 28.767151
v  0.966059 9.001235 21.375051
v  0.966059 9.001234 1.245529
v  16.206947 9.001235 1.245522
v  21.432163 9.001234 1.245529
v  38.893452 9.001235 1.245529
v  38.893456 9.001236 21.375051
v  38.893456 9.001236 28.767151
v  38.893456 9.001236 35.501308
v  38.893456 9.001236 47.235390
v  21.433388 9.001235 41.255234
v  21.432165 9.001234 41.777905
v  38.893456 9.001236 47.758057
v  39.510590 9.001235 47.758057
v  39.510590 9.001236 47.235390
v  39.510590 9.001236 35.501308
v  39.510590 9.001235 28.767151
v  39.510590 9.001236 21.375051
v  39.510590 9.001235 1.245529
v  39.510590 9.001235 0.472469
v  38.893452 9.001235 0.472469
v  21.432163 9.001235 0.472469
v  16.206947 9.001235 0.472469
v  0.966059 9.001234 0.472469
v  0.348927 9.001234 0.472469
v  0.348927 9.001234 1.245529
v  0.348927 9.001235 21.375051
v  0.348927 9.001234 28.767151
v  10.033546 9.001234 41.777905
v  10.033546 9.001234 41.255234
v  10.033547 9.001234 1.245529
v  30.800453 9.001234 1.245529
v  23.266224 9.001235 47.235390
v  22.804163 9.001234 47.758057
v  30.800453 9.001235 0.472469
v  10.033547 9.001234 0.472469
v  0.966068 0.440063 1.245529
v  10.033550 0.440063 1.245529
v  16.206949 0.440061 1.245527
v  21.432165 0.440061 1.245529
v  30.800449 0.440063 1.245529
v  38.893448 0.440063 1.245529
v  38.893448 0.440064 21.375051
v  30.800449 0.440064 21.375051
v  21.432165 0.440042 21.375053
v  16.206949 0.440042 21.375053
v  10.033547 0.440063 21.375053
v  0.966066 0.440064 21.375053
v  38.893448 0.440063 28.767151
v  30.800449 0.440063 28.767153
v  21.432165 0.440023 28.767155
v  16.206949 0.440023 28.767155
v  10.033547 0.440063 28.767151
v  0.966066 0.440063 28.767151
v  0.966066 0.440063 35.501308
v  10.033547 0.440063 35.501297
v  30.800449 0.440063 35.501301
v  38.893448 0.440063 35.501308
v  0.966066 0.440062 41.255238
v  10.033549 0.440061 41.255234
v  23.266224 0.440062 47.235390
v  38.893448 0.440063 47.235390
v  0.348927 0.548806 41.777905
v  16.206949 0.548805 41.777901
v  21.432165 0.548806 41.777905
v  39.510590 0.548805 47.758057
v  0.348927 0.548806 35.501308
v  39.510590 0.548806 35.501308
v  0.348927 0.548806 28.767151
v  39.510590 0.548806 28.767151
v  0.348927 0.548806 21.375053
v  39.510590 0.548806 21.375053
v  0.348927 0.548806 0.472471
v  16.206949 0.548806 0.472469
v  21.432165 0.548806 0.472471
v  39.510590 0.548807 0.472469
v  16.206949 0.548777 35.501308
v  21.432165 0.548777 35.501308
v  0.966068 0.548806 41.777905
v  0.966068 0.548806 0.472471
v  38.893448 0.548805 47.758057
v  38.893448 0.548807 0.472469
v  0.348927 0.548806 1.245529
v  39.510590 0.548807 1.245529
v  0.348927 0.548806 41.255234
v  39.510590 0.548805 47.235390
v  16.206949 0.548801 41.255234
v  21.433388 0.548802 41.255234
v  10.033549 0.548806 41.777905
v  30.800449 0.548807 0.472469
v  10.033550 0.548807 0.472471
v  22.804163 0.548805 47.758057
v  16.206949 0.797368 15.862923
v  21.432163 0.797368 15.862924
v  39.510590 0.797369 15.862922
v  39.510590 0.440063 15.862922
v  0.966066 0.797368 15.862924
v  38.893448 0.797369 15.862922
v  0.348927 0.797369 15.862924
v  0.348927 0.440063 15.862924
v  0.966068 21.391006 15.862923
v  38.893448 21.391008 15.862922
v  39.510590 21.391008 15.862922
v  0.348927 21.391006 15.862923
v  10.033549 0.797369 15.862924
v  30.800449 0.797369 15.862923
v  0.966061 9.001234 15.862922
v  38.893456 9.001236 15.862922
v  39.510590 9.001236 15.862922
v  0.348927 9.001234 15.862922
v  0.966068 0.440063 15.862924
v  10.033549 0.440063 15.862924
v  16.206949 0.440052 15.862923
v  21.432165 0.440052 15.862924
v  30.800449 0.440063 15.862923
v  38.893448 0.440064 15.862922
v  0.348927 0.548806 15.862924
v  39.510590 0.548807 15.862922
v  22.799788 0.797368 41.777000
v  22.799788 0.440062 41.777000
v  22.799786 21.391014 41.776997
v  23.261848 0.797367 41.254333
v  23.261848 21.391010 41.254333
v  30.814701 0.797368 41.275055
v  22.799788 9.001235 41.777000
v  23.261848 9.001236 41.254333
v  30.814701 0.440063 41.275047
v  23.261848 0.440058 41.254337
v  22.799786 0.548804 41.777000
v  39.510590 0.797368 41.368351
v  39.510590 0.440063 41.368355
v  38.893448 0.797368 41.368343
v  38.893448 21.391008 41.368347
v  39.510590 21.391008 41.368351
v  38.893456 9.001236 41.368347
v  39.510590 9.001236 41.368355
v  38.893448 0.440063 41.368351
v  39.510590 0.548806 41.368351
v  30.800110 0.797368 47.235390
v  30.800112 21.391010 47.235390
v  30.800102 0.797368 47.758057
v  30.800102 0.440062 47.758057
v  30.800102 21.391010 47.758057
v  30.800114 9.001237 47.235390
v  30.800106 9.001237 47.758057
v  30.800110 0.440062 47.235390
v  30.800102 0.548804 47.758057
v  23.259903 0.797368 1.245527
v  23.259903 21.391010 1.245531
v  23.259905 0.797368 35.501312
v  23.259905 0.797368 28.767153
v  23.259905 0.797368 21.375051
v  23.259905 0.797368 0.472469
v  23.259905 0.440063 0.472469
v  23.259903 21.391010 0.472469
v  23.259905 9.001235 1.245522
v  23.259905 9.001236 0.472469
v  23.259905 0.440062 1.245527
v  23.259905 0.440052 21.375051
v  23.259905 0.440043 28.767153
v  23.259905 0.440034 35.501305
v  23.259905 0.548806 0.472469
v  23.259905 0.797368 15.862922
v  23.259905 0.440056 15.862922
# 302 vertices

vt 0.000000 0.000000 0.000000
vt 0.250000 0.000000 0.000000
vt 0.750000 0.000000 0.000000
vt 1.000000 0.000000 0.000000
vt 0.000000 0.250000 0.000000
vt 0.250000 0.250000 0.000000
vt 0.750000 0.250000 0.000000
vt 1.000000 0.250000 0.000000
vt 0.000000 0.500000 0.000000
vt 0.250000 0.500000 0.000000
vt 0.750000 0.500000 0.000000
vt 1.000000 0.500000 0.000000
vt 0.000000 0.750000 0.000000
vt 0.250000 0.750000 0.000000
vt 0.750000 0.750000 0.000000
vt 1.000000 0.750000 0.000000
vt 0.000000 1.000000 0.000000
vt 0.250000 1.000000 0.000000
vt 0.750000 1.000000 0.000000
vt 1.000000 1.000000 0.000000
vt 0.000000 0.250000 0.000000
vt 0.000000 0.000000 0.000000
vt 0.250000 0.000000 0.000000
vt 0.750000 0.000000 0.000000
vt 1.000000 0.000000 0.000000
vt 1.000000 0.250000 0.000000
vt 0.000000 0.500000 0.000000
vt 1.000000 0.500000 0.000000
vt 0.000000 0.750000 0.000000
vt 1.000000 0.750000 0.000000
vt 0.000000 1.000000 0.000000
vt 0.250000 1.000000 0.000000
vt 0.750000 1.000000 0.000000
vt 1.000000 1.000000 0.000000
vt 0.250000 0.250000 0.000000
vt 0.750000 0.250000 0.000000
vt 0.012500 0.250000 0.000000
vt 0.012500 0.000000 0.000000
vt 0.012500 0.500000 0.000000
vt 0.012500 0.750000 0.000000
vt 0.012500 1.000000 0.000000
vt 0.012500 0.000000 0.000000
vt 0.012500 1.000000 0.000000
vt 0.987500 0.250000 0.000000
vt 0.987500 0.000000 0.000000
vt 0.987500 0.500000 0.000000
vt 0.987500 0.750000 0.000000
vt 0.987500 1.000000 0.000000
vt 0.987500 0.000000 0.000000
vt 0.987500 1.000000 0.000000
vt 0.000000 0.981250 0.000000
vt 0.250000 0.981250 0.000000
vt 0.750000 0.981250 0.000000
vt 1.000000 0.981250 0.000000
vt 0.000000 0.981250 0.000000
vt 1.000000 0.981250 0.000000
vt 0.012500 0.981250 0.000000
vt 0.987500 0.981250 0.000000
vt 0.000000 0.031250 0.000000
vt 0.250000 0.031250 0.000000
vt 0.750000 0.031250 0.000000
vt 1.000000 0.031250 0.000000
vt 0.000000 0.031250 0.000000
vt 1.000000 0.031250 0.000000
vt 0.031250 0.031250 0.000000
vt 0.312500 0.031250 0.000000
vt 0.012500 0.031250 0.000000
vt 0.987500 0.031250 0.000000
vt 0.000000 0.250000 0.000000
vt 0.000000 0.031250 0.000000
vt 0.000000 0.000000 0.000000
vt 0.012500 0.000000 0.000000
vt 0.250000 0.000000 0.000000
vt 0.250000 0.031250 0.000000
vt 0.012500 0.031250 0.000000
vt 0.012500 0.250000 0.000000
vt 0.012500 0.500000 0.000000
vt 0.012500 0.750000 0.000000
vt 0.012500 0.981250 0.000000
vt 0.250000 0.981250 0.000000
vt 0.750000 0.981250 0.000000
vt 0.987500 0.981250 0.000000
vt 0.987500 0.750000 0.000000
vt 0.987500 0.500000 0.000000
vt 0.987500 0.250000 0.000000
vt 0.987500 0.031250 0.000000
vt 0.750000 0.031250 0.000000
vt 0.750000 0.000000 0.000000
vt 0.987500 0.000000 0.000000
vt 1.000000 0.000000 0.000000
vt 1.000000 0.031250 0.000000
vt 1.000000 0.250000 0.000000
vt 1.000000 0.500000 0.000000
vt 1.000000 0.750000 0.000000
vt 1.000000 0.981250 0.000000
vt 1.000000 1.000000 0.000000
vt 0.987500 1.000000 0.000000
vt 0.750000 1.000000 0.000000
vt 0.250000 1.000000 0.000000
vt 0.012500 1.000000 0.000000
vt 0.000000 1.000000 0.000000
vt 0.000000 0.981250 0.000000
vt 0.000000 0.750000 0.000000
vt 0.000000 0.500000 0.000000
vt 0.131250 0.250000 0.000000
vt 0.868750 0.000000 0.000000
vt 0.131250 0.500000 0.000000
vt 0.131250 0.750000 0.000000
vt 0.131250 1.000000 0.000000
vt 0.868750 0.000000 0.000000
vt 0.131250 1.000000 0.000000
vt 0.131250 0.000000 0.000000
vt 0.131250 0.000000 0.000000
vt 0.868750 0.250000 0.000000
vt 0.868750 0.500000 0.000000
vt 0.868750 0.750000 0.000000
vt 0.868750 1.000000 0.000000
vt 0.868750 1.000000 0.000000
vt 0.868750 0.981250 0.000000
vt 0.131250 0.981250 0.000000
vt 0.868750 0.031250 0.000000
vt 0.131250 0.031250 0.000000
vt 0.131250 0.000000 0.000000
vt 0.131250 0.031250 0.000000
vt 0.131250 0.981250 0.000000
vt 0.868750 0.981250 0.000000
vt 0.868750 0.031250 0.000000
vt 0.868750 0.000000 0.000000
vt 0.868750 1.000000 0.000000
vt 0.131250 1.000000 0.000000
vt 0.000000 0.250000 0.000000
vt 0.000000 0.031250 0.000000
vt 0.000000 0.000000 0.000000
vt 0.012500 0.000000 0.000000
vt 0.250000 0.000000 0.000000
vt 0.250000 0.031250 0.000000
vt 0.012500 0.031250 0.000000
vt 0.012500 0.250000 0.000000
vt 0.012500 0.500000 0.000000
vt 0.012500 0.750000 0.000000
vt 0.012500 0.981250 0.000000
vt 0.250000 0.981250 0.000000
vt 0.750000 0.981250 0.000000
vt 0.987500 0.981250 0.000000
vt 0.987500 0.750000 0.000000
vt 0.987500 0.500000 0.000000
vt 0.987500 0.250000 0.000000
vt 0.987500 0.031250 0.000000
vt 0.750000 0.031250 0.000000
vt 0.750000 0.000000 0.000000
vt 0.987500 0.000000 0.000000
vt 1.000000 0.000000 0.000000
vt 1.000000 0.031250 0.000000
vt 1.000000 0.250000 0.000000
vt 1.000000 0.500000 0.000000
vt 1.000000 0.750000 0.000000
vt 1.000000 0.981250 0.000000
vt 1.000000 1.000000 0.000000
vt 0.987500 1.000000 0.000000
vt 0.750000 1.000000 0.000000
vt 0.250000 1.000000 0.000000
vt 0.012500 1.000000 0.000000
vt 0.000000 1.000000 0.000000
vt 0.000000 0.981250 0.000000
vt 0.000000 0.750000 0.000000
vt 0.000000 0.500000 0.000000
vt 0.131250 0.000000 0.000000
vt 0.131250 0.031250 0.000000
vt 0.131250 0.981250 0.000000
vt 0.868750 0.981250 0.000000
vt 0.868750 0.031250 0.000000
vt 0.868750 0.000000 0.000000
vt 0.868750 1.000000 0.000000
vt 0.131250 1.000000 0.000000
vt 0.012500 0.970833 0.000000
vt 0.131250 0.970833 0.000000
vt 0.250000 0.973767 0.000000
vt 0.750000 0.973767 0.000000
vt 0.868750 0.970833 0.000000
vt 0.987500 0.970833 0.000000
vt 0.987500 0.703358 0.000000
vt 0.868750 0.703358 0.000000
vt 0.750000 0.733195 0.000000
vt 0.250000 0.733195 0.000000
vt 0.131250 0.703358 0.000000
vt 0.012500 0.703358 0.000000
vt 0.987500 0.422231 0.000000
vt 0.868750 0.422231 0.000000
vt 0.750000 0.480345 0.000000
vt 0.250000 0.480345 0.000000
vt 0.131250 0.422231 0.000000
vt 0.012500 0.422231 0.000000
vt 0.012500 0.166126 0.000000
vt 0.131250 0.166126 0.000000
vt 0.868750 0.166126 0.000000
vt 0.987500 0.166126 0.000000
vt 0.012500 0.023862 0.000000
vt 0.131250 0.023862 0.000000
vt 0.868750 0.023862 0.000000
vt 0.987500 0.023862 0.000000
vt 0.000000 0.000000 0.000000
vt 0.250000 0.000000 0.000000
vt 0.125000 0.000000 0.000000
vt 0.750000 0.000000 0.000000
vt 0.500000 0.000000 0.000000
vt 1.000000 0.000000 0.000000
vt 0.000000 0.250000 0.000000
vt 1.000000 0.250000 0.000000
vt 0.000000 0.500000 0.000000
vt 1.000000 0.500000 0.000000
vt 0.000000 0.750000 0.000000
vt 1.000000 0.750000 0.000000
vt 0.000000 1.000000 0.000000
vt 0.250000 1.000000 0.000000
vt 0.750000 1.000000 0.000000
vt 1.000000 1.000000 0.000000
vt 0.250000 0.250000 0.000000
vt 0.750000 0.250000 0.000000
vt 0.012500 0.000000 0.000000
vt 0.012500 1.000000 0.000000
vt 0.987500 0.000000 0.000000
vt 0.987500 1.000000 0.000000
vt 0.000000 0.981250 0.000000
vt 1.000000 0.981250 0.000000
vt 0.000000 0.031250 0.000000
vt 1.000000 0.031250 0.000000
vt 0.140625 0.031250 0.000000
vt 0.531250 0.031250 0.000000
vt 0.131250 0.000000 0.000000
vt 0.868750 1.000000 0.000000
vt 0.131250 1.000000 0.000000
vt 0.868750 0.000000 0.000000
vt 0.250000 0.865625 0.000000
vt 0.750000 0.865625 0.000000
vt 1.000000 0.865625 0.000000
vt 1.000000 0.865625 0.000000
vt 0.012500 0.865625 0.000000
vt 0.987500 0.865625 0.000000
vt 0.000000 0.865625 0.000000
vt 0.000000 0.865625 0.000000
vt 0.012500 0.865625 0.000000
vt 0.987500 0.865625 0.000000
vt 1.000000 0.865625 0.000000
vt 0.000000 0.865625 0.000000
vt 0.131250 0.865625 0.000000
vt 0.868750 0.865625 0.000000
vt 0.012500 0.865625 0.000000
vt 0.987500 0.865625 0.000000
vt 1.000000 0.865625 0.000000
vt 0.000000 0.865625 0.000000
vt 0.012500 0.837096 0.000000
vt 0.131250 0.837096 0.000000
vt 0.250000 0.853481 0.000000
vt 0.750000 0.853481 0.000000
vt 0.868750 0.837096 0.000000
vt 0.987500 0.837096 0.000000
vt 0.000000 0.865625 0.000000
vt 1.000000 0.865625 0.000000
vt 0.809375 0.000000 0.000000
vt 0.809375 0.000000 0.000000
vt 0.809375 0.000000 0.000000
vt 0.809375 0.031250 0.000000
vt 0.809375 0.031250 0.000000
vt 0.868750 0.140625 0.000000
vt 0.809375 0.000000 0.000000
vt 0.809375 0.031250 0.000000
vt 0.868750 0.094994 0.000000
vt 0.590625 0.027556 0.000000
vt 0.809375 0.000000 0.000000
vt 1.000000 0.140625 0.000000
vt 1.000000 0.140625 0.000000
vt 0.987500 0.140625 0.000000
vt 0.987500 0.140625 0.000000
vt 1.000000 0.140625 0.000000
vt 0.987500 0.140625 0.000000
vt 1.000000 0.140625 0.000000
vt 0.987500 0.094994 0.000000
vt 1.000000 0.140625 0.000000
vt 0.928125 0.031250 0.000000
vt 0.928125 0.031250 0.000000
vt 0.928125 0.000000 0.000000
vt 0.928125 0.000000 0.000000
vt 0.928125 0.000000 0.000000
vt 0.928125 0.031250 0.000000
vt 0.928125 0.000000 0.000000
vt 0.928125 0.023862 0.000000
vt 0.928125 0.000000 0.000000
vt 0.809375 0.981250 0.000000
vt 0.809375 0.981250 0.000000
vt 0.809375 0.250000 0.000000
vt 0.809375 0.500000 0.000000
vt 0.809375 0.750000 0.000000
vt 0.809375 1.000000 0.000000
vt 0.809375 1.000000 0.000000
vt 0.809375 1.000000 0.000000
vt 0.809375 0.981250 0.000000
vt 0.809375 1.000000 0.000000
vt 0.809375 0.972300 0.000000
vt 0.809375 0.718277 0.000000
vt 0.809375 0.451288 0.000000
vt 0.809375 0.208063 0.000000
vt 0.809375 1.000000 0.000000
vt 0.809375 0.865625 0.000000
vt 0.809375 0.845288 0.000000
# 304 texture coords

o Plane002
g Plane002
f 69/69 70/70 75/75 76/76 
f 7/7 61/61 260/262 288/290 
f 104/104 69/69 76/76 77/77 
f 10/10 6/6 7/7 11/11 
f 11/11 7/7 288/290 289/291 
f 103/103 104/104 77/77 78/78 
f 14/14 10/10 11/11 15/15 
f 15/15 11/11 289/291 290/292 
f 101/101 102/102 79/79 100/100 
f 99/99 80/80 81/81 98/98 
f 98/98 81/81 287/289 293/295 
f 1/1 59/59 223/225 201/201 
f 2/2 112/112 227/229 202/202 
f 8/8 268/270 276/278 206/208 
f 4/4 45/45 219/221 204/206 
f 5/5 9/9 207/209 205/207 
f 12/12 8/8 206/208 208/210 
f 9/9 13/13 209/211 207/209 
f 16/16 12/12 208/210 210/212 
f 13/13 237/239 255/257 209/211 
f 17/17 41/41 218/220 211/213 
f 18/18 19/19 213/215 212/214 
f 19/19 291/293 300/302 213/215 
f 20/20 54/54 222/224 214/216 
f 7/7 6/6 215/217 216/218 
f 7/7 216/218 226/228 61/61 
f 72/72 123/123 124/124 75/75 
f 37/37 105/105 107/107 39/39 
f 39/39 107/107 108/108 40/40 
f 40/40 108/108 243/245 235/237 
f 38/38 1/1 201/201 217/219 
f 41/41 109/109 229/231 218/220 
f 89/89 90/90 91/91 86/86 
f 85/85 92/92 93/93 84/84 
f 84/84 93/93 94/94 83/83 
f 83/83 94/94 241/243 240/242 
f 45/45 279/281 285/287 219/221 
f 48/48 20/20 214/216 220/222 
f 102/102 242/244 239/241 79/79 
f 52/52 231/233 232/234 53/53 
f 53/53 232/234 301/303 286/288 
f 51/51 17/17 211/213 221/223 
f 54/54 233/235 256/258 222/224 
f 80/80 99/99 130/130 125/125 
f 95/95 96/96 97/97 82/82 
f 70/70 71/71 72/72 75/75 
f 87/87 88/88 259/261 261/263 
f 59/59 5/5 205/207 223/225 
f 62/62 4/4 204/206 224/226 
f 60/60 2/2 202/203 225/227 
f 60/60 6/6 105/105 122/122 
f 91/91 272/274 271/273 86/86 
f 5/5 59/59 132/132 131/131 
f 59/59 1/1 133/133 132/132 
f 1/1 38/38 134/134 133/133 
f 38/38 112/112 167/167 134/134 
f 2/2 60/60 136/136 135/135 
f 60/60 122/122 168/168 136/136 
f 67/67 37/37 138/138 137/137 
f 37/37 39/39 139/139 138/138 
f 39/39 40/40 140/140 139/139 
f 40/40 235/237 245/247 140/140 
f 57/57 120/120 169/169 141/141 
f 52/52 53/53 143/143 142/142 
f 53/53 286/288 294/296 143/143 
f 58/58 236/238 246/248 144/144 
f 47/47 46/46 146/146 145/145 
f 46/46 44/44 147/147 146/146 
f 44/44 270/272 273/275 147/147 
f 68/68 277/279 282/284 148/148 
f 61/61 3/3 150/150 149/149 
f 3/3 257/259 263/265 150/150 
f 45/45 4/4 152/152 151/151 
f 4/4 62/62 153/153 152/152 
f 62/62 268/270 274/276 153/153 
f 8/8 12/12 155/155 154/154 
f 12/12 16/16 156/156 155/155 
f 16/16 233/235 247/249 156/156 
f 54/54 20/20 158/158 157/157 
f 20/20 48/48 159/159 158/158 
f 48/48 117/117 173/173 159/159 
f 19/19 18/18 161/161 160/160 
f 18/18 109/109 174/174 161/161 
f 41/41 17/17 163/163 162/162 
f 17/17 51/51 164/164 163/163 
f 51/51 237/239 248/250 164/164 
f 13/13 9/9 166/166 165/165 
f 9/9 5/5 131/131 166/166 
f 270/272 44/44 114/114 262/264 
f 114/114 44/44 46/46 115/115 
f 115/115 46/46 47/47 116/116 
f 126/126 82/82 97/97 129/129 
f 112/112 38/38 217/219 227/229 
f 117/117 48/48 220/222 228/230 
f 123/123 73/73 74/74 124/124 
f 105/105 6/6 10/10 107/107 
f 107/107 10/10 14/14 108/108 
f 108/108 14/14 231/233 243/245 
f 109/109 18/18 212/214 229/231 
f 106/106 257/259 267/269 230/232 
f 116/116 47/47 236/238 244/246 
f 130/130 100/100 79/79 125/125 
f 128/128 281/283 278/280 127/127 
f 105/105 37/37 67/67 122/122 
f 112/112 2/2 135/135 167/167 
f 122/122 67/67 137/137 168/168 
f 120/120 52/52 142/142 169/169 
f 119/119 58/58 144/144 170/170 
f 121/121 260/262 264/266 171/171 
f 106/106 279/281 283/285 172/172 
f 117/117 291/293 295/297 173/173 
f 109/109 41/41 162/162 174/174 
f 132/132 70/70 69/69 131/131 
f 133/133 71/71 70/70 132/132 
f 134/134 72/72 71/71 133/133 
f 167/167 123/123 72/72 134/134 
f 168/168 124/124 74/74 136/136 
f 138/138 76/76 75/75 137/137 
f 139/139 77/77 76/76 138/138 
f 140/140 78/78 77/77 139/139 
f 141/141 79/79 239/241 245/247 
f 169/169 125/125 79/79 141/141 
f 143/143 81/81 80/80 142/142 
f 170/170 126/126 287/289 294/296 
f 145/145 83/83 240/242 246/248 
f 146/146 84/84 83/83 145/145 
f 147/147 85/85 84/84 146/146 
f 148/148 86/86 271/273 273/275 
f 171/171 127/127 278/280 282/284 
f 172/172 128/128 259/261 263/265 
f 152/152 90/90 89/89 151/151 
f 153/153 91/91 90/90 152/152 
f 154/154 92/92 272/274 274/276 
f 155/155 93/93 92/92 154/154 
f 156/156 94/94 93/93 155/155 
f 157/157 95/95 241/243 247/249 
f 158/158 96/96 95/95 157/157 
f 159/159 97/97 96/96 158/158 
f 173/173 129/129 97/97 159/159 
f 161/161 99/99 98/98 160/160 
f 174/174 130/130 99/99 161/161 
f 163/163 101/101 100/100 162/162 
f 164/164 102/102 101/101 163/163 
f 165/165 103/103 242/244 248/250 
f 166/166 104/104 103/103 165/165 
f 131/131 69/69 104/104 166/166 
f 135/135 73/73 123/123 167/167 
f 137/137 75/75 124/124 168/168 
f 142/142 80/80 125/125 169/169 
f 144/144 82/82 126/126 170/170 
f 149/149 87/87 261/263 264/266 
f 151/151 89/89 281/283 283/285 
f 160/160 98/98 293/295 295/297 
f 162/162 100/100 130/130 174/174 
f 74/74 73/73 88/88 87/87 
f 73/73 135/135 150/150 88/88 
f 135/135 136/136 149/149 150/150 
f 136/136 74/74 87/87 149/149 
f 29/29 238/240 249/251 186/186 
f 177/177 251/253 250/252 176/176 
f 180/180 254/256 253/255 179/179 
f 178/178 252/254 251/253 177/177 
f 179/179 253/255 302/304 296/298 
f 56/56 234/236 254/256 180/180 
f 176/176 250/252 249/251 175/175 
f 55/55 31/31 43/43 175/175 
f 175/175 43/43 111/111 176/176 
f 176/176 111/111 32/32 177/177 
f 177/177 32/32 33/33 178/178 
f 178/178 33/33 292/294 296/298 
f 179/179 118/118 50/50 180/180 
f 180/180 50/50 34/34 56/56 
f 30/30 28/28 187/187 181/181 
f 181/181 187/187 188/188 182/182 
f 182/182 188/188 298/300 297/299 
f 183/183 189/189 190/190 184/184 
f 184/184 190/190 191/191 185/185 
f 185/185 191/191 192/192 186/186 
f 186/186 192/192 27/27 29/29 
f 64/64 24/25 49/49 200/200 
f 200/200 49/49 280/282 284/286 
f 199/199 110/110 258/260 266/268 
f 189/189 36/36 35/35 190/190 
f 65/65 22/22 113/113 198/198 
f 198/198 113/113 42/42 197/197 
f 197/197 42/42 21/22 63/63 
f 25/21 27/27 192/192 193/193 
f 193/193 192/192 191/191 194/194 
f 194/194 191/191 190/190 35/35 
f 36/36 189/189 298/300 299/301 
f 195/195 188/188 187/187 196/196 
f 196/196 187/187 28/28 26/26 
f 63/63 25/21 193/193 197/197 
f 197/197 193/193 194/194 198/198 
f 198/198 194/194 35/35 65/65 
f 66/66 36/36 299/301 266/268 
f 200/200 275/277 269/271 64/64 
f 223/225 63/63 21/22 201/201 
f 227/229 113/113 22/23 202/202 
f 224/226 64/64 269/271 276/278 
f 219/221 49/49 24/25 204/206 
f 207/209 27/27 25/21 205/207 
f 206/208 26/26 28/28 208/210 
f 209/211 29/29 27/27 207/209 
f 208/210 28/28 30/30 210/212 
f 221/223 55/55 238/240 255/257 
f 218/220 43/43 31/31 211/213 
f 213/215 33/33 32/32 212/214 
f 228/230 118/118 292/294 300/302 
f 222/224 56/56 34/34 214/216 
f 215/217 35/35 36/36 216/218 
f 215/217 6/6 60/60 225/227 
f 201/201 21/22 42/42 217/219 
f 229/231 111/111 43/43 218/220 
f 230/232 110/110 280/282 285/287 
f 214/216 34/34 50/50 220/222 
f 211/213 31/31 55/55 221/223 
f 210/212 30/30 234/236 256/258 
f 205/207 25/21 63/63 223/225 
f 204/206 24/25 64/64 224/226 
f 203/205 3/3 61/61 226/228 
f 217/219 42/42 113/113 227/229 
f 220/222 50/50 118/118 228/230 
f 212/214 32/32 111/111 229/231 
f 203/204 23/24 258/260 267/269 
f 35/35 215/217 216/218 36/36 
f 215/217 225/227 226/228 216/218 
f 225/227 202/203 203/205 226/228 
f 202/202 22/23 23/24 203/204 
f 22/22 65/65 66/66 23/24 
f 65/65 35/35 36/36 66/66 
f 237/239 51/51 221/223 255/257 
f 243/245 120/120 57/57 235/237 
f 241/243 95/95 82/82 240/242 
f 242/244 103/103 78/78 239/241 
f 231/233 14/14 15/15 232/234 
f 232/234 15/15 290/292 301/303 
f 233/235 16/16 210/212 256/258 
f 235/237 57/57 141/141 245/247 
f 236/238 47/47 145/145 246/248 
f 233/235 54/54 157/157 247/249 
f 237/239 13/13 165/165 248/250 
f 231/233 52/52 120/120 243/245 
f 236/238 58/58 119/119 244/246 
f 239/241 78/78 140/140 245/247 
f 240/242 82/82 144/144 246/248 
f 241/243 94/94 156/156 247/249 
f 242/244 102/102 164/164 248/250 
f 238/240 55/55 175/175 249/251 
f 251/253 184/184 185/185 250/252 
f 254/256 181/181 182/182 253/255 
f 252/254 183/183 184/184 251/253 
f 253/255 182/182 297/299 302/304 
f 234/236 30/30 181/181 254/256 
f 250/252 185/185 186/186 249/251 
f 238/240 29/29 209/211 255/257 
f 234/236 56/56 222/224 256/258 
f 260/262 121/121 277/279 262/264 
f 259/261 128/128 127/127 261/263 
f 257/259 106/106 172/172 263/265 
f 257/259 3/3 203/204 267/269 
f 260/262 61/61 149/149 264/266 
f 259/261 88/88 150/150 263/265 
f 261/263 127/127 171/171 264/266 
f 258/260 23/24 66/66 266/268 
f 265/267 284/286 199/199 266/268 
f 258/260 110/110 230/232 267/269 
f 268/270 62/62 224/226 276/278 
f 272/274 92/92 85/85 271/273 
f 270/272 68/68 148/148 273/275 
f 268/270 8/8 154/154 274/276 
f 271/273 85/85 147/147 273/275 
f 272/274 91/91 153/153 274/276 
f 275/277 196/196 26/26 269/271 
f 269/271 26/26 206/208 276/278 
f 262/264 277/279 68/68 270/272 
f 265/267 195/195 196/196 275/277 
f 279/281 106/106 230/232 285/287 
f 277/279 121/121 171/171 282/284 
f 281/283 89/89 86/86 278/280 
f 279/281 45/45 151/151 283/285 
f 278/280 86/86 148/148 282/284 
f 281/283 128/128 172/172 283/285 
f 280/282 110/110 199/199 284/286 
f 280/282 49/49 219/221 285/287 
f 265/267 275/277 200/200 284/286 
f 288/290 114/114 115/115 289/291 
f 289/291 115/115 116/116 290/292 
f 287/289 126/126 129/129 293/295 
f 291/293 117/117 228/230 300/302 
f 301/303 244/246 119/119 286/288 
f 286/288 119/119 170/170 294/296 
f 291/293 19/19 160/160 295/297 
f 287/289 81/81 143/143 294/296 
f 293/295 129/129 173/173 295/297 
f 302/304 252/254 178/178 296/298 
f 292/294 118/118 179/179 296/298 
f 298/300 189/189 183/183 297/299 
f 298/300 188/188 195/195 299/301 
f 292/294 33/33 213/215 300/302 
f 290/292 116/116 244/246 301/303 
f 297/299 183/183 252/254 302/304 
f 260/262 262/264 114/114 288/290 
f 299/301 195/195 265/267 266/268 
# 304 polygons

#
# object UTypeStair001
#

v  14.536905 11.071064 32.502167
v  14.544232 11.071064 37.045181
v  12.542296 11.071064 32.505566
v  12.549623 11.071064 37.048580
v  12.542298 10.173233 32.505566
v  12.549623 10.173233 37.048580
v  10.547688 10.173233 32.508968
v  10.555014 10.173233 37.051983
v  10.547688 9.224771 32.508968
v  10.555013 9.224771 37.051983
v  8.553078 9.224771 32.512371
v  8.560403 9.224771 37.055386
v  8.553078 8.276310 32.512371
v  8.560403 8.276310 37.055386
v  6.558467 8.276310 32.515770
v  6.565792 8.276310 37.058784
v  6.558467 7.327847 32.515770
v  6.565792 7.327847 37.058784
v  4.563860 7.327847 32.519173
v  4.571182 7.327847 37.062187
v  4.563860 0.688615 32.519173
v  4.571182 0.688615 37.062187
v  14.536905 0.688615 32.502163
v  14.544232 0.688615 37.045177
v  4.579862 6.782045 41.640930
v  4.579350 6.782045 41.340931
v  4.572143 6.782045 37.367928
v  4.571630 6.782045 37.067928
v  14.552911 2.039737 41.623920
v  14.552399 2.039737 41.323921
v  14.545194 2.039737 37.350922
v  14.544682 2.039737 37.050919
v  14.552911 0.688615 41.623920
v  14.552399 0.688615 41.323921
v  14.545194 0.688615 37.350922
v  14.544682 0.688615 37.050919
v  12.305843 0.688615 37.354740
v  12.305332 0.688615 37.054737
v  4.579862 0.690336 41.640930
v  4.579350 0.690336 41.340931
v  4.572143 4.366086 37.367928
v  4.571630 4.366086 37.067928
v  14.544169 12.472816 36.750919
v  14.544682 12.472816 37.050919
v  4.563409 7.730507 32.519100
v  4.563920 7.730507 32.819099
v  4.571119 7.730507 36.767929
v  4.571630 7.730507 37.067928
v  4.563409 6.379385 32.519100
v  4.563920 6.379385 32.819099
v  4.571119 6.379385 36.767929
v  4.571630 6.379385 37.067928
v  6.802757 6.379385 32.515282
v  6.803268 6.379385 32.815281
v  6.810469 6.379385 36.764107
v  6.810980 6.379385 37.064110
v  14.544169 10.056856 36.750919
v  14.544682 10.056856 37.050919
v  4.579354 5.430924 41.351555
v  4.572143 5.430924 37.367928
v  6.573964 5.430924 41.348156
v  6.566753 5.430924 37.364525
v  6.573964 4.482462 41.348156
v  6.566752 4.482462 37.364525
v  8.568573 4.482462 41.344753
v  8.561362 4.482462 37.361126
v  8.568573 3.534000 41.344753
v  8.561363 3.534000 37.361126
v  10.563183 3.534000 41.341351
v  10.555973 3.534000 37.357723
v  10.563183 2.585539 41.341351
v  10.555973 2.585539 37.357723
v  12.557792 2.585539 41.337948
v  12.550583 2.585539 37.354321
v  12.557792 1.637077 41.337948
v  12.550583 1.637077 37.354321
v  14.552402 1.637077 41.334549
v  14.545193 1.637077 37.350922
v  14.552402 0.688615 41.334549
v  14.545194 0.688615 37.350922
v  4.579354 0.688615 41.351555
v  4.572143 0.688615 37.367928
v  4.579409 0.688615 41.628445
v  4.563863 0.688615 32.543373
v  0.844411 0.688615 41.634815
v  0.828864 0.688615 32.549744
v  4.579409 6.379385 41.628445
v  4.563863 6.379385 32.543373
v  0.844411 6.379385 41.634815
v  0.828864 6.379385 32.549744
v  6.615595 8.702681 36.764442
v  6.616106 8.702681 37.064442
v  6.607884 8.702681 32.515614
v  6.608396 8.702681 32.815613
v  12.500718 3.011910 37.354408
v  12.500206 3.011911 37.054405
v  11.682682 11.064938 32.806961
v  11.752326 8.732967 32.506840
v  11.752837 8.732967 32.806839
v  11.682171 11.064938 32.506958
v  12.620202 11.064938 32.807186
v  12.689845 8.732967 32.507065
v  12.690355 8.732967 32.807064
v  12.619690 11.064938 32.507187
# 104 vertices

o UTypeStair001
g UTypeStair001
f 319 317 315 313 311 309 307 305 303 325 323 321 
f 324 326 304 306 308 310 312 314 316 318 320 322 
f 303 305 306 304 
f 305 307 308 306 
f 307 309 310 308 
f 309 311 312 310 
f 311 313 314 312 
f 313 315 316 314 
f 315 317 318 316 
f 317 319 320 318 
f 319 321 322 320 
f 321 323 324 322 
f 323 325 326 324 
f 325 303 304 326 
f 327 341 335 331 
f 332 336 342 328 
f 329 343 339 397 
f 334 338 340 398 
f 327 331 332 328 
f 329 397 398 330 
f 331 335 336 332 
f 333 337 338 334 
f 335 341 342 336 
f 337 339 340 338 
f 339 343 344 340 
f 341 327 328 342 
f 348 352 356 396 
f 345 359 357 393 
f 350 354 358 394 
f 345 393 394 346 
f 347 351 352 348 
f 351 355 356 352 
f 353 357 358 354 
f 355 400 401 356 
f 357 359 360 358 
f 359 345 346 360 
f 377 375 373 371 369 367 365 363 361 383 381 379 
f 382 384 362 364 366 368 370 372 374 376 378 380 
f 361 363 364 362 
f 363 365 366 364 
f 365 367 368 366 
f 367 369 370 368 
f 369 371 372 370 
f 371 373 374 372 
f 373 375 376 374 
f 375 377 378 376 
f 377 379 380 378 
f 379 381 382 380 
f 381 383 384 382 
f 383 361 362 384 
f 389 390 392 391 
f 386 385 387 388 
f 387 385 389 391 
f 386 388 392 390 
f 385 386 390 389 
f 388 387 391 392 
f 393 349 350 394 
f 358 360 346 394 
f 357 353 349 393 
f 395 347 348 396 
f 356 401 399 396 
f 355 351 347 395 
f 397 333 334 398 
f 339 337 333 397 
f 340 344 330 398 
f 329 330 344 343 
f 353 354 350 349 
f 400 355 395 402 
f 402 395 396 399 
f 400 402 406 404 
f 402 399 403 406 
f 401 400 404 405 
f 399 401 405 403 
f 406 403 405 404 
# 74 polygons

#
# object Cylinder001
#

v  29.364616 0.792665 12.957449
v  22.986237 0.792665 12.957448
v  23.370899 0.792665 14.408384
v  24.478493 0.792665 15.684316
v  26.175426 0.792665 16.631348
v  28.257023 0.792665 17.135252
v  30.472212 0.792665 17.135252
v  32.553806 0.792665 16.631348
v  34.250740 0.792665 15.684317
v  35.358334 0.792665 14.408385
v  35.742996 0.792665 12.957450
v  35.358334 0.792665 11.506515
v  34.250740 0.792665 10.230583
v  32.553810 0.792665 9.283552
v  30.472214 0.792665 8.779646
v  28.257027 0.792665 8.779646
v  26.175430 0.792665 9.283549
v  24.478497 0.792665 10.230579
v  23.370901 0.792665 11.506510
v  22.986237 0.846612 12.957448
v  23.370899 0.846612 14.408384
v  24.478493 0.846612 15.684316
v  26.175426 0.846612 16.631348
v  28.257023 0.846612 17.135252
v  30.472212 0.846612 17.135252
v  32.553806 0.846612 16.631348
v  34.250740 0.846612 15.684317
v  35.358334 0.846612 14.408385
v  35.742996 0.846612 12.957450
v  35.358334 0.846612 11.506515
v  34.250740 0.846612 10.230583
v  32.553810 0.846612 9.283552
v  30.472214 0.846612 8.779646
v  28.257027 0.846612 8.779646
v  26.175430 0.846612 9.283549
v  24.478497 0.846612 10.230579
v  23.370901 0.846612 11.506510
v  29.364616 0.846612 12.957449
# 38 vertices

vt 0.500000 0.000000 0.000000
vt 0.750000 0.000000 1.000000
vt 0.805556 0.000000 1.000000
vt 0.861111 0.000000 1.000000
vt 0.916667 0.000000 1.000000
vt 0.972222 0.000000 1.000000
vt 0.027778 0.000000 1.000000
vt 0.083333 0.000000 1.000000
vt 0.138889 0.000000 1.000000
vt 0.194444 0.000000 1.000000
vt 0.250000 0.000000 1.000000
vt 0.305556 0.000000 1.000000
vt 0.361111 0.000000 1.000000
vt 0.416667 0.000000 1.000000
vt 0.472222 0.000000 1.000000
vt 0.527778 0.000000 1.000000
vt 0.583333 0.000000 1.000000
vt 0.638889 0.000000 1.000000
vt 0.694444 0.000000 1.000000
vt 0.750000 1.000000 1.000000
vt 0.805556 1.000000 1.000000
vt 0.861111 1.000000 1.000000
vt 0.916667 1.000000 1.000000
vt 0.972222 1.000000 1.000000
vt 0.027778 1.000000 1.000000
vt 0.083333 1.000000 1.000000
vt 0.138889 1.000000 1.000000
vt 0.194444 1.000000 1.000000
vt 0.250000 1.000000 1.000000
vt 0.305556 1.000000 1.000000
vt 0.361111 1.000000 1.000000
vt 0.416667 1.000000 1.000000
vt 0.472222 1.000000 1.000000
vt 0.527778 1.000000 1.000000
vt 0.583333 1.000000 1.000000
vt 0.638889 1.000000 1.000000
vt 0.694444 1.000000 1.000000
vt 0.500000 1.000000 0.000000
vt -0.027778 0.000000 1.000000
vt -0.027778 0.000000 1.000000
vt -0.027778 1.000000 1.000000
vt 0.970821 1.000000 0.879385
# 42 texture coords

o Cylinder001
g Cylinder001
f 407/305 410/308 409/307 408/306 
f 407/305 412/310 411/309 410/308 
f 407/305 414/312 413/311 412/343 
f 407/305 416/314 415/313 414/312 
f 407/305 418/316 417/315 416/314 
f 407/305 420/318 419/317 418/316 
f 407/305 422/320 421/319 420/318 
f 407/305 424/322 423/321 422/320 
f 407/305 408/306 425/323 424/322 
f 408/306 409/307 427/325 426/324 
f 409/307 410/308 428/326 427/325 
f 410/308 411/309 429/327 428/326 
f 411/309 412/310 430/328 429/327 
f 412/344 413/311 431/329 430/345 
f 413/311 414/312 432/330 431/329 
f 414/312 415/313 433/331 432/330 
f 415/313 416/314 434/332 433/331 
f 416/314 417/315 435/333 434/332 
f 417/315 418/316 436/334 435/333 
f 418/316 419/317 437/335 436/334 
f 419/317 420/318 438/336 437/335 
f 420/318 421/319 439/337 438/336 
f 421/319 422/320 440/338 439/337 
f 422/320 423/321 441/339 440/338 
f 423/321 424/322 442/340 441/339 
f 424/322 425/323 443/341 442/340 
f 425/323 408/306 426/324 443/341 
f 444/342 443/341 426/324 427/325 
f 444/342 427/325 428/326 429/327 
f 444/342 429/327 430/328 431/346 
f 444/342 431/329 432/330 433/331 
f 444/342 433/331 434/332 435/333 
f 444/342 435/333 436/334 437/335 
f 444/342 437/335 438/336 439/337 
f 444/342 439/337 440/338 441/339 
f 444/342 441/339 442/340 443/341 
# 36 polygons

#
# object Box019
#

v  34.517300 0.819326 1.543921
v  24.810001 0.819326 1.543920
v  34.517300 0.819326 7.065724
v  24.810001 0.819326 7.065723
v  34.517300 3.996053 1.543921
v  24.810001 3.996053 1.543920
v  34.517300 3.996053 7.065724
v  24.810001 3.996053 7.065723
# 8 vertices

vt 0.000000 0.000000 0.000000
vt 1.000000 0.000000 0.000000
vt 0.000000 1.000000 0.000000
vt 1.000000 1.000000 0.000000
vt 0.000000 0.000000 0.000000
vt 1.000000 0.000000 0.000000
vt 0.000000 1.000000 0.000000
vt 1.000000 1.000000 0.000000
vt 0.000000 0.000000 0.000000
vt 1.000000 0.000000 0.000000
vt 0.000000 1.000000 0.000000
vt 1.000000 1.000000 0.000000
# 12 texture coords

o Box019
g Box019
f 445/356 447/358 448/357 446/355 
f 449/355 450/356 452/358 451/357 
f 445/351 446/352 450/354 449/353 
f 446/347 448/348 452/350 450/349 
f 448/351 447/352 451/354 452/353 
f 447/347 445/348 449/350 451/349 
# 6 polygons

#
# object Box020
#

v  31.876120 0.629133 21.793512
v  31.941696 0.629133 19.919147
v  34.042282 1.466893 19.919147
v  33.911129 1.466893 21.641777
v  31.810064 1.466893 22.806562
v  27.872156 1.466893 22.806562
v  27.806101 0.629133 21.793512
v  27.740524 0.629133 19.919147
v  25.771091 1.466893 21.641777
v  25.639938 1.466893 19.919147
v  27.741003 1.466893 19.057833
v  31.941219 1.466893 19.057833
v  25.771091 2.843927 21.722723
v  25.639938 2.843927 20.000093
v  27.872156 2.843927 22.887508
v  27.872156 4.317448 23.182823
v  25.771091 4.317448 22.018038
v  25.639938 4.317448 20.295408
v  27.980516 5.251694 23.199347
v  25.995083 5.251694 22.084023
v  25.871147 5.251694 20.460318
v  25.872051 4.358340 19.434093
v  25.872051 2.966602 19.179251
v  27.856581 2.468219 19.138779
v  31.810064 2.843927 22.887508
v  33.911129 2.843927 21.722723
v  33.911129 4.317448 22.018040
v  31.810064 4.317448 23.182823
v  33.687138 5.251694 22.084024
v  31.701704 5.251694 23.199347
v  34.042282 2.843927 20.000093
v  31.825640 2.468219 19.138779
v  33.810169 2.966602 19.179253
v  33.810169 4.358339 19.434095
v  34.042282 4.317448 20.295410
v  33.811073 5.251694 20.460318
v  26.334366 3.211952 19.219725
v  28.087738 2.795352 19.219725
v  31.594484 2.795352 19.219725
v  26.564777 3.334627 19.883791
v  28.202944 2.958918 19.883989
v  31.479277 2.958918 19.883989
v  33.117443 3.334627 19.883791
v  33.347855 3.211952 19.219725
v  26.333567 5.251694 20.361393
v  26.334366 4.440123 19.434093
v  26.564777 4.481014 20.097761
v  28.197237 5.251694 22.803654
v  26.443066 5.251694 21.787254
v  28.305597 4.481014 22.392235
v  26.667059 4.481014 21.425097
v  33.239155 5.251694 21.787254
v  31.484983 5.251694 22.803654
v  33.015163 4.481014 21.425098
v  31.376623 4.481014 22.392235
v  33.347855 4.440123 19.434095
v  33.348656 5.251694 20.361395
v  33.117443 4.481014 20.097763
v  26.667059 3.334627 21.211922
v  28.254084 2.958918 21.364256
v  31.428137 2.958918 21.364256
v  28.305597 3.334627 22.179459
v  31.376623 3.334627 22.179459
v  33.015163 3.334627 21.211924
v  33.402378 0.838573 21.679710
v  31.925541 0.629133 20.818396
v  31.826578 0.838573 22.553299
v  29.841110 0.629133 21.869379
v  27.855642 0.838573 22.553299
v  26.279842 0.838573 21.679710
v  27.756680 0.629133 20.818396
v  26.165085 0.838573 19.919147
v  27.740883 0.838573 19.273161
v  29.841110 0.629133 19.919147
v  31.941338 0.838573 19.273161
v  33.517136 0.838573 19.919147
v  25.771091 2.230031 21.662014
v  25.672247 2.843927 20.861408
v  26.362411 2.843927 22.444576
v  25.771091 3.481945 21.837025
v  26.362411 4.317448 22.739893
v  25.827089 5.018132 22.141720
v  25.672247 4.317448 21.156723
v  25.697739 5.018132 20.443821
v  25.698444 4.327671 19.649422
v  25.639938 3.481945 20.114395
v  25.698444 2.874596 19.364225
v  25.639938 2.230031 19.939384
v  31.810064 2.230031 22.826799
v  29.841110 2.843927 23.039244
v  33.319809 2.843927 22.444576
v  31.810064 3.481945 23.001810
v  33.319809 4.317448 22.739893
v  31.782974 5.018132 23.294140
v  29.841110 4.317448 23.334558
v  27.899246 5.018132 23.294140
v  27.872156 3.481945 23.001810
v  27.872156 2.230031 22.826797
v  34.042282 2.230031 19.939384
v  34.009972 2.843927 20.861408
v  33.983776 2.874596 19.364225
v  34.042282 3.481945 20.114395
v  33.983776 4.327671 19.649424
v  33.984482 5.018132 20.443821
v  34.009972 4.317448 21.156725
v  33.855133 5.018132 22.141720
v  33.911129 3.481945 21.837025
v  33.911129 2.230031 21.662014
v  27.769897 2.136104 19.078070
v  29.841110 2.468219 19.138779
v  26.368183 2.592814 19.148897
v  27.972160 2.631785 19.199488
v  26.772709 2.899502 19.219725
v  28.174328 2.918026 19.385792
v  29.841110 2.795352 19.219725
v  31.507893 2.918026 19.385792
v  32.909515 2.899502 19.219725
v  31.710062 2.631785 19.199488
v  33.314037 2.592814 19.148897
v  31.912325 2.136104 19.078070
v  25.872051 3.563728 19.263199
v  25.871824 5.028355 19.797834
v  26.103209 4.399231 19.434093
v  26.334166 5.048801 19.773104
v  26.507547 4.470791 19.600012
v  26.334366 3.727295 19.273317
v  26.507547 3.303958 19.385740
v  26.103209 3.089277 19.209606
v  25.901680 5.251694 21.272171
v  26.553860 5.251694 22.768782
v  26.219074 5.251694 21.935638
v  26.936758 5.251694 22.397820
v  26.611061 5.059024 21.622522
v  26.360542 5.251694 21.074324
v  26.506973 5.059024 20.270756
v  26.102358 5.251694 20.410856
v  29.841110 5.251694 23.351082
v  33.128361 5.251694 22.768782
v  31.593344 5.251694 23.001501
v  32.745461 5.251694 22.397820
v  31.403713 5.059024 22.601877
v  29.841110 5.251694 22.955389
v  28.278507 5.059024 22.601875
v  28.088877 5.251694 23.001501
v  33.780540 5.251694 21.272171
v  33.810398 5.028355 19.797836
v  33.579865 5.251694 20.410856
v  33.348057 5.048801 19.773104
v  33.175247 5.059024 20.270756
v  33.321678 5.251694 21.074324
v  33.071159 5.059024 21.622522
v  33.463146 5.251694 21.935638
v  33.810169 3.563728 19.263199
v  33.579014 3.089277 19.209606
v  33.174675 3.303958 19.385742
v  33.347855 3.727295 19.273317
v  33.174675 4.470791 19.600012
v  33.579014 4.399231 19.434095
v  29.841110 2.958918 19.883989
v  26.974319 3.052845 19.883940
v  28.215542 2.958918 20.586189
v  27.063816 3.052845 21.250305
v  28.292719 3.052845 21.976055
v  29.841110 2.958918 21.440123
v  31.389502 3.052845 21.976057
v  32.618404 3.052845 21.250305
v  31.466679 2.958918 20.586189
v  32.707901 3.052845 19.883940
v  29.841110 3.334627 22.331194
v  27.128208 3.334627 21.785839
v  28.305597 3.809078 22.232254
v  27.128208 4.481014 21.998714
v  29.841110 4.481014 22.543970
v  32.554012 4.481014 21.998716
v  31.376623 3.809078 22.232254
v  32.554012 3.334627 21.785839
v  26.589973 3.334627 20.547855
v  26.564777 3.809078 19.937183
v  26.589973 4.481014 20.761429
v  26.667059 3.809078 21.264917
v  33.092247 3.334627 20.547857
v  33.015163 3.809078 21.264917
v  33.092247 4.481014 20.761431
v  33.117443 3.809078 19.937183
v  33.516541 1.466893 19.273161
v  34.009972 1.466893 20.780462
v  33.319809 1.466893 22.363630
v  29.841110 1.466893 22.958298
v  26.362411 1.466893 22.363630
v  25.672247 1.466893 20.780462
v  26.165682 1.466893 19.273161
v  29.841110 1.466893 19.057833
v  33.488865 0.838573 20.789946
v  32.955303 1.001471 22.238302
v  29.841110 0.838573 22.686068
v  29.841110 0.629133 20.837362
v  26.726915 1.001471 22.238300
v  26.193356 0.838573 20.789946
v  26.573904 1.001471 19.440639
v  29.841110 0.838573 19.273161
v  33.108318 1.001471 19.440639
v  25.672247 2.230031 20.800699
v  26.362411 2.230031 22.383867
v  26.362411 3.481945 22.558878
v  25.672247 3.481945 20.975710
v  26.410275 5.018132 22.854300
v  25.729607 5.018132 21.292770
v  25.743210 4.841017 19.930500
v  25.698444 3.502391 19.470938
v  26.009121 2.281430 19.219927
v  29.841110 2.230031 22.978533
v  33.319809 2.230031 22.383867
v  33.319809 3.481945 22.558880
v  29.841110 3.481945 23.153545
v  33.271946 5.018132 22.854300
v  29.841110 5.018132 23.445875
v  34.009972 2.230031 20.800699
v  33.673103 2.281430 19.219927
v  33.983776 3.502391 19.470940
v  34.009972 3.481945 20.975710
v  33.939011 4.841017 19.930500
v  33.952614 5.018132 21.292770
v  29.841110 2.136104 19.078070
v  26.570446 2.746158 19.202017
v  29.841110 2.631785 19.199488
v  26.924242 3.014509 19.385778
v  29.841110 2.918026 19.385792
v  32.757980 3.014509 19.385778
v  33.111774 2.746158 19.202019
v  26.102995 5.038578 19.785469
v  26.103209 3.645512 19.270786
v  26.462448 4.904626 19.853580
v  26.507547 3.788632 19.439283
v  26.745310 5.251694 22.583300
v  26.131111 5.251694 21.173246
v  27.080345 5.059024 22.205303
v  26.532616 5.059024 20.946638
v  32.936913 5.251694 22.583302
v  29.841110 5.251694 23.153236
v  32.601875 5.059024 22.205303
v  29.841110 5.059024 22.753611
v  33.579227 5.038578 19.785471
v  33.551109 5.251694 21.173248
v  33.219772 4.904626 19.853582
v  33.149605 5.059024 20.946640
v  33.579014 3.645511 19.270788
v  33.174675 3.788632 19.439283
v  26.996367 3.052845 20.557638
v  29.841110 2.958918 20.605156
v  27.412470 3.125900 21.699240
v  29.841110 3.052845 22.108824
v  32.269753 3.125900 21.699242
v  32.685856 3.052845 20.557638
v  27.128208 3.809078 21.838684
v  29.841110 3.809078 22.383989
v  32.554012 3.809078 21.838686
v  26.589973 3.809078 20.601051
v  33.092247 3.809078 20.601051
# 258 vertices

vt 0.937500 0.500000 0.000000
vt 0.937500 0.750000 0.000000
vt 0.750000 0.750000 0.000000
vt 0.750000 0.500000 0.000000
vt 0.888889 0.888889 0.000000
vt 0.750000 0.937500 0.000000
vt 0.500000 0.937500 0.000000
vt 0.500000 0.750000 0.000000
vt 0.500000 0.500000 0.000000
vt 0.250000 0.937500 0.000000
vt 0.250000 0.750000 0.000000
vt 0.111111 0.888889 0.000000
vt 0.062500 0.750000 0.000000
vt 0.062500 0.500000 0.000000
vt 0.250000 0.500000 0.000000
vt 0.062500 0.250000 0.000000
vt 0.250000 0.250000 0.000000
vt 0.111111 0.111111 0.000000
vt 0.250000 0.062500 0.000000
vt 0.500000 0.062500 0.000000
vt 0.500000 0.250000 0.000000
vt 0.750000 0.062500 0.000000
vt 0.750000 0.250000 0.000000
vt 0.888889 0.111111 0.000000
vt 0.937500 0.250000 0.000000
vt 0.500000 0.000000 0.000000
vt 0.750000 0.000000 0.000000
vt 0.750000 0.250000 0.000000
vt 0.500000 0.250000 0.000000
vt 1.000000 0.000000 0.000000
vt 1.000000 0.250000 0.000000
vt 1.000000 0.500000 0.000000
vt 0.750000 0.500000 0.000000
vt 0.500000 0.500000 0.000000
vt 1.000000 0.750000 0.000000
vt 0.750000 0.750000 0.000000
vt 1.000000 1.000000 0.000000
vt 0.750000 1.000000 0.000000
vt 0.500000 1.000000 0.000000
vt 0.500000 0.750000 0.000000
vt 0.250000 1.000000 0.000000
vt 0.250000 0.750000 0.000000
vt 0.000000 1.000000 0.000000
vt 0.000000 0.754739 0.000000
vt 0.000000 0.507109 0.000000
vt 0.250000 0.500000 0.000000
vt 0.000000 0.254739 0.000000
vt 0.250000 0.250000 0.000000
vt 0.000000 0.000000 0.000000
vt 0.250000 0.000000 0.000000
vt 0.500000 0.000000 0.000000
vt 0.750000 0.000000 0.000000
vt 0.750000 0.250000 0.000000
vt 0.500000 0.250000 0.000000
vt 1.000000 0.000000 0.000000
vt 1.000000 0.250000 0.000000
vt 1.000000 0.500000 0.000000
vt 0.750000 0.500000 0.000000
vt 0.500000 0.500000 0.000000
vt 1.000000 0.750000 0.000000
vt 0.750000 0.750000 0.000000
vt 1.000000 1.000000 0.000000
vt 0.750000 0.937500 0.000000
vt 0.500000 0.937500 0.000000
vt 0.500000 0.750000 0.000000
vt 0.250000 0.937500 0.000000
vt 0.250000 0.750000 0.000000
vt 0.000000 1.000000 0.000000
vt 0.000000 0.750000 0.000000
vt 0.000000 0.500000 0.000000
vt 0.250000 0.500000 0.000000
vt 0.000000 0.250000 0.000000
vt 0.250000 0.250000 0.000000
vt 0.000000 0.000000 0.000000
vt 0.250000 0.000000 0.000000
vt 0.500000 0.000000 0.000000
vt 0.750000 0.000000 0.000000
vt 0.750000 0.250000 0.000000
vt 0.500000 0.250000 0.000000
vt 1.000000 0.000000 0.000000
vt 1.000000 0.245261 0.000000
vt 1.000000 0.492891 0.000000
vt 0.750000 0.500000 0.000000
vt 0.500000 0.500000 0.000000
vt 1.000000 0.745261 0.000000
vt 0.750000 0.750000 0.000000
vt 1.000000 1.000000 0.000000
vt 0.750000 1.000000 0.000000
vt 0.500000 1.000000 0.000000
vt 0.500000 0.750000 0.000000
vt 0.250000 1.000000 0.000000
vt 0.250000 0.750000 0.000000
vt 0.000000 1.000000 0.000000
vt 0.000000 0.750000 0.000000
vt 0.000000 0.500000 0.000000
vt 0.250000 0.500000 0.000000
vt 0.000000 0.250000 0.000000
vt 0.250000 0.250000 0.000000
vt 0.000000 0.000000 0.000000
vt 0.250000 0.000000 0.000000
vt 0.500000 0.000000 0.000000
vt 0.750000 0.000000 0.000000
vt 0.763759 0.000000 0.000000
vt 0.520638 0.000000 0.000000
vt 1.000000 0.000000 0.000000
vt 0.940940 0.067239 0.000000
vt 0.942659 0.069609 0.000000
vt 0.770638 0.000000 0.000000
vt 0.530957 0.000000 0.000000
vt 0.940940 0.067239 0.000000
vt 0.763759 0.000000 0.000000
vt 1.000000 0.000000 0.000000
vt 0.753440 0.000000 0.000000
vt 0.505159 0.000000 0.000000
vt 0.520638 0.000000 0.000000
vt 0.253440 0.000000 0.000000
vt 0.263759 0.000000 0.000000
vt 0.000000 0.000000 0.000000
vt 0.065940 0.057761 0.000000
vt 0.067659 0.055391 0.000000
vt 0.270638 0.000000 0.000000
vt 0.065940 0.057761 0.000000
vt 0.263759 0.000000 0.000000
vt 0.000000 0.000000 0.000000
vt 0.250000 0.000000 0.000000
vt 1.000000 0.507109 0.000000
vt 1.000000 0.754739 0.000000
vt 1.000000 0.768957 0.000000
vt 1.000000 0.528435 0.000000
vt 1.000000 1.000000 0.000000
vt 1.000000 1.000000 0.000000
vt 1.000000 1.000000 0.000000
vt 1.000000 0.778435 0.000000
vt 1.000000 0.542653 0.000000
vt 1.000000 1.000000 0.000000
vt 1.000000 0.768957 0.000000
vt 1.000000 1.000000 0.000000
vt 1.000000 0.754758 0.000000
vt 1.000000 0.514949 0.000000
vt 1.000000 0.528435 0.000000
vt 1.000000 0.286008 0.000000
vt 1.000000 0.268957 0.000000
vt 1.000000 0.278435 0.000000
vt 1.000000 0.268957 0.000000
vt 1.000000 0.254739 0.000000
vt 1.000000 0.500000 0.000000
vt 1.000000 0.750000 0.000000
vt 1.000000 0.764356 0.000000
vt 1.000000 0.521535 0.000000
vt 0.934060 0.941089 0.000000
vt 0.932341 0.942884 0.000000
vt 1.000000 0.771535 0.000000
vt 1.000000 0.532302 0.000000
vt 0.934060 0.941089 0.000000
vt 1.000000 0.764356 0.000000
vt 1.000000 1.000000 0.000000
vt 1.000000 0.750000 0.000000
vt 1.000000 0.500000 0.000000
vt 1.000000 0.521535 0.000000
vt 1.000000 0.250000 0.000000
vt 1.000000 0.264356 0.000000
vt 1.000000 0.000000 0.000000
vt 1.000000 0.000000 0.000000
vt 1.000000 0.000000 0.000000
vt 1.000000 0.271535 0.000000
vt 1.000000 0.000000 0.000000
vt 1.000000 0.264356 0.000000
vt 1.000000 0.000000 0.000000
vt 1.000000 0.250000 0.000000
vt 0.250000 0.937500 0.000000
vt 0.236241 1.000000 0.000000
vt 0.479362 1.000000 0.000000
vt 0.059060 0.933911 0.000000
vt 0.057341 0.932116 0.000000
vt 0.229362 1.000000 0.000000
vt 0.469043 1.000000 0.000000
vt 0.059060 0.933911 0.000000
vt 0.236241 1.000000 0.000000
vt 0.000000 1.000000 0.000000
vt 0.246560 1.000000 0.000000
vt 0.494841 1.000000 0.000000
vt 0.479362 1.000000 0.000000
vt 0.746560 1.000000 0.000000
vt 0.736241 1.000000 0.000000
vt 0.729362 1.000000 0.000000
vt 0.736241 1.000000 0.000000
vt 0.750000 0.937500 0.000000
vt 0.000000 0.500000 0.000000
vt 0.000000 0.250000 0.000000
vt 0.000000 0.235644 0.000000
vt 0.000000 0.478465 0.000000
vt 0.000000 0.000000 0.000000
vt 0.000000 0.000000 0.000000
vt 0.000000 0.000000 0.000000
vt 0.000000 0.228465 0.000000
vt 0.000000 0.467698 0.000000
vt 0.000000 0.000000 0.000000
vt 0.000000 0.235644 0.000000
vt 0.000000 0.000000 0.000000
vt 0.000000 0.250000 0.000000
vt 0.000000 0.500000 0.000000
vt 0.000000 0.478465 0.000000
vt 0.000000 0.750000 0.000000
vt 0.000000 0.735644 0.000000
vt 0.000000 0.728465 0.000000
vt 0.000000 0.735644 0.000000
vt 0.000000 0.750000 0.000000
vt 0.000000 0.492891 0.000000
vt 0.000000 0.245261 0.000000
vt 0.000000 0.231043 0.000000
vt 0.000000 0.471565 0.000000
vt 0.000000 0.221565 0.000000
vt 0.000000 0.457347 0.000000
vt 0.000000 0.231043 0.000000
vt 0.000000 0.250000 0.000000
vt 0.000000 0.500000 0.000000
vt 0.000000 0.471565 0.000000
vt 0.000000 0.750000 0.000000
vt 0.000000 0.731043 0.000000
vt 0.000000 1.000000 0.000000
vt 0.000000 1.000000 0.000000
vt 0.000000 1.000000 0.000000
vt 0.000000 0.721565 0.000000
vt 0.000000 1.000000 0.000000
vt 0.000000 0.731043 0.000000
vt 0.000000 1.000000 0.000000
vt 0.000000 0.745261 0.000000
vt 0.750000 0.000000 0.000000
vt 0.500000 0.000000 0.000000
vt 0.906250 0.000000 0.000000
vt 0.929688 0.000000 0.000000
vt 0.750000 0.000000 0.000000
vt 0.500000 0.000000 0.000000
vt 0.937500 0.000000 0.000000
vt 0.750000 0.000000 0.000000
vt 0.888889 0.000000 0.000000
vt 0.750000 0.000000 0.000000
vt 0.500000 0.000000 0.000000
vt 0.500000 0.000000 0.000000
vt 0.250000 0.000000 0.000000
vt 0.250000 0.000000 0.000000
vt 0.125000 0.000000 0.000000
vt 0.093750 0.000000 0.000000
vt 0.117188 0.000000 0.000000
vt 0.250000 0.000000 0.000000
vt 0.125000 0.000000 0.000000
vt 0.250000 0.000000 0.000000
vt 0.500000 1.000000 0.000000
vt 0.750000 1.000000 0.000000
vt 0.750000 0.875000 0.000000
vt 0.500000 0.781250 0.000000
vt 0.888889 1.000000 0.000000
vt 0.937500 0.906269 0.000000
vt 0.929688 0.890653 0.000000
vt 0.750000 0.781250 0.000000
vt 0.500000 0.609375 0.000000
vt 0.906250 0.906269 0.000000
vt 0.750000 0.750000 0.000000
vt 0.746560 0.750000 0.000000
vt 0.494841 0.500000 0.000000
vt 0.500000 0.531250 0.000000
vt 0.246560 0.250000 0.000000
vt 0.250000 0.375000 0.000000
vt 0.000000 0.000000 0.000000
vt 0.125000 0.281231 0.000000
vt 0.117188 0.499972 0.000000
vt 0.250000 0.531250 0.000000
vt 0.093750 0.718731 0.000000
vt 0.250000 0.750000 0.000000
vt 0.125000 1.000000 0.000000
vt 0.250000 1.000000 0.000000
vt 0.929688 0.500000 0.000000
vt 0.906250 0.250000 0.000000
vt 0.875000 0.375075 0.000000
vt 0.968750 0.531362 0.000000
vt 0.750000 0.286008 0.000000
vt 0.500000 0.514949 0.000000
vt 0.718750 0.531362 0.000000
vt 0.890625 0.609544 0.000000
vt 0.250000 0.754758 0.000000
vt 0.500000 0.750075 0.000000
vt 0.000000 1.000000 0.000000
vt 0.250000 1.000000 0.000000
vt 0.500000 1.000000 0.000000
vt 0.718750 0.781362 0.000000
vt 0.750000 1.000000 0.000000
vt 0.875000 0.875075 0.000000
vt 0.968750 0.781362 0.000000
vt 1.000000 0.750075 0.000000
vt 0.937500 0.750000 0.000000
vt 0.117188 0.500000 0.000000
vt 0.093750 0.750000 0.000000
vt 0.125000 0.624925 0.000000
vt 0.218750 0.468638 0.000000
vt 0.218750 0.468638 0.000000
vt 0.390625 0.390456 0.000000
vt 0.250000 0.249925 0.000000
vt 0.250000 0.000000 0.000000
vt 0.500000 0.000000 0.000000
vt 0.468750 0.218638 0.000000
vt 0.750000 0.000000 0.000000
vt 0.625000 0.124925 0.000000
vt 1.000000 0.000000 0.000000
vt 0.750000 0.000000 0.000000
vt 0.500000 0.000000 0.000000
vt 0.468750 0.218638 0.000000
vt 0.250000 0.000000 0.000000
vt 0.250000 0.249925 0.000000
vt 0.125000 0.250000 0.000000
vt 1.000000 0.250000 0.000000
vt 1.000000 0.250000 0.000000
vt 0.937500 0.062500 0.000000
vt 1.000000 0.500000 0.000000
vt 1.000000 0.500000 0.000000
vt 1.000000 0.750000 0.000000
vt 1.000000 0.750000 0.000000
vt 1.000000 1.000000 0.000000
vt 0.937500 0.937500 0.000000
vt 0.750000 1.000000 0.000000
vt 0.750000 1.000000 0.000000
vt 0.500000 1.000000 0.000000
vt 0.500000 1.000000 0.000000
vt 0.250000 1.000000 0.000000
vt 0.250000 1.000000 0.000000
vt 0.000000 1.000000 0.000000
vt 0.062500 0.937500 0.000000
vt 0.000000 0.750000 0.000000
vt 0.000000 0.750000 0.000000
vt 0.000000 0.500000 0.000000
vt 0.000000 0.500000 0.000000
vt 0.000000 0.250000 0.000000
vt 0.000000 0.250000 0.000000
vt 0.062500 0.062500 0.000000
vt 0.250000 0.000000 0.000000
vt 0.250000 0.000000 0.000000
vt 0.500000 0.000000 0.000000
vt 0.750000 0.000000 0.000000
vt 0.750000 0.000000 0.000000
# 338 texture coords

o Box020
g Box020
f 645/359 517/360 453/361 518/362 
f 517/360 646/363 519/364 453/361 
f 453/361 519/364 647/365 520/366 
f 518/362 453/361 520/366 648/367 
f 647/365 521/368 459/369 520/366 
f 521/368 649/370 522/371 459/369 
f 459/369 522/371 650/372 523/373 
f 520/366 459/369 523/373 648/367 
f 650/372 524/374 460/375 523/373 
f 524/374 651/376 525/377 460/375 
f 460/375 525/377 652/378 526/379 
f 523/373 460/375 526/379 648/367 
f 652/378 527/380 454/381 526/379 
f 527/380 653/382 528/383 454/381 
f 454/381 528/383 645/359 518/362 
f 526/379 454/381 518/362 648/367 
f 654/384 529/385 465/386 530/387 
f 529/385 655/388 531/389 465/386 
f 465/386 531/389 656/390 532/391 
f 530/387 465/386 532/391 657/392 
f 656/390 533/393 469/394 532/391 
f 533/393 658/395 534/396 469/394 
f 469/394 534/396 659/397 535/398 
f 532/391 469/394 535/398 657/392 
f 659/397 536/399 470/400 535/398 
f 536/399 660/401 537/402 470/400 
f 470/400 537/402 661/403 538/404 
f 535/398 470/400 538/404 657/392 
f 661/403 539/405 466/406 538/404 
f 539/405 662/407 540/408 466/406 
f 466/406 540/408 654/384 530/387 
f 538/404 466/406 530/387 657/392 
f 663/409 541/410 477/411 542/412 
f 541/410 664/413 543/414 477/411 
f 477/411 543/414 665/415 544/416 
f 542/412 477/411 544/416 666/417 
f 665/415 545/418 480/419 544/416 
f 545/418 667/420 546/421 480/419 
f 480/419 546/421 668/422 547/423 
f 544/416 480/419 547/423 666/417 
f 668/422 548/424 468/425 547/423 
f 548/424 658/426 533/427 468/425 
f 468/425 533/427 656/428 549/429 
f 547/423 468/425 549/429 666/417 
f 656/428 531/430 467/431 549/429 
f 531/430 655/432 550/433 467/431 
f 467/431 550/433 663/409 542/412 
f 549/429 467/431 542/412 666/417 
f 669/434 551/435 483/436 552/437 
f 551/435 670/438 553/439 483/436 
f 483/436 553/439 671/440 554/441 
f 552/437 483/436 554/441 672/442 
f 671/440 555/443 487/444 554/441 
f 555/443 673/445 556/446 487/444 
f 487/444 556/446 674/447 557/448 
f 554/441 487/444 557/448 672/442 
f 674/447 558/449 479/450 557/448 
f 558/449 667/451 545/452 479/450 
f 479/450 545/452 665/453 559/454 
f 557/448 479/450 559/454 672/442 
f 665/453 543/455 478/456 559/454 
f 543/455 664/457 560/458 478/456 
f 478/456 560/458 669/434 552/437 
f 559/454 478/456 552/437 672/442 
f 675/459 561/460 476/461 562/462 
f 561/460 662/463 563/464 476/461 
f 476/461 563/464 676/465 564/466 
f 562/462 476/461 564/466 677/467 
f 676/465 565/468 490/469 564/466 
f 565/468 678/470 566/471 490/469 
f 490/469 566/471 679/472 567/473 
f 564/466 490/469 567/473 677/467 
f 679/472 568/474 491/475 567/473 
f 568/474 680/476 569/477 491/475 
f 491/475 569/477 681/478 570/479 
f 567/473 491/475 570/479 677/467 
f 681/478 571/480 484/481 570/479 
f 571/480 670/482 572/483 484/481 
f 484/481 572/483 675/459 562/462 
f 570/479 484/481 562/462 677/467 
f 661/484 537/485 474/486 573/487 
f 537/485 660/488 574/489 474/486 
f 474/486 574/489 682/490 575/491 
f 573/487 474/486 575/491 683/492 
f 682/490 576/493 498/494 575/491 
f 576/493 684/495 577/496 498/494 
f 498/494 577/496 685/497 578/498 
f 575/491 498/494 578/498 683/492 
f 685/497 579/499 489/500 578/498 
f 579/499 678/470 565/468 489/500 
f 489/500 565/468 676/465 580/501 
f 578/498 489/500 580/501 683/492 
f 676/465 563/464 475/502 580/501 
f 563/464 662/463 539/503 475/502 
f 475/502 539/503 661/484 573/487 
f 580/501 475/502 573/487 683/492 
f 659/504 534/505 472/506 581/507 
f 534/505 658/395 582/508 472/506 
f 472/506 582/508 686/509 583/510 
f 581/507 472/506 583/510 687/511 
f 686/509 584/512 501/513 583/510 
f 584/512 688/514 585/515 501/513 
f 501/513 585/515 689/516 586/517 
f 583/510 501/513 586/517 687/511 
f 689/516 587/518 497/519 586/517 
f 587/518 684/520 576/521 497/519 
f 497/519 576/521 682/522 588/523 
f 586/517 497/519 588/523 687/511 
f 682/522 574/524 473/525 588/523 
f 574/524 660/526 536/527 473/525 
f 473/525 536/527 659/504 581/507 
f 588/523 473/525 581/507 687/511 
f 668/422 546/528 482/529 589/530 
f 546/528 667/451 590/531 482/529 
f 482/529 590/531 690/532 591/533 
f 589/530 482/529 591/533 691/534 
f 690/532 592/535 505/536 591/533 
f 592/535 692/537 593/538 505/536 
f 505/536 593/538 693/539 594/540 
f 591/533 505/536 594/540 691/534 
f 693/539 595/541 500/542 594/540 
f 595/541 688/514 584/512 500/542 
f 500/542 584/512 686/509 596/543 
f 594/540 500/542 596/543 691/534 
f 686/509 582/508 471/544 596/543 
f 582/508 658/395 548/545 471/544 
f 471/544 548/545 668/422 589/530 
f 596/543 471/544 589/530 691/534 
f 674/546 556/547 488/548 597/549 
f 556/547 673/550 598/551 488/548 
f 488/548 598/551 694/552 599/553 
f 597/549 488/548 599/553 695/554 
f 694/552 600/555 509/556 599/553 
f 600/555 696/557 601/558 509/556 
f 509/556 601/558 697/559 602/560 
f 599/553 509/556 602/560 695/554 
f 697/559 603/561 504/562 602/560 
f 603/561 692/537 592/535 504/562 
f 504/562 592/535 690/532 604/563 
f 602/560 504/562 604/563 695/554 
f 690/532 590/531 481/564 604/563 
f 590/531 667/451 558/565 481/564 
f 481/564 558/565 674/546 597/549 
f 604/563 481/564 597/549 695/554 
f 671/566 553/567 485/568 605/569 
f 553/567 670/482 571/480 485/568 
f 485/568 571/480 681/478 606/570 
f 605/569 485/568 606/570 698/571 
f 681/478 569/477 496/572 606/570 
f 569/477 680/476 607/573 496/572 
f 496/572 607/573 699/574 608/575 
f 606/570 496/572 608/575 698/571 
f 699/574 609/576 508/577 608/575 
f 609/576 696/578 600/579 508/577 
f 508/577 600/579 694/580 610/581 
f 608/575 508/577 610/581 698/571 
f 694/580 598/582 486/583 610/581 
f 598/582 673/584 555/585 486/583 
f 486/583 555/585 671/566 605/569 
f 610/581 486/583 605/569 698/571 
f 679/472 566/471 493/586 611/587 
f 566/471 678/470 612/588 493/586 
f 493/586 612/588 700/589 613/590 
f 611/587 493/586 613/590 701/591 
f 700/589 614/592 512/593 613/590 
f 614/592 702/594 615/595 512/593 
f 512/593 615/595 703/596 616/597 
f 613/590 512/593 616/597 701/591 
f 703/596 617/598 513/599 616/597 
f 617/598 704/600 618/601 513/599 
f 513/599 618/601 705/602 619/603 
f 616/597 513/599 619/603 701/591 
f 705/602 620/604 494/605 619/603 
f 620/604 680/476 568/474 494/605 
f 494/605 568/474 679/472 611/587 
f 619/603 494/605 611/587 701/591 
f 703/606 615/607 514/608 621/609 
f 615/607 702/610 622/611 514/608 
f 514/608 622/611 706/612 623/613 
f 621/609 514/608 623/613 707/614 
f 706/612 624/615 502/616 623/613 
f 624/615 688/514 595/617 502/616 
f 502/616 595/617 693/618 625/619 
f 623/613 502/616 625/619 707/614 
f 693/618 593/620 507/621 625/619 
f 593/620 692/622 626/623 507/621 
f 507/621 626/623 708/624 627/625 
f 625/619 507/621 627/625 707/614 
f 708/624 628/626 515/627 627/625 
f 628/626 704/628 617/629 515/627 
f 515/627 617/629 703/606 621/609 
f 627/625 515/627 621/609 707/614 
f 700/630 612/631 492/632 629/633 
f 612/631 678/470 579/634 492/632 
f 492/632 579/634 685/635 630/636 
f 629/633 492/632 630/636 709/637 
f 685/635 577/638 499/639 630/636 
f 577/638 684/640 587/641 499/639 
f 499/639 587/641 689/642 631/643 
f 630/636 499/639 631/643 709/637 
f 689/642 585/644 503/645 631/643 
f 585/644 688/514 624/615 503/645 
f 503/645 624/615 706/612 632/646 
f 631/643 503/645 632/646 709/637 
f 706/612 622/611 511/647 632/646 
f 622/611 702/610 614/648 511/647 
f 511/647 614/648 700/630 629/633 
f 632/646 511/647 629/633 709/637 
f 705/649 618/650 516/651 633/652 
f 618/650 704/628 628/626 516/651 
f 516/651 628/626 708/624 634/653 
f 633/652 516/651 634/653 710/654 
f 708/624 626/623 506/655 634/653 
f 626/623 692/622 603/656 506/655 
f 506/655 603/656 697/657 635/658 
f 634/653 506/655 635/658 710/654 
f 697/657 601/659 510/660 635/658 
f 601/659 696/661 609/662 510/660 
f 510/660 609/662 699/663 636/664 
f 635/658 510/660 636/664 710/654 
f 699/663 607/665 495/666 636/664 
f 607/665 680/476 620/667 495/666 
f 495/666 620/667 705/649 633/652 
f 636/664 495/666 633/652 710/654 
f 670/438 551/668 455/669 637/670 
f 551/668 669/671 638/672 455/669 
f 455/669 638/672 645/359 528/383 
f 637/670 455/669 528/383 653/382 
f 669/671 560/673 456/674 638/672 
f 560/673 664/675 639/676 456/674 
f 456/674 639/676 646/363 517/360 
f 638/672 456/674 517/360 645/359 
f 664/675 541/677 457/678 639/676 
f 541/677 663/679 640/680 457/678 
f 457/678 640/680 647/365 519/364 
f 639/676 457/678 519/364 646/363 
f 663/679 550/681 458/682 640/680 
f 550/681 655/683 641/684 458/682 
f 458/682 641/684 649/370 521/368 
f 640/680 458/682 521/368 647/365 
f 655/683 529/685 461/686 641/684 
f 529/685 654/687 642/688 461/686 
f 461/686 642/688 650/372 522/371 
f 641/684 461/686 522/371 649/370 
f 654/687 540/689 462/690 642/688 
f 540/689 662/407 643/691 462/690 
f 462/690 643/691 651/376 524/374 
f 642/688 462/690 524/374 650/372 
f 662/407 561/692 463/693 643/691 
f 561/692 675/459 644/694 463/693 
f 463/693 644/694 652/378 525/377 
f 643/691 463/693 525/377 651/376 
f 675/459 572/695 464/696 644/694 
f 572/695 670/438 637/670 464/696 
f 464/696 637/670 653/382 527/380 
f 644/694 464/696 527/380 652/378 
# 256 polygons

#
# object Box021
#

v  31.469370 3.995268 4.631160
v  27.766775 3.995268 4.631160
v  31.469370 3.995268 5.947984
v  27.766775 3.995268 5.947984
v  31.469370 6.850863 4.631160
v  27.766775 6.850863 4.631160
v  31.469370 6.850863 5.947984
v  27.766775 6.850863 5.947984
v  31.189028 4.225688 3.859113
v  28.047117 4.225688 3.859113
v  28.047117 6.620442 3.859113
v  31.189028 6.620442 3.859113
v  28.036139 4.216665 5.947984
v  31.200006 4.216665 5.947984
v  31.200006 6.629466 5.947984
v  28.036139 6.629466 5.947984
v  28.083887 4.255911 5.759878
v  31.152258 4.255911 5.759878
v  31.152258 6.590220 5.759878
v  28.083887 6.590220 5.759878
# 20 vertices

vt 1.000000 0.000000 0.000000
vt 0.000000 0.000000 0.000000
vt 1.000000 1.000000 0.000000
vt 0.000000 1.000000 0.000000
vt 0.000000 0.000000 0.000000
vt 1.000000 0.000000 0.000000
vt 0.000000 1.000000 0.000000
vt 1.000000 1.000000 0.000000
vt 0.000000 0.000000 0.000000
vt 1.000000 0.000000 0.000000
vt 0.000000 1.000000 0.000000
vt 1.000000 1.000000 0.000000
vt 0.000000 0.000000 0.000000
vt 1.000000 0.000000 0.000000
vt 0.000000 1.000000 0.000000
vt 1.000000 1.000000 0.000000
vt 0.000000 0.000000 0.000000
vt 1.000000 0.000000 0.000000
vt 0.000000 1.000000 0.000000
vt 1.000000 1.000000 0.000000
vt 0.000000 0.000000 0.000000
vt 1.000000 0.000000 0.000000
vt 0.000000 1.000000 0.000000
vt 1.000000 1.000000 0.000000
vt 0.000000 0.000000 0.000000
vt 1.000000 0.000000 0.000000
vt 1.000000 1.000000 0.000000
vt 0.000000 1.000000 0.000000
vt 0.000000 0.000000 0.000000
vt 1.000000 0.000000 0.000000
vt 1.000000 1.000000 0.000000
vt 0.000000 1.000000 0.000000
vt 0.000000 0.000000 0.000000
vt 1.000000 0.000000 0.000000
vt 1.000000 1.000000 0.000000
vt 0.000000 1.000000 0.000000
# 36 texture coords

o Box021
g Box021
f 711/697 713/699 714/700 712/698 
f 715/701 716/702 718/704 717/703 
f 719/721 720/722 721/723 722/724 
f 712/709 714/710 718/712 716/711 
f 727/729 728/730 729/731 730/732 
f 713/717 711/718 715/720 717/719 
f 711/705 712/706 720/722 719/721 
f 712/706 716/708 721/723 720/722 
f 716/708 715/707 722/724 721/723 
f 715/707 711/705 719/721 722/724 
f 714/713 713/714 724/726 723/725 
f 713/714 717/716 725/727 724/726 
f 717/716 718/715 726/728 725/727 
f 718/715 714/713 723/725 726/728 
f 723/725 724/726 728/730 727/729 
f 724/726 725/727 729/731 728/730 
f 725/727 726/728 730/732 729/731 
f 726/728 723/725 727/729 730/732 
# 18 polygons

#
# object Box022
#

v  23.279844 0.797000 44.326546
v  38.864460 0.797000 44.326550
v  23.279846 0.797000 47.207245
v  38.864460 0.797000 47.207245
v  38.806389 4.232355 44.326546
v  38.864460 4.195714 47.207245
v  35.898865 0.797000 47.207245
v  35.898865 0.797000 44.326546
v  35.956940 4.232355 44.326546
v  35.898865 4.195714 47.207245
v  35.898865 0.797000 38.594749
v  38.864460 0.797000 38.594749
v  38.806389 4.232355 38.659027
v  35.898865 4.195714 38.594749
v  27.709738 0.797000 47.207245
v  27.709740 4.195714 44.326546
v  27.709740 0.797000 44.326546
v  27.767813 4.232355 47.142967
v  38.864460 3.226426 44.326546
v  23.279842 3.226426 44.326546
v  38.864464 3.226426 47.207245
v  23.279842 3.226426 47.207241
v  35.898865 3.226426 44.326546
v  35.898865 3.226426 47.207245
v  38.864460 3.226426 38.594746
v  35.898865 3.226426 38.594749
v  27.709740 3.226427 44.326546
v  27.709740 3.226426 47.207245
v  30.964382 0.797000 44.326546
v  30.964382 4.195714 47.207245
v  30.964380 0.797000 47.207245
v  31.005445 4.232355 44.371994
v  30.964382 3.226426 47.207245
v  30.964382 3.226426 44.326546
v  35.710213 4.232355 46.746799
v  31.153034 4.232355 46.746799
v  31.153034 4.232355 44.535351
v  35.710213 4.232355 44.535351
v  35.538658 3.006740 46.636890
v  31.324593 3.006740 46.636890
v  31.324593 3.006740 44.645260
v  35.538654 3.006740 44.645260
v  35.674595 4.203580 46.709255
v  31.188652 4.203581 46.709255
v  31.188652 4.203581 44.572895
v  35.674595 4.203581 44.572895
v  35.489639 2.977965 46.584515
v  31.373611 2.977966 46.584515
v  31.373611 2.977966 44.697636
v  35.489635 2.977966 44.697636
v  33.390041 2.940612 46.104012
v  32.674366 2.940613 46.104012
v  32.674366 2.940612 45.429779
v  33.390038 2.940613 45.429779
v  38.864460 4.195714 44.326546
v  38.806389 4.232354 47.142967
v  35.898865 4.232355 44.390823
v  35.857800 4.232355 44.371998
v  35.898865 4.195714 44.326546
v  35.857803 4.232355 47.161793
v  35.898865 4.232355 47.142967
v  38.864460 4.195714 38.594749
v  35.956940 4.232355 38.659027
v  27.767813 4.232355 44.390823
v  27.709740 4.195714 47.207245
v  30.964382 4.232355 47.142967
v  31.005445 4.232355 47.161793
v  30.964382 4.232355 44.390823
v  30.964382 4.195714 44.326546
# 69 vertices

vt 0.000000 0.000000 0.000000
vt 1.000000 0.000000 0.000000
vt 0.000000 0.981788 0.000000
vt 1.000000 0.981788 0.000000
vt 0.000000 0.000000 0.000000
vt 1.000000 0.000000 0.000000
vt 0.000000 0.981788 0.000000
vt 0.990209 1.000000 0.000000
vt 0.000000 0.000000 0.000000
vt 0.990209 0.000000 0.000000
vt 0.000000 1.000000 0.000000
vt 0.990209 0.977687 0.000000
vt 0.500000 1.000000 0.000000
vt 0.500000 0.000000 0.000000
vt 0.500000 0.000000 0.000000
vt 0.490894 0.000000 0.000000
vt 0.509791 0.000000 0.000000
vt 0.509791 1.000000 0.000000
vt 0.500000 1.000000 0.000000
vt 0.500000 0.981788 0.000000
vt 0.500000 0.000000 0.000000
vt 1.000000 0.000000 0.000000
vt 0.990209 1.000000 0.000000
vt 0.500000 0.981788 0.000000
vt 0.750000 1.000000 0.000000
vt 0.750000 0.000000 0.000000
vt 0.252230 0.022313 0.000000
vt 0.250000 0.981788 0.000000
vt 0.750000 0.000000 0.000000
vt 0.250000 0.000000 0.000000
vt 0.252230 0.977687 0.000000
vt 0.750000 0.981788 0.000000
vt 1.000000 0.500000 0.000000
vt 0.000000 0.500000 0.000000
vt 0.000000 0.500000 0.000000
vt 1.000000 0.500000 0.000000
vt 1.000000 0.500000 0.000000
vt 0.000000 0.500000 0.000000
vt 1.000000 0.500000 0.000000
vt 0.000000 0.500000 0.000000
vt 0.500000 0.500000 0.000000
vt 0.500000 0.500000 0.000000
vt 1.000000 0.500000 0.000000
vt 0.500000 0.500000 0.000000
vt 0.250000 0.500000 0.000000
vt 0.750000 0.500000 0.000000
vt 0.625000 0.000000 0.000000
vt 0.375000 0.000000 0.000000
vt 0.375000 0.977687 0.000000
vt 0.625000 0.981788 0.000000
vt 0.625000 1.000000 0.000000
vt 0.625000 0.000000 0.000000
vt 0.375000 0.000000 0.000000
vt 0.375000 0.981788 0.000000
vt 0.625000 0.500000 0.000000
vt 0.375000 0.500000 0.000000
vt 0.500000 1.000000 0.000000
vt 0.375000 1.000000 0.000000
vt 0.375000 0.000000 0.000000
vt 0.500000 0.000000 0.000000
vt 0.500000 1.000000 0.000000
vt 0.375000 1.000000 0.000000
vt 0.375000 0.000000 0.000000
vt 0.500000 0.000000 0.000000
vt 0.500000 1.000000 0.000000
vt 0.375000 1.000000 0.000000
vt 0.375000 0.000000 0.000000
vt 0.500000 0.000000 0.000000
vt 0.498641 0.977392 0.000000
vt 0.376359 0.977392 0.000000
vt 0.376359 0.022608 0.000000
vt 0.498641 0.022608 0.000000
vt 0.498641 0.977392 0.000000
vt 0.376359 0.977392 0.000000
vt 0.376359 0.022608 0.000000
vt 0.498641 0.022608 0.000000
vt 1.000000 0.981788 0.000000
vt 0.500000 0.022313 0.000000
vt 0.500000 0.000000 0.000000
vt 0.500000 0.981788 0.000000
vt 0.503894 -0.017301 0.000000
vt 0.500000 0.977687 0.000000
vt 0.524177 1.002608 0.000000
vt 1.000000 0.981788 0.000000
vt 0.509791 1.000000 0.000000
vt 0.490894 1.000000 0.000000
vt 0.375000 1.000000 0.000000
vt 0.350823 1.002608 0.000000
vt 0.375000 0.022313 0.000000
vt 0.350823 -0.002608 0.000000
vt -0.000803 1.015737 0.000000
vt 0.978066 1.014282 0.000000
vt 0.009713 0.997243 0.000000
vt 0.500146 1.000329 0.000000
vt 0.501040 0.900018 0.000000
vt 0.623960 0.900018 0.000000
vt 0.252213 0.987183 0.000000
vt 0.375028 0.991457 0.000000
vt 0.521632 0.977687 0.000000
vt 0.521632 0.022313 0.000000
vt 0.624972 0.991457 0.000000
vt 0.747787 0.987183 0.000000
vt 0.376040 0.900018 0.000000
vt 0.498960 0.900018 0.000000
# 104 texture coords

o Box022
g Box022
f 747/761 745/757 733/744 731/742 
f 750/767 757/777 747/762 731/737 
f 749/766 751/769 734/734 732/733 
f 751/770 754/774 737/746 734/737 
f 752/772 750/768 731/734 733/733 
f 738/747 732/741 734/743 737/745 
f 791/814 786/744 735/742 739/749 787/810 
f 756/776 755/775 742/754 741/753 
f 754/774 763/787 761/784 737/746 
f 741/753 742/754 732/738 738/748 
f 742/754 755/775 749/765 732/738 
f 743/755 793/817 739/750 735/740 
f 744/756 756/776 753/773 789/812 
f 747/761 759/779 761/783 745/757 
f 748/763 796/781 798/821 794/759 
f 757/777 764/788 759/780 747/762 
f 758/778 752/771 733/738 745/758 
f 749/766 785/735 736/736 751/769 
f 751/770 736/739 740/752 754/774 
f 756/776 744/756 792/816 755/775 
f 763/787 760/782 795/764 758/778 
f 755/775 792/816 785/809 749/765 
f 756/776 741/753 738/748 753/773 
f 764/788 799/786 789/812 753/773 
f 757/759 750/752 752/754 758/760 
f 795/818 746/748 757/759 758/760 
f 763/787 758/778 745/758 761/784 
f 759/779 738/747 737/745 761/783 
f 782/806 781/805 784/808 783/807 
f 764/788 753/773 738/748 759/780 
f 763/787 754/774 740/752 760/782 
f 764/788 757/777 746/760 799/786 
f 765/789 766/790 797/819 790/751 
f 766/790 767/791 762/785 798/821 796/781 797/819 
f 767/791 768/792 788/811 762/785 
f 768/792 765/789 790/751 791/814 787/810 788/811 
f 769/793 770/794 774/798 773/797 
f 770/794 771/795 775/799 774/798 
f 771/795 772/796 776/800 775/799 
f 772/796 769/793 773/797 776/800 
f 774/798 766/790 765/789 773/797 
f 775/799 767/791 766/790 774/798 
f 776/800 768/792 767/791 775/799 
f 773/797 765/789 768/792 776/800 
f 778/802 770/794 769/793 777/801 
f 779/803 771/795 770/794 778/802 
f 780/804 772/796 771/795 779/803 
f 777/801 769/793 772/796 780/804 
f 781/805 782/806 778/802 777/801 
f 782/806 783/807 779/803 778/802 
f 783/807 784/808 780/804 779/803 
f 784/808 781/805 777/801 780/804 
f 789/813 788/811 787/810 739/749 
f 791/814 790/751 740/815 
f 797/819 796/781 760/820 
f 799/822 798/821 762/785 
f 786/824 736/736 785/735 735/823 
f 791/826 740/752 736/739 786/825 
f 797/828 760/782 740/752 790/827 
f 744/756 793/817 743/755 792/816 
f 792/816 743/755 735/740 785/809 
f 793/817 744/756 789/812 739/750 
f 798/830 799/786 746/760 794/829 
f 794/832 746/748 795/818 748/831 
f 748/834 795/764 760/782 796/833 
f 788/836 789/812 799/786 762/835 
# 63 polygons - 3 triangles

#
# object Box023
#

v  38.837486 0.797000 34.743927
v  35.580017 0.797000 34.743927
v  38.837486 0.797000 38.478783
v  35.580017 0.797000 38.478783
v  38.837486 6.997635 34.743931
v  35.580021 6.997635 34.743927
v  38.837482 6.997635 38.478783
v  35.580017 6.997635 38.478779
# 8 vertices

vt 1.000000 0.000000 0.000000
vt 0.000000 0.000000 0.000000
vt 1.000000 1.000000 0.000000
vt 0.000000 1.000000 0.000000
vt 0.000000 0.000000 0.000000
vt 1.000000 0.000000 0.000000
vt 0.000000 1.000000 0.000000
vt 1.000000 1.000000 0.000000
vt 0.000000 0.000000 0.000000
vt 1.000000 0.000000 0.000000
vt 0.000000 1.000000 0.000000
vt 1.000000 1.000000 0.000000
vt 0.000000 0.000000 0.000000
vt 1.000000 0.000000 0.000000
vt 0.000000 1.000000 0.000000
vt 1.000000 1.000000 0.000000
vt 0.000000 0.000000 0.000000
vt 1.000000 0.000000 0.000000
vt 0.000000 1.000000 0.000000
vt 1.000000 1.000000 0.000000
vt 0.000000 0.000000 0.000000
vt 1.000000 0.000000 0.000000
vt 0.000000 1.000000 0.000000
vt 1.000000 1.000000 0.000000
# 24 texture coords

o Box023
g Box023
f 800/837 802/839 803/840 801/838 
f 804/841 805/842 807/844 806/843 
f 800/845 801/846 805/848 804/847 
f 801/849 803/850 807/852 805/851 
f 803/853 802/854 806/856 807/855 
f 802/857 800/858 804/860 806/859 
# 6 polygons

#
# object Box025
#

v  0.984394 1.405777 17.745169
v  0.984394 1.405777 20.164042
v  4.461750 1.405777 17.745169
v  4.461750 1.405777 20.164042
v  0.984394 3.502818 17.745169
v  0.984394 3.502818 20.164042
v  4.461750 3.502818 17.745169
v  4.461750 3.502818 20.164042
# 8 vertices

vt 0.000000 0.000000 0.000000
vt 1.000000 0.000000 0.000000
vt 0.000000 1.000000 0.000000
vt 1.000000 1.000000 0.000000
vt 0.000000 0.000000 0.000000
vt 1.000000 0.000000 0.000000
vt 0.000000 1.000000 0.000000
vt 1.000000 1.000000 0.000000
vt 0.000000 0.000000 0.000000
vt 1.000000 0.000000 0.000000
vt 0.000000 1.000000 0.000000
vt 1.000000 1.000000 0.000000
# 12 texture coords

o Box025
g Box025
f 808/870 810/872 811/871 809/869 
f 812/869 813/870 815/872 814/871 
f 808/865 809/866 813/868 812/867 
f 809/861 811/862 815/864 813/863 
f 811/865 810/866 814/868 815/867 
f 810/861 808/862 812/864 814/863 
# 6 polygons

#
# object Box026
#

v  0.949129 2.191444 15.238630
v  3.427238 2.191444 15.238630
v  0.949129 2.191444 13.832861
v  3.427238 2.191444 13.832861
v  0.949129 3.075323 15.238630
v  3.427238 3.075323 15.238630
v  0.949129 3.075323 13.832861
v  3.427238 3.075323 13.832861
# 8 vertices

vt 0.000000 0.000000 0.000000
vt 1.000000 0.000000 0.000000
vt 0.000000 1.000000 0.000000
vt 1.000000 1.000000 0.000000
vt 0.000000 0.000000 0.000000
vt 1.000000 0.000000 0.000000
vt 0.000000 1.000000 0.000000
vt 1.000000 1.000000 0.000000
vt 0.000000 0.000000 0.000000
vt 1.000000 0.000000 0.000000
vt 0.000000 1.000000 0.000000
vt 1.000000 1.000000 0.000000
# 12 texture coords

o Box026
g Box026
f 816/882 818/884 819/883 817/881 
f 820/881 821/882 823/884 822/883 
f 816/877 817/878 821/880 820/879 
f 817/873 819/874 823/876 821/875 
f 819/877 818/878 822/880 823/879 
f 818/873 816/874 820/876 822/875 
# 6 polygons

#
# object Cylinder002
#

v  6.012215 0.719570 20.493656
v  6.725034 0.719570 20.493656
v  6.682045 0.719570 20.249857
v  6.558266 0.719570 20.035465
v  6.368624 0.719570 19.876337
v  6.135994 0.719570 19.791666
v  5.888435 0.719570 19.791666
v  5.655805 0.719570 19.876337
v  5.466164 0.719570 20.035465
v  5.342384 0.719570 20.249857
v  5.299396 0.719570 20.493656
v  5.342384 0.719570 20.737455
v  5.466163 0.719570 20.951847
v  5.655805 0.719570 21.110975
v  5.888434 0.719570 21.195646
v  6.135994 0.719570 21.195646
v  6.368624 0.719570 21.110975
v  6.558266 0.719570 20.951847
v  6.682045 0.719570 20.737455
v  6.725034 3.060668 20.493656
v  6.682045 3.060668 20.249857
v  6.558266 3.060668 20.035465
v  6.368624 3.060668 19.876337
v  6.135994 3.060668 19.791666
v  5.888435 3.060668 19.791666
v  5.655805 3.060668 19.876337
v  5.466164 3.060668 20.035465
v  5.342384 3.060668 20.249857
v  5.299396 3.060668 20.493656
v  5.342384 3.060668 20.737455
v  5.466163 3.060668 20.951847
v  5.655805 3.060668 21.110975
v  5.888434 3.060668 21.195646
v  6.135994 3.060668 21.195646
v  6.368624 3.060668 21.110975
v  6.558266 3.060668 20.951847
v  6.682045 3.060668 20.737455
v  6.012215 3.060668 20.493656
# 38 vertices

vt 0.500000 0.000000 0.000000
vt 0.750000 0.000000 1.000000
vt 0.805556 0.000000 1.000000
vt 0.861111 0.000000 1.000000
vt 0.916667 0.000000 1.000000
vt 0.972222 0.000000 1.000000
vt 0.027778 0.000000 1.000000
vt 0.083333 0.000000 1.000000
vt 0.138889 0.000000 1.000000
vt 0.194444 0.000000 1.000000
vt 0.250000 0.000000 1.000000
vt 0.305556 0.000000 1.000000
vt 0.361111 0.000000 1.000000
vt 0.416667 0.000000 1.000000
vt 0.472222 0.000000 1.000000
vt 0.527778 0.000000 1.000000
vt 0.583333 0.000000 1.000000
vt 0.638889 0.000000 1.000000
vt 0.694444 0.000000 1.000000
vt 0.750000 1.000000 1.000000
vt 0.805556 1.000000 1.000000
vt 0.861111 1.000000 1.000000
vt 0.916667 1.000000 1.000000
vt 0.972222 1.000000 1.000000
vt 0.027778 1.000000 1.000000
vt 0.083333 1.000000 1.000000
vt 0.138889 1.000000 1.000000
vt 0.194444 1.000000 1.000000
vt 0.250000 1.000000 1.000000
vt 0.305556 1.000000 1.000000
vt 0.361111 1.000000 1.000000
vt 0.416667 1.000000 1.000000
vt 0.472222 1.000000 1.000000
vt 0.527778 1.000000 1.000000
vt 0.583333 1.000000 1.000000
vt 0.638889 1.000000 1.000000
vt 0.694444 1.000000 1.000000
vt 0.500000 1.000000 0.000000
vt -0.027778 0.000000 1.000000
vt -0.027778 0.000000 1.000000
vt -0.027778 1.000000 1.000000
vt 0.970821 1.000000 0.879385
# 42 texture coords

o Cylinder002
g Cylinder002
f 824/885 827/888 826/887 825/886 
f 824/885 829/890 828/889 827/888 
f 824/885 831/892 830/891 829/923 
f 824/885 833/894 832/893 831/892 
f 824/885 835/896 834/895 833/894 
f 824/885 837/898 836/897 835/896 
f 824/885 839/900 838/899 837/898 
f 824/885 841/902 840/901 839/900 
f 824/885 825/886 842/903 841/902 
f 825/886 826/887 844/905 843/904 
f 826/887 827/888 845/906 844/905 
f 827/888 828/889 846/907 845/906 
f 828/889 829/890 847/908 846/907 
f 829/924 830/891 848/909 847/925 
f 830/891 831/892 849/910 848/909 
f 831/892 832/893 850/911 849/910 
f 832/893 833/894 851/912 850/911 
f 833/894 834/895 852/913 851/912 
f 834/895 835/896 853/914 852/913 
f 835/896 836/897 854/915 853/914 
f 836/897 837/898 855/916 854/915 
f 837/898 838/899 856/917 855/916 
f 838/899 839/900 857/918 856/917 
f 839/900 840/901 858/919 857/918 
f 840/901 841/902 859/920 858/919 
f 841/902 842/903 860/921 859/920 
f 842/903 825/886 843/904 860/921 
f 861/922 860/921 843/904 844/905 
f 861/922 844/905 845/906 846/907 
f 861/922 846/907 847/908 848/926 
f 861/922 848/909 849/910 850/911 
f 861/922 850/911 851/912 852/913 
f 861/922 852/913 853/914 854/915 
f 861/922 854/915 855/916 856/917 
f 861/922 856/917 857/918 858/919 
f 861/922 858/919 859/920 860/921 
# 36 polygons

#
# object Box004
#

v  39.177135 10.598866 41.513680
v  39.177135 11.119862 41.513680
v  0.713412 10.598866 0.982719
v  39.177139 10.598866 0.982719
v  0.713412 11.119863 0.982719
v  39.177139 11.119863 0.982719
v  0.713412 10.598866 32.539536
v  39.177139 10.598866 32.590759
v  39.177139 11.119863 32.590759
v  0.713412 11.119863 32.539536
v  14.529504 10.598866 41.513680
v  14.529505 11.119862 41.513680
v  14.529506 11.119863 0.982719
v  14.529506 10.598866 0.982719
v  14.529506 10.598866 32.539536
v  14.529506 11.119863 32.539536
v  22.939835 11.119862 41.513680
v  22.939837 10.598866 0.982719
v  22.939840 11.119863 32.565147
v  22.939833 10.598866 41.513680
v  22.939835 11.119863 0.982719
v  22.939835 10.598866 32.565147
v  39.177139 10.598865 47.260818
v  39.177139 11.119862 47.260818
v  22.939837 11.119862 47.260815
v  22.939835 10.598865 47.260815
# 26 vertices

vt 0.000000 0.000000 0.000000
vt 0.000000 1.000000 0.000000
vt 0.000000 0.000000 0.000000
vt 1.000000 0.000000 0.000000
vt 0.000000 1.000000 0.000000
vt 1.000000 1.000000 0.000000
vt 1.000000 0.000000 0.000000
vt 0.000000 1.000000 0.000000
vt 1.000000 1.000000 0.000000
vt 0.000000 0.000000 0.000000
vt 1.000000 0.000000 0.000000
vt 0.000000 1.000000 0.000000
vt 1.000000 1.000000 0.000000
vt 0.000000 0.000000 0.000000
vt 0.000000 1.000000 0.000000
vt 1.000000 1.000000 0.000000
vt 0.000000 1.000000 0.000000
vt 1.000000 1.000000 0.000000
vt 0.000000 0.500000 0.000000
vt 1.000000 0.500000 0.000000
vt 1.000000 0.500000 0.000000
vt 0.000000 0.500000 0.000000
vt 1.000000 0.500000 0.000000
vt 0.000000 0.500000 0.000000
vt 1.000000 0.500000 0.000000
vt 0.000000 0.500000 0.000000
vt 0.500000 0.000000 0.000000
vt 0.500000 0.000000 0.000000
vt 0.500000 1.000000 0.000000
vt 0.500000 0.000000 0.000000
vt 0.500000 1.000000 0.000000
vt 0.500000 1.000000 0.000000
vt 0.500000 0.000000 0.000000
vt 0.500000 1.000000 0.000000
vt 0.500000 0.500000 0.000000
vt 0.500000 0.500000 0.000000
vt 0.250000 1.000000 0.000000
vt 0.250000 0.000000 0.000000
vt 0.750000 0.000000 0.000000
vt 0.750000 1.000000 0.000000
vt 0.250000 0.500000 0.000000
vt 0.250000 0.000000 0.000000
vt 0.750000 0.000000 0.000000
vt 0.750000 1.000000 0.000000
vt 0.250000 1.000000 0.000000
vt 0.750000 0.500000 0.000000
vt 0.000000 0.000000 0.000000
vt 0.000000 1.000000 0.000000
vt 0.250000 1.000000 0.000000
vt 0.250000 0.000000 0.000000
# 50 texture coords

o Box004
g Box004
f 864/929 866/931 874/957 875/959 
f 862/936 869/948 870/949 863/937 
f 863/940 870/950 880/967 878/964 
f 868/945 864/934 875/960 876/961 
f 869/948 865/938 867/939 870/949 
f 870/950 867/941 882/971 880/967 
f 871/952 866/943 864/944 868/946 
f 872/953 881/968 878/963 873/955 
f 874/957 882/970 879/965 875/959 
f 876/961 883/972 881/969 872/954 
f 875/960 879/966 883/972 876/961 
f 874/958 866/942 871/951 877/962 
f 877/942 871/936 868/933 876/941 
f 873/938 877/942 876/941 872/937 
f 880/967 877/962 873/956 878/964 
f 882/971 874/958 877/962 880/967 
f 887/976 884/973 885/974 886/975 
f 882/970 867/932 865/930 879/965 
f 883/972 869/947 862/933 881/969 
f 879/966 865/935 869/947 883/972 
f 862/927 863/928 885/974 884/973 
f 863/928 878/963 886/975 885/974 
f 878/963 881/968 887/976 886/975 
f 881/968 862/927 884/973 887/976 
# 24 polygons

#
# object Box034
#

v  37.943718 16.080013 27.816711
v  37.943718 16.080013 32.501369
v  37.943718 18.298191 27.816711
v  37.943718 18.298191 32.501369
v  38.274792 16.080013 27.816711
v  38.274792 16.080013 32.501369
v  38.274792 18.298191 27.816711
v  38.274792 18.298191 32.501369
# 8 vertices

vt 0.000000 0.000000 0.000000
vt 1.000000 0.000000 0.000000
vt 0.000000 1.000000 0.000000
vt 1.000000 1.000000 0.000000
vt 0.000000 0.000000 0.000000
vt 1.000000 0.000000 0.000000
vt 0.000000 1.000000 0.000000
vt 1.000000 1.000000 0.000000
vt 0.000000 0.000000 0.000000
vt 1.000000 0.000000 0.000000
vt 0.000000 1.000000 0.000000
vt 1.000000 1.000000 0.000000
# 12 texture coords

o Box034
g Box034
f 890/987 888/985 889/986 891/988 
f 893/985 892/986 894/988 895/987 
f 889/982 888/981 892/983 893/984 
f 891/978 889/977 893/979 895/980 
f 890/982 891/981 895/983 894/984 
f 888/978 890/977 894/979 892/980 
# 6 polygons

#
# object Cylinder003
#

v  37.456684 14.320866 26.777319
v  37.429039 14.320866 26.620543
v  37.349442 14.320866 26.482674
v  37.227493 14.320866 26.380344
v  37.077896 14.320866 26.325897
v  36.918701 14.320866 26.325897
v  36.769104 14.320866 26.380344
v  36.647156 14.320866 26.482674
v  36.567558 14.320866 26.620541
v  36.539913 14.320866 26.777319
v  36.567558 14.320866 26.934095
v  36.647156 14.320866 27.071964
v  36.769104 14.320866 27.174294
v  36.918701 14.320866 27.228741
v  37.077896 14.320866 27.228741
v  37.227493 14.320866 27.174294
v  37.349442 14.320866 27.071964
v  37.429039 14.320866 26.934097
v  37.650558 15.670870 26.777319
v  37.611221 15.670870 26.554234
v  37.497959 15.670870 26.358055
v  37.324429 15.670870 26.212446
v  37.111561 15.670870 26.134970
v  36.885036 15.670870 26.134970
v  36.672169 15.670870 26.212446
v  36.498638 15.670870 26.358055
v  36.385376 15.670870 26.554234
v  36.346039 15.670870 26.777319
v  36.385376 15.670870 27.000404
v  36.498638 15.670870 27.196583
v  36.672169 15.670870 27.342192
v  36.885036 15.670870 27.419668
v  37.111561 15.670870 27.419668
v  37.324429 15.670870 27.342192
v  37.497955 15.670870 27.196583
v  37.611221 15.670870 27.000404
v  37.507248 15.670870 26.777319
v  37.476555 15.670870 26.603249
v  37.388176 15.670870 26.450174
v  37.252773 15.670870 26.336557
v  37.086678 15.670870 26.276102
v  36.909920 15.670870 26.276102
v  36.743824 15.670870 26.336557
v  36.608421 15.670870 26.450174
v  36.520042 15.670870 26.603249
v  36.489349 15.670870 26.777319
v  36.520042 15.670870 26.951389
v  36.608421 15.670870 27.104464
v  36.743824 15.670870 27.218081
v  36.909920 15.670870 27.278536
v  37.086678 15.670870 27.278536
v  37.252773 15.670870 27.218081
v  37.388176 15.670870 27.104465
v  37.476555 15.670870 26.951389
v  37.352859 14.452179 26.777319
v  37.331478 14.452179 26.656052
v  37.269909 14.452179 26.549412
v  37.175579 14.452179 26.470259
v  37.059868 14.452179 26.428144
v  36.936729 14.452179 26.428144
v  36.821018 14.452179 26.470259
v  36.726688 14.452179 26.549412
v  36.665119 14.452179 26.656052
v  36.643738 14.452179 26.777319
v  36.665119 14.452179 26.898586
v  36.726688 14.452179 27.005226
v  36.821018 14.452179 27.084379
v  36.936729 14.452179 27.126493
v  37.059868 14.452179 27.126493
v  37.175579 14.452179 27.084379
v  37.269909 14.452179 27.005228
v  37.331478 14.452179 26.898586
# 72 vertices

vt 0.750000 0.000000 1.000000
vt 0.805556 0.000000 1.000000
vt 0.861111 0.000000 1.000000
vt 0.916667 0.000000 1.000000
vt 0.972222 0.000000 1.000000
vt 0.027778 0.000000 1.000000
vt 0.083333 0.000000 1.000000
vt 0.138889 0.000000 1.000000
vt 0.194444 0.000000 1.000000
vt 0.250000 0.000000 1.000000
vt 0.305556 0.000000 1.000000
vt 0.361111 0.000000 1.000000
vt 0.416667 0.000000 1.000000
vt 0.472222 0.000000 1.000000
vt 0.527778 0.000000 1.000000
vt 0.583333 0.000000 1.000000
vt 0.638889 0.000000 1.000000
vt 0.694444 0.000000 1.000000
vt 0.750000 1.000000 1.000000
vt 0.805556 1.000000 1.000000
vt 0.861111 1.000000 1.000000
vt 0.916667 1.000000 1.000000
vt 0.972222 1.000000 1.000000
vt 0.027778 1.000000 1.000000
vt 0.083333 1.000000 1.000000
vt 0.138889 1.000000 1.000000
vt 0.194444 1.000000 1.000000
vt 0.250000 1.000000 1.000000
vt 0.305556 1.000000 1.000000
vt 0.361111 1.000000 1.000000
vt 0.416667 1.000000 1.000000
vt 0.472222 1.000000 1.000000
vt 0.527778 1.000000 1.000000
vt 0.583333 1.000000 1.000000
vt 0.638889 1.000000 1.000000
vt 0.694444 1.000000 1.000000
vt -0.027778 0.000000 1.000000
vt -0.027778 1.000000 1.000000
vt 0.970821 0.000000 0.879385
vt 0.912631 0.000000 0.652703
vt 0.804672 0.000000 0.347296
vt 0.659966 0.000000 -0.000000
vt 0.495965 0.000000 -0.347296
vt 0.332450 0.000000 -0.652703
vt 0.189145 0.000000 -0.879385
vt 0.083333 0.000000 -1.000000
vt 0.027778 0.000000 -1.000000
vt 0.029179 0.000000 -0.879385
vt 0.087368 0.000000 -0.652704
vt 0.195327 0.000000 -0.347297
vt 0.340034 0.000000 -0.000000
vt 0.970821 1.000000 0.879385
vt 0.912631 1.000000 0.652704
vt 0.804673 1.000000 0.347296
vt 0.659966 1.000000 0.000000
vt 0.495965 1.000000 -0.347296
vt 0.332450 1.000000 -0.652704
vt 0.189145 1.000000 -0.879385
vt 0.083333 1.000000 -1.000000
vt 0.027778 1.000000 -1.000000
vt 0.029179 1.000000 -0.879386
vt 0.087368 1.000000 -0.652704
vt 0.195327 1.000000 -0.347297
vt 0.750000 1.000000 1.000000
vt 0.805556 1.000000 1.000000
vt 0.861111 1.000000 1.000000
vt 0.916667 1.000000 1.000000
vt 0.972222 1.000000 1.000000
vt 0.970821 1.000000 0.879385
vt 0.912631 1.000000 0.652704
vt 0.804673 1.000000 0.347296
vt 0.659966 1.000000 0.000000
vt 0.495965 1.000000 -0.347296
vt 0.332450 1.000000 -0.652704
vt 0.189145 1.000000 -0.879385
vt 0.083333 1.000000 -1.000000
vt 0.027778 1.000000 -1.000000
vt 0.029179 1.000000 -0.879386
vt 0.087368 1.000000 -0.652704
vt 0.195327 1.000000 -0.347297
vt 0.694444 1.000000 1.000000
vt 0.750000 1.000000 1.000000
vt 0.805556 1.000000 1.000000
vt 0.861111 1.000000 1.000000
vt 0.916667 1.000000 1.000000
vt 0.972222 1.000000 1.000000
vt 0.970821 1.000000 0.879385
vt 0.912631 1.000000 0.652704
vt 0.804673 1.000000 0.347296
vt 0.659966 1.000000 0.000000
vt 0.495965 1.000000 -0.347296
vt 0.332450 1.000000 -0.652704
vt 0.189145 1.000000 -0.879385
vt 0.083333 1.000000 -1.000000
vt 0.027778 1.000000 -1.000000
vt 0.029179 1.000000 -0.879386
vt 0.087368 1.000000 -0.652704
vt 0.195327 1.000000 -0.347297
vt 0.694444 1.000000 1.000000
# 99 texture coords

o Cylinder003
g Cylinder003
f 913/1039 912/1038 911/1037 910/1036 909/1035 908/1034 907/1033 906/1032 905/1031 904/1030 903/1029 902/1028 901/1027 900/993 899/992 898/991 897/990 896/989 
f 896/989 897/990 915/1008 914/1007 
f 897/990 898/991 916/1009 915/1008 
f 898/991 899/992 917/1010 916/1009 
f 899/992 900/993 918/1011 917/1010 
f 900/1025 901/994 919/1012 918/1026 
f 901/994 902/995 920/1013 919/1012 
f 902/995 903/996 921/1014 920/1013 
f 903/996 904/997 922/1015 921/1014 
f 904/997 905/998 923/1016 922/1015 
f 905/998 906/999 924/1017 923/1016 
f 906/999 907/1000 925/1018 924/1017 
f 907/1000 908/1001 926/1019 925/1018 
f 908/1001 909/1002 927/1020 926/1019 
f 909/1002 910/1003 928/1021 927/1020 
f 910/1003 911/1004 929/1022 928/1021 
f 911/1004 912/1005 930/1023 929/1022 
f 912/1005 913/1006 931/1024 930/1023 
f 913/1006 896/989 914/1007 931/1024 
f 967/1087 950/1070 951/1071 952/1072 953/1073 954/1074 955/1075 956/1076 957/1077 958/1078 959/1079 960/1080 961/1081 962/1082 963/1083 964/1084 965/1085 966/1086 
f 914/1007 915/1008 933/1053 932/1052 
f 915/1008 916/1009 934/1054 933/1053 
f 916/1009 917/1010 935/1055 934/1054 
f 917/1010 918/1011 936/1056 935/1055 
f 918/1011 919/1040 937/1057 936/1056 
f 919/1040 920/1041 938/1058 937/1057 
f 920/1041 921/1042 939/1059 938/1058 
f 921/1042 922/1043 940/1060 939/1059 
f 922/1043 923/1044 941/1061 940/1060 
f 923/1044 924/1045 942/1062 941/1061 
f 924/1045 925/1046 943/1063 942/1062 
f 925/1046 926/1047 944/1064 943/1063 
f 926/1047 927/1048 945/1065 944/1064 
f 927/1048 928/1049 946/1066 945/1065 
f 928/1049 929/1050 947/1067 946/1066 
f 929/1050 930/1051 948/1068 947/1067 
f 930/1051 931/1024 949/1069 948/1068 
f 931/1024 914/1007 932/1052 949/1069 
f 932/1052 933/1053 951/1071 950/1070 
f 933/1053 934/1054 952/1072 951/1071 
f 934/1054 935/1055 953/1073 952/1072 
f 935/1055 936/1056 954/1074 953/1073 
f 936/1056 937/1057 955/1075 954/1074 
f 937/1057 938/1058 956/1076 955/1075 
f 938/1058 939/1059 957/1077 956/1076 
f 939/1059 940/1060 958/1078 957/1077 
f 940/1060 941/1061 959/1079 958/1078 
f 941/1061 942/1062 960/1080 959/1079 
f 942/1062 943/1063 961/1081 960/1080 
f 943/1063 944/1064 962/1082 961/1081 
f 944/1064 945/1065 963/1083 962/1082 
f 945/1065 946/1066 964/1084 963/1083 
f 946/1066 947/1067 965/1085 964/1084 
f 947/1067 948/1068 966/1086 965/1085 
f 948/1068 949/1069 967/1087 966/1086 
f 949/1069 932/1052 950/1070 967/1087 
# 56 polygons

#
# object Box033
#

v  35.493374 13.763748 34.754192
v  38.067982 13.763748 34.754192
v  35.493374 13.763748 25.505699
v  38.067982 13.763748 25.505699
v  35.493374 14.337980 34.754192
v  38.067982 14.337980 34.754192
v  35.493374 14.337980 25.505699
v  38.067982 14.337980 25.505699
# 8 vertices

vt 0.000000 0.000000 0.000000
vt 1.000000 0.000000 0.000000
vt 0.000000 1.000000 0.000000
vt 1.000000 1.000000 0.000000
vt 0.000000 0.000000 0.000000
vt 1.000000 0.000000 0.000000
vt 0.000000 1.000000 0.000000
vt 1.000000 1.000000 0.000000
vt 0.000000 0.000000 0.000000
vt 1.000000 0.000000 0.000000
vt 0.000000 1.000000 0.000000
vt 1.000000 1.000000 0.000000
# 12 texture coords

o Box033
g Box033
f 968/1097 970/1099 971/1098 969/1096 
f 972/1096 973/1097 975/1099 974/1098 
f 968/1092 969/1093 973/1095 972/1094 
f 969/1088 971/1089 975/1091 973/1090 
f 971/1092 970/1093 974/1095 975/1094 
f 970/1088 968/1089 972/1091 974/1090 
# 6 polygons

#
# object Cylinder004
#

v  31.554173 9.366943 12.745958
v  31.426205 9.366943 12.020217
v  31.057735 9.366943 11.382010
v  30.493208 9.366943 10.908316
v  29.800714 9.366943 10.656268
v  29.063776 9.366943 10.656268
v  28.371281 9.366943 10.908316
v  27.806755 9.366943 11.382010
v  27.438286 9.366943 12.020216
v  27.310318 9.366943 12.745958
v  27.438286 9.366943 13.471700
v  27.806755 9.366943 14.109906
v  28.371281 9.366943 14.583601
v  29.063776 9.366943 14.835649
v  29.800713 9.366943 14.835649
v  30.493208 9.366943 14.583602
v  31.057735 9.366943 14.109908
v  31.426205 9.366943 13.471702
v  30.408373 10.814926 12.745958
v  30.349504 10.814926 12.412103
v  30.180002 10.814926 12.118516
v  29.920309 10.814926 11.900607
v  29.601748 10.814926 11.784660
v  29.262743 10.814926 11.784660
v  28.944181 10.814926 11.900607
v  28.684488 10.814926 12.118516
v  28.514986 10.814926 12.412103
v  28.456118 10.814926 12.745958
v  28.514986 10.814926 13.079813
v  28.684488 10.814926 13.373401
v  28.944181 10.814926 13.591310
v  29.262743 10.814926 13.707256
v  29.601748 10.814926 13.707256
v  29.920309 10.814926 13.591310
v  30.180002 10.814926 13.373402
v  30.349504 10.814926 13.079814
v  31.160355 9.366943 12.116978
v  31.271261 9.366943 12.745958
v  31.160355 9.366943 13.374940
v  30.841011 9.366943 13.928056
v  30.351751 9.366943 14.338593
v  29.751587 9.366943 14.557035
v  29.112904 9.366943 14.557034
v  28.512737 9.366943 14.338593
v  28.023478 9.366943 13.928054
v  27.704136 9.366943 13.374938
v  27.593229 9.366943 12.745958
v  27.704136 9.366943 12.116978
v  28.023478 9.366943 11.563862
v  28.512737 9.366943 11.153324
v  29.112904 9.366943 10.934882
v  29.751587 9.366943 10.934881
v  30.351753 9.366943 11.153324
v  30.841013 9.366943 11.563862
v  30.190084 10.660173 12.470128
v  30.238720 10.660173 12.745958
v  30.190084 10.660173 13.021790
v  30.050041 10.660173 13.264351
v  29.835482 10.660173 13.444386
v  29.572289 10.660173 13.540181
v  29.292202 10.660173 13.540181
v  29.029007 10.660173 13.444386
v  28.814449 10.660173 13.264350
v  28.674406 10.660173 13.021789
v  28.625771 10.660173 12.745958
v  28.674406 10.660173 12.470127
v  28.814449 10.660173 12.227567
v  29.029007 10.660173 12.047531
v  29.292202 10.660173 11.951735
v  29.572289 10.660173 11.951735
v  29.835484 10.660173 12.047530
v  30.050041 10.660173 12.227567
# 72 vertices

vt 0.750000 0.000000 1.000000
vt 0.805556 0.000000 1.000000
vt 0.861111 0.000000 1.000000
vt 0.916667 0.000000 1.000000
vt 0.972222 0.000000 1.000000
vt 0.027778 0.000000 1.000000
vt 0.083333 0.000000 1.000000
vt 0.138889 0.000000 1.000000
vt 0.194444 0.000000 1.000000
vt 0.250000 0.000000 1.000000
vt 0.305556 0.000000 1.000000
vt 0.361111 0.000000 1.000000
vt 0.416667 0.000000 1.000000
vt 0.472222 0.000000 1.000000
vt 0.527778 0.000000 1.000000
vt 0.583333 0.000000 1.000000
vt 0.638889 0.000000 1.000000
vt 0.694444 0.000000 1.000000
vt 0.750000 1.000000 1.000000
vt 0.805556 1.000000 1.000000
vt 0.861111 1.000000 1.000000
vt 0.916667 1.000000 1.000000
vt 0.972222 1.000000 1.000000
vt 0.027778 1.000000 1.000000
vt 0.083333 1.000000 1.000000
vt 0.138889 1.000000 1.000000
vt 0.194444 1.000000 1.000000
vt 0.250000 1.000000 1.000000
vt 0.305556 1.000000 1.000000
vt 0.361111 1.000000 1.000000
vt 0.416667 1.000000 1.000000
vt 0.472222 1.000000 1.000000
vt 0.527778 1.000000 1.000000
vt 0.583333 1.000000 1.000000
vt 0.638889 1.000000 1.000000
vt 0.694444 1.000000 1.000000
vt -0.027778 0.000000 1.000000
vt -0.027778 1.000000 1.000000
vt 0.970821 0.000000 0.879385
vt 0.912631 0.000000 0.652704
vt 0.804673 0.000000 0.347297
vt 0.659966 0.000000 0.000000
vt 0.495965 0.000000 -0.347296
vt 0.332451 0.000000 -0.652704
vt 0.189145 0.000000 -0.879386
vt 0.083334 0.000000 -1.000001
vt 0.027778 0.000000 -1.000002
vt 0.029179 0.000000 -0.879387
vt 0.087368 0.000000 -0.652706
vt 0.195326 0.000000 -0.347299
vt 0.340032 0.000000 -0.000002
vt 0.970821 1.000000 0.879385
vt 0.912631 1.000000 0.652704
vt 0.804673 1.000000 0.347297
vt 0.659966 1.000000 0.000000
vt 0.495965 1.000000 -0.347296
vt 0.332450 1.000000 -0.652703
vt 0.189145 1.000000 -0.879385
vt 0.083333 1.000000 -1.000000
vt 0.027778 1.000000 -1.000000
vt 0.029179 1.000000 -0.879385
vt 0.087368 1.000000 -0.652704
vt 0.195327 1.000000 -0.347297
vt 0.805556 0.000000 1.000000
vt 0.750000 0.000000 1.000000
vt 0.340032 0.000000 -0.000002
vt 0.195326 0.000000 -0.347299
vt 0.087368 0.000000 -0.652706
vt 0.029179 0.000000 -0.879387
vt 0.027778 0.000000 -1.000002
vt 0.083334 0.000000 -1.000001
vt 0.189145 0.000000 -0.879386
vt 0.332451 0.000000 -0.652704
vt 0.495965 0.000000 -0.347296
vt 0.659966 0.000000 0.000000
vt 0.804673 0.000000 0.347297
vt 0.912631 0.000000 0.652704
vt 0.970821 0.000000 0.879385
vt 0.972222 0.000000 1.000000
vt 0.916667 0.000000 1.000000
vt 0.861111 0.000000 1.000000
vt 0.805556 0.000000 1.000000
vt 0.750000 0.000000 1.000000
vt 0.340032 0.000000 -0.000002
vt 0.195326 0.000000 -0.347299
vt 0.087368 0.000000 -0.652706
vt 0.029179 0.000000 -0.879387
vt 0.027778 0.000000 -1.000002
vt 0.083334 0.000000 -1.000001
vt 0.189145 0.000000 -0.879386
vt 0.332451 0.000000 -0.652704
vt 0.495965 0.000000 -0.347296
vt 0.659966 0.000000 0.000000
vt 0.804673 0.000000 0.347297
vt 0.912631 0.000000 0.652704
vt 0.970821 0.000000 0.879385
vt 0.972222 0.000000 1.000000
vt 0.916667 0.000000 1.000000
vt 0.861111 0.000000 1.000000
# 99 texture coords

o Cylinder004
g Cylinder004
f 1032/1183 1033/1184 1034/1185 1035/1186 1036/1187 1037/1188 1038/1189 1039/1190 1040/1191 1041/1192 1042/1193 1043/1194 1044/1195 1045/1196 1046/1197 1047/1198 1030/1181 1031/1182 
f 976/1100 977/1101 995/1119 994/1118 
f 977/1101 978/1102 996/1120 995/1119 
f 978/1102 979/1103 997/1121 996/1120 
f 979/1103 980/1104 998/1122 997/1121 
f 980/1136 981/1105 999/1123 998/1137 
f 981/1105 982/1106 1000/1124 999/1123 
f 982/1106 983/1107 1001/1125 1000/1124 
f 983/1107 984/1108 1002/1126 1001/1125 
f 984/1108 985/1109 1003/1127 1002/1126 
f 985/1109 986/1110 1004/1128 1003/1127 
f 986/1110 987/1111 1005/1129 1004/1128 
f 987/1111 988/1112 1006/1130 1005/1129 
f 988/1112 989/1113 1007/1131 1006/1130 
f 989/1113 990/1114 1008/1132 1007/1131 
f 990/1114 991/1115 1009/1133 1008/1132 
f 991/1115 992/1116 1010/1134 1009/1133 
f 992/1116 993/1117 1011/1135 1010/1134 
f 993/1117 976/1100 994/1118 1011/1135 
f 1011/1135 994/1118 995/1119 996/1120 997/1121 998/1122 999/1151 1000/1152 1001/1153 1002/1154 1003/1155 1004/1156 1005/1157 1006/1158 1007/1159 1008/1160 1009/1161 1010/1162 
f 977/1101 976/1100 1013/1164 1012/1163 
f 976/1100 993/1150 1014/1165 1013/1164 
f 993/1150 992/1149 1015/1166 1014/1165 
f 992/1149 991/1148 1016/1167 1015/1166 
f 991/1148 990/1147 1017/1168 1016/1167 
f 990/1147 989/1146 1018/1169 1017/1168 
f 989/1146 988/1145 1019/1170 1018/1169 
f 988/1145 987/1144 1020/1171 1019/1170 
f 987/1144 986/1143 1021/1172 1020/1171 
f 986/1143 985/1142 1022/1173 1021/1172 
f 985/1142 984/1141 1023/1174 1022/1173 
f 984/1141 983/1140 1024/1175 1023/1174 
f 983/1140 982/1139 1025/1176 1024/1175 
f 982/1139 981/1138 1026/1177 1025/1176 
f 981/1138 980/1104 1027/1178 1026/1177 
f 980/1104 979/1103 1028/1179 1027/1178 
f 979/1103 978/1102 1029/1180 1028/1179 
f 978/1102 977/1101 1012/1163 1029/1180 
f 1012/1163 1013/1164 1031/1182 1030/1181 
f 1013/1164 1014/1165 1032/1183 1031/1182 
f 1014/1165 1015/1166 1033/1184 1032/1183 
f 1015/1166 1016/1167 1034/1185 1033/1184 
f 1016/1167 1017/1168 1035/1186 1034/1185 
f 1017/1168 1018/1169 1036/1187 1035/1186 
f 1018/1169 1019/1170 1037/1188 1036/1187 
f 1019/1170 1020/1171 1038/1189 1037/1188 
f 1020/1171 1021/1172 1039/1190 1038/1189 
f 1021/1172 1022/1173 1040/1191 1039/1190 
f 1022/1173 1023/1174 1041/1192 1040/1191 
f 1023/1174 1024/1175 1042/1193 1041/1192 
f 1024/1175 1025/1176 1043/1194 1042/1193 
f 1025/1176 1026/1177 1044/1195 1043/1194 
f 1026/1177 1027/1178 1045/1196 1044/1195 
f 1027/1178 1028/1179 1046/1197 1045/1196 
f 1028/1179 1029/1180 1047/1198 1046/1197 
f 1029/1180 1012/1163 1030/1181 1047/1198 
# 56 polygons

#
# object Box042
#

v  26.701181 2.400777 14.887887
v  32.124210 2.400777 14.887887
v  26.701181 2.400777 11.548453
v  32.124210 2.400777 11.548453
v  26.701181 3.004391 14.887887
v  32.124210 3.004391 14.887887
v  26.701181 3.004391 11.548453
v  32.124210 3.004391 11.548453
v  27.045622 2.400777 11.548453
v  27.045622 2.400777 14.887887
v  27.045622 3.004391 14.887887
v  27.045622 3.004391 11.548453
v  31.779772 2.400777 11.548453
v  31.779772 2.400777 14.887887
v  31.779772 3.004391 14.887887
v  31.779772 3.004391 11.548453
v  26.701181 2.400777 14.551437
v  32.124210 2.400777 14.551437
v  32.124210 3.004391 14.551437
v  26.701181 3.004391 14.551437
v  27.045622 2.400777 11.884903
v  27.045622 3.004391 14.551437
v  31.779772 2.400777 11.884903
v  31.779772 3.004391 14.551437
v  26.701181 2.400777 11.884903
v  32.124210 2.400777 11.884903
v  32.124210 3.004391 11.884903
v  26.701181 3.004391 11.884903
v  27.045622 2.400777 14.551437
v  27.045622 3.004391 11.884903
v  31.779772 2.400777 14.551437
v  31.779772 3.004391 11.884903
v  26.701181 0.876421 14.887887
v  26.701181 0.876421 14.551437
v  27.045622 0.876421 14.551437
v  27.045622 0.876421 14.887887
v  32.124210 0.876421 11.548453
v  32.124210 0.876421 11.884903
v  31.779772 0.876421 11.884903
v  31.779772 0.876421 11.548453
v  26.701181 0.876421 11.548453
v  27.045622 0.876421 11.548453
v  27.045622 0.876421 11.884903
v  26.701181 0.876421 11.884903
v  32.124210 0.876421 14.887887
v  31.779772 0.876421 14.887887
v  31.779772 0.876421 14.551437
v  32.124210 0.876421 14.551437
# 48 vertices

vt 1.000000 0.000000 0.000000
vt 0.000000 0.000000 0.000000
vt 1.000000 1.000000 0.000000
vt 0.000000 1.000000 0.000000
vt 0.000000 0.000000 0.000000
vt 1.000000 0.000000 0.000000
vt 0.000000 1.000000 0.000000
vt 1.000000 1.000000 0.000000
vt 0.000000 0.000000 0.000000
vt 1.000000 0.000000 0.000000
vt 0.000000 1.000000 0.000000
vt 1.000000 1.000000 0.000000
vt 0.000000 0.000000 0.000000
vt 1.000000 0.000000 0.000000
vt 0.000000 1.000000 0.000000
vt 1.000000 1.000000 0.000000
vt 0.000000 0.000000 0.000000
vt 1.000000 0.000000 0.000000
vt 0.000000 1.000000 0.000000
vt 1.000000 1.000000 0.000000
vt 0.000000 0.000000 0.000000
vt 1.000000 0.000000 0.000000
vt 0.000000 1.000000 0.000000
vt 1.000000 1.000000 0.000000
vt 0.936486 1.000000 0.000000
vt 0.936486 0.000000 0.000000
vt 0.936486 0.000000 0.000000
vt 0.063514 0.000000 0.000000
vt 0.063514 0.000000 0.000000
vt 0.063514 1.000000 0.000000
vt 0.063514 1.000000 0.000000
vt 0.936486 1.000000 0.000000
vt 0.063514 1.000000 0.000000
vt 0.063514 0.000000 0.000000
vt 0.063514 0.000000 0.000000
vt 0.936486 0.000000 0.000000
vt 0.936486 0.000000 0.000000
vt 0.936486 1.000000 0.000000
vt 0.936486 1.000000 0.000000
vt 0.063514 1.000000 0.000000
vt 1.000000 0.100751 0.000000
vt 0.899249 0.000000 0.000000
vt 0.000000 0.100751 0.000000
vt 0.100751 0.000000 0.000000
vt 1.000000 0.100751 0.000000
vt 0.100751 1.000000 0.000000
vt 0.000000 0.100751 0.000000
vt 0.899249 1.000000 0.000000
vt 0.936486 0.899249 0.000000
vt 0.063514 0.100751 0.000000
vt 0.063514 0.899249 0.000000
vt 0.936486 0.100751 0.000000
vt 1.000000 0.899249 0.000000
vt 0.100751 0.000000 0.000000
vt 0.000000 0.899249 0.000000
vt 0.899249 0.000000 0.000000
vt 1.000000 0.899249 0.000000
vt 0.899249 1.000000 0.000000
vt 0.000000 0.899249 0.000000
vt 0.100751 1.000000 0.000000
vt 0.936486 0.100751 0.000000
vt 0.063514 0.899249 0.000000
vt 0.063514 0.100751 0.000000
vt 0.936486 0.899249 0.000000
vt 1.000000 0.000000 0.000000
vt 1.000000 0.100751 0.000000
vt 0.936486 0.100751 0.000000
vt 0.936486 0.000000 0.000000
vt 0.000000 1.000000 0.000000
vt 0.000000 0.899249 0.000000
vt 0.063514 0.899249 0.000000
vt 0.063514 1.000000 0.000000
vt 1.000000 1.000000 0.000000
vt 0.936486 1.000000 0.000000
vt 0.936486 0.899249 0.000000
vt 1.000000 0.899249 0.000000
vt 0.000000 0.000000 0.000000
vt 0.063514 0.000000 0.000000
vt 0.063514 0.100751 0.000000
vt 0.000000 0.100751 0.000000
# 80 texture coords

o Box042
g Box042
f 1080/1263 1081/1264 1082/1265 1083/1266 
f 1052/1203 1058/1227 1069/1248 1067/1245 
f 1048/1207 1057/1226 1058/1228 1052/1209 
f 1049/1211 1065/1242 1066/1244 1053/1213 
f 1051/1215 1060/1232 1063/1238 1055/1217 
f 1050/1219 1072/1252 1075/1258 1054/1221 
f 1087/1270 1084/1267 1085/1268 1086/1269 
f 1062/1235 1053/1204 1066/1243 1071/1250 
f 1061/1234 1049/1208 1053/1210 1062/1236 
f 1056/1224 1050/1216 1054/1218 1059/1230 
f 1056/1223 1060/1231 1070/1249 1068/1247 
f 1058/1227 1062/1235 1071/1250 1069/1248 
f 1057/1226 1061/1234 1062/1236 1058/1228 
f 1060/1232 1056/1224 1059/1230 1063/1238 
f 1091/1274 1088/1271 1089/1272 1090/1273 
f 1077/1260 1059/1229 1054/1205 1075/1257 
f 1073/1254 1051/1212 1055/1214 1074/1256 
f 1064/1240 1048/1220 1052/1222 1067/1246 
f 1095/1278 1092/1275 1093/1276 1094/1277 
f 1074/1255 1055/1206 1063/1237 1079/1262 
f 1078/1261 1061/1233 1057/1225 1076/1259 
f 1079/1262 1063/1237 1059/1229 1077/1260 
f 1064/1239 1072/1251 1068/1247 1076/1259 
f 1069/1248 1077/1260 1075/1257 1067/1245 
f 1065/1242 1073/1254 1074/1256 1066/1244 
f 1072/1252 1064/1240 1067/1246 1075/1258 
f 1073/1253 1065/1241 1078/1261 1070/1249 
f 1066/1243 1074/1255 1079/1262 1071/1250 
f 1070/1249 1078/1261 1076/1259 1068/1247 
f 1071/1250 1079/1262 1077/1260 1069/1248 
f 1048/1199 1064/1239 1081/1264 1080/1263 
f 1064/1239 1076/1259 1082/1265 1081/1264 
f 1076/1259 1057/1225 1083/1266 1082/1265 
f 1057/1225 1048/1199 1080/1263 1083/1266 
f 1051/1202 1073/1253 1085/1268 1084/1267 
f 1073/1253 1070/1249 1086/1269 1085/1268 
f 1070/1249 1060/1231 1087/1270 1086/1269 
f 1060/1231 1051/1202 1084/1267 1087/1270 
f 1050/1201 1056/1223 1089/1272 1088/1271 
f 1056/1223 1068/1247 1090/1273 1089/1272 
f 1068/1247 1072/1251 1091/1274 1090/1273 
f 1072/1251 1050/1201 1088/1271 1091/1274 
f 1049/1200 1061/1233 1093/1276 1092/1275 
f 1061/1233 1078/1261 1094/1277 1093/1276 
f 1078/1261 1065/1241 1095/1278 1094/1277 
f 1065/1241 1049/1200 1092/1275 1095/1278 
# 46 polygons

#
# object Cylinder005
#

v  31.554173 9.366943 36.954399
v  31.426205 9.366943 36.228657
v  31.057735 9.366943 35.590450
v  30.493208 9.366943 35.116756
v  29.800714 9.366943 34.864708
v  29.063776 9.366943 34.864708
v  28.371281 9.366943 35.116756
v  27.806755 9.366943 35.590450
v  27.438286 9.366943 36.228657
v  27.310318 9.366943 36.954399
v  27.438286 9.366943 37.680141
v  27.806755 9.366943 38.318348
v  28.371281 9.366943 38.792042
v  29.063776 9.366943 39.044090
v  29.800713 9.366943 39.044090
v  30.493208 9.366943 38.792042
v  31.057735 9.366943 38.318348
v  31.426205 9.366943 37.680141
v  30.408373 10.814926 36.954399
v  30.349504 10.814926 36.620544
v  30.180002 10.814926 36.326958
v  29.920309 10.814926 36.109047
v  29.601748 10.814926 35.993099
v  29.262743 10.814926 35.993099
v  28.944181 10.814926 36.109047
v  28.684488 10.814926 36.326958
v  28.514986 10.814926 36.620544
v  28.456118 10.814926 36.954399
v  28.514986 10.814926 37.288254
v  28.684488 10.814926 37.581841
v  28.944181 10.814926 37.799751
v  29.262743 10.814926 37.915699
v  29.601748 10.814926 37.915699
v  29.920309 10.814926 37.799751
v  30.180002 10.814926 37.581841
v  30.349504 10.814926 37.288254
v  31.160355 9.366943 36.325420
v  31.271261 9.366943 36.954399
v  31.160355 9.366943 37.583382
v  30.841011 9.366943 38.136497
v  30.351751 9.366943 38.547035
v  29.751587 9.366943 38.765476
v  29.112904 9.366943 38.765476
v  28.512737 9.366943 38.547031
v  28.023478 9.366943 38.136494
v  27.704136 9.366943 37.583378
v  27.593229 9.366943 36.954399
v  27.704136 9.366943 36.325420
v  28.023478 9.366943 35.772305
v  28.512737 9.366943 35.361767
v  29.112904 9.366943 35.143322
v  29.751587 9.366943 35.143322
v  30.351753 9.366943 35.361763
v  30.841013 9.366943 35.772305
v  30.190084 10.660173 36.678570
v  30.238720 10.660173 36.954399
v  30.190084 10.660173 37.230232
v  30.050041 10.660173 37.472790
v  29.835482 10.660173 37.652828
v  29.572289 10.660173 37.748623
v  29.292202 10.660173 37.748623
v  29.029007 10.660173 37.652828
v  28.814449 10.660173 37.472790
v  28.674406 10.660173 37.230228
v  28.625771 10.660173 36.954399
v  28.674406 10.660173 36.678570
v  28.814449 10.660173 36.436008
v  29.029007 10.660173 36.255970
v  29.292202 10.660173 36.160175
v  29.572289 10.660173 36.160175
v  29.835484 10.660173 36.255970
v  30.050041 10.660173 36.436008
# 72 vertices

vt 0.750000 0.000000 1.000000
vt 0.805556 0.000000 1.000000
vt 0.861111 0.000000 1.000000
vt 0.916667 0.000000 1.000000
vt 0.972222 0.000000 1.000000
vt 0.027778 0.000000 1.000000
vt 0.083333 0.000000 1.000000
vt 0.138889 0.000000 1.000000
vt 0.194444 0.000000 1.000000
vt 0.250000 0.000000 1.000000
vt 0.305556 0.000000 1.000000
vt 0.361111 0.000000 1.000000
vt 0.416667 0.000000 1.000000
vt 0.472222 0.000000 1.000000
vt 0.527778 0.000000 1.000000
vt 0.583333 0.000000 1.000000
vt 0.638889 0.000000 1.000000
vt 0.694444 0.000000 1.000000
vt 0.750000 1.000000 1.000000
vt 0.805556 1.000000 1.000000
vt 0.861111 1.000000 1.000000
vt 0.916667 1.000000 1.000000
vt 0.972222 1.000000 1.000000
vt 0.027778 1.000000 1.000000
vt 0.083333 1.000000 1.000000
vt 0.138889 1.000000 1.000000
vt 0.194444 1.000000 1.000000
vt 0.250000 1.000000 1.000000
vt 0.305556 1.000000 1.000000
vt 0.361111 1.000000 1.000000
vt 0.416667 1.000000 1.000000
vt 0.472222 1.000000 1.000000
vt 0.527778 1.000000 1.000000
vt 0.583333 1.000000 1.000000
vt 0.638889 1.000000 1.000000
vt 0.694444 1.000000 1.000000
vt -0.027778 0.000000 1.000000
vt -0.027778 1.000000 1.000000
vt 0.970821 0.000000 0.879385
vt 0.912631 0.000000 0.652704
vt 0.804673 0.000000 0.347297
vt 0.659966 0.000000 0.000000
vt 0.495965 0.000000 -0.347296
vt 0.332451 0.000000 -0.652704
vt 0.189145 0.000000 -0.879386
vt 0.083334 0.000000 -1.000001
vt 0.027778 0.000000 -1.000002
vt 0.029179 0.000000 -0.879387
vt 0.087368 0.000000 -0.652706
vt 0.195326 0.000000 -0.347299
vt 0.340032 0.000000 -0.000002
vt 0.970821 1.000000 0.879385
vt 0.912631 1.000000 0.652704
vt 0.804673 1.000000 0.347297
vt 0.659966 1.000000 0.000000
vt 0.495965 1.000000 -0.347296
vt 0.332450 1.000000 -0.652703
vt 0.189145 1.000000 -0.879385
vt 0.083333 1.000000 -1.000000
vt 0.027778 1.000000 -1.000000
vt 0.029179 1.000000 -0.879385
vt 0.087368 1.000000 -0.652704
vt 0.195327 1.000000 -0.347297
vt 0.805556 0.000000 1.000000
vt 0.750000 0.000000 1.000000
vt 0.340032 0.000000 -0.000002
vt 0.195326 0.000000 -0.347299
vt 0.087368 0.000000 -0.652706
vt 0.029179 0.000000 -0.879387
vt 0.027778 0.000000 -1.000002
vt 0.083334 0.000000 -1.000001
vt 0.189145 0.000000 -0.879386
vt 0.332451 0.000000 -0.652704
vt 0.495965 0.000000 -0.347296
vt 0.659966 0.000000 0.000000
vt 0.804673 0.000000 0.347297
vt 0.912631 0.000000 0.652704
vt 0.970821 0.000000 0.879385
vt 0.972222 0.000000 1.000000
vt 0.916667 0.000000 1.000000
vt 0.861111 0.000000 1.000000
vt 0.805556 0.000000 1.000000
vt 0.750000 0.000000 1.000000
vt 0.340032 0.000000 -0.000002
vt 0.195326 0.000000 -0.347299
vt 0.087368 0.000000 -0.652706
vt 0.029179 0.000000 -0.879387
vt 0.027778 0.000000 -1.000002
vt 0.083334 0.000000 -1.000001
vt 0.189145 0.000000 -0.879386
vt 0.332451 0.000000 -0.652704
vt 0.495965 0.000000 -0.347296
vt 0.659966 0.000000 0.000000
vt 0.804673 0.000000 0.347297
vt 0.912631 0.000000 0.652704
vt 0.970821 0.000000 0.879385
vt 0.972222 0.000000 1.000000
vt 0.916667 0.000000 1.000000
vt 0.861111 0.000000 1.000000
# 99 texture coords

o Cylinder005
g Cylinder005
f 1152/1362 1153/1363 1154/1364 1155/1365 1156/1366 1157/1367 1158/1368 1159/1369 1160/1370 1161/1371 1162/1372 1163/1373 1164/1374 1165/1375 1166/1376 1167/1377 1150/1360 1151/1361 
f 1096/1279 1097/1280 1115/1298 1114/1297 
f 1097/1280 1098/1281 1116/1299 1115/1298 
f 1098/1281 1099/1282 1117/1300 1116/1299 
f 1099/1282 1100/1283 1118/1301 1117/1300 
f 1100/1315 1101/1284 1119/1302 1118/1316 
f 1101/1284 1102/1285 1120/1303 1119/1302 
f 1102/1285 1103/1286 1121/1304 1120/1303 
f 1103/1286 1104/1287 1122/1305 1121/1304 
f 1104/1287 1105/1288 1123/1306 1122/1305 
f 1105/1288 1106/1289 1124/1307 1123/1306 
f 1106/1289 1107/1290 1125/1308 1124/1307 
f 1107/1290 1108/1291 1126/1309 1125/1308 
f 1108/1291 1109/1292 1127/1310 1126/1309 
f 1109/1292 1110/1293 1128/1311 1127/1310 
f 1110/1293 1111/1294 1129/1312 1128/1311 
f 1111/1294 1112/1295 1130/1313 1129/1312 
f 1112/1295 1113/1296 1131/1314 1130/1313 
f 1113/1296 1096/1279 1114/1297 1131/1314 
f 1131/1314 1114/1297 1115/1298 1116/1299 1117/1300 1118/1301 1119/1330 1120/1331 1121/1332 1122/1333 1123/1334 1124/1335 1125/1336 1126/1337 1127/1338 1128/1339 1129/1340 1130/1341 
f 1097/1280 1096/1279 1133/1343 1132/1342 
f 1096/1279 1113/1329 1134/1344 1133/1343 
f 1113/1329 1112/1328 1135/1345 1134/1344 
f 1112/1328 1111/1327 1136/1346 1135/1345 
f 1111/1327 1110/1326 1137/1347 1136/1346 
f 1110/1326 1109/1325 1138/1348 1137/1347 
f 1109/1325 1108/1324 1139/1349 1138/1348 
f 1108/1324 1107/1323 1140/1350 1139/1349 
f 1107/1323 1106/1322 1141/1351 1140/1350 
f 1106/1322 1105/1321 1142/1352 1141/1351 
f 1105/1321 1104/1320 1143/1353 1142/1352 
f 1104/1320 1103/1319 1144/1354 1143/1353 
f 1103/1319 1102/1318 1145/1355 1144/1354 
f 1102/1318 1101/1317 1146/1356 1145/1355 
f 1101/1317 1100/1283 1147/1357 1146/1356 
f 1100/1283 1099/1282 1148/1358 1147/1357 
f 1099/1282 1098/1281 1149/1359 1148/1358 
f 1098/1281 1097/1280 1132/1342 1149/1359 
f 1132/1342 1133/1343 1151/1361 1150/1360 
f 1133/1343 1134/1344 1152/1362 1151/1361 
f 1134/1344 1135/1345 1153/1363 1152/1362 
f 1135/1345 1136/1346 1154/1364 1153/1363 
f 1136/1346 1137/1347 1155/1365 1154/1364 
f 1137/1347 1138/1348 1156/1366 1155/1365 
f 1138/1348 1139/1349 1157/1367 1156/1366 
f 1139/1349 1140/1350 1158/1368 1157/1367 
f 1140/1350 1141/1351 1159/1369 1158/1368 
f 1141/1351 1142/1352 1160/1370 1159/1369 
f 1142/1352 1143/1353 1161/1371 1160/1370 
f 1143/1353 1144/1354 1162/1372 1161/1371 
f 1144/1354 1145/1355 1163/1373 1162/1372 
f 1145/1355 1146/1356 1164/1374 1163/1373 
f 1146/1356 1147/1357 1165/1375 1164/1374 
f 1147/1357 1148/1358 1166/1376 1165/1375 
f 1148/1358 1149/1359 1167/1377 1166/1376 
f 1149/1359 1132/1342 1150/1360 1167/1377 
# 56 polygons

#
# object Object001
#

v  17.864311 0.797368 13.963043
v  17.864311 11.068001 13.963043
v  16.962696 11.068001 0.808319
v  17.864311 11.068001 0.808319
v  17.864311 0.797368 0.808319
v  16.962696 0.797368 0.808319
v  0.615202 11.068001 13.963043
v  0.615202 11.068001 13.049896
v  0.615202 0.797368 13.049896
v  0.615202 0.797368 13.963043
v  16.962696 0.797368 13.049896
v  16.962696 11.068001 13.049896
v  16.212391 9.000847 13.049896
v  16.212391 9.000847 13.963043
v  11.012920 9.000847 13.049896
v  11.012920 9.000847 13.963043
v  16.212391 0.797368 13.049896
v  16.212391 0.797368 13.963043
v  11.012920 0.797368 13.049896
v  11.012920 0.797368 13.963043
# 20 vertices

vt 0.250000 0.981250 0.000000
vt 0.750000 0.981250 0.000000
vt 0.250000 0.981250 0.000000
vt 0.250000 0.981250 0.000000
vt 0.250000 0.981250 0.000000
vt 0.250000 0.981250 0.000000
vt 0.250000 0.981250 0.000000
vt 0.750000 0.981250 0.000000
vt 0.750000 0.981250 0.000000
vt 0.750000 0.981250 0.000000
vt 0.750000 0.981250 0.000000
vt 0.750000 0.981250 0.000000
vt 0.250000 0.981250 0.000000
vt 0.250000 0.981250 0.000000
vt 0.250000 0.981250 0.000000
vt 0.250000 0.981250 0.000000
vt 0.250000 0.981250 0.000000
vt 0.250000 0.981250 0.000000
vt 0.250000 0.981250 0.000000
vt 0.250000 0.981250 0.000000
vt 0.250000 0.981250 0.000000
vt 0.250000 0.981250 0.000000
vt 0.250000 0.981250 0.000000
vt 0.250000 0.981250 0.000000
vt 0.250000 0.981250 0.000000
vt 0.250000 0.981250 0.000000
vt 0.250000 0.981250 0.000000
vt 0.298114 1.000000 0.000000
vt 0.744347 0.029111 0.000000
vt 0.298114 0.029111 0.000000
vt 1.000000 0.702117 0.000000
vt -0.000000 0.255653 0.000000
vt -0.000000 0.701886 0.000000
vt 0.255885 1.000000 0.000000
vt 0.702117 0.029111 0.000000
vt 0.255884 0.029111 0.000000
vt 0.750000 0.981250 0.000000
vt 0.250000 0.981250 0.000000
vt -0.166089 0.981250 0.000000
vt -0.166089 0.981250 0.000000
vt 0.250000 0.981251 0.000000
vt 0.750000 0.981250 0.000000
vt 0.250000 0.981250 0.000000
vt 0.250000 0.981250 0.000000
vt 0.250000 0.981251 0.000000
vt 0.250000 0.981250 0.000000
vt 0.250000 0.981250 0.000000
vt 0.250000 0.981250 0.000000
vt 0.250000 0.981250 0.000000
vt 0.250000 0.981250 0.000000
vt 0.250000 0.981250 0.000000
vt 0.250000 0.981250 0.000000
vt 0.250000 0.981250 0.000000
vt 0.250000 0.981250 0.000000
vt 0.250000 0.981250 0.000000
vt 0.250000 0.981250 0.000000
vt 0.250000 0.981250 0.000000
vt 0.744347 1.000000 0.000000
vt 1.000000 0.255884 0.000000
vt 0.702118 1.000000 0.000000
# 60 texture coords

o Object001
g Object001
f 1170/1378 1171/1414 1172/1379 1173/1380 
f 1175/1381 1176/1415 1177/1382 1174/1383 
f 1171/1387 1169/1419 1168/1388 1172/1389 
f 1170/1390 1173/1420 1178/1391 1179/1392 
f 1177/1396 1176/1424 1186/1397 1187/1398 
f 1182/1405 1183/1435 1187/1406 1186/1407 
f 1180/1408 1181/1436 1183/1409 1182/1410 
f 1181/1411 1180/1437 1184/1412 1185/1413 
f 1178/1384 1168/1386 1185/1416 1184/1417 
f 1179/1393 1169/1395 1171/1421 1170/1422 
f 1180/1425 1179/1428 1178/1426 1184/1427 
f 1168/1430 1169/1433 1181/1431 1185/1432 
f 1182/1399 1186/1429 1176/1400 1175/1401 
f 1174/1434 1177/1403 1187/1404 1183/1402 
f 1169/1433 1174/1434 1183/1402 1181/1431 
f 1180/1425 1182/1399 1175/1401 1179/1428 
f 1179/1393 1175/1423 1174/1394 1169/1395 
f 1178/1384 1173/1418 1172/1385 1168/1386 
# 18 polygons

#
# object Object002
#

v  14.538207 0.797368 21.443604
v  14.538206 11.068284 21.443604
v  14.538206 11.068284 32.632202
v  14.538207 0.797368 32.632324
v  0.615202 11.068284 21.443542
v  0.615202 11.068284 22.356720
v  0.615202 0.797368 22.356720
v  0.615202 0.797368 21.443573
v  13.636592 0.797368 22.356720
v  13.636591 11.068284 22.356720
v  13.636591 11.068284 31.731628
v  13.636592 0.797368 31.731750
v  0.500458 11.068284 32.632202
v  0.500458 0.797368 32.632324
v  0.500458 0.797368 31.731750
v  0.500458 11.068284 31.731628
v  13.636591 9.000847 22.734955
v  14.538206 9.000847 22.734924
v  13.636591 9.000847 27.934387
v  14.538206 9.000847 27.934387
v  13.636592 0.797368 22.734955
v  14.538207 0.797368 22.734924
v  13.636592 0.797368 27.934387
v  14.538207 0.797368 27.934387
# 24 vertices

vt 0.250000 0.981250 0.000000
vt 0.250000 0.981250 0.000000
vt 0.250000 0.981250 0.000000
vt 0.250000 0.981250 0.000000
vt 0.250000 0.981250 0.000000
vt 0.250000 0.981250 0.000000
vt 0.250000 0.981250 0.000000
vt 0.250000 0.981250 0.000000
vt 0.250000 0.981250 0.000000
vt 0.250000 0.981250 0.000000
vt 0.250000 0.981250 0.000000
vt 0.250000 0.981250 0.000000
vt 0.250000 0.981250 0.000000
vt 0.250000 0.981250 0.000000
vt 0.250000 0.981250 0.000000
vt 0.250000 0.981250 0.000000
vt 0.250000 0.981250 0.000000
vt 0.250000 0.981250 0.000000
vt 0.250000 0.981250 0.000000
vt 0.250000 0.981250 0.000000
vt 0.250000 0.981250 0.000000
vt 0.250000 0.981250 0.000000
vt 0.250000 0.981250 0.000000
vt 0.250000 0.981250 0.000000
vt 0.250000 0.981250 0.000000
vt 0.250000 0.981250 0.000000
vt 0.250000 0.981250 0.000000
vt 0.250000 0.981250 0.000000
vt 0.250000 0.981250 0.000000
vt 0.250000 0.981250 0.000000
vt 0.750000 0.981250 0.000000
vt 0.750000 0.981250 0.000000
vt 0.750000 0.981250 0.000000
vt 0.690536 1.000000 0.000000
vt 0.249936 0.029111 0.000000
vt 0.690536 0.029111 0.000000
vt 0.000003 0.309465 0.000000
vt 1.000000 0.750064 0.000000
vt 0.000003 0.750065 0.000000
vt 0.309464 1.000000 0.000000
vt 0.750063 0.029111 0.000000
vt 0.750064 1.000000 0.000000
vt 0.250000 0.981250 0.000000
vt 0.250000 0.981250 0.000000
vt 0.250000 0.981250 0.000000
vt 0.250000 0.981250 0.000000
vt 0.250000 0.981250 0.000000
vt 0.250000 0.981250 0.000000
vt 0.250000 0.981250 0.000000
vt 0.250000 0.981250 0.000000
vt 0.250000 0.981250 0.000000
vt 0.250000 0.981250 0.000000
vt 0.250000 0.981250 0.000000
vt 0.250000 0.981250 0.000000
vt 0.250000 0.981250 0.000000
vt 0.250000 0.981249 0.000000
vt 0.250000 0.981249 0.000000
vt 0.250000 0.981250 0.000000
vt 0.250000 0.981250 0.000000
vt 0.250000 0.981250 0.000000
vt 0.250000 0.981250 0.000000
vt 0.250000 0.981250 0.000000
vt 0.250000 0.981250 0.000000
vt 0.250000 0.981250 0.000000
vt 0.750000 0.981250 0.000000
vt 0.750000 0.981250 0.000000
vt 0.750000 0.981250 0.000000
vt 0.750000 0.981250 0.000000
vt 0.750000 0.981250 0.000000
vt 0.249935 1.000000 0.000000
vt 1.000004 0.309464 0.000000
vt 0.309463 0.029111 0.000000
# 72 texture coords

o Object002
g Object002
f 1192/1440 1195/1439 1194/1480 1193/1438 
f 1192/1443 1189/1442 1188/1481 1195/1441 
f 1193/1446 1194/1445 1196/1482 1197/1444 
f 1203/1452 1202/1451 1201/1486 1200/1450 
f 1191/1455 1190/1454 1200/1487 1201/1453 
f 1199/1461 1202/1460 1203/1491 1198/1459 
f 1211/1473 1210/1472 1206/1507 1207/1471 
f 1206/1476 1204/1475 1205/1508 1207/1474 
f 1204/1479 1208/1478 1209/1509 1205/1477 
f 1208/1484 1196/1447 1188/1485 1209/1483 
f 1210/1489 1211/1488 1191/1458 1199/1456 
f 1192/1494 1193/1493 1197/1495 1189/1492 
f 1199/1499 1198/1498 1206/1500 1210/1497 
f 1191/1504 1211/1503 1207/1505 1190/1502 
f 1205/1468 1209/1470 1188/1469 1189/1506 
f 1207/1505 1205/1468 1189/1506 1190/1502 
f 1198/1498 1197/1467 1204/1465 1206/1500 
f 1197/1467 1196/1466 1208/1501 1204/1465 
f 1197/1495 1198/1462 1190/1496 1189/1492 
f 1198/1462 1203/1464 1200/1463 1190/1496 
f 1191/1458 1201/1457 1202/1490 1199/1456 
f 1196/1447 1194/1449 1195/1448 1188/1485 
# 22 polygons

#
# object Object003
#

v  22.355999 0.797368 30.099701
v  23.257614 0.797368 30.099701
v  23.257612 11.068284 30.099701
v  22.355997 11.068284 30.099701
v  22.355999 0.797368 41.288422
v  23.257614 0.797368 41.288422
v  23.257612 11.068284 41.288300
v  22.355997 11.068284 41.288300
# 8 vertices

vt 0.250000 0.981250 0.000000
vt 0.750000 0.981250 0.000000
vt 0.750000 0.981250 0.000000
vt 0.250000 0.981250 0.000000
# 4 texture coords

o Object003
g Object003
f 1212/1510 1215/1513 1214/1512 1213/1511 
f 1216/1510 1217/1511 1218/1512 1219/1513 
f 1214/1512 1218/1512 1217/1511 1213/1511 
f 1217/1511 1216/1510 1212/1510 1213/1511 
f 1219/1513 1218/1512 1214/1512 1215/1513 
f 1215/1513 1212/1510 1216/1510 1219/1513 
# 6 polygons

#
# object Object004
#

v  8.814425 0.797368 13.636063
v  8.814425 11.068284 13.636063
v  7.912809 11.068284 13.636063
v  7.912810 0.797368 13.636063
v  7.912809 11.068284 21.672821
v  8.814425 11.068284 21.672821
v  8.814425 0.797368 21.672897
v  7.912810 0.797368 21.672897
v  7.912809 9.000847 18.803391
v  8.814425 9.000847 18.803406
v  7.912809 9.000847 14.438995
v  8.814425 9.000847 14.439011
v  7.912810 0.797368 18.803391
v  8.814425 0.797368 18.803406
v  7.912810 0.797368 14.438995
v  8.814425 0.797368 14.439011
# 16 vertices

vt 0.750000 0.981250 0.000000
vt 0.250000 0.981250 0.000000
vt 0.750000 0.981250 0.000000
vt 0.750000 0.981250 0.000000
vt 0.250000 0.981250 0.000000
vt 0.250000 0.981250 0.000000
vt 0.250000 0.981250 0.000000
vt 0.750000 0.981250 0.000000
vt 0.250000 0.981250 0.000000
vt 0.750000 0.981250 0.000000
vt 0.250000 0.981250 0.000000
vt 0.750000 0.981250 0.000000
vt 0.750000 0.981250 0.000000
vt 0.750000 0.981250 0.000000
vt 0.750000 0.981250 0.000000
vt 0.250000 0.981250 0.000000
vt 0.750000 0.981250 0.000000
vt 0.250000 0.981250 0.000000
vt 0.250000 0.981250 0.000000
vt 0.250000 0.981250 0.000000
vt 0.250000 0.981250 0.000000
vt 0.673449 1.000000 0.000000
vt 0.232849 0.029111 0.000000
vt 0.673449 0.029111 0.000000
vt 1.000000 0.232848 0.000000
vt -0.000001 0.673449 0.000000
vt -0.000006 0.232849 0.000000
vt 0.326551 1.000000 0.000000
vt 0.767150 0.029111 0.000000
vt 0.767151 1.000000 0.000000
vt 0.250000 0.981250 0.000000
vt 0.750000 0.981250 0.000000
vt 0.750000 0.981250 0.000000
vt 0.250000 0.981250 0.000000
vt 0.750000 0.981250 0.000000
vt 0.750000 0.981250 0.000000
vt 0.750000 0.981250 0.000000
vt 0.750000 0.981250 0.000000
vt 0.750000 0.981250 0.000000
vt 0.750000 0.981250 0.000000
vt 0.250000 0.981250 0.000000
vt 0.250000 0.981250 0.000000
vt 0.250000 0.981250 0.000000
vt 0.250000 0.981250 0.000000
vt 0.250000 0.981250 0.000000
vt 0.232849 1.000000 0.000000
vt 1.000004 0.673449 0.000000
vt 0.326550 0.029111 0.000000
# 48 texture coords

o Object004
g Object004
f 1220/1516 1223/1515 1222/1544 1221/1514 
f 1224/1519 1227/1518 1226/1545 1225/1517 
f 1224/1522 1225/1521 1221/1546 1222/1520 
f 1226/1525 1227/1524 1232/1547 1233/1523 
f 1223/1531 1220/1530 1235/1553 1234/1529 
f 1233/1537 1232/1536 1228/1559 1229/1535 
f 1230/1540 1231/1539 1229/1560 1228/1538 
f 1230/1543 1234/1542 1235/1561 1231/1541 
f 1235/1550 1220/1549 1221/1551 1231/1548 
f 1234/1556 1230/1555 1222/1557 1223/1554 
f 1225/1528 1226/1527 1233/1552 1229/1526 
f 1228/1532 1232/1534 1227/1533 1224/1558 
f 1221/1551 1225/1528 1229/1526 1231/1548 
f 1230/1555 1228/1532 1224/1558 1222/1557 
# 14 polygons

#
# object Plane003
#

v  16.206947 9.001234 41.777901
v  16.206947 9.001235 41.449875
v  21.433388 9.001235 41.449875
v  21.432165 9.001234 41.777901
v  16.206949 0.548805 41.777897
v  21.432165 0.548805 41.777901
v  16.206949 0.548801 41.449875
v  21.433388 0.548802 41.449875
# 8 vertices

vt 0.250000 0.000000 0.000000
vt 0.250000 0.031250 0.000000
vt 0.750000 0.031250 0.000000
vt 0.750000 0.000000 0.000000
vt 0.125000 0.000000 0.000000
vt 0.500000 0.000000 0.000000
vt 0.140625 0.031250 0.000000
vt 0.531250 0.031250 0.000000
# 8 texture coords

o Plane003
g Plane003
f 1236/1562 1237/1563 1242/1568 1240/1566 
f 1236/1562 1239/1565 1238/1564 1237/1563 
f 1241/1567 1243/1569 1238/1564 1239/1565 
f 1242/1568 1243/1569 1241/1567 1240/1566 
f 1239/1565 1236/1562 1240/1566 1241/1567 
f 1237/1563 1238/1564 1243/1569 1242/1568 
# 6 polygons

#
# object Object005
#

v  14.222997 9.000847 27.934448
v  13.636590 9.000847 27.934418
v  13.636591 0.797368 27.934418
v  14.222998 0.797368 27.934448
v  14.223000 9.000847 22.734924
v  13.636593 9.000847 22.734985
v  14.223001 0.797369 22.734924
v  13.636594 0.797369 22.734985
# 8 vertices

vt 0.690536 1.000000 0.000000
vt 0.249935 1.000000 0.000000
vt 0.249936 0.029111 0.000000
vt 0.690536 0.029111 0.000000
vt 0.000003 0.309465 0.000000
vt 1.000004 0.309464 0.000000
vt 1.000000 0.750064 0.000000
vt 0.000003 0.750065 0.000000
vt 0.309464 1.000000 0.000000
vt 0.309463 0.029111 0.000000
vt 0.750063 0.029111 0.000000
vt 0.750064 1.000000 0.000000
# 12 texture coords

o Object005
g Object005
f 1245/1571 1246/1572 1247/1573 1244/1570 
f 1248/1575 1249/1576 1245/1577 1244/1574 
f 1250/1579 1251/1580 1249/1581 1248/1578 
f 1247/1573 1246/1572 1251/1577 1250/1576 
f 1248/1574 1244/1570 1247/1573 1250/1576 
f 1245/1571 1249/1575 1251/1577 1246/1572 
# 6 polygons

#
# object Object006
#

v  14.538208 9.000847 27.934448
v  13.636594 9.000847 27.934418
v  13.636595 0.797368 27.934418
v  14.538210 0.797368 27.934448
v  14.538211 9.000847 22.734924
v  13.636596 9.000847 22.734985
v  14.538213 0.797369 22.734924
v  13.636598 0.797369 22.734985
# 8 vertices

vt 0.690536 1.000000 0.000000
vt 0.249935 1.000000 0.000000
vt 0.249936 0.029111 0.000000
vt 0.690536 0.029111 0.000000
vt 0.000003 0.309465 0.000000
vt 1.000004 0.309464 0.000000
vt 1.000000 0.750064 0.000000
vt 0.000003 0.750065 0.000000
vt 0.309464 1.000000 0.000000
vt 0.309463 0.029111 0.000000
vt 0.750063 0.029111 0.000000
vt 0.750064 1.000000 0.000000
# 12 texture coords

o Object006
g Object006
f 1255/1585 1254/1584 1253/1583 1252/1582 
f 1253/1589 1257/1588 1256/1587 1252/1586 
f 1257/1593 1259/1592 1258/1591 1256/1590 
# 3 polygons

#
# object Object007
#

v  8.490628 9.000847 18.805115
v  7.904226 9.000847 18.801575
v  7.904227 0.797369 18.801575
v  8.490629 0.797369 18.805115
v  8.501799 9.000847 14.440765
v  7.915396 9.000847 14.437225
v  8.501799 0.797370 14.440765
v  7.915397 0.797370 14.437225
# 8 vertices

vt 0.673449 1.000000 0.000000
vt 0.232849 1.000000 0.000000
vt 0.232849 0.029111 0.000000
vt 0.673449 0.029111 0.000000
vt 1.000000 0.232848 0.000000
vt 1.000004 0.673449 0.000000
vt -0.000001 0.673449 0.000000
vt -0.000006 0.232849 0.000000
vt 0.326551 1.000000 0.000000
vt 0.326550 0.029111 0.000000
vt 0.767150 0.029111 0.000000
vt 0.767151 1.000000 0.000000
# 12 texture coords

o Object007
g Object007
f 1261/1595 1262/1596 1263/1597 1260/1594 
f 1260/1599 1264/1600 1265/1601 1261/1598 
f 1266/1603 1267/1604 1265/1605 1264/1602 
f 1263/1597 1262/1596 1267/1601 1266/1600 
f 1264/1598 1260/1594 1263/1597 1266/1600 
f 1261/1595 1265/1599 1267/1601 1262/1596 
# 6 polygons

#
# object Object008
#

v  11.012482 9.000847 13.636406
v  11.012512 9.000847 13.050000
v  11.012512 0.797368 13.050001
v  11.012482 0.797368 13.636408
v  16.212006 9.000847 13.636408
v  16.211945 9.000847 13.050001
v  16.212006 0.797369 13.636409
v  16.211945 0.797369 13.050002
# 8 vertices

vt 0.690536 1.000000 0.000000
vt 0.249935 1.000000 0.000000
vt 0.249936 0.029111 0.000000
vt 0.690536 0.029111 0.000000
vt 0.000003 0.309465 0.000000
vt 1.000004 0.309464 0.000000
vt 1.000000 0.750064 0.000000
vt 0.000003 0.750065 0.000000
vt 0.309464 1.000000 0.000000
vt 0.309463 0.029111 0.000000
vt 0.750063 0.029111 0.000000
vt 0.750064 1.000000 0.000000
# 12 texture coords

o Object008
g Object008
f 1269/1607 1270/1608 1271/1609 1268/1606 
f 1272/1611 1273/1612 1269/1613 1268/1610 
f 1274/1615 1275/1616 1273/1617 1272/1614 
f 1271/1609 1270/1608 1275/1613 1274/1612 
f 1272/1610 1268/1606 1271/1609 1274/1612 
f 1269/1607 1273/1611 1275/1613 1270/1608 
# 6 polygons

#
# object Object009
#

v  22.355997 21.390915 41.482071
v  23.261999 21.390915 41.482071
v  23.262001 11.119999 41.482147
v  22.355999 11.119999 41.482132
v  39.100491 11.120047 35.298416
v  39.100487 21.390961 35.298355
v  39.100487 21.390961 34.337402
v  39.100491 11.120047 34.337402
v  22.355997 21.390915 34.337402
v  23.261999 21.390915 35.298355
v  22.355999 11.119999 34.337402
v  23.262001 11.119999 35.298416
v  24.668739 11.120004 35.298416
v  24.668739 11.120006 34.337402
v  29.868210 11.120019 35.298416
v  29.868210 11.120021 34.337402
v  29.868210 19.569450 35.298370
v  29.868210 19.569450 34.337402
v  24.668739 19.569450 35.298370
v  24.668739 19.569450 34.337402
v  34.282127 21.390938 34.337418
v  34.282127 21.390938 35.298355
v  34.282127 11.120033 34.337418
v  34.282127 11.120033 35.298431
# 24 vertices

vt 0.750000 0.981250 0.000000
vt 0.250000 0.981250 0.000000
vt 0.250000 0.981250 0.000000
vt 0.750000 0.981250 0.000000
vt 0.750000 0.981250 0.000000
vt 0.750000 0.981250 0.000000
vt 0.750000 0.981250 0.000000
vt 0.250000 0.981250 0.000000
vt 0.250000 0.981250 0.000000
vt 0.250000 0.981250 0.000000
vt 0.250000 0.981250 0.000000
vt 0.250000 0.981250 0.000000
vt 0.750000 0.981250 0.000000
vt 0.750000 0.981250 0.000000
vt 0.750000 0.981250 0.000000
vt 0.750000 0.981250 0.000000
vt 0.250000 0.981250 0.000000
vt 0.750000 0.981250 0.000000
vt 0.750000 0.981250 0.000000
vt 0.250000 0.981250 0.000000
vt 0.750000 0.981250 0.000000
vt 0.250000 0.981250 0.000000
vt 0.319060 0.981250 0.000000
vt 0.750000 0.981250 0.000000
vt 0.750000 0.981250 0.000000
vt 0.474319 0.981250 0.000000
vt 0.750000 0.981250 0.000000
vt 0.750000 0.981250 0.000000
vt 0.474319 0.981250 0.000000
vt 0.750000 0.981250 0.000000
vt 0.750000 0.981250 0.000000
vt 0.750000 0.981250 0.000000
vt 0.750000 0.981250 0.000000
vt 0.750000 0.981250 0.000000
vt 0.177892 1.000000 0.000000
vt 0.177892 0.000001 0.000000
vt 1.000000 0.352655 0.000000
vt 0.000000 0.822108 0.000000
vt 0.000000 0.352501 0.000000
vt 0.822262 1.000000 0.000000
vt 0.352655 1.000000 0.000000
vt 0.750000 0.981250 0.000000
vt 0.750000 0.981250 0.000000
vt 0.750000 0.981250 0.000000
vt 0.250000 0.981250 0.000000
vt 0.750000 0.981250 0.000000
vt 0.750000 0.981250 0.000000
vt 0.250000 0.981250 0.000000
vt 0.750000 0.981250 0.000000
vt 0.319060 0.981250 0.000000
vt 0.250000 0.981250 0.000000
vt 0.250000 0.981250 0.000000
vt 0.319060 0.981250 0.000000
vt 0.474319 0.981250 0.000000
vt 0.750000 0.981250 0.000000
vt 0.750000 0.981250 0.000000
vt 0.750000 0.981250 0.000000
vt 0.750000 0.981250 0.000000
vt 0.750000 0.981250 0.000000
vt 0.647499 1.000000 0.000000
vt 0.647518 0.000000 0.000000
vt 1.000000 0.822262 0.000000
vt 0.352636 0.000002 0.000000
vt 0.822262 0.000003 0.000000
vt 0.500000 0.981250 0.000000
vt 0.500000 0.981250 0.000000
vt 0.750000 0.981250 0.000000
vt 0.750000 0.981250 0.000000
vt 0.612159 0.981250 0.000000
vt 0.612159 0.981250 0.000000
vt 0.750000 0.981250 0.000000
vt 0.750000 0.981250 0.000000
# 72 texture coords

o Object009
g Object009
f 1276/1620 1279/1619 1278/1659 1277/1618 
f 1280/1623 1283/1622 1282/1660 1281/1621 
f 1284/1626 1276/1625 1277/1661 1285/1624 
f 1279/1629 1276/1628 1284/1662 1286/1627 
f 1278/1632 1287/1631 1285/1663 1277/1630 
f 1297/1684 1296/1682 1284/1634 1285/1633 
f 1286/1639 1287/1638 1278/1664 1279/1637 
f 1288/1642 1287/1641 1286/1665 1289/1640 
f 1298/1686 1299/1688 1290/1666 1291/1643 
f 1294/1656 1295/1655 1293/1679 1292/1654 
f 1290/1680 1292/1658 1293/1657 1291/1681 
f 1286/1669 1284/1668 1295/1670 1289/1667 
f 1290/1674 1299/1689 1297/1685 1292/1672 
f 1288/1678 1289/1653 1295/1652 1294/1677 
f 1297/1684 1281/1636 1282/1635 1296/1682 
f 1298/1686 1283/1644 1280/1645 1299/1688 
f 1296/1683 1282/1648 1283/1647 1298/1687 
f 1299/1689 1280/1673 1281/1675 1297/1685 
f 1284/1668 1296/1683 1293/1646 1295/1670 
f 1285/1651 1287/1650 1288/1676 1294/1649 
f 1297/1685 1285/1651 1294/1649 1292/1672 
f 1296/1683 1298/1687 1291/1671 1293/1646 
# 22 polygons

#
# object Object010
#

v  0.631941 11.120008 31.715683
v  13.586027 11.120030 31.715698
v  13.586025 21.390947 31.715698
v  0.631941 21.390923 31.715683
v  0.631941 11.120008 32.676697
v  14.542351 11.120055 32.676697
v  0.631941 21.390923 32.676620
v  14.542347 21.390972 32.676620
v  14.542351 11.120055 12.241013
v  14.542347 21.390972 12.241013
v  13.586025 21.390947 12.241028
v  13.586027 11.120030 12.241028
v  13.586027 11.120030 24.956375
v  14.542351 11.120055 24.956390
v  13.586027 11.120030 30.155853
v  14.542351 11.120055 30.155853
v  13.586025 19.569448 30.155853
v  14.542347 19.569448 30.155853
v  13.586025 19.569448 24.956375
v  14.542347 19.569448 24.956390
v  14.542347 21.390972 20.408646
v  13.586025 21.390947 20.408646
v  13.586027 11.120030 20.408646
v  14.542351 11.120055 20.408646
# 24 vertices

vt 0.500000 0.981250 0.000000
vt 0.250000 0.981250 0.000000
vt 0.250000 0.981250 0.000000
vt 0.750000 0.981250 0.000000
vt 0.750000 0.981250 0.000000
vt 0.500000 0.981250 0.000000
vt 0.250000 0.981250 0.000000
vt 0.750000 0.981250 0.000000
vt 0.750000 0.981250 0.000000
vt 0.750000 0.981250 0.000000
vt 0.750000 0.981250 0.000000
vt 0.250000 0.981250 0.000000
vt 0.500000 0.981250 0.000000
vt 0.750000 0.981250 0.000000
vt 0.750000 0.981250 0.000000
vt 0.250000 0.981250 0.000000
vt 0.250036 0.981250 0.000000
vt 0.750000 0.981250 0.000000
vt 0.500000 0.981250 0.000000
vt 0.500000 0.981250 0.000000
vt 0.500000 0.981250 0.000000
vt 0.750000 0.981250 0.000000
vt 0.750000 0.981250 0.000000
vt 0.750000 0.981250 0.000000
vt 0.500000 0.981250 0.000000
vt 0.500000 0.981250 0.000000
vt 0.500000 0.981250 0.000000
vt 0.750000 0.981250 0.000000
vt 0.500000 0.981250 0.000000
vt 0.500000 0.981250 0.000000
vt 0.500000 0.981250 0.000000
vt 0.500000 0.981250 0.000000
vt 0.750000 0.981250 0.000000
vt 0.750000 0.981250 0.000000
vt 0.750000 0.981250 0.000000
vt 0.214672 1.000000 0.000000
vt 0.682005 0.000004 0.000000
vt 0.682006 1.000000 0.000000
vt 0.000001 0.785328 0.000000
vt 0.999999 0.317993 0.000000
vt 0.999999 0.785327 0.000000
vt 0.785327 1.000000 0.000000
vt 0.317994 0.000004 0.000000
vt 0.785329 0.000007 0.000000
vt 0.500000 0.981250 0.000000
vt 0.750000 0.981250 0.000000
vt 0.750000 0.981250 0.000000
vt 0.749999 0.981250 0.000000
vt 0.500000 0.981250 0.000000
vt 0.750000 0.981250 0.000000
vt 0.750000 0.981250 0.000000
vt 0.500000 0.981250 0.000000
vt 0.500000 0.981250 0.000000
vt 0.500000 0.981250 0.000000
vt 0.500000 0.981250 0.000000
vt 0.500000 0.981250 0.000000
vt 0.750000 0.981250 0.000000
vt 0.750000 0.981250 0.000000
vt 0.750000 0.981250 0.000000
vt 0.750000 0.981250 0.000000
vt 0.750000 0.981250 0.000000
vt 0.214670 0.000007 0.000000
vt -0.000001 0.317994 0.000000
vt 0.317993 1.000000 0.000000
vt 0.750000 0.981250 0.000000
vt 0.750000 0.981250 0.000000
vt 0.500000 0.981250 0.000000
vt 0.500000 0.981250 0.000000
vt 0.500000 0.981250 0.000000
vt 0.500000 0.981250 0.000000
vt 0.750000 0.981250 0.000000
vt 0.750000 0.981250 0.000000
# 72 texture coords

o Object010
g Object010
f 1300/1692 1303/1691 1302/1734 1301/1690 
f 1300/1696 1301/1695 1305/1694 1304/1693 
f 1306/1699 1304/1698 1305/1735 1307/1697 
f 1307/1703 1302/1702 1303/1701 1306/1700 
f 1303/1706 1300/1705 1304/1736 1306/1704 
f 1311/1709 1310/1708 1309/1737 1308/1707 
f 1307/1712 1320/1754 1321/1756 1302/1710 
f 1312/1715 1322/1758 1323/1760 1313/1713 
f 1314/1718 1315/1717 1305/1740 1301/1716 
f 1318/1727 1312/1726 1313/1751 1319/1725 
f 1317/1730 1316/1729 1318/1752 1319/1728 
f 1315/1733 1314/1732 1316/1753 1317/1731 
f 1322/1759 1321/1757 1310/1744 1311/1741 
f 1313/1748 1323/1761 1320/1755 1319/1746 
f 1320/1754 1309/1711 1310/1738 1321/1756 
f 1322/1758 1311/1714 1308/1739 1323/1760 
f 1322/1759 1312/1743 1318/1742 1321/1757 
f 1323/1761 1308/1747 1309/1749 1320/1755 
f 1320/1755 1307/1724 1317/1722 1319/1746 
f 1318/1742 1316/1719 1302/1745 1321/1757 
f 1307/1724 1305/1723 1315/1750 1317/1722 
f 1316/1719 1314/1721 1301/1720 1302/1745 
# 22 polygons

#
# object Object011
#

v  39.001446 11.120046 12.652863
v  39.001442 21.390961 12.652786
v  39.001442 21.390961 11.691849
v  39.001446 11.120046 11.691849
v  0.631939 11.119998 11.691849
v  0.631939 21.390915 11.691849
v  0.631939 11.119998 12.652863
v  0.631939 21.390915 12.652786
v  15.850922 11.120019 12.652863
v  15.850922 11.120019 11.691849
v  21.050390 11.120025 12.652863
v  21.050390 11.120025 11.691849
v  21.050390 19.569448 12.652802
v  21.050390 19.569448 11.691849
v  15.850922 19.569448 12.652802
v  15.850922 19.569448 11.691849
v  22.827444 21.390940 11.691849
v  22.827444 21.390940 12.652786
v  22.827444 11.120035 11.691849
v  22.827444 11.120035 12.652863
v  14.062075 21.390926 11.691849
v  14.062075 21.390926 12.652786
v  14.062075 11.120008 12.652863
v  14.062075 11.120008 11.691849
# 24 vertices

vt 0.750000 0.981250 0.000000
vt 0.750000 0.981250 0.000000
vt 0.750000 0.981250 0.000000
vt 0.546576 0.981250 0.000000
vt 0.807314 0.981250 0.000000
vt 0.807314 0.981250 0.000000
vt 0.446090 0.981250 0.000000
vt 0.750000 0.981250 0.000000
vt 0.750000 0.981250 0.000000
vt 0.750000 0.981250 0.000000
vt 0.250000 0.981250 0.000000
vt 0.250036 0.981250 0.000000
vt 0.750000 0.981250 0.000000
vt 0.553910 0.981250 0.000000
vt 0.553910 0.981250 0.000000
vt 0.750000 0.981250 0.000000
vt 0.750000 0.981250 0.000000
vt 0.750000 0.981250 0.000000
vt 0.750000 0.981250 0.000000
vt 0.481240 0.981250 0.000000
vt 0.285147 0.981250 0.000000
vt 0.734632 1.000000 0.000000
vt 0.265038 0.000002 0.000000
vt 0.734665 0.000002 0.000000
vt 0.000000 0.265368 0.000000
vt 1.000000 0.735109 0.000000
vt 0.000000 0.734962 0.000000
vt 0.265515 1.000000 0.000000
vt 0.735109 0.000003 0.000000
vt 0.735109 1.000000 0.000000
vt 0.750000 0.981250 0.000000
vt 0.471054 0.981250 0.000000
vt 0.250000 0.981250 0.000000
vt 0.250000 0.981250 0.000000
vt 0.471054 0.981250 0.000000
vt 0.546576 0.981250 0.000000
vt 0.446090 0.981250 0.000000
vt 0.750000 0.981250 0.000000
vt 0.750000 0.981250 0.000000
vt 0.750000 0.981250 0.000000
vt 0.750000 0.981250 0.000000
vt 0.750000 0.981250 0.000000
vt 0.750000 0.981250 0.000000
vt 0.750000 0.981250 0.000000
vt 0.946090 0.981250 0.000000
vt 0.265038 1.000000 0.000000
vt 1.000000 0.265515 0.000000
vt 0.265483 0.000003 0.000000
vt 0.517574 0.981250 0.000000
vt 0.528657 0.981250 0.000000
vt 0.750000 0.981250 0.000000
vt 0.713665 0.981250 0.000000
vt 0.553910 0.981250 0.000000
vt 0.676945 0.981250 0.000000
vt 0.750000 0.981250 0.000000
vt 0.750000 0.981250 0.000000
vt 0.401360 0.981250 0.000000
vt 0.389328 0.981250 0.000000
vt 0.750000 0.981250 0.000000
vt 0.597453 0.981250 0.000000
vt 0.750000 0.981250 0.000000
vt 0.750000 0.981250 0.000000
vt 0.360527 0.981250 0.000000
vt 0.446090 0.981250 0.000000
# 64 texture coords

o Object011
g Object011
f 1324/1764 1327/1763 1326/1792 1325/1762 
f 1332/1770 1346/1822 1347/1825 1333/1768 
f 1329/1773 1328/1772 1330/1799 1331/1771 
f 1335/1776 1342/1814 1343/1817 1334/1774 
f 1340/1810 1341/1813 1325/1806 1326/1780 
f 1332/1785 1333/1784 1339/1807 1338/1783 
f 1339/1788 1337/1787 1336/1808 1338/1786 
f 1337/1791 1335/1790 1334/1809 1336/1789 
f 1347/1824 1344/1819 1339/1796 1333/1793 
f 1330/1803 1346/1823 1345/1820 1331/1801 
f 1340/1810 1344/1818 1345/1821 1341/1813 
f 1342/1814 1327/1775 1324/1800 1343/1817 
f 1340/1811 1326/1767 1327/1766 1342/1815 
f 1343/1816 1324/1778 1325/1805 1341/1812 
f 1344/1818 1329/1782 1331/1781 1345/1821 
f 1346/1822 1330/1769 1328/1798 1347/1825 
f 1347/1824 1328/1795 1329/1794 1344/1819 
f 1346/1823 1332/1802 1338/1804 1345/1820 
f 1344/1819 1340/1811 1337/1765 1339/1796 
f 1338/1804 1336/1777 1341/1812 1345/1820 
f 1340/1811 1342/1815 1335/1797 1337/1765 
f 1336/1777 1334/1779 1343/1816 1341/1812 
# 22 polygons

#
# object Object012
#

v  22.355997 21.390915 12.286530
v  23.261999 21.390915 12.286530
v  23.262001 11.119999 12.286453
v  22.355999 11.119999 12.286469
v  39.100491 11.120047 24.610535
v  39.100487 21.390961 24.610596
v  39.100487 21.390961 25.571548
v  39.100491 11.120047 25.571548
v  22.355997 21.390915 25.571548
v  23.261999 21.390915 24.610596
v  22.355999 11.119999 25.571548
v  23.262001 11.119999 24.610535
v  24.329268 11.120003 24.610535
v  24.329268 11.120005 25.571548
v  29.528738 11.120018 24.610535
v  29.528738 11.120020 25.571548
v  29.528738 19.569450 24.610580
v  29.528738 19.569450 25.571548
v  24.329268 19.569450 24.610580
v  24.329268 19.569450 25.571548
v  34.440960 21.390938 25.571533
v  34.440960 21.390938 24.610596
v  34.440960 11.120033 25.571533
v  34.440960 11.120032 24.610519
# 24 vertices

vt 0.750000 0.981250 0.000000
vt 0.250000 0.981250 0.000000
vt 0.250000 0.981250 0.000000
vt 0.750000 0.981250 0.000000
vt 0.750000 0.981250 0.000000
vt 0.750000 0.981250 0.000000
vt 0.750000 0.981250 0.000000
vt 0.250000 0.981250 0.000000
vt 0.250000 0.981250 0.000000
vt 0.250000 0.981250 0.000000
vt 0.250000 0.981250 0.000000
vt 0.250000 0.981250 0.000000
vt 0.750000 0.981250 0.000000
vt 0.750000 0.981250 0.000000
vt 0.750000 0.981250 0.000000
vt 0.750000 0.981250 0.000000
vt 0.250000 0.981250 0.000000
vt 0.750000 0.981250 0.000000
vt 0.750000 0.981250 0.000000
vt 0.250000 0.981250 0.000000
vt 0.750000 0.981250 0.000000
vt 0.250000 0.981250 0.000000
vt 0.308923 0.981250 0.000000
vt 0.750000 0.981250 0.000000
vt 0.750000 0.981250 0.000000
vt 0.464182 0.981250 0.000000
vt 0.750000 0.981250 0.000000
vt 0.750000 0.981250 0.000000
vt 0.464182 0.981250 0.000000
vt 0.750000 0.981250 0.000000
vt 0.750000 0.981250 0.000000
vt 0.750000 0.981250 0.000000
vt 0.750000 0.981250 0.000000
vt 0.750000 0.981250 0.000000
vt 0.763911 1.000000 0.000000
vt 0.763911 0.000001 0.000000
vt 1.000000 0.705824 0.000000
vt 0.000000 0.236089 0.000000
vt 0.000000 0.705696 0.000000
vt 0.236217 1.000000 0.000000
vt 0.705824 1.000000 0.000000
vt 0.750000 0.981250 0.000000
vt 0.750000 0.981250 0.000000
vt 0.750000 0.981250 0.000000
vt 0.250000 0.981250 0.000000
vt 0.750000 0.981250 0.000000
vt 0.750000 0.981250 0.000000
vt 0.250000 0.981250 0.000000
vt 0.750000 0.981250 0.000000
vt 0.308923 0.981250 0.000000
vt 0.250000 0.981250 0.000000
vt 0.250000 0.981250 0.000000
vt 0.308923 0.981250 0.000000
vt 0.464182 0.981250 0.000000
vt 0.750000 0.981250 0.000000
vt 0.750000 0.981250 0.000000
vt 0.750000 0.981250 0.000000
vt 0.750000 0.981250 0.000000
vt 0.750000 0.981250 0.000000
vt 0.294304 1.000000 0.000000
vt 0.294285 0.000000 0.000000
vt 1.000000 0.236217 0.000000
vt 0.705843 0.000002 0.000000
vt 0.236217 0.000002 0.000000
vt 0.500000 0.981250 0.000000
vt 0.500000 0.981250 0.000000
vt 0.750000 0.981250 0.000000
vt 0.750000 0.981250 0.000000
vt 0.607091 0.981250 0.000000
vt 0.607091 0.981250 0.000000
vt 0.750000 0.981250 0.000000
vt 0.750000 0.981250 0.000000
# 72 texture coords

o Object012
g Object012
f 1349/1826 1350/1867 1351/1827 1348/1828 
f 1353/1829 1354/1868 1355/1830 1352/1831 
f 1357/1832 1349/1869 1348/1833 1356/1834 
f 1358/1835 1356/1870 1348/1836 1351/1837 
f 1349/1838 1357/1871 1359/1839 1350/1840 
f 1357/1841 1356/1842 1368/1890 1369/1892 
f 1351/1845 1350/1872 1359/1846 1358/1847 
f 1361/1848 1358/1873 1359/1849 1360/1850 
f 1363/1851 1362/1874 1371/1896 1370/1894 
f 1364/1862 1365/1887 1367/1863 1366/1864 
f 1363/1889 1365/1865 1364/1866 1362/1888 
f 1361/1875 1367/1878 1356/1876 1358/1877 
f 1364/1880 1369/1893 1371/1897 1362/1882 
f 1366/1885 1367/1860 1361/1861 1360/1886 
f 1367/1878 1365/1854 1368/1891 1356/1876 
f 1366/1857 1360/1884 1359/1858 1357/1859 
f 1368/1890 1354/1843 1353/1844 1369/1892 
f 1371/1896 1352/1853 1355/1852 1370/1894 
f 1369/1893 1353/1883 1352/1881 1371/1897 
f 1370/1895 1355/1855 1354/1856 1368/1891 
f 1364/1880 1366/1857 1357/1859 1369/1893 
f 1365/1854 1363/1879 1370/1895 1368/1891 
# 22 polygons

#
# object Object013
#

v  15.143532 11.119999 36.750324
v  15.143539 16.153120 36.750324
v  14.528587 11.119999 36.750324
v  14.528633 16.153120 36.750324
v  15.143501 16.153168 41.267265
v  15.143494 11.120046 41.267269
v  14.528542 11.120046 41.267269
v  14.528603 16.153168 41.267265
# 8 vertices

vt 0.250000 0.981250 0.000000
vt 0.250000 0.981250 0.000000
vt 0.750000 0.981250 0.000000
vt 0.750000 0.981250 0.000000
vt 0.750000 0.981250 0.000000
vt 0.750000 0.981250 0.000000
vt 0.750000 0.981250 0.000000
vt 0.750000 0.981250 0.000000
# 8 texture coords

o Object013
g Object013
f 1376/1902 1379/1905 1378/1904 1377/1903 
f 1376/1902 1377/1903 1372/1898 1373/1899 
f 1377/1903 1378/1904 1374/1900 1372/1898 
f 1378/1904 1379/1905 1375/1901 1374/1900 
f 1379/1905 1376/1902 1373/1899 1375/1901 
f 1372/1898 1374/1900 1375/1901 1373/1899 
# 6 polygons

#
# object Plane005
#

v  29.895441 19.572433 35.298000
v  29.895441 19.572433 34.969975
v  24.669001 19.572433 34.969975
v  24.670223 19.572433 35.298000
v  29.895439 11.120004 35.297997
v  24.670223 11.120005 35.298000
v  29.895439 11.120000 34.969975
v  24.669001 11.120001 34.969975
# 8 vertices

vt 0.250000 0.000000 0.000000
vt 0.250000 0.031250 0.000000
vt 0.750000 0.031250 0.000000
vt 0.750000 0.000000 0.000000
vt 0.125000 0.000000 0.000000
vt 0.500000 0.000000 0.000000
vt 0.140625 0.031250 0.000000
vt 0.531250 0.031250 0.000000
# 8 texture coords

o Plane005
g Plane005
f 1384/1910 1386/1912 1381/1907 1380/1906 
f 1381/1907 1382/1908 1383/1909 1380/1906 
f 1383/1909 1382/1908 1387/1913 1385/1911 
f 1384/1910 1385/1911 1387/1913 1386/1912 
f 1385/1911 1384/1910 1380/1906 1383/1909 
f 1386/1912 1387/1913 1382/1908 1381/1907 
# 6 polygons

#
# object Plane006
#

v  29.555441 19.572433 24.611000
v  29.555441 19.572433 24.939026
v  24.329000 19.572433 24.939026
v  24.330223 19.572433 24.611000
v  29.555439 11.120004 24.611004
v  24.330223 11.120005 24.611000
v  29.555439 11.120000 24.939026
v  24.329000 11.120001 24.939026
# 8 vertices

vt 0.250000 0.000000 0.000000
vt 0.250000 0.031250 0.000000
vt 0.750000 0.031250 0.000000
vt 0.750000 0.000000 0.000000
vt 0.125000 0.000000 0.000000
vt 0.500000 0.000000 0.000000
vt 0.140625 0.031250 0.000000
vt 0.531250 0.031250 0.000000
# 8 texture coords

o Plane006
g Plane006
f 1388/1914 1389/1915 1394/1920 1392/1918 
f 1388/1914 1391/1917 1390/1916 1389/1915 
f 1393/1919 1395/1921 1390/1916 1391/1917 
f 1394/1920 1395/1921 1393/1919 1392/1918 
f 1391/1917 1388/1914 1392/1918 1393/1919 
f 1389/1915 1390/1916 1395/1921 1394/1920 
# 6 polygons

#
# object Plane007
#

v  13.585999 19.572433 24.929562
v  13.914025 19.572433 24.929562
v  13.914025 19.572433 30.156000
v  13.585999 19.572433 30.154778
v  13.586001 11.120004 24.929562
v  13.585999 11.120005 30.154778
v  13.914025 11.120000 24.929562
v  13.914025 11.120001 30.156000
# 8 vertices

vt 0.250000 0.000000 0.000000
vt 0.250000 0.031250 0.000000
vt 0.750000 0.031250 0.000000
vt 0.750000 0.000000 0.000000
vt 0.125000 0.000000 0.000000
vt 0.500000 0.000000 0.000000
vt 0.140625 0.031250 0.000000
vt 0.531250 0.031250 0.000000
# 8 texture coords

o Plane007
g Plane007
f 1396/1922 1397/1923 1402/1928 1400/1926 
f 1396/1922 1399/1925 1398/1924 1397/1923 
f 1401/1927 1403/1929 1398/1924 1399/1925 
f 1402/1928 1403/1929 1401/1927 1400/1926 
f 1399/1925 1396/1922 1400/1926 1401/1927 
f 1397/1923 1398/1924 1403/1929 1402/1928 
# 6 polygons

#
# object Plane008
#

v  21.077440 19.572433 11.692000
v  21.077440 19.572433 12.020026
v  15.851000 19.572433 12.020026
v  15.852223 19.572433 11.692000
v  21.077438 11.120004 11.692002
v  15.852223 11.120005 11.692000
v  21.077438 11.120000 12.020026
v  15.851000 11.120001 12.020026
# 8 vertices

vt 0.250000 0.000000 0.000000
vt 0.250000 0.031250 0.000000
vt 0.750000 0.031250 0.000000
vt 0.750000 0.000000 0.000000
vt 0.125000 0.000000 0.000000
vt 0.500000 0.000000 0.000000
vt 0.140625 0.031250 0.000000
vt 0.531250 0.031250 0.000000
# 8 texture coords

o Plane008
g Plane008
f 1404/1930 1405/1931 1410/1936 1408/1934 
f 1404/1930 1407/1933 1406/1932 1405/1931 
f 1409/1935 1411/1937 1406/1932 1407/1933 
f 1410/1936 1411/1937 1409/1935 1408/1934 
f 1407/1933 1404/1930 1408/1934 1409/1935 
f 1405/1931 1406/1932 1411/1937 1410/1936 
# 6 polygons

#
# object Box048
#

v  19.193390 0.797013 2.966779
v  22.047588 0.876244 2.893713
v  22.107317 0.876244 5.820647
v  19.180384 0.797013 5.820646
v  22.107317 3.970902 5.820647
v  22.047588 3.970902 2.893713
v  19.120323 3.970902 2.966778
v  19.159077 3.994576 5.893713
v  19.402842 2.916385 5.893713
v  21.811123 3.734609 5.893713
v  19.402836 3.734609 5.893713
v  21.811123 2.916389 5.893713
v  19.416508 2.916385 3.049246
v  21.824795 2.916385 3.049246
v  21.824795 3.734609 3.049246
v  19.416508 3.734609 3.049246
v  19.402842 1.971560 5.893713
v  21.811123 2.789784 5.893713
v  19.402836 2.789784 5.893713
v  21.811123 1.971565 5.893713
v  19.416508 2.789784 3.049246
v  21.824795 2.789784 3.049246
v  19.416508 1.971561 3.049246
v  21.824795 1.971561 3.049246
v  19.402842 1.026736 5.893713
v  21.811123 1.844960 5.893713
v  19.402836 1.844960 5.893713
v  21.811123 1.026741 5.893713
v  19.402836 1.844960 3.049246
v  21.811123 1.844960 3.049246
v  19.402836 1.026736 3.049246
v  21.811123 1.026736 3.049246
v  19.120323 0.876244 2.966778
v  19.193722 0.876244 2.893713
v  22.120323 0.876244 2.966778
v  22.047255 0.797013 2.966779
v  22.047577 0.843141 5.893713
v  22.034248 0.797013 5.820646
v  19.166391 0.843140 5.893713
v  19.107317 0.876244 5.820647
v  22.034248 4.050134 5.820646
v  22.054890 3.994577 5.893713
v  22.088959 3.973351 5.893713
v  22.047255 4.050134 2.966779
v  22.120323 3.970902 2.966778
v  19.193390 4.050134 2.966779
v  19.193722 3.970902 2.893713
v  19.180384 4.050134 5.820646
v  19.107317 3.970902 5.820647
# 49 vertices

vt 0.975644 0.975644 0.000000
vt 0.024356 0.024356 0.000000
vt 0.975644 0.024356 0.000000
vt 0.975644 0.024356 0.000000
vt 0.024356 0.975644 0.000000
vt 0.024356 0.024356 0.000000
vt 0.975645 0.024356 0.000000
vt 0.024355 0.975645 0.000000
vt 0.024355 0.024356 0.000000
vt 0.975644 0.024356 0.000000
vt 0.024356 0.975644 0.000000
vt 0.024356 0.024356 0.000000
vt 0.975645 0.024356 0.000000
vt 0.024355 0.975645 0.000000
vt 0.024355 0.024356 0.000000
vt 0.901380 0.651490 0.000000
vt 0.982635 0.982922 0.000000
vt 0.901380 0.903009 0.000000
vt 0.000000 0.000000 0.000000
vt 0.999995 1.000000 0.000000
vt 0.999995 0.000000 0.000000
vt 1.000000 1.000000 0.000000
vt 0.999997 0.000005 0.000000
vt 0.000000 0.000005 0.000000
vt 0.000000 1.000000 0.000000
vt 1.000000 1.000000 0.000000
vt 0.000005 0.000005 0.000000
vt 0.000005 1.000000 0.000000
vt 1.000000 1.000000 0.000000
vt 0.000000 0.000005 0.000000
vt 0.000000 1.000000 0.000000
vt 1.000000 1.000000 0.000000
vt 0.000000 0.000005 0.000000
vt 0.000000 1.000000 0.000000
vt 0.000000 0.000000 0.000000
vt 0.999995 1.000000 0.000000
vt 0.999995 0.000000 0.000000
vt 1.000000 1.000000 0.000000
vt 0.999997 0.000005 0.000000
vt 0.000000 0.000005 0.000000
vt 0.000000 1.000000 0.000000
vt 1.000000 1.000000 0.000000
vt 0.000005 0.000005 0.000000
vt 0.000005 1.000000 0.000000
vt 1.000000 1.000000 0.000000
vt 0.000000 0.000000 0.000000
vt 0.000000 1.000000 0.000000
vt 1.000000 1.000000 0.000000
vt 0.000000 0.000005 0.000000
vt 0.000000 1.000000 0.000000
vt 0.000000 0.000000 0.000000
vt 0.999995 1.000000 0.000000
vt 0.999995 0.000000 0.000000
vt 1.000000 1.000000 0.000000
vt 0.999997 0.000005 0.000000
vt 0.000000 0.000005 0.000000
vt 0.000000 1.000000 0.000000
vt 1.000000 1.000000 0.000000
vt 0.000005 0.000005 0.000000
vt 0.000005 1.000000 0.000000
vt 1.000000 1.000000 0.000000
vt 0.000000 0.000000 0.000000
vt 0.000000 1.000000 0.000000
vt 0.024356 0.975644 0.000000
vt 0.975644 0.975644 0.000000
vt 0.975645 0.975644 0.000000
vt 0.975644 0.975644 0.000000
vt 0.975645 0.975644 0.000000
vt 0.980198 0.014180 0.000000
vt 0.098619 0.070616 0.000000
vt 0.019802 0.014179 0.000000
vt 0.901380 0.070618 0.000000
vt 0.901380 0.322136 0.000000
vt 0.017365 0.982922 0.000000
vt 0.098617 0.322136 0.000000
vt 0.098619 0.361053 0.000000
vt 0.098617 0.612572 0.000000
vt 0.098619 0.651489 0.000000
vt 0.098617 0.903009 0.000000
vt 0.901380 0.612572 0.000000
vt 0.901380 0.361054 0.000000
vt 0.000000 1.000000 0.000000
vt 1.000000 0.000000 0.000000
vt 1.000000 0.000005 0.000000
vt 1.000000 0.000005 0.000000
vt 0.000000 1.000000 0.000000
vt 1.000000 0.000000 0.000000
vt 1.000000 0.000000 0.000000
vt 1.000000 0.000005 0.000000
vt 0.000000 1.000000 0.000000
vt 1.000000 0.000000 0.000000
vt 1.000000 0.000000 0.000000
vt 0.945737 0.992850 0.000000
vt 0.945737 0.958328 0.000000
vt -0.005394 0.041558 0.000000
vt -0.005452 0.007170 0.000000
vt -0.025681 0.235789 0.000000
vt -0.006129 0.008245 0.000000
vt 0.696738 0.237375 0.000000
vt 0.945466 0.007881 0.000000
vt 0.993992 0.976397 0.000000
vt 1.021053 0.966964 0.000000
vt 1.033345 1.005500 0.000000
vt -0.005452 0.992830 0.000000
vt -0.005394 0.958442 0.000000
vt -0.005495 0.992902 0.000000
vt -0.005553 0.958403 0.000000
vt -0.023995 1.013893 0.000000
vt -0.023983 0.979457 0.000000
vt 0.975755 -0.022049 0.000000
vt 0.024467 -0.022039 0.000000
vt 0.975533 0.058894 0.000000
vt 0.024245 0.058705 0.000000
vt 0.024245 0.941295 0.000000
vt 0.975534 0.941105 0.000000
vt 0.024467 1.021236 0.000000
vt 0.975755 1.021249 0.000000
vt 1.021210 0.975644 0.000000
vt 1.021210 0.024356 0.000000
vt 0.058893 0.024009 0.000000
vt 0.058704 0.975299 0.000000
vt 0.941279 0.975644 0.000000
vt 0.941279 0.024356 0.000000
vt 0.024702 0.941296 0.000000
vt 0.975991 0.941107 0.000000
vt 0.941122 0.975644 0.000000
vt 0.941122 0.024356 0.000000
vt 0.024245 0.941295 0.000000
vt 0.975534 0.941105 0.000000
vt 0.024467 0.941105 0.000000
vt 0.975755 0.941295 0.000000
vt -0.021179 0.024355 0.000000
vt -0.021179 0.975644 0.000000
# 133 texture coords

o Box048
g Box048
f 1412/1938 1447/2001 1449/1939 1415/1940 
f 1452/1941 1455/2002 1457/1942 1459/1943 
f 1446/1944 1456/2003 1416/1945 1414/1946 
f 1445/1947 1458/2004 1417/1948 1413/1949 
f 1451/1950 1460/2005 1418/1951 1444/1952 
f 1424/1956 1427/2019 1422/1957 1420/1958 
f 1423/1961 1425/1962 1424/1959 1420/1960 
f 1426/1963 1425/2020 1423/1964 1421/1965 
f 1426/1966 1421/2021 1422/1967 1427/1968 
f 1433/1969 1429/2022 1430/1970 1432/1971 
f 1434/1972 1432/2023 1430/1973 1428/1974 
f 1431/1977 1435/1978 1434/1975 1428/1976 
f 1433/1979 1435/2024 1431/1980 1429/1981 
f 1432/1982 1434/2025 1435/1983 1433/1984 
f 1441/1985 1437/2026 1438/1986 1440/1987 
f 1442/1988 1440/2027 1438/1989 1436/1990 
f 1439/1993 1443/1994 1442/1991 1436/1992 
f 1441/1995 1443/2028 1439/1996 1437/1997 
f 1440/1998 1442/2029 1443/1999 1441/2000 
f 1448/2006 1439/2009 1436/2007 1450/2008 
f 1427/1968 1424/1956 1425/1962 1426/1963 
f 1422/2016 1421/1955 1453/1954 1419/2011 
f 1421/1955 1423/1953 1429/2017 1454/2038 1453/1954 
f 1448/2006 1454/2038 1429/2017 1431/2018 1437/2010 1439/2009 
f 1436/2007 1438/2012 1437/2010 1431/2018 1428/2013 1430/2014 1429/2017 1423/1953 1420/2015 1422/2016 1419/2011 1450/2008 
f 1412/1938 1444/2030 1445/2031 
f 1413/1949 1446/2032 1447/2033 
f 1414/1946 1448/2034 1449/2035 
f 1415/1940 1450/2036 1451/2037 
f 1416/2039 1452/2040 1453/1954 1454/2038 
f 1417/1948 1455/2041 1456/2042 
f 1418/1951 1457/2043 1458/2044 
f 1419/2011 1459/2045 1460/2046 
f 1449/2047 1448/2006 1450/2008 1415/2048 
f 1415/2049 1451/1950 1444/1952 1412/2050 
f 1457/2051 1418/1951 1460/2005 1459/2052 
f 1459/2053 1419/2011 1453/1954 1452/2054 
f 1416/2055 1454/2038 1448/2006 1414/2056 
f 1414/2057 1449/1939 1447/2001 1446/2058 
f 1417/2059 1456/2003 1446/1944 1413/2060 
f 1413/2061 1447/2001 1412/1938 1445/2062 
f 1418/2063 1458/2004 1445/1947 1444/2064 
f 1452/2065 1416/1945 1456/2003 1455/2066 
f 1455/2067 1417/1948 1458/2004 1457/2068 
f 1451/2069 1450/2008 1419/2011 1460/2070 
# 38 polygons - 7 triangles

#
# object Box052
#

v  20.583794 3.294793 6.150033
v  20.538094 3.292560 6.107655
v  20.581560 3.249093 6.107655
v  20.646441 3.249093 6.107655
v  20.644207 3.294793 6.150033
v  20.644207 3.355207 6.150033
v  20.583794 3.355207 6.150033
v  20.538094 3.357440 6.107655
v  20.689907 3.292560 6.107655
v  20.689907 3.357440 6.107655
v  20.646441 3.400908 6.107655
v  20.581560 3.400908 6.107655
v  20.580929 3.247613 6.042054
v  20.536613 3.291929 6.042054
v  20.550608 3.298024 6.007548
v  20.587025 3.261608 6.007548
v  20.640976 3.261608 6.007548
v  20.647072 3.247613 6.042054
v  20.677393 3.298024 6.007548
v  20.691387 3.291929 6.042054
v  20.677393 3.351976 6.007548
v  20.691387 3.358071 6.042054
v  20.640976 3.388392 6.007548
v  20.647072 3.402387 6.042054
v  20.587025 3.388392 6.007548
v  20.580929 3.402387 6.042054
v  20.550608 3.351976 6.007548
v  20.536613 3.358071 6.042054
v  20.541840 3.294293 5.992671
v  20.583292 3.252840 5.992671
v  20.541840 3.355707 5.992671
v  20.533381 3.359318 5.976333
v  20.533381 3.290683 5.976333
v  20.579683 3.244380 5.976333
v  20.583292 3.397161 5.992671
v  20.579683 3.405620 5.976333
v  20.644709 3.397161 5.992671
v  20.648317 3.405620 5.976333
v  20.686161 3.355707 5.992671
v  20.694620 3.359318 5.976333
v  20.686161 3.294293 5.992671
v  20.694620 3.290683 5.976333
v  20.644709 3.252840 5.992671
v  20.648317 3.244380 5.976333
v  20.531960 3.290089 5.904873
v  20.532814 3.290443 5.924989
v  20.532814 3.359557 5.924989
v  20.531960 3.359911 5.904873
v  20.531960 3.359911 5.885299
v  20.531960 3.290089 5.885299
v  20.579088 3.242959 5.885299
v  20.579088 3.242959 5.904873
v  20.579443 3.243814 5.924989
v  20.579443 3.406186 5.924989
v  20.579088 3.407042 5.904873
v  20.579088 3.407042 5.885299
v  20.648558 3.406186 5.924989
v  20.648912 3.407042 5.904873
v  20.648912 3.407042 5.885299
v  20.695187 3.359557 5.924989
v  20.696041 3.359911 5.904873
v  20.696041 3.359911 5.885299
v  20.695187 3.290443 5.924989
v  20.696041 3.290089 5.904873
v  20.696041 3.290089 5.885299
v  20.648558 3.243814 5.924989
v  20.648912 3.242959 5.904873
v  20.648912 3.242959 5.885299
v  20.540419 3.293593 5.961780
v  20.540419 3.356407 5.961780
v  20.547169 3.353611 5.947456
v  20.547169 3.296389 5.947456
v  20.585390 3.258169 5.947456
v  20.582594 3.251419 5.961780
v  20.582594 3.398581 5.961780
v  20.585390 3.391831 5.947456
v  20.645407 3.398581 5.961780
v  20.642611 3.391831 5.947456
v  20.687582 3.356407 5.961780
v  20.680832 3.353611 5.947456
v  20.687582 3.293593 5.961780
v  20.680832 3.296389 5.947456
v  20.645407 3.251419 5.961780
v  20.642611 3.258169 5.947456
v  20.540419 3.293593 5.936415
v  20.582594 3.251419 5.936415
v  20.540419 3.356407 5.936415
v  20.582594 3.398581 5.936415
v  20.645407 3.398581 5.936415
v  20.687582 3.356407 5.936415
v  20.687582 3.293593 5.936415
v  20.645407 3.251419 5.936415
v  20.585484 3.268264 6.134297
v  20.557264 3.296484 6.134297
v  20.614000 3.292543 6.155175
v  20.581543 3.325000 6.155175
v  20.642517 3.268264 6.134297
v  20.670736 3.296484 6.134297
v  20.646458 3.325000 6.155175
v  20.614000 3.357457 6.155175
v  20.670736 3.353516 6.134297
v  20.642517 3.381736 6.134297
v  20.557264 3.353516 6.134297
v  20.585484 3.381736 6.134297
v  20.585503 3.258118 6.016674
v  20.553314 3.264315 6.042052
v  20.614000 3.241991 6.042056
v  20.578037 3.240976 6.075207
v  20.642498 3.258118 6.016674
v  20.674686 3.264315 6.042052
v  20.649963 3.240976 6.075207
v  20.614000 3.243579 6.109905
v  20.673527 3.265473 6.105406
v  20.554474 3.265473 6.105406
v  20.680882 3.296503 6.016674
v  20.697010 3.325000 6.042056
v  20.698025 3.289037 6.075207
v  20.680882 3.353497 6.016674
v  20.674686 3.385685 6.042052
v  20.698025 3.360964 6.075207
v  20.695421 3.325000 6.109905
v  20.673527 3.384527 6.105406
v  20.642498 3.391881 6.016674
v  20.614000 3.408010 6.042056
v  20.649963 3.409024 6.075207
v  20.585503 3.391881 6.016674
v  20.553314 3.385685 6.042052
v  20.578037 3.409024 6.075207
v  20.614000 3.406421 6.109905
v  20.554474 3.384527 6.105406
v  20.547119 3.353497 6.016674
v  20.530991 3.325000 6.042056
v  20.529976 3.360964 6.075207
v  20.547119 3.296503 6.016674
v  20.529976 3.289037 6.075207
v  20.532579 3.325000 6.109905
v  20.548407 3.297088 6.003330
v  20.557575 3.268576 5.992670
v  20.536467 3.325000 5.992673
v  20.535351 3.291528 5.981648
v  20.548407 3.352912 6.003330
v  20.557575 3.381424 5.992670
v  20.535351 3.358472 5.981648
v  20.586088 3.390594 6.003330
v  20.614000 3.402534 5.992673
v  20.580528 3.403650 5.981648
v  20.641912 3.390594 6.003330
v  20.670425 3.381424 5.992670
v  20.647472 3.403650 5.981648
v  20.679594 3.352912 6.003330
v  20.691534 3.325000 5.992673
v  20.692650 3.358472 5.981648
v  20.679594 3.297088 6.003330
v  20.670425 3.268576 5.992670
v  20.692650 3.291528 5.981648
v  20.641912 3.259406 6.003330
v  20.614000 3.247467 5.992673
v  20.647472 3.246350 5.981648
v  20.586088 3.259406 6.003330
v  20.580528 3.246350 5.981648
v  20.525848 3.325000 5.904873
v  20.532173 3.290177 5.918652
v  20.531960 3.290089 5.891230
v  20.549850 3.260850 5.904873
v  20.549850 3.389150 5.904873
v  20.532173 3.359823 5.918652
v  20.531960 3.359911 5.891230
v  20.614000 3.413151 5.904873
v  20.579178 3.406828 5.918652
v  20.579088 3.407042 5.891230
v  20.678150 3.389150 5.904873
v  20.648823 3.406828 5.918652
v  20.648912 3.407042 5.891230
v  20.702152 3.325000 5.904873
v  20.695827 3.359823 5.918652
v  20.696041 3.359911 5.891230
v  20.678150 3.260850 5.904873
v  20.695827 3.290177 5.918652
v  20.696041 3.290089 5.891230
v  20.614000 3.236849 5.904873
v  20.648823 3.243172 5.918652
v  20.648912 3.242959 5.891230
v  20.579178 3.243172 5.918652
v  20.579088 3.242959 5.891230
v  20.535036 3.325000 5.961780
v  20.535284 3.291468 5.971464
v  20.545483 3.295690 5.952154
v  20.556347 3.267346 5.961780
v  20.556347 3.382654 5.961780
v  20.535284 3.358532 5.971464
v  20.545483 3.354310 5.952154
v  20.614000 3.403965 5.961780
v  20.580467 3.403716 5.971464
v  20.584690 3.393519 5.952154
v  20.671654 3.382654 5.961780
v  20.647533 3.403716 5.971464
v  20.643311 3.393519 5.952154
v  20.692965 3.325000 5.961780
v  20.692717 3.358532 5.971464
v  20.682518 3.354310 5.952154
v  20.671654 3.267346 5.961780
v  20.692717 3.291468 5.971464
v  20.682518 3.295690 5.952154
v  20.614000 3.246036 5.961780
v  20.647533 3.246284 5.971464
v  20.643311 3.256481 5.952154
v  20.580467 3.246284 5.971464
v  20.584690 3.256481 5.952154
v  20.556347 3.267346 5.936415
v  20.535143 3.291408 5.929154
v  20.545483 3.295690 5.943579
v  20.535036 3.325000 5.936415
v  20.535143 3.358592 5.929154
v  20.545483 3.354310 5.943579
v  20.556347 3.382654 5.936415
v  20.580408 3.403857 5.929154
v  20.584690 3.393519 5.943579
v  20.614000 3.403965 5.936415
v  20.647593 3.403857 5.929154
v  20.643311 3.393519 5.943579
v  20.671654 3.382654 5.936415
v  20.692858 3.358592 5.929154
v  20.682518 3.354310 5.943579
v  20.692965 3.325000 5.936415
v  20.692858 3.291408 5.929154
v  20.682518 3.295690 5.943579
v  20.671654 3.267346 5.936415
v  20.647593 3.246143 5.929154
v  20.643311 3.256481 5.943579
v  20.614000 3.246036 5.936415
v  20.580408 3.246143 5.929154
v  20.584690 3.256481 5.943579
v  20.542364 3.325000 5.947456
v  20.561529 3.272529 5.947456
v  20.561529 3.377471 5.947456
v  20.614000 3.396636 5.947456
v  20.666471 3.377471 5.947456
v  20.685637 3.325000 5.947456
v  20.666471 3.272529 5.947456
v  20.614000 3.253364 5.947456
v  20.527388 3.325000 5.976336
v  20.550949 3.261948 5.976330
v  20.550949 3.388052 5.976330
v  20.614000 3.411613 5.976336
v  20.677052 3.388052 5.976330
v  20.700613 3.325000 5.976336
v  20.677052 3.261948 5.976330
v  20.614000 3.238387 5.976336
v  20.550508 3.261507 5.924989
v  20.526777 3.325000 5.924989
v  20.550508 3.388493 5.924989
v  20.614000 3.412222 5.924989
v  20.677492 3.388493 5.924989
v  20.701223 3.325000 5.924989
v  20.677492 3.261507 5.924989
v  20.614000 3.237778 5.924989
v  20.564432 3.275432 6.007547
v  20.545889 3.325000 6.007549
v  20.614000 3.256888 6.007549
v  20.564432 3.374568 6.007547
v  20.614000 3.393112 6.007549
v  20.663568 3.374568 6.007547
v  20.682112 3.325000 6.007549
v  20.663568 3.275432 6.007547
v  20.549850 3.260850 5.885299
v  20.525848 3.325000 5.885299
v  20.531960 3.290089 5.883224
v  20.549850 3.389150 5.885299
v  20.531960 3.359911 5.883224
v  20.614000 3.413151 5.885299
v  20.579088 3.407042 5.883224
v  20.678150 3.389150 5.885299
v  20.648912 3.407042 5.883224
v  20.702152 3.325000 5.885299
v  20.696041 3.359911 5.883224
v  20.678150 3.260850 5.885299
v  20.696041 3.290089 5.883224
v  20.614000 3.236849 5.885299
v  20.648912 3.242959 5.883224
v  20.579088 3.242959 5.883224
v  20.565048 3.276049 6.125628
v  20.614000 3.264074 6.138394
v  20.614000 3.325000 6.160638
v  20.553074 3.325000 6.138394
v  20.662952 3.276049 6.125628
v  20.674927 3.325000 6.138394
v  20.662952 3.373951 6.125628
v  20.614000 3.385926 6.138394
v  20.565048 3.373951 6.125628
v  20.561659 3.272659 6.016672
v  20.614000 3.253175 6.016676
v  20.614000 3.234928 6.075770
v  20.548040 3.259040 6.074645
v  20.666342 3.272659 6.016672
v  20.679960 3.259040 6.074645
v  20.685825 3.325000 6.016676
v  20.704073 3.325000 6.075770
v  20.666342 3.377342 6.016672
v  20.679960 3.390960 6.074645
v  20.614000 3.396826 6.016677
v  20.614000 3.415072 6.075770
v  20.561659 3.377342 6.016672
v  20.548040 3.390960 6.074645
v  20.542175 3.325000 6.016676
v  20.523928 3.325000 6.075770
v  20.562712 3.273711 6.003330
v  20.543522 3.325000 6.003329
v  20.529497 3.325000 5.981652
v  20.552498 3.263497 5.981644
v  20.562712 3.376289 6.003330
v  20.552498 3.386503 5.981644
v  20.614000 3.395478 6.003329
v  20.614000 3.409503 5.981652
v  20.665289 3.376289 6.003330
v  20.675503 3.386503 5.981644
v  20.684479 3.325000 6.003329
v  20.698503 3.325000 5.981652
v  20.665289 3.273711 6.003330
v  20.675503 3.263497 5.981644
v  20.614000 3.254522 6.003329
v  20.614000 3.240497 5.981652
v  20.526081 3.325000 5.918652
v  20.525848 3.325000 5.891230
v  20.549850 3.260850 5.891230
v  20.550014 3.261015 5.918652
v  20.550014 3.388985 5.918652
v  20.549850 3.389150 5.891230
v  20.614000 3.412919 5.918652
v  20.614000 3.413151 5.891230
v  20.677986 3.388985 5.918652
v  20.678150 3.389150 5.891230
v  20.701920 3.325000 5.918652
v  20.702152 3.325000 5.891230
v  20.677986 3.261015 5.918652
v  20.678150 3.260850 5.891230
v  20.614000 3.237081 5.918652
v  20.614000 3.236849 5.891230
v  20.529459 3.325000 5.971465
v  20.540533 3.325000 5.952154
v  20.560234 3.271233 5.952154
v  20.552406 3.263406 5.971463
v  20.552406 3.386594 5.971463
v  20.560234 3.378767 5.952154
v  20.614000 3.409541 5.971465
v  20.614000 3.398468 5.952154
v  20.675594 3.386594 5.971463
v  20.667767 3.378767 5.952154
v  20.698542 3.325000 5.971465
v  20.687468 3.325000 5.952154
v  20.675594 3.263406 5.971463
v  20.667767 3.271233 5.952154
v  20.614000 3.240459 5.971465
v  20.614000 3.251532 5.952154
v  20.552296 3.263295 5.929154
v  20.560234 3.271233 5.943579
v  20.540533 3.325000 5.943579
v  20.529306 3.325000 5.929154
v  20.560234 3.378767 5.943579
v  20.552296 3.386705 5.929154
v  20.614000 3.398468 5.943579
v  20.614000 3.409693 5.929154
v  20.667767 3.378767 5.943579
v  20.675705 3.386705 5.929154
v  20.687468 3.325000 5.943579
v  20.698694 3.325000 5.929154
v  20.667767 3.271233 5.943579
v  20.675705 3.263295 5.929154
v  20.614000 3.251532 5.943579
v  20.614000 3.240307 5.929154
v  20.525848 3.325000 5.883224
v  20.549850 3.260850 5.883224
v  20.549850 3.389150 5.883224
v  20.614000 3.413151 5.883224
v  20.678150 3.389150 5.883224
v  20.702152 3.325000 5.883224
v  20.678150 3.260850 5.883224
v  20.614000 3.236849 5.883224
# 377 vertices

vt 0.000000 0.000000 0.000000
vt 0.250000 0.000000 0.000000
vt 0.250000 0.250000 0.000000
vt 0.000000 0.250000 0.000000
vt 0.500000 0.000000 0.000000
vt 0.500000 0.250000 0.000000
vt 0.500000 0.476563 0.000000
vt 0.250000 0.484375 0.000000
vt 0.000000 0.500000 0.000000
vt 0.750000 0.000000 0.000000
vt 0.750000 0.250000 0.000000
vt 1.000000 0.000000 0.000000
vt 1.000000 0.250000 0.000000
vt 1.000000 0.500000 0.000000
vt 0.750000 0.484375 0.000000
vt 0.750000 0.687500 0.000000
vt 0.500000 0.656250 0.000000
vt 1.000000 0.750000 0.000000
vt 1.000000 1.000000 0.000000
vt 0.750000 0.781250 0.000000
vt 0.500000 0.734375 0.000000
vt 0.250000 0.687500 0.000000
vt 0.000000 0.750000 0.000000
vt 0.250000 0.781250 0.000000
vt 0.000000 1.000000 0.000000
vt 0.000000 0.007367 0.000000
vt 0.250000 0.176039 0.000000
vt 0.250000 0.315276 0.000000
vt 0.000000 0.269088 0.000000
vt 0.500000 0.230046 0.000000
vt 0.500000 0.346073 0.000000
vt 0.500000 0.524018 0.000000
vt 0.250000 0.516319 0.000000
vt 0.000000 0.504772 0.000000
vt 0.750000 0.176039 0.000000
vt 0.750000 0.315276 0.000000
vt 1.000000 0.007367 0.000000
vt 1.000000 0.269088 0.000000
vt 1.000000 0.504772 0.000000
vt 0.750000 0.516319 0.000000
vt 0.750000 0.750000 0.000000
vt 0.500000 0.750000 0.000000
vt 1.000000 0.750000 0.000000
vt 1.000000 1.000000 0.000000
vt 0.750000 1.000000 0.000000
vt 0.500000 1.000000 0.000000
vt 0.250000 0.750000 0.000000
vt 0.000000 0.750000 0.000000
vt 0.250000 1.000000 0.000000
vt 0.000000 1.000000 0.000000
vt 0.000000 0.007367 0.000000
vt 0.250024 0.067613 0.000000
vt 0.250000 0.253711 0.000000
vt 0.000000 0.269088 0.000000
vt 0.500000 0.067633 0.000000
vt 0.500000 0.253724 0.000000
vt 0.500000 0.500931 0.000000
vt 0.250000 0.500928 0.000000
vt 0.000000 0.504772 0.000000
vt 0.749976 0.067613 0.000000
vt 0.750000 0.253711 0.000000
vt 1.000000 0.067593 0.000000
vt 1.000000 0.253697 0.000000
vt 1.000000 0.497018 0.000000
vt 0.750000 0.500928 0.000000
vt 0.750000 0.750000 0.000000
vt 0.500000 0.750000 0.000000
vt 1.000000 0.734375 0.000000
vt 0.750000 1.000000 0.000000
vt 0.500000 1.000000 0.000000
vt 0.250000 0.750000 0.000000
vt 0.000000 0.750000 0.000000
vt 0.250000 1.000000 0.000000
vt 0.000000 1.000000 0.000000
vt 0.000000 0.067593 0.000000
vt 0.250024 0.067613 0.000000
vt 0.250000 0.253711 0.000000
vt 0.000000 0.253697 0.000000
vt 0.500000 0.067633 0.000000
vt 0.500000 0.253724 0.000000
vt 0.500000 0.477494 0.000000
vt 0.250000 0.485303 0.000000
vt 0.000000 0.497018 0.000000
vt 0.749976 0.067613 0.000000
vt 0.750000 0.253711 0.000000
vt 1.000000 0.067593 0.000000
vt 1.000000 0.253697 0.000000
vt 1.000000 0.497018 0.000000
vt 0.750000 0.485303 0.000000
vt 0.750000 0.687500 0.000000
vt 0.500000 0.656250 0.000000
vt 1.000000 0.734375 0.000000
vt 1.000000 1.000000 0.000000
vt 0.750000 0.781250 0.000000
vt 0.250000 0.687500 0.000000
vt 0.000000 0.734375 0.000000
vt 0.250000 0.781250 0.000000
vt 0.000000 1.000000 0.000000
vt 0.000000 0.067593 0.000000
vt 0.250024 0.067613 0.000000
vt 0.250000 0.253711 0.000000
vt 0.000000 0.253697 0.000000
vt 0.500000 0.067633 0.000000
vt 0.500000 0.253724 0.000000
vt 0.500000 0.500931 0.000000
vt 0.250000 0.500928 0.000000
vt 0.000000 0.497018 0.000000
vt 0.749976 0.067613 0.000000
vt 0.750000 0.253711 0.000000
vt 1.000000 0.007367 0.000000
vt 1.000000 0.269088 0.000000
vt 1.000000 0.504772 0.000000
vt 0.750000 0.500928 0.000000
vt 0.750000 0.750000 0.000000
vt 0.500000 0.750000 0.000000
vt 1.000000 0.750000 0.000000
vt 1.000000 1.000000 0.000000
vt 0.750000 1.000000 0.000000
vt 0.500000 1.000000 0.000000
vt 0.250000 0.750000 0.000000
vt 0.000000 0.734375 0.000000
vt 0.250000 1.000000 0.000000
vt 1.000000 0.000000 0.000000
vt 1.000000 0.250000 0.000000
vt 1.000000 0.250000 0.000000
vt 0.937500 0.093750 0.000000
vt 1.000000 0.500000 0.000000
vt 1.000000 0.500000 0.000000
vt 1.000000 0.500000 0.000000
vt 1.000000 0.250000 0.000000
vt 0.937500 0.093750 0.000000
vt 1.000000 0.750000 0.000000
vt 1.000000 0.750000 0.000000
vt 1.000000 1.000000 0.000000
vt 0.937500 0.937500 0.000000
vt 0.937500 0.937500 0.000000
vt 1.000000 0.750000 0.000000
vt 0.750000 1.000000 0.000000
vt 0.750000 1.000000 0.000000
vt 0.500000 1.000000 0.000000
vt 0.500000 1.000000 0.000000
vt 0.500000 1.000000 0.000000
vt 0.750000 1.000000 0.000000
vt 0.250000 1.000000 0.000000
vt 0.250000 1.000000 0.000000
vt 0.000000 1.000000 0.000000
vt 0.062500 0.937500 0.000000
vt 0.062500 0.937500 0.000000
vt 0.250000 1.000000 0.000000
vt 0.000000 0.750000 0.000000
vt 0.000000 0.750000 0.000000
vt 0.000000 0.500000 0.000000
vt 0.000000 0.500000 0.000000
vt 0.000000 0.500000 0.000000
vt 0.000000 0.750000 0.000000
vt 0.000000 0.250000 0.000000
vt 0.000000 0.250000 0.000000
vt 0.000000 0.000000 0.000000
vt 0.062500 0.093750 0.000000
vt 0.062500 0.093750 0.000000
vt 0.000000 0.250000 0.000000
vt 0.250000 0.125694 0.000000
vt 0.250000 0.125000 0.000000
vt 0.500000 0.188081 0.000000
vt 0.500000 0.187500 0.000000
vt 0.500000 0.187500 0.000000
vt 0.250000 0.125000 0.000000
vt 0.750000 0.125694 0.000000
vt 0.750000 0.125000 0.000000
vt 0.750000 0.125000 0.000000
vt 1.000000 0.500000 0.000000
vt 1.000000 0.500000 0.000000
vt 1.000000 0.250000 0.000000
vt 1.000000 0.250000 0.000000
vt 1.000000 0.500000 0.000000
vt 1.000000 0.250000 0.000000
vt 0.937500 0.093750 0.000000
vt 0.937500 0.093750 0.000000
vt 0.937500 0.093750 0.000000
vt 0.937500 0.937500 0.000000
vt 0.937500 0.937500 0.000000
vt 1.000000 0.750000 0.000000
vt 1.000000 0.750000 0.000000
vt 0.937500 0.937500 0.000000
vt 1.000000 0.750000 0.000000
vt 0.500000 1.000000 0.000000
vt 0.500000 1.000000 0.000000
vt 0.750000 1.000000 0.000000
vt 0.750000 1.000000 0.000000
vt 0.500000 1.000000 0.000000
vt 0.750000 1.000000 0.000000
vt 0.062500 0.937500 0.000000
vt 0.062500 0.937500 0.000000
vt 0.250000 1.000000 0.000000
vt 0.250000 1.000000 0.000000
vt 0.062500 0.937500 0.000000
vt 0.250000 1.000000 0.000000
vt 0.000000 0.500000 0.000000
vt 0.000000 0.500000 0.000000
vt 0.000000 0.750000 0.000000
vt 0.000000 0.750000 0.000000
vt 0.000000 0.500000 0.000000
vt 0.000000 0.750000 0.000000
vt 0.062500 0.093750 0.000000
vt 0.062500 0.093750 0.000000
vt 0.000000 0.250000 0.000000
vt 0.000000 0.250000 0.000000
vt 0.062500 0.093750 0.000000
vt 0.000000 0.250000 0.000000
vt 0.500000 0.187500 0.000000
vt 0.500000 0.187500 0.000000
vt 0.250000 0.125000 0.000000
vt 0.250000 0.125000 0.000000
vt 0.500000 0.187500 0.000000
vt 0.250000 0.125000 0.000000
vt 0.750000 0.125000 0.000000
vt 0.750000 0.125000 0.000000
vt 0.750000 0.125000 0.000000
vt 1.000000 0.500000 0.000000
vt 1.000000 0.500000 0.000000
vt 1.000000 0.250000 0.000000
vt 1.000000 0.250000 0.000000
vt 1.000000 0.500000 0.000000
vt 1.000000 0.250000 0.000000
vt 0.937500 0.093750 0.000000
vt 0.937500 0.093750 0.000000
vt 0.937500 0.093750 0.000000
vt 0.937500 0.937500 0.000000
vt 0.937500 0.937500 0.000000
vt 1.000000 0.750000 0.000000
vt 1.000000 0.750000 0.000000
vt 0.937500 0.937500 0.000000
vt 1.000000 0.750000 0.000000
vt 0.500000 1.000000 0.000000
vt 0.500000 1.000000 0.000000
vt 0.750000 1.000000 0.000000
vt 0.750000 1.000000 0.000000
vt 0.500000 1.000000 0.000000
vt 0.750000 1.000000 0.000000
vt 0.062500 0.937500 0.000000
vt 0.062500 0.937500 0.000000
vt 0.250000 1.000000 0.000000
vt 0.250000 1.000000 0.000000
vt 0.062500 0.937500 0.000000
vt 0.250000 1.000000 0.000000
vt 0.000000 0.500000 0.000000
vt 0.000000 0.500000 0.000000
vt 0.000000 0.750000 0.000000
vt 0.000000 0.750000 0.000000
vt 0.000000 0.500000 0.000000
vt 0.000000 0.750000 0.000000
vt 0.062500 0.093750 0.000000
vt 0.062500 0.093750 0.000000
vt 0.000000 0.250000 0.000000
vt 0.000000 0.250000 0.000000
vt 0.062500 0.093750 0.000000
vt 0.000000 0.250000 0.000000
vt 0.500000 0.187500 0.000000
vt 0.500000 0.187500 0.000000
vt 0.250000 0.125000 0.000000
vt 0.250000 0.125000 0.000000
vt 0.500000 0.187500 0.000000
vt 0.250000 0.125000 0.000000
vt 0.750000 0.125000 0.000000
vt 0.750000 0.125000 0.000000
vt 0.750000 0.125000 0.000000
vt 0.937500 0.093750 0.000000
vt 0.937500 0.093750 0.000000
vt 1.000000 0.250000 0.000000
vt 1.000000 0.250000 0.000000
vt 0.937500 0.093750 0.000000
vt 1.000000 0.250000 0.000000
vt 1.000000 0.500000 0.000000
vt 1.000000 0.500000 0.000000
vt 1.000000 0.500000 0.000000
vt 1.000000 0.750000 0.000000
vt 1.000000 0.750000 0.000000
vt 1.000000 0.750000 0.000000
vt 0.937500 0.937500 0.000000
vt 0.937500 0.937500 0.000000
vt 0.937500 0.937500 0.000000
vt 0.750000 1.000000 0.000000
vt 0.750000 1.000000 0.000000
vt 0.750000 1.000000 0.000000
vt 0.500000 1.000000 0.000000
vt 0.500000 1.000000 0.000000
vt 0.500000 1.000000 0.000000
vt 0.250000 1.000000 0.000000
vt 0.250000 1.000000 0.000000
vt 0.250000 1.000000 0.000000
vt 0.062500 0.937500 0.000000
vt 0.062500 0.937500 0.000000
vt 0.062500 0.937500 0.000000
vt 0.000000 0.750000 0.000000
vt 0.000000 0.750000 0.000000
vt 0.000000 0.750000 0.000000
vt 0.000000 0.500000 0.000000
vt 0.000000 0.500000 0.000000
vt 0.000000 0.500000 0.000000
vt 0.000000 0.250000 0.000000
vt 0.000000 0.250000 0.000000
vt 0.000000 0.250000 0.000000
vt 0.062500 0.093750 0.000000
vt 0.062500 0.093750 0.000000
vt 0.062500 0.093750 0.000000
vt 0.250000 0.125000 0.000000
vt 0.250000 0.125000 0.000000
vt 0.250000 0.125000 0.000000
vt 0.500000 0.187500 0.000000
vt 0.500000 0.187500 0.000000
vt 0.500000 0.187500 0.000000
vt 0.750000 0.125000 0.000000
vt 0.750000 0.125000 0.000000
vt 0.750000 0.125000 0.000000
vt 1.000000 0.500000 0.000000
vt 1.000000 0.250000 0.000000
vt 0.937500 0.093750 0.000000
vt 0.937500 0.937500 0.000000
vt 1.000000 0.750000 0.000000
vt 0.500000 1.000000 0.000000
vt 0.750000 1.000000 0.000000
vt 0.062500 0.937500 0.000000
vt 0.250000 1.000000 0.000000
vt 0.000000 0.500000 0.000000
vt 0.000000 0.750000 0.000000
vt 0.062500 0.093750 0.000000
vt 0.000000 0.250000 0.000000
vt 0.500000 0.187500 0.000000
vt 0.250000 0.125000 0.000000
vt 0.750000 0.125000 0.000000
vt 1.000000 0.500000 0.000000
vt 1.000000 0.250000 0.000000
vt 0.937500 0.093750 0.000000
vt 0.937500 0.937500 0.000000
vt 1.000000 0.750000 0.000000
vt 0.500000 1.000000 0.000000
vt 0.750000 1.000000 0.000000
vt 0.062500 0.937500 0.000000
vt 0.250000 1.000000 0.000000
vt 0.000000 0.500000 0.000000
vt 0.000000 0.750000 0.000000
vt 0.062500 0.093750 0.000000
vt 0.000000 0.250000 0.000000
vt 0.500000 0.187500 0.000000
vt 0.250000 0.125000 0.000000
vt 0.750000 0.125000 0.000000
vt 0.937500 0.093750 0.000000
vt 1.000000 0.250000 0.000000
vt 1.000000 0.500000 0.000000
vt 1.000000 0.750000 0.000000
vt 0.937500 0.937500 0.000000
vt 0.750000 1.000000 0.000000
vt 0.500000 1.000000 0.000000
vt 0.250000 1.000000 0.000000
vt 0.062500 0.937500 0.000000
vt 0.000000 0.750000 0.000000
vt 0.000000 0.500000 0.000000
vt 0.000000 0.250000 0.000000
vt 0.062500 0.093750 0.000000
vt 0.250000 0.125000 0.000000
vt 0.500000 0.187500 0.000000
vt 0.750000 0.125000 0.000000
vt 0.998989 -0.003620 0.000000
vt 0.999495 0.001873 0.000000
vt 0.749902 0.001898 0.000000
vt 0.749804 -0.003626 0.000000
vt 0.500310 0.001910 0.000000
vt 0.500619 -0.003631 0.000000
vt 0.500000 0.189823 0.000000
vt 0.750000 0.127776 0.000000
vt 0.750000 0.176039 0.000000
vt 1.000000 0.003683 0.000000
vt 0.499381 -0.003631 0.000000
vt 0.250098 0.001898 0.000000
vt 0.250196 -0.003626 0.000000
vt 0.000505 0.001886 0.000000
vt 0.001011 -0.003620 0.000000
vt 0.998989 -0.003620 0.000000
vt 0.999495 0.001886 0.000000
vt 0.749902 0.001898 0.000000
vt 0.749804 -0.003626 0.000000
vt 0.500310 0.001910 0.000000
vt 0.500619 -0.003631 0.000000
vt 0.499381 -0.003631 0.000000
vt 0.250098 0.001898 0.000000
vt 0.250196 -0.003626 0.000000
vt 0.000505 0.001886 0.000000
vt 0.001011 -0.003620 0.000000
vt 0.998989 -0.003620 0.000000
vt 0.999495 0.001886 0.000000
vt 0.749902 0.001898 0.000000
vt 0.749804 -0.003626 0.000000
vt 0.500310 0.001910 0.000000
vt 0.500619 -0.003631 0.000000
vt 0.499381 -0.003631 0.000000
vt 0.250098 0.001898 0.000000
vt 0.250196 -0.003626 0.000000
vt 0.000505 0.001873 0.000000
vt 0.001011 -0.003620 0.000000
vt 0.000000 0.003683 0.000000
vt 0.250000 0.127776 0.000000
vt 0.250000 0.176039 0.000000
vt 1.000000 0.250000 0.000000
vt 0.937500 0.093750 0.000000
vt 1.000000 0.500000 0.000000
vt 1.000000 0.500000 0.000000
vt 1.000000 0.250000 0.000000
vt 1.000000 0.000000 0.000000
vt 1.000000 0.750000 0.000000
vt 0.937500 0.937500 0.000000
vt 1.000000 1.000000 0.000000
vt 1.000000 0.750000 0.000000
vt 0.750000 1.000000 0.000000
vt 0.500000 1.000000 0.000000
vt 0.500000 1.000000 0.000000
vt 0.750000 1.000000 0.000000
vt 0.250000 1.000000 0.000000
vt 0.062500 0.937500 0.000000
vt 0.000000 1.000000 0.000000
vt 0.250000 1.000000 0.000000
vt 0.000000 0.750000 0.000000
vt 0.000000 0.500000 0.000000
vt 0.000000 0.500000 0.000000
vt 0.000000 0.750000 0.000000
vt 0.000000 0.250000 0.000000
vt 0.062500 0.093750 0.000000
vt 0.000000 0.000000 0.000000
vt 0.000000 0.250000 0.000000
vt 0.250000 0.125000 0.000000
vt 0.500000 0.187500 0.000000
vt 0.500000 0.250000 0.000000
vt 0.250000 0.125000 0.000000
vt 0.750000 0.125000 0.000000
vt 0.750000 0.125000 0.000000
# 434 texture coords

o Box052
g Box052
f 1741/2071 1553/2072 1461/2073 1554/2074 
f 1553/2072 1742/2075 1555/2076 1461/2073 
f 1461/2073 1555/2076 1743/2077 1556/2078 
f 1554/2074 1461/2073 1556/2078 1744/2079 
f 1742/2075 1557/2080 1465/2081 1555/2076 
f 1557/2080 1745/2082 1558/2083 1465/2081 
f 1465/2081 1558/2083 1746/2084 1559/2085 
f 1555/2076 1465/2081 1559/2085 1743/2077 
f 1743/2077 1559/2085 1466/2086 1560/2087 
f 1559/2085 1746/2084 1561/2088 1466/2086 
f 1466/2086 1561/2088 1747/2089 1562/2090 
f 1560/2087 1466/2086 1562/2090 1748/2091 
f 1744/2079 1556/2078 1467/2092 1563/2093 
f 1556/2078 1743/2077 1560/2087 1467/2092 
f 1467/2092 1560/2087 1748/2091 1564/2094 
f 1563/2093 1467/2092 1564/2094 1749/2095 
f 1750/2096 1565/2097 1473/2098 1566/2099 
f 1565/2097 1751/2100 1567/2101 1473/2098 
f 1473/2098 1567/2101 1752/2102 1568/2103 
f 1566/2099 1473/2098 1568/2103 1753/2104 
f 1751/2100 1569/2105 1478/2106 1567/2101 
f 1569/2105 1754/2107 1570/2108 1478/2106 
f 1478/2106 1570/2108 1755/2109 1571/2110 
f 1567/2101 1478/2106 1571/2110 1752/2102 
f 1752/2102 1571/2110 1464/2111 1572/2112 
f 1571/2110 1755/2109 1573/2113 1464/2111 
f 1464/2111 1573/2113 1745/2114 1557/2115 
f 1572/2112 1464/2111 1557/2115 1742/2116 
f 1753/2104 1568/2103 1463/2117 1574/2118 
f 1568/2103 1752/2102 1572/2112 1463/2117 
f 1463/2117 1572/2112 1742/2116 1553/2119 
f 1574/2118 1463/2117 1553/2119 1741/2120 
f 1754/2121 1575/2122 1480/2123 1570/2124 
f 1575/2122 1756/2125 1576/2126 1480/2123 
f 1480/2123 1576/2126 1757/2127 1577/2128 
f 1570/2124 1480/2123 1577/2128 1755/2129 
f 1756/2125 1578/2130 1482/2131 1576/2126 
f 1578/2130 1758/2132 1579/2133 1482/2131 
f 1482/2131 1579/2133 1759/2134 1580/2135 
f 1576/2126 1482/2131 1580/2135 1757/2127 
f 1757/2127 1580/2135 1470/2136 1581/2137 
f 1580/2135 1759/2134 1582/2138 1470/2136 
f 1470/2136 1582/2138 1747/2089 1561/2139 
f 1581/2137 1470/2136 1561/2139 1746/2140 
f 1755/2129 1577/2128 1469/2141 1573/2142 
f 1577/2128 1757/2127 1581/2137 1469/2141 
f 1469/2141 1581/2137 1746/2140 1558/2143 
f 1573/2142 1469/2141 1558/2143 1745/2144 
f 1758/2145 1583/2146 1484/2147 1579/2148 
f 1583/2146 1760/2149 1584/2150 1484/2147 
f 1484/2147 1584/2150 1761/2151 1585/2152 
f 1579/2148 1484/2147 1585/2152 1759/2153 
f 1760/2149 1586/2154 1486/2155 1584/2150 
f 1586/2154 1762/2156 1587/2157 1486/2155 
f 1486/2155 1587/2157 1763/2158 1588/2159 
f 1584/2150 1486/2155 1588/2159 1761/2151 
f 1761/2151 1588/2159 1472/2160 1589/2161 
f 1588/2159 1763/2158 1590/2162 1472/2160 
f 1472/2160 1590/2162 1749/2163 1564/2164 
f 1589/2161 1472/2160 1564/2164 1748/2091 
f 1759/2153 1585/2152 1471/2165 1582/2166 
f 1585/2152 1761/2151 1589/2161 1471/2165 
f 1471/2165 1589/2161 1748/2091 1562/2167 
f 1582/2166 1471/2165 1562/2167 1747/2168 
f 1762/2169 1591/2170 1488/2171 1587/2172 
f 1591/2170 1764/2173 1592/2174 1488/2171 
f 1488/2171 1592/2174 1765/2175 1593/2176 
f 1587/2172 1488/2171 1593/2176 1763/2177 
f 1764/2173 1594/2178 1474/2179 1592/2174 
f 1594/2178 1750/2180 1566/2181 1474/2179 
f 1474/2179 1566/2181 1753/2182 1595/2183 
f 1592/2174 1474/2179 1595/2183 1765/2175 
f 1765/2175 1595/2183 1462/2184 1596/2185 
f 1595/2183 1753/2182 1574/2186 1462/2184 
f 1462/2184 1574/2186 1741/2187 1554/2188 
f 1596/2185 1462/2184 1554/2188 1744/2189 
f 1763/2177 1593/2176 1468/2190 1590/2191 
f 1593/2176 1765/2175 1596/2185 1468/2190 
f 1468/2190 1596/2185 1744/2189 1563/2192 
f 1590/2191 1468/2190 1563/2192 1749/2095 
f 1766/2193 1597/2194 1489/2195 1598/2196 
f 1597/2194 1767/2197 1599/2198 1489/2195 
f 1489/2195 1599/2198 1768/2199 1600/2200 
f 1598/2196 1489/2195 1600/2200 1769/2201 
f 1767/2197 1601/2202 1491/2203 1599/2198 
f 1601/2202 1770/2204 1602/2205 1491/2203 
f 1491/2203 1602/2205 1771/2206 1603/2207 
f 1599/2198 1491/2203 1603/2207 1768/2199 
f 1770/2204 1604/2208 1495/2209 1602/2205 
f 1604/2208 1772/2210 1605/2211 1495/2209 
f 1495/2209 1605/2211 1773/2212 1606/2213 
f 1602/2205 1495/2209 1606/2213 1771/2206 
f 1772/2210 1607/2214 1497/2215 1605/2211 
f 1607/2214 1774/2216 1608/2217 1497/2215 
f 1497/2215 1608/2217 1775/2218 1609/2219 
f 1605/2211 1497/2215 1609/2219 1773/2212 
f 1774/2216 1610/2220 1499/2221 1608/2217 
f 1610/2220 1776/2222 1611/2223 1499/2221 
f 1499/2221 1611/2223 1777/2224 1612/2225 
f 1608/2217 1499/2221 1612/2225 1775/2218 
f 1776/2222 1613/2226 1501/2227 1611/2223 
f 1613/2226 1778/2228 1614/2229 1501/2227 
f 1501/2227 1614/2229 1779/2230 1615/2231 
f 1611/2223 1501/2227 1615/2231 1777/2224 
f 1778/2228 1616/2232 1503/2233 1614/2229 
f 1616/2232 1780/2234 1617/2235 1503/2233 
f 1503/2233 1617/2235 1781/2236 1618/2237 
f 1614/2229 1503/2233 1618/2237 1779/2230 
f 1780/2234 1619/2238 1490/2239 1617/2235 
f 1619/2238 1766/2193 1598/2196 1490/2239 
f 1490/2239 1598/2196 1769/2201 1620/2240 
f 1617/2235 1490/2239 1620/2240 1781/2236 
f 1782/2241 1621/2242 1505/2243 1622/2244 
f 1621/2242 1783/2245 1623/2246 1505/2243 
f 1505/2243 1623/2246 1784/2247 1624/2248 
f 1622/2244 1505/2243 1624/2248 1785/2249 
f 1786/2250 1625/2251 1508/2252 1626/2253 
f 1625/2251 1787/2254 1627/2255 1508/2252 
f 1508/2252 1627/2255 1783/2245 1621/2242 
f 1626/2253 1508/2252 1621/2242 1782/2241 
f 1788/2256 1628/2257 1515/2258 1629/2259 
f 1628/2257 1789/2260 1630/2261 1515/2258 
f 1515/2258 1630/2261 1787/2254 1625/2251 
f 1629/2259 1515/2258 1625/2251 1786/2250 
f 1790/2262 1631/2263 1518/2264 1632/2265 
f 1631/2263 1791/2266 1633/2267 1518/2264 
f 1518/2264 1633/2267 1789/2260 1628/2257 
f 1632/2265 1518/2264 1628/2257 1788/2256 
f 1792/2268 1634/2269 1521/2270 1635/2271 
f 1634/2269 1793/2272 1636/2273 1521/2270 
f 1521/2270 1636/2273 1791/2266 1631/2263 
f 1635/2271 1521/2270 1631/2263 1790/2262 
f 1794/2274 1637/2275 1524/2276 1638/2277 
f 1637/2275 1795/2278 1639/2279 1524/2276 
f 1524/2276 1639/2279 1793/2272 1634/2269 
f 1638/2277 1524/2276 1634/2269 1792/2268 
f 1796/2280 1640/2281 1527/2282 1641/2283 
f 1640/2281 1797/2284 1642/2285 1527/2282 
f 1527/2282 1642/2285 1795/2278 1637/2275 
f 1641/2283 1527/2282 1637/2275 1794/2274 
f 1785/2249 1624/2248 1512/2286 1643/2287 
f 1624/2248 1784/2247 1644/2288 1512/2286 
f 1512/2286 1644/2288 1797/2284 1640/2281 
f 1643/2287 1512/2286 1640/2281 1796/2280 
f 1798/2289 1645/2290 1529/2291 1646/2292 
f 1645/2290 1799/2293 1647/2294 1529/2291 
f 1529/2291 1647/2294 1800/2295 1648/2296 
f 1646/2292 1529/2291 1648/2296 1801/2297 
f 1802/2298 1649/2299 1530/2300 1650/2301 
f 1649/2299 1803/2302 1651/2303 1530/2300 
f 1530/2300 1651/2303 1799/2293 1645/2290 
f 1650/2301 1530/2300 1645/2290 1798/2289 
f 1804/2304 1652/2305 1535/2306 1653/2307 
f 1652/2305 1805/2308 1654/2309 1535/2306 
f 1535/2306 1654/2309 1803/2302 1649/2299 
f 1653/2307 1535/2306 1649/2299 1802/2298 
f 1806/2310 1655/2311 1537/2312 1656/2313 
f 1655/2311 1807/2314 1657/2315 1537/2312 
f 1537/2312 1657/2315 1805/2308 1652/2305 
f 1656/2313 1537/2312 1652/2305 1804/2304 
f 1808/2316 1658/2317 1539/2318 1659/2319 
f 1658/2317 1809/2320 1660/2321 1539/2318 
f 1539/2318 1660/2321 1807/2314 1655/2311 
f 1659/2319 1539/2318 1655/2311 1806/2310 
f 1810/2322 1661/2323 1541/2324 1662/2325 
f 1661/2323 1811/2326 1663/2327 1541/2324 
f 1541/2324 1663/2327 1809/2320 1658/2317 
f 1662/2325 1541/2324 1658/2317 1808/2316 
f 1812/2328 1664/2329 1543/2330 1665/2331 
f 1664/2329 1813/2332 1666/2333 1543/2330 
f 1543/2330 1666/2333 1811/2326 1661/2323 
f 1665/2331 1543/2330 1661/2323 1810/2322 
f 1801/2297 1648/2296 1534/2334 1667/2335 
f 1648/2296 1800/2295 1668/2336 1534/2334 
f 1534/2334 1668/2336 1813/2332 1664/2329 
f 1667/2335 1534/2334 1664/2329 1812/2328 
f 1814/2337 1669/2338 1545/2339 1670/2340 
f 1669/2338 1815/2341 1671/2342 1545/2339 
f 1545/2339 1671/2342 1816/2343 1672/2344 
f 1670/2340 1545/2339 1672/2344 1817/2345 
f 1817/2345 1672/2344 1547/2346 1673/2347 
f 1672/2344 1816/2343 1674/2348 1547/2346 
f 1547/2346 1674/2348 1818/2349 1675/2350 
f 1673/2347 1547/2346 1675/2350 1819/2351 
f 1819/2351 1675/2350 1548/2352 1676/2353 
f 1675/2350 1818/2349 1677/2354 1548/2352 
f 1548/2352 1677/2354 1820/2355 1678/2356 
f 1676/2353 1548/2352 1678/2356 1821/2357 
f 1821/2357 1678/2356 1549/2358 1679/2359 
f 1678/2356 1820/2355 1680/2360 1549/2358 
f 1549/2358 1680/2360 1822/2361 1681/2362 
f 1679/2359 1549/2358 1681/2362 1823/2363 
f 1823/2363 1681/2362 1550/2364 1682/2365 
f 1681/2362 1822/2361 1683/2366 1550/2364 
f 1550/2364 1683/2366 1824/2367 1684/2368 
f 1682/2365 1550/2364 1684/2368 1825/2369 
f 1825/2369 1684/2368 1551/2370 1685/2371 
f 1684/2368 1824/2367 1686/2372 1551/2370 
f 1551/2370 1686/2372 1826/2373 1687/2374 
f 1685/2371 1551/2370 1687/2374 1827/2375 
f 1827/2375 1687/2374 1552/2376 1688/2377 
f 1687/2374 1826/2373 1689/2378 1552/2376 
f 1552/2376 1689/2378 1828/2379 1690/2380 
f 1688/2377 1552/2376 1690/2380 1829/2381 
f 1829/2381 1690/2380 1546/2382 1691/2383 
f 1690/2380 1828/2379 1692/2384 1546/2382 
f 1546/2382 1692/2384 1815/2341 1669/2338 
f 1691/2383 1546/2382 1669/2338 1814/2337 
f 1799/2293 1693/2385 1532/2386 1647/2294 
f 1693/2385 1816/2343 1671/2342 1532/2386 
f 1532/2386 1671/2342 1815/2341 1694/2387 
f 1647/2294 1532/2386 1694/2387 1800/2295 
f 1803/2302 1695/2388 1531/2389 1651/2303 
f 1695/2388 1818/2349 1674/2348 1531/2389 
f 1531/2389 1674/2348 1816/2343 1693/2385 
f 1651/2303 1531/2389 1693/2385 1799/2293 
f 1805/2308 1696/2390 1536/2391 1654/2309 
f 1696/2390 1820/2355 1677/2354 1536/2391 
f 1536/2391 1677/2354 1818/2349 1695/2388 
f 1654/2309 1536/2391 1695/2388 1803/2302 
f 1807/2314 1697/2392 1538/2393 1657/2315 
f 1697/2392 1822/2361 1680/2360 1538/2393 
f 1538/2393 1680/2360 1820/2355 1696/2390 
f 1657/2315 1538/2393 1696/2390 1805/2308 
f 1809/2320 1698/2394 1540/2395 1660/2321 
f 1698/2394 1824/2367 1683/2366 1540/2395 
f 1540/2395 1683/2366 1822/2361 1697/2392 
f 1660/2321 1540/2395 1697/2392 1807/2314 
f 1811/2326 1699/2396 1542/2397 1663/2327 
f 1699/2396 1826/2373 1686/2372 1542/2397 
f 1542/2397 1686/2372 1824/2367 1698/2394 
f 1663/2327 1542/2397 1698/2394 1809/2320 
f 1813/2332 1700/2398 1544/2399 1666/2333 
f 1700/2398 1828/2379 1689/2378 1544/2399 
f 1544/2399 1689/2378 1826/2373 1699/2396 
f 1666/2333 1544/2399 1699/2396 1811/2326 
f 1800/2295 1694/2387 1533/2400 1668/2336 
f 1694/2387 1815/2341 1692/2384 1533/2400 
f 1533/2400 1692/2384 1828/2379 1700/2398 
f 1668/2336 1533/2400 1700/2398 1813/2332 
f 1768/2199 1701/2401 1493/2402 1600/2200 
f 1701/2401 1798/2289 1646/2292 1493/2402 
f 1493/2402 1646/2292 1801/2297 1702/2403 
f 1600/2200 1493/2402 1702/2403 1769/2201 
f 1771/2206 1703/2404 1492/2405 1603/2207 
f 1703/2404 1802/2298 1650/2301 1492/2405 
f 1492/2405 1650/2301 1798/2289 1701/2401 
f 1603/2207 1492/2405 1701/2401 1768/2199 
f 1773/2212 1704/2406 1496/2407 1606/2213 
f 1704/2406 1804/2304 1653/2307 1496/2407 
f 1496/2407 1653/2307 1802/2298 1703/2404 
f 1606/2213 1496/2407 1703/2404 1771/2206 
f 1775/2218 1705/2408 1498/2409 1609/2219 
f 1705/2408 1806/2310 1656/2313 1498/2409 
f 1498/2409 1656/2313 1804/2304 1704/2406 
f 1609/2219 1498/2409 1704/2406 1773/2212 
f 1777/2224 1706/2410 1500/2411 1612/2225 
f 1706/2410 1808/2316 1659/2319 1500/2411 
f 1500/2411 1659/2319 1806/2310 1705/2408 
f 1612/2225 1500/2411 1705/2408 1775/2218 
f 1779/2230 1707/2412 1502/2413 1615/2231 
f 1707/2412 1810/2322 1662/2325 1502/2413 
f 1502/2413 1662/2325 1808/2316 1706/2410 
f 1615/2231 1502/2413 1706/2410 1777/2224 
f 1781/2236 1708/2414 1504/2415 1618/2237 
f 1708/2414 1812/2328 1665/2331 1504/2415 
f 1504/2415 1665/2331 1810/2322 1707/2412 
f 1618/2237 1504/2415 1707/2412 1779/2230 
f 1769/2201 1702/2403 1494/2416 1620/2240 
f 1702/2403 1801/2297 1667/2335 1494/2416 
f 1494/2416 1667/2335 1812/2328 1708/2414 
f 1620/2240 1494/2416 1708/2414 1781/2236 
f 1785/2249 1709/2417 1506/2418 1622/2244 
f 1709/2417 1814/2337 1670/2340 1506/2418 
f 1506/2418 1670/2340 1817/2345 1710/2419 
f 1622/2244 1506/2418 1710/2419 1782/2241 
f 1782/2241 1710/2419 1507/2420 1626/2253 
f 1710/2419 1817/2345 1673/2347 1507/2420 
f 1507/2420 1673/2347 1819/2351 1711/2421 
f 1626/2253 1507/2420 1711/2421 1786/2250 
f 1786/2250 1711/2421 1514/2422 1629/2259 
f 1711/2421 1819/2351 1676/2353 1514/2422 
f 1514/2422 1676/2353 1821/2357 1712/2423 
f 1629/2259 1514/2422 1712/2423 1788/2256 
f 1788/2256 1712/2423 1517/2424 1632/2265 
f 1712/2423 1821/2357 1679/2359 1517/2424 
f 1517/2424 1679/2359 1823/2363 1713/2425 
f 1632/2265 1517/2424 1713/2425 1790/2262 
f 1790/2262 1713/2425 1520/2426 1635/2271 
f 1713/2425 1823/2363 1682/2365 1520/2426 
f 1520/2426 1682/2365 1825/2369 1714/2427 
f 1635/2271 1520/2426 1714/2427 1792/2268 
f 1792/2268 1714/2427 1523/2428 1638/2277 
f 1714/2427 1825/2369 1685/2371 1523/2428 
f 1523/2428 1685/2371 1827/2375 1715/2429 
f 1638/2277 1523/2428 1715/2429 1794/2274 
f 1794/2274 1715/2429 1526/2430 1641/2283 
f 1715/2429 1827/2375 1688/2377 1526/2430 
f 1526/2430 1688/2377 1829/2381 1716/2431 
f 1641/2283 1526/2430 1716/2431 1796/2280 
f 1796/2280 1716/2431 1513/2432 1643/2287 
f 1716/2431 1829/2381 1691/2383 1513/2432 
f 1513/2432 1691/2383 1814/2337 1709/2417 
f 1643/2287 1513/2432 1709/2417 1785/2249 
f 1766/2433 1717/2434 1475/2435 1597/2436 
f 1717/2434 1750/2180 1594/2178 1475/2435 
f 1475/2435 1594/2178 1764/2173 1718/2437 
f 1597/2436 1475/2435 1718/2437 1767/2438 
f 1780/2234 1719/2439 1476/2440 1619/2238 
f 1719/2439 1751/2100 1565/2441 1476/2440 
f 1476/2440 1565/2441 1750/2180 1717/2442 
f 1619/2238 1476/2440 1717/2442 1766/2193 
f 1767/2443 1718/2437 1487/2444 1601/2445 
f 1718/2437 1764/2173 1591/2170 1487/2444 
f 1487/2444 1591/2170 1762/2169 1720/2446 
f 1601/2445 1487/2444 1720/2446 1770/2447 
f 1770/2448 1720/2449 1485/2450 1604/2451 
f 1720/2449 1762/2156 1586/2154 1485/2450 
f 1485/2450 1586/2154 1760/2149 1721/2452 
f 1604/2451 1485/2450 1721/2452 1772/2453 
f 1772/2454 1721/2452 1483/2455 1607/2456 
f 1721/2452 1760/2149 1583/2146 1483/2455 
f 1483/2455 1583/2146 1758/2145 1722/2457 
f 1607/2456 1483/2455 1722/2457 1774/2458 
f 1774/2459 1722/2460 1481/2461 1610/2462 
f 1722/2460 1758/2132 1578/2130 1481/2461 
f 1481/2461 1578/2130 1756/2125 1723/2463 
f 1610/2462 1481/2461 1723/2463 1776/2464 
f 1776/2465 1723/2463 1479/2466 1613/2467 
f 1723/2463 1756/2125 1575/2122 1479/2466 
f 1479/2466 1575/2122 1754/2121 1724/2468 
f 1613/2467 1479/2466 1724/2468 1778/2469 
f 1778/2228 1724/2470 1477/2471 1616/2232 
f 1724/2470 1754/2121 1569/2472 1477/2471 
f 1477/2471 1569/2472 1751/2100 1719/2439 
f 1616/2232 1477/2471 1719/2439 1780/2234 
f 1784/2247 1623/2246 1510/2473 1725/2474 
f 1623/2246 1783/2245 1726/2475 1510/2473 
f 1510/2473 1726/2475 1830/2476 1727/2477 
f 1725/2474 1510/2473 1727/2477 1831/2478 
f 1783/2245 1627/2255 1509/2479 1726/2475 
f 1627/2255 1787/2254 1728/2480 1509/2479 
f 1509/2479 1728/2480 1832/2481 1729/2482 
f 1726/2475 1509/2479 1729/2482 1830/2476 
f 1787/2254 1630/2261 1516/2483 1728/2480 
f 1630/2261 1789/2260 1730/2484 1516/2483 
f 1516/2483 1730/2484 1833/2485 1731/2486 
f 1728/2480 1516/2483 1731/2486 1832/2481 
f 1789/2260 1633/2267 1519/2487 1730/2484 
f 1633/2267 1791/2266 1732/2488 1519/2487 
f 1519/2487 1732/2488 1834/2489 1733/2490 
f 1730/2484 1519/2487 1733/2490 1833/2485 
f 1791/2266 1636/2273 1522/2491 1732/2488 
f 1636/2273 1793/2272 1734/2492 1522/2491 
f 1522/2491 1734/2492 1835/2493 1735/2494 
f 1732/2488 1522/2491 1735/2494 1834/2489 
f 1793/2272 1639/2279 1525/2495 1734/2492 
f 1639/2279 1795/2278 1736/2496 1525/2495 
f 1525/2495 1736/2496 1836/2497 1737/2498 
f 1734/2492 1525/2495 1737/2498 1835/2493 
f 1795/2278 1642/2285 1528/2499 1736/2496 
f 1642/2285 1797/2284 1738/2500 1528/2499 
f 1528/2499 1738/2500 1837/2501 1739/2502 
f 1736/2496 1528/2499 1739/2502 1836/2497 
f 1797/2284 1644/2288 1511/2503 1738/2500 
f 1644/2288 1784/2247 1725/2474 1511/2503 
f 1511/2503 1725/2474 1831/2478 1740/2504 
f 1738/2500 1511/2503 1740/2504 1837/2501 
# 368 polygons

#
# object Box049
#

v  19.402834 2.916384 5.893729
v  21.811121 2.916384 5.893729
v  19.416855 2.916384 3.049001
v  21.825142 2.916384 3.049001
v  19.402834 3.734608 5.893729
v  21.811121 3.734608 5.893729
v  19.416855 3.734608 3.049001
v  21.825142 3.734608 3.049001
v  19.523989 3.734608 5.743729
v  21.691444 3.734608 5.743729
v  21.703987 3.734608 3.199000
v  19.536531 3.734608 3.199000
v  19.523989 3.052755 5.743729
v  21.691444 3.052755 5.743729
v  21.703987 3.052755 3.199000
v  19.536531 3.052755 3.199000
v  19.523989 2.916384 5.743729
v  19.536531 2.916384 3.199000
v  21.703987 2.916384 3.199000
v  21.691444 2.916384 5.743729
v  19.523989 2.970933 5.743729
v  19.536531 2.970933 3.199000
v  21.703987 2.970933 3.199000
v  21.691444 2.970933 5.743729
# 24 vertices

vt 1.000000 0.000000 0.000000
vt 0.000000 0.000000 0.000000
vt 1.000000 1.000000 0.000000
vt 0.000000 1.000000 0.000000
vt 0.000000 0.000000 0.000000
vt 1.000000 0.000000 0.000000
vt 0.000000 1.000000 0.000000
vt 1.000000 1.000000 0.000000
vt 0.000000 0.000000 0.000000
vt 1.000000 0.000000 0.000000
vt 0.000000 1.000000 0.000000
vt 1.000000 1.000000 0.000000
vt 0.000000 0.000000 0.000000
vt 1.000000 0.000000 0.000000
vt 0.000000 1.000000 0.000000
vt 1.000000 1.000000 0.000000
vt 0.000000 0.000000 0.000000
vt 1.000000 0.000000 0.000000
vt 0.000000 1.000000 0.000000
vt 1.000000 1.000000 0.000000
vt 0.000000 0.000000 0.000000
vt 1.000000 0.000000 0.000000
vt 0.000000 1.000000 0.000000
vt 1.000000 1.000000 0.000000
vt 0.000000 0.000000 0.000000
vt 1.000000 0.000000 0.000000
vt 1.000000 1.000000 0.000000
vt 0.000000 1.000000 0.000000
vt 0.000000 0.000000 0.000000
vt 1.000000 0.000000 0.000000
vt 1.000000 1.000000 0.000000
vt 0.000000 1.000000 0.000000
vt 1.000000 0.000000 0.000000
vt 1.000000 1.000000 0.000000
vt 0.000000 1.000000 0.000000
vt 0.000000 0.000000 0.000000
vt 1.000000 0.000000 0.000000
vt 1.000000 1.000000 0.000000
vt 0.000000 1.000000 0.000000
vt 0.000000 0.000000 0.000000
# 40 texture coords

o Box049
g Box049
f 1858/2541 1859/2542 1860/2543 1861/2544 
f 1850/2533 1851/2534 1852/2535 1853/2536 
f 1838/2513 1839/2514 1843/2516 1842/2515 
f 1839/2517 1841/2518 1845/2520 1843/2519 
f 1841/2521 1840/2522 1844/2524 1845/2523 
f 1840/2525 1838/2526 1842/2528 1844/2527 
f 1842/2509 1843/2510 1847/2530 1846/2529 
f 1843/2510 1845/2512 1848/2531 1847/2530 
f 1845/2512 1844/2511 1849/2532 1848/2531 
f 1844/2511 1842/2509 1846/2529 1849/2532 
f 1846/2529 1847/2530 1851/2534 1850/2533 
f 1847/2530 1848/2531 1852/2535 1851/2534 
f 1848/2531 1849/2532 1853/2536 1852/2535 
f 1849/2532 1846/2529 1850/2533 1853/2536 
f 1838/2505 1840/2507 1855/2538 1854/2537 
f 1840/2507 1841/2508 1856/2539 1855/2538 
f 1841/2508 1839/2506 1857/2540 1856/2539 
f 1839/2506 1838/2505 1854/2537 1857/2540 
f 1854/2537 1855/2538 1859/2542 1858/2541 
f 1855/2538 1856/2539 1860/2543 1859/2542 
f 1856/2539 1857/2540 1861/2544 1860/2543 
f 1857/2540 1854/2537 1858/2541 1861/2544 
# 22 polygons

#
# object Box053
#

v  20.583794 2.350793 6.150033
v  20.538094 2.348560 6.107655
v  20.581560 2.305093 6.107655
v  20.646441 2.305093 6.107655
v  20.644207 2.350793 6.150033
v  20.644207 2.411207 6.150033
v  20.583794 2.411207 6.150033
v  20.538094 2.413440 6.107655
v  20.689907 2.348560 6.107655
v  20.689907 2.413440 6.107655
v  20.646441 2.456908 6.107655
v  20.581560 2.456908 6.107655
v  20.580929 2.303613 6.042054
v  20.536613 2.347929 6.042054
v  20.550608 2.354024 6.007548
v  20.587025 2.317608 6.007548
v  20.640976 2.317608 6.007548
v  20.647072 2.303613 6.042054
v  20.677393 2.354024 6.007548
v  20.691387 2.347929 6.042054
v  20.677393 2.407976 6.007548
v  20.691387 2.414071 6.042054
v  20.640976 2.444392 6.007548
v  20.647072 2.458387 6.042054
v  20.587025 2.444392 6.007548
v  20.580929 2.458387 6.042054
v  20.550608 2.407976 6.007548
v  20.536613 2.414071 6.042054
v  20.541840 2.350293 5.992671
v  20.583292 2.308840 5.992671
v  20.541840 2.411707 5.992671
v  20.533381 2.415318 5.976333
v  20.533381 2.346683 5.976333
v  20.579683 2.300380 5.976333
v  20.583292 2.453161 5.992671
v  20.579683 2.461620 5.976333
v  20.644709 2.453161 5.992671
v  20.648317 2.461620 5.976333
v  20.686161 2.411707 5.992671
v  20.694620 2.415318 5.976333
v  20.686161 2.350293 5.992671
v  20.694620 2.346683 5.976333
v  20.644709 2.308840 5.992671
v  20.648317 2.300380 5.976333
v  20.531960 2.346089 5.904873
v  20.532814 2.346443 5.924989
v  20.532814 2.415557 5.924989
v  20.531960 2.415911 5.904873
v  20.531960 2.415911 5.885299
v  20.531960 2.346089 5.885299
v  20.579088 2.298959 5.885299
v  20.579088 2.298959 5.904873
v  20.579443 2.299814 5.924989
v  20.579443 2.462186 5.924989
v  20.579088 2.463042 5.904873
v  20.579088 2.463042 5.885299
v  20.648558 2.462186 5.924989
v  20.648912 2.463042 5.904873
v  20.648912 2.463042 5.885299
v  20.695187 2.415557 5.924989
v  20.696041 2.415911 5.904873
v  20.696041 2.415911 5.885299
v  20.695187 2.346443 5.924989
v  20.696041 2.346089 5.904873
v  20.696041 2.346089 5.885299
v  20.648558 2.299814 5.924989
v  20.648912 2.298959 5.904873
v  20.648912 2.298959 5.885299
v  20.540419 2.349593 5.961780
v  20.540419 2.412407 5.961780
v  20.547169 2.409611 5.947456
v  20.547169 2.352389 5.947456
v  20.585390 2.314169 5.947456
v  20.582594 2.307419 5.961780
v  20.582594 2.454581 5.961780
v  20.585390 2.447831 5.947456
v  20.645407 2.454581 5.961780
v  20.642611 2.447831 5.947456
v  20.687582 2.412407 5.961780
v  20.680832 2.409611 5.947456
v  20.687582 2.349593 5.961780
v  20.680832 2.352389 5.947456
v  20.645407 2.307419 5.961780
v  20.642611 2.314169 5.947456
v  20.540419 2.349593 5.936415
v  20.582594 2.307419 5.936415
v  20.540419 2.412407 5.936415
v  20.582594 2.454581 5.936415
v  20.645407 2.454581 5.936415
v  20.687582 2.412407 5.936415
v  20.687582 2.349593 5.936415
v  20.645407 2.307419 5.936415
v  20.585484 2.324264 6.134297
v  20.557264 2.352484 6.134297
v  20.614000 2.348543 6.155175
v  20.581543 2.381000 6.155175
v  20.642517 2.324264 6.134297
v  20.670736 2.352484 6.134297
v  20.646458 2.381000 6.155175
v  20.614000 2.413457 6.155175
v  20.670736 2.409516 6.134297
v  20.642517 2.437736 6.134297
v  20.557264 2.409516 6.134297
v  20.585484 2.437736 6.134297
v  20.585503 2.314118 6.016674
v  20.553314 2.320315 6.042052
v  20.614000 2.297991 6.042056
v  20.578037 2.296976 6.075207
v  20.642498 2.314118 6.016674
v  20.674686 2.320315 6.042052
v  20.649963 2.296976 6.075207
v  20.614000 2.299579 6.109905
v  20.673527 2.321473 6.105406
v  20.554474 2.321473 6.105406
v  20.680882 2.352503 6.016674
v  20.697010 2.381000 6.042056
v  20.698025 2.345037 6.075207
v  20.680882 2.409497 6.016674
v  20.674686 2.441685 6.042052
v  20.698025 2.416964 6.075207
v  20.695421 2.381000 6.109905
v  20.673527 2.440527 6.105406
v  20.642498 2.447882 6.016674
v  20.614000 2.464010 6.042056
v  20.649963 2.465024 6.075207
v  20.585503 2.447882 6.016674
v  20.553314 2.441685 6.042052
v  20.578037 2.465024 6.075207
v  20.614000 2.462421 6.109905
v  20.554474 2.440527 6.105406
v  20.547119 2.409497 6.016674
v  20.530991 2.381000 6.042056
v  20.529976 2.416964 6.075207
v  20.547119 2.352503 6.016674
v  20.529976 2.345037 6.075207
v  20.532579 2.381000 6.109905
v  20.548407 2.353088 6.003330
v  20.557575 2.324576 5.992670
v  20.536467 2.381000 5.992673
v  20.535351 2.347528 5.981648
v  20.548407 2.408912 6.003330
v  20.557575 2.437424 5.992670
v  20.535351 2.414472 5.981648
v  20.586088 2.446594 6.003330
v  20.614000 2.458533 5.992673
v  20.580528 2.459650 5.981648
v  20.641912 2.446594 6.003330
v  20.670425 2.437424 5.992670
v  20.647472 2.459650 5.981648
v  20.679594 2.408912 6.003330
v  20.691534 2.381000 5.992673
v  20.692650 2.414472 5.981648
v  20.679594 2.353088 6.003330
v  20.670425 2.324576 5.992670
v  20.692650 2.347528 5.981648
v  20.641912 2.315406 6.003330
v  20.614000 2.303467 5.992673
v  20.647472 2.302350 5.981648
v  20.586088 2.315406 6.003330
v  20.580528 2.302350 5.981648
v  20.525848 2.381000 5.904873
v  20.532173 2.346177 5.918652
v  20.531960 2.346089 5.891230
v  20.549850 2.316850 5.904873
v  20.549850 2.445150 5.904873
v  20.532173 2.415823 5.918652
v  20.531960 2.415911 5.891230
v  20.614000 2.469151 5.904873
v  20.579178 2.462828 5.918652
v  20.579088 2.463042 5.891230
v  20.678150 2.445150 5.904873
v  20.648823 2.462828 5.918652
v  20.648912 2.463042 5.891230
v  20.702152 2.381000 5.904873
v  20.695827 2.415823 5.918652
v  20.696041 2.415911 5.891230
v  20.678150 2.316850 5.904873
v  20.695827 2.346177 5.918652
v  20.696041 2.346089 5.891230
v  20.614000 2.292849 5.904873
v  20.648823 2.299172 5.918652
v  20.648912 2.298959 5.891230
v  20.579178 2.299172 5.918652
v  20.579088 2.298959 5.891230
v  20.535036 2.381000 5.961780
v  20.535284 2.347468 5.971464
v  20.545483 2.351690 5.952154
v  20.556347 2.323346 5.961780
v  20.556347 2.438654 5.961780
v  20.535284 2.414532 5.971464
v  20.545483 2.410310 5.952154
v  20.614000 2.459965 5.961780
v  20.580467 2.459716 5.971464
v  20.584690 2.449519 5.952154
v  20.671654 2.438654 5.961780
v  20.647533 2.459716 5.971464
v  20.643311 2.449519 5.952154
v  20.692965 2.381000 5.961780
v  20.692717 2.414532 5.971464
v  20.682518 2.410310 5.952154
v  20.671654 2.323346 5.961780
v  20.692717 2.347468 5.971464
v  20.682518 2.351690 5.952154
v  20.614000 2.302036 5.961780
v  20.647533 2.302284 5.971464
v  20.643311 2.312481 5.952154
v  20.580467 2.302284 5.971464
v  20.584690 2.312481 5.952154
v  20.556347 2.323346 5.936415
v  20.535143 2.347408 5.929154
v  20.545483 2.351690 5.943579
v  20.535036 2.381000 5.936415
v  20.535143 2.414592 5.929154
v  20.545483 2.410310 5.943579
v  20.556347 2.438654 5.936415
v  20.580408 2.459857 5.929154
v  20.584690 2.449519 5.943579
v  20.614000 2.459965 5.936415
v  20.647593 2.459857 5.929154
v  20.643311 2.449519 5.943579
v  20.671654 2.438654 5.936415
v  20.692858 2.414592 5.929154
v  20.682518 2.410310 5.943579
v  20.692965 2.381000 5.936415
v  20.692858 2.347408 5.929154
v  20.682518 2.351690 5.943579
v  20.671654 2.323346 5.936415
v  20.647593 2.302143 5.929154
v  20.643311 2.312481 5.943579
v  20.614000 2.302036 5.936415
v  20.580408 2.302143 5.929154
v  20.584690 2.312481 5.943579
v  20.542364 2.381000 5.947456
v  20.561529 2.328529 5.947456
v  20.561529 2.433471 5.947456
v  20.614000 2.452636 5.947456
v  20.666471 2.433471 5.947456
v  20.685637 2.381000 5.947456
v  20.666471 2.328529 5.947456
v  20.614000 2.309364 5.947456
v  20.527388 2.381000 5.976336
v  20.550949 2.317948 5.976330
v  20.550949 2.444052 5.976330
v  20.614000 2.467613 5.976336
v  20.677052 2.444052 5.976330
v  20.700613 2.381000 5.976336
v  20.677052 2.317948 5.976330
v  20.614000 2.294387 5.976336
v  20.550508 2.317507 5.924989
v  20.526777 2.381000 5.924989
v  20.550508 2.444493 5.924989
v  20.614000 2.468222 5.924989
v  20.677492 2.444493 5.924989
v  20.701223 2.381000 5.924989
v  20.677492 2.317507 5.924989
v  20.614000 2.293778 5.924989
v  20.564432 2.331432 6.007547
v  20.545889 2.381000 6.007549
v  20.614000 2.312888 6.007549
v  20.564432 2.430568 6.007547
v  20.614000 2.449112 6.007549
v  20.663568 2.430568 6.007547
v  20.682112 2.381000 6.007549
v  20.663568 2.331432 6.007547
v  20.549850 2.316850 5.885299
v  20.525848 2.381000 5.885299
v  20.531960 2.346089 5.883224
v  20.549850 2.445150 5.885299
v  20.531960 2.415911 5.883224
v  20.614000 2.469151 5.885299
v  20.579088 2.463042 5.883224
v  20.678150 2.445150 5.885299
v  20.648912 2.463042 5.883224
v  20.702152 2.381000 5.885299
v  20.696041 2.415911 5.883224
v  20.678150 2.316850 5.885299
v  20.696041 2.346089 5.883224
v  20.614000 2.292849 5.885299
v  20.648912 2.298959 5.883224
v  20.579088 2.298959 5.883224
v  20.565048 2.332049 6.125628
v  20.614000 2.320074 6.138394
v  20.614000 2.381000 6.160638
v  20.553074 2.381000 6.138394
v  20.662952 2.332049 6.125628
v  20.674927 2.381000 6.138394
v  20.662952 2.429951 6.125628
v  20.614000 2.441926 6.138394
v  20.565048 2.429951 6.125628
v  20.561659 2.328659 6.016672
v  20.614000 2.309175 6.016676
v  20.614000 2.290928 6.075770
v  20.548040 2.315040 6.074645
v  20.666342 2.328659 6.016672
v  20.679960 2.315040 6.074645
v  20.685825 2.381000 6.016676
v  20.704073 2.381000 6.075770
v  20.666342 2.433342 6.016672
v  20.679960 2.446960 6.074645
v  20.614000 2.452826 6.016677
v  20.614000 2.471072 6.075770
v  20.561659 2.433342 6.016672
v  20.548040 2.446960 6.074645
v  20.542175 2.381000 6.016676
v  20.523928 2.381000 6.075770
v  20.562712 2.329711 6.003330
v  20.543522 2.381000 6.003329
v  20.529497 2.381000 5.981652
v  20.552498 2.319497 5.981644
v  20.562712 2.432289 6.003330
v  20.552498 2.442503 5.981644
v  20.614000 2.451478 6.003329
v  20.614000 2.465503 5.981652
v  20.665289 2.432289 6.003330
v  20.675503 2.442503 5.981644
v  20.684479 2.381000 6.003329
v  20.698503 2.381000 5.981652
v  20.665289 2.329711 6.003330
v  20.675503 2.319497 5.981644
v  20.614000 2.310522 6.003329
v  20.614000 2.296497 5.981652
v  20.526081 2.381000 5.918652
v  20.525848 2.381000 5.891230
v  20.549850 2.316850 5.891230
v  20.550014 2.317015 5.918652
v  20.550014 2.444985 5.918652
v  20.549850 2.445150 5.891230
v  20.614000 2.468919 5.918652
v  20.614000 2.469151 5.891230
v  20.677986 2.444985 5.918652
v  20.678150 2.445150 5.891230
v  20.701920 2.381000 5.918652
v  20.702152 2.381000 5.891230
v  20.677986 2.317015 5.918652
v  20.678150 2.316850 5.891230
v  20.614000 2.293081 5.918652
v  20.614000 2.292849 5.891230
v  20.529459 2.381000 5.971465
v  20.540533 2.381000 5.952154
v  20.560234 2.327233 5.952154
v  20.552406 2.319406 5.971463
v  20.552406 2.442594 5.971463
v  20.560234 2.434767 5.952154
v  20.614000 2.465541 5.971465
v  20.614000 2.454468 5.952154
v  20.675594 2.442594 5.971463
v  20.667767 2.434767 5.952154
v  20.698542 2.381000 5.971465
v  20.687468 2.381000 5.952154
v  20.675594 2.319406 5.971463
v  20.667767 2.327233 5.952154
v  20.614000 2.296459 5.971465
v  20.614000 2.307532 5.952154
v  20.552296 2.319295 5.929154
v  20.560234 2.327233 5.943579
v  20.540533 2.381000 5.943579
v  20.529306 2.381000 5.929154
v  20.560234 2.434767 5.943579
v  20.552296 2.442705 5.929154
v  20.614000 2.454468 5.943579
v  20.614000 2.465693 5.929154
v  20.667767 2.434767 5.943579
v  20.675705 2.442705 5.929154
v  20.687468 2.381000 5.943579
v  20.698694 2.381000 5.929154
v  20.667767 2.327233 5.943579
v  20.675705 2.319295 5.929154
v  20.614000 2.307532 5.943579
v  20.614000 2.296307 5.929154
v  20.525848 2.381000 5.883224
v  20.549850 2.316850 5.883224
v  20.549850 2.445150 5.883224
v  20.614000 2.469151 5.883224
v  20.678150 2.445150 5.883224
v  20.702152 2.381000 5.883224
v  20.678150 2.316850 5.883224
v  20.614000 2.292849 5.883224
# 377 vertices

vt 0.000000 0.000000 0.000000
vt 0.250000 0.000000 0.000000
vt 0.250000 0.250000 0.000000
vt 0.000000 0.250000 0.000000
vt 0.500000 0.000000 0.000000
vt 0.500000 0.250000 0.000000
vt 0.500000 0.476563 0.000000
vt 0.250000 0.484375 0.000000
vt 0.000000 0.500000 0.000000
vt 0.750000 0.000000 0.000000
vt 0.750000 0.250000 0.000000
vt 1.000000 0.000000 0.000000
vt 1.000000 0.250000 0.000000
vt 1.000000 0.500000 0.000000
vt 0.750000 0.484375 0.000000
vt 0.750000 0.687500 0.000000
vt 0.500000 0.656250 0.000000
vt 1.000000 0.750000 0.000000
vt 1.000000 1.000000 0.000000
vt 0.750000 0.781250 0.000000
vt 0.500000 0.734375 0.000000
vt 0.250000 0.687500 0.000000
vt 0.000000 0.750000 0.000000
vt 0.250000 0.781250 0.000000
vt 0.000000 1.000000 0.000000
vt 0.000000 0.007367 0.000000
vt 0.250000 0.176039 0.000000
vt 0.250000 0.315276 0.000000
vt 0.000000 0.269088 0.000000
vt 0.500000 0.230046 0.000000
vt 0.500000 0.346073 0.000000
vt 0.500000 0.524018 0.000000
vt 0.250000 0.516319 0.000000
vt 0.000000 0.504772 0.000000
vt 0.750000 0.176039 0.000000
vt 0.750000 0.315276 0.000000
vt 1.000000 0.007367 0.000000
vt 1.000000 0.269088 0.000000
vt 1.000000 0.504772 0.000000
vt 0.750000 0.516319 0.000000
vt 0.750000 0.750000 0.000000
vt 0.500000 0.750000 0.000000
vt 1.000000 0.750000 0.000000
vt 1.000000 1.000000 0.000000
vt 0.750000 1.000000 0.000000
vt 0.500000 1.000000 0.000000
vt 0.250000 0.750000 0.000000
vt 0.000000 0.750000 0.000000
vt 0.250000 1.000000 0.000000
vt 0.000000 1.000000 0.000000
vt 0.000000 0.007367 0.000000
vt 0.250024 0.067613 0.000000
vt 0.250000 0.253711 0.000000
vt 0.000000 0.269088 0.000000
vt 0.500000 0.067633 0.000000
vt 0.500000 0.253724 0.000000
vt 0.500000 0.500931 0.000000
vt 0.250000 0.500928 0.000000
vt 0.000000 0.504772 0.000000
vt 0.749976 0.067613 0.000000
vt 0.750000 0.253711 0.000000
vt 1.000000 0.067593 0.000000
vt 1.000000 0.253697 0.000000
vt 1.000000 0.497018 0.000000
vt 0.750000 0.500928 0.000000
vt 0.750000 0.750000 0.000000
vt 0.500000 0.750000 0.000000
vt 1.000000 0.734375 0.000000
vt 0.750000 1.000000 0.000000
vt 0.500000 1.000000 0.000000
vt 0.250000 0.750000 0.000000
vt 0.000000 0.750000 0.000000
vt 0.250000 1.000000 0.000000
vt 0.000000 1.000000 0.000000
vt 0.000000 0.067593 0.000000
vt 0.250024 0.067613 0.000000
vt 0.250000 0.253711 0.000000
vt 0.000000 0.253697 0.000000
vt 0.500000 0.067633 0.000000
vt 0.500000 0.253724 0.000000
vt 0.500000 0.477494 0.000000
vt 0.250000 0.485303 0.000000
vt 0.000000 0.497018 0.000000
vt 0.749976 0.067613 0.000000
vt 0.750000 0.253711 0.000000
vt 1.000000 0.067593 0.000000
vt 1.000000 0.253697 0.000000
vt 1.000000 0.497018 0.000000
vt 0.750000 0.485303 0.000000
vt 0.750000 0.687500 0.000000
vt 0.500000 0.656250 0.000000
vt 1.000000 0.734375 0.000000
vt 1.000000 1.000000 0.000000
vt 0.750000 0.781250 0.000000
vt 0.250000 0.687500 0.000000
vt 0.000000 0.734375 0.000000
vt 0.250000 0.781250 0.000000
vt 0.000000 1.000000 0.000000
vt 0.000000 0.067593 0.000000
vt 0.250024 0.067613 0.000000
vt 0.250000 0.253711 0.000000
vt 0.000000 0.253697 0.000000
vt 0.500000 0.067633 0.000000
vt 0.500000 0.253724 0.000000
vt 0.500000 0.500931 0.000000
vt 0.250000 0.500928 0.000000
vt 0.000000 0.497018 0.000000
vt 0.749976 0.067613 0.000000
vt 0.750000 0.253711 0.000000
vt 1.000000 0.007367 0.000000
vt 1.000000 0.269088 0.000000
vt 1.000000 0.504772 0.000000
vt 0.750000 0.500928 0.000000
vt 0.750000 0.750000 0.000000
vt 0.500000 0.750000 0.000000
vt 1.000000 0.750000 0.000000
vt 1.000000 1.000000 0.000000
vt 0.750000 1.000000 0.000000
vt 0.500000 1.000000 0.000000
vt 0.250000 0.750000 0.000000
vt 0.000000 0.734375 0.000000
vt 0.250000 1.000000 0.000000
vt 1.000000 0.000000 0.000000
vt 1.000000 0.250000 0.000000
vt 1.000000 0.250000 0.000000
vt 0.937500 0.093750 0.000000
vt 1.000000 0.500000 0.000000
vt 1.000000 0.500000 0.000000
vt 1.000000 0.500000 0.000000
vt 1.000000 0.250000 0.000000
vt 0.937500 0.093750 0.000000
vt 1.000000 0.750000 0.000000
vt 1.000000 0.750000 0.000000
vt 1.000000 1.000000 0.000000
vt 0.937500 0.937500 0.000000
vt 0.937500 0.937500 0.000000
vt 1.000000 0.750000 0.000000
vt 0.750000 1.000000 0.000000
vt 0.750000 1.000000 0.000000
vt 0.500000 1.000000 0.000000
vt 0.500000 1.000000 0.000000
vt 0.500000 1.000000 0.000000
vt 0.750000 1.000000 0.000000
vt 0.250000 1.000000 0.000000
vt 0.250000 1.000000 0.000000
vt 0.000000 1.000000 0.000000
vt 0.062500 0.937500 0.000000
vt 0.062500 0.937500 0.000000
vt 0.250000 1.000000 0.000000
vt 0.000000 0.750000 0.000000
vt 0.000000 0.750000 0.000000
vt 0.000000 0.500000 0.000000
vt 0.000000 0.500000 0.000000
vt 0.000000 0.500000 0.000000
vt 0.000000 0.750000 0.000000
vt 0.000000 0.250000 0.000000
vt 0.000000 0.250000 0.000000
vt 0.000000 0.000000 0.000000
vt 0.062500 0.093750 0.000000
vt 0.062500 0.093750 0.000000
vt 0.000000 0.250000 0.000000
vt 0.250000 0.125694 0.000000
vt 0.250000 0.125000 0.000000
vt 0.500000 0.188081 0.000000
vt 0.500000 0.187500 0.000000
vt 0.500000 0.187500 0.000000
vt 0.250000 0.125000 0.000000
vt 0.750000 0.125694 0.000000
vt 0.750000 0.125000 0.000000
vt 0.750000 0.125000 0.000000
vt 1.000000 0.500000 0.000000
vt 1.000000 0.500000 0.000000
vt 1.000000 0.250000 0.000000
vt 1.000000 0.250000 0.000000
vt 1.000000 0.500000 0.000000
vt 1.000000 0.250000 0.000000
vt 0.937500 0.093750 0.000000
vt 0.937500 0.093750 0.000000
vt 0.937500 0.093750 0.000000
vt 0.937500 0.937500 0.000000
vt 0.937500 0.937500 0.000000
vt 1.000000 0.750000 0.000000
vt 1.000000 0.750000 0.000000
vt 0.937500 0.937500 0.000000
vt 1.000000 0.750000 0.000000
vt 0.500000 1.000000 0.000000
vt 0.500000 1.000000 0.000000
vt 0.750000 1.000000 0.000000
vt 0.750000 1.000000 0.000000
vt 0.500000 1.000000 0.000000
vt 0.750000 1.000000 0.000000
vt 0.062500 0.937500 0.000000
vt 0.062500 0.937500 0.000000
vt 0.250000 1.000000 0.000000
vt 0.250000 1.000000 0.000000
vt 0.062500 0.937500 0.000000
vt 0.250000 1.000000 0.000000
vt 0.000000 0.500000 0.000000
vt 0.000000 0.500000 0.000000
vt 0.000000 0.750000 0.000000
vt 0.000000 0.750000 0.000000
vt 0.000000 0.500000 0.000000
vt 0.000000 0.750000 0.000000
vt 0.062500 0.093750 0.000000
vt 0.062500 0.093750 0.000000
vt 0.000000 0.250000 0.000000
vt 0.000000 0.250000 0.000000
vt 0.062500 0.093750 0.000000
vt 0.000000 0.250000 0.000000
vt 0.500000 0.187500 0.000000
vt 0.500000 0.187500 0.000000
vt 0.250000 0.125000 0.000000
vt 0.250000 0.125000 0.000000
vt 0.500000 0.187500 0.000000
vt 0.250000 0.125000 0.000000
vt 0.750000 0.125000 0.000000
vt 0.750000 0.125000 0.000000
vt 0.750000 0.125000 0.000000
vt 1.000000 0.500000 0.000000
vt 1.000000 0.500000 0.000000
vt 1.000000 0.250000 0.000000
vt 1.000000 0.250000 0.000000
vt 1.000000 0.500000 0.000000
vt 1.000000 0.250000 0.000000
vt 0.937500 0.093750 0.000000
vt 0.937500 0.093750 0.000000
vt 0.937500 0.093750 0.000000
vt 0.937500 0.937500 0.000000
vt 0.937500 0.937500 0.000000
vt 1.000000 0.750000 0.000000
vt 1.000000 0.750000 0.000000
vt 0.937500 0.937500 0.000000
vt 1.000000 0.750000 0.000000
vt 0.500000 1.000000 0.000000
vt 0.500000 1.000000 0.000000
vt 0.750000 1.000000 0.000000
vt 0.750000 1.000000 0.000000
vt 0.500000 1.000000 0.000000
vt 0.750000 1.000000 0.000000
vt 0.062500 0.937500 0.000000
vt 0.062500 0.937500 0.000000
vt 0.250000 1.000000 0.000000
vt 0.250000 1.000000 0.000000
vt 0.062500 0.937500 0.000000
vt 0.250000 1.000000 0.000000
vt 0.000000 0.500000 0.000000
vt 0.000000 0.500000 0.000000
vt 0.000000 0.750000 0.000000
vt 0.000000 0.750000 0.000000
vt 0.000000 0.500000 0.000000
vt 0.000000 0.750000 0.000000
vt 0.062500 0.093750 0.000000
vt 0.062500 0.093750 0.000000
vt 0.000000 0.250000 0.000000
vt 0.000000 0.250000 0.000000
vt 0.062500 0.093750 0.000000
vt 0.000000 0.250000 0.000000
vt 0.500000 0.187500 0.000000
vt 0.500000 0.187500 0.000000
vt 0.250000 0.125000 0.000000
vt 0.250000 0.125000 0.000000
vt 0.500000 0.187500 0.000000
vt 0.250000 0.125000 0.000000
vt 0.750000 0.125000 0.000000
vt 0.750000 0.125000 0.000000
vt 0.750000 0.125000 0.000000
vt 0.937500 0.093750 0.000000
vt 0.937500 0.093750 0.000000
vt 1.000000 0.250000 0.000000
vt 1.000000 0.250000 0.000000
vt 0.937500 0.093750 0.000000
vt 1.000000 0.250000 0.000000
vt 1.000000 0.500000 0.000000
vt 1.000000 0.500000 0.000000
vt 1.000000 0.500000 0.000000
vt 1.000000 0.750000 0.000000
vt 1.000000 0.750000 0.000000
vt 1.000000 0.750000 0.000000
vt 0.937500 0.937500 0.000000
vt 0.937500 0.937500 0.000000
vt 0.937500 0.937500 0.000000
vt 0.750000 1.000000 0.000000
vt 0.750000 1.000000 0.000000
vt 0.750000 1.000000 0.000000
vt 0.500000 1.000000 0.000000
vt 0.500000 1.000000 0.000000
vt 0.500000 1.000000 0.000000
vt 0.250000 1.000000 0.000000
vt 0.250000 1.000000 0.000000
vt 0.250000 1.000000 0.000000
vt 0.062500 0.937500 0.000000
vt 0.062500 0.937500 0.000000
vt 0.062500 0.937500 0.000000
vt 0.000000 0.750000 0.000000
vt 0.000000 0.750000 0.000000
vt 0.000000 0.750000 0.000000
vt 0.000000 0.500000 0.000000
vt 0.000000 0.500000 0.000000
vt 0.000000 0.500000 0.000000
vt 0.000000 0.250000 0.000000
vt 0.000000 0.250000 0.000000
vt 0.000000 0.250000 0.000000
vt 0.062500 0.093750 0.000000
vt 0.062500 0.093750 0.000000
vt 0.062500 0.093750 0.000000
vt 0.250000 0.125000 0.000000
vt 0.250000 0.125000 0.000000
vt 0.250000 0.125000 0.000000
vt 0.500000 0.187500 0.000000
vt 0.500000 0.187500 0.000000
vt 0.500000 0.187500 0.000000
vt 0.750000 0.125000 0.000000
vt 0.750000 0.125000 0.000000
vt 0.750000 0.125000 0.000000
vt 1.000000 0.500000 0.000000
vt 1.000000 0.250000 0.000000
vt 0.937500 0.093750 0.000000
vt 0.937500 0.937500 0.000000
vt 1.000000 0.750000 0.000000
vt 0.500000 1.000000 0.000000
vt 0.750000 1.000000 0.000000
vt 0.062500 0.937500 0.000000
vt 0.250000 1.000000 0.000000
vt 0.000000 0.500000 0.000000
vt 0.000000 0.750000 0.000000
vt 0.062500 0.093750 0.000000
vt 0.000000 0.250000 0.000000
vt 0.500000 0.187500 0.000000
vt 0.250000 0.125000 0.000000
vt 0.750000 0.125000 0.000000
vt 1.000000 0.500000 0.000000
vt 1.000000 0.250000 0.000000
vt 0.937500 0.093750 0.000000
vt 0.937500 0.937500 0.000000
vt 1.000000 0.750000 0.000000
vt 0.500000 1.000000 0.000000
vt 0.750000 1.000000 0.000000
vt 0.062500 0.937500 0.000000
vt 0.250000 1.000000 0.000000
vt 0.000000 0.500000 0.000000
vt 0.000000 0.750000 0.000000
vt 0.062500 0.093750 0.000000
vt 0.000000 0.250000 0.000000
vt 0.500000 0.187500 0.000000
vt 0.250000 0.125000 0.000000
vt 0.750000 0.125000 0.000000
vt 0.937500 0.093750 0.000000
vt 1.000000 0.250000 0.000000
vt 1.000000 0.500000 0.000000
vt 1.000000 0.750000 0.000000
vt 0.937500 0.937500 0.000000
vt 0.750000 1.000000 0.000000
vt 0.500000 1.000000 0.000000
vt 0.250000 1.000000 0.000000
vt 0.062500 0.937500 0.000000
vt 0.000000 0.750000 0.000000
vt 0.000000 0.500000 0.000000
vt 0.000000 0.250000 0.000000
vt 0.062500 0.093750 0.000000
vt 0.250000 0.125000 0.000000
vt 0.500000 0.187500 0.000000
vt 0.750000 0.125000 0.000000
vt 0.998989 -0.003620 0.000000
vt 0.999495 0.001873 0.000000
vt 0.749902 0.001898 0.000000
vt 0.749804 -0.003626 0.000000
vt 0.500310 0.001910 0.000000
vt 0.500619 -0.003631 0.000000
vt 0.500000 0.189823 0.000000
vt 0.750000 0.127776 0.000000
vt 0.750000 0.176039 0.000000
vt 1.000000 0.003683 0.000000
vt 0.499381 -0.003631 0.000000
vt 0.250098 0.001898 0.000000
vt 0.250196 -0.003626 0.000000
vt 0.000505 0.001886 0.000000
vt 0.001011 -0.003620 0.000000
vt 0.998989 -0.003620 0.000000
vt 0.999495 0.001886 0.000000
vt 0.749902 0.001898 0.000000
vt 0.749804 -0.003626 0.000000
vt 0.500310 0.001910 0.000000
vt 0.500619 -0.003631 0.000000
vt 0.499381 -0.003631 0.000000
vt 0.250098 0.001898 0.000000
vt 0.250196 -0.003626 0.000000
vt 0.000505 0.001886 0.000000
vt 0.001011 -0.003620 0.000000
vt 0.998989 -0.003620 0.000000
vt 0.999495 0.001886 0.000000
vt 0.749902 0.001898 0.000000
vt 0.749804 -0.003626 0.000000
vt 0.500310 0.001910 0.000000
vt 0.500619 -0.003631 0.000000
vt 0.499381 -0.003631 0.000000
vt 0.250098 0.001898 0.000000
vt 0.250196 -0.003626 0.000000
vt 0.000505 0.001873 0.000000
vt 0.001011 -0.003620 0.000000
vt 0.000000 0.003683 0.000000
vt 0.250000 0.127776 0.000000
vt 0.250000 0.176039 0.000000
vt 1.000000 0.250000 0.000000
vt 0.937500 0.093750 0.000000
vt 1.000000 0.500000 0.000000
vt 1.000000 0.500000 0.000000
vt 1.000000 0.250000 0.000000
vt 1.000000 0.000000 0.000000
vt 1.000000 0.750000 0.000000
vt 0.937500 0.937500 0.000000
vt 1.000000 1.000000 0.000000
vt 1.000000 0.750000 0.000000
vt 0.750000 1.000000 0.000000
vt 0.500000 1.000000 0.000000
vt 0.500000 1.000000 0.000000
vt 0.750000 1.000000 0.000000
vt 0.250000 1.000000 0.000000
vt 0.062500 0.937500 0.000000
vt 0.000000 1.000000 0.000000
vt 0.250000 1.000000 0.000000
vt 0.000000 0.750000 0.000000
vt 0.000000 0.500000 0.000000
vt 0.000000 0.500000 0.000000
vt 0.000000 0.750000 0.000000
vt 0.000000 0.250000 0.000000
vt 0.062500 0.093750 0.000000
vt 0.000000 0.000000 0.000000
vt 0.000000 0.250000 0.000000
vt 0.250000 0.125000 0.000000
vt 0.500000 0.187500 0.000000
vt 0.500000 0.250000 0.000000
vt 0.250000 0.125000 0.000000
vt 0.750000 0.125000 0.000000
vt 0.750000 0.125000 0.000000
# 434 texture coords

o Box053
g Box053
f 2142/2545 1954/2546 1862/2547 1955/2548 
f 1954/2546 2143/2549 1956/2550 1862/2547 
f 1862/2547 1956/2550 2144/2551 1957/2552 
f 1955/2548 1862/2547 1957/2552 2145/2553 
f 2143/2549 1958/2554 1866/2555 1956/2550 
f 1958/2554 2146/2556 1959/2557 1866/2555 
f 1866/2555 1959/2557 2147/2558 1960/2559 
f 1956/2550 1866/2555 1960/2559 2144/2551 
f 2144/2551 1960/2559 1867/2560 1961/2561 
f 1960/2559 2147/2558 1962/2562 1867/2560 
f 1867/2560 1962/2562 2148/2563 1963/2564 
f 1961/2561 1867/2560 1963/2564 2149/2565 
f 2145/2553 1957/2552 1868/2566 1964/2567 
f 1957/2552 2144/2551 1961/2561 1868/2566 
f 1868/2566 1961/2561 2149/2565 1965/2568 
f 1964/2567 1868/2566 1965/2568 2150/2569 
f 2151/2570 1966/2571 1874/2572 1967/2573 
f 1966/2571 2152/2574 1968/2575 1874/2572 
f 1874/2572 1968/2575 2153/2576 1969/2577 
f 1967/2573 1874/2572 1969/2577 2154/2578 
f 2152/2574 1970/2579 1879/2580 1968/2575 
f 1970/2579 2155/2581 1971/2582 1879/2580 
f 1879/2580 1971/2582 2156/2583 1972/2584 
f 1968/2575 1879/2580 1972/2584 2153/2576 
f 2153/2576 1972/2584 1865/2585 1973/2586 
f 1972/2584 2156/2583 1974/2587 1865/2585 
f 1865/2585 1974/2587 2146/2588 1958/2589 
f 1973/2586 1865/2585 1958/2589 2143/2590 
f 2154/2578 1969/2577 1864/2591 1975/2592 
f 1969/2577 2153/2576 1973/2586 1864/2591 
f 1864/2591 1973/2586 2143/2590 1954/2593 
f 1975/2592 1864/2591 1954/2593 2142/2594 
f 2155/2595 1976/2596 1881/2597 1971/2598 
f 1976/2596 2157/2599 1977/2600 1881/2597 
f 1881/2597 1977/2600 2158/2601 1978/2602 
f 1971/2598 1881/2597 1978/2602 2156/2603 
f 2157/2599 1979/2604 1883/2605 1977/2600 
f 1979/2604 2159/2606 1980/2607 1883/2605 
f 1883/2605 1980/2607 2160/2608 1981/2609 
f 1977/2600 1883/2605 1981/2609 2158/2601 
f 2158/2601 1981/2609 1871/2610 1982/2611 
f 1981/2609 2160/2608 1983/2612 1871/2610 
f 1871/2610 1983/2612 2148/2563 1962/2613 
f 1982/2611 1871/2610 1962/2613 2147/2614 
f 2156/2603 1978/2602 1870/2615 1974/2616 
f 1978/2602 2158/2601 1982/2611 1870/2615 
f 1870/2615 1982/2611 2147/2614 1959/2617 
f 1974/2616 1870/2615 1959/2617 2146/2618 
f 2159/2619 1984/2620 1885/2621 1980/2622 
f 1984/2620 2161/2623 1985/2624 1885/2621 
f 1885/2621 1985/2624 2162/2625 1986/2626 
f 1980/2622 1885/2621 1986/2626 2160/2627 
f 2161/2623 1987/2628 1887/2629 1985/2624 
f 1987/2628 2163/2630 1988/2631 1887/2629 
f 1887/2629 1988/2631 2164/2632 1989/2633 
f 1985/2624 1887/2629 1989/2633 2162/2625 
f 2162/2625 1989/2633 1873/2634 1990/2635 
f 1989/2633 2164/2632 1991/2636 1873/2634 
f 1873/2634 1991/2636 2150/2637 1965/2638 
f 1990/2635 1873/2634 1965/2638 2149/2565 
f 2160/2627 1986/2626 1872/2639 1983/2640 
f 1986/2626 2162/2625 1990/2635 1872/2639 
f 1872/2639 1990/2635 2149/2565 1963/2641 
f 1983/2640 1872/2639 1963/2641 2148/2642 
f 2163/2643 1992/2644 1889/2645 1988/2646 
f 1992/2644 2165/2647 1993/2648 1889/2645 
f 1889/2645 1993/2648 2166/2649 1994/2650 
f 1988/2646 1889/2645 1994/2650 2164/2651 
f 2165/2647 1995/2652 1875/2653 1993/2648 
f 1995/2652 2151/2654 1967/2655 1875/2653 
f 1875/2653 1967/2655 2154/2656 1996/2657 
f 1993/2648 1875/2653 1996/2657 2166/2649 
f 2166/2649 1996/2657 1863/2658 1997/2659 
f 1996/2657 2154/2656 1975/2660 1863/2658 
f 1863/2658 1975/2660 2142/2661 1955/2662 
f 1997/2659 1863/2658 1955/2662 2145/2663 
f 2164/2651 1994/2650 1869/2664 1991/2665 
f 1994/2650 2166/2649 1997/2659 1869/2664 
f 1869/2664 1997/2659 2145/2663 1964/2666 
f 1991/2665 1869/2664 1964/2666 2150/2569 
f 2167/2667 1998/2668 1890/2669 1999/2670 
f 1998/2668 2168/2671 2000/2672 1890/2669 
f 1890/2669 2000/2672 2169/2673 2001/2674 
f 1999/2670 1890/2669 2001/2674 2170/2675 
f 2168/2671 2002/2676 1892/2677 2000/2672 
f 2002/2676 2171/2678 2003/2679 1892/2677 
f 1892/2677 2003/2679 2172/2680 2004/2681 
f 2000/2672 1892/2677 2004/2681 2169/2673 
f 2171/2678 2005/2682 1896/2683 2003/2679 
f 2005/2682 2173/2684 2006/2685 1896/2683 
f 1896/2683 2006/2685 2174/2686 2007/2687 
f 2003/2679 1896/2683 2007/2687 2172/2680 
f 2173/2684 2008/2688 1898/2689 2006/2685 
f 2008/2688 2175/2690 2009/2691 1898/2689 
f 1898/2689 2009/2691 2176/2692 2010/2693 
f 2006/2685 1898/2689 2010/2693 2174/2686 
f 2175/2690 2011/2694 1900/2695 2009/2691 
f 2011/2694 2177/2696 2012/2697 1900/2695 
f 1900/2695 2012/2697 2178/2698 2013/2699 
f 2009/2691 1900/2695 2013/2699 2176/2692 
f 2177/2696 2014/2700 1902/2701 2012/2697 
f 2014/2700 2179/2702 2015/2703 1902/2701 
f 1902/2701 2015/2703 2180/2704 2016/2705 
f 2012/2697 1902/2701 2016/2705 2178/2698 
f 2179/2702 2017/2706 1904/2707 2015/2703 
f 2017/2706 2181/2708 2018/2709 1904/2707 
f 1904/2707 2018/2709 2182/2710 2019/2711 
f 2015/2703 1904/2707 2019/2711 2180/2704 
f 2181/2708 2020/2712 1891/2713 2018/2709 
f 2020/2712 2167/2667 1999/2670 1891/2713 
f 1891/2713 1999/2670 2170/2675 2021/2714 
f 2018/2709 1891/2713 2021/2714 2182/2710 
f 2183/2715 2022/2716 1906/2717 2023/2718 
f 2022/2716 2184/2719 2024/2720 1906/2717 
f 1906/2717 2024/2720 2185/2721 2025/2722 
f 2023/2718 1906/2717 2025/2722 2186/2723 
f 2187/2724 2026/2725 1909/2726 2027/2727 
f 2026/2725 2188/2728 2028/2729 1909/2726 
f 1909/2726 2028/2729 2184/2719 2022/2716 
f 2027/2727 1909/2726 2022/2716 2183/2715 
f 2189/2730 2029/2731 1916/2732 2030/2733 
f 2029/2731 2190/2734 2031/2735 1916/2732 
f 1916/2732 2031/2735 2188/2728 2026/2725 
f 2030/2733 1916/2732 2026/2725 2187/2724 
f 2191/2736 2032/2737 1919/2738 2033/2739 
f 2032/2737 2192/2740 2034/2741 1919/2738 
f 1919/2738 2034/2741 2190/2734 2029/2731 
f 2033/2739 1919/2738 2029/2731 2189/2730 
f 2193/2742 2035/2743 1922/2744 2036/2745 
f 2035/2743 2194/2746 2037/2747 1922/2744 
f 1922/2744 2037/2747 2192/2740 2032/2737 
f 2036/2745 1922/2744 2032/2737 2191/2736 
f 2195/2748 2038/2749 1925/2750 2039/2751 
f 2038/2749 2196/2752 2040/2753 1925/2750 
f 1925/2750 2040/2753 2194/2746 2035/2743 
f 2039/2751 1925/2750 2035/2743 2193/2742 
f 2197/2754 2041/2755 1928/2756 2042/2757 
f 2041/2755 2198/2758 2043/2759 1928/2756 
f 1928/2756 2043/2759 2196/2752 2038/2749 
f 2042/2757 1928/2756 2038/2749 2195/2748 
f 2186/2723 2025/2722 1913/2760 2044/2761 
f 2025/2722 2185/2721 2045/2762 1913/2760 
f 1913/2760 2045/2762 2198/2758 2041/2755 
f 2044/2761 1913/2760 2041/2755 2197/2754 
f 2199/2763 2046/2764 1930/2765 2047/2766 
f 2046/2764 2200/2767 2048/2768 1930/2765 
f 1930/2765 2048/2768 2201/2769 2049/2770 
f 2047/2766 1930/2765 2049/2770 2202/2771 
f 2203/2772 2050/2773 1931/2774 2051/2775 
f 2050/2773 2204/2776 2052/2777 1931/2774 
f 1931/2774 2052/2777 2200/2767 2046/2764 
f 2051/2775 1931/2774 2046/2764 2199/2763 
f 2205/2778 2053/2779 1936/2780 2054/2781 
f 2053/2779 2206/2782 2055/2783 1936/2780 
f 1936/2780 2055/2783 2204/2776 2050/2773 
f 2054/2781 1936/2780 2050/2773 2203/2772 
f 2207/2784 2056/2785 1938/2786 2057/2787 
f 2056/2785 2208/2788 2058/2789 1938/2786 
f 1938/2786 2058/2789 2206/2782 2053/2779 
f 2057/2787 1938/2786 2053/2779 2205/2778 
f 2209/2790 2059/2791 1940/2792 2060/2793 
f 2059/2791 2210/2794 2061/2795 1940/2792 
f 1940/2792 2061/2795 2208/2788 2056/2785 
f 2060/2793 1940/2792 2056/2785 2207/2784 
f 2211/2796 2062/2797 1942/2798 2063/2799 
f 2062/2797 2212/2800 2064/2801 1942/2798 
f 1942/2798 2064/2801 2210/2794 2059/2791 
f 2063/2799 1942/2798 2059/2791 2209/2790 
f 2213/2802 2065/2803 1944/2804 2066/2805 
f 2065/2803 2214/2806 2067/2807 1944/2804 
f 1944/2804 2067/2807 2212/2800 2062/2797 
f 2066/2805 1944/2804 2062/2797 2211/2796 
f 2202/2771 2049/2770 1935/2808 2068/2809 
f 2049/2770 2201/2769 2069/2810 1935/2808 
f 1935/2808 2069/2810 2214/2806 2065/2803 
f 2068/2809 1935/2808 2065/2803 2213/2802 
f 2215/2811 2070/2812 1946/2813 2071/2814 
f 2070/2812 2216/2815 2072/2816 1946/2813 
f 1946/2813 2072/2816 2217/2817 2073/2818 
f 2071/2814 1946/2813 2073/2818 2218/2819 
f 2218/2819 2073/2818 1948/2820 2074/2821 
f 2073/2818 2217/2817 2075/2822 1948/2820 
f 1948/2820 2075/2822 2219/2823 2076/2824 
f 2074/2821 1948/2820 2076/2824 2220/2825 
f 2220/2825 2076/2824 1949/2826 2077/2827 
f 2076/2824 2219/2823 2078/2828 1949/2826 
f 1949/2826 2078/2828 2221/2829 2079/2830 
f 2077/2827 1949/2826 2079/2830 2222/2831 
f 2222/2831 2079/2830 1950/2832 2080/2833 
f 2079/2830 2221/2829 2081/2834 1950/2832 
f 1950/2832 2081/2834 2223/2835 2082/2836 
f 2080/2833 1950/2832 2082/2836 2224/2837 
f 2224/2837 2082/2836 1951/2838 2083/2839 
f 2082/2836 2223/2835 2084/2840 1951/2838 
f 1951/2838 2084/2840 2225/2841 2085/2842 
f 2083/2839 1951/2838 2085/2842 2226/2843 
f 2226/2843 2085/2842 1952/2844 2086/2845 
f 2085/2842 2225/2841 2087/2846 1952/2844 
f 1952/2844 2087/2846 2227/2847 2088/2848 
f 2086/2845 1952/2844 2088/2848 2228/2849 
f 2228/2849 2088/2848 1953/2850 2089/2851 
f 2088/2848 2227/2847 2090/2852 1953/2850 
f 1953/2850 2090/2852 2229/2853 2091/2854 
f 2089/2851 1953/2850 2091/2854 2230/2855 
f 2230/2855 2091/2854 1947/2856 2092/2857 
f 2091/2854 2229/2853 2093/2858 1947/2856 
f 1947/2856 2093/2858 2216/2815 2070/2812 
f 2092/2857 1947/2856 2070/2812 2215/2811 
f 2200/2767 2094/2859 1933/2860 2048/2768 
f 2094/2859 2217/2817 2072/2816 1933/2860 
f 1933/2860 2072/2816 2216/2815 2095/2861 
f 2048/2768 1933/2860 2095/2861 2201/2769 
f 2204/2776 2096/2862 1932/2863 2052/2777 
f 2096/2862 2219/2823 2075/2822 1932/2863 
f 1932/2863 2075/2822 2217/2817 2094/2859 
f 2052/2777 1932/2863 2094/2859 2200/2767 
f 2206/2782 2097/2864 1937/2865 2055/2783 
f 2097/2864 2221/2829 2078/2828 1937/2865 
f 1937/2865 2078/2828 2219/2823 2096/2862 
f 2055/2783 1937/2865 2096/2862 2204/2776 
f 2208/2788 2098/2866 1939/2867 2058/2789 
f 2098/2866 2223/2835 2081/2834 1939/2867 
f 1939/2867 2081/2834 2221/2829 2097/2864 
f 2058/2789 1939/2867 2097/2864 2206/2782 
f 2210/2794 2099/2868 1941/2869 2061/2795 
f 2099/2868 2225/2841 2084/2840 1941/2869 
f 1941/2869 2084/2840 2223/2835 2098/2866 
f 2061/2795 1941/2869 2098/2866 2208/2788 
f 2212/2800 2100/2870 1943/2871 2064/2801 
f 2100/2870 2227/2847 2087/2846 1943/2871 
f 1943/2871 2087/2846 2225/2841 2099/2868 
f 2064/2801 1943/2871 2099/2868 2210/2794 
f 2214/2806 2101/2872 1945/2873 2067/2807 
f 2101/2872 2229/2853 2090/2852 1945/2873 
f 1945/2873 2090/2852 2227/2847 2100/2870 
f 2067/2807 1945/2873 2100/2870 2212/2800 
f 2201/2769 2095/2861 1934/2874 2069/2810 
f 2095/2861 2216/2815 2093/2858 1934/2874 
f 1934/2874 2093/2858 2229/2853 2101/2872 
f 2069/2810 1934/2874 2101/2872 2214/2806 
f 2169/2673 2102/2875 1894/2876 2001/2674 
f 2102/2875 2199/2763 2047/2766 1894/2876 
f 1894/2876 2047/2766 2202/2771 2103/2877 
f 2001/2674 1894/2876 2103/2877 2170/2675 
f 2172/2680 2104/2878 1893/2879 2004/2681 
f 2104/2878 2203/2772 2051/2775 1893/2879 
f 1893/2879 2051/2775 2199/2763 2102/2875 
f 2004/2681 1893/2879 2102/2875 2169/2673 
f 2174/2686 2105/2880 1897/2881 2007/2687 
f 2105/2880 2205/2778 2054/2781 1897/2881 
f 1897/2881 2054/2781 2203/2772 2104/2878 
f 2007/2687 1897/2881 2104/2878 2172/2680 
f 2176/2692 2106/2882 1899/2883 2010/2693 
f 2106/2882 2207/2784 2057/2787 1899/2883 
f 1899/2883 2057/2787 2205/2778 2105/2880 
f 2010/2693 1899/2883 2105/2880 2174/2686 
f 2178/2698 2107/2884 1901/2885 2013/2699 
f 2107/2884 2209/2790 2060/2793 1901/2885 
f 1901/2885 2060/2793 2207/2784 2106/2882 
f 2013/2699 1901/2885 2106/2882 2176/2692 
f 2180/2704 2108/2886 1903/2887 2016/2705 
f 2108/2886 2211/2796 2063/2799 1903/2887 
f 1903/2887 2063/2799 2209/2790 2107/2884 
f 2016/2705 1903/2887 2107/2884 2178/2698 
f 2182/2710 2109/2888 1905/2889 2019/2711 
f 2109/2888 2213/2802 2066/2805 1905/2889 
f 1905/2889 2066/2805 2211/2796 2108/2886 
f 2019/2711 1905/2889 2108/2886 2180/2704 
f 2170/2675 2103/2877 1895/2890 2021/2714 
f 2103/2877 2202/2771 2068/2809 1895/2890 
f 1895/2890 2068/2809 2213/2802 2109/2888 
f 2021/2714 1895/2890 2109/2888 2182/2710 
f 2186/2723 2110/2891 1907/2892 2023/2718 
f 2110/2891 2215/2811 2071/2814 1907/2892 
f 1907/2892 2071/2814 2218/2819 2111/2893 
f 2023/2718 1907/2892 2111/2893 2183/2715 
f 2183/2715 2111/2893 1908/2894 2027/2727 
f 2111/2893 2218/2819 2074/2821 1908/2894 
f 1908/2894 2074/2821 2220/2825 2112/2895 
f 2027/2727 1908/2894 2112/2895 2187/2724 
f 2187/2724 2112/2895 1915/2896 2030/2733 
f 2112/2895 2220/2825 2077/2827 1915/2896 
f 1915/2896 2077/2827 2222/2831 2113/2897 
f 2030/2733 1915/2896 2113/2897 2189/2730 
f 2189/2730 2113/2897 1918/2898 2033/2739 
f 2113/2897 2222/2831 2080/2833 1918/2898 
f 1918/2898 2080/2833 2224/2837 2114/2899 
f 2033/2739 1918/2898 2114/2899 2191/2736 
f 2191/2736 2114/2899 1921/2900 2036/2745 
f 2114/2899 2224/2837 2083/2839 1921/2900 
f 1921/2900 2083/2839 2226/2843 2115/2901 
f 2036/2745 1921/2900 2115/2901 2193/2742 
f 2193/2742 2115/2901 1924/2902 2039/2751 
f 2115/2901 2226/2843 2086/2845 1924/2902 
f 1924/2902 2086/2845 2228/2849 2116/2903 
f 2039/2751 1924/2902 2116/2903 2195/2748 
f 2195/2748 2116/2903 1927/2904 2042/2757 
f 2116/2903 2228/2849 2089/2851 1927/2904 
f 1927/2904 2089/2851 2230/2855 2117/2905 
f 2042/2757 1927/2904 2117/2905 2197/2754 
f 2197/2754 2117/2905 1914/2906 2044/2761 
f 2117/2905 2230/2855 2092/2857 1914/2906 
f 1914/2906 2092/2857 2215/2811 2110/2891 
f 2044/2761 1914/2906 2110/2891 2186/2723 
f 2167/2907 2118/2908 1876/2909 1998/2910 
f 2118/2908 2151/2654 1995/2652 1876/2909 
f 1876/2909 1995/2652 2165/2647 2119/2911 
f 1998/2910 1876/2909 2119/2911 2168/2912 
f 2181/2708 2120/2913 1877/2914 2020/2712 
f 2120/2913 2152/2574 1966/2915 1877/2914 
f 1877/2914 1966/2915 2151/2654 2118/2916 
f 2020/2712 1877/2914 2118/2916 2167/2667 
f 2168/2917 2119/2911 1888/2918 2002/2919 
f 2119/2911 2165/2647 1992/2644 1888/2918 
f 1888/2918 1992/2644 2163/2643 2121/2920 
f 2002/2919 1888/2918 2121/2920 2171/2921 
f 2171/2922 2121/2923 1886/2924 2005/2925 
f 2121/2923 2163/2630 1987/2628 1886/2924 
f 1886/2924 1987/2628 2161/2623 2122/2926 
f 2005/2925 1886/2924 2122/2926 2173/2927 
f 2173/2928 2122/2926 1884/2929 2008/2930 
f 2122/2926 2161/2623 1984/2620 1884/2929 
f 1884/2929 1984/2620 2159/2619 2123/2931 
f 2008/2930 1884/2929 2123/2931 2175/2932 
f 2175/2933 2123/2934 1882/2935 2011/2936 
f 2123/2934 2159/2606 1979/2604 1882/2935 
f 1882/2935 1979/2604 2157/2599 2124/2937 
f 2011/2936 1882/2935 2124/2937 2177/2938 
f 2177/2939 2124/2937 1880/2940 2014/2941 
f 2124/2937 2157/2599 1976/2596 1880/2940 
f 1880/2940 1976/2596 2155/2595 2125/2942 
f 2014/2941 1880/2940 2125/2942 2179/2943 
f 2179/2702 2125/2944 1878/2945 2017/2706 
f 2125/2944 2155/2595 1970/2946 1878/2945 
f 1878/2945 1970/2946 2152/2574 2120/2913 
f 2017/2706 1878/2945 2120/2913 2181/2708 
f 2185/2721 2024/2720 1911/2947 2126/2948 
f 2024/2720 2184/2719 2127/2949 1911/2947 
f 1911/2947 2127/2949 2231/2950 2128/2951 
f 2126/2948 1911/2947 2128/2951 2232/2952 
f 2184/2719 2028/2729 1910/2953 2127/2949 
f 2028/2729 2188/2728 2129/2954 1910/2953 
f 1910/2953 2129/2954 2233/2955 2130/2956 
f 2127/2949 1910/2953 2130/2956 2231/2950 
f 2188/2728 2031/2735 1917/2957 2129/2954 
f 2031/2735 2190/2734 2131/2958 1917/2957 
f 1917/2957 2131/2958 2234/2959 2132/2960 
f 2129/2954 1917/2957 2132/2960 2233/2955 
f 2190/2734 2034/2741 1920/2961 2131/2958 
f 2034/2741 2192/2740 2133/2962 1920/2961 
f 1920/2961 2133/2962 2235/2963 2134/2964 
f 2131/2958 1920/2961 2134/2964 2234/2959 
f 2192/2740 2037/2747 1923/2965 2133/2962 
f 2037/2747 2194/2746 2135/2966 1923/2965 
f 1923/2965 2135/2966 2236/2967 2136/2968 
f 2133/2962 1923/2965 2136/2968 2235/2963 
f 2194/2746 2040/2753 1926/2969 2135/2966 
f 2040/2753 2196/2752 2137/2970 1926/2969 
f 1926/2969 2137/2970 2237/2971 2138/2972 
f 2135/2966 1926/2969 2138/2972 2236/2967 
f 2196/2752 2043/2759 1929/2973 2137/2970 
f 2043/2759 2198/2758 2139/2974 1929/2973 
f 1929/2973 2139/2974 2238/2975 2140/2976 
f 2137/2970 1929/2973 2140/2976 2237/2971 
f 2198/2758 2045/2762 1912/2977 2139/2974 
f 2045/2762 2185/2721 2126/2948 1912/2977 
f 1912/2977 2126/2948 2232/2952 2141/2978 
f 2139/2974 1912/2977 2141/2978 2238/2975 
# 368 polygons

#
# object Box050
#

v  19.402836 1.971560 5.893729
v  21.811123 1.971560 5.893729
v  19.402836 1.971560 3.049001
v  21.811123 1.971560 3.049001
v  19.402836 2.789784 5.893729
v  21.811123 2.789784 5.893729
v  19.402836 2.789784 3.049001
v  21.811123 2.789784 3.049001
v  19.523249 2.789784 5.743729
v  21.690710 2.789784 5.743729
v  21.690708 2.789784 3.199000
v  19.523251 2.789784 3.199000
v  19.523249 2.107931 5.743729
v  21.690710 2.107931 5.743729
v  21.690708 2.107931 3.199000
v  19.523251 2.107931 3.199000
v  19.523249 1.971560 5.743729
v  19.523251 1.971560 3.199000
v  21.690708 1.971560 3.199000
v  21.690710 1.971560 5.743729
v  19.523249 2.026109 5.743729
v  19.523251 2.026109 3.199000
v  21.690708 2.026109 3.199000
v  21.690710 2.026109 5.743729
# 24 vertices

vt 1.000000 0.000000 0.000000
vt 0.000000 0.000000 0.000000
vt 1.000000 1.000000 0.000000
vt 0.000000 1.000000 0.000000
vt 0.000000 0.000000 0.000000
vt 1.000000 0.000000 0.000000
vt 0.000000 1.000000 0.000000
vt 1.000000 1.000000 0.000000
vt 0.000000 0.000000 0.000000
vt 1.000000 0.000000 0.000000
vt 0.000000 1.000000 0.000000
vt 1.000000 1.000000 0.000000
vt 0.000000 0.000000 0.000000
vt 1.000000 0.000000 0.000000
vt 0.000000 1.000000 0.000000
vt 1.000000 1.000000 0.000000
vt 0.000000 0.000000 0.000000
vt 1.000000 0.000000 0.000000
vt 0.000000 1.000000 0.000000
vt 1.000000 1.000000 0.000000
vt 0.000000 0.000000 0.000000
vt 1.000000 0.000000 0.000000
vt 0.000000 1.000000 0.000000
vt 1.000000 1.000000 0.000000
vt 0.000000 0.000000 0.000000
vt 1.000000 0.000000 0.000000
vt 1.000000 1.000000 0.000000
vt 0.000000 1.000000 0.000000
vt 0.000000 0.000000 0.000000
vt 1.000000 0.000000 0.000000
vt 1.000000 1.000000 0.000000
vt 0.000000 1.000000 0.000000
vt 1.000000 0.000000 0.000000
vt 1.000000 1.000000 0.000000
vt 0.000000 1.000000 0.000000
vt 0.000000 0.000000 0.000000
vt 1.000000 0.000000 0.000000
vt 1.000000 1.000000 0.000000
vt 0.000000 1.000000 0.000000
vt 0.000000 0.000000 0.000000
# 40 texture coords

o Box050
g Box050
f 2259/3015 2260/3016 2261/3017 2262/3018 
f 2251/3007 2252/3008 2253/3009 2254/3010 
f 2239/2987 2240/2988 2244/2990 2243/2989 
f 2240/2991 2242/2992 2246/2994 2244/2993 
f 2242/2995 2241/2996 2245/2998 2246/2997 
f 2241/2999 2239/3000 2243/3002 2245/3001 
f 2243/2983 2244/2984 2248/3004 2247/3003 
f 2244/2984 2246/2986 2249/3005 2248/3004 
f 2246/2986 2245/2985 2250/3006 2249/3005 
f 2245/2985 2243/2983 2247/3003 2250/3006 
f 2247/3003 2248/3004 2252/3008 2251/3007 
f 2248/3004 2249/3005 2253/3009 2252/3008 
f 2249/3005 2250/3006 2254/3010 2253/3009 
f 2250/3006 2247/3003 2251/3007 2254/3010 
f 2239/2979 2241/2981 2256/3012 2255/3011 
f 2241/2981 2242/2982 2257/3013 2256/3012 
f 2242/2982 2240/2980 2258/3014 2257/3013 
f 2240/2980 2239/2979 2255/3011 2258/3014 
f 2255/3011 2256/3012 2260/3016 2259/3015 
f 2256/3012 2257/3013 2261/3017 2260/3016 
f 2257/3013 2258/3014 2262/3018 2261/3017 
f 2258/3014 2255/3011 2259/3015 2262/3018 
# 22 polygons

#
# object Box054
#

v  20.583794 1.405793 6.150033
v  20.538094 1.403560 6.107655
v  20.581560 1.360092 6.107655
v  20.646441 1.360092 6.107655
v  20.644207 1.405793 6.150033
v  20.644207 1.466207 6.150033
v  20.583794 1.466207 6.150033
v  20.538094 1.468440 6.107655
v  20.689907 1.403560 6.107655
v  20.689907 1.468440 6.107655
v  20.646441 1.511908 6.107655
v  20.581560 1.511908 6.107655
v  20.580929 1.358613 6.042054
v  20.536613 1.402929 6.042054
v  20.550608 1.409024 6.007548
v  20.587025 1.372608 6.007548
v  20.640976 1.372608 6.007548
v  20.647072 1.358613 6.042054
v  20.677393 1.409024 6.007548
v  20.691387 1.402929 6.042054
v  20.677393 1.462976 6.007548
v  20.691387 1.469071 6.042054
v  20.640976 1.499392 6.007548
v  20.647072 1.513387 6.042054
v  20.587025 1.499392 6.007548
v  20.580929 1.513387 6.042054
v  20.550608 1.462976 6.007548
v  20.536613 1.469071 6.042054
v  20.541840 1.405293 5.992671
v  20.583292 1.363839 5.992671
v  20.541840 1.466707 5.992671
v  20.533381 1.470317 5.976333
v  20.533381 1.401683 5.976333
v  20.579683 1.355380 5.976333
v  20.583292 1.508160 5.992671
v  20.579683 1.516620 5.976333
v  20.644709 1.508160 5.992671
v  20.648317 1.516620 5.976333
v  20.686161 1.466707 5.992671
v  20.694620 1.470317 5.976333
v  20.686161 1.405293 5.992671
v  20.694620 1.401683 5.976333
v  20.644709 1.363839 5.992671
v  20.648317 1.355380 5.976333
v  20.531960 1.401089 5.904873
v  20.532814 1.401443 5.924989
v  20.532814 1.470557 5.924989
v  20.531960 1.470911 5.904873
v  20.531960 1.470911 5.885299
v  20.531960 1.401089 5.885299
v  20.579088 1.353958 5.885299
v  20.579088 1.353958 5.904873
v  20.579443 1.354814 5.924989
v  20.579443 1.517186 5.924989
v  20.579088 1.518042 5.904873
v  20.579088 1.518042 5.885299
v  20.648558 1.517186 5.924989
v  20.648912 1.518042 5.904873
v  20.648912 1.518042 5.885299
v  20.695187 1.470557 5.924989
v  20.696041 1.470911 5.904873
v  20.696041 1.470911 5.885299
v  20.695187 1.401443 5.924989
v  20.696041 1.401089 5.904873
v  20.696041 1.401089 5.885299
v  20.648558 1.354814 5.924989
v  20.648912 1.353958 5.904873
v  20.648912 1.353958 5.885299
v  20.540419 1.404593 5.961780
v  20.540419 1.467407 5.961780
v  20.547169 1.464611 5.947456
v  20.547169 1.407389 5.947456
v  20.585390 1.369169 5.947456
v  20.582594 1.362419 5.961780
v  20.582594 1.509581 5.961780
v  20.585390 1.502831 5.947456
v  20.645407 1.509581 5.961780
v  20.642611 1.502831 5.947456
v  20.687582 1.467407 5.961780
v  20.680832 1.464611 5.947456
v  20.687582 1.404593 5.961780
v  20.680832 1.407389 5.947456
v  20.645407 1.362419 5.961780
v  20.642611 1.369169 5.947456
v  20.540419 1.404593 5.936415
v  20.582594 1.362419 5.936415
v  20.540419 1.467407 5.936415
v  20.582594 1.509581 5.936415
v  20.645407 1.509581 5.936415
v  20.687582 1.467407 5.936415
v  20.687582 1.404593 5.936415
v  20.645407 1.362419 5.936415
v  20.585484 1.379264 6.134297
v  20.557264 1.407484 6.134297
v  20.614000 1.403543 6.155175
v  20.581543 1.436000 6.155175
v  20.642517 1.379264 6.134297
v  20.670736 1.407484 6.134297
v  20.646458 1.436000 6.155175
v  20.614000 1.468457 6.155175
v  20.670736 1.464516 6.134297
v  20.642517 1.492736 6.134297
v  20.557264 1.464516 6.134297
v  20.585484 1.492736 6.134297
v  20.585503 1.369118 6.016674
v  20.553314 1.375315 6.042052
v  20.614000 1.352990 6.042056
v  20.578037 1.351976 6.075207
v  20.642498 1.369118 6.016674
v  20.674686 1.375315 6.042052
v  20.649963 1.351976 6.075207
v  20.614000 1.354579 6.109905
v  20.673527 1.376473 6.105406
v  20.554474 1.376473 6.105406
v  20.680882 1.407503 6.016674
v  20.697010 1.436000 6.042056
v  20.698025 1.400036 6.075207
v  20.680882 1.464497 6.016674
v  20.674686 1.496685 6.042052
v  20.698025 1.471964 6.075207
v  20.695421 1.436000 6.109905
v  20.673527 1.495527 6.105406
v  20.642498 1.502882 6.016674
v  20.614000 1.519010 6.042056
v  20.649963 1.520024 6.075207
v  20.585503 1.502882 6.016674
v  20.553314 1.496685 6.042052
v  20.578037 1.520024 6.075207
v  20.614000 1.517421 6.109905
v  20.554474 1.495527 6.105406
v  20.547119 1.464497 6.016674
v  20.530991 1.436000 6.042056
v  20.529976 1.471964 6.075207
v  20.547119 1.407503 6.016674
v  20.529976 1.400036 6.075207
v  20.532579 1.436000 6.109905
v  20.548407 1.408088 6.003330
v  20.557575 1.379576 5.992670
v  20.536467 1.436000 5.992673
v  20.535351 1.402528 5.981648
v  20.548407 1.463912 6.003330
v  20.557575 1.492424 5.992670
v  20.535351 1.469472 5.981648
v  20.586088 1.501594 6.003330
v  20.614000 1.513533 5.992673
v  20.580528 1.514650 5.981648
v  20.641912 1.501594 6.003330
v  20.670425 1.492424 5.992670
v  20.647472 1.514650 5.981648
v  20.679594 1.463912 6.003330
v  20.691534 1.436000 5.992673
v  20.692650 1.469472 5.981648
v  20.679594 1.408088 6.003330
v  20.670425 1.379576 5.992670
v  20.692650 1.402528 5.981648
v  20.641912 1.370406 6.003330
v  20.614000 1.358467 5.992673
v  20.647472 1.357350 5.981648
v  20.586088 1.370406 6.003330
v  20.580528 1.357350 5.981648
v  20.525848 1.436000 5.904873
v  20.532173 1.401177 5.918652
v  20.531960 1.401089 5.891230
v  20.549850 1.371850 5.904873
v  20.549850 1.500150 5.904873
v  20.532173 1.470823 5.918652
v  20.531960 1.470911 5.891230
v  20.614000 1.524151 5.904873
v  20.579178 1.517828 5.918652
v  20.579088 1.518042 5.891230
v  20.678150 1.500150 5.904873
v  20.648823 1.517828 5.918652
v  20.648912 1.518042 5.891230
v  20.702152 1.436000 5.904873
v  20.695827 1.470823 5.918652
v  20.696041 1.470911 5.891230
v  20.678150 1.371850 5.904873
v  20.695827 1.401177 5.918652
v  20.696041 1.401089 5.891230
v  20.614000 1.347849 5.904873
v  20.648823 1.354172 5.918652
v  20.648912 1.353958 5.891230
v  20.579178 1.354172 5.918652
v  20.579088 1.353958 5.891230
v  20.535036 1.436000 5.961780
v  20.535284 1.402468 5.971464
v  20.545483 1.406690 5.952154
v  20.556347 1.378346 5.961780
v  20.556347 1.493654 5.961780
v  20.535284 1.469532 5.971464
v  20.545483 1.465310 5.952154
v  20.614000 1.514964 5.961780
v  20.580467 1.514716 5.971464
v  20.584690 1.504519 5.952154
v  20.671654 1.493654 5.961780
v  20.647533 1.514716 5.971464
v  20.643311 1.504519 5.952154
v  20.692965 1.436000 5.961780
v  20.692717 1.469532 5.971464
v  20.682518 1.465310 5.952154
v  20.671654 1.378346 5.961780
v  20.692717 1.402468 5.971464
v  20.682518 1.406690 5.952154
v  20.614000 1.357036 5.961780
v  20.647533 1.357284 5.971464
v  20.643311 1.367481 5.952154
v  20.580467 1.357284 5.971464
v  20.584690 1.367481 5.952154
v  20.556347 1.378346 5.936415
v  20.535143 1.402408 5.929154
v  20.545483 1.406690 5.943579
v  20.535036 1.436000 5.936415
v  20.535143 1.469592 5.929154
v  20.545483 1.465310 5.943579
v  20.556347 1.493654 5.936415
v  20.580408 1.514857 5.929154
v  20.584690 1.504519 5.943579
v  20.614000 1.514964 5.936415
v  20.647593 1.514857 5.929154
v  20.643311 1.504519 5.943579
v  20.671654 1.493654 5.936415
v  20.692858 1.469592 5.929154
v  20.682518 1.465310 5.943579
v  20.692965 1.436000 5.936415
v  20.692858 1.402408 5.929154
v  20.682518 1.406690 5.943579
v  20.671654 1.378346 5.936415
v  20.647593 1.357143 5.929154
v  20.643311 1.367481 5.943579
v  20.614000 1.357036 5.936415
v  20.580408 1.357143 5.929154
v  20.584690 1.367481 5.943579
v  20.542364 1.436000 5.947456
v  20.561529 1.383529 5.947456
v  20.561529 1.488471 5.947456
v  20.614000 1.507636 5.947456
v  20.666471 1.488471 5.947456
v  20.685637 1.436000 5.947456
v  20.666471 1.383529 5.947456
v  20.614000 1.364364 5.947456
v  20.527388 1.436000 5.976336
v  20.550949 1.372948 5.976330
v  20.550949 1.499052 5.976330
v  20.614000 1.522613 5.976336
v  20.677052 1.499052 5.976330
v  20.700613 1.436000 5.976336
v  20.677052 1.372948 5.976330
v  20.614000 1.349387 5.976336
v  20.550508 1.372507 5.924989
v  20.526777 1.436000 5.924989
v  20.550508 1.499493 5.924989
v  20.614000 1.523222 5.924989
v  20.677492 1.499493 5.924989
v  20.701223 1.436000 5.924989
v  20.677492 1.372507 5.924989
v  20.614000 1.348778 5.924989
v  20.564432 1.386431 6.007547
v  20.545889 1.436000 6.007549
v  20.614000 1.367888 6.007549
v  20.564432 1.485569 6.007547
v  20.614000 1.504112 6.007549
v  20.663568 1.485569 6.007547
v  20.682112 1.436000 6.007549
v  20.663568 1.386431 6.007547
v  20.549850 1.371850 5.885299
v  20.525848 1.436000 5.885299
v  20.531960 1.401089 5.883224
v  20.549850 1.500150 5.885299
v  20.531960 1.470911 5.883224
v  20.614000 1.524151 5.885299
v  20.579088 1.518042 5.883224
v  20.678150 1.500150 5.885299
v  20.648912 1.518042 5.883224
v  20.702152 1.436000 5.885299
v  20.696041 1.470911 5.883224
v  20.678150 1.371850 5.885299
v  20.696041 1.401089 5.883224
v  20.614000 1.347849 5.885299
v  20.648912 1.353958 5.883224
v  20.579088 1.353958 5.883224
v  20.565048 1.387049 6.125628
v  20.614000 1.375074 6.138394
v  20.614000 1.436000 6.160638
v  20.553074 1.436000 6.138394
v  20.662952 1.387049 6.125628
v  20.674927 1.436000 6.138394
v  20.662952 1.484951 6.125628
v  20.614000 1.496926 6.138394
v  20.565048 1.484951 6.125628
v  20.561659 1.383659 6.016672
v  20.614000 1.364174 6.016676
v  20.614000 1.345928 6.075770
v  20.548040 1.370040 6.074645
v  20.666342 1.383659 6.016672
v  20.679960 1.370040 6.074645
v  20.685825 1.436000 6.016676
v  20.704073 1.436000 6.075770
v  20.666342 1.488341 6.016672
v  20.679960 1.501960 6.074645
v  20.614000 1.507825 6.016677
v  20.614000 1.526072 6.075770
v  20.561659 1.488341 6.016672
v  20.548040 1.501960 6.074645
v  20.542175 1.436000 6.016676
v  20.523928 1.436000 6.075770
v  20.562712 1.384711 6.003330
v  20.543522 1.436000 6.003329
v  20.529497 1.436000 5.981652
v  20.552498 1.374497 5.981644
v  20.562712 1.487289 6.003330
v  20.552498 1.497503 5.981644
v  20.614000 1.506479 6.003329
v  20.614000 1.520503 5.981652
v  20.665289 1.487289 6.003330
v  20.675503 1.497503 5.981644
v  20.684479 1.436000 6.003329
v  20.698503 1.436000 5.981652
v  20.665289 1.384711 6.003330
v  20.675503 1.374497 5.981644
v  20.614000 1.365521 6.003329
v  20.614000 1.351497 5.981652
v  20.526081 1.436000 5.918652
v  20.525848 1.436000 5.891230
v  20.549850 1.371850 5.891230
v  20.550014 1.372015 5.918652
v  20.550014 1.499985 5.918652
v  20.549850 1.500150 5.891230
v  20.614000 1.523919 5.918652
v  20.614000 1.524151 5.891230
v  20.677986 1.499985 5.918652
v  20.678150 1.500150 5.891230
v  20.701920 1.436000 5.918652
v  20.702152 1.436000 5.891230
v  20.677986 1.372015 5.918652
v  20.678150 1.371850 5.891230
v  20.614000 1.348081 5.918652
v  20.614000 1.347849 5.891230
v  20.529459 1.436000 5.971465
v  20.540533 1.436000 5.952154
v  20.560234 1.382233 5.952154
v  20.552406 1.374406 5.971463
v  20.552406 1.497594 5.971463
v  20.560234 1.489767 5.952154
v  20.614000 1.520541 5.971465
v  20.614000 1.509468 5.952154
v  20.675594 1.497594 5.971463
v  20.667767 1.489767 5.952154
v  20.698542 1.436000 5.971465
v  20.687468 1.436000 5.952154
v  20.675594 1.374406 5.971463
v  20.667767 1.382233 5.952154
v  20.614000 1.351459 5.971465
v  20.614000 1.362532 5.952154
v  20.552296 1.374295 5.929154
v  20.560234 1.382233 5.943579
v  20.540533 1.436000 5.943579
v  20.529306 1.436000 5.929154
v  20.560234 1.489767 5.943579
v  20.552296 1.497705 5.929154
v  20.614000 1.509468 5.943579
v  20.614000 1.520693 5.929154
v  20.667767 1.489767 5.943579
v  20.675705 1.497705 5.929154
v  20.687468 1.436000 5.943579
v  20.698694 1.436000 5.929154
v  20.667767 1.382233 5.943579
v  20.675705 1.374295 5.929154
v  20.614000 1.362532 5.943579
v  20.614000 1.351307 5.929154
v  20.525848 1.436000 5.883224
v  20.549850 1.371850 5.883224
v  20.549850 1.500150 5.883224
v  20.614000 1.524151 5.883224
v  20.678150 1.500150 5.883224
v  20.702152 1.436000 5.883224
v  20.678150 1.371850 5.883224
v  20.614000 1.347849 5.883224
# 377 vertices

vt 0.000000 0.000000 0.000000
vt 0.250000 0.000000 0.000000
vt 0.250000 0.250000 0.000000
vt 0.000000 0.250000 0.000000
vt 0.500000 0.000000 0.000000
vt 0.500000 0.250000 0.000000
vt 0.500000 0.476563 0.000000
vt 0.250000 0.484375 0.000000
vt 0.000000 0.500000 0.000000
vt 0.750000 0.000000 0.000000
vt 0.750000 0.250000 0.000000
vt 1.000000 0.000000 0.000000
vt 1.000000 0.250000 0.000000
vt 1.000000 0.500000 0.000000
vt 0.750000 0.484375 0.000000
vt 0.750000 0.687500 0.000000
vt 0.500000 0.656250 0.000000
vt 1.000000 0.750000 0.000000
vt 1.000000 1.000000 0.000000
vt 0.750000 0.781250 0.000000
vt 0.500000 0.734375 0.000000
vt 0.250000 0.687500 0.000000
vt 0.000000 0.750000 0.000000
vt 0.250000 0.781250 0.000000
vt 0.000000 1.000000 0.000000
vt 0.000000 0.007367 0.000000
vt 0.250000 0.176039 0.000000
vt 0.250000 0.315276 0.000000
vt 0.000000 0.269088 0.000000
vt 0.500000 0.230046 0.000000
vt 0.500000 0.346073 0.000000
vt 0.500000 0.524018 0.000000
vt 0.250000 0.516319 0.000000
vt 0.000000 0.504772 0.000000
vt 0.750000 0.176039 0.000000
vt 0.750000 0.315276 0.000000
vt 1.000000 0.007367 0.000000
vt 1.000000 0.269088 0.000000
vt 1.000000 0.504772 0.000000
vt 0.750000 0.516319 0.000000
vt 0.750000 0.750000 0.000000
vt 0.500000 0.750000 0.000000
vt 1.000000 0.750000 0.000000
vt 1.000000 1.000000 0.000000
vt 0.750000 1.000000 0.000000
vt 0.500000 1.000000 0.000000
vt 0.250000 0.750000 0.000000
vt 0.000000 0.750000 0.000000
vt 0.250000 1.000000 0.000000
vt 0.000000 1.000000 0.000000
vt 0.000000 0.007367 0.000000
vt 0.250024 0.067613 0.000000
vt 0.250000 0.253711 0.000000
vt 0.000000 0.269088 0.000000
vt 0.500000 0.067633 0.000000
vt 0.500000 0.253724 0.000000
vt 0.500000 0.500931 0.000000
vt 0.250000 0.500928 0.000000
vt 0.000000 0.504772 0.000000
vt 0.749976 0.067613 0.000000
vt 0.750000 0.253711 0.000000
vt 1.000000 0.067593 0.000000
vt 1.000000 0.253697 0.000000
vt 1.000000 0.497018 0.000000
vt 0.750000 0.500928 0.000000
vt 0.750000 0.750000 0.000000
vt 0.500000 0.750000 0.000000
vt 1.000000 0.734375 0.000000
vt 0.750000 1.000000 0.000000
vt 0.500000 1.000000 0.000000
vt 0.250000 0.750000 0.000000
vt 0.000000 0.750000 0.000000
vt 0.250000 1.000000 0.000000
vt 0.000000 1.000000 0.000000
vt 0.000000 0.067593 0.000000
vt 0.250024 0.067613 0.000000
vt 0.250000 0.253711 0.000000
vt 0.000000 0.253697 0.000000
vt 0.500000 0.067633 0.000000
vt 0.500000 0.253724 0.000000
vt 0.500000 0.477494 0.000000
vt 0.250000 0.485303 0.000000
vt 0.000000 0.497018 0.000000
vt 0.749976 0.067613 0.000000
vt 0.750000 0.253711 0.000000
vt 1.000000 0.067593 0.000000
vt 1.000000 0.253697 0.000000
vt 1.000000 0.497018 0.000000
vt 0.750000 0.485303 0.000000
vt 0.750000 0.687500 0.000000
vt 0.500000 0.656250 0.000000
vt 1.000000 0.734375 0.000000
vt 1.000000 1.000000 0.000000
vt 0.750000 0.781250 0.000000
vt 0.250000 0.687500 0.000000
vt 0.000000 0.734375 0.000000
vt 0.250000 0.781250 0.000000
vt 0.000000 1.000000 0.000000
vt 0.000000 0.067593 0.000000
vt 0.250024 0.067613 0.000000
vt 0.250000 0.253711 0.000000
vt 0.000000 0.253697 0.000000
vt 0.500000 0.067633 0.000000
vt 0.500000 0.253724 0.000000
vt 0.500000 0.500931 0.000000
vt 0.250000 0.500928 0.000000
vt 0.000000 0.497018 0.000000
vt 0.749976 0.067613 0.000000
vt 0.750000 0.253711 0.000000
vt 1.000000 0.007367 0.000000
vt 1.000000 0.269088 0.000000
vt 1.000000 0.504772 0.000000
vt 0.750000 0.500928 0.000000
vt 0.750000 0.750000 0.000000
vt 0.500000 0.750000 0.000000
vt 1.000000 0.750000 0.000000
vt 1.000000 1.000000 0.000000
vt 0.750000 1.000000 0.000000
vt 0.500000 1.000000 0.000000
vt 0.250000 0.750000 0.000000
vt 0.000000 0.734375 0.000000
vt 0.250000 1.000000 0.000000
vt 1.000000 0.000000 0.000000
vt 1.000000 0.250000 0.000000
vt 1.000000 0.250000 0.000000
vt 0.937500 0.093750 0.000000
vt 1.000000 0.500000 0.000000
vt 1.000000 0.500000 0.000000
vt 1.000000 0.500000 0.000000
vt 1.000000 0.250000 0.000000
vt 0.937500 0.093750 0.000000
vt 1.000000 0.750000 0.000000
vt 1.000000 0.750000 0.000000
vt 1.000000 1.000000 0.000000
vt 0.937500 0.937500 0.000000
vt 0.937500 0.937500 0.000000
vt 1.000000 0.750000 0.000000
vt 0.750000 1.000000 0.000000
vt 0.750000 1.000000 0.000000
vt 0.500000 1.000000 0.000000
vt 0.500000 1.000000 0.000000
vt 0.500000 1.000000 0.000000
vt 0.750000 1.000000 0.000000
vt 0.250000 1.000000 0.000000
vt 0.250000 1.000000 0.000000
vt 0.000000 1.000000 0.000000
vt 0.062500 0.937500 0.000000
vt 0.062500 0.937500 0.000000
vt 0.250000 1.000000 0.000000
vt 0.000000 0.750000 0.000000
vt 0.000000 0.750000 0.000000
vt 0.000000 0.500000 0.000000
vt 0.000000 0.500000 0.000000
vt 0.000000 0.500000 0.000000
vt 0.000000 0.750000 0.000000
vt 0.000000 0.250000 0.000000
vt 0.000000 0.250000 0.000000
vt 0.000000 0.000000 0.000000
vt 0.062500 0.093750 0.000000
vt 0.062500 0.093750 0.000000
vt 0.000000 0.250000 0.000000
vt 0.250000 0.125694 0.000000
vt 0.250000 0.125000 0.000000
vt 0.500000 0.188081 0.000000
vt 0.500000 0.187500 0.000000
vt 0.500000 0.187500 0.000000
vt 0.250000 0.125000 0.000000
vt 0.750000 0.125694 0.000000
vt 0.750000 0.125000 0.000000
vt 0.750000 0.125000 0.000000
vt 1.000000 0.500000 0.000000
vt 1.000000 0.500000 0.000000
vt 1.000000 0.250000 0.000000
vt 1.000000 0.250000 0.000000
vt 1.000000 0.500000 0.000000
vt 1.000000 0.250000 0.000000
vt 0.937500 0.093750 0.000000
vt 0.937500 0.093750 0.000000
vt 0.937500 0.093750 0.000000
vt 0.937500 0.937500 0.000000
vt 0.937500 0.937500 0.000000
vt 1.000000 0.750000 0.000000
vt 1.000000 0.750000 0.000000
vt 0.937500 0.937500 0.000000
vt 1.000000 0.750000 0.000000
vt 0.500000 1.000000 0.000000
vt 0.500000 1.000000 0.000000
vt 0.750000 1.000000 0.000000
vt 0.750000 1.000000 0.000000
vt 0.500000 1.000000 0.000000
vt 0.750000 1.000000 0.000000
vt 0.062500 0.937500 0.000000
vt 0.062500 0.937500 0.000000
vt 0.250000 1.000000 0.000000
vt 0.250000 1.000000 0.000000
vt 0.062500 0.937500 0.000000
vt 0.250000 1.000000 0.000000
vt 0.000000 0.500000 0.000000
vt 0.000000 0.500000 0.000000
vt 0.000000 0.750000 0.000000
vt 0.000000 0.750000 0.000000
vt 0.000000 0.500000 0.000000
vt 0.000000 0.750000 0.000000
vt 0.062500 0.093750 0.000000
vt 0.062500 0.093750 0.000000
vt 0.000000 0.250000 0.000000
vt 0.000000 0.250000 0.000000
vt 0.062500 0.093750 0.000000
vt 0.000000 0.250000 0.000000
vt 0.500000 0.187500 0.000000
vt 0.500000 0.187500 0.000000
vt 0.250000 0.125000 0.000000
vt 0.250000 0.125000 0.000000
vt 0.500000 0.187500 0.000000
vt 0.250000 0.125000 0.000000
vt 0.750000 0.125000 0.000000
vt 0.750000 0.125000 0.000000
vt 0.750000 0.125000 0.000000
vt 1.000000 0.500000 0.000000
vt 1.000000 0.500000 0.000000
vt 1.000000 0.250000 0.000000
vt 1.000000 0.250000 0.000000
vt 1.000000 0.500000 0.000000
vt 1.000000 0.250000 0.000000
vt 0.937500 0.093750 0.000000
vt 0.937500 0.093750 0.000000
vt 0.937500 0.093750 0.000000
vt 0.937500 0.937500 0.000000
vt 0.937500 0.937500 0.000000
vt 1.000000 0.750000 0.000000
vt 1.000000 0.750000 0.000000
vt 0.937500 0.937500 0.000000
vt 1.000000 0.750000 0.000000
vt 0.500000 1.000000 0.000000
vt 0.500000 1.000000 0.000000
vt 0.750000 1.000000 0.000000
vt 0.750000 1.000000 0.000000
vt 0.500000 1.000000 0.000000
vt 0.750000 1.000000 0.000000
vt 0.062500 0.937500 0.000000
vt 0.062500 0.937500 0.000000
vt 0.250000 1.000000 0.000000
vt 0.250000 1.000000 0.000000
vt 0.062500 0.937500 0.000000
vt 0.250000 1.000000 0.000000
vt 0.000000 0.500000 0.000000
vt 0.000000 0.500000 0.000000
vt 0.000000 0.750000 0.000000
vt 0.000000 0.750000 0.000000
vt 0.000000 0.500000 0.000000
vt 0.000000 0.750000 0.000000
vt 0.062500 0.093750 0.000000
vt 0.062500 0.093750 0.000000
vt 0.000000 0.250000 0.000000
vt 0.000000 0.250000 0.000000
vt 0.062500 0.093750 0.000000
vt 0.000000 0.250000 0.000000
vt 0.500000 0.187500 0.000000
vt 0.500000 0.187500 0.000000
vt 0.250000 0.125000 0.000000
vt 0.250000 0.125000 0.000000
vt 0.500000 0.187500 0.000000
vt 0.250000 0.125000 0.000000
vt 0.750000 0.125000 0.000000
vt 0.750000 0.125000 0.000000
vt 0.750000 0.125000 0.000000
vt 0.937500 0.093750 0.000000
vt 0.937500 0.093750 0.000000
vt 1.000000 0.250000 0.000000
vt 1.000000 0.250000 0.000000
vt 0.937500 0.093750 0.000000
vt 1.000000 0.250000 0.000000
vt 1.000000 0.500000 0.000000
vt 1.000000 0.500000 0.000000
vt 1.000000 0.500000 0.000000
vt 1.000000 0.750000 0.000000
vt 1.000000 0.750000 0.000000
vt 1.000000 0.750000 0.000000
vt 0.937500 0.937500 0.000000
vt 0.937500 0.937500 0.000000
vt 0.937500 0.937500 0.000000
vt 0.750000 1.000000 0.000000
vt 0.750000 1.000000 0.000000
vt 0.750000 1.000000 0.000000
vt 0.500000 1.000000 0.000000
vt 0.500000 1.000000 0.000000
vt 0.500000 1.000000 0.000000
vt 0.250000 1.000000 0.000000
vt 0.250000 1.000000 0.000000
vt 0.250000 1.000000 0.000000
vt 0.062500 0.937500 0.000000
vt 0.062500 0.937500 0.000000
vt 0.062500 0.937500 0.000000
vt 0.000000 0.750000 0.000000
vt 0.000000 0.750000 0.000000
vt 0.000000 0.750000 0.000000
vt 0.000000 0.500000 0.000000
vt 0.000000 0.500000 0.000000
vt 0.000000 0.500000 0.000000
vt 0.000000 0.250000 0.000000
vt 0.000000 0.250000 0.000000
vt 0.000000 0.250000 0.000000
vt 0.062500 0.093750 0.000000
vt 0.062500 0.093750 0.000000
vt 0.062500 0.093750 0.000000
vt 0.250000 0.125000 0.000000
vt 0.250000 0.125000 0.000000
vt 0.250000 0.125000 0.000000
vt 0.500000 0.187500 0.000000
vt 0.500000 0.187500 0.000000
vt 0.500000 0.187500 0.000000
vt 0.750000 0.125000 0.000000
vt 0.750000 0.125000 0.000000
vt 0.750000 0.125000 0.000000
vt 1.000000 0.500000 0.000000
vt 1.000000 0.250000 0.000000
vt 0.937500 0.093750 0.000000
vt 0.937500 0.937500 0.000000
vt 1.000000 0.750000 0.000000
vt 0.500000 1.000000 0.000000
vt 0.750000 1.000000 0.000000
vt 0.062500 0.937500 0.000000
vt 0.250000 1.000000 0.000000
vt 0.000000 0.500000 0.000000
vt 0.000000 0.750000 0.000000
vt 0.062500 0.093750 0.000000
vt 0.000000 0.250000 0.000000
vt 0.500000 0.187500 0.000000
vt 0.250000 0.125000 0.000000
vt 0.750000 0.125000 0.000000
vt 1.000000 0.500000 0.000000
vt 1.000000 0.250000 0.000000
vt 0.937500 0.093750 0.000000
vt 0.937500 0.937500 0.000000
vt 1.000000 0.750000 0.000000
vt 0.500000 1.000000 0.000000
vt 0.750000 1.000000 0.000000
vt 0.062500 0.937500 0.000000
vt 0.250000 1.000000 0.000000
vt 0.000000 0.500000 0.000000
vt 0.000000 0.750000 0.000000
vt 0.062500 0.093750 0.000000
vt 0.000000 0.250000 0.000000
vt 0.500000 0.187500 0.000000
vt 0.250000 0.125000 0.000000
vt 0.750000 0.125000 0.000000
vt 0.937500 0.093750 0.000000
vt 1.000000 0.250000 0.000000
vt 1.000000 0.500000 0.000000
vt 1.000000 0.750000 0.000000
vt 0.937500 0.937500 0.000000
vt 0.750000 1.000000 0.000000
vt 0.500000 1.000000 0.000000
vt 0.250000 1.000000 0.000000
vt 0.062500 0.937500 0.000000
vt 0.000000 0.750000 0.000000
vt 0.000000 0.500000 0.000000
vt 0.000000 0.250000 0.000000
vt 0.062500 0.093750 0.000000
vt 0.250000 0.125000 0.000000
vt 0.500000 0.187500 0.000000
vt 0.750000 0.125000 0.000000
vt 0.998989 -0.003620 0.000000
vt 0.999495 0.001873 0.000000
vt 0.749902 0.001898 0.000000
vt 0.749804 -0.003626 0.000000
vt 0.500310 0.001910 0.000000
vt 0.500619 -0.003631 0.000000
vt 0.500000 0.189823 0.000000
vt 0.750000 0.127776 0.000000
vt 0.750000 0.176039 0.000000
vt 1.000000 0.003683 0.000000
vt 0.499381 -0.003631 0.000000
vt 0.250098 0.001898 0.000000
vt 0.250196 -0.003626 0.000000
vt 0.000505 0.001886 0.000000
vt 0.001011 -0.003620 0.000000
vt 0.998989 -0.003620 0.000000
vt 0.999495 0.001886 0.000000
vt 0.749902 0.001898 0.000000
vt 0.749804 -0.003626 0.000000
vt 0.500310 0.001910 0.000000
vt 0.500619 -0.003631 0.000000
vt 0.499381 -0.003631 0.000000
vt 0.250098 0.001898 0.000000
vt 0.250196 -0.003626 0.000000
vt 0.000505 0.001886 0.000000
vt 0.001011 -0.003620 0.000000
vt 0.998989 -0.003620 0.000000
vt 0.999495 0.001886 0.000000
vt 0.749902 0.001898 0.000000
vt 0.749804 -0.003626 0.000000
vt 0.500310 0.001910 0.000000
vt 0.500619 -0.003631 0.000000
vt 0.499381 -0.003631 0.000000
vt 0.250098 0.001898 0.000000
vt 0.250196 -0.003626 0.000000
vt 0.000505 0.001873 0.000000
vt 0.001011 -0.003620 0.000000
vt 0.000000 0.003683 0.000000
vt 0.250000 0.127776 0.000000
vt 0.250000 0.176039 0.000000
vt 1.000000 0.250000 0.000000
vt 0.937500 0.093750 0.000000
vt 1.000000 0.500000 0.000000
vt 1.000000 0.500000 0.000000
vt 1.000000 0.250000 0.000000
vt 1.000000 0.000000 0.000000
vt 1.000000 0.750000 0.000000
vt 0.937500 0.937500 0.000000
vt 1.000000 1.000000 0.000000
vt 1.000000 0.750000 0.000000
vt 0.750000 1.000000 0.000000
vt 0.500000 1.000000 0.000000
vt 0.500000 1.000000 0.000000
vt 0.750000 1.000000 0.000000
vt 0.250000 1.000000 0.000000
vt 0.062500 0.937500 0.000000
vt 0.000000 1.000000 0.000000
vt 0.250000 1.000000 0.000000
vt 0.000000 0.750000 0.000000
vt 0.000000 0.500000 0.000000
vt 0.000000 0.500000 0.000000
vt 0.000000 0.750000 0.000000
vt 0.000000 0.250000 0.000000
vt 0.062500 0.093750 0.000000
vt 0.000000 0.000000 0.000000
vt 0.000000 0.250000 0.000000
vt 0.250000 0.125000 0.000000
vt 0.500000 0.187500 0.000000
vt 0.500000 0.250000 0.000000
vt 0.250000 0.125000 0.000000
vt 0.750000 0.125000 0.000000
vt 0.750000 0.125000 0.000000
# 434 texture coords

o Box054
g Box054
f 2543/3019 2355/3020 2263/3021 2356/3022 
f 2355/3020 2544/3023 2357/3024 2263/3021 
f 2263/3021 2357/3024 2545/3025 2358/3026 
f 2356/3022 2263/3021 2358/3026 2546/3027 
f 2544/3023 2359/3028 2267/3029 2357/3024 
f 2359/3028 2547/3030 2360/3031 2267/3029 
f 2267/3029 2360/3031 2548/3032 2361/3033 
f 2357/3024 2267/3029 2361/3033 2545/3025 
f 2545/3025 2361/3033 2268/3034 2362/3035 
f 2361/3033 2548/3032 2363/3036 2268/3034 
f 2268/3034 2363/3036 2549/3037 2364/3038 
f 2362/3035 2268/3034 2364/3038 2550/3039 
f 2546/3027 2358/3026 2269/3040 2365/3041 
f 2358/3026 2545/3025 2362/3035 2269/3040 
f 2269/3040 2362/3035 2550/3039 2366/3042 
f 2365/3041 2269/3040 2366/3042 2551/3043 
f 2552/3044 2367/3045 2275/3046 2368/3047 
f 2367/3045 2553/3048 2369/3049 2275/3046 
f 2275/3046 2369/3049 2554/3050 2370/3051 
f 2368/3047 2275/3046 2370/3051 2555/3052 
f 2553/3048 2371/3053 2280/3054 2369/3049 
f 2371/3053 2556/3055 2372/3056 2280/3054 
f 2280/3054 2372/3056 2557/3057 2373/3058 
f 2369/3049 2280/3054 2373/3058 2554/3050 
f 2554/3050 2373/3058 2266/3059 2374/3060 
f 2373/3058 2557/3057 2375/3061 2266/3059 
f 2266/3059 2375/3061 2547/3062 2359/3063 
f 2374/3060 2266/3059 2359/3063 2544/3064 
f 2555/3052 2370/3051 2265/3065 2376/3066 
f 2370/3051 2554/3050 2374/3060 2265/3065 
f 2265/3065 2374/3060 2544/3064 2355/3067 
f 2376/3066 2265/3065 2355/3067 2543/3068 
f 2556/3069 2377/3070 2282/3071 2372/3072 
f 2377/3070 2558/3073 2378/3074 2282/3071 
f 2282/3071 2378/3074 2559/3075 2379/3076 
f 2372/3072 2282/3071 2379/3076 2557/3077 
f 2558/3073 2380/3078 2284/3079 2378/3074 
f 2380/3078 2560/3080 2381/3081 2284/3079 
f 2284/3079 2381/3081 2561/3082 2382/3083 
f 2378/3074 2284/3079 2382/3083 2559/3075 
f 2559/3075 2382/3083 2272/3084 2383/3085 
f 2382/3083 2561/3082 2384/3086 2272/3084 
f 2272/3084 2384/3086 2549/3037 2363/3087 
f 2383/3085 2272/3084 2363/3087 2548/3088 
f 2557/3077 2379/3076 2271/3089 2375/3090 
f 2379/3076 2559/3075 2383/3085 2271/3089 
f 2271/3089 2383/3085 2548/3088 2360/3091 
f 2375/3090 2271/3089 2360/3091 2547/3092 
f 2560/3093 2385/3094 2286/3095 2381/3096 
f 2385/3094 2562/3097 2386/3098 2286/3095 
f 2286/3095 2386/3098 2563/3099 2387/3100 
f 2381/3096 2286/3095 2387/3100 2561/3101 
f 2562/3097 2388/3102 2288/3103 2386/3098 
f 2388/3102 2564/3104 2389/3105 2288/3103 
f 2288/3103 2389/3105 2565/3106 2390/3107 
f 2386/3098 2288/3103 2390/3107 2563/3099 
f 2563/3099 2390/3107 2274/3108 2391/3109 
f 2390/3107 2565/3106 2392/3110 2274/3108 
f 2274/3108 2392/3110 2551/3111 2366/3112 
f 2391/3109 2274/3108 2366/3112 2550/3039 
f 2561/3101 2387/3100 2273/3113 2384/3114 
f 2387/3100 2563/3099 2391/3109 2273/3113 
f 2273/3113 2391/3109 2550/3039 2364/3115 
f 2384/3114 2273/3113 2364/3115 2549/3116 
f 2564/3117 2393/3118 2290/3119 2389/3120 
f 2393/3118 2566/3121 2394/3122 2290/3119 
f 2290/3119 2394/3122 2567/3123 2395/3124 
f 2389/3120 2290/3119 2395/3124 2565/3125 
f 2566/3121 2396/3126 2276/3127 2394/3122 
f 2396/3126 2552/3128 2368/3129 2276/3127 
f 2276/3127 2368/3129 2555/3130 2397/3131 
f 2394/3122 2276/3127 2397/3131 2567/3123 
f 2567/3123 2397/3131 2264/3132 2398/3133 
f 2397/3131 2555/3130 2376/3134 2264/3132 
f 2264/3132 2376/3134 2543/3135 2356/3136 
f 2398/3133 2264/3132 2356/3136 2546/3137 
f 2565/3125 2395/3124 2270/3138 2392/3139 
f 2395/3124 2567/3123 2398/3133 2270/3138 
f 2270/3138 2398/3133 2546/3137 2365/3140 
f 2392/3139 2270/3138 2365/3140 2551/3043 
f 2568/3141 2399/3142 2291/3143 2400/3144 
f 2399/3142 2569/3145 2401/3146 2291/3143 
f 2291/3143 2401/3146 2570/3147 2402/3148 
f 2400/3144 2291/3143 2402/3148 2571/3149 
f 2569/3145 2403/3150 2293/3151 2401/3146 
f 2403/3150 2572/3152 2404/3153 2293/3151 
f 2293/3151 2404/3153 2573/3154 2405/3155 
f 2401/3146 2293/3151 2405/3155 2570/3147 
f 2572/3152 2406/3156 2297/3157 2404/3153 
f 2406/3156 2574/3158 2407/3159 2297/3157 
f 2297/3157 2407/3159 2575/3160 2408/3161 
f 2404/3153 2297/3157 2408/3161 2573/3154 
f 2574/3158 2409/3162 2299/3163 2407/3159 
f 2409/3162 2576/3164 2410/3165 2299/3163 
f 2299/3163 2410/3165 2577/3166 2411/3167 
f 2407/3159 2299/3163 2411/3167 2575/3160 
f 2576/3164 2412/3168 2301/3169 2410/3165 
f 2412/3168 2578/3170 2413/3171 2301/3169 
f 2301/3169 2413/3171 2579/3172 2414/3173 
f 2410/3165 2301/3169 2414/3173 2577/3166 
f 2578/3170 2415/3174 2303/3175 2413/3171 
f 2415/3174 2580/3176 2416/3177 2303/3175 
f 2303/3175 2416/3177 2581/3178 2417/3179 
f 2413/3171 2303/3175 2417/3179 2579/3172 
f 2580/3176 2418/3180 2305/3181 2416/3177 
f 2418/3180 2582/3182 2419/3183 2305/3181 
f 2305/3181 2419/3183 2583/3184 2420/3185 
f 2416/3177 2305/3181 2420/3185 2581/3178 
f 2582/3182 2421/3186 2292/3187 2419/3183 
f 2421/3186 2568/3141 2400/3144 2292/3187 
f 2292/3187 2400/3144 2571/3149 2422/3188 
f 2419/3183 2292/3187 2422/3188 2583/3184 
f 2584/3189 2423/3190 2307/3191 2424/3192 
f 2423/3190 2585/3193 2425/3194 2307/3191 
f 2307/3191 2425/3194 2586/3195 2426/3196 
f 2424/3192 2307/3191 2426/3196 2587/3197 
f 2588/3198 2427/3199 2310/3200 2428/3201 
f 2427/3199 2589/3202 2429/3203 2310/3200 
f 2310/3200 2429/3203 2585/3193 2423/3190 
f 2428/3201 2310/3200 2423/3190 2584/3189 
f 2590/3204 2430/3205 2317/3206 2431/3207 
f 2430/3205 2591/3208 2432/3209 2317/3206 
f 2317/3206 2432/3209 2589/3202 2427/3199 
f 2431/3207 2317/3206 2427/3199 2588/3198 
f 2592/3210 2433/3211 2320/3212 2434/3213 
f 2433/3211 2593/3214 2435/3215 2320/3212 
f 2320/3212 2435/3215 2591/3208 2430/3205 
f 2434/3213 2320/3212 2430/3205 2590/3204 
f 2594/3216 2436/3217 2323/3218 2437/3219 
f 2436/3217 2595/3220 2438/3221 2323/3218 
f 2323/3218 2438/3221 2593/3214 2433/3211 
f 2437/3219 2323/3218 2433/3211 2592/3210 
f 2596/3222 2439/3223 2326/3224 2440/3225 
f 2439/3223 2597/3226 2441/3227 2326/3224 
f 2326/3224 2441/3227 2595/3220 2436/3217 
f 2440/3225 2326/3224 2436/3217 2594/3216 
f 2598/3228 2442/3229 2329/3230 2443/3231 
f 2442/3229 2599/3232 2444/3233 2329/3230 
f 2329/3230 2444/3233 2597/3226 2439/3223 
f 2443/3231 2329/3230 2439/3223 2596/3222 
f 2587/3197 2426/3196 2314/3234 2445/3235 
f 2426/3196 2586/3195 2446/3236 2314/3234 
f 2314/3234 2446/3236 2599/3232 2442/3229 
f 2445/3235 2314/3234 2442/3229 2598/3228 
f 2600/3237 2447/3238 2331/3239 2448/3240 
f 2447/3238 2601/3241 2449/3242 2331/3239 
f 2331/3239 2449/3242 2602/3243 2450/3244 
f 2448/3240 2331/3239 2450/3244 2603/3245 
f 2604/3246 2451/3247 2332/3248 2452/3249 
f 2451/3247 2605/3250 2453/3251 2332/3248 
f 2332/3248 2453/3251 2601/3241 2447/3238 
f 2452/3249 2332/3248 2447/3238 2600/3237 
f 2606/3252 2454/3253 2337/3254 2455/3255 
f 2454/3253 2607/3256 2456/3257 2337/3254 
f 2337/3254 2456/3257 2605/3250 2451/3247 
f 2455/3255 2337/3254 2451/3247 2604/3246 
f 2608/3258 2457/3259 2339/3260 2458/3261 
f 2457/3259 2609/3262 2459/3263 2339/3260 
f 2339/3260 2459/3263 2607/3256 2454/3253 
f 2458/3261 2339/3260 2454/3253 2606/3252 
f 2610/3264 2460/3265 2341/3266 2461/3267 
f 2460/3265 2611/3268 2462/3269 2341/3266 
f 2341/3266 2462/3269 2609/3262 2457/3259 
f 2461/3267 2341/3266 2457/3259 2608/3258 
f 2612/3270 2463/3271 2343/3272 2464/3273 
f 2463/3271 2613/3274 2465/3275 2343/3272 
f 2343/3272 2465/3275 2611/3268 2460/3265 
f 2464/3273 2343/3272 2460/3265 2610/3264 
f 2614/3276 2466/3277 2345/3278 2467/3279 
f 2466/3277 2615/3280 2468/3281 2345/3278 
f 2345/3278 2468/3281 2613/3274 2463/3271 
f 2467/3279 2345/3278 2463/3271 2612/3270 
f 2603/3245 2450/3244 2336/3282 2469/3283 
f 2450/3244 2602/3243 2470/3284 2336/3282 
f 2336/3282 2470/3284 2615/3280 2466/3277 
f 2469/3283 2336/3282 2466/3277 2614/3276 
f 2616/3285 2471/3286 2347/3287 2472/3288 
f 2471/3286 2617/3289 2473/3290 2347/3287 
f 2347/3287 2473/3290 2618/3291 2474/3292 
f 2472/3288 2347/3287 2474/3292 2619/3293 
f 2619/3293 2474/3292 2349/3294 2475/3295 
f 2474/3292 2618/3291 2476/3296 2349/3294 
f 2349/3294 2476/3296 2620/3297 2477/3298 
f 2475/3295 2349/3294 2477/3298 2621/3299 
f 2621/3299 2477/3298 2350/3300 2478/3301 
f 2477/3298 2620/3297 2479/3302 2350/3300 
f 2350/3300 2479/3302 2622/3303 2480/3304 
f 2478/3301 2350/3300 2480/3304 2623/3305 
f 2623/3305 2480/3304 2351/3306 2481/3307 
f 2480/3304 2622/3303 2482/3308 2351/3306 
f 2351/3306 2482/3308 2624/3309 2483/3310 
f 2481/3307 2351/3306 2483/3310 2625/3311 
f 2625/3311 2483/3310 2352/3312 2484/3313 
f 2483/3310 2624/3309 2485/3314 2352/3312 
f 2352/3312 2485/3314 2626/3315 2486/3316 
f 2484/3313 2352/3312 2486/3316 2627/3317 
f 2627/3317 2486/3316 2353/3318 2487/3319 
f 2486/3316 2626/3315 2488/3320 2353/3318 
f 2353/3318 2488/3320 2628/3321 2489/3322 
f 2487/3319 2353/3318 2489/3322 2629/3323 
f 2629/3323 2489/3322 2354/3324 2490/3325 
f 2489/3322 2628/3321 2491/3326 2354/3324 
f 2354/3324 2491/3326 2630/3327 2492/3328 
f 2490/3325 2354/3324 2492/3328 2631/3329 
f 2631/3329 2492/3328 2348/3330 2493/3331 
f 2492/3328 2630/3327 2494/3332 2348/3330 
f 2348/3330 2494/3332 2617/3289 2471/3286 
f 2493/3331 2348/3330 2471/3286 2616/3285 
f 2601/3241 2495/3333 2334/3334 2449/3242 
f 2495/3333 2618/3291 2473/3290 2334/3334 
f 2334/3334 2473/3290 2617/3289 2496/3335 
f 2449/3242 2334/3334 2496/3335 2602/3243 
f 2605/3250 2497/3336 2333/3337 2453/3251 
f 2497/3336 2620/3297 2476/3296 2333/3337 
f 2333/3337 2476/3296 2618/3291 2495/3333 
f 2453/3251 2333/3337 2495/3333 2601/3241 
f 2607/3256 2498/3338 2338/3339 2456/3257 
f 2498/3338 2622/3303 2479/3302 2338/3339 
f 2338/3339 2479/3302 2620/3297 2497/3336 
f 2456/3257 2338/3339 2497/3336 2605/3250 
f 2609/3262 2499/3340 2340/3341 2459/3263 
f 2499/3340 2624/3309 2482/3308 2340/3341 
f 2340/3341 2482/3308 2622/3303 2498/3338 
f 2459/3263 2340/3341 2498/3338 2607/3256 
f 2611/3268 2500/3342 2342/3343 2462/3269 
f 2500/3342 2626/3315 2485/3314 2342/3343 
f 2342/3343 2485/3314 2624/3309 2499/3340 
f 2462/3269 2342/3343 2499/3340 2609/3262 
f 2613/3274 2501/3344 2344/3345 2465/3275 
f 2501/3344 2628/3321 2488/3320 2344/3345 
f 2344/3345 2488/3320 2626/3315 2500/3342 
f 2465/3275 2344/3345 2500/3342 2611/3268 
f 2615/3280 2502/3346 2346/3347 2468/3281 
f 2502/3346 2630/3327 2491/3326 2346/3347 
f 2346/3347 2491/3326 2628/3321 2501/3344 
f 2468/3281 2346/3347 2501/3344 2613/3274 
f 2602/3243 2496/3335 2335/3348 2470/3284 
f 2496/3335 2617/3289 2494/3332 2335/3348 
f 2335/3348 2494/3332 2630/3327 2502/3346 
f 2470/3284 2335/3348 2502/3346 2615/3280 
f 2570/3147 2503/3349 2295/3350 2402/3148 
f 2503/3349 2600/3237 2448/3240 2295/3350 
f 2295/3350 2448/3240 2603/3245 2504/3351 
f 2402/3148 2295/3350 2504/3351 2571/3149 
f 2573/3154 2505/3352 2294/3353 2405/3155 
f 2505/3352 2604/3246 2452/3249 2294/3353 
f 2294/3353 2452/3249 2600/3237 2503/3349 
f 2405/3155 2294/3353 2503/3349 2570/3147 
f 2575/3160 2506/3354 2298/3355 2408/3161 
f 2506/3354 2606/3252 2455/3255 2298/3355 
f 2298/3355 2455/3255 2604/3246 2505/3352 
f 2408/3161 2298/3355 2505/3352 2573/3154 
f 2577/3166 2507/3356 2300/3357 2411/3167 
f 2507/3356 2608/3258 2458/3261 2300/3357 
f 2300/3357 2458/3261 2606/3252 2506/3354 
f 2411/3167 2300/3357 2506/3354 2575/3160 
f 2579/3172 2508/3358 2302/3359 2414/3173 
f 2508/3358 2610/3264 2461/3267 2302/3359 
f 2302/3359 2461/3267 2608/3258 2507/3356 
f 2414/3173 2302/3359 2507/3356 2577/3166 
f 2581/3178 2509/3360 2304/3361 2417/3179 
f 2509/3360 2612/3270 2464/3273 2304/3361 
f 2304/3361 2464/3273 2610/3264 2508/3358 
f 2417/3179 2304/3361 2508/3358 2579/3172 
f 2583/3184 2510/3362 2306/3363 2420/3185 
f 2510/3362 2614/3276 2467/3279 2306/3363 
f 2306/3363 2467/3279 2612/3270 2509/3360 
f 2420/3185 2306/3363 2509/3360 2581/3178 
f 2571/3149 2504/3351 2296/3364 2422/3188 
f 2504/3351 2603/3245 2469/3283 2296/3364 
f 2296/3364 2469/3283 2614/3276 2510/3362 
f 2422/3188 2296/3364 2510/3362 2583/3184 
f 2587/3197 2511/3365 2308/3366 2424/3192 
f 2511/3365 2616/3285 2472/3288 2308/3366 
f 2308/3366 2472/3288 2619/3293 2512/3367 
f 2424/3192 2308/3366 2512/3367 2584/3189 
f 2584/3189 2512/3367 2309/3368 2428/3201 
f 2512/3367 2619/3293 2475/3295 2309/3368 
f 2309/3368 2475/3295 2621/3299 2513/3369 
f 2428/3201 2309/3368 2513/3369 2588/3198 
f 2588/3198 2513/3369 2316/3370 2431/3207 
f 2513/3369 2621/3299 2478/3301 2316/3370 
f 2316/3370 2478/3301 2623/3305 2514/3371 
f 2431/3207 2316/3370 2514/3371 2590/3204 
f 2590/3204 2514/3371 2319/3372 2434/3213 
f 2514/3371 2623/3305 2481/3307 2319/3372 
f 2319/3372 2481/3307 2625/3311 2515/3373 
f 2434/3213 2319/3372 2515/3373 2592/3210 
f 2592/3210 2515/3373 2322/3374 2437/3219 
f 2515/3373 2625/3311 2484/3313 2322/3374 
f 2322/3374 2484/3313 2627/3317 2516/3375 
f 2437/3219 2322/3374 2516/3375 2594/3216 
f 2594/3216 2516/3375 2325/3376 2440/3225 
f 2516/3375 2627/3317 2487/3319 2325/3376 
f 2325/3376 2487/3319 2629/3323 2517/3377 
f 2440/3225 2325/3376 2517/3377 2596/3222 
f 2596/3222 2517/3377 2328/3378 2443/3231 
f 2517/3377 2629/3323 2490/3325 2328/3378 
f 2328/3378 2490/3325 2631/3329 2518/3379 
f 2443/3231 2328/3378 2518/3379 2598/3228 
f 2598/3228 2518/3379 2315/3380 2445/3235 
f 2518/3379 2631/3329 2493/3331 2315/3380 
f 2315/3380 2493/3331 2616/3285 2511/3365 
f 2445/3235 2315/3380 2511/3365 2587/3197 
f 2568/3381 2519/3382 2277/3383 2399/3384 
f 2519/3382 2552/3128 2396/3126 2277/3383 
f 2277/3383 2396/3126 2566/3121 2520/3385 
f 2399/3384 2277/3383 2520/3385 2569/3386 
f 2582/3182 2521/3387 2278/3388 2421/3186 
f 2521/3387 2553/3048 2367/3389 2278/3388 
f 2278/3388 2367/3389 2552/3128 2519/3390 
f 2421/3186 2278/3388 2519/3390 2568/3141 
f 2569/3391 2520/3385 2289/3392 2403/3393 
f 2520/3385 2566/3121 2393/3118 2289/3392 
f 2289/3392 2393/3118 2564/3117 2522/3394 
f 2403/3393 2289/3392 2522/3394 2572/3395 
f 2572/3396 2522/3397 2287/3398 2406/3399 
f 2522/3397 2564/3104 2388/3102 2287/3398 
f 2287/3398 2388/3102 2562/3097 2523/3400 
f 2406/3399 2287/3398 2523/3400 2574/3401 
f 2574/3402 2523/3400 2285/3403 2409/3404 
f 2523/3400 2562/3097 2385/3094 2285/3403 
f 2285/3403 2385/3094 2560/3093 2524/3405 
f 2409/3404 2285/3403 2524/3405 2576/3406 
f 2576/3407 2524/3408 2283/3409 2412/3410 
f 2524/3408 2560/3080 2380/3078 2283/3409 
f 2283/3409 2380/3078 2558/3073 2525/3411 
f 2412/3410 2283/3409 2525/3411 2578/3412 
f 2578/3413 2525/3411 2281/3414 2415/3415 
f 2525/3411 2558/3073 2377/3070 2281/3414 
f 2281/3414 2377/3070 2556/3069 2526/3416 
f 2415/3415 2281/3414 2526/3416 2580/3417 
f 2580/3176 2526/3418 2279/3419 2418/3180 
f 2526/3418 2556/3069 2371/3420 2279/3419 
f 2279/3419 2371/3420 2553/3048 2521/3387 
f 2418/3180 2279/3419 2521/3387 2582/3182 
f 2586/3195 2425/3194 2312/3421 2527/3422 
f 2425/3194 2585/3193 2528/3423 2312/3421 
f 2312/3421 2528/3423 2632/3424 2529/3425 
f 2527/3422 2312/3421 2529/3425 2633/3426 
f 2585/3193 2429/3203 2311/3427 2528/3423 
f 2429/3203 2589/3202 2530/3428 2311/3427 
f 2311/3427 2530/3428 2634/3429 2531/3430 
f 2528/3423 2311/3427 2531/3430 2632/3424 
f 2589/3202 2432/3209 2318/3431 2530/3428 
f 2432/3209 2591/3208 2532/3432 2318/3431 
f 2318/3431 2532/3432 2635/3433 2533/3434 
f 2530/3428 2318/3431 2533/3434 2634/3429 
f 2591/3208 2435/3215 2321/3435 2532/3432 
f 2435/3215 2593/3214 2534/3436 2321/3435 
f 2321/3435 2534/3436 2636/3437 2535/3438 
f 2532/3432 2321/3435 2535/3438 2635/3433 
f 2593/3214 2438/3221 2324/3439 2534/3436 
f 2438/3221 2595/3220 2536/3440 2324/3439 
f 2324/3439 2536/3440 2637/3441 2537/3442 
f 2534/3436 2324/3439 2537/3442 2636/3437 
f 2595/3220 2441/3227 2327/3443 2536/3440 
f 2441/3227 2597/3226 2538/3444 2327/3443 
f 2327/3443 2538/3444 2638/3445 2539/3446 
f 2536/3440 2327/3443 2539/3446 2637/3441 
f 2597/3226 2444/3233 2330/3447 2538/3444 
f 2444/3233 2599/3232 2540/3448 2330/3447 
f 2330/3447 2540/3448 2639/3449 2541/3450 
f 2538/3444 2330/3447 2541/3450 2638/3445 
f 2599/3232 2446/3236 2313/3451 2540/3448 
f 2446/3236 2586/3195 2527/3422 2313/3451 
f 2313/3451 2527/3422 2633/3426 2542/3452 
f 2540/3448 2313/3451 2542/3452 2639/3449 
# 368 polygons

#
# object Box051
#

v  19.402836 1.026736 5.893728
v  21.811123 1.026736 5.893728
v  19.402836 1.026736 3.049000
v  21.811123 1.026736 3.049000
v  19.402836 1.844960 5.893728
v  21.811123 1.844960 5.893728
v  19.402836 1.844960 3.049000
v  21.811123 1.844960 3.049000
v  19.523249 1.844960 5.743728
v  21.690710 1.844960 5.743728
v  21.690708 1.844960 3.198999
v  19.523251 1.844960 3.198999
v  19.523249 1.163107 5.743728
v  21.690710 1.163107 5.743728
v  21.690708 1.163107 3.198999
v  19.523251 1.163107 3.198999
v  19.523249 1.026736 5.743728
v  19.523251 1.026736 3.198999
v  21.690708 1.026736 3.198999
v  21.690710 1.026736 5.743728
v  19.523249 1.081285 5.743728
v  19.523251 1.081285 3.198999
v  21.690708 1.081285 3.198999
v  21.690710 1.081285 5.743728
# 24 vertices

vt 1.000000 0.000000 0.000000
vt 0.000000 0.000000 0.000000
vt 1.000000 1.000000 0.000000
vt 0.000000 1.000000 0.000000
vt 0.000000 0.000000 0.000000
vt 1.000000 0.000000 0.000000
vt 0.000000 1.000000 0.000000
vt 1.000000 1.000000 0.000000
vt 0.000000 0.000000 0.000000
vt 1.000000 0.000000 0.000000
vt 0.000000 1.000000 0.000000
vt 1.000000 1.000000 0.000000
vt 0.000000 0.000000 0.000000
vt 1.000000 0.000000 0.000000
vt 0.000000 1.000000 0.000000
vt 1.000000 1.000000 0.000000
vt 0.000000 0.000000 0.000000
vt 1.000000 0.000000 0.000000
vt 0.000000 1.000000 0.000000
vt 1.000000 1.000000 0.000000
vt 0.000000 0.000000 0.000000
vt 1.000000 0.000000 0.000000
vt 0.000000 1.000000 0.000000
vt 1.000000 1.000000 0.000000
vt 0.000000 0.000000 0.000000
vt 1.000000 0.000000 0.000000
vt 1.000000 1.000000 0.000000
vt 0.000000 1.000000 0.000000
vt 0.000000 0.000000 0.000000
vt 1.000000 0.000000 0.000000
vt 1.000000 1.000000 0.000000
vt 0.000000 1.000000 0.000000
vt 1.000000 0.000000 0.000000
vt 1.000000 1.000000 0.000000
vt 0.000000 1.000000 0.000000
vt 0.000000 0.000000 0.000000
vt 1.000000 0.000000 0.000000
vt 1.000000 1.000000 0.000000
vt 0.000000 1.000000 0.000000
vt 0.000000 0.000000 0.000000
# 40 texture coords

o Box051
g Box051
f 2660/3489 2661/3490 2662/3491 2663/3492 
f 2652/3481 2653/3482 2654/3483 2655/3484 
f 2640/3461 2641/3462 2645/3464 2644/3463 
f 2641/3465 2643/3466 2647/3468 2645/3467 
f 2643/3469 2642/3470 2646/3472 2647/3471 
f 2642/3473 2640/3474 2644/3476 2646/3475 
f 2644/3457 2645/3458 2649/3478 2648/3477 
f 2645/3458 2647/3460 2650/3479 2649/3478 
f 2647/3460 2646/3459 2651/3480 2650/3479 
f 2646/3459 2644/3457 2648/3477 2651/3480 
f 2648/3477 2649/3478 2653/3482 2652/3481 
f 2649/3478 2650/3479 2654/3483 2653/3482 
f 2650/3479 2651/3480 2655/3484 2654/3483 
f 2651/3480 2648/3477 2652/3481 2655/3484 
f 2640/3453 2642/3455 2657/3486 2656/3485 
f 2642/3455 2643/3456 2658/3487 2657/3486 
f 2643/3456 2641/3454 2659/3488 2658/3487 
f 2641/3454 2640/3453 2656/3485 2659/3488 
f 2656/3485 2657/3486 2661/3490 2660/3489 
f 2657/3486 2658/3487 2662/3491 2661/3490 
f 2658/3487 2659/3488 2663/3492 2662/3491 
f 2659/3488 2656/3485 2660/3489 2663/3492 
# 22 polygons

#
# object Box055
#

v  19.514000 4.050000 5.494000
v  21.714001 4.050000 5.494000
v  19.514000 4.050000 3.294000
v  21.714001 4.050000 3.294000
v  19.514000 4.550000 5.494000
v  21.714001 4.550000 5.494000
v  19.514000 4.550000 3.294000
v  21.714001 4.550000 3.294000
# 8 vertices

vt 1.000000 0.000000 0.000000
vt 0.000000 0.000000 0.000000
vt 1.000000 1.000000 0.000000
vt 0.000000 1.000000 0.000000
vt 0.000000 0.000000 0.000000
vt 1.000000 0.000000 0.000000
vt 0.000000 1.000000 0.000000
vt 1.000000 1.000000 0.000000
vt 0.000000 0.000000 0.000000
vt 1.000000 0.000000 0.000000
vt 0.000000 1.000000 0.000000
vt 1.000000 1.000000 0.000000
vt 0.000000 0.000000 0.000000
vt 1.000000 0.000000 0.000000
vt 0.000000 1.000000 0.000000
vt 1.000000 1.000000 0.000000
vt 0.000000 0.000000 0.000000
vt 1.000000 0.000000 0.000000
vt 0.000000 1.000000 0.000000
vt 1.000000 1.000000 0.000000
vt 0.000000 0.000000 0.000000
vt 1.000000 0.000000 0.000000
vt 0.000000 1.000000 0.000000
vt 1.000000 1.000000 0.000000
# 24 texture coords

o Box055
g Box055
f 2664/3493 2666/3495 2667/3496 2665/3494 
f 2668/3497 2669/3498 2671/3500 2670/3499 
f 2664/3501 2665/3502 2669/3504 2668/3503 
f 2665/3505 2667/3506 2671/3508 2669/3507 
f 2667/3509 2666/3510 2670/3512 2671/3511 
f 2666/3513 2664/3514 2668/3516 2670/3515 
# 6 polygons

#
# object Cylinder006
#

v  20.668400 4.682861 4.244538
v  20.716238 4.682861 4.272158
v  20.636213 4.696570 4.367528
v  20.625820 4.696570 4.361527
v  20.614000 4.696570 4.359444
v  20.614000 4.682861 4.234946
v  20.614000 4.687521 4.110449
v  20.710981 4.687521 4.127549
v  20.796263 4.687521 4.176787
v  20.602180 4.696570 4.361527
v  20.559601 4.682861 4.244538
v  20.517019 4.687521 4.127549
v  20.591787 4.696570 4.367528
v  20.511763 4.682861 4.272158
v  20.431738 4.687521 4.176787
v  20.584074 4.696570 4.376722
v  20.476255 4.682861 4.314473
v  20.368437 4.687521 4.252224
v  20.579969 4.696570 4.388000
v  20.457363 4.682861 4.366381
v  20.334757 4.687521 4.344762
v  20.579969 4.696570 4.400001
v  20.457363 4.682861 4.421619
v  20.334757 4.687521 4.443238
v  20.584074 4.696570 4.411278
v  20.476255 4.682861 4.473527
v  20.368437 4.687521 4.535776
v  20.591787 4.696570 4.420472
v  20.511763 4.682861 4.515842
v  20.431738 4.687521 4.611213
v  20.602180 4.696570 4.426473
v  20.559601 4.682861 4.543462
v  20.517019 4.687521 4.660451
v  20.614000 4.696570 4.428556
v  20.614000 4.682861 4.553054
v  20.614000 4.687521 4.677551
v  20.625820 4.696570 4.426473
v  20.668400 4.682861 4.543462
v  20.710981 4.687521 4.660451
v  20.636213 4.696570 4.420472
v  20.716238 4.682861 4.515842
v  20.796263 4.687521 4.611213
v  20.643927 4.696570 4.411278
v  20.751745 4.682861 4.473527
v  20.859564 4.687521 4.535776
v  20.648031 4.696570 4.400001
v  20.770638 4.682861 4.421619
v  20.893244 4.687521 4.443238
v  20.648031 4.696570 4.388000
v  20.770638 4.682861 4.366381
v  20.893244 4.687521 4.344762
v  20.643927 4.696570 4.376722
v  20.751745 4.682861 4.314473
v  20.859564 4.687521 4.252224
v  20.954008 4.696570 3.459834
v  21.253008 4.696570 3.632461
v  21.030966 4.682861 3.897080
v  20.835863 4.682861 3.784437
v  20.614000 4.682861 3.745317
v  20.614000 4.696570 3.399881
v  20.614000 4.710279 3.745317
v  20.835863 4.710279 3.784437
v  21.030966 4.710279 3.897080
v  20.392138 4.682861 3.784437
v  20.273993 4.696570 3.459834
v  20.392138 4.710279 3.784437
v  20.197035 4.682861 3.897080
v  19.974993 4.696570 3.632461
v  20.197035 4.710279 3.897080
v  20.052225 4.682861 4.069659
v  19.753069 4.696570 3.896941
v  20.052225 4.710279 4.069659
v  19.975172 4.682861 4.281358
v  19.634985 4.696570 4.221373
v  19.975172 4.710279 4.281358
v  19.975172 4.682861 4.506643
v  19.634985 4.696570 4.566627
v  19.975172 4.710279 4.506643
v  20.052225 4.682861 4.718342
v  19.753069 4.696570 4.891059
v  20.052225 4.710279 4.718342
v  20.197035 4.682861 4.890920
v  19.974993 4.696570 5.155539
v  20.197035 4.710279 4.890920
v  20.392138 4.682861 5.003563
v  20.273991 4.696570 5.328166
v  20.392138 4.710279 5.003563
v  20.614000 4.682861 5.042683
v  20.614000 4.696570 5.388119
v  20.614000 4.710279 5.042683
v  20.835863 4.682861 5.003563
v  20.954008 4.696570 5.328166
v  20.835863 4.710279 5.003563
v  21.030966 4.682861 4.890920
v  21.253008 4.696570 5.155540
v  21.030966 4.710279 4.890920
v  21.175776 4.682861 4.718342
v  21.474932 4.696570 4.891060
v  21.175776 4.710279 4.718342
v  21.252829 4.682861 4.506643
v  21.593016 4.696570 4.566628
v  21.252829 4.710279 4.506643
v  21.252829 4.682861 4.281358
v  21.593016 4.696570 4.221374
v  21.252829 4.710279 4.281358
v  21.175777 4.682861 4.069659
v  21.474934 4.696570 3.896941
v  21.175777 4.710279 4.069659
v  20.614000 4.705618 4.090753
v  20.717716 4.705618 4.109041
v  20.808924 4.705618 4.161699
v  20.510284 4.705618 4.109041
v  20.419077 4.705618 4.161699
v  20.351379 4.705618 4.242376
v  20.315359 4.705618 4.341341
v  20.315359 4.705618 4.446659
v  20.351379 4.705618 4.545624
v  20.419077 4.705618 4.626301
v  20.510284 4.705618 4.678959
v  20.614000 4.705618 4.697248
v  20.717716 4.705618 4.678959
v  20.808924 4.705618 4.626301
v  20.876621 4.705618 4.545624
v  20.912642 4.705618 4.446659
v  20.912642 4.705618 4.341342
v  20.876621 4.705618 4.242376
v  20.457363 4.710279 4.366381
v  20.457363 4.710279 4.421619
v  20.476255 4.710279 4.473527
v  20.770638 4.710279 4.421619
v  20.770638 4.710279 4.366381
v  20.751745 4.710279 4.314473
v  20.668400 4.710279 4.244538
v  20.614000 4.710279 4.234946
v  20.716238 4.710279 4.272158
v  20.476255 4.710279 4.314473
v  20.511763 4.710279 4.272158
v  20.559601 4.710279 4.244538
v  20.511763 4.710279 4.515842
v  20.559601 4.710279 4.543462
v  20.614000 4.710279 4.553054
v  20.668400 4.710279 4.543462
v  20.716238 4.710279 4.515842
v  20.751745 4.710279 4.473527
v  20.717716 4.687521 4.109041
v  20.614000 4.687521 4.090753
v  20.808924 4.687521 4.161699
v  20.510284 4.687521 4.109041
v  20.419077 4.687521 4.161699
v  20.351379 4.687521 4.242376
v  20.315359 4.687521 4.341341
v  20.315359 4.687521 4.446659
v  20.351379 4.687521 4.545624
v  20.419077 4.687521 4.626301
v  20.510284 4.687521 4.678959
v  20.614000 4.687521 4.697248
v  20.717716 4.687521 4.678959
v  20.808924 4.687521 4.626301
v  20.876621 4.687521 4.545624
v  20.912642 4.687521 4.446659
v  20.912642 4.687521 4.341342
v  20.876621 4.687521 4.242376
v  20.710981 4.705618 4.127549
v  20.614000 4.705618 4.110449
v  20.796265 4.705618 4.176787
v  20.517019 4.705618 4.127549
v  20.431738 4.705618 4.176787
v  20.368437 4.705618 4.252224
v  20.334757 4.705618 4.344762
v  20.334757 4.705618 4.443238
v  20.368437 4.705618 4.535776
v  20.431738 4.705618 4.611213
v  20.517019 4.705618 4.660451
v  20.614000 4.705618 4.677551
v  20.710981 4.705618 4.660451
v  20.796263 4.705618 4.611213
v  20.859564 4.705618 4.535776
v  20.893244 4.705618 4.443238
v  20.893244 4.705618 4.344762
v  20.859564 4.705618 4.252224
v  20.714350 4.692182 4.118295
v  20.614000 4.692182 4.100601
v  20.802593 4.692182 4.169243
v  20.513651 4.692182 4.118295
v  20.425407 4.692182 4.169243
v  20.359909 4.692182 4.247300
v  20.325058 4.692182 4.343052
v  20.325058 4.692182 4.444948
v  20.359909 4.692182 4.540700
v  20.425407 4.692182 4.618757
v  20.513651 4.692182 4.669705
v  20.614000 4.692182 4.687399
v  20.714348 4.692182 4.669705
v  20.802593 4.692182 4.618757
v  20.868092 4.692182 4.540700
v  20.902943 4.692182 4.444949
v  20.902943 4.692182 4.343052
v  20.868092 4.692182 4.247301
v  20.714350 4.700958 4.118295
v  20.614000 4.700958 4.100601
v  20.802593 4.700958 4.169243
v  20.513651 4.700958 4.118295
v  20.425407 4.700958 4.169243
v  20.359909 4.700958 4.247300
v  20.325058 4.700958 4.343052
v  20.325058 4.700958 4.444948
v  20.359909 4.700958 4.540700
v  20.425407 4.700958 4.618757
v  20.513651 4.700958 4.669705
v  20.614000 4.700958 4.687399
v  20.714348 4.700958 4.669705
v  20.802593 4.700958 4.618757
v  20.868092 4.700958 4.540700
v  20.902943 4.700958 4.444949
v  20.902943 4.700958 4.343052
v  20.868092 4.700958 4.247301
v  20.636465 4.686288 4.332280
v  20.693537 4.682861 4.256239
v  20.641623 4.682861 4.237344
v  20.700335 4.684026 4.156796
v  20.614000 4.686288 4.328319
v  20.586378 4.682861 4.237344
v  20.614000 4.684026 4.141573
v  20.591536 4.686288 4.332280
v  20.534464 4.682861 4.256239
v  20.527666 4.684026 4.156796
v  20.571781 4.686288 4.343686
v  20.492144 4.682861 4.291750
v  20.451744 4.684026 4.200630
v  20.557119 4.686288 4.361160
v  20.464521 4.682861 4.339594
v  20.395391 4.684026 4.267787
v  20.549316 4.686288 4.382595
v  20.454927 4.682861 4.394000
v  20.365408 4.684026 4.350167
v  20.549316 4.686288 4.405406
v  20.464521 4.682861 4.448406
v  20.365408 4.684026 4.437834
v  20.557119 4.686288 4.426840
v  20.492144 4.682861 4.496250
v  20.395391 4.684026 4.520214
v  20.571781 4.686288 4.444314
v  20.534464 4.682861 4.531761
v  20.451744 4.684026 4.587370
v  20.591536 4.686288 4.455720
v  20.586378 4.682861 4.550656
v  20.527666 4.684026 4.631204
v  20.614000 4.686288 4.459681
v  20.641623 4.682861 4.550656
v  20.614000 4.684026 4.646427
v  20.636465 4.686288 4.455720
v  20.693537 4.682861 4.531761
v  20.700335 4.684026 4.631204
v  20.656219 4.686288 4.444314
v  20.735857 4.682861 4.496250
v  20.776257 4.684026 4.587370
v  20.670881 4.686288 4.426841
v  20.763479 4.682861 4.448406
v  20.832609 4.684026 4.520214
v  20.678684 4.686288 4.405406
v  20.773073 4.682861 4.394000
v  20.862593 4.684026 4.437834
v  20.678684 4.686288 4.382595
v  20.763479 4.682861 4.339594
v  20.862593 4.684026 4.350167
v  20.670881 4.686288 4.361160
v  20.735857 4.682861 4.291750
v  20.832609 4.684026 4.267787
v  20.656219 4.686288 4.343686
v  20.776257 4.684026 4.200630
v  20.924473 4.686288 3.540985
v  21.111118 4.696570 3.532967
v  20.786648 4.696570 3.414870
v  20.924473 4.706851 3.540985
v  20.614000 4.686288 3.486240
v  20.441353 4.696570 3.414869
v  20.614000 4.706851 3.486240
v  20.303528 4.686288 3.540985
v  20.116882 4.696570 3.532967
v  20.303528 4.706851 3.540985
v  20.030504 4.686288 3.698616
v  19.852371 4.696570 3.754918
v  20.030504 4.706851 3.698616
v  19.827858 4.686288 3.940120
v  19.679726 4.696570 4.053952
v  19.827858 4.706851 3.940120
v  19.720032 4.686288 4.236369
v  19.619764 4.696570 4.394000
v  19.720032 4.706851 4.236369
v  19.720032 4.686288 4.551631
v  19.679726 4.696570 4.734049
v  19.720032 4.706851 4.551631
v  19.827858 4.686288 4.847880
v  19.852371 4.696570 5.033082
v  19.827858 4.706851 4.847880
v  20.030504 4.686288 5.089385
v  20.116882 4.696570 5.255033
v  20.030504 4.706851 5.089385
v  20.303528 4.686288 5.247015
v  20.441353 4.696570 5.373131
v  20.303528 4.706851 5.247015
v  20.614000 4.686288 5.301760
v  20.786648 4.696570 5.373131
v  20.614000 4.706851 5.301760
v  20.924473 4.686288 5.247015
v  21.111118 4.696570 5.255033
v  20.924473 4.706851 5.247015
v  21.197496 4.686288 5.089385
v  21.375629 4.696570 5.033082
v  21.197496 4.706851 5.089385
v  21.400143 4.686288 4.847880
v  21.548275 4.696570 4.734049
v  21.400143 4.706851 4.847880
v  21.507969 4.686288 4.551631
v  21.608236 4.696570 4.394001
v  21.507969 4.706851 4.551631
v  21.507969 4.686288 4.236370
v  21.548275 4.696570 4.053952
v  21.507969 4.706851 4.236370
v  21.400145 4.686288 3.940121
v  21.375629 4.696570 3.754918
v  21.400145 4.706851 3.940121
v  21.197496 4.686288 3.698616
v  21.197496 4.706851 3.698616
v  20.938379 4.710279 3.832158
v  20.726656 4.710279 3.755097
v  20.747253 4.709113 4.027890
v  20.501345 4.710279 3.755097
v  20.614000 4.709113 4.004394
v  20.289621 4.710279 3.832158
v  20.480747 4.709113 4.027890
v  20.117022 4.710279 3.976986
v  20.363565 4.709113 4.095544
v  20.004366 4.710279 4.172112
v  20.276590 4.709113 4.199197
v  19.965240 4.710279 4.394000
v  20.230312 4.709113 4.326345
v  20.004366 4.710279 4.615889
v  20.230312 4.709113 4.461655
v  20.117022 4.710279 4.811014
v  20.276590 4.709113 4.588803
v  20.289621 4.710279 4.955842
v  20.363565 4.709113 4.692456
v  20.501345 4.710279 5.032903
v  20.480747 4.709113 4.760110
v  20.726656 4.710279 5.032903
v  20.614000 4.709113 4.783607
v  20.938379 4.710279 4.955842
v  20.747253 4.709113 4.760110
v  21.110979 4.710279 4.811015
v  20.864435 4.709113 4.692456
v  21.223635 4.710279 4.615889
v  20.951408 4.709113 4.588803
v  21.262760 4.710279 4.394001
v  20.997688 4.709113 4.461655
v  21.223635 4.710279 4.172112
v  20.997688 4.709113 4.326346
v  21.110979 4.710279 3.976986
v  20.951410 4.709113 4.199197
v  20.864435 4.709113 4.095544
v  20.581524 4.696570 4.405820
v  20.579439 4.696570 4.394000
v  20.549316 4.706851 4.405406
v  20.646477 4.696570 4.382180
v  20.648561 4.696570 4.394000
v  20.678684 4.706851 4.382595
v  20.620001 4.696570 4.359964
v  20.636465 4.706851 4.332280
v  20.631281 4.696570 4.364069
v  20.549316 4.706851 4.382595
v  20.581524 4.696570 4.382180
v  20.557119 4.706851 4.361160
v  20.587524 4.696570 4.371785
v  20.571781 4.706851 4.343686
v  20.596720 4.696570 4.364069
v  20.591536 4.706851 4.332280
v  20.608000 4.696570 4.359964
v  20.614000 4.706851 4.328319
v  20.640476 4.696570 4.371785
v  20.656219 4.706851 4.343686
v  20.670881 4.706851 4.361160
v  20.587524 4.696570 4.416215
v  20.557119 4.706851 4.426840
v  20.571781 4.706851 4.444314
v  20.596720 4.696570 4.423931
v  20.591536 4.706851 4.455720
v  20.608000 4.696570 4.428036
v  20.614000 4.706851 4.459681
v  20.620001 4.696570 4.428036
v  20.636465 4.706851 4.455720
v  20.631281 4.696570 4.423931
v  20.656219 4.706851 4.444314
v  20.640476 4.696570 4.416215
v  20.670881 4.706851 4.426841
v  20.646477 4.696570 4.405820
v  20.678684 4.706851 4.405406
v  20.726656 4.682861 3.755097
v  20.747253 4.684026 4.027890
v  20.938379 4.682861 3.832158
v  20.501345 4.682861 3.755097
v  20.614000 4.684026 4.004394
v  20.289621 4.682861 3.832158
v  20.480747 4.684026 4.027890
v  20.117022 4.682861 3.976986
v  20.363565 4.684026 4.095544
v  20.004366 4.682861 4.172112
v  20.276590 4.684026 4.199197
v  19.965240 4.682861 4.394000
v  20.230312 4.684026 4.326345
v  20.004366 4.682861 4.615889
v  20.230312 4.684026 4.461655
v  20.117022 4.682861 4.811014
v  20.276590 4.684026 4.588803
v  20.289621 4.682861 4.955842
v  20.363565 4.684026 4.692456
v  20.501345 4.682861 5.032903
v  20.480747 4.684026 4.760110
v  20.726656 4.682861 5.032903
v  20.614000 4.684026 4.783607
v  20.938379 4.682861 4.955842
v  20.747253 4.684026 4.760110
v  21.110979 4.682861 4.811015
v  20.864435 4.684026 4.692456
v  21.223635 4.682861 4.615889
v  20.951408 4.684026 4.588803
v  21.262760 4.682861 4.394001
v  20.997688 4.684026 4.461655
v  21.223635 4.682861 4.172112
v  20.997688 4.684026 4.326346
v  21.110979 4.682861 3.976986
v  20.951410 4.684026 4.199197
v  20.864435 4.684026 4.095544
v  20.641623 4.710279 4.237344
v  20.700335 4.709113 4.156796
v  20.693537 4.710279 4.256239
v  20.586378 4.710279 4.237344
v  20.614000 4.709113 4.141573
v  20.534464 4.710279 4.256239
v  20.527666 4.709113 4.156796
v  20.492144 4.710279 4.291750
v  20.451744 4.709113 4.200630
v  20.464521 4.710279 4.339594
v  20.395391 4.709113 4.267787
v  20.454927 4.710279 4.394000
v  20.365408 4.709113 4.350167
v  20.464521 4.710279 4.448406
v  20.365408 4.709113 4.437834
v  20.492144 4.710279 4.496250
v  20.395391 4.709113 4.520214
v  20.534464 4.710279 4.531761
v  20.451744 4.709113 4.587370
v  20.586378 4.710279 4.550656
v  20.527666 4.709113 4.631204
v  20.641623 4.710279 4.550656
v  20.614000 4.709113 4.646427
v  20.693537 4.710279 4.531761
v  20.700335 4.709113 4.631204
v  20.735857 4.710279 4.496250
v  20.776257 4.709113 4.587370
v  20.763479 4.710279 4.448406
v  20.832609 4.709113 4.520214
v  20.773073 4.710279 4.394000
v  20.862593 4.709113 4.437834
v  20.763479 4.710279 4.339594
v  20.862593 4.709113 4.350167
v  20.735857 4.710279 4.291750
v  20.832609 4.709113 4.267787
v  20.776257 4.709113 4.200630
v  20.664955 4.692182 4.105024
v  20.711823 4.691017 4.125236
v  20.716875 4.691017 4.111354
v  20.760717 4.692182 4.139879
v  20.563046 4.692182 4.105024
v  20.614000 4.691017 4.107986
v  20.614000 4.691017 4.093215
v  20.467283 4.692182 4.139879
v  20.516178 4.691017 4.125236
v  20.511126 4.691017 4.111354
v  20.389217 4.692182 4.205384
v  20.430155 4.691017 4.174901
v  20.420660 4.691017 4.163585
v  20.338263 4.692182 4.293640
v  20.366306 4.691017 4.250993
v  20.353512 4.691017 4.243608
v  20.320566 4.692182 4.394000
v  20.332333 4.691017 4.344335
v  20.317785 4.691017 4.341769
v  20.338263 4.692182 4.494360
v  20.332333 4.691017 4.443666
v  20.317785 4.691017 4.446231
v  20.389217 4.692182 4.582616
v  20.366306 4.691017 4.537007
v  20.353512 4.691017 4.544393
v  20.467283 4.692182 4.648121
v  20.430155 4.691017 4.613099
v  20.420660 4.691017 4.624415
v  20.563046 4.692182 4.682976
v  20.516178 4.691017 4.662765
v  20.511126 4.691017 4.676646
v  20.664955 4.692182 4.682976
v  20.614000 4.691017 4.680014
v  20.614000 4.691017 4.694786
v  20.760717 4.692182 4.648121
v  20.711823 4.691017 4.662765
v  20.716875 4.691017 4.676646
v  20.838783 4.692182 4.582616
v  20.797846 4.691017 4.613099
v  20.807341 4.691017 4.624415
v  20.889738 4.692182 4.494360
v  20.861694 4.691017 4.537007
v  20.874489 4.691017 4.544393
v  20.907434 4.692182 4.394000
v  20.895668 4.691017 4.443666
v  20.910215 4.691017 4.446231
v  20.889738 4.692182 4.293640
v  20.895668 4.691017 4.344335
v  20.910215 4.691017 4.341769
v  20.838783 4.692182 4.205385
v  20.861694 4.691017 4.250994
v  20.874489 4.691017 4.243608
v  20.797846 4.691017 4.174901
v  20.807341 4.691017 4.163585
v  20.664955 4.700958 4.105024
v  20.716875 4.702123 4.111354
v  20.711823 4.702123 4.125236
v  20.760717 4.700958 4.139879
v  20.563046 4.700958 4.105024
v  20.614000 4.702123 4.093215
v  20.614000 4.702123 4.107986
v  20.467283 4.700958 4.139879
v  20.511126 4.702123 4.111354
v  20.516178 4.702123 4.125236
v  20.389217 4.700958 4.205384
v  20.420660 4.702123 4.163585
v  20.430155 4.702123 4.174901
v  20.338263 4.700958 4.293640
v  20.353512 4.702123 4.243608
v  20.366306 4.702123 4.250993
v  20.320566 4.700958 4.394000
v  20.317785 4.702123 4.341769
v  20.332333 4.702123 4.344335
v  20.338263 4.700958 4.494360
v  20.317785 4.702123 4.446231
v  20.332333 4.702123 4.443666
v  20.389217 4.700958 4.582616
v  20.353512 4.702123 4.544393
v  20.366306 4.702123 4.537007
v  20.467283 4.700958 4.648121
v  20.420660 4.702123 4.624415
v  20.430155 4.702123 4.613099
v  20.563046 4.700958 4.682976
v  20.511126 4.702123 4.676646
v  20.516178 4.702123 4.662765
v  20.664955 4.700958 4.682976
v  20.614000 4.702123 4.694786
v  20.614000 4.702123 4.680013
v  20.760717 4.700958 4.648121
v  20.716875 4.702123 4.676646
v  20.711823 4.702123 4.662765
v  20.838783 4.700958 4.582616
v  20.807341 4.702123 4.624415
v  20.797846 4.702123 4.613099
v  20.889738 4.700958 4.494360
v  20.874489 4.702123 4.544393
v  20.861694 4.702123 4.537007
v  20.907434 4.700958 4.394000
v  20.910215 4.702123 4.446231
v  20.895668 4.702123 4.443666
v  20.889738 4.700958 4.293640
v  20.910215 4.702123 4.341769
v  20.895668 4.702123 4.344335
v  20.838783 4.700958 4.205385
v  20.874489 4.702123 4.243608
v  20.861694 4.702123 4.250994
v  20.807341 4.702123 4.163585
v  20.797846 4.702123 4.174901
v  20.755793 4.687521 4.148409
v  20.663244 4.687521 4.114724
v  20.564756 4.687521 4.114724
v  20.472208 4.687521 4.148408
v  20.396763 4.687521 4.211715
v  20.347519 4.687521 4.297009
v  20.330416 4.687521 4.394000
v  20.347519 4.687521 4.490992
v  20.396763 4.687521 4.576285
v  20.472208 4.687521 4.639592
v  20.564756 4.687521 4.673276
v  20.663244 4.687521 4.673276
v  20.755793 4.687521 4.639592
v  20.831238 4.687521 4.576285
v  20.880482 4.687521 4.490992
v  20.897585 4.687521 4.394000
v  20.880484 4.687521 4.297009
v  20.831240 4.687521 4.211716
v  20.666664 4.687521 4.095325
v  20.765642 4.687521 4.131349
v  20.846329 4.687521 4.199054
v  20.898993 4.687521 4.290271
v  20.917284 4.687521 4.394000
v  20.898993 4.687521 4.497729
v  20.846329 4.687521 4.588947
v  20.765642 4.687521 4.656651
v  20.666664 4.687521 4.692676
v  20.561337 4.687521 4.692676
v  20.462358 4.687521 4.656651
v  20.381672 4.687521 4.588947
v  20.329008 4.687521 4.497729
v  20.310717 4.687521 4.394000
v  20.329008 4.687521 4.290271
v  20.381672 4.687521 4.199053
v  20.462358 4.687521 4.131349
v  20.561337 4.687521 4.095325
v  20.765642 4.705618 4.131349
v  20.666664 4.705618 4.095325
v  20.561337 4.705618 4.095325
v  20.462358 4.705618 4.131349
v  20.381672 4.705618 4.199053
v  20.329008 4.705618 4.290271
v  20.310717 4.705618 4.394000
v  20.329008 4.705618 4.497729
v  20.381672 4.705618 4.588947
v  20.462358 4.705618 4.656651
v  20.561337 4.705618 4.692676
v  20.666664 4.705618 4.692676
v  20.765642 4.705618 4.656651
v  20.846329 4.705618 4.588947
v  20.898993 4.705618 4.497729
v  20.917284 4.705618 4.394000
v  20.898993 4.705618 4.290271
v  20.846329 4.705618 4.199054
v  20.663244 4.705618 4.114724
v  20.755793 4.705618 4.148408
v  20.831240 4.705618 4.211716
v  20.880484 4.705618 4.297009
v  20.897585 4.705618 4.394000
v  20.880482 4.705618 4.490992
v  20.831238 4.705618 4.576285
v  20.755793 4.705618 4.639592
v  20.663244 4.705618 4.673276
v  20.564756 4.705618 4.673276
v  20.472208 4.705618 4.639591
v  20.396763 4.705618 4.576285
v  20.347519 4.705618 4.490992
v  20.330416 4.705618 4.394000
v  20.347519 4.705618 4.297009
v  20.396763 4.705618 4.211715
v  20.472208 4.705618 4.148408
v  20.564756 4.705618 4.114724
v  20.646845 4.686288 4.337112
v  20.625406 4.686288 4.329309
v  20.657839 4.684026 4.145379
v  20.740229 4.684026 4.175366
v  20.602594 4.686288 4.329309
v  20.570162 4.684026 4.145379
v  20.581156 4.686288 4.337112
v  20.487772 4.684026 4.175366
v  20.563681 4.686288 4.351776
v  20.420607 4.684026 4.231724
v  20.552273 4.686288 4.371533
v  20.376768 4.684026 4.307655
v  20.548311 4.686288 4.394000
v  20.361544 4.684026 4.394000
v  20.552273 4.686288 4.416467
v  20.376768 4.684026 4.480345
v  20.563681 4.686288 4.436224
v  20.420607 4.684026 4.556276
v  20.581156 4.686288 4.450888
v  20.487772 4.684026 4.612634
v  20.602594 4.686288 4.458691
v  20.570162 4.684026 4.642621
v  20.625406 4.686288 4.458691
v  20.657839 4.684026 4.642622
v  20.646845 4.686288 4.450888
v  20.740229 4.684026 4.612634
v  20.664320 4.686288 4.436224
v  20.807394 4.684026 4.556276
v  20.675728 4.686288 4.416467
v  20.851233 4.684026 4.480345
v  20.679689 4.686288 4.394000
v  20.866457 4.684026 4.394000
v  20.675728 4.686288 4.371533
v  20.851233 4.684026 4.307655
v  20.664320 4.686288 4.351776
v  20.807394 4.684026 4.231724
v  21.067934 4.686288 3.607765
v  20.771650 4.686288 3.499926
v  20.771650 4.706851 3.499926
v  21.067934 4.706851 3.607765
v  20.456350 4.686288 3.499926
v  20.456350 4.706851 3.499926
v  20.160067 4.686288 3.607765
v  20.160067 4.706851 3.607765
v  19.918535 4.686288 3.810435
v  19.918535 4.706851 3.810435
v  19.760885 4.686288 4.083492
v  19.760885 4.706851 4.083492
v  19.706135 4.686288 4.394000
v  19.706135 4.706851 4.394000
v  19.760885 4.686288 4.704509
v  19.760885 4.706851 4.704509
v  19.918535 4.686288 4.977565
v  19.918535 4.706851 4.977565
v  20.160067 4.686288 5.180235
v  20.160067 4.706851 5.180235
v  20.456350 4.686288 5.288074
v  20.456350 4.706851 5.288074
v  20.771650 4.686288 5.288074
v  20.771650 4.706851 5.288074
v  21.067934 4.686288 5.180235
v  21.067934 4.706851 5.180235
v  21.309465 4.686288 4.977565
v  21.309465 4.706851 4.977565
v  21.467115 4.686288 4.704509
v  21.467115 4.706851 4.704509
v  21.521866 4.686288 4.394001
v  21.521866 4.706851 4.394001
v  21.467115 4.686288 4.083492
v  21.467115 4.706851 4.083492
v  21.309467 4.686288 3.810435
v  21.309467 4.706851 3.810435
v  20.681664 4.709113 4.010268
v  20.808826 4.709113 4.056551
v  20.546337 4.709113 4.010268
v  20.419174 4.709113 4.056551
v  20.315510 4.709113 4.143537
v  20.247847 4.709113 4.260731
v  20.224348 4.709113 4.394000
v  20.247847 4.709113 4.527269
v  20.315510 4.709113 4.644464
v  20.419174 4.709113 4.731449
v  20.546337 4.709113 4.777732
v  20.681664 4.709113 4.777732
v  20.808826 4.709113 4.731449
v  20.912491 4.709113 4.644464
v  20.980154 4.709113 4.527269
v  21.003653 4.709113 4.394000
v  20.980154 4.709113 4.260731
v  20.912491 4.709113 4.143537
v  20.548311 4.706851 4.394000
v  20.552273 4.706851 4.416467
v  20.679689 4.706851 4.394000
v  20.675728 4.706851 4.371533
v  20.625406 4.706851 4.329309
v  20.646845 4.706851 4.337112
v  20.552273 4.706851 4.371533
v  20.563681 4.706851 4.351776
v  20.581156 4.706851 4.337112
v  20.602594 4.706851 4.329309
v  20.664320 4.706851 4.351776
v  20.563681 4.706851 4.436224
v  20.581156 4.706851 4.450888
v  20.602594 4.706851 4.458691
v  20.625406 4.706851 4.458691
v  20.646845 4.706851 4.450888
v  20.664320 4.706851 4.436224
v  20.675728 4.706851 4.416467
v  20.681664 4.684026 4.010268
v  20.808826 4.684026 4.056551
v  20.546337 4.684026 4.010268
v  20.419174 4.684026 4.056551
v  20.315510 4.684026 4.143537
v  20.247847 4.684026 4.260731
v  20.224348 4.684026 4.394000
v  20.247847 4.684026 4.527269
v  20.315510 4.684026 4.644464
v  20.419174 4.684026 4.731449
v  20.546337 4.684026 4.777732
v  20.681664 4.684026 4.777732
v  20.808826 4.684026 4.731449
v  20.912491 4.684026 4.644464
v  20.980154 4.684026 4.527269
v  21.003653 4.684026 4.394000
v  20.980154 4.684026 4.260731
v  20.912491 4.684026 4.143537
v  20.657839 4.709113 4.145379
v  20.740229 4.709113 4.175366
v  20.570162 4.709113 4.145379
v  20.487772 4.709113 4.175366
v  20.420607 4.709113 4.231724
v  20.376768 4.709113 4.307655
v  20.361544 4.709113 4.394000
v  20.376768 4.709113 4.480345
v  20.420607 4.709113 4.556276
v  20.487772 4.709113 4.612634
v  20.570162 4.709113 4.642621
v  20.657839 4.709113 4.642621
v  20.740229 4.709113 4.612634
v  20.807394 4.709113 4.556276
v  20.851233 4.709113 4.480345
v  20.866457 4.709113 4.394000
v  20.851233 4.709113 4.307655
v  20.807394 4.709113 4.231724
v  20.663671 4.691017 4.112299
v  20.666237 4.691017 4.097749
v  20.764410 4.691017 4.133482
v  20.757023 4.691017 4.146276
v  20.564329 4.691017 4.112299
v  20.561764 4.691017 4.097750
v  20.470978 4.691017 4.146276
v  20.463591 4.691017 4.133482
v  20.394876 4.691017 4.210133
v  20.383558 4.691017 4.200636
v  20.345203 4.691017 4.296166
v  20.331322 4.691017 4.291113
v  20.327953 4.691017 4.394000
v  20.313179 4.691017 4.394000
v  20.345203 4.691017 4.491834
v  20.331322 4.691017 4.496887
v  20.394876 4.691017 4.577868
v  20.383558 4.691017 4.587364
v  20.470978 4.691017 4.641724
v  20.463591 4.691017 4.654519
v  20.564329 4.691017 4.675701
v  20.561764 4.691017 4.690250
v  20.663671 4.691017 4.675701
v  20.666237 4.691017 4.690251
v  20.757023 4.691017 4.641724
v  20.764410 4.691017 4.654519
v  20.833124 4.691017 4.577868
v  20.844442 4.691017 4.587364
v  20.882797 4.691017 4.491834
v  20.896679 4.691017 4.496887
v  20.900047 4.691017 4.394000
v  20.914822 4.691017 4.394000
v  20.882797 4.691017 4.296166
v  20.896679 4.691017 4.291113
v  20.833124 4.691017 4.210133
v  20.844442 4.691017 4.200636
v  20.666237 4.702123 4.097749
v  20.663671 4.702123 4.112299
v  20.757023 4.702123 4.146276
v  20.764410 4.702123 4.133482
v  20.561764 4.702123 4.097750
v  20.564329 4.702123 4.112299
v  20.463591 4.702123 4.133482
v  20.470978 4.702123 4.146276
v  20.383558 4.702123 4.200636
v  20.394876 4.702123 4.210133
v  20.331322 4.702123 4.291113
v  20.345203 4.702123 4.296166
v  20.313179 4.702123 4.394000
v  20.327953 4.702123 4.394000
v  20.331322 4.702123 4.496887
v  20.345203 4.702123 4.491834
v  20.383558 4.702123 4.587364
v  20.394876 4.702123 4.577868
v  20.463591 4.702123 4.654519
v  20.470978 4.702123 4.641724
v  20.561764 4.702123 4.690250
v  20.564329 4.702123 4.675701
v  20.666237 4.702123 4.690250
v  20.663671 4.702123 4.675701
v  20.764410 4.702123 4.654519
v  20.757023 4.702123 4.641724
v  20.844442 4.702123 4.587364
v  20.833124 4.702123 4.577868
v  20.896679 4.702123 4.496887
v  20.882797 4.702123 4.491834
v  20.914822 4.702123 4.394000
v  20.900047 4.702123 4.394000
v  20.896679 4.702123 4.291113
v  20.882797 4.702123 4.296166
v  20.844442 4.702123 4.200636
v  20.833124 4.702123 4.210133
# 864 vertices

vt 0.750000 0.125000 0.530061
vt 0.777778 0.125000 0.530061
vt 0.777778 0.000000 0.620244
vt 0.750000 0.000000 0.620244
vt 0.805556 0.125000 0.530061
vt 0.805555 0.000000 0.620244
vt 0.805556 0.000000 0.710427
vt 0.777778 0.000000 0.710427
vt 0.750000 0.000000 0.710427
vt 0.833333 0.125000 0.530061
vt 0.833333 0.000000 0.620244
vt 0.861111 0.125000 0.530061
vt 0.861111 0.000000 0.620244
vt 0.861111 0.000000 0.710428
vt 0.833333 0.000000 0.710427
vt 0.888889 0.125000 0.530061
vt 0.888889 0.000000 0.620244
vt 0.916667 0.125000 0.530061
vt 0.916667 0.000000 0.620244
vt 0.916667 0.000000 0.710427
vt 0.888889 0.000000 0.710427
vt 0.944444 0.125000 0.530061
vt 0.944444 0.000000 0.620244
vt 0.972222 0.125000 0.530061
vt 0.972222 0.000000 0.620244
vt 0.972222 0.000000 0.710427
vt 0.944444 0.000000 0.710427
vt -0.027778 0.125000 0.530061
vt 0.062500 0.125000 0.530061
vt 0.000000 0.000000 0.620244
vt -0.027778 0.000000 0.620244
vt 0.043403 0.125000 0.530061
vt 0.027778 0.000000 0.620244
vt 0.027778 0.000000 0.710427
vt 0.000000 0.000000 0.710427
vt -0.027778 0.000000 0.710427
vt 0.055556 0.125000 0.530061
vt 0.055556 0.000000 0.620244
vt 0.083333 0.125000 0.530061
vt 0.083333 0.000000 0.620244
vt 0.083333 0.000000 0.710428
vt 0.055556 0.000000 0.710427
vt 0.111111 0.125000 0.530061
vt 0.111111 0.000000 0.620244
vt 0.138889 0.125000 0.530061
vt 0.138889 0.000000 0.620244
vt 0.138889 0.000000 0.710427
vt 0.111111 0.000000 0.710427
vt 0.166667 0.125000 0.530061
vt 0.166667 0.000000 0.620244
vt 0.194444 0.125000 0.530061
vt 0.194444 0.000000 0.620244
vt 0.194444 0.000000 0.710427
vt 0.166667 0.000000 0.710427
vt 0.222222 0.125000 0.530061
vt 0.222222 0.000000 0.620244
vt 0.250000 0.125000 0.530061
vt 0.250000 0.000000 0.620244
vt 0.250000 0.000000 0.710427
vt 0.222222 0.000000 0.710427
vt 0.277778 0.125000 0.530061
vt 0.277778 0.000000 0.620244
vt 0.305555 0.125000 0.530061
vt 0.305556 0.000000 0.620244
vt 0.305555 0.000000 0.710427
vt 0.277778 0.000000 0.710427
vt 0.333333 0.125000 0.530061
vt 0.333333 0.000000 0.620244
vt 0.361111 0.125000 0.530061
vt 0.361111 0.000000 0.620244
vt 0.361111 0.000000 0.710427
vt 0.333333 0.000000 0.710427
vt 0.388889 0.125000 0.530061
vt 0.388889 0.000000 0.620244
vt 0.416667 0.125000 0.530061
vt 0.416667 0.000000 0.620244
vt 0.416667 0.000000 0.710427
vt 0.388889 0.000000 0.710427
vt 0.444444 0.125000 0.530061
vt 0.444444 0.000000 0.620244
vt 0.472222 0.125000 0.530061
vt 0.472222 0.000000 0.620244
vt 0.472222 0.000000 0.710427
vt 0.444444 0.000000 0.710427
vt 0.500000 0.125000 0.530061
vt 0.500000 0.000000 0.620244
vt 0.527778 0.125000 0.530061
vt 0.527778 0.000000 0.620244
vt 0.527778 0.000000 0.710427
vt 0.500000 0.000000 0.710427
vt 0.555555 0.125000 0.530061
vt 0.555555 0.000000 0.620244
vt 0.583333 0.125000 0.530061
vt 0.583333 0.000000 0.620244
vt 0.583333 0.000000 0.710427
vt 0.555555 0.000000 0.710427
vt 0.611111 0.125000 0.530061
vt 0.611111 0.000000 0.620244
vt 0.638889 0.125000 0.530061
vt 0.638889 0.000000 0.620244
vt 0.638889 0.000000 0.710427
vt 0.611111 0.000000 0.710427
vt 0.666667 0.125000 0.530061
vt 0.666667 0.000000 0.620244
vt 0.694444 0.125000 0.530061
vt 0.694444 0.000000 0.620244
vt 0.694444 0.000000 0.710427
vt 0.666667 0.000000 0.710427
vt 0.722222 0.125000 0.530061
vt 0.722222 0.000000 0.620244
vt 0.722222 0.000000 0.710427
vt 0.750000 0.125000 0.969189
vt 0.777778 0.125000 0.969189
vt 0.777778 0.500000 1.000000
vt 0.750000 0.500000 1.000000
vt 0.805556 0.125000 0.969189
vt 0.805555 0.500000 1.000000
vt 0.805556 0.875000 0.969189
vt 0.777778 0.875000 0.969189
vt 0.750000 0.875000 0.969189
vt 0.833333 0.125000 0.969189
vt 0.833333 0.500000 1.000000
vt 0.861111 0.125000 0.969189
vt 0.861111 0.500000 1.000000
vt 0.861111 0.875000 0.969189
vt 0.833333 0.875000 0.969189
vt 0.888889 0.125000 0.969189
vt 0.888889 0.500000 1.000000
vt 0.916667 0.125000 0.969189
vt 0.916667 0.500000 1.000000
vt 0.916667 0.875000 0.969189
vt 0.888889 0.875000 0.969189
vt 0.944444 0.125000 0.969189
vt 0.944444 0.500000 1.000000
vt 0.972222 0.125000 0.969189
vt 0.972222 0.500000 1.000000
vt 0.972222 0.875000 0.969189
vt 0.944444 0.875000 0.969189
vt -0.027778 0.125000 0.969189
vt 0.000000 0.125000 0.969189
vt 0.000000 0.500000 1.000000
vt -0.027778 0.500000 1.000000
vt 0.027778 0.125000 0.969189
vt 0.027778 0.500000 1.000000
vt 0.027778 0.875000 0.969189
vt 0.000000 0.875000 0.969189
vt -0.027778 0.875000 0.969189
vt 0.055556 0.125000 0.969189
vt 0.055556 0.500000 1.000000
vt 0.083333 0.125000 0.969189
vt 0.083333 0.500000 1.000000
vt 0.083333 0.875000 0.969189
vt 0.055556 0.875000 0.969189
vt 0.111111 0.125000 0.969189
vt 0.111111 0.500000 1.000000
vt 0.138889 0.125000 0.969189
vt 0.138889 0.500000 1.000000
vt 0.138889 0.875000 0.969189
vt 0.111111 0.875000 0.969189
vt 0.166667 0.125000 0.969189
vt 0.166667 0.500000 1.000000
vt 0.194444 0.125000 0.969189
vt 0.194444 0.500000 1.000000
vt 0.194444 0.875000 0.969189
vt 0.166667 0.875000 0.969189
vt 0.222222 0.125000 0.969189
vt 0.222222 0.500000 1.000000
vt 0.250000 0.125000 0.969189
vt 0.250000 0.500000 1.000000
vt 0.250000 0.875000 0.969189
vt 0.222222 0.875000 0.969189
vt 0.277778 0.125000 0.969189
vt 0.277778 0.500000 1.000000
vt 0.305555 0.125000 0.969189
vt 0.305556 0.500000 1.000000
vt 0.305555 0.875000 0.969189
vt 0.277778 0.875000 0.969189
vt 0.333333 0.125000 0.969189
vt 0.333333 0.500000 1.000000
vt 0.361111 0.125000 0.969189
vt 0.361111 0.500000 1.000000
vt 0.361111 0.875000 0.969189
vt 0.333333 0.875000 0.969189
vt 0.388889 0.125000 0.969189
vt 0.388889 0.500000 1.000000
vt 0.416667 0.125000 0.969189
vt 0.416667 0.500000 1.000000
vt 0.416667 0.875000 0.969189
vt 0.388889 0.875000 0.969189
vt 0.444444 0.125000 0.969189
vt 0.444444 0.500000 1.000000
vt 0.472222 0.125000 0.969189
vt 0.472222 0.500000 1.000000
vt 0.472222 0.875000 0.969189
vt 0.444444 0.875000 0.969189
vt 0.500000 0.125000 0.969189
vt 0.500000 0.500000 1.000000
vt 0.527778 0.125000 0.969189
vt 0.527778 0.500000 1.000000
vt 0.527778 0.875000 0.969189
vt 0.500000 0.875000 0.969189
vt 0.555555 0.125000 0.969189
vt 0.555555 0.500000 1.000000
vt 0.583333 0.125000 0.969189
vt 0.583333 0.500000 1.000000
vt 0.583333 0.875000 0.969189
vt 0.555555 0.875000 0.969189
vt 0.611111 0.125000 0.969189
vt 0.611111 0.500000 1.000000
vt 0.638889 0.125000 0.969189
vt 0.638889 0.500000 1.000000
vt 0.638889 0.875000 0.969189
vt 0.611111 0.875000 0.969189
vt 0.666667 0.125000 0.969189
vt 0.666667 0.500000 1.000000
vt 0.694444 0.125000 0.969189
vt 0.694444 0.500000 1.000000
vt 0.694444 0.875000 0.969189
vt 0.666667 0.875000 0.969189
vt 0.722222 0.125000 0.969189
vt 0.722222 0.500000 1.000000
vt 0.722222 0.875000 0.969189
vt 0.777778 1.000000 0.876757
vt 0.750000 1.000000 0.876757
vt 0.805555 1.000000 0.876757
vt 0.805556 1.000000 0.784324
vt 0.777778 1.000000 0.784324
vt 0.750000 1.000000 0.784324
vt 0.833333 1.000000 0.876757
vt 0.861111 1.000000 0.876757
vt 0.861111 1.000000 0.784324
vt 0.833333 1.000000 0.784324
vt 0.888889 1.000000 0.876757
vt 0.916667 1.000000 0.876757
vt 0.916667 1.000000 0.784324
vt 0.888889 1.000000 0.784324
vt 0.944444 1.000000 0.876757
vt 0.972222 1.000000 0.876757
vt 0.972222 1.000000 0.784324
vt 0.944444 1.000000 0.784324
vt 0.000000 1.000000 0.876757
vt -0.027778 1.000000 0.876757
vt 0.027778 1.000000 0.876757
vt 0.027778 1.000000 0.784324
vt 0.000000 1.000000 0.784324
vt -0.027778 1.000000 0.784324
vt 0.055556 1.000000 0.876757
vt 0.083333 1.000000 0.876757
vt 0.083333 1.000000 0.784324
vt 0.055556 1.000000 0.784324
vt 0.111111 1.000000 0.876757
vt 0.138889 1.000000 0.876757
vt 0.138889 1.000000 0.784324
vt 0.111111 1.000000 0.784324
vt 0.166667 1.000000 0.876757
vt 0.194444 1.000000 0.876757
vt 0.194444 1.000000 0.784324
vt 0.166667 1.000000 0.784324
vt 0.222222 1.000000 0.876757
vt 0.250000 1.000000 0.876757
vt 0.250000 1.000000 0.784324
vt 0.222222 1.000000 0.784324
vt 0.277778 1.000000 0.876757
vt 0.305556 1.000000 0.876757
vt 0.305555 1.000000 0.784324
vt 0.277778 1.000000 0.784324
vt 0.333333 1.000000 0.876757
vt 0.361111 1.000000 0.876757
vt 0.361111 1.000000 0.784324
vt 0.333333 1.000000 0.784324
vt 0.388889 1.000000 0.876757
vt 0.416667 1.000000 0.876757
vt 0.416667 1.000000 0.784324
vt 0.388889 1.000000 0.784324
vt 0.444444 1.000000 0.876757
vt 0.472222 1.000000 0.876757
vt 0.472222 1.000000 0.784324
vt 0.444444 1.000000 0.784324
vt 0.500000 1.000000 0.876757
vt 0.527778 1.000000 0.876757
vt 0.527778 1.000000 0.784324
vt 0.500000 1.000000 0.784324
vt 0.555555 1.000000 0.876757
vt 0.583333 1.000000 0.876757
vt 0.583333 1.000000 0.784324
vt 0.555555 1.000000 0.784324
vt 0.611111 1.000000 0.876757
vt 0.638889 1.000000 0.876757
vt 0.638889 1.000000 0.784324
vt 0.611111 1.000000 0.784324
vt 0.666667 1.000000 0.876757
vt 0.694444 1.000000 0.876757
vt 0.694444 1.000000 0.784324
vt 0.666667 1.000000 0.784324
vt 0.722222 1.000000 0.876757
vt 0.722222 1.000000 0.784324
vt 0.111111 0.500000 0.500000
vt 0.138889 0.500000 0.500000
vt 0.083333 0.500000 0.500000
vt 0.083333 0.875000 0.530061
vt 0.111111 0.875000 0.530061
vt 0.138889 0.875000 0.530061
vt 0.611111 0.500000 0.500000
vt 0.638889 0.500000 0.500000
vt 0.583333 0.500000 0.500000
vt 0.583333 0.875000 0.530061
vt 0.611111 0.875000 0.530061
vt 0.638889 0.875000 0.530061
vt 0.805556 0.875000 0.530061
vt 0.805555 0.500000 0.500000
vt 0.777778 0.500000 0.500000
vt 0.777778 0.875000 0.530061
vt 0.750000 0.500000 0.500000
vt 0.750000 0.875000 0.530061
vt 0.027778 0.875000 0.530061
vt 0.055556 0.875000 0.530061
vt 0.055556 0.500000 0.500000
vt 0.090278 0.500000 0.500000
vt 0.972222 0.875000 0.530061
vt 0.500000 0.875000 0.530061
vt 0.250000 0.500000 0.500000
vt 0.472222 0.500000 0.500000
vt 0.901042 0.875000 0.530061
vt 0.881944 0.875000 0.530061
vt 0.694444 0.500000 0.500000
vt 0.854167 0.500000 0.500000
vt 0.444444 0.125000 0.530061
vt 0.861111 0.875000 0.530061
vt 0.888889 0.875000 0.530061
vt 0.888889 0.500000 0.500000
vt 0.861111 0.500000 0.500000
vt 0.833333 0.875000 0.530061
vt 0.833333 0.500000 0.500000
vt 0.722222 0.500000 0.500000
vt 0.694444 0.500000 0.500000
vt 0.694444 0.875000 0.530061
vt 0.722222 0.875000 0.530061
vt 0.666667 0.500000 0.500000
vt 0.666667 0.875000 0.530061
vt 0.194444 0.875000 0.530061
vt 0.194444 0.500000 0.500000
vt 0.166667 0.500000 0.500000
vt 0.166667 0.875000 0.530061
vt 0.222222 0.875000 0.530061
vt 0.222222 0.500000 0.500000
vt 0.250000 0.875000 0.530061
vt 0.250000 0.500000 0.500000
vt 0.277778 0.875000 0.530061
vt 0.277778 0.500000 0.500000
vt 0.305555 0.875000 0.530061
vt 0.305556 0.500000 0.500000
vt 0.333333 0.875000 0.530061
vt 0.333333 0.500000 0.500000
vt 0.361111 0.875000 0.530061
vt 0.361111 0.500000 0.500000
vt 0.388889 0.875000 0.530061
vt 0.388889 0.500000 0.500000
vt 0.416667 0.875000 0.530061
vt 0.416667 0.500000 0.500000
vt 0.444444 0.875000 0.530061
vt 0.444444 0.500000 0.500000
vt 0.472222 0.875000 0.530061
vt 0.472222 0.500000 0.500000
vt 0.500000 0.875000 0.530061
vt 0.500000 0.500000 0.500000
vt 0.527778 0.875000 0.530061
vt 0.527778 0.500000 0.500000
vt 0.555555 0.875000 0.530061
vt 0.555555 0.500000 0.500000
vt 0.805556 0.000000 0.784324
vt 0.805555 0.000000 0.876757
vt 0.777778 0.000000 0.876757
vt 0.777778 0.000000 0.784324
vt 0.750000 0.000000 0.876757
vt 0.750000 0.000000 0.784324
vt 0.861111 0.000000 0.784324
vt 0.861111 0.000000 0.876757
vt 0.833333 0.000000 0.876757
vt 0.833333 0.000000 0.784324
vt 0.916667 0.000000 0.784324
vt 0.916667 0.000000 0.876757
vt 0.888889 0.000000 0.876757
vt 0.888889 0.000000 0.784324
vt 0.972222 0.000000 0.784324
vt 0.972222 0.000000 0.876757
vt 0.944444 0.000000 0.876757
vt 0.944444 0.000000 0.784324
vt 0.027778 0.000000 0.784324
vt 0.027778 0.000000 0.876757
vt 0.000000 0.000000 0.876757
vt 0.000000 0.000000 0.784324
vt -0.027778 0.000000 0.876757
vt -0.027778 0.000000 0.784324
vt 0.083333 0.000000 0.784324
vt 0.083333 0.000000 0.876757
vt 0.055556 0.000000 0.876757
vt 0.055556 0.000000 0.784324
vt 0.138889 0.000000 0.784324
vt 0.138889 0.000000 0.876757
vt 0.111111 0.000000 0.876757
vt 0.111111 0.000000 0.784324
vt 0.194444 0.000000 0.784324
vt 0.194444 0.000000 0.876757
vt 0.166667 0.000000 0.876757
vt 0.166667 0.000000 0.784324
vt 0.250000 0.000000 0.784324
vt 0.250000 0.000000 0.876757
vt 0.222222 0.000000 0.876757
vt 0.222222 0.000000 0.784324
vt 0.305555 0.000000 0.784324
vt 0.305556 0.000000 0.876757
vt 0.277778 0.000000 0.876757
vt 0.277778 0.000000 0.784324
vt 0.361111 0.000000 0.784324
vt 0.361111 0.000000 0.876757
vt 0.333333 0.000000 0.876757
vt 0.333333 0.000000 0.784324
vt 0.416667 0.000000 0.784324
vt 0.416667 0.000000 0.876757
vt 0.388889 0.000000 0.876757
vt 0.388889 0.000000 0.784324
vt 0.472222 0.000000 0.784324
vt 0.472222 0.000000 0.876757
vt 0.444444 0.000000 0.876757
vt 0.444444 0.000000 0.784324
vt 0.527778 0.000000 0.784324
vt 0.527778 0.000000 0.876757
vt 0.500000 0.000000 0.876757
vt 0.500000 0.000000 0.784324
vt 0.583333 0.000000 0.784324
vt 0.583333 0.000000 0.876757
vt 0.555555 0.000000 0.876757
vt 0.555555 0.000000 0.784324
vt 0.638889 0.000000 0.784324
vt 0.638889 0.000000 0.876757
vt 0.611111 0.000000 0.876757
vt 0.611111 0.000000 0.784324
vt 0.694444 0.000000 0.784324
vt 0.694444 0.000000 0.876757
vt 0.666667 0.000000 0.876757
vt 0.666667 0.000000 0.784324
vt 0.722222 0.000000 0.876757
vt 0.722222 0.000000 0.784324
vt 0.805556 1.000000 0.710427
vt 0.805555 1.000000 0.620244
vt 0.777778 1.000000 0.620244
vt 0.777778 1.000000 0.710427
vt 0.750000 1.000000 0.620244
vt 0.750000 1.000000 0.710427
vt 0.861111 1.000000 0.710428
vt 0.861111 1.000000 0.620244
vt 0.833333 1.000000 0.620244
vt 0.833333 1.000000 0.710427
vt 0.916667 1.000000 0.710427
vt 0.916667 1.000000 0.620244
vt 0.888889 1.000000 0.620244
vt 0.888889 1.000000 0.710427
vt 0.972222 1.000000 0.710427
vt 0.972222 1.000000 0.620244
vt 0.944444 1.000000 0.620244
vt 0.944444 1.000000 0.710427
vt 0.027778 1.000000 0.710427
vt 0.027778 1.000000 0.620244
vt 0.000000 1.000000 0.620244
vt 0.000000 1.000000 0.710427
vt 0.000000 0.875000 0.530061
vt -0.027778 0.875000 0.530061
vt -0.027778 1.000000 0.620244
vt -0.027778 1.000000 0.710427
vt 0.083333 1.000000 0.710428
vt 0.083333 1.000000 0.620244
vt 0.055556 1.000000 0.620244
vt 0.055556 1.000000 0.710427
vt 0.138889 1.000000 0.710427
vt 0.138889 1.000000 0.620244
vt 0.111111 1.000000 0.620244
vt 0.111111 1.000000 0.710427
vt 0.194444 1.000000 0.710427
vt 0.194444 1.000000 0.620244
vt 0.166667 1.000000 0.620244
vt 0.166667 1.000000 0.710427
vt 0.250000 1.000000 0.710427
vt 0.250000 1.000000 0.620244
vt 0.222222 1.000000 0.620244
vt 0.222222 1.000000 0.710427
vt 0.305555 1.000000 0.710427
vt 0.305556 1.000000 0.620244
vt 0.277778 1.000000 0.620244
vt 0.277778 1.000000 0.710427
vt 0.361111 1.000000 0.710427
vt 0.361111 1.000000 0.620244
vt 0.333333 1.000000 0.620244
vt 0.333333 1.000000 0.710427
vt 0.416667 1.000000 0.710427
vt 0.416667 1.000000 0.620244
vt 0.388889 1.000000 0.620244
vt 0.388889 1.000000 0.710427
vt 0.472222 1.000000 0.710427
vt 0.472222 1.000000 0.620244
vt 0.444444 1.000000 0.620244
vt 0.444444 1.000000 0.710427
vt 0.527778 1.000000 0.710427
vt 0.527778 1.000000 0.620244
vt 0.500000 1.000000 0.620244
vt 0.500000 1.000000 0.710427
vt 0.583333 1.000000 0.710427
vt 0.583333 1.000000 0.620244
vt 0.555555 1.000000 0.620244
vt 0.555555 1.000000 0.710427
vt 0.638889 1.000000 0.710427
vt 0.638889 1.000000 0.620244
vt 0.611111 1.000000 0.620244
vt 0.611111 1.000000 0.710427
vt 0.694444 1.000000 0.710427
vt 0.694444 1.000000 0.620244
vt 0.666667 1.000000 0.620244
vt 0.666667 1.000000 0.710427
vt 0.722222 1.000000 0.620244
vt 0.722222 1.000000 0.710427
vt 0.805556 0.000000 0.742117
vt 0.805555 0.000000 0.747001
vt 0.777778 0.000000 0.747001
vt 0.777778 0.000000 0.742116
vt 0.805556 0.000000 0.751885
vt 0.777778 0.000000 0.751885
vt 0.750000 0.000000 0.751885
vt 0.750000 0.000000 0.747001
vt 0.750000 0.000000 0.742117
vt 0.861111 0.000000 0.742117
vt 0.861111 0.000000 0.747001
vt 0.833333 0.000000 0.747001
vt 0.833333 0.000000 0.742116
vt 0.861111 0.000000 0.751885
vt 0.833333 0.000000 0.751885
vt 0.916667 0.000000 0.742117
vt 0.916667 0.000000 0.747001
vt 0.888889 0.000000 0.747001
vt 0.888889 0.000000 0.742116
vt 0.916667 0.000000 0.751885
vt 0.888889 0.000000 0.751885
vt 0.972222 0.000000 0.742117
vt 0.972222 0.000000 0.747001
vt 0.944444 0.000000 0.747001
vt 0.944444 0.000000 0.742116
vt 0.972222 0.000000 0.751885
vt 0.944444 0.000000 0.751885
vt 0.027778 0.000000 0.742117
vt 0.027778 0.000000 0.747001
vt 0.000000 0.000000 0.747001
vt 0.000000 0.000000 0.742116
vt 0.027778 0.000000 0.751885
vt 0.000000 0.000000 0.751885
vt -0.027778 0.000000 0.751885
vt -0.027778 0.000000 0.747001
vt -0.027778 0.000000 0.742117
vt 0.083333 0.000000 0.742117
vt 0.083333 0.000000 0.747001
vt 0.055556 0.000000 0.747001
vt 0.055556 0.000000 0.742116
vt 0.083333 0.000000 0.751885
vt 0.055556 0.000000 0.751885
vt 0.138889 0.000000 0.742117
vt 0.138889 0.000000 0.747001
vt 0.111111 0.000000 0.747001
vt 0.111111 0.000000 0.742116
vt 0.138889 0.000000 0.751885
vt 0.111111 0.000000 0.751885
vt 0.194444 0.000000 0.742117
vt 0.194444 0.000000 0.747001
vt 0.166667 0.000000 0.747001
vt 0.166667 0.000000 0.742116
vt 0.194444 0.000000 0.751885
vt 0.166667 0.000000 0.751885
vt 0.250000 0.000000 0.742117
vt 0.250000 0.000000 0.747001
vt 0.222222 0.000000 0.747001
vt 0.222222 0.000000 0.742116
vt 0.250000 0.000000 0.751885
vt 0.222222 0.000000 0.751885
vt 0.305555 0.000000 0.742117
vt 0.305556 0.000000 0.747001
vt 0.277778 0.000000 0.747001
vt 0.277778 0.000000 0.742116
vt 0.305555 0.000000 0.751885
vt 0.277778 0.000000 0.751885
vt 0.361111 0.000000 0.742117
vt 0.361111 0.000000 0.747001
vt 0.333333 0.000000 0.747001
vt 0.333333 0.000000 0.742116
vt 0.361111 0.000000 0.751885
vt 0.333333 0.000000 0.751885
vt 0.416667 0.000000 0.742117
vt 0.416667 0.000000 0.747001
vt 0.388889 0.000000 0.747001
vt 0.388889 0.000000 0.742116
vt 0.416667 0.000000 0.751885
vt 0.388889 0.000000 0.751885
vt 0.472222 0.000000 0.742117
vt 0.472222 0.000000 0.747001
vt 0.444444 0.000000 0.747001
vt 0.444444 0.000000 0.742116
vt 0.472222 0.000000 0.751885
vt 0.444444 0.000000 0.751885
vt 0.527778 0.000000 0.742117
vt 0.527778 0.000000 0.747001
vt 0.500000 0.000000 0.747001
vt 0.500000 0.000000 0.742116
vt 0.527778 0.000000 0.751885
vt 0.500000 0.000000 0.751885
vt 0.583333 0.000000 0.742117
vt 0.583333 0.000000 0.747001
vt 0.555555 0.000000 0.747001
vt 0.555555 0.000000 0.742116
vt 0.583333 0.000000 0.751885
vt 0.555555 0.000000 0.751885
vt 0.638889 0.000000 0.742117
vt 0.638889 0.000000 0.747001
vt 0.611111 0.000000 0.747001
vt 0.611111 0.000000 0.742116
vt 0.638889 0.000000 0.751885
vt 0.611111 0.000000 0.751885
vt 0.694444 0.000000 0.742117
vt 0.694444 0.000000 0.747001
vt 0.666667 0.000000 0.747001
vt 0.666667 0.000000 0.742116
vt 0.694444 0.000000 0.751885
vt 0.666667 0.000000 0.751885
vt 0.722222 0.000000 0.747001
vt 0.722222 0.000000 0.742116
vt 0.722222 0.000000 0.751885
vt 0.805556 1.000000 0.751885
vt 0.805555 1.000000 0.747001
vt 0.777778 1.000000 0.747001
vt 0.777778 1.000000 0.751885
vt 0.805556 1.000000 0.742117
vt 0.777778 1.000000 0.742116
vt 0.750000 1.000000 0.742117
vt 0.750000 1.000000 0.747001
vt 0.750000 1.000000 0.751885
vt 0.861111 1.000000 0.751885
vt 0.861111 1.000000 0.747001
vt 0.833333 1.000000 0.747001
vt 0.833333 1.000000 0.751885
vt 0.861111 1.000000 0.742117
vt 0.833333 1.000000 0.742116
vt 0.916667 1.000000 0.751885
vt 0.916667 1.000000 0.747001
vt 0.888889 1.000000 0.747001
vt 0.888889 1.000000 0.751885
vt 0.916667 1.000000 0.742117
vt 0.888889 1.000000 0.742116
vt 0.972222 1.000000 0.751885
vt 0.972222 1.000000 0.747001
vt 0.944444 1.000000 0.747001
vt 0.944444 1.000000 0.751885
vt 0.972222 1.000000 0.742117
vt 0.944444 1.000000 0.742116
vt 0.027778 1.000000 0.751885
vt 0.027778 1.000000 0.747001
vt 0.000000 1.000000 0.747001
vt 0.000000 1.000000 0.751885
vt 0.027778 1.000000 0.742117
vt 0.000000 1.000000 0.742116
vt -0.027778 1.000000 0.742117
vt -0.027778 1.000000 0.747001
vt -0.027778 1.000000 0.751885
vt 0.083333 1.000000 0.751885
vt 0.083333 1.000000 0.747001
vt 0.055556 1.000000 0.747001
vt 0.055556 1.000000 0.751885
vt 0.083333 1.000000 0.742117
vt 0.055556 1.000000 0.742116
vt 0.138889 1.000000 0.751885
vt 0.138889 1.000000 0.747001
vt 0.111111 1.000000 0.747001
vt 0.111111 1.000000 0.751885
vt 0.138889 1.000000 0.742117
vt 0.111111 1.000000 0.742116
vt 0.194444 1.000000 0.751885
vt 0.194444 1.000000 0.747001
vt 0.166667 1.000000 0.747001
vt 0.166667 1.000000 0.751885
vt 0.194444 1.000000 0.742117
vt 0.166667 1.000000 0.742116
vt 0.250000 1.000000 0.751885
vt 0.250000 1.000000 0.747001
vt 0.222222 1.000000 0.747001
vt 0.222222 1.000000 0.751885
vt 0.250000 1.000000 0.742117
vt 0.222222 1.000000 0.742116
vt 0.305555 1.000000 0.751885
vt 0.305556 1.000000 0.747001
vt 0.277778 1.000000 0.747001
vt 0.277778 1.000000 0.751885
vt 0.305555 1.000000 0.742117
vt 0.277778 1.000000 0.742116
vt 0.361111 1.000000 0.751885
vt 0.361111 1.000000 0.747001
vt 0.333333 1.000000 0.747001
vt 0.333333 1.000000 0.751885
vt 0.361111 1.000000 0.742117
vt 0.333333 1.000000 0.742116
vt 0.416667 1.000000 0.751885
vt 0.416667 1.000000 0.747001
vt 0.388889 1.000000 0.747001
vt 0.388889 1.000000 0.751885
vt 0.416667 1.000000 0.742117
vt 0.388889 1.000000 0.742116
vt 0.472222 1.000000 0.751885
vt 0.472222 1.000000 0.747001
vt 0.444444 1.000000 0.747001
vt 0.444444 1.000000 0.751885
vt 0.472222 1.000000 0.742117
vt 0.444444 1.000000 0.742116
vt 0.527778 1.000000 0.751885
vt 0.527778 1.000000 0.747001
vt 0.500000 1.000000 0.747001
vt 0.500000 1.000000 0.751885
vt 0.527778 1.000000 0.742117
vt 0.500000 1.000000 0.742116
vt 0.583333 1.000000 0.751885
vt 0.583333 1.000000 0.747001
vt 0.555555 1.000000 0.747001
vt 0.555555 1.000000 0.751885
vt 0.583333 1.000000 0.742117
vt 0.555555 1.000000 0.742116
vt 0.638889 1.000000 0.751885
vt 0.638889 1.000000 0.747001
vt 0.611111 1.000000 0.747001
vt 0.611111 1.000000 0.751885
vt 0.638889 1.000000 0.742117
vt 0.611111 1.000000 0.742116
vt 0.694444 1.000000 0.751885
vt 0.694444 1.000000 0.747001
vt 0.666667 1.000000 0.747001
vt 0.666667 1.000000 0.751885
vt 0.694444 1.000000 0.742117
vt 0.666667 1.000000 0.742116
vt 0.722222 1.000000 0.747001
vt 0.722222 1.000000 0.751885
vt 0.722222 1.000000 0.742116
vt 0.777778 0.000000 0.740488
vt 0.750000 0.000000 0.740488
vt 0.805555 0.000000 0.740488
vt 0.833333 0.000000 0.740488
vt 0.861111 0.000000 0.740488
vt 0.888889 0.000000 0.740488
vt 0.916667 0.000000 0.740488
vt 0.944444 0.000000 0.740488
vt 0.972222 0.000000 0.740488
vt 0.000000 0.000000 0.740488
vt -0.027778 0.000000 0.740488
vt 0.027778 0.000000 0.740488
vt 0.055556 0.000000 0.740488
vt 0.083333 0.000000 0.740488
vt 0.111111 0.000000 0.740488
vt 0.138889 0.000000 0.740488
vt 0.166667 0.000000 0.740488
vt 0.194444 0.000000 0.740488
vt 0.222222 0.000000 0.740488
vt 0.250000 0.000000 0.740488
vt 0.277778 0.000000 0.740488
vt 0.305556 0.000000 0.740488
vt 0.333333 0.000000 0.740488
vt 0.361111 0.000000 0.740488
vt 0.388889 0.000000 0.740488
vt 0.416667 0.000000 0.740488
vt 0.444444 0.000000 0.740488
vt 0.472222 0.000000 0.740488
vt 0.500000 0.000000 0.740488
vt 0.527778 0.000000 0.740488
vt 0.555555 0.000000 0.740488
vt 0.583333 0.000000 0.740488
vt 0.611111 0.000000 0.740488
vt 0.638889 0.000000 0.740488
vt 0.666667 0.000000 0.740488
vt 0.694444 0.000000 0.740488
vt 0.722222 0.000000 0.740488
vt 0.777778 0.000000 0.753514
vt 0.805555 0.000000 0.753514
vt 0.750000 0.000000 0.753514
vt 0.722222 0.000000 0.753514
vt 0.694444 0.000000 0.753514
vt 0.666667 0.000000 0.753514
vt 0.638889 0.000000 0.753513
vt 0.611111 0.000000 0.753514
vt 0.583333 0.000000 0.753514
vt 0.555555 0.000000 0.753514
vt 0.527778 0.000000 0.753514
vt 0.500000 0.000000 0.753514
vt 0.472222 0.000000 0.753513
vt 0.444444 0.000000 0.753514
vt 0.416667 0.000000 0.753514
vt 0.388889 0.000000 0.753514
vt 0.361111 0.000000 0.753514
vt 0.333333 0.000000 0.753514
vt 0.305556 0.000000 0.753514
vt 0.277778 0.000000 0.753514
vt 0.250000 0.000000 0.753514
vt 0.222222 0.000000 0.753514
vt 0.194444 0.000000 0.753514
vt 0.166667 0.000000 0.753514
vt 0.138889 0.000000 0.753514
vt 0.111111 0.000000 0.753514
vt 0.083333 0.000000 0.753514
vt 0.055556 0.000000 0.753514
vt 0.027778 0.000000 0.753514
vt 0.000000 0.000000 0.753514
vt -0.027778 0.000000 0.753514
vt 0.944444 0.000000 0.753514
vt 0.972222 0.000000 0.753514
vt 0.916667 0.000000 0.753514
vt 0.888889 0.000000 0.753514
vt 0.861111 0.000000 0.753514
vt 0.833333 0.000000 0.753514
vt 0.777778 1.000000 0.753514
vt 0.750000 1.000000 0.753514
vt 0.805555 1.000000 0.753514
vt 0.833333 1.000000 0.753514
vt 0.861111 1.000000 0.753514
vt 0.888889 1.000000 0.753514
vt 0.916667 1.000000 0.753514
vt 0.944444 1.000000 0.753514
vt 0.972222 1.000000 0.753514
vt 0.000000 1.000000 0.753514
vt -0.027778 1.000000 0.753514
vt 0.027778 1.000000 0.753514
vt 0.055556 1.000000 0.753514
vt 0.083333 1.000000 0.753514
vt 0.111111 1.000000 0.753514
vt 0.138889 1.000000 0.753514
vt 0.166667 1.000000 0.753514
vt 0.194444 1.000000 0.753514
vt 0.222222 1.000000 0.753514
vt 0.250000 1.000000 0.753514
vt 0.277778 1.000000 0.753514
vt 0.305556 1.000000 0.753514
vt 0.333333 1.000000 0.753514
vt 0.361111 1.000000 0.753514
vt 0.388889 1.000000 0.753514
vt 0.416667 1.000000 0.753514
vt 0.444444 1.000000 0.753514
vt 0.472222 1.000000 0.753513
vt 0.500000 1.000000 0.753514
vt 0.527778 1.000000 0.753514
vt 0.555555 1.000000 0.753514
vt 0.583333 1.000000 0.753514
vt 0.611111 1.000000 0.753514
vt 0.638889 1.000000 0.753513
vt 0.666667 1.000000 0.753514
vt 0.694444 1.000000 0.753514
vt 0.722222 1.000000 0.753514
vt 0.777778 1.000000 0.740488
vt 0.805555 1.000000 0.740488
vt 0.750000 1.000000 0.740488
vt 0.722222 1.000000 0.740488
vt 0.694444 1.000000 0.740488
vt 0.666667 1.000000 0.740488
vt 0.638889 1.000000 0.740488
vt 0.611111 1.000000 0.740488
vt 0.583333 1.000000 0.740488
vt 0.555555 1.000000 0.740488
vt 0.527778 1.000000 0.740488
vt 0.500000 1.000000 0.740488
vt 0.472222 1.000000 0.740488
vt 0.444444 1.000000 0.740488
vt 0.416667 1.000000 0.740488
vt 0.388889 1.000000 0.740488
vt 0.361111 1.000000 0.740488
vt 0.333333 1.000000 0.740488
vt 0.305556 1.000000 0.740488
vt 0.277778 1.000000 0.740488
vt 0.250000 1.000000 0.740488
vt 0.222222 1.000000 0.740488
vt 0.194444 1.000000 0.740488
vt 0.166667 1.000000 0.740488
vt 0.138889 1.000000 0.740488
vt 0.111111 1.000000 0.740488
vt 0.083333 1.000000 0.740488
vt 0.055556 1.000000 0.740488
vt 0.027778 1.000000 0.740488
vt 0.000000 1.000000 0.740488
vt -0.027778 1.000000 0.740488
vt 0.944444 1.000000 0.740488
vt 0.972222 1.000000 0.740488
vt 0.916667 1.000000 0.740488
vt 0.888889 1.000000 0.740488
vt 0.861111 1.000000 0.740488
vt 0.833333 1.000000 0.740488
# 889 texture coords

o Cylinder006
g Cylinder006
f 3320/3517 2888/3518 2672/3519 2889/3520 
f 2888/3518 3321/3521 2890/3522 2672/3519 
f 2672/3519 2890/3522 3322/3523 2891/3524 
f 2889/3520 2672/3519 2891/3524 3323/3525 
f 3321/3521 2892/3526 2677/3527 2890/3522 
f 2892/3526 3324/3528 2893/3529 2677/3527 
f 2677/3527 2893/3529 3325/3530 2894/3531 
f 2890/3522 2677/3527 2894/3531 3322/3523 
f 3324/3528 2895/3532 2682/3533 2893/3529 
f 2895/3532 3326/3534 2896/3535 2682/3533 
f 2682/3533 2896/3535 3327/3536 2897/3537 
f 2893/3529 2682/3533 2897/3537 3325/3530 
f 3326/3534 2898/3538 2685/3539 2896/3535 
f 2898/3538 3328/3540 2899/3541 2685/3539 
f 2685/3539 2899/3541 3329/3542 2900/3543 
f 2896/3535 2685/3539 2900/3543 3327/3536 
f 3328/3544 2901/3545 2688/3546 2899/3547 
f 2901/3545 3330/3548 2902/3549 2688/3546 
f 2688/3546 2902/3549 3331/3550 2903/3551 
f 2899/3547 2688/3546 2903/3551 3329/3552 
f 3330/3548 2904/3553 2691/3554 2902/3549 
f 2904/3553 3332/3555 2905/3556 2691/3554 
f 2691/3554 2905/3556 3333/3557 2906/3558 
f 2902/3549 2691/3554 2906/3558 3331/3550 
f 3332/3555 2907/3559 2694/3560 2905/3556 
f 2907/3559 3334/3561 2908/3562 2694/3560 
f 2694/3560 2908/3562 3335/3563 2909/3564 
f 2905/3556 2694/3560 2909/3564 3333/3557 
f 3334/3561 2910/3565 2697/3566 2908/3562 
f 2910/3565 3336/3567 2911/3568 2697/3566 
f 2697/3566 2911/3568 3337/3569 2912/3570 
f 2908/3562 2697/3566 2912/3570 3335/3563 
f 3336/3567 2913/3571 2700/3572 2911/3568 
f 2913/3571 3338/3573 2914/3574 2700/3572 
f 2700/3572 2914/3574 3339/3575 2915/3576 
f 2911/3568 2700/3572 2915/3576 3337/3569 
f 3338/3573 2916/3577 2703/3578 2914/3574 
f 2916/3577 3340/3579 2917/3580 2703/3578 
f 2703/3578 2917/3580 3341/3581 2918/3582 
f 2914/3574 2703/3578 2918/3582 3339/3575 
f 3340/3579 2919/3583 2706/3584 2917/3580 
f 2919/3583 3342/3585 2920/3586 2706/3584 
f 2706/3584 2920/3586 3343/3587 2921/3588 
f 2917/3580 2706/3584 2921/3588 3341/3581 
f 3342/3585 2922/3589 2709/3590 2920/3586 
f 2922/3589 3344/3591 2923/3592 2709/3590 
f 2709/3590 2923/3592 3345/3593 2924/3594 
f 2920/3586 2709/3590 2924/3594 3343/3587 
f 3344/3591 2925/3595 2712/3596 2923/3592 
f 2925/3595 3346/3597 2926/3598 2712/3596 
f 2712/3596 2926/3598 3347/3599 2927/3600 
f 2923/3592 2712/3596 2927/3600 3345/3593 
f 3346/3597 2928/3601 2715/3602 2926/3598 
f 2928/3601 3348/3603 2929/3604 2715/3602 
f 2715/3602 2929/3604 3349/3605 2930/3606 
f 2926/3598 2715/3602 2930/3606 3347/3599 
f 3348/3603 2931/3607 2718/3608 2929/3604 
f 2931/3607 3350/3609 2932/3610 2718/3608 
f 2718/3608 2932/3610 3351/3611 2933/3612 
f 2929/3604 2718/3608 2933/3612 3349/3605 
f 3350/3609 2934/3613 2721/3614 2932/3610 
f 2934/3613 3352/3615 2935/3616 2721/3614 
f 2721/3614 2935/3616 3353/3617 2936/3618 
f 2932/3610 2721/3614 2936/3618 3351/3611 
f 3352/3615 2937/3619 2724/3620 2935/3616 
f 2937/3619 3354/3621 2938/3622 2724/3620 
f 2724/3620 2938/3622 3355/3623 2939/3624 
f 2935/3616 2724/3620 2939/3624 3353/3617 
f 3354/3621 2940/3625 2673/3626 2938/3622 
f 2940/3625 3320/3517 2889/3520 2673/3626 
f 2673/3626 2889/3520 3323/3525 2941/3627 
f 2938/3622 2673/3626 2941/3627 3355/3623 
f 3356/3628 2942/3629 2726/3630 2943/3631 
f 2942/3629 3357/3632 2944/3633 2726/3630 
f 2726/3630 2944/3633 3358/3634 2945/3635 
f 2943/3631 2726/3630 2945/3635 3359/3636 
f 3357/3632 2946/3637 2731/3638 2944/3633 
f 2946/3637 3360/3639 2947/3640 2731/3638 
f 2731/3638 2947/3640 3361/3641 2948/3642 
f 2944/3633 2731/3638 2948/3642 3358/3634 
f 3360/3639 2949/3643 2736/3644 2947/3640 
f 2949/3643 3362/3645 2950/3646 2736/3644 
f 2736/3644 2950/3646 3363/3647 2951/3648 
f 2947/3640 2736/3644 2951/3648 3361/3641 
f 3362/3645 2952/3649 2739/3650 2950/3646 
f 2952/3649 3364/3651 2953/3652 2739/3650 
f 2739/3650 2953/3652 3365/3653 2954/3654 
f 2950/3646 2739/3650 2954/3654 3363/3647 
f 3364/3655 2955/3656 2742/3657 2953/3658 
f 2955/3656 3366/3659 2956/3660 2742/3657 
f 2742/3657 2956/3660 3367/3661 2957/3662 
f 2953/3658 2742/3657 2957/3662 3365/3663 
f 3366/3659 2958/3664 2745/3665 2956/3660 
f 2958/3664 3368/3666 2959/3667 2745/3665 
f 2745/3665 2959/3667 3369/3668 2960/3669 
f 2956/3660 2745/3665 2960/3669 3367/3661 
f 3368/3666 2961/3670 2748/3671 2959/3667 
f 2961/3670 3370/3672 2962/3673 2748/3671 
f 2748/3671 2962/3673 3371/3674 2963/3675 
f 2959/3667 2748/3671 2963/3675 3369/3668 
f 3370/3672 2964/3676 2751/3677 2962/3673 
f 2964/3676 3372/3678 2965/3679 2751/3677 
f 2751/3677 2965/3679 3373/3680 2966/3681 
f 2962/3673 2751/3677 2966/3681 3371/3674 
f 3372/3678 2967/3682 2754/3683 2965/3679 
f 2967/3682 3374/3684 2968/3685 2754/3683 
f 2754/3683 2968/3685 3375/3686 2969/3687 
f 2965/3679 2754/3683 2969/3687 3373/3680 
f 3374/3684 2970/3688 2757/3689 2968/3685 
f 2970/3688 3376/3690 2971/3691 2757/3689 
f 2757/3689 2971/3691 3377/3692 2972/3693 
f 2968/3685 2757/3689 2972/3693 3375/3686 
f 3376/3690 2973/3694 2760/3695 2971/3691 
f 2973/3694 3378/3696 2974/3697 2760/3695 
f 2760/3695 2974/3697 3379/3698 2975/3699 
f 2971/3691 2760/3695 2975/3699 3377/3692 
f 3378/3696 2976/3700 2763/3701 2974/3697 
f 2976/3700 3380/3702 2977/3703 2763/3701 
f 2763/3701 2977/3703 3381/3704 2978/3705 
f 2974/3697 2763/3701 2978/3705 3379/3698 
f 3380/3702 2979/3706 2766/3707 2977/3703 
f 2979/3706 3382/3708 2980/3709 2766/3707 
f 2766/3707 2980/3709 3383/3710 2981/3711 
f 2977/3703 2766/3707 2981/3711 3381/3704 
f 3382/3708 2982/3712 2769/3713 2980/3709 
f 2982/3712 3384/3714 2983/3715 2769/3713 
f 2769/3713 2983/3715 3385/3716 2984/3717 
f 2980/3709 2769/3713 2984/3717 3383/3710 
f 3384/3714 2985/3718 2772/3719 2983/3715 
f 2985/3718 3386/3720 2986/3721 2772/3719 
f 2772/3719 2986/3721 3387/3722 2987/3723 
f 2983/3715 2772/3719 2987/3723 3385/3716 
f 3386/3720 2988/3724 2775/3725 2986/3721 
f 2988/3724 3388/3726 2989/3727 2775/3725 
f 2775/3725 2989/3727 3389/3728 2990/3729 
f 2986/3721 2775/3725 2990/3729 3387/3722 
f 3388/3726 2991/3730 2778/3731 2989/3727 
f 2991/3730 3390/3732 2992/3733 2778/3731 
f 2778/3731 2992/3733 3391/3734 2993/3735 
f 2989/3727 2778/3731 2993/3735 3389/3728 
f 3390/3732 2994/3736 2727/3737 2992/3733 
f 2994/3736 3356/3628 2943/3631 2727/3737 
f 2727/3737 2943/3631 3359/3636 2995/3738 
f 2992/3733 2727/3737 2995/3738 3391/3734 
f 3359/3636 2945/3635 2733/3739 2996/3740 
f 2945/3635 3358/3634 2997/3741 2733/3739 
f 2733/3739 2997/3741 3392/3742 2998/3743 
f 2996/3740 2733/3739 2998/3743 3393/3744 
f 3358/3634 2948/3642 2732/3745 2997/3741 
f 2948/3642 3361/3641 2999/3746 2732/3745 
f 2732/3745 2999/3746 3394/3747 3000/3748 
f 2997/3741 2732/3745 3000/3748 3392/3742 
f 3361/3641 2951/3648 2737/3749 2999/3746 
f 2951/3648 3363/3647 3001/3750 2737/3749 
f 2737/3749 3001/3750 3395/3751 3002/3752 
f 2999/3746 2737/3749 3002/3752 3394/3747 
f 3363/3647 2954/3654 2740/3753 3001/3750 
f 2954/3654 3365/3653 3003/3754 2740/3753 
f 2740/3753 3003/3754 3396/3755 3004/3756 
f 3001/3750 2740/3753 3004/3756 3395/3751 
f 3365/3663 2957/3662 2743/3757 3003/3758 
f 2957/3662 3367/3661 3005/3759 2743/3757 
f 2743/3757 3005/3759 3397/3760 3006/3761 
f 3003/3758 2743/3757 3006/3761 3396/3762 
f 3367/3661 2960/3669 2746/3763 3005/3759 
f 2960/3669 3369/3668 3007/3764 2746/3763 
f 2746/3763 3007/3764 3398/3765 3008/3766 
f 3005/3759 2746/3763 3008/3766 3397/3760 
f 3369/3668 2963/3675 2749/3767 3007/3764 
f 2963/3675 3371/3674 3009/3768 2749/3767 
f 2749/3767 3009/3768 3399/3769 3010/3770 
f 3007/3764 2749/3767 3010/3770 3398/3765 
f 3371/3674 2966/3681 2752/3771 3009/3768 
f 2966/3681 3373/3680 3011/3772 2752/3771 
f 2752/3771 3011/3772 3400/3773 3012/3774 
f 3009/3768 2752/3771 3012/3774 3399/3769 
f 3373/3680 2969/3687 2755/3775 3011/3772 
f 2969/3687 3375/3686 3013/3776 2755/3775 
f 2755/3775 3013/3776 3401/3777 3014/3778 
f 3011/3772 2755/3775 3014/3778 3400/3773 
f 3375/3686 2972/3693 2758/3779 3013/3776 
f 2972/3693 3377/3692 3015/3780 2758/3779 
f 2758/3779 3015/3780 3402/3781 3016/3782 
f 3013/3776 2758/3779 3016/3782 3401/3777 
f 3377/3692 2975/3699 2761/3783 3015/3780 
f 2975/3699 3379/3698 3017/3784 2761/3783 
f 2761/3783 3017/3784 3403/3785 3018/3786 
f 3015/3780 2761/3783 3018/3786 3402/3781 
f 3379/3698 2978/3705 2764/3787 3017/3784 
f 2978/3705 3381/3704 3019/3788 2764/3787 
f 2764/3787 3019/3788 3404/3789 3020/3790 
f 3017/3784 2764/3787 3020/3790 3403/3785 
f 3381/3704 2981/3711 2767/3791 3019/3788 
f 2981/3711 3383/3710 3021/3792 2767/3791 
f 2767/3791 3021/3792 3405/3793 3022/3794 
f 3019/3788 2767/3791 3022/3794 3404/3789 
f 3383/3710 2984/3717 2770/3795 3021/3792 
f 2984/3717 3385/3716 3023/3796 2770/3795 
f 2770/3795 3023/3796 3406/3797 3024/3798 
f 3021/3792 2770/3795 3024/3798 3405/3793 
f 3385/3716 2987/3723 2773/3799 3023/3796 
f 2987/3723 3387/3722 3025/3800 2773/3799 
f 2773/3799 3025/3800 3407/3801 3026/3802 
f 3023/3796 2773/3799 3026/3802 3406/3797 
f 3387/3722 2990/3729 2776/3803 3025/3800 
f 2990/3729 3389/3728 3027/3804 2776/3803 
f 2776/3803 3027/3804 3408/3805 3028/3806 
f 3025/3800 2776/3803 3028/3806 3407/3801 
f 3389/3728 2993/3735 2779/3807 3027/3804 
f 2993/3735 3391/3734 3029/3808 2779/3807 
f 2779/3807 3029/3808 3409/3809 3030/3810 
f 3027/3804 2779/3807 3030/3810 3408/3805 
f 3391/3734 2995/3738 2734/3811 3029/3808 
f 2995/3738 3359/3636 2996/3740 2734/3811 
f 2734/3811 2996/3740 3393/3744 3031/3812 
f 3029/3808 2734/3811 3031/3812 3409/3809 
f 3334/3561 2907/3559 2693/3813 3032/3814 
f 2907/3559 3332/3555 3033/3815 2693/3813 
f 2693/3813 3033/3815 3410/3816 3034/3817 
f 3032/3814 2693/3813 3034/3817 3411/3818 
f 3352/3615 2934/3613 2720/3819 3035/3820 
f 2934/3613 3350/3609 3036/3821 2720/3819 
f 2720/3819 3036/3821 3412/3822 3037/3823 
f 3035/3820 2720/3819 3037/3823 3413/3824 
f 3414/3825 3038/3826 2675/3827 3039/3828 
f 3038/3826 3321/3521 2888/3518 2675/3827 
f 2675/3827 2888/3518 3320/3517 3040/3829 
f 3039/3828 2675/3827 3040/3829 3415/3830 
f 3416/3831 3041/3832 2690/3833 3042/3834 
f 3041/3832 3410/3816 3033/3815 2690/3833 
f 2690/3833 3033/3815 3332/3555 2904/3553 
f 3042/3834 2690/3833 2904/3553 3330/3548 
f 3417/3835 3043/3836 2687/3837 3044/3838 
f 3043/3836 3416/3831 3042/3834 2687/3837 
f 2687/3837 3042/3834 3330/3548 2901/3545 
f 3044/3838 2687/3837 2901/3545 3328/3544 
f 3418/3839 3045/3840 2684/3841 3046/3842 
f 3045/3840 3417/3835 3044/3838 2684/3841 
f 2684/3841 3044/3838 3328/3544 2898/3843 
f 3046/3842 2684/3841 2898/3843 3326/3534 
f 3419/3844 3047/3845 2681/3846 3048/3847 
f 3047/3845 3418/3839 3046/3842 2681/3846 
f 2681/3846 3046/3842 3326/3534 2895/3532 
f 3048/3847 2681/3846 2895/3532 3324/3528 
f 3414/3825 3049/3848 2676/3849 3038/3826 
f 3049/3848 3419/3844 3048/3847 2676/3849 
f 2676/3849 3048/3847 3324/3528 2892/3526 
f 3038/3826 2676/3849 2892/3526 3321/3521 
f 3320/3517 2940/3625 2674/3850 3040/3829 
f 2940/3625 3354/3621 3050/3851 2674/3850 
f 2674/3850 3050/3851 3420/3852 3051/3853 
f 3040/3829 2674/3850 3051/3853 3415/3830 
f 3354/3621 2937/3619 2723/3854 3050/3851 
f 2937/3619 3352/3615 3035/3820 2723/3854 
f 2723/3854 3035/3820 3413/3824 3052/3855 
f 3050/3851 2723/3854 3052/3855 3420/3852 
f 3421/3856 3053/3857 2696/3858 3054/3859 
f 3053/3857 3336/3567 2910/3565 2696/3858 
f 2696/3858 2910/3565 3334/3561 3032/3814 
f 3054/3859 2696/3858 3032/3814 3411/3818 
f 3421/3856 3055/3860 2699/3861 3053/3857 
f 3055/3860 3422/3862 3056/3863 2699/3861 
f 2699/3861 3056/3863 3338/3573 2913/3571 
f 3053/3857 2699/3861 2913/3571 3336/3567 
f 3422/3862 3057/3864 2702/3865 3056/3863 
f 3057/3864 3423/3866 3058/3867 2702/3865 
f 2702/3865 3058/3867 3340/3579 2916/3577 
f 3056/3863 2702/3865 2916/3577 3338/3573 
f 3423/3866 3059/3868 2705/3869 3058/3867 
f 3059/3868 3424/3870 3060/3871 2705/3869 
f 2705/3869 3060/3871 3342/3585 2919/3583 
f 3058/3867 2705/3869 2919/3583 3340/3579 
f 3424/3870 3061/3872 2708/3873 3060/3871 
f 3061/3872 3425/3874 3062/3875 2708/3873 
f 2708/3873 3062/3875 3344/3591 2922/3589 
f 3060/3871 2708/3873 2922/3589 3342/3585 
f 3425/3874 3063/3876 2711/3877 3062/3875 
f 3063/3876 3426/3878 3064/3879 2711/3877 
f 2711/3877 3064/3879 3346/3597 2925/3595 
f 3062/3875 2711/3877 2925/3595 3344/3591 
f 3426/3878 3065/3880 2714/3881 3064/3879 
f 3065/3880 3427/3882 3066/3883 2714/3881 
f 2714/3881 3066/3883 3348/3603 2928/3601 
f 3064/3879 2714/3881 2928/3601 3346/3597 
f 3427/3882 3067/3884 2717/3885 3066/3883 
f 3067/3884 3412/3822 3036/3821 2717/3885 
f 2717/3885 3036/3821 3350/3609 2931/3607 
f 3066/3883 2717/3885 2931/3607 3348/3603 
f 3428/3886 3068/3887 2729/3888 3069/3889 
f 3068/3887 3357/3632 2942/3629 2729/3888 
f 2729/3888 2942/3629 3356/3628 3070/3890 
f 3069/3889 2729/3888 3070/3890 3429/3891 
f 3430/3892 3071/3893 2730/3894 3072/3895 
f 3071/3893 3360/3639 2946/3637 2730/3894 
f 2730/3894 2946/3637 3357/3632 3068/3887 
f 3072/3895 2730/3894 3068/3887 3428/3886 
f 3431/3896 3073/3897 2735/3898 3074/3899 
f 3073/3897 3362/3645 2949/3643 2735/3898 
f 2735/3898 2949/3643 3360/3639 3071/3893 
f 3074/3899 2735/3898 3071/3893 3430/3892 
f 3432/3900 3075/3901 2738/3902 3076/3903 
f 3075/3901 3364/3651 2952/3649 2738/3902 
f 2738/3902 2952/3649 3362/3645 3073/3897 
f 3076/3903 2738/3902 3073/3897 3431/3896 
f 3433/3904 3077/3905 2741/3906 3078/3907 
f 3077/3905 3366/3659 2955/3656 2741/3906 
f 2741/3906 2955/3656 3364/3655 3075/3908 
f 3078/3907 2741/3906 3075/3908 3432/3909 
f 3434/3910 3079/3911 2744/3912 3080/3913 
f 3079/3911 3368/3666 2958/3664 2744/3912 
f 2744/3912 2958/3664 3366/3659 3077/3905 
f 3080/3913 2744/3912 3077/3905 3433/3904 
f 3435/3914 3081/3915 2747/3916 3082/3917 
f 3081/3915 3370/3672 2961/3670 2747/3916 
f 2747/3916 2961/3670 3368/3666 3079/3911 
f 3082/3917 2747/3916 3079/3911 3434/3910 
f 3436/3918 3083/3919 2750/3920 3084/3921 
f 3083/3919 3372/3678 2964/3676 2750/3920 
f 2750/3920 2964/3676 3370/3672 3081/3915 
f 3084/3921 2750/3920 3081/3915 3435/3914 
f 3437/3922 3085/3923 2753/3924 3086/3925 
f 3085/3923 3374/3684 2967/3682 2753/3924 
f 2753/3924 2967/3682 3372/3678 3083/3919 
f 3086/3925 2753/3924 3083/3919 3436/3918 
f 3438/3926 3087/3927 2756/3928 3088/3929 
f 3087/3927 3376/3690 2970/3688 2756/3928 
f 2756/3928 2970/3688 3374/3684 3085/3923 
f 3088/3929 2756/3928 3085/3923 3437/3922 
f 3439/3930 3089/3931 2759/3932 3090/3933 
f 3089/3931 3378/3696 2973/3694 2759/3932 
f 2759/3932 2973/3694 3376/3690 3087/3927 
f 3090/3933 2759/3932 3087/3927 3438/3926 
f 3440/3934 3091/3935 2762/3936 3092/3937 
f 3091/3935 3380/3702 2976/3700 2762/3936 
f 2762/3936 2976/3700 3378/3696 3089/3931 
f 3092/3937 2762/3936 3089/3931 3439/3930 
f 3441/3938 3093/3939 2765/3940 3094/3941 
f 3093/3939 3382/3708 2979/3706 2765/3940 
f 2765/3940 2979/3706 3380/3702 3091/3935 
f 3094/3941 2765/3940 3091/3935 3440/3934 
f 3442/3942 3095/3943 2768/3944 3096/3945 
f 3095/3943 3384/3714 2982/3712 2768/3944 
f 2768/3944 2982/3712 3382/3708 3093/3939 
f 3096/3945 2768/3944 3093/3939 3441/3938 
f 3443/3946 3097/3947 2771/3948 3098/3949 
f 3097/3947 3386/3720 2985/3718 2771/3948 
f 2771/3948 2985/3718 3384/3714 3095/3943 
f 3098/3949 2771/3948 3095/3943 3442/3942 
f 3444/3950 3099/3951 2774/3952 3100/3953 
f 3099/3951 3388/3726 2988/3724 2774/3952 
f 2774/3952 2988/3724 3386/3720 3097/3947 
f 3100/3953 2774/3952 3097/3947 3443/3946 
f 3445/3954 3101/3955 2777/3956 3102/3957 
f 3101/3955 3390/3732 2991/3730 2777/3956 
f 2777/3956 2991/3730 3388/3726 3099/3951 
f 3102/3957 2777/3956 3099/3951 3444/3950 
f 3429/3891 3070/3890 2728/3958 3103/3959 
f 3070/3890 3356/3628 2994/3736 2728/3958 
f 2728/3958 2994/3736 3390/3732 3101/3955 
f 3103/3959 2728/3958 3101/3955 3445/3954 
f 3446/3960 3104/3961 2804/3962 3105/3963 
f 3104/3961 3414/3825 3039/3828 2804/3962 
f 2804/3962 3039/3828 3415/3830 3106/3964 
f 3105/3963 2804/3962 3106/3964 3447/3965 
f 3448/3966 3107/3967 2805/3968 3108/3969 
f 3107/3967 3419/3844 3049/3848 2805/3968 
f 2805/3968 3049/3848 3414/3825 3104/3961 
f 3108/3969 2805/3968 3104/3961 3446/3960 
f 3449/3970 3109/3971 2809/3972 3110/3973 
f 3109/3971 3418/3839 3047/3845 2809/3972 
f 2809/3972 3047/3845 3419/3844 3107/3967 
f 3110/3973 2809/3972 3107/3967 3448/3966 
f 3450/3974 3111/3975 2808/3976 3112/3977 
f 3111/3975 3417/3835 3045/3840 2808/3976 
f 2808/3976 3045/3840 3418/3839 3109/3971 
f 3112/3977 2808/3976 3109/3971 3449/3970 
f 3451/3978 3113/3979 2807/3980 3114/3981 
f 3113/3979 3416/3831 3043/3982 2807/3980 
f 2807/3980 3043/3982 3417/3983 3111/3984 
f 3114/3981 2807/3980 3111/3984 3450/3985 
f 3452/3986 3115/3987 2798/3988 3116/3989 
f 3115/3987 3410/3816 3041/3832 2798/3988 
f 2798/3988 3041/3832 3416/3831 3113/3979 
f 3116/3989 2798/3988 3113/3979 3451/3978 
f 3453/3990 3117/3991 2799/3992 3118/3993 
f 3117/3991 3411/3818 3034/3817 2799/3992 
f 2799/3992 3034/3817 3410/3816 3115/3987 
f 3118/3993 2799/3992 3115/3987 3452/3986 
f 3454/3994 3119/3995 2800/3996 3120/3997 
f 3119/3995 3421/3856 3054/3859 2800/3996 
f 2800/3996 3054/3859 3411/3818 3117/3991 
f 3120/3997 2800/3996 3117/3991 3453/3990 
f 3455/3998 3121/3999 2810/4000 3122/4001 
f 3121/3999 3422/3862 3055/3860 2810/4000 
f 2810/4000 3055/3860 3421/3856 3119/3995 
f 3122/4001 2810/4000 3119/3995 3454/3994 
f 3456/4002 3123/4003 2811/4004 3124/4005 
f 3123/4003 3423/3866 3057/3864 2811/4004 
f 2811/4004 3057/3864 3422/3862 3121/3999 
f 3124/4005 2811/4004 3121/3999 3455/3998 
f 3457/4006 3125/4007 2812/4008 3126/4009 
f 3125/4007 3424/3870 3059/3868 2812/4008 
f 2812/4008 3059/3868 3423/3866 3123/4003 
f 3126/4009 2812/4008 3123/4003 3456/4002 
f 3458/4010 3127/4011 2813/4012 3128/4013 
f 3127/4011 3425/3874 3061/3872 2813/4012 
f 2813/4012 3061/3872 3424/3870 3125/4007 
f 3128/4013 2813/4012 3125/4007 3457/4006 
f 3459/4014 3129/4015 2814/4016 3130/4017 
f 3129/4015 3426/3878 3063/3876 2814/4016 
f 2814/4016 3063/3876 3425/3874 3127/4011 
f 3130/4017 2814/4016 3127/4011 3458/4010 
f 3460/4018 3131/4019 2815/4020 3132/4021 
f 3131/4019 3427/3882 3065/3880 2815/4020 
f 2815/4020 3065/3880 3426/3878 3129/4015 
f 3132/4021 2815/4020 3129/4015 3459/4014 
f 3461/4022 3133/4023 2801/4024 3134/4025 
f 3133/4023 3412/3822 3067/3884 2801/4024 
f 2801/4024 3067/3884 3427/3882 3131/4019 
f 3134/4025 2801/4024 3131/4019 3460/4018 
f 3462/4026 3135/4027 2802/4028 3136/4029 
f 3135/4027 3413/3824 3037/3823 2802/4028 
f 2802/4028 3037/3823 3412/3822 3133/4023 
f 3136/4029 2802/4028 3133/4023 3461/4022 
f 3463/4030 3137/4031 2803/4032 3138/4033 
f 3137/4031 3420/3852 3052/3855 2803/4032 
f 2803/4032 3052/3855 3413/3824 3135/4027 
f 3138/4033 2803/4032 3135/4027 3462/4026 
f 3447/3965 3106/3964 2806/4034 3139/4035 
f 3106/3964 3415/3830 3051/3853 2806/4034 
f 2806/4034 3051/3853 3420/3852 3137/4031 
f 3139/4035 2806/4034 3137/4031 3463/4030 
f 3464/4036 3140/4037 2852/4038 3141/4039 
f 3140/4037 3465/4040 3142/4041 2852/4038 
f 2852/4038 3142/4041 3466/4042 3143/4043 
f 3141/4039 2852/4038 3143/4043 3467/4044 
f 3468/4045 3144/4046 2853/4047 3145/4048 
f 3144/4046 3469/4049 3146/4050 2853/4047 
f 2853/4047 3146/4050 3465/4040 3140/4037 
f 3145/4048 2853/4047 3140/4037 3464/4036 
f 3470/4051 3147/4052 2855/4053 3148/4054 
f 3147/4052 3471/4055 3149/4056 2855/4053 
f 2855/4053 3149/4056 3469/4049 3144/4046 
f 3148/4054 2855/4053 3144/4046 3468/4045 
f 3472/4057 3150/4058 2856/4059 3151/4060 
f 3150/4058 3473/4061 3152/4062 2856/4059 
f 2856/4059 3152/4062 3471/4055 3147/4052 
f 3151/4060 2856/4059 3147/4052 3470/4051 
f 3474/4063 3153/4064 2857/4065 3154/4066 
f 3153/4064 3475/4067 3155/4068 2857/4065 
f 2857/4065 3155/4068 3473/4069 3150/4070 
f 3154/4066 2857/4065 3150/4070 3472/4071 
f 3476/4072 3156/4073 2858/4074 3157/4075 
f 3156/4073 3477/4076 3158/4077 2858/4074 
f 2858/4074 3158/4077 3475/4067 3153/4064 
f 3157/4075 2858/4074 3153/4064 3474/4063 
f 3478/4078 3159/4079 2859/4080 3160/4081 
f 3159/4079 3479/4082 3161/4083 2859/4080 
f 2859/4080 3161/4083 3477/4076 3156/4073 
f 3160/4081 2859/4080 3156/4073 3476/4072 
f 3480/4084 3162/4085 2860/4086 3163/4087 
f 3162/4085 3481/4088 3164/4089 2860/4086 
f 2860/4086 3164/4089 3479/4082 3159/4079 
f 3163/4087 2860/4086 3159/4079 3478/4078 
f 3482/4090 3165/4091 2861/4092 3166/4093 
f 3165/4091 3483/4094 3167/4095 2861/4092 
f 2861/4092 3167/4095 3481/4088 3162/4085 
f 3166/4093 2861/4092 3162/4085 3480/4084 
f 3484/4096 3168/4097 2862/4098 3169/4099 
f 3168/4097 3485/4100 3170/4101 2862/4098 
f 2862/4098 3170/4101 3483/4094 3165/4091 
f 3169/4099 2862/4098 3165/4091 3482/4090 
f 3486/4102 3171/4103 2863/4104 3172/4105 
f 3171/4103 3487/4106 3173/4107 2863/4104 
f 2863/4104 3173/4107 3485/4100 3168/4097 
f 3172/4105 2863/4104 3168/4097 3484/4096 
f 3488/4108 3174/4109 2864/4110 3175/4111 
f 3174/4109 3489/4112 3176/4113 2864/4110 
f 2864/4110 3176/4113 3487/4106 3171/4103 
f 3175/4111 2864/4110 3171/4103 3486/4102 
f 3490/4114 3177/4115 2865/4116 3178/4117 
f 3177/4115 3491/4118 3179/4119 2865/4116 
f 2865/4116 3179/4119 3489/4112 3174/4109 
f 3178/4117 2865/4116 3174/4109 3488/4108 
f 3492/4120 3180/4121 2866/4122 3181/4123 
f 3180/4121 3493/4124 3182/4125 2866/4122 
f 2866/4122 3182/4125 3491/4118 3177/4115 
f 3181/4123 2866/4122 3177/4115 3490/4114 
f 3494/4126 3183/4127 2867/4128 3184/4129 
f 3183/4127 3495/4130 3185/4131 2867/4128 
f 2867/4128 3185/4131 3493/4124 3180/4121 
f 3184/4129 2867/4128 3180/4121 3492/4120 
f 3496/4132 3186/4133 2868/4134 3187/4135 
f 3186/4133 3497/4136 3188/4137 2868/4134 
f 2868/4134 3188/4137 3495/4130 3183/4127 
f 3187/4135 2868/4134 3183/4127 3494/4126 
f 3498/4138 3189/4139 2869/4140 3190/4141 
f 3189/4139 3499/4142 3191/4143 2869/4140 
f 2869/4140 3191/4143 3497/4136 3186/4133 
f 3190/4141 2869/4140 3186/4133 3496/4132 
f 3467/4044 3143/4043 2854/4144 3192/4145 
f 3143/4043 3466/4042 3193/4146 2854/4144 
f 2854/4144 3193/4146 3499/4142 3189/4139 
f 3192/4145 2854/4144 3189/4139 3498/4138 
f 3500/4147 3194/4148 2870/4149 3195/4150 
f 3194/4148 3501/4151 3196/4152 2870/4149 
f 2870/4149 3196/4152 3502/4153 3197/4154 
f 3195/4150 2870/4149 3197/4154 3503/4155 
f 3504/4156 3198/4157 2871/4158 3199/4159 
f 3198/4157 3505/4160 3200/4161 2871/4158 
f 2871/4158 3200/4161 3501/4151 3194/4148 
f 3199/4159 2871/4158 3194/4148 3500/4147 
f 3506/4162 3201/4163 2873/4164 3202/4165 
f 3201/4163 3507/4166 3203/4167 2873/4164 
f 2873/4164 3203/4167 3505/4160 3198/4157 
f 3202/4165 2873/4164 3198/4157 3504/4156 
f 3508/4168 3204/4169 2874/4170 3205/4171 
f 3204/4169 3509/4172 3206/4173 2874/4170 
f 2874/4170 3206/4173 3507/4166 3201/4163 
f 3205/4171 2874/4170 3201/4163 3506/4162 
f 3510/4174 3207/4175 2875/4176 3208/4177 
f 3207/4175 3511/4178 3209/4179 2875/4176 
f 2875/4176 3209/4179 3509/4180 3204/4181 
f 3208/4177 2875/4176 3204/4181 3508/4182 
f 3512/4183 3210/4184 2876/4185 3211/4186 
f 3210/4184 3513/4187 3212/4188 2876/4185 
f 2876/4185 3212/4188 3511/4178 3207/4175 
f 3211/4186 2876/4185 3207/4175 3510/4174 
f 3514/4189 3213/4190 2877/4191 3214/4192 
f 3213/4190 3515/4193 3215/4194 2877/4191 
f 2877/4191 3215/4194 3513/4187 3210/4184 
f 3214/4192 2877/4191 3210/4184 3512/4183 
f 3516/4195 3216/4196 2878/4197 3217/4198 
f 3216/4196 3517/4199 3218/4200 2878/4197 
f 2878/4197 3218/4200 3515/4193 3213/4190 
f 3217/4198 2878/4197 3213/4190 3514/4189 
f 3518/4201 3219/4202 2879/4203 3220/4204 
f 3219/4202 3519/4205 3221/4206 2879/4203 
f 2879/4203 3221/4206 3517/4199 3216/4196 
f 3220/4204 2879/4203 3216/4196 3516/4195 
f 3520/4207 3222/4208 2880/4209 3223/4210 
f 3222/4208 3521/4211 3224/4212 2880/4209 
f 2880/4209 3224/4212 3519/4205 3219/4202 
f 3223/4210 2880/4209 3219/4202 3518/4201 
f 3522/4213 3225/4214 2881/4215 3226/4216 
f 3225/4214 3523/4217 3227/4218 2881/4215 
f 2881/4215 3227/4218 3521/4211 3222/4208 
f 3226/4216 2881/4215 3222/4208 3520/4207 
f 3524/4219 3228/4220 2882/4221 3229/4222 
f 3228/4220 3525/4223 3230/4224 2882/4221 
f 2882/4221 3230/4224 3523/4217 3225/4214 
f 3229/4222 2882/4221 3225/4214 3522/4213 
f 3526/4225 3231/4226 2883/4227 3232/4228 
f 3231/4226 3527/4229 3233/4230 2883/4227 
f 2883/4227 3233/4230 3525/4223 3228/4220 
f 3232/4228 2883/4227 3228/4220 3524/4219 
f 3528/4231 3234/4232 2884/4233 3235/4234 
f 3234/4232 3529/4235 3236/4236 2884/4233 
f 2884/4233 3236/4236 3527/4229 3231/4226 
f 3235/4234 2884/4233 3231/4226 3526/4225 
f 3530/4237 3237/4238 2885/4239 3238/4240 
f 3237/4238 3531/4241 3239/4242 2885/4239 
f 2885/4239 3239/4242 3529/4235 3234/4232 
f 3238/4240 2885/4239 3234/4232 3528/4231 
f 3532/4243 3240/4244 2886/4245 3241/4246 
f 3240/4244 3533/4247 3242/4248 2886/4245 
f 2886/4245 3242/4248 3531/4241 3237/4238 
f 3241/4246 2886/4245 3237/4238 3530/4237 
f 3534/4249 3243/4250 2887/4251 3244/4252 
f 3243/4250 3535/4253 3245/4254 2887/4251 
f 2887/4251 3245/4254 3533/4247 3240/4244 
f 3244/4252 2887/4251 3240/4244 3532/4243 
f 3503/4155 3197/4154 2872/4255 3246/4256 
f 3197/4154 3502/4153 3247/4257 2872/4255 
f 2872/4255 3247/4257 3535/4253 3243/4250 
f 3246/4256 2872/4255 3243/4250 3534/4249 
f 3323/3525 2891/3524 2679/4258 3248/4259 
f 2891/3524 3322/3523 3249/4260 2679/4258 
f 2679/4258 3249/4260 3464/4036 3141/4039 
f 3248/4259 2679/4258 3141/4039 3467/4044 
f 3322/3523 2894/3531 2678/4261 3249/4260 
f 2894/3531 3325/3530 3250/4262 2678/4261 
f 2678/4261 3250/4262 3468/4045 3145/4048 
f 3249/4260 2678/4261 3145/4048 3464/4036 
f 3325/3530 2897/3537 2683/4263 3250/4262 
f 2897/3537 3327/3536 3251/4264 2683/4263 
f 2683/4263 3251/4264 3470/4051 3148/4054 
f 3250/4262 2683/4263 3148/4054 3468/4045 
f 3327/3536 2900/3543 2686/4265 3251/4264 
f 2900/3543 3329/3542 3252/4266 2686/4265 
f 2686/4265 3252/4266 3472/4057 3151/4060 
f 3251/4264 2686/4265 3151/4060 3470/4051 
f 3329/3552 2903/3551 2689/4267 3252/4268 
f 2903/3551 3331/3550 3253/4269 2689/4267 
f 2689/4267 3253/4269 3474/4063 3154/4066 
f 3252/4268 2689/4267 3154/4066 3472/4071 
f 3331/3550 2906/3558 2692/4270 3253/4269 
f 2906/3558 3333/3557 3254/4271 2692/4270 
f 2692/4270 3254/4271 3476/4072 3157/4075 
f 3253/4269 2692/4270 3157/4075 3474/4063 
f 3333/3557 2909/3564 2695/4272 3254/4271 
f 2909/3564 3335/3563 3255/4273 2695/4272 
f 2695/4272 3255/4273 3478/4078 3160/4081 
f 3254/4271 2695/4272 3160/4081 3476/4072 
f 3335/3563 2912/3570 2698/4274 3255/4273 
f 2912/3570 3337/3569 3256/4275 2698/4274 
f 2698/4274 3256/4275 3480/4084 3163/4087 
f 3255/4273 2698/4274 3163/4087 3478/4078 
f 3337/3569 2915/3576 2701/4276 3256/4275 
f 2915/3576 3339/3575 3257/4277 2701/4276 
f 2701/4276 3257/4277 3482/4090 3166/4093 
f 3256/4275 2701/4276 3166/4093 3480/4084 
f 3339/3575 2918/3582 2704/4278 3257/4277 
f 2918/3582 3341/3581 3258/4279 2704/4278 
f 2704/4278 3258/4279 3484/4096 3169/4099 
f 3257/4277 2704/4278 3169/4099 3482/4090 
f 3341/3581 2921/3588 2707/4280 3258/4279 
f 2921/3588 3343/3587 3259/4281 2707/4280 
f 2707/4280 3259/4281 3486/4102 3172/4105 
f 3258/4279 2707/4280 3172/4105 3484/4096 
f 3343/3587 2924/3594 2710/4282 3259/4281 
f 2924/3594 3345/3593 3260/4283 2710/4282 
f 2710/4282 3260/4283 3488/4108 3175/4111 
f 3259/4281 2710/4282 3175/4111 3486/4102 
f 3345/3593 2927/3600 2713/4284 3260/4283 
f 2927/3600 3347/3599 3261/4285 2713/4284 
f 2713/4284 3261/4285 3490/4114 3178/4117 
f 3260/4283 2713/4284 3178/4117 3488/4108 
f 3347/3599 2930/3606 2716/4286 3261/4285 
f 2930/3606 3349/3605 3262/4287 2716/4286 
f 2716/4286 3262/4287 3492/4120 3181/4123 
f 3261/4285 2716/4286 3181/4123 3490/4114 
f 3349/3605 2933/3612 2719/4288 3262/4287 
f 2933/3612 3351/3611 3263/4289 2719/4288 
f 2719/4288 3263/4289 3494/4126 3184/4129 
f 3262/4287 2719/4288 3184/4129 3492/4120 
f 3351/3611 2936/3618 2722/4290 3263/4289 
f 2936/3618 3353/3617 3264/4291 2722/4290 
f 2722/4290 3264/4291 3496/4132 3187/4135 
f 3263/4289 2722/4290 3187/4135 3494/4126 
f 3353/3617 2939/3624 2725/4292 3264/4291 
f 2939/3624 3355/3623 3265/4293 2725/4292 
f 2725/4292 3265/4293 3498/4138 3190/4141 
f 3264/4291 2725/4292 3190/4141 3496/4132 
f 3355/3623 2941/3627 2680/4294 3265/4293 
f 2941/3627 3323/3525 3248/4259 2680/4294 
f 2680/4294 3248/4259 3467/4044 3192/4145 
f 3265/4293 2680/4294 3192/4145 3498/4138 
f 3428/3886 3069/3889 2816/4295 3266/4296 
f 3069/3889 3429/3891 3267/4297 2816/4295 
f 2816/4295 3267/4297 3466/4042 3142/4041 
f 3266/4296 2816/4295 3142/4041 3465/4040 
f 3429/3891 3103/3959 2818/4298 3267/4297 
f 3103/3959 3445/3954 3268/4299 2818/4298 
f 2818/4298 3268/4299 3499/4142 3193/4146 
f 3267/4297 2818/4298 3193/4146 3466/4042 
f 3445/3954 3102/3957 2833/4300 3268/4299 
f 3102/3957 3444/3950 3269/4301 2833/4300 
f 2833/4300 3269/4301 3497/4136 3191/4143 
f 3268/4299 2833/4300 3191/4143 3499/4142 
f 3444/3950 3100/3953 2832/4302 3269/4301 
f 3100/3953 3443/3946 3270/4303 2832/4302 
f 2832/4302 3270/4303 3495/4130 3188/4137 
f 3269/4301 2832/4302 3188/4137 3497/4136 
f 3443/3946 3098/3949 2831/4304 3270/4303 
f 3098/3949 3442/3942 3271/4305 2831/4304 
f 2831/4304 3271/4305 3493/4124 3185/4131 
f 3270/4303 2831/4304 3185/4131 3495/4130 
f 3442/3942 3096/3945 2830/4306 3271/4305 
f 3096/3945 3441/3938 3272/4307 2830/4306 
f 2830/4306 3272/4307 3491/4118 3182/4125 
f 3271/4305 2830/4306 3182/4125 3493/4124 
f 3441/3938 3094/3941 2829/4308 3272/4307 
f 3094/3941 3440/3934 3273/4309 2829/4308 
f 2829/4308 3273/4309 3489/4112 3179/4119 
f 3272/4307 2829/4308 3179/4119 3491/4118 
f 3440/3934 3092/3937 2828/4310 3273/4309 
f 3092/3937 3439/3930 3274/4311 2828/4310 
f 2828/4310 3274/4311 3487/4106 3176/4113 
f 3273/4309 2828/4310 3176/4113 3489/4112 
f 3439/3930 3090/3933 2827/4312 3274/4311 
f 3090/3933 3438/3926 3275/4313 2827/4312 
f 2827/4312 3275/4313 3485/4100 3173/4107 
f 3274/4311 2827/4312 3173/4107 3487/4106 
f 3438/3926 3088/3929 2826/4314 3275/4313 
f 3088/3929 3437/3922 3276/4315 2826/4314 
f 2826/4314 3276/4315 3483/4094 3170/4101 
f 3275/4313 2826/4314 3170/4101 3485/4100 
f 3437/3922 3086/3925 2825/4316 3276/4315 
f 3086/3925 3436/3918 3277/4317 2825/4316 
f 2825/4316 3277/4317 3481/4088 3167/4095 
f 3276/4315 2825/4316 3167/4095 3483/4094 
f 3436/3918 3084/3921 2824/4318 3277/4317 
f 3084/3921 3435/3914 3278/4319 2824/4318 
f 2824/4318 3278/4319 3479/4082 3164/4089 
f 3277/4317 2824/4318 3164/4089 3481/4088 
f 3435/3914 3082/3917 2823/4320 3278/4319 
f 3082/3917 3434/3910 3279/4321 2823/4320 
f 2823/4320 3279/4321 3477/4076 3161/4083 
f 3278/4319 2823/4320 3161/4083 3479/4082 
f 3434/3910 3080/3913 2822/4322 3279/4321 
f 3080/3913 3433/3904 3280/4323 2822/4322 
f 2822/4322 3280/4323 3475/4067 3158/4077 
f 3279/4321 2822/4322 3158/4077 3477/4076 
f 3433/3904 3078/3907 2821/4324 3280/4323 
f 3078/3907 3432/3909 3281/4325 2821/4324 
f 2821/4324 3281/4325 3473/4069 3155/4068 
f 3280/4323 2821/4324 3155/4068 3475/4067 
f 3432/3900 3076/3903 2820/4326 3281/4327 
f 3076/3903 3431/3896 3282/4328 2820/4326 
f 2820/4326 3282/4328 3471/4055 3152/4062 
f 3281/4327 2820/4326 3152/4062 3473/4061 
f 3431/3896 3074/3899 2819/4329 3282/4328 
f 3074/3899 3430/3892 3283/4330 2819/4329 
f 2819/4329 3283/4330 3469/4049 3149/4056 
f 3282/4328 2819/4329 3149/4056 3471/4055 
f 3430/3892 3072/3895 2817/4331 3283/4330 
f 3072/3895 3428/3886 3266/4296 2817/4331 
f 2817/4331 3266/4296 3465/4040 3146/4050 
f 3283/4330 2817/4331 3146/4050 3469/4049 
f 3393/3744 2998/3743 2781/4332 3284/4333 
f 2998/3743 3392/3742 3285/4334 2781/4332 
f 2781/4332 3285/4334 3500/4147 3195/4150 
f 3284/4333 2781/4332 3195/4150 3503/4155 
f 3392/3742 3000/3748 2780/4335 3285/4334 
f 3000/3748 3394/3747 3286/4336 2780/4335 
f 2780/4335 3286/4336 3504/4156 3199/4159 
f 3285/4334 2780/4335 3199/4159 3500/4147 
f 3394/3747 3002/3752 2783/4337 3286/4336 
f 3002/3752 3395/3751 3287/4338 2783/4337 
f 2783/4337 3287/4338 3506/4162 3202/4165 
f 3286/4336 2783/4337 3202/4165 3504/4156 
f 3395/3751 3004/3756 2784/4339 3287/4338 
f 3004/3756 3396/3755 3288/4340 2784/4339 
f 2784/4339 3288/4340 3508/4168 3205/4171 
f 3287/4338 2784/4339 3205/4171 3506/4162 
f 3396/3762 3006/3761 2785/4341 3288/4342 
f 3006/3761 3397/3760 3289/4343 2785/4341 
f 2785/4341 3289/4343 3510/4174 3208/4177 
f 3288/4342 2785/4341 3208/4177 3508/4182 
f 3397/3760 3008/3766 2786/4344 3289/4343 
f 3008/3766 3398/3765 3290/4345 2786/4344 
f 2786/4344 3290/4345 3512/4183 3211/4186 
f 3289/4343 2786/4344 3211/4186 3510/4174 
f 3398/3765 3010/3770 2787/4346 3290/4345 
f 3010/3770 3399/3769 3291/4347 2787/4346 
f 2787/4346 3291/4347 3514/4189 3214/4192 
f 3290/4345 2787/4346 3214/4192 3512/4183 
f 3399/3769 3012/3774 2788/4348 3291/4347 
f 3012/3774 3400/3773 3292/4349 2788/4348 
f 2788/4348 3292/4349 3516/4195 3217/4198 
f 3291/4347 2788/4348 3217/4198 3514/4189 
f 3400/3773 3014/3778 2789/4350 3292/4349 
f 3014/3778 3401/3777 3293/4351 2789/4350 
f 2789/4350 3293/4351 3518/4201 3220/4204 
f 3292/4349 2789/4350 3220/4204 3516/4195 
f 3401/3777 3016/3782 2790/4352 3293/4351 
f 3016/3782 3402/3781 3294/4353 2790/4352 
f 2790/4352 3294/4353 3520/4207 3223/4210 
f 3293/4351 2790/4352 3223/4210 3518/4201 
f 3402/3781 3018/3786 2791/4354 3294/4353 
f 3018/3786 3403/3785 3295/4355 2791/4354 
f 2791/4354 3295/4355 3522/4213 3226/4216 
f 3294/4353 2791/4354 3226/4216 3520/4207 
f 3403/3785 3020/3790 2792/4356 3295/4355 
f 3020/3790 3404/3789 3296/4357 2792/4356 
f 2792/4356 3296/4357 3524/4219 3229/4222 
f 3295/4355 2792/4356 3229/4222 3522/4213 
f 3404/3789 3022/3794 2793/4358 3296/4357 
f 3022/3794 3405/3793 3297/4359 2793/4358 
f 2793/4358 3297/4359 3526/4225 3232/4228 
f 3296/4357 2793/4358 3232/4228 3524/4219 
f 3405/3793 3024/3798 2794/4360 3297/4359 
f 3024/3798 3406/3797 3298/4361 2794/4360 
f 2794/4360 3298/4361 3528/4231 3235/4234 
f 3297/4359 2794/4360 3235/4234 3526/4225 
f 3406/3797 3026/3802 2795/4362 3298/4361 
f 3026/3802 3407/3801 3299/4363 2795/4362 
f 2795/4362 3299/4363 3530/4237 3238/4240 
f 3298/4361 2795/4362 3238/4240 3528/4231 
f 3407/3801 3028/3806 2796/4364 3299/4363 
f 3028/3806 3408/3805 3300/4365 2796/4364 
f 2796/4364 3300/4365 3532/4243 3241/4246 
f 3299/4363 2796/4364 3241/4246 3530/4237 
f 3408/3805 3030/3810 2797/4366 3300/4365 
f 3030/3810 3409/3809 3301/4367 2797/4366 
f 2797/4366 3301/4367 3534/4249 3244/4252 
f 3300/4365 2797/4366 3244/4252 3532/4243 
f 3409/3809 3031/3812 2782/4368 3301/4367 
f 3031/3812 3393/3744 3284/4333 2782/4368 
f 2782/4368 3284/4333 3503/4155 3246/4256 
f 3301/4367 2782/4368 3246/4256 3534/4249 
f 3446/3960 3105/3963 2834/4369 3302/4370 
f 3105/3963 3447/3965 3303/4371 2834/4369 
f 2834/4369 3303/4371 3502/4153 3196/4152 
f 3302/4370 2834/4369 3196/4152 3501/4151 
f 3447/3965 3139/4035 2836/4372 3303/4371 
f 3139/4035 3463/4030 3304/4373 2836/4372 
f 2836/4372 3304/4373 3535/4253 3247/4257 
f 3303/4371 2836/4372 3247/4257 3502/4153 
f 3463/4030 3138/4033 2851/4374 3304/4373 
f 3138/4033 3462/4026 3305/4375 2851/4374 
f 2851/4374 3305/4375 3533/4247 3245/4254 
f 3304/4373 2851/4374 3245/4254 3535/4253 
f 3462/4026 3136/4029 2850/4376 3305/4375 
f 3136/4029 3461/4022 3306/4377 2850/4376 
f 2850/4376 3306/4377 3531/4241 3242/4248 
f 3305/4375 2850/4376 3242/4248 3533/4247 
f 3461/4022 3134/4025 2849/4378 3306/4377 
f 3134/4025 3460/4018 3307/4379 2849/4378 
f 2849/4378 3307/4379 3529/4235 3239/4242 
f 3306/4377 2849/4378 3239/4242 3531/4241 
f 3460/4018 3132/4021 2848/4380 3307/4379 
f 3132/4021 3459/4014 3308/4381 2848/4380 
f 2848/4380 3308/4381 3527/4229 3236/4236 
f 3307/4379 2848/4380 3236/4236 3529/4235 
f 3459/4014 3130/4017 2847/4382 3308/4381 
f 3130/4017 3458/4010 3309/4383 2847/4382 
f 2847/4382 3309/4383 3525/4223 3233/4230 
f 3308/4381 2847/4382 3233/4230 3527/4229 
f 3458/4010 3128/4013 2846/4384 3309/4383 
f 3128/4013 3457/4006 3310/4385 2846/4384 
f 2846/4384 3310/4385 3523/4217 3230/4224 
f 3309/4383 2846/4384 3230/4224 3525/4223 
f 3457/4006 3126/4009 2845/4386 3310/4385 
f 3126/4009 3456/4002 3311/4387 2845/4386 
f 2845/4386 3311/4387 3521/4211 3227/4218 
f 3310/4385 2845/4386 3227/4218 3523/4217 
f 3456/4002 3124/4005 2844/4388 3311/4387 
f 3124/4005 3455/3998 3312/4389 2844/4388 
f 2844/4388 3312/4389 3519/4205 3224/4212 
f 3311/4387 2844/4388 3224/4212 3521/4211 
f 3455/3998 3122/4001 2843/4390 3312/4389 
f 3122/4001 3454/3994 3313/4391 2843/4390 
f 2843/4390 3313/4391 3517/4199 3221/4206 
f 3312/4389 2843/4390 3221/4206 3519/4205 
f 3454/3994 3120/3997 2842/4392 3313/4391 
f 3120/3997 3453/3990 3314/4393 2842/4392 
f 2842/4392 3314/4393 3515/4193 3218/4200 
f 3313/4391 2842/4392 3218/4200 3517/4199 
f 3453/3990 3118/3993 2841/4394 3314/4393 
f 3118/3993 3452/3986 3315/4395 2841/4394 
f 2841/4394 3315/4395 3513/4187 3215/4194 
f 3314/4393 2841/4394 3215/4194 3515/4193 
f 3452/3986 3116/3989 2840/4396 3315/4395 
f 3116/3989 3451/3978 3316/4397 2840/4396 
f 2840/4396 3316/4397 3511/4178 3212/4188 
f 3315/4395 2840/4396 3212/4188 3513/4187 
f 3451/3978 3114/3981 2839/4398 3316/4397 
f 3114/3981 3450/3985 3317/4399 2839/4398 
f 2839/4398 3317/4399 3509/4180 3209/4179 
f 3316/4397 2839/4398 3209/4179 3511/4178 
f 3450/3974 3112/3977 2838/4400 3317/4401 
f 3112/3977 3449/3970 3318/4402 2838/4400 
f 2838/4400 3318/4402 3507/4166 3206/4173 
f 3317/4401 2838/4400 3206/4173 3509/4172 
f 3449/3970 3110/3973 2837/4403 3318/4402 
f 3110/3973 3448/3966 3319/4404 2837/4403 
f 2837/4403 3319/4404 3505/4160 3203/4167 
f 3318/4402 2837/4403 3203/4167 3507/4166 
f 3448/3966 3108/3969 2835/4405 3319/4404 
f 3108/3969 3446/3960 3302/4370 2835/4405 
f 2835/4405 3302/4370 3501/4151 3200/4161 
f 3319/4404 2835/4405 3200/4161 3505/4160 
# 864 polygons

#
# object Box056
#

v  1.152210 4.139309 12.907252
v  4.339264 4.139309 12.907252
v  1.152210 4.139309 3.738123
v  4.339264 4.139309 3.738123
v  1.152210 4.449756 12.907252
v  4.339264 4.449756 12.907252
v  1.152210 4.449756 3.738123
v  4.339264 4.449756 3.738123
v  1.152210 4.139309 12.540006
v  1.152210 4.139309 4.105371
v  4.339264 4.139309 4.105371
v  4.339264 4.139309 12.540006
v  4.339264 4.449756 12.540006
v  4.339264 4.449756 4.105371
v  1.152210 4.449756 4.105371
v  1.152210 4.449756 12.540006
v  1.152210 0.914609 3.738124
v  4.339264 0.914610 3.738124
v  4.339264 0.914610 4.105371
v  1.152210 0.914609 4.105371
v  1.152210 0.914610 12.907252
v  1.152210 0.914610 12.540006
v  4.339264 0.914610 12.540006
v  4.339264 0.914610 12.907252
v  1.152210 4.552892 12.907252
v  4.339264 4.552892 12.907252
v  4.339264 4.552892 12.540006
v  4.339264 4.552892 4.105371
v  4.339264 4.552892 3.738123
v  1.152210 4.552892 3.738123
v  1.152210 4.552892 4.105371
v  1.152210 4.552892 12.540006
v  0.999458 4.449756 13.035848
v  4.492016 4.449756 13.035848
v  4.492016 4.449756 12.540006
v  4.492016 4.449756 4.105371
v  4.492016 4.449756 3.609528
v  0.999458 4.449756 3.609528
v  0.999458 4.449756 4.105371
v  0.999458 4.449756 12.540006
v  4.492016 4.552892 13.035848
v  0.999458 4.552892 13.035848
v  0.999458 4.552892 12.540006
v  0.999458 4.552892 4.105371
v  0.999458 4.552892 3.609528
v  4.492016 4.552892 3.609528
v  4.492016 4.552892 4.105371
v  4.492016 4.552892 12.540006
# 48 vertices

vt 1.000000 0.000000 0.000000
vt 0.000000 0.000000 0.000000
vt 1.000000 1.000000 0.000000
vt 0.000000 1.000000 0.000000
vt 0.000000 0.000000 0.000000
vt 1.000000 0.000000 0.000000
vt 0.000000 1.000000 0.000000
vt 1.000000 1.000000 0.000000
vt 0.000000 0.000000 0.000000
vt 1.000000 0.000000 0.000000
vt 0.000000 1.000000 0.000000
vt 1.000000 1.000000 0.000000
vt 0.000000 0.000000 0.000000
vt 1.000000 0.000000 0.000000
vt 0.000000 1.000000 0.000000
vt 1.000000 1.000000 0.000000
vt 0.000000 0.000000 0.000000
vt 1.000000 0.000000 0.000000
vt 0.000000 1.000000 0.000000
vt 1.000000 1.000000 0.000000
vt 0.000000 0.000000 0.000000
vt 1.000000 0.000000 0.000000
vt 0.000000 1.000000 0.000000
vt 1.000000 1.000000 0.000000
vt 1.000000 0.052758 0.000000
vt 1.000000 0.947242 0.000000
vt 0.947242 0.000000 0.000000
vt 0.052758 0.000000 0.000000
vt 0.000000 0.947242 0.000000
vt 0.000000 0.052758 0.000000
vt 0.947242 0.000000 0.000000
vt 0.052758 0.000000 0.000000
vt 1.000000 0.052758 0.000000
vt 1.000000 0.947242 0.000000
vt 0.052758 1.000000 0.000000
vt 0.947242 1.000000 0.000000
vt 0.000000 0.947242 0.000000
vt 0.000000 0.052758 0.000000
vt 0.052758 1.000000 0.000000
vt 0.947242 1.000000 0.000000
vt 1.000000 1.000000 0.000000
vt 0.000000 1.000000 0.000000
vt 0.000000 0.947242 0.000000
vt 1.000000 0.947242 0.000000
vt 1.000000 0.000000 0.000000
vt 1.000000 0.052758 0.000000
vt 0.000000 0.052758 0.000000
vt 0.000000 0.000000 0.000000
vt 0.000000 0.000000 0.000000
vt 1.000000 0.000000 0.000000
vt 1.000000 0.052758 0.000000
vt 1.000000 0.947242 0.000000
vt 1.000000 1.000000 0.000000
vt 0.000000 1.000000 0.000000
vt 0.000000 0.947242 0.000000
vt 0.000000 0.052758 0.000000
vt 0.000000 0.000000 0.000000
vt 1.000000 0.000000 0.000000
vt 1.000000 0.052758 0.000000
vt 1.000000 0.947242 0.000000
vt 1.000000 1.000000 0.000000
vt 0.000000 1.000000 0.000000
vt 0.000000 0.947242 0.000000
vt 0.000000 0.052758 0.000000
vt 1.000000 0.000000 0.000000
vt 0.000000 0.000000 0.000000
vt 0.000000 0.052758 0.000000
vt 0.000000 0.947242 0.000000
vt 0.000000 1.000000 0.000000
vt 1.000000 1.000000 0.000000
vt 1.000000 0.947242 0.000000
vt 1.000000 0.052758 0.000000
# 72 texture coords

o Box056
g Box056
f 3544/4430 3545/4431 3546/4434 3547/4435 
f 3562/4456 3563/4457 3566/4460 3567/4461 
f 3536/4414 3537/4415 3541/4417 3540/4416 
f 3547/4437 3546/4436 3549/4441 3548/4440 
f 3539/4422 3538/4423 3542/4425 3543/4424 
f 3545/4433 3544/4432 3551/4445 3550/4444 
f 3555/4449 3552/4446 3553/4447 3554/4448 
f 3558/4452 3559/4453 3556/4450 3557/4451 
f 3563/4457 3564/4458 3565/4459 3566/4460 
f 3567/4461 3560/4454 3561/4455 3562/4456 
f 3546/4436 3539/4419 3543/4421 3549/4441 
f 3548/4440 3541/4420 3537/4418 3547/4437 
f 3544/4432 3536/4427 3540/4429 3551/4445 
f 3550/4444 3542/4428 3538/4426 3545/4433 
f 3538/4408 3539/4409 3553/4447 3552/4446 
f 3539/4409 3546/4434 3554/4448 3553/4447 
f 3546/4434 3545/4431 3555/4449 3554/4448 
f 3545/4431 3538/4408 3552/4446 3555/4449 
f 3536/4406 3544/4430 3557/4451 3556/4450 
f 3544/4430 3547/4435 3558/4452 3557/4451 
f 3547/4435 3537/4407 3559/4453 3558/4452 
f 3537/4407 3536/4406 3556/4450 3559/4453 
f 3568/4462 3569/4463 3576/4470 3577/4471 
f 3569/4463 3570/4464 3583/4477 3576/4470 
f 3570/4464 3571/4465 3582/4476 3583/4477 
f 3571/4465 3572/4466 3581/4475 3582/4476 
f 3572/4466 3573/4467 3580/4474 3581/4475 
f 3573/4467 3574/4468 3579/4473 3580/4474 
f 3574/4468 3575/4469 3578/4472 3579/4473 
f 3575/4469 3568/4462 3577/4471 3578/4472 
f 3540/4410 3541/4411 3569/4463 3568/4462 
f 3541/4411 3548/4438 3570/4464 3569/4463 
f 3548/4438 3549/4439 3571/4465 3570/4464 
f 3549/4439 3543/4413 3572/4466 3571/4465 
f 3543/4413 3542/4412 3573/4467 3572/4466 
f 3542/4412 3550/4442 3574/4468 3573/4467 
f 3550/4442 3551/4443 3575/4469 3574/4468 
f 3551/4443 3540/4410 3568/4462 3575/4469 
f 3561/4455 3560/4454 3577/4471 3576/4470 
f 3560/4454 3567/4461 3578/4472 3577/4471 
f 3567/4461 3566/4460 3579/4473 3578/4472 
f 3566/4460 3565/4459 3580/4474 3579/4473 
f 3565/4459 3564/4458 3581/4475 3580/4474 
f 3564/4458 3563/4457 3582/4476 3581/4475 
f 3563/4457 3562/4456 3583/4477 3582/4476 
f 3562/4456 3561/4455 3576/4470 3583/4477 
# 46 polygons

#
# object Box057
#

v  1.018640 0.668213 3.576037
v  16.855005 0.668213 3.576037
v  1.018640 0.668213 1.277349
v  16.855005 0.668213 1.277349
v  1.018640 8.539473 3.576037
v  16.855005 8.539473 3.576037
v  1.018640 8.539473 1.277349
v  16.855005 8.539473 1.277349
# 8 vertices

vt 1.000000 0.000000 0.000000
vt 0.000000 0.000000 0.000000
vt 1.000000 1.000000 0.000000
vt 0.000000 1.000000 0.000000
vt 0.000000 0.000000 0.000000
vt 1.000000 0.000000 0.000000
vt 0.000000 1.000000 0.000000
vt 1.000000 1.000000 0.000000
vt 0.000000 0.000000 0.000000
vt 1.000000 0.000000 0.000000
vt 0.000000 1.000000 0.000000
vt 1.000000 1.000000 0.000000
vt 0.000000 0.000000 0.000000
vt 1.000000 0.000000 0.000000
vt 0.000000 1.000000 0.000000
vt 1.000000 1.000000 0.000000
vt 0.000000 0.000000 0.000000
vt 1.000000 0.000000 0.000000
vt 0.000000 1.000000 0.000000
vt 1.000000 1.000000 0.000000
vt 0.000000 0.000000 0.000000
vt 1.000000 0.000000 0.000000
vt 0.000000 1.000000 0.000000
vt 1.000000 1.000000 0.000000
# 24 texture coords

o Box057
g Box057
f 3584/4478 3586/4480 3587/4481 3585/4479 
f 3588/4482 3589/4483 3591/4485 3590/4484 
f 3584/4486 3585/4487 3589/4489 3588/4488 
f 3585/4490 3587/4491 3591/4493 3589/4492 
f 3587/4494 3586/4495 3590/4497 3591/4496 
f 3586/4498 3584/4499 3588/4501 3590/4500 
# 6 polygons

#
# object ChairOffice
#

v  5.540963 1.110657 8.360175
v  5.540963 1.879985 8.360175
v  5.475235 1.110657 8.342561
v  5.475235 1.879985 8.342561
v  5.427117 1.110657 8.294442
v  5.427117 1.879985 8.294442
v  5.409503 1.110657 8.228715
v  5.409503 1.879985 8.228715
v  5.427117 1.110657 8.162982
v  5.427117 1.879985 8.162982
v  5.475235 1.110657 8.114864
v  5.475235 1.879985 8.114864
v  5.540963 1.110657 8.097255
v  5.540963 1.879985 8.097255
v  5.606691 1.110657 8.114864
v  5.606695 1.879985 8.114864
v  5.654809 1.110657 8.162982
v  5.654809 1.879985 8.162982
v  5.672423 1.110657 8.228715
v  5.672423 1.879985 8.228715
v  5.654809 1.110657 8.294442
v  5.654809 1.879985 8.294442
v  5.606696 1.110657 8.342561
v  5.606695 1.879985 8.342561
v  5.504756 1.879985 8.291423
v  5.540963 1.879985 8.301124
v  5.478254 1.879985 8.264916
v  5.468554 1.879985 8.228715
v  5.478254 1.879985 8.192508
v  5.504756 1.879985 8.166001
v  5.540963 1.879985 8.156301
v  5.577169 1.879985 8.166001
v  5.603672 1.879985 8.192508
v  5.613372 1.879985 8.228715
v  5.603672 1.879985 8.264916
v  5.577169 1.879985 8.291423
v  5.504756 2.551196 8.291423
v  5.540963 2.551196 8.301124
v  5.478254 2.551196 8.264916
v  5.468554 2.551196 8.228715
v  5.478254 2.551196 8.192508
v  5.504756 2.551196 8.166001
v  5.540963 2.551196 8.156301
v  5.577169 2.551196 8.166001
v  5.603672 2.551196 8.192508
v  5.613371 2.551196 8.228715
v  5.603672 2.551196 8.264916
v  5.577169 2.551196 8.291423
v  5.522801 0.832730 9.290961
v  5.522801 0.938879 9.290961
v  5.524166 0.832730 9.276484
v  5.524166 0.938879 9.276484
v  5.535374 0.832730 9.267214
v  5.535374 0.938879 9.267214
v  5.549855 0.832730 9.268579
v  5.549855 0.938879 9.268579
v  5.559125 0.832730 9.279787
v  5.559125 0.938879 9.279787
v  5.557760 0.832730 9.294269
v  5.557760 0.938879 9.294269
v  5.546553 0.832730 9.303538
v  5.546553 0.938879 9.303538
v  5.532071 0.832730 9.302169
v  5.532071 0.938879 9.302169
v  5.371940 0.767976 9.278879
v  5.404820 0.767976 9.385756
v  5.388827 0.822350 9.273683
v  5.421707 0.822350 9.380564
v  5.433038 0.855958 9.260084
v  5.465918 0.855958 9.366961
v  5.487681 0.855958 9.243273
v  5.520561 0.855958 9.350149
v  5.531891 0.822350 9.229670
v  5.564772 0.822350 9.336547
v  5.548778 0.767976 9.224473
v  5.581658 0.767976 9.331354
v  5.531891 0.713602 9.229670
v  5.564772 0.713602 9.336547
v  5.487681 0.679994 9.243273
v  5.520561 0.679994 9.350149
v  5.433038 0.679994 9.260084
v  5.465918 0.679994 9.366961
v  5.388827 0.713602 9.273683
v  5.421707 0.713602 9.380564
v  5.427434 0.829621 9.372716
v  5.397974 0.829621 9.276952
v  5.437588 0.859733 9.264767
v  5.467047 0.859733 9.360530
v  5.486551 0.859733 9.249699
v  5.516011 0.859733 9.345468
v  5.526160 0.829621 9.237514
v  5.555624 0.829621 9.333277
v  5.410183 0.831502 9.396340
v  5.370423 0.831502 9.267110
v  5.423881 0.872136 9.250663
v  5.463641 0.872136 9.379897
v  5.489958 0.872136 9.230336
v  5.529718 0.872136 9.359567
v  5.543411 0.831502 9.213889
v  5.583170 0.831502 9.343123
v  5.566893 2.434435 8.953430
v  5.566893 2.473632 8.960342
v  5.612932 2.412138 9.142331
v  5.612932 2.429974 9.145473
v  5.515033 2.434435 8.953430
v  5.515033 2.473632 8.960342
v  5.468994 2.412138 9.142331
v  5.468994 2.429974 9.145473
v  5.604607 2.421172 9.028622
v  5.604607 2.460374 9.035534
v  5.477319 2.421172 9.028622
v  5.477319 2.460374 9.035534
v  5.540963 2.547539 8.325329
v  5.540963 2.429734 8.993436
v  5.531088 2.550700 8.325887
v  5.531088 2.432894 8.993994
v  5.524983 2.558978 8.327347
v  5.524983 2.441172 8.995448
v  5.524983 2.569202 8.329146
v  5.524983 2.451397 8.997253
v  5.531088 2.577480 8.330606
v  5.531088 2.459675 8.998713
v  5.540963 2.580637 8.331164
v  5.540963 2.462831 8.999271
v  5.550842 2.577480 8.330606
v  5.550843 2.459675 8.998713
v  5.556947 2.569202 8.329146
v  5.556942 2.451397 8.997253
v  5.556947 2.558978 8.327347
v  5.556942 2.441172 8.995448
v  5.550843 2.550700 8.325887
v  5.550838 2.432894 8.993994
v  6.784489 2.723677 8.126062
v  6.921765 4.061247 8.126062
v  6.784489 2.723677 8.331363
v  6.921765 4.061247 8.331363
v  6.719531 2.730344 8.126062
v  6.856807 4.067914 8.126062
v  6.719531 2.730344 8.331363
v  6.856807 4.067914 8.331363
v  6.738511 2.745724 8.394775
v  6.738511 2.745724 8.062650
v  6.687808 2.732135 8.394775
v  6.687808 2.732135 8.062650
v  6.650685 2.695016 8.394775
v  6.650685 2.695016 8.062650
v  6.637101 2.644314 8.394775
v  6.637101 2.644314 8.062650
v  6.650685 2.593606 8.394775
v  6.650685 2.593606 8.062650
v  6.687808 2.556488 8.394775
v  6.687808 2.556488 8.062650
v  6.738511 2.542899 8.394775
v  6.738511 2.542899 8.062650
v  6.789218 2.556488 8.394775
v  6.789218 2.556488 8.062650
v  6.826337 2.593606 8.394775
v  6.826337 2.593606 8.062650
v  6.839921 2.644314 8.394775
v  6.839921 2.644314 8.062650
v  6.826337 2.695016 8.394775
v  6.826337 2.695016 8.062650
v  6.789218 2.732135 8.394775
v  6.789218 2.732135 8.062650
v  6.388596 2.609010 7.258684
v  6.510989 2.609010 7.381077
v  6.510989 2.658304 7.381077
v  6.388596 2.658304 7.258684
v  6.510989 2.609010 9.076347
v  6.388596 2.609010 9.198741
v  6.388596 2.658304 9.198741
v  6.510989 2.658304 9.076347
v  4.570937 2.609009 7.381077
v  4.693330 2.609009 7.258684
v  4.693330 2.658304 7.258684
v  4.570937 2.658304 7.381077
v  4.693330 2.609009 9.198741
v  4.570937 2.609009 9.076348
v  4.570937 2.658304 9.076348
v  4.693330 2.658304 9.198741
v  6.417923 2.673811 7.225123
v  6.544550 2.673811 7.351749
v  6.544550 2.673811 9.105675
v  6.417923 2.673811 9.232302
v  4.664002 2.673811 9.232302
v  4.537376 2.673811 9.105675
v  4.537375 2.673811 7.351749
v  4.664002 2.673811 7.225123
v  6.417923 2.810941 7.225123
v  6.544550 2.810941 7.351749
v  6.544550 2.810941 9.105675
v  6.417923 2.810941 9.232302
v  4.664002 2.810941 9.232302
v  4.537376 2.810946 9.105675
v  4.537375 2.810946 7.351749
v  4.664002 2.810941 7.225123
v  6.302858 2.866737 7.356805
v  6.412872 2.866737 7.466819
v  6.412872 2.866737 8.990610
v  6.302858 2.866737 9.100619
v  4.779067 2.866737 9.100619
v  4.669053 2.866737 8.990610
v  4.669058 2.866737 7.466819
v  4.779067 2.866737 7.356805
v  5.467198 1.039581 9.326606
v  5.467198 0.904652 9.326606
v  5.467198 1.266011 8.309656
v  5.467198 1.131087 8.309656
v  5.614728 1.039581 9.326606
v  5.614728 0.904652 9.326606
v  5.614728 1.266011 8.309656
v  5.614728 1.131087 8.309656
v  5.565551 1.287259 8.309656
v  5.516375 1.287259 8.309656
v  5.516375 1.131087 8.309656
v  5.565551 1.131087 8.309656
v  5.516375 1.060828 9.326606
v  5.565551 1.060828 9.326606
v  5.565551 0.904652 9.326606
v  5.516375 0.904652 9.326606
v  5.488583 1.013707 9.355243
v  5.488583 0.890799 9.363706
v  5.593338 0.890799 9.363706
v  5.593338 1.013707 9.355243
v  5.558422 1.028794 9.355243
v  5.523505 0.890799 9.363706
v  5.523505 1.028794 9.355243
v  5.558422 0.890799 9.363706
v  7.030583 5.948022 7.647357
v  7.043080 6.069773 7.751417
v  6.994040 6.074805 7.751417
v  6.981544 5.953054 7.647357
v  7.043080 6.069773 8.706007
v  7.030583 5.948022 8.810068
v  6.981544 5.953054 8.810068
v  6.994040 6.074805 8.706007
v  6.732562 3.044180 7.381077
v  6.745055 3.165931 7.258684
v  6.696015 3.170967 7.258684
v  6.683522 3.049212 7.381077
v  6.745055 3.165931 9.198741
v  6.732562 3.044180 9.076347
v  6.683522 3.049212 9.076347
v  6.696015 3.170967 9.198741
v  6.969112 5.983813 7.627243
v  6.982039 6.109774 7.734904
v  6.982039 6.109774 8.722521
v  6.969112 5.983813 8.830182
v  6.677598 3.143374 9.232302
v  6.664670 3.017409 9.105675
v  6.664670 3.017409 7.351749
v  6.677598 3.143374 7.225123
v  6.832695 5.997813 7.627243
v  6.845623 6.123778 7.734904
v  6.845623 6.123778 8.722521
v  6.832696 5.997813 8.830182
v  6.541181 3.157378 9.232302
v  6.528254 3.031413 9.105675
v  6.528254 3.031413 7.351749
v  6.541181 3.157378 7.225123
v  6.765447 5.889041 7.706162
v  6.776678 5.998479 7.799696
v  6.776678 5.998479 8.657728
v  6.765447 5.889041 8.751263
v  6.497424 3.277537 9.100619
v  6.486193 3.168099 8.990610
v  6.486193 3.168099 7.466819
v  6.497424 3.277537 7.356805
v  6.944921 5.113378 9.094978
v  6.859264 4.278733 9.198741
v  6.810225 4.283765 9.198741
v  6.895882 5.118410 9.094978
v  6.793801 4.275624 9.232302
v  6.881456 5.129716 9.124948
v  6.657384 4.289624 9.232302
v  6.745040 5.143716 9.124948
v  6.605798 4.333476 9.100619
v  6.685620 5.111260 9.007355
v  6.859727 4.283278 7.258684
v  6.945389 5.117923 7.362447
v  6.810692 4.288311 7.258684
v  6.896349 5.122955 7.362447
v  6.794278 4.280273 7.225123
v  6.881934 5.134366 7.332477
v  6.657862 4.294273 7.225123
v  6.745517 5.148370 7.332477
v  6.606233 4.337709 7.356805
v  6.686055 5.115494 7.450074
v  7.054604 6.182059 8.069614
v  7.054604 6.182059 8.387811
v  7.005565 6.187091 8.069614
v  7.005565 6.187091 8.387811
v  6.993564 6.222060 8.064110
v  6.993564 6.222060 8.393315
v  6.857147 6.236060 8.064110
v  6.857147 6.236060 8.393315
v  6.788201 6.110766 8.085707
v  6.788201 6.110766 8.371717
v  7.072166 5.897645 7.868556
v  7.061356 5.792324 7.790034
v  7.061356 5.792324 8.667391
v  7.072166 5.897645 8.588868
v  6.803553 3.280377 8.868321
v  6.814363 3.385699 8.960678
v  6.814363 3.385699 7.496751
v  6.803553 3.280377 7.589104
v  7.082136 5.994775 8.348764
v  6.913161 4.348317 8.960678
v  6.987662 5.074251 7.575047
v  6.987256 5.070320 8.882378
v  6.913562 4.352247 7.496751
v  7.082136 5.994775 8.108661
v  5.341323 2.561737 8.091192
v  6.704217 2.561737 8.091192
v  5.341323 2.561737 8.366232
v  6.704217 2.561737 8.366232
v  5.341322 2.627035 8.091192
v  6.704217 2.627035 8.091192
v  5.341323 2.627035 8.366232
v  6.704217 2.627035 8.366232
v  5.718150 2.561737 8.091192
v  5.718150 2.561737 8.366232
v  5.718150 2.627035 8.366232
v  5.718150 2.627035 8.091192
v  5.341323 2.502407 8.366232
v  5.341323 2.502407 8.091192
v  5.718150 2.502407 8.366232
v  5.718150 2.502407 8.091192
v  7.106432 3.947222 8.228715
v  6.966745 3.961557 8.228715
v  7.105203 3.935263 8.273582
v  6.965517 3.949598 8.273582
v  7.101853 3.902586 8.306430
v  6.962162 3.916921 8.306430
v  7.097270 3.857950 8.318454
v  6.957579 3.872285 8.318454
v  7.092687 3.813314 8.306430
v  6.953001 3.827649 8.306430
v  7.089337 3.780641 8.273582
v  6.949646 3.794977 8.273582
v  7.088109 3.768678 8.228715
v  6.948418 3.783018 8.228715
v  7.089337 3.780641 8.183843
v  6.949646 3.794977 8.183843
v  7.092687 3.813314 8.150995
v  6.953001 3.827649 8.150995
v  7.097270 3.857950 8.138975
v  6.957579 3.872285 8.138975
v  7.101853 3.902586 8.150995
v  6.962162 3.916921 8.150995
v  7.105203 3.935263 8.183843
v  6.965517 3.949598 8.183843
v  6.961511 3.910566 8.250931
v  6.962120 3.916486 8.228715
v  6.959852 3.894388 8.267194
v  6.957579 3.872285 8.273148
v  6.955311 3.850187 8.267194
v  6.953653 3.834009 8.250931
v  6.953043 3.828084 8.228715
v  6.953653 3.834009 8.206498
v  6.955311 3.850187 8.190230
v  6.957579 3.872285 8.184282
v  6.959852 3.894388 8.190230
v  6.961511 3.910566 8.206498
v  6.884769 3.918442 8.250931
v  6.885374 3.924363 8.228715
v  6.883106 3.902265 8.267194
v  6.880838 3.880162 8.273148
v  6.878570 3.858063 8.267194
v  6.876912 3.841885 8.250931
v  6.876302 3.835960 8.228715
v  6.876912 3.841885 8.206498
v  6.878570 3.858063 8.190230
v  6.880838 3.880162 8.184282
v  6.883106 3.902265 8.190230
v  6.884769 3.918442 8.206498
v  7.136794 3.917016 8.228715
v  7.135934 3.908648 8.260112
v  7.133590 3.885784 8.283093
v  7.130382 3.854553 8.291504
v  7.127179 3.823321 8.283093
v  7.124830 3.800458 8.260112
v  7.123971 3.792085 8.228715
v  7.124830 3.800458 8.197318
v  7.127179 3.823321 8.174332
v  7.130382 3.854553 8.165921
v  7.133590 3.885784 8.174332
v  7.135934 3.908648 8.197318
v  4.443072 1.039581 8.154950
v  4.443072 0.904652 8.154950
v  5.460017 1.266011 8.154950
v  5.460017 1.131087 8.154950
v  4.443072 1.039581 8.302480
v  4.443072 0.904652 8.302480
v  5.460017 1.266011 8.302480
v  5.460017 1.131087 8.302480
v  5.460017 1.287259 8.253303
v  5.460017 1.287259 8.204126
v  5.460017 1.131087 8.204126
v  5.460017 1.131087 8.253303
v  4.443072 1.060828 8.204126
v  4.443072 1.060828 8.253303
v  4.443072 0.904652 8.253303
v  4.443072 0.904652 8.204126
v  4.414430 1.013707 8.176334
v  4.405972 0.890799 8.176334
v  4.405972 0.890799 8.281090
v  4.414430 1.013707 8.281090
v  4.414430 1.028794 8.246173
v  4.405972 0.890799 8.211251
v  4.414430 1.028794 8.211251
v  4.405972 0.890799 8.246173
v  5.614728 1.039581 7.130824
v  5.614728 0.904652 7.130824
v  5.614728 1.266011 8.147768
v  5.614728 1.131087 8.147768
v  5.467198 1.039581 7.130824
v  5.467198 0.904652 7.130824
v  5.467198 1.266011 8.147768
v  5.467198 1.131087 8.147768
v  5.516375 1.287259 8.147768
v  5.565551 1.287259 8.147768
v  5.565551 1.131087 8.147768
v  5.516375 1.131087 8.147768
v  5.565551 1.060828 7.130824
v  5.516375 1.060828 7.130824
v  5.516375 0.904652 7.130824
v  5.565551 0.904652 7.130824
v  5.593338 1.013707 7.102181
v  5.593338 0.890799 7.093724
v  5.488583 0.890799 7.093724
v  5.488583 1.013707 7.102181
v  5.523505 1.028794 7.102181
v  5.558422 0.890799 7.093724
v  5.558422 1.028794 7.102181
v  5.523505 0.890799 7.093724
v  6.638854 1.039576 8.302480
v  6.638854 0.904653 8.302480
v  5.621910 1.266011 8.302480
v  5.621910 1.131087 8.302480
v  6.638854 1.039576 8.154950
v  6.638854 0.904653 8.154950
v  5.621910 1.266011 8.154950
v  5.621910 1.131087 8.154950
v  5.621910 1.287259 8.204126
v  5.621910 1.287259 8.253303
v  5.621910 1.131087 8.253303
v  5.621910 1.131087 8.204126
v  6.638854 1.060829 8.253303
v  6.638854 1.060829 8.204126
v  6.638854 0.904653 8.204126
v  6.638854 0.904653 8.253303
v  6.667496 1.013708 8.281090
v  6.675954 0.890799 8.281090
v  6.675954 0.890799 8.176334
v  6.667496 1.013708 8.176334
v  6.667496 1.028794 8.211251
v  6.675954 0.890799 8.246173
v  6.667496 1.028794 8.246173
v  6.675954 0.890799 8.211251
v  6.741029 2.733926 8.603086
v  6.741029 2.733926 8.462662
v  6.696157 2.721906 8.603086
v  6.696157 2.721906 8.462662
v  6.663310 2.689058 8.603086
v  6.663310 2.689058 8.462662
v  6.651289 2.644186 8.603086
v  6.651289 2.644186 8.462662
v  6.663310 2.599319 8.603086
v  6.663310 2.599319 8.462662
v  6.696157 2.566472 8.603086
v  6.696157 2.566472 8.462662
v  6.741029 2.554447 8.603086
v  6.741029 2.554447 8.462662
v  6.785896 2.566472 8.603086
v  6.785896 2.566472 8.462662
v  6.818744 2.599319 8.603086
v  6.818744 2.599319 8.462662
v  6.830769 2.644186 8.603086
v  6.830769 2.644186 8.462662
v  6.818744 2.689058 8.603086
v  6.818744 2.689058 8.462662
v  6.785896 2.721906 8.603086
v  6.785896 2.721906 8.462662
v  6.718813 2.682666 8.462662
v  6.741029 2.688619 8.462662
v  6.702550 2.666403 8.462662
v  6.696596 2.644186 8.462662
v  6.702550 2.621970 8.462662
v  6.718813 2.605707 8.462662
v  6.741029 2.599754 8.462662
v  6.763246 2.605707 8.462662
v  6.779509 2.621970 8.462662
v  6.785462 2.644186 8.462662
v  6.779509 2.666403 8.462662
v  6.763246 2.682666 8.462662
v  6.718813 2.682666 8.385519
v  6.741029 2.688619 8.385519
v  6.702550 2.666403 8.385519
v  6.696596 2.644186 8.385519
v  6.702550 2.621970 8.385519
v  6.718813 2.605707 8.385519
v  6.741029 2.599754 8.385519
v  6.763246 2.605707 8.385519
v  6.779509 2.621970 8.385519
v  6.785462 2.644186 8.385519
v  6.779509 2.666403 8.385519
v  6.763246 2.682666 8.385519
v  6.741029 2.706980 8.636373
v  6.709632 2.698570 8.636373
v  6.686650 2.675583 8.636373
v  6.678236 2.644186 8.636373
v  6.686650 2.612789 8.636373
v  6.709632 2.589808 8.636373
v  6.741029 2.581393 8.636373
v  6.772426 2.589808 8.636373
v  6.795408 2.612789 8.636373
v  6.803823 2.644186 8.636373
v  6.795408 2.675583 8.636373
v  6.772426 2.698570 8.636373
v  5.554519 0.832730 7.181252
v  5.554519 0.938879 7.181252
v  5.541129 0.832730 7.186936
v  5.541129 0.938879 7.186936
v  5.527644 0.832730 7.181489
v  5.527644 0.938879 7.181489
v  5.521960 0.832730 7.168098
v  5.521960 0.938879 7.168098
v  5.527408 0.832730 7.154613
v  5.527408 0.938879 7.154613
v  5.540798 0.832730 7.148930
v  5.540798 0.938879 7.148930
v  5.554283 0.832730 7.154382
v  5.554283 0.938879 7.154382
v  5.559967 0.832730 7.167768
v  5.559967 0.938879 7.167768
v  5.615630 0.767976 7.319710
v  5.694011 0.767976 7.239954
v  5.603029 0.822350 7.307326
v  5.681410 0.822350 7.227571
v  5.570040 0.855958 7.274904
v  5.648421 0.855958 7.195148
v  5.529264 0.855958 7.234828
v  5.607645 0.855958 7.155077
v  5.496275 0.822350 7.202406
v  5.574656 0.822350 7.122654
v  5.483674 0.767976 7.190022
v  5.562055 0.767976 7.110271
v  5.496275 0.713602 7.202406
v  5.574656 0.713602 7.122654
v  5.529264 0.679994 7.234828
v  5.607646 0.679994 7.155077
v  5.570040 0.679994 7.274904
v  5.648421 0.679994 7.195148
v  5.603029 0.713602 7.307326
v  5.681410 0.713602 7.227571
v  5.671785 0.829621 7.226262
v  5.601555 0.829621 7.297725
v  5.571996 0.859733 7.268672
v  5.642227 0.859733 7.197213
v  5.535459 0.859733 7.232768
v  5.605689 0.859733 7.161304
v  5.505900 0.829621 7.203714
v  5.576130 0.829621 7.132256
v  5.700773 0.831502 7.230202
v  5.605996 0.831502 7.326637
v  5.566109 0.872136 7.287435
v  5.660885 0.872136 7.191000
v  5.516805 0.872136 7.238976
v  5.611577 0.872136 7.142542
v  5.476912 0.831502 7.199774
v  5.571689 0.831502 7.103339
v  4.498367 0.832730 8.236705
v  4.498367 0.938879 8.236705
v  4.486537 0.832730 8.245167
v  4.486537 0.938879 8.245167
v  4.472192 0.832730 8.242781
v  4.472192 0.938879 8.242781
v  4.463729 0.832730 8.230949
v  4.463729 0.938879 8.230949
v  4.466115 0.832730 8.216600
v  4.466115 0.938879 8.216600
v  4.477947 0.832730 8.208142
v  4.477947 0.938879 8.208142
v  4.492296 0.832730 8.210528
v  4.492296 0.938879 8.210528
v  4.500753 0.832730 8.222360
v  4.500753 0.938879 8.222360
v  4.588145 0.767976 8.358545
v  4.647295 0.767976 8.263651
v  4.573153 0.822350 8.349199
v  4.632304 0.822350 8.254305
v  4.533898 0.855958 8.324734
v  4.593049 0.855958 8.229839
v  4.485379 0.855958 8.294495
v  4.544529 0.855958 8.199595
v  4.446125 0.822350 8.270024
v  4.505275 0.822350 8.175130
v  4.431132 0.767976 8.260678
v  4.490283 0.767976 8.165784
v  4.446125 0.713602 8.270024
v  4.505275 0.713602 8.175130
v  4.485379 0.679994 8.294495
v  4.544529 0.679994 8.199595
v  4.533898 0.679994 8.324734
v  4.593049 0.679994 8.229839
v  4.573153 0.713602 8.349199
v  4.632304 0.713602 8.254305
v  4.622622 0.829621 8.255122
v  4.569623 0.829621 8.340151
v  4.534451 0.859733 8.318228
v  4.587450 0.859733 8.233199
v  4.490978 0.859733 8.291130
v  4.543977 0.859733 8.206101
v  4.455806 0.829621 8.269207
v  4.508805 0.829621 8.184178
v  4.651770 0.831502 8.252661
v  4.580250 0.831502 8.367404
v  4.532788 0.872136 8.337822
v  4.604309 0.872136 8.223073
v  4.474119 0.872136 8.301256
v  4.545640 0.872136 8.186507
v  4.426658 0.831502 8.271668
v  4.498178 0.831502 8.156925
v  6.582571 0.832731 8.234919
v  6.582571 0.938880 8.234919
v  6.581739 0.832731 8.220399
v  6.581739 0.938880 8.220399
v  6.591416 0.832731 8.209541
v  6.591416 0.938880 8.209541
v  6.605941 0.832731 8.208710
v  6.605941 0.938880 8.208710
v  6.616798 0.832731 8.218390
v  6.616798 0.938880 8.218390
v  6.617630 0.832731 8.232910
v  6.617630 0.938880 8.232910
v  6.607949 0.832731 8.243768
v  6.607949 0.938880 8.243768
v  6.593429 0.832731 8.244599
v  6.593429 0.938880 8.244599
v  6.431616 0.767976 8.245738
v  6.480249 0.767976 8.346430
v  6.447525 0.822350 8.238056
v  6.496158 0.822350 8.338748
v  6.489175 0.855958 8.217937
v  6.537808 0.855958 8.318629
v  6.540657 0.855958 8.193075
v  6.589290 0.855958 8.293767
v  6.582307 0.822350 8.172956
v  6.630940 0.822350 8.273648
v  6.598215 0.767976 8.165274
v  6.646849 0.767976 8.265965
v  6.582307 0.713602 8.172956
v  6.630940 0.713602 8.273648
v  6.540657 0.679994 8.193075
v  6.589290 0.679994 8.293767
v  6.489175 0.679994 8.217937
v  6.537808 0.679994 8.318629
v  6.447525 0.713602 8.238056
v  6.496158 0.713602 8.338748
v  6.500637 0.829622 8.330130
v  6.457060 0.829622 8.239908
v  6.494381 0.859733 8.221883
v  6.537959 0.859733 8.312104
v  6.540510 0.859733 8.199600
v  6.584088 0.859733 8.289822
v  6.577827 0.829622 8.181575
v  6.621405 0.829622 8.271796
v  6.487148 0.831502 8.356088
v  6.428342 0.831502 8.234333
v  6.478704 0.872136 8.210009
v  6.537510 0.872136 8.331764
v  6.540955 0.872136 8.179940
v  6.599761 0.872136 8.301695
v  6.591317 0.831502 8.155616
v  6.650123 0.831502 8.277371
# 676 vertices

vt 0.729425 0.818742 0.000000
vt 0.962617 0.218378 0.000000
vt 0.735906 0.982377 0.000000
vt 0.906400 0.998472 0.000000
vt 0.915156 0.561185 0.000000
vt 0.927776 0.692272 0.000000
vt 0.943291 0.219719 0.000000
vt 0.940521 0.922785 0.000000
vt 0.924044 0.239433 0.000000
vt 0.916489 0.230527 0.000000
vt 0.944707 0.170675 0.000000
vt 0.967730 0.928399 0.000000
vt 0.356254 0.961963 0.000000
vt 0.729425 0.983543 0.000000
vt 0.928940 0.570321 0.000000
vt 0.954281 0.961435 0.000000
vt 0.899314 0.928399 0.000000
vt 0.943706 0.235655 0.000000
vt 0.358914 0.966570 0.000000
vt 0.884947 0.232106 0.000000
vt 0.338702 0.925280 0.000000
vt 0.947038 0.066669 0.000000
vt 0.363520 0.949378 0.000000
vt 0.368839 0.969229 0.000000
vt 0.915160 0.294075 0.000000
vt 0.177436 0.977942 0.000000
vt 0.585018 0.998717 0.000000
vt 0.355333 0.965473 0.000000
vt 0.957043 0.463030 0.000000
vt 0.894620 0.969649 0.000000
vt 0.927265 0.905778 0.000000
vt 0.945275 0.522744 0.000000
vt 0.931896 0.881614 0.000000
vt 0.923991 0.194522 0.000000
vt 0.901100 0.194522 0.000000
vt 0.773968 0.453954 0.000000
vt 0.773968 0.579852 0.000000
vt 0.840637 0.453033 0.000000
vt 0.840637 0.435662 0.000000
vt 0.852538 0.453033 0.000000
vt 0.850157 0.453033 0.000000
vt 0.952301 0.675461 0.000000
vt 0.977645 0.243088 0.000000
vt 0.955019 0.265215 0.000000
vt 0.955019 0.243088 0.000000
vt 0.623402 0.444610 0.000000
vt 0.954631 0.502602 0.000000
vt 0.161303 0.547365 0.000000
vt 0.928964 0.239320 0.000000
vt 0.935919 0.522744 0.000000
vt 0.948822 0.751138 0.000000
vt 0.355333 0.957426 0.000000
vt 0.959282 0.902432 0.000000
vt 0.434840 0.524370 0.000000
vt 0.866546 0.341946 0.000000
vt 0.957150 0.710539 0.000000
vt 0.939220 0.565879 0.000000
vt 0.929005 0.738482 0.000000
vt 0.929005 0.658536 0.000000
vt 0.964734 0.294775 0.000000
vt 0.950735 0.565419 0.000000
vt 0.178357 0.991438 0.000000
vt 0.940252 0.561188 0.000000
vt 0.697758 0.808004 0.000000
vt 0.904786 0.353553 0.000000
vt 0.910396 0.578556 0.000000
vt 0.718914 0.483204 0.000000
vt 0.898495 0.522744 0.000000
vt 0.000461 0.965473 0.000000
vt 0.000461 0.973520 0.000000
vt 0.000461 0.957425 0.000000
vt 0.000461 0.990537 0.000000
vt 0.000461 0.998585 0.000000
vt 0.000461 0.982490 0.000000
vt 0.921366 0.578535 0.000000
vt 0.959663 0.157923 0.000000
vt 0.959663 0.142868 0.000000
vt 0.898906 0.230527 0.000000
vt 0.912776 0.578556 0.000000
vt 0.926563 0.560264 0.000000
vt 0.939466 0.887113 0.000000
vt 0.965116 0.347123 0.000000
vt 0.858856 0.411283 0.000000
vt 0.917207 0.541965 0.000000
vt 0.978460 0.288263 0.000000
vt 0.658565 0.506945 0.000000
vt 0.935919 0.521822 0.000000
vt 0.835876 0.341946 0.000000
vt 0.845397 0.435662 0.000000
vt 0.966648 0.289185 0.000000
vt 0.289378 0.988039 0.000000
vt 0.938977 0.294167 0.000000
vt 0.944631 0.228762 0.000000
vt 0.952233 0.228762 0.000000
vt 0.938889 0.270378 0.000000
vt 0.917665 0.279694 0.000000
vt 0.924565 0.291277 0.000000
vt 0.891766 0.213157 0.000000
vt 0.908204 0.369524 0.000000
vt 0.953056 0.953848 0.000000
vt 0.937323 0.928399 0.000000
vt 0.959663 0.070433 0.000000
vt 0.906257 0.680624 0.000000
vt 0.927817 0.952300 0.000000
vt 0.367430 0.015394 0.000000
vt 0.904786 0.342867 0.000000
vt 0.891712 0.951379 0.000000
vt 0.834434 0.209298 0.000000
vt 0.170955 0.949378 0.000000
vt 0.170955 0.982490 0.000000
vt 0.373446 0.952037 0.000000
vt 0.939466 0.888035 0.000000
vt 0.954631 0.541965 0.000000
vt 0.922139 0.331341 0.000000
vt 0.396455 0.212927 0.000000
vt 0.933300 0.722452 0.000000
vt 0.356035 0.901211 0.000000
vt 0.977645 0.265215 0.000000
vt 0.880159 0.220498 0.000000
vt 0.947386 0.293032 0.000000
vt 0.930919 0.820608 0.000000
vt 0.940054 0.468169 0.000000
vt 0.913707 0.483381 0.000000
vt 0.933248 0.241781 0.000000
vt 0.957188 0.965416 0.000000
vt 0.711256 0.811574 0.000000
vt 0.785104 0.453954 0.000000
vt 0.961282 0.712970 0.000000
vt 0.942464 0.319606 0.000000
vt 0.362269 0.937032 0.000000
vt 0.872680 0.341946 0.000000
vt 0.929005 0.712971 0.000000
vt 0.958374 0.708991 0.000000
vt 0.943403 0.827120 0.000000
vt 0.938169 0.327046 0.000000
vt 0.068666 0.615072 0.000000
vt 0.959663 0.111835 0.000000
vt 0.957800 0.798698 0.000000
vt 0.935392 0.969649 0.000000
vt 0.930994 0.232106 0.000000
vt 0.956391 0.756637 0.000000
vt 0.900197 0.686931 0.000000
vt 0.835876 0.418885 0.000000
vt 0.978460 0.266136 0.000000
vt 0.903227 0.956990 0.000000
vt 0.943403 0.788237 0.000000
vt 0.963988 0.560264 0.000000
vt 0.846562 0.000461 0.000000
vt 0.835877 0.000461 0.000000
vt 0.903227 0.966125 0.000000
vt 0.940976 0.477791 0.000000
vt 0.927819 0.961435 0.000000
vt 0.878813 0.232106 0.000000
vt 0.947888 0.031622 0.000000
vt 0.950314 0.221601 0.000000
vt 0.901287 0.230527 0.000000
vt 0.954064 0.170675 0.000000
vt 0.859777 0.342867 0.000000
vt 0.928024 0.686304 0.000000
vt 0.960237 0.481638 0.000000
vt 0.835876 0.358071 0.000000
vt 0.943706 0.265215 0.000000
vt 0.891766 0.135392 0.000000
vt 0.910404 0.319606 0.000000
vt 0.838256 0.435662 0.000000
vt 0.847777 0.435662 0.000000
vt 0.946116 0.126802 0.000000
vt 0.477143 0.965717 0.000000
vt 0.634206 0.964788 0.000000
vt 0.953213 0.359815 0.000000
vt 0.938048 0.204193 0.000000
vt 0.891712 0.965669 0.000000
vt 0.950020 0.461148 0.000000
vt 0.921717 0.332262 0.000000
vt 0.903667 0.213157 0.000000
vt 0.376105 0.956644 0.000000
vt 0.907851 0.560264 0.000000
vt 0.937138 0.176175 0.000000
vt 0.924333 0.031622 0.000000
vt 0.947888 0.034586 0.000000
vt 0.049922 0.631272 0.000000
vt 0.015417 0.014702 0.000000
vt 0.379139 0.038425 0.000000
vt 0.858856 0.373275 0.000000
vt 0.860412 0.232106 0.000000
vt 0.918113 0.212235 0.000000
vt 0.177436 0.958592 0.000000
vt 0.722355 0.670592 0.000000
vt 0.953574 0.219719 0.000000
vt 0.959663 0.089252 0.000000
vt 0.750313 0.926175 0.000000
vt 0.917438 0.246326 0.000000
vt 0.912474 0.956993 0.000000
vt 0.956391 0.911330 0.000000
vt 0.926563 0.541043 0.000000
vt 0.952526 0.951378 0.000000
vt 0.942890 0.483381 0.000000
vt 0.951360 0.441821 0.000000
vt 0.908004 0.691124 0.000000
vt 0.963103 0.477791 0.000000
vt 0.338460 0.948456 0.000000
vt 0.930730 0.331341 0.000000
vt 0.901100 0.188388 0.000000
vt 0.918458 0.565420 0.000000
vt 0.931870 0.822351 0.000000
vt 0.933325 0.197023 0.000000
vt 0.938810 0.564718 0.000000
vt 0.951132 0.826198 0.000000
vt 0.906957 0.857198 0.000000
vt 0.170955 0.957425 0.000000
vt 0.943403 0.818514 0.000000
vt 0.642256 0.977736 0.000000
vt 0.729425 0.580774 0.000000
vt 0.955455 0.216459 0.000000
vt 0.957188 0.956279 0.000000
vt 0.917536 0.578556 0.000000
vt 0.947038 0.074196 0.000000
vt 0.901287 0.213157 0.000000
vt 0.890790 0.591459 0.000000
vt 0.959282 0.872716 0.000000
vt 0.902094 0.835473 0.000000
vt 0.819008 0.240289 0.000000
vt 0.959663 0.124048 0.000000
vt 0.926563 0.521822 0.000000
vt 0.922590 0.576986 0.000000
vt 0.963599 0.331341 0.000000
vt 0.961633 0.193971 0.000000
vt 0.952457 0.647154 0.000000
vt 0.755414 0.740080 0.000000
vt 0.948822 0.887113 0.000000
vt 0.929437 0.273123 0.000000
vt 0.929005 0.765535 0.000000
vt 0.915156 0.578556 0.000000
vt 0.843017 0.435662 0.000000
vt 0.946116 0.066669 0.000000
vt 0.287333 0.513592 0.000000
vt 0.373446 0.966570 0.000000
vt 0.931358 0.266136 0.000000
vt 0.940520 0.712511 0.000000
vt 0.947038 0.163240 0.000000
vt 0.946116 0.075259 0.000000
vt 0.934505 0.854505 0.000000
vt 0.948267 0.822351 0.000000
vt 0.946604 0.567851 0.000000
vt 0.178357 0.977841 0.000000
vt 0.961065 0.729891 0.000000
vt 0.922590 0.567851 0.000000
vt 0.934505 0.675461 0.000000
vt 0.935919 0.502602 0.000000
vt 0.939488 0.717202 0.000000
vt 0.712134 0.486488 0.000000
vt 0.933288 0.255315 0.000000
vt 0.940976 0.459807 0.000000
vt 0.945672 0.955824 0.000000
vt 0.943841 0.481638 0.000000
vt 0.023252 0.227840 0.000000
vt 0.929042 0.953848 0.000000
vt 0.923989 0.956533 0.000000
vt 0.835876 0.426487 0.000000
vt 0.170955 0.973521 0.000000
vt 0.959663 0.116521 0.000000
vt 0.949767 0.922787 0.000000
vt 0.472457 0.972333 0.000000
vt 0.729484 0.749086 0.000000
vt 0.954699 0.321408 0.000000
vt 0.705670 0.809808 0.000000
vt 0.947038 0.111835 0.000000
vt 0.894620 0.960514 0.000000
vt 0.386717 0.670828 0.000000
vt 0.922183 0.265215 0.000000
vt 0.256920 0.508599 0.000000
vt 0.755414 0.880241 0.000000
vt 0.922261 0.787316 0.000000
vt 0.289378 0.984640 0.000000
vt 0.956770 0.745921 0.000000
vt 0.818512 0.453954 0.000000
vt 0.884947 0.341946 0.000000
vt 0.851919 0.453954 0.000000
vt 0.834955 0.243551 0.000000
vt 0.356882 0.617868 0.000000
vt 0.751697 0.453954 0.000000
vt 0.929974 0.565875 0.000000
vt 0.940054 0.457033 0.000000
vt 0.575393 0.953164 0.000000
vt 0.954631 0.522744 0.000000
vt 0.729425 0.636468 0.000000
vt 0.729732 0.883280 0.000000
vt 0.714209 0.670176 0.000000
vt 0.729732 0.743119 0.000000
vt 0.912473 0.966128 0.000000
vt 0.381034 0.243822 0.000000
vt 0.048377 0.059277 0.000000
vt 0.962968 0.240424 0.000000
vt 0.309315 0.521242 0.000000
vt 0.735906 0.990424 0.000000
vt 0.923989 0.965668 0.000000
vt 0.924523 0.273151 0.000000
vt 0.902191 0.811239 0.000000
vt 0.908427 0.230527 0.000000
vt 0.751252 0.754767 0.000000
vt 0.289378 0.991438 0.000000
vt 0.316829 0.902326 0.000000
vt 0.404376 0.810136 0.000000
vt 0.947038 0.108071 0.000000
vt 0.955455 0.212695 0.000000
vt 0.934247 0.210776 0.000000
vt 0.858856 0.388478 0.000000
vt 0.945275 0.503523 0.000000
vt 0.931896 0.911330 0.000000
vt 0.944521 0.288263 0.000000
vt 0.903255 0.561185 0.000000
vt 0.674411 0.682546 0.000000
vt 0.858856 0.426487 0.000000
vt 0.902094 0.695311 0.000000
vt 0.891766 0.118211 0.000000
vt 0.905702 0.036361 0.000000
vt 0.042038 0.945361 0.000000
vt 0.966520 0.036361 0.000000
vt 0.651114 0.945021 0.000000
vt 0.074299 0.532526 0.000000
vt 0.088620 0.511854 0.000000
vt 0.333368 0.060384 0.000000
vt 0.046901 0.234060 0.000000
vt 0.947038 0.077960 0.000000
vt 0.102891 0.490425 0.000000
vt 0.950314 0.207554 0.000000
vt 0.907196 0.649378 0.000000
vt 0.638912 0.971318 0.000000
vt 0.944631 0.200392 0.000000
vt 0.944924 0.951378 0.000000
vt 0.950020 0.450865 0.000000
vt 0.858856 0.396080 0.000000
vt 0.911729 0.230527 0.000000
vt 0.959663 0.093016 0.000000
vt 0.922718 0.298262 0.000000
vt 0.928025 0.826466 0.000000
vt 0.729484 0.889248 0.000000
vt 0.937138 0.193971 0.000000
vt 0.908016 0.561185 0.000000
vt 0.903637 0.964965 0.000000
vt 0.905635 0.561185 0.000000
vt 0.785104 0.579852 0.000000
vt 0.907851 0.502602 0.000000
vt 0.863055 0.453954 0.000000
vt 0.851919 0.579852 0.000000
vt 0.929005 0.837580 0.000000
vt 0.907851 0.484303 0.000000
vt 0.846562 0.220498 0.000000
vt 0.289378 0.982940 0.000000
vt 0.730187 0.835672 0.000000
vt 0.529580 0.984682 0.000000
vt 0.937323 0.951378 0.000000
vt 0.394878 0.670360 0.000000
vt 0.940976 0.452206 0.000000
vt 0.902194 0.952300 0.000000
vt 0.943599 0.286631 0.000000
vt 0.963988 0.521822 0.000000
vt 0.858856 0.434089 0.000000
vt 0.959282 0.765535 0.000000
vt 0.931030 0.264957 0.000000
vt 0.728503 0.668960 0.000000
vt 0.921250 0.213157 0.000000
vt 0.157547 0.569671 0.000000
vt 0.918869 0.230527 0.000000
vt 0.944344 0.332262 0.000000
vt 0.943841 0.472856 0.000000
vt 0.927265 0.765617 0.000000
vt 0.931896 0.756637 0.000000
vt 0.910807 0.213157 0.000000
vt 0.930919 0.780854 0.000000
vt 0.907851 0.522744 0.000000
vt 0.947038 0.100544 0.000000
vt 0.924911 0.956281 0.000000
vt 0.965545 0.466391 0.000000
vt 0.835876 0.396080 0.000000
vt 0.959663 0.131576 0.000000
vt 0.908204 0.440900 0.000000
vt 0.895844 0.958965 0.000000
vt 0.826325 0.242898 0.000000
vt 0.914700 0.303576 0.000000
vt 0.852538 0.435662 0.000000
vt 0.389150 0.210331 0.000000
vt 0.178358 0.979541 0.000000
vt 0.863977 0.359815 0.000000
vt 0.448003 0.801615 0.000000
vt 0.301456 0.534700 0.000000
vt 0.958816 0.204193 0.000000
vt 0.751294 0.889747 0.000000
vt 0.947038 0.146632 0.000000
vt 0.960128 0.928399 0.000000
vt 0.184838 0.949378 0.000000
vt 0.907851 0.541965 0.000000
vt 0.939466 0.779933 0.000000
vt 0.956391 0.684773 0.000000
vt 0.900875 0.561185 0.000000
vt 0.026321 0.037456 0.000000
vt 0.398793 0.811925 0.000000
vt 0.965833 0.235655 0.000000
vt 0.919858 0.958966 0.000000
vt 0.913506 0.952303 0.000000
vt 0.818831 0.212710 0.000000
vt 0.164940 0.524981 0.000000
vt 0.729425 0.686702 0.000000
vt 0.929973 0.575011 0.000000
vt 0.951360 0.470192 0.000000
vt 0.959663 0.154159 0.000000
vt 0.914623 0.260619 0.000000
vt 0.735247 0.788237 0.000000
vt 0.898495 0.503523 0.000000
vt 0.947038 0.112757 0.000000
vt 0.948822 0.679274 0.000000
vt 0.955834 0.288263 0.000000
vt 0.729425 0.755031 0.000000
vt 0.934505 0.650967 0.000000
vt 0.933136 0.710539 0.000000
vt 0.957800 0.846936 0.000000
vt 0.945275 0.484303 0.000000
vt 0.945275 0.502602 0.000000
vt 0.929005 0.667892 0.000000
vt 0.289378 0.977841 0.000000
vt 0.835876 0.220498 0.000000
vt 0.949218 0.820608 0.000000
vt 0.904167 0.183076 0.000000
vt 0.936426 0.955821 0.000000
vt 0.943386 0.321408 0.000000
vt 0.953213 0.440900 0.000000
vt 0.928084 0.756811 0.000000
vt 0.623437 0.008857 0.000000
vt 0.954631 0.541043 0.000000
vt 0.943403 0.648076 0.000000
vt 0.947828 0.569399 0.000000
vt 0.980456 0.036361 0.000000
vt 0.955525 0.169754 0.000000
vt 0.947038 0.169754 0.000000
vt 0.178357 0.981240 0.000000
vt 0.897573 0.579852 0.000000
vt 0.880159 0.231184 0.000000
vt 0.289378 0.981240 0.000000
vt 0.946116 0.169754 0.000000
vt 0.902194 0.961435 0.000000
vt 0.908016 0.578556 0.000000
vt 0.914517 0.928399 0.000000
vt 0.922261 0.927477 0.000000
vt 0.917207 0.522744 0.000000
vt 0.966332 0.243088 0.000000
vt 0.897573 0.359815 0.000000
vt 0.909482 0.232106 0.000000
vt 0.838256 0.453033 0.000000
vt 0.946435 0.294775 0.000000
vt 0.860412 0.341946 0.000000
vt 0.415578 0.467432 0.000000
vt 0.434820 0.682599 0.000000
vt 0.962185 0.454125 0.000000
vt 0.953279 0.463030 0.000000
vt 0.963103 0.476703 0.000000
vt 0.273311 0.491767 0.000000
vt 0.947038 0.150395 0.000000
vt 0.936426 0.964959 0.000000
vt 0.959663 0.074196 0.000000
vt 0.948267 0.782597 0.000000
vt 0.046244 0.572031 0.000000
vt 0.051052 0.592877 0.000000
vt 0.047591 0.924002 0.000000
vt 0.355994 0.038484 0.000000
vt 0.067199 0.043233 0.000000
vt 0.061481 0.362480 0.000000
vt 0.935768 0.251042 0.000000
vt 0.412347 0.460469 0.000000
vt 0.897334 0.176243 0.000000
vt 0.177436 0.970021 0.000000
vt 0.216818 0.570622 0.000000
vt 0.934247 0.218378 0.000000
vt 0.898495 0.560264 0.000000
vt 0.911729 0.213157 0.000000
vt 0.729609 0.901177 0.000000
vt 0.935919 0.484303 0.000000
vt 0.931912 0.708991 0.000000
vt 0.938169 0.303576 0.000000
vt 0.289378 0.974442 0.000000
vt 0.863055 0.579852 0.000000
vt 0.840784 0.579852 0.000000
vt 0.829648 0.453954 0.000000
vt 0.620813 0.437463 0.000000
vt 0.840783 0.453954 0.000000
vt 0.949767 0.712514 0.000000
vt 0.929721 0.928399 0.000000
vt 0.962185 0.457889 0.000000
vt 0.928084 0.896973 0.000000
vt 0.956391 0.863817 0.000000
vt 0.898906 0.213157 0.000000
vt 0.930770 0.230527 0.000000
vt 0.858856 0.365673 0.000000
vt 0.018119 0.374110 0.000000
vt 0.948822 0.858318 0.000000
vt 0.835876 0.342867 0.000000
vt 0.940740 0.750216 0.000000
vt 0.928390 0.230527 0.000000
vt 0.358914 0.952037 0.000000
vt 0.942464 0.311016 0.000000
vt 0.946116 0.135392 0.000000
vt 0.850157 0.435662 0.000000
vt 0.878813 0.341946 0.000000
vt 0.275873 0.551818 0.000000
vt 0.947038 0.070433 0.000000
vt 0.915053 0.270293 0.000000
vt 0.858856 0.380876 0.000000
vt 0.957043 0.448983 0.000000
vt 0.948138 0.457889 0.000000
vt 0.917536 0.561185 0.000000
vt 0.954699 0.299281 0.000000
vt 0.938449 0.260405 0.000000
vt 0.947925 0.337197 0.000000
vt 0.940930 0.923945 0.000000
vt 0.952301 0.815623 0.000000
vt 0.918458 0.574555 0.000000
vt 0.016409 0.586475 0.000000
vt 0.027471 0.609322 0.000000
vt 0.750313 0.786013 0.000000
vt 0.045132 0.000463 0.000000
vt 0.947038 0.154159 0.000000
vt 0.898495 0.369524 0.000000
vt 0.946604 0.576987 0.000000
vt 0.906978 0.212235 0.000000
vt 0.109347 0.529841 0.000000
vt 0.732726 0.908149 0.000000
vt 0.896526 0.213157 0.000000
vt 0.947828 0.578535 0.000000
vt 0.762832 0.579852 0.000000
vt 0.963988 0.541043 0.000000
vt 0.963919 0.242167 0.000000
vt 0.923630 0.213157 0.000000
vt 0.960237 0.472856 0.000000
vt 0.903255 0.578556 0.000000
vt 0.926563 0.522744 0.000000
vt 0.928084 0.748690 0.000000
vt 0.944707 0.199471 0.000000
vt 0.184838 0.965473 0.000000
vt 0.829648 0.579852 0.000000
vt 0.909479 0.202901 0.000000
vt 0.952301 0.830011 0.000000
vt 0.929005 0.729891 0.000000
vt 0.891081 0.232106 0.000000
vt 0.949357 0.713675 0.000000
vt 0.913707 0.441821 0.000000
vt 0.900197 0.827092 0.000000
vt 0.927899 0.814537 0.000000
vt 0.908004 0.831286 0.000000
vt 0.658080 0.949211 0.000000
vt 0.755317 0.764314 0.000000
vt 0.178357 0.970021 0.000000
vt 0.750551 0.858516 0.000000
vt 0.835876 0.365673 0.000000
vt 0.907851 0.521822 0.000000
vt 0.956391 0.881614 0.000000
vt 0.936329 0.284762 0.000000
vt 0.953057 0.962984 0.000000
vt 0.920219 0.275501 0.000000
vt 0.965833 0.236577 0.000000
vt 0.184838 0.957425 0.000000
vt 0.210509 0.525519 0.000000
vt 0.959663 0.085488 0.000000
vt 0.178357 0.964306 0.000000
vt 0.936321 0.279790 0.000000
vt 0.894146 0.230527 0.000000
vt 0.906047 0.230527 0.000000
vt 0.926563 0.503523 0.000000
vt 0.945620 0.230065 0.000000
vt 0.975332 0.951378 0.000000
vt 0.314674 0.043954 0.000000
vt 0.977325 0.321408 0.000000
vt 0.890790 0.928399 0.000000
vt 0.958962 0.441821 0.000000
vt 0.939466 0.751138 0.000000
vt 0.924911 0.965415 0.000000
vt 0.750551 0.718355 0.000000
vt 0.967147 0.288263 0.000000
vt 0.929005 0.693672 0.000000
vt 0.891766 0.169754 0.000000
vt 0.914700 0.327046 0.000000
vt 0.624056 0.453033 0.000000
vt 0.946116 0.083850 0.000000
vt 0.377615 0.613036 0.000000
vt 0.332974 0.235008 0.000000
vt 0.483831 0.920361 0.000000
vt 0.368839 0.949378 0.000000
vt 0.177436 0.995085 0.000000
vt 0.835876 0.411283 0.000000
vt 0.947038 0.139104 0.000000
vt 0.948138 0.454125 0.000000
vt 0.965116 0.341804 0.000000
vt 0.930770 0.213157 0.000000
vt 0.757312 0.888622 0.000000
vt 0.906400 0.974329 0.000000
vt 0.848144 0.232106 0.000000
vt 0.927757 0.176243 0.000000
vt 0.897334 0.206667 0.000000
vt 0.904167 0.199834 0.000000
vt 0.178357 0.976142 0.000000
vt 0.854278 0.232106 0.000000
vt 0.891766 0.109621 0.000000
vt 0.846562 0.231184 0.000000
vt 0.906978 0.170675 0.000000
vt 0.891766 0.083850 0.000000
vt 0.730243 0.669775 0.000000
vt 0.939466 0.679274 0.000000
vt 0.931896 0.774433 0.000000
vt 0.729425 0.928399 0.000000
vt 0.922119 0.928399 0.000000
vt 0.942890 0.471113 0.000000
vt 0.898495 0.541965 0.000000
vt 0.922458 0.858318 0.000000
vt 0.908427 0.213157 0.000000
vt 0.835876 0.350469 0.000000
vt 0.957850 0.354389 0.000000
vt 0.921717 0.354389 0.000000
vt 0.947038 0.135340 0.000000
vt 0.934487 0.477813 0.000000
vt 0.807376 0.453954 0.000000
vt 0.903349 0.341946 0.000000
vt 0.891766 0.152573 0.000000
vt 0.956770 0.722452 0.000000
vt 0.929005 0.826198 0.000000
vt 0.940740 0.718156 0.000000
vt 0.729425 0.453954 0.000000
vt 0.943403 0.678353 0.000000
vt 0.928940 0.561185 0.000000
vt 0.673571 0.523901 0.000000
vt 0.927322 0.739881 0.000000
vt 0.906400 0.990424 0.000000
vt 0.935919 0.503523 0.000000
vt 0.956391 0.893534 0.000000
vt 0.946706 0.960514 0.000000
vt 0.948822 0.779933 0.000000
vt 0.935720 0.246073 0.000000
vt 0.749504 0.884429 0.000000
vt 0.004255 0.609025 0.000000
vt 0.755317 0.904476 0.000000
vt 0.890790 0.973408 0.000000
vt 0.903667 0.230527 0.000000
vt 0.946116 0.143983 0.000000
vt 0.920925 0.199834 0.000000
vt 0.915613 0.180009 0.000000
vt 0.872679 0.232106 0.000000
vt 0.947038 0.085488 0.000000
vt 0.924201 0.258005 0.000000
vt 0.921250 0.230527 0.000000
vt 0.907851 0.541043 0.000000
vt 0.945300 0.331341 0.000000
vt 0.957150 0.920812 0.000000
vt 0.906915 0.951378 0.000000
vt 0.931896 0.684773 0.000000
vt 0.363008 0.583344 0.000000
vt 0.924843 0.483381 0.000000
vt 0.847777 0.453033 0.000000
vt 0.335019 0.635294 0.000000
vt 0.395983 0.486942 0.000000
vt 0.412291 0.808281 0.000000
vt 0.469132 0.978830 0.000000
vt 0.908204 0.431191 0.000000
vt 0.920265 0.288896 0.000000
vt 0.835876 0.373275 0.000000
vt 0.948822 0.888035 0.000000
vt 0.933750 0.275539 0.000000
vt 0.898495 0.578556 0.000000
vt 0.848144 0.341946 0.000000
vt 0.969346 0.459808 0.000000
vt 0.959663 0.120284 0.000000
vt 0.905702 0.029847 0.000000
vt 0.980456 0.029847 0.000000
vt 0.757312 0.748460 0.000000
vt 0.943706 0.243088 0.000000
vt 0.947038 0.096780 0.000000
vt 0.946571 0.240424 0.000000
vt 0.751252 0.894928 0.000000
vt 0.900875 0.578556 0.000000
vt 0.898495 0.521823 0.000000
vt 0.945262 0.966117 0.000000
vt 0.796240 0.579852 0.000000
vt 0.735906 0.974329 0.000000
vt 0.959663 0.096780 0.000000
vt 0.969346 0.452206 0.000000
vt 0.929005 0.923244 0.000000
vt 0.527157 0.999539 0.000000
vt 0.945275 0.521822 0.000000
vt 0.891766 0.075259 0.000000
vt 0.729425 0.579852 0.000000
vt 0.952301 0.854505 0.000000
vt 0.934505 0.830011 0.000000
vt 0.910404 0.311016 0.000000
vt 0.818512 0.579852 0.000000
vt 0.854278 0.341946 0.000000
vt 0.066157 0.901562 0.000000
vt 0.735050 0.857396 0.000000
vt 0.908085 0.815482 0.000000
vt 0.938048 0.224961 0.000000
vt 0.907851 0.503523 0.000000
vt 0.943706 0.236577 0.000000
vt 0.960303 0.450865 0.000000
vt 0.891712 0.928399 0.000000
vt 0.959663 0.081724 0.000000
vt 0.928084 0.680360 0.000000
vt 0.924594 0.839358 0.000000
vt 0.910404 0.253011 0.000000
vt 0.927776 0.832434 0.000000
vt 0.528196 0.992940 0.000000
vt 0.891766 0.230527 0.000000
vt 0.749504 0.744267 0.000000
vt 0.866546 0.232106 0.000000
vt 0.842010 0.232106 0.000000
vt 0.947038 0.081724 0.000000
vt 0.953279 0.448983 0.000000
vt 0.947038 0.124048 0.000000
vt 0.916489 0.213157 0.000000
vt 0.880159 0.000461 0.000000
vt 0.740561 0.453954 0.000000
vt 0.948822 0.916830 0.000000
vt 0.951132 0.786445 0.000000
vt 0.729425 0.973408 0.000000
vt 0.945265 0.341804 0.000000
vt 0.945262 0.956985 0.000000
vt 0.936836 0.956981 0.000000
vt 0.376105 0.961963 0.000000
vt 0.945275 0.541043 0.000000
vt 0.729425 0.647154 0.000000
vt 0.945275 0.560264 0.000000
vt 0.922119 0.951378 0.000000
vt 0.835876 0.453033 0.000000
vt 0.854918 0.435662 0.000000
vt 0.963782 0.293032 0.000000
vt 0.944521 0.289185 0.000000
vt 0.380547 0.669212 0.000000
vt 0.962922 0.431191 0.000000
vt 0.858856 0.403682 0.000000
vt 0.751696 0.579852 0.000000
vt 0.929721 0.951378 0.000000
vt 0.944777 0.445622 0.000000
vt 0.963919 0.230065 0.000000
vt 0.732914 0.736195 0.000000
vt 0.944777 0.466391 0.000000
vt 0.735050 0.717235 0.000000
vt 0.184838 0.973521 0.000000
vt 0.962457 0.351730 0.000000
vt 0.047328 0.884753 0.000000
vt 0.924333 0.034586 0.000000
vt 0.966520 0.029847 0.000000
vt 0.891766 0.036361 0.000000
vt 0.593394 0.015978 0.000000
vt 0.049860 0.021210 0.000000
vt 0.332263 0.021632 0.000000
vt 0.040273 0.369104 0.000000
vt 0.928084 0.888851 0.000000
vt 0.929005 0.808054 0.000000
vt 0.379625 0.230526 0.000000
vt 0.938810 0.573853 0.000000
vt 0.946251 0.329598 0.000000
vt 0.858856 0.418885 0.000000
vt 0.914109 0.213157 0.000000
vt 0.917690 0.284665 0.000000
vt 0.583845 0.992278 0.000000
vt 0.947038 0.120284 0.000000
vt 0.762832 0.453954 0.000000
vt 0.952301 0.650967 0.000000
vt 0.957800 0.837580 0.000000
vt 0.891766 0.101030 0.000000
vt 0.909483 0.341946 0.000000
vt 0.963988 0.484303 0.000000
vt 0.963988 0.502602 0.000000
vt 0.915613 0.202901 0.000000
vt 0.940931 0.713672 0.000000
vt 0.906257 0.820786 0.000000
vt 0.695781 0.460347 0.000000
vt 0.952526 0.928399 0.000000
vt 0.751294 0.749586 0.000000
vt 0.935919 0.541965 0.000000
vt 0.963988 0.503523 0.000000
vt 0.965512 0.325751 0.000000
vt 0.934247 0.185073 0.000000
vt 0.912776 0.561185 0.000000
vt 0.939465 0.858318 0.000000
vt 0.010546 0.929638 0.000000
vt 0.730187 0.695510 0.000000
vt 0.982933 0.928399 0.000000
vt 0.627151 0.919732 0.000000
vt 0.825991 0.210047 0.000000
vt 0.933325 0.185887 0.000000
vt 0.953213 0.369524 0.000000
vt 0.927899 0.674376 0.000000
vt 0.732914 0.876357 0.000000
vt 0.939488 0.927475 0.000000
vt 0.929005 0.902432 0.000000
vt 0.923630 0.230527 0.000000
vt 0.964524 0.185073 0.000000
vt 0.940252 0.570324 0.000000
vt 0.946705 0.969647 0.000000
vt 0.958962 0.470192 0.000000
vt 0.929472 0.291348 0.000000
vt 0.912064 0.955833 0.000000
vt 0.962617 0.210776 0.000000
vt 0.933031 0.332262 0.000000
vt 0.898495 0.468169 0.000000
vt 0.845397 0.453033 0.000000
vt 0.340270 0.594530 0.000000
vt 0.459990 0.945947 0.000000
vt 0.382750 0.478146 0.000000
vt 0.406863 0.453954 0.000000
vt 0.959663 0.108071 0.000000
vt 0.943428 0.277794 0.000000
vt 0.729609 0.761015 0.000000
vt 0.947038 0.116521 0.000000
vt 0.934505 0.815623 0.000000
vt 0.936836 0.966120 0.000000
vt 0.910404 0.354389 0.000000
vt 0.289378 0.979541 0.000000
vt 0.905635 0.578556 0.000000
vt 0.929005 0.872716 0.000000
vt 0.910404 0.277827 0.000000
vt 0.930383 0.564715 0.000000
vt 0.891766 0.126802 0.000000
vt 0.023677 0.906251 0.000000
vt 0.950801 0.717205 0.000000
vt 0.897215 0.232106 0.000000
vt 0.903348 0.232106 0.000000
vt 0.904063 0.447389 0.000000
vt 0.924843 0.441821 0.000000
vt 0.897215 0.341946 0.000000
vt 0.927757 0.206667 0.000000
vt 0.178357 0.982940 0.000000
vt 0.946116 0.092440 0.000000
vt 0.947038 0.089252 0.000000
vt 0.965545 0.445622 0.000000
vt 0.729425 0.994972 0.000000
vt 0.963988 0.522744 0.000000
vt 0.891712 0.956534 0.000000
vt 0.927322 0.880043 0.000000
vt 0.906915 0.928399 0.000000
vt 0.959663 0.150395 0.000000
vt 0.938552 0.236703 0.000000
vt 0.952301 0.791128 0.000000
vt 0.729425 0.678580 0.000000
vt 0.863977 0.579852 0.000000
vt 0.949330 0.750216 0.000000
vt 0.178357 0.974443 0.000000
vt 0.933300 0.745921 0.000000
vt 0.740561 0.579852 0.000000
vt 0.701199 0.453954 0.000000
vt 0.316634 0.363568 0.000000
vt 0.496770 0.937521 0.000000
vt 0.582310 0.984168 0.000000
vt 0.449796 0.507267 0.000000
vt 0.959663 0.146632 0.000000
vt 0.729425 0.591460 0.000000
vt 0.962457 0.337197 0.000000
vt 0.913506 0.961437 0.000000
vt 0.908085 0.675321 0.000000
vt 0.945265 0.347123 0.000000
vt 0.735247 0.648076 0.000000
vt 0.906957 0.717036 0.000000
vt 0.929005 0.786445 0.000000
vt 0.954064 0.199471 0.000000
vt 0.928084 0.820521 0.000000
vt 0.066593 0.519213 0.000000
vt 0.891766 0.185887 0.000000
vt 0.918113 0.170675 0.000000
vt 0.890790 0.636468 0.000000
vt 0.890790 0.580774 0.000000
vt 0.931912 0.919264 0.000000
vt 0.926010 0.230527 0.000000
vt 0.962647 0.329598 0.000000
vt 0.952531 0.334538 0.000000
vt 0.931870 0.782597 0.000000
vt 0.948822 0.708069 0.000000
vt 0.917207 0.503523 0.000000
vt 0.946116 0.152573 0.000000
vt 0.177436 0.983656 0.000000
vt 0.835876 0.380876 0.000000
vt 0.959663 0.135340 0.000000
vt 0.947038 0.131576 0.000000
vt 0.955834 0.266136 0.000000
vt 0.961189 0.471113 0.000000
vt 0.890790 0.647154 0.000000
vt 0.944344 0.354389 0.000000
vt 0.933031 0.354389 0.000000
vt 0.918869 0.213157 0.000000
vt 0.950735 0.574554 0.000000
vt 0.962922 0.369524 0.000000
vt 0.858856 0.350469 0.000000
vt 0.917207 0.541043 0.000000
vt 0.954631 0.521822 0.000000
vt 0.940354 0.065747 0.000000
vt 0.931867 0.065747 0.000000
vt 0.891766 0.092440 0.000000
vt 0.946116 0.101030 0.000000
vt 0.620853 0.015990 0.000000
vt 0.925696 0.053252 0.000000
vt 0.118868 0.507277 0.000000
vt 0.947038 0.104307 0.000000
vt 0.959663 0.104307 0.000000
vt 0.947038 0.093016 0.000000
vt 0.396611 0.240451 0.000000
vt 0.946116 0.109621 0.000000
vt 0.178357 0.986339 0.000000
vt 0.177436 0.964306 0.000000
vt 0.170955 0.990537 0.000000
vt 0.919832 0.242003 0.000000
vt 0.947038 0.127812 0.000000
vt 0.941409 0.216459 0.000000
vt 0.178357 0.952878 0.000000
vt 0.917464 0.251271 0.000000
vt 0.931896 0.702570 0.000000
vt 0.729425 0.989258 0.000000
vt 0.921082 0.960514 0.000000
vt 0.910590 0.286674 0.000000
vt 0.943386 0.299281 0.000000
vt 0.966012 0.299281 0.000000
vt 0.943386 0.325751 0.000000
vt 0.906400 0.982377 0.000000
vt 0.536086 0.953429 0.000000
vt 0.949330 0.718156 0.000000
vt 0.898495 0.457033 0.000000
vt 0.920925 0.183076 0.000000
vt 0.796240 0.453954 0.000000
vt 0.898495 0.502602 0.000000
vt 0.957800 0.667892 0.000000
vt 0.926563 0.484303 0.000000
vt 0.898495 0.484303 0.000000
vt 0.929005 0.846936 0.000000
vt 0.961065 0.738482 0.000000
vt 0.355333 0.973521 0.000000
vt 0.914706 0.236847 0.000000
vt 0.959663 0.139104 0.000000
vt 0.935919 0.560264 0.000000
vt 0.952531 0.354389 0.000000
vt 0.945672 0.964956 0.000000
vt 0.961189 0.483381 0.000000
vt 0.931896 0.863817 0.000000
vt 0.922150 0.232342 0.000000
vt 0.910452 0.244369 0.000000
vt 0.933787 0.288981 0.000000
vt 0.946550 0.207554 0.000000
vt 0.178357 0.958592 0.000000
vt 0.960128 0.951378 0.000000
vt 0.949218 0.780854 0.000000
vt 0.894146 0.213157 0.000000
vt 0.662098 0.954682 0.000000
vt 0.729425 0.895193 0.000000
vt 0.898495 0.541043 0.000000
vt 0.835877 0.232106 0.000000
vt 0.891081 0.341946 0.000000
vt 0.289378 0.989738 0.000000
vt 0.922139 0.299281 0.000000
vt 0.908204 0.359815 0.000000
vt 0.898495 0.431191 0.000000
vt 0.941409 0.212695 0.000000
vt 0.959663 0.100544 0.000000
vt 0.922708 0.266136 0.000000
vt 0.858856 0.342867 0.000000
vt 0.960303 0.461148 0.000000
vt 0.957850 0.334538 0.000000
vt 0.940976 0.476703 0.000000
vt 0.945275 0.541965 0.000000
vt 0.930383 0.573850 0.000000
vt 0.961282 0.923243 0.000000
vt 0.946526 0.012956 0.000000
vt 0.925696 0.012956 0.000000
vt 0.891766 0.029847 0.000000
vt 0.624092 0.000461 0.000000
vt 0.931867 0.000461 0.000000
vt 0.940354 0.000461 0.000000
vt 0.890844 0.000461 0.000000
vt 0.000461 0.905955 0.000000
vt 0.000461 0.949378 0.000000
vt 0.337278 0.000461 0.000000
vt 0.178357 0.984640 0.000000
vt 0.178357 0.989738 0.000000
vt 0.891766 0.143983 0.000000
vt 0.959663 0.127812 0.000000
vt 0.939220 0.575014 0.000000
vt 0.910396 0.561185 0.000000
vt 0.662055 0.801492 0.000000
vt 0.919858 0.968101 0.000000
vt 0.910404 0.332262 0.000000
vt 0.923991 0.188388 0.000000
vt 0.967730 0.951378 0.000000
vt 0.749423 0.900232 0.000000
vt 0.954280 0.952300 0.000000
vt 0.906215 0.825967 0.000000
vt 0.449023 0.955724 0.000000
vt 0.966012 0.321408 0.000000
vt 0.757288 0.755936 0.000000
vt 0.955525 0.163240 0.000000
vt 0.590047 0.452995 0.000000
vt 0.934487 0.447389 0.000000
vt 0.842010 0.341946 0.000000
vt 0.590720 0.444604 0.000000
vt 0.340231 0.571544 0.000000
vt 0.907196 0.789540 0.000000
vt 0.924783 0.807566 0.000000
vt 0.692603 0.467194 0.000000
vt 0.453024 0.950203 0.000000
vt 0.902191 0.671077 0.000000
vt 0.858856 0.358071 0.000000
vt 0.952457 0.580774 0.000000
vt 0.954631 0.560264 0.000000
vt 0.757288 0.896098 0.000000
vt 0.975332 0.928399 0.000000
vt 0.003289 0.037117 0.000000
vt 0.944924 0.928399 0.000000
vt 0.924783 0.667404 0.000000
vt 0.898495 0.561185 0.000000
vt 0.389455 0.243094 0.000000
vt 0.380547 0.209686 0.000000
vt 0.909479 0.180009 0.000000
vt 0.099354 0.549884 0.000000
vt 0.953574 0.209436 0.000000
vt 0.914109 0.230527 0.000000
vt 0.943291 0.209436 0.000000
vt 0.929108 0.257885 0.000000
vt 0.928390 0.213157 0.000000
vt 0.363520 0.969229 0.000000
vt 0.912064 0.964967 0.000000
vt 0.859777 0.353553 0.000000
vt 0.903637 0.955829 0.000000
vt 0.950801 0.927477 0.000000
vt 0.963988 0.541965 0.000000
vt 0.835876 0.435662 0.000000
vt 0.289378 0.986339 0.000000
vt 0.318810 0.616912 0.000000
vt 0.953213 0.431191 0.000000
vt 0.958816 0.224961 0.000000
vt 0.835876 0.434089 0.000000
vt 0.947038 0.142868 0.000000
vt 0.982933 0.951378 0.000000
vt 0.942784 0.252939 0.000000
vt 0.944521 0.266136 0.000000
vt 0.929042 0.962984 0.000000
vt 0.266157 0.531449 0.000000
vt 0.961633 0.176175 0.000000
vt 0.356254 0.956644 0.000000
vt 0.945620 0.242167 0.000000
vt 0.954631 0.503523 0.000000
vt 0.946526 0.053252 0.000000
vt 0.590808 0.008859 0.000000
vt 0.732726 0.767987 0.000000
vt 0.590143 0.000461 0.000000
vt 0.935919 0.541043 0.000000
vt 0.735906 0.998472 0.000000
vt 0.977325 0.299281 0.000000
vt 0.178357 0.988039 0.000000
vt 0.170955 0.965473 0.000000
vt 0.177436 0.952878 0.000000
vt 0.947038 0.157923 0.000000
vt 0.929005 0.798698 0.000000
vt 0.959282 0.693672 0.000000
vt 0.942784 0.244301 0.000000
vt 0.956391 0.702570 0.000000
vt 0.958374 0.919264 0.000000
vt 0.899314 0.951378 0.000000
vt 0.926010 0.213157 0.000000
vt 0.389139 0.483659 0.000000
vt 0.729425 0.826863 0.000000
vt 0.924594 0.699196 0.000000
vt 0.749423 0.760070 0.000000
vt 0.952457 0.636468 0.000000
vt 0.917207 0.502602 0.000000
vt 0.957800 0.658536 0.000000
vt 0.890844 0.220498 0.000000
vt 0.377615 0.906257 0.000000
vt 0.917207 0.484303 0.000000
vt 0.966332 0.265215 0.000000
vt 0.930730 0.299281 0.000000
vt 0.904063 0.477813 0.000000
vt 0.807376 0.579852 0.000000
vt 0.954631 0.484303 0.000000
vt 0.835876 0.403682 0.000000
vt 0.614415 0.936915 0.000000
vt 0.917207 0.521822 0.000000
vt 0.926563 0.502602 0.000000
vt 0.921082 0.969649 0.000000
vt 0.962968 0.231808 0.000000
vt 0.355333 0.949378 0.000000
vt 0.926563 0.541965 0.000000
vt 0.891766 0.197023 0.000000
vt 0.946550 0.221601 0.000000
vt 0.170955 0.998585 0.000000
vt 0.952233 0.200392 0.000000
vt 0.896526 0.230527 0.000000
vt 0.359953 0.375729 0.000000
vt 0.289378 0.976142 0.000000
vt 0.946116 0.118211 0.000000
vt 0.895844 0.968101 0.000000
vt 0.939466 0.916830 0.000000
vt 0.957800 0.808054 0.000000
vt 0.917207 0.560264 0.000000
vt 0.177436 0.989370 0.000000
vt 0.919926 0.255551 0.000000
vt 0.906047 0.213157 0.000000
vt 0.337807 0.370424 0.000000
vt 0.891766 0.161164 0.000000
vt 0.891766 0.066669 0.000000
vt 0.593304 0.437485 0.000000
vt 0.843017 0.453033 0.000000
vt 0.854918 0.453033 0.000000
vt 0.333499 0.883510 0.000000
vt 0.900220 0.819616 0.000000
vt 0.356767 0.229010 0.000000
vt 0.931357 0.298359 0.000000
vt 0.959663 0.066669 0.000000
vt 0.947925 0.351730 0.000000
vt 0.949357 0.923948 0.000000
vt 0.931896 0.893534 0.000000
vt 0.730243 0.809936 0.000000
vt 0.959663 0.077960 0.000000
vt 0.959662 0.112757 0.000000
vt 0.910807 0.230527 0.000000
vt 0.939466 0.708069 0.000000
vt 0.946571 0.231808 0.000000
vt 0.933136 0.920812 0.000000
vt 0.000461 0.229063 0.000000
vt 0.000461 0.974442 0.000000
vt 0.946116 0.161163 0.000000
vt 0.213581 0.548227 0.000000
vt 0.170955 0.974442 0.000000
vt 0.922458 0.718156 0.000000
vt 0.835876 0.388478 0.000000
vt 0.943403 0.857396 0.000000
vt 0.725216 0.477702 0.000000
vt 0.906215 0.685805 0.000000
vt 0.729425 0.977829 0.000000
vt 0.952457 0.591459 0.000000
vt 0.934505 0.791128 0.000000
vt 0.935394 0.960511 0.000000
vt 0.956391 0.774433 0.000000
vt 0.900220 0.679454 0.000000
vt 0.967147 0.266136 0.000000
vt 0.914517 0.951378 0.000000
vt 0.921366 0.569399 0.000000
# 1136 texture coords

o ChairOffice
g ChairOffice
f 3592/4628 3593/4843 3595/4538 3594/4537 
f 3594/4537 3595/4538 3597/5029 3596/5262 
f 3596/5262 3597/5029 3599/5235 3598/4782 
f 3598/4782 3599/5235 3601/5345 3600/5216 
f 3600/5216 3601/5345 3603/5187 3602/5125 
f 3602/4845 3603/4981 3605/4846 3604/4779 
f 3604/4779 3605/4846 3607/4982 3606/4985 
f 3606/4985 3607/4982 3609/5039 3608/4983 
f 3608/4983 3609/5039 3611/5191 3610/4777 
f 3610/4777 3611/5191 3613/5573 3612/5119 
f 3593/5024 3615/5097 3627/5098 3617/5040 
f 3612/5119 3613/5573 3615/5179 3614/5422 
f 3614/5422 3615/5179 3593/4843 3592/4628 
f 3592/5325 3594/5493 3596/4784 3598/4623 3600/5118 3602/5154 3604/4624 3606/5572 3608/5301 3610/5420 3612/5324 3614/5045 
f 3623/5322 3622/5323 3634/5120 3635/5326 
f 3595/4687 3593/5024 3617/5040 3616/5269 
f 3599/4707 3597/5327 3618/5142 3619/4535 
f 3615/5097 3613/5583 3626/4536 3627/5098 
f 3597/5327 3595/4687 3616/5269 3618/5142 
f 3613/5583 3611/5363 3625/4704 3626/4536 
f 3611/5363 3609/4970 3624/4924 3625/4704 
f 3609/4970 3607/5103 3623/5513 3624/4924 
f 3607/5103 3605/5364 3622/5143 3623/5513 
f 3605/5364 3603/5096 3621/5421 3622/5143 
f 3603/5096 3601/5286 3620/5483 3621/5421 
f 3601/5286 3599/4707 3619/4535 3620/5483 
f 3620/5210 3619/5095 3631/5166 3632/5494 
f 3627/5144 3626/4654 3638/5003 3639/4632 
f 3616/4686 3617/5209 3629/4556 3628/4951 
f 3624/5043 3623/5322 3635/5326 3636/5449 
f 3621/5448 3620/5210 3632/5494 3633/4589 
f 3617/5209 3627/5144 3639/4632 3629/4556 
f 3618/5100 3616/4686 3628/4951 3630/5192 
f 3625/4521 3624/5043 3636/5449 3637/4778 
f 3622/5323 3621/4948 3633/5266 3634/5120 
f 3619/5095 3618/5100 3630/5192 3631/5166 
f 3626/4654 3625/4521 3637/4778 3638/5003 
f 3640/4590 3641/5302 3643/5602 3642/4735 
f 3642/4735 3643/5602 3645/4539 3644/4540 
f 3644/4540 3645/4539 3647/4949 3646/4666 
f 3646/4666 3647/4949 3649/5228 3648/5526 
f 3648/5229 3649/5603 3651/4541 3650/4882 
f 3650/4882 3651/4541 3653/4542 3652/5002 
f 3652/5002 3653/4542 3655/5155 3654/4667 
f 3654/4667 3655/5155 3641/5302 3640/4590 
f 3656/4548 3657/5574 3659/5267 3658/5268 
f 3663/4783 3665/5637 3683/4748 3681/5318 
f 3660/4986 3658/4634 3677/4557 3678/5044 
f 3661/4558 3663/4783 3681/5318 3679/4708 
f 3664/5423 3665/5426 3667/4848 3666/4844 
f 3666/4844 3667/4848 3669/5569 3668/5565 
f 3668/5565 3669/5569 3671/5425 3670/5578 
f 3670/5578 3671/5425 3673/4977 3672/4750 
f 3659/5264 3657/4917 3675/5188 3673/5626 3671/4743 3669/5427 3667/4847 3665/5189 3663/4635 3661/5041 
f 3672/4750 3673/4977 3675/4918 3674/4919 
f 3674/4919 3675/4918 3657/5574 3656/4548 
f 3656/5424 3658/4543 3660/5126 3662/4749 3664/4920 3666/4560 3668/4915 3670/4931 3672/5263 3674/5566 
f 3682/4916 3680/5270 3688/4751 3690/4633 
f 3683/5230 3682/4621 3690/5231 3691/4591 
f 3677/4706 3676/4744 3684/4709 3685/5123 
f 3662/4740 3660/4986 3678/5044 3680/5270 
f 3659/4932 3661/4558 3679/4708 3676/4745 
f 3658/4622 3659/4923 3676/4744 3677/4706 
f 3665/4561 3664/4950 3682/4621 3683/5230 
f 3664/4978 3662/4740 3680/5270 3682/4916 
f 3685/4544 3684/4619 3687/5570 3686/4946 
f 3686/4946 3687/5570 3689/4545 3688/4546 
f 3688/4546 3689/4545 3691/4663 3690/5172 
f 3679/4708 3681/5318 3689/5127 3687/4564 
f 3678/5044 3677/4557 3685/4629 3686/5321 
f 3681/5318 3683/4748 3691/4705 3689/5127 
f 3680/5270 3678/5044 3686/5321 3688/4751 
f 3676/4745 3679/4708 3687/4564 3684/4562 
f 3700/4817 3701/5169 3695/4680 3694/5245 
f 3694/5245 3695/4680 3699/4655 3698/4681 
f 3702/4819 3703/5246 3697/5170 3696/4933 
f 3696/5491 3697/4934 3693/4935 3692/4741 
f 3700/5395 3702/5542 3696/5390 3692/5391 
f 3703/5464 3701/5465 3693/5468 3697/5469 
f 3699/4655 3695/4680 3701/5465 3703/5464 
f 3694/5245 3698/4681 3702/5542 3700/5395 
f 3698/4681 3699/4655 3703/5246 3702/4819 
f 3692/5247 3693/5466 3701/5169 3700/4817 
f 3704/5343 3705/4980 3707/5589 3706/5099 
f 3706/5099 3707/5589 3709/4921 3708/4746 
f 3708/4746 3709/4921 3711/5314 3710/4884 
f 3710/4884 3711/5314 3713/4939 3712/4936 
f 3712/4936 3713/4939 3715/4850 3714/5328 
f 3714/5328 3715/4850 3717/4775 3716/5474 
f 3716/5474 3717/4775 3719/5527 3718/5402 
f 3718/5402 3719/5527 3721/4592 3720/5549 
f 3720/5549 3721/4592 3723/5450 3722/5475 
f 3722/5475 3723/5450 3705/4802 3704/4563 
f 3724/5215 3725/4620 3727/4849 3726/4649 
f 3726/4649 3727/4849 3731/4922 3730/4650 
f 3730/4947 3731/4937 3729/5341 3728/4885 
f 3728/5470 3729/5567 3725/4620 3724/5215 
f 3731/5102 3727/4849 3725/4620 3729/4938 
f 3732/5590 3733/4816 3735/5101 3734/5401 
f 3734/5401 3735/5101 3737/5265 3736/5393 
f 3736/5393 3737/5265 3739/5392 3738/5329 
f 3738/5329 3739/5392 3741/5104 3740/5082 
f 3740/5082 3741/5104 3743/5186 3742/4742 
f 3742/4742 3743/5186 3745/5600 3744/4736 
f 3744/4940 3745/5079 3747/5599 3746/5621 
f 3746/5621 3747/5599 3749/5121 3748/5374 
f 3748/5374 3749/5121 3751/5476 3750/5141 
f 3750/5141 3751/5476 3753/4664 3752/5001 
f 3735/5342 3733/4997 3755/5344 3753/4559 3751/5042 3749/4617 3747/5124 3745/5419 3743/5122 3741/4747 3739/5428 3737/4776 
f 3752/5001 3753/4664 3755/5319 3754/4668 
f 3754/4668 3755/5319 3733/4816 3732/5590 
f 3732/5571 3734/4979 3736/5000 3738/4630 3740/4636 3742/4703 3744/4615 3746/5080 3748/4665 3750/5190 3752/4881 3754/5451 
f 3765/5601 3766/5495 3759/5511 3756/5400 
f 3769/4723 3770/4880 3767/4547 3764/4984 
f 3771/5285 3762/4929 3775/5467 3776/4609 
f 3757/4616 3758/4883 3763/5543 3760/5248 
f 3761/5394 3762/4929 3771/5285 3768/4902 
f 3756/5400 3759/5511 3758/4883 3757/4616 
f 3762/4929 3761/5394 3760/5248 3763/5543 
f 3770/4880 3769/4723 3768/4902 3771/5285 
f 3766/5495 3765/5601 3764/4984 3767/4547 
f 3760/5248 3761/5394 3768/4902 3769/4723 3764/4984 3765/5601 3756/5400 3757/4616 
f 3779/5153 3778/5083 3786/4781 3787/5303 
f 3766/5495 3767/4547 3778/5081 3779/5492 
f 3759/5511 3766/5495 3779/5492 3772/4792 
f 3770/4880 3771/5285 3776/4609 3777/4780 
f 3762/4929 3763/5543 3774/5545 3775/5467 
f 3758/4883 3759/5511 3772/4792 3773/5512 
f 3767/4547 3770/4880 3777/4780 3778/5081 
f 3763/5543 3758/4883 3773/5512 3774/5545 
f 3782/5320 3781/5018 3789/4682 3790/5244 
f 3775/4818 3774/5281 3782/5320 3783/4964 
f 3778/5083 3777/5568 3785/4618 3786/4781 
f 3774/5471 3773/5137 3781/5018 3782/5320 
f 3777/5568 3776/4631 3784/4522 3785/4618 
f 3773/5017 3772/4962 3780/4963 3781/5018 
f 3776/4702 3775/4818 3783/4964 3784/4522 
f 3772/4962 3779/5496 3787/5303 3780/4963 
f 3793/5604 3792/4803 3791/5193 3790/5244 3789/4682 3788/4637 3795/5528 3794/5156 
f 3785/4618 3784/4522 3792/4803 3793/5604 
f 3781/5018 3780/4963 3788/4637 3789/4682 
f 3784/4522 3783/4964 3791/5193 3792/4803 
f 3780/4963 3787/5303 3795/5528 3788/4637 
f 3787/5303 3786/4781 3794/5156 3795/5528 
f 3783/4964 3782/5320 3790/5244 3791/5193 
f 3786/4781 3785/4618 3793/5604 3794/5156 
f 3796/4799 3798/5612 3799/4909 3797/5497 
f 3802/4851 3800/4722 3801/4710 3803/5194 
f 3811/5550 3817/5403 3813/4971 3797/4761 
f 3804/5561 3809/5046 3800/4722 3802/4851 
f 3806/4570 3811/5550 3797/4761 3799/4571 
f 3803/5472 3801/4610 3810/4711 3807/4572 
f 3807/4572 3810/4711 3811/5550 3806/4570 
f 3798/5612 3796/4799 3808/5605 3805/4502 
f 3805/4502 3808/5605 3809/5046 3804/5561 
f 3808/5605 3818/5271 3816/5487 3809/5046 
f 3810/4711 3819/4688 3817/5403 3811/5550 
f 3818/5271 3812/5195 3813/5047 3817/5361 
f 3815/5048 3816/5487 3819/4837 3814/5205 
f 3816/5487 3818/5271 3817/5361 3819/4837 
f 3800/4722 3815/5048 3814/5205 3801/5203 
f 3801/4610 3814/5551 3819/4688 3810/4711 
f 3796/4799 3812/5195 3818/5271 3808/5605 
f 3797/5498 3813/5047 3812/5195 3796/4799 
f 3809/5046 3816/5487 3815/5048 3800/4722 
f 3871/4565 3873/4767 3823/5049 3820/4820 
f 3833/4952 3834/4969 3831/5272 3828/5499 
f 3863/4804 3826/5500 3839/5488 3865/4898 
f 3881/4852 3883/5206 3827/4764 3824/4669 
f 3861/4854 3862/4770 3835/5560 3832/5157 
f 3820/4820 3823/5049 3822/4829 3821/4670 
f 3826/5500 3825/5304 3824/4669 3827/4764 
f 3834/4969 3833/4952 3832/5157 3835/5560 
f 3830/4568 3829/4752 3828/5499 3831/5272 
f 3860/5158 3861/4854 3899/4953 3901/4886 
f 3843/4683 3842/5020 3850/5249 3851/4897 
f 3830/4568 3831/5272 3842/5346 3843/5627 
f 3872/4689 3830/4568 3843/5627 3874/4862 
f 3834/4969 3835/5560 3840/5305 3841/5306 
f 3826/5500 3827/4764 3838/5159 3839/5488 
f 3822/4829 3823/5049 3836/5445 3837/4713 
f 3831/5272 3834/4969 3841/5306 3842/5346 
f 3882/5260 3822/4829 3837/4713 3884/4528 
f 3886/4549 3845/5025 3853/5396 3888/4903 
f 3839/4887 3838/5004 3846/5537 3847/4737 
f 3842/5020 3841/5473 3849/5250 3850/5249 
f 3884/4864 3837/5514 3845/5025 3886/4549 
f 3841/5473 3840/4606 3848/4965 3849/5250 
f 3837/5514 3836/4821 3844/4822 3845/5025 
f 3865/5588 3839/4795 3847/4737 3867/5598 
f 3874/5619 3843/5507 3851/4897 3876/4757 
f 3857/5070 3856/4823 3868/5084 3878/4824 3859/4793 3858/4966 
f 3849/5250 3848/4965 3856/4823 3857/5070 
f 3845/5025 3844/4822 3852/4826 3853/5396 
f 3867/5598 3847/4737 3855/4957 3869/5347 
f 3876/4757 3851/4897 3859/4793 3878/4824 
f 3851/4897 3850/5249 3858/4966 3859/4793 
f 3847/4737 3846/5537 3854/4772 3855/4957 
f 3850/5249 3849/5250 3857/5070 3858/4966 
f 3848/4965 3866/5606 3868/5084 3856/4823 
f 3866/5606 3867/5598 3869/5347 3868/5084 
f 3840/4684 3864/5254 3866/5606 3848/4965 
f 3864/5254 3865/5588 3867/5598 3866/5606 
f 3825/5304 3826/5500 3863/4804 3860/5158 
f 3860/5158 3863/4804 3862/4770 3861/4854 
f 3835/5560 3862/4770 3864/5232 3840/5305 
f 3862/4770 3863/4804 3865/4898 3864/5232 
f 3844/4822 3877/5251 3879/4967 3852/4826 
f 3877/5251 3876/4757 3878/4824 3879/4967 
f 3836/5362 3875/4994 3877/5251 3844/4822 
f 3875/4994 3874/5619 3876/4757 3877/5251 
f 3823/5049 3873/4767 3875/4627 3836/5445 
f 3873/4767 3872/4689 3874/4862 3875/4627 
f 3829/4752 3830/4568 3872/4689 3870/4789 
f 3870/4789 3872/4689 3873/4767 3871/4565 
f 3879/4967 3869/5347 3855/4957 3854/4772 3889/5061 3888/4903 3853/5396 3852/4826 
f 3878/4824 3868/5084 3869/5347 3879/4967 
f 3824/4669 3825/5304 3892/5085 3893/5348 
f 3825/5304 3860/5158 3901/4886 3892/5085 
f 3838/5004 3885/4972 3887/5622 3846/5537 
f 3885/4972 3884/4864 3886/4549 3887/5622 
f 3846/5537 3887/5622 3889/5061 3854/4772 
f 3887/5622 3886/4549 3888/4903 3889/5061 
f 3827/4764 3883/5206 3885/5184 3838/5159 
f 3883/5206 3882/5260 3884/4528 3885/5184 
f 3821/4670 3822/4829 3882/5260 3880/5349 
f 3880/5349 3882/5260 3883/5206 3881/4852 
f 3893/5348 3892/5085 3901/4886 3900/5480 3891/5284 3890/5576 3903/4785 3898/5418 
f 3900/5480 3901/4886 3899/4953 3902/4813 
f 3902/4813 3899/4953 3895/4555 3894/5350 3897/4587 3896/5128 
f 3828/5499 3829/4752 3896/5128 3897/4587 
f 3820/4820 3821/4670 3890/5576 3891/5284 
f 3821/4670 3880/5349 3903/4785 3890/5576 
f 3881/4852 3824/4669 3893/5348 3898/5418 
f 3829/4752 3870/4789 3902/4813 3896/5128 
f 3880/5349 3881/4852 3898/5418 3903/4785 
f 3861/4854 3832/5157 3895/4555 3899/4953 
f 3870/4789 3871/4565 3900/5480 3902/4813 
f 3832/5157 3833/4952 3894/5350 3895/4555 
f 3833/4952 3828/5499 3897/4587 3894/5350 
f 3871/4565 3820/4820 3891/5284 3900/5480 
f 3912/5365 3905/4787 3907/5352 3913/4720 
f 3913/4720 3907/5352 3911/4714 3914/5366 
f 3914/5139 3911/5219 3909/5108 3915/5072 
f 3915/5381 3909/5225 3905/4787 3912/5365 
f 3906/4607 3910/4566 3908/5522 3904/4659 
f 3908/4729 3915/5381 3912/5365 3904/5564 
f 3906/5630 3913/4720 3914/5366 3910/5503 
f 3906/5452 3904/4671 3917/5287 3916/4600 
f 3917/5287 3919/5529 3918/5160 3916/4600 
f 3913/5453 3906/5022 3916/4600 3918/5160 
f 3904/5386 3912/5233 3919/5529 3917/5287 
f 3912/4927 3913/4878 3918/5160 3919/5529 
f 3920/4602 3921/4853 3923/5236 3922/4987 
f 3922/4987 3923/5236 3925/5227 3924/5109 
f 3924/5109 3925/5227 3927/5636 3926/4943 
f 3926/4943 3927/5636 3929/5151 3928/5336 
f 3928/5336 3929/5151 3931/5558 3930/4518 
f 3930/4518 3931/5558 3933/4608 3932/5200 
f 3932/5283 3933/5533 3935/5069 3934/5506 
f 3934/5506 3935/5069 3937/5484 3936/4513 
f 3936/4513 3937/5484 3939/5442 3938/4891 
f 3938/4891 3939/5442 3941/4697 3940/5273 
f 3937/4672 3935/4830 3951/5440 3952/5517 
f 3940/5273 3941/4697 3943/4831 3942/5508 
f 3942/5508 3943/4831 3921/4853 3920/4602 
f 3928/4593 3930/5607 3973/5297 3972/5439 
f 3949/4805 3948/5397 3960/5398 3961/5307 
f 3935/4830 3933/5586 3950/4827 3951/5440 
f 3933/5586 3931/4888 3949/5515 3950/4827 
f 3931/4888 3929/5299 3948/4806 3949/5515 
f 3929/5299 3927/4503 3947/4715 3948/4806 
f 3921/4594 3943/5196 3955/4508 3945/5584 
f 3923/4595 3921/4594 3945/5584 3944/4656 
f 3927/4503 3925/5530 3946/4690 3947/4715 
f 3943/5196 3941/4973 3954/5407 3955/4508 
f 3925/5530 3923/4595 3944/4656 3946/4690 
f 3941/4973 3939/4807 3953/5454 3954/5407 
f 3939/4807 3937/4672 3952/5517 3953/5454 
f 3945/5330 3955/5145 3967/5062 3957/4691 
f 3946/5173 3944/5399 3956/4835 3958/5181 
f 3953/4825 3952/4718 3964/4960 3965/5613 
f 3950/4768 3949/4805 3961/5307 3962/4638 
f 3947/4873 3946/5173 3958/5181 3959/5455 
f 3954/5211 3953/4825 3965/5613 3966/5201 
f 3951/5005 3950/4523 3962/5608 3963/4603 
f 3948/5397 3947/4873 3959/5455 3960/5398 
f 3955/5145 3954/5211 3966/5201 3967/5062 
f 3944/5399 3945/5330 3957/4691 3956/4835 
f 3952/4718 3951/5005 3963/4603 3964/4960 
f 3968/4524 3969/5086 3970/4612 3971/4677 3972/5223 3973/4738 3974/4525 3975/5520 3976/4520 3977/4514 3978/5539 3979/4999 
f 3926/4857 3928/4593 3972/5439 3971/5056 
f 3942/5456 3920/4739 3968/4732 3979/4798 
f 3920/4739 3922/4596 3969/5164 3968/4732 
f 3924/5308 3926/4857 3971/5056 3970/5064 
f 3940/5006 3942/5456 3979/4798 3978/5058 
f 3922/4596 3924/5308 3970/5064 3969/5164 
f 3938/5317 3940/5006 3978/5058 3977/4597 
f 3936/5413 3938/5317 3977/4597 3976/5259 
f 3934/4526 3936/5413 3976/5259 3975/5161 
f 3932/4836 3934/4526 3975/5161 3974/4598 
f 3930/5607 3932/4836 3974/4598 3973/5297 
f 3980/5501 3982/5105 3983/5357 3981/4828 
f 3986/5282 3984/4815 3985/5358 3987/5241 
f 3995/5404 4001/5595 3997/5087 3981/5585 
f 3988/4904 3993/4643 3984/4815 3986/5282 
f 3990/4573 3995/5404 3981/5585 3983/4574 
f 3987/5620 3985/5623 3994/4611 3991/4575 
f 3991/4575 3994/4611 3995/5404 3990/4573 
f 3982/5105 3980/5501 3992/5634 3989/5340 
f 3989/5340 3992/5634 3993/4643 3988/4904 
f 3992/5634 4002/4604 4000/5628 3993/4643 
f 3994/4611 4003/5375 4001/5595 3995/5404 
f 4002/4604 3996/5355 3997/5288 4001/5202 
f 3999/4700 4000/5628 4003/4660 3998/4507 
f 4000/5628 4002/4604 4001/5202 4003/4660 
f 3984/4815 3999/4700 3998/4507 3985/5562 
f 3985/5623 3998/4527 4003/5375 3994/4611 
f 3980/5501 3996/5355 4002/4604 3992/5634 
f 3981/5509 3997/5288 3996/5355 3980/5501 
f 3993/4643 4000/5628 3999/4700 3984/4815 
f 4004/5050 4006/4868 4007/4774 4005/5019 
f 4010/5129 4008/4730 4009/5076 4011/5624 
f 4019/5060 4025/5441 4021/5408 4005/4892 
f 4012/5036 4017/5171 4008/4730 4010/5129 
f 4014/4553 4019/5060 4005/4892 4007/5581 
f 4011/5429 4009/5242 4018/5038 4015/4529 
f 4015/4529 4018/5038 4019/5060 4014/4553 
f 4006/4868 4004/5050 4016/5490 4013/4928 
f 4013/4928 4016/5490 4017/5171 4012/5036 
f 4016/5490 4026/4801 4024/5274 4017/5171 
f 4018/5038 4027/5063 4025/5441 4019/5060 
f 4026/4801 4020/5563 4021/5309 4025/4914 
f 4023/5208 4024/5274 4027/4765 4022/4790 
f 4024/5274 4026/4801 4025/4914 4027/4765 
f 4008/4730 4023/5208 4022/4790 4009/5239 
f 4009/5242 4022/5051 4027/5063 4018/5038 
f 4004/5050 4020/5563 4026/4801 4016/5490 
f 4005/5544 4021/5309 4020/5563 4004/5050 
f 4017/5171 4024/5274 4023/5208 4008/4730 
f 4028/5138 4030/4532 4031/4944 4029/4692 
f 4034/5335 4032/4773 4033/5052 4035/5112 
f 4043/4504 4049/4515 4045/5629 4029/5180 
f 4036/5252 4041/5093 4032/4773 4034/5335 
f 4038/5417 4043/4504 4029/5180 4031/5094 
f 4035/4505 4033/5547 4042/4796 4039/5130 
f 4039/5130 4042/4796 4043/4504 4038/5417 
f 4030/4532 4028/5138 4040/5505 4037/4989 
f 4037/4989 4040/5505 4041/5093 4036/5252 
f 4040/5505 4050/5175 4048/4889 4041/5093 
f 4042/4796 4051/5411 4049/4515 4043/4504 
f 4050/5175 4044/5485 4045/4976 4049/5446 
f 4047/5136 4048/4889 4051/4838 4046/4788 
f 4048/4889 4050/5175 4049/5446 4051/4838 
f 4032/4773 4047/5136 4046/4788 4033/5289 
f 4033/5547 4046/5332 4051/5411 4042/4796 
f 4028/5138 4044/5485 4050/5175 4040/5505 
f 4029/5026 4045/4976 4044/5485 4028/5138 
f 4041/5093 4048/4889 4047/5136 4032/4773 
f 4052/4808 4053/5625 4055/5376 4054/5007 
f 4054/5007 4055/5376 4057/5162 4056/4685 
f 4056/4685 4057/5162 4059/5053 4058/4993 
f 4058/4993 4059/5053 4061/4662 4060/5502 
f 4060/5502 4061/4662 4063/5114 4062/5387 
f 4062/5387 4063/5114 4065/4996 4064/5457 
f 4064/4859 4065/5531 4067/4760 4066/4814 
f 4066/4814 4067/4760 4069/4644 4068/5257 
f 4068/5257 4069/4644 4071/5088 4070/4584 
f 4070/4584 4071/5088 4073/5575 4072/5234 
f 4069/4855 4067/5237 4083/4832 4084/5090 
f 4072/5234 4073/5575 4075/4876 4074/4833 
f 4074/4833 4075/4876 4053/5625 4052/4808 
f 4060/5430 4062/5437 4105/4510 4104/5405 
f 4081/4762 4080/5168 4092/5261 4093/5310 
f 4067/5237 4065/4699 4082/5212 4083/4832 
f 4065/4699 4063/5073 4081/5008 4082/5212 
f 4063/5073 4061/5331 4080/5199 4081/5008 
f 4061/5331 4059/5182 4079/4954 4080/5199 
f 4053/5296 4075/4906 4087/4955 4077/4530 
f 4055/4875 4053/5296 4077/4530 4076/5458 
f 4059/5182 4057/5167 4078/4988 4079/4954 
f 4075/4906 4073/5240 4086/4674 4087/4955 
f 4057/5167 4055/4875 4076/5458 4078/4988 
f 4073/5240 4071/4754 4085/5009 4086/4674 
f 4071/4754 4069/4855 4084/5090 4085/5009 
f 4077/5377 4087/5431 4099/5089 4089/5117 
f 4078/5477 4076/4877 4088/5378 4090/5406 
f 4085/5351 4084/5337 4096/4958 4097/4890 
f 4082/5614 4081/4762 4093/5310 4094/4911 
f 4079/4724 4078/5477 4090/5406 4091/5213 
f 4086/4578 4085/5351 4097/4890 4098/5532 
f 4083/4907 4082/4577 4094/5552 4095/5021 
f 4080/5168 4079/4724 4091/5213 4092/5261 
f 4087/5431 4086/4578 4098/5532 4099/5089 
f 4076/4877 4077/5377 4089/5117 4088/5378 
f 4084/5337 4083/4907 4095/5021 4096/4958 
f 4100/5013 4101/5370 4102/5459 4103/5353 4104/5091 4105/4583 4106/5243 4107/5115 4108/5433 4109/5609 4110/5356 4111/5220 
f 4058/5438 4060/5430 4104/5405 4103/4693 
f 4074/4861 4052/4771 4100/5146 4111/5518 
f 4052/4771 4054/4908 4101/5596 4100/5146 
f 4056/5204 4058/5438 4103/4693 4102/5409 
f 4072/5012 4074/4861 4111/5518 4110/4753 
f 4054/4908 4056/5204 4102/5409 4101/5596 
f 4070/5534 4072/5012 4110/4753 4109/4968 
f 4068/5555 4070/5534 4109/4968 4108/5135 
f 4066/5338 4068/5555 4108/5135 4107/4625 
f 4064/4641 4066/5338 4107/4625 4106/4550 
f 4062/5437 4064/4641 4106/4550 4105/4510 
f 4112/4719 4113/4657 4115/4579 4114/4991 
f 4114/4991 4115/4579 4117/5587 4116/5027 
f 4116/5027 4117/5587 4119/5065 4118/5444 
f 4118/5444 4119/5065 4121/5207 4120/4599 
f 4120/4870 4121/5615 4123/4800 4122/5113 
f 4122/5113 4123/4800 4125/5066 4124/5597 
f 4124/5597 4125/5066 4127/5140 4126/4676 
f 4126/4676 4127/5140 4113/4657 4112/4719 
f 4128/5197 4129/5054 4131/5177 4130/4910 
f 4135/4763 4137/5557 4155/5150 4153/5610 
f 4132/4651 4130/4531 4149/5591 4150/4841 
f 4133/4509 4135/4763 4153/5610 4151/5014 
f 4136/5276 4137/4858 4139/5389 4138/5541 
f 4138/5541 4139/5389 4141/5185 4140/4809 
f 4140/4809 4141/5185 4143/4588 4142/5131 
f 4142/5131 4143/4588 4145/4725 4144/5067 
f 4131/4810 4129/5291 4147/5611 4145/4613 4143/5163 4141/5132 4139/4554 4137/4695 4135/5217 4133/5592 
f 4144/5067 4145/4725 4147/5577 4146/5373 
f 4146/5373 4147/5577 4129/5054 4128/5197 
f 4128/4639 4130/5593 4132/5015 4134/4712 4136/5311 4138/5253 4140/5553 4142/5631 4144/4647 4146/5339 
f 4154/5481 4152/5521 4160/5354 4162/4797 
f 4155/5371 4154/4961 4162/5218 4163/5359 
f 4149/4794 4148/5174 4156/5198 4157/5059 
f 4134/4791 4132/4651 4150/4841 4152/5521 
f 4131/5367 4133/4509 4151/5014 4148/5618 
f 4130/5031 4131/5540 4148/5174 4149/4794 
f 4137/4871 4136/5443 4154/4961 4155/5371 
f 4136/5579 4134/4791 4152/5521 4154/5481 
f 4157/4811 4156/5535 4159/5379 4158/4913 
f 4158/4913 4159/5379 4161/5635 4160/5077 
f 4160/5077 4161/5635 4163/4645 4162/4586 
f 4151/5014 4153/5610 4161/5524 4159/5290 
f 4150/4841 4149/5591 4157/4673 4158/4941 
f 4153/5610 4155/5150 4163/5463 4161/5524 
f 4152/5521 4150/4841 4158/4941 4160/5354 
f 4148/5618 4151/5014 4159/5290 4156/5183 
f 4164/4863 4165/5147 4167/4865 4166/5384 
f 4166/5384 4167/4865 4169/4511 4168/5214 
f 4168/5214 4169/4511 4171/5516 4170/5258 
f 4170/5258 4171/5516 4173/4834 4172/4975 
f 4172/5092 4173/4992 4175/4998 4174/5519 
f 4174/5519 4175/4998 4177/5368 4176/5559 
f 4176/5559 4177/5368 4179/5292 4178/5032 
f 4178/5032 4179/5292 4165/5147 4164/4863 
f 4180/4872 4181/5148 4183/5447 4182/4569 
f 4187/4755 4189/5486 4207/4601 4205/5221 
f 4184/4905 4182/4576 4201/4726 4202/5462 
f 4185/4925 4187/4755 4205/5221 4203/5222 
f 4188/5333 4189/5030 4191/4930 4190/4786 
f 4190/4786 4191/4930 4193/5224 4192/4533 
f 4192/4533 4193/5224 4195/5546 4194/4551 
f 4194/4551 4195/5546 4197/4696 4196/5035 
f 4183/4839 4181/5278 4199/4679 4197/4512 4195/4658 4193/5538 4191/5293 4189/4728 4187/5360 4185/5037 
f 4196/5035 4197/4696 4199/5388 4198/4945 
f 4198/4945 4199/5388 4181/5148 4180/4872 
f 4180/5554 4182/5556 4184/5372 4186/5616 4188/5410 4190/5078 4192/5152 4194/5106 4196/4912 4198/4895 
f 4206/5023 4204/5255 4212/5294 4214/5385 
f 4207/4867 4206/5033 4214/4956 4215/5460 
f 4201/4661 4200/4756 4208/4652 4209/4701 
f 4186/5478 4184/4905 4202/5462 4204/5255 
f 4183/4605 4185/4925 4203/5222 4200/4758 
f 4182/5435 4183/4698 4200/4756 4201/4661 
f 4189/5110 4188/5380 4206/5033 4207/4867 
f 4188/5028 4186/5478 4204/5255 4206/5023 
f 4209/4926 4208/5414 4211/5011 4210/4766 
f 4210/4766 4211/5011 4213/5415 4212/5489 
f 4212/5489 4213/5415 4215/5548 4214/5071 
f 4203/5222 4205/5221 4213/5133 4211/5632 
f 4202/5462 4201/4726 4209/5016 4210/4516 
f 4205/5221 4207/4601 4215/4716 4213/5133 
f 4204/5255 4202/5462 4210/4516 4212/5294 
f 4200/4758 4203/5222 4211/5632 4208/4874 
f 4216/4840 4217/4942 4219/5315 4218/4842 
f 4218/4842 4219/5315 4221/5034 4220/4812 
f 4220/4812 4221/5034 4223/5176 4222/4896 
f 4222/4896 4223/5176 4225/5165 4224/5510 
f 4224/5010 4225/4717 4227/4734 4226/4506 
f 4226/4506 4227/4734 4229/4580 4228/5279 
f 4228/5279 4229/4580 4231/4567 4230/5479 
f 4230/5479 4231/4567 4217/4942 4216/4840 
f 4232/5504 4233/4614 4235/5525 4234/4648 
f 4239/4646 4241/4769 4259/4879 4257/5523 
f 4236/5434 4234/4517 4253/5057 4254/5178 
f 4237/4694 4239/4646 4257/5523 4255/5298 
f 4240/4974 4241/5111 4243/4893 4242/4678 
f 4242/4678 4243/4893 4245/4585 4244/5594 
f 4244/5594 4245/4585 4247/5582 4246/4581 
f 4246/4581 4247/5582 4249/5275 4248/5432 
f 4235/4534 4233/5316 4251/5436 4249/5280 4247/4995 4245/4990 4243/4721 4241/5055 4239/4731 4237/4582 
f 4248/5432 4249/5275 4251/5461 4250/5226 
f 4250/5226 4251/5461 4233/4614 4232/5504 
f 4232/4860 4234/5633 4236/5134 4238/4894 4240/5107 4242/4733 4244/4869 4246/5074 4248/4552 4250/4642 
f 4258/5536 4256/5312 4264/4640 4266/5075 
f 4259/5369 4258/5256 4266/5416 4267/5277 
f 4253/5617 4252/5580 4260/4899 4261/4519 
f 4238/4959 4236/5434 4254/5178 4256/5312 
f 4235/5412 4237/4694 4255/5298 4252/4900 
f 4234/5068 4235/5238 4252/5580 4253/5617 
f 4241/4727 4240/5149 4258/5256 4259/5369 
f 4240/4653 4238/4959 4256/5312 4258/5536 
f 4261/4866 4260/5382 4263/5383 4262/5300 
f 4262/5300 4263/5383 4265/5116 4264/4675 
f 4264/4675 4265/5116 4267/5313 4266/5482 
f 4255/5298 4257/5523 4265/4856 4263/4901 
f 4254/5178 4253/5057 4261/4626 4262/5295 
f 4257/5523 4259/4879 4267/5334 4265/4856 
f 4256/5312 4254/5178 4262/5295 4264/4640 
f 4252/4900 4255/5298 4263/4901 4260/4759 
# 516 polygons

#
# object Object014
#

v  27.484430 4.146921 47.060730
v  23.505150 4.146920 47.060730
v  23.505150 4.146921 44.473061
v  27.484430 4.146922 44.473061
v  27.484430 3.249094 47.060730
v  23.505150 3.249093 47.060730
v  23.505150 3.249094 44.473061
v  27.484430 3.249094 44.473061
# 8 vertices

vt 0.250000 1.000000 0.000000
vt 1.000000 0.000000 0.000000
vt 0.500000 1.000000 0.000000
vt 0.250000 0.000000 0.000000
# 4 texture coords

o Object014
g Object014
f 4268/5638 4271/5641 4270/5640 4269/5639 
f 4272/5638 4273/5639 4274/5640 4275/5641 
f 4274/5640 4273/5639 4269/5639 4270/5640 
f 4275/5641 4274/5640 4270/5640 4271/5641 
f 4272/5638 4275/5641 4271/5641 4268/5638 
f 4273/5639 4272/5638 4268/5638 4269/5639 
# 6 polygons

#
# object Box058
#

v  23.387274 8.041951 44.625942
v  27.644571 8.041951 44.625942
v  23.420027 10.408931 45.433475
v  27.611818 10.408931 45.433475
v  23.272121 8.041951 47.229588
v  27.759724 8.041951 47.229588
v  23.272121 10.693518 47.229588
v  27.759724 10.693518 47.229588
v  23.387274 7.549024 44.625942
v  27.644571 7.549024 44.625942
v  27.759724 7.549024 47.229588
v  23.272121 7.549024 47.229588
v  23.573788 7.549024 44.820889
v  27.458057 7.549024 44.820889
v  27.555967 7.549024 47.034641
v  23.475878 7.549024 47.034641
v  23.573788 7.979920 44.820889
v  27.458057 7.979920 44.820889
v  27.555967 7.979920 47.034641
v  23.475878 7.979920 47.034641
# 20 vertices

vt 1.000000 0.000000 0.000000
vt 0.000000 0.000000 0.000000
vt 1.000000 1.000000 0.000000
vt 0.000000 1.000000 0.000000
vt 0.000000 0.000000 0.000000
vt 1.000000 0.000000 0.000000
vt 0.000000 1.000000 0.000000
vt 1.000000 1.000000 0.000000
vt 0.000000 0.000000 0.000000
vt 1.000000 0.000000 0.000000
vt 0.000000 1.000000 0.000000
vt 1.000000 1.000000 0.000000
vt 0.000000 0.000000 0.000000
vt 1.000000 0.000000 0.000000
vt 0.000000 1.000000 0.000000
vt 1.000000 1.000000 0.000000
vt 0.000000 0.000000 0.000000
vt 1.000000 0.000000 0.000000
vt 0.000000 1.000000 0.000000
vt 1.000000 1.000000 0.000000
vt 0.000000 0.000000 0.000000
vt 1.000000 0.000000 0.000000
vt 0.000000 1.000000 0.000000
vt 1.000000 1.000000 0.000000
vt 0.000000 0.000000 0.000000
vt 1.000000 0.000000 0.000000
vt 1.000000 1.000000 0.000000
vt 0.000000 1.000000 0.000000
vt 0.000000 0.000000 0.000000
vt 1.000000 0.000000 0.000000
vt 1.000000 1.000000 0.000000
vt 0.000000 1.000000 0.000000
vt 0.000000 0.000000 0.000000
vt 1.000000 0.000000 0.000000
vt 1.000000 1.000000 0.000000
vt 0.000000 1.000000 0.000000
# 36 texture coords

o Box058
g Box058
f 4276/5642 4278/5644 4279/5645 4277/5643 
f 4280/5646 4281/5647 4283/5649 4282/5648 
f 4292/5674 4293/5675 4294/5676 4295/5677 
f 4277/5654 4279/5655 4283/5657 4281/5656 
f 4279/5658 4278/5659 4282/5661 4283/5660 
f 4278/5662 4276/5663 4280/5665 4282/5664 
f 4276/5650 4277/5651 4285/5667 4284/5666 
f 4277/5651 4281/5653 4286/5668 4285/5667 
f 4281/5653 4280/5652 4287/5669 4286/5668 
f 4280/5652 4276/5650 4284/5666 4287/5669 
f 4284/5666 4285/5667 4289/5671 4288/5670 
f 4285/5667 4286/5668 4290/5672 4289/5671 
f 4286/5668 4287/5669 4291/5673 4290/5672 
f 4287/5669 4284/5666 4288/5670 4291/5673 
f 4288/5670 4289/5671 4293/5675 4292/5674 
f 4289/5671 4290/5672 4294/5676 4293/5675 
f 4290/5672 4291/5673 4295/5677 4294/5676 
f 4291/5673 4288/5670 4292/5674 4295/5677 
# 18 polygons

#
# object Box059
#

v  23.275307 4.196881 34.701866
v  32.354774 4.196881 34.701866
v  23.275307 4.196881 30.141037
v  32.354774 4.196881 30.141037
v  23.275307 4.803451 34.701866
v  32.354774 4.803451 34.701866
v  23.275307 4.803451 30.141037
v  32.354774 4.803451 30.141037
v  23.790113 4.196881 30.141037
v  31.839968 4.196881 30.141037
v  31.839968 4.196881 34.701866
v  23.790113 4.196881 34.701866
v  23.790113 4.803451 34.701866
v  31.839968 4.803451 34.701866
v  31.839968 4.803451 30.141037
v  23.790113 4.803451 30.141037
v  23.275307 4.196881 34.218945
v  23.275307 4.196881 30.623959
v  32.354774 4.196881 30.623959
v  32.354774 4.196881 34.218945
v  32.354774 4.803451 34.218945
v  32.354774 4.803451 30.623959
v  23.275307 4.803451 30.623959
v  23.275307 4.803451 34.218945
v  31.839968 4.196881 30.623959
v  31.839968 4.196881 34.218945
v  23.790113 4.196881 34.218945
v  23.790113 4.196881 30.623959
v  31.839968 4.803451 34.218945
v  31.839968 4.803451 30.623959
v  23.790113 4.803451 30.623959
v  23.790113 4.803451 34.218945
v  32.354774 0.761511 34.701866
v  31.839968 0.761511 34.701866
v  31.839968 0.761511 34.218945
v  32.354774 0.761511 34.218945
v  32.354774 0.761511 30.141037
v  32.354774 0.761511 30.623959
v  31.839968 0.761511 30.623959
v  31.839968 0.761511 30.141037
v  23.275307 0.761511 30.141037
v  23.790113 0.761511 30.141037
v  23.790113 0.761511 30.623959
v  23.275307 0.761511 30.623959
v  23.275307 0.761511 34.701866
v  23.275307 0.761511 34.218945
v  23.790113 0.761511 34.218945
v  23.790113 0.761511 34.701866
# 48 vertices

vt 1.000000 0.000000 0.000000
vt 0.000000 0.000000 0.000000
vt 1.000000 1.000000 0.000000
vt 0.000000 1.000000 0.000000
vt 0.000000 0.000000 0.000000
vt 1.000000 0.000000 0.000000
vt 0.000000 1.000000 0.000000
vt 1.000000 1.000000 0.000000
vt 0.000000 0.000000 0.000000
vt 1.000000 0.000000 0.000000
vt 0.000000 1.000000 0.000000
vt 1.000000 1.000000 0.000000
vt 0.000000 0.000000 0.000000
vt 1.000000 0.000000 0.000000
vt 0.000000 1.000000 0.000000
vt 1.000000 1.000000 0.000000
vt 0.000000 0.000000 0.000000
vt 1.000000 0.000000 0.000000
vt 0.000000 1.000000 0.000000
vt 1.000000 1.000000 0.000000
vt 0.000000 0.000000 0.000000
vt 1.000000 0.000000 0.000000
vt 0.000000 1.000000 0.000000
vt 1.000000 1.000000 0.000000
vt 0.943300 1.000000 0.000000
vt 0.056700 1.000000 0.000000
vt 0.943300 0.000000 0.000000
vt 0.056700 0.000000 0.000000
vt 0.056700 0.000000 0.000000
vt 0.943300 0.000000 0.000000
vt 0.943300 0.000000 0.000000
vt 0.056700 0.000000 0.000000
vt 0.056700 0.000000 0.000000
vt 0.943300 0.000000 0.000000
vt 0.056700 1.000000 0.000000
vt 0.943300 1.000000 0.000000
vt 0.943300 1.000000 0.000000
vt 0.056700 1.000000 0.000000
vt 0.056700 1.000000 0.000000
vt 0.943300 1.000000 0.000000
vt 1.000000 0.098958 0.000000
vt 1.000000 0.901042 0.000000
vt 0.901042 0.000000 0.000000
vt 0.098958 0.000000 0.000000
vt 0.000000 0.901042 0.000000
vt 0.000000 0.098958 0.000000
vt 0.901042 0.000000 0.000000
vt 0.098958 0.000000 0.000000
vt 1.000000 0.098958 0.000000
vt 1.000000 0.901042 0.000000
vt 0.098958 1.000000 0.000000
vt 0.901042 1.000000 0.000000
vt 0.000000 0.901042 0.000000
vt 0.000000 0.098958 0.000000
vt 0.098958 1.000000 0.000000
vt 0.901042 1.000000 0.000000
vt 0.056700 0.901042 0.000000
vt 0.056700 0.098958 0.000000
vt 0.943300 0.098958 0.000000
vt 0.943300 0.901042 0.000000
vt 0.943300 0.098958 0.000000
vt 0.943300 0.901042 0.000000
vt 0.056700 0.901042 0.000000
vt 0.056700 0.098958 0.000000
vt 0.000000 0.000000 0.000000
vt 0.056700 0.000000 0.000000
vt 0.056700 0.098958 0.000000
vt 0.000000 0.098958 0.000000
vt 0.000000 1.000000 0.000000
vt 0.000000 0.901042 0.000000
vt 0.056700 0.901042 0.000000
vt 0.056700 1.000000 0.000000
vt 1.000000 1.000000 0.000000
vt 0.943300 1.000000 0.000000
vt 0.943300 0.901042 0.000000
vt 1.000000 0.901042 0.000000
vt 1.000000 0.000000 0.000000
vt 1.000000 0.098958 0.000000
vt 0.943300 0.098958 0.000000
vt 0.943300 0.000000 0.000000
# 80 texture coords

o Box059
g Box059
f 4320/5734 4321/5735 4322/5736 4323/5737 
f 4324/5738 4325/5739 4326/5740 4327/5741 
f 4307/5709 4306/5708 4309/5713 4308/5712 
f 4315/5725 4314/5724 4317/5729 4316/5728 
f 4305/5705 4304/5704 4311/5717 4310/5716 
f 4313/5721 4312/5720 4319/5733 4318/5732 
f 4314/5722 4315/5723 4321/5735 4320/5734 
f 4312/5718 4313/5719 4323/5737 4322/5736 
f 4316/5726 4317/5727 4325/5739 4324/5738 
f 4318/5730 4319/5731 4327/5741 4326/5740 
f 4306/5708 4297/5687 4301/5689 4309/5713 
f 4308/5712 4300/5688 4296/5686 4307/5709 
f 4304/5704 4298/5695 4302/5697 4311/5717 
f 4310/5716 4303/5696 4299/5694 4305/5705 
f 4321/5735 4306/5706 4307/5707 4322/5736 
f 4323/5737 4304/5702 4305/5703 4320/5734 
f 4325/5739 4310/5714 4311/5715 4326/5740 
f 4327/5741 4308/5710 4309/5711 4324/5738 
f 4314/5724 4299/5691 4303/5693 4317/5729 
f 4316/5728 4301/5692 4297/5690 4315/5725 
f 4312/5720 4296/5699 4300/5701 4319/5733 
f 4318/5732 4302/5700 4298/5698 4313/5721 
f 4331/5745 4328/5742 4329/5743 4330/5744 
f 4334/5748 4335/5749 4332/5746 4333/5747 
f 4339/5753 4336/5750 4337/5751 4338/5752 
f 4342/5756 4343/5757 4340/5754 4341/5755 
f 4317/5727 4303/5685 4310/5714 4325/5739 
f 4324/5738 4309/5711 4301/5683 4316/5726 
f 4319/5731 4300/5682 4308/5710 4327/5741 
f 4326/5740 4311/5715 4302/5684 4318/5730 
f 4297/5679 4306/5706 4329/5743 4328/5742 
f 4306/5706 4321/5735 4330/5744 4329/5743 
f 4321/5735 4315/5723 4331/5745 4330/5744 
f 4315/5723 4297/5679 4328/5742 4331/5745 
f 4299/5681 4314/5722 4333/5747 4332/5746 
f 4314/5722 4320/5734 4334/5748 4333/5747 
f 4320/5734 4305/5703 4335/5749 4334/5748 
f 4305/5703 4299/5681 4332/5746 4335/5749 
f 4298/5680 4304/5702 4337/5751 4336/5750 
f 4304/5702 4323/5737 4338/5752 4337/5751 
f 4323/5737 4313/5719 4339/5753 4338/5752 
f 4313/5719 4298/5680 4336/5750 4339/5753 
f 4296/5678 4312/5718 4341/5755 4340/5754 
f 4312/5718 4322/5736 4342/5756 4341/5755 
f 4322/5736 4307/5707 4343/5757 4342/5756 
f 4307/5707 4296/5678 4340/5754 4343/5757 
# 46 polygons

