# 3ds Max Wavefront OBJ Exporter v0.97b - (c)2007 guruware
# File Created: 28.06.2021 16:53:28

#
# object Plane002
#

v  0.348925 0.797369 41.777905
v  17.640362 0.797368 41.777905
v  21.432165 0.797368 41.777905
v  38.723602 0.797368 47.758057
v  0.348925 0.797368 35.501308
v  17.640362 0.797368 35.501308
v  21.432165 0.797368 35.501308
v  38.723602 0.797368 35.501308
v  0.348927 0.797369 28.767151
v  17.640362 0.797368 28.767151
v  21.432165 0.797368 28.767151
v  38.723598 0.797369 28.767151
v  0.348927 0.797369 21.375053
v  17.640362 0.797368 21.375053
v  21.432165 0.797368 21.375053
v  38.723598 0.797369 21.375053
v  0.348927 0.797368 0.472469
v  17.640362 0.797368 0.472469
v  21.432165 0.797368 0.472469
v  38.723598 0.797368 0.472469
v  0.348925 0.440062 41.777905
v  17.640362 0.440063 41.777905
v  21.432165 0.440063 41.777905
v  38.723602 0.440062 47.758057
v  0.348925 0.440063 35.501308
v  38.723602 0.440063 35.501308
v  0.348927 0.440063 28.767151
v  38.723598 0.440063 28.767151
v  0.348927 0.440063 21.375053
v  38.723598 0.440063 21.375053
v  0.348927 0.440063 0.472469
v  17.640362 0.440063 0.472469
v  21.432165 0.440063 0.472469
v  38.723598 0.440063 0.472469
v  17.640360 0.440005 35.501308
v  21.432165 0.440005 35.501308
v  0.966064 0.797368 35.501305
v  0.966066 0.797368 41.777905
v  0.966064 0.797368 28.767151
v  0.966064 0.797368 21.375053
v  0.966064 0.797368 0.472469
v  0.966066 0.440062 41.777905
v  0.966068 0.440063 0.472469
v  38.106461 0.797368 35.501305
v  38.106457 0.797368 47.758053
v  38.106461 0.797368 28.767151
v  38.106461 0.797368 21.375053
v  38.106453 0.797368 0.472469
v  38.106457 0.440062 47.758057
v  38.106453 0.440063 0.472469
v  0.348927 0.797368 1.245529
v  17.640362 0.797368 1.245529
v  21.432163 0.797368 1.245529
v  38.723598 0.797368 1.245529
v  0.348927 0.440063 1.245529
v  38.723598 0.440063 1.245529
v  0.966064 0.797368 1.245529
v  38.106453 0.797368 1.245529
v  0.348927 0.797368 41.255234
v  17.640362 0.797368 41.255234
v  21.894226 0.797368 41.255234
v  38.723598 0.797368 47.235390
v  0.348927 0.440063 41.255241
v  38.723598 0.440063 47.235390
v  17.640362 0.440055 41.255241
v  21.894226 0.440055 41.255241
v  0.966066 0.797368 41.255234
v  38.106457 0.797368 47.235382
v  0.348927 20.281609 35.501305
v  0.348927 20.281609 41.255234
v  0.348927 20.281612 41.777901
v  0.966070 20.281612 41.777901
v  17.640362 20.281612 41.777901
v  17.640362 20.281609 41.255234
v  0.966070 20.281609 41.255234
v  0.966066 20.281609 35.501305
v  0.966066 20.281609 28.767151
v  0.966066 20.281610 21.375053
v  0.966066 20.281607 1.245531
v  17.640362 20.281609 1.245531
v  21.432163 20.281609 1.245531
v  38.106453 20.281607 1.245531
v  38.106457 20.281610 21.375053
v  38.106457 20.281609 28.767151
v  38.106457 20.281609 35.501305
v  38.106457 20.281610 47.235382
v  21.894226 20.281609 41.255234
v  21.432163 20.281612 41.777901
v  38.106457 20.281610 47.758053
v  38.723598 20.281610 47.758053
v  38.723598 20.281610 47.235390
v  38.723598 20.281609 35.501305
v  38.723598 20.281609 28.767151
v  38.723598 20.281610 21.375053
v  38.723598 20.281607 1.245531
v  38.723598 20.281607 0.472469
v  38.106453 20.281607 0.472469
v  21.432163 20.281609 0.472469
v  17.640362 20.281609 0.472469
v  0.966066 20.281607 0.472469
v  0.348927 20.281607 0.472469
v  0.348927 20.281607 1.245531
v  0.348927 20.281610 21.375053
v  0.348927 20.281609 28.767151
v  10.033547 0.797369 35.501308
v  21.440918 0.797368 47.758057
v  10.033547 0.797369 28.767151
v  10.033547 0.797369 21.375053
v  10.033550 0.797368 0.472469
v  21.440918 0.440062 47.758057
v  10.033550 0.440063 0.472469
v  10.033548 0.797369 41.777901
v  10.033548 0.440063 41.777905
v  30.374851 0.797368 35.501308
v  30.374851 0.797369 28.767151
v  30.374851 0.797369 21.375053
v  30.374851 0.797368 0.472469
v  30.374851 0.440063 0.472469
v  30.374851 0.797368 1.245529
v  10.033550 0.797368 1.245529
v  21.902979 0.797368 47.235390
v  10.033549 0.797368 41.255234
v  10.033549 20.281612 41.777901
v  10.033549 20.281610 41.255234
v  10.033550 20.281607 1.245531
v  30.374849 20.281607 1.245531
v  21.902979 20.281610 47.235390
v  21.440916 20.281610 47.758053
v  30.374849 20.281607 0.472469
v  10.033550 20.281607 0.472469
v  0.348927 7.658176 35.501308
v  0.348927 7.658176 41.255234
v  0.348927 7.658176 41.777905
v  0.966066 7.658176 41.777905
v  17.640362 7.658176 41.777901
v  17.640362 7.658176 41.255234
v  0.966066 7.658176 41.255234
v  0.966064 7.658176 35.501305
v  0.966064 7.658176 28.767151
v  0.966064 7.658176 21.375053
v  0.966064 7.658175 1.245529
v  17.640362 7.658176 1.245529
v  21.432163 7.658176 1.245529
v  38.106453 7.658175 1.245529
v  38.106461 7.658176 21.375053
v  38.106461 7.658176 28.767151
v  38.106461 7.658176 35.501305
v  38.106457 7.658176 47.235382
v  21.894226 7.658176 41.255234
v  21.432165 7.658176 41.777901
v  38.106457 7.658176 47.758053
v  38.723598 7.658176 47.758057
v  38.723598 7.658176 47.235390
v  38.723598 7.658176 35.501308
v  38.723598 7.658176 28.767151
v  38.723598 7.658176 21.375053
v  38.723598 7.658175 1.245529
v  38.723598 7.658175 0.472469
v  38.106453 7.658175 0.472469
v  21.432163 7.658176 0.472469
v  17.640362 7.658176 0.472469
v  0.966064 7.658175 0.472469
v  0.348927 7.658175 0.472469
v  0.348927 7.658175 1.245529
v  0.348927 7.658176 21.375053
v  0.348927 7.658176 28.767151
v  10.033549 7.658176 41.777901
v  10.033549 7.658176 41.255234
v  10.033550 7.658175 1.245529
v  30.374851 7.658175 1.245529
v  21.902979 7.658176 47.235390
v  21.440918 7.658176 47.758057
v  30.374851 7.658175 0.472469
v  10.033550 7.658175 0.472469
v  0.966068 0.440063 1.245529
v  10.033550 0.440063 1.245529
v  17.640362 0.440061 1.245529
v  21.432165 0.440061 1.245529
v  30.374851 0.440063 1.245529
v  38.106453 0.440063 1.245529
v  38.106461 0.440064 21.375053
v  30.374851 0.440063 21.375051
v  21.432165 0.440042 21.375053
v  17.640360 0.440042 21.375053
v  10.033547 0.440063 21.375053
v  0.966066 0.440064 21.375053
v  38.106461 0.440063 28.767151
v  30.374851 0.440063 28.767151
v  21.432165 0.440023 28.767155
v  17.640360 0.440023 28.767155
v  10.033547 0.440063 28.767151
v  0.966066 0.440063 28.767151
v  0.966066 0.440063 35.501308
v  10.033547 0.440063 35.501297
v  30.374851 0.440063 35.501301
v  38.106461 0.440063 35.501308
v  0.966066 0.440062 41.255238
v  10.033549 0.440061 41.255234
v  21.902979 0.440062 47.235390
v  38.106457 0.440062 47.235390
v  0.348927 0.548806 41.777905
v  17.640362 0.548806 41.777905
v  21.432165 0.548806 41.777905
v  38.723598 0.548805 47.758057
v  0.348927 0.548806 35.501308
v  38.723598 0.548806 35.501308
v  0.348927 0.548806 28.767151
v  38.723598 0.548806 28.767151
v  0.348927 0.548806 21.375053
v  38.723598 0.548806 21.375053
v  0.348927 0.548806 0.472471
v  17.640362 0.548806 0.472471
v  21.432165 0.548806 0.472471
v  38.723598 0.548806 0.472471
v  17.640362 0.548777 35.501308
v  21.432165 0.548777 35.501308
v  0.966068 0.548806 41.777905
v  0.966068 0.548806 0.472471
v  38.106457 0.548805 47.758053
v  38.106453 0.548806 0.472471
v  0.348927 0.548806 1.245529
v  38.723598 0.548806 1.245529
v  0.348927 0.548806 41.255234
v  38.723598 0.548805 47.235390
v  17.640362 0.548802 41.255234
v  21.894226 0.548802 41.255234
v  10.033549 0.548806 41.777905
v  30.374851 0.548806 0.472471
v  10.033550 0.548807 0.472471
v  21.440918 0.548805 47.758057
v  17.640362 0.797368 15.862924
v  21.432163 0.797368 15.862924
v  38.723598 0.797369 15.862924
v  38.723598 0.440063 15.862924
v  0.966066 0.797368 15.862924
v  38.106457 0.797368 15.862924
v  0.348927 0.797369 15.862924
v  0.348927 0.440063 15.862924
v  0.966068 20.281609 15.862924
v  38.106457 20.281609 15.862924
v  38.723598 20.281609 15.862924
v  0.348928 20.281609 15.862924
v  10.033549 0.797369 15.862924
v  30.374851 0.797369 15.862924
v  0.966066 7.658176 15.862924
v  38.106457 7.658176 15.862924
v  38.723598 7.658176 15.862924
v  0.348927 7.658176 15.862924
v  0.966068 0.440063 15.862924
v  10.033549 0.440063 15.862924
v  17.640362 0.440052 15.862924
v  21.432165 0.440052 15.862924
v  30.374851 0.440063 15.862924
v  38.106457 0.440063 15.862924
v  0.348927 0.548806 15.862924
v  38.723598 0.548806 15.862924
# 256 vertices

vt 0.000000 0.000000 0.000000
vt 0.250000 0.000000 0.000000
vt 0.750000 0.000000 0.000000
vt 1.000000 0.000000 0.000000
vt 0.000000 0.250000 0.000000
vt 0.250000 0.250000 0.000000
vt 0.750000 0.250000 0.000000
vt 1.000000 0.250000 0.000000
vt 0.000000 0.500000 0.000000
vt 0.250000 0.500000 0.000000
vt 0.750000 0.500000 0.000000
vt 1.000000 0.500000 0.000000
vt 0.000000 0.750000 0.000000
vt 0.250000 0.750000 0.000000
vt 0.750000 0.750000 0.000000
vt 1.000000 0.750000 0.000000
vt 0.000000 1.000000 0.000000
vt 0.250000 1.000000 0.000000
vt 0.750000 1.000000 0.000000
vt 1.000000 1.000000 0.000000
vt 0.000000 0.250000 0.000000
vt 0.000000 0.000000 0.000000
vt 0.250000 0.000000 0.000000
vt 0.750000 0.000000 0.000000
vt 1.000000 0.000000 0.000000
vt 1.000000 0.250000 0.000000
vt 0.000000 0.500000 0.000000
vt 1.000000 0.500000 0.000000
vt 0.000000 0.750000 0.000000
vt 1.000000 0.750000 0.000000
vt 0.000000 1.000000 0.000000
vt 0.250000 1.000000 0.000000
vt 0.750000 1.000000 0.000000
vt 1.000000 1.000000 0.000000
vt 0.250000 0.250000 0.000000
vt 0.750000 0.250000 0.000000
vt 0.012500 0.250000 0.000000
vt 0.012500 0.000000 0.000000
vt 0.012500 0.500000 0.000000
vt 0.012500 0.750000 0.000000
vt 0.012500 1.000000 0.000000
vt 0.012500 0.000000 0.000000
vt 0.012500 1.000000 0.000000
vt 0.987500 0.250000 0.000000
vt 0.987500 0.000000 0.000000
vt 0.987500 0.500000 0.000000
vt 0.987500 0.750000 0.000000
vt 0.987500 1.000000 0.000000
vt 0.987500 0.000000 0.000000
vt 0.987500 1.000000 0.000000
vt 0.000000 0.981250 0.000000
vt 0.250000 0.981250 0.000000
vt 0.750000 0.981250 0.000000
vt 1.000000 0.981250 0.000000
vt 0.000000 0.981250 0.000000
vt 1.000000 0.981250 0.000000
vt 0.012500 0.981250 0.000000
vt 0.987500 0.981250 0.000000
vt 0.000000 0.031250 0.000000
vt 0.250000 0.031250 0.000000
vt 0.750000 0.031250 0.000000
vt 1.000000 0.031250 0.000000
vt 0.000000 0.031250 0.000000
vt 1.000000 0.031250 0.000000
vt 0.031250 0.031250 0.000000
vt 0.312500 0.031250 0.000000
vt 0.012500 0.031250 0.000000
vt 0.987500 0.031250 0.000000
vt 0.000000 0.250000 0.000000
vt 0.000000 0.031250 0.000000
vt 0.000000 0.000000 0.000000
vt 0.012500 0.000000 0.000000
vt 0.250000 0.000000 0.000000
vt 0.250000 0.031250 0.000000
vt 0.012500 0.031250 0.000000
vt 0.012500 0.250000 0.000000
vt 0.012500 0.500000 0.000000
vt 0.012500 0.750000 0.000000
vt 0.012500 0.981250 0.000000
vt 0.250000 0.981250 0.000000
vt 0.750000 0.981250 0.000000
vt 0.987500 0.981250 0.000000
vt 0.987500 0.750000 0.000000
vt 0.987500 0.500000 0.000000
vt 0.987500 0.250000 0.000000
vt 0.987500 0.031250 0.000000
vt 0.750000 0.031250 0.000000
vt 0.750000 0.000000 0.000000
vt 0.987500 0.000000 0.000000
vt 1.000000 0.000000 0.000000
vt 1.000000 0.031250 0.000000
vt 1.000000 0.250000 0.000000
vt 1.000000 0.500000 0.000000
vt 1.000000 0.750000 0.000000
vt 1.000000 0.981250 0.000000
vt 1.000000 1.000000 0.000000
vt 0.987500 1.000000 0.000000
vt 0.750000 1.000000 0.000000
vt 0.250000 1.000000 0.000000
vt 0.012500 1.000000 0.000000
vt 0.000000 1.000000 0.000000
vt 0.000000 0.981250 0.000000
vt 0.000000 0.750000 0.000000
vt 0.000000 0.500000 0.000000
vt 0.131250 0.250000 0.000000
vt 0.868750 0.000000 0.000000
vt 0.131250 0.500000 0.000000
vt 0.131250 0.750000 0.000000
vt 0.131250 1.000000 0.000000
vt 0.868750 0.000000 0.000000
vt 0.131250 1.000000 0.000000
vt 0.131250 0.000000 0.000000
vt 0.131250 0.000000 0.000000
vt 0.868750 0.250000 0.000000
vt 0.868750 0.500000 0.000000
vt 0.868750 0.750000 0.000000
vt 0.868750 1.000000 0.000000
vt 0.868750 1.000000 0.000000
vt 0.868750 0.981250 0.000000
vt 0.131250 0.981250 0.000000
vt 0.868750 0.031250 0.000000
vt 0.131250 0.031250 0.000000
vt 0.131250 0.000000 0.000000
vt 0.131250 0.031250 0.000000
vt 0.131250 0.981250 0.000000
vt 0.868750 0.981250 0.000000
vt 0.868750 0.031250 0.000000
vt 0.868750 0.000000 0.000000
vt 0.868750 1.000000 0.000000
vt 0.131250 1.000000 0.000000
vt 0.000000 0.250000 0.000000
vt 0.000000 0.031250 0.000000
vt 0.000000 0.000000 0.000000
vt 0.012500 0.000000 0.000000
vt 0.250000 0.000000 0.000000
vt 0.250000 0.031250 0.000000
vt 0.012500 0.031250 0.000000
vt 0.012500 0.250000 0.000000
vt 0.012500 0.500000 0.000000
vt 0.012500 0.750000 0.000000
vt 0.012500 0.981250 0.000000
vt 0.250000 0.981250 0.000000
vt 0.750000 0.981250 0.000000
vt 0.987500 0.981250 0.000000
vt 0.987500 0.750000 0.000000
vt 0.987500 0.500000 0.000000
vt 0.987500 0.250000 0.000000
vt 0.987500 0.031250 0.000000
vt 0.750000 0.031250 0.000000
vt 0.750000 0.000000 0.000000
vt 0.987500 0.000000 0.000000
vt 1.000000 0.000000 0.000000
vt 1.000000 0.031250 0.000000
vt 1.000000 0.250000 0.000000
vt 1.000000 0.500000 0.000000
vt 1.000000 0.750000 0.000000
vt 1.000000 0.981250 0.000000
vt 1.000000 1.000000 0.000000
vt 0.987500 1.000000 0.000000
vt 0.750000 1.000000 0.000000
vt 0.250000 1.000000 0.000000
vt 0.012500 1.000000 0.000000
vt 0.000000 1.000000 0.000000
vt 0.000000 0.981250 0.000000
vt 0.000000 0.750000 0.000000
vt 0.000000 0.500000 0.000000
vt 0.131250 0.000000 0.000000
vt 0.131250 0.031250 0.000000
vt 0.131250 0.981250 0.000000
vt 0.868750 0.981250 0.000000
vt 0.868750 0.031250 0.000000
vt 0.868750 0.000000 0.000000
vt 0.868750 1.000000 0.000000
vt 0.131250 1.000000 0.000000
vt 0.012500 0.970833 0.000000
vt 0.131250 0.970833 0.000000
vt 0.250000 0.973767 0.000000
vt 0.750000 0.973767 0.000000
vt 0.868750 0.970833 0.000000
vt 0.987500 0.970833 0.000000
vt 0.987500 0.703358 0.000000
vt 0.868750 0.703358 0.000000
vt 0.750000 0.733195 0.000000
vt 0.250000 0.733195 0.000000
vt 0.131250 0.703358 0.000000
vt 0.012500 0.703358 0.000000
vt 0.987500 0.422231 0.000000
vt 0.868750 0.422231 0.000000
vt 0.750000 0.480345 0.000000
vt 0.250000 0.480345 0.000000
vt 0.131250 0.422231 0.000000
vt 0.012500 0.422231 0.000000
vt 0.012500 0.166126 0.000000
vt 0.131250 0.166126 0.000000
vt 0.868750 0.166126 0.000000
vt 0.987500 0.166126 0.000000
vt 0.012500 0.023862 0.000000
vt 0.131250 0.023862 0.000000
vt 0.868750 0.023862 0.000000
vt 0.987500 0.023862 0.000000
vt 0.000000 0.000000 0.000000
vt 0.250000 0.000000 0.000000
vt 0.125000 0.000000 0.000000
vt 0.750000 0.000000 0.000000
vt 0.500000 0.000000 0.000000
vt 1.000000 0.000000 0.000000
vt 0.000000 0.250000 0.000000
vt 1.000000 0.250000 0.000000
vt 0.000000 0.500000 0.000000
vt 1.000000 0.500000 0.000000
vt 0.000000 0.750000 0.000000
vt 1.000000 0.750000 0.000000
vt 0.000000 1.000000 0.000000
vt 0.250000 1.000000 0.000000
vt 0.750000 1.000000 0.000000
vt 1.000000 1.000000 0.000000
vt 0.250000 0.250000 0.000000
vt 0.750000 0.250000 0.000000
vt 0.012500 0.000000 0.000000
vt 0.012500 1.000000 0.000000
vt 0.987500 0.000000 0.000000
vt 0.987500 1.000000 0.000000
vt 0.000000 0.981250 0.000000
vt 1.000000 0.981250 0.000000
vt 0.000000 0.031250 0.000000
vt 1.000000 0.031250 0.000000
vt 0.140625 0.031250 0.000000
vt 0.531250 0.031250 0.000000
vt 0.131250 0.000000 0.000000
vt 0.868750 1.000000 0.000000
vt 0.131250 1.000000 0.000000
vt 0.868750 0.000000 0.000000
vt 0.250000 0.865625 0.000000
vt 0.750000 0.865625 0.000000
vt 1.000000 0.865625 0.000000
vt 1.000000 0.865625 0.000000
vt 0.012500 0.865625 0.000000
vt 0.987500 0.865625 0.000000
vt 0.000000 0.865625 0.000000
vt 0.000000 0.865625 0.000000
vt 0.012500 0.865625 0.000000
vt 0.987500 0.865625 0.000000
vt 1.000000 0.865625 0.000000
vt 0.000000 0.865625 0.000000
vt 0.131250 0.865625 0.000000
vt 0.868750 0.865625 0.000000
vt 0.012500 0.865625 0.000000
vt 0.987500 0.865625 0.000000
vt 1.000000 0.865625 0.000000
vt 0.000000 0.865625 0.000000
vt 0.012500 0.837096 0.000000
vt 0.131250 0.837096 0.000000
vt 0.250000 0.853481 0.000000
vt 0.750000 0.853481 0.000000
vt 0.868750 0.837096 0.000000
vt 0.987500 0.837096 0.000000
vt 0.000000 0.865625 0.000000
vt 1.000000 0.865625 0.000000
# 258 texture coords

o Plane002
g Plane002
f 69/69 70/70 75/75 76/76 
f 7/7 61/61 121/121 114/114 
f 104/104 69/69 76/76 77/77 
f 10/10 6/6 7/7 11/11 
f 11/11 7/7 114/114 115/115 
f 103/103 104/104 77/77 78/78 
f 14/14 10/10 11/11 15/15 
f 15/15 11/11 115/115 116/116 
f 101/101 102/102 79/79 100/100 
f 99/99 80/80 81/81 98/98 
f 98/98 81/81 126/126 129/129 
f 1/1 59/59 223/225 201/201 
f 2/2 112/112 227/229 202/202 
f 8/8 62/62 224/226 206/208 
f 4/4 45/45 219/221 204/206 
f 5/5 9/9 207/209 205/207 
f 12/12 8/8 206/208 208/210 
f 9/9 13/13 209/211 207/209 
f 16/16 12/12 208/210 210/212 
f 13/13 237/239 255/257 209/211 
f 17/17 41/41 218/220 211/213 
f 18/18 19/19 213/215 212/214 
f 19/19 117/117 228/230 213/215 
f 20/20 54/54 222/224 214/216 
f 7/7 6/6 215/217 216/218 
f 7/7 216/218 226/228 61/61 
f 72/72 123/123 124/124 75/75 
f 37/37 105/105 107/107 39/39 
f 39/39 107/107 108/108 40/40 
f 40/40 108/108 243/245 235/237 
f 38/38 1/1 201/201 217/219 
f 41/41 109/109 229/231 218/220 
f 89/89 90/90 91/91 86/86 
f 85/85 92/92 93/93 84/84 
f 84/84 93/93 94/94 83/83 
f 83/83 94/94 241/243 240/242 
f 45/45 106/106 230/232 219/221 
f 48/48 20/20 214/216 220/222 
f 102/102 242/244 239/241 79/79 
f 52/52 231/233 232/234 53/53 
f 53/53 232/234 244/246 119/119 
f 51/51 17/17 211/213 221/223 
f 54/54 233/235 256/258 222/224 
f 80/80 99/99 130/130 125/125 
f 95/95 96/96 97/97 82/82 
f 70/70 71/71 72/72 75/75 
f 87/87 88/88 128/128 127/127 
f 59/59 5/5 205/207 223/225 
f 62/62 4/4 204/206 224/226 
f 60/60 2/2 202/203 225/227 
f 60/60 6/6 105/105 122/122 
f 91/91 92/92 85/85 86/86 
f 5/5 59/59 132/132 131/131 
f 59/59 1/1 133/133 132/132 
f 1/1 38/38 134/134 133/133 
f 38/38 112/112 167/167 134/134 
f 2/2 60/60 136/136 135/135 
f 60/60 122/122 168/168 136/136 
f 67/67 37/37 138/138 137/137 
f 37/37 39/39 139/139 138/138 
f 39/39 40/40 140/140 139/139 
f 40/40 235/237 245/247 140/140 
f 57/57 120/120 169/169 141/141 
f 52/52 53/53 143/143 142/142 
f 53/53 119/119 170/170 143/143 
f 58/58 236/238 246/248 144/144 
f 47/47 46/46 146/146 145/145 
f 46/46 44/44 147/147 146/146 
f 44/44 68/68 148/148 147/147 
f 68/68 121/121 171/171 148/148 
f 61/61 3/3 150/150 149/149 
f 3/3 106/106 172/172 150/150 
f 45/45 4/4 152/152 151/151 
f 4/4 62/62 153/153 152/152 
f 62/62 8/8 154/154 153/153 
f 8/8 12/12 155/155 154/154 
f 12/12 16/16 156/156 155/155 
f 16/16 233/235 247/249 156/156 
f 54/54 20/20 158/158 157/157 
f 20/20 48/48 159/159 158/158 
f 48/48 117/117 173/173 159/159 
f 19/19 18/18 161/161 160/160 
f 18/18 109/109 174/174 161/161 
f 41/41 17/17 163/163 162/162 
f 17/17 51/51 164/164 163/163 
f 51/51 237/239 248/250 164/164 
f 13/13 9/9 166/166 165/165 
f 9/9 5/5 131/131 166/166 
f 121/121 68/68 44/44 114/114 
f 114/114 44/44 46/46 115/115 
f 115/115 46/46 47/47 116/116 
f 126/126 82/82 97/97 129/129 
f 112/112 38/38 217/219 227/229 
f 117/117 48/48 220/222 228/230 
f 123/123 73/73 74/74 124/124 
f 105/105 6/6 10/10 107/107 
f 107/107 10/10 14/14 108/108 
f 108/108 14/14 231/233 243/245 
f 109/109 18/18 212/214 229/231 
f 106/106 3/3 203/204 230/232 
f 116/116 47/47 236/238 244/246 
f 130/130 100/100 79/79 125/125 
f 128/128 89/89 86/86 127/127 
f 105/105 37/37 67/67 122/122 
f 112/112 2/2 135/135 167/167 
f 122/122 67/67 137/137 168/168 
f 120/120 52/52 142/142 169/169 
f 119/119 58/58 144/144 170/170 
f 121/121 61/61 149/149 171/171 
f 106/106 45/45 151/151 172/172 
f 117/117 19/19 160/160 173/173 
f 109/109 41/41 162/162 174/174 
f 132/132 70/70 69/69 131/131 
f 133/133 71/71 70/70 132/132 
f 134/134 72/72 71/71 133/133 
f 167/167 123/123 72/72 134/134 
f 168/168 124/124 74/74 136/136 
f 138/138 76/76 75/75 137/137 
f 139/139 77/77 76/76 138/138 
f 140/140 78/78 77/77 139/139 
f 141/141 79/79 239/241 245/247 
f 169/169 125/125 79/79 141/141 
f 143/143 81/81 80/80 142/142 
f 170/170 126/126 81/81 143/143 
f 145/145 83/83 240/242 246/248 
f 146/146 84/84 83/83 145/145 
f 147/147 85/85 84/84 146/146 
f 148/148 86/86 85/85 147/147 
f 171/171 127/127 86/86 148/148 
f 172/172 128/128 88/88 150/150 
f 152/152 90/90 89/89 151/151 
f 153/153 91/91 90/90 152/152 
f 154/154 92/92 91/91 153/153 
f 155/155 93/93 92/92 154/154 
f 156/156 94/94 93/93 155/155 
f 157/157 95/95 241/243 247/249 
f 158/158 96/96 95/95 157/157 
f 159/159 97/97 96/96 158/158 
f 173/173 129/129 97/97 159/159 
f 161/161 99/99 98/98 160/160 
f 174/174 130/130 99/99 161/161 
f 163/163 101/101 100/100 162/162 
f 164/164 102/102 101/101 163/163 
f 165/165 103/103 242/244 248/250 
f 166/166 104/104 103/103 165/165 
f 131/131 69/69 104/104 166/166 
f 135/135 73/73 123/123 167/167 
f 137/137 75/75 124/124 168/168 
f 142/142 80/80 125/125 169/169 
f 144/144 82/82 126/126 170/170 
f 149/149 87/87 127/127 171/171 
f 151/151 89/89 128/128 172/172 
f 160/160 98/98 129/129 173/173 
f 162/162 100/100 130/130 174/174 
f 74/74 73/73 88/88 87/87 
f 73/73 135/135 150/150 88/88 
f 135/135 136/136 149/149 150/150 
f 136/136 74/74 87/87 149/149 
f 29/29 238/240 249/251 186/186 
f 177/177 251/253 250/252 176/176 
f 180/180 254/256 253/255 179/179 
f 178/178 252/254 251/253 177/177 
f 179/179 253/255 252/254 178/178 
f 56/56 234/236 254/256 180/180 
f 176/176 250/252 249/251 175/175 
f 55/55 31/31 43/43 175/175 
f 175/175 43/43 111/111 176/176 
f 176/176 111/111 32/32 177/177 
f 177/177 32/32 33/33 178/178 
f 178/178 33/33 118/118 179/179 
f 179/179 118/118 50/50 180/180 
f 180/180 50/50 34/34 56/56 
f 30/30 28/28 187/187 181/181 
f 181/181 187/187 188/188 182/182 
f 182/182 188/188 189/189 183/183 
f 183/183 189/189 190/190 184/184 
f 184/184 190/190 191/191 185/185 
f 185/185 191/191 192/192 186/186 
f 186/186 192/192 27/27 29/29 
f 64/64 24/25 49/49 200/200 
f 200/200 49/49 110/110 199/199 
f 199/199 110/110 23/24 66/66 
f 189/189 36/36 35/35 190/190 
f 65/65 22/22 113/113 198/198 
f 198/198 113/113 42/42 197/197 
f 197/197 42/42 21/22 63/63 
f 25/21 27/27 192/192 193/193 
f 193/193 192/192 191/191 194/194 
f 194/194 191/191 190/190 35/35 
f 36/36 189/189 188/188 195/195 
f 195/195 188/188 187/187 196/196 
f 196/196 187/187 28/28 26/26 
f 63/63 25/21 193/193 197/197 
f 197/197 193/193 194/194 198/198 
f 198/198 194/194 35/35 65/65 
f 66/66 36/36 195/195 199/199 
f 199/199 195/195 196/196 200/200 
f 200/200 196/196 26/26 64/64 
f 223/225 63/63 21/22 201/201 
f 227/229 113/113 22/23 202/202 
f 224/226 64/64 26/26 206/208 
f 219/221 49/49 24/25 204/206 
f 207/209 27/27 25/21 205/207 
f 206/208 26/26 28/28 208/210 
f 209/211 29/29 27/27 207/209 
f 208/210 28/28 30/30 210/212 
f 221/223 55/55 238/240 255/257 
f 218/220 43/43 31/31 211/213 
f 213/215 33/33 32/32 212/214 
f 228/230 118/118 33/33 213/215 
f 222/224 56/56 34/34 214/216 
f 215/217 35/35 36/36 216/218 
f 215/217 6/6 60/60 225/227 
f 201/201 21/22 42/42 217/219 
f 229/231 111/111 43/43 218/220 
f 230/232 110/110 49/49 219/221 
f 214/216 34/34 50/50 220/222 
f 211/213 31/31 55/55 221/223 
f 210/212 30/30 234/236 256/258 
f 205/207 25/21 63/63 223/225 
f 204/206 24/25 64/64 224/226 
f 203/205 3/3 61/61 226/228 
f 217/219 42/42 113/113 227/229 
f 220/222 50/50 118/118 228/230 
f 212/214 32/32 111/111 229/231 
f 203/204 23/24 110/110 230/232 
f 35/35 215/217 216/218 36/36 
f 215/217 225/227 226/228 216/218 
f 225/227 202/203 203/205 226/228 
f 202/202 22/23 23/24 203/204 
f 22/22 65/65 66/66 23/24 
f 65/65 35/35 36/36 66/66 
f 237/239 51/51 221/223 255/257 
f 243/245 120/120 57/57 235/237 
f 241/243 95/95 82/82 240/242 
f 242/244 103/103 78/78 239/241 
f 231/233 14/14 15/15 232/234 
f 232/234 15/15 116/116 244/246 
f 233/235 16/16 210/212 256/258 
f 235/237 57/57 141/141 245/247 
f 236/238 47/47 145/145 246/248 
f 233/235 54/54 157/157 247/249 
f 237/239 13/13 165/165 248/250 
f 231/233 52/52 120/120 243/245 
f 236/238 58/58 119/119 244/246 
f 239/241 78/78 140/140 245/247 
f 240/242 82/82 144/144 246/248 
f 241/243 94/94 156/156 247/249 
f 242/244 102/102 164/164 248/250 
f 238/240 55/55 175/175 249/251 
f 251/253 184/184 185/185 250/252 
f 254/256 181/181 182/182 253/255 
f 252/254 183/183 184/184 251/253 
f 253/255 182/182 183/183 252/254 
f 234/236 30/30 181/181 254/256 
f 250/252 185/185 186/186 249/251 
f 238/240 29/29 209/211 255/257 
f 234/236 56/56 222/224 256/258 
# 258 polygons

#
# object Bip001
#

v  19.067139 4.614396 34.757374
v  19.067139 4.497890 34.873878
v  19.183643 4.497890 34.757374
v  19.067139 4.497890 34.640869
v  18.950634 4.497890 34.757374
v  19.067139 4.381385 34.757374
# 6 vertices

o Bip001
g Bip001
f 257 258 259 
f 257 259 260 
f 257 260 261 
f 257 261 258 
f 262 261 260 
f 262 260 259 
f 262 259 258 
f 262 258 261 
# 0 polygons - 8 triangles

#
# object Bip001_Pelvis
#

v  19.012997 4.383632 34.926357
v  19.012997 4.383632 34.591244
v  18.774908 4.703249 34.872784
v  19.066483 4.691569 34.978298
v  18.774908 4.703249 34.644817
v  19.066483 4.691569 34.539303
v  18.774908 4.659186 34.872784
v  19.066483 4.602048 34.978298
v  19.066483 4.602048 34.539303
v  18.774908 4.659186 34.644817
v  18.961271 4.445801 34.800198
v  18.961271 4.445801 34.717403
v  18.906008 4.510266 34.800198
v  18.906008 4.510266 34.717403
v  19.012997 4.279904 34.757313
v  19.120226 4.383632 34.926357
v  19.120226 4.383632 34.591244
v  19.120226 4.279903 34.757313
v  19.358057 4.703249 34.872784
v  19.358057 4.703249 34.644817
v  19.358057 4.659186 34.872784
v  19.358057 4.659186 34.644817
v  19.171692 4.445801 34.800198
v  19.171694 4.445801 34.717403
v  19.226955 4.510266 34.800198
v  19.226955 4.510266 34.717403
v  19.067139 4.691101 34.757069
# 27 vertices

o Bip001_Pelvis
g Bip001_Pelvis
f 269 270 266 265 
f 271 272 267 268 
f 274 273 275 276 
f 272 269 265 267 
f 277 263 273 274 
f 277 274 264 
f 263 269 275 273 
f 272 264 274 276 
f 269 272 276 275 
f 277 264 279 280 
f 277 280 278 263 
f 283 281 266 270 
f 271 268 282 284 
f 286 288 287 285 
f 284 282 281 283 
f 280 286 285 278 
f 280 279 286 
f 278 285 287 283 
f 284 288 286 279 
f 283 287 288 284 
f 269 263 270 
f 270 278 283 
f 270 263 278 
f 284 279 271 
f 271 264 272 
f 271 279 264 
f 265 266 281 289 
f 289 268 267 265 
f 282 268 289 281 
# 21 polygons - 8 triangles

#
# object Bip001_Spine
#

v  19.067137 5.013423 34.657860
v  19.048376 5.013423 34.692211
v  18.994099 5.013423 34.721806
v  18.993143 5.013423 34.779736
v  19.040720 5.013423 34.814144
v  19.067137 5.013423 34.799229
v  19.093555 5.013423 34.814144
v  19.141132 5.013423 34.779739
v  19.140177 5.013423 34.721806
v  19.085899 5.013423 34.692211
v  19.067139 5.058175 34.553089
v  19.023796 5.058175 34.594341
v  18.841049 5.058175 34.703201
v  18.838097 5.058175 34.803425
v  19.006115 5.058175 34.919201
v  19.067139 5.058175 34.879456
v  19.128160 5.058175 34.919201
v  19.296179 5.058175 34.803425
v  19.293226 5.058175 34.703201
v  19.110477 5.058175 34.594341
v  19.067139 5.145463 34.553089
v  19.023796 5.145464 34.594341
v  18.841049 5.145464 34.703201
v  18.838097 5.145464 34.803425
v  19.006115 5.145463 34.919201
v  19.067139 5.145464 34.879456
v  19.128160 5.145463 34.919201
v  19.296179 5.145464 34.803425
v  19.293226 5.145464 34.703201
v  19.110477 5.145464 34.594341
v  19.067139 5.184428 34.588570
v  19.023796 5.184428 34.646152
v  18.885054 5.184428 34.703201
v  18.882675 5.184428 34.803425
v  19.006115 5.184428 34.868660
v  19.067139 5.184428 34.841438
v  19.128162 5.184428 34.868660
v  19.251600 5.184428 34.803425
v  19.249222 5.184428 34.703201
v  19.110479 5.184428 34.646152
v  19.067139 4.862755 34.727158
v  19.045986 4.862755 34.735920
v  19.037224 4.862755 34.757072
v  19.067139 4.862755 34.786987
v  19.097054 4.862755 34.757072
v  19.088291 4.862755 34.735920
v  19.045986 4.862755 34.778225
v  19.088291 4.862755 34.778225
v  19.067139 4.832840 34.714767
v  19.037224 4.832840 34.727158
v  19.024834 4.832840 34.757072
v  19.037224 4.832840 34.786987
v  19.067139 4.832840 34.799377
v  19.097054 4.832840 34.786987
v  19.109446 4.832840 34.757072
v  19.097054 4.832840 34.727158
v  19.067139 4.802926 34.727158
v  19.045986 4.802926 34.735920
v  19.037224 4.802926 34.757072
v  19.045986 4.802926 34.778225
v  19.067139 4.802926 34.786987
v  19.088291 4.802926 34.778225
v  19.097054 4.802926 34.757072
v  19.088291 4.802926 34.735920
v  19.067139 4.790534 34.757072
# 65 vertices

o Bip001_Spine
g Bip001_Spine
f 290 291 301 300 
f 291 292 302 301 
f 292 293 303 302 
f 293 294 304 303 
f 294 295 305 304 
f 295 296 306 305 
f 296 297 307 306 
f 297 298 308 307 
f 298 299 309 308 
f 299 290 300 309 
f 300 301 311 310 
f 301 302 312 311 
f 302 303 313 312 
f 303 304 314 313 
f 304 305 315 314 
f 305 306 316 315 
f 306 307 317 316 
f 307 308 318 317 
f 308 309 319 318 
f 309 300 310 319 
f 310 311 321 320 
f 311 312 322 321 
f 312 313 323 322 
f 313 314 324 323 
f 314 315 325 324 
f 315 316 326 325 
f 316 317 327 326 
f 317 318 328 327 
f 318 319 329 328 
f 319 310 320 329 
f 325 328 329 320 
f 325 320 321 322 
f 325 322 323 324 
f 327 328 325 326 
f 291 290 330 
f 292 291 330 331 
f 293 292 331 332 
f 336 294 293 332 
f 336 333 294 
f 295 294 333 
f 296 295 333 
f 337 297 296 333 
f 337 334 297 
f 298 297 334 335 
f 299 298 335 330 
f 290 299 330 
f 330 338 339 331 
f 331 339 340 332 
f 332 340 341 336 
f 336 341 342 333 
f 333 342 343 337 
f 337 343 344 334 
f 334 344 345 335 
f 335 345 338 330 
f 338 346 347 339 
f 339 347 348 340 
f 340 348 349 341 
f 341 349 350 342 
f 342 350 351 343 
f 343 351 352 344 
f 344 352 353 345 
f 345 353 346 338 
f 354 347 346 
f 354 348 347 
f 354 349 348 
f 354 350 349 
f 354 351 350 
f 354 352 351 
f 354 353 352 
f 354 346 353 
# 56 polygons - 14 triangles

#
# object Bip001_Spine1
#

v  19.067137 5.392065 34.657860
v  19.048376 5.392065 34.692211
v  18.994099 5.392065 34.721806
v  18.993143 5.392065 34.779736
v  19.040720 5.392065 34.814144
v  19.067137 5.392065 34.799229
v  19.093555 5.392065 34.814144
v  19.141132 5.392065 34.779739
v  19.140177 5.392065 34.721806
v  19.085899 5.392065 34.692211
v  19.067139 5.436816 34.553089
v  19.023796 5.436816 34.594341
v  18.841049 5.436816 34.703201
v  18.838097 5.436816 34.803425
v  19.006115 5.436816 34.919201
v  19.067139 5.436816 34.879456
v  19.128160 5.436816 34.919201
v  19.296179 5.436816 34.803425
v  19.293226 5.436816 34.703201
v  19.110477 5.436816 34.594341
v  19.067139 5.524105 34.553089
v  19.023796 5.524105 34.594341
v  18.841049 5.524105 34.703201
v  18.838097 5.524105 34.803425
v  19.006115 5.524105 34.919201
v  19.067139 5.524105 34.879456
v  19.128160 5.524105 34.919201
v  19.296179 5.524105 34.803425
v  19.293226 5.524105 34.703201
v  19.110477 5.524105 34.594341
v  19.067139 5.563069 34.588570
v  19.023796 5.563069 34.646152
v  18.885054 5.563069 34.703201
v  18.882675 5.563069 34.803425
v  19.006115 5.563069 34.868660
v  19.067139 5.563069 34.841438
v  19.128162 5.563069 34.868660
v  19.251600 5.563069 34.803425
v  19.249222 5.563069 34.703201
v  19.110479 5.563069 34.646152
v  19.067139 5.241396 34.727158
v  19.045986 5.241396 34.735920
v  19.037224 5.241396 34.757072
v  19.067139 5.241396 34.786987
v  19.097054 5.241396 34.757072
v  19.088291 5.241396 34.735920
v  19.045986 5.241396 34.778225
v  19.088291 5.241396 34.778225
v  19.067139 5.211482 34.714767
v  19.037224 5.211482 34.727158
v  19.024834 5.211482 34.757072
v  19.037224 5.211482 34.786987
v  19.067139 5.211482 34.799377
v  19.097054 5.211482 34.786987
v  19.109446 5.211482 34.757072
v  19.097054 5.211482 34.727158
v  19.067139 5.181567 34.727158
v  19.045986 5.181567 34.735920
v  19.037224 5.181567 34.757072
v  19.045986 5.181567 34.778225
v  19.067139 5.181567 34.786987
v  19.088291 5.181567 34.778225
v  19.097054 5.181567 34.757072
v  19.088291 5.181567 34.735920
v  19.067139 5.169176 34.757072
# 65 vertices

o Bip001_Spine1
g Bip001_Spine1
f 355 356 366 365 
f 356 357 367 366 
f 357 358 368 367 
f 358 359 369 368 
f 359 360 370 369 
f 360 361 371 370 
f 361 362 372 371 
f 362 363 373 372 
f 363 364 374 373 
f 364 355 365 374 
f 365 366 376 375 
f 366 367 377 376 
f 367 368 378 377 
f 368 369 379 378 
f 369 370 380 379 
f 370 371 381 380 
f 371 372 382 381 
f 372 373 383 382 
f 373 374 384 383 
f 374 365 375 384 
f 375 376 386 385 
f 376 377 387 386 
f 377 378 388 387 
f 378 379 389 388 
f 379 380 390 389 
f 380 381 391 390 
f 381 382 392 391 
f 382 383 393 392 
f 383 384 394 393 
f 384 375 385 394 
f 390 393 394 385 
f 390 385 386 387 
f 390 387 388 389 
f 392 393 390 391 
f 356 355 395 
f 357 356 395 396 
f 358 357 396 397 
f 401 359 358 397 
f 401 398 359 
f 360 359 398 
f 361 360 398 
f 402 362 361 398 
f 402 399 362 
f 363 362 399 400 
f 364 363 400 395 
f 355 364 395 
f 395 403 404 396 
f 396 404 405 397 
f 397 405 406 401 
f 401 406 407 398 
f 398 407 408 402 
f 402 408 409 399 
f 399 409 410 400 
f 400 410 403 395 
f 403 411 412 404 
f 404 412 413 405 
f 405 413 414 406 
f 406 414 415 407 
f 407 415 416 408 
f 408 416 417 409 
f 409 417 418 410 
f 410 418 411 403 
f 419 412 411 
f 419 413 412 
f 419 414 413 
f 419 415 414 
f 419 416 415 
f 419 417 416 
f 419 418 417 
f 419 411 418 
# 56 polygons - 14 triangles

#
# object Bip001_Spine2
#

v  19.067137 5.744396 34.680344
v  19.051086 5.744396 34.706562
v  18.981163 5.744396 34.731415
v  18.980040 5.744396 34.780067
v  19.028582 5.744396 34.808964
v  19.067137 5.744396 34.796436
v  19.105694 5.744396 34.808964
v  19.154236 5.744396 34.780067
v  19.153112 5.744396 34.731415
v  19.083189 5.744396 34.706562
v  19.067139 5.789147 34.558514
v  19.023796 5.789147 34.594341
v  18.776428 5.789147 34.703201
v  18.772631 5.789147 34.803425
v  18.963039 5.789147 34.919201
v  19.067139 5.789147 34.879456
v  19.171236 5.789147 34.919201
v  19.361645 5.789147 34.803425
v  19.357847 5.789147 34.703201
v  19.110477 5.789147 34.594341
v  19.067139 5.901221 34.558514
v  19.023796 5.901220 34.594341
v  18.753172 5.901220 34.703201
v  18.749069 5.901220 34.803425
v  18.963039 5.901221 34.919201
v  19.067139 5.901221 34.879456
v  19.171236 5.901221 34.919201
v  19.385206 5.901220 34.803425
v  19.381104 5.901220 34.703201
v  19.110477 5.901220 34.594341
v  19.067139 5.943464 34.593990
v  19.023796 5.943464 34.646152
v  18.841673 5.943464 34.703201
v  18.838726 5.943464 34.803425
v  18.963037 5.943464 34.868660
v  19.067139 5.943464 34.841438
v  19.171236 5.943464 34.868660
v  19.295549 5.943464 34.803425
v  19.292603 5.943464 34.703201
v  19.110479 5.943464 34.646152
v  19.067139 5.620037 34.727158
v  19.045986 5.620038 34.735920
v  19.037224 5.620037 34.757072
v  19.067139 5.620037 34.786987
v  19.097054 5.620037 34.757072
v  19.088291 5.620038 34.735920
v  19.045986 5.620038 34.778225
v  19.088291 5.620038 34.778225
v  19.067139 5.590123 34.714767
v  19.037224 5.590123 34.727158
v  19.024834 5.590123 34.757072
v  19.037224 5.590123 34.786987
v  19.067139 5.590123 34.799377
v  19.097054 5.590123 34.786987
v  19.109446 5.590123 34.757072
v  19.097054 5.590123 34.727158
v  19.067139 5.560208 34.727158
v  19.045986 5.560208 34.735920
v  19.037224 5.560208 34.757072
v  19.045986 5.560208 34.778225
v  19.067139 5.560208 34.786987
v  19.088291 5.560208 34.778225
v  19.097054 5.560208 34.757072
v  19.088291 5.560208 34.735920
v  19.067139 5.547817 34.757072
# 65 vertices

o Bip001_Spine2
g Bip001_Spine2
f 420 421 431 430 
f 421 422 432 431 
f 422 423 433 432 
f 423 424 434 433 
f 424 425 435 434 
f 425 426 436 435 
f 426 427 437 436 
f 427 428 438 437 
f 428 429 439 438 
f 429 420 430 439 
f 430 431 441 440 
f 431 432 442 441 
f 432 433 443 442 
f 433 434 444 443 
f 434 435 445 444 
f 435 436 446 445 
f 436 437 447 446 
f 437 438 448 447 
f 438 439 449 448 
f 439 430 440 449 
f 440 441 451 450 
f 441 442 452 451 
f 442 443 453 452 
f 443 444 454 453 
f 444 445 455 454 
f 445 446 456 455 
f 446 447 457 456 
f 447 448 458 457 
f 448 449 459 458 
f 449 440 450 459 
f 455 458 459 450 
f 455 450 451 452 
f 455 452 453 454 
f 457 458 455 456 
f 421 420 460 
f 422 421 460 461 
f 423 422 461 462 
f 466 424 423 462 
f 466 463 424 
f 425 424 463 
f 426 425 463 
f 467 427 426 463 
f 467 464 427 
f 428 427 464 465 
f 429 428 465 460 
f 420 429 460 
f 460 468 469 461 
f 461 469 470 462 
f 462 470 471 466 
f 466 471 472 463 
f 463 472 473 467 
f 467 473 474 464 
f 464 474 475 465 
f 465 475 468 460 
f 468 476 477 469 
f 469 477 478 470 
f 470 478 479 471 
f 471 479 480 472 
f 472 480 481 473 
f 473 481 482 474 
f 474 482 483 475 
f 475 483 476 468 
f 484 477 476 
f 484 478 477 
f 484 479 478 
f 484 480 479 
f 484 481 480 
f 484 482 481 
f 484 483 482 
f 484 476 483 
# 56 polygons - 14 triangles

#
# object Bip001_Spine3
#

v  19.067137 6.066860 34.680344
v  19.051086 6.066860 34.706562
v  18.981163 6.066860 34.731415
v  18.980040 6.066860 34.780067
v  19.028582 6.066860 34.808964
v  19.067137 6.066860 34.796436
v  19.105694 6.066860 34.808964
v  19.154236 6.066860 34.780067
v  19.153112 6.066860 34.731415
v  19.083189 6.066860 34.706562
v  19.067139 6.111611 34.558514
v  19.023796 6.111611 34.594341
v  18.776428 6.111611 34.703201
v  18.772631 6.111611 34.803425
v  18.963039 6.111611 34.919201
v  19.067139 6.111611 34.879456
v  19.171236 6.111611 34.919201
v  19.361645 6.111611 34.803425
v  19.357847 6.111611 34.703201
v  19.110477 6.111611 34.594341
v  19.067139 6.223685 34.558514
v  19.023796 6.223685 34.594341
v  18.753172 6.223685 34.703201
v  18.749069 6.223685 34.803425
v  18.963039 6.223685 34.919201
v  19.067139 6.223685 34.879456
v  19.171236 6.223685 34.919201
v  19.385206 6.223685 34.803425
v  19.381104 6.223685 34.703201
v  19.110477 6.223685 34.594341
v  19.067139 6.288712 34.593990
v  19.023796 6.288712 34.646152
v  18.841673 6.288712 34.703201
v  18.838726 6.288712 34.803425
v  18.963037 6.288712 34.868660
v  19.067139 6.288712 34.841438
v  19.171236 6.288712 34.868660
v  19.295549 6.288712 34.803425
v  19.292603 6.288712 34.703201
v  19.110479 6.288712 34.646152
v  19.067139 5.998678 34.727158
v  19.045986 5.998679 34.735920
v  19.037224 5.998678 34.757072
v  19.067139 5.998678 34.786987
v  19.097054 5.998678 34.757072
v  19.088291 5.998679 34.735920
v  19.045986 5.998679 34.778225
v  19.088291 5.998679 34.778225
v  19.067139 5.968764 34.714767
v  19.037224 5.968764 34.727158
v  19.024834 5.968764 34.757072
v  19.037224 5.968764 34.786987
v  19.067139 5.968764 34.799377
v  19.097054 5.968764 34.786987
v  19.109446 5.968764 34.757072
v  19.097054 5.968764 34.727158
v  19.067139 5.938849 34.727158
v  19.045986 5.938849 34.735920
v  19.037224 5.938849 34.757072
v  19.045986 5.938849 34.778225
v  19.067139 5.938849 34.786987
v  19.088291 5.938849 34.778225
v  19.097054 5.938849 34.757072
v  19.088291 5.938849 34.735920
v  19.067139 5.926458 34.757072
# 65 vertices

o Bip001_Spine3
g Bip001_Spine3
f 485 486 496 495 
f 486 487 497 496 
f 487 488 498 497 
f 488 489 499 498 
f 489 490 500 499 
f 490 491 501 500 
f 491 492 502 501 
f 492 493 503 502 
f 493 494 504 503 
f 494 485 495 504 
f 495 496 506 505 
f 496 497 507 506 
f 497 498 508 507 
f 498 499 509 508 
f 499 500 510 509 
f 500 501 511 510 
f 501 502 512 511 
f 502 503 513 512 
f 503 504 514 513 
f 504 495 505 514 
f 505 506 516 515 
f 506 507 517 516 
f 507 508 518 517 
f 508 509 519 518 
f 509 510 520 519 
f 510 511 521 520 
f 511 512 522 521 
f 512 513 523 522 
f 513 514 524 523 
f 514 505 515 524 
f 520 523 524 515 
f 520 515 516 517 
f 520 517 518 519 
f 522 523 520 521 
f 486 485 525 
f 487 486 525 526 
f 488 487 526 527 
f 531 489 488 527 
f 531 528 489 
f 490 489 528 
f 491 490 528 
f 532 492 491 528 
f 532 529 492 
f 493 492 529 530 
f 494 493 530 525 
f 485 494 525 
f 525 533 534 526 
f 526 534 535 527 
f 527 535 536 531 
f 531 536 537 528 
f 528 537 538 532 
f 532 538 539 529 
f 529 539 540 530 
f 530 540 533 525 
f 533 541 542 534 
f 534 542 543 535 
f 535 543 544 536 
f 536 544 545 537 
f 537 545 546 538 
f 538 546 547 539 
f 539 547 548 540 
f 540 548 541 533 
f 549 542 541 
f 549 543 542 
f 549 544 543 
f 549 545 544 
f 549 546 545 
f 549 547 546 
f 549 548 547 
f 549 541 548 
# 56 polygons - 14 triangles

#
# object Bip001_Neck
#

v  19.036354 6.375821 34.757835
v  19.097923 6.375821 34.757835
v  19.088907 6.375821 34.736069
v  19.045370 6.375821 34.736069
v  19.067139 6.375821 34.788620
v  19.140184 6.567028 34.763260
v  19.119516 6.568912 34.700478
v  19.015806 6.568912 34.700478
v  18.995136 6.567028 34.763260
v  19.044416 6.564782 34.838074
v  19.090906 6.564782 34.838074
v  19.067139 6.375821 34.727055
v  19.067139 6.345037 34.714302
v  19.036354 6.345037 34.727055
v  19.023603 6.345037 34.757835
v  19.036354 6.345037 34.788620
v  19.067139 6.345037 34.801373
v  19.097923 6.345037 34.788620
v  19.110674 6.345037 34.757835
v  19.097923 6.345037 34.727055
v  19.067139 6.314253 34.727055
v  19.045370 6.314253 34.736069
v  19.036354 6.314253 34.757835
v  19.045372 6.314253 34.779606
v  19.067139 6.314253 34.788620
v  19.088907 6.314253 34.779606
v  19.097923 6.314253 34.757835
v  19.088907 6.314253 34.736069
v  19.067139 6.301502 34.757835
v  19.052687 6.463613 34.831535
v  19.082361 6.466659 34.832333
# 31 vertices

o Bip001_Neck
g Bip001_Neck
f 551 552 556 555 
f 552 561 557 556 
f 561 553 557 
f 553 550 558 557 
f 550 554 579 558 
f 580 551 555 560 
f 557 558 555 556 
f 560 555 558 559 
f 561 562 563 553 
f 553 563 564 550 
f 550 564 565 554 
f 554 565 566 
f 554 566 567 
f 551 554 567 568 
f 551 568 569 552 
f 552 569 562 561 
f 562 570 571 563 
f 563 571 572 564 
f 564 572 573 565 
f 565 573 574 566 
f 566 574 575 567 
f 567 575 576 568 
f 568 576 577 569 
f 569 577 570 562 
f 578 571 570 
f 578 572 571 
f 578 573 572 
f 578 574 573 
f 578 575 574 
f 578 576 575 
f 578 577 576 
f 578 570 577 
f 579 554 580 560 
f 559 579 560 
f 558 579 559 
f 554 551 580 
# 22 polygons - 14 triangles

#
# object Bip001_L_Clavicle
#

v  19.159323 6.322766 34.897587
v  19.195896 6.352680 34.757374
v  19.159323 6.322766 34.617161
v  19.164415 6.400882 34.854073
v  19.200998 6.443023 34.757374
v  19.164415 6.400882 34.660675
v  19.496674 6.322048 34.784344
v  19.487534 6.351995 34.757374
v  19.496674 6.322048 34.730404
v  19.496700 6.359546 34.784344
v  19.487560 6.387686 34.757374
v  19.496700 6.359546 34.730404
v  19.356726 6.321257 34.831001
v  19.356747 6.351196 34.757374
v  19.356726 6.321257 34.683746
v  19.356768 6.378983 34.683746
v  19.356787 6.406363 34.757374
v  19.356768 6.378983 34.831001
# 18 vertices

o Bip001_L_Clavicle
g Bip001_L_Clavicle
f 581 584 585 582 
f 582 585 586 583 
f 587 588 591 590 
f 588 589 592 591 
f 581 582 594 593 
f 594 582 583 595 
f 593 594 588 587 
f 588 594 595 589 
f 583 586 596 595 
f 595 596 592 589 
f 586 585 597 596 
f 597 585 584 598 
f 596 597 591 592 
f 591 597 598 590 
f 584 581 593 598 
f 598 593 587 590 
# 16 polygons

#
# object Bip001_L_UpperArm
#

v  19.498278 6.286651 34.751278
v  19.514460 6.284422 34.790535
v  19.592598 6.292593 34.791355
v  19.608780 6.298207 34.752438
v  19.592598 6.300437 34.713181
v  19.514460 6.292265 34.712360
v  19.524183 6.074950 34.730038
v  19.550056 6.070611 34.800514
v  19.601803 6.076023 34.801060
v  19.627678 6.085773 34.731121
v  19.627029 6.050689 34.619049
v  19.534403 6.041002 34.618076
v  19.552746 5.807943 34.703247
v  19.564053 5.802082 34.773571
v  19.644224 5.810466 34.774414
v  19.655531 5.818693 34.704327
v  19.624754 5.869544 34.654640
v  19.573362 5.864169 34.654099
v  19.590914 5.521247 34.702480
v  19.676559 5.531211 34.693348
v  19.678200 5.535957 34.647762
v  19.591200 5.526066 34.654751
v  19.539509 6.425152 34.765175
v  19.541914 6.407927 34.707611
v  19.580984 6.410388 34.724213
v  19.597166 6.408159 34.763470
v  19.580984 6.402544 34.802387
v  19.541914 6.396834 34.818169
v  19.502846 6.394373 34.801567
v  19.486664 6.396603 34.762310
v  19.502846 6.402217 34.723392
v  19.547722 6.355249 34.679199
v  19.602974 6.358729 34.702675
v  19.625860 6.355576 34.758194
v  19.602974 6.347637 34.813232
v  19.547722 6.339561 34.835548
v  19.492470 6.336081 34.812073
v  19.469584 6.339234 34.756554
v  19.492470 6.347173 34.701515
v  19.553530 6.297976 34.696579
v  19.553530 6.286883 34.807137
# 41 vertices

o Bip001_L_UpperArm
g Bip001_L_UpperArm
f 599 610 605 606 
f 599 606 600 
f 600 606 607 639 
f 639 607 601 
f 602 601 607 608 
f 602 608 614 609 
f 602 609 603 
f 603 609 610 638 
f 638 610 604 
f 604 610 599 
f 605 610 611 606 
f 611 617 612 606 
f 606 612 618 613 
f 606 613 607 
f 607 613 618 614 
f 607 614 608 
f 609 614 619 615 
f 609 615 620 616 
f 609 616 610 
f 610 616 620 611 
f 617 618 612 
f 618 619 614 
f 615 619 620 
f 611 620 617 
f 617 620 619 618 
f 621 623 622 
f 621 624 623 
f 621 625 624 
f 621 626 625 
f 621 627 626 
f 621 628 627 
f 621 629 628 
f 621 622 629 
f 622 623 631 630 
f 623 624 632 631 
f 624 625 633 632 
f 625 626 634 633 
f 626 627 635 634 
f 627 628 636 635 
f 628 629 637 636 
f 629 622 630 637 
f 630 631 603 638 
f 631 632 602 603 
f 632 633 601 602 
f 633 634 639 601 
f 634 635 600 639 
f 635 636 599 600 
f 636 637 604 599 
f 637 630 638 604 
# 29 polygons - 20 triangles

#
# object Bip001_L_Forearm
#

v  19.595274 5.430879 34.716152
v  19.600605 5.330066 34.777973
v  19.604599 5.194671 34.791447
v  19.621964 5.043821 34.768940
v  19.662886 4.617996 34.788811
v  19.758039 4.636396 34.785969
v  19.725681 5.061123 34.766281
v  19.716272 5.218585 34.788044
v  19.700491 5.331411 34.776608
v  19.674635 5.430880 34.716152
v  19.569479 5.314177 34.688557
v  19.572254 5.183739 34.701714
v  19.747042 5.211288 34.697395
v  19.730423 5.329159 34.685631
v  19.595274 5.422211 34.637264
v  19.599409 5.311924 34.597580
v  19.603025 5.176442 34.611065
v  19.621037 5.033114 34.662983
v  19.684799 4.615273 34.726051
v  19.735075 4.626553 34.724323
v  19.724752 5.050415 34.660324
v  19.714699 5.200356 34.607658
v  19.699297 5.313270 34.596214
v  19.674635 5.422212 34.637264
v  19.634954 5.561214 34.661911
v  19.634954 5.531980 34.608669
v  19.674635 5.533775 34.625004
v  19.691072 5.538109 34.664448
v  19.674635 5.542443 34.703892
v  19.634954 5.544237 34.720230
v  19.595274 5.542442 34.703892
v  19.578838 5.538108 34.664448
v  19.595274 5.533775 34.625004
v  19.634954 5.473659 34.591690
v  19.691072 5.476198 34.614796
v  19.714317 5.482327 34.670578
v  19.691072 5.488456 34.726360
v  19.634954 5.490995 34.749466
v  19.578836 5.488457 34.726360
v  19.555593 5.482327 34.670578
v  19.578836 5.476198 34.614796
v  19.634954 5.420417 34.620926
v  19.691072 5.426546 34.676708
v  19.634954 5.432674 34.732487
v  19.578838 5.426545 34.676708
# 45 vertices

o Bip001_L_Forearm
g Bip001_L_Forearm
f 640 684 650 641 
f 641 650 651 642 
f 642 651 657 643 
f 646 660 652 647 
f 647 652 653 648 
f 648 653 682 649 
f 654 655 656 650 
f 650 656 657 651 
f 643 657 658 644 
f 644 658 659 645 
f 645 659 660 646 
f 660 661 653 652 
f 661 662 663 653 
f 653 663 682 
f 643 644 645 646 
f 642 643 646 647 
f 641 642 647 648 
f 641 648 683 640 
f 683 648 649 
f 657 660 659 658 
f 656 661 660 657 
f 655 662 661 656 
f 681 663 662 655 
f 654 681 655 
f 664 666 665 
f 664 667 666 
f 664 668 667 
f 664 669 668 
f 664 670 669 
f 664 671 670 
f 664 672 671 
f 664 665 672 
f 665 666 674 673 
f 666 667 675 674 
f 667 668 676 675 
f 668 669 677 676 
f 669 670 678 677 
f 670 671 679 678 
f 671 672 680 679 
f 672 665 673 680 
f 673 674 663 681 
f 674 675 682 663 
f 675 676 649 682 
f 676 677 683 649 
f 677 678 640 683 
f 678 679 684 640 
f 679 680 654 684 
f 680 673 681 654 
f 684 654 650 
# 37 polygons - 12 triangles

#
# object Bip001_L_Hand
#

v  19.742947 4.632527 34.808926
v  19.683960 4.626942 34.809166
v  19.681559 4.637859 34.750881
v  19.755032 4.348380 34.951412
v  19.722603 4.324204 34.950569
v  19.764839 4.460882 34.921204
v  19.706285 4.424766 34.922981
v  19.695240 4.511641 34.763020
v  19.679594 4.481252 34.866802
v  19.663067 4.530444 34.786560
v  19.742947 4.613563 34.696529
v  19.683960 4.607977 34.696766
v  19.755032 4.300423 34.640945
v  19.722603 4.276247 34.640106
v  19.761383 4.454619 34.658138
v  19.699638 4.448493 34.658604
v  19.706285 4.386049 34.661331
v  19.686905 4.469943 34.675793
v  19.682528 4.520525 34.720016
v  19.695206 4.354548 34.911972
v  19.695206 4.322474 34.682884
v  19.788876 4.457927 34.721302
v  19.790384 4.462816 34.814667
v  19.781504 4.270974 34.735458
v  19.764318 4.290673 34.905979
v  19.711695 4.266528 34.898094
v  19.768000 4.265450 34.685184
v  19.720661 4.241409 34.682709
# 28 vertices

o Bip001_L_Hand
g Bip001_L_Hand
f 686 685 695 687 
f 686 691 690 685 
f 691 689 688 690 
f 687 694 693 686 
f 686 693 691 
f 687 692 694 
f 693 694 692 691 
f 696 687 695 
f 711 708 710 712 
f 688 689 710 709 
f 696 695 699 700 
f 700 699 701 
f 701 699 697 698 
f 702 703 696 
f 692 700 701 691 
f 704 705 710 689 
f 698 712 710 705 
f 695 685 690 707 
f 707 706 699 695 
f 706 708 711 697 
f 688 709 707 690 
f 696 700 702 
f 692 687 696 703 
f 702 700 692 703 
f 689 691 704 
f 698 705 701 
f 701 705 704 691 
f 699 706 697 
f 707 709 708 706 
f 711 712 698 697 
f 709 710 708 
# 21 polygons - 10 triangles

#
# object Bip001_L_Finger0
#

v  19.759727 4.167102 34.808880
v  19.759932 4.166090 34.798691
v  19.769918 4.168119 34.808983
v  19.770121 4.167108 34.798794
v  19.750896 4.178385 34.807583
v  19.758385 4.179907 34.815300
v  19.768576 4.180924 34.815403
v  19.776369 4.180928 34.807838
v  19.776573 4.179915 34.797649
v  19.769083 4.178393 34.789932
v  19.758894 4.177376 34.789829
v  19.751099 4.177372 34.797394
v  19.746908 4.218395 34.806976
v  19.754465 4.219578 34.811283
v  19.764767 4.220033 34.805725
v  19.772495 4.220374 34.801556
v  19.772608 4.219812 34.795895
v  19.765049 4.218627 34.791573
v  19.754972 4.217047 34.785812
v  19.747246 4.216704 34.789963
v  19.742363 4.245240 34.801746
v  19.750765 4.246947 34.810406
v  19.762888 4.248158 34.810528
v  19.771631 4.248162 34.802040
v  19.771873 4.246957 34.789921
v  19.763472 4.245250 34.781261
v  19.751348 4.244040 34.781139
v  19.742605 4.244035 34.789627
v  19.735207 4.255462 34.803127
v  19.747087 4.257877 34.815369
v  19.764233 4.259589 34.815540
v  19.776598 4.259594 34.803539
v  19.776939 4.257891 34.786396
v  19.765059 4.255477 34.774155
v  19.747913 4.253765 34.773983
v  19.735548 4.253759 34.785984
v  19.740273 4.266397 34.799603
v  19.748674 4.268104 34.808262
v  19.760798 4.269314 34.808384
v  19.769541 4.269319 34.799896
v  19.769783 4.268114 34.787777
v  19.761381 4.266407 34.779118
v  19.749258 4.265196 34.778996
v  19.740515 4.265192 34.787483
v  19.754595 4.271637 34.793247
# 45 vertices

o Bip001_L_Finger0
g Bip001_L_Finger0
f 713 714 716 715 
f 713 718 717 
f 713 715 719 718 
f 715 720 719 
f 715 716 721 720 
f 716 722 721 
f 716 714 723 722 
f 714 724 723 
f 714 713 717 724 
f 717 718 726 725 
f 718 719 727 726 
f 719 720 728 727 
f 720 721 729 728 
f 721 722 730 729 
f 722 723 731 730 
f 723 724 732 731 
f 724 717 725 732 
f 725 726 734 733 
f 726 727 735 734 
f 727 728 736 735 
f 728 729 737 736 
f 729 730 738 737 
f 730 731 739 738 
f 731 732 740 739 
f 732 725 733 740 
f 733 734 742 741 
f 734 735 743 742 
f 735 736 744 743 
f 736 737 745 744 
f 737 738 746 745 
f 738 739 747 746 
f 739 740 748 747 
f 740 733 741 748 
f 741 742 750 749 
f 742 743 751 750 
f 743 744 752 751 
f 744 745 753 752 
f 745 746 754 753 
f 746 747 755 754 
f 747 748 756 755 
f 748 741 749 756 
f 757 749 750 
f 757 750 751 
f 757 751 752 
f 757 752 753 
f 757 753 754 
f 757 754 755 
f 757 755 756 
f 757 756 749 
# 37 polygons - 12 triangles

#
# object Bip001_R_Clavicle
#

v  18.974957 6.322766 34.897587
v  18.938381 6.352680 34.757374
v  18.974955 6.322766 34.617161
v  18.969862 6.400882 34.854073
v  18.933279 6.443023 34.757374
v  18.969862 6.400882 34.660675
v  18.637604 6.322048 34.784344
v  18.646744 6.351995 34.757374
v  18.637604 6.322048 34.730404
v  18.637577 6.359546 34.784344
v  18.646717 6.387686 34.757374
v  18.637577 6.359546 34.730404
v  18.777552 6.321257 34.831001
v  18.777531 6.351196 34.757374
v  18.777552 6.321257 34.683746
v  18.777510 6.378983 34.683746
v  18.777491 6.406363 34.757374
v  18.777512 6.378983 34.831001
# 18 vertices

o Bip001_R_Clavicle
g Bip001_R_Clavicle
f 762 761 758 759 
f 763 762 759 760 
f 768 765 764 767 
f 769 766 765 768 
f 771 759 758 770 
f 772 760 759 771 
f 765 771 770 764 
f 766 772 771 765 
f 773 763 760 772 
f 769 773 772 766 
f 774 762 763 773 
f 775 761 762 774 
f 768 774 773 769 
f 767 775 774 768 
f 770 758 761 775 
f 764 770 775 767 
# 16 polygons

#
# object Bip001_R_UpperArm
#

v  18.636000 6.286651 34.751278
v  18.619818 6.284422 34.790535
v  18.541679 6.292593 34.791355
v  18.525497 6.298207 34.752438
v  18.541679 6.300437 34.713181
v  18.619818 6.292265 34.712360
v  18.584221 6.070611 34.800514
v  18.532475 6.076023 34.801060
v  18.507248 6.050689 34.619049
v  18.599874 6.041002 34.618076
v  18.581532 5.807943 34.703247
v  18.570225 5.802082 34.773571
v  18.490053 5.810466 34.774414
v  18.478746 5.818693 34.704327
v  18.509521 5.869544 34.654640
v  18.560915 5.864169 34.654099
v  18.543364 5.521247 34.702480
v  18.457718 5.531211 34.693348
v  18.456078 5.535957 34.647762
v  18.543077 5.526066 34.654751
v  18.594769 6.425152 34.765175
v  18.592363 6.407927 34.707611
v  18.553293 6.410388 34.724213
v  18.537111 6.408159 34.763470
v  18.553293 6.402544 34.802387
v  18.592363 6.396834 34.818169
v  18.631432 6.394373 34.801567
v  18.647614 6.396603 34.762310
v  18.631432 6.402217 34.723392
v  18.586555 6.355249 34.679199
v  18.531303 6.358729 34.702675
v  18.508417 6.355576 34.758194
v  18.531303 6.347637 34.813232
v  18.586555 6.339561 34.835548
v  18.641808 6.336081 34.812073
v  18.664694 6.339234 34.756554
v  18.641808 6.347173 34.701515
v  18.580748 6.297976 34.696579
v  18.580748 6.286883 34.807137
# 39 vertices

o Bip001_R_UpperArm
g Bip001_R_UpperArm
f 782 786 776 
f 777 782 776 
f 814 783 782 777 
f 778 783 814 
f 789 783 779 
f 779 783 778 
f 784 789 779 
f 780 784 779 
f 813 785 784 780 
f 781 785 813 
f 786 785 776 
f 776 785 781 
f 782 787 792 786 
f 788 793 787 782 
f 783 788 782 
f 789 793 788 783 
f 790 794 789 784 
f 791 795 790 784 
f 785 791 784 
f 786 795 791 785 
f 787 793 792 
f 789 794 793 
f 795 794 790 
f 792 795 786 
f 793 794 795 792 
f 797 798 796 
f 798 799 796 
f 799 800 796 
f 800 801 796 
f 801 802 796 
f 802 803 796 
f 803 804 796 
f 804 797 796 
f 805 806 798 797 
f 806 807 799 798 
f 807 808 800 799 
f 808 809 801 800 
f 809 810 802 801 
f 810 811 803 802 
f 811 812 804 803 
f 812 805 797 804 
f 813 780 806 805 
f 780 779 807 806 
f 779 778 808 807 
f 778 814 809 808 
f 814 777 810 809 
f 777 776 811 810 
f 776 781 812 811 
f 781 813 805 812 
# 25 polygons - 24 triangles

#
# object Bip001_R_Forearm
#

v  18.539003 5.430879 34.716148
v  18.533672 5.330066 34.777973
v  18.529678 5.194671 34.791447
v  18.512314 5.043821 34.768940
v  18.471392 4.617996 34.788811
v  18.376238 4.636396 34.785973
v  18.408598 5.061123 34.766281
v  18.418005 5.218585 34.788044
v  18.433786 5.331411 34.776608
v  18.459642 5.430880 34.716152
v  18.564798 5.314177 34.688557
v  18.562023 5.183739 34.701714
v  18.387236 5.211288 34.697395
v  18.403854 5.329159 34.685631
v  18.539003 5.422211 34.637264
v  18.534866 5.311924 34.597580
v  18.531252 5.176442 34.611065
v  18.513241 5.033114 34.662983
v  18.449478 4.615273 34.726051
v  18.399204 4.626553 34.724323
v  18.409525 5.050415 34.660324
v  18.419579 5.200356 34.607658
v  18.434980 5.313270 34.596214
v  18.459642 5.422212 34.637264
v  18.499323 5.561214 34.661911
v  18.499323 5.531980 34.608669
v  18.459642 5.533775 34.625008
v  18.443205 5.538109 34.664448
v  18.459642 5.542443 34.703892
v  18.499323 5.544237 34.720230
v  18.539003 5.542442 34.703892
v  18.555439 5.538108 34.664448
v  18.539003 5.533775 34.625004
v  18.499323 5.473659 34.591690
v  18.443205 5.476198 34.614796
v  18.419960 5.482327 34.670578
v  18.443207 5.488456 34.726360
v  18.499323 5.490995 34.749466
v  18.555441 5.488457 34.726360
v  18.578684 5.482327 34.670578
v  18.555439 5.476198 34.614796
v  18.499323 5.420417 34.620926
v  18.443205 5.426546 34.676708
v  18.499323 5.432674 34.732487
v  18.555439 5.426545 34.676708
# 45 vertices

o Bip001_R_Forearm
g Bip001_R_Forearm
f 816 826 825 815 
f 817 818 826 816 
f 822 828 827 821 
f 823 824 828 822 
f 825 831 830 829 
f 825 829 859 815 
f 826 832 831 825 
f 818 833 832 826 
f 819 833 818 
f 820 834 833 819 
f 821 827 835 820 
f 835 834 820 
f 827 828 836 835 
f 828 838 837 836 
f 857 838 828 824 
f 820 819 818 821 
f 821 818 817 822 
f 822 817 816 823 
f 815 858 823 816 
f 824 823 858 
f 833 834 835 832 
f 832 835 836 831 
f 831 836 837 830 
f 837 838 856 830 
f 830 856 829 
f 840 841 839 
f 841 842 839 
f 842 843 839 
f 843 844 839 
f 844 845 839 
f 845 846 839 
f 846 847 839 
f 847 840 839 
f 848 849 841 840 
f 849 850 842 841 
f 850 851 843 842 
f 851 852 844 843 
f 852 853 845 844 
f 853 854 846 845 
f 854 855 847 846 
f 855 848 840 847 
f 856 838 849 848 
f 838 857 850 849 
f 857 824 851 850 
f 824 858 852 851 
f 858 815 853 852 
f 815 859 854 853 
f 859 829 855 854 
f 829 856 848 855 
# 37 polygons - 12 triangles

#
# object Bip001_R_Hand
#

v  18.391331 4.632527 34.808926
v  18.450317 4.626942 34.809162
v  18.452719 4.637859 34.750881
v  18.379246 4.348380 34.951412
v  18.411676 4.324204 34.950569
v  18.369440 4.460882 34.921204
v  18.427992 4.424766 34.922981
v  18.439037 4.511641 34.763020
v  18.454683 4.481252 34.866802
v  18.471210 4.530444 34.786560
v  18.391331 4.613563 34.696529
v  18.450317 4.607977 34.696766
v  18.379246 4.300423 34.640945
v  18.411674 4.276247 34.640106
v  18.372892 4.454619 34.658138
v  18.434639 4.448493 34.658604
v  18.427992 4.386049 34.661331
v  18.447372 4.469943 34.675793
v  18.451750 4.520525 34.720016
v  18.439074 4.354548 34.911972
v  18.439072 4.322474 34.682884
v  18.345402 4.457927 34.721302
v  18.343893 4.462816 34.814667
v  18.352774 4.270974 34.735458
v  18.369959 4.290673 34.905979
v  18.422583 4.266528 34.898094
v  18.366278 4.265450 34.685184
v  18.413616 4.241409 34.682709
# 28 vertices

o Bip001_R_Hand
g Bip001_R_Hand
f 862 870 860 861 
f 860 865 866 861 
f 865 863 864 866 
f 861 868 869 862 
f 866 868 861 
f 869 867 862 
f 867 869 868 866 
f 870 862 871 
f 887 885 883 886 
f 884 885 864 863 
f 875 874 870 871 
f 876 874 875 
f 873 872 874 876 
f 871 878 877 
f 866 876 875 867 
f 864 885 880 879 
f 880 885 887 873 
f 882 865 860 870 
f 870 874 881 882 
f 872 886 883 881 
f 865 882 884 863 
f 877 875 871 
f 871 862 867 878 
f 878 867 875 877 
f 879 866 864 
f 876 880 873 
f 866 879 880 876 
f 872 881 874 
f 881 883 884 882 
f 872 873 887 886 
f 883 885 884 
# 21 polygons - 10 triangles

#
# object Bip001_R_Finger0
#

v  18.374348 4.166090 34.798691
v  18.374552 4.167102 34.808880
v  18.364159 4.167108 34.798794
v  18.364361 4.168119 34.808983
v  18.383181 4.177372 34.797394
v  18.375385 4.177376 34.789829
v  18.365196 4.178393 34.789932
v  18.357706 4.179915 34.797649
v  18.357910 4.180928 34.807838
v  18.365704 4.180924 34.815403
v  18.375895 4.179907 34.815300
v  18.383383 4.178385 34.807583
v  18.387033 4.216704 34.789963
v  18.379307 4.217047 34.785809
v  18.369230 4.218627 34.791573
v  18.361671 4.219811 34.795895
v  18.361784 4.220374 34.801556
v  18.369513 4.220033 34.805725
v  18.379814 4.219578 34.811283
v  18.387373 4.218395 34.806976
v  18.391674 4.244035 34.789627
v  18.382931 4.244040 34.781139
v  18.370808 4.245250 34.781261
v  18.362406 4.246957 34.789921
v  18.362648 4.248161 34.802040
v  18.371391 4.248158 34.810528
v  18.383514 4.246947 34.810406
v  18.391916 4.245240 34.801746
v  18.398731 4.253759 34.785984
v  18.386366 4.253765 34.773983
v  18.369221 4.255477 34.774155
v  18.357340 4.257891 34.786396
v  18.357681 4.259594 34.803539
v  18.370047 4.259589 34.815540
v  18.387192 4.257877 34.815369
v  18.399073 4.255463 34.803127
v  18.393764 4.265192 34.787483
v  18.385021 4.265196 34.778996
v  18.372898 4.266407 34.779118
v  18.364496 4.268114 34.787777
v  18.364738 4.269319 34.799896
v  18.373482 4.269314 34.808384
v  18.385605 4.268104 34.808262
v  18.394007 4.266397 34.799603
v  18.379684 4.271637 34.793247
# 45 vertices

o Bip001_R_Finger0
g Bip001_R_Finger0
f 888 889 891 890 
f 888 893 892 
f 888 890 894 893 
f 890 895 894 
f 890 891 896 895 
f 891 897 896 
f 891 889 898 897 
f 889 899 898 
f 889 888 892 899 
f 892 893 901 900 
f 893 894 902 901 
f 894 895 903 902 
f 895 896 904 903 
f 896 897 905 904 
f 897 898 906 905 
f 898 899 907 906 
f 899 892 900 907 
f 900 901 909 908 
f 901 902 910 909 
f 902 903 911 910 
f 903 904 912 911 
f 904 905 913 912 
f 905 906 914 913 
f 906 907 915 914 
f 907 900 908 915 
f 908 909 917 916 
f 909 910 918 917 
f 910 911 919 918 
f 911 912 920 919 
f 912 913 921 920 
f 913 914 922 921 
f 914 915 923 922 
f 915 908 916 923 
f 916 917 925 924 
f 917 918 926 925 
f 918 919 927 926 
f 919 920 928 927 
f 920 921 929 928 
f 921 922 930 929 
f 922 923 931 930 
f 923 916 924 931 
f 932 924 925 
f 932 925 926 
f 932 926 927 
f 932 927 928 
f 932 928 929 
f 932 929 930 
f 932 930 931 
f 932 931 924 
# 37 polygons - 12 triangles

#
# object Bip001_Head
#

v  19.038471 6.960444 35.059689
v  18.918127 7.103253 34.965412
v  18.924892 6.960447 35.010860
v  19.019093 6.563990 35.064270
v  18.932411 6.705552 34.978302
v  19.015762 6.549152 35.019848
v  18.937418 6.575012 34.816875
v  18.904013 6.793110 34.998013
v  18.894329 6.901629 34.958752
v  18.893190 6.734808 34.714386
v  19.045826 6.763507 35.119904
v  18.962940 6.589283 34.619530
v  18.981024 6.716085 34.570347
v  18.918127 6.888208 34.526352
v  18.918127 6.996747 34.509689
v  18.918127 7.103242 34.530235
v  19.038733 6.753485 35.074810
v  19.037485 6.870124 35.017944
v  19.043690 6.878136 35.095848
v  19.042797 6.791184 35.131653
v  19.038876 6.799252 35.053272
v  18.879827 6.960446 34.954853
v  18.868128 6.996733 34.644337
v  19.067139 7.103265 35.023163
v  19.067139 7.181069 34.945862
v  19.067139 7.217515 34.814297
v  19.067139 7.216313 34.673515
v  19.067139 7.178065 34.562275
v  19.067139 7.103250 34.484478
v  19.067139 6.996697 34.459045
v  19.067139 6.839835 34.479671
v  18.918127 7.163874 34.902966
v  18.918127 7.193317 34.796680
v  18.918127 7.192347 34.682949
v  18.918127 7.161447 34.593082
v  18.876511 7.103248 34.647789
v  18.876511 7.103250 34.828732
v  18.977587 6.648976 35.028034
v  18.865688 6.896383 34.717155
v  19.196859 6.575012 34.816875
v  19.171337 6.589283 34.619530
v  19.118515 6.549152 35.019848
v  19.153252 6.716085 34.570347
v  19.115185 6.563990 35.064270
v  18.872978 6.998015 34.845211
v  18.985582 6.735211 35.030830
v  19.101326 6.640646 35.057159
v  19.067139 6.694369 35.074257
v  18.982531 6.709933 35.033600
v  19.027004 6.699316 35.066002
v  19.001682 6.646065 35.037071
v  19.032951 6.640646 35.057159
v  18.956015 6.857242 34.989365
v  19.095806 6.960444 35.059689
v  19.216150 7.103254 34.965412
v  19.209385 6.960447 35.010860
v  19.201866 6.705552 34.978302
v  19.230265 6.793110 34.998013
v  19.239948 6.901629 34.958752
v  19.241087 6.734808 34.714390
v  19.088451 6.763507 35.119904
v  19.216150 6.888208 34.526352
v  19.216150 6.996747 34.509689
v  19.216150 7.103243 34.530235
v  19.095545 6.753485 35.074810
v  19.096792 6.870124 35.017941
v  19.090588 6.878136 35.095848
v  19.091480 6.791184 35.131653
v  19.095402 6.799252 35.053272
v  19.254450 6.960447 34.954853
v  19.266150 6.996733 34.644337
v  19.216150 7.163874 34.902966
v  19.216150 7.193317 34.796680
v  19.216150 7.192347 34.682949
v  19.216150 7.161448 34.593082
v  19.257767 7.103248 34.647789
v  19.257767 7.103251 34.828732
v  19.156691 6.648976 35.028038
v  19.268589 6.896383 34.717155
v  19.261299 6.998015 34.845211
v  19.148695 6.735211 35.030830
v  19.151747 6.709933 35.033600
v  19.107273 6.699316 35.066002
v  19.132595 6.646066 35.037071
v  19.178263 6.857242 34.989365
v  18.898216 7.103252 34.900017
v  19.233246 7.103252 34.909264
# 87 vertices

o Bip001_Head
g Bip001_Head
f 935 934 1018 954 
f 954 941 935 
f 971 946 942 
f 942 941 971 
f 939 945 944 
f 942 945 939 
f 945 942 946 
f 947 946 955 
f 955 968 948 947 
f 939 938 936 970 
f 939 970 937 
f 944 973 972 939 
f 945 963 975 
f 946 963 945 
f 985 950 933 935 
f 935 941 985 
f 940 941 942 937 
f 937 942 939 
f 949 943 952 953 
f 953 952 951 950 
f 950 951 933 
f 985 941 940 950 
f 940 937 978 953 
f 950 940 953 
f 977 954 1018 969 
f 955 977 969 968 
f 971 977 955 
f 971 941 954 977 
f 946 971 955 
f 934 935 933 956 
f 964 934 956 957 
f 965 964 957 958 
f 966 965 958 959 
f 967 966 959 960 
f 948 967 960 961 
f 947 948 961 962 
f 946 947 962 963 
f 964 965 969 1018 
f 1018 934 964 
f 965 966 968 969 
f 967 948 968 966 
f 938 939 972 974 
f 944 945 975 973 
f 936 938 974 976 
f 953 978 949 
f 982 981 970 983 
f 949 982 980 997 
f 982 949 978 981 
f 980 982 983 984 
f 980 984 979 1015 
f 937 981 978 
f 981 937 970 
f 970 936 984 983 
f 984 936 976 979 
f 988 1002 1019 987 
f 1002 988 991 
f 1011 992 994 
f 992 1011 991 
f 972 973 975 
f 992 972 975 
f 975 994 992 
f 995 1003 994 
f 1003 995 996 1008 
f 972 1010 976 974 
f 972 989 1010 
f 999 986 933 951 
f 1000 999 951 952 
f 994 975 963 
f 1017 991 988 986 
f 990 989 992 991 
f 989 972 992 
f 997 1001 1000 993 
f 1001 998 999 1000 
f 998 986 999 
f 1000 952 943 993 
f 1017 998 990 991 
f 990 1001 1013 989 
f 1013 1001 997 
f 998 1001 990 
f 1009 1019 1002 1012 
f 1003 1008 1009 1012 
f 1011 1003 1012 
f 1011 1012 1002 991 
f 994 1003 1011 
f 987 956 986 988 
f 1004 957 956 987 
f 1005 958 957 1004 
f 1006 959 958 1005 
f 1007 960 959 1006 
f 996 961 960 1007 
f 995 962 961 996 
f 994 963 962 995 
f 1004 1019 1009 1005 
f 1005 1009 1008 1006 
f 1007 1006 1008 996 
f 993 943 949 997 
f 956 933 986 
f 1015 979 1016 1014 
f 997 980 1015 
f 1015 1014 989 1013 
f 1014 1016 1010 989 
f 997 1015 1013 
f 1010 1016 979 976 
f 986 998 1017 
f 1019 1004 987 
# 65 polygons - 40 triangles

#
# object Bip001_L_Thigh
#

v  19.245674 4.302774 34.924294
v  19.245674 4.116783 34.656940
v  19.285748 3.755196 34.686066
v  19.292328 3.141407 34.813099
v  19.291491 3.106053 34.876713
v  19.291491 3.054388 34.886963
v  19.291491 3.054389 34.920441
v  19.291491 3.123730 34.933624
v  19.292328 3.143820 34.983120
v  19.285748 3.554514 34.985954
v  19.399469 4.302774 34.924294
v  19.366825 4.116783 34.656940
v  19.406898 3.755194 34.686066
v  19.421309 3.141407 34.813099
v  19.422146 3.106053 34.876713
v  19.422146 3.054388 34.886963
v  19.422146 3.054389 34.920441
v  19.422146 3.123730 34.933624
v  19.421309 3.143820 34.983120
v  19.439543 3.554514 34.985954
v  19.304861 4.327071 34.826168
v  19.306784 4.251096 34.723927
v  19.409445 4.251169 34.723869
v  19.409239 4.327167 34.826233
v  19.310989 4.430826 34.798161
v  19.311119 4.430824 34.703590
v  19.405613 4.430814 34.704102
v  19.405615 4.430816 34.798672
v  19.454243 4.207758 34.787712
v  19.494316 3.656605 34.833393
v  19.292328 3.142344 34.879082
v  19.421309 3.142612 34.898041
v  19.358252 4.430820 34.684174
v  19.425285 4.430815 34.751106
v  19.358269 4.430821 34.817703
v  19.291574 4.430824 34.751080
v  19.358400 4.564763 34.683945
v  19.311056 4.564764 34.703556
v  19.358400 4.592498 34.750900
v  19.291445 4.564764 34.750904
v  19.311058 4.564763 34.798244
v  19.358400 4.564764 34.817856
v  19.405745 4.564763 34.798244
v  19.425356 4.564764 34.750900
v  19.405745 4.564764 34.703556
v  19.358400 4.497809 34.656212
v  19.291445 4.497809 34.683945
v  19.263712 4.497809 34.750900
v  19.291445 4.497808 34.817856
v  19.358400 4.497808 34.845589
v  19.425356 4.497808 34.817856
v  19.453089 4.497809 34.750900
v  19.425356 4.497809 34.683945
v  19.358252 4.430820 34.684174
v  19.311119 4.430824 34.703590
v  19.311119 4.430824 34.703590
v  19.291574 4.430824 34.751080
v  19.291574 4.430824 34.751080
v  19.310989 4.430826 34.798161
v  19.310989 4.430826 34.798161
v  19.358269 4.430821 34.817703
v  19.358269 4.430821 34.817703
v  19.405615 4.430816 34.798672
v  19.405615 4.430816 34.798672
v  19.425285 4.430815 34.751106
v  19.425285 4.430815 34.751106
v  19.405613 4.430814 34.704102
v  19.405613 4.430814 34.704102
v  19.358252 4.430820 34.684174
# 69 vertices

o Bip001_L_Thigh
g Bip001_L_Thigh
f 1021 1031 1032 1022 
f 1022 1032 1033 1023 
f 1023 1033 1034 1024 
f 1024 1034 1035 1025 
f 1025 1035 1036 1026 
f 1026 1036 1037 1027 
f 1027 1037 1038 1028 
f 1028 1038 1039 1029 
f 1029 1039 1030 1020 
f 1029 1020 1021 1022 
f 1029 1022 1023 1050 
f 1028 1029 1050 1024 
f 1027 1028 1024 1026 
f 1026 1024 1025 
f 1049 1032 1031 1048 
f 1049 1051 1033 1032 
f 1037 1034 1051 1038 
f 1051 1049 1039 1038 
f 1036 1035 1034 1037 
f 1020 1040 1041 1021 
f 1021 1041 1042 1031 
f 1042 1043 1030 1048 
f 1031 1042 1048 
f 1030 1043 1040 1020 
f 1040 1044 1055 1041 
f 1041 1045 1052 1042 
f 1042 1046 1053 1043 
f 1043 1047 1054 1040 
f 1047 1052 1045 1054 
f 1039 1049 1048 1030 
f 1050 1023 1024 
f 1034 1033 1051 
f 1046 1052 1047 1053 
f 1042 1052 1046 
f 1043 1053 1047 
f 1054 1045 1055 1044 
f 1040 1054 1044 
f 1041 1055 1045 
f 1056 1057 1058 
f 1057 1059 1058 
f 1059 1060 1058 
f 1060 1061 1058 
f 1061 1062 1058 
f 1062 1063 1058 
f 1063 1064 1058 
f 1064 1056 1058 
f 1065 1066 1057 1056 
f 1066 1067 1059 1057 
f 1067 1068 1060 1059 
f 1068 1069 1061 1060 
f 1069 1070 1062 1061 
f 1070 1071 1063 1062 
f 1071 1072 1064 1063 
f 1072 1065 1056 1064 
f 1073 1074 1065 
f 1045 1066 1065 
f 1075 1076 1066 
f 1055 1067 1066 
f 1077 1078 1067 
f 1044 1068 1067 
f 1079 1080 1068 
f 1054 1069 1068 
f 1081 1082 1069 
f 1047 1070 1069 
f 1083 1084 1070 
f 1053 1071 1070 
f 1085 1086 1071 
f 1046 1072 1071 
f 1087 1088 1072 
f 1052 1065 1072 
# 38 polygons - 32 triangles

#
# object Bip001_L_Calf
#

v  19.295170 2.962975 34.816772
v  19.231466 2.616126 34.727699
v  19.312670 2.233537 34.780212
v  19.303818 1.671984 34.704845
v  19.303818 1.646454 34.734467
v  19.303818 1.610174 34.741459
v  19.303818 1.611872 34.769218
v  19.303818 1.642526 34.784893
v  19.303818 1.674181 34.822704
v  19.331251 2.203465 34.865082
v  19.295170 2.961631 34.979027
v  19.298571 2.989024 34.902763
v  19.421816 2.962975 34.816772
v  19.442995 2.616126 34.727699
v  19.407246 2.233537 34.780212
v  19.416100 1.671984 34.704845
v  19.416100 1.646454 34.734470
v  19.416100 1.610174 34.741459
v  19.416100 1.611872 34.769218
v  19.416100 1.642526 34.784893
v  19.416098 1.674181 34.822704
v  19.388666 2.203465 34.865082
v  19.421818 2.961631 34.979023
v  19.418230 2.989024 34.902763
v  19.358400 3.133466 34.902763
v  19.358400 3.108684 34.842934
v  19.400705 3.108685 34.860458
v  19.418230 3.108684 34.902763
v  19.400705 3.108684 34.945068
v  19.358400 3.108684 34.962593
v  19.316095 3.108684 34.945068
v  19.298571 3.108684 34.902763
v  19.316095 3.108685 34.860458
v  19.358400 3.048855 34.818150
v  19.418230 3.048855 34.842934
v  19.443012 3.048854 34.902763
v  19.418230 3.048854 34.962593
v  19.358400 3.048854 34.987377
v  19.298571 3.048854 34.962593
v  19.273788 3.048854 34.902763
v  19.298571 3.048855 34.842934
v  19.358400 2.989025 34.842934
v  19.400705 2.989025 34.860458
v  19.400705 2.989026 34.945068
v  19.358400 2.989025 34.962593
v  19.316095 2.989026 34.945068
v  19.316095 2.989025 34.860458
v  19.229887 2.613265 34.839684
v  19.448845 2.615440 34.860348
v  19.387981 2.614920 34.926624
v  19.330854 2.614102 34.923367
# 51 vertices

o Bip001_L_Calf
g Bip001_L_Calf
f 1089 1101 1102 1090 
f 1090 1102 1103 1091 
f 1091 1103 1104 1092 
f 1092 1104 1105 1093 
f 1093 1105 1106 1094 
f 1094 1106 1107 1095 
f 1095 1107 1108 1096 
f 1096 1108 1109 1097 
f 1097 1109 1110 1098 
f 1138 1111 1099 1139 
f 1098 1110 1138 1139 
f 1111 1112 1132 1133 
f 1099 1111 1133 1134 
f 1130 1131 1101 1089 
f 1100 1135 1130 1089 
f 1093 1094 1095 1096 
f 1091 1092 1093 1097 
f 1093 1096 1097 
f 1091 1097 1098 1136 
f 1136 1098 1139 1099 
f 1090 1091 1136 1099 
f 1089 1090 1099 1100 
f 1105 1108 1107 1106 
f 1108 1105 1104 1109 
f 1103 1110 1109 1104 
f 1103 1102 1137 1110 
f 1101 1112 1111 1102 
f 1113 1115 1114 
f 1113 1116 1115 
f 1113 1117 1116 
f 1113 1118 1117 
f 1113 1119 1118 
f 1113 1120 1119 
f 1113 1121 1120 
f 1113 1114 1121 
f 1114 1115 1123 1122 
f 1115 1116 1124 1123 
f 1116 1117 1125 1124 
f 1117 1118 1126 1125 
f 1118 1119 1127 1126 
f 1119 1120 1128 1127 
f 1120 1121 1129 1128 
f 1121 1114 1122 1129 
f 1122 1123 1131 1130 
f 1123 1124 1112 1131 
f 1124 1125 1132 1112 
f 1125 1126 1133 1132 
f 1126 1127 1134 1133 
f 1127 1128 1100 1134 
f 1128 1129 1135 1100 
f 1129 1122 1130 1135 
f 1099 1134 1100 
f 1131 1112 1101 
f 1137 1102 1111 1138 
f 1137 1138 1110 
# 43 polygons - 12 triangles

#
# object Bip001_L_Foot
#

v  19.214222 1.321160 34.628616
v  19.251501 1.264084 34.793678
v  19.251501 1.283847 34.940639
v  19.213425 1.262564 35.182388
v  19.213425 1.304063 35.188442
v  19.213425 1.392348 34.979092
v  19.251501 1.520998 34.849648
v  19.298180 1.556668 34.818665
v  19.298180 1.556680 34.731941
v  19.251501 1.521305 34.707550
v  19.276516 1.503374 34.672985
v  19.328182 1.557085 34.818504
v  19.328182 1.557085 34.733032
v  19.500309 1.321160 34.628616
v  19.463030 1.264084 34.793678
v  19.463030 1.283847 34.940639
v  19.501104 1.262564 35.182388
v  19.501104 1.304063 35.188442
v  19.501104 1.392348 34.979092
v  19.463030 1.520998 34.849648
v  19.388618 1.557085 34.818504
v  19.388618 1.557085 34.733032
v  19.463030 1.521305 34.707550
v  19.438015 1.503374 34.672985
v  19.416351 1.556668 34.818665
v  19.416351 1.556680 34.731941
v  19.358400 1.660257 34.775768
v  19.358400 1.642555 34.733032
v  19.388618 1.642555 34.745548
v  19.401136 1.642555 34.775768
v  19.388618 1.642555 34.805984
v  19.358400 1.642555 34.818504
v  19.328182 1.642555 34.805984
v  19.315664 1.642555 34.775768
v  19.328182 1.642555 34.745548
v  19.358400 1.599820 34.715332
v  19.401136 1.599820 34.733032
v  19.418837 1.599820 34.775768
v  19.401136 1.599820 34.818504
v  19.358400 1.599820 34.836205
v  19.315664 1.599820 34.818504
v  19.297964 1.599820 34.775768
v  19.315664 1.599820 34.733032
v  19.358400 1.557085 34.733032
v  19.388618 1.557085 34.745548
v  19.401136 1.557085 34.775768
v  19.388618 1.557085 34.805984
v  19.358400 1.557085 34.818504
v  19.328182 1.557085 34.805984
v  19.315664 1.557085 34.775768
v  19.328182 1.557085 34.745548
v  19.234644 1.331884 34.957664
v  19.214222 1.264158 34.649902
v  19.500309 1.264157 34.650257
# 54 vertices

o Bip001_L_Foot
g Bip001_L_Foot
f 1146 1187 1151 1147 
f 1189 1190 1152 1148 
f 1147 1151 1188 1189 
f 1148 1152 1183 1149 
f 1141 1154 1155 1142 
f 1142 1155 1156 1143 
f 1143 1156 1157 1144 
f 1144 1157 1158 1145 
f 1145 1158 1159 1146 
f 1159 1164 1160 1187 
f 1146 1159 1187 
f 1183 1161 1162 1149 
f 1149 1162 1163 1150 
f 1150 1163 1153 1140 
f 1184 1185 1165 1161 
f 1186 1160 1164 1185 
f 1161 1165 1162 
f 1143 1144 1145 1191 
f 1141 1142 1191 1146 
f 1191 1145 1146 
f 1150 1140 1149 
f 1149 1140 1192 1146 
f 1149 1146 1147 1148 
f 1156 1155 1158 1157 
f 1159 1158 1155 1154 
f 1153 1162 1159 1193 
f 1162 1153 1163 
f 1162 1165 1164 1159 
f 1166 1168 1167 
f 1166 1169 1168 
f 1166 1170 1169 
f 1166 1171 1170 
f 1166 1172 1171 
f 1166 1173 1172 
f 1166 1174 1173 
f 1166 1167 1174 
f 1167 1168 1176 1175 
f 1168 1169 1177 1176 
f 1169 1170 1178 1177 
f 1170 1171 1179 1178 
f 1171 1172 1180 1179 
f 1172 1173 1181 1180 
f 1173 1174 1182 1181 
f 1174 1167 1175 1182 
f 1175 1176 1184 1183 
f 1176 1177 1185 1184 
f 1177 1178 1186 1185 
f 1178 1179 1187 1186 
f 1179 1180 1188 1187 
f 1180 1181 1189 1188 
f 1181 1182 1190 1189 
f 1182 1175 1183 1190 
f 1164 1165 1185 
f 1188 1151 1187 
f 1186 1187 1160 
f 1147 1189 1148 
f 1190 1183 1152 
f 1183 1184 1161 
f 1142 1143 1191 
f 1192 1141 1146 
f 1193 1159 1154 
f 1193 1192 1140 1153 
f 1154 1141 1192 1193 
# 41 polygons - 22 triangles

#
# object Bip001_L_Toe0
#

v  19.375172 1.299735 35.188076
v  19.342865 1.299735 35.188076
v  19.375172 1.288758 35.231812
v  19.342865 1.288758 35.231812
v  19.380583 1.292907 35.188076
v  19.380583 1.281931 35.231812
v  19.337454 1.281931 35.231812
v  19.337454 1.292907 35.188076
v  19.375172 1.256518 35.188076
v  19.380583 1.263345 35.188076
v  19.380583 1.263345 35.231812
v  19.375172 1.256517 35.231812
v  19.342865 1.256518 35.231812
v  19.337454 1.263345 35.231812
v  19.337454 1.263345 35.188076
v  19.342865 1.256518 35.188076
# 16 vertices

o Bip001_L_Toe0
g Bip001_L_Toe0
f 1194 1195 1197 1196 
f 1194 1196 1199 1198 
f 1197 1195 1201 1200 
f 1194 1198 1203 1202 
f 1198 1199 1204 1203 
f 1199 1196 1205 1204 
f 1196 1197 1206 1205 
f 1197 1200 1207 1206 
f 1200 1201 1208 1207 
f 1201 1195 1209 1208 
f 1195 1194 1202 1209 
f 1203 1204 1205 1202 
f 1207 1208 1209 1206 
f 1209 1202 1205 1206 
# 14 polygons

#
# object Bip001_L_Toe01
#

v  19.375172 1.299735 35.231766
v  19.342865 1.299735 35.231766
v  19.375172 1.288758 35.275501
v  19.342865 1.288758 35.275501
v  19.380583 1.292907 35.231766
v  19.380583 1.281931 35.275501
v  19.337454 1.281931 35.275501
v  19.337454 1.292907 35.231766
v  19.375172 1.256518 35.231766
v  19.380583 1.263345 35.231766
v  19.380583 1.263345 35.275501
v  19.375172 1.256517 35.275501
v  19.342865 1.256518 35.275501
v  19.337454 1.263345 35.275501
v  19.337454 1.263345 35.231766
v  19.342865 1.256518 35.231766
# 16 vertices

o Bip001_L_Toe01
g Bip001_L_Toe01
f 1210 1211 1213 1212 
f 1210 1212 1215 1214 
f 1213 1211 1217 1216 
f 1210 1214 1219 1218 
f 1214 1215 1220 1219 
f 1215 1212 1221 1220 
f 1212 1213 1222 1221 
f 1213 1216 1223 1222 
f 1216 1217 1224 1223 
f 1217 1211 1225 1224 
f 1211 1210 1218 1225 
f 1219 1220 1221 1218 
f 1223 1224 1225 1222 
f 1225 1218 1221 1222 
# 14 polygons

#
# object Bip001_L_Toe02
#

v  19.375172 1.299735 35.275455
v  19.342865 1.299735 35.275455
v  19.375172 1.288758 35.319191
v  19.342865 1.288758 35.319191
v  19.380583 1.292907 35.275455
v  19.380583 1.281931 35.319191
v  19.337454 1.281931 35.319191
v  19.337454 1.292907 35.275455
v  19.375172 1.256518 35.275455
v  19.380583 1.263345 35.275455
v  19.380583 1.263345 35.319191
v  19.375172 1.256517 35.319191
v  19.342865 1.256518 35.319191
v  19.337454 1.263345 35.319191
v  19.337454 1.263345 35.275455
v  19.342865 1.256518 35.275455
# 16 vertices

o Bip001_L_Toe02
g Bip001_L_Toe02
f 1226 1227 1229 1228 
f 1226 1228 1231 1230 
f 1229 1227 1233 1232 
f 1226 1230 1235 1234 
f 1230 1231 1236 1235 
f 1231 1228 1237 1236 
f 1228 1229 1238 1237 
f 1229 1232 1239 1238 
f 1232 1233 1240 1239 
f 1233 1227 1241 1240 
f 1227 1226 1234 1241 
f 1235 1236 1237 1234 
f 1239 1240 1241 1238 
f 1241 1234 1237 1238 
# 14 polygons

#
# object Bip001_R_Thigh
#

v  18.888603 4.302774 34.924294
v  18.888603 4.116783 34.656940
v  18.848530 3.755196 34.686066
v  18.841949 3.141407 34.813099
v  18.842787 3.106053 34.876713
v  18.842787 3.054388 34.886963
v  18.842787 3.054389 34.920441
v  18.842787 3.123730 34.933624
v  18.841949 3.143820 34.983120
v  18.848530 3.554514 34.985954
v  18.734808 4.302774 34.924294
v  18.767452 4.116783 34.656940
v  18.727379 3.755194 34.686066
v  18.712969 3.141407 34.813099
v  18.712132 3.106053 34.876713
v  18.712132 3.054388 34.886963
v  18.712132 3.054389 34.920441
v  18.712132 3.123730 34.933624
v  18.712969 3.143820 34.983120
v  18.694735 3.554514 34.985954
v  18.829416 4.327071 34.826168
v  18.827494 4.251096 34.723927
v  18.724833 4.251169 34.723869
v  18.725039 4.327167 34.826237
v  18.823288 4.430826 34.798161
v  18.823158 4.430824 34.703590
v  18.728662 4.430814 34.704102
v  18.728664 4.430816 34.798672
v  18.680035 4.207758 34.787712
v  18.639961 3.656605 34.833393
v  18.841949 3.142344 34.879082
v  18.712969 3.142612 34.898041
v  18.776026 4.430820 34.684174
v  18.708992 4.430815 34.751106
v  18.776009 4.430821 34.817703
v  18.842703 4.430824 34.751080
v  18.775877 4.564763 34.683945
v  18.823221 4.564764 34.703556
v  18.775877 4.592498 34.750900
v  18.842833 4.564764 34.750904
v  18.823219 4.564763 34.798244
v  18.775877 4.564764 34.817856
v  18.728533 4.564763 34.798244
v  18.708921 4.564764 34.750900
v  18.728533 4.564764 34.703556
v  18.775877 4.497809 34.656212
v  18.842833 4.497809 34.683945
v  18.870565 4.497809 34.750900
v  18.842833 4.497808 34.817856
v  18.775877 4.497808 34.845589
v  18.708921 4.497808 34.817856
v  18.681189 4.497809 34.750900
v  18.708921 4.497809 34.683945
v  18.823158 4.430824 34.703590
v  18.776026 4.430820 34.684174
v  18.842703 4.430824 34.751080
v  18.823158 4.430824 34.703590
v  18.823288 4.430826 34.798161
v  18.842703 4.430824 34.751080
v  18.776009 4.430821 34.817703
v  18.823288 4.430826 34.798161
v  18.728664 4.430816 34.798672
v  18.776009 4.430821 34.817703
v  18.708992 4.430815 34.751106
v  18.728664 4.430816 34.798672
v  18.728662 4.430814 34.704102
v  18.708992 4.430815 34.751106
v  18.776026 4.430820 34.684174
v  18.728662 4.430814 34.704102
# 69 vertices

o Bip001_R_Thigh
g Bip001_R_Thigh
f 1244 1254 1253 1243 
f 1245 1255 1254 1244 
f 1246 1256 1255 1245 
f 1247 1257 1256 1246 
f 1248 1258 1257 1247 
f 1249 1259 1258 1248 
f 1250 1260 1259 1249 
f 1251 1261 1260 1250 
f 1242 1252 1261 1251 
f 1243 1242 1251 1244 
f 1245 1244 1251 1272 
f 1272 1251 1250 1246 
f 1246 1250 1249 1248 
f 1247 1246 1248 
f 1270 1253 1254 1271 
f 1254 1255 1273 1271 
f 1260 1273 1256 1259 
f 1260 1261 1271 1273 
f 1259 1256 1257 1258 
f 1243 1263 1262 1242 
f 1253 1264 1263 1243 
f 1270 1252 1265 1264 
f 1270 1264 1253 
f 1242 1262 1265 1252 
f 1263 1267 1277 1262 
f 1277 1266 1262 
f 1264 1268 1274 1263 
f 1274 1267 1263 
f 1265 1269 1275 1264 
f 1275 1268 1264 
f 1262 1266 1276 1265 
f 1276 1269 1265 
f 1276 1277 1267 1269 
f 1269 1267 1274 1275 
f 1252 1270 1271 1261 
f 1246 1245 1272 
f 1273 1255 1256 
f 1275 1274 1268 
f 1266 1277 1276 
f 1280 1279 1278 
f 1280 1281 1279 
f 1280 1282 1281 
f 1280 1283 1282 
f 1280 1284 1283 
f 1280 1285 1284 
f 1280 1286 1285 
f 1280 1278 1286 
f 1278 1279 1288 1287 
f 1279 1281 1289 1288 
f 1281 1282 1290 1289 
f 1282 1283 1291 1290 
f 1283 1284 1292 1291 
f 1284 1285 1293 1292 
f 1285 1286 1294 1293 
f 1286 1278 1287 1294 
f 1287 1295 1296 
f 1287 1288 1267 
f 1288 1297 1298 
f 1288 1289 1277 
f 1289 1299 1300 
f 1289 1290 1266 
f 1290 1301 1302 
f 1290 1291 1276 
f 1291 1303 1304 
f 1291 1292 1269 
f 1292 1305 1306 
f 1292 1293 1275 
f 1293 1307 1308 
f 1293 1294 1268 
f 1294 1309 1310 
f 1294 1287 1274 
# 37 polygons - 34 triangles

#
# object Bip001_R_Calf
#

v  18.839108 2.962975 34.816772
v  18.902811 2.616126 34.727699
v  18.821606 2.233537 34.780212
v  18.830460 1.671984 34.704845
v  18.830460 1.646454 34.734467
v  18.830460 1.610174 34.741459
v  18.830460 1.611872 34.769218
v  18.830460 1.642526 34.784893
v  18.830460 1.674181 34.822704
v  18.803026 2.203465 34.865082
v  18.839108 2.961631 34.979023
v  18.835707 2.989024 34.902763
v  18.712460 2.962975 34.816772
v  18.691280 2.616126 34.727699
v  18.727030 2.233537 34.780212
v  18.718178 1.671984 34.704845
v  18.718178 1.646454 34.734470
v  18.718178 1.610174 34.741459
v  18.718178 1.611872 34.769218
v  18.718178 1.642526 34.784893
v  18.718180 1.674181 34.822704
v  18.745611 2.203465 34.865082
v  18.712461 2.961631 34.979027
v  18.716047 2.989024 34.902763
v  18.775877 3.133466 34.902763
v  18.775877 3.108684 34.842934
v  18.733572 3.108685 34.860458
v  18.716047 3.108684 34.902763
v  18.733572 3.108684 34.945068
v  18.775877 3.108684 34.962593
v  18.818182 3.108684 34.945068
v  18.835707 3.108684 34.902763
v  18.818182 3.108685 34.860458
v  18.775877 3.048855 34.818150
v  18.716047 3.048855 34.842934
v  18.691265 3.048854 34.902763
v  18.716047 3.048854 34.962593
v  18.775877 3.048854 34.987377
v  18.835707 3.048854 34.962593
v  18.860489 3.048854 34.902763
v  18.835707 3.048855 34.842934
v  18.775877 2.989025 34.842934
v  18.733572 2.989025 34.860458
v  18.733572 2.989026 34.945068
v  18.775877 2.989025 34.962593
v  18.818182 2.989026 34.945068
v  18.818182 2.989025 34.860458
v  18.904390 2.613265 34.839680
v  18.685432 2.615440 34.860348
v  18.746296 2.614920 34.926624
v  18.803423 2.614102 34.923367
# 51 vertices

o Bip001_R_Calf
g Bip001_R_Calf
f 1312 1324 1323 1311 
f 1313 1325 1324 1312 
f 1314 1326 1325 1313 
f 1315 1327 1326 1314 
f 1316 1328 1327 1315 
f 1317 1329 1328 1316 
f 1318 1330 1329 1317 
f 1319 1331 1330 1318 
f 1320 1332 1331 1319 
f 1321 1333 1360 1361 
f 1361 1360 1332 1320 
f 1354 1334 1333 1355 
f 1355 1333 1321 1356 
f 1311 1323 1353 1352 
f 1311 1352 1357 1322 
f 1317 1316 1315 1318 
f 1319 1315 1314 1313 
f 1319 1318 1315 
f 1320 1319 1313 1358 
f 1361 1320 1358 1321 
f 1321 1358 1313 1312 
f 1321 1312 1311 1322 
f 1328 1329 1330 1327 
f 1331 1326 1327 1330 
f 1326 1331 1332 1325 
f 1332 1360 1359 1325 
f 1325 1359 1333 1324 
f 1324 1333 1334 1323 
f 1336 1337 1335 
f 1337 1338 1335 
f 1338 1339 1335 
f 1339 1340 1335 
f 1340 1341 1335 
f 1341 1342 1335 
f 1342 1343 1335 
f 1343 1336 1335 
f 1344 1345 1337 1336 
f 1345 1346 1338 1337 
f 1346 1347 1339 1338 
f 1347 1348 1340 1339 
f 1348 1349 1341 1340 
f 1349 1350 1342 1341 
f 1350 1351 1343 1342 
f 1351 1344 1336 1343 
f 1352 1353 1345 1344 
f 1353 1334 1346 1345 
f 1334 1354 1347 1346 
f 1354 1355 1348 1347 
f 1355 1356 1349 1348 
f 1356 1322 1350 1349 
f 1322 1357 1351 1350 
f 1357 1352 1344 1351 
f 1322 1356 1321 
f 1323 1334 1353 
f 1360 1333 1359 
# 43 polygons - 12 triangles

#
# object Bip001_R_Foot
#

v  18.631699 1.321160 34.628616
v  18.668978 1.264084 34.793678
v  18.668978 1.283847 34.940639
v  18.630901 1.262564 35.182388
v  18.630901 1.304063 35.188442
v  18.630901 1.392348 34.979092
v  18.668978 1.520998 34.849648
v  18.715656 1.556668 34.818665
v  18.715656 1.556680 34.731941
v  18.668978 1.521305 34.707550
v  18.693993 1.503374 34.672985
v  18.745659 1.557085 34.818504
v  18.745659 1.557085 34.733032
v  18.917786 1.321160 34.628616
v  18.880507 1.264084 34.793678
v  18.880507 1.283847 34.940639
v  18.918581 1.262564 35.182388
v  18.918581 1.304063 35.188442
v  18.918581 1.392348 34.979092
v  18.880507 1.520998 34.849648
v  18.806095 1.557085 34.818504
v  18.806095 1.557085 34.733032
v  18.880507 1.521305 34.707550
v  18.855492 1.503374 34.672985
v  18.833828 1.556668 34.818665
v  18.833828 1.556680 34.731941
v  18.775877 1.660257 34.775768
v  18.775877 1.642555 34.733032
v  18.806095 1.642555 34.745548
v  18.818613 1.642555 34.775768
v  18.806095 1.642555 34.805984
v  18.775877 1.642555 34.818504
v  18.745659 1.642555 34.805984
v  18.733141 1.642555 34.775768
v  18.745659 1.642555 34.745548
v  18.775877 1.599820 34.715332
v  18.818613 1.599820 34.733032
v  18.836313 1.599820 34.775768
v  18.818613 1.599820 34.818504
v  18.775877 1.599820 34.836205
v  18.733141 1.599820 34.818504
v  18.715441 1.599820 34.775768
v  18.733141 1.599820 34.733032
v  18.775877 1.557085 34.733032
v  18.806095 1.557085 34.745548
v  18.818613 1.557085 34.775768
v  18.806095 1.557085 34.805984
v  18.775877 1.557085 34.818504
v  18.745659 1.557085 34.805984
v  18.733141 1.557085 34.775768
v  18.745659 1.557085 34.745548
v  18.652121 1.331884 34.957664
v  18.631699 1.264158 34.649902
v  18.917786 1.264157 34.650257
# 54 vertices

o Bip001_R_Foot
g Bip001_R_Foot
f 1368 1409 1373 1369 
f 1411 1412 1374 1370 
f 1369 1373 1410 1411 
f 1370 1374 1405 1371 
f 1363 1376 1377 1364 
f 1364 1377 1378 1365 
f 1365 1378 1379 1366 
f 1366 1379 1380 1367 
f 1367 1380 1381 1368 
f 1381 1386 1382 1409 
f 1368 1381 1409 
f 1405 1383 1384 1371 
f 1371 1384 1385 1372 
f 1372 1385 1375 1362 
f 1406 1407 1387 1383 
f 1408 1382 1386 1407 
f 1383 1387 1384 
f 1365 1366 1367 1413 
f 1363 1364 1413 1368 
f 1413 1367 1368 
f 1372 1362 1371 
f 1371 1362 1414 1368 
f 1371 1368 1369 1370 
f 1378 1377 1380 1379 
f 1381 1380 1377 1376 
f 1375 1384 1381 1415 
f 1384 1375 1385 
f 1384 1387 1386 1381 
f 1388 1390 1389 
f 1388 1391 1390 
f 1388 1392 1391 
f 1388 1393 1392 
f 1388 1394 1393 
f 1388 1395 1394 
f 1388 1396 1395 
f 1388 1389 1396 
f 1389 1390 1398 1397 
f 1390 1391 1399 1398 
f 1391 1392 1400 1399 
f 1392 1393 1401 1400 
f 1393 1394 1402 1401 
f 1394 1395 1403 1402 
f 1395 1396 1404 1403 
f 1396 1389 1397 1404 
f 1397 1398 1406 1405 
f 1398 1399 1407 1406 
f 1399 1400 1408 1407 
f 1400 1401 1409 1408 
f 1401 1402 1410 1409 
f 1402 1403 1411 1410 
f 1403 1404 1412 1411 
f 1404 1397 1405 1412 
f 1386 1387 1407 
f 1410 1373 1409 
f 1408 1409 1382 
f 1369 1411 1370 
f 1412 1405 1374 
f 1405 1406 1383 
f 1364 1365 1413 
f 1414 1363 1368 
f 1415 1381 1376 
f 1415 1414 1362 1375 
f 1376 1363 1414 1415 
# 41 polygons - 22 triangles

#
# object Bip001_R_Toe0
#

v  18.792648 1.299735 35.188076
v  18.760342 1.299735 35.188076
v  18.792648 1.288758 35.231812
v  18.760342 1.288758 35.231812
v  18.798059 1.292907 35.188076
v  18.798059 1.281931 35.231812
v  18.754930 1.281931 35.231812
v  18.754930 1.292907 35.188076
v  18.792648 1.256518 35.188076
v  18.798059 1.263345 35.188076
v  18.798059 1.263345 35.231812
v  18.792648 1.256517 35.231812
v  18.760342 1.256518 35.231812
v  18.754930 1.263345 35.231812
v  18.754930 1.263345 35.188076
v  18.760342 1.256518 35.188076
# 16 vertices

o Bip001_R_Toe0
g Bip001_R_Toe0
f 1416 1417 1419 1418 
f 1416 1418 1421 1420 
f 1419 1417 1423 1422 
f 1416 1420 1425 1424 
f 1420 1421 1426 1425 
f 1421 1418 1427 1426 
f 1418 1419 1428 1427 
f 1419 1422 1429 1428 
f 1422 1423 1430 1429 
f 1423 1417 1431 1430 
f 1417 1416 1424 1431 
f 1425 1426 1427 1424 
f 1429 1430 1431 1428 
f 1431 1424 1427 1428 
# 14 polygons

#
# object Bip001_R_Toe01
#

v  18.792648 1.299735 35.231766
v  18.760342 1.299735 35.231766
v  18.792648 1.288758 35.275501
v  18.760342 1.288758 35.275501
v  18.798059 1.292907 35.231766
v  18.798059 1.281931 35.275501
v  18.754930 1.281931 35.275501
v  18.754930 1.292907 35.231766
v  18.792648 1.256518 35.231766
v  18.798059 1.263345 35.231766
v  18.798059 1.263345 35.275501
v  18.792648 1.256517 35.275501
v  18.760342 1.256518 35.275501
v  18.754930 1.263345 35.275501
v  18.754930 1.263345 35.231766
v  18.760342 1.256518 35.231766
# 16 vertices

o Bip001_R_Toe01
g Bip001_R_Toe01
f 1432 1433 1435 1434 
f 1432 1434 1437 1436 
f 1435 1433 1439 1438 
f 1432 1436 1441 1440 
f 1436 1437 1442 1441 
f 1437 1434 1443 1442 
f 1434 1435 1444 1443 
f 1435 1438 1445 1444 
f 1438 1439 1446 1445 
f 1439 1433 1447 1446 
f 1433 1432 1440 1447 
f 1441 1442 1443 1440 
f 1445 1446 1447 1444 
f 1447 1440 1443 1444 
# 14 polygons

#
# object Bip001_R_Toe02
#

v  18.792648 1.299735 35.275455
v  18.760342 1.299735 35.275455
v  18.792648 1.288758 35.319191
v  18.760342 1.288758 35.319191
v  18.798059 1.292907 35.275455
v  18.798059 1.281931 35.319191
v  18.754930 1.281931 35.319191
v  18.754930 1.292907 35.275455
v  18.792648 1.256518 35.275455
v  18.798059 1.263345 35.275455
v  18.798059 1.263345 35.319191
v  18.792648 1.256517 35.319191
v  18.760342 1.256518 35.319191
v  18.754930 1.263345 35.319191
v  18.754930 1.263345 35.275455
v  18.760342 1.256518 35.275455
# 16 vertices

o Bip001_R_Toe02
g Bip001_R_Toe02
f 1448 1449 1451 1450 
f 1448 1450 1453 1452 
f 1451 1449 1455 1454 
f 1448 1452 1457 1456 
f 1452 1453 1458 1457 
f 1453 1450 1459 1458 
f 1450 1451 1460 1459 
f 1451 1454 1461 1460 
f 1454 1455 1462 1461 
f 1455 1449 1463 1462 
f 1449 1448 1456 1463 
f 1457 1458 1459 1456 
f 1461 1462 1463 1460 
f 1463 1456 1459 1460 
# 14 polygons

#
# object Box003
#

v  18.796619 0.551396 44.384476
v  21.471750 0.551396 41.709343
v  18.711617 0.551396 44.299473
v  21.386749 0.551396 41.624340
v  18.796619 7.631959 44.384476
v  21.471750 7.631959 41.709343
v  18.711617 7.631959 44.299473
v  21.386749 7.631959 41.624340
# 8 vertices

vt 1.000000 0.000000 0.000000
vt 0.000000 0.000000 0.000000
vt 1.000000 1.000000 0.000000
vt 0.000000 1.000000 0.000000
vt 0.000000 0.000000 0.000000
vt 1.000000 0.000000 0.000000
vt 0.000000 1.000000 0.000000
vt 1.000000 1.000000 0.000000
vt 0.000000 0.000000 0.000000
vt 1.000000 0.000000 0.000000
vt 0.000000 1.000000 0.000000
vt 1.000000 1.000000 0.000000
vt 0.000000 0.000000 0.000000
vt 1.000000 0.000000 0.000000
vt 0.000000 1.000000 0.000000
vt 1.000000 1.000000 0.000000
vt 0.000000 0.000000 0.000000
vt 1.000000 0.000000 0.000000
vt 0.000000 1.000000 0.000000
vt 1.000000 1.000000 0.000000
vt 0.000000 0.000000 0.000000
vt 1.000000 0.000000 0.000000
vt 0.000000 1.000000 0.000000
vt 1.000000 1.000000 0.000000
# 24 texture coords

o Box003
g Box003
f 1464/259 1466/261 1467/262 1465/260 
f 1468/263 1469/264 1471/266 1470/265 
f 1464/267 1465/268 1469/270 1468/269 
f 1465/271 1467/272 1471/274 1469/273 
f 1467/275 1466/276 1470/278 1471/277 
f 1466/279 1464/280 1468/282 1470/281 
# 6 polygons

#
# object UTypeStair001
#

v  14.537929 11.101762 32.518353
v  14.544299 11.101762 37.043541
v  12.543318 11.101762 32.522232
v  12.549688 11.101762 37.047421
v  12.543320 10.155113 32.522232
v  12.549689 10.155113 37.047421
v  10.548709 10.155113 32.526115
v  10.555079 10.155113 37.051300
v  10.548708 9.208463 32.526115
v  10.555078 9.208463 37.051300
v  8.554098 9.208463 32.529995
v  8.560467 9.208463 37.055183
v  8.554098 8.261813 32.529995
v  8.560467 8.261813 37.055183
v  6.559485 8.261813 32.533875
v  6.565855 8.261813 37.059063
v  6.559485 7.315163 32.533875
v  6.565855 7.315163 37.059063
v  4.564878 7.315163 32.537758
v  4.571243 7.315163 37.062943
v  4.564878 0.688616 32.537758
v  4.571243 0.688616 37.062943
v  14.537929 0.688616 32.518353
v  14.544299 0.688616 37.043541
v  4.578960 6.770404 41.641682
v  4.578509 6.770404 41.341682
v  4.572140 6.770404 37.368683
v  4.571692 6.770404 37.068684
v  14.552014 2.037156 41.622280
v  14.551565 2.037156 41.322277
v  14.545197 2.037156 37.349281
v  14.544747 2.037156 37.049282
v  14.552014 0.688616 41.622280
v  14.551565 0.688616 41.322277
v  14.545197 0.688616 37.349281
v  14.544747 0.688616 37.049282
v  12.305845 0.688616 37.353638
v  12.305397 0.688616 37.053638
v  4.578960 0.690333 41.641682
v  4.578509 0.690333 41.341682
v  4.572140 4.359060 37.368683
v  4.571692 4.359060 37.068684
v  14.544298 12.450302 36.749283
v  14.544747 12.450302 37.049282
v  4.564426 7.717054 32.519859
v  4.564875 7.717054 32.819862
v  4.571242 7.717054 36.768684
v  4.571692 7.717054 37.068684
v  4.564426 6.368514 32.519859
v  4.564875 6.368514 32.819862
v  4.571242 6.368514 36.768684
v  4.571692 6.368514 37.068684
v  6.803777 6.368514 32.515503
v  6.804225 6.368514 32.815506
v  6.810594 6.368514 36.764328
v  6.811043 6.368514 37.064327
v  14.544298 10.038959 36.749283
v  14.544747 10.038959 37.049282
v  4.578513 5.421864 41.352306
v  4.572140 5.421864 37.368683
v  6.573124 5.421864 41.348427
v  6.566751 5.421864 37.364803
v  6.573124 4.475214 41.348427
v  6.566751 4.475214 37.364803
v  8.567734 4.475214 41.344547
v  8.561361 4.475214 37.360924
v  8.567734 3.528565 41.344547
v  8.561363 3.528565 37.360924
v  10.562345 3.528565 41.340668
v  10.555973 3.528565 37.357044
v  10.562345 2.581915 41.340668
v  10.555973 2.581915 37.357044
v  12.556955 2.581915 41.336784
v  12.550585 2.581915 37.353161
v  12.556955 1.635265 41.336784
v  12.550585 1.635265 37.353161
v  14.551565 1.635265 41.332905
v  14.545196 1.635265 37.349281
v  14.551566 0.688616 41.332905
v  14.545197 0.688616 37.349281
v  4.578513 0.688616 41.352306
v  4.572140 0.688616 37.368683
v  4.578509 0.688616 41.629200
v  4.564875 0.688616 32.544132
v  0.843510 0.688616 41.636463
v  0.829875 0.688616 32.551399
v  4.578509 6.368514 41.629200
v  4.564875 6.368514 32.544132
v  0.843510 6.368514 41.636463
v  0.829875 6.368514 32.551399
v  6.615719 8.687370 36.764706
v  6.616168 8.687370 37.064705
v  6.608903 8.687370 32.515884
v  6.609351 8.687370 32.815884
v  12.500720 3.007472 37.353260
v  12.500271 3.007473 37.053261
v  11.683641 11.095647 32.806011
v  11.753347 8.717598 32.505875
v  11.753796 8.717598 32.805874
v  11.683193 11.095647 32.506012
v  12.621161 11.095647 32.806011
v  12.690866 8.717598 32.505875
v  12.691315 8.717598 32.805874
v  12.620712 11.095647 32.506012
# 104 vertices

o UTypeStair001
g UTypeStair001
f 1488 1486 1484 1482 1480 1478 1476 1474 1472 1494 1492 1490 
f 1493 1495 1473 1475 1477 1479 1481 1483 1485 1487 1489 1491 
f 1472 1474 1475 1473 
f 1474 1476 1477 1475 
f 1476 1478 1479 1477 
f 1478 1480 1481 1479 
f 1480 1482 1483 1481 
f 1482 1484 1485 1483 
f 1484 1486 1487 1485 
f 1486 1488 1489 1487 
f 1488 1490 1491 1489 
f 1490 1492 1493 1491 
f 1492 1494 1495 1493 
f 1494 1472 1473 1495 
f 1496 1510 1504 1500 
f 1501 1505 1511 1497 
f 1498 1512 1508 1566 
f 1503 1507 1509 1567 
f 1496 1500 1501 1497 
f 1498 1566 1567 1499 
f 1500 1504 1505 1501 
f 1502 1506 1507 1503 
f 1504 1510 1511 1505 
f 1506 1508 1509 1507 
f 1508 1512 1513 1509 
f 1510 1496 1497 1511 
f 1517 1521 1525 1565 
f 1514 1528 1526 1562 
f 1519 1523 1527 1563 
f 1514 1562 1563 1515 
f 1516 1520 1521 1517 
f 1520 1524 1525 1521 
f 1522 1526 1527 1523 
f 1524 1569 1570 1525 
f 1526 1528 1529 1527 
f 1528 1514 1515 1529 
f 1546 1544 1542 1540 1538 1536 1534 1532 1530 1552 1550 1548 
f 1551 1553 1531 1533 1535 1537 1539 1541 1543 1545 1547 1549 
f 1530 1532 1533 1531 
f 1532 1534 1535 1533 
f 1534 1536 1537 1535 
f 1536 1538 1539 1537 
f 1538 1540 1541 1539 
f 1540 1542 1543 1541 
f 1542 1544 1545 1543 
f 1544 1546 1547 1545 
f 1546 1548 1549 1547 
f 1548 1550 1551 1549 
f 1550 1552 1553 1551 
f 1552 1530 1531 1553 
f 1558 1559 1561 1560 
f 1555 1554 1556 1557 
f 1556 1554 1558 1560 
f 1555 1557 1561 1559 
f 1554 1555 1559 1558 
f 1557 1556 1560 1561 
f 1562 1518 1519 1563 
f 1527 1529 1515 1563 
f 1526 1522 1518 1562 
f 1564 1516 1517 1565 
f 1525 1570 1568 1565 
f 1524 1520 1516 1564 
f 1566 1502 1503 1567 
f 1508 1506 1502 1566 
f 1509 1513 1499 1567 
f 1498 1499 1513 1512 
f 1522 1523 1519 1518 
f 1569 1524 1564 1571 
f 1571 1564 1565 1568 
f 1569 1571 1575 1573 
f 1571 1568 1572 1575 
f 1570 1569 1573 1574 
f 1568 1570 1574 1572 
f 1575 1572 1574 1573 
# 74 polygons

#
# object Box011
#

v  14.674537 0.438321 21.470503
v  0.614435 0.438321 21.470505
v  14.674537 0.438321 22.383543
v  0.614435 0.438321 22.383545
v  14.674537 8.298857 21.470503
v  0.614435 8.298857 21.470505
v  14.674537 8.298857 22.383543
v  0.614435 8.298857 22.383545
v  13.773234 0.438321 22.383543
v  13.773234 0.438321 21.470503
v  13.773234 8.298857 21.470503
v  13.773234 8.298857 22.383543
v  13.773189 0.438321 32.698254
v  14.674490 0.438321 32.698254
v  14.674490 8.298857 32.698254
v  13.773189 8.298857 32.698254
# 16 vertices

vt 1.000000 0.000000 0.000000
vt 0.000000 0.000000 0.000000
vt 1.000000 1.000000 0.000000
vt 0.000000 1.000000 0.000000
vt 0.000000 0.000000 0.000000
vt 1.000000 0.000000 0.000000
vt 0.000000 1.000000 0.000000
vt 1.000000 1.000000 0.000000
vt 0.000000 0.000000 0.000000
vt 1.000000 0.000000 0.000000
vt 0.000000 1.000000 0.000000
vt 1.000000 1.000000 0.000000
vt 0.000000 0.000000 0.000000
vt 1.000000 0.000000 0.000000
vt 0.000000 1.000000 0.000000
vt 1.000000 1.000000 0.000000
vt 0.000000 0.000000 0.000000
vt 1.000000 0.000000 0.000000
vt 0.000000 1.000000 0.000000
vt 1.000000 1.000000 0.000000
vt 0.000000 0.000000 0.000000
vt 1.000000 0.000000 0.000000
vt 0.000000 1.000000 0.000000
vt 1.000000 1.000000 0.000000
vt 0.500000 1.000000 0.000000
vt 0.500000 0.000000 0.000000
vt 0.500000 0.000000 0.000000
vt 0.500000 0.000000 0.000000
vt 0.500000 0.000000 0.000000
vt 0.500000 1.000000 0.000000
vt 0.500000 1.000000 0.000000
vt 0.500000 1.000000 0.000000
vt 0.500000 0.000000 0.000000
vt 1.000000 0.000000 0.000000
vt 1.000000 1.000000 0.000000
vt 0.500000 1.000000 0.000000
# 36 texture coords

o Box011
g Box011
f 1576/283 1578/285 1584/307 1585/309 
f 1580/287 1586/311 1587/313 1582/289 
f 1576/291 1585/310 1586/312 1580/293 
f 1577/295 1579/296 1583/298 1581/297 
f 1579/299 1584/308 1587/314 1583/301 
f 1578/303 1576/304 1580/306 1582/305 
f 1584/307 1579/286 1577/284 1585/309 
f 1586/311 1581/288 1583/290 1587/313 
f 1585/310 1577/292 1581/294 1586/312 
f 1588/315 1589/316 1590/317 1591/318 
f 1584/308 1578/300 1589/316 1588/315 
f 1578/300 1582/302 1590/317 1589/316 
f 1582/302 1587/314 1591/318 1590/317 
f 1587/314 1584/308 1588/315 1591/318 
# 14 polygons

#
# object Box013
#

v  17.862906 0.115714 13.963026
v  0.393924 0.115714 13.963026
v  17.862906 0.115714 13.049985
v  0.393924 0.115714 13.049985
v  17.862906 10.335693 13.963026
v  0.393924 10.335693 13.963026
v  17.862906 10.335693 13.049985
v  0.393924 10.335693 13.049985
v  16.961603 0.115714 13.049985
v  16.961603 0.115714 13.963026
v  16.961603 10.335693 13.963026
v  16.961603 10.335693 13.049985
v  16.961555 0.115714 0.598013
v  17.862858 0.115714 0.598013
v  17.862858 10.335693 0.598013
v  16.961555 10.335693 0.598013
# 16 vertices

vt 1.000000 0.000000 0.000000
vt 0.000000 0.000000 0.000000
vt 1.000000 1.000000 0.000000
vt 0.000000 1.000000 0.000000
vt 0.000000 0.000000 0.000000
vt 1.000000 0.000000 0.000000
vt 0.000000 1.000000 0.000000
vt 1.000000 1.000000 0.000000
vt 0.000000 0.000000 0.000000
vt 1.000000 0.000000 0.000000
vt 0.000000 1.000000 0.000000
vt 1.000000 1.000000 0.000000
vt 0.000000 0.000000 0.000000
vt 1.000000 0.000000 0.000000
vt 0.000000 1.000000 0.000000
vt 1.000000 1.000000 0.000000
vt 0.000000 0.000000 0.000000
vt 1.000000 0.000000 0.000000
vt 0.000000 1.000000 0.000000
vt 1.000000 1.000000 0.000000
vt 0.000000 0.000000 0.000000
vt 1.000000 0.000000 0.000000
vt 0.000000 1.000000 0.000000
vt 1.000000 1.000000 0.000000
vt 0.500000 1.000000 0.000000
vt 0.500000 0.000000 0.000000
vt 0.500000 0.000000 0.000000
vt 0.500000 0.000000 0.000000
vt 0.500000 0.000000 0.000000
vt 0.500000 1.000000 0.000000
vt 0.500000 1.000000 0.000000
vt 0.500000 1.000000 0.000000
vt 0.500000 0.000000 0.000000
vt 1.000000 0.000000 0.000000
vt 1.000000 1.000000 0.000000
vt 0.500000 1.000000 0.000000
# 36 texture coords

o Box013
g Box013
f 1601/345 1600/343 1594/321 1592/319 
f 1598/325 1603/349 1602/347 1596/323 
f 1596/329 1602/348 1601/346 1592/327 
f 1597/333 1599/334 1595/332 1593/331 
f 1599/337 1603/350 1600/344 1595/335 
f 1598/341 1596/342 1592/340 1594/339 
f 1601/345 1593/320 1595/322 1600/343 
f 1603/349 1599/326 1597/324 1602/347 
f 1602/348 1597/330 1593/328 1601/346 
f 1607/354 1606/353 1605/352 1604/351 
f 1604/351 1605/352 1594/336 1600/344 
f 1605/352 1606/353 1598/338 1594/336 
f 1606/353 1607/354 1603/350 1598/338 
f 1607/354 1604/351 1600/344 1603/350 
# 14 polygons

#
# object Box016
#

v  11.614497 0.551397 10.259147
v  14.289627 0.551397 12.934278
v  11.699500 0.551397 10.174144
v  14.374629 0.551397 12.849276
v  11.614497 7.631960 10.259147
v  14.289627 7.631960 12.934278
v  11.699500 7.631960 10.174144
v  14.374629 7.631960 12.849276
# 8 vertices

vt 1.000000 0.000000 0.000000
vt 0.000000 0.000000 0.000000
vt 1.000000 1.000000 0.000000
vt 0.000000 1.000000 0.000000
vt 0.000000 0.000000 0.000000
vt 1.000000 0.000000 0.000000
vt 0.000000 1.000000 0.000000
vt 1.000000 1.000000 0.000000
vt 0.000000 0.000000 0.000000
vt 1.000000 0.000000 0.000000
vt 0.000000 1.000000 0.000000
vt 1.000000 1.000000 0.000000
vt 0.000000 0.000000 0.000000
vt 1.000000 0.000000 0.000000
vt 0.000000 1.000000 0.000000
vt 1.000000 1.000000 0.000000
vt 0.000000 0.000000 0.000000
vt 1.000000 0.000000 0.000000
vt 0.000000 1.000000 0.000000
vt 1.000000 1.000000 0.000000
vt 0.000000 0.000000 0.000000
vt 1.000000 0.000000 0.000000
vt 0.000000 1.000000 0.000000
vt 1.000000 1.000000 0.000000
# 24 texture coords

o Box016
g Box016
f 1608/355 1610/357 1611/358 1609/356 
f 1612/359 1613/360 1615/362 1614/361 
f 1608/363 1609/364 1613/366 1612/365 
f 1609/367 1611/368 1615/370 1613/369 
f 1611/371 1610/372 1614/374 1615/373 
f 1610/375 1608/376 1612/378 1614/377 
# 6 polygons

#
# object Box017
#

v  7.996741 0.438320 21.880758
v  8.630883 0.438320 21.880758
v  7.996741 0.438320 13.506533
v  8.630883 0.438320 13.506533
v  7.996741 8.370687 21.880758
v  8.630883 8.370687 21.880758
v  7.996741 8.370687 13.506533
v  8.630883 8.370687 13.506533
# 8 vertices

vt 0.000000 0.000000 0.000000
vt 1.000000 0.000000 0.000000
vt 0.000000 1.000000 0.000000
vt 1.000000 1.000000 0.000000
vt 0.000000 0.000000 0.000000
vt 1.000000 0.000000 0.000000
vt 0.000000 1.000000 0.000000
vt 1.000000 1.000000 0.000000
vt 0.000000 0.000000 0.000000
vt 1.000000 0.000000 0.000000
vt 0.000000 1.000000 0.000000
vt 1.000000 1.000000 0.000000
# 12 texture coords

o Box017
g Box017
f 1616/388 1618/390 1619/389 1617/387 
f 1620/387 1621/388 1623/390 1622/389 
f 1616/383 1617/384 1621/386 1620/385 
f 1617/379 1619/380 1623/382 1621/381 
f 1619/383 1618/384 1622/386 1623/385 
f 1618/379 1616/380 1620/382 1622/381 
# 6 polygons

#
# object Box018
#

v  21.072647 0.438320 41.666786
v  22.008270 0.438320 41.666786
v  21.072647 0.438320 32.535774
v  22.008270 0.438320 32.535774
v  21.072647 8.322522 41.666786
v  22.008270 8.322522 41.666786
v  21.072647 8.322522 32.535774
v  22.008270 8.322522 32.535774
# 8 vertices

vt 0.000000 0.000000 0.000000
vt 1.000000 0.000000 0.000000
vt 0.000000 1.000000 0.000000
vt 1.000000 1.000000 0.000000
vt 0.000000 0.000000 0.000000
vt 1.000000 0.000000 0.000000
vt 0.000000 1.000000 0.000000
vt 1.000000 1.000000 0.000000
vt 0.000000 0.000000 0.000000
vt 1.000000 0.000000 0.000000
vt 0.000000 1.000000 0.000000
vt 1.000000 1.000000 0.000000
# 12 texture coords

o Box018
g Box018
f 1624/400 1626/402 1627/401 1625/399 
f 1628/399 1629/400 1631/402 1630/401 
f 1624/395 1625/396 1629/398 1628/397 
f 1625/391 1627/392 1631/394 1629/393 
f 1627/395 1626/396 1630/398 1631/397 
f 1626/391 1624/392 1628/394 1630/393 
# 6 polygons

#
# object Cylinder001
#

v  29.364616 0.792665 12.957449
v  22.986237 0.792665 12.957448
v  23.370899 0.792665 14.408384
v  24.478493 0.792665 15.684316
v  26.175426 0.792665 16.631348
v  28.257023 0.792665 17.135252
v  30.472212 0.792665 17.135252
v  32.553806 0.792665 16.631348
v  34.250740 0.792665 15.684317
v  35.358334 0.792665 14.408385
v  35.742996 0.792665 12.957450
v  35.358334 0.792665 11.506515
v  34.250740 0.792665 10.230583
v  32.553810 0.792665 9.283552
v  30.472214 0.792665 8.779646
v  28.257027 0.792665 8.779646
v  26.175430 0.792665 9.283549
v  24.478497 0.792665 10.230579
v  23.370901 0.792665 11.506510
v  22.986237 0.846612 12.957448
v  23.370899 0.846612 14.408384
v  24.478493 0.846612 15.684316
v  26.175426 0.846612 16.631348
v  28.257023 0.846612 17.135252
v  30.472212 0.846612 17.135252
v  32.553806 0.846612 16.631348
v  34.250740 0.846612 15.684317
v  35.358334 0.846612 14.408385
v  35.742996 0.846612 12.957450
v  35.358334 0.846612 11.506515
v  34.250740 0.846612 10.230583
v  32.553810 0.846612 9.283552
v  30.472214 0.846612 8.779646
v  28.257027 0.846612 8.779646
v  26.175430 0.846612 9.283549
v  24.478497 0.846612 10.230579
v  23.370901 0.846612 11.506510
v  29.364616 0.846612 12.957449
# 38 vertices

vt 0.500000 0.000000 0.000000
vt 0.750000 0.000000 1.000000
vt 0.805556 0.000000 1.000000
vt 0.861111 0.000000 1.000000
vt 0.916667 0.000000 1.000000
vt 0.972222 0.000000 1.000000
vt 0.027778 0.000000 1.000000
vt 0.083333 0.000000 1.000000
vt 0.138889 0.000000 1.000000
vt 0.194444 0.000000 1.000000
vt 0.250000 0.000000 1.000000
vt 0.305556 0.000000 1.000000
vt 0.361111 0.000000 1.000000
vt 0.416667 0.000000 1.000000
vt 0.472222 0.000000 1.000000
vt 0.527778 0.000000 1.000000
vt 0.583333 0.000000 1.000000
vt 0.638889 0.000000 1.000000
vt 0.694444 0.000000 1.000000
vt 0.750000 1.000000 1.000000
vt 0.805556 1.000000 1.000000
vt 0.861111 1.000000 1.000000
vt 0.916667 1.000000 1.000000
vt 0.972222 1.000000 1.000000
vt 0.027778 1.000000 1.000000
vt 0.083333 1.000000 1.000000
vt 0.138889 1.000000 1.000000
vt 0.194444 1.000000 1.000000
vt 0.250000 1.000000 1.000000
vt 0.305556 1.000000 1.000000
vt 0.361111 1.000000 1.000000
vt 0.416667 1.000000 1.000000
vt 0.472222 1.000000 1.000000
vt 0.527778 1.000000 1.000000
vt 0.583333 1.000000 1.000000
vt 0.638889 1.000000 1.000000
vt 0.694444 1.000000 1.000000
vt 0.500000 1.000000 0.000000
vt -0.027778 0.000000 1.000000
vt -0.027778 0.000000 1.000000
vt -0.027778 1.000000 1.000000
vt 0.970821 1.000000 0.879385
# 42 texture coords

o Cylinder001
g Cylinder001
f 1632/403 1635/406 1634/405 1633/404 
f 1632/403 1637/408 1636/407 1635/406 
f 1632/403 1639/410 1638/409 1637/441 
f 1632/403 1641/412 1640/411 1639/410 
f 1632/403 1643/414 1642/413 1641/412 
f 1632/403 1645/416 1644/415 1643/414 
f 1632/403 1647/418 1646/417 1645/416 
f 1632/403 1649/420 1648/419 1647/418 
f 1632/403 1633/404 1650/421 1649/420 
f 1633/404 1634/405 1652/423 1651/422 
f 1634/405 1635/406 1653/424 1652/423 
f 1635/406 1636/407 1654/425 1653/424 
f 1636/407 1637/408 1655/426 1654/425 
f 1637/442 1638/409 1656/427 1655/443 
f 1638/409 1639/410 1657/428 1656/427 
f 1639/410 1640/411 1658/429 1657/428 
f 1640/411 1641/412 1659/430 1658/429 
f 1641/412 1642/413 1660/431 1659/430 
f 1642/413 1643/414 1661/432 1660/431 
f 1643/414 1644/415 1662/433 1661/432 
f 1644/415 1645/416 1663/434 1662/433 
f 1645/416 1646/417 1664/435 1663/434 
f 1646/417 1647/418 1665/436 1664/435 
f 1647/418 1648/419 1666/437 1665/436 
f 1648/419 1649/420 1667/438 1666/437 
f 1649/420 1650/421 1668/439 1667/438 
f 1650/421 1633/404 1651/422 1668/439 
f 1669/440 1668/439 1651/422 1652/423 
f 1669/440 1652/423 1653/424 1654/425 
f 1669/440 1654/425 1655/426 1656/444 
f 1669/440 1656/427 1657/428 1658/429 
f 1669/440 1658/429 1659/430 1660/431 
f 1669/440 1660/431 1661/432 1662/433 
f 1669/440 1662/433 1663/434 1664/435 
f 1669/440 1664/435 1665/436 1666/437 
f 1669/440 1666/437 1667/438 1668/439 
# 36 polygons

#
# object Box019
#

v  34.517300 0.819326 1.543921
v  24.810001 0.819326 1.543920
v  34.517300 0.819326 7.065724
v  24.810001 0.819326 7.065723
v  34.517300 3.996053 1.543921
v  24.810001 3.996053 1.543920
v  34.517300 3.996053 7.065724
v  24.810001 3.996053 7.065723
# 8 vertices

vt 0.000000 0.000000 0.000000
vt 1.000000 0.000000 0.000000
vt 0.000000 1.000000 0.000000
vt 1.000000 1.000000 0.000000
vt 0.000000 0.000000 0.000000
vt 1.000000 0.000000 0.000000
vt 0.000000 1.000000 0.000000
vt 1.000000 1.000000 0.000000
vt 0.000000 0.000000 0.000000
vt 1.000000 0.000000 0.000000
vt 0.000000 1.000000 0.000000
vt 1.000000 1.000000 0.000000
# 12 texture coords

o Box019
g Box019
f 1670/454 1672/456 1673/455 1671/453 
f 1674/453 1675/454 1677/456 1676/455 
f 1670/449 1671/450 1675/452 1674/451 
f 1671/445 1673/446 1677/448 1675/447 
f 1673/449 1672/450 1676/452 1677/451 
f 1672/445 1670/446 1674/448 1676/447 
# 6 polygons

#
# object Box020
#

v  31.876120 -0.041521 21.793512
v  31.941696 -0.041521 19.919147
v  34.042282 0.796238 19.919147
v  33.911129 0.796238 21.641777
v  31.810064 0.796238 22.806562
v  27.872156 0.796238 22.806562
v  27.806101 -0.041521 21.793512
v  27.740524 -0.041521 19.919147
v  25.771091 0.796238 21.641777
v  25.639938 0.796238 19.919147
v  27.741003 0.796238 19.057833
v  31.941219 0.796238 19.057833
v  25.771091 2.173273 21.722723
v  25.639938 2.173273 20.000093
v  27.872156 2.173273 22.887508
v  27.872156 3.646794 23.182823
v  25.771091 3.646794 22.018038
v  25.639938 3.646794 20.295408
v  27.980516 4.581039 23.199347
v  25.995083 4.581039 22.084023
v  25.871147 4.581039 20.460318
v  25.872051 3.687685 19.434093
v  25.872051 2.295948 19.179251
v  27.856581 1.797564 19.138779
v  31.810064 2.173273 22.887508
v  33.911129 2.173273 21.722723
v  33.911129 3.646794 22.018040
v  31.810064 3.646794 23.182823
v  33.687138 4.581039 22.084024
v  31.701704 4.581039 23.199347
v  34.042282 2.173273 20.000093
v  31.825640 1.797564 19.138779
v  33.810169 2.295948 19.179253
v  33.810169 3.687685 19.434095
v  34.042282 3.646794 20.295410
v  33.811073 4.581039 20.460318
v  26.334366 2.541297 19.219725
v  28.087738 2.124697 19.219725
v  31.594484 2.124697 19.219725
v  26.564777 2.663972 19.883791
v  28.202944 2.288264 19.883989
v  31.479277 2.288264 19.883989
v  33.117443 2.663972 19.883791
v  33.347855 2.541297 19.219725
v  26.333567 4.581039 20.361393
v  26.334366 3.769469 19.434093
v  26.564777 3.810360 20.097761
v  28.197237 4.581039 22.803654
v  26.443066 4.581039 21.787254
v  28.305597 3.810360 22.392235
v  26.667059 3.810360 21.425097
v  33.239155 4.581039 21.787254
v  31.484983 4.581039 22.803654
v  33.015163 3.810360 21.425098
v  31.376623 3.810360 22.392235
v  33.347855 3.769469 19.434095
v  33.348656 4.581039 20.361395
v  33.117443 3.810360 20.097763
v  26.667059 2.663972 21.211922
v  28.254084 2.288264 21.364256
v  31.428137 2.288264 21.364256
v  28.305597 2.663972 22.179459
v  31.376623 2.663972 22.179459
v  33.015163 2.663972 21.211924
v  33.402378 0.167919 21.679710
v  31.925541 -0.041521 20.818396
v  31.826578 0.167919 22.553299
v  29.841110 -0.041521 21.869379
v  27.855642 0.167919 22.553299
v  26.279842 0.167919 21.679710
v  27.756680 -0.041521 20.818396
v  26.165085 0.167919 19.919147
v  27.740883 0.167919 19.273161
v  29.841110 -0.041521 19.919147
v  31.941338 0.167919 19.273161
v  33.517136 0.167919 19.919147
v  25.771091 1.559377 21.662014
v  25.672247 2.173273 20.861408
v  26.362411 2.173273 22.444576
v  25.771091 2.811291 21.837025
v  26.362411 3.646794 22.739893
v  25.827089 4.347478 22.141720
v  25.672247 3.646794 21.156723
v  25.697739 4.347478 20.443821
v  25.698444 3.657017 19.649422
v  25.639938 2.811291 20.114395
v  25.698444 2.203942 19.364225
v  25.639938 1.559377 19.939384
v  31.810064 1.559377 22.826799
v  29.841110 2.173273 23.039244
v  33.319809 2.173273 22.444576
v  31.810064 2.811291 23.001810
v  33.319809 3.646794 22.739893
v  31.782974 4.347478 23.294140
v  29.841110 3.646794 23.334558
v  27.899246 4.347478 23.294140
v  27.872156 2.811291 23.001810
v  27.872156 1.559377 22.826797
v  34.042282 1.559377 19.939384
v  34.009972 2.173273 20.861408
v  33.983776 2.203942 19.364225
v  34.042282 2.811291 20.114395
v  33.983776 3.657017 19.649424
v  33.984482 4.347478 20.443821
v  34.009972 3.646794 21.156725
v  33.855133 4.347478 22.141720
v  33.911129 2.811291 21.837025
v  33.911129 1.559377 21.662014
v  27.769897 1.465450 19.078070
v  29.841110 1.797564 19.138779
v  26.368183 1.922160 19.148897
v  27.972160 1.961131 19.199488
v  26.772709 2.228847 19.219725
v  28.174328 2.247372 19.385792
v  29.841110 2.124697 19.219725
v  31.507893 2.247372 19.385792
v  32.909515 2.228847 19.219725
v  31.710062 1.961131 19.199488
v  33.314037 1.922160 19.148897
v  31.912325 1.465450 19.078070
v  25.872051 2.893074 19.263199
v  25.871824 4.357701 19.797834
v  26.103209 3.728577 19.434093
v  26.334166 4.378147 19.773104
v  26.507547 3.800137 19.600012
v  26.334366 3.056640 19.273317
v  26.507547 2.633304 19.385740
v  26.103209 2.418623 19.209606
v  25.901680 4.581039 21.272171
v  26.553860 4.581039 22.768782
v  26.219074 4.581039 21.935638
v  26.936758 4.581039 22.397820
v  26.611061 4.388370 21.622522
v  26.360542 4.581039 21.074324
v  26.506973 4.388370 20.270756
v  26.102358 4.581039 20.410856
v  29.841110 4.581039 23.351082
v  33.128361 4.581039 22.768782
v  31.593344 4.581039 23.001501
v  32.745461 4.581039 22.397820
v  31.403713 4.388370 22.601877
v  29.841110 4.581039 22.955389
v  28.278507 4.388370 22.601875
v  28.088877 4.581039 23.001501
v  33.780540 4.581039 21.272171
v  33.810398 4.357701 19.797836
v  33.579865 4.581039 20.410856
v  33.348057 4.378147 19.773104
v  33.175247 4.388370 20.270756
v  33.321678 4.581039 21.074324
v  33.071159 4.388370 21.622522
v  33.463146 4.581039 21.935638
v  33.810169 2.893074 19.263199
v  33.579014 2.418623 19.209606
v  33.174675 2.633304 19.385742
v  33.347855 3.056640 19.273317
v  33.174675 3.800137 19.600012
v  33.579014 3.728577 19.434095
v  29.841110 2.288264 19.883989
v  26.974319 2.382191 19.883940
v  28.215542 2.288264 20.586189
v  27.063816 2.382191 21.250305
v  28.292719 2.382191 21.976055
v  29.841110 2.288264 21.440123
v  31.389502 2.382191 21.976057
v  32.618404 2.382191 21.250305
v  31.466679 2.288264 20.586189
v  32.707901 2.382191 19.883940
v  29.841110 2.663972 22.331194
v  27.128208 2.663972 21.785839
v  28.305597 3.138423 22.232254
v  27.128208 3.810360 21.998714
v  29.841110 3.810360 22.543970
v  32.554012 3.810360 21.998716
v  31.376623 3.138423 22.232254
v  32.554012 2.663972 21.785839
v  26.589973 2.663972 20.547855
v  26.564777 3.138423 19.937183
v  26.589973 3.810360 20.761429
v  26.667059 3.138423 21.264917
v  33.092247 2.663972 20.547857
v  33.015163 3.138423 21.264917
v  33.092247 3.810360 20.761431
v  33.117443 3.138423 19.937183
v  33.516541 0.796238 19.273161
v  34.009972 0.796238 20.780462
v  33.319809 0.796238 22.363630
v  29.841110 0.796238 22.958298
v  26.362411 0.796238 22.363630
v  25.672247 0.796238 20.780462
v  26.165682 0.796238 19.273161
v  29.841110 0.796238 19.057833
v  33.488865 0.167919 20.789946
v  32.955303 0.330817 22.238302
v  29.841110 0.167919 22.686068
v  29.841110 -0.041521 20.837362
v  26.726915 0.330817 22.238300
v  26.193356 0.167919 20.789946
v  26.573904 0.330817 19.440639
v  29.841110 0.167919 19.273161
v  33.108318 0.330817 19.440639
v  25.672247 1.559377 20.800699
v  26.362411 1.559377 22.383867
v  26.362411 2.811291 22.558878
v  25.672247 2.811291 20.975710
v  26.410275 4.347478 22.854300
v  25.729607 4.347478 21.292770
v  25.743210 4.170362 19.930500
v  25.698444 2.831737 19.470938
v  26.009121 1.610775 19.219927
v  29.841110 1.559377 22.978533
v  33.319809 1.559377 22.383867
v  33.319809 2.811291 22.558880
v  29.841110 2.811291 23.153545
v  33.271946 4.347478 22.854300
v  29.841110 4.347478 23.445875
v  34.009972 1.559377 20.800699
v  33.673103 1.610775 19.219927
v  33.983776 2.831737 19.470940
v  34.009972 2.811291 20.975710
v  33.939011 4.170362 19.930500
v  33.952614 4.347478 21.292770
v  29.841110 1.465450 19.078070
v  26.570446 2.075504 19.202017
v  29.841110 1.961131 19.199488
v  26.924242 2.343855 19.385778
v  29.841110 2.247372 19.385792
v  32.757980 2.343855 19.385778
v  33.111774 2.075504 19.202019
v  26.102995 4.367924 19.785469
v  26.103209 2.974857 19.270786
v  26.462448 4.233972 19.853580
v  26.507547 3.117978 19.439283
v  26.745310 4.581039 22.583300
v  26.131111 4.581039 21.173246
v  27.080345 4.388370 22.205303
v  26.532616 4.388370 20.946638
v  32.936913 4.581039 22.583302
v  29.841110 4.581039 23.153236
v  32.601875 4.388370 22.205303
v  29.841110 4.388370 22.753611
v  33.579227 4.367924 19.785471
v  33.551109 4.581039 21.173248
v  33.219772 4.233972 19.853582
v  33.149605 4.388370 20.946640
v  33.579014 2.974857 19.270788
v  33.174675 3.117978 19.439283
v  26.996367 2.382191 20.557638
v  29.841110 2.288264 20.605156
v  27.412470 2.455245 21.699240
v  29.841110 2.382191 22.108824
v  32.269753 2.455245 21.699242
v  32.685856 2.382191 20.557638
v  27.128208 3.138423 21.838684
v  29.841110 3.138423 22.383989
v  32.554012 3.138423 21.838686
v  26.589973 3.138423 20.601051
v  33.092247 3.138423 20.601051
# 258 vertices

vt 0.937500 0.500000 0.000000
vt 0.937500 0.750000 0.000000
vt 0.750000 0.750000 0.000000
vt 0.750000 0.500000 0.000000
vt 0.888889 0.888889 0.000000
vt 0.750000 0.937500 0.000000
vt 0.500000 0.937500 0.000000
vt 0.500000 0.750000 0.000000
vt 0.500000 0.500000 0.000000
vt 0.250000 0.937500 0.000000
vt 0.250000 0.750000 0.000000
vt 0.111111 0.888889 0.000000
vt 0.062500 0.750000 0.000000
vt 0.062500 0.500000 0.000000
vt 0.250000 0.500000 0.000000
vt 0.062500 0.250000 0.000000
vt 0.250000 0.250000 0.000000
vt 0.111111 0.111111 0.000000
vt 0.250000 0.062500 0.000000
vt 0.500000 0.062500 0.000000
vt 0.500000 0.250000 0.000000
vt 0.750000 0.062500 0.000000
vt 0.750000 0.250000 0.000000
vt 0.888889 0.111111 0.000000
vt 0.937500 0.250000 0.000000
vt 0.500000 0.000000 0.000000
vt 0.750000 0.000000 0.000000
vt 0.750000 0.250000 0.000000
vt 0.500000 0.250000 0.000000
vt 1.000000 0.000000 0.000000
vt 1.000000 0.250000 0.000000
vt 1.000000 0.500000 0.000000
vt 0.750000 0.500000 0.000000
vt 0.500000 0.500000 0.000000
vt 1.000000 0.750000 0.000000
vt 0.750000 0.750000 0.000000
vt 1.000000 1.000000 0.000000
vt 0.750000 1.000000 0.000000
vt 0.500000 1.000000 0.000000
vt 0.500000 0.750000 0.000000
vt 0.250000 1.000000 0.000000
vt 0.250000 0.750000 0.000000
vt 0.000000 1.000000 0.000000
vt 0.000000 0.754739 0.000000
vt 0.000000 0.507109 0.000000
vt 0.250000 0.500000 0.000000
vt 0.000000 0.254739 0.000000
vt 0.250000 0.250000 0.000000
vt 0.000000 0.000000 0.000000
vt 0.250000 0.000000 0.000000
vt 0.500000 0.000000 0.000000
vt 0.750000 0.000000 0.000000
vt 0.750000 0.250000 0.000000
vt 0.500000 0.250000 0.000000
vt 1.000000 0.000000 0.000000
vt 1.000000 0.250000 0.000000
vt 1.000000 0.500000 0.000000
vt 0.750000 0.500000 0.000000
vt 0.500000 0.500000 0.000000
vt 1.000000 0.750000 0.000000
vt 0.750000 0.750000 0.000000
vt 1.000000 1.000000 0.000000
vt 0.750000 0.937500 0.000000
vt 0.500000 0.937500 0.000000
vt 0.500000 0.750000 0.000000
vt 0.250000 0.937500 0.000000
vt 0.250000 0.750000 0.000000
vt 0.000000 1.000000 0.000000
vt 0.000000 0.750000 0.000000
vt 0.000000 0.500000 0.000000
vt 0.250000 0.500000 0.000000
vt 0.000000 0.250000 0.000000
vt 0.250000 0.250000 0.000000
vt 0.000000 0.000000 0.000000
vt 0.250000 0.000000 0.000000
vt 0.500000 0.000000 0.000000
vt 0.750000 0.000000 0.000000
vt 0.750000 0.250000 0.000000
vt 0.500000 0.250000 0.000000
vt 1.000000 0.000000 0.000000
vt 1.000000 0.245261 0.000000
vt 1.000000 0.492891 0.000000
vt 0.750000 0.500000 0.000000
vt 0.500000 0.500000 0.000000
vt 1.000000 0.745261 0.000000
vt 0.750000 0.750000 0.000000
vt 1.000000 1.000000 0.000000
vt 0.750000 1.000000 0.000000
vt 0.500000 1.000000 0.000000
vt 0.500000 0.750000 0.000000
vt 0.250000 1.000000 0.000000
vt 0.250000 0.750000 0.000000
vt 0.000000 1.000000 0.000000
vt 0.000000 0.750000 0.000000
vt 0.000000 0.500000 0.000000
vt 0.250000 0.500000 0.000000
vt 0.000000 0.250000 0.000000
vt 0.250000 0.250000 0.000000
vt 0.000000 0.000000 0.000000
vt 0.250000 0.000000 0.000000
vt 0.500000 0.000000 0.000000
vt 0.750000 0.000000 0.000000
vt 0.763759 0.000000 0.000000
vt 0.520638 0.000000 0.000000
vt 1.000000 0.000000 0.000000
vt 0.940940 0.067239 0.000000
vt 0.942659 0.069609 0.000000
vt 0.770638 0.000000 0.000000
vt 0.530957 0.000000 0.000000
vt 0.940940 0.067239 0.000000
vt 0.763759 0.000000 0.000000
vt 1.000000 0.000000 0.000000
vt 0.753440 0.000000 0.000000
vt 0.505159 0.000000 0.000000
vt 0.520638 0.000000 0.000000
vt 0.253440 0.000000 0.000000
vt 0.263759 0.000000 0.000000
vt 0.000000 0.000000 0.000000
vt 0.065940 0.057761 0.000000
vt 0.067659 0.055391 0.000000
vt 0.270638 0.000000 0.000000
vt 0.065940 0.057761 0.000000
vt 0.263759 0.000000 0.000000
vt 0.000000 0.000000 0.000000
vt 0.250000 0.000000 0.000000
vt 1.000000 0.507109 0.000000
vt 1.000000 0.754739 0.000000
vt 1.000000 0.768957 0.000000
vt 1.000000 0.528435 0.000000
vt 1.000000 1.000000 0.000000
vt 1.000000 1.000000 0.000000
vt 1.000000 1.000000 0.000000
vt 1.000000 0.778435 0.000000
vt 1.000000 0.542653 0.000000
vt 1.000000 1.000000 0.000000
vt 1.000000 0.768957 0.000000
vt 1.000000 1.000000 0.000000
vt 1.000000 0.754758 0.000000
vt 1.000000 0.514949 0.000000
vt 1.000000 0.528435 0.000000
vt 1.000000 0.286008 0.000000
vt 1.000000 0.268957 0.000000
vt 1.000000 0.278435 0.000000
vt 1.000000 0.268957 0.000000
vt 1.000000 0.254739 0.000000
vt 1.000000 0.500000 0.000000
vt 1.000000 0.750000 0.000000
vt 1.000000 0.764356 0.000000
vt 1.000000 0.521535 0.000000
vt 0.934060 0.941089 0.000000
vt 0.932341 0.942884 0.000000
vt 1.000000 0.771535 0.000000
vt 1.000000 0.532302 0.000000
vt 0.934060 0.941089 0.000000
vt 1.000000 0.764356 0.000000
vt 1.000000 1.000000 0.000000
vt 1.000000 0.750000 0.000000
vt 1.000000 0.500000 0.000000
vt 1.000000 0.521535 0.000000
vt 1.000000 0.250000 0.000000
vt 1.000000 0.264356 0.000000
vt 1.000000 0.000000 0.000000
vt 1.000000 0.000000 0.000000
vt 1.000000 0.000000 0.000000
vt 1.000000 0.271535 0.000000
vt 1.000000 0.000000 0.000000
vt 1.000000 0.264356 0.000000
vt 1.000000 0.000000 0.000000
vt 1.000000 0.250000 0.000000
vt 0.250000 0.937500 0.000000
vt 0.236241 1.000000 0.000000
vt 0.479362 1.000000 0.000000
vt 0.059060 0.933911 0.000000
vt 0.057341 0.932116 0.000000
vt 0.229362 1.000000 0.000000
vt 0.469043 1.000000 0.000000
vt 0.059060 0.933911 0.000000
vt 0.236241 1.000000 0.000000
vt 0.000000 1.000000 0.000000
vt 0.246560 1.000000 0.000000
vt 0.494841 1.000000 0.000000
vt 0.479362 1.000000 0.000000
vt 0.746560 1.000000 0.000000
vt 0.736241 1.000000 0.000000
vt 0.729362 1.000000 0.000000
vt 0.736241 1.000000 0.000000
vt 0.750000 0.937500 0.000000
vt 0.000000 0.500000 0.000000
vt 0.000000 0.250000 0.000000
vt 0.000000 0.235644 0.000000
vt 0.000000 0.478465 0.000000
vt 0.000000 0.000000 0.000000
vt 0.000000 0.000000 0.000000
vt 0.000000 0.000000 0.000000
vt 0.000000 0.228465 0.000000
vt 0.000000 0.467698 0.000000
vt 0.000000 0.000000 0.000000
vt 0.000000 0.235644 0.000000
vt 0.000000 0.000000 0.000000
vt 0.000000 0.250000 0.000000
vt 0.000000 0.500000 0.000000
vt 0.000000 0.478465 0.000000
vt 0.000000 0.750000 0.000000
vt 0.000000 0.735644 0.000000
vt 0.000000 0.728465 0.000000
vt 0.000000 0.735644 0.000000
vt 0.000000 0.750000 0.000000
vt 0.000000 0.492891 0.000000
vt 0.000000 0.245261 0.000000
vt 0.000000 0.231043 0.000000
vt 0.000000 0.471565 0.000000
vt 0.000000 0.221565 0.000000
vt 0.000000 0.457347 0.000000
vt 0.000000 0.231043 0.000000
vt 0.000000 0.250000 0.000000
vt 0.000000 0.500000 0.000000
vt 0.000000 0.471565 0.000000
vt 0.000000 0.750000 0.000000
vt 0.000000 0.731043 0.000000
vt 0.000000 1.000000 0.000000
vt 0.000000 1.000000 0.000000
vt 0.000000 1.000000 0.000000
vt 0.000000 0.721565 0.000000
vt 0.000000 1.000000 0.000000
vt 0.000000 0.731043 0.000000
vt 0.000000 1.000000 0.000000
vt 0.000000 0.745261 0.000000
vt 0.750000 0.000000 0.000000
vt 0.500000 0.000000 0.000000
vt 0.906250 0.000000 0.000000
vt 0.929688 0.000000 0.000000
vt 0.750000 0.000000 0.000000
vt 0.500000 0.000000 0.000000
vt 0.937500 0.000000 0.000000
vt 0.750000 0.000000 0.000000
vt 0.888889 0.000000 0.000000
vt 0.750000 0.000000 0.000000
vt 0.500000 0.000000 0.000000
vt 0.500000 0.000000 0.000000
vt 0.250000 0.000000 0.000000
vt 0.250000 0.000000 0.000000
vt 0.125000 0.000000 0.000000
vt 0.093750 0.000000 0.000000
vt 0.117188 0.000000 0.000000
vt 0.250000 0.000000 0.000000
vt 0.125000 0.000000 0.000000
vt 0.250000 0.000000 0.000000
vt 0.500000 1.000000 0.000000
vt 0.750000 1.000000 0.000000
vt 0.750000 0.875000 0.000000
vt 0.500000 0.781250 0.000000
vt 0.888889 1.000000 0.000000
vt 0.937500 0.906269 0.000000
vt 0.929688 0.890653 0.000000
vt 0.750000 0.781250 0.000000
vt 0.500000 0.609375 0.000000
vt 0.906250 0.906269 0.000000
vt 0.750000 0.750000 0.000000
vt 0.746560 0.750000 0.000000
vt 0.494841 0.500000 0.000000
vt 0.500000 0.531250 0.000000
vt 0.246560 0.250000 0.000000
vt 0.250000 0.375000 0.000000
vt 0.000000 0.000000 0.000000
vt 0.125000 0.281231 0.000000
vt 0.117188 0.499972 0.000000
vt 0.250000 0.531250 0.000000
vt 0.093750 0.718731 0.000000
vt 0.250000 0.750000 0.000000
vt 0.125000 1.000000 0.000000
vt 0.250000 1.000000 0.000000
vt 0.929688 0.500000 0.000000
vt 0.906250 0.250000 0.000000
vt 0.875000 0.375075 0.000000
vt 0.968750 0.531362 0.000000
vt 0.750000 0.286008 0.000000
vt 0.500000 0.514949 0.000000
vt 0.718750 0.531362 0.000000
vt 0.890625 0.609544 0.000000
vt 0.250000 0.754758 0.000000
vt 0.500000 0.750075 0.000000
vt 0.000000 1.000000 0.000000
vt 0.250000 1.000000 0.000000
vt 0.500000 1.000000 0.000000
vt 0.718750 0.781362 0.000000
vt 0.750000 1.000000 0.000000
vt 0.875000 0.875075 0.000000
vt 0.968750 0.781362 0.000000
vt 1.000000 0.750075 0.000000
vt 0.937500 0.750000 0.000000
vt 0.117188 0.500000 0.000000
vt 0.093750 0.750000 0.000000
vt 0.125000 0.624925 0.000000
vt 0.218750 0.468638 0.000000
vt 0.218750 0.468638 0.000000
vt 0.390625 0.390456 0.000000
vt 0.250000 0.249925 0.000000
vt 0.250000 0.000000 0.000000
vt 0.500000 0.000000 0.000000
vt 0.468750 0.218638 0.000000
vt 0.750000 0.000000 0.000000
vt 0.625000 0.124925 0.000000
vt 1.000000 0.000000 0.000000
vt 0.750000 0.000000 0.000000
vt 0.500000 0.000000 0.000000
vt 0.468750 0.218638 0.000000
vt 0.250000 0.000000 0.000000
vt 0.250000 0.249925 0.000000
vt 0.125000 0.250000 0.000000
vt 1.000000 0.250000 0.000000
vt 1.000000 0.250000 0.000000
vt 0.937500 0.062500 0.000000
vt 1.000000 0.500000 0.000000
vt 1.000000 0.500000 0.000000
vt 1.000000 0.750000 0.000000
vt 1.000000 0.750000 0.000000
vt 1.000000 1.000000 0.000000
vt 0.937500 0.937500 0.000000
vt 0.750000 1.000000 0.000000
vt 0.750000 1.000000 0.000000
vt 0.500000 1.000000 0.000000
vt 0.500000 1.000000 0.000000
vt 0.250000 1.000000 0.000000
vt 0.250000 1.000000 0.000000
vt 0.000000 1.000000 0.000000
vt 0.062500 0.937500 0.000000
vt 0.000000 0.750000 0.000000
vt 0.000000 0.750000 0.000000
vt 0.000000 0.500000 0.000000
vt 0.000000 0.500000 0.000000
vt 0.000000 0.250000 0.000000
vt 0.000000 0.250000 0.000000
vt 0.062500 0.062500 0.000000
vt 0.250000 0.000000 0.000000
vt 0.250000 0.000000 0.000000
vt 0.500000 0.000000 0.000000
vt 0.750000 0.000000 0.000000
vt 0.750000 0.000000 0.000000
# 338 texture coords

o Box020
g Box020
f 1870/457 1742/458 1678/459 1743/460 
f 1742/458 1871/461 1744/462 1678/459 
f 1678/459 1744/462 1872/463 1745/464 
f 1743/460 1678/459 1745/464 1873/465 
f 1872/463 1746/466 1684/467 1745/464 
f 1746/466 1874/468 1747/469 1684/467 
f 1684/467 1747/469 1875/470 1748/471 
f 1745/464 1684/467 1748/471 1873/465 
f 1875/470 1749/472 1685/473 1748/471 
f 1749/472 1876/474 1750/475 1685/473 
f 1685/473 1750/475 1877/476 1751/477 
f 1748/471 1685/473 1751/477 1873/465 
f 1877/476 1752/478 1679/479 1751/477 
f 1752/478 1878/480 1753/481 1679/479 
f 1679/479 1753/481 1870/457 1743/460 
f 1751/477 1679/479 1743/460 1873/465 
f 1879/482 1754/483 1690/484 1755/485 
f 1754/483 1880/486 1756/487 1690/484 
f 1690/484 1756/487 1881/488 1757/489 
f 1755/485 1690/484 1757/489 1882/490 
f 1881/488 1758/491 1694/492 1757/489 
f 1758/491 1883/493 1759/494 1694/492 
f 1694/492 1759/494 1884/495 1760/496 
f 1757/489 1694/492 1760/496 1882/490 
f 1884/495 1761/497 1695/498 1760/496 
f 1761/497 1885/499 1762/500 1695/498 
f 1695/498 1762/500 1886/501 1763/502 
f 1760/496 1695/498 1763/502 1882/490 
f 1886/501 1764/503 1691/504 1763/502 
f 1764/503 1887/505 1765/506 1691/504 
f 1691/504 1765/506 1879/482 1755/485 
f 1763/502 1691/504 1755/485 1882/490 
f 1888/507 1766/508 1702/509 1767/510 
f 1766/508 1889/511 1768/512 1702/509 
f 1702/509 1768/512 1890/513 1769/514 
f 1767/510 1702/509 1769/514 1891/515 
f 1890/513 1770/516 1705/517 1769/514 
f 1770/516 1892/518 1771/519 1705/517 
f 1705/517 1771/519 1893/520 1772/521 
f 1769/514 1705/517 1772/521 1891/515 
f 1893/520 1773/522 1693/523 1772/521 
f 1773/522 1883/524 1758/525 1693/523 
f 1693/523 1758/525 1881/526 1774/527 
f 1772/521 1693/523 1774/527 1891/515 
f 1881/526 1756/528 1692/529 1774/527 
f 1756/528 1880/530 1775/531 1692/529 
f 1692/529 1775/531 1888/507 1767/510 
f 1774/527 1692/529 1767/510 1891/515 
f 1894/532 1776/533 1708/534 1777/535 
f 1776/533 1895/536 1778/537 1708/534 
f 1708/534 1778/537 1896/538 1779/539 
f 1777/535 1708/534 1779/539 1897/540 
f 1896/538 1780/541 1712/542 1779/539 
f 1780/541 1898/543 1781/544 1712/542 
f 1712/542 1781/544 1899/545 1782/546 
f 1779/539 1712/542 1782/546 1897/540 
f 1899/545 1783/547 1704/548 1782/546 
f 1783/547 1892/549 1770/550 1704/548 
f 1704/548 1770/550 1890/551 1784/552 
f 1782/546 1704/548 1784/552 1897/540 
f 1890/551 1768/553 1703/554 1784/552 
f 1768/553 1889/555 1785/556 1703/554 
f 1703/554 1785/556 1894/532 1777/535 
f 1784/552 1703/554 1777/535 1897/540 
f 1900/557 1786/558 1701/559 1787/560 
f 1786/558 1887/561 1788/562 1701/559 
f 1701/559 1788/562 1901/563 1789/564 
f 1787/560 1701/559 1789/564 1902/565 
f 1901/563 1790/566 1715/567 1789/564 
f 1790/566 1903/568 1791/569 1715/567 
f 1715/567 1791/569 1904/570 1792/571 
f 1789/564 1715/567 1792/571 1902/565 
f 1904/570 1793/572 1716/573 1792/571 
f 1793/572 1905/574 1794/575 1716/573 
f 1716/573 1794/575 1906/576 1795/577 
f 1792/571 1716/573 1795/577 1902/565 
f 1906/576 1796/578 1709/579 1795/577 
f 1796/578 1895/580 1797/581 1709/579 
f 1709/579 1797/581 1900/557 1787/560 
f 1795/577 1709/579 1787/560 1902/565 
f 1886/582 1762/583 1699/584 1798/585 
f 1762/583 1885/586 1799/587 1699/584 
f 1699/584 1799/587 1907/588 1800/589 
f 1798/585 1699/584 1800/589 1908/590 
f 1907/588 1801/591 1723/592 1800/589 
f 1801/591 1909/593 1802/594 1723/592 
f 1723/592 1802/594 1910/595 1803/596 
f 1800/589 1723/592 1803/596 1908/590 
f 1910/595 1804/597 1714/598 1803/596 
f 1804/597 1903/568 1790/566 1714/598 
f 1714/598 1790/566 1901/563 1805/599 
f 1803/596 1714/598 1805/599 1908/590 
f 1901/563 1788/562 1700/600 1805/599 
f 1788/562 1887/561 1764/601 1700/600 
f 1700/600 1764/601 1886/582 1798/585 
f 1805/599 1700/600 1798/585 1908/590 
f 1884/602 1759/603 1697/604 1806/605 
f 1759/603 1883/493 1807/606 1697/604 
f 1697/604 1807/606 1911/607 1808/608 
f 1806/605 1697/604 1808/608 1912/609 
f 1911/607 1809/610 1726/611 1808/608 
f 1809/610 1913/612 1810/613 1726/611 
f 1726/611 1810/613 1914/614 1811/615 
f 1808/608 1726/611 1811/615 1912/609 
f 1914/614 1812/616 1722/617 1811/615 
f 1812/616 1909/618 1801/619 1722/617 
f 1722/617 1801/619 1907/620 1813/621 
f 1811/615 1722/617 1813/621 1912/609 
f 1907/620 1799/622 1698/623 1813/621 
f 1799/622 1885/624 1761/625 1698/623 
f 1698/623 1761/625 1884/602 1806/605 
f 1813/621 1698/623 1806/605 1912/609 
f 1893/520 1771/626 1707/627 1814/628 
f 1771/626 1892/549 1815/629 1707/627 
f 1707/627 1815/629 1915/630 1816/631 
f 1814/628 1707/627 1816/631 1916/632 
f 1915/630 1817/633 1730/634 1816/631 
f 1817/633 1917/635 1818/636 1730/634 
f 1730/634 1818/636 1918/637 1819/638 
f 1816/631 1730/634 1819/638 1916/632 
f 1918/637 1820/639 1725/640 1819/638 
f 1820/639 1913/612 1809/610 1725/640 
f 1725/640 1809/610 1911/607 1821/641 
f 1819/638 1725/640 1821/641 1916/632 
f 1911/607 1807/606 1696/642 1821/641 
f 1807/606 1883/493 1773/643 1696/642 
f 1696/642 1773/643 1893/520 1814/628 
f 1821/641 1696/642 1814/628 1916/632 
f 1899/644 1781/645 1713/646 1822/647 
f 1781/645 1898/648 1823/649 1713/646 
f 1713/646 1823/649 1919/650 1824/651 
f 1822/647 1713/646 1824/651 1920/652 
f 1919/650 1825/653 1734/654 1824/651 
f 1825/653 1921/655 1826/656 1734/654 
f 1734/654 1826/656 1922/657 1827/658 
f 1824/651 1734/654 1827/658 1920/652 
f 1922/657 1828/659 1729/660 1827/658 
f 1828/659 1917/635 1817/633 1729/660 
f 1729/660 1817/633 1915/630 1829/661 
f 1827/658 1729/660 1829/661 1920/652 
f 1915/630 1815/629 1706/662 1829/661 
f 1815/629 1892/549 1783/663 1706/662 
f 1706/662 1783/663 1899/644 1822/647 
f 1829/661 1706/662 1822/647 1920/652 
f 1896/664 1778/665 1710/666 1830/667 
f 1778/665 1895/580 1796/578 1710/666 
f 1710/666 1796/578 1906/576 1831/668 
f 1830/667 1710/666 1831/668 1923/669 
f 1906/576 1794/575 1721/670 1831/668 
f 1794/575 1905/574 1832/671 1721/670 
f 1721/670 1832/671 1924/672 1833/673 
f 1831/668 1721/670 1833/673 1923/669 
f 1924/672 1834/674 1733/675 1833/673 
f 1834/674 1921/676 1825/677 1733/675 
f 1733/675 1825/677 1919/678 1835/679 
f 1833/673 1733/675 1835/679 1923/669 
f 1919/678 1823/680 1711/681 1835/679 
f 1823/680 1898/682 1780/683 1711/681 
f 1711/681 1780/683 1896/664 1830/667 
f 1835/679 1711/681 1830/667 1923/669 
f 1904/570 1791/569 1718/684 1836/685 
f 1791/569 1903/568 1837/686 1718/684 
f 1718/684 1837/686 1925/687 1838/688 
f 1836/685 1718/684 1838/688 1926/689 
f 1925/687 1839/690 1737/691 1838/688 
f 1839/690 1927/692 1840/693 1737/691 
f 1737/691 1840/693 1928/694 1841/695 
f 1838/688 1737/691 1841/695 1926/689 
f 1928/694 1842/696 1738/697 1841/695 
f 1842/696 1929/698 1843/699 1738/697 
f 1738/697 1843/699 1930/700 1844/701 
f 1841/695 1738/697 1844/701 1926/689 
f 1930/700 1845/702 1719/703 1844/701 
f 1845/702 1905/574 1793/572 1719/703 
f 1719/703 1793/572 1904/570 1836/685 
f 1844/701 1719/703 1836/685 1926/689 
f 1928/704 1840/705 1739/706 1846/707 
f 1840/705 1927/708 1847/709 1739/706 
f 1739/706 1847/709 1931/710 1848/711 
f 1846/707 1739/706 1848/711 1932/712 
f 1931/710 1849/713 1727/714 1848/711 
f 1849/713 1913/612 1820/715 1727/714 
f 1727/714 1820/715 1918/716 1850/717 
f 1848/711 1727/714 1850/717 1932/712 
f 1918/716 1818/718 1732/719 1850/717 
f 1818/718 1917/720 1851/721 1732/719 
f 1732/719 1851/721 1933/722 1852/723 
f 1850/717 1732/719 1852/723 1932/712 
f 1933/722 1853/724 1740/725 1852/723 
f 1853/724 1929/726 1842/727 1740/725 
f 1740/725 1842/727 1928/704 1846/707 
f 1852/723 1740/725 1846/707 1932/712 
f 1925/728 1837/729 1717/730 1854/731 
f 1837/729 1903/568 1804/732 1717/730 
f 1717/730 1804/732 1910/733 1855/734 
f 1854/731 1717/730 1855/734 1934/735 
f 1910/733 1802/736 1724/737 1855/734 
f 1802/736 1909/738 1812/739 1724/737 
f 1724/737 1812/739 1914/740 1856/741 
f 1855/734 1724/737 1856/741 1934/735 
f 1914/740 1810/742 1728/743 1856/741 
f 1810/742 1913/612 1849/713 1728/743 
f 1728/743 1849/713 1931/710 1857/744 
f 1856/741 1728/743 1857/744 1934/735 
f 1931/710 1847/709 1736/745 1857/744 
f 1847/709 1927/708 1839/746 1736/745 
f 1736/745 1839/746 1925/728 1854/731 
f 1857/744 1736/745 1854/731 1934/735 
f 1930/747 1843/748 1741/749 1858/750 
f 1843/748 1929/726 1853/724 1741/749 
f 1741/749 1853/724 1933/722 1859/751 
f 1858/750 1741/749 1859/751 1935/752 
f 1933/722 1851/721 1731/753 1859/751 
f 1851/721 1917/720 1828/754 1731/753 
f 1731/753 1828/754 1922/755 1860/756 
f 1859/751 1731/753 1860/756 1935/752 
f 1922/755 1826/757 1735/758 1860/756 
f 1826/757 1921/759 1834/760 1735/758 
f 1735/758 1834/760 1924/761 1861/762 
f 1860/756 1735/758 1861/762 1935/752 
f 1924/761 1832/763 1720/764 1861/762 
f 1832/763 1905/574 1845/765 1720/764 
f 1720/764 1845/765 1930/747 1858/750 
f 1861/762 1720/764 1858/750 1935/752 
f 1895/536 1776/766 1680/767 1862/768 
f 1776/766 1894/769 1863/770 1680/767 
f 1680/767 1863/770 1870/457 1753/481 
f 1862/768 1680/767 1753/481 1878/480 
f 1894/769 1785/771 1681/772 1863/770 
f 1785/771 1889/773 1864/774 1681/772 
f 1681/772 1864/774 1871/461 1742/458 
f 1863/770 1681/772 1742/458 1870/457 
f 1889/773 1766/775 1682/776 1864/774 
f 1766/775 1888/777 1865/778 1682/776 
f 1682/776 1865/778 1872/463 1744/462 
f 1864/774 1682/776 1744/462 1871/461 
f 1888/777 1775/779 1683/780 1865/778 
f 1775/779 1880/781 1866/782 1683/780 
f 1683/780 1866/782 1874/468 1746/466 
f 1865/778 1683/780 1746/466 1872/463 
f 1880/781 1754/783 1686/784 1866/782 
f 1754/783 1879/785 1867/786 1686/784 
f 1686/784 1867/786 1875/470 1747/469 
f 1866/782 1686/784 1747/469 1874/468 
f 1879/785 1765/787 1687/788 1867/786 
f 1765/787 1887/505 1868/789 1687/788 
f 1687/788 1868/789 1876/474 1749/472 
f 1867/786 1687/788 1749/472 1875/470 
f 1887/505 1786/790 1688/791 1868/789 
f 1786/790 1900/557 1869/792 1688/791 
f 1688/791 1869/792 1877/476 1750/475 
f 1868/789 1688/791 1750/475 1876/474 
f 1900/557 1797/793 1689/794 1869/792 
f 1797/793 1895/536 1862/768 1689/794 
f 1689/794 1862/768 1878/480 1752/478 
f 1869/792 1689/794 1752/478 1877/476 
# 256 polygons

#
# object Box021
#

v  31.469370 3.995268 4.631160
v  27.766775 3.995268 4.631160
v  31.469370 3.995268 5.947984
v  27.766775 3.995268 5.947984
v  31.469370 6.161885 4.631160
v  27.766775 6.161885 4.631160
v  31.469370 6.161885 5.947984
v  27.766775 6.161885 5.947984
v  31.189028 4.170094 3.859113
v  28.047117 4.170094 3.859113
v  28.047117 5.987060 3.859113
v  31.189028 5.987060 3.859113
v  28.036139 4.163248 5.947984
v  31.200006 4.163248 5.947984
v  31.200006 5.993906 5.947984
v  28.036139 5.993906 5.947984
v  28.083887 4.193025 5.759878
v  31.152258 4.193025 5.759878
v  31.152258 5.964129 5.759878
v  28.083887 5.964129 5.759878
# 20 vertices

vt 1.000000 0.000000 0.000000
vt 0.000000 0.000000 0.000000
vt 1.000000 1.000000 0.000000
vt 0.000000 1.000000 0.000000
vt 0.000000 0.000000 0.000000
vt 1.000000 0.000000 0.000000
vt 0.000000 1.000000 0.000000
vt 1.000000 1.000000 0.000000
vt 0.000000 0.000000 0.000000
vt 1.000000 0.000000 0.000000
vt 0.000000 1.000000 0.000000
vt 1.000000 1.000000 0.000000
vt 0.000000 0.000000 0.000000
vt 1.000000 0.000000 0.000000
vt 0.000000 1.000000 0.000000
vt 1.000000 1.000000 0.000000
vt 0.000000 0.000000 0.000000
vt 1.000000 0.000000 0.000000
vt 0.000000 1.000000 0.000000
vt 1.000000 1.000000 0.000000
vt 0.000000 0.000000 0.000000
vt 1.000000 0.000000 0.000000
vt 0.000000 1.000000 0.000000
vt 1.000000 1.000000 0.000000
vt 0.000000 0.000000 0.000000
vt 1.000000 0.000000 0.000000
vt 1.000000 1.000000 0.000000
vt 0.000000 1.000000 0.000000
vt 0.000000 0.000000 0.000000
vt 1.000000 0.000000 0.000000
vt 1.000000 1.000000 0.000000
vt 0.000000 1.000000 0.000000
vt 0.000000 0.000000 0.000000
vt 1.000000 0.000000 0.000000
vt 1.000000 1.000000 0.000000
vt 0.000000 1.000000 0.000000
# 36 texture coords

o Box021
g Box021
f 1936/795 1938/797 1939/798 1937/796 
f 1940/799 1941/800 1943/802 1942/801 
f 1944/819 1945/820 1946/821 1947/822 
f 1937/807 1939/808 1943/810 1941/809 
f 1952/827 1953/828 1954/829 1955/830 
f 1938/815 1936/816 1940/818 1942/817 
f 1936/803 1937/804 1945/820 1944/819 
f 1937/804 1941/806 1946/821 1945/820 
f 1941/806 1940/805 1947/822 1946/821 
f 1940/805 1936/803 1944/819 1947/822 
f 1939/811 1938/812 1949/824 1948/823 
f 1938/812 1942/814 1950/825 1949/824 
f 1942/814 1943/813 1951/826 1950/825 
f 1943/813 1939/811 1948/823 1951/826 
f 1948/823 1949/824 1953/828 1952/827 
f 1949/824 1950/825 1954/829 1953/828 
f 1950/825 1951/826 1955/830 1954/829 
f 1951/826 1948/823 1952/827 1955/830 
# 18 polygons

#
# object Box022
#

v  37.275467 1.030703 43.146065
v  21.740646 1.030703 43.146061
v  37.275467 1.030703 47.317562
v  21.740646 1.030703 47.317558
v  37.275467 3.936385 43.146065
v  21.740646 3.936385 43.146061
v  37.275467 3.936385 47.317562
v  21.740646 3.936385 47.317558
v  25.987158 1.030703 47.317562
v  25.987158 1.030703 43.146061
v  25.987158 3.936385 43.146061
v  25.987158 3.936385 47.317562
v  25.987160 1.030703 38.705067
v  21.740648 1.030703 38.705067
v  21.740648 3.936385 38.705067
v  25.987160 3.936385 38.705067
# 16 vertices

vt 0.000000 0.000000 0.000000
vt 1.000000 0.000000 0.000000
vt 0.000000 1.000000 0.000000
vt 1.000000 1.000000 0.000000
vt 0.000000 0.000000 0.000000
vt 1.000000 0.000000 0.000000
vt 0.000000 1.000000 0.000000
vt 1.000000 1.000000 0.000000
vt 0.000000 0.000000 0.000000
vt 1.000000 0.000000 0.000000
vt 0.000000 1.000000 0.000000
vt 1.000000 1.000000 0.000000
vt 0.500000 1.000000 0.000000
vt 0.500000 0.000000 0.000000
vt 0.500000 0.000000 0.000000
vt 0.500000 0.000000 0.000000
vt 0.500000 0.000000 0.000000
vt 0.500000 1.000000 0.000000
vt 0.500000 1.000000 0.000000
vt 0.500000 1.000000 0.000000
vt 0.500000 0.000000 0.000000
vt 1.000000 0.000000 0.000000
vt 1.000000 1.000000 0.000000
vt 0.500000 1.000000 0.000000
# 24 texture coords

o Box022
g Box022
f 1956/840 1958/842 1964/843 1965/845 
f 1960/839 1966/847 1967/849 1962/841 
f 1956/835 1965/846 1966/848 1960/837 
f 1957/831 1959/832 1963/834 1961/833 
f 1959/835 1964/844 1967/850 1963/837 
f 1958/831 1956/832 1960/834 1962/833 
f 1964/843 1959/841 1957/839 1965/845 
f 1966/847 1961/840 1963/842 1967/849 
f 1968/851 1969/852 1970/853 1971/854 
f 1964/844 1958/836 1962/838 1967/850 
f 1965/846 1957/836 1969/852 1968/851 
f 1957/836 1961/838 1970/853 1969/852 
f 1961/838 1966/848 1971/854 1970/853 
f 1966/848 1965/846 1968/851 1971/854 
# 14 polygons

#
# object Box023
#

v  26.036209 0.438320 34.789001
v  22.008318 0.438320 34.788998
v  26.036207 0.438320 38.523853
v  22.008316 0.438320 38.523849
v  26.036209 6.997635 34.789001
v  22.008318 6.997635 34.788998
v  26.036207 6.997635 38.523853
v  22.008316 6.997635 38.523849
# 8 vertices

vt 0.000000 0.000000 0.000000
vt 1.000000 0.000000 0.000000
vt 0.000000 1.000000 0.000000
vt 1.000000 1.000000 0.000000
vt 0.000000 0.000000 0.000000
vt 1.000000 0.000000 0.000000
vt 0.000000 1.000000 0.000000
vt 1.000000 1.000000 0.000000
vt 0.000000 0.000000 0.000000
vt 1.000000 0.000000 0.000000
vt 0.000000 1.000000 0.000000
vt 1.000000 1.000000 0.000000
# 12 texture coords

o Box023
g Box023
f 1972/864 1974/866 1975/865 1973/863 
f 1976/863 1977/864 1979/866 1978/865 
f 1972/859 1973/860 1977/862 1976/861 
f 1973/855 1975/856 1979/858 1977/857 
f 1975/859 1974/860 1978/862 1979/861 
f 1974/855 1972/856 1976/858 1978/857 
# 6 polygons

#
# object Box024
#

v  8.151373 0.551397 14.082768
v  5.476241 0.551397 16.757900
v  8.066370 0.551397 13.997766
v  5.391239 0.551397 16.672897
v  8.151367 7.631960 14.082763
v  5.476235 7.631960 16.757895
v  8.066365 7.631960 13.997761
v  5.391233 7.631960 16.672892
# 8 vertices

vt 1.000000 0.000000 0.000000
vt 0.000000 0.000000 0.000000
vt 1.000000 1.000000 0.000000
vt 0.000000 1.000000 0.000000
vt 0.000000 0.000000 0.000000
vt 1.000000 0.000000 0.000000
vt 0.000000 1.000000 0.000000
vt 1.000000 1.000000 0.000000
vt 0.000000 0.000000 0.000000
vt 1.000000 0.000000 0.000000
vt 0.000000 1.000000 0.000000
vt 1.000000 1.000000 0.000000
vt 0.000000 0.000000 0.000000
vt 1.000000 0.000000 0.000000
vt 0.000000 1.000000 0.000000
vt 1.000000 1.000000 0.000000
vt 0.000000 0.000000 0.000000
vt 1.000000 0.000000 0.000000
vt 0.000000 1.000000 0.000000
vt 1.000000 1.000000 0.000000
vt 0.000000 0.000000 0.000000
vt 1.000000 0.000000 0.000000
vt 0.000000 1.000000 0.000000
vt 1.000000 1.000000 0.000000
# 24 texture coords

o Box024
g Box024
f 1981/868 1983/870 1982/869 1980/867 
f 1986/873 1987/874 1985/872 1984/871 
f 1984/877 1985/878 1981/876 1980/875 
f 1985/881 1987/882 1983/880 1981/879 
f 1987/885 1986/886 1982/884 1983/883 
f 1986/889 1984/890 1980/888 1982/887 
# 6 polygons

#
# object Box025
#

v  1.724226 1.405777 20.954718
v  4.143098 1.405777 20.954718
v  1.724226 1.405777 17.477362
v  4.143098 1.405777 17.477362
v  1.724226 3.502818 20.954718
v  4.143098 3.502818 20.954718
v  1.724226 3.502818 17.477362
v  4.143098 3.502818 17.477362
# 8 vertices

vt 0.000000 0.000000 0.000000
vt 1.000000 0.000000 0.000000
vt 0.000000 1.000000 0.000000
vt 1.000000 1.000000 0.000000
vt 0.000000 0.000000 0.000000
vt 1.000000 0.000000 0.000000
vt 0.000000 1.000000 0.000000
vt 1.000000 1.000000 0.000000
vt 0.000000 0.000000 0.000000
vt 1.000000 0.000000 0.000000
vt 0.000000 1.000000 0.000000
vt 1.000000 1.000000 0.000000
# 12 texture coords

o Box025
g Box025
f 1988/900 1990/902 1991/901 1989/899 
f 1992/899 1993/900 1995/902 1994/901 
f 1988/895 1989/896 1993/898 1992/897 
f 1989/891 1991/892 1995/894 1993/893 
f 1991/895 1990/896 1994/898 1995/897 
f 1990/891 1988/892 1992/894 1994/893 
# 6 polygons

#
# object Box026
#

v  1.641324 2.191444 15.238630
v  4.119433 2.191444 15.238630
v  1.641324 2.191444 13.832861
v  4.119433 2.191444 13.832861
v  1.641324 3.075323 15.238630
v  4.119433 3.075323 15.238630
v  1.641324 3.075323 13.832861
v  4.119433 3.075323 13.832861
# 8 vertices

vt 0.000000 0.000000 0.000000
vt 1.000000 0.000000 0.000000
vt 0.000000 1.000000 0.000000
vt 1.000000 1.000000 0.000000
vt 0.000000 0.000000 0.000000
vt 1.000000 0.000000 0.000000
vt 0.000000 1.000000 0.000000
vt 1.000000 1.000000 0.000000
vt 0.000000 0.000000 0.000000
vt 1.000000 0.000000 0.000000
vt 0.000000 1.000000 0.000000
vt 1.000000 1.000000 0.000000
# 12 texture coords

o Box026
g Box026
f 1996/912 1998/914 1999/913 1997/911 
f 2000/911 2001/912 2003/914 2002/913 
f 1996/907 1997/908 2001/910 2000/909 
f 1997/903 1999/904 2003/906 2001/905 
f 1999/907 1998/908 2002/910 2003/909 
f 1998/903 1996/904 2000/906 2002/905 
# 6 polygons

#
# object Cylinder002
#

v  6.048271 0.438320 19.740179
v  6.846254 0.438320 19.740179
v  6.798130 0.438320 19.467253
v  6.659562 0.438320 19.227245
v  6.447263 0.438320 19.049105
v  6.186840 0.438320 18.954319
v  5.909703 0.438320 18.954319
v  5.649280 0.438320 19.049105
v  5.436981 0.438320 19.227245
v  5.298412 0.438320 19.467253
v  5.250288 0.438320 19.740179
v  5.298412 0.438320 20.013105
v  5.436980 0.438320 20.253113
v  5.649280 0.438320 20.431253
v  5.909702 0.438320 20.526039
v  6.186839 0.438320 20.526039
v  6.447262 0.438320 20.431253
v  6.659561 0.438320 20.253113
v  6.798130 0.438320 20.013105
v  6.846254 2.779418 19.740179
v  6.798130 2.779418 19.467253
v  6.659562 2.779418 19.227245
v  6.447263 2.779418 19.049105
v  6.186840 2.779418 18.954319
v  5.909703 2.779418 18.954319
v  5.649280 2.779418 19.049105
v  5.436981 2.779418 19.227245
v  5.298412 2.779418 19.467253
v  5.250288 2.779418 19.740179
v  5.298412 2.779418 20.013105
v  5.436980 2.779418 20.253113
v  5.649280 2.779418 20.431253
v  5.909702 2.779418 20.526039
v  6.186839 2.779418 20.526039
v  6.447262 2.779418 20.431253
v  6.659561 2.779418 20.253113
v  6.798130 2.779418 20.013105
v  6.048271 2.779418 19.740179
# 38 vertices

vt 0.500000 0.000000 0.000000
vt 0.750000 0.000000 1.000000
vt 0.805556 0.000000 1.000000
vt 0.861111 0.000000 1.000000
vt 0.916667 0.000000 1.000000
vt 0.972222 0.000000 1.000000
vt 0.027778 0.000000 1.000000
vt 0.083333 0.000000 1.000000
vt 0.138889 0.000000 1.000000
vt 0.194444 0.000000 1.000000
vt 0.250000 0.000000 1.000000
vt 0.305556 0.000000 1.000000
vt 0.361111 0.000000 1.000000
vt 0.416667 0.000000 1.000000
vt 0.472222 0.000000 1.000000
vt 0.527778 0.000000 1.000000
vt 0.583333 0.000000 1.000000
vt 0.638889 0.000000 1.000000
vt 0.694444 0.000000 1.000000
vt 0.750000 1.000000 1.000000
vt 0.805556 1.000000 1.000000
vt 0.861111 1.000000 1.000000
vt 0.916667 1.000000 1.000000
vt 0.972222 1.000000 1.000000
vt 0.027778 1.000000 1.000000
vt 0.083333 1.000000 1.000000
vt 0.138889 1.000000 1.000000
vt 0.194444 1.000000 1.000000
vt 0.250000 1.000000 1.000000
vt 0.305556 1.000000 1.000000
vt 0.361111 1.000000 1.000000
vt 0.416667 1.000000 1.000000
vt 0.472222 1.000000 1.000000
vt 0.527778 1.000000 1.000000
vt 0.583333 1.000000 1.000000
vt 0.638889 1.000000 1.000000
vt 0.694444 1.000000 1.000000
vt 0.500000 1.000000 0.000000
vt -0.027778 0.000000 1.000000
vt -0.027778 0.000000 1.000000
vt -0.027778 1.000000 1.000000
vt 0.970821 1.000000 0.879385
# 42 texture coords

o Cylinder002
g Cylinder002
f 2004/915 2007/918 2006/917 2005/916 
f 2004/915 2009/920 2008/919 2007/918 
f 2004/915 2011/922 2010/921 2009/953 
f 2004/915 2013/924 2012/923 2011/922 
f 2004/915 2015/926 2014/925 2013/924 
f 2004/915 2017/928 2016/927 2015/926 
f 2004/915 2019/930 2018/929 2017/928 
f 2004/915 2021/932 2020/931 2019/930 
f 2004/915 2005/916 2022/933 2021/932 
f 2005/916 2006/917 2024/935 2023/934 
f 2006/917 2007/918 2025/936 2024/935 
f 2007/918 2008/919 2026/937 2025/936 
f 2008/919 2009/920 2027/938 2026/937 
f 2009/954 2010/921 2028/939 2027/955 
f 2010/921 2011/922 2029/940 2028/939 
f 2011/922 2012/923 2030/941 2029/940 
f 2012/923 2013/924 2031/942 2030/941 
f 2013/924 2014/925 2032/943 2031/942 
f 2014/925 2015/926 2033/944 2032/943 
f 2015/926 2016/927 2034/945 2033/944 
f 2016/927 2017/928 2035/946 2034/945 
f 2017/928 2018/929 2036/947 2035/946 
f 2018/929 2019/930 2037/948 2036/947 
f 2019/930 2020/931 2038/949 2037/948 
f 2020/931 2021/932 2039/950 2038/949 
f 2021/932 2022/933 2040/951 2039/950 
f 2022/933 2005/916 2023/934 2040/951 
f 2041/952 2040/951 2023/934 2024/935 
f 2041/952 2024/935 2025/936 2026/937 
f 2041/952 2026/937 2027/938 2028/956 
f 2041/952 2028/939 2029/940 2030/941 
f 2041/952 2030/941 2031/942 2032/943 
f 2041/952 2032/943 2033/944 2034/945 
f 2041/952 2034/945 2035/946 2036/947 
f 2041/952 2036/947 2037/948 2038/949 
f 2041/952 2038/949 2039/950 2040/951 
# 36 polygons

#
# object Box027
#

v  21.020432 11.494419 41.265488
v  21.953094 11.494419 41.265488
v  21.020432 11.494419 34.353043
v  21.953094 11.494419 34.353043
v  21.020432 20.193541 41.265488
v  21.953094 20.193541 41.265488
v  21.020432 20.193541 34.353043
v  21.953094 20.193541 34.353043
# 8 vertices

vt 0.000000 0.000000 0.000000
vt 1.000000 0.000000 0.000000
vt 0.000000 1.000000 0.000000
vt 1.000000 1.000000 0.000000
vt 0.000000 0.000000 0.000000
vt 1.000000 0.000000 0.000000
vt 0.000000 1.000000 0.000000
vt 1.000000 1.000000 0.000000
vt 0.000000 0.000000 0.000000
vt 1.000000 0.000000 0.000000
vt 0.000000 1.000000 0.000000
vt 1.000000 1.000000 0.000000
# 12 texture coords

o Box027
g Box027
f 2042/966 2044/968 2045/967 2043/965 
f 2046/965 2047/966 2049/968 2048/967 
f 2042/961 2043/962 2047/964 2046/963 
f 2043/957 2045/958 2049/960 2047/959 
f 2045/961 2044/962 2048/964 2049/963 
f 2044/957 2042/958 2046/960 2048/959 
# 6 polygons

#
# object Box031
#

v  0.457366 11.488789 12.747770
v  14.540524 11.488789 12.747770
v  0.457366 11.488789 11.656290
v  14.540524 11.488789 11.656290
v  0.457366 19.997099 12.747770
v  14.540524 19.997099 12.747770
v  0.457366 19.997099 11.656290
v  14.540524 19.997099 11.656290
# 8 vertices

vt 1.000000 0.000000 0.000000
vt 0.000000 0.000000 0.000000
vt 1.000000 1.000000 0.000000
vt 0.000000 1.000000 0.000000
vt 0.000000 0.000000 0.000000
vt 1.000000 0.000000 0.000000
vt 0.000000 1.000000 0.000000
vt 1.000000 1.000000 0.000000
vt 0.000000 0.000000 0.000000
vt 1.000000 0.000000 0.000000
vt 0.000000 1.000000 0.000000
vt 1.000000 1.000000 0.000000
vt 0.000000 0.000000 0.000000
vt 1.000000 0.000000 0.000000
vt 0.000000 1.000000 0.000000
vt 1.000000 1.000000 0.000000
vt 0.000000 0.000000 0.000000
vt 1.000000 0.000000 0.000000
vt 0.000000 1.000000 0.000000
vt 1.000000 1.000000 0.000000
vt 0.000000 0.000000 0.000000
vt 1.000000 0.000000 0.000000
vt 0.000000 1.000000 0.000000
vt 1.000000 1.000000 0.000000
# 24 texture coords

o Box031
g Box031
f 2050/969 2052/971 2053/972 2051/970 
f 2054/973 2055/974 2057/976 2056/975 
f 2050/977 2051/978 2055/980 2054/979 
f 2051/981 2053/982 2057/984 2055/983 
f 2053/985 2052/986 2056/988 2057/987 
f 2052/989 2050/990 2054/992 2056/991 
# 6 polygons

#
# object Box037
#

v  25.085798 11.494419 35.294350
v  25.085798 11.494419 34.361687
v  21.715548 11.494419 35.294350
v  21.715548 11.494419 34.361687
v  25.085798 20.193541 35.294350
v  25.085798 20.193541 34.361687
v  21.715548 20.193541 35.294350
v  21.715548 20.193541 34.361687
# 8 vertices

vt 0.000000 0.000000 0.000000
vt 1.000000 0.000000 0.000000
vt 0.000000 1.000000 0.000000
vt 1.000000 1.000000 0.000000
vt 0.000000 0.000000 0.000000
vt 1.000000 0.000000 0.000000
vt 0.000000 1.000000 0.000000
vt 1.000000 1.000000 0.000000
vt 0.000000 0.000000 0.000000
vt 1.000000 0.000000 0.000000
vt 0.000000 1.000000 0.000000
vt 1.000000 1.000000 0.000000
# 12 texture coords

o Box037
g Box037
f 2058/1002 2060/1004 2061/1003 2059/1001 
f 2062/1001 2063/1002 2065/1004 2064/1003 
f 2058/997 2059/998 2063/1000 2062/999 
f 2059/993 2061/994 2065/996 2063/995 
f 2061/997 2060/998 2064/1000 2065/999 
f 2060/993 2058/994 2062/996 2064/995 
# 6 polygons

#
# object Box004
#

v  38.472366 10.598866 41.377140
v  38.472366 11.119862 41.377140
v  0.713412 10.598866 0.982719
v  38.472366 10.598866 0.982719
v  0.713412 11.119863 0.982719
v  38.472366 11.119863 0.982719
v  0.713412 10.598866 32.539536
v  38.472366 10.598866 32.590759
v  38.472366 11.119863 32.590759
v  0.713412 11.119863 32.539536
v  14.529505 10.598866 41.377140
v  14.529506 11.119862 41.377140
v  14.529506 11.119863 0.982719
v  14.529506 10.598866 0.982719
v  14.529506 10.598866 32.539536
v  14.529506 11.119863 32.539536
v  21.736036 11.119862 41.377140
v  21.736036 10.598866 0.982719
v  21.736038 11.119863 32.565147
v  21.736034 10.598866 41.377140
v  21.736034 11.119863 0.982719
v  21.736034 10.598866 32.565147
v  38.472366 10.598865 47.260818
v  38.472366 11.119862 47.260818
v  21.736036 11.119862 47.260818
v  21.736034 10.598865 47.260818
# 26 vertices

vt 0.000000 0.000000 0.000000
vt 0.000000 1.000000 0.000000
vt 0.000000 0.000000 0.000000
vt 1.000000 0.000000 0.000000
vt 0.000000 1.000000 0.000000
vt 1.000000 1.000000 0.000000
vt 1.000000 0.000000 0.000000
vt 0.000000 1.000000 0.000000
vt 1.000000 1.000000 0.000000
vt 0.000000 0.000000 0.000000
vt 1.000000 0.000000 0.000000
vt 0.000000 1.000000 0.000000
vt 1.000000 1.000000 0.000000
vt 0.000000 0.000000 0.000000
vt 0.000000 1.000000 0.000000
vt 1.000000 1.000000 0.000000
vt 0.000000 1.000000 0.000000
vt 1.000000 1.000000 0.000000
vt 0.000000 0.500000 0.000000
vt 1.000000 0.500000 0.000000
vt 1.000000 0.500000 0.000000
vt 0.000000 0.500000 0.000000
vt 1.000000 0.500000 0.000000
vt 0.000000 0.500000 0.000000
vt 1.000000 0.500000 0.000000
vt 0.000000 0.500000 0.000000
vt 0.500000 0.000000 0.000000
vt 0.500000 0.000000 0.000000
vt 0.500000 1.000000 0.000000
vt 0.500000 0.000000 0.000000
vt 0.500000 1.000000 0.000000
vt 0.500000 1.000000 0.000000
vt 0.500000 0.000000 0.000000
vt 0.500000 1.000000 0.000000
vt 0.500000 0.500000 0.000000
vt 0.500000 0.500000 0.000000
vt 0.250000 1.000000 0.000000
vt 0.250000 0.000000 0.000000
vt 0.750000 0.000000 0.000000
vt 0.750000 1.000000 0.000000
vt 0.250000 0.500000 0.000000
vt 0.250000 0.000000 0.000000
vt 0.750000 0.000000 0.000000
vt 0.750000 1.000000 0.000000
vt 0.250000 1.000000 0.000000
vt 0.750000 0.500000 0.000000
vt 0.000000 0.000000 0.000000
vt 0.000000 1.000000 0.000000
vt 0.250000 1.000000 0.000000
vt 0.250000 0.000000 0.000000
# 50 texture coords

o Box004
g Box004
f 2068/1007 2070/1009 2078/1035 2079/1037 
f 2066/1014 2073/1026 2074/1027 2067/1015 
f 2067/1018 2074/1028 2084/1045 2082/1042 
f 2072/1023 2068/1012 2079/1038 2080/1039 
f 2073/1026 2069/1016 2071/1017 2074/1027 
f 2074/1028 2071/1019 2086/1049 2084/1045 
f 2075/1030 2070/1021 2068/1022 2072/1024 
f 2076/1031 2085/1046 2082/1041 2077/1033 
f 2078/1035 2086/1048 2083/1043 2079/1037 
f 2080/1039 2087/1050 2085/1047 2076/1032 
f 2079/1038 2083/1044 2087/1050 2080/1039 
f 2078/1036 2070/1020 2075/1029 2081/1040 
f 2081/1020 2075/1014 2072/1011 2080/1019 
f 2077/1016 2081/1020 2080/1019 2076/1015 
f 2084/1045 2081/1040 2077/1034 2082/1042 
f 2086/1049 2078/1036 2081/1040 2084/1045 
f 2091/1054 2088/1051 2089/1052 2090/1053 
f 2086/1048 2071/1010 2069/1008 2083/1043 
f 2087/1050 2073/1025 2066/1011 2085/1047 
f 2083/1044 2069/1013 2073/1025 2087/1050 
f 2066/1005 2067/1006 2089/1052 2088/1051 
f 2067/1006 2082/1041 2090/1053 2089/1052 
f 2082/1041 2085/1046 2091/1054 2090/1053 
f 2085/1046 2066/1005 2088/1051 2091/1054 
# 24 polygons

#
# object Box034
#

v  37.943718 16.080013 27.816711
v  37.943718 16.080013 32.501369
v  37.943718 18.298191 27.816711
v  37.943718 18.298191 32.501369
v  38.274792 16.080013 27.816711
v  38.274792 16.080013 32.501369
v  38.274792 18.298191 27.816711
v  38.274792 18.298191 32.501369
# 8 vertices

vt 0.000000 0.000000 0.000000
vt 1.000000 0.000000 0.000000
vt 0.000000 1.000000 0.000000
vt 1.000000 1.000000 0.000000
vt 0.000000 0.000000 0.000000
vt 1.000000 0.000000 0.000000
vt 0.000000 1.000000 0.000000
vt 1.000000 1.000000 0.000000
vt 0.000000 0.000000 0.000000
vt 1.000000 0.000000 0.000000
vt 0.000000 1.000000 0.000000
vt 1.000000 1.000000 0.000000
# 12 texture coords

o Box034
g Box034
f 2094/1065 2092/1063 2093/1064 2095/1066 
f 2097/1063 2096/1064 2098/1066 2099/1065 
f 2093/1060 2092/1059 2096/1061 2097/1062 
f 2095/1056 2093/1055 2097/1057 2099/1058 
f 2094/1060 2095/1059 2099/1061 2098/1062 
f 2092/1056 2094/1055 2098/1057 2096/1058 
# 6 polygons

#
# object Cylinder003
#

v  37.456684 14.320866 26.777319
v  37.429039 14.320866 26.620543
v  37.349442 14.320866 26.482674
v  37.227493 14.320866 26.380344
v  37.077896 14.320866 26.325897
v  36.918701 14.320866 26.325897
v  36.769104 14.320866 26.380344
v  36.647156 14.320866 26.482674
v  36.567558 14.320866 26.620541
v  36.539913 14.320866 26.777319
v  36.567558 14.320866 26.934095
v  36.647156 14.320866 27.071964
v  36.769104 14.320866 27.174294
v  36.918701 14.320866 27.228741
v  37.077896 14.320866 27.228741
v  37.227493 14.320866 27.174294
v  37.349442 14.320866 27.071964
v  37.429039 14.320866 26.934097
v  37.650558 15.670870 26.777319
v  37.611221 15.670870 26.554234
v  37.497959 15.670870 26.358055
v  37.324429 15.670870 26.212446
v  37.111561 15.670870 26.134970
v  36.885036 15.670870 26.134970
v  36.672169 15.670870 26.212446
v  36.498638 15.670870 26.358055
v  36.385376 15.670870 26.554234
v  36.346039 15.670870 26.777319
v  36.385376 15.670870 27.000404
v  36.498638 15.670870 27.196583
v  36.672169 15.670870 27.342192
v  36.885036 15.670870 27.419668
v  37.111561 15.670870 27.419668
v  37.324429 15.670870 27.342192
v  37.497955 15.670870 27.196583
v  37.611221 15.670870 27.000404
v  37.507248 15.670870 26.777319
v  37.476555 15.670870 26.603249
v  37.388176 15.670870 26.450174
v  37.252773 15.670870 26.336557
v  37.086678 15.670870 26.276102
v  36.909920 15.670870 26.276102
v  36.743824 15.670870 26.336557
v  36.608421 15.670870 26.450174
v  36.520042 15.670870 26.603249
v  36.489349 15.670870 26.777319
v  36.520042 15.670870 26.951389
v  36.608421 15.670870 27.104464
v  36.743824 15.670870 27.218081
v  36.909920 15.670870 27.278536
v  37.086678 15.670870 27.278536
v  37.252773 15.670870 27.218081
v  37.388176 15.670870 27.104465
v  37.476555 15.670870 26.951389
v  37.352859 14.452179 26.777319
v  37.331478 14.452179 26.656052
v  37.269909 14.452179 26.549412
v  37.175579 14.452179 26.470259
v  37.059868 14.452179 26.428144
v  36.936729 14.452179 26.428144
v  36.821018 14.452179 26.470259
v  36.726688 14.452179 26.549412
v  36.665119 14.452179 26.656052
v  36.643738 14.452179 26.777319
v  36.665119 14.452179 26.898586
v  36.726688 14.452179 27.005226
v  36.821018 14.452179 27.084379
v  36.936729 14.452179 27.126493
v  37.059868 14.452179 27.126493
v  37.175579 14.452179 27.084379
v  37.269909 14.452179 27.005228
v  37.331478 14.452179 26.898586
# 72 vertices

vt 0.750000 0.000000 1.000000
vt 0.805556 0.000000 1.000000
vt 0.861111 0.000000 1.000000
vt 0.916667 0.000000 1.000000
vt 0.972222 0.000000 1.000000
vt 0.027778 0.000000 1.000000
vt 0.083333 0.000000 1.000000
vt 0.138889 0.000000 1.000000
vt 0.194444 0.000000 1.000000
vt 0.250000 0.000000 1.000000
vt 0.305556 0.000000 1.000000
vt 0.361111 0.000000 1.000000
vt 0.416667 0.000000 1.000000
vt 0.472222 0.000000 1.000000
vt 0.527778 0.000000 1.000000
vt 0.583333 0.000000 1.000000
vt 0.638889 0.000000 1.000000
vt 0.694444 0.000000 1.000000
vt 0.750000 1.000000 1.000000
vt 0.805556 1.000000 1.000000
vt 0.861111 1.000000 1.000000
vt 0.916667 1.000000 1.000000
vt 0.972222 1.000000 1.000000
vt 0.027778 1.000000 1.000000
vt 0.083333 1.000000 1.000000
vt 0.138889 1.000000 1.000000
vt 0.194444 1.000000 1.000000
vt 0.250000 1.000000 1.000000
vt 0.305556 1.000000 1.000000
vt 0.361111 1.000000 1.000000
vt 0.416667 1.000000 1.000000
vt 0.472222 1.000000 1.000000
vt 0.527778 1.000000 1.000000
vt 0.583333 1.000000 1.000000
vt 0.638889 1.000000 1.000000
vt 0.694444 1.000000 1.000000
vt -0.027778 0.000000 1.000000
vt -0.027778 1.000000 1.000000
vt 0.970821 0.000000 0.879385
vt 0.912631 0.000000 0.652703
vt 0.804672 0.000000 0.347296
vt 0.659966 0.000000 -0.000000
vt 0.495965 0.000000 -0.347296
vt 0.332450 0.000000 -0.652703
vt 0.189145 0.000000 -0.879385
vt 0.083333 0.000000 -1.000000
vt 0.027778 0.000000 -1.000000
vt 0.029179 0.000000 -0.879385
vt 0.087368 0.000000 -0.652704
vt 0.195327 0.000000 -0.347297
vt 0.340034 0.000000 -0.000000
vt 0.970821 1.000000 0.879385
vt 0.912631 1.000000 0.652704
vt 0.804673 1.000000 0.347296
vt 0.659966 1.000000 0.000000
vt 0.495965 1.000000 -0.347296
vt 0.332450 1.000000 -0.652704
vt 0.189145 1.000000 -0.879385
vt 0.083333 1.000000 -1.000000
vt 0.027778 1.000000 -1.000000
vt 0.029179 1.000000 -0.879386
vt 0.087368 1.000000 -0.652704
vt 0.195327 1.000000 -0.347297
vt 0.750000 1.000000 1.000000
vt 0.805556 1.000000 1.000000
vt 0.861111 1.000000 1.000000
vt 0.916667 1.000000 1.000000
vt 0.972222 1.000000 1.000000
vt 0.970821 1.000000 0.879385
vt 0.912631 1.000000 0.652704
vt 0.804673 1.000000 0.347296
vt 0.659966 1.000000 0.000000
vt 0.495965 1.000000 -0.347296
vt 0.332450 1.000000 -0.652704
vt 0.189145 1.000000 -0.879385
vt 0.083333 1.000000 -1.000000
vt 0.027778 1.000000 -1.000000
vt 0.029179 1.000000 -0.879386
vt 0.087368 1.000000 -0.652704
vt 0.195327 1.000000 -0.347297
vt 0.694444 1.000000 1.000000
vt 0.750000 1.000000 1.000000
vt 0.805556 1.000000 1.000000
vt 0.861111 1.000000 1.000000
vt 0.916667 1.000000 1.000000
vt 0.972222 1.000000 1.000000
vt 0.970821 1.000000 0.879385
vt 0.912631 1.000000 0.652704
vt 0.804673 1.000000 0.347296
vt 0.659966 1.000000 0.000000
vt 0.495965 1.000000 -0.347296
vt 0.332450 1.000000 -0.652704
vt 0.189145 1.000000 -0.879385
vt 0.083333 1.000000 -1.000000
vt 0.027778 1.000000 -1.000000
vt 0.029179 1.000000 -0.879386
vt 0.087368 1.000000 -0.652704
vt 0.195327 1.000000 -0.347297
vt 0.694444 1.000000 1.000000
# 99 texture coords

o Cylinder003
g Cylinder003
f 2117/1117 2116/1116 2115/1115 2114/1114 2113/1113 2112/1112 2111/1111 2110/1110 2109/1109 2108/1108 2107/1107 2106/1106 2105/1105 2104/1071 2103/1070 2102/1069 2101/1068 2100/1067 
f 2100/1067 2101/1068 2119/1086 2118/1085 
f 2101/1068 2102/1069 2120/1087 2119/1086 
f 2102/1069 2103/1070 2121/1088 2120/1087 
f 2103/1070 2104/1071 2122/1089 2121/1088 
f 2104/1103 2105/1072 2123/1090 2122/1104 
f 2105/1072 2106/1073 2124/1091 2123/1090 
f 2106/1073 2107/1074 2125/1092 2124/1091 
f 2107/1074 2108/1075 2126/1093 2125/1092 
f 2108/1075 2109/1076 2127/1094 2126/1093 
f 2109/1076 2110/1077 2128/1095 2127/1094 
f 2110/1077 2111/1078 2129/1096 2128/1095 
f 2111/1078 2112/1079 2130/1097 2129/1096 
f 2112/1079 2113/1080 2131/1098 2130/1097 
f 2113/1080 2114/1081 2132/1099 2131/1098 
f 2114/1081 2115/1082 2133/1100 2132/1099 
f 2115/1082 2116/1083 2134/1101 2133/1100 
f 2116/1083 2117/1084 2135/1102 2134/1101 
f 2117/1084 2100/1067 2118/1085 2135/1102 
f 2171/1165 2154/1148 2155/1149 2156/1150 2157/1151 2158/1152 2159/1153 2160/1154 2161/1155 2162/1156 2163/1157 2164/1158 2165/1159 2166/1160 2167/1161 2168/1162 2169/1163 2170/1164 
f 2118/1085 2119/1086 2137/1131 2136/1130 
f 2119/1086 2120/1087 2138/1132 2137/1131 
f 2120/1087 2121/1088 2139/1133 2138/1132 
f 2121/1088 2122/1089 2140/1134 2139/1133 
f 2122/1089 2123/1118 2141/1135 2140/1134 
f 2123/1118 2124/1119 2142/1136 2141/1135 
f 2124/1119 2125/1120 2143/1137 2142/1136 
f 2125/1120 2126/1121 2144/1138 2143/1137 
f 2126/1121 2127/1122 2145/1139 2144/1138 
f 2127/1122 2128/1123 2146/1140 2145/1139 
f 2128/1123 2129/1124 2147/1141 2146/1140 
f 2129/1124 2130/1125 2148/1142 2147/1141 
f 2130/1125 2131/1126 2149/1143 2148/1142 
f 2131/1126 2132/1127 2150/1144 2149/1143 
f 2132/1127 2133/1128 2151/1145 2150/1144 
f 2133/1128 2134/1129 2152/1146 2151/1145 
f 2134/1129 2135/1102 2153/1147 2152/1146 
f 2135/1102 2118/1085 2136/1130 2153/1147 
f 2136/1130 2137/1131 2155/1149 2154/1148 
f 2137/1131 2138/1132 2156/1150 2155/1149 
f 2138/1132 2139/1133 2157/1151 2156/1150 
f 2139/1133 2140/1134 2158/1152 2157/1151 
f 2140/1134 2141/1135 2159/1153 2158/1152 
f 2141/1135 2142/1136 2160/1154 2159/1153 
f 2142/1136 2143/1137 2161/1155 2160/1154 
f 2143/1137 2144/1138 2162/1156 2161/1155 
f 2144/1138 2145/1139 2163/1157 2162/1156 
f 2145/1139 2146/1140 2164/1158 2163/1157 
f 2146/1140 2147/1141 2165/1159 2164/1158 
f 2147/1141 2148/1142 2166/1160 2165/1159 
f 2148/1142 2149/1143 2167/1161 2166/1160 
f 2149/1143 2150/1144 2168/1162 2167/1161 
f 2150/1144 2151/1145 2169/1163 2168/1162 
f 2151/1145 2152/1146 2170/1164 2169/1163 
f 2152/1146 2153/1147 2171/1165 2170/1164 
f 2153/1147 2136/1130 2154/1148 2171/1165 
# 56 polygons

#
# object Box033
#

v  35.493374 13.763748 34.754192
v  38.067982 13.763748 34.754192
v  35.493374 13.763748 25.505699
v  38.067982 13.763748 25.505699
v  35.493374 14.337980 34.754192
v  38.067982 14.337980 34.754192
v  35.493374 14.337980 25.505699
v  38.067982 14.337980 25.505699
# 8 vertices

vt 0.000000 0.000000 0.000000
vt 1.000000 0.000000 0.000000
vt 0.000000 1.000000 0.000000
vt 1.000000 1.000000 0.000000
vt 0.000000 0.000000 0.000000
vt 1.000000 0.000000 0.000000
vt 0.000000 1.000000 0.000000
vt 1.000000 1.000000 0.000000
vt 0.000000 0.000000 0.000000
vt 1.000000 0.000000 0.000000
vt 0.000000 1.000000 0.000000
vt 1.000000 1.000000 0.000000
# 12 texture coords

o Box033
g Box033
f 2172/1175 2174/1177 2175/1176 2173/1174 
f 2176/1174 2177/1175 2179/1177 2178/1176 
f 2172/1170 2173/1171 2177/1173 2176/1172 
f 2173/1166 2175/1167 2179/1169 2177/1168 
f 2175/1170 2174/1171 2178/1173 2179/1172 
f 2174/1166 2172/1167 2176/1169 2178/1168 
# 6 polygons

#
# object Box028
#

v  38.159142 11.494419 35.294350
v  38.159142 11.494419 34.361687
v  29.186426 11.494419 35.294350
v  29.186426 11.494419 34.361687
v  38.159142 20.193541 35.294350
v  38.159142 20.193541 34.361687
v  29.186426 20.193541 35.294350
v  29.186426 20.193541 34.361687
# 8 vertices

vt 0.000000 0.000000 0.000000
vt 1.000000 0.000000 0.000000
vt 0.000000 1.000000 0.000000
vt 1.000000 1.000000 0.000000
vt 0.000000 0.000000 0.000000
vt 1.000000 0.000000 0.000000
vt 0.000000 1.000000 0.000000
vt 1.000000 1.000000 0.000000
vt 0.000000 0.000000 0.000000
vt 1.000000 0.000000 0.000000
vt 0.000000 1.000000 0.000000
vt 1.000000 1.000000 0.000000
# 12 texture coords

o Box028
g Box028
f 2180/1187 2182/1189 2183/1188 2181/1186 
f 2184/1186 2185/1187 2187/1189 2186/1188 
f 2180/1182 2181/1183 2185/1185 2184/1184 
f 2181/1178 2183/1179 2187/1181 2185/1180 
f 2183/1182 2182/1183 2186/1185 2187/1184 
f 2182/1178 2180/1179 2184/1181 2186/1180 
# 6 polygons

#
# object Box030
#

v  15.267963 10.553213 41.467911
v  15.267962 10.553213 37.018875
v  14.553685 10.553213 41.467911
v  14.553684 10.553213 37.018875
v  15.267963 16.137581 41.467911
v  15.267962 16.137581 37.018875
v  14.553685 16.137581 41.467911
v  14.553684 16.137581 37.018875
v  14.553685 10.553213 39.243393
v  15.267962 10.553213 39.243393
v  15.267962 16.137581 39.243393
v  14.553685 16.137581 39.243393
v  15.267962 10.553213 37.771992
v  14.553684 16.137581 37.771992
v  14.553684 10.553213 37.771992
v  15.267962 16.137581 37.771992
v  14.553685 10.553213 40.714794
v  15.267963 16.137581 40.714794
v  15.267963 10.553213 40.714794
v  14.553685 16.137581 40.714794
v  15.267962 10.553213 38.490273
v  14.553685 16.137581 38.490273
v  14.553685 10.553213 38.490273
v  15.267962 16.137581 38.490273
v  14.553685 10.553213 39.996513
v  15.267962 16.137581 39.996513
v  15.267962 10.553213 39.996513
v  14.553685 16.137581 39.996513
v  15.267962 15.254892 37.018875
v  15.267963 15.254892 41.467911
v  14.553684 15.254892 37.018875
v  14.553685 15.254892 41.467911
v  15.267962 15.254892 39.243393
v  14.553685 15.254892 39.243393
v  14.553684 15.254892 37.771992
v  15.267962 15.254892 38.490273
v  15.267963 15.254892 40.714794
v  14.553685 15.254892 39.996513
v  14.553685 15.254892 38.490273
v  15.267962 15.254892 37.771992
v  15.267962 15.254892 39.996513
v  14.553685 15.254892 40.714794
# 42 vertices

vt 0.000000 0.000000 0.000000
vt 0.000000 1.000000 0.000000
vt 0.000000 0.000000 0.000000
vt 1.000000 0.000000 0.000000
vt 0.000000 1.000000 0.000000
vt 1.000000 1.000000 0.000000
vt 1.000000 0.000000 0.000000
vt 0.000000 1.000000 0.000000
vt 1.000000 1.000000 0.000000
vt 0.000000 0.000000 0.000000
vt 1.000000 0.000000 0.000000
vt 0.000000 1.000000 0.000000
vt 1.000000 1.000000 0.000000
vt 0.000000 0.000000 0.000000
vt 0.000000 1.000000 0.000000
vt 1.000000 1.000000 0.000000
vt 0.000000 0.000000 0.000000
vt 1.000000 0.000000 0.000000
vt 0.000000 1.000000 0.000000
vt 1.000000 1.000000 0.000000
vt 0.500000 1.000000 0.000000
vt 0.500000 0.000000 0.000000
vt 0.500000 0.000000 0.000000
vt 0.500000 0.000000 0.000000
vt 0.500000 0.000000 0.000000
vt 0.500000 1.000000 0.000000
vt 0.500000 1.000000 0.000000
vt 0.500000 1.000000 0.000000
vt 0.169277 0.000000 0.000000
vt 0.830723 0.000000 0.000000
vt 0.830723 1.000000 0.000000
vt 0.169277 1.000000 0.000000
vt 0.169277 1.000000 0.000000
vt 0.169277 0.000000 0.000000
vt 0.830723 0.000000 0.000000
vt 0.830723 1.000000 0.000000
vt 0.830723 1.000000 0.000000
vt 0.830723 0.000000 0.000000
vt 0.169277 0.000000 0.000000
vt 0.169277 1.000000 0.000000
vt 0.830723 0.000000 0.000000
vt 0.169277 0.000000 0.000000
vt 0.169277 1.000000 0.000000
vt 0.830723 1.000000 0.000000
vt 0.330723 0.000000 0.000000
vt 0.669277 0.000000 0.000000
vt 0.669277 1.000000 0.000000
vt 0.330723 1.000000 0.000000
vt 0.330723 1.000000 0.000000
vt 0.330723 0.000000 0.000000
vt 0.669277 0.000000 0.000000
vt 0.669277 1.000000 0.000000
vt 0.669277 1.000000 0.000000
vt 0.669277 0.000000 0.000000
vt 0.330723 0.000000 0.000000
vt 0.330723 1.000000 0.000000
vt 0.669277 0.000000 0.000000
vt 0.330723 0.000000 0.000000
vt 0.330723 1.000000 0.000000
vt 0.669277 1.000000 0.000000
vt 1.000000 0.500000 0.000000
vt 0.000000 0.500000 0.000000
vt 0.000000 0.500000 0.000000
vt 1.000000 0.500000 0.000000
vt 1.000000 0.500000 0.000000
vt 0.000000 0.500000 0.000000
vt 1.000000 0.500000 0.000000
vt 0.000000 0.500000 0.000000
vt 0.500000 0.500000 0.000000
vt 0.500000 0.500000 0.000000
vt 0.169277 0.500000 0.000000
vt 0.669277 0.500000 0.000000
vt 0.169277 0.500000 0.000000
vt 0.669277 0.500000 0.000000
vt 0.330723 0.500000 0.000000
vt 0.830723 0.500000 0.000000
vt 0.330723 0.500000 0.000000
vt 0.830723 0.500000 0.000000
# 78 texture coords

o Box030
g Box030
f 2192/1192 2205/1228 2207/1232 2194/1194 
f 2189/1199 2191/1200 2218/1254 2216/1251 
f 2191/1203 2202/1223 2222/1260 2218/1255 
f 2190/1206 2188/1207 2217/1253 2219/1257 
f 2196/1210 2210/1238 2208/1234 2197/1212 
f 2198/1214 2211/1240 2209/1236 2199/1216 
f 2197/1213 2208/1235 2223/1261 2220/1258 
f 2210/1239 2196/1211 2221/1259 2226/1264 
f 2202/1222 2191/1191 2189/1190 2200/1218 
f 2203/1224 2193/1193 2195/1195 2201/1220 
f 2200/1219 2189/1196 2216/1250 2227/1265 
f 2213/1244 2198/1214 2199/1216 2215/1248 
f 2211/1240 2203/1224 2201/1220 2209/1236 
f 2204/1226 2212/1242 2214/1246 2206/1230 
f 2205/1228 2213/1244 2215/1248 2207/1232 
f 2206/1231 2214/1247 2228/1266 2224/1262 
f 2212/1243 2204/1227 2229/1267 2225/1263 
f 2224/1262 2205/1229 2192/1197 2217/1252 
f 2218/1254 2195/1202 2193/1201 2216/1251 
f 2222/1260 2201/1221 2195/1204 2218/1255 
f 2217/1253 2192/1209 2194/1208 2219/1257 
f 2223/1261 2211/1241 2198/1215 2220/1258 
f 2225/1263 2215/1249 2199/1217 2221/1259 
f 2221/1259 2199/1217 2209/1237 2226/1264 
f 2216/1250 2193/1198 2203/1225 2227/1265 
f 2220/1258 2198/1215 2213/1245 2228/1266 
f 2219/1256 2194/1205 2207/1233 2229/1267 
f 2226/1264 2209/1237 2201/1221 2222/1260 
f 2227/1265 2203/1225 2211/1241 2223/1261 
f 2228/1266 2213/1245 2205/1229 2224/1262 
f 2229/1267 2207/1233 2215/1249 2225/1263 
# 31 polygons

#
# object Box029
#

v  0.777044 10.553213 32.411350
v  14.616526 10.553213 32.411350
v  0.777044 10.553213 31.495897
v  14.616526 10.553213 31.495897
v  0.777044 20.150131 32.411350
v  14.616526 20.150131 32.411350
v  0.777044 20.150131 31.495897
v  14.616526 20.150131 31.495897
# 8 vertices

vt 0.000000 0.000000 0.000000
vt 1.000000 0.000000 0.000000
vt 0.000000 1.000000 0.000000
vt 1.000000 1.000000 0.000000
vt 0.000000 0.000000 0.000000
vt 1.000000 0.000000 0.000000
vt 0.000000 1.000000 0.000000
vt 1.000000 1.000000 0.000000
vt 0.000000 0.000000 0.000000
vt 1.000000 0.000000 0.000000
vt 0.000000 1.000000 0.000000
vt 1.000000 1.000000 0.000000
# 12 texture coords

o Box029
g Box029
f 2230/1277 2232/1279 2233/1278 2231/1276 
f 2234/1276 2235/1277 2237/1279 2236/1278 
f 2230/1272 2231/1273 2235/1275 2234/1274 
f 2231/1268 2233/1269 2237/1271 2235/1270 
f 2233/1272 2232/1273 2236/1275 2237/1274 
f 2232/1268 2230/1269 2234/1271 2236/1270 
# 6 polygons

#
# object Box036
#

v  0.551752 10.553213 22.811102
v  9.143187 10.553213 22.811102
v  0.551752 10.553213 21.895651
v  9.143187 10.553213 21.895651
v  0.551752 20.150131 22.811102
v  9.143187 20.150131 22.811102
v  0.551752 20.150131 21.895651
v  9.143187 20.150131 21.895651
# 8 vertices

vt 0.000000 0.000000 0.000000
vt 1.000000 0.000000 0.000000
vt 0.000000 1.000000 0.000000
vt 1.000000 1.000000 0.000000
vt 0.000000 0.000000 0.000000
vt 1.000000 0.000000 0.000000
vt 0.000000 1.000000 0.000000
vt 1.000000 1.000000 0.000000
vt 0.000000 0.000000 0.000000
vt 1.000000 0.000000 0.000000
vt 0.000000 1.000000 0.000000
vt 1.000000 1.000000 0.000000
# 12 texture coords

o Box036
g Box036
f 2238/1289 2240/1291 2241/1290 2239/1288 
f 2242/1288 2243/1289 2245/1291 2244/1290 
f 2238/1284 2239/1285 2243/1287 2242/1286 
f 2239/1280 2241/1281 2245/1283 2243/1282 
f 2241/1284 2240/1285 2244/1287 2245/1286 
f 2240/1280 2238/1281 2242/1283 2244/1282 
# 6 polygons

#
# object Box035
#

v  13.749581 10.553213 12.622068
v  13.749578 10.553213 26.461554
v  14.665034 10.553213 12.622068
v  14.665030 10.553213 26.461554
v  13.749581 20.150131 12.622068
v  13.749578 20.150131 26.461554
v  14.665034 20.150131 12.622068
v  14.665030 20.150131 26.461554
# 8 vertices

vt 0.000000 0.000000 0.000000
vt 1.000000 0.000000 0.000000
vt 0.000000 1.000000 0.000000
vt 1.000000 1.000000 0.000000
vt 0.000000 0.000000 0.000000
vt 1.000000 0.000000 0.000000
vt 0.000000 1.000000 0.000000
vt 1.000000 1.000000 0.000000
vt 0.000000 0.000000 0.000000
vt 1.000000 0.000000 0.000000
vt 0.000000 1.000000 0.000000
vt 1.000000 1.000000 0.000000
# 12 texture coords

o Box035
g Box035
f 2246/1301 2248/1303 2249/1302 2247/1300 
f 2250/1300 2251/1301 2253/1303 2252/1302 
f 2246/1296 2247/1297 2251/1299 2250/1298 
f 2247/1292 2249/1293 2253/1295 2251/1294 
f 2249/1296 2248/1297 2252/1299 2253/1298 
f 2248/1292 2246/1293 2250/1295 2252/1294 
# 6 polygons

#
# object Box038
#

v  23.571259 11.234732 24.641178
v  23.571259 11.234732 12.749649
v  22.452591 11.234732 24.641178
v  22.452591 11.234732 12.749649
v  23.571259 19.903248 24.641178
v  23.571259 19.903248 12.749649
v  22.452591 19.903248 24.641178
v  22.452591 19.903248 12.749649
# 8 vertices

vt 0.000000 0.000000 0.000000
vt 1.000000 0.000000 0.000000
vt 0.000000 1.000000 0.000000
vt 1.000000 1.000000 0.000000
vt 0.000000 0.000000 0.000000
vt 1.000000 0.000000 0.000000
vt 0.000000 1.000000 0.000000
vt 1.000000 1.000000 0.000000
vt 0.000000 0.000000 0.000000
vt 1.000000 0.000000 0.000000
vt 0.000000 1.000000 0.000000
vt 1.000000 1.000000 0.000000
# 12 texture coords

o Box038
g Box038
f 2254/1313 2256/1315 2257/1314 2255/1312 
f 2258/1312 2259/1313 2261/1315 2260/1314 
f 2254/1308 2255/1309 2259/1311 2258/1310 
f 2255/1304 2257/1305 2261/1307 2259/1306 
f 2257/1308 2256/1309 2260/1311 2261/1310 
f 2256/1304 2254/1305 2258/1307 2260/1306 
# 6 polygons

#
# object Box039
#

v  38.159142 11.494419 25.393286
v  38.159142 11.494419 24.460621
v  29.186426 11.494419 25.393288
v  29.186426 11.494419 24.460623
v  38.159142 20.193541 25.393286
v  38.159142 20.193541 24.460621
v  29.186426 20.193541 25.393288
v  29.186426 20.193541 24.460623
# 8 vertices

vt 0.000000 0.000000 0.000000
vt 1.000000 0.000000 0.000000
vt 0.000000 1.000000 0.000000
vt 1.000000 1.000000 0.000000
vt 0.000000 0.000000 0.000000
vt 1.000000 0.000000 0.000000
vt 0.000000 1.000000 0.000000
vt 1.000000 1.000000 0.000000
vt 0.000000 0.000000 0.000000
vt 1.000000 0.000000 0.000000
vt 0.000000 1.000000 0.000000
vt 1.000000 1.000000 0.000000
# 12 texture coords

o Box039
g Box039
f 2262/1325 2264/1327 2265/1326 2263/1324 
f 2266/1324 2267/1325 2269/1327 2268/1326 
f 2262/1320 2263/1321 2267/1323 2266/1322 
f 2263/1316 2265/1317 2269/1319 2267/1318 
f 2265/1320 2264/1321 2268/1323 2269/1322 
f 2264/1316 2262/1317 2266/1319 2268/1318 
# 6 polygons

#
# object Box040
#

v  25.791548 11.494419 25.618872
v  25.791548 11.494419 24.686209
v  22.421297 11.494419 25.618872
v  22.421297 11.494419 24.686209
v  25.791548 20.193541 25.618872
v  25.791548 20.193541 24.686209
v  22.421297 20.193541 25.618872
v  22.421297 20.193541 24.686209
# 8 vertices

vt 0.000000 0.000000 0.000000
vt 1.000000 0.000000 0.000000
vt 0.000000 1.000000 0.000000
vt 1.000000 1.000000 0.000000
vt 0.000000 0.000000 0.000000
vt 1.000000 0.000000 0.000000
vt 0.000000 1.000000 0.000000
vt 1.000000 1.000000 0.000000
vt 0.000000 0.000000 0.000000
vt 1.000000 0.000000 0.000000
vt 0.000000 1.000000 0.000000
vt 1.000000 1.000000 0.000000
# 12 texture coords

o Box040
g Box040
f 2270/1337 2272/1339 2273/1338 2271/1336 
f 2274/1336 2275/1337 2277/1339 2276/1338 
f 2270/1332 2271/1333 2275/1335 2274/1334 
f 2271/1328 2273/1329 2277/1331 2275/1330 
f 2273/1332 2272/1333 2276/1335 2277/1334 
f 2272/1328 2270/1329 2274/1331 2276/1330 
# 6 polygons

#
# object Box041
#

v  22.701738 11.488789 12.747770
v  38.087250 11.488789 12.747770
v  22.701738 11.488789 11.656290
v  38.087250 11.488789 11.656290
v  22.701738 19.997099 12.747770
v  38.087250 19.997099 12.747770
v  22.701738 19.997099 11.656290
v  38.087250 19.997099 11.656290
# 8 vertices

vt 1.000000 0.000000 0.000000
vt 0.000000 0.000000 0.000000
vt 1.000000 1.000000 0.000000
vt 0.000000 1.000000 0.000000
vt 0.000000 0.000000 0.000000
vt 1.000000 0.000000 0.000000
vt 0.000000 1.000000 0.000000
vt 1.000000 1.000000 0.000000
vt 0.000000 0.000000 0.000000
vt 1.000000 0.000000 0.000000
vt 0.000000 1.000000 0.000000
vt 1.000000 1.000000 0.000000
vt 0.000000 0.000000 0.000000
vt 1.000000 0.000000 0.000000
vt 0.000000 1.000000 0.000000
vt 1.000000 1.000000 0.000000
vt 0.000000 0.000000 0.000000
vt 1.000000 0.000000 0.000000
vt 0.000000 1.000000 0.000000
vt 1.000000 1.000000 0.000000
vt 0.000000 0.000000 0.000000
vt 1.000000 0.000000 0.000000
vt 0.000000 1.000000 0.000000
vt 1.000000 1.000000 0.000000
# 24 texture coords

o Box041
g Box041
f 2278/1340 2280/1342 2281/1343 2279/1341 
f 2282/1344 2283/1345 2285/1347 2284/1346 
f 2278/1348 2279/1349 2283/1351 2282/1350 
f 2279/1352 2281/1353 2285/1355 2283/1354 
f 2281/1356 2280/1357 2284/1359 2285/1358 
f 2280/1360 2278/1361 2282/1363 2284/1362 
# 6 polygons

#
# object Cylinder004
#

v  31.554173 9.366943 12.745958
v  31.426205 9.366943 12.020217
v  31.057735 9.366943 11.382010
v  30.493208 9.366943 10.908316
v  29.800714 9.366943 10.656268
v  29.063776 9.366943 10.656268
v  28.371281 9.366943 10.908316
v  27.806755 9.366943 11.382010
v  27.438286 9.366943 12.020216
v  27.310318 9.366943 12.745958
v  27.438286 9.366943 13.471700
v  27.806755 9.366943 14.109906
v  28.371281 9.366943 14.583601
v  29.063776 9.366943 14.835649
v  29.800713 9.366943 14.835649
v  30.493208 9.366943 14.583602
v  31.057735 9.366943 14.109908
v  31.426205 9.366943 13.471702
v  30.408373 10.814926 12.745958
v  30.349504 10.814926 12.412103
v  30.180002 10.814926 12.118516
v  29.920309 10.814926 11.900607
v  29.601748 10.814926 11.784660
v  29.262743 10.814926 11.784660
v  28.944181 10.814926 11.900607
v  28.684488 10.814926 12.118516
v  28.514986 10.814926 12.412103
v  28.456118 10.814926 12.745958
v  28.514986 10.814926 13.079813
v  28.684488 10.814926 13.373401
v  28.944181 10.814926 13.591310
v  29.262743 10.814926 13.707256
v  29.601748 10.814926 13.707256
v  29.920309 10.814926 13.591310
v  30.180002 10.814926 13.373402
v  30.349504 10.814926 13.079814
v  31.160355 9.366943 12.116978
v  31.271261 9.366943 12.745958
v  31.160355 9.366943 13.374940
v  30.841011 9.366943 13.928056
v  30.351751 9.366943 14.338593
v  29.751587 9.366943 14.557035
v  29.112904 9.366943 14.557034
v  28.512737 9.366943 14.338593
v  28.023478 9.366943 13.928054
v  27.704136 9.366943 13.374938
v  27.593229 9.366943 12.745958
v  27.704136 9.366943 12.116978
v  28.023478 9.366943 11.563862
v  28.512737 9.366943 11.153324
v  29.112904 9.366943 10.934882
v  29.751587 9.366943 10.934881
v  30.351753 9.366943 11.153324
v  30.841013 9.366943 11.563862
v  30.190084 10.660173 12.470128
v  30.238720 10.660173 12.745958
v  30.190084 10.660173 13.021790
v  30.050041 10.660173 13.264351
v  29.835482 10.660173 13.444386
v  29.572289 10.660173 13.540181
v  29.292202 10.660173 13.540181
v  29.029007 10.660173 13.444386
v  28.814449 10.660173 13.264350
v  28.674406 10.660173 13.021789
v  28.625771 10.660173 12.745958
v  28.674406 10.660173 12.470127
v  28.814449 10.660173 12.227567
v  29.029007 10.660173 12.047531
v  29.292202 10.660173 11.951735
v  29.572289 10.660173 11.951735
v  29.835484 10.660173 12.047530
v  30.050041 10.660173 12.227567
# 72 vertices

vt 0.750000 0.000000 1.000000
vt 0.805556 0.000000 1.000000
vt 0.861111 0.000000 1.000000
vt 0.916667 0.000000 1.000000
vt 0.972222 0.000000 1.000000
vt 0.027778 0.000000 1.000000
vt 0.083333 0.000000 1.000000
vt 0.138889 0.000000 1.000000
vt 0.194444 0.000000 1.000000
vt 0.250000 0.000000 1.000000
vt 0.305556 0.000000 1.000000
vt 0.361111 0.000000 1.000000
vt 0.416667 0.000000 1.000000
vt 0.472222 0.000000 1.000000
vt 0.527778 0.000000 1.000000
vt 0.583333 0.000000 1.000000
vt 0.638889 0.000000 1.000000
vt 0.694444 0.000000 1.000000
vt 0.750000 1.000000 1.000000
vt 0.805556 1.000000 1.000000
vt 0.861111 1.000000 1.000000
vt 0.916667 1.000000 1.000000
vt 0.972222 1.000000 1.000000
vt 0.027778 1.000000 1.000000
vt 0.083333 1.000000 1.000000
vt 0.138889 1.000000 1.000000
vt 0.194444 1.000000 1.000000
vt 0.250000 1.000000 1.000000
vt 0.305556 1.000000 1.000000
vt 0.361111 1.000000 1.000000
vt 0.416667 1.000000 1.000000
vt 0.472222 1.000000 1.000000
vt 0.527778 1.000000 1.000000
vt 0.583333 1.000000 1.000000
vt 0.638889 1.000000 1.000000
vt 0.694444 1.000000 1.000000
vt -0.027778 0.000000 1.000000
vt -0.027778 1.000000 1.000000
vt 0.970821 0.000000 0.879385
vt 0.912631 0.000000 0.652704
vt 0.804673 0.000000 0.347297
vt 0.659966 0.000000 0.000000
vt 0.495965 0.000000 -0.347296
vt 0.332451 0.000000 -0.652704
vt 0.189145 0.000000 -0.879386
vt 0.083334 0.000000 -1.000001
vt 0.027778 0.000000 -1.000002
vt 0.029179 0.000000 -0.879387
vt 0.087368 0.000000 -0.652706
vt 0.195326 0.000000 -0.347299
vt 0.340032 0.000000 -0.000002
vt 0.970821 1.000000 0.879385
vt 0.912631 1.000000 0.652704
vt 0.804673 1.000000 0.347297
vt 0.659966 1.000000 0.000000
vt 0.495965 1.000000 -0.347296
vt 0.332450 1.000000 -0.652703
vt 0.189145 1.000000 -0.879385
vt 0.083333 1.000000 -1.000000
vt 0.027778 1.000000 -1.000000
vt 0.029179 1.000000 -0.879385
vt 0.087368 1.000000 -0.652704
vt 0.195327 1.000000 -0.347297
vt 0.805556 0.000000 1.000000
vt 0.750000 0.000000 1.000000
vt 0.340032 0.000000 -0.000002
vt 0.195326 0.000000 -0.347299
vt 0.087368 0.000000 -0.652706
vt 0.029179 0.000000 -0.879387
vt 0.027778 0.000000 -1.000002
vt 0.083334 0.000000 -1.000001
vt 0.189145 0.000000 -0.879386
vt 0.332451 0.000000 -0.652704
vt 0.495965 0.000000 -0.347296
vt 0.659966 0.000000 0.000000
vt 0.804673 0.000000 0.347297
vt 0.912631 0.000000 0.652704
vt 0.970821 0.000000 0.879385
vt 0.972222 0.000000 1.000000
vt 0.916667 0.000000 1.000000
vt 0.861111 0.000000 1.000000
vt 0.805556 0.000000 1.000000
vt 0.750000 0.000000 1.000000
vt 0.340032 0.000000 -0.000002
vt 0.195326 0.000000 -0.347299
vt 0.087368 0.000000 -0.652706
vt 0.029179 0.000000 -0.879387
vt 0.027778 0.000000 -1.000002
vt 0.083334 0.000000 -1.000001
vt 0.189145 0.000000 -0.879386
vt 0.332451 0.000000 -0.652704
vt 0.495965 0.000000 -0.347296
vt 0.659966 0.000000 0.000000
vt 0.804673 0.000000 0.347297
vt 0.912631 0.000000 0.652704
vt 0.970821 0.000000 0.879385
vt 0.972222 0.000000 1.000000
vt 0.916667 0.000000 1.000000
vt 0.861111 0.000000 1.000000
# 99 texture coords

o Cylinder004
g Cylinder004
f 2342/1447 2343/1448 2344/1449 2345/1450 2346/1451 2347/1452 2348/1453 2349/1454 2350/1455 2351/1456 2352/1457 2353/1458 2354/1459 2355/1460 2356/1461 2357/1462 2340/1445 2341/1446 
f 2286/1364 2287/1365 2305/1383 2304/1382 
f 2287/1365 2288/1366 2306/1384 2305/1383 
f 2288/1366 2289/1367 2307/1385 2306/1384 
f 2289/1367 2290/1368 2308/1386 2307/1385 
f 2290/1400 2291/1369 2309/1387 2308/1401 
f 2291/1369 2292/1370 2310/1388 2309/1387 
f 2292/1370 2293/1371 2311/1389 2310/1388 
f 2293/1371 2294/1372 2312/1390 2311/1389 
f 2294/1372 2295/1373 2313/1391 2312/1390 
f 2295/1373 2296/1374 2314/1392 2313/1391 
f 2296/1374 2297/1375 2315/1393 2314/1392 
f 2297/1375 2298/1376 2316/1394 2315/1393 
f 2298/1376 2299/1377 2317/1395 2316/1394 
f 2299/1377 2300/1378 2318/1396 2317/1395 
f 2300/1378 2301/1379 2319/1397 2318/1396 
f 2301/1379 2302/1380 2320/1398 2319/1397 
f 2302/1380 2303/1381 2321/1399 2320/1398 
f 2303/1381 2286/1364 2304/1382 2321/1399 
f 2321/1399 2304/1382 2305/1383 2306/1384 2307/1385 2308/1386 2309/1415 2310/1416 2311/1417 2312/1418 2313/1419 2314/1420 2315/1421 2316/1422 2317/1423 2318/1424 2319/1425 2320/1426 
f 2287/1365 2286/1364 2323/1428 2322/1427 
f 2286/1364 2303/1414 2324/1429 2323/1428 
f 2303/1414 2302/1413 2325/1430 2324/1429 
f 2302/1413 2301/1412 2326/1431 2325/1430 
f 2301/1412 2300/1411 2327/1432 2326/1431 
f 2300/1411 2299/1410 2328/1433 2327/1432 
f 2299/1410 2298/1409 2329/1434 2328/1433 
f 2298/1409 2297/1408 2330/1435 2329/1434 
f 2297/1408 2296/1407 2331/1436 2330/1435 
f 2296/1407 2295/1406 2332/1437 2331/1436 
f 2295/1406 2294/1405 2333/1438 2332/1437 
f 2294/1405 2293/1404 2334/1439 2333/1438 
f 2293/1404 2292/1403 2335/1440 2334/1439 
f 2292/1403 2291/1402 2336/1441 2335/1440 
f 2291/1402 2290/1368 2337/1442 2336/1441 
f 2290/1368 2289/1367 2338/1443 2337/1442 
f 2289/1367 2288/1366 2339/1444 2338/1443 
f 2288/1366 2287/1365 2322/1427 2339/1444 
f 2322/1427 2323/1428 2341/1446 2340/1445 
f 2323/1428 2324/1429 2342/1447 2341/1446 
f 2324/1429 2325/1430 2343/1448 2342/1447 
f 2325/1430 2326/1431 2344/1449 2343/1448 
f 2326/1431 2327/1432 2345/1450 2344/1449 
f 2327/1432 2328/1433 2346/1451 2345/1450 
f 2328/1433 2329/1434 2347/1452 2346/1451 
f 2329/1434 2330/1435 2348/1453 2347/1452 
f 2330/1435 2331/1436 2349/1454 2348/1453 
f 2331/1436 2332/1437 2350/1455 2349/1454 
f 2332/1437 2333/1438 2351/1456 2350/1455 
f 2333/1438 2334/1439 2352/1457 2351/1456 
f 2334/1439 2335/1440 2353/1458 2352/1457 
f 2335/1440 2336/1441 2354/1459 2353/1458 
f 2336/1441 2337/1442 2355/1460 2354/1459 
f 2337/1442 2338/1443 2356/1461 2355/1460 
f 2338/1443 2339/1444 2357/1462 2356/1461 
f 2339/1444 2322/1427 2340/1445 2357/1462 
# 56 polygons

#
# object Box042
#

v  26.701181 2.400777 14.887887
v  32.124210 2.400777 14.887887
v  26.701181 2.400777 11.548453
v  32.124210 2.400777 11.548453
v  26.701181 3.004391 14.887887
v  32.124210 3.004391 14.887887
v  26.701181 3.004391 11.548453
v  32.124210 3.004391 11.548453
v  27.045622 2.400777 11.548453
v  27.045622 2.400777 14.887887
v  27.045622 3.004391 14.887887
v  27.045622 3.004391 11.548453
v  31.779772 2.400777 11.548453
v  31.779772 2.400777 14.887887
v  31.779772 3.004391 14.887887
v  31.779772 3.004391 11.548453
v  26.701181 2.400777 14.551437
v  32.124210 2.400777 14.551437
v  32.124210 3.004391 14.551437
v  26.701181 3.004391 14.551437
v  27.045622 2.400777 11.884903
v  27.045622 3.004391 14.551437
v  31.779772 2.400777 11.884903
v  31.779772 3.004391 14.551437
v  26.701181 2.400777 11.884903
v  32.124210 2.400777 11.884903
v  32.124210 3.004391 11.884903
v  26.701181 3.004391 11.884903
v  27.045622 2.400777 14.551437
v  27.045622 3.004391 11.884903
v  31.779772 2.400777 14.551437
v  31.779772 3.004391 11.884903
v  26.701181 0.876421 14.887887
v  26.701181 0.876421 14.551437
v  27.045622 0.876421 14.551437
v  27.045622 0.876421 14.887887
v  32.124210 0.876421 11.548453
v  32.124210 0.876421 11.884903
v  31.779772 0.876421 11.884903
v  31.779772 0.876421 11.548453
v  26.701181 0.876421 11.548453
v  27.045622 0.876421 11.548453
v  27.045622 0.876421 11.884903
v  26.701181 0.876421 11.884903
v  32.124210 0.876421 14.887887
v  31.779772 0.876421 14.887887
v  31.779772 0.876421 14.551437
v  32.124210 0.876421 14.551437
# 48 vertices

vt 1.000000 0.000000 0.000000
vt 0.000000 0.000000 0.000000
vt 1.000000 1.000000 0.000000
vt 0.000000 1.000000 0.000000
vt 0.000000 0.000000 0.000000
vt 1.000000 0.000000 0.000000
vt 0.000000 1.000000 0.000000
vt 1.000000 1.000000 0.000000
vt 0.000000 0.000000 0.000000
vt 1.000000 0.000000 0.000000
vt 0.000000 1.000000 0.000000
vt 1.000000 1.000000 0.000000
vt 0.000000 0.000000 0.000000
vt 1.000000 0.000000 0.000000
vt 0.000000 1.000000 0.000000
vt 1.000000 1.000000 0.000000
vt 0.000000 0.000000 0.000000
vt 1.000000 0.000000 0.000000
vt 0.000000 1.000000 0.000000
vt 1.000000 1.000000 0.000000
vt 0.000000 0.000000 0.000000
vt 1.000000 0.000000 0.000000
vt 0.000000 1.000000 0.000000
vt 1.000000 1.000000 0.000000
vt 0.936486 1.000000 0.000000
vt 0.936486 0.000000 0.000000
vt 0.936486 0.000000 0.000000
vt 0.063514 0.000000 0.000000
vt 0.063514 0.000000 0.000000
vt 0.063514 1.000000 0.000000
vt 0.063514 1.000000 0.000000
vt 0.936486 1.000000 0.000000
vt 0.063514 1.000000 0.000000
vt 0.063514 0.000000 0.000000
vt 0.063514 0.000000 0.000000
vt 0.936486 0.000000 0.000000
vt 0.936486 0.000000 0.000000
vt 0.936486 1.000000 0.000000
vt 0.936486 1.000000 0.000000
vt 0.063514 1.000000 0.000000
vt 1.000000 0.100751 0.000000
vt 0.899249 0.000000 0.000000
vt 0.000000 0.100751 0.000000
vt 0.100751 0.000000 0.000000
vt 1.000000 0.100751 0.000000
vt 0.100751 1.000000 0.000000
vt 0.000000 0.100751 0.000000
vt 0.899249 1.000000 0.000000
vt 0.936486 0.899249 0.000000
vt 0.063514 0.100751 0.000000
vt 0.063514 0.899249 0.000000
vt 0.936486 0.100751 0.000000
vt 1.000000 0.899249 0.000000
vt 0.100751 0.000000 0.000000
vt 0.000000 0.899249 0.000000
vt 0.899249 0.000000 0.000000
vt 1.000000 0.899249 0.000000
vt 0.899249 1.000000 0.000000
vt 0.000000 0.899249 0.000000
vt 0.100751 1.000000 0.000000
vt 0.936486 0.100751 0.000000
vt 0.063514 0.899249 0.000000
vt 0.063514 0.100751 0.000000
vt 0.936486 0.899249 0.000000
vt 1.000000 0.000000 0.000000
vt 1.000000 0.100751 0.000000
vt 0.936486 0.100751 0.000000
vt 0.936486 0.000000 0.000000
vt 0.000000 1.000000 0.000000
vt 0.000000 0.899249 0.000000
vt 0.063514 0.899249 0.000000
vt 0.063514 1.000000 0.000000
vt 1.000000 1.000000 0.000000
vt 0.936486 1.000000 0.000000
vt 0.936486 0.899249 0.000000
vt 1.000000 0.899249 0.000000
vt 0.000000 0.000000 0.000000
vt 0.063514 0.000000 0.000000
vt 0.063514 0.100751 0.000000
vt 0.000000 0.100751 0.000000
# 80 texture coords

o Box042
g Box042
f 2390/1527 2391/1528 2392/1529 2393/1530 
f 2362/1467 2368/1491 2379/1512 2377/1509 
f 2358/1471 2367/1490 2368/1492 2362/1473 
f 2359/1475 2375/1506 2376/1508 2363/1477 
f 2361/1479 2370/1496 2373/1502 2365/1481 
f 2360/1483 2382/1516 2385/1522 2364/1485 
f 2397/1534 2394/1531 2395/1532 2396/1533 
f 2372/1499 2363/1468 2376/1507 2381/1514 
f 2371/1498 2359/1472 2363/1474 2372/1500 
f 2366/1488 2360/1480 2364/1482 2369/1494 
f 2366/1487 2370/1495 2380/1513 2378/1511 
f 2368/1491 2372/1499 2381/1514 2379/1512 
f 2367/1490 2371/1498 2372/1500 2368/1492 
f 2370/1496 2366/1488 2369/1494 2373/1502 
f 2401/1538 2398/1535 2399/1536 2400/1537 
f 2387/1524 2369/1493 2364/1469 2385/1521 
f 2383/1518 2361/1476 2365/1478 2384/1520 
f 2374/1504 2358/1484 2362/1486 2377/1510 
f 2405/1542 2402/1539 2403/1540 2404/1541 
f 2384/1519 2365/1470 2373/1501 2389/1526 
f 2388/1525 2371/1497 2367/1489 2386/1523 
f 2389/1526 2373/1501 2369/1493 2387/1524 
f 2374/1503 2382/1515 2378/1511 2386/1523 
f 2379/1512 2387/1524 2385/1521 2377/1509 
f 2375/1506 2383/1518 2384/1520 2376/1508 
f 2382/1516 2374/1504 2377/1510 2385/1522 
f 2383/1517 2375/1505 2388/1525 2380/1513 
f 2376/1507 2384/1519 2389/1526 2381/1514 
f 2380/1513 2388/1525 2386/1523 2378/1511 
f 2381/1514 2389/1526 2387/1524 2379/1512 
f 2358/1463 2374/1503 2391/1528 2390/1527 
f 2374/1503 2386/1523 2392/1529 2391/1528 
f 2386/1523 2367/1489 2393/1530 2392/1529 
f 2367/1489 2358/1463 2390/1527 2393/1530 
f 2361/1466 2383/1517 2395/1532 2394/1531 
f 2383/1517 2380/1513 2396/1533 2395/1532 
f 2380/1513 2370/1495 2397/1534 2396/1533 
f 2370/1495 2361/1466 2394/1531 2397/1534 
f 2360/1465 2366/1487 2399/1536 2398/1535 
f 2366/1487 2378/1511 2400/1537 2399/1536 
f 2378/1511 2382/1515 2401/1538 2400/1537 
f 2382/1515 2360/1465 2398/1535 2401/1538 
f 2359/1464 2371/1497 2403/1540 2402/1539 
f 2371/1497 2388/1525 2404/1541 2403/1540 
f 2388/1525 2375/1505 2405/1542 2404/1541 
f 2375/1505 2359/1464 2402/1539 2405/1542 
# 46 polygons

#
# object Cylinder005
#

v  31.554173 9.366943 36.954399
v  31.426205 9.366943 36.228657
v  31.057735 9.366943 35.590450
v  30.493208 9.366943 35.116756
v  29.800714 9.366943 34.864708
v  29.063776 9.366943 34.864708
v  28.371281 9.366943 35.116756
v  27.806755 9.366943 35.590450
v  27.438286 9.366943 36.228657
v  27.310318 9.366943 36.954399
v  27.438286 9.366943 37.680141
v  27.806755 9.366943 38.318348
v  28.371281 9.366943 38.792042
v  29.063776 9.366943 39.044090
v  29.800713 9.366943 39.044090
v  30.493208 9.366943 38.792042
v  31.057735 9.366943 38.318348
v  31.426205 9.366943 37.680141
v  30.408373 10.814926 36.954399
v  30.349504 10.814926 36.620544
v  30.180002 10.814926 36.326958
v  29.920309 10.814926 36.109047
v  29.601748 10.814926 35.993099
v  29.262743 10.814926 35.993099
v  28.944181 10.814926 36.109047
v  28.684488 10.814926 36.326958
v  28.514986 10.814926 36.620544
v  28.456118 10.814926 36.954399
v  28.514986 10.814926 37.288254
v  28.684488 10.814926 37.581841
v  28.944181 10.814926 37.799751
v  29.262743 10.814926 37.915699
v  29.601748 10.814926 37.915699
v  29.920309 10.814926 37.799751
v  30.180002 10.814926 37.581841
v  30.349504 10.814926 37.288254
v  31.160355 9.366943 36.325420
v  31.271261 9.366943 36.954399
v  31.160355 9.366943 37.583382
v  30.841011 9.366943 38.136497
v  30.351751 9.366943 38.547035
v  29.751587 9.366943 38.765476
v  29.112904 9.366943 38.765476
v  28.512737 9.366943 38.547031
v  28.023478 9.366943 38.136494
v  27.704136 9.366943 37.583378
v  27.593229 9.366943 36.954399
v  27.704136 9.366943 36.325420
v  28.023478 9.366943 35.772305
v  28.512737 9.366943 35.361767
v  29.112904 9.366943 35.143322
v  29.751587 9.366943 35.143322
v  30.351753 9.366943 35.361763
v  30.841013 9.366943 35.772305
v  30.190084 10.660173 36.678570
v  30.238720 10.660173 36.954399
v  30.190084 10.660173 37.230232
v  30.050041 10.660173 37.472790
v  29.835482 10.660173 37.652828
v  29.572289 10.660173 37.748623
v  29.292202 10.660173 37.748623
v  29.029007 10.660173 37.652828
v  28.814449 10.660173 37.472790
v  28.674406 10.660173 37.230228
v  28.625771 10.660173 36.954399
v  28.674406 10.660173 36.678570
v  28.814449 10.660173 36.436008
v  29.029007 10.660173 36.255970
v  29.292202 10.660173 36.160175
v  29.572289 10.660173 36.160175
v  29.835484 10.660173 36.255970
v  30.050041 10.660173 36.436008
# 72 vertices

vt 0.750000 0.000000 1.000000
vt 0.805556 0.000000 1.000000
vt 0.861111 0.000000 1.000000
vt 0.916667 0.000000 1.000000
vt 0.972222 0.000000 1.000000
vt 0.027778 0.000000 1.000000
vt 0.083333 0.000000 1.000000
vt 0.138889 0.000000 1.000000
vt 0.194444 0.000000 1.000000
vt 0.250000 0.000000 1.000000
vt 0.305556 0.000000 1.000000
vt 0.361111 0.000000 1.000000
vt 0.416667 0.000000 1.000000
vt 0.472222 0.000000 1.000000
vt 0.527778 0.000000 1.000000
vt 0.583333 0.000000 1.000000
vt 0.638889 0.000000 1.000000
vt 0.694444 0.000000 1.000000
vt 0.750000 1.000000 1.000000
vt 0.805556 1.000000 1.000000
vt 0.861111 1.000000 1.000000
vt 0.916667 1.000000 1.000000
vt 0.972222 1.000000 1.000000
vt 0.027778 1.000000 1.000000
vt 0.083333 1.000000 1.000000
vt 0.138889 1.000000 1.000000
vt 0.194444 1.000000 1.000000
vt 0.250000 1.000000 1.000000
vt 0.305556 1.000000 1.000000
vt 0.361111 1.000000 1.000000
vt 0.416667 1.000000 1.000000
vt 0.472222 1.000000 1.000000
vt 0.527778 1.000000 1.000000
vt 0.583333 1.000000 1.000000
vt 0.638889 1.000000 1.000000
vt 0.694444 1.000000 1.000000
vt -0.027778 0.000000 1.000000
vt -0.027778 1.000000 1.000000
vt 0.970821 0.000000 0.879385
vt 0.912631 0.000000 0.652704
vt 0.804673 0.000000 0.347297
vt 0.659966 0.000000 0.000000
vt 0.495965 0.000000 -0.347296
vt 0.332451 0.000000 -0.652704
vt 0.189145 0.000000 -0.879386
vt 0.083334 0.000000 -1.000001
vt 0.027778 0.000000 -1.000002
vt 0.029179 0.000000 -0.879387
vt 0.087368 0.000000 -0.652706
vt 0.195326 0.000000 -0.347299
vt 0.340032 0.000000 -0.000002
vt 0.970821 1.000000 0.879385
vt 0.912631 1.000000 0.652704
vt 0.804673 1.000000 0.347297
vt 0.659966 1.000000 0.000000
vt 0.495965 1.000000 -0.347296
vt 0.332450 1.000000 -0.652703
vt 0.189145 1.000000 -0.879385
vt 0.083333 1.000000 -1.000000
vt 0.027778 1.000000 -1.000000
vt 0.029179 1.000000 -0.879385
vt 0.087368 1.000000 -0.652704
vt 0.195327 1.000000 -0.347297
vt 0.805556 0.000000 1.000000
vt 0.750000 0.000000 1.000000
vt 0.340032 0.000000 -0.000002
vt 0.195326 0.000000 -0.347299
vt 0.087368 0.000000 -0.652706
vt 0.029179 0.000000 -0.879387
vt 0.027778 0.000000 -1.000002
vt 0.083334 0.000000 -1.000001
vt 0.189145 0.000000 -0.879386
vt 0.332451 0.000000 -0.652704
vt 0.495965 0.000000 -0.347296
vt 0.659966 0.000000 0.000000
vt 0.804673 0.000000 0.347297
vt 0.912631 0.000000 0.652704
vt 0.970821 0.000000 0.879385
vt 0.972222 0.000000 1.000000
vt 0.916667 0.000000 1.000000
vt 0.861111 0.000000 1.000000
vt 0.805556 0.000000 1.000000
vt 0.750000 0.000000 1.000000
vt 0.340032 0.000000 -0.000002
vt 0.195326 0.000000 -0.347299
vt 0.087368 0.000000 -0.652706
vt 0.029179 0.000000 -0.879387
vt 0.027778 0.000000 -1.000002
vt 0.083334 0.000000 -1.000001
vt 0.189145 0.000000 -0.879386
vt 0.332451 0.000000 -0.652704
vt 0.495965 0.000000 -0.347296
vt 0.659966 0.000000 0.000000
vt 0.804673 0.000000 0.347297
vt 0.912631 0.000000 0.652704
vt 0.970821 0.000000 0.879385
vt 0.972222 0.000000 1.000000
vt 0.916667 0.000000 1.000000
vt 0.861111 0.000000 1.000000
# 99 texture coords

o Cylinder005
g Cylinder005
f 2462/1626 2463/1627 2464/1628 2465/1629 2466/1630 2467/1631 2468/1632 2469/1633 2470/1634 2471/1635 2472/1636 2473/1637 2474/1638 2475/1639 2476/1640 2477/1641 2460/1624 2461/1625 
f 2406/1543 2407/1544 2425/1562 2424/1561 
f 2407/1544 2408/1545 2426/1563 2425/1562 
f 2408/1545 2409/1546 2427/1564 2426/1563 
f 2409/1546 2410/1547 2428/1565 2427/1564 
f 2410/1579 2411/1548 2429/1566 2428/1580 
f 2411/1548 2412/1549 2430/1567 2429/1566 
f 2412/1549 2413/1550 2431/1568 2430/1567 
f 2413/1550 2414/1551 2432/1569 2431/1568 
f 2414/1551 2415/1552 2433/1570 2432/1569 
f 2415/1552 2416/1553 2434/1571 2433/1570 
f 2416/1553 2417/1554 2435/1572 2434/1571 
f 2417/1554 2418/1555 2436/1573 2435/1572 
f 2418/1555 2419/1556 2437/1574 2436/1573 
f 2419/1556 2420/1557 2438/1575 2437/1574 
f 2420/1557 2421/1558 2439/1576 2438/1575 
f 2421/1558 2422/1559 2440/1577 2439/1576 
f 2422/1559 2423/1560 2441/1578 2440/1577 
f 2423/1560 2406/1543 2424/1561 2441/1578 
f 2441/1578 2424/1561 2425/1562 2426/1563 2427/1564 2428/1565 2429/1594 2430/1595 2431/1596 2432/1597 2433/1598 2434/1599 2435/1600 2436/1601 2437/1602 2438/1603 2439/1604 2440/1605 
f 2407/1544 2406/1543 2443/1607 2442/1606 
f 2406/1543 2423/1593 2444/1608 2443/1607 
f 2423/1593 2422/1592 2445/1609 2444/1608 
f 2422/1592 2421/1591 2446/1610 2445/1609 
f 2421/1591 2420/1590 2447/1611 2446/1610 
f 2420/1590 2419/1589 2448/1612 2447/1611 
f 2419/1589 2418/1588 2449/1613 2448/1612 
f 2418/1588 2417/1587 2450/1614 2449/1613 
f 2417/1587 2416/1586 2451/1615 2450/1614 
f 2416/1586 2415/1585 2452/1616 2451/1615 
f 2415/1585 2414/1584 2453/1617 2452/1616 
f 2414/1584 2413/1583 2454/1618 2453/1617 
f 2413/1583 2412/1582 2455/1619 2454/1618 
f 2412/1582 2411/1581 2456/1620 2455/1619 
f 2411/1581 2410/1547 2457/1621 2456/1620 
f 2410/1547 2409/1546 2458/1622 2457/1621 
f 2409/1546 2408/1545 2459/1623 2458/1622 
f 2408/1545 2407/1544 2442/1606 2459/1623 
f 2442/1606 2443/1607 2461/1625 2460/1624 
f 2443/1607 2444/1608 2462/1626 2461/1625 
f 2444/1608 2445/1609 2463/1627 2462/1626 
f 2445/1609 2446/1610 2464/1628 2463/1627 
f 2446/1610 2447/1611 2465/1629 2464/1628 
f 2447/1611 2448/1612 2466/1630 2465/1629 
f 2448/1612 2449/1613 2467/1631 2466/1630 
f 2449/1613 2450/1614 2468/1632 2467/1631 
f 2450/1614 2451/1615 2469/1633 2468/1632 
f 2451/1615 2452/1616 2470/1634 2469/1633 
f 2452/1616 2453/1617 2471/1635 2470/1634 
f 2453/1617 2454/1618 2472/1636 2471/1635 
f 2454/1618 2455/1619 2473/1637 2472/1636 
f 2455/1619 2456/1620 2474/1638 2473/1637 
f 2456/1620 2457/1621 2475/1639 2474/1638 
f 2457/1621 2458/1622 2476/1640 2475/1639 
f 2458/1622 2459/1623 2477/1641 2476/1640 
f 2459/1623 2442/1606 2460/1624 2477/1641 
# 56 polygons

