# 3ds Max Wavefront OBJ Exporter v0.97b - (c)2007 guruware
# File Created: 25.07.2021 21:08:08

#
# object 1?_??_2?_??_
#

v  0.267973 10.166261 11.691826
v  0.267973 10.687258 11.691826
v  0.267974 10.166262 35.979576
v  0.267974 10.687259 35.979576
v  14.527708 10.687258 11.691828
v  14.527708 10.166261 11.691828
v  14.527708 10.166262 35.979576
v  14.527708 10.687259 35.979576
v  0.267974 10.687258 19.040499
v  0.267974 10.166261 19.040499
v  14.527708 10.166261 19.040499
v  14.527708 10.687258 19.040499
v  115.835510 10.687259 35.979576
v  115.835510 10.166262 35.979576
v  115.835510 10.166261 19.040499
v  115.835510 10.687258 19.040499
v  34.355793 10.687259 35.979580
v  34.355793 10.166262 35.979580
v  34.355793 10.166261 19.040499
v  34.355793 10.687258 19.040499
v  54.517715 10.687259 35.979580
v  54.517715 10.166262 35.979580
v  54.517715 10.166261 19.040499
v  54.517715 10.687258 19.040499
v  74.635239 10.687259 35.979580
v  74.635239 10.166262 35.979580
v  74.635239 10.166261 19.040499
v  74.635239 10.687258 19.040499
v  94.829124 10.687259 35.979580
v  94.829124 10.166262 35.979580
v  94.829124 10.166261 19.040499
v  94.829124 10.687258 19.040499
# 32 vertices

vt 0.000000 0.000000 0.000000
vt 0.000000 1.000000 0.000000
vt 1.000000 0.000000 0.000000
vt 0.000000 1.000000 0.000000
vt 0.000000 0.000000 0.000000
vt 0.000000 1.000000 0.000000
vt 1.000000 1.000000 0.000000
vt 0.000000 1.000000 0.000000
vt 1.000000 1.000000 0.000000
vt 0.000000 0.500000 0.000000
vt 1.000000 0.500000 0.000000
vt 1.000000 0.500000 0.000000
vt 0.000000 0.500000 0.000000
vt 0.500000 1.000000 0.000000
vt 0.500000 1.000000 0.000000
vt 0.500000 0.000000 0.000000
vt 0.500000 1.000000 0.000000
vt 0.500000 0.500000 0.000000
vt 0.500000 0.500000 0.000000
vt 1.000000 0.750000 0.000000
vt 0.000000 0.750000 0.000000
vt 0.000000 0.750000 0.000000
vt 1.000000 0.750000 0.000000
vt 0.500000 0.750000 0.000000
vt 0.500000 1.000000 0.000000
vt 0.500000 0.750000 0.000000
vt 0.000000 0.500000 0.000000
vt 0.000000 1.000000 0.000000
vt 1.000000 1.000000 0.000000
vt 0.500000 1.000000 0.000000
vt 0.000000 0.500000 0.000000
vt 0.000000 1.000000 0.000000
vt 1.000000 1.000000 0.000000
vt 0.500000 1.000000 0.000000
vt 0.000000 0.500000 0.000000
vt 0.000000 1.000000 0.000000
vt 1.000000 1.000000 0.000000
vt 0.500000 1.000000 0.000000
vt 0.000000 0.500000 0.000000
vt 0.000000 1.000000 0.000000
vt 1.000000 1.000000 0.000000
vt 0.500000 1.000000 0.000000
vt 0.000000 0.500000 0.000000
vt 0.000000 1.000000 0.000000
vt 1.000000 1.000000 0.000000
vt 0.500000 1.000000 0.000000
vt 0.000000 0.500000 0.000000
# 47 texture coords

o 1?_??_2?_??_
g 1?_??_2?_??_
f 1/1 2/2 5/14 6/16 
f 3/10 10/22 11/24 7/18 
f 4/13 9/21 10/23 3/11 
f 5/15 2/7 9/20 12/26 
f 8/7 4/5 3/3 7/6 
f 5/5 12/27 11/25 6/6 
f 10/22 1/4 6/17 11/24 
f 9/21 2/8 1/9 10/23 
f 9/20 4/12 8/19 12/26 
f 16/31 13/28 14/29 15/30 
f 8/8 7/7 18/33 17/32 
f 7/7 11/25 19/34 18/33 
f 11/25 12/27 20/35 19/34 
f 12/27 8/8 17/32 20/35 
f 18/33 22/37 21/36 17/32 
f 19/34 23/38 22/37 18/33 
f 20/35 24/39 23/38 19/34 
f 17/32 21/36 24/39 20/35 
f 22/37 26/41 25/40 21/36 
f 23/38 27/42 26/41 22/37 
f 24/39 28/43 27/42 23/38 
f 21/36 25/40 28/43 24/39 
f 26/41 30/45 29/44 25/40 
f 27/42 31/46 30/45 26/41 
f 28/43 32/47 31/46 27/42 
f 25/40 29/44 32/47 28/43 
f 30/45 14/29 13/28 29/44 
f 31/46 15/30 14/29 30/45 
f 32/47 16/31 15/30 31/46 
f 29/44 13/28 16/31 32/47 
# 30 polygons

#
# object 2?_????___??
#

v  0.268884 20.958000 11.691849
v  0.904993 20.958000 12.652786
v  14.542278 20.958351 11.692001
v  13.586020 20.958351 12.639771
v  13.586020 10.687415 12.639771
v  14.542278 10.687428 11.692001
v  13.586020 10.687427 31.669907
v  13.586020 20.958351 31.669907
v  0.904993 20.958000 31.668549
v  14.542278 10.687451 32.630905
v  14.542278 20.958351 32.630829
v  13.586020 10.687427 24.910583
v  14.542278 10.687451 24.910599
v  13.586020 10.687427 30.110062
v  14.542278 10.687451 30.110062
v  13.586020 19.136845 30.110062
v  14.542278 19.136845 30.110062
v  13.586020 19.136845 24.910583
v  14.542278 19.136845 24.910599
v  14.542278 20.958351 20.362854
v  13.586020 20.958351 20.362854
v  13.586020 10.687427 20.362854
v  14.542278 10.687451 20.362854
v  0.268884 20.958000 32.630859
v  0.268884 20.958000 11.691849
v  0.268884 10.687399 32.630905
v  0.904993 20.958000 12.652084
v  0.904993 10.687399 12.652863
v  0.904993 10.687399 31.669907
v  0.268884 10.687399 11.691849
# 30 vertices

vt 0.750000 0.981250 0.000000
vt 0.750000 0.981250 0.000000
vt 0.250000 0.981250 0.000000
vt 0.481240 0.981250 0.000000
vt 0.285147 0.981250 0.000000
vt 0.446090 0.981250 0.000000
vt 0.401360 0.981250 0.000000
vt 0.597453 0.981250 0.000000
vt 0.750000 0.981250 0.000000
vt 0.446090 0.981250 0.000000
vt 0.500000 0.981250 0.000000
vt 0.250000 0.981250 0.000000
vt 0.250000 0.981250 0.000000
vt 0.750000 0.981250 0.000000
vt 0.750000 0.981250 0.000000
vt 0.500000 0.981250 0.000000
vt 0.250000 0.981250 0.000000
vt 0.750000 0.981250 0.000000
vt 0.750000 0.981250 0.000000
vt 0.750000 0.981250 0.000000
vt 0.750000 0.981250 0.000000
vt 0.250000 0.981250 0.000000
vt 0.500000 0.981250 0.000000
vt 0.750000 0.981250 0.000000
vt 0.500000 0.981250 0.000000
vt 0.750000 0.981250 0.000000
vt 0.750000 0.981250 0.000000
vt 0.750000 0.981250 0.000000
vt 0.500000 0.981250 0.000000
vt 0.500000 0.981250 0.000000
vt 0.500000 0.981250 0.000000
vt 0.750000 0.981250 0.000000
vt 0.500000 0.981250 0.000000
vt 0.500000 0.981250 0.000000
vt 0.500000 0.981250 0.000000
vt 0.500000 0.981250 0.000000
vt 0.750000 0.981250 0.000000
vt 0.750000 0.981250 0.000000
vt 0.750000 0.981250 0.000000
vt 0.214672 1.000000 0.000000
vt 0.682005 0.000004 0.000000
vt 0.682006 1.000000 0.000000
vt 0.000001 0.785328 0.000000
vt 0.999999 0.317993 0.000000
vt 0.999999 0.785327 0.000000
vt 0.785327 1.000000 0.000000
vt 0.317994 0.000004 0.000000
vt 0.785329 0.000007 0.000000
vt 0.500000 0.981250 0.000000
vt 0.750000 0.981250 0.000000
vt 0.500000 0.981250 0.000000
vt 0.750000 0.981250 0.000000
vt 0.750000 0.981250 0.000000
vt 0.500000 0.981250 0.000000
vt 0.500000 0.981250 0.000000
vt 0.500000 0.981250 0.000000
vt 0.500000 0.981250 0.000000
vt 0.500000 0.981250 0.000000
vt 0.750000 0.981250 0.000000
vt 0.750000 0.981250 0.000000
vt 0.750000 0.981250 0.000000
vt 0.750000 0.981250 0.000000
vt 0.750000 0.981250 0.000000
vt 0.214670 0.000007 0.000000
vt -0.000001 0.317994 0.000000
vt 0.317993 1.000000 0.000000
vt 0.750000 0.981250 0.000000
vt 0.750000 0.981250 0.000000
vt 0.500000 0.981250 0.000000
vt 0.500000 0.981250 0.000000
vt 0.500000 0.981250 0.000000
vt 0.500000 0.981250 0.000000
vt 0.750000 0.981250 0.000000
vt 0.750000 0.981250 0.000000
vt 0.012500 0.500000 0.000000
vt 0.000000 0.500000 0.000000
vt 0.012500 0.500000 0.000000
vt 0.000000 0.500000 0.000000
vt 0.012500 0.865625 0.000000
vt 0.000000 0.865625 0.000000
vt 0.012500 0.865625 0.000000
vt 0.000000 0.865625 0.000000
# 82 texture coords

o 2?_????___??
g 2?_????___??
f 35/54 33/52 34/51 36/55 
f 37/56 60/48 62/53 38/57 
f 61/60 41/59 40/96 39/58 
f 61/64 39/63 42/62 58/61 
f 56/67 58/66 42/97 43/65 
f 43/71 40/70 41/69 56/68 
f 43/74 52/114 53/116 40/72 
f 44/77 54/118 55/120 45/75 
f 46/80 47/79 42/100 39/78 
f 50/89 44/88 45/111 51/87 
f 49/92 48/91 50/112 51/90 
f 47/95 46/94 48/113 49/93 
f 54/119 53/117 36/104 37/101 
f 45/108 55/121 52/115 51/106 
f 52/114 35/73 36/98 53/116 
f 54/118 37/76 38/99 55/120 
f 54/119 44/103 50/102 53/117 
f 55/121 38/107 35/109 52/115 
f 52/115 43/86 49/84 51/106 
f 50/102 48/81 40/105 53/117 
f 43/86 42/85 47/110 49/84 
f 48/81 46/83 39/82 40/105 
f 33/52 35/109 38/57 62/50 
f 37/101 36/55 34/49 60/48 
f 41/122 59/126 57/127 56/123 
f 59/126 41/122 61/124 60/128 
f 56/123 57/127 62/129 58/125 
f 62/129 60/127 61/128 58/125 
# 28 polygons

#
# object 2?_??___????
#

v  13.518749 11.259047 12.910877
v  2.913384 11.259047 12.910878
v  13.518751 11.259047 19.209215
v  2.913385 11.259047 19.209217
v  13.518749 12.650724 12.910877
v  2.913384 12.650724 12.910878
v  13.518751 12.650724 19.209215
v  2.913385 12.650724 19.209217
# 8 vertices

vt 0.770452 0.484497 0.000000
vt 0.935074 0.484497 0.000000
vt 0.935074 0.649119 0.000000
vt 0.770452 0.649119 0.000000
vt 0.729499 0.443544 0.000000
vt 0.976027 0.443545 0.000000
vt 0.976027 0.690072 0.000000
vt 0.729499 0.690071 0.000000
# 8 texture coords

o 2?_??___????
g 2?_??___????
f 67/130 68/131 70/132 69/133 
f 63/134 64/135 68/131 67/130 
f 64/135 66/136 70/132 68/131 
f 66/136 65/137 69/133 70/132 
f 65/137 63/134 67/130 69/133 
# 5 polygons

#
# object ??___???_?001
#

v  1.037430 10.571941 22.905243
v  0.964363 10.651173 20.051044
v  3.891297 10.651173 19.991316
v  3.891297 10.571941 22.918249
v  3.891297 13.745831 19.991316
v  0.964363 13.745831 20.051044
v  1.037429 13.745831 22.978310
v  3.964364 13.769505 22.939556
v  3.964363 12.691313 22.695791
v  3.964363 13.509537 20.287510
v  3.964363 13.509537 22.695797
v  3.964363 12.691317 20.287510
v  1.119897 12.691313 22.682125
v  1.119897 12.691313 20.273838
v  1.119897 13.509537 20.273838
v  1.119897 13.509537 22.682125
v  3.964363 11.746489 22.695791
v  3.964363 12.564713 20.287510
v  3.964363 12.564713 22.695797
v  3.964363 11.746492 20.287510
v  1.119897 12.564713 22.682125
v  1.119897 12.564713 20.273838
v  1.119897 11.746489 22.682125
v  1.119897 11.746489 20.273838
v  3.964363 10.801664 22.695791
v  3.964363 11.619888 20.287510
v  3.964363 11.619888 22.695797
v  3.964363 10.801669 20.287510
v  1.119897 11.619888 22.695797
v  1.119897 11.619888 20.287510
v  1.119897 10.801664 22.695797
v  1.119897 10.801664 20.287510
v  1.037429 10.651173 22.978310
v  0.964363 10.651173 22.904911
v  1.037429 10.651173 19.978310
v  1.037430 10.571941 20.051378
v  3.964363 10.618069 20.051056
v  3.891297 10.571941 20.064384
v  3.964364 10.618069 22.932241
v  3.891298 10.651173 22.991316
v  3.891297 13.825062 20.064384
v  3.964363 13.769505 20.043743
v  3.964363 13.748279 20.009674
v  1.037430 13.825062 20.051378
v  1.037429 13.745831 19.978310
v  1.037430 13.825062 22.905243
v  0.964363 13.745831 22.904911
v  3.891297 13.825062 22.918249
v  3.891298 13.745831 22.991316
v  3.891297 11.612377 19.991316
v  0.964363 11.612377 20.051044
v  1.037429 11.612377 22.978310
v  3.891298 11.612377 22.991316
v  3.964363 11.611557 20.030365
v  1.037429 11.612377 19.978310
v  0.964363 11.612377 22.904911
v  3.964364 11.612125 22.935900
v  3.891297 11.743752 19.991316
v  0.964363 11.743752 20.051044
v  1.037429 11.743752 22.978310
v  3.964363 11.743570 20.020020
v  1.037429 11.743752 19.978310
v  0.964363 11.743752 22.904911
v  3.891298 11.743752 22.991316
v  3.964364 11.744020 22.937727
v  3.891297 12.554090 19.991316
v  0.964363 12.554090 20.051044
v  1.037429 12.554090 22.978310
v  3.964363 12.554134 20.014847
v  1.037429 12.554090 19.978310
v  0.964363 12.554090 22.904911
v  3.891298 12.554090 22.991316
v  3.964364 12.554559 22.938641
v  3.891297 12.687640 19.991316
v  0.964363 12.687640 20.051044
v  1.037429 12.687639 22.978310
v  3.964363 12.687670 20.012260
v  1.037429 12.687640 19.978310
v  0.964363 12.687639 22.904911
v  3.891298 12.687639 22.991316
v  3.964364 12.687933 22.939098
# 81 vertices

vt 0.554546 0.428577 0.000000
vt 0.554605 0.555522 0.000000
vt 0.549688 0.558788 0.000000
vt 0.549625 0.425314 0.000000
vt 0.715202 0.558720 0.000000
vt 0.710093 0.555453 0.000000
vt 0.710039 0.428506 0.000000
vt 0.715147 0.425234 0.000000
vt 0.558866 0.562133 0.000000
vt 0.600112 0.572319 0.000000
vt 0.597584 0.584354 0.000000
vt 0.555072 0.568384 0.000000
vt 0.560353 0.429114 0.000000
vt 0.601613 0.425923 0.000000
vt 0.601673 0.558145 0.000000
vt 0.688071 0.805606 0.000000
vt 0.685540 0.805754 0.000000
vt 0.685769 0.803580 0.000000
vt 0.611032 0.803294 0.000000
vt 0.611261 0.805776 0.000000
vt 0.395798 0.787733 0.000000
vt 0.395638 0.859376 0.000000
vt 0.383586 0.871435 0.000000
vt 0.383799 0.775621 0.000000
vt 0.608476 0.805590 0.000000
vt 0.685093 0.880935 0.000000
vt 0.682768 0.882841 0.000000
vt 0.682680 0.880605 0.000000
vt 0.479085 0.775835 0.000000
vt 0.280408 0.858929 0.000000
vt 0.268282 0.870907 0.000000
vt 0.268609 0.775621 0.000000
vt 0.280654 0.787688 0.000000
vt 0.683472 0.879912 0.000000
vt 0.352296 0.787936 0.000000
vt 0.364423 0.775952 0.000000
vt 0.614412 0.882880 0.000000
vt 0.364092 0.871238 0.000000
vt 0.614484 0.885083 0.000000
vt 0.352049 0.859176 0.000000
vt 0.612233 0.883348 0.000000
vt 0.688208 0.856441 0.000000
vt 0.160270 0.481009 0.000000
vt 0.148365 0.492913 0.000000
vt 0.148365 0.397423 0.000000
vt 0.160270 0.409327 0.000000
vt 0.231951 0.409328 0.000000
vt 0.243856 0.397423 0.000000
vt 0.243855 0.492913 0.000000
vt 0.690226 0.856736 0.000000
vt 0.231951 0.481009 0.000000
vt 0.607712 0.830991 0.000000
vt 0.605036 0.830828 0.000000
vt 0.614463 0.831627 0.000000
vt 0.682091 0.829635 0.000000
vt 0.682140 0.832660 0.000000
vt 0.614427 0.834724 0.000000
vt 0.615308 0.855235 0.000000
vt 0.681181 0.852540 0.000000
vt 0.681088 0.855491 0.000000
vt 0.615474 0.858225 0.000000
vt 0.560411 0.554990 0.000000
vt 0.554999 0.415711 0.000000
vt 0.597497 0.399698 0.000000
vt 0.600037 0.411731 0.000000
vt 0.558799 0.421956 0.000000
vt 0.619093 0.877056 0.000000
vt 0.677031 0.874688 0.000000
vt 0.680125 0.809850 0.000000
vt 0.467038 0.787892 0.000000
vt 0.466879 0.859534 0.000000
vt 0.478872 0.871645 0.000000
vt 0.617203 0.810393 0.000000
vt 0.688977 0.829121 0.000000
vt 0.691270 0.828957 0.000000
vt 0.607626 0.834645 0.000000
vt 0.604971 0.834642 0.000000
vt 0.689303 0.832623 0.000000
vt 0.691502 0.832573 0.000000
vt 0.608700 0.855582 0.000000
vt 0.704165 0.554916 0.000000
vt 0.705719 0.562036 0.000000
vt 0.705660 0.421923 0.000000
vt 0.704109 0.429059 0.000000
vt 0.606177 0.855862 0.000000
vt 0.688534 0.852946 0.000000
vt 0.690670 0.853137 0.000000
vt 0.609166 0.859039 0.000000
vt 0.606792 0.859435 0.000000
vt 0.709564 0.415670 0.000000
vt 0.660480 0.572597 0.000000
vt 0.658970 0.558218 0.000000
vt 0.658912 0.425799 0.000000
vt 0.660411 0.411398 0.000000
vt 0.709628 0.568286 0.000000
vt 0.611044 0.573425 0.000000
vt 0.609851 0.586223 0.000000
vt 0.611599 0.425570 0.000000
vt 0.611659 0.558489 0.000000
vt 0.609765 0.397817 0.000000
vt 0.610970 0.410615 0.000000
vt 0.649355 0.573619 0.000000
vt 0.650376 0.586581 0.000000
vt 0.648764 0.425485 0.000000
vt 0.648823 0.558541 0.000000
vt 0.650292 0.397423 0.000000
vt 0.649283 0.410386 0.000000
vt 0.662901 0.584859 0.000000
vt 0.662821 0.399134 0.000000
vt 0.607712 0.830991 0.000000
vt 0.614463 0.831627 0.000000
vt 0.614427 0.834724 0.000000
vt 0.607626 0.834645 0.000000
# 113 texture coords

o ??___???_?001
g ??___???_?001
f 71/138 106/139 108/140 74/141 
f 111/142 114/143 116/144 118/145 
f 105/146 125/147 120/148 73/149 
f 104/150 126/151 121/152 72/199 
f 110/200 123/201 122/202 103/203 
f 83/158 86/159 81/160 79/161 
f 82/166 84/207 83/158 79/161 
f 85/208 84/207 82/166 80/209 
f 85/208 80/209 81/160 86/159 
f 92/167 88/168 89/169 91/170 
f 93/172 91/170 89/169 87/173 
f 90/175 94/177 93/172 87/173 
f 92/167 94/177 90/175 88/168 
f 91/170 93/172 94/177 92/167 
f 100/180 96/181 97/182 99/183 
f 101/184 99/183 97/182 95/185 
f 98/186 102/188 101/184 95/185 
f 100/180 102/188 98/186 96/181 
f 99/183 101/184 102/188 100/180 
f 86/159 83/158 84/207 85/208 
f 71/138 103/203 104/150 
f 72/199 105/146 106/139 
f 73/153 107/154 108/155 
f 74/156 109/157 110/162 
f 75/163 111/164 112/165 113/171 
f 76/218 114/143 115/219 
f 77/220 116/144 117/221 
f 78/174 118/176 119/178 
f 108/155 107/154 109/157 74/156 
f 74/141 110/200 103/203 71/138 
f 116/144 77/220 119/227 118/145 
f 118/176 78/174 112/165 111/164 
f 75/163 113/171 147/179 144/187 
f 73/149 108/140 106/139 105/146 
f 76/218 115/219 148/228 145/229 
f 72/199 106/139 71/138 104/150 
f 77/220 117/221 149/230 146/231 
f 111/142 75/232 115/219 114/143 
f 114/143 76/218 117/221 116/144 
f 110/162 109/157 127/189 123/190 
f 97/191 96/192 90/193 87/194 
f 89/195 88/196 82/197 79/198 
f 112/165 78/174 81/204 80/205 
f 109/157 107/154 98/206 95/210 
f 125/147 132/233 128/234 120/148 
f 126/151 133/235 129/236 121/152 
f 123/201 134/237 130/238 122/202 
f 124/211 107/154 73/153 120/212 
f 125/147 105/146 72/199 121/152 
f 126/151 104/150 103/203 122/202 
f 127/189 135/213 134/214 123/190 
f 131/215 124/211 120/212 128/216 
f 132/233 125/147 121/152 129/236 
f 133/235 126/151 122/202 130/238 
f 132/233 140/239 136/240 128/234 
f 133/235 141/241 137/242 129/236 
f 134/237 142/243 138/244 130/238 
f 135/213 143/217 142/222 134/214 
f 139/223 131/215 128/216 136/224 
f 140/239 132/233 129/236 137/242 
f 141/241 133/235 130/238 138/244 
f 140/239 148/228 144/245 136/240 
f 141/241 149/230 145/229 137/242 
f 142/243 150/246 146/231 138/244 
f 143/217 151/225 150/226 142/222 
f 147/179 139/223 136/224 144/187 
f 148/228 140/239 137/242 145/229 
f 149/230 141/241 138/244 146/231 
f 148/228 115/219 75/232 144/245 
f 149/230 117/221 76/218 145/229 
f 150/246 119/227 77/220 146/231 
f 151/225 78/174 119/178 150/226 
f 151/225 143/217 89/195 79/198 
f 139/223 147/179 82/197 88/196 
f 124/211 131/215 90/193 96/192 
f 135/250 127/247 97/248 87/249 
f 82/197 147/179 113/171 112/165 80/205 
f 81/204 78/174 151/225 79/198 
f 89/195 143/217 135/213 87/194 
f 90/193 131/215 139/223 88/196 
f 97/191 127/189 109/157 95/210 
f 98/206 107/154 124/211 96/192 
# 75 polygons - 7 triangles

#
# object 2?_??___??
#

v  3.579159 13.775404 21.485229
v  3.254439 13.775404 20.701284
v  2.470493 13.775404 20.376564
v  1.686548 13.775404 20.701284
v  1.361827 13.775404 21.485229
v  1.686548 13.775404 22.269175
v  2.470493 13.775404 22.593895
v  3.254438 13.775404 22.269175
v  3.443416 14.055490 21.485229
v  3.158453 14.055490 20.797270
v  2.470493 14.055490 20.512306
v  1.782533 14.055490 20.797270
v  1.497571 14.055490 21.485229
v  1.782533 14.055490 22.173189
v  2.470493 14.055490 22.458153
v  3.158453 14.055490 22.173189
v  3.442317 14.031683 21.485229
v  3.157676 14.031683 20.789213
v  2.470493 14.031683 20.500914
v  1.783310 14.031683 20.789213
v  1.498670 14.031683 21.485229
v  1.783311 14.031683 22.181246
v  2.470493 14.031683 22.469545
v  3.157676 14.031683 22.181246
v  2.604897 14.055490 21.485229
v  2.565531 14.055490 21.390192
v  2.470493 14.055490 21.350826
v  2.375456 14.055490 21.390192
v  2.336090 14.055490 21.485229
v  2.375456 14.055490 21.580267
v  2.470493 14.055490 21.619633
v  2.565531 14.055490 21.580267
v  3.024157 14.055490 21.485229
v  2.861992 14.055490 21.093731
v  2.470493 14.055490 20.931566
v  2.078994 14.055490 21.093731
v  1.916830 14.055490 21.485229
v  2.078994 14.055490 21.876728
v  2.470493 14.055490 22.038893
v  2.861992 14.055490 21.876728
v  2.570898 14.103586 21.485229
v  2.541490 14.103586 21.414232
v  2.470493 14.103586 21.384825
v  2.399497 14.103586 21.414232
v  2.370089 14.103586 21.485229
v  2.399497 14.103586 21.556227
v  2.470493 14.103586 21.585634
v  2.541490 14.103586 21.556227
v  2.570898 14.117746 21.485229
v  2.541490 14.117746 21.414232
v  2.470493 14.117746 21.384825
v  2.399497 14.117746 21.414232
v  2.370089 14.117746 21.485229
v  2.399497 14.117746 21.556227
v  2.470493 14.117746 21.585634
v  2.541490 14.117746 21.556227
v  2.534020 14.139231 21.485229
v  2.515414 14.139231 21.440310
v  2.470493 14.139231 21.421703
v  2.425573 14.139231 21.440310
v  2.406966 14.139231 21.485229
v  2.425573 14.139231 21.530149
v  2.470493 14.139231 21.548756
v  2.515414 14.139231 21.530149
v  2.534020 14.261789 21.485229
v  2.515414 14.261789 21.440310
v  2.470493 14.261789 21.421703
v  2.425573 14.261789 21.440310
v  2.406966 14.261789 21.485229
v  2.425573 14.261789 21.530149
v  2.470493 14.261789 21.548756
v  2.515414 14.261789 21.530149
v  2.555532 14.290842 21.485229
v  2.530625 14.290842 21.425098
v  2.470493 14.290842 21.400190
v  2.410362 14.290842 21.425098
v  2.385455 14.290842 21.485229
v  2.410362 14.290842 21.545361
v  2.470493 14.290842 21.570269
v  2.530625 14.290842 21.545361
v  2.538970 14.306955 21.485229
v  2.518913 14.306955 21.436810
v  2.470493 14.306955 21.416754
v  2.422073 14.306955 21.436810
v  2.402017 14.306955 21.485229
v  2.422073 14.306955 21.533649
v  2.470493 14.306955 21.553705
v  2.518913 14.306955 21.533649
v  2.538970 14.331369 21.485229
v  2.518913 14.331369 21.436810
v  2.470493 14.331369 21.416754
v  2.422073 14.331369 21.436810
v  2.402017 14.331369 21.485229
v  2.422073 14.331369 21.533649
v  2.470493 14.331369 21.553705
v  2.518913 14.331369 21.533649
v  2.524787 14.355051 21.485229
v  2.508884 14.355051 21.446838
v  2.470493 14.355051 21.430937
v  2.432102 14.355051 21.446838
v  2.416200 14.355051 21.485229
v  2.432102 14.355051 21.523621
v  2.470493 14.355051 21.539522
v  2.508884 14.355051 21.523621
v  2.524787 14.412912 21.485229
v  2.508884 14.412912 21.446838
v  2.470493 14.412912 21.430937
v  2.432102 14.412912 21.446838
v  2.416200 14.412912 21.485229
v  2.432102 14.412912 21.523621
v  2.470493 14.412912 21.539522
v  2.508884 14.412912 21.523621
v  2.555779 14.446360 21.485229
v  2.530799 14.446360 21.424923
v  2.470493 14.446360 21.399944
v  2.410187 14.446360 21.424923
v  2.385208 14.446360 21.485229
v  2.410187 14.446360 21.545536
v  2.470493 14.446360 21.570515
v  2.530799 14.446360 21.545536
v  2.555779 14.483225 21.485229
v  2.530799 14.483225 21.424923
v  2.470493 14.483225 21.399944
v  2.410187 14.483225 21.424923
v  2.385208 14.483225 21.485229
v  2.410187 14.483225 21.545536
v  2.470493 14.483225 21.570515
v  2.530799 14.483225 21.545536
v  2.533297 14.523264 21.485229
v  2.514902 14.523264 21.440821
v  2.470493 14.523264 21.422426
v  2.426085 14.523264 21.440821
v  2.407690 14.523264 21.485229
v  2.426085 14.523264 21.529638
v  2.470493 14.523264 21.548033
v  2.514902 14.523264 21.529638
v  2.533297 14.677927 21.485229
v  2.514902 14.677927 21.440821
v  2.470493 14.677927 21.422426
v  2.426085 14.677927 21.440821
v  2.407690 14.677927 21.485229
v  2.426085 14.677927 21.529638
v  2.470493 14.677927 21.548033
v  2.514902 14.677927 21.529638
v  2.538765 14.689402 21.485229
v  2.518769 14.689402 21.436954
v  2.470493 14.689402 21.416958
v  2.422218 14.689402 21.436954
v  2.402221 14.689402 21.485229
v  2.422218 14.689402 21.533504
v  2.470493 14.689402 21.553501
v  2.518769 14.689402 21.533504
v  2.526338 14.698191 21.485229
v  2.509982 14.698191 21.445742
v  2.470493 14.698191 21.429384
v  2.431005 14.698191 21.445742
v  2.414648 14.698191 21.485229
v  2.431005 14.698191 21.524717
v  2.470493 14.698191 21.541075
v  2.509982 14.698191 21.524717
v  2.526338 14.708078 21.485229
v  2.509982 14.708078 21.445742
v  2.470493 14.708078 21.429384
v  2.431005 14.708078 21.445742
v  2.414648 14.708078 21.485229
v  2.431005 14.708078 21.524717
v  2.470493 14.708078 21.541075
v  2.509982 14.708078 21.524717
v  2.538225 14.713816 21.485229
v  2.518387 14.713816 21.437336
v  2.470493 14.713816 21.417498
v  2.422600 14.713816 21.437336
v  2.402762 14.713816 21.485229
v  2.422600 14.713816 21.533123
v  2.470493 14.713816 21.552961
v  2.518387 14.713816 21.533123
v  2.529641 14.723093 21.485229
v  2.512317 14.723093 21.443405
v  2.470493 14.723093 21.426083
v  2.428669 14.723093 21.443405
v  2.411345 14.723093 21.485229
v  2.428669 14.723093 21.527054
v  2.470493 14.723093 21.544376
v  2.512317 14.723093 21.527054
v  2.529641 15.283029 21.485229
v  2.512317 15.283029 21.443405
v  2.470493 15.283029 21.426083
v  2.428669 15.283029 21.443405
v  2.411345 15.283029 21.485229
v  2.428669 15.283029 21.527054
v  2.470493 15.283029 21.544376
v  2.512317 15.283029 21.527054
v  2.470493 15.287424 21.485229
v  2.521188 15.287424 21.485229
v  2.506340 15.287424 21.449383
v  2.470493 15.287424 21.434536
v  2.434647 15.287424 21.449383
v  2.419799 15.287424 21.485229
v  2.434647 15.287424 21.521076
v  2.470493 15.287424 21.535925
v  2.506340 15.287424 21.521076
v  3.218593 14.816421 20.961512
v  2.629199 14.816421 20.586025
v  1.946926 14.816421 20.737282
v  1.571441 14.816421 21.326675
v  1.722697 14.816421 22.008947
v  2.312091 14.816421 22.384434
v  2.994364 14.816421 22.233177
v  3.369849 14.816421 21.643784
v  2.844085 15.935154 21.485229
v  2.734707 15.935154 21.221167
v  2.470645 15.935154 21.111790
v  2.206583 15.935154 21.221167
v  2.097204 15.935154 21.485229
v  2.206583 15.935154 21.749292
v  2.470645 15.935154 21.858669
v  2.734707 15.935154 21.749292
v  3.173442 14.792715 20.993126
v  2.619627 14.792715 20.640306
v  1.978541 14.792715 20.782433
v  1.625722 14.792715 21.336246
v  1.767848 14.792715 21.977333
v  2.321662 14.792715 22.330153
v  2.962749 14.792715 22.188026
v  3.315568 14.792715 21.634212
v  2.796355 15.914627 21.485229
v  2.700957 15.914627 21.254917
v  2.470645 15.914627 21.159519
v  2.240333 15.914627 21.254917
v  2.144935 15.914627 21.485229
v  2.240333 15.914627 21.715542
v  2.470645 15.914627 21.810940
v  2.700957 15.914627 21.715542
v  2.299062 14.816421 20.711269
v  2.594722 15.935154 21.185680
v  1.802045 14.816421 21.059284
v  2.346568 15.935154 21.185680
v  2.642228 14.816421 22.259190
v  2.346568 15.935154 21.784779
v  3.139245 14.816421 21.911175
v  2.594722 15.935154 21.784779
v  2.309420 14.792715 20.757990
v  2.578863 15.914627 21.223967
v  1.842406 14.792715 21.084997
v  2.362427 15.914627 21.223967
v  2.631870 14.792715 22.212469
v  2.362427 15.914627 21.746492
v  3.098884 14.792715 21.885462
v  2.578863 15.914627 21.746492
v  2.044700 14.816421 22.153830
v  2.171097 15.935154 21.609306
v  3.244605 14.816421 21.313646
v  2.770193 15.935154 21.609306
v  2.070413 14.792715 22.113468
v  2.209383 15.914627 21.593449
v  3.197884 14.792715 21.324005
v  2.731908 15.914627 21.593449
v  2.896590 14.816421 20.816629
v  2.770193 15.935154 21.361153
v  1.696685 14.816421 21.656813
v  2.171097 15.935154 21.361153
v  2.870877 14.792715 20.856991
v  2.731908 15.914627 21.377010
v  1.743406 14.792715 21.646454
v  2.209382 15.914627 21.377010
# 265 vertices

vt 0.058890 0.775581 0.000000
vt 0.048813 0.763325 0.000000
vt 0.033021 0.761785 0.000000
vt 0.020765 0.771862 0.000000
vt 0.019224 0.787654 0.000000
vt 0.029301 0.799909 0.000000
vt 0.045093 0.801450 0.000000
vt 0.057349 0.791373 0.000000
vt 0.044270 0.799148 0.000000
vt 0.055091 0.790169 0.000000
vt 0.030395 0.797858 0.000000
vt 0.021595 0.787054 0.000000
vt 0.023023 0.773066 0.000000
vt 0.033844 0.764087 0.000000
vt 0.047719 0.765377 0.000000
vt 0.056520 0.776181 0.000000
vt 0.043886 0.797483 0.000000
vt 0.053690 0.789422 0.000000
vt 0.031253 0.796251 0.000000
vt 0.023191 0.786446 0.000000
vt 0.024424 0.773813 0.000000
vt 0.034228 0.765752 0.000000
vt 0.046862 0.766984 0.000000
vt 0.054923 0.776789 0.000000
vt 0.042071 0.791522 0.000000
vt 0.048192 0.786489 0.000000
vt 0.034185 0.790753 0.000000
vt 0.029152 0.784632 0.000000
vt 0.029922 0.776745 0.000000
vt 0.036043 0.771713 0.000000
vt 0.043929 0.772482 0.000000
vt 0.048962 0.778603 0.000000
vt 0.039789 0.784021 0.000000
vt 0.041275 0.782800 0.000000
vt 0.019929 0.406463 0.000000
vt 0.020480 0.405191 0.000000
vt 0.021764 0.405854 0.000000
vt 0.021319 0.406985 0.000000
vt 0.021163 0.404012 0.000000
vt 0.022320 0.404813 0.000000
vt 0.021997 0.402943 0.000000
vt 0.022987 0.403886 0.000000
vt 0.037874 0.783835 0.000000
vt 0.036653 0.782349 0.000000
vt 0.036840 0.780435 0.000000
vt 0.038325 0.779213 0.000000
vt 0.040240 0.779400 0.000000
vt 0.041461 0.780886 0.000000
vt 0.023008 0.402035 0.000000
vt 0.023763 0.403098 0.000000
vt 0.019224 0.410855 0.000000
vt 0.020833 0.410721 0.000000
vt 0.019257 0.409294 0.000000
vt 0.020822 0.409441 0.000000
vt 0.019512 0.407829 0.000000
vt 0.020998 0.408186 0.000000
vt 0.022152 0.406026 0.000000
vt 0.021736 0.407116 0.000000
vt 0.022671 0.405024 0.000000
vt 0.023298 0.404143 0.000000
vt 0.024053 0.403383 0.000000
vt 0.021269 0.410675 0.000000
vt 0.021270 0.409465 0.000000
vt 0.021434 0.408269 0.000000
vt 0.023080 0.406482 0.000000
vt 0.022735 0.407485 0.000000
vt 0.023494 0.405548 0.000000
vt 0.023957 0.404712 0.000000
vt 0.024462 0.404024 0.000000
vt 0.022307 0.410615 0.000000
vt 0.022329 0.409586 0.000000
vt 0.022479 0.408530 0.000000
vt 0.027667 0.408075 0.000000
vt 0.027415 0.408913 0.000000
vt 0.027937 0.407246 0.000000
vt 0.028214 0.406422 0.000000
vt 0.028495 0.405579 0.000000
vt 0.026802 0.411440 0.000000
vt 0.026985 0.410603 0.000000
vt 0.027187 0.409757 0.000000
vt 0.028567 0.408363 0.000000
vt 0.028320 0.409177 0.000000
vt 0.028838 0.407553 0.000000
vt 0.029145 0.406739 0.000000
vt 0.029544 0.405834 0.000000
vt 0.027676 0.411669 0.000000
vt 0.027883 0.410823 0.000000
vt 0.028093 0.409997 0.000000
vt 0.029056 0.408522 0.000000
vt 0.028813 0.409324 0.000000
vt 0.029321 0.407727 0.000000
vt 0.029613 0.406935 0.000000
vt 0.029980 0.406166 0.000000
vt 0.028213 0.411781 0.000000
vt 0.028389 0.410947 0.000000
vt 0.028591 0.410132 0.000000
vt 0.029760 0.408749 0.000000
vt 0.029526 0.409531 0.000000
vt 0.030017 0.407979 0.000000
vt 0.030308 0.407229 0.000000
vt 0.030661 0.406494 0.000000
vt 0.028948 0.411918 0.000000
vt 0.029115 0.411114 0.000000
vt 0.029310 0.410320 0.000000
vt 0.030552 0.409007 0.000000
vt 0.030330 0.409772 0.000000
vt 0.030784 0.408256 0.000000
vt 0.031025 0.407536 0.000000
vt 0.031285 0.406880 0.000000
vt 0.029764 0.412061 0.000000
vt 0.029928 0.411307 0.000000
vt 0.030120 0.410542 0.000000
vt 0.032645 0.409645 0.000000
vt 0.032430 0.410413 0.000000
vt 0.032847 0.408875 0.000000
vt 0.033019 0.408109 0.000000
vt 0.033137 0.407357 0.000000
vt 0.031739 0.412645 0.000000
vt 0.031981 0.411925 0.000000
vt 0.032209 0.411176 0.000000
vt 0.033778 0.410002 0.000000
vt 0.033544 0.410788 0.000000
vt 0.034007 0.409196 0.000000
vt 0.034228 0.408342 0.000000
vt 0.034432 0.407322 0.000000
vt 0.032722 0.413135 0.000000
vt 0.033032 0.412345 0.000000
vt 0.033298 0.411567 0.000000
vt 0.034646 0.410237 0.000000
vt 0.034400 0.411028 0.000000
vt 0.034899 0.409433 0.000000
vt 0.035180 0.408597 0.000000
vt 0.035535 0.407690 0.000000
vt 0.033634 0.413451 0.000000
vt 0.033901 0.412616 0.000000
vt 0.034154 0.411817 0.000000
vt 0.035793 0.410619 0.000000
vt 0.035555 0.411401 0.000000
vt 0.036039 0.409839 0.000000
vt 0.036301 0.409070 0.000000
vt 0.036601 0.408336 0.000000
vt 0.034883 0.413771 0.000000
vt 0.035094 0.412975 0.000000
vt 0.035321 0.412186 0.000000
vt 0.040669 0.412164 0.000000
vt 0.040437 0.412919 0.000000
vt 0.040907 0.411411 0.000000
vt 0.041151 0.410657 0.000000
vt 0.041409 0.409886 0.000000
vt 0.039779 0.415193 0.000000
vt 0.039990 0.414434 0.000000
vt 0.040210 0.413675 0.000000
vt 0.041019 0.412269 0.000000
vt 0.040788 0.413021 0.000000
vt 0.041257 0.411519 0.000000
vt 0.041509 0.410772 0.000000
vt 0.041804 0.409993 0.000000
vt 0.040122 0.415283 0.000000
vt 0.040342 0.414529 0.000000
vt 0.040562 0.413774 0.000000
vt 0.041352 0.412379 0.000000
vt 0.041121 0.413128 0.000000
vt 0.041588 0.411632 0.000000
vt 0.041823 0.410887 0.000000
vt 0.042077 0.410181 0.000000
vt 0.040469 0.415381 0.000000
vt 0.040677 0.414631 0.000000
vt 0.040896 0.413879 0.000000
vt 0.041667 0.412487 0.000000
vt 0.041437 0.413234 0.000000
vt 0.041904 0.411743 0.000000
vt 0.042144 0.411002 0.000000
vt 0.042364 0.410272 0.000000
vt 0.040795 0.415480 0.000000
vt 0.040995 0.414733 0.000000
vt 0.041213 0.413982 0.000000
vt 0.041924 0.412573 0.000000
vt 0.041695 0.413317 0.000000
vt 0.042160 0.411831 0.000000
vt 0.042411 0.411094 0.000000
vt 0.042677 0.410281 0.000000
vt 0.041033 0.415554 0.000000
vt 0.041254 0.414811 0.000000
vt 0.041472 0.414063 0.000000
vt 0.042237 0.412667 0.000000
vt 0.042008 0.413408 0.000000
vt 0.042471 0.411927 0.000000
vt 0.042707 0.411189 0.000000
vt 0.042965 0.410444 0.000000
vt 0.041353 0.415646 0.000000
vt 0.041568 0.414898 0.000000
vt 0.041786 0.414152 0.000000
vt 0.057597 0.417641 0.000000
vt 0.057379 0.418146 0.000000
vt 0.057954 0.417141 0.000000
vt 0.058543 0.416643 0.000000
vt 0.059613 0.416205 0.000000
vt 0.057462 0.420023 0.000000
vt 0.057271 0.419291 0.000000
vt 0.057267 0.418682 0.000000
vt 0.057524 0.418192 0.000000
vt 0.057735 0.417725 0.000000
vt 0.059015 0.418667 0.000000
vt 0.058089 0.417276 0.000000
vt 0.058661 0.416863 0.000000
vt 0.059658 0.416577 0.000000
vt 0.057676 0.419918 0.000000
vt 0.057454 0.419260 0.000000
vt 0.057426 0.418695 0.000000
vt 0.070764 0.052652 0.000000
vt 0.060675 0.060319 0.000000
vt 0.051858 0.042301 0.000000
vt 0.053439 0.037366 0.000000
vt 0.053189 0.070542 0.000000
vt 0.040634 0.068829 0.000000
vt 0.047140 0.049853 0.000000
vt 0.051748 0.047482 0.000000
vt 0.028112 0.070764 0.000000
vt 0.285396 0.377298 0.000000
vt 0.282964 0.408466 0.000000
vt 0.272843 0.395144 0.000000
vt 0.285149 0.370951 0.000000
vt 0.295756 0.384418 0.000000
vt 0.316075 0.408177 0.000000
vt 0.299498 0.405913 0.000000
vt 0.291093 0.380105 0.000000
vt 0.308116 0.382127 0.000000
vt 0.339283 0.384559 0.000000
vt 0.325962 0.394680 0.000000
vt 0.301769 0.382374 0.000000
vt 0.315236 0.371768 0.000000
vt 0.338994 0.351449 0.000000
vt 0.336731 0.368025 0.000000
vt 0.310922 0.376430 0.000000
vt 0.312945 0.359408 0.000000
vt 0.315377 0.328240 0.000000
vt 0.020445 0.060675 0.000000
vt 0.038463 0.051858 0.000000
vt 0.043398 0.053439 0.000000
vt 0.010222 0.053189 0.000000
vt 0.011935 0.040634 0.000000
vt 0.030910 0.047140 0.000000
vt 0.033282 0.051748 0.000000
vt 0.010000 0.028112 0.000000
vt 0.325498 0.341562 0.000000
vt 0.313191 0.365754 0.000000
vt 0.302585 0.352288 0.000000
vt 0.282266 0.328529 0.000000
vt 0.298842 0.330792 0.000000
vt 0.307247 0.356601 0.000000
vt 0.290225 0.354578 0.000000
vt 0.259057 0.352146 0.000000
vt 0.020088 0.020445 0.000000
vt 0.028906 0.038463 0.000000
vt 0.027325 0.043398 0.000000
vt 0.027575 0.010222 0.000000
vt 0.272379 0.342025 0.000000
vt 0.296572 0.354332 0.000000
vt 0.283105 0.364938 0.000000
vt 0.259346 0.385257 0.000000
vt 0.040130 0.011935 0.000000
vt 0.033624 0.030910 0.000000
vt 0.029016 0.033282 0.000000
vt 0.052652 0.010000 0.000000
vt 0.261610 0.368681 0.000000
vt 0.287418 0.360276 0.000000
vt 0.060319 0.020089 0.000000
vt 0.042300 0.028906 0.000000
vt 0.019527 0.412496 0.000000
vt 0.021047 0.412002 0.000000
vt 0.021479 0.411939 0.000000
vt 0.022398 0.411556 0.000000
vt 0.026600 0.412238 0.000000
vt 0.027464 0.412634 0.000000
vt 0.028079 0.412643 0.000000
vt 0.028824 0.412767 0.000000
vt 0.029640 0.412790 0.000000
vt 0.031459 0.413295 0.000000
vt 0.032309 0.413970 0.000000
vt 0.033344 0.414410 0.000000
vt 0.034700 0.414576 0.000000
vt 0.039561 0.415962 0.000000
vt 0.039907 0.416100 0.000000
vt 0.040287 0.416111 0.000000
vt 0.040577 0.416190 0.000000
vt 0.040784 0.416334 0.000000
vt 0.041151 0.416385 0.000000
vt 0.058086 0.420974 0.000000
vt 0.058308 0.420699 0.000000
vt 0.037365 0.027325 0.000000
vt 0.070541 0.027575 0.000000
vt 0.068829 0.040130 0.000000
vt 0.049853 0.033624 0.000000
vt 0.047482 0.029016 0.000000
vt 0.059450 0.059115 0.000000
vt 0.052416 0.068721 0.000000
vt 0.050391 0.042056 0.000000
vt 0.051770 0.037751 0.000000
vt 0.040619 0.067112 0.000000
vt 0.028852 0.068930 0.000000
vt 0.046276 0.048643 0.000000
vt 0.050295 0.046574 0.000000
vt 0.021648 0.059450 0.000000
vt 0.012043 0.052416 0.000000
vt 0.038708 0.050391 0.000000
vt 0.043013 0.051770 0.000000
vt 0.013652 0.040619 0.000000
vt 0.011834 0.028852 0.000000
vt 0.032121 0.046276 0.000000
vt 0.034189 0.050295 0.000000
vt 0.021313 0.021649 0.000000
vt 0.028348 0.012043 0.000000
vt 0.030373 0.038708 0.000000
vt 0.028993 0.043013 0.000000
vt 0.040145 0.013652 0.000000
vt 0.051911 0.011834 0.000000
vt 0.034488 0.032121 0.000000
vt 0.030469 0.034189 0.000000
vt 0.059115 0.021314 0.000000
vt 0.068721 0.028348 0.000000
vt 0.042055 0.030373 0.000000
vt 0.037751 0.028994 0.000000
vt 0.067112 0.040145 0.000000
vt 0.068930 0.051912 0.000000
vt 0.048643 0.034488 0.000000
vt 0.046574 0.030469 0.000000
vt 0.057524 0.418192 0.000000
vt 0.057735 0.417725 0.000000
vt 0.058089 0.417276 0.000000
vt 0.058661 0.416863 0.000000
vt 0.059658 0.416577 0.000000
vt 0.057676 0.419918 0.000000
vt 0.057454 0.419260 0.000000
vt 0.057426 0.418695 0.000000
vt 0.058308 0.420699 0.000000
# 335 texture coords

o 2?_??___??
g 2?_??___??
f 159/251 158/252 157/253 156/254 155/255 154/256 153/257 152/258 
f 152/258 153/257 169/259 168/260 
f 153/257 154/256 170/261 169/259 
f 154/256 155/255 171/262 170/261 
f 155/255 156/254 172/263 171/262 
f 156/254 157/253 173/264 172/263 
f 157/253 158/252 174/265 173/264 
f 158/252 159/251 175/266 174/265 
f 159/251 152/258 168/260 175/266 
f 169/259 161/267 160/268 168/260 
f 170/261 162/269 161/267 169/259 
f 171/262 163/270 162/269 170/261 
f 172/263 164/271 163/270 171/262 
f 173/264 165/272 164/271 172/263 
f 174/265 166/273 165/272 173/264 
f 175/266 167/274 166/273 174/265 
f 168/260 160/268 167/274 175/266 
f 160/268 161/267 185/275 184/276 
f 161/267 162/269 186/277 185/275 
f 162/269 163/270 187/278 186/277 
f 163/270 164/271 188/279 187/278 
f 164/271 165/272 189/280 188/279 
f 165/272 166/273 190/281 189/280 
f 166/273 167/274 191/282 190/281 
f 167/274 160/268 184/276 191/282 
f 185/275 177/283 176/284 184/276 
f 186/277 178/293 177/283 185/275 
f 187/278 179/294 178/293 186/277 
f 188/279 180/295 179/294 187/278 
f 189/280 181/296 180/295 188/279 
f 190/281 182/297 181/296 189/280 
f 191/282 183/298 182/297 190/281 
f 184/276 176/284 183/298 191/282 
f 176/285 177/286 193/287 192/288 
f 177/286 178/289 194/290 193/287 
f 178/289 179/291 195/292 194/290 
f 179/291 180/299 196/300 195/292 
f 180/519 181/301 197/302 196/520 
f 181/301 182/303 198/304 197/302 
f 182/303 183/305 199/306 198/304 
f 183/305 176/285 192/288 199/306 
f 192/288 193/287 201/307 200/308 
f 193/287 194/290 202/309 201/307 
f 194/290 195/292 203/310 202/309 
f 195/292 196/300 204/311 203/310 
f 196/520 197/302 205/312 204/521 
f 197/302 198/304 206/313 205/312 
f 198/304 199/306 207/314 206/313 
f 199/306 192/288 200/308 207/314 
f 200/308 201/307 209/315 208/316 
f 201/307 202/309 210/317 209/315 
f 202/309 203/310 211/318 210/317 
f 203/310 204/311 212/319 211/318 
f 204/521 205/312 213/320 212/522 
f 205/312 206/313 214/321 213/320 
f 206/313 207/314 215/322 214/321 
f 207/314 200/308 208/316 215/322 
f 208/316 209/315 217/323 216/324 
f 209/315 210/317 218/325 217/323 
f 210/317 211/318 219/326 218/325 
f 211/318 212/319 220/327 219/326 
f 212/522 213/320 221/328 220/523 
f 213/320 214/321 222/329 221/328 
f 214/321 215/322 223/330 222/329 
f 215/322 208/316 216/324 223/330 
f 216/324 217/323 225/331 224/332 
f 217/323 218/325 226/333 225/331 
f 218/325 219/326 227/334 226/333 
f 219/326 220/327 228/335 227/334 
f 220/523 221/328 229/336 228/524 
f 221/328 222/329 230/337 229/336 
f 222/329 223/330 231/338 230/337 
f 223/330 216/324 224/332 231/338 
f 224/332 225/331 233/339 232/340 
f 225/331 226/333 234/341 233/339 
f 226/333 227/334 235/342 234/341 
f 227/334 228/335 236/343 235/342 
f 228/524 229/336 237/344 236/525 
f 229/336 230/337 238/345 237/344 
f 230/337 231/338 239/346 238/345 
f 231/338 224/332 232/340 239/346 
f 232/340 233/339 241/347 240/348 
f 233/339 234/341 242/349 241/347 
f 234/341 235/342 243/350 242/349 
f 235/342 236/343 244/351 243/350 
f 236/525 237/344 245/352 244/526 
f 237/344 238/345 246/353 245/352 
f 238/345 239/346 247/354 246/353 
f 239/346 232/340 240/348 247/354 
f 240/348 241/347 249/355 248/356 
f 241/347 242/349 250/357 249/355 
f 242/349 243/350 251/358 250/357 
f 243/350 244/351 252/359 251/358 
f 244/526 245/352 253/360 252/527 
f 245/352 246/353 254/361 253/360 
f 246/353 247/354 255/362 254/361 
f 247/354 240/348 248/356 255/362 
f 248/356 249/355 257/363 256/364 
f 249/355 250/357 258/365 257/363 
f 250/357 251/358 259/366 258/365 
f 251/358 252/359 260/367 259/366 
f 252/527 253/360 261/368 260/528 
f 253/360 254/361 262/369 261/368 
f 254/361 255/362 263/370 262/369 
f 255/362 248/356 256/364 263/370 
f 256/364 257/363 265/371 264/372 
f 257/363 258/365 266/373 265/371 
f 258/365 259/366 267/374 266/373 
f 259/366 260/367 268/375 267/374 
f 260/528 261/368 269/376 268/529 
f 261/368 262/369 270/377 269/376 
f 262/369 263/370 271/378 270/377 
f 263/370 256/364 264/372 271/378 
f 264/372 265/371 273/379 272/380 
f 265/371 266/373 274/381 273/379 
f 266/373 267/374 275/382 274/381 
f 267/374 268/375 276/383 275/382 
f 268/529 269/376 277/384 276/530 
f 269/376 270/377 278/385 277/384 
f 270/377 271/378 279/386 278/385 
f 271/378 264/372 272/380 279/386 
f 272/380 273/379 281/387 280/388 
f 273/379 274/381 282/389 281/387 
f 274/381 275/382 283/390 282/389 
f 275/382 276/383 284/391 283/390 
f 276/530 277/384 285/392 284/531 
f 277/384 278/385 286/393 285/392 
f 278/385 279/386 287/394 286/393 
f 279/386 272/380 280/388 287/394 
f 280/388 281/387 289/395 288/396 
f 281/387 282/389 290/397 289/395 
f 282/389 283/390 291/398 290/397 
f 283/390 284/391 292/399 291/398 
f 284/531 285/392 293/400 292/532 
f 285/392 286/393 294/401 293/400 
f 286/393 287/394 295/402 294/401 
f 287/394 280/388 288/396 295/402 
f 288/396 289/395 297/403 296/404 
f 289/395 290/397 298/405 297/403 
f 290/397 291/398 299/406 298/405 
f 291/398 292/399 300/407 299/406 
f 292/532 293/400 301/408 300/533 
f 293/400 294/401 302/409 301/408 
f 294/401 295/402 303/410 302/409 
f 295/402 288/396 296/404 303/410 
f 296/404 297/403 305/411 304/412 
f 297/403 298/405 306/413 305/411 
f 298/405 299/406 307/414 306/413 
f 299/406 300/407 308/415 307/414 
f 300/533 301/408 309/416 308/534 
f 301/408 302/409 310/417 309/416 
f 302/409 303/410 311/418 310/417 
f 303/410 296/404 304/412 311/418 
f 304/412 305/411 313/419 312/420 
f 305/411 306/413 314/421 313/419 
f 306/413 307/414 315/422 314/421 
f 307/414 308/415 316/423 315/422 
f 308/534 309/416 317/424 316/535 
f 309/416 310/417 318/425 317/424 
f 310/417 311/418 319/426 318/425 
f 311/418 304/412 312/420 319/426 
f 312/420 313/419 321/427 320/428 
f 313/419 314/421 322/429 321/427 
f 314/421 315/422 323/430 322/429 
f 315/422 316/423 324/431 323/430 
f 316/535 317/424 325/432 324/536 
f 317/424 318/425 326/433 325/432 
f 318/425 319/426 327/434 326/433 
f 319/426 312/420 320/428 327/434 
f 320/428 321/427 329/435 328/436 
f 321/427 322/429 330/437 329/435 
f 322/429 323/430 331/438 330/437 
f 323/430 324/431 332/439 331/438 
f 324/536 325/432 333/440 332/537 
f 325/432 326/433 334/441 333/440 
f 326/433 327/434 335/442 334/441 
f 327/434 320/428 328/436 335/442 
f 328/436 329/435 337/443 336/444 
f 329/435 330/437 338/445 337/443 
f 330/437 331/438 339/446 338/445 
f 331/438 332/439 340/447 339/446 
f 332/537 333/440 341/448 340/538 
f 333/440 334/441 342/449 341/448 
f 334/441 335/442 343/450 342/449 
f 335/442 328/436 336/444 343/450 
f 345/451 346/452 344/453 
f 346/452 347/454 344/453 
f 347/454 348/455 344/453 
f 348/455 349/456 344/453 
f 349/539 350/457 344/453 
f 350/457 351/458 344/453 
f 351/458 352/459 344/453 
f 352/459 345/451 344/453 
f 337/443 346/578 345/577 336/444 
f 338/445 347/579 346/578 337/443 
f 339/446 348/580 347/579 338/445 
f 340/447 349/581 348/580 339/446 
f 341/448 350/582 349/585 340/538 
f 342/449 351/583 350/582 341/448 
f 343/450 352/584 351/583 342/449 
f 336/444 345/577 352/584 343/450 
f 353/460 409/461 410/462 361/463 
f 354/464 385/465 386/466 362/467 
f 355/468 387/487 388/488 363/489 
f 356/490 411/491 412/492 364/493 
f 357/494 401/503 402/504 365/505 
f 358/506 389/511 390/512 366/513 
f 359/514 391/517 392/518 367/540 
f 360/541 403/542 404/543 368/544 
f 378/469 370/470 413/471 414/472 
f 379/473 371/474 393/475 394/476 
f 380/477 372/478 395/479 396/480 
f 381/481 373/482 415/483 416/484 
f 382/485 374/486 405/495 406/496 
f 383/497 375/498 397/499 398/500 
f 384/501 376/502 399/507 400/508 
f 377/509 369/510 407/515 408/516 
f 354/464 409/461 413/545 370/546 
f 361/463 410/462 414/547 377/548 
f 355/468 385/465 393/549 371/550 
f 362/467 386/466 394/551 378/552 
f 356/490 387/487 395/553 372/554 
f 363/489 388/488 396/555 379/556 
f 357/494 411/491 415/557 373/558 
f 364/493 412/492 416/559 380/560 
f 358/506 401/503 405/561 374/562 
f 365/505 402/504 406/563 381/564 
f 359/514 389/511 397/565 375/566 
f 366/513 390/512 398/567 382/568 
f 360/541 391/517 399/569 376/570 
f 367/540 392/518 400/571 383/572 
f 353/460 403/542 407/573 369/574 
f 368/544 404/543 408/575 384/576 
f 385/465 355/468 363/489 386/466 
f 387/487 356/490 364/493 388/488 
f 389/511 359/514 367/540 390/512 
f 391/517 360/541 368/544 392/518 
f 393/475 370/470 378/469 394/476 
f 395/479 371/474 379/473 396/480 
f 397/499 374/486 382/485 398/500 
f 399/507 375/498 383/497 400/508 
f 385/465 354/464 370/546 393/549 
f 386/466 363/489 379/556 394/551 
f 387/487 355/468 371/550 395/553 
f 388/488 364/493 380/560 396/555 
f 389/511 358/506 374/562 397/565 
f 390/512 367/540 383/572 398/567 
f 391/517 359/514 375/566 399/569 
f 392/518 368/544 384/576 400/571 
f 401/503 358/506 366/513 402/504 
f 403/542 353/460 361/463 404/543 
f 405/495 373/482 381/481 406/496 
f 407/515 376/502 384/501 408/516 
f 401/503 357/494 373/558 405/561 
f 402/504 366/513 382/568 406/563 
f 403/542 360/541 376/570 407/573 
f 404/543 361/463 377/548 408/575 
f 409/461 354/464 362/467 410/462 
f 411/491 357/494 365/505 412/492 
f 413/471 369/510 377/509 414/472 
f 415/483 372/478 380/477 416/484 
f 409/461 353/460 369/574 413/545 
f 410/462 362/467 378/552 414/547 
f 411/491 356/490 372/554 415/557 
f 412/492 365/505 381/564 416/559 
# 257 polygons - 8 triangles

#
# object 2?_??___??
#

v  0.994123 20.943422 23.503321
v  3.954892 20.943422 23.503321
v  0.994123 13.306984 23.503321
v  3.954892 13.306984 23.503321
v  3.954892 11.478041 24.116407
v  3.954892 13.306984 24.116407
v  3.954892 20.351353 24.116407
v  3.954892 13.724968 23.503321
v  0.994123 13.724968 23.503321
v  3.954892 13.724968 24.116407
v  3.653866 11.478041 24.116407
v  3.653866 13.306984 24.116407
v  3.653866 20.351353 24.116407
v  3.653866 13.724968 24.116407
v  3.653866 11.528214 24.307018
v  3.653866 13.256811 24.307018
v  3.653866 20.169575 24.307018
v  3.653866 13.906747 24.307018
v  1.078338 11.528214 24.307018
v  1.078338 13.256811 24.307018
v  1.267821 20.169575 24.307018
v  1.267821 13.906747 24.307018
v  0.994123 10.676524 23.503321
v  3.954892 10.676524 23.503321
v  3.954892 10.676524 24.116407
v  0.994123 10.676524 24.116407
v  3.954892 10.991386 23.503321
v  0.994123 10.991386 23.503321
v  0.994123 10.991637 24.116407
v  3.954891 10.991637 24.116407
v  0.994123 11.478396 23.503321
v  3.954892 11.478396 23.503321
v  0.994123 20.943422 31.677822
v  3.954891 20.943422 31.677822
v  3.954891 10.676524 31.677822
v  0.994123 10.676524 31.677822
v  0.994122 10.991386 31.677822
v  3.954891 10.991386 31.677822
v  0.994123 13.306984 31.677822
v  0.994123 13.724968 31.677822
v  3.954891 13.724968 31.677822
v  3.954891 13.306984 31.677822
v  3.954891 13.724968 31.064734
v  3.954891 13.306984 31.064734
v  3.954891 11.478041 31.064734
v  3.954891 11.478396 31.677822
v  3.954891 20.351353 31.064734
v  3.653866 11.478041 31.064734
v  3.653866 13.306984 31.064734
v  3.653866 20.351353 31.064734
v  3.653866 13.724968 31.064734
v  3.653866 11.528214 30.874123
v  3.653866 13.256811 30.874123
v  3.653866 20.169575 30.874123
v  3.653866 13.906747 30.874123
v  1.078338 11.528214 30.874123
v  1.078338 13.256811 30.874123
v  1.267820 20.169575 30.874123
v  1.267820 13.906747 30.874123
v  0.994123 11.478396 31.677822
v  3.954891 10.676524 31.064734
v  0.994123 10.676524 31.064734
v  3.954891 10.991637 31.064734
v  0.994122 10.991637 31.064734
# 64 vertices

vt 0.955337 0.381040 0.000000
vt 0.967548 0.407935 0.000000
vt 0.949360 0.413235 0.000000
vt 0.943770 0.376498 0.000000
vt 0.849655 0.421482 0.000000
vt 0.757173 0.711051 0.000000
vt 0.976371 0.711051 0.000000
vt 0.964844 0.722578 0.000000
vt 0.768700 0.722578 0.000000
vt 0.816233 0.418289 0.000000
vt 0.833701 0.376696 0.000000
vt 0.856145 0.377885 0.000000
vt 0.950885 0.736536 0.000000
vt 0.355913 0.342077 0.000000
vt 0.841769 0.337334 0.000000
vt 0.782658 0.736536 0.000000
vt 0.964843 0.918721 0.000000
vt 0.950885 0.904763 0.000000
vt 0.861216 0.337884 0.000000
vt 0.934587 0.752834 0.000000
vt 0.798956 0.752834 0.000000
vt 0.757172 0.930248 0.000000
vt 0.768699 0.918721 0.000000
vt 0.925000 0.338551 0.000000
vt 0.921039 0.376169 0.000000
vt 0.581910 0.355478 0.000000
vt 0.616811 0.343530 0.000000
vt 0.976371 0.930249 0.000000
vt 0.782658 0.904763 0.000000
vt 0.642057 0.324790 0.000000
vt 0.958836 0.357189 0.000000
vt 0.984075 0.378106 0.000000
vt 0.798956 0.888465 0.000000
vt 0.531688 0.342077 0.000000
vt 0.523779 0.349986 0.000000
vt 0.363823 0.349986 0.000000
vt 0.934587 0.888465 0.000000
vt 0.363823 0.509942 0.000000
vt 0.355913 0.517851 0.000000
vt 0.511410 0.362354 0.000000
vt 0.376191 0.362354 0.000000
vt 0.511410 0.497574 0.000000
vt 0.496315 0.482478 0.000000
vt 0.496315 0.377450 0.000000
vt 0.391287 0.377450 0.000000
vt 0.531688 0.517852 0.000000
vt 0.523779 0.509942 0.000000
vt 0.376191 0.497574 0.000000
vt 0.391287 0.482478 0.000000
vt 0.952816 0.093548 0.000000
vt 0.990000 0.087621 0.000000
vt 0.987517 0.348906 0.000000
vt 0.950451 0.341655 0.000000
vt 0.922088 0.416336 0.000000
vt 0.927313 0.095718 0.000000
vt 0.584697 0.065656 0.000000
vt 0.619338 0.078955 0.000000
vt 0.958418 0.054360 0.000000
vt 0.946779 0.058482 0.000000
vt 0.953036 0.021983 0.000000
vt 0.971115 0.027937 0.000000
vt 0.853560 0.010000 0.000000
vt 0.859226 0.053818 0.000000
vt 0.836779 0.054151 0.000000
vt 0.820114 0.011910 0.000000
vt 0.863539 0.093993 0.000000
vt 0.844091 0.093805 0.000000
vt 0.924056 0.057974 0.000000
vt 0.644211 0.098660 0.000000
vt 0.987095 0.058339 0.000000
vt 0.961493 0.078327 0.000000
vt 0.925844 0.017877 0.000000
# 72 texture coords

o 2?_??___??
g 2?_??___??
f 440/586 439/587 444/588 443/589 
f 419/590 425/595 424/596 420/597 
f 420/597 424/596 426/600 422/604 
f 421/609 448/610 420/597 422/604 
f 425/595 417/611 418/612 424/596 
f 424/596 418/612 423/615 426/600 
f 421/599 422/619 428/620 427/621 
f 421/599 427/621 464/623 461/624 
f 426/591 423/592 429/593 430/594 
f 427/621 428/620 432/625 431/626 
f 430/594 429/593 433/598 434/601 
f 429/593 466/602 470/603 433/598 
f 432/625 469/627 473/628 436/629 
f 431/626 432/625 436/629 435/630 
f 434/601 433/598 437/605 438/606 
f 440/586 441/616 442/617 439/587 
f 479/635 480/636 445/637 446/638 
f 444/588 447/639 448/610 443/589 
f 441/616 440/586 443/589 446/638 
f 421/609 461/640 479/635 446/638 
f 447/639 419/590 420/597 448/610 
f 421/609 446/638 443/589 448/610 
f 449/641 450/642 418/612 417/611 
f 451/643 454/644 453/645 452/646 
f 455/647 458/648 457/649 456/650 
f 458/648 460/651 459/652 457/649 
f 461/640 460/651 458/648 462/653 
f 450/642 463/654 423/615 418/612 
f 456/650 457/649 450/642 449/641 
f 457/649 459/652 463/654 450/642 
f 459/652 460/651 422/604 426/600 
f 460/631 465/632 428/620 422/619 
f 461/624 464/623 465/632 460/631 
f 459/607 467/608 466/602 463/613 
f 463/613 466/602 429/593 423/592 
f 426/591 430/594 467/608 459/607 
f 465/632 469/627 432/625 428/620 
f 464/623 468/633 469/627 465/632 
f 427/621 431/626 468/633 464/623 
f 467/608 471/614 470/603 466/602 
f 430/594 434/601 471/614 467/608 
f 468/633 472/634 473/628 469/627 
f 431/626 435/630 472/634 468/633 
f 471/614 475/618 474/622 470/603 
f 470/603 474/622 437/605 433/598 
f 434/601 438/606 475/618 471/614 
f 438/606 437/605 474/622 475/618 
f 435/630 436/629 473/628 472/634 
f 451/643 452/646 478/655 477/656 
f 453/645 454/644 462/653 476/657 
f 477/656 479/635 454/644 451/643 
f 476/657 462/653 458/648 455/647 
f 461/640 462/653 454/644 479/635 
f 446/638 445/637 442/617 441/616 
f 478/655 480/636 479/635 477/656 
# 55 polygons

#
# object 2?_??___??_?1
#

v  3.954890 11.478041 31.064734
v  3.954890 13.306984 31.064734
v  3.954892 11.478041 24.116409
v  3.954892 13.306984 24.116409
v  3.685503 11.478041 31.064734
v  3.685503 13.306984 31.064734
v  3.685505 11.478041 24.116407
v  3.685505 13.306984 24.116409
v  3.685503 11.558711 30.758261
v  3.685503 13.226314 30.758259
v  3.685505 11.558711 24.422882
v  3.685505 13.226314 24.422882
v  1.132365 11.558711 30.758261
v  1.132365 13.226314 30.758261
v  1.132367 11.558711 24.422882
v  1.132367 13.226314 24.422882
v  3.570347 13.226314 30.630491
v  3.570348 13.226314 24.550652
v  1.247524 13.226314 24.550652
v  1.247522 13.226314 30.630491
v  3.570347 11.680424 30.630491
v  3.570348 11.680424 24.550652
v  1.247524 11.680424 24.550652
v  1.247522 11.680424 30.630491
v  3.954890 12.765688 28.248861
v  3.954890 12.565069 28.248861
v  3.954892 12.565069 26.932281
v  3.954892 12.765688 26.932281
v  3.815833 12.765688 28.248859
v  3.815832 12.565069 28.248859
v  3.815835 12.565069 26.932281
v  3.815834 12.765688 26.932281
# 32 vertices

vt 0.236552 0.013329 0.000000
vt 0.258512 0.014333 0.000000
vt 0.258285 0.016684 0.000000
vt 0.236324 0.015679 0.000000
vt 0.354812 0.279598 0.000000
vt 0.354473 0.306560 0.000000
vt 0.346068 0.306455 0.000000
vt 0.346406 0.279493 0.000000
vt 0.688230 0.632160 0.000000
vt 0.549870 0.309016 0.000000
vt 0.687566 0.756179 0.000000
vt 0.549765 0.317421 0.000000
vt 0.550209 0.282053 0.000000
vt 0.558614 0.282159 0.000000
vt 0.337464 0.305157 0.000000
vt 0.337773 0.280574 0.000000
vt 0.621388 0.758156 0.000000
vt 0.621576 0.633184 0.000000
vt 0.713110 0.600358 0.000000
vt 0.712856 0.786687 0.000000
vt 0.709054 0.785256 0.000000
vt 0.709259 0.604160 0.000000
vt 0.600358 0.788060 0.000000
vt 0.601516 0.606012 0.000000
vt 0.541827 0.320332 0.000000
vt 0.567218 0.283456 0.000000
vt 0.011792 0.458029 0.000000
vt 0.069496 0.438932 0.000000
vt 0.093777 0.552082 0.000000
vt 0.075464 0.554391 0.000000
vt 0.055124 0.744081 0.000000
vt 0.010000 0.731463 0.000000
vt 0.057601 0.650420 0.000000
vt 0.075361 0.657449 0.000000
vt 0.228344 0.020012 0.000000
vt 0.226772 0.010000 0.000000
vt 0.266492 0.010000 0.000000
vt 0.268064 0.020012 0.000000
vt 0.078497 0.658192 0.000000
vt 0.061734 0.739864 0.000000
vt 0.096478 0.551998 0.000000
vt 0.075905 0.443301 0.000000
vt 0.433797 0.296618 0.000000
vt 0.433759 0.299575 0.000000
vt 0.470821 0.297083 0.000000
vt 0.470784 0.300041 0.000000
vt 0.354368 0.314965 0.000000
vt 0.354917 0.271193 0.000000
vt 0.558275 0.309121 0.000000
vt 0.550314 0.273648 0.000000
vt 0.377951 0.318522 0.000000
vt 0.362855 0.268282 0.000000
vt 0.566909 0.308040 0.000000
vt 0.526731 0.270092 0.000000
# 54 texture coords

o 2?_??___??_?1
g 2?_??___??_?1
f 510/658 511/659 512/660 509/661 
f 481/662 482/663 486/664 485/665 
f 482/663 484/667 488/669 486/704 
f 484/667 483/670 487/671 488/706 
f 483/670 481/662 485/705 487/707 
f 485/665 486/664 490/672 489/673 
f 486/704 488/669 492/682 490/708 
f 488/706 487/671 491/683 492/710 
f 487/707 485/705 489/709 491/711 
f 489/684 490/685 494/686 493/687 
f 501/666 502/668 503/674 504/675 
f 492/688 491/689 495/690 496/691 
f 491/689 489/684 493/687 495/690 
f 494/686 496/691 495/690 493/687 
f 490/676 492/677 498/678 497/679 
f 492/688 496/691 499/696 498/697 
f 496/691 494/686 500/698 499/696 
f 494/686 490/685 497/699 500/698 
f 497/679 498/678 502/668 501/666 
f 498/678 499/680 503/674 502/668 
f 499/680 500/681 504/675 503/674 
f 500/681 497/679 501/666 504/675 
f 482/663 481/662 506/700 505/701 
f 481/662 483/670 507/702 506/700 
f 483/670 484/667 508/703 507/702 
f 484/667 482/663 505/701 508/703 
f 505/692 506/693 510/658 509/661 
f 506/693 507/694 511/659 510/658 
f 507/694 508/695 512/660 511/659 
f 508/695 505/692 509/661 512/660 
# 30 polygons

#
# object 2?_??___??_?2
#

v  3.954891 20.351353 31.064734
v  3.954891 13.724968 31.064734
v  3.954892 20.351353 27.590570
v  3.954892 13.724968 27.590570
v  3.714891 20.351353 31.064734
v  3.714891 13.724968 31.064734
v  3.714892 20.351353 27.590570
v  3.714892 13.724968 27.590570
v  4.167933 16.875807 28.134514
v  4.176602 16.868021 28.114079
v  4.192338 16.894550 28.115770
v  4.176602 16.896240 28.142298
v  4.180699 16.863831 28.085562
v  4.197480 16.892300 28.085562
v  4.202943 16.924757 28.085562
v  4.197480 16.924757 28.118019
v  4.180699 16.924757 28.146488
v  4.176602 16.868021 28.057047
v  4.192338 16.894550 28.055355
v  4.167933 16.875807 28.036612
v  4.176602 16.896240 28.028826
v  4.180699 16.924757 28.024635
v  4.197480 16.924757 28.053104
v  4.192338 16.954964 28.055355
v  4.197480 16.957214 28.085562
v  4.176602 16.953274 28.028826
v  4.167933 16.973709 28.036612
v  4.176602 16.981493 28.057047
v  4.180699 16.985683 28.085562
v  4.192338 16.954964 28.115770
v  4.176602 16.953274 28.142298
v  4.176602 16.981493 28.114079
v  4.167933 16.973709 28.134514
v  4.058977 16.872416 28.137903
v  4.058979 16.857876 28.114059
v  4.084358 16.847370 28.118633
v  4.084356 16.864071 28.146248
v  4.058981 16.852932 28.085562
v  4.084360 16.841747 28.085562
v  4.118074 16.834684 28.085562
v  4.117512 16.840733 28.121525
v  4.116949 16.858797 28.151522
v  4.058979 16.857876 28.057066
v  4.084358 16.847370 28.052492
v  4.058976 16.872416 28.033220
v  4.084356 16.864071 28.024878
v  4.116949 16.858797 28.019602
v  4.117512 16.840733 28.049599
v  4.149960 16.848850 28.053122
v  4.152209 16.843336 28.085562
v  4.147710 16.865231 28.026035
v  4.149960 16.848850 28.118002
v  4.147710 16.865231 28.145088
v  4.058979 16.896259 28.018681
v  4.084358 16.891685 28.008175
v  4.058981 16.924757 28.013737
v  4.084360 16.924757 28.002552
v  4.118074 16.924757 27.995489
v  4.117512 16.888794 28.001539
v  4.058979 16.953255 28.018681
v  4.084358 16.957829 28.008175
v  4.058976 16.977098 28.033220
v  4.084356 16.985443 28.024878
v  4.116949 16.990717 28.019602
v  4.117512 16.960720 28.001539
v  4.149960 16.957197 28.009655
v  4.152209 16.924757 28.004141
v  4.147710 16.984283 28.026035
v  4.149960 16.892317 28.009655
v  4.058979 16.991638 28.057066
v  4.084358 17.002144 28.052492
v  4.058981 16.996582 28.085562
v  4.084360 17.007767 28.085562
v  4.118074 17.014830 28.085562
v  4.117512 17.008781 28.049599
v  4.058979 16.991638 28.114059
v  4.084358 17.002144 28.118633
v  4.058977 16.977098 28.137903
v  4.084356 16.985443 28.146248
v  4.116949 16.990717 28.151522
v  4.117512 17.008781 28.121525
v  4.149960 17.000664 28.118002
v  4.152209 17.006178 28.085562
v  4.147710 16.984283 28.145088
v  4.149960 17.000664 28.053122
v  4.058979 16.953255 28.152443
v  4.084358 16.957829 28.162949
v  4.058981 16.924757 28.157387
v  4.084360 16.924757 28.168571
v  4.118074 16.924757 28.175634
v  4.117512 16.960720 28.169586
v  4.058979 16.896259 28.152443
v  4.084358 16.891685 28.162949
v  4.117512 16.888794 28.169586
v  4.149960 16.892317 28.161470
v  4.152209 16.924757 28.166983
v  4.149960 16.957197 28.161470
v  4.045635 16.873468 28.136850
v  4.045634 16.896845 28.151155
v  4.034976 16.894051 28.157722
v  4.034974 16.868332 28.141987
v  4.045634 16.924757 28.156040
v  4.034978 16.924757 28.163095
v  4.023957 16.924757 28.170065
v  4.023952 16.891285 28.164213
v  4.023948 16.863255 28.147066
v  4.045634 16.952669 28.151155
v  4.034976 16.955463 28.157722
v  4.045635 16.976046 28.136850
v  4.034974 16.981182 28.141987
v  4.023948 16.986259 28.147066
v  4.023952 16.958229 28.164213
v  4.045634 16.990351 28.113474
v  4.034976 16.996918 28.116270
v  4.045634 16.995235 28.085562
v  4.034978 17.002291 28.085562
v  4.023957 17.009260 28.085562
v  4.023952 17.003407 28.119034
v  4.045634 16.990351 28.057650
v  4.034976 16.996918 28.054855
v  4.045634 16.976046 28.034273
v  4.034974 16.981182 28.029139
v  4.023948 16.986259 28.024059
v  4.023952 17.003407 28.052090
v  4.045634 16.952669 28.019968
v  4.034976 16.955463 28.013401
v  4.045634 16.924757 28.015083
v  4.034978 16.924757 28.008028
v  4.023957 16.924757 28.001059
v  4.023952 16.958229 28.006912
v  4.045634 16.896845 28.019968
v  4.034976 16.894051 28.013401
v  4.045634 16.873468 28.034273
v  4.034974 16.868332 28.029139
v  4.023948 16.863255 28.024059
v  4.023952 16.891285 28.006912
v  4.045634 16.859163 28.057650
v  4.034976 16.852596 28.054855
v  4.045634 16.854279 28.085562
v  4.034978 16.847223 28.085562
v  4.023957 16.840254 28.085562
v  4.023952 16.846107 28.052090
v  4.045634 16.859163 28.113474
v  4.034976 16.852596 28.116270
v  4.023952 16.846107 28.119034
v  3.960956 16.924757 28.173481
v  3.947178 16.924757 28.173714
v  3.947178 16.889845 28.167604
v  3.960956 16.889935 28.167391
v  3.933535 16.924757 28.173714
v  3.933535 16.889845 28.167604
v  3.933535 16.860607 28.149712
v  3.947178 16.860607 28.149712
v  3.960956 16.860771 28.149548
v  3.960956 16.988743 28.149548
v  3.947178 16.988907 28.149712
v  3.947178 16.959669 28.167604
v  3.960956 16.959579 28.167391
v  3.933535 16.988907 28.149712
v  3.933535 16.959669 28.167604
v  3.960956 17.012676 28.085562
v  3.947178 17.012909 28.085562
v  3.947178 17.006798 28.120474
v  3.960956 17.006584 28.120384
v  3.933535 17.012909 28.085562
v  3.933535 17.006798 28.120474
v  3.960956 16.988743 28.021576
v  3.947178 16.988907 28.021412
v  3.947178 17.006798 28.050652
v  3.960956 17.006584 28.050739
v  3.933535 16.988907 28.021412
v  3.933535 17.006798 28.050652
v  3.960956 16.924757 27.997643
v  3.947178 16.924757 27.997412
v  3.947178 16.959669 28.003521
v  3.960956 16.959579 28.003735
v  3.933535 16.924757 27.997412
v  3.933535 16.959669 28.003521
v  3.960956 16.860771 28.021576
v  3.947178 16.860607 28.021412
v  3.947178 16.889845 28.003521
v  3.960956 16.889935 28.003735
v  3.933535 16.860607 28.021412
v  3.933535 16.889845 28.003521
v  3.960956 16.836838 28.085562
v  3.947178 16.836605 28.085562
v  3.947178 16.842716 28.050652
v  3.960956 16.842930 28.050739
v  3.933535 16.836605 28.085562
v  3.933535 16.842716 28.050652
v  3.947178 16.842716 28.120474
v  3.960956 16.842930 28.120384
v  3.933535 16.842716 28.120474
v  4.013769 16.924757 28.170103
v  4.004085 16.924757 28.164526
v  4.004085 16.893351 28.159143
v  4.013769 16.891226 28.164278
v  3.994458 16.924757 28.159031
v  3.994458 16.895447 28.154081
v  3.994458 16.870991 28.139330
v  4.004085 16.867104 28.143215
v  4.013768 16.863163 28.147156
v  4.013768 16.986351 28.147156
v  4.004085 16.982410 28.143215
v  4.004085 16.956163 28.159143
v  4.013769 16.958290 28.164278
v  3.994458 16.978523 28.139330
v  3.994458 16.954067 28.154081
v  4.013769 17.009298 28.085562
v  4.004085 17.003721 28.085562
v  4.004085 16.998339 28.116968
v  4.013769 17.003473 28.119095
v  3.994458 16.998226 28.085562
v  3.994458 16.993275 28.114872
v  4.013768 16.986351 28.023968
v  4.004085 16.982410 28.027908
v  4.004085 16.998339 28.054155
v  4.013768 17.003473 28.052031
v  3.994458 16.978523 28.031796
v  3.994458 16.993275 28.056252
v  4.013769 16.924757 28.001020
v  4.004085 16.924757 28.006598
v  4.004085 16.956163 28.011982
v  4.013768 16.958290 28.006847
v  3.994458 16.924757 28.012094
v  3.994458 16.954067 28.017044
v  4.013768 16.863163 28.023968
v  4.004085 16.867104 28.027908
v  4.004085 16.893351 28.011982
v  4.013768 16.891226 28.006847
v  3.994458 16.870991 28.031796
v  3.994458 16.895447 28.017044
v  4.013769 16.840216 28.085562
v  4.004085 16.845793 28.085562
v  4.004085 16.851175 28.054155
v  4.013768 16.846043 28.052031
v  3.994458 16.851290 28.085562
v  3.994458 16.856239 28.056252
v  4.004085 16.851175 28.116968
v  4.013769 16.846043 28.119095
v  3.994458 16.856239 28.114872
v  3.971458 16.863052 28.147266
v  3.978719 16.867104 28.143215
v  3.978719 16.893351 28.159143
v  3.971458 16.891165 28.164419
v  3.985884 16.870991 28.139330
v  3.985884 16.895447 28.154081
v  3.985884 16.924757 28.159031
v  3.978719 16.924757 28.164526
v  3.971458 16.924757 28.170256
v  3.978719 16.956163 28.159143
v  3.971458 16.958349 28.164419
v  3.985884 16.954067 28.154081
v  3.985884 16.978523 28.139330
v  3.978719 16.982410 28.143215
v  3.971458 16.986462 28.147266
v  3.978719 16.998339 28.116968
v  3.971458 17.003614 28.119154
v  3.985884 16.993275 28.114872
v  3.985884 16.998226 28.085562
v  3.978719 17.003721 28.085562
v  3.971458 17.009451 28.085562
v  3.978719 16.998339 28.054155
v  3.971458 17.003614 28.051970
v  3.985884 16.993275 28.056252
v  3.985884 16.978523 28.031796
v  3.978719 16.982410 28.027908
v  3.971458 16.986462 28.023857
v  3.978719 16.956163 28.011982
v  3.971458 16.958349 28.006706
v  3.985884 16.954067 28.017044
v  3.985884 16.924757 28.012094
v  3.978719 16.924757 28.006598
v  3.971458 16.924757 28.000870
v  3.978719 16.893351 28.011982
v  3.971458 16.891165 28.006706
v  3.985884 16.895447 28.017044
v  3.985884 16.870991 28.031796
v  3.978719 16.867104 28.027908
v  3.971458 16.863052 28.023857
v  3.978719 16.851175 28.054155
v  3.971458 16.845900 28.051970
v  3.985884 16.856239 28.056252
v  3.985884 16.851290 28.085562
v  3.978719 16.845793 28.085562
v  3.971458 16.840065 28.085562
v  3.978719 16.851175 28.116968
v  3.971458 16.845900 28.119154
v  3.985884 16.856239 28.114872
v  3.989761 16.924757 28.157198
v  3.989761 16.896147 28.152393
v  3.989761 16.872286 28.138033
v  3.989761 16.977228 28.138033
v  3.989761 16.953367 28.152393
v  3.989761 16.996393 28.085562
v  3.989761 16.991589 28.114174
v  3.989761 16.977228 28.033091
v  3.989761 16.991589 28.056952
v  3.989761 16.924757 28.013927
v  3.989761 16.953367 28.018730
v  3.989761 16.872286 28.033091
v  3.989761 16.896147 28.018730
v  3.989761 16.853123 28.085562
v  3.989761 16.857925 28.056952
v  3.989761 16.857925 28.114174
v  4.018641 16.924757 28.172174
v  4.018637 16.890440 28.166183
v  4.018634 16.861706 28.148615
v  4.018634 16.987808 28.148615
v  4.018637 16.959074 28.166183
v  4.018641 17.011370 28.085562
v  4.018637 17.005377 28.119879
v  4.018634 16.987808 28.022511
v  4.018637 17.005377 28.051245
v  4.018641 16.924757 27.998949
v  4.018637 16.959074 28.004942
v  4.018634 16.861706 28.022511
v  4.018637 16.890440 28.004942
v  4.018641 16.838144 28.085562
v  4.018637 16.844137 28.051245
v  4.018637 16.844137 28.119879
v  3.967294 16.861263 28.149055
v  3.967294 16.890200 28.166748
v  3.967294 16.924757 28.172785
v  3.967294 16.959314 28.166748
v  3.967294 16.988251 28.149055
v  3.967294 17.005943 28.120119
v  3.967294 17.011978 28.085562
v  3.967294 17.005943 28.051004
v  3.967294 16.988251 28.022070
v  3.967294 16.959314 28.004375
v  3.967294 16.924757 27.998341
v  3.967294 16.890200 28.004375
v  3.967294 16.861263 28.022070
v  3.967294 16.843571 28.051004
v  3.967294 16.837536 28.085562
v  3.967294 16.843571 28.120119
v  4.049852 16.875189 28.135130
v  4.049853 16.897781 28.148954
v  4.049854 16.924757 28.153675
v  4.049854 16.856646 28.085562
v  4.049853 16.861366 28.112539
v  4.049853 16.951733 28.148954
v  4.049852 16.974325 28.135130
v  4.049853 16.988150 28.112539
v  4.049854 16.992870 28.085562
v  4.049853 16.988150 28.058586
v  4.049852 16.974325 28.035994
v  4.049853 16.951733 28.022169
v  4.049853 16.924757 28.017450
v  4.049853 16.897781 28.022169
v  4.049852 16.875189 28.035994
v  4.049853 16.861366 28.058586
v  3.927604 16.889845 28.167604
v  3.927604 16.860607 28.149712
v  3.927604 16.924757 28.173714
v  3.925529 16.924757 28.173714
v  3.925529 16.889845 28.167604
v  3.925529 16.860607 28.149712
v  3.927604 16.959669 28.167604
v  3.927604 16.988907 28.149712
v  3.925529 16.988907 28.149712
v  3.925529 16.959669 28.167604
v  3.927604 17.006798 28.120474
v  3.927604 17.012909 28.085562
v  3.925529 17.012909 28.085562
v  3.925529 17.006798 28.120474
v  3.927604 17.006798 28.050652
v  3.927604 16.988907 28.021412
v  3.925529 16.988907 28.021412
v  3.925529 17.006798 28.050652
v  3.927604 16.959669 28.003521
v  3.927604 16.924757 27.997412
v  3.925529 16.924757 27.997412
v  3.925529 16.959669 28.003521
v  3.927604 16.889845 28.003521
v  3.927604 16.860607 28.021412
v  3.925529 16.860607 28.021412
v  3.925529 16.889845 28.003521
v  3.927604 16.842716 28.050652
v  3.927604 16.836605 28.085562
v  3.925529 16.836605 28.085562
v  3.925529 16.842716 28.050652
v  3.927604 16.842716 28.120474
v  3.925529 16.842716 28.120474
# 385 vertices

vt 0.106856 0.618807 0.000000
vt 0.244221 0.618807 0.000000
vt 0.106856 0.709870 0.000000
vt 0.244221 0.709870 0.000000
vt 0.636946 0.016451 0.000000
vt 0.637499 0.016610 0.000000
vt 0.637314 0.017174 0.000000
vt 0.636770 0.016745 0.000000
vt 0.638471 0.016884 0.000000
vt 0.638077 0.017777 0.000000
vt 0.637602 0.018295 0.000000
vt 0.637029 0.017443 0.000000
vt 0.636572 0.016982 0.000000
vt 0.637473 0.019979 0.000000
vt 0.637296 0.019412 0.000000
vt 0.636916 0.020129 0.000000
vt 0.636745 0.019832 0.000000
vt 0.636551 0.019592 0.000000
vt 0.637015 0.019138 0.000000
vt 0.636727 0.018928 0.000000
vt 0.636938 0.018290 0.000000
vt 0.636359 0.019384 0.000000
vt 0.636143 0.019203 0.000000
vt 0.636306 0.018826 0.000000
vt 0.636412 0.018286 0.000000
vt 0.636737 0.017649 0.000000
vt 0.636377 0.017186 0.000000
vt 0.636315 0.017744 0.000000
vt 0.636158 0.017364 0.000000
vt 0.634432 0.014388 0.000000
vt 0.634838 0.013548 0.000000
vt 0.635700 0.014142 0.000000
vt 0.635247 0.014930 0.000000
vt 0.635346 0.012569 0.000000
vt 0.636372 0.013100 0.000000
vt 0.637620 0.014032 0.000000
vt 0.636589 0.014913 0.000000
vt 0.635996 0.015511 0.000000
vt 0.634761 0.023000 0.000000
vt 0.635632 0.022420 0.000000
vt 0.634368 0.022152 0.000000
vt 0.635192 0.021624 0.000000
vt 0.635951 0.021054 0.000000
vt 0.636535 0.021663 0.000000
vt 0.637212 0.020827 0.000000
vt 0.638359 0.021132 0.000000
vt 0.636537 0.020545 0.000000
vt 0.637253 0.015758 0.000000
vt 0.636573 0.016029 0.000000
vt 0.634111 0.021506 0.000000
vt 0.634942 0.021075 0.000000
vt 0.633925 0.020985 0.000000
vt 0.634764 0.020656 0.000000
vt 0.635484 0.020308 0.000000
vt 0.635658 0.020633 0.000000
vt 0.633747 0.020481 0.000000
vt 0.634588 0.020256 0.000000
vt 0.633572 0.019881 0.000000
vt 0.634399 0.019766 0.000000
vt 0.635162 0.019593 0.000000
vt 0.635317 0.019998 0.000000
vt 0.635874 0.019723 0.000000
vt 0.636049 0.019973 0.000000
vt 0.635743 0.019382 0.000000
vt 0.636223 0.020246 0.000000
vt 0.633438 0.019116 0.000000
vt 0.634233 0.019085 0.000000
vt 0.633397 0.018261 0.000000
vt 0.634175 0.018267 0.000000
vt 0.635014 0.018274 0.000000
vt 0.635051 0.019000 0.000000
vt 0.633453 0.017406 0.000000
vt 0.634246 0.017450 0.000000
vt 0.633600 0.016644 0.000000
vt 0.634424 0.016773 0.000000
vt 0.635184 0.016958 0.000000
vt 0.635063 0.017549 0.000000
vt 0.635742 0.017681 0.000000
vt 0.635769 0.018281 0.000000
vt 0.635760 0.017179 0.000000
vt 0.635732 0.018880 0.000000
vt 0.633784 0.016048 0.000000
vt 0.634621 0.016286 0.000000
vt 0.633970 0.015546 0.000000
vt 0.634803 0.015889 0.000000
vt 0.635517 0.016249 0.000000
vt 0.635345 0.016556 0.000000
vt 0.634165 0.015029 0.000000
vt 0.634988 0.015473 0.000000
vt 0.635696 0.015927 0.000000
vt 0.636255 0.016323 0.000000
vt 0.636076 0.016593 0.000000
vt 0.635898 0.016840 0.000000
vt 0.633911 0.014127 0.000000
vt 0.633610 0.014791 0.000000
vt 0.633133 0.014675 0.000000
vt 0.633432 0.014025 0.000000
vt 0.633393 0.015341 0.000000
vt 0.632936 0.015195 0.000000
vt 0.632539 0.015074 0.000000
vt 0.632707 0.014581 0.000000
vt 0.632975 0.013931 0.000000
vt 0.633236 0.015897 0.000000
vt 0.632803 0.015722 0.000000
vt 0.633096 0.016552 0.000000
vt 0.632689 0.016383 0.000000
vt 0.632288 0.016225 0.000000
vt 0.632410 0.015569 0.000000
vt 0.632981 0.017363 0.000000
vt 0.632584 0.017258 0.000000
vt 0.632933 0.018257 0.000000
vt 0.632535 0.018253 0.000000
vt 0.632118 0.018250 0.000000
vt 0.632173 0.017156 0.000000
vt 0.632965 0.019151 0.000000
vt 0.632567 0.019249 0.000000
vt 0.633067 0.019964 0.000000
vt 0.632657 0.020127 0.000000
vt 0.632252 0.020278 0.000000
vt 0.632154 0.019345 0.000000
vt 0.633196 0.020623 0.000000
vt 0.632760 0.020790 0.000000
vt 0.633343 0.021181 0.000000
vt 0.632884 0.021320 0.000000
vt 0.632484 0.021434 0.000000
vt 0.632364 0.020936 0.000000
vt 0.633551 0.021736 0.000000
vt 0.633072 0.021843 0.000000
vt 0.633842 0.022405 0.000000
vt 0.633360 0.022499 0.000000
vt 0.632901 0.022586 0.000000
vt 0.632644 0.021931 0.000000
vt 0.634245 0.023265 0.000000
vt 0.633781 0.023400 0.000000
vt 0.634724 0.024242 0.000000
vt 0.634292 0.024466 0.000000
vt 0.633845 0.024689 0.000000
vt 0.633314 0.023533 0.000000
vt 0.634327 0.013275 0.000000
vt 0.633866 0.013133 0.000000
vt 0.633403 0.012993 0.000000
vt 0.629830 0.014341 0.000000
vt 0.629318 0.014213 0.000000
vt 0.629514 0.013541 0.000000
vt 0.630031 0.013714 0.000000
vt 0.628772 0.014077 0.000000
vt 0.628976 0.013367 0.000000
vt 0.629283 0.012510 0.000000
vt 0.629822 0.012721 0.000000
vt 0.630352 0.012935 0.000000
vt 0.629628 0.015810 0.000000
vt 0.629070 0.015754 0.000000
vt 0.629178 0.014896 0.000000
vt 0.629711 0.014985 0.000000
vt 0.628500 0.015695 0.000000
vt 0.628622 0.014799 0.000000
vt 0.629530 0.018227 0.000000
vt 0.628954 0.018222 0.000000
vt 0.628991 0.016901 0.000000
vt 0.629564 0.016931 0.000000
vt 0.628375 0.018218 0.000000
vt 0.628413 0.016872 0.000000
vt 0.629584 0.020646 0.000000
vt 0.629024 0.020691 0.000000
vt 0.628968 0.019543 0.000000
vt 0.629541 0.019524 0.000000
vt 0.628459 0.020740 0.000000
vt 0.628392 0.019563 0.000000
vt 0.629759 0.022119 0.000000
vt 0.629245 0.022237 0.000000
vt 0.629117 0.021552 0.000000
vt 0.629652 0.021472 0.000000
vt 0.628696 0.022361 0.000000
vt 0.628561 0.021636 0.000000
vt 0.630256 0.023537 0.000000
vt 0.629720 0.023742 0.000000
vt 0.629428 0.022914 0.000000
vt 0.629949 0.022751 0.000000
vt 0.629174 0.023944 0.000000
vt 0.628883 0.023078 0.000000
vt 0.631275 0.025849 0.000000
vt 0.630720 0.026100 0.000000
vt 0.630167 0.024835 0.000000
vt 0.630715 0.024603 0.000000
vt 0.630165 0.026341 0.000000
vt 0.629619 0.025063 0.000000
vt 0.630287 0.011641 0.000000
vt 0.630828 0.011881 0.000000
vt 0.629745 0.011404 0.000000
vt 0.632217 0.014978 0.000000
vt 0.631852 0.014874 0.000000
vt 0.632019 0.014293 0.000000
vt 0.632374 0.014464 0.000000
vt 0.631406 0.014751 0.000000
vt 0.631600 0.014095 0.000000
vt 0.631875 0.013328 0.000000
vt 0.632260 0.013566 0.000000
vt 0.632613 0.013785 0.000000
vt 0.631928 0.016162 0.000000
vt 0.631535 0.016168 0.000000
vt 0.631695 0.015450 0.000000
vt 0.632077 0.015489 0.000000
vt 0.631105 0.016182 0.000000
vt 0.631244 0.015407 0.000000
vt 0.631737 0.018247 0.000000
vt 0.631356 0.018243 0.000000
vt 0.631407 0.017135 0.000000
vt 0.631795 0.017119 0.000000
vt 0.630961 0.018240 0.000000
vt 0.631003 0.017156 0.000000
vt 0.631891 0.020334 0.000000
vt 0.631499 0.020321 0.000000
vt 0.631388 0.019353 0.000000
vt 0.631775 0.019375 0.000000
vt 0.631069 0.020300 0.000000
vt 0.630984 0.019324 0.000000
vt 0.632160 0.021524 0.000000
vt 0.631793 0.021622 0.000000
vt 0.631646 0.021043 0.000000
vt 0.632029 0.021010 0.000000
vt 0.631345 0.021738 0.000000
vt 0.631194 0.021078 0.000000
vt 0.632536 0.022726 0.000000
vt 0.632179 0.022939 0.000000
vt 0.631950 0.022207 0.000000
vt 0.632308 0.022041 0.000000
vt 0.631789 0.023170 0.000000
vt 0.631527 0.022397 0.000000
vt 0.633440 0.024870 0.000000
vt 0.633040 0.025034 0.000000
vt 0.632556 0.023914 0.000000
vt 0.632925 0.023699 0.000000
vt 0.632642 0.025198 0.000000
vt 0.632177 0.024134 0.000000
vt 0.632653 0.012599 0.000000
vt 0.633017 0.012820 0.000000
vt 0.632278 0.012373 0.000000
vt 0.630781 0.013070 0.000000
vt 0.631135 0.013125 0.000000
vt 0.630805 0.013892 0.000000
vt 0.630447 0.013829 0.000000
vt 0.631500 0.013178 0.000000
vt 0.631192 0.013958 0.000000
vt 0.630974 0.014635 0.000000
vt 0.630588 0.014534 0.000000
vt 0.630236 0.014444 0.000000
vt 0.630466 0.015196 0.000000
vt 0.630127 0.015081 0.000000
vt 0.630830 0.015325 0.000000
vt 0.630721 0.016132 0.000000
vt 0.630387 0.016008 0.000000
vt 0.630059 0.015892 0.000000
vt 0.630324 0.017057 0.000000
vt 0.630004 0.016983 0.000000
vt 0.630641 0.017132 0.000000
vt 0.630605 0.018237 0.000000
vt 0.630290 0.018234 0.000000
vt 0.629971 0.018231 0.000000
vt 0.630303 0.019412 0.000000
vt 0.629982 0.019480 0.000000
vt 0.630621 0.019342 0.000000
vt 0.630684 0.020343 0.000000
vt 0.630348 0.020461 0.000000
vt 0.630017 0.020572 0.000000
vt 0.630412 0.021275 0.000000
vt 0.630070 0.021385 0.000000
vt 0.630778 0.021152 0.000000
vt 0.630910 0.021846 0.000000
vt 0.630522 0.021940 0.000000
vt 0.630168 0.022024 0.000000
vt 0.630728 0.022587 0.000000
vt 0.630368 0.022643 0.000000
vt 0.631116 0.022528 0.000000
vt 0.631411 0.023314 0.000000
vt 0.631044 0.023361 0.000000
vt 0.630688 0.023411 0.000000
vt 0.631486 0.024366 0.000000
vt 0.631150 0.024447 0.000000
vt 0.631821 0.024286 0.000000
vt 0.632297 0.025351 0.000000
vt 0.632001 0.025497 0.000000
vt 0.631699 0.025649 0.000000
vt 0.631593 0.012131 0.000000
vt 0.631260 0.012044 0.000000
vt 0.631925 0.012216 0.000000
vt 0.631173 0.014688 0.000000
vt 0.631387 0.013999 0.000000
vt 0.631683 0.013219 0.000000
vt 0.630893 0.016184 0.000000
vt 0.631016 0.015384 0.000000
vt 0.630768 0.018238 0.000000
vt 0.630805 0.017161 0.000000
vt 0.630857 0.020295 0.000000
vt 0.630786 0.019316 0.000000
vt 0.631110 0.021797 0.000000
vt 0.630966 0.021097 0.000000
vt 0.631595 0.023277 0.000000
vt 0.631312 0.022490 0.000000
vt 0.632453 0.025278 0.000000
vt 0.631990 0.024235 0.000000
vt 0.632094 0.012270 0.000000
vt 0.632374 0.015025 0.000000
vt 0.632528 0.014539 0.000000
vt 0.632776 0.013881 0.000000
vt 0.632105 0.016166 0.000000
vt 0.632242 0.015509 0.000000
vt 0.631920 0.018248 0.000000
vt 0.631979 0.017117 0.000000
vt 0.632069 0.020334 0.000000
vt 0.631959 0.019380 0.000000
vt 0.632318 0.021481 0.000000
vt 0.632195 0.020994 0.000000
vt 0.632701 0.022632 0.000000
vt 0.632464 0.021969 0.000000
vt 0.633635 0.024788 0.000000
vt 0.633103 0.023601 0.000000
vt 0.633194 0.012921 0.000000
vt 0.630597 0.013031 0.000000
vt 0.630267 0.013792 0.000000
vt 0.630059 0.014399 0.000000
vt 0.629953 0.015028 0.000000
vt 0.629883 0.015840 0.000000
vt 0.629826 0.016950 0.000000
vt 0.629793 0.018230 0.000000
vt 0.629803 0.019510 0.000000
vt 0.629840 0.020620 0.000000
vt 0.629896 0.021434 0.000000
vt 0.629990 0.022066 0.000000
vt 0.630187 0.022677 0.000000
vt 0.630503 0.023446 0.000000
vt 0.630968 0.024499 0.000000
vt 0.631529 0.025731 0.000000
vt 0.631079 0.011989 0.000000
vt 0.634099 0.014171 0.000000
vt 0.633803 0.014840 0.000000
vt 0.633585 0.015407 0.000000
vt 0.634986 0.012395 0.000000
vt 0.634505 0.013335 0.000000
vt 0.633410 0.015971 0.000000
vt 0.633254 0.016619 0.000000
vt 0.633133 0.017401 0.000000
vt 0.633086 0.018258 0.000000
vt 0.633118 0.019116 0.000000
vt 0.633226 0.019901 0.000000
vt 0.633371 0.020552 0.000000
vt 0.633537 0.021119 0.000000
vt 0.633746 0.021689 0.000000
vt 0.634031 0.022364 0.000000
vt 0.634424 0.023208 0.000000
vt 0.628733 0.013289 0.000000
vt 0.629043 0.012418 0.000000
vt 0.628527 0.014016 0.000000
vt 0.628439 0.013994 0.000000
vt 0.628646 0.013262 0.000000
vt 0.628959 0.012385 0.000000
vt 0.628371 0.014755 0.000000
vt 0.628247 0.015668 0.000000
vt 0.628157 0.015659 0.000000
vt 0.628281 0.014740 0.000000
vt 0.628160 0.016859 0.000000
vt 0.628121 0.018215 0.000000
vt 0.628032 0.018215 0.000000
vt 0.628070 0.016854 0.000000
vt 0.628138 0.019572 0.000000
vt 0.628205 0.020762 0.000000
vt 0.628115 0.020770 0.000000
vt 0.628048 0.019575 0.000000
vt 0.628310 0.021674 0.000000
vt 0.628447 0.022416 0.000000
vt 0.628359 0.022436 0.000000
vt 0.628220 0.021687 0.000000
vt 0.628637 0.023150 0.000000
vt 0.628932 0.024032 0.000000
vt 0.628846 0.024063 0.000000
vt 0.628550 0.023176 0.000000
vt 0.629378 0.025162 0.000000
vt 0.629923 0.026444 0.000000
vt 0.629839 0.026480 0.000000
vt 0.629293 0.025197 0.000000
vt 0.629508 0.011302 0.000000
vt 0.629424 0.011266 0.000000
vt 0.222537 0.811795 0.000000
vt 0.097809 0.811795 0.000000
vt 0.097809 0.733665 0.000000
vt 0.222537 0.733665 0.000000
vt 0.236551 0.820573 0.000000
vt 0.083795 0.820573 0.000000
vt 0.083795 0.724887 0.000000
vt 0.236551 0.724887 0.000000
vt 0.638449 0.019720 0.000000
vt 0.638069 0.018821 0.000000
vt 0.635253 0.023988 0.000000
vt 0.636288 0.023473 0.000000
vt 0.637552 0.022560 0.000000
vt 0.638403 0.015472 0.000000
vt 0.634821 0.012307 0.000000
vt 0.634394 0.012077 0.000000
vt 0.633951 0.011847 0.000000
vt 0.631407 0.010649 0.000000
vt 0.630858 0.010391 0.000000
vt 0.630310 0.010144 0.000000
vt 0.633550 0.011660 0.000000
vt 0.633154 0.011490 0.000000
vt 0.632759 0.011320 0.000000
vt 0.632418 0.011162 0.000000
vt 0.632125 0.011011 0.000000
vt 0.631826 0.010856 0.000000
vt 0.632572 0.011237 0.000000
vt 0.633744 0.011745 0.000000
vt 0.631658 0.010770 0.000000
vt 0.634890 0.024156 0.000000
vt 0.630072 0.010037 0.000000
vt 0.629989 0.010000 0.000000
# 413 texture coords

o 2?_??___??_?2
g 2?_??___??_?2
f 513/1093 514/1094 516/1095 515/1096 
f 520/715 518/713 517/712 519/714 
f 514/1094 513/1093 517/1097 518/1098 
f 516/1095 514/1094 518/1098 520/1099 
f 515/1096 516/1095 520/1099 519/1100 
f 513/1093 515/1096 519/1100 517/1097 
f 521/716 522/717 523/718 524/719 
f 522/717 525/720 526/721 523/718 
f 523/718 526/721 527/722 528/723 
f 524/719 523/718 528/723 529/724 
f 525/1101 530/725 531/726 526/1102 
f 530/725 532/727 533/728 531/726 
f 531/726 533/728 534/729 535/730 
f 526/1102 531/726 535/730 527/722 
f 527/722 535/730 536/731 537/732 
f 535/730 534/729 538/733 536/731 
f 536/731 538/733 539/734 540/735 
f 537/732 536/731 540/735 541/736 
f 529/724 528/723 542/737 543/738 
f 528/723 527/722 537/732 542/737 
f 542/737 537/732 541/736 544/739 
f 543/738 542/737 544/739 545/740 
f 546/741 547/742 548/743 549/744 
f 547/742 550/745 551/746 548/743 
f 548/743 551/746 552/747 553/748 
f 549/744 548/743 553/748 554/749 
f 550/1103 555/750 556/751 551/1104 
f 555/750 557/752 558/753 556/751 
f 556/751 558/753 559/754 560/755 
f 551/1104 556/751 560/755 552/1105 
f 552/1105 560/755 561/756 562/757 
f 560/755 559/754 563/758 561/756 
f 561/756 563/758 532/727 530/725 
f 562/757 561/756 530/725 525/1101 
f 554/749 553/748 564/759 565/760 
f 553/748 552/747 562/1106 564/759 
f 564/759 562/1106 525/720 522/717 
f 565/760 564/759 522/717 521/716 
f 557/752 566/761 567/762 558/753 
f 566/761 568/763 569/764 567/762 
f 567/762 569/764 570/765 571/766 
f 558/753 567/762 571/766 559/754 
f 568/763 572/767 573/768 569/764 
f 572/767 574/769 575/770 573/768 
f 573/768 575/770 576/771 577/772 
f 569/764 573/768 577/772 570/765 
f 570/765 577/772 578/773 579/774 
f 577/772 576/771 580/775 578/773 
f 578/773 580/775 539/734 538/733 
f 579/774 578/773 538/733 534/729 
f 559/754 571/766 581/776 563/758 
f 571/766 570/765 579/774 581/776 
f 581/776 579/774 534/729 533/728 
f 563/758 581/776 533/728 532/727 
f 574/769 582/777 583/778 575/770 
f 582/777 584/779 585/780 583/778 
f 583/778 585/780 586/781 587/782 
f 575/770 583/778 587/782 576/771 
f 584/779 588/783 589/784 585/780 
f 588/783 590/785 591/786 589/784 
f 589/784 591/786 592/787 593/788 
f 585/780 589/784 593/788 586/781 
f 586/781 593/788 594/789 595/790 
f 593/788 592/787 596/791 594/789 
f 594/789 596/791 545/740 544/739 
f 595/790 594/789 544/739 541/736 
f 576/771 587/782 597/792 580/775 
f 587/782 586/781 595/790 597/792 
f 597/792 595/790 541/736 540/735 
f 580/775 597/792 540/735 539/734 
f 590/785 598/793 599/794 591/786 
f 598/793 600/795 601/796 599/794 
f 599/794 601/796 602/797 603/798 
f 591/786 599/794 603/798 592/787 
f 600/795 604/799 605/800 601/796 
f 604/799 546/741 549/744 605/800 
f 605/800 549/744 554/749 606/801 
f 601/796 605/800 606/801 602/797 
f 602/797 606/801 607/802 608/803 
f 606/801 554/749 565/760 607/802 
f 607/802 565/760 521/716 524/719 
f 608/803 607/802 524/719 529/724 
f 592/787 603/798 609/804 596/791 
f 603/798 602/797 608/803 609/804 
f 609/804 608/803 529/724 543/738 
f 596/791 609/804 543/738 545/740 
f 610/805 611/806 612/807 613/808 
f 611/806 614/809 615/810 612/807 
f 612/807 615/810 616/811 617/812 
f 613/808 612/807 617/812 618/813 
f 614/809 619/814 620/815 615/810 
f 619/814 621/816 622/817 620/815 
f 620/815 622/817 623/818 624/819 
f 615/810 620/815 624/819 616/811 
f 621/816 625/820 626/821 622/817 
f 625/820 627/822 628/823 626/821 
f 626/821 628/823 629/824 630/825 
f 622/817 626/821 630/825 623/818 
f 627/822 631/826 632/827 628/823 
f 631/826 633/828 634/829 632/827 
f 632/827 634/829 635/830 636/831 
f 628/823 632/827 636/831 629/824 
f 633/828 637/832 638/833 634/829 
f 637/832 639/834 640/835 638/833 
f 638/833 640/835 641/836 642/837 
f 634/829 638/833 642/837 635/830 
f 639/834 643/838 644/839 640/835 
f 643/838 645/840 646/841 644/839 
f 644/839 646/841 647/842 648/843 
f 640/835 644/839 648/843 641/836 
f 645/840 649/844 650/845 646/841 
f 649/844 651/846 652/847 650/845 
f 650/845 652/847 653/848 654/849 
f 646/841 650/845 654/849 647/842 
f 651/1107 655/850 656/851 652/1108 
f 655/850 610/805 613/808 656/851 
f 656/851 613/808 618/813 657/852 
f 652/1108 656/851 657/852 653/1109 
f 658/853 659/854 660/855 661/856 
f 659/854 662/857 663/858 660/855 
f 660/855 663/858 664/859 665/860 
f 661/856 660/855 665/860 666/861 
f 667/862 668/863 669/864 670/865 
f 668/863 671/866 672/867 669/864 
f 669/864 672/867 662/857 659/854 
f 670/865 669/864 659/854 658/853 
f 673/868 674/869 675/870 676/871 
f 674/869 677/872 678/873 675/870 
f 675/870 678/873 671/866 668/863 
f 676/871 675/870 668/863 667/862 
f 679/874 680/875 681/876 682/877 
f 680/875 683/878 684/879 681/876 
f 681/876 684/879 677/872 674/869 
f 682/877 681/876 674/869 673/868 
f 685/880 686/881 687/882 688/883 
f 686/881 689/884 690/885 687/882 
f 687/882 690/885 683/878 680/875 
f 688/883 687/882 680/875 679/874 
f 691/886 692/887 693/888 694/889 
f 692/887 695/890 696/891 693/888 
f 693/888 696/891 689/884 686/881 
f 694/889 693/888 686/881 685/880 
f 697/892 698/893 699/894 700/895 
f 698/893 701/896 702/897 699/894 
f 699/894 702/897 695/890 692/887 
f 700/895 699/894 692/887 691/886 
f 666/861 665/860 703/898 704/899 
f 665/860 664/859 705/900 703/898 
f 703/898 705/900 701/1112 698/1111 
f 704/899 703/898 698/1111 697/1110 
f 706/901 707/902 708/903 709/904 
f 707/902 710/905 711/906 708/903 
f 708/903 711/906 712/907 713/908 
f 709/904 708/903 713/908 714/909 
f 715/910 716/911 717/912 718/913 
f 716/911 719/914 720/915 717/912 
f 717/912 720/915 710/905 707/902 
f 718/913 717/912 707/902 706/901 
f 721/916 722/917 723/918 724/919 
f 722/917 725/920 726/921 723/918 
f 723/918 726/921 719/914 716/911 
f 724/919 723/918 716/911 715/910 
f 727/922 728/923 729/924 730/925 
f 728/923 731/926 732/927 729/924 
f 729/924 732/927 725/920 722/917 
f 730/925 729/924 722/917 721/916 
f 733/928 734/929 735/930 736/931 
f 734/929 737/932 738/933 735/930 
f 735/930 738/933 731/926 728/923 
f 736/931 735/930 728/923 727/922 
f 739/934 740/935 741/936 742/937 
f 740/935 743/938 744/939 741/936 
f 741/936 744/939 737/932 734/929 
f 742/937 741/936 734/929 733/928 
f 745/940 746/941 747/942 748/943 
f 746/941 749/944 750/945 747/942 
f 747/942 750/945 743/938 740/935 
f 748/943 747/942 740/935 739/934 
f 714/909 713/908 751/946 752/947 
f 713/908 712/907 753/948 751/946 
f 751/946 753/948 749/1115 746/1114 
f 752/947 751/946 746/1114 745/1113 
f 754/949 755/950 756/951 757/952 
f 755/950 758/953 759/954 756/951 
f 756/951 759/954 760/955 761/956 
f 757/952 756/951 761/956 762/957 
f 762/957 761/956 763/958 764/959 
f 761/956 760/955 765/960 763/958 
f 763/958 765/960 766/961 767/962 
f 764/959 763/958 767/962 768/963 
f 768/963 767/962 769/964 770/965 
f 767/962 766/961 771/966 769/964 
f 769/964 771/966 772/967 773/968 
f 770/965 769/964 773/968 774/969 
f 774/969 773/968 775/970 776/971 
f 773/968 772/967 777/972 775/970 
f 775/970 777/972 778/973 779/974 
f 776/971 775/970 779/974 780/975 
f 780/975 779/974 781/976 782/977 
f 779/974 778/973 783/978 781/976 
f 781/976 783/978 784/979 785/980 
f 782/977 781/976 785/980 786/981 
f 786/981 785/980 787/982 788/983 
f 785/980 784/979 789/984 787/982 
f 787/982 789/984 790/985 791/986 
f 788/983 787/982 791/986 792/987 
f 792/987 791/986 793/988 794/989 
f 791/986 790/985 795/990 793/988 
f 793/988 795/990 796/991 797/992 
f 794/989 793/988 797/992 798/993 
f 798/1118 797/1117 799/994 800/995 
f 797/1117 796/1116 801/996 799/994 
f 799/994 801/996 758/953 755/950 
f 800/995 799/994 755/950 754/949 
f 710/905 802/997 803/998 711/906 
f 802/997 760/955 759/954 803/998 
f 803/998 759/954 758/953 804/999 
f 711/906 803/998 804/999 712/907 
f 719/914 805/1000 806/1001 720/915 
f 805/1000 766/961 765/960 806/1001 
f 806/1001 765/960 760/955 802/997 
f 720/915 806/1001 802/997 710/905 
f 725/920 807/1002 808/1003 726/921 
f 807/1002 772/967 771/966 808/1003 
f 808/1003 771/966 766/961 805/1000 
f 726/921 808/1003 805/1000 719/914 
f 731/926 809/1004 810/1005 732/927 
f 809/1004 778/973 777/972 810/1005 
f 810/1005 777/972 772/967 807/1002 
f 732/927 810/1005 807/1002 725/920 
f 737/932 811/1006 812/1007 738/933 
f 811/1006 784/979 783/978 812/1007 
f 812/1007 783/978 778/973 809/1004 
f 738/933 812/1007 809/1004 731/926 
f 743/938 813/1008 814/1009 744/939 
f 813/1008 790/985 789/984 814/1009 
f 814/1009 789/984 784/979 811/1006 
f 744/939 814/1009 811/1006 737/932 
f 749/944 815/1010 816/1011 750/945 
f 815/1010 796/991 795/990 816/1011 
f 816/1011 795/990 790/985 813/1008 
f 750/945 816/1011 813/1008 743/938 
f 712/907 804/999 817/1012 753/948 
f 804/999 758/953 801/996 817/1012 
f 817/1012 801/996 796/1116 815/1119 
f 753/948 817/1012 815/1119 749/1115 
f 616/811 818/1013 819/1014 617/812 
f 818/1013 706/901 709/904 819/1014 
f 819/1014 709/904 714/909 820/1015 
f 617/812 819/1014 820/1015 618/813 
f 623/818 821/1016 822/1017 624/819 
f 821/1016 715/910 718/913 822/1017 
f 822/1017 718/913 706/901 818/1013 
f 624/819 822/1017 818/1013 616/811 
f 629/824 823/1018 824/1019 630/825 
f 823/1018 721/916 724/919 824/1019 
f 824/1019 724/919 715/910 821/1016 
f 630/825 824/1019 821/1016 623/818 
f 635/830 825/1020 826/1021 636/831 
f 825/1020 727/922 730/925 826/1021 
f 826/1021 730/925 721/916 823/1018 
f 636/831 826/1021 823/1018 629/824 
f 641/836 827/1022 828/1023 642/837 
f 827/1022 733/928 736/931 828/1023 
f 828/1023 736/931 727/922 825/1020 
f 642/837 828/1023 825/1020 635/830 
f 647/842 829/1024 830/1025 648/843 
f 829/1024 739/934 742/937 830/1025 
f 830/1025 742/937 733/928 827/1022 
f 648/843 830/1025 827/1022 641/836 
f 653/848 831/1026 832/1027 654/849 
f 831/1026 745/940 748/943 832/1027 
f 832/1027 748/943 739/934 829/1024 
f 654/849 832/1027 829/1024 647/842 
f 618/813 820/1015 833/1028 657/852 
f 820/1015 714/909 752/947 833/1028 
f 833/1028 752/947 745/1113 831/1120 
f 657/852 833/1028 831/1120 653/1109 
f 666/861 834/1029 835/1030 661/856 
f 834/1029 754/949 757/952 835/1030 
f 835/1030 757/952 762/957 836/1031 
f 661/856 835/1030 836/1031 658/853 
f 658/853 836/1031 837/1032 670/865 
f 836/1031 762/957 764/959 837/1032 
f 837/1032 764/959 768/963 838/1033 
f 670/865 837/1032 838/1033 667/862 
f 667/862 838/1033 839/1034 676/871 
f 838/1033 768/963 770/965 839/1034 
f 839/1034 770/965 774/969 840/1035 
f 676/871 839/1034 840/1035 673/868 
f 673/868 840/1035 841/1036 682/877 
f 840/1035 774/969 776/971 841/1036 
f 841/1036 776/971 780/975 842/1037 
f 682/877 841/1036 842/1037 679/874 
f 679/874 842/1037 843/1038 688/883 
f 842/1037 780/975 782/977 843/1038 
f 843/1038 782/977 786/981 844/1039 
f 688/883 843/1038 844/1039 685/880 
f 685/880 844/1039 845/1040 694/889 
f 844/1039 786/981 788/983 845/1040 
f 845/1040 788/983 792/987 846/1041 
f 694/889 845/1040 846/1041 691/886 
f 691/886 846/1041 847/1042 700/895 
f 846/1041 792/987 794/989 847/1042 
f 847/1042 794/989 798/993 848/1043 
f 700/895 847/1042 848/1043 697/892 
f 697/1110 848/1121 849/1044 704/899 
f 848/1121 798/1118 800/995 849/1044 
f 849/1044 800/995 754/949 834/1029 
f 704/899 849/1044 834/1029 666/861 
f 610/805 850/1045 851/1046 611/806 
f 850/1045 546/741 604/799 851/1046 
f 851/1046 604/799 600/795 852/1047 
f 611/806 851/1046 852/1047 614/809 
f 651/1107 853/1048 854/1049 655/850 
f 853/1048 550/745 547/742 854/1049 
f 854/1049 547/742 546/741 850/1045 
f 655/850 854/1049 850/1045 610/805 
f 614/809 852/1047 855/1050 619/814 
f 852/1047 600/795 598/793 855/1050 
f 855/1050 598/793 590/785 856/1051 
f 619/814 855/1050 856/1051 621/816 
f 621/816 856/1051 857/1052 625/820 
f 856/1051 590/785 588/783 857/1052 
f 857/1052 588/783 584/779 858/1053 
f 625/820 857/1052 858/1053 627/822 
f 627/822 858/1053 859/1054 631/826 
f 858/1053 584/779 582/777 859/1054 
f 859/1054 582/777 574/769 860/1055 
f 631/826 859/1054 860/1055 633/828 
f 633/828 860/1055 861/1056 637/832 
f 860/1055 574/769 572/767 861/1056 
f 861/1056 572/767 568/763 862/1057 
f 637/832 861/1056 862/1057 639/834 
f 639/834 862/1057 863/1058 643/838 
f 862/1057 568/763 566/761 863/1058 
f 863/1058 566/761 557/752 864/1059 
f 643/838 863/1058 864/1059 645/840 
f 645/840 864/1059 865/1060 649/844 
f 864/1059 557/752 555/750 865/1060 
f 865/1060 555/750 550/1103 853/1122 
f 649/844 865/1060 853/1122 651/846 
f 664/859 663/858 866/1061 867/1062 
f 663/858 662/857 868/1063 866/1061 
f 866/1061 868/1063 869/1064 870/1065 
f 867/1062 866/1061 870/1065 871/1066 
f 662/857 672/867 872/1067 868/1063 
f 672/867 671/866 873/1068 872/1067 
f 872/1067 873/1068 874/1069 875/1070 
f 868/1063 872/1067 875/1070 869/1064 
f 671/866 678/873 876/1071 873/1068 
f 678/873 677/872 877/1072 876/1071 
f 876/1071 877/1072 878/1073 879/1074 
f 873/1068 876/1071 879/1074 874/1069 
f 677/872 684/879 880/1075 877/1072 
f 684/879 683/878 881/1076 880/1075 
f 880/1075 881/1076 882/1077 883/1078 
f 877/1072 880/1075 883/1078 878/1073 
f 683/878 690/885 884/1079 881/1076 
f 690/885 689/884 885/1080 884/1079 
f 884/1079 885/1080 886/1081 887/1082 
f 881/1076 884/1079 887/1082 882/1077 
f 689/884 696/891 888/1083 885/1080 
f 696/891 695/890 889/1084 888/1083 
f 888/1083 889/1084 890/1085 891/1086 
f 885/1080 888/1083 891/1086 886/1081 
f 695/890 702/897 892/1087 889/1084 
f 702/897 701/896 893/1088 892/1087 
f 892/1087 893/1088 894/1089 895/1090 
f 889/1084 892/1087 895/1090 890/1085 
f 701/1112 705/900 896/1091 893/1123 
f 705/900 664/859 867/1062 896/1091 
f 896/1091 867/1062 871/1066 897/1092 
f 893/1123 896/1091 897/1092 894/1124 
# 374 polygons

#
# object 2?_??___??_?3
#

v  3.954892 20.351353 24.116409
v  3.954892 13.724968 24.116409
v  3.954891 20.351353 27.590570
v  3.954891 13.724968 27.590570
v  3.714892 20.351353 24.116409
v  3.714892 13.724968 24.116409
v  3.714891 20.351353 27.590570
v  3.714891 13.724968 27.590570
v  4.167933 16.973709 27.047483
v  4.176602 16.981493 27.067919
v  4.192338 16.954964 27.066227
v  4.176602 16.953274 27.039698
v  4.180699 16.985683 27.096434
v  4.197480 16.957214 27.096434
v  4.202943 16.924757 27.096434
v  4.197480 16.924757 27.063978
v  4.180699 16.924757 27.035507
v  4.176602 16.981493 27.124950
v  4.192338 16.954964 27.126642
v  4.167933 16.973709 27.145386
v  4.176602 16.953274 27.153170
v  4.180699 16.924757 27.157360
v  4.197480 16.924757 27.128891
v  4.192338 16.894550 27.126642
v  4.197480 16.892300 27.096434
v  4.176602 16.896240 27.153170
v  4.167933 16.875807 27.145386
v  4.176602 16.868021 27.124950
v  4.180699 16.863831 27.096434
v  4.192338 16.894550 27.066227
v  4.176602 16.896240 27.039698
v  4.176602 16.868021 27.067919
v  4.167933 16.875807 27.047483
v  4.058977 16.977098 27.044092
v  4.058979 16.991638 27.067938
v  4.084358 17.002144 27.063364
v  4.084356 16.985443 27.035749
v  4.058981 16.996582 27.096434
v  4.084360 17.007767 27.096434
v  4.118074 17.014830 27.096434
v  4.117512 17.008781 27.060471
v  4.116949 16.990717 27.030474
v  4.058979 16.991638 27.124931
v  4.084358 17.002144 27.129505
v  4.058977 16.977098 27.148775
v  4.084357 16.985443 27.157120
v  4.116949 16.990717 27.162395
v  4.117512 17.008781 27.132399
v  4.149960 17.000664 27.128874
v  4.152209 17.006178 27.096434
v  4.147710 16.984283 27.155962
v  4.149960 17.000664 27.063993
v  4.147710 16.984283 27.036907
v  4.058979 16.953255 27.163317
v  4.084358 16.957829 27.173820
v  4.058981 16.924757 27.168261
v  4.084360 16.924757 27.179443
v  4.118075 16.924757 27.186506
v  4.117512 16.960720 27.180458
v  4.058979 16.896259 27.163317
v  4.084358 16.891685 27.173820
v  4.058977 16.872416 27.148775
v  4.084357 16.864071 27.157120
v  4.116949 16.858797 27.162395
v  4.117512 16.888794 27.180458
v  4.149960 16.892317 27.172342
v  4.152209 16.924757 27.177856
v  4.147710 16.865231 27.155962
v  4.149960 16.957197 27.172342
v  4.058979 16.857876 27.124931
v  4.084358 16.847370 27.129505
v  4.058981 16.852932 27.096434
v  4.084360 16.841747 27.096434
v  4.118074 16.834686 27.096434
v  4.117512 16.840733 27.132399
v  4.058979 16.857876 27.067938
v  4.084358 16.847370 27.063364
v  4.058977 16.872416 27.044092
v  4.084356 16.864071 27.035749
v  4.116949 16.858797 27.030474
v  4.117512 16.840733 27.060471
v  4.149960 16.848850 27.063993
v  4.152209 16.843336 27.096434
v  4.147710 16.865231 27.036907
v  4.149960 16.848850 27.128874
v  4.058979 16.896259 27.029552
v  4.084358 16.891685 27.019047
v  4.058981 16.924757 27.024609
v  4.084360 16.924757 27.013424
v  4.118074 16.924757 27.006363
v  4.117512 16.888794 27.012411
v  4.058979 16.953255 27.029552
v  4.084358 16.957829 27.019047
v  4.117512 16.960720 27.012411
v  4.149960 16.957197 27.020527
v  4.152209 16.924757 27.015013
v  4.149960 16.892317 27.020527
v  4.045635 16.976046 27.045145
v  4.045634 16.952669 27.030840
v  4.034976 16.955463 27.024273
v  4.034974 16.981182 27.040010
v  4.045634 16.924757 27.025955
v  4.034978 16.924757 27.018902
v  4.023957 16.924757 27.011932
v  4.023952 16.958229 27.017784
v  4.023948 16.986259 27.034931
v  4.045634 16.896845 27.030840
v  4.034976 16.894051 27.024273
v  4.045635 16.873468 27.045145
v  4.034974 16.868332 27.040010
v  4.023948 16.863255 27.034931
v  4.023952 16.891285 27.017784
v  4.045634 16.859163 27.068521
v  4.034976 16.852596 27.065727
v  4.045634 16.854279 27.096434
v  4.034978 16.847223 27.096434
v  4.023957 16.840254 27.096434
v  4.023952 16.846107 27.062962
v  4.045634 16.859163 27.124346
v  4.034976 16.852596 27.127142
v  4.045635 16.873468 27.147722
v  4.034974 16.868332 27.152859
v  4.023949 16.863255 27.157938
v  4.023952 16.846107 27.129908
v  4.045634 16.896845 27.162027
v  4.034976 16.894051 27.168594
v  4.045634 16.924757 27.166912
v  4.034978 16.924757 27.173967
v  4.023957 16.924757 27.180937
v  4.023952 16.891285 27.175085
v  4.045634 16.952669 27.162027
v  4.034976 16.955463 27.168594
v  4.045635 16.976046 27.147722
v  4.034974 16.981182 27.152859
v  4.023949 16.986259 27.157938
v  4.023952 16.958229 27.175085
v  4.045634 16.990351 27.124346
v  4.034976 16.996918 27.127142
v  4.045634 16.995235 27.096434
v  4.034978 17.002291 27.096434
v  4.023957 17.009260 27.096434
v  4.023952 17.003407 27.129908
v  4.045634 16.990351 27.068521
v  4.034976 16.996918 27.065727
v  4.023952 17.003407 27.062962
v  3.960956 16.924757 27.008516
v  3.947178 16.924757 27.008284
v  3.947178 16.959669 27.014393
v  3.960956 16.959579 27.014606
v  3.933535 16.924757 27.008284
v  3.933535 16.959669 27.014393
v  3.933535 16.988907 27.032286
v  3.947178 16.988907 27.032286
v  3.960956 16.988743 27.032450
v  3.960956 16.860771 27.032450
v  3.947178 16.860607 27.032286
v  3.947178 16.889845 27.014393
v  3.960956 16.889935 27.014606
v  3.933535 16.860607 27.032286
v  3.933535 16.889845 27.014393
v  3.960956 16.836838 27.096434
v  3.947178 16.836605 27.096434
v  3.947178 16.842716 27.061523
v  3.960956 16.842930 27.061611
v  3.933535 16.836605 27.096434
v  3.933535 16.842716 27.061523
v  3.960957 16.860771 27.160419
v  3.947178 16.860607 27.160583
v  3.947178 16.842716 27.131346
v  3.960957 16.842930 27.131256
v  3.933535 16.860607 27.160583
v  3.933535 16.842716 27.131346
v  3.960957 16.924757 27.184353
v  3.947178 16.924757 27.184586
v  3.947178 16.889845 27.178476
v  3.960957 16.889935 27.178263
v  3.933535 16.924757 27.184586
v  3.933535 16.889845 27.178476
v  3.960957 16.988743 27.160419
v  3.947178 16.988907 27.160583
v  3.947178 16.959669 27.178476
v  3.960957 16.959579 27.178263
v  3.933535 16.988907 27.160583
v  3.933535 16.959669 27.178476
v  3.960956 17.012676 27.096434
v  3.947178 17.012909 27.096434
v  3.947178 17.006798 27.131346
v  3.960957 17.006584 27.131256
v  3.933535 17.012909 27.096434
v  3.933535 17.006798 27.131346
v  3.947178 17.006798 27.061523
v  3.960956 17.006584 27.061611
v  3.933535 17.006798 27.061523
v  4.013769 16.924757 27.011894
v  4.004085 16.924757 27.017469
v  4.004085 16.956165 27.022854
v  4.013769 16.958290 27.017719
v  3.994458 16.924757 27.022966
v  3.994458 16.954067 27.027916
v  3.994458 16.978523 27.042667
v  4.004085 16.982410 27.038780
v  4.013768 16.986351 27.034840
v  4.013768 16.863163 27.034840
v  4.004085 16.867104 27.038780
v  4.004085 16.893351 27.022854
v  4.013769 16.891226 27.017719
v  3.994458 16.870991 27.042667
v  3.994458 16.895447 27.027916
v  4.013769 16.840216 27.096434
v  4.004085 16.845793 27.096434
v  4.004085 16.851175 27.065027
v  4.013769 16.846043 27.062902
v  3.994458 16.851290 27.096434
v  3.994458 16.856239 27.067125
v  4.013768 16.863163 27.158030
v  4.004085 16.867104 27.154087
v  4.004085 16.851175 27.127842
v  4.013769 16.846043 27.129967
v  3.994458 16.870991 27.150202
v  3.994458 16.856239 27.125744
v  4.013769 16.924757 27.180975
v  4.004085 16.924757 27.175400
v  4.004085 16.893351 27.170015
v  4.013769 16.891226 27.175150
v  3.994458 16.924757 27.169903
v  3.994458 16.895447 27.164953
v  4.013768 16.986351 27.158030
v  4.004085 16.982410 27.154087
v  4.004085 16.956165 27.170015
v  4.013769 16.958290 27.175150
v  3.994458 16.978523 27.150202
v  3.994458 16.954067 27.164953
v  4.013769 17.009298 27.096434
v  4.004085 17.003721 27.096434
v  4.004085 16.998339 27.127842
v  4.013769 17.003473 27.129967
v  3.994458 16.998226 27.096434
v  3.994458 16.993277 27.125744
v  4.004085 16.998339 27.065027
v  4.013769 17.003473 27.062902
v  3.994458 16.993277 27.067125
v  3.971458 16.986462 27.034729
v  3.978719 16.982410 27.038780
v  3.978719 16.956163 27.022854
v  3.971458 16.958349 27.017578
v  3.985884 16.978523 27.042667
v  3.985884 16.954067 27.027916
v  3.985884 16.924757 27.022966
v  3.978719 16.924757 27.017469
v  3.971458 16.924757 27.011742
v  3.978719 16.893351 27.022854
v  3.971458 16.891165 27.017578
v  3.985884 16.895447 27.027916
v  3.985884 16.870991 27.042667
v  3.978719 16.867104 27.038780
v  3.971458 16.863052 27.034729
v  3.978719 16.851175 27.065027
v  3.971458 16.845900 27.062841
v  3.985884 16.856239 27.067125
v  3.985884 16.851290 27.096434
v  3.978719 16.845793 27.096434
v  3.971458 16.840065 27.096434
v  3.978719 16.851175 27.127842
v  3.971458 16.845900 27.130026
v  3.985884 16.856239 27.125744
v  3.985884 16.870991 27.150202
v  3.978719 16.867104 27.154087
v  3.971458 16.863052 27.158138
v  3.978719 16.893351 27.170015
v  3.971458 16.891165 27.175291
v  3.985884 16.895447 27.164953
v  3.985884 16.924757 27.169903
v  3.978719 16.924757 27.175400
v  3.971458 16.924757 27.181128
v  3.978719 16.956163 27.170015
v  3.971458 16.958349 27.175291
v  3.985884 16.954067 27.164953
v  3.985884 16.978523 27.150202
v  3.978719 16.982410 27.154087
v  3.971458 16.986462 27.158138
v  3.978719 16.998339 27.127842
v  3.971458 17.003614 27.130026
v  3.985884 16.993277 27.125744
v  3.985884 16.998226 27.096434
v  3.978719 17.003721 27.096434
v  3.971458 17.009451 27.096434
v  3.978719 16.998339 27.065027
v  3.971458 17.003614 27.062841
v  3.985884 16.993277 27.067125
v  3.989761 16.924757 27.024799
v  3.989761 16.953369 27.029604
v  3.989761 16.977228 27.043962
v  3.989761 16.872286 27.043962
v  3.989761 16.896147 27.029604
v  3.989761 16.853121 27.096434
v  3.989761 16.857925 27.067823
v  3.989761 16.872286 27.148907
v  3.989761 16.857925 27.125046
v  3.989761 16.924757 27.168070
v  3.989761 16.896147 27.163265
v  3.989761 16.977228 27.148907
v  3.989761 16.953369 27.163265
v  3.989761 16.996393 27.096434
v  3.989761 16.991589 27.125046
v  3.989761 16.991589 27.067823
v  4.018641 16.924757 27.009821
v  4.018637 16.959074 27.015814
v  4.018634 16.987808 27.033382
v  4.018634 16.861706 27.033382
v  4.018637 16.890440 27.015814
v  4.018641 16.838144 27.096434
v  4.018637 16.844137 27.062117
v  4.018634 16.861706 27.159487
v  4.018638 16.844137 27.130753
v  4.018641 16.924757 27.183046
v  4.018638 16.890440 27.177055
v  4.018634 16.987808 27.159487
v  4.018638 16.959074 27.177055
v  4.018641 17.011370 27.096434
v  4.018638 17.005379 27.130753
v  4.018637 17.005379 27.062117
v  3.967294 16.988251 27.032942
v  3.967294 16.959314 27.015247
v  3.967294 16.924757 27.009212
v  3.967294 16.890200 27.015247
v  3.967294 16.861263 27.032942
v  3.967294 16.843571 27.061878
v  3.967294 16.837536 27.096434
v  3.967294 16.843571 27.130991
v  3.967294 16.861263 27.159927
v  3.967294 16.890200 27.177620
v  3.967294 16.924757 27.183657
v  3.967294 16.959314 27.177620
v  3.967294 16.988251 27.159927
v  3.967294 17.005943 27.130991
v  3.967294 17.011980 27.096434
v  3.967294 17.005943 27.061878
v  4.049852 16.974325 27.046865
v  4.049853 16.951733 27.033043
v  4.049854 16.924757 27.028322
v  4.049854 16.992870 27.096434
v  4.049853 16.988150 27.069458
v  4.049853 16.897781 27.033043
v  4.049852 16.875189 27.046865
v  4.049853 16.861364 27.069458
v  4.049854 16.856646 27.096434
v  4.049853 16.861364 27.123411
v  4.049852 16.875189 27.146004
v  4.049853 16.897781 27.159826
v  4.049854 16.924757 27.164547
v  4.049853 16.951733 27.159826
v  4.049852 16.974325 27.146004
v  4.049853 16.988150 27.123411
v  3.927604 16.959669 27.014393
v  3.927604 16.988907 27.032286
v  3.927604 16.924757 27.008284
v  3.925529 16.924757 27.008284
v  3.925529 16.959669 27.014393
v  3.925529 16.988907 27.032286
v  3.927604 16.889845 27.014393
v  3.927604 16.860607 27.032286
v  3.925529 16.860607 27.032286
v  3.925529 16.889845 27.014393
v  3.927604 16.842716 27.061523
v  3.927604 16.836605 27.096434
v  3.925529 16.836605 27.096434
v  3.925529 16.842716 27.061523
v  3.927604 16.842716 27.131346
v  3.927604 16.860607 27.160583
v  3.925529 16.860607 27.160583
v  3.925529 16.842716 27.131346
v  3.927604 16.889845 27.178476
v  3.927604 16.924757 27.184586
v  3.925529 16.924757 27.184586
v  3.925529 16.889845 27.178476
v  3.927604 16.959669 27.178476
v  3.927604 16.988907 27.160583
v  3.925529 16.988907 27.160583
v  3.925529 16.959669 27.178476
v  3.927604 17.006798 27.131346
v  3.927604 17.012909 27.096434
v  3.925529 17.012909 27.096434
v  3.925529 17.006798 27.131346
v  3.927604 17.006798 27.061523
v  3.925529 17.006798 27.061523
# 385 vertices

vt 0.443544 0.981860 0.000000
vt 0.599233 0.981860 0.000000
vt 0.443544 0.904762 0.000000
vt 0.599233 0.904762 0.000000
vt 0.090767 0.017527 0.000000
vt 0.090608 0.017915 0.000000
vt 0.090177 0.017818 0.000000
vt 0.090543 0.017347 0.000000
vt 0.090509 0.018467 0.000000
vt 0.089973 0.018472 0.000000
vt 0.089296 0.018479 0.000000
vt 0.089879 0.017610 0.000000
vt 0.090344 0.017138 0.000000
vt 0.090618 0.019018 0.000000
vt 0.090189 0.019122 0.000000
vt 0.090784 0.019402 0.000000
vt 0.090564 0.019587 0.000000
vt 0.090369 0.019799 0.000000
vt 0.089896 0.019337 0.000000
vt 0.089610 0.019617 0.000000
vt 0.088821 0.019016 0.000000
vt 0.090172 0.020044 0.000000
vt 0.089998 0.020347 0.000000
vt 0.089431 0.020195 0.000000
vt 0.088435 0.019933 0.000000
vt 0.089588 0.017335 0.000000
vt 0.090142 0.016897 0.000000
vt 0.089398 0.016760 0.000000
vt 0.089963 0.016597 0.000000
vt 0.093375 0.016792 0.000000
vt 0.093525 0.017569 0.000000
vt 0.092716 0.017614 0.000000
vt 0.092534 0.016923 0.000000
vt 0.093582 0.018439 0.000000
vt 0.092789 0.018446 0.000000
vt 0.091934 0.018454 0.000000
vt 0.091884 0.017715 0.000000
vt 0.091760 0.017113 0.000000
vt 0.093541 0.019311 0.000000
vt 0.092731 0.019280 0.000000
vt 0.093404 0.020090 0.000000
vt 0.092562 0.019973 0.000000
vt 0.091784 0.019798 0.000000
vt 0.091897 0.019194 0.000000
vt 0.091203 0.019072 0.000000
vt 0.091164 0.018461 0.000000
vt 0.091193 0.019583 0.000000
vt 0.091191 0.017850 0.000000
vt 0.091172 0.017339 0.000000
vt 0.093227 0.020700 0.000000
vt 0.092370 0.020473 0.000000
vt 0.093046 0.021215 0.000000
vt 0.092191 0.020880 0.000000
vt 0.091457 0.020527 0.000000
vt 0.091627 0.020211 0.000000
vt 0.092857 0.021746 0.000000
vt 0.092011 0.021308 0.000000
vt 0.092597 0.022403 0.000000
vt 0.091756 0.021867 0.000000
vt 0.090983 0.021288 0.000000
vt 0.091281 0.020858 0.000000
vt 0.090705 0.020465 0.000000
vt 0.090882 0.020186 0.000000
vt 0.090385 0.020770 0.000000
vt 0.091059 0.019931 0.000000
vt 0.092198 0.023267 0.000000
vt 0.091310 0.022678 0.000000
vt 0.091698 0.024274 0.000000
vt 0.090643 0.023752 0.000000
vt 0.089355 0.022824 0.000000
vt 0.090389 0.021908 0.000000
vt 0.092109 0.013633 0.000000
vt 0.091231 0.014240 0.000000
vt 0.092525 0.014491 0.000000
vt 0.091693 0.015044 0.000000
vt 0.090930 0.015638 0.000000
vt 0.090324 0.015028 0.000000
vt 0.089649 0.015891 0.000000
vt 0.088474 0.015601 0.000000
vt 0.090342 0.016166 0.000000
vt 0.089698 0.021058 0.000000
vt 0.092797 0.015145 0.000000
vt 0.091958 0.015598 0.000000
vt 0.092996 0.015672 0.000000
vt 0.092147 0.016022 0.000000
vt 0.091419 0.016390 0.000000
vt 0.091236 0.016062 0.000000
vt 0.093187 0.016184 0.000000
vt 0.092333 0.016427 0.000000
vt 0.091595 0.016703 0.000000
vt 0.091032 0.016993 0.000000
vt 0.090849 0.016741 0.000000
vt 0.090667 0.016466 0.000000
vt 0.093888 0.016698 0.000000
vt 0.093745 0.016029 0.000000
vt 0.094187 0.015851 0.000000
vt 0.094303 0.016525 0.000000
vt 0.093586 0.015463 0.000000
vt 0.094051 0.015313 0.000000
vt 0.094456 0.015190 0.000000
vt 0.094588 0.015696 0.000000
vt 0.094713 0.016365 0.000000
vt 0.093364 0.014901 0.000000
vt 0.093851 0.014784 0.000000
vt 0.093057 0.014224 0.000000
vt 0.093546 0.014120 0.000000
vt 0.094013 0.014023 0.000000
vt 0.094285 0.014687 0.000000
vt 0.092631 0.013354 0.000000
vt 0.093102 0.013209 0.000000
vt 0.092125 0.012366 0.000000
vt 0.092562 0.012130 0.000000
vt 0.093014 0.011894 0.000000
vt 0.093575 0.013065 0.000000
vt 0.092724 0.023536 0.000000
vt 0.093196 0.023672 0.000000
vt 0.093133 0.022660 0.000000
vt 0.093623 0.022755 0.000000
vt 0.094091 0.022843 0.000000
vt 0.093671 0.023807 0.000000
vt 0.093428 0.021978 0.000000
vt 0.093916 0.022087 0.000000
vt 0.093639 0.021413 0.000000
vt 0.094107 0.021554 0.000000
vt 0.094513 0.021670 0.000000
vt 0.094351 0.022176 0.000000
vt 0.093788 0.020845 0.000000
vt 0.094233 0.021015 0.000000
vt 0.093919 0.020174 0.000000
vt 0.094337 0.020339 0.000000
vt 0.094749 0.020492 0.000000
vt 0.094635 0.021163 0.000000
vt 0.094022 0.019346 0.000000
vt 0.094427 0.019446 0.000000
vt 0.094054 0.018435 0.000000
vt 0.094460 0.018431 0.000000
vt 0.094884 0.018428 0.000000
vt 0.094848 0.019543 0.000000
vt 0.094006 0.017525 0.000000
vt 0.094409 0.017418 0.000000
vt 0.094828 0.017313 0.000000
vt 0.097222 0.014448 0.000000
vt 0.097745 0.014320 0.000000
vt 0.097884 0.015017 0.000000
vt 0.097341 0.015106 0.000000
vt 0.098303 0.014187 0.000000
vt 0.098450 0.014923 0.000000
vt 0.098568 0.015832 0.000000
vt 0.097991 0.015891 0.000000
vt 0.097423 0.015946 0.000000
vt 0.096695 0.013010 0.000000
vt 0.097238 0.012793 0.000000
vt 0.097548 0.013634 0.000000
vt 0.097019 0.013807 0.000000
vt 0.097792 0.012579 0.000000
vt 0.098101 0.013460 0.000000
vt 0.095617 0.010668 0.000000
vt 0.096180 0.010402 0.000000
vt 0.096764 0.011684 0.000000
vt 0.096209 0.011930 0.000000
vt 0.096743 0.010147 0.000000
vt 0.097321 0.011443 0.000000
vt 0.096783 0.023808 0.000000
vt 0.097328 0.024017 0.000000
vt 0.096873 0.025127 0.000000
vt 0.096317 0.024892 0.000000
vt 0.097881 0.024220 0.000000
vt 0.097431 0.025359 0.000000
vt 0.097287 0.022365 0.000000
vt 0.097811 0.022485 0.000000
vt 0.097625 0.023174 0.000000
vt 0.097094 0.023008 0.000000
vt 0.098369 0.022612 0.000000
vt 0.098177 0.023340 0.000000
vt 0.097464 0.020866 0.000000
vt 0.098033 0.020912 0.000000
vt 0.097940 0.021787 0.000000
vt 0.097395 0.021707 0.000000
vt 0.098613 0.020961 0.000000
vt 0.098508 0.021874 0.000000
vt 0.097519 0.018405 0.000000
vt 0.098106 0.018400 0.000000
vt 0.098091 0.019743 0.000000
vt 0.097508 0.019724 0.000000
vt 0.098692 0.018395 0.000000
vt 0.098679 0.019763 0.000000
vt 0.098068 0.017057 0.000000
vt 0.097485 0.017087 0.000000
vt 0.098654 0.017027 0.000000
vt 0.094786 0.015093 0.000000
vt 0.095158 0.014987 0.000000
vt 0.095318 0.015575 0.000000
vt 0.094928 0.015615 0.000000
vt 0.095613 0.014862 0.000000
vt 0.095777 0.015532 0.000000
vt 0.095918 0.016322 0.000000
vt 0.095479 0.016308 0.000000
vt 0.095079 0.016301 0.000000
vt 0.094382 0.013875 0.000000
vt 0.094743 0.013652 0.000000
vt 0.094988 0.014394 0.000000
vt 0.094626 0.014569 0.000000
vt 0.095136 0.013409 0.000000
vt 0.095416 0.014193 0.000000
vt 0.093424 0.011703 0.000000
vt 0.093829 0.011529 0.000000
vt 0.094342 0.012663 0.000000
vt 0.093970 0.012889 0.000000
vt 0.094232 0.011355 0.000000
vt 0.094725 0.012432 0.000000
vt 0.094462 0.022985 0.000000
vt 0.094826 0.023201 0.000000
vt 0.094443 0.024194 0.000000
vt 0.094068 0.023976 0.000000
vt 0.095222 0.023437 0.000000
vt 0.094830 0.024418 0.000000
vt 0.094844 0.021761 0.000000
vt 0.095217 0.021861 0.000000
vt 0.095058 0.022456 0.000000
vt 0.094693 0.022288 0.000000
vt 0.095673 0.021978 0.000000
vt 0.095488 0.022650 0.000000
vt 0.095116 0.020550 0.000000
vt 0.095516 0.020537 0.000000
vt 0.095367 0.021271 0.000000
vt 0.094976 0.021238 0.000000
vt 0.095953 0.020515 0.000000
vt 0.095826 0.021306 0.000000
vt 0.095273 0.018424 0.000000
vt 0.095661 0.018421 0.000000
vt 0.095628 0.019551 0.000000
vt 0.095234 0.019574 0.000000
vt 0.096062 0.018418 0.000000
vt 0.096039 0.019522 0.000000
vt 0.095609 0.017292 0.000000
vt 0.095214 0.017276 0.000000
vt 0.096021 0.017314 0.000000
vt 0.096983 0.016028 0.000000
vt 0.096649 0.016146 0.000000
vt 0.096570 0.015319 0.000000
vt 0.096917 0.015201 0.000000
vt 0.096309 0.016272 0.000000
vt 0.096199 0.015449 0.000000
vt 0.096054 0.014745 0.000000
vt 0.096448 0.014643 0.000000
vt 0.096808 0.014552 0.000000
vt 0.096228 0.013987 0.000000
vt 0.096594 0.013924 0.000000
vt 0.095833 0.014053 0.000000
vt 0.095520 0.013256 0.000000
vt 0.095893 0.013202 0.000000
vt 0.096255 0.013146 0.000000
vt 0.095426 0.012184 0.000000
vt 0.095767 0.012096 0.000000
vt 0.095086 0.012272 0.000000
vt 0.094582 0.011193 0.000000
vt 0.094882 0.011038 0.000000
vt 0.095188 0.010879 0.000000
vt 0.095533 0.024652 0.000000
vt 0.095874 0.024735 0.000000
vt 0.095192 0.024571 0.000000
vt 0.095607 0.023582 0.000000
vt 0.095981 0.023630 0.000000
vt 0.096343 0.023680 0.000000
vt 0.096302 0.022842 0.000000
vt 0.096668 0.022899 0.000000
vt 0.095907 0.022782 0.000000
vt 0.096116 0.022088 0.000000
vt 0.096511 0.022183 0.000000
vt 0.096872 0.022268 0.000000
vt 0.096622 0.021506 0.000000
vt 0.096970 0.021618 0.000000
vt 0.096250 0.021382 0.000000
vt 0.096345 0.020558 0.000000
vt 0.096687 0.020678 0.000000
vt 0.097023 0.020791 0.000000
vt 0.096732 0.019610 0.000000
vt 0.097059 0.019680 0.000000
vt 0.096409 0.019540 0.000000
vt 0.096426 0.018414 0.000000
vt 0.096746 0.018412 0.000000
vt 0.097070 0.018409 0.000000
vt 0.096712 0.017214 0.000000
vt 0.097038 0.017138 0.000000
vt 0.096390 0.017290 0.000000
vt 0.095851 0.014798 0.000000
vt 0.096009 0.015509 0.000000
vt 0.096133 0.016324 0.000000
vt 0.095333 0.013297 0.000000
vt 0.095634 0.014095 0.000000
vt 0.094424 0.011270 0.000000
vt 0.094914 0.012326 0.000000
vt 0.095420 0.023545 0.000000
vt 0.095019 0.024520 0.000000
vt 0.095912 0.022038 0.000000
vt 0.095708 0.022743 0.000000
vt 0.096169 0.020509 0.000000
vt 0.096059 0.021326 0.000000
vt 0.096260 0.018416 0.000000
vt 0.096241 0.019513 0.000000
vt 0.096222 0.017319 0.000000
vt 0.094625 0.015140 0.000000
vt 0.094759 0.015634 0.000000
vt 0.094898 0.016304 0.000000
vt 0.094215 0.013973 0.000000
vt 0.094468 0.014645 0.000000
vt 0.093226 0.011790 0.000000
vt 0.093789 0.012992 0.000000
vt 0.094294 0.022890 0.000000
vt 0.093886 0.023876 0.000000
vt 0.094683 0.021717 0.000000
vt 0.094534 0.022215 0.000000
vt 0.094935 0.020550 0.000000
vt 0.094807 0.021222 0.000000
vt 0.095086 0.018426 0.000000
vt 0.095047 0.019578 0.000000
vt 0.095027 0.017274 0.000000
vt 0.097163 0.015976 0.000000
vt 0.097094 0.015149 0.000000
vt 0.096988 0.014506 0.000000
vt 0.096778 0.013886 0.000000
vt 0.096444 0.013107 0.000000
vt 0.095952 0.012040 0.000000
vt 0.095360 0.010792 0.000000
vt 0.096059 0.024787 0.000000
vt 0.096532 0.023716 0.000000
vt 0.096852 0.022933 0.000000
vt 0.097053 0.022311 0.000000
vt 0.097148 0.021668 0.000000
vt 0.097204 0.020840 0.000000
vt 0.097241 0.019710 0.000000
vt 0.097252 0.018407 0.000000
vt 0.097219 0.017105 0.000000
vt 0.093727 0.016766 0.000000
vt 0.093568 0.016105 0.000000
vt 0.093389 0.015530 0.000000
vt 0.093899 0.018436 0.000000
vt 0.093851 0.017563 0.000000
vt 0.093167 0.014952 0.000000
vt 0.092865 0.014269 0.000000
vt 0.092449 0.013416 0.000000
vt 0.091957 0.012456 0.000000
vt 0.092541 0.023478 0.000000
vt 0.092940 0.022618 0.000000
vt 0.093229 0.021931 0.000000
vt 0.093441 0.021350 0.000000
vt 0.093610 0.020773 0.000000
vt 0.093757 0.020110 0.000000
vt 0.093866 0.019310 0.000000
vt 0.098705 0.014880 0.000000
vt 0.098825 0.015806 0.000000
vt 0.098554 0.014127 0.000000
vt 0.098644 0.014106 0.000000
vt 0.098796 0.014865 0.000000
vt 0.098916 0.015797 0.000000
vt 0.098351 0.013382 0.000000
vt 0.098038 0.012486 0.000000
vt 0.098125 0.012453 0.000000
vt 0.098440 0.013354 0.000000
vt 0.097565 0.011338 0.000000
vt 0.096987 0.010038 0.000000
vt 0.097073 0.010000 0.000000
vt 0.097651 0.011301 0.000000
vt 0.097676 0.025459 0.000000
vt 0.098127 0.024309 0.000000
vt 0.098215 0.024341 0.000000
vt 0.097762 0.025494 0.000000
vt 0.098427 0.023415 0.000000
vt 0.098622 0.022669 0.000000
vt 0.098712 0.022689 0.000000
vt 0.098516 0.023441 0.000000
vt 0.098764 0.021913 0.000000
vt 0.098871 0.020984 0.000000
vt 0.098962 0.020991 0.000000
vt 0.098855 0.021927 0.000000
vt 0.098938 0.019771 0.000000
vt 0.098950 0.018392 0.000000
vt 0.099041 0.018391 0.000000
vt 0.099029 0.019774 0.000000
vt 0.098912 0.017015 0.000000
vt 0.099002 0.017010 0.000000
vt 0.283149 0.973356 0.000000
vt 0.283149 0.895401 0.000000
vt 0.410674 0.895401 0.000000
vt 0.410674 0.973356 0.000000
vt 0.268282 0.982444 0.000000
vt 0.268282 0.886313 0.000000
vt 0.425540 0.886313 0.000000
vt 0.425540 0.982444 0.000000
vt 0.088811 0.017951 0.000000
vt 0.088407 0.017042 0.000000
vt 0.091590 0.012634 0.000000
vt 0.090543 0.013177 0.000000
vt 0.089271 0.014131 0.000000
vt 0.088530 0.021371 0.000000
vt 0.092238 0.024531 0.000000
vt 0.092678 0.024759 0.000000
vt 0.093133 0.024985 0.000000
vt 0.095749 0.026160 0.000000
vt 0.096315 0.026413 0.000000
vt 0.096879 0.026656 0.000000
vt 0.093546 0.025169 0.000000
vt 0.093953 0.025335 0.000000
vt 0.094358 0.025501 0.000000
vt 0.094709 0.025656 0.000000
vt 0.095011 0.025804 0.000000
vt 0.095318 0.025957 0.000000
vt 0.094551 0.025582 0.000000
vt 0.093347 0.025085 0.000000
vt 0.095492 0.026041 0.000000
vt 0.092069 0.024445 0.000000
vt 0.097124 0.026760 0.000000
vt 0.097209 0.026796 0.000000
# 413 texture coords

o 2?_??___??_?3
g 2?_??___??_?3
f 898/1506 900/1507 901/1508 899/1509 
f 905/1128 904/1127 902/1125 903/1126 
f 900/1507 898/1506 902/1510 904/1511 
f 901/1508 900/1507 904/1511 905/1512 
f 899/1509 901/1508 905/1512 903/1513 
f 898/1506 899/1509 903/1513 902/1510 
f 906/1129 907/1130 908/1131 909/1132 
f 907/1130 910/1133 911/1134 908/1131 
f 908/1131 911/1134 912/1135 913/1136 
f 909/1132 908/1131 913/1136 914/1137 
f 910/1133 915/1138 916/1139 911/1134 
f 915/1138 917/1140 918/1141 916/1139 
f 916/1139 918/1141 919/1142 920/1143 
f 911/1134 916/1139 920/1143 912/1135 
f 912/1135 920/1143 921/1144 922/1145 
f 920/1143 919/1142 923/1146 921/1144 
f 921/1144 923/1146 924/1147 925/1148 
f 922/1145 921/1144 925/1148 926/1149 
f 914/1137 913/1136 927/1150 928/1151 
f 913/1136 912/1135 922/1514 927/1150 
f 927/1150 922/1514 926/1515 929/1152 
f 928/1151 927/1150 929/1152 930/1153 
f 931/1154 932/1155 933/1156 934/1157 
f 932/1155 935/1158 936/1159 933/1156 
f 933/1156 936/1159 937/1160 938/1161 
f 934/1157 933/1156 938/1161 939/1162 
f 935/1158 940/1163 941/1164 936/1159 
f 940/1163 942/1165 943/1166 941/1164 
f 941/1164 943/1166 944/1167 945/1168 
f 936/1159 941/1164 945/1168 937/1160 
f 937/1160 945/1168 946/1169 947/1170 
f 945/1168 944/1167 948/1171 946/1169 
f 946/1169 948/1171 917/1140 915/1138 
f 947/1170 946/1169 915/1138 910/1133 
f 939/1162 938/1161 949/1172 950/1173 
f 938/1161 937/1160 947/1170 949/1172 
f 949/1172 947/1170 910/1133 907/1130 
f 950/1173 949/1172 907/1130 906/1129 
f 942/1165 951/1174 952/1175 943/1166 
f 951/1174 953/1176 954/1177 952/1175 
f 952/1175 954/1177 955/1178 956/1179 
f 943/1166 952/1175 956/1179 944/1167 
f 953/1176 957/1180 958/1181 954/1177 
f 957/1180 959/1182 960/1183 958/1181 
f 958/1181 960/1183 961/1184 962/1185 
f 954/1177 958/1181 962/1185 955/1178 
f 955/1178 962/1185 963/1186 964/1187 
f 962/1185 961/1184 965/1188 963/1186 
f 963/1186 965/1188 924/1147 923/1146 
f 964/1187 963/1186 923/1146 919/1142 
f 944/1167 956/1179 966/1189 948/1171 
f 956/1179 955/1178 964/1187 966/1189 
f 966/1189 964/1187 919/1142 918/1141 
f 948/1171 966/1189 918/1141 917/1140 
f 959/1182 967/1190 968/1191 960/1183 
f 967/1190 969/1192 970/1193 968/1191 
f 968/1191 970/1193 971/1194 972/1195 
f 960/1183 968/1191 972/1195 961/1184 
f 969/1516 973/1196 974/1197 970/1517 
f 973/1196 975/1198 976/1199 974/1197 
f 974/1197 976/1199 977/1200 978/1201 
f 970/1517 974/1197 978/1201 971/1518 
f 971/1518 978/1201 979/1202 980/1203 
f 978/1201 977/1200 981/1204 979/1202 
f 979/1202 981/1204 930/1153 929/1152 
f 980/1203 979/1202 929/1152 926/1515 
f 961/1184 972/1195 982/1205 965/1188 
f 972/1195 971/1194 980/1519 982/1205 
f 982/1205 980/1519 926/1149 925/1148 
f 965/1188 982/1205 925/1148 924/1147 
f 975/1198 983/1206 984/1207 976/1199 
f 983/1206 985/1208 986/1209 984/1207 
f 984/1207 986/1209 987/1210 988/1211 
f 976/1199 984/1207 988/1211 977/1200 
f 985/1208 989/1212 990/1213 986/1209 
f 989/1212 931/1154 934/1157 990/1213 
f 990/1213 934/1157 939/1162 991/1214 
f 986/1209 990/1213 991/1214 987/1210 
f 987/1210 991/1214 992/1215 993/1216 
f 991/1214 939/1162 950/1173 992/1215 
f 992/1215 950/1173 906/1129 909/1132 
f 993/1216 992/1215 909/1132 914/1137 
f 977/1200 988/1211 994/1217 981/1204 
f 988/1211 987/1210 993/1216 994/1217 
f 994/1217 993/1216 914/1137 928/1151 
f 981/1204 994/1217 928/1151 930/1153 
f 995/1218 996/1219 997/1220 998/1221 
f 996/1219 999/1222 1000/1223 997/1220 
f 997/1220 1000/1223 1001/1224 1002/1225 
f 998/1221 997/1220 1002/1225 1003/1226 
f 999/1222 1004/1227 1005/1228 1000/1223 
f 1004/1227 1006/1229 1007/1230 1005/1228 
f 1005/1228 1007/1230 1008/1231 1009/1232 
f 1000/1223 1005/1228 1009/1232 1001/1224 
f 1006/1229 1010/1233 1011/1234 1007/1230 
f 1010/1233 1012/1235 1013/1236 1011/1234 
f 1011/1234 1013/1236 1014/1237 1015/1238 
f 1007/1230 1011/1234 1015/1238 1008/1231 
f 1012/1520 1016/1239 1017/1240 1013/1521 
f 1016/1239 1018/1241 1019/1242 1017/1240 
f 1017/1240 1019/1242 1020/1243 1021/1244 
f 1013/1521 1017/1240 1021/1244 1014/1522 
f 1018/1241 1022/1245 1023/1246 1019/1242 
f 1022/1245 1024/1247 1025/1248 1023/1246 
f 1023/1246 1025/1248 1026/1249 1027/1250 
f 1019/1242 1023/1246 1027/1250 1020/1243 
f 1024/1247 1028/1251 1029/1252 1025/1248 
f 1028/1251 1030/1253 1031/1254 1029/1252 
f 1029/1252 1031/1254 1032/1255 1033/1256 
f 1025/1248 1029/1252 1033/1256 1026/1249 
f 1030/1253 1034/1257 1035/1258 1031/1254 
f 1034/1257 1036/1259 1037/1260 1035/1258 
f 1035/1258 1037/1260 1038/1261 1039/1262 
f 1031/1254 1035/1258 1039/1262 1032/1255 
f 1036/1259 1040/1263 1041/1264 1037/1260 
f 1040/1263 995/1218 998/1221 1041/1264 
f 1041/1264 998/1221 1003/1226 1042/1265 
f 1037/1260 1041/1264 1042/1265 1038/1261 
f 1043/1266 1044/1267 1045/1268 1046/1269 
f 1044/1267 1047/1270 1048/1271 1045/1268 
f 1045/1268 1048/1271 1049/1272 1050/1273 
f 1046/1269 1045/1268 1050/1273 1051/1274 
f 1052/1275 1053/1276 1054/1277 1055/1278 
f 1053/1276 1056/1279 1057/1280 1054/1277 
f 1054/1277 1057/1280 1047/1270 1044/1267 
f 1055/1278 1054/1277 1044/1267 1043/1266 
f 1058/1281 1059/1282 1060/1283 1061/1284 
f 1059/1282 1062/1285 1063/1286 1060/1283 
f 1060/1283 1063/1286 1056/1279 1053/1276 
f 1061/1284 1060/1283 1053/1276 1052/1275 
f 1064/1287 1065/1288 1066/1289 1067/1290 
f 1065/1288 1068/1291 1069/1292 1066/1289 
f 1066/1289 1069/1292 1062/1525 1059/1524 
f 1067/1290 1066/1289 1059/1524 1058/1523 
f 1070/1293 1071/1294 1072/1295 1073/1296 
f 1071/1294 1074/1297 1075/1298 1072/1295 
f 1072/1295 1075/1298 1068/1291 1065/1288 
f 1073/1296 1072/1295 1065/1288 1064/1287 
f 1076/1299 1077/1300 1078/1301 1079/1302 
f 1077/1300 1080/1303 1081/1304 1078/1301 
f 1078/1301 1081/1304 1074/1297 1071/1294 
f 1079/1302 1078/1301 1071/1294 1070/1293 
f 1082/1305 1083/1306 1084/1307 1085/1308 
f 1083/1306 1086/1309 1087/1310 1084/1307 
f 1084/1307 1087/1310 1080/1303 1077/1300 
f 1085/1308 1084/1307 1077/1300 1076/1299 
f 1051/1274 1050/1273 1088/1311 1089/1312 
f 1050/1273 1049/1272 1090/1313 1088/1311 
f 1088/1311 1090/1313 1086/1309 1083/1306 
f 1089/1312 1088/1311 1083/1306 1082/1305 
f 1091/1314 1092/1315 1093/1316 1094/1317 
f 1092/1315 1095/1318 1096/1319 1093/1316 
f 1093/1316 1096/1319 1097/1320 1098/1321 
f 1094/1317 1093/1316 1098/1321 1099/1322 
f 1100/1323 1101/1324 1102/1325 1103/1326 
f 1101/1324 1104/1327 1105/1328 1102/1325 
f 1102/1325 1105/1328 1095/1318 1092/1315 
f 1103/1326 1102/1325 1092/1315 1091/1314 
f 1106/1329 1107/1330 1108/1331 1109/1332 
f 1107/1330 1110/1333 1111/1334 1108/1331 
f 1108/1331 1111/1334 1104/1327 1101/1324 
f 1109/1332 1108/1331 1101/1324 1100/1323 
f 1112/1335 1113/1336 1114/1337 1115/1338 
f 1113/1336 1116/1339 1117/1340 1114/1337 
f 1114/1337 1117/1340 1110/1528 1107/1527 
f 1115/1338 1114/1337 1107/1527 1106/1526 
f 1118/1341 1119/1342 1120/1343 1121/1344 
f 1119/1342 1122/1345 1123/1346 1120/1343 
f 1120/1343 1123/1346 1116/1339 1113/1336 
f 1121/1344 1120/1343 1113/1336 1112/1335 
f 1124/1347 1125/1348 1126/1349 1127/1350 
f 1125/1348 1128/1351 1129/1352 1126/1349 
f 1126/1349 1129/1352 1122/1345 1119/1342 
f 1127/1350 1126/1349 1119/1342 1118/1341 
f 1130/1353 1131/1354 1132/1355 1133/1356 
f 1131/1354 1134/1357 1135/1358 1132/1355 
f 1132/1355 1135/1358 1128/1351 1125/1348 
f 1133/1356 1132/1355 1125/1348 1124/1347 
f 1099/1322 1098/1321 1136/1359 1137/1360 
f 1098/1321 1097/1320 1138/1361 1136/1359 
f 1136/1359 1138/1361 1134/1357 1131/1354 
f 1137/1360 1136/1359 1131/1354 1130/1353 
f 1139/1362 1140/1363 1141/1364 1142/1365 
f 1140/1363 1143/1366 1144/1367 1141/1364 
f 1141/1364 1144/1367 1145/1368 1146/1369 
f 1142/1365 1141/1364 1146/1369 1147/1370 
f 1147/1370 1146/1369 1148/1371 1149/1372 
f 1146/1369 1145/1368 1150/1373 1148/1371 
f 1148/1371 1150/1373 1151/1374 1152/1375 
f 1149/1372 1148/1371 1152/1375 1153/1376 
f 1153/1376 1152/1375 1154/1377 1155/1378 
f 1152/1375 1151/1374 1156/1379 1154/1377 
f 1154/1377 1156/1379 1157/1380 1158/1381 
f 1155/1378 1154/1377 1158/1381 1159/1382 
f 1159/1531 1158/1530 1160/1383 1161/1384 
f 1158/1530 1157/1529 1162/1385 1160/1383 
f 1160/1383 1162/1385 1163/1386 1164/1387 
f 1161/1384 1160/1383 1164/1387 1165/1388 
f 1165/1388 1164/1387 1166/1389 1167/1390 
f 1164/1387 1163/1386 1168/1391 1166/1389 
f 1166/1389 1168/1391 1169/1392 1170/1393 
f 1167/1390 1166/1389 1170/1393 1171/1394 
f 1171/1394 1170/1393 1172/1395 1173/1396 
f 1170/1393 1169/1392 1174/1397 1172/1395 
f 1172/1395 1174/1397 1175/1398 1176/1399 
f 1173/1396 1172/1395 1176/1399 1177/1400 
f 1177/1400 1176/1399 1178/1401 1179/1402 
f 1176/1399 1175/1398 1180/1403 1178/1401 
f 1178/1401 1180/1403 1181/1404 1182/1405 
f 1179/1402 1178/1401 1182/1405 1183/1406 
f 1183/1406 1182/1405 1184/1407 1185/1408 
f 1182/1405 1181/1404 1186/1409 1184/1407 
f 1184/1407 1186/1409 1143/1366 1140/1363 
f 1185/1408 1184/1407 1140/1363 1139/1362 
f 1095/1318 1187/1410 1188/1411 1096/1319 
f 1187/1410 1145/1368 1144/1367 1188/1411 
f 1188/1411 1144/1367 1143/1366 1189/1412 
f 1096/1319 1188/1411 1189/1412 1097/1320 
f 1104/1327 1190/1413 1191/1414 1105/1328 
f 1190/1413 1151/1374 1150/1373 1191/1414 
f 1191/1414 1150/1373 1145/1368 1187/1410 
f 1105/1328 1191/1414 1187/1410 1095/1318 
f 1110/1333 1192/1415 1193/1416 1111/1334 
f 1192/1415 1157/1380 1156/1379 1193/1416 
f 1193/1416 1156/1379 1151/1374 1190/1413 
f 1111/1334 1193/1416 1190/1413 1104/1327 
f 1116/1339 1194/1417 1195/1418 1117/1340 
f 1194/1417 1163/1386 1162/1385 1195/1418 
f 1195/1418 1162/1385 1157/1529 1192/1532 
f 1117/1340 1195/1418 1192/1532 1110/1528 
f 1122/1345 1196/1419 1197/1420 1123/1346 
f 1196/1419 1169/1392 1168/1391 1197/1420 
f 1197/1420 1168/1391 1163/1386 1194/1417 
f 1123/1346 1197/1420 1194/1417 1116/1339 
f 1128/1351 1198/1421 1199/1422 1129/1352 
f 1198/1421 1175/1398 1174/1397 1199/1422 
f 1199/1422 1174/1397 1169/1392 1196/1419 
f 1129/1352 1199/1422 1196/1419 1122/1345 
f 1134/1357 1200/1423 1201/1424 1135/1358 
f 1200/1423 1181/1404 1180/1403 1201/1424 
f 1201/1424 1180/1403 1175/1398 1198/1421 
f 1135/1358 1201/1424 1198/1421 1128/1351 
f 1097/1320 1189/1412 1202/1425 1138/1361 
f 1189/1412 1143/1366 1186/1409 1202/1425 
f 1202/1425 1186/1409 1181/1404 1200/1423 
f 1138/1361 1202/1425 1200/1423 1134/1357 
f 1001/1224 1203/1426 1204/1427 1002/1225 
f 1203/1426 1091/1314 1094/1317 1204/1427 
f 1204/1427 1094/1317 1099/1322 1205/1428 
f 1002/1225 1204/1427 1205/1428 1003/1226 
f 1008/1231 1206/1429 1207/1430 1009/1232 
f 1206/1429 1100/1323 1103/1326 1207/1430 
f 1207/1430 1103/1326 1091/1314 1203/1426 
f 1009/1232 1207/1430 1203/1426 1001/1224 
f 1014/1237 1208/1431 1209/1432 1015/1238 
f 1208/1431 1106/1329 1109/1332 1209/1432 
f 1209/1432 1109/1332 1100/1323 1206/1429 
f 1015/1238 1209/1432 1206/1429 1008/1231 
f 1020/1243 1210/1433 1211/1434 1021/1244 
f 1210/1433 1112/1335 1115/1338 1211/1434 
f 1211/1434 1115/1338 1106/1526 1208/1533 
f 1021/1244 1211/1434 1208/1533 1014/1522 
f 1026/1249 1212/1435 1213/1436 1027/1250 
f 1212/1435 1118/1341 1121/1344 1213/1436 
f 1213/1436 1121/1344 1112/1335 1210/1433 
f 1027/1250 1213/1436 1210/1433 1020/1243 
f 1032/1255 1214/1437 1215/1438 1033/1256 
f 1214/1437 1124/1347 1127/1350 1215/1438 
f 1215/1438 1127/1350 1118/1341 1212/1435 
f 1033/1256 1215/1438 1212/1435 1026/1249 
f 1038/1261 1216/1439 1217/1440 1039/1262 
f 1216/1439 1130/1353 1133/1356 1217/1440 
f 1217/1440 1133/1356 1124/1347 1214/1437 
f 1039/1262 1217/1440 1214/1437 1032/1255 
f 1003/1226 1205/1428 1218/1441 1042/1265 
f 1205/1428 1099/1322 1137/1360 1218/1441 
f 1218/1441 1137/1360 1130/1353 1216/1439 
f 1042/1265 1218/1441 1216/1439 1038/1261 
f 1051/1274 1219/1442 1220/1443 1046/1269 
f 1219/1442 1139/1362 1142/1365 1220/1443 
f 1220/1443 1142/1365 1147/1370 1221/1444 
f 1046/1269 1220/1443 1221/1444 1043/1266 
f 1043/1266 1221/1444 1222/1445 1055/1278 
f 1221/1444 1147/1370 1149/1372 1222/1445 
f 1222/1445 1149/1372 1153/1376 1223/1446 
f 1055/1278 1222/1445 1223/1446 1052/1275 
f 1052/1275 1223/1446 1224/1447 1061/1284 
f 1223/1446 1153/1376 1155/1378 1224/1447 
f 1224/1447 1155/1378 1159/1382 1225/1448 
f 1061/1284 1224/1447 1225/1448 1058/1281 
f 1058/1523 1225/1534 1226/1449 1067/1290 
f 1225/1534 1159/1531 1161/1384 1226/1449 
f 1226/1449 1161/1384 1165/1388 1227/1450 
f 1067/1290 1226/1449 1227/1450 1064/1287 
f 1064/1287 1227/1450 1228/1451 1073/1296 
f 1227/1450 1165/1388 1167/1390 1228/1451 
f 1228/1451 1167/1390 1171/1394 1229/1452 
f 1073/1296 1228/1451 1229/1452 1070/1293 
f 1070/1293 1229/1452 1230/1453 1079/1302 
f 1229/1452 1171/1394 1173/1396 1230/1453 
f 1230/1453 1173/1396 1177/1400 1231/1454 
f 1079/1302 1230/1453 1231/1454 1076/1299 
f 1076/1299 1231/1454 1232/1455 1085/1308 
f 1231/1454 1177/1400 1179/1402 1232/1455 
f 1232/1455 1179/1402 1183/1406 1233/1456 
f 1085/1308 1232/1455 1233/1456 1082/1305 
f 1082/1305 1233/1456 1234/1457 1089/1312 
f 1233/1456 1183/1406 1185/1408 1234/1457 
f 1234/1457 1185/1408 1139/1362 1219/1442 
f 1089/1312 1234/1457 1219/1442 1051/1274 
f 995/1218 1235/1458 1236/1459 996/1219 
f 1235/1458 931/1154 989/1212 1236/1459 
f 1236/1459 989/1212 985/1208 1237/1460 
f 996/1219 1236/1459 1237/1460 999/1222 
f 1036/1259 1238/1461 1239/1462 1040/1263 
f 1238/1461 935/1158 932/1155 1239/1462 
f 1239/1462 932/1155 931/1154 1235/1458 
f 1040/1263 1239/1462 1235/1458 995/1218 
f 999/1222 1237/1460 1240/1463 1004/1227 
f 1237/1460 985/1208 983/1206 1240/1463 
f 1240/1463 983/1206 975/1198 1241/1464 
f 1004/1227 1240/1463 1241/1464 1006/1229 
f 1006/1229 1241/1464 1242/1465 1010/1233 
f 1241/1464 975/1198 973/1196 1242/1465 
f 1242/1465 973/1196 969/1516 1243/1466 
f 1010/1233 1242/1465 1243/1466 1012/1235 
f 1012/1520 1243/1535 1244/1467 1016/1239 
f 1243/1535 969/1192 967/1190 1244/1467 
f 1244/1467 967/1190 959/1182 1245/1468 
f 1016/1239 1244/1467 1245/1468 1018/1241 
f 1018/1241 1245/1468 1246/1469 1022/1245 
f 1245/1468 959/1182 957/1180 1246/1469 
f 1246/1469 957/1180 953/1176 1247/1470 
f 1022/1245 1246/1469 1247/1470 1024/1247 
f 1024/1247 1247/1470 1248/1471 1028/1251 
f 1247/1470 953/1176 951/1174 1248/1471 
f 1248/1471 951/1174 942/1165 1249/1472 
f 1028/1251 1248/1471 1249/1472 1030/1253 
f 1030/1253 1249/1472 1250/1473 1034/1257 
f 1249/1472 942/1165 940/1163 1250/1473 
f 1250/1473 940/1163 935/1158 1238/1461 
f 1034/1257 1250/1473 1238/1461 1036/1259 
f 1049/1272 1048/1271 1251/1474 1252/1475 
f 1048/1271 1047/1270 1253/1476 1251/1474 
f 1251/1474 1253/1476 1254/1477 1255/1478 
f 1252/1475 1251/1474 1255/1478 1256/1479 
f 1047/1270 1057/1280 1257/1480 1253/1476 
f 1057/1280 1056/1279 1258/1481 1257/1480 
f 1257/1480 1258/1481 1259/1482 1260/1483 
f 1253/1476 1257/1480 1260/1483 1254/1477 
f 1056/1279 1063/1286 1261/1484 1258/1481 
f 1063/1286 1062/1285 1262/1485 1261/1484 
f 1261/1484 1262/1485 1263/1486 1264/1487 
f 1258/1481 1261/1484 1264/1487 1259/1482 
f 1062/1525 1069/1292 1265/1488 1262/1536 
f 1069/1292 1068/1291 1266/1489 1265/1488 
f 1265/1488 1266/1489 1267/1490 1268/1491 
f 1262/1536 1265/1488 1268/1491 1263/1537 
f 1068/1291 1075/1298 1269/1492 1266/1489 
f 1075/1298 1074/1297 1270/1493 1269/1492 
f 1269/1492 1270/1493 1271/1494 1272/1495 
f 1266/1489 1269/1492 1272/1495 1267/1490 
f 1074/1297 1081/1304 1273/1496 1270/1493 
f 1081/1304 1080/1303 1274/1497 1273/1496 
f 1273/1496 1274/1497 1275/1498 1276/1499 
f 1270/1493 1273/1496 1276/1499 1271/1494 
f 1080/1303 1087/1310 1277/1500 1274/1497 
f 1087/1310 1086/1309 1278/1501 1277/1500 
f 1277/1500 1278/1501 1279/1502 1280/1503 
f 1274/1497 1277/1500 1280/1503 1275/1498 
f 1086/1309 1090/1313 1281/1504 1278/1501 
f 1090/1313 1049/1272 1252/1475 1281/1504 
f 1281/1504 1252/1475 1256/1479 1282/1505 
f 1278/1501 1281/1504 1282/1505 1279/1502 
# 374 polygons

#
# object 2?_??___??_???
#

v  13.548075 10.602552 12.679744
v  1.003291 10.602552 12.679745
v  13.548077 10.602552 19.440350
v  1.003292 10.602552 19.440350
v  13.548075 11.289727 12.679744
v  1.003291 11.289727 12.679745
v  13.548077 11.289727 19.440350
v  1.003292 11.289727 19.440350
v  2.898853 10.602552 19.440350
v  2.898852 10.602552 12.679745
v  2.898852 11.289727 12.679745
v  2.898853 11.289727 19.440350
v  1.003291 14.282984 12.679745
v  1.003292 14.282984 19.440350
v  2.898853 14.282984 19.440350
v  2.898852 14.282984 12.679745
# 16 vertices

vt 0.069907 0.153227 0.000000
vt 0.220020 0.212292 0.000000
vt 0.097103 0.394414 0.000000
vt 0.041177 0.365388 0.000000
vt 0.029824 0.163201 0.000000
vt 0.010000 0.385885 0.000000
vt 0.247502 0.246009 0.000000
vt 0.266433 0.197204 0.000000
vt 0.280958 0.226318 0.000000
vt 0.106789 0.425563 0.000000
vt 0.168752 0.010000 0.000000
vt 0.259247 0.054814 0.000000
vt 0.225105 0.077264 0.000000
vt 0.174150 0.045223 0.000000
vt 0.010383 0.120146 0.000000
vt 0.046199 0.103973 0.000000
# 16 texture coords

o 2?_??___??_???
g 2?_??___??_???
f 1293/1538 1294/1539 1289/1540 1287/1541 
f 1292/1542 1293/1538 1287/1541 1283/1543 
f 1291/1544 1294/1539 1290/1545 1286/1546 
f 1285/1547 1283/1543 1287/1541 1289/1540 
f 1295/1548 1296/1549 1297/1550 1298/1551 
f 1284/1552 1288/1553 1293/1538 1292/1542 
f 1285/1547 1289/1540 1294/1539 1291/1544 
f 1290/1545 1294/1539 1297/1550 1296/1549 
f 1294/1539 1293/1538 1298/1551 1297/1550 
f 1293/1538 1288/1553 1295/1548 1298/1551 
# 10 polygons

#
# object 2?_??___??
#

v  5.024667 12.746737 14.691507
v  5.346399 12.746737 15.074932
v  5.103994 12.672281 15.278334
v  4.782262 12.672281 14.894909
v  5.689944 12.746737 15.484354
v  5.447540 12.672281 15.687756
v  5.124334 12.672281 15.958958
v  4.780788 12.672281 15.549536
v  4.459056 12.672281 15.166111
v  3.893446 13.205481 15.640715
v  4.215178 13.201477 16.024139
v  4.457582 13.299953 15.820738
v  4.135850 13.315966 15.437313
v  4.558723 13.197474 16.433561
v  4.801128 13.283939 16.230160
v  5.124334 13.291946 15.958958
v  4.780788 13.315966 15.549536
v  4.459056 13.339986 15.166111
v  3.893446 12.746737 15.640715
v  4.215178 12.746737 16.024139
v  4.134376 12.970104 16.091940
v  3.812644 12.970104 15.708515
v  4.558723 12.746737 16.433561
v  4.477922 12.970104 16.501362
v  5.707333 12.804647 17.674791
v  5.936726 12.746737 17.583513
v  6.000799 12.970104 17.659872
v  5.694322 12.970104 17.786915
v  6.259933 12.746737 17.312311
v  6.324005 12.970104 17.388670
v  6.259933 13.205481 17.312311
v  5.936726 13.201477 17.583513
v  5.707333 13.139119 17.674791
v  6.355222 12.746737 16.277201
v  6.033490 12.746737 15.893776
v  6.114292 12.970104 15.825975
v  6.436023 12.970104 16.209400
v  5.770746 12.970104 15.416553
v  5.689944 13.197474 15.484354
v  6.033490 13.201477 15.893776
v  6.355222 13.205481 16.277201
v  4.541335 12.804647 14.243124
v  4.311942 12.746737 14.334402
v  4.247869 12.970104 14.258043
v  4.554346 12.970104 14.131001
v  3.988735 12.746737 14.605604
v  3.924663 12.970104 14.529245
v  3.988735 13.205481 14.605604
v  4.311942 13.201477 14.334402
v  4.541335 13.139119 14.243124
v  6.633326 12.746737 16.608631
v  6.390921 12.672281 16.812033
v  6.112817 12.672281 16.480602
v  6.712863 12.804647 16.831051
v  6.583138 12.746737 17.041109
v  6.067715 12.672281 17.083235
v  5.789611 12.672281 16.751804
v  3.615342 12.746737 15.309283
v  3.857747 12.672281 15.105882
v  4.135850 12.672281 15.437313
v  3.535805 12.804647 15.086864
v  3.665529 12.746737 14.876806
v  4.180953 12.672281 14.834680
v  5.224000 13.205481 17.226408
v  5.502104 13.201477 17.557838
v  5.744509 13.299953 17.354437
v  5.466405 13.315966 17.023006
v  6.067715 13.315966 17.083235
v  5.789611 13.339986 16.751804
v  5.024667 13.205481 14.691507
v  4.746563 13.201477 14.360076
v  4.504159 13.299953 14.563478
v  4.782262 13.315966 14.894909
v  4.180953 13.315966 14.834680
v  5.224000 12.746737 17.226408
v  5.502104 12.746737 17.557838
v  5.421303 12.970104 17.625639
v  5.143199 12.970104 17.294209
v  3.615342 13.201477 15.309283
v  3.534541 12.970104 15.377084
v  3.535805 13.139119 15.086864
v  3.423125 12.970104 15.080208
v  4.746563 12.746737 14.360076
v  4.827365 12.970104 14.292275
v  5.105469 12.970104 14.623707
v  6.633326 13.201477 16.608631
v  6.714127 12.970104 16.540831
v  6.712863 13.139119 16.831051
v  6.825543 12.970104 16.837708
v  5.466405 12.672281 17.023006
v  5.144673 12.672281 16.639582
v  5.467879 12.672281 16.368380
v  4.902269 12.746737 16.842983
v  4.801128 12.672281 16.230160
v  6.112817 13.315966 16.480602
v  5.791086 13.299953 16.097178
v  5.467879 13.315966 16.368380
v  5.447540 13.283939 15.687756
v  6.647211 12.970104 17.117468
v  6.583138 13.201477 17.041109
v  3.601457 12.970104 14.800447
v  3.665529 13.201477 14.876806
v  5.744509 12.672281 17.354437
v  4.504159 12.672281 14.563478
v  6.390921 13.299953 16.812033
v  3.857747 13.299953 15.105882
v  5.791086 12.672281 16.097178
v  4.902269 13.201477 16.842983
v  5.144673 13.299953 16.639582
v  4.821467 12.970104 16.910784
v  5.427200 12.970104 15.007132
v  5.346399 13.201477 15.074932
v  4.457582 12.672281 15.820738
v  5.103994 13.299953 15.278334
# 114 vertices

vt 0.221194 0.331495 0.000000
vt 0.225146 0.320645 0.000000
vt 0.232180 0.323224 0.000000
vt 0.228220 0.334032 0.000000
vt 0.229405 0.309072 0.000000
vt 0.236438 0.311668 0.000000
vt 0.245573 0.315026 0.000000
vt 0.241298 0.326580 0.000000
vt 0.237318 0.337369 0.000000
vt 0.696222 0.965285 0.000000
vt 0.684494 0.967593 0.000000
vt 0.683528 0.959575 0.000000
vt 0.694816 0.958015 0.000000
vt 0.671031 0.968836 0.000000
vt 0.670627 0.960624 0.000000
vt 0.670103 0.950334 0.000000
vt 0.682746 0.949678 0.000000
vt 0.694007 0.949063 0.000000
vt 0.700376 0.977613 0.000000
vt 0.686491 0.980759 0.000000
vt 0.685446 0.974066 0.000000
vt 0.698041 0.971314 0.000000
vt 0.237721 0.286692 0.000000
vt 0.671629 0.982069 0.000000
vt 0.671336 0.975343 0.000000
vt 0.626807 0.970684 0.000000
vt 0.621888 0.964938 0.000000
vt 0.241267 0.277370 0.000000
vt 0.627235 0.962109 0.000000
vt 0.630645 0.967257 0.000000
vt 0.618807 0.953283 0.000000
vt 0.625274 0.952863 0.000000
vt 0.631095 0.952493 0.000000
vt 0.631971 0.960518 0.000000
vt 0.633141 0.964848 0.000000
vt 0.639829 0.923056 0.000000
vt 0.653715 0.919909 0.000000
vt 0.654760 0.926603 0.000000
vt 0.642165 0.929355 0.000000
vt 0.668577 0.918599 0.000000
vt 0.668870 0.925325 0.000000
vt 0.669175 0.931832 0.000000
vt 0.655712 0.933075 0.000000
vt 0.643984 0.935384 0.000000
vt 0.713400 0.929984 0.000000
vt 0.718320 0.935731 0.000000
vt 0.712973 0.938560 0.000000
vt 0.709562 0.933411 0.000000
vt 0.721400 0.947387 0.000000
vt 0.714933 0.947807 0.000000
vt 0.709112 0.948176 0.000000
vt 0.708236 0.940151 0.000000
vt 0.707066 0.935821 0.000000
vt 0.645815 0.967884 0.000000
vt 0.248213 0.280083 0.000000
vt 0.244718 0.289326 0.000000
vt 0.244706 0.272894 0.000000
vt 0.250567 0.273421 0.000000
vt 0.259700 0.276748 0.000000
vt 0.257252 0.283376 0.000000
vt 0.253808 0.292699 0.000000
vt 0.253398 0.343367 0.000000
vt 0.249858 0.352683 0.000000
vt 0.242916 0.349974 0.000000
vt 0.246405 0.340736 0.000000
vt 0.246424 0.357157 0.000000
vt 0.240568 0.356633 0.000000
vt 0.231439 0.353313 0.000000
vt 0.233882 0.346688 0.000000
vt 0.262907 0.296045 0.000000
vt 0.258940 0.306851 0.000000
vt 0.637216 0.966284 0.000000
vt 0.637777 0.960204 0.000000
vt 0.646394 0.960556 0.000000
vt 0.637488 0.952106 0.000000
vt 0.646199 0.951605 0.000000
vt 0.694392 0.932784 0.000000
vt 0.702991 0.934385 0.000000
vt 0.702430 0.940465 0.000000
vt 0.693812 0.940113 0.000000
vt 0.702719 0.948563 0.000000
vt 0.643127 0.980318 0.000000
vt 0.631784 0.976051 0.000000
vt 0.635265 0.970845 0.000000
vt 0.644692 0.974025 0.000000
vt 0.704660 0.962716 0.000000
vt 0.707205 0.967097 0.000000
vt 0.708556 0.960781 0.000000
vt 0.711362 0.962876 0.000000
vt 0.715641 0.965822 0.000000
vt 0.711291 0.971663 0.000000
vt 0.697080 0.920350 0.000000
vt 0.708423 0.924617 0.000000
vt 0.704942 0.929824 0.000000
vt 0.695515 0.926643 0.000000
vt 0.635545 0.937953 0.000000
vt 0.633001 0.933573 0.000000
vt 0.631650 0.939889 0.000000
vt 0.628844 0.937794 0.000000
vt 0.624564 0.934848 0.000000
vt 0.628914 0.929007 0.000000
vt 0.645390 0.942654 0.000000
vt 0.656678 0.941094 0.000000
vt 0.657461 0.950991 0.000000
vt 0.669580 0.940044 0.000000
vt 0.620151 0.941233 0.000000
vt 0.626132 0.943398 0.000000
vt 0.631018 0.944375 0.000000
vt 0.720055 0.959437 0.000000
vt 0.714074 0.957272 0.000000
vt 0.709188 0.956294 0.000000
vt 0.636833 0.943988 0.000000
vt 0.703374 0.956681 0.000000
vt 0.657577 0.968928 0.000000
vt 0.657715 0.960898 0.000000
vt 0.656856 0.982032 0.000000
vt 0.657272 0.975403 0.000000
vt 0.249822 0.303492 0.000000
vt 0.269936 0.298592 0.000000
vt 0.265972 0.309433 0.000000
vt 0.261708 0.320999 0.000000
vt 0.254680 0.318403 0.000000
vt 0.268803 0.280158 0.000000
vt 0.683350 0.918636 0.000000
vt 0.682935 0.925265 0.000000
vt 0.682630 0.931741 0.000000
vt 0.682492 0.939771 0.000000
vt 0.266260 0.286750 0.000000
vt 0.273599 0.283567 0.000000
vt 0.273301 0.289204 0.000000
vt 0.222342 0.349912 0.000000
vt 0.224877 0.343323 0.000000
vt 0.217548 0.346510 0.000000
vt 0.217840 0.340878 0.000000
vt 0.233685 0.297508 0.000000
vt 0.240709 0.300117 0.000000
vt 0.257429 0.332557 0.000000
vt 0.250410 0.329950 0.000000
# 138 texture coords

o 2?_??___??
g 2?_??___??
f 1299/1554 1300/1555 1301/1556 1302/1557 
f 1300/1555 1303/1558 1304/1559 1301/1556 
f 1301/1556 1304/1559 1305/1560 1306/1561 
f 1302/1557 1301/1556 1306/1561 1307/1562 
f 1308/1563 1309/1564 1310/1565 1311/1566 
f 1309/1564 1312/1567 1313/1568 1310/1565 
f 1310/1565 1313/1568 1314/1569 1315/1570 
f 1311/1566 1310/1565 1315/1570 1316/1571 
f 1317/1572 1318/1573 1319/1574 1320/1575 
f 1318/1573 1321/1577 1322/1578 1319/1574 
f 1319/1574 1322/1578 1312/1567 1309/1564 
f 1320/1575 1319/1574 1309/1564 1308/1563 
f 1323/1579 1324/1580 1325/1582 1326/1583 
f 1324/1580 1327/1584 1328/1585 1325/1582 
f 1325/1582 1328/1585 1329/1586 1330/1587 
f 1326/1583 1325/1582 1330/1587 1331/1588 
f 1332/1589 1333/1590 1334/1591 1335/1592 
f 1333/1590 1303/1593 1336/1594 1334/1591 
f 1334/1591 1336/1594 1337/1595 1338/1596 
f 1335/1592 1334/1591 1338/1596 1339/1597 
f 1340/1598 1341/1599 1342/1600 1343/1601 
f 1341/1599 1344/1602 1345/1603 1342/1600 
f 1342/1600 1345/1603 1346/1604 1347/1605 
f 1343/1601 1342/1600 1347/1605 1348/1606 
f 1332/1576 1349/1581 1350/1608 1351/1609 
f 1349/1581 1352/1610 1353/1611 1350/1608 
f 1350/1608 1353/1611 1327/1612 1354/1613 
f 1351/1609 1350/1608 1354/1613 1355/1614 
f 1317/1615 1356/1616 1357/1617 1358/1618 
f 1356/1616 1359/1619 1360/1620 1357/1617 
f 1357/1617 1360/1620 1344/1621 1361/1622 
f 1358/1618 1357/1617 1361/1622 1307/1562 
f 1362/1607 1363/1625 1364/1626 1365/1627 
f 1363/1625 1331/1588 1330/1587 1364/1626 
f 1364/1626 1330/1587 1329/1586 1366/1628 
f 1365/1627 1364/1626 1366/1628 1367/1629 
f 1368/1630 1369/1631 1370/1632 1371/1633 
f 1369/1631 1348/1606 1347/1605 1370/1632 
f 1370/1632 1347/1605 1346/1604 1372/1634 
f 1371/1633 1370/1632 1372/1634 1316/1571 
f 1373/1635 1374/1636 1375/1637 1376/1638 
f 1374/1636 1323/1579 1326/1583 1375/1637 
f 1375/1637 1326/1583 1331/1588 1363/1625 
f 1376/1638 1375/1637 1363/1625 1362/1607 
f 1308/1563 1377/1639 1378/1640 1320/1575 
f 1377/1639 1379/1641 1380/1642 1378/1640 
f 1378/1640 1380/1642 1359/1643 1356/1644 
f 1320/1575 1378/1640 1356/1644 1317/1572 
f 1299/1645 1381/1646 1382/1647 1383/1648 
f 1381/1646 1340/1598 1343/1601 1382/1647 
f 1382/1647 1343/1601 1348/1606 1369/1631 
f 1383/1648 1382/1647 1369/1631 1368/1630 
f 1339/1597 1384/1649 1385/1650 1335/1592 
f 1384/1649 1386/1651 1387/1652 1385/1650 
f 1385/1650 1387/1652 1352/1653 1349/1654 
f 1335/1592 1385/1650 1349/1654 1332/1589 
f 1355/1614 1388/1623 1389/1624 1390/1671 
f 1388/1623 1373/1672 1391/1673 1389/1624 
f 1389/1624 1391/1673 1321/1674 1392/1675 
f 1390/1671 1389/1624 1392/1675 1305/1560 
f 1367/1629 1393/1655 1394/1656 1395/1657 
f 1393/1655 1339/1597 1338/1596 1394/1656 
f 1394/1656 1338/1596 1337/1595 1396/1658 
f 1395/1657 1394/1656 1396/1658 1314/1569 
f 1327/1584 1353/1659 1397/1660 1328/1585 
f 1353/1659 1352/1653 1387/1652 1397/1660 
f 1397/1660 1387/1652 1386/1651 1398/1661 
f 1328/1585 1397/1660 1398/1661 1329/1586 
f 1344/1602 1360/1662 1399/1663 1345/1603 
f 1360/1662 1359/1643 1380/1642 1399/1663 
f 1399/1663 1380/1642 1379/1641 1400/1664 
f 1345/1603 1399/1663 1400/1664 1346/1604 
f 1327/1612 1324/1676 1401/1681 1354/1613 
f 1324/1676 1323/1682 1374/1683 1401/1681 
f 1401/1681 1374/1683 1373/1672 1388/1623 
f 1354/1613 1401/1681 1388/1623 1355/1614 
f 1344/1621 1341/1684 1402/1685 1361/1622 
f 1341/1684 1340/1686 1381/1687 1402/1685 
f 1402/1685 1381/1687 1299/1554 1302/1557 
f 1361/1622 1402/1685 1302/1557 1307/1562 
f 1329/1586 1398/1661 1403/1665 1366/1628 
f 1398/1661 1386/1651 1384/1649 1403/1665 
f 1403/1665 1384/1649 1339/1597 1393/1655 
f 1366/1628 1403/1665 1393/1655 1367/1629 
f 1346/1604 1400/1664 1404/1666 1372/1634 
f 1400/1664 1379/1641 1377/1639 1404/1666 
f 1404/1666 1377/1639 1308/1563 1311/1566 
f 1372/1634 1404/1666 1311/1566 1316/1571 
f 1303/1558 1333/1688 1405/1689 1304/1559 
f 1333/1688 1332/1576 1351/1609 1405/1689 
f 1405/1689 1351/1609 1355/1614 1390/1671 
f 1304/1559 1405/1689 1390/1671 1305/1560 
f 1312/1567 1406/1667 1407/1668 1313/1568 
f 1406/1667 1362/1607 1365/1627 1407/1668 
f 1407/1668 1365/1627 1367/1629 1395/1657 
f 1313/1568 1407/1668 1395/1657 1314/1569 
f 1321/1577 1391/1669 1408/1670 1322/1578 
f 1391/1669 1373/1635 1376/1638 1408/1670 
f 1408/1670 1376/1638 1362/1607 1406/1667 
f 1322/1578 1408/1670 1406/1667 1312/1567 
f 1303/1593 1300/1677 1409/1678 1336/1594 
f 1300/1677 1299/1645 1383/1648 1409/1678 
f 1409/1678 1383/1648 1368/1630 1410/1679 
f 1336/1594 1409/1678 1410/1679 1337/1595 
f 1321/1674 1318/1690 1411/1691 1392/1675 
f 1318/1690 1317/1615 1358/1618 1411/1691 
f 1411/1691 1358/1618 1307/1562 1306/1561 
f 1392/1675 1411/1691 1306/1561 1305/1560 
f 1337/1595 1410/1679 1412/1680 1396/1658 
f 1410/1679 1368/1630 1371/1633 1412/1680 
f 1412/1680 1371/1633 1316/1571 1315/1570 
f 1396/1658 1412/1680 1315/1570 1314/1569 
# 112 polygons

#
# object 2?_??___??
#

v  3.386994 10.996303 19.867258
v  3.364926 11.401422 19.779324
v  3.838725 11.414969 19.746979
v  4.308414 11.428746 19.680544
v  4.779520 11.442474 19.624847
v  5.253642 11.465916 19.609510
v  5.726212 11.515419 19.606058
v  6.197110 11.583021 19.614489
v  6.663399 11.669248 19.646896
v  7.061829 11.789305 19.874062
v  7.466787 11.712626 19.639801
v  7.939588 11.709418 19.619814
v  8.411781 11.711389 19.616604
v  8.882884 11.716464 19.627417
v  9.353870 11.713824 19.621510
v  9.820496 11.725564 19.687452
v  10.286115 11.709706 19.618608
v  10.757581 11.697471 19.626873
v  11.227493 11.682722 19.668924
v  11.663499 11.635614 19.486298
v  12.141395 11.648924 19.474697
v  12.618183 11.662199 19.477489
v  13.093006 11.675497 19.477266
v  3.352047 11.695934 19.490093
v  3.816235 11.777580 19.547665
v  4.283045 11.830991 19.582338
v  4.750333 11.846772 19.525412
v  5.221337 11.875028 19.527191
v  5.692360 11.923971 19.521181
v  6.154355 12.001221 19.601332
v  6.617518 12.075432 19.529881
v  7.040581 12.170510 19.711744
v  7.477709 12.121449 19.542006
v  7.948043 12.125013 19.562300
v  8.418185 12.127400 19.561058
v  8.887986 12.132335 19.572874
v  9.357269 12.131682 19.580217
v  9.825302 12.137967 19.617878
v  10.293390 12.128623 19.582682
v  10.762600 12.117260 19.593599
v  11.229971 12.103621 19.633615
v  11.690726 12.067502 19.557852
v  12.158920 12.071803 19.552343
v  12.630152 12.082132 19.547445
v  13.103505 12.091811 19.544352
v  3.308521 12.108626 19.455597
v  3.782587 12.189787 19.463745
v  4.250077 12.242647 19.501040
v  4.718390 12.266991 19.473183
v  5.186882 12.293492 19.480804
v  5.653937 12.343209 19.486559
v  6.114618 12.422878 19.556419
v  6.576329 12.505813 19.492817
v  7.034574 12.551379 19.533146
v  7.495245 12.545265 19.508764
v  7.959961 12.547410 19.518246
v  8.426750 12.550668 19.527678
v  8.895081 12.555588 19.537010
v  9.362389 12.554879 19.546768
v  9.830638 12.556706 19.556343
v  10.298673 12.553822 19.566290
v  10.766732 12.543075 19.576859
v  11.234290 12.529188 19.587820
v  11.702394 12.503147 19.599445
v  12.169804 12.502434 19.600414
v  12.637915 12.509044 19.595139
v  13.110047 12.515779 19.589827
v  3.301806 12.538456 19.408497
v  3.765101 12.621359 19.425293
v  4.228720 12.663810 19.431551
v  4.692308 12.694255 19.438761
v  5.155103 12.717781 19.446503
v  5.618047 12.765514 19.452332
v  6.080892 12.838265 19.456171
v  6.550054 12.941444 19.393940
v  7.022029 12.936951 19.352659
v  7.490686 12.932200 19.326864
v  7.957723 12.927270 19.311460
v  8.424381 12.922131 19.307251
v  8.891099 12.917094 19.297596
v  9.357479 12.911830 19.300150
v  9.825766 12.906540 19.302998
v  10.293324 12.901218 19.307837
v  10.762004 12.895720 19.321371
v  11.230653 12.890161 19.338053
v  11.699231 12.884520 19.359180
v  12.167307 12.879166 19.365396
v  12.638332 12.874176 19.350801
v  13.111163 12.869197 19.334511
v  3.302166 12.942045 19.205397
v  3.764651 12.977160 19.153797
v  4.226328 12.972784 19.112425
v  4.686947 12.968137 19.085922
v  5.148640 12.963209 19.073481
v  5.610682 12.958360 19.056767
v  6.073655 12.953765 19.026110
v  6.540956 12.949653 18.967545
v  7.010112 12.945112 18.930296
v  7.478731 12.940346 18.905416
v  7.946929 12.935405 18.889860
v  8.415488 12.930256 18.885052
v  8.883954 12.925209 18.874920
v  9.352746 12.919946 18.876083
v  9.821633 12.914641 18.879189
v  10.291110 12.909290 18.884445
v  10.761182 12.903821 18.895683
v  11.231262 12.898284 18.910383
v  11.701608 12.892685 18.928194
v  12.171824 12.887292 18.935244
v  12.643239 12.882269 18.922195
v  13.116065 12.877255 18.907759
v  3.314729 13.088813 18.774855
v  3.754802 12.982522 18.715912
v  4.213595 12.981223 18.675947
v  4.674330 12.976585 18.648901
v  5.136493 12.971668 18.635609
v  5.599217 12.966796 18.619717
v  6.062371 12.962236 18.587055
v  6.528944 12.957919 18.539713
v  6.997989 12.953305 18.506493
v  7.467038 12.948512 18.482632
v  7.936300 12.943541 18.468075
v  8.405992 12.938396 18.462465
v  8.875752 12.933335 18.452251
v  9.345781 12.928076 18.452402
v  9.816038 12.922762 18.455320
v  10.286619 12.917400 18.460451
v  10.757565 12.911953 18.469973
v  11.229024 12.906431 18.483130
v  11.700660 12.900867 18.498348
v  12.172526 12.895453 18.505486
v  12.644880 12.890381 18.494463
v  13.118033 12.885339 18.481277
v  3.327262 13.200169 18.334770
v  3.726403 12.973899 18.278976
v  4.189643 12.978331 18.239645
v  4.653905 12.983007 18.212467
v  5.118865 12.980185 18.197979
v  5.583870 12.975264 18.183294
v  6.049262 12.970668 18.151262
v  6.516859 12.966200 18.111233
v  6.985961 12.961514 18.081734
v  7.455555 12.956685 18.059464
v  7.925504 12.951684 18.046034
v  8.395764 12.946544 18.039825
v  8.866511 12.941473 18.029585
v  9.337431 12.936221 18.028849
v  9.809049 12.930897 18.031498
v  10.280676 12.925529 18.036320
v  10.752521 12.920100 18.044367
v  11.224565 12.914599 18.056047
v  11.696921 12.909060 18.069527
v  12.168806 12.903658 18.076113
v  12.641119 12.898551 18.066830
v  13.114413 12.893487 18.054853
v  3.340857 13.263060 17.887587
v  3.698254 12.965252 17.840704
v  4.165217 12.969769 17.803593
v  4.632807 12.974477 17.776167
v  5.100805 12.979417 17.760666
v  5.568528 12.983731 17.746838
v  6.036233 12.979069 17.717003
v  6.504710 12.974488 17.682293
v  6.974346 12.969733 17.656216
v  7.444962 12.964850 17.636179
v  7.915912 12.959819 17.623817
v  8.386998 12.954683 17.616751
v  8.858249 12.949600 17.606892
v  9.329902 12.944354 17.605389
v  9.801542 12.939035 17.607740
v  10.274029 12.933667 17.612154
v  10.746314 12.928258 17.618874
v  11.218814 12.922778 17.629141
v  11.691445 12.917260 17.641373
v  12.163878 12.911868 17.647074
v  12.637380 12.906718 17.639427
v  13.110932 12.901621 17.628952
v  3.355014 13.296031 17.438793
v  3.676249 12.956659 17.401640
v  4.145608 12.961253 17.367136
v  4.615389 12.965989 17.339901
v  5.085093 12.970929 17.323433
v  5.554625 12.975936 17.310598
v  6.024007 12.980669 17.283438
v  6.493752 12.982767 17.253210
v  6.964311 12.977942 17.230206
v  7.435483 12.973013 17.212334
v  7.906816 12.967962 17.200727
v  8.378190 12.962830 17.193409
v  8.849725 12.957734 17.184053
v  9.322094 12.952497 17.181679
v  9.794459 12.947173 17.183847
v  10.267323 12.941805 17.188032
v  10.740038 12.936409 17.193762
v  11.213197 12.930947 17.202694
v  11.686119 12.925450 17.213591
v  12.159328 12.920068 17.218395
v  12.632957 12.914890 17.212114
v  13.106740 12.909765 17.202965
v  3.369395 13.314004 16.990976
v  3.662049 12.948133 16.961428
v  4.132346 12.952791 16.929813
v  4.602635 12.957549 16.903360
v  5.073275 12.962494 16.886631
v  5.543730 12.967525 16.874474
v  6.014019 12.972323 16.850258
v  6.484763 12.977083 16.823652
v  6.956131 12.981972 16.803532
v  7.427811 12.981167 16.787916
v  7.899553 12.976088 16.777576
v  8.371305 12.970963 16.769587
v  8.843122 12.965858 16.760609
v  9.315353 12.960629 16.757853
v  9.787723 12.955306 16.759893
v  10.260840 12.949940 16.763906
v  10.733871 12.944559 16.768652
v  11.207420 12.939116 16.776409
v  11.680836 12.933633 16.786297
v  12.154342 12.928258 16.790455
v  12.628562 12.923057 16.785112
v  13.102839 12.917901 16.777325
v  3.383863 13.324334 16.544470
v  3.652286 12.939657 16.521296
v  4.123360 12.944373 16.492222
v  4.594186 12.949150 16.466536
v  5.065319 12.954100 16.449697
v  5.536596 12.959152 16.438257
v  6.007524 12.964005 16.416544
v  6.478424 12.968839 16.393684
v  6.950195 12.973788 16.376558
v  7.422122 12.978815 16.363327
v  7.894102 12.983915 16.353952
v  8.366119 12.979084 16.345438
v  8.838147 12.973970 16.336750
v  9.310573 12.968754 16.333223
v  9.782866 12.963425 16.335682
v  10.255780 12.958062 16.339573
v  10.728669 12.952699 16.343506
v  11.202190 12.947277 16.350138
v  11.676242 12.941802 16.359259
v  12.150311 12.936435 16.362703
v  12.624601 12.931205 16.358774
v  13.098998 12.926023 16.352291
v  3.398380 13.329000 16.099476
v  3.647742 12.931245 16.081404
v  4.119001 12.936004 16.054508
v  4.589988 12.940795 16.029463
v  5.061161 12.945733 16.012064
v  5.532214 12.950815 16.002237
v  6.003537 12.955718 15.982882
v  6.474778 12.960618 15.963371
v  6.946657 12.965624 15.949162
v  7.418583 12.970687 15.937806
v  7.890528 12.975814 15.929854
v  8.362595 12.980920 15.920794
v  8.834690 12.982080 15.912181
v  9.307018 12.976866 15.908497
v  9.779310 12.971533 15.911222
v  10.252391 12.966172 15.914918
v  10.725405 12.960817 15.918316
v  11.199361 12.955407 15.924124
v  11.673148 12.949950 15.932429
v  12.147061 12.944592 15.935483
v  12.621188 12.939346 15.932504
v  13.095531 12.934143 15.927172
v  3.412930 13.330015 15.655354
v  3.647076 12.922873 15.641381
v  4.118380 12.927661 15.615982
v  4.589400 12.932462 15.591442
v  5.060336 12.937402 15.574184
v  5.531194 12.942510 15.565952
v  6.002276 12.947459 15.549151
v  6.473381 12.952420 15.532996
v  6.945121 12.957470 15.521095
v  7.416868 12.962575 15.512136
v  7.888742 12.967720 15.505146
v  8.360713 12.972818 15.495643
v  8.832638 12.977932 15.487074
v  9.304772 12.983143 15.483374
v  9.777109 12.979633 15.486417
v  10.249950 12.974281 15.489777
v  10.722696 12.968932 15.493034
v  11.196373 12.963540 15.498060
v  11.670241 12.958097 15.505611
v  12.144423 12.952724 15.509174
v  12.618581 12.947475 15.506382
v  13.092797 12.942253 15.502099
v  3.425267 13.326510 15.212292
v  3.650376 12.914556 15.201920
v  4.121514 12.919357 15.177304
v  4.592059 12.924162 15.153237
v  5.062323 12.929096 15.136154
v  5.533071 12.934228 15.129145
v  6.003662 12.939220 15.114922
v  6.474621 12.944246 15.102222
v  6.945742 12.949335 15.092811
v  7.416939 12.954474 15.085920
v  7.888473 12.959634 15.079922
v  8.360038 12.964723 15.070173
v  8.831575 12.969832 15.061563
v  9.303693 12.975040 15.057758
v  9.775881 12.980378 15.060749
v  10.248401 12.982385 15.064370
v  10.721569 12.977031 15.067692
v  11.194831 12.971653 15.072123
v  11.668743 12.966223 15.078984
v  12.142790 12.960844 15.083059
v  12.616809 12.955593 15.080357
v  13.091003 12.950342 15.077628
v  3.415823 13.310377 14.770215
v  3.655551 12.906265 14.762728
v  4.126920 12.911065 14.737894
v  4.597254 12.915884 14.714711
v  5.066883 12.920812 14.697623
v  5.536919 12.925966 14.692276
v  6.006837 12.931001 14.680681
v  6.476936 12.936082 14.671374
v  6.947774 12.941215 14.664373
v  7.418695 12.946384 14.659298
v  7.889690 12.951562 14.654525
v  8.360863 12.956638 14.644438
v  8.832026 12.961741 14.635680
v  9.303531 12.966943 14.631815
v  9.775114 12.972274 14.634888
v  10.247569 12.977629 14.638627
v  10.720357 12.982985 14.642244
v  11.193204 12.979770 14.646089
v  11.666711 12.974354 14.652426
v  12.140759 12.968965 14.657058
v  12.614771 12.963708 14.654726
v  13.088949 12.958430 14.653370
v  3.405997 13.290411 14.329009
v  3.663812 12.898010 14.323608
v  4.135171 12.902785 14.297479
v  4.604691 12.907608 14.274981
v  5.073098 12.912540 14.258840
v  5.542071 12.917731 14.256001
v  6.010886 12.922789 14.246310
v  6.480515 12.927928 14.240360
v  6.950699 12.933094 14.235460
v  7.421017 12.938299 14.232577
v  7.891334 12.943486 14.228710
v  8.362011 12.948556 14.218597
v  8.832553 12.953650 14.209667
v  9.303923 12.958843 14.205572
v  9.775327 12.964177 14.208767
v  10.247562 12.969537 14.212936
v  10.719987 12.974891 14.216597
v  11.192772 12.980242 14.220017
v  11.666093 12.982467 14.226022
v  12.139821 12.977069 14.231256
v  12.613756 12.971803 14.229437
v  13.087901 12.966500 14.229432
v  3.395772 13.266420 13.888855
v  3.675640 12.889797 13.884628
v  4.146294 12.894508 13.855580
v  4.614264 12.899332 13.833975
v  5.081256 12.904276 13.819293
v  5.548965 12.909518 13.819938
v  6.016825 12.914587 13.811316
v  6.485481 12.919790 13.809258
v  6.954730 12.924981 13.806291
v  7.424233 12.930211 13.805224
v  7.893919 12.935413 13.802523
v  8.364302 12.940488 13.792761
v  8.834825 12.945572 13.783349
v  9.305449 12.950751 13.779023
v  9.776653 12.956087 13.782429
v  10.248201 12.961446 13.786976
v  10.720050 12.966793 13.790594
v  11.192307 12.972139 13.794062
v  11.665692 12.977537 13.799445
v  12.139431 12.982960 13.806024
v  12.613357 12.979887 13.804436
v  13.087577 12.974555 13.805883
v  3.384258 13.226736 13.450467
v  3.692428 12.881658 13.446554
v  4.160344 12.886224 13.411441
v  4.624985 12.891041 13.391451
v  5.089412 12.896004 13.379354
v  5.555091 12.901299 13.381144
v  6.021263 12.906362 13.375996
v  6.488907 12.911622 13.377587
v  6.957407 12.916850 13.376999
v  7.426417 12.922103 13.377363
v  7.895697 12.927328 13.376170
v  8.365418 12.932397 13.366509
v  8.835574 12.937474 13.357013
v  9.305833 12.942640 13.352063
v  9.776497 12.947980 13.356097
v  10.247385 12.953336 13.360770
v  10.719024 12.958674 13.364141
v  11.191502 12.964030 13.367894
v  11.664598 12.969410 13.372586
v  12.137810 12.974842 13.379995
v  12.611063 12.980127 13.379570
v  13.085196 12.982633 13.382364
v  3.369720 13.155462 13.012596
v  3.713614 12.873590 13.009702
v  4.175095 12.877874 12.963479
v  4.634195 12.882710 12.947883
v  5.094815 12.887690 12.938827
v  5.558150 12.893008 12.941396
v  6.022218 12.898087 12.940145
v  6.488410 12.903409 12.945825
v  6.957124 12.908685 12.947579
v  7.426604 12.913972 12.949512
v  7.896169 12.919227 12.949678
v  8.365586 12.924281 12.939443
v  8.834703 12.929356 12.930416
v  9.304357 12.934499 12.924723
v  9.774333 12.939852 12.929749
v  10.246329 12.945216 12.934284
v  10.718156 12.950559 12.937696
v  11.189140 12.955902 12.941714
v  11.663294 12.961286 12.945930
v  12.136436 12.966728 12.953925
v  12.609588 12.972038 12.954928
v  13.081873 12.977395 12.958794
v  3.284600 12.862217 12.690925
v  3.725630 12.865490 12.576096
v  4.185964 12.766939 12.522365
v  4.638816 12.723923 12.528356
v  5.096889 12.698923 12.535883
v  5.556872 12.685353 12.544203
v  6.018482 12.684566 12.553879
v  6.485922 12.691238 12.564113
v  6.954747 12.688639 12.573639
v  7.427310 12.686973 12.583130
v  7.900081 12.678287 12.592444
v  8.371300 12.656448 12.600495
v  8.841172 12.637913 12.608781
v  9.310504 12.625525 12.617543
v  9.781734 12.625943 12.627358
v  10.253503 12.626514 12.637198
v  10.725778 12.626805 12.647027
v  11.199351 12.627063 12.656879
v  11.671564 12.625040 12.666603
v  12.144888 12.631598 12.676868
v  12.618911 12.632277 12.686685
v  13.093865 12.635769 12.696901
v  3.273750 12.458879 12.550556
v  3.733464 12.430808 12.539386
v  4.162771 12.376113 12.350851
v  4.604817 12.304256 12.512047
v  5.075452 12.278192 12.505569
v  5.544228 12.263069 12.534892
v  6.014307 12.263043 12.528856
v  6.484463 12.271547 12.530805
v  6.948802 12.289680 12.450933
v  7.421309 12.282434 12.489288
v  7.888392 12.261607 12.559156
v  8.360939 12.237106 12.567032
v  8.832744 12.216970 12.569752
v  9.304789 12.204719 12.575547
v  9.777659 12.204598 12.578650
v  10.250851 12.205248 12.586621
v  10.724164 12.205770 12.597502
v  11.197621 12.206216 12.608671
v  11.670668 12.204256 12.633140
v  12.144972 12.210271 12.643463
v  12.619497 12.211570 12.653322
v  13.094057 12.215845 12.663607
v  3.246078 12.043882 12.591444
v  3.716814 12.010503 12.575259
v  4.125978 11.955637 12.340216
v  4.583910 11.890520 12.458566
v  5.057319 11.861919 12.502212
v  5.532972 11.846198 12.526855
v  6.009798 11.845951 12.530476
v  6.485719 11.854842 12.518323
v  6.947697 11.877923 12.405208
v  7.398051 11.878332 12.554142
v  7.871243 11.849431 12.551297
v  8.345910 11.821785 12.539211
v  8.819997 11.804277 12.504394
v  9.294758 11.792672 12.502921
v  9.770231 11.792425 12.501252
v  10.245482 11.793598 12.506638
v  10.720350 11.794449 12.517613
v  11.194937 11.794825 12.530795
v  11.668625 11.792956 12.559821
v  12.143426 11.795197 12.597678
v  12.618682 11.796101 12.620413
v  13.094034 11.800832 12.630693
v  3.214552 11.632108 12.596869
v  3.862126 11.017829 19.862196
v  4.336140 11.055259 19.857487
v  4.810060 11.094987 19.852827
v  5.285679 11.128448 19.848017
v  5.759744 11.176094 19.841396
v  6.232500 11.228890 19.828606
v  6.700576 11.287633 19.815542
v  7.086549 11.417279 20.053146
v  7.472265 11.327922 19.797527
v  7.942665 11.330571 19.787912
v  8.412240 11.329734 19.778530
v  8.881075 11.326836 19.769291
v  9.348592 11.322058 19.760195
v  9.815450 11.316017 19.751192
v  10.281088 11.312083 19.742083
v  10.745978 11.295155 19.733809
v  11.214477 11.271887 19.725817
v  11.685440 11.290770 19.715197
v  12.157024 11.304153 19.704889
v  12.630828 11.309818 19.695015
v  13.105843 11.317354 19.685003
v  13.580399 11.330256 19.674664
v  13.566833 11.678603 19.452528
v  13.577839 12.091181 19.536280
v  13.584042 12.514777 19.583622
v  13.585443 12.864116 19.322836
v  13.590054 12.872140 18.897924
v  13.591936 12.880198 18.472946
v  13.588768 12.888310 18.048113
v  13.585355 12.896423 17.623253
v  13.581163 12.904546 17.198484
v  13.577272 12.912663 16.773748
v  13.573472 12.920775 16.349178
v  13.569945 12.928883 15.924822
v  13.567286 12.936966 15.501064
v  13.565364 12.945037 15.077707
v  13.563334 12.953097 14.654809
v  13.562456 12.961136 14.232416
v  13.561995 12.969167 13.810249
v  13.559720 12.977219 13.388043
v  13.556813 12.982840 12.965853
v  13.568031 12.640150 12.707093
v  13.568617 12.220247 12.673811
v  13.569069 11.805488 12.640932
v  3.687817 11.598309 12.609145
v  4.091808 11.542654 12.364761
v  4.567513 11.488507 12.361043
v  5.047635 11.473606 12.366350
v  5.527774 11.472300 12.353470
v  6.007645 11.471607 12.359122
v  6.485506 11.471041 12.368531
v  6.961054 11.470922 12.391295
v  7.382732 11.476102 12.609872
v  7.837706 11.469901 12.409070
v  8.317340 11.466532 12.333762
v  8.798674 11.451221 12.288405
v  9.281947 11.434061 12.295909
v  9.763992 11.428931 12.301906
v  10.244081 11.430306 12.307074
v  10.722836 11.434974 12.311821
v  11.201331 11.440675 12.316435
v  11.679449 11.454921 12.319985
v  12.155655 11.460273 12.357424
v  12.629147 11.460229 12.382336
v  13.103593 11.459951 12.400315
v  13.578171 11.459682 12.418469
# 552 vertices

vt 0.555289 0.231972 0.000000
vt 0.566378 0.232072 0.000000
vt 0.566247 0.241651 0.000000
vt 0.555265 0.241638 0.000000
vt 0.544162 0.231840 0.000000
vt 0.544293 0.241462 0.000000
vt 0.533144 0.232009 0.000000
vt 0.533355 0.241570 0.000000
vt 0.522295 0.232406 0.000000
vt 0.522400 0.241882 0.000000
vt 0.511456 0.232347 0.000000
vt 0.511462 0.241822 0.000000
vt 0.500621 0.232010 0.000000
vt 0.500551 0.241498 0.000000
vt 0.489821 0.231421 0.000000
vt 0.489753 0.240976 0.000000
vt 0.478899 0.231592 0.000000
vt 0.478989 0.241178 0.000000
vt 0.467949 0.231782 0.000000
vt 0.468214 0.241233 0.000000
vt 0.457175 0.231934 0.000000
vt 0.457415 0.241451 0.000000
vt 0.446341 0.232218 0.000000
vt 0.446655 0.241729 0.000000
vt 0.435513 0.232578 0.000000
vt 0.435918 0.242085 0.000000
vt 0.424729 0.233065 0.000000
vt 0.425236 0.242550 0.000000
vt 0.413949 0.233555 0.000000
vt 0.414551 0.243031 0.000000
vt 0.403222 0.234170 0.000000
vt 0.403923 0.243639 0.000000
vt 0.392512 0.235113 0.000000
vt 0.393328 0.244584 0.000000
vt 0.381648 0.236213 0.000000
vt 0.382672 0.245788 0.000000
vt 0.371090 0.237157 0.000000
vt 0.371872 0.246259 0.000000
vt 0.360779 0.237538 0.000000
vt 0.361125 0.246846 0.000000
vt 0.350075 0.237893 0.000000
vt 0.350354 0.247296 0.000000
vt 0.339211 0.238204 0.000000
vt 0.339533 0.247692 0.000000
vt 0.328345 0.238657 0.000000
vt 0.328713 0.248067 0.000000
vt 0.555090 0.222204 0.000000
vt 0.566174 0.222541 0.000000
vt 0.543969 0.222115 0.000000
vt 0.533005 0.222410 0.000000
vt 0.522119 0.222792 0.000000
vt 0.511236 0.222782 0.000000
vt 0.500388 0.222431 0.000000
vt 0.489652 0.221791 0.000000
vt 0.478762 0.221850 0.000000
vt 0.467713 0.222074 0.000000
vt 0.456749 0.222262 0.000000
vt 0.445850 0.222559 0.000000
vt 0.434991 0.222918 0.000000
vt 0.424170 0.223449 0.000000
vt 0.413363 0.223954 0.000000
vt 0.402585 0.224602 0.000000
vt 0.391845 0.225459 0.000000
vt 0.381074 0.226425 0.000000
vt 0.370479 0.227625 0.000000
vt 0.359947 0.227971 0.000000
vt 0.349309 0.228263 0.000000
vt 0.338540 0.228557 0.000000
vt 0.327705 0.229045 0.000000
vt 0.554916 0.212300 0.000000
vt 0.566013 0.212992 0.000000
vt 0.543865 0.212227 0.000000
vt 0.532880 0.212539 0.000000
vt 0.521936 0.212992 0.000000
vt 0.511015 0.213050 0.000000
vt 0.500154 0.212669 0.000000
vt 0.489177 0.211813 0.000000
vt 0.478208 0.211858 0.000000
vt 0.467171 0.212061 0.000000
vt 0.456182 0.212364 0.000000
vt 0.445268 0.212719 0.000000
vt 0.434385 0.213101 0.000000
vt 0.423559 0.213661 0.000000
vt 0.412736 0.214201 0.000000
vt 0.401951 0.214843 0.000000
vt 0.391213 0.215688 0.000000
vt 0.380509 0.216610 0.000000
vt 0.369869 0.217741 0.000000
vt 0.359284 0.218225 0.000000
vt 0.348698 0.218533 0.000000
vt 0.337972 0.218848 0.000000
vt 0.327167 0.219315 0.000000
vt 0.554342 0.202234 0.000000
vt 0.565184 0.203094 0.000000
vt 0.543469 0.202198 0.000000
vt 0.532555 0.202479 0.000000
vt 0.521638 0.202967 0.000000
vt 0.510652 0.203128 0.000000
vt 0.499781 0.202918 0.000000
vt 0.488987 0.201504 0.000000
vt 0.478051 0.201727 0.000000
vt 0.466958 0.201924 0.000000
vt 0.455931 0.202206 0.000000
vt 0.444993 0.202651 0.000000
vt 0.434101 0.203012 0.000000
vt 0.423259 0.203601 0.000000
vt 0.412417 0.204211 0.000000
vt 0.401617 0.204859 0.000000
vt 0.390831 0.205679 0.000000
vt 0.380096 0.206559 0.000000
vt 0.369450 0.207515 0.000000
vt 0.358890 0.208220 0.000000
vt 0.348236 0.208570 0.000000
vt 0.337477 0.208923 0.000000
vt 0.326657 0.209371 0.000000
vt 0.553792 0.191829 0.000000
vt 0.564572 0.192725 0.000000
vt 0.542932 0.191762 0.000000
vt 0.532055 0.191973 0.000000
vt 0.521171 0.192438 0.000000
vt 0.510279 0.192746 0.000000
vt 0.499393 0.192629 0.000000
vt 0.488494 0.191876 0.000000
vt 0.477590 0.191819 0.000000
vt 0.466602 0.191986 0.000000
vt 0.455618 0.192293 0.000000
vt 0.444672 0.192796 0.000000
vt 0.433750 0.193159 0.000000
vt 0.422866 0.193763 0.000000
vt 0.412014 0.194403 0.000000
vt 0.401179 0.195086 0.000000
vt 0.390372 0.195895 0.000000
vt 0.379609 0.196778 0.000000
vt 0.368900 0.197737 0.000000
vt 0.358223 0.198492 0.000000
vt 0.347505 0.198854 0.000000
vt 0.336733 0.199216 0.000000
vt 0.325921 0.199690 0.000000
vt 0.553271 0.181566 0.000000
vt 0.563872 0.182290 0.000000
vt 0.542440 0.181507 0.000000
vt 0.531603 0.181690 0.000000
vt 0.520761 0.182146 0.000000
vt 0.509912 0.182485 0.000000
vt 0.499057 0.182393 0.000000
vt 0.488141 0.181972 0.000000
vt 0.477203 0.181929 0.000000
vt 0.466243 0.182087 0.000000
vt 0.455280 0.182425 0.000000
vt 0.444335 0.182939 0.000000
vt 0.433399 0.183324 0.000000
vt 0.422498 0.183934 0.000000
vt 0.411622 0.184598 0.000000
vt 0.400769 0.185306 0.000000
vt 0.389943 0.186109 0.000000
vt 0.379145 0.186996 0.000000
vt 0.368383 0.187939 0.000000
vt 0.357635 0.188722 0.000000
vt 0.346865 0.189126 0.000000
vt 0.336070 0.189504 0.000000
vt 0.325258 0.190004 0.000000
vt 0.553061 0.171295 0.000000
vt 0.563725 0.171894 0.000000
vt 0.542197 0.171271 0.000000
vt 0.531331 0.171456 0.000000
vt 0.520468 0.171889 0.000000
vt 0.509606 0.172279 0.000000
vt 0.498719 0.172236 0.000000
vt 0.487785 0.172005 0.000000
vt 0.476842 0.172028 0.000000
vt 0.465888 0.172211 0.000000
vt 0.454935 0.172579 0.000000
vt 0.443994 0.173095 0.000000
vt 0.433053 0.173501 0.000000
vt 0.422141 0.174114 0.000000
vt 0.411240 0.174797 0.000000
vt 0.400367 0.175524 0.000000
vt 0.389520 0.176322 0.000000
vt 0.378702 0.177205 0.000000
vt 0.367908 0.178137 0.000000
vt 0.357138 0.178926 0.000000
vt 0.346350 0.179374 0.000000
vt 0.335541 0.179778 0.000000
vt 0.324715 0.180312 0.000000
vt 0.552844 0.161087 0.000000
vt 0.563592 0.161554 0.000000
vt 0.541974 0.161094 0.000000
vt 0.531079 0.161268 0.000000
vt 0.520181 0.161679 0.000000
vt 0.509287 0.162097 0.000000
vt 0.498366 0.162119 0.000000
vt 0.487427 0.162020 0.000000
vt 0.476478 0.162119 0.000000
vt 0.465514 0.162351 0.000000
vt 0.454554 0.162750 0.000000
vt 0.443608 0.163258 0.000000
vt 0.432666 0.163689 0.000000
vt 0.421745 0.164304 0.000000
vt 0.410849 0.165002 0.000000
vt 0.399959 0.165743 0.000000
vt 0.389100 0.166534 0.000000
vt 0.378266 0.167409 0.000000
vt 0.367454 0.168334 0.000000
vt 0.356658 0.169120 0.000000
vt 0.345832 0.169615 0.000000
vt 0.335009 0.170057 0.000000
vt 0.324177 0.170615 0.000000
vt 0.552533 0.150939 0.000000
vt 0.563292 0.151250 0.000000
vt 0.541663 0.150965 0.000000
vt 0.530757 0.151122 0.000000
vt 0.519845 0.151501 0.000000
vt 0.508931 0.151941 0.000000
vt 0.497990 0.152030 0.000000
vt 0.487038 0.152036 0.000000
vt 0.476078 0.152206 0.000000
vt 0.465112 0.152490 0.000000
vt 0.454154 0.152912 0.000000
vt 0.443209 0.153424 0.000000
vt 0.432272 0.153881 0.000000
vt 0.421338 0.154494 0.000000
vt 0.410430 0.155206 0.000000
vt 0.399533 0.155962 0.000000
vt 0.388663 0.156752 0.000000
vt 0.377808 0.157618 0.000000
vt 0.366982 0.158531 0.000000
vt 0.356158 0.159312 0.000000
vt 0.345322 0.159848 0.000000
vt 0.334490 0.160326 0.000000
vt 0.323655 0.160917 0.000000
vt 0.552101 0.140810 0.000000
vt 0.562873 0.140984 0.000000
vt 0.541239 0.140858 0.000000
vt 0.530346 0.141005 0.000000
vt 0.519432 0.141359 0.000000
vt 0.508512 0.141804 0.000000
vt 0.497566 0.141959 0.000000
vt 0.486602 0.142051 0.000000
vt 0.475632 0.142289 0.000000
vt 0.464664 0.142626 0.000000
vt 0.453705 0.143083 0.000000
vt 0.442758 0.143589 0.000000
vt 0.431818 0.144067 0.000000
vt 0.420892 0.144686 0.000000
vt 0.409987 0.145412 0.000000
vt 0.399085 0.146182 0.000000
vt 0.388206 0.146968 0.000000
vt 0.377339 0.147825 0.000000
vt 0.366496 0.148733 0.000000
vt 0.355659 0.149513 0.000000
vt 0.344805 0.150082 0.000000
vt 0.333958 0.150600 0.000000
vt 0.323122 0.151218 0.000000
vt 0.551612 0.130705 0.000000
vt 0.562386 0.130754 0.000000
vt 0.540751 0.130769 0.000000
vt 0.529860 0.130902 0.000000
vt 0.518945 0.131232 0.000000
vt 0.508015 0.131681 0.000000
vt 0.497065 0.131886 0.000000
vt 0.486107 0.132062 0.000000
vt 0.475134 0.132370 0.000000
vt 0.464165 0.132768 0.000000
vt 0.453206 0.133251 0.000000
vt 0.442256 0.133753 0.000000
vt 0.431315 0.134249 0.000000
vt 0.420386 0.134865 0.000000
vt 0.409485 0.135616 0.000000
vt 0.398589 0.136400 0.000000
vt 0.387711 0.137184 0.000000
vt 0.376841 0.138031 0.000000
vt 0.365980 0.138938 0.000000
vt 0.355126 0.139716 0.000000
vt 0.344269 0.140329 0.000000
vt 0.333419 0.140886 0.000000
vt 0.322582 0.141521 0.000000
vt 0.551052 0.120618 0.000000
vt 0.561833 0.120558 0.000000
vt 0.540192 0.120690 0.000000
vt 0.529301 0.120806 0.000000
vt 0.518387 0.121100 0.000000
vt 0.507466 0.121570 0.000000
vt 0.496511 0.121821 0.000000
vt 0.485550 0.122071 0.000000
vt 0.474580 0.122446 0.000000
vt 0.463614 0.122889 0.000000
vt 0.452657 0.123413 0.000000
vt 0.441704 0.123912 0.000000
vt 0.430763 0.124420 0.000000
vt 0.419839 0.125044 0.000000
vt 0.408938 0.125817 0.000000
vt 0.398039 0.126612 0.000000
vt 0.387157 0.127400 0.000000
vt 0.376276 0.128245 0.000000
vt 0.365418 0.129147 0.000000
vt 0.354565 0.129930 0.000000
vt 0.343713 0.130576 0.000000
vt 0.332864 0.131169 0.000000
vt 0.322029 0.131830 0.000000
vt 0.550444 0.110530 0.000000
vt 0.561232 0.110381 0.000000
vt 0.539580 0.110595 0.000000
vt 0.528683 0.110690 0.000000
vt 0.517769 0.110964 0.000000
vt 0.506850 0.111456 0.000000
vt 0.495900 0.111757 0.000000
vt 0.484944 0.112080 0.000000
vt 0.473976 0.112508 0.000000
vt 0.463015 0.113010 0.000000
vt 0.452059 0.113562 0.000000
vt 0.441106 0.114059 0.000000
vt 0.430167 0.114582 0.000000
vt 0.419246 0.115218 0.000000
vt 0.408346 0.116012 0.000000
vt 0.397452 0.116815 0.000000
vt 0.386577 0.117615 0.000000
vt 0.375700 0.118457 0.000000
vt 0.364839 0.119356 0.000000
vt 0.353980 0.120164 0.000000
vt 0.343128 0.120826 0.000000
vt 0.332283 0.121454 0.000000
vt 0.321449 0.122155 0.000000
vt 0.549792 0.100446 0.000000
vt 0.560585 0.100226 0.000000
vt 0.538914 0.100489 0.000000
vt 0.528014 0.100564 0.000000
vt 0.517103 0.100820 0.000000
vt 0.506177 0.101326 0.000000
vt 0.495233 0.101679 0.000000
vt 0.484277 0.102078 0.000000
vt 0.473322 0.102564 0.000000
vt 0.462370 0.103116 0.000000
vt 0.451419 0.103698 0.000000
vt 0.440391 0.104199 0.000000
vt 0.429538 0.104732 0.000000
vt 0.418614 0.105381 0.000000
vt 0.407716 0.106190 0.000000
vt 0.396830 0.107012 0.000000
vt 0.385945 0.107831 0.000000
vt 0.375078 0.108673 0.000000
vt 0.364215 0.109571 0.000000
vt 0.353362 0.110404 0.000000
vt 0.342513 0.111081 0.000000
vt 0.331672 0.111755 0.000000
vt 0.320844 0.112492 0.000000
vt 0.549131 0.090350 0.000000
vt 0.559947 0.090084 0.000000
vt 0.538227 0.090347 0.000000
vt 0.527308 0.090414 0.000000
vt 0.516390 0.090652 0.000000
vt 0.505466 0.091186 0.000000
vt 0.494528 0.091594 0.000000
vt 0.483586 0.092069 0.000000
vt 0.472631 0.092612 0.000000
vt 0.461681 0.093210 0.000000
vt 0.450736 0.093827 0.000000
vt 0.439789 0.094331 0.000000
vt 0.428860 0.094873 0.000000
vt 0.417947 0.095536 0.000000
vt 0.407062 0.096362 0.000000
vt 0.396176 0.097205 0.000000
vt 0.385301 0.098045 0.000000
vt 0.374444 0.098888 0.000000
vt 0.363591 0.099788 0.000000
vt 0.352740 0.100648 0.000000
vt 0.341894 0.101345 0.000000
vt 0.331058 0.102062 0.000000
vt 0.320234 0.102840 0.000000
vt 0.548444 0.080230 0.000000
vt 0.559277 0.079952 0.000000
vt 0.537502 0.080152 0.000000
vt 0.526567 0.080211 0.000000
vt 0.515648 0.080459 0.000000
vt 0.504730 0.081046 0.000000
vt 0.493804 0.081495 0.000000
vt 0.482865 0.082048 0.000000
vt 0.471916 0.082640 0.000000
vt 0.460971 0.083294 0.000000
vt 0.450032 0.083940 0.000000
vt 0.439088 0.084454 0.000000
vt 0.428165 0.085008 0.000000
vt 0.417251 0.085682 0.000000
vt 0.406368 0.086528 0.000000
vt 0.395488 0.087399 0.000000
vt 0.384623 0.088256 0.000000
vt 0.373768 0.089107 0.000000
vt 0.362922 0.090013 0.000000
vt 0.352082 0.090900 0.000000
vt 0.341241 0.091622 0.000000
vt 0.330411 0.092381 0.000000
vt 0.319590 0.093204 0.000000
vt 0.547728 0.070062 0.000000
vt 0.558604 0.069827 0.000000
vt 0.536737 0.069874 0.000000
vt 0.525782 0.069944 0.000000
vt 0.514862 0.070226 0.000000
vt 0.503953 0.070896 0.000000
vt 0.493034 0.071371 0.000000
vt 0.482110 0.072014 0.000000
vt 0.471171 0.072652 0.000000
vt 0.460233 0.073353 0.000000
vt 0.449296 0.074034 0.000000
vt 0.438346 0.074572 0.000000
vt 0.427414 0.075133 0.000000
vt 0.416512 0.075821 0.000000
vt 0.405633 0.076692 0.000000
vt 0.394770 0.077588 0.000000
vt 0.383920 0.078462 0.000000
vt 0.373079 0.079329 0.000000
vt 0.362234 0.080238 0.000000
vt 0.351401 0.081169 0.000000
vt 0.340563 0.081909 0.000000
vt 0.329740 0.082713 0.000000
vt 0.318928 0.083578 0.000000
vt 0.546962 0.059800 0.000000
vt 0.557786 0.059713 0.000000
vt 0.535911 0.059469 0.000000
vt 0.524959 0.059602 0.000000
vt 0.514064 0.059958 0.000000
vt 0.503184 0.060665 0.000000
vt 0.492295 0.061225 0.000000
vt 0.481387 0.061952 0.000000
vt 0.470455 0.062645 0.000000
vt 0.459512 0.063382 0.000000
vt 0.448566 0.064108 0.000000
vt 0.437614 0.064665 0.000000
vt 0.426677 0.065248 0.000000
vt 0.415778 0.065948 0.000000
vt 0.404913 0.066853 0.000000
vt 0.394068 0.067771 0.000000
vt 0.383224 0.068657 0.000000
vt 0.372384 0.069549 0.000000
vt 0.361548 0.070457 0.000000
vt 0.350732 0.071421 0.000000
vt 0.339917 0.072203 0.000000
vt 0.329105 0.073048 0.000000
vt 0.318300 0.073951 0.000000
vt 0.546244 0.049250 0.000000
vt 0.556759 0.049531 0.000000
vt 0.535002 0.048950 0.000000
vt 0.524135 0.049203 0.000000
vt 0.513310 0.049653 0.000000
vt 0.502472 0.050396 0.000000
vt 0.491632 0.051056 0.000000
vt 0.480758 0.051869 0.000000
vt 0.469808 0.052612 0.000000
vt 0.458833 0.053383 0.000000
vt 0.447852 0.054153 0.000000
vt 0.436880 0.054721 0.000000
vt 0.425952 0.055347 0.000000
vt 0.415063 0.056065 0.000000
vt 0.404220 0.057011 0.000000
vt 0.393351 0.057949 0.000000
vt 0.382509 0.058857 0.000000
vt 0.371708 0.059770 0.000000
vt 0.360856 0.060688 0.000000
vt 0.350041 0.061671 0.000000
vt 0.339240 0.062511 0.000000
vt 0.328486 0.063391 0.000000
vt 0.317679 0.064328 0.000000
vt 0.544535 0.039400 0.000000
vt 0.554570 0.039802 0.000000
vt 0.534069 0.038290 0.000000
vt 0.523432 0.038632 0.000000
vt 0.512634 0.039233 0.000000
vt 0.501876 0.039921 0.000000
vt 0.491117 0.040756 0.000000
vt 0.480218 0.041657 0.000000
vt 0.469261 0.042453 0.000000
vt 0.458189 0.043286 0.000000
vt 0.447112 0.044079 0.000000
vt 0.436080 0.044647 0.000000
vt 0.425108 0.045267 0.000000
vt 0.414202 0.045994 0.000000
vt 0.403320 0.046970 0.000000
vt 0.392464 0.047932 0.000000
vt 0.381620 0.048875 0.000000
vt 0.370764 0.049810 0.000000
vt 0.359951 0.050695 0.000000
vt 0.349151 0.051750 0.000000
vt 0.338348 0.052655 0.000000
vt 0.327540 0.053604 0.000000
vt 0.316754 0.054563 0.000000
vt 0.543653 0.029796 0.000000
vt 0.554226 0.029973 0.000000
vt 0.533314 0.028921 0.000000
vt 0.522864 0.028838 0.000000
vt 0.512120 0.029425 0.000000
vt 0.501314 0.030120 0.000000
vt 0.490504 0.030979 0.000000
vt 0.479659 0.031868 0.000000
vt 0.468717 0.032681 0.000000
vt 0.457615 0.033545 0.000000
vt 0.446466 0.034242 0.000000
vt 0.435372 0.034846 0.000000
vt 0.424383 0.035449 0.000000
vt 0.413444 0.036213 0.000000
vt 0.402561 0.037198 0.000000
vt 0.391693 0.038183 0.000000
vt 0.380838 0.039151 0.000000
vt 0.369990 0.040102 0.000000
vt 0.359156 0.041046 0.000000
vt 0.348355 0.042122 0.000000
vt 0.337565 0.043055 0.000000
vt 0.326785 0.044020 0.000000
vt 0.315995 0.044978 0.000000
vt 0.543730 0.020146 0.000000
vt 0.554499 0.020420 0.000000
vt 0.533070 0.019746 0.000000
vt 0.522420 0.019410 0.000000
vt 0.511582 0.019889 0.000000
vt 0.500750 0.020574 0.000000
vt 0.489933 0.021426 0.000000
vt 0.479198 0.022362 0.000000
vt 0.468296 0.023036 0.000000
vt 0.457035 0.023771 0.000000
vt 0.445750 0.024571 0.000000
vt 0.434709 0.025202 0.000000
vt 0.423724 0.025755 0.000000
vt 0.412776 0.026571 0.000000
vt 0.401875 0.027556 0.000000
vt 0.390991 0.028559 0.000000
vt 0.380124 0.029549 0.000000
vt 0.369252 0.030501 0.000000
vt 0.358405 0.031498 0.000000
vt 0.347596 0.032632 0.000000
vt 0.336830 0.033605 0.000000
vt 0.326049 0.034555 0.000000
vt 0.315251 0.035512 0.000000
vt 0.543903 0.010657 0.000000
vt 0.554794 0.010944 0.000000
vt 0.532961 0.010424 0.000000
vt 0.522083 0.010000 0.000000
vt 0.511134 0.010525 0.000000
vt 0.500183 0.011197 0.000000
vt 0.489251 0.012071 0.000000
vt 0.478386 0.013040 0.000000
vt 0.467545 0.013677 0.000000
vt 0.456670 0.014156 0.000000
vt 0.445302 0.015174 0.000000
vt 0.434230 0.015790 0.000000
vt 0.423184 0.016214 0.000000
vt 0.412156 0.017086 0.000000
vt 0.401174 0.018071 0.000000
vt 0.390248 0.019089 0.000000
vt 0.379354 0.020091 0.000000
vt 0.368460 0.021046 0.000000
vt 0.357595 0.022063 0.000000
vt 0.346774 0.023281 0.000000
vt 0.335997 0.024260 0.000000
vt 0.325200 0.025206 0.000000
vt 0.314404 0.026163 0.000000
# 552 texture coords

o 2?_??___??
g 2?_??___??
f 1415/1692 1414/1693 1413/1694 1899/1695 
f 1416/1696 1415/1692 1899/1695 1900/1697 
f 1417/1698 1416/1696 1900/1697 1901/1699 
f 1418/1700 1417/1698 1901/1699 1902/1701 
f 1419/1702 1418/1700 1902/1701 1903/1703 
f 1420/1704 1419/1702 1903/1703 1904/1705 
f 1421/1706 1420/1704 1904/1705 1905/1707 
f 1422/1708 1421/1706 1905/1707 1906/1709 
f 1423/1710 1422/1708 1906/1709 1907/1711 
f 1424/1712 1423/1710 1907/1711 1908/1713 
f 1425/1714 1424/1712 1908/1713 1909/1715 
f 1426/1716 1425/1714 1909/1715 1910/1717 
f 1427/1718 1426/1716 1910/1717 1911/1719 
f 1428/1720 1427/1718 1911/1719 1912/1721 
f 1429/1722 1428/1720 1912/1721 1913/1723 
f 1430/1724 1429/1722 1913/1723 1914/1725 
f 1431/1726 1430/1724 1914/1725 1915/1727 
f 1432/1728 1431/1726 1915/1727 1916/1729 
f 1433/1730 1432/1728 1916/1729 1917/1731 
f 1434/1732 1433/1730 1917/1731 1918/1733 
f 1435/1734 1434/1732 1918/1733 1919/1735 
f 1921/1736 1435/1734 1919/1735 1920/1737 
f 1437/1738 1436/1739 1414/1693 1415/1692 
f 1438/1740 1437/1738 1415/1692 1416/1696 
f 1439/1741 1438/1740 1416/1696 1417/1698 
f 1440/1742 1439/1741 1417/1698 1418/1700 
f 1441/1743 1440/1742 1418/1700 1419/1702 
f 1442/1744 1441/1743 1419/1702 1420/1704 
f 1443/1745 1442/1744 1420/1704 1421/1706 
f 1444/1746 1443/1745 1421/1706 1422/1708 
f 1445/1747 1444/1746 1422/1708 1423/1710 
f 1446/1748 1445/1747 1423/1710 1424/1712 
f 1447/1749 1446/1748 1424/1712 1425/1714 
f 1448/1750 1447/1749 1425/1714 1426/1716 
f 1449/1751 1448/1750 1426/1716 1427/1718 
f 1450/1752 1449/1751 1427/1718 1428/1720 
f 1451/1753 1450/1752 1428/1720 1429/1722 
f 1452/1754 1451/1753 1429/1722 1430/1724 
f 1453/1755 1452/1754 1430/1724 1431/1726 
f 1454/1756 1453/1755 1431/1726 1432/1728 
f 1455/1757 1454/1756 1432/1728 1433/1730 
f 1456/1758 1455/1757 1433/1730 1434/1732 
f 1457/1759 1456/1758 1434/1732 1435/1734 
f 1922/1760 1457/1759 1435/1734 1921/1736 
f 1459/1761 1458/1762 1436/1739 1437/1738 
f 1460/1763 1459/1761 1437/1738 1438/1740 
f 1461/1764 1460/1763 1438/1740 1439/1741 
f 1462/1765 1461/1764 1439/1741 1440/1742 
f 1463/1766 1462/1765 1440/1742 1441/1743 
f 1464/1767 1463/1766 1441/1743 1442/1744 
f 1465/1768 1464/1767 1442/1744 1443/1745 
f 1466/1769 1465/1768 1443/1745 1444/1746 
f 1467/1770 1466/1769 1444/1746 1445/1747 
f 1468/1771 1467/1770 1445/1747 1446/1748 
f 1469/1772 1468/1771 1446/1748 1447/1749 
f 1470/1773 1469/1772 1447/1749 1448/1750 
f 1471/1774 1470/1773 1448/1750 1449/1751 
f 1472/1775 1471/1774 1449/1751 1450/1752 
f 1473/1776 1472/1775 1450/1752 1451/1753 
f 1474/1777 1473/1776 1451/1753 1452/1754 
f 1475/1778 1474/1777 1452/1754 1453/1755 
f 1476/1779 1475/1778 1453/1755 1454/1756 
f 1477/1780 1476/1779 1454/1756 1455/1757 
f 1478/1781 1477/1780 1455/1757 1456/1758 
f 1479/1782 1478/1781 1456/1758 1457/1759 
f 1923/1783 1479/1782 1457/1759 1922/1760 
f 1481/1784 1480/1785 1458/1762 1459/1761 
f 1482/1786 1481/1784 1459/1761 1460/1763 
f 1483/1787 1482/1786 1460/1763 1461/1764 
f 1484/1788 1483/1787 1461/1764 1462/1765 
f 1485/1789 1484/1788 1462/1765 1463/1766 
f 1486/1790 1485/1789 1463/1766 1464/1767 
f 1487/1791 1486/1790 1464/1767 1465/1768 
f 1488/1792 1487/1791 1465/1768 1466/1769 
f 1489/1793 1488/1792 1466/1769 1467/1770 
f 1490/1794 1489/1793 1467/1770 1468/1771 
f 1491/1795 1490/1794 1468/1771 1469/1772 
f 1492/1796 1491/1795 1469/1772 1470/1773 
f 1493/1797 1492/1796 1470/1773 1471/1774 
f 1494/1798 1493/1797 1471/1774 1472/1775 
f 1495/1799 1494/1798 1472/1775 1473/1776 
f 1496/1800 1495/1799 1473/1776 1474/1777 
f 1497/1801 1496/1800 1474/1777 1475/1778 
f 1498/1802 1497/1801 1475/1778 1476/1779 
f 1499/1803 1498/1802 1476/1779 1477/1780 
f 1500/1804 1499/1803 1477/1780 1478/1781 
f 1501/1805 1500/1804 1478/1781 1479/1782 
f 1924/1806 1501/1805 1479/1782 1923/1783 
f 1503/1807 1502/1808 1480/1785 1481/1784 
f 1504/1809 1503/1807 1481/1784 1482/1786 
f 1505/1810 1504/1809 1482/1786 1483/1787 
f 1506/1811 1505/1810 1483/1787 1484/1788 
f 1507/1812 1506/1811 1484/1788 1485/1789 
f 1508/1813 1507/1812 1485/1789 1486/1790 
f 1509/1814 1508/1813 1486/1790 1487/1791 
f 1510/1815 1509/1814 1487/1791 1488/1792 
f 1511/1816 1510/1815 1488/1792 1489/1793 
f 1512/1817 1511/1816 1489/1793 1490/1794 
f 1513/1818 1512/1817 1490/1794 1491/1795 
f 1514/1819 1513/1818 1491/1795 1492/1796 
f 1515/1820 1514/1819 1492/1796 1493/1797 
f 1516/1821 1515/1820 1493/1797 1494/1798 
f 1517/1822 1516/1821 1494/1798 1495/1799 
f 1518/1823 1517/1822 1495/1799 1496/1800 
f 1519/1824 1518/1823 1496/1800 1497/1801 
f 1520/1825 1519/1824 1497/1801 1498/1802 
f 1521/1826 1520/1825 1498/1802 1499/1803 
f 1522/1827 1521/1826 1499/1803 1500/1804 
f 1523/1828 1522/1827 1500/1804 1501/1805 
f 1925/1829 1523/1828 1501/1805 1924/1806 
f 1525/1830 1524/1831 1502/1808 1503/1807 
f 1526/1832 1525/1830 1503/1807 1504/1809 
f 1527/1833 1526/1832 1504/1809 1505/1810 
f 1528/1834 1527/1833 1505/1810 1506/1811 
f 1529/1835 1528/1834 1506/1811 1507/1812 
f 1530/1836 1529/1835 1507/1812 1508/1813 
f 1531/1837 1530/1836 1508/1813 1509/1814 
f 1532/1838 1531/1837 1509/1814 1510/1815 
f 1533/1839 1532/1838 1510/1815 1511/1816 
f 1534/1840 1533/1839 1511/1816 1512/1817 
f 1535/1841 1534/1840 1512/1817 1513/1818 
f 1536/1842 1535/1841 1513/1818 1514/1819 
f 1537/1843 1536/1842 1514/1819 1515/1820 
f 1538/1844 1537/1843 1515/1820 1516/1821 
f 1539/1845 1538/1844 1516/1821 1517/1822 
f 1540/1846 1539/1845 1517/1822 1518/1823 
f 1541/1847 1540/1846 1518/1823 1519/1824 
f 1542/1848 1541/1847 1519/1824 1520/1825 
f 1543/1849 1542/1848 1520/1825 1521/1826 
f 1544/1850 1543/1849 1521/1826 1522/1827 
f 1545/1851 1544/1850 1522/1827 1523/1828 
f 1926/1852 1545/1851 1523/1828 1925/1829 
f 1547/1853 1546/1854 1524/1831 1525/1830 
f 1548/1855 1547/1853 1525/1830 1526/1832 
f 1549/1856 1548/1855 1526/1832 1527/1833 
f 1550/1857 1549/1856 1527/1833 1528/1834 
f 1551/1858 1550/1857 1528/1834 1529/1835 
f 1552/1859 1551/1858 1529/1835 1530/1836 
f 1553/1860 1552/1859 1530/1836 1531/1837 
f 1554/1861 1553/1860 1531/1837 1532/1838 
f 1555/1862 1554/1861 1532/1838 1533/1839 
f 1556/1863 1555/1862 1533/1839 1534/1840 
f 1557/1864 1556/1863 1534/1840 1535/1841 
f 1558/1865 1557/1864 1535/1841 1536/1842 
f 1559/1866 1558/1865 1536/1842 1537/1843 
f 1560/1867 1559/1866 1537/1843 1538/1844 
f 1561/1868 1560/1867 1538/1844 1539/1845 
f 1562/1869 1561/1868 1539/1845 1540/1846 
f 1563/1870 1562/1869 1540/1846 1541/1847 
f 1564/1871 1563/1870 1541/1847 1542/1848 
f 1565/1872 1564/1871 1542/1848 1543/1849 
f 1566/1873 1565/1872 1543/1849 1544/1850 
f 1567/1874 1566/1873 1544/1850 1545/1851 
f 1927/1875 1567/1874 1545/1851 1926/1852 
f 1569/1876 1568/1877 1546/1854 1547/1853 
f 1570/1878 1569/1876 1547/1853 1548/1855 
f 1571/1879 1570/1878 1548/1855 1549/1856 
f 1572/1880 1571/1879 1549/1856 1550/1857 
f 1573/1881 1572/1880 1550/1857 1551/1858 
f 1574/1882 1573/1881 1551/1858 1552/1859 
f 1575/1883 1574/1882 1552/1859 1553/1860 
f 1576/1884 1575/1883 1553/1860 1554/1861 
f 1577/1885 1576/1884 1554/1861 1555/1862 
f 1578/1886 1577/1885 1555/1862 1556/1863 
f 1579/1887 1578/1886 1556/1863 1557/1864 
f 1580/1888 1579/1887 1557/1864 1558/1865 
f 1581/1889 1580/1888 1558/1865 1559/1866 
f 1582/1890 1581/1889 1559/1866 1560/1867 
f 1583/1891 1582/1890 1560/1867 1561/1868 
f 1584/1892 1583/1891 1561/1868 1562/1869 
f 1585/1893 1584/1892 1562/1869 1563/1870 
f 1586/1894 1585/1893 1563/1870 1564/1871 
f 1587/1895 1586/1894 1564/1871 1565/1872 
f 1588/1896 1587/1895 1565/1872 1566/1873 
f 1589/1897 1588/1896 1566/1873 1567/1874 
f 1928/1898 1589/1897 1567/1874 1927/1875 
f 1591/1899 1590/1900 1568/1877 1569/1876 
f 1592/1901 1591/1899 1569/1876 1570/1878 
f 1593/1902 1592/1901 1570/1878 1571/1879 
f 1594/1903 1593/1902 1571/1879 1572/1880 
f 1595/1904 1594/1903 1572/1880 1573/1881 
f 1596/1905 1595/1904 1573/1881 1574/1882 
f 1597/1906 1596/1905 1574/1882 1575/1883 
f 1598/1907 1597/1906 1575/1883 1576/1884 
f 1599/1908 1598/1907 1576/1884 1577/1885 
f 1600/1909 1599/1908 1577/1885 1578/1886 
f 1601/1910 1600/1909 1578/1886 1579/1887 
f 1602/1911 1601/1910 1579/1887 1580/1888 
f 1603/1912 1602/1911 1580/1888 1581/1889 
f 1604/1913 1603/1912 1581/1889 1582/1890 
f 1605/1914 1604/1913 1582/1890 1583/1891 
f 1606/1915 1605/1914 1583/1891 1584/1892 
f 1607/1916 1606/1915 1584/1892 1585/1893 
f 1608/1917 1607/1916 1585/1893 1586/1894 
f 1609/1918 1608/1917 1586/1894 1587/1895 
f 1610/1919 1609/1918 1587/1895 1588/1896 
f 1611/1920 1610/1919 1588/1896 1589/1897 
f 1929/1921 1611/1920 1589/1897 1928/1898 
f 1613/1922 1612/1923 1590/1900 1591/1899 
f 1614/1924 1613/1922 1591/1899 1592/1901 
f 1615/1925 1614/1924 1592/1901 1593/1902 
f 1616/1926 1615/1925 1593/1902 1594/1903 
f 1617/1927 1616/1926 1594/1903 1595/1904 
f 1618/1928 1617/1927 1595/1904 1596/1905 
f 1619/1929 1618/1928 1596/1905 1597/1906 
f 1620/1930 1619/1929 1597/1906 1598/1907 
f 1621/1931 1620/1930 1598/1907 1599/1908 
f 1622/1932 1621/1931 1599/1908 1600/1909 
f 1623/1933 1622/1932 1600/1909 1601/1910 
f 1624/1934 1623/1933 1601/1910 1602/1911 
f 1625/1935 1624/1934 1602/1911 1603/1912 
f 1626/1936 1625/1935 1603/1912 1604/1913 
f 1627/1937 1626/1936 1604/1913 1605/1914 
f 1628/1938 1627/1937 1605/1914 1606/1915 
f 1629/1939 1628/1938 1606/1915 1607/1916 
f 1630/1940 1629/1939 1607/1916 1608/1917 
f 1631/1941 1630/1940 1608/1917 1609/1918 
f 1632/1942 1631/1941 1609/1918 1610/1919 
f 1633/1943 1632/1942 1610/1919 1611/1920 
f 1930/1944 1633/1943 1611/1920 1929/1921 
f 1635/1945 1634/1946 1612/1923 1613/1922 
f 1636/1947 1635/1945 1613/1922 1614/1924 
f 1637/1948 1636/1947 1614/1924 1615/1925 
f 1638/1949 1637/1948 1615/1925 1616/1926 
f 1639/1950 1638/1949 1616/1926 1617/1927 
f 1640/1951 1639/1950 1617/1927 1618/1928 
f 1641/1952 1640/1951 1618/1928 1619/1929 
f 1642/1953 1641/1952 1619/1929 1620/1930 
f 1643/1954 1642/1953 1620/1930 1621/1931 
f 1644/1955 1643/1954 1621/1931 1622/1932 
f 1645/1956 1644/1955 1622/1932 1623/1933 
f 1646/1957 1645/1956 1623/1933 1624/1934 
f 1647/1958 1646/1957 1624/1934 1625/1935 
f 1648/1959 1647/1958 1625/1935 1626/1936 
f 1649/1960 1648/1959 1626/1936 1627/1937 
f 1650/1961 1649/1960 1627/1937 1628/1938 
f 1651/1962 1650/1961 1628/1938 1629/1939 
f 1652/1963 1651/1962 1629/1939 1630/1940 
f 1653/1964 1652/1963 1630/1940 1631/1941 
f 1654/1965 1653/1964 1631/1941 1632/1942 
f 1655/1966 1654/1965 1632/1942 1633/1943 
f 1931/1967 1655/1966 1633/1943 1930/1944 
f 1657/1968 1656/1969 1634/1946 1635/1945 
f 1658/1970 1657/1968 1635/1945 1636/1947 
f 1659/1971 1658/1970 1636/1947 1637/1948 
f 1660/1972 1659/1971 1637/1948 1638/1949 
f 1661/1973 1660/1972 1638/1949 1639/1950 
f 1662/1974 1661/1973 1639/1950 1640/1951 
f 1663/1975 1662/1974 1640/1951 1641/1952 
f 1664/1976 1663/1975 1641/1952 1642/1953 
f 1665/1977 1664/1976 1642/1953 1643/1954 
f 1666/1978 1665/1977 1643/1954 1644/1955 
f 1667/1979 1666/1978 1644/1955 1645/1956 
f 1668/1980 1667/1979 1645/1956 1646/1957 
f 1669/1981 1668/1980 1646/1957 1647/1958 
f 1670/1982 1669/1981 1647/1958 1648/1959 
f 1671/1983 1670/1982 1648/1959 1649/1960 
f 1672/1984 1671/1983 1649/1960 1650/1961 
f 1673/1985 1672/1984 1650/1961 1651/1962 
f 1674/1986 1673/1985 1651/1962 1652/1963 
f 1675/1987 1674/1986 1652/1963 1653/1964 
f 1676/1988 1675/1987 1653/1964 1654/1965 
f 1677/1989 1676/1988 1654/1965 1655/1966 
f 1932/1990 1677/1989 1655/1966 1931/1967 
f 1679/1991 1678/1992 1656/1969 1657/1968 
f 1680/1993 1679/1991 1657/1968 1658/1970 
f 1681/1994 1680/1993 1658/1970 1659/1971 
f 1682/1995 1681/1994 1659/1971 1660/1972 
f 1683/1996 1682/1995 1660/1972 1661/1973 
f 1684/1997 1683/1996 1661/1973 1662/1974 
f 1685/1998 1684/1997 1662/1974 1663/1975 
f 1686/1999 1685/1998 1663/1975 1664/1976 
f 1687/2000 1686/1999 1664/1976 1665/1977 
f 1688/2001 1687/2000 1665/1977 1666/1978 
f 1689/2002 1688/2001 1666/1978 1667/1979 
f 1690/2003 1689/2002 1667/1979 1668/1980 
f 1691/2004 1690/2003 1668/1980 1669/1981 
f 1692/2005 1691/2004 1669/1981 1670/1982 
f 1693/2006 1692/2005 1670/1982 1671/1983 
f 1694/2007 1693/2006 1671/1983 1672/1984 
f 1695/2008 1694/2007 1672/1984 1673/1985 
f 1696/2009 1695/2008 1673/1985 1674/1986 
f 1697/2010 1696/2009 1674/1986 1675/1987 
f 1698/2011 1697/2010 1675/1987 1676/1988 
f 1699/2012 1698/2011 1676/1988 1677/1989 
f 1933/2013 1699/2012 1677/1989 1932/1990 
f 1701/2014 1700/2015 1678/1992 1679/1991 
f 1702/2016 1701/2014 1679/1991 1680/1993 
f 1703/2017 1702/2016 1680/1993 1681/1994 
f 1704/2018 1703/2017 1681/1994 1682/1995 
f 1705/2019 1704/2018 1682/1995 1683/1996 
f 1706/2020 1705/2019 1683/1996 1684/1997 
f 1707/2021 1706/2020 1684/1997 1685/1998 
f 1708/2022 1707/2021 1685/1998 1686/1999 
f 1709/2023 1708/2022 1686/1999 1687/2000 
f 1710/2024 1709/2023 1687/2000 1688/2001 
f 1711/2025 1710/2024 1688/2001 1689/2002 
f 1712/2026 1711/2025 1689/2002 1690/2003 
f 1713/2027 1712/2026 1690/2003 1691/2004 
f 1714/2028 1713/2027 1691/2004 1692/2005 
f 1715/2029 1714/2028 1692/2005 1693/2006 
f 1716/2030 1715/2029 1693/2006 1694/2007 
f 1717/2031 1716/2030 1694/2007 1695/2008 
f 1718/2032 1717/2031 1695/2008 1696/2009 
f 1719/2033 1718/2032 1696/2009 1697/2010 
f 1720/2034 1719/2033 1697/2010 1698/2011 
f 1721/2035 1720/2034 1698/2011 1699/2012 
f 1934/2036 1721/2035 1699/2012 1933/2013 
f 1723/2037 1722/2038 1700/2015 1701/2014 
f 1724/2039 1723/2037 1701/2014 1702/2016 
f 1725/2040 1724/2039 1702/2016 1703/2017 
f 1726/2041 1725/2040 1703/2017 1704/2018 
f 1727/2042 1726/2041 1704/2018 1705/2019 
f 1728/2043 1727/2042 1705/2019 1706/2020 
f 1729/2044 1728/2043 1706/2020 1707/2021 
f 1730/2045 1729/2044 1707/2021 1708/2022 
f 1731/2046 1730/2045 1708/2022 1709/2023 
f 1732/2047 1731/2046 1709/2023 1710/2024 
f 1733/2048 1732/2047 1710/2024 1711/2025 
f 1734/2049 1733/2048 1711/2025 1712/2026 
f 1735/2050 1734/2049 1712/2026 1713/2027 
f 1736/2051 1735/2050 1713/2027 1714/2028 
f 1737/2052 1736/2051 1714/2028 1715/2029 
f 1738/2053 1737/2052 1715/2029 1716/2030 
f 1739/2054 1738/2053 1716/2030 1717/2031 
f 1740/2055 1739/2054 1717/2031 1718/2032 
f 1741/2056 1740/2055 1718/2032 1719/2033 
f 1742/2057 1741/2056 1719/2033 1720/2034 
f 1743/2058 1742/2057 1720/2034 1721/2035 
f 1935/2059 1743/2058 1721/2035 1934/2036 
f 1745/2060 1744/2061 1722/2038 1723/2037 
f 1746/2062 1745/2060 1723/2037 1724/2039 
f 1747/2063 1746/2062 1724/2039 1725/2040 
f 1748/2064 1747/2063 1725/2040 1726/2041 
f 1749/2065 1748/2064 1726/2041 1727/2042 
f 1750/2066 1749/2065 1727/2042 1728/2043 
f 1751/2067 1750/2066 1728/2043 1729/2044 
f 1752/2068 1751/2067 1729/2044 1730/2045 
f 1753/2069 1752/2068 1730/2045 1731/2046 
f 1754/2070 1753/2069 1731/2046 1732/2047 
f 1755/2071 1754/2070 1732/2047 1733/2048 
f 1756/2072 1755/2071 1733/2048 1734/2049 
f 1757/2073 1756/2072 1734/2049 1735/2050 
f 1758/2074 1757/2073 1735/2050 1736/2051 
f 1759/2075 1758/2074 1736/2051 1737/2052 
f 1760/2076 1759/2075 1737/2052 1738/2053 
f 1761/2077 1760/2076 1738/2053 1739/2054 
f 1762/2078 1761/2077 1739/2054 1740/2055 
f 1763/2079 1762/2078 1740/2055 1741/2056 
f 1764/2080 1763/2079 1741/2056 1742/2057 
f 1765/2081 1764/2080 1742/2057 1743/2058 
f 1936/2082 1765/2081 1743/2058 1935/2059 
f 1767/2083 1766/2084 1744/2061 1745/2060 
f 1768/2085 1767/2083 1745/2060 1746/2062 
f 1769/2086 1768/2085 1746/2062 1747/2063 
f 1770/2087 1769/2086 1747/2063 1748/2064 
f 1771/2088 1770/2087 1748/2064 1749/2065 
f 1772/2089 1771/2088 1749/2065 1750/2066 
f 1773/2090 1772/2089 1750/2066 1751/2067 
f 1774/2091 1773/2090 1751/2067 1752/2068 
f 1775/2092 1774/2091 1752/2068 1753/2069 
f 1776/2093 1775/2092 1753/2069 1754/2070 
f 1777/2094 1776/2093 1754/2070 1755/2071 
f 1778/2095 1777/2094 1755/2071 1756/2072 
f 1779/2096 1778/2095 1756/2072 1757/2073 
f 1780/2097 1779/2096 1757/2073 1758/2074 
f 1781/2098 1780/2097 1758/2074 1759/2075 
f 1782/2099 1781/2098 1759/2075 1760/2076 
f 1783/2100 1782/2099 1760/2076 1761/2077 
f 1784/2101 1783/2100 1761/2077 1762/2078 
f 1785/2102 1784/2101 1762/2078 1763/2079 
f 1786/2103 1785/2102 1763/2079 1764/2080 
f 1787/2104 1786/2103 1764/2080 1765/2081 
f 1937/2105 1787/2104 1765/2081 1936/2082 
f 1789/2106 1788/2107 1766/2084 1767/2083 
f 1790/2108 1789/2106 1767/2083 1768/2085 
f 1791/2109 1790/2108 1768/2085 1769/2086 
f 1792/2110 1791/2109 1769/2086 1770/2087 
f 1793/2111 1792/2110 1770/2087 1771/2088 
f 1794/2112 1793/2111 1771/2088 1772/2089 
f 1795/2113 1794/2112 1772/2089 1773/2090 
f 1796/2114 1795/2113 1773/2090 1774/2091 
f 1797/2115 1796/2114 1774/2091 1775/2092 
f 1798/2116 1797/2115 1775/2092 1776/2093 
f 1799/2117 1798/2116 1776/2093 1777/2094 
f 1800/2118 1799/2117 1777/2094 1778/2095 
f 1801/2119 1800/2118 1778/2095 1779/2096 
f 1802/2120 1801/2119 1779/2096 1780/2097 
f 1803/2121 1802/2120 1780/2097 1781/2098 
f 1804/2122 1803/2121 1781/2098 1782/2099 
f 1805/2123 1804/2122 1782/2099 1783/2100 
f 1806/2124 1805/2123 1783/2100 1784/2101 
f 1807/2125 1806/2124 1784/2101 1785/2102 
f 1808/2126 1807/2125 1785/2102 1786/2103 
f 1809/2127 1808/2126 1786/2103 1787/2104 
f 1938/2128 1809/2127 1787/2104 1937/2105 
f 1811/2129 1810/2130 1788/2107 1789/2106 
f 1812/2131 1811/2129 1789/2106 1790/2108 
f 1813/2132 1812/2131 1790/2108 1791/2109 
f 1814/2133 1813/2132 1791/2109 1792/2110 
f 1815/2134 1814/2133 1792/2110 1793/2111 
f 1816/2135 1815/2134 1793/2111 1794/2112 
f 1817/2136 1816/2135 1794/2112 1795/2113 
f 1818/2137 1817/2136 1795/2113 1796/2114 
f 1819/2138 1818/2137 1796/2114 1797/2115 
f 1820/2139 1819/2138 1797/2115 1798/2116 
f 1821/2140 1820/2139 1798/2116 1799/2117 
f 1822/2141 1821/2140 1799/2117 1800/2118 
f 1823/2142 1822/2141 1800/2118 1801/2119 
f 1824/2143 1823/2142 1801/2119 1802/2120 
f 1825/2144 1824/2143 1802/2120 1803/2121 
f 1826/2145 1825/2144 1803/2121 1804/2122 
f 1827/2146 1826/2145 1804/2122 1805/2123 
f 1828/2147 1827/2146 1805/2123 1806/2124 
f 1829/2148 1828/2147 1806/2124 1807/2125 
f 1830/2149 1829/2148 1807/2125 1808/2126 
f 1831/2150 1830/2149 1808/2126 1809/2127 
f 1939/2151 1831/2150 1809/2127 1938/2128 
f 1833/2152 1832/2153 1810/2130 1811/2129 
f 1834/2154 1833/2152 1811/2129 1812/2131 
f 1835/2155 1834/2154 1812/2131 1813/2132 
f 1836/2156 1835/2155 1813/2132 1814/2133 
f 1837/2157 1836/2156 1814/2133 1815/2134 
f 1838/2158 1837/2157 1815/2134 1816/2135 
f 1839/2159 1838/2158 1816/2135 1817/2136 
f 1840/2160 1839/2159 1817/2136 1818/2137 
f 1841/2161 1840/2160 1818/2137 1819/2138 
f 1842/2162 1841/2161 1819/2138 1820/2139 
f 1843/2163 1842/2162 1820/2139 1821/2140 
f 1844/2164 1843/2163 1821/2140 1822/2141 
f 1845/2165 1844/2164 1822/2141 1823/2142 
f 1846/2166 1845/2165 1823/2142 1824/2143 
f 1847/2167 1846/2166 1824/2143 1825/2144 
f 1848/2168 1847/2167 1825/2144 1826/2145 
f 1849/2169 1848/2168 1826/2145 1827/2146 
f 1850/2170 1849/2169 1827/2146 1828/2147 
f 1851/2171 1850/2170 1828/2147 1829/2148 
f 1852/2172 1851/2171 1829/2148 1830/2149 
f 1853/2173 1852/2172 1830/2149 1831/2150 
f 1940/2174 1853/2173 1831/2150 1939/2151 
f 1855/2175 1854/2176 1832/2153 1833/2152 
f 1856/2177 1855/2175 1833/2152 1834/2154 
f 1857/2178 1856/2177 1834/2154 1835/2155 
f 1858/2179 1857/2178 1835/2155 1836/2156 
f 1859/2180 1858/2179 1836/2156 1837/2157 
f 1860/2181 1859/2180 1837/2157 1838/2158 
f 1861/2182 1860/2181 1838/2158 1839/2159 
f 1862/2183 1861/2182 1839/2159 1840/2160 
f 1863/2184 1862/2183 1840/2160 1841/2161 
f 1864/2185 1863/2184 1841/2161 1842/2162 
f 1865/2186 1864/2185 1842/2162 1843/2163 
f 1866/2187 1865/2186 1843/2163 1844/2164 
f 1867/2188 1866/2187 1844/2164 1845/2165 
f 1868/2189 1867/2188 1845/2165 1846/2166 
f 1869/2190 1868/2189 1846/2166 1847/2167 
f 1870/2191 1869/2190 1847/2167 1848/2168 
f 1871/2192 1870/2191 1848/2168 1849/2169 
f 1872/2193 1871/2192 1849/2169 1850/2170 
f 1873/2194 1872/2193 1850/2170 1851/2171 
f 1874/2195 1873/2194 1851/2171 1852/2172 
f 1875/2196 1874/2195 1852/2172 1853/2173 
f 1941/2197 1875/2196 1853/2173 1940/2174 
f 1877/2198 1876/2199 1854/2176 1855/2175 
f 1878/2200 1877/2198 1855/2175 1856/2177 
f 1879/2201 1878/2200 1856/2177 1857/2178 
f 1880/2202 1879/2201 1857/2178 1858/2179 
f 1881/2203 1880/2202 1858/2179 1859/2180 
f 1882/2204 1881/2203 1859/2180 1860/2181 
f 1883/2205 1882/2204 1860/2181 1861/2182 
f 1884/2206 1883/2205 1861/2182 1862/2183 
f 1885/2207 1884/2206 1862/2183 1863/2184 
f 1886/2208 1885/2207 1863/2184 1864/2185 
f 1887/2209 1886/2208 1864/2185 1865/2186 
f 1888/2210 1887/2209 1865/2186 1866/2187 
f 1889/2211 1888/2210 1866/2187 1867/2188 
f 1890/2212 1889/2211 1867/2188 1868/2189 
f 1891/2213 1890/2212 1868/2189 1869/2190 
f 1892/2214 1891/2213 1869/2190 1870/2191 
f 1893/2215 1892/2214 1870/2191 1871/2192 
f 1894/2216 1893/2215 1871/2192 1872/2193 
f 1895/2217 1894/2216 1872/2193 1873/2194 
f 1896/2218 1895/2217 1873/2194 1874/2195 
f 1897/2219 1896/2218 1874/2195 1875/2196 
f 1942/2220 1897/2219 1875/2196 1941/2197 
f 1943/2221 1898/2222 1876/2199 1877/2198 
f 1944/2223 1943/2221 1877/2198 1878/2200 
f 1945/2224 1944/2223 1878/2200 1879/2201 
f 1946/2225 1945/2224 1879/2201 1880/2202 
f 1947/2226 1946/2225 1880/2202 1881/2203 
f 1948/2227 1947/2226 1881/2203 1882/2204 
f 1949/2228 1948/2227 1882/2204 1883/2205 
f 1950/2229 1949/2228 1883/2205 1884/2206 
f 1951/2230 1950/2229 1884/2206 1885/2207 
f 1952/2231 1951/2230 1885/2207 1886/2208 
f 1953/2232 1952/2231 1886/2208 1887/2209 
f 1954/2233 1953/2232 1887/2209 1888/2210 
f 1955/2234 1954/2233 1888/2210 1889/2211 
f 1956/2235 1955/2234 1889/2211 1890/2212 
f 1957/2236 1956/2235 1890/2212 1891/2213 
f 1958/2237 1957/2236 1891/2213 1892/2214 
f 1959/2238 1958/2237 1892/2214 1893/2215 
f 1960/2239 1959/2238 1893/2215 1894/2216 
f 1961/2240 1960/2239 1894/2216 1895/2217 
f 1962/2241 1961/2240 1895/2217 1896/2218 
f 1963/2242 1962/2241 1896/2218 1897/2219 
f 1964/2243 1963/2242 1897/2219 1942/2220 
# 506 polygons

#
# object ???006
#

v  13.586087 19.140760 24.963428
v  13.876042 19.140760 24.963430
v  13.876042 19.140762 30.156385
v  13.586087 19.140760 30.155161
v  13.586088 10.688331 24.963430
v  13.586087 10.688333 30.155163
v  13.876042 10.688328 24.963432
v  13.876042 10.688329 30.156385
v  13.567147 17.379021 30.202457
v  13.598850 17.379021 30.189325
v  13.611982 17.379021 30.157621
v  13.598850 17.379021 30.125919
v  13.567147 17.379021 30.112787
v  13.535445 17.379021 30.125919
v  13.522313 17.379021 30.157621
v  13.535445 17.379021 30.189325
v  13.567147 17.940809 30.202457
v  13.598850 17.940809 30.189325
v  13.611982 17.940809 30.157621
v  13.598850 17.940809 30.125919
v  13.567147 17.940809 30.112787
v  13.535445 17.940809 30.125919
v  13.522313 17.940809 30.157621
v  13.535445 17.940809 30.189325
v  13.567147 16.175558 30.202457
v  13.598850 16.175558 30.189325
v  13.611982 16.175558 30.157621
v  13.598850 16.175558 30.125919
v  13.567147 16.175558 30.112787
v  13.535445 16.175558 30.125919
v  13.522313 16.175558 30.157621
v  13.535445 16.175558 30.189325
v  13.567147 16.737349 30.202457
v  13.598850 16.737349 30.189325
v  13.611982 16.737349 30.157621
v  13.598850 16.737349 30.125919
v  13.567147 16.737349 30.112787
v  13.535445 16.737349 30.125919
v  13.522313 16.737349 30.157621
v  13.535445 16.737349 30.189325
v  13.567147 12.014170 30.202457
v  13.598850 12.014170 30.189325
v  13.611982 12.014170 30.157621
v  13.598850 12.014170 30.125919
v  13.567147 12.014170 30.112787
v  13.535445 12.014170 30.125919
v  13.522313 12.014170 30.157621
v  13.535445 12.014170 30.189325
v  13.567147 12.575960 30.202457
v  13.598850 12.575960 30.189325
v  13.611982 12.575960 30.157621
v  13.598850 12.575960 30.125919
v  13.567147 12.575960 30.112787
v  13.535445 12.575960 30.125919
v  13.522313 12.575960 30.157621
v  13.535445 12.575960 30.189325
v  13.517817 14.796040 25.640413
v  13.517817 14.696488 25.739964
v  13.517817 14.555703 25.739964
v  13.517817 14.796040 25.499628
v  13.517817 14.696488 25.400078
v  13.517817 14.555703 25.400078
v  13.517817 14.456154 25.499628
v  13.517817 14.456154 25.640413
v  13.516293 14.713211 25.606106
v  13.516293 14.662181 25.657137
v  13.516293 14.590012 25.657137
v  13.516293 14.713211 25.533936
v  13.516293 14.662181 25.482904
v  13.516293 14.590012 25.482904
v  13.516293 14.538980 25.533936
v  13.516293 14.538980 25.606106
v  13.373737 14.639219 25.601702
v  13.373737 14.657778 25.583143
v  13.373737 14.657778 25.556898
v  13.373737 14.639219 25.538338
v  13.373737 14.612973 25.538338
v  13.373737 14.594414 25.556898
v  13.373737 14.594414 25.583143
v  13.373737 14.612973 25.601702
v  13.380869 14.606411 25.617544
v  13.380869 14.645781 25.617544
v  13.380869 14.673619 25.589705
v  13.380869 14.673619 25.550337
v  13.380869 14.645781 25.522497
v  13.380869 14.606411 25.522497
v  13.380869 14.578573 25.550337
v  13.380869 14.578573 25.589705
v  13.498249 14.713211 25.606106
v  13.498249 14.662181 25.657137
v  13.498249 14.590012 25.657137
v  13.498249 14.713211 25.533936
v  13.498249 14.662181 25.482904
v  13.498249 14.590012 25.482904
v  13.498249 14.538980 25.533936
v  13.498249 14.538980 25.606106
v  13.461537 14.662181 26.092371
v  13.481295 14.662181 25.874754
v  13.461537 14.698265 25.859806
v  13.422009 14.698265 25.859806
v  13.422009 14.662181 26.092371
v  13.422009 14.590012 26.092371
v  13.461537 14.590012 26.092371
v  13.481295 14.590012 25.874754
v  13.461535 14.713211 25.606106
v  13.461535 14.713211 25.533936
v  13.422009 14.713211 25.533936
v  13.422009 14.713211 25.606106
v  13.461535 14.662181 25.482904
v  13.422009 14.662181 25.482904
v  13.461535 14.590012 25.482904
v  13.422009 14.590012 25.482904
v  13.461535 14.538980 25.533936
v  13.422009 14.538980 25.533936
v  13.461535 14.538980 25.606106
v  13.422009 14.538980 25.606106
v  13.461537 14.553927 25.859806
v  13.422009 14.553927 25.859806
v  13.402247 14.662181 25.874754
v  13.402247 14.590012 25.874754
v  13.395121 14.673619 25.589705
v  13.395121 14.645781 25.617544
v  13.395121 14.606411 25.617544
v  13.395121 14.673619 25.550337
v  13.395121 14.645781 25.522497
v  13.395121 14.606411 25.522497
v  13.395121 14.578573 25.550337
v  13.395121 14.578573 25.589705
v  13.590341 14.698265 25.744251
v  13.527159 14.697821 25.743179
v  13.590341 14.800326 25.642189
v  13.527159 14.799255 25.641745
v  13.590341 14.800326 25.497852
v  13.527159 14.799255 25.498295
v  13.590341 14.698265 25.395790
v  13.527159 14.697821 25.396862
v  13.590341 14.553927 25.395790
v  13.527159 14.554371 25.396862
v  13.590341 14.451865 25.497852
v  13.527159 14.452937 25.498295
v  13.590341 14.451865 25.642189
v  13.527159 14.452937 25.641745
v  13.590341 14.553927 25.744251
v  13.527159 14.554371 25.743179
v  13.517488 14.691090 25.726931
v  13.517101 14.666247 25.666954
v  13.517488 14.783005 25.635014
v  13.517101 14.723029 25.610172
v  13.517488 14.783005 25.505026
v  13.517101 14.723029 25.529869
v  13.517488 14.691090 25.413111
v  13.517101 14.666247 25.473087
v  13.517488 14.561101 25.413111
v  13.517101 14.585944 25.473087
v  13.517488 14.469187 25.505026
v  13.517101 14.529163 25.529869
v  13.517488 14.469187 25.635014
v  13.517101 14.529163 25.610172
v  13.517488 14.561101 25.726931
v  13.517101 14.585944 25.666954
v  13.373737 14.626097 25.601471
v  13.373737 14.648335 25.592260
v  13.376303 14.643418 25.611841
v  13.373737 14.657547 25.570021
v  13.376303 14.667916 25.587343
v  13.373737 14.648335 25.547781
v  13.376303 14.667916 25.552698
v  13.373737 14.626097 25.538570
v  13.376303 14.643418 25.528200
v  13.373737 14.603857 25.547781
v  13.376303 14.608774 25.528200
v  13.373737 14.594644 25.570021
v  13.376303 14.584276 25.552698
v  13.373737 14.603857 25.592260
v  13.376303 14.584276 25.587343
v  13.376303 14.608774 25.611841
v  13.517817 14.756573 25.700497
v  13.517817 14.626097 25.754541
v  13.517817 14.810617 25.570021
v  13.517817 14.756573 25.439545
v  13.517817 14.626097 25.385498
v  13.517817 14.495620 25.439545
v  13.517817 14.441574 25.570021
v  13.517817 14.495620 25.700497
v  13.516293 14.626097 25.664610
v  13.516293 14.692981 25.636906
v  13.516293 14.720685 25.570021
v  13.516293 14.692981 25.503136
v  13.516293 14.626097 25.475431
v  13.516293 14.559211 25.503136
v  13.516293 14.531507 25.570021
v  13.516293 14.559211 25.636906
v  13.461537 14.689244 26.026756
v  13.476354 14.662181 26.037968
v  13.461537 14.626097 26.099844
v  13.461535 14.720685 25.570021
v  13.480593 14.713211 25.606106
v  13.461535 14.702002 25.687572
v  13.461535 14.692981 25.503136
v  13.480593 14.713211 25.533936
v  13.461535 14.626097 25.475431
v  13.480593 14.662181 25.482904
v  13.461535 14.559211 25.503136
v  13.480593 14.590012 25.482904
v  13.461535 14.531507 25.570021
v  13.480593 14.538980 25.533936
v  13.461535 14.550190 25.687572
v  13.480593 14.538980 25.606106
v  13.476355 14.590012 26.037968
v  13.461537 14.562948 26.026756
v  13.402247 14.660130 25.706591
v  13.407188 14.689244 25.863544
v  13.402247 14.626097 25.882227
v  13.407188 14.662181 26.037968
v  13.402247 14.592062 25.706591
v  13.407188 14.562948 25.863544
v  13.407188 14.590012 26.037968
v  13.422009 14.550190 25.687572
v  13.422009 14.562948 26.026756
v  13.485533 14.590012 25.711540
v  13.476355 14.562948 25.863544
v  13.481295 14.626097 25.882227
v  13.485533 14.662181 25.711540
v  13.476354 14.689244 25.863544
v  13.498249 14.692981 25.636906
v  13.498249 14.626097 25.664610
v  13.498249 14.720685 25.570021
v  13.498249 14.692981 25.503136
v  13.498249 14.626097 25.475431
v  13.498249 14.559211 25.503136
v  13.498249 14.531507 25.570021
v  13.498249 14.559211 25.636906
v  13.422009 14.689244 26.026756
v  13.422009 14.626097 26.099844
v  13.422009 14.720685 25.570021
v  13.407188 14.708262 25.604055
v  13.422009 14.702002 25.687572
v  13.422009 14.692981 25.503136
v  13.407188 14.708262 25.535986
v  13.422009 14.626097 25.475431
v  13.407188 14.660130 25.487854
v  13.422009 14.559211 25.503136
v  13.407188 14.592062 25.487854
v  13.422009 14.531507 25.570021
v  13.407188 14.543929 25.535986
v  13.407188 14.543929 25.604055
v  13.400466 14.647830 25.622492
v  13.400466 14.678568 25.591755
v  13.400466 14.678568 25.548286
v  13.400466 14.647830 25.517548
v  13.400466 14.604362 25.517548
v  13.400466 14.573625 25.548286
v  13.400466 14.573625 25.591755
v  13.400466 14.604362 25.622492
v  13.395121 14.626097 25.621620
v  13.395121 14.662582 25.606506
v  13.395121 14.677696 25.570021
v  13.395121 14.662582 25.533535
v  13.395121 14.626097 25.518421
v  13.395121 14.589610 25.533535
v  13.395121 14.574496 25.570021
v  13.395121 14.589610 25.606506
v  13.380869 14.662582 25.606506
v  13.380869 14.626097 25.621620
v  13.380869 14.677696 25.570021
v  13.380869 14.662582 25.533535
v  13.380869 14.626097 25.518421
v  13.380869 14.589610 25.533535
v  13.380869 14.574496 25.570021
v  13.380869 14.589610 25.606506
v  13.517488 14.626097 25.399651
v  13.527159 14.759041 25.702967
v  13.527159 14.626097 25.758034
v  13.527159 14.814109 25.570021
v  13.527159 14.759041 25.437075
v  13.527159 14.626097 25.382008
v  13.527159 14.493151 25.437075
v  13.527159 14.438083 25.570021
v  13.527159 14.493151 25.702967
v  13.517488 14.626097 25.740391
v  13.517488 14.746566 25.690491
v  13.517101 14.700518 25.644442
v  13.517101 14.626097 25.675268
v  13.517488 14.796466 25.570021
v  13.517101 14.731344 25.570021
v  13.517488 14.746566 25.449551
v  13.517101 14.700518 25.495598
v  13.517101 14.626097 25.464771
v  13.517488 14.505625 25.449551
v  13.517101 14.551674 25.495598
v  13.517488 14.455726 25.570021
v  13.517101 14.520847 25.570021
v  13.517488 14.505625 25.690491
v  13.517101 14.551674 25.644442
v  13.373737 14.626097 25.570021
v  13.375524 14.626097 25.616161
v  13.375524 14.658722 25.602646
v  13.375524 14.672235 25.570021
v  13.375524 14.658722 25.537395
v  13.375524 14.626097 25.523880
v  13.375524 14.593471 25.537395
v  13.375524 14.579956 25.570021
v  13.375524 14.593471 25.602646
v  13.400466 14.666382 25.529734
v  13.472515 14.682226 25.987349
v  13.476354 14.626097 26.045441
v  13.480593 14.720685 25.570021
v  13.480845 14.694883 25.673626
v  13.480593 14.692981 25.503136
v  13.480593 14.626097 25.475431
v  13.480593 14.559211 25.503136
v  13.480593 14.531507 25.570021
v  13.480845 14.557309 25.673626
v  13.472515 14.569964 25.987349
v  13.405410 14.692451 25.671194
v  13.402247 14.626097 25.713640
v  13.407188 14.626097 26.045441
v  13.411031 14.682226 25.987349
v  13.405410 14.559741 25.671194
v  13.411031 14.569964 25.987349
v  13.485533 14.626097 25.719013
v  13.407188 14.715311 25.570021
v  13.407188 14.689180 25.506935
v  13.407188 14.626097 25.480804
v  13.407188 14.563011 25.506935
v  13.407188 14.536880 25.570021
v  13.400466 14.666382 25.610306
v  13.400466 14.626097 25.626995
v  13.400466 14.683069 25.570021
v  13.400466 14.626097 25.513046
v  13.400466 14.585810 25.529734
v  13.400466 14.569122 25.570021
v  13.400466 14.585810 25.610306
v  13.590341 14.759864 25.703789
v  13.590341 14.815273 25.570021
v  13.590341 14.759864 25.436253
v  13.590341 14.626097 25.380842
v  13.590341 14.492328 25.436253
v  13.590341 14.492328 25.703789
v  13.590341 14.436918 25.570021
v  13.590341 14.626097 25.759197
v  13.943691 14.796040 25.640413
v  13.943691 14.696488 25.739964
v  13.943691 14.555704 25.739964
v  13.943691 14.796040 25.499628
v  13.943691 14.696488 25.400078
v  13.943691 14.555703 25.400078
v  13.943691 14.456154 25.499628
v  13.943691 14.456154 25.640413
v  13.945220 14.713212 25.606106
v  13.945220 14.662181 25.657137
v  13.945220 14.590012 25.657137
v  13.945220 14.713212 25.533937
v  13.945220 14.662181 25.482906
v  13.945220 14.590012 25.482906
v  13.945220 14.538980 25.533937
v  13.945220 14.538980 25.606106
v  14.087772 14.639219 25.601704
v  14.087772 14.657778 25.583145
v  14.087772 14.657778 25.556898
v  14.087772 14.639219 25.538340
v  14.087772 14.612973 25.538340
v  14.087772 14.594414 25.556898
v  14.087772 14.594414 25.583145
v  14.087772 14.612973 25.601704
v  14.080645 14.606411 25.617544
v  14.080645 14.645781 25.617544
v  14.080645 14.673619 25.589706
v  14.080645 14.673619 25.550337
v  14.080645 14.645781 25.522499
v  14.080645 14.606411 25.522499
v  14.080645 14.578573 25.550337
v  14.080645 14.578573 25.589706
v  13.963259 14.713212 25.606106
v  13.963259 14.662181 25.657137
v  13.963259 14.590012 25.657137
v  13.963259 14.713212 25.533937
v  13.963259 14.662181 25.482906
v  13.963259 14.590012 25.482906
v  13.963259 14.538980 25.533937
v  13.963259 14.538980 25.606106
v  13.999975 14.662181 26.092373
v  13.980213 14.662181 25.874754
v  13.999975 14.698265 25.859808
v  14.039498 14.698265 25.859808
v  14.039498 14.662181 26.092373
v  14.039498 14.590012 26.092373
v  13.999975 14.590012 26.092373
v  13.980213 14.590012 25.874754
v  13.999975 14.713212 25.606106
v  13.999975 14.713212 25.533937
v  14.039498 14.713212 25.533937
v  14.039498 14.713212 25.606106
v  13.999975 14.662181 25.482906
v  14.039498 14.662181 25.482906
v  13.999975 14.590012 25.482906
v  14.039498 14.590012 25.482906
v  13.999975 14.538980 25.533937
v  14.039498 14.538980 25.533937
v  13.999975 14.538980 25.606106
v  14.039498 14.538980 25.606106
v  13.999975 14.553927 25.859808
v  14.039498 14.553927 25.859808
v  14.059261 14.662181 25.874754
v  14.059261 14.590012 25.874754
v  14.066387 14.673619 25.589706
v  14.066387 14.645781 25.617544
v  14.066387 14.606411 25.617544
v  14.066387 14.673619 25.550337
v  14.066387 14.645781 25.522499
v  14.066387 14.606411 25.522499
v  14.066387 14.578573 25.550337
v  14.066387 14.578573 25.589706
v  13.871167 14.698265 25.744253
v  13.934354 14.697821 25.743179
v  13.871167 14.800326 25.642191
v  13.934354 14.799255 25.641747
v  13.871167 14.800326 25.497852
v  13.934354 14.799255 25.498297
v  13.871167 14.698265 25.395790
v  13.934354 14.697821 25.396862
v  13.871167 14.553927 25.395790
v  13.934354 14.554371 25.396862
v  13.871167 14.451865 25.497852
v  13.934354 14.452937 25.498297
v  13.871167 14.451865 25.642191
v  13.934354 14.452937 25.641747
v  13.871167 14.553927 25.744253
v  13.934354 14.554371 25.743179
v  13.944027 14.691090 25.726931
v  13.944407 14.666247 25.666954
v  13.944027 14.783005 25.635015
v  13.944407 14.723029 25.610172
v  13.944027 14.783005 25.505028
v  13.944407 14.723029 25.529871
v  13.944027 14.691090 25.413113
v  13.944407 14.666247 25.473089
v  13.944027 14.561101 25.413113
v  13.944407 14.585944 25.473089
v  13.944027 14.469187 25.505028
v  13.944407 14.529163 25.529871
v  13.944027 14.469187 25.635015
v  13.944407 14.529163 25.610172
v  13.944027 14.561101 25.726931
v  13.944407 14.585944 25.666954
v  14.087772 14.626097 25.601473
v  14.087772 14.648335 25.592260
v  14.085206 14.643419 25.611841
v  14.087772 14.657547 25.570021
v  14.085206 14.667916 25.587343
v  14.087772 14.648335 25.547783
v  14.085206 14.667916 25.552698
v  14.087772 14.626097 25.538570
v  14.085206 14.643419 25.528202
v  14.087772 14.603857 25.547783
v  14.085206 14.608774 25.528202
v  14.087772 14.594644 25.570021
v  14.085206 14.584276 25.552698
v  14.087772 14.603857 25.592260
v  14.085206 14.584276 25.587343
v  14.085206 14.608774 25.611841
v  13.943691 14.756573 25.700499
v  13.943691 14.626097 25.754543
v  13.943691 14.810617 25.570021
v  13.943691 14.756573 25.439545
v  13.943691 14.626097 25.385500
v  13.943691 14.495620 25.439545
v  13.943691 14.441574 25.570021
v  13.943691 14.495620 25.700499
v  13.945220 14.626097 25.664610
v  13.945220 14.692981 25.636906
v  13.945220 14.720685 25.570021
v  13.945220 14.692981 25.503138
v  13.945220 14.626097 25.475433
v  13.945220 14.559211 25.503138
v  13.945220 14.531507 25.570021
v  13.945220 14.559211 25.636906
v  13.999975 14.689244 26.026758
v  13.985153 14.662181 26.037968
v  13.999975 14.626097 26.099846
v  13.999975 14.720685 25.570021
v  13.980915 14.713212 25.606106
v  13.999975 14.702002 25.687572
v  13.999975 14.692981 25.503138
v  13.980915 14.713212 25.533937
v  13.999975 14.626097 25.475433
v  13.980915 14.662181 25.482906
v  13.999975 14.559211 25.503138
v  13.980915 14.590012 25.482906
v  13.999975 14.531507 25.570021
v  13.980915 14.538980 25.533937
v  13.999975 14.550190 25.687572
v  13.980915 14.538980 25.606106
v  13.985154 14.590012 26.037968
v  13.999975 14.562948 26.026758
v  14.059260 14.660130 25.706593
v  14.054319 14.689244 25.863544
v  14.059261 14.626097 25.882229
v  14.054319 14.662181 26.037968
v  14.059260 14.592062 25.706593
v  14.054319 14.562948 25.863544
v  14.054319 14.590012 26.037968
v  14.039498 14.550190 25.687572
v  14.039498 14.562948 26.026758
v  13.975976 14.590012 25.711540
v  13.985154 14.562948 25.863544
v  13.980213 14.626097 25.882229
v  13.975976 14.662181 25.711540
v  13.985153 14.689244 25.863544
v  13.963259 14.692981 25.636906
v  13.963259 14.626097 25.664610
v  13.963259 14.720685 25.570021
v  13.963259 14.692981 25.503138
v  13.963259 14.626097 25.475433
v  13.963259 14.559211 25.503138
v  13.963259 14.531507 25.570021
v  13.963259 14.559211 25.636906
v  14.039498 14.689244 26.026758
v  14.039498 14.626097 26.099846
v  14.039498 14.720685 25.570021
v  14.054319 14.708262 25.604055
v  14.039498 14.702002 25.687572
v  14.039498 14.692981 25.503138
v  14.054319 14.708262 25.535988
v  14.039498 14.626097 25.475433
v  14.054319 14.660130 25.487856
v  14.039498 14.559211 25.503138
v  14.054319 14.592062 25.487856
v  14.039498 14.531507 25.570021
v  14.054319 14.543929 25.535988
v  14.054319 14.543929 25.604055
v  14.061045 14.647830 25.622494
v  14.061045 14.678568 25.591755
v  14.061045 14.678568 25.548286
v  14.061045 14.647830 25.517550
v  14.061045 14.604362 25.517550
v  14.061045 14.573625 25.548286
v  14.061045 14.573625 25.591755
v  14.061045 14.604362 25.622494
v  14.066387 14.626097 25.621622
v  14.066387 14.662582 25.606508
v  14.066387 14.677696 25.570021
v  14.066387 14.662582 25.533535
v  14.066387 14.626097 25.518421
v  14.066387 14.589610 25.533535
v  14.066387 14.574496 25.570021
v  14.066387 14.589610 25.606508
v  14.080645 14.662582 25.606508
v  14.080645 14.626097 25.621622
v  14.080645 14.677696 25.570021
v  14.080645 14.662582 25.533535
v  14.080645 14.626097 25.518421
v  14.080645 14.589610 25.533535
v  14.080645 14.574496 25.570021
v  14.080645 14.589610 25.606508
v  13.944027 14.626097 25.399652
v  13.934354 14.759041 25.702967
v  13.934354 14.626097 25.758036
v  13.934354 14.814109 25.570021
v  13.934354 14.759041 25.437077
v  13.934354 14.626097 25.382008
v  13.934354 14.493151 25.437077
v  13.934354 14.438083 25.570021
v  13.934354 14.493151 25.702967
v  13.944027 14.626097 25.740391
v  13.944027 14.746566 25.690491
v  13.944407 14.700518 25.644444
v  13.944407 14.626097 25.675270
v  13.944027 14.796466 25.570021
v  13.944407 14.731344 25.570021
v  13.944027 14.746566 25.449551
v  13.944407 14.700518 25.495600
v  13.944407 14.626097 25.464773
v  13.944027 14.505625 25.449551
v  13.944407 14.551674 25.495600
v  13.944027 14.455726 25.570021
v  13.944407 14.520847 25.570021
v  13.944027 14.505625 25.690491
v  13.944407 14.551674 25.644444
v  14.087772 14.626097 25.570021
v  14.085991 14.626097 25.616161
v  14.085991 14.658722 25.602648
v  14.085991 14.672236 25.570021
v  14.085991 14.658722 25.537395
v  14.085991 14.626097 25.523882
v  14.085991 14.593471 25.537395
v  14.085991 14.579956 25.570021
v  14.085991 14.593471 25.602648
v  14.061045 14.666382 25.529736
v  13.988997 14.682226 25.987350
v  13.985154 14.626097 26.045441
v  13.980915 14.720685 25.570021
v  13.980662 14.694883 25.673626
v  13.980915 14.692981 25.503138
v  13.980915 14.626097 25.475433
v  13.980915 14.559211 25.503138
v  13.980915 14.531507 25.570021
v  13.980662 14.557309 25.673626
v  13.988997 14.569964 25.987350
v  14.056098 14.692451 25.671196
v  14.059260 14.626097 25.713642
v  14.054319 14.626097 26.045441
v  14.050477 14.682226 25.987350
v  14.056098 14.559741 25.671196
v  14.050477 14.569964 25.987350
v  13.975976 14.626097 25.719015
v  14.054319 14.715311 25.570021
v  14.054319 14.689180 25.506937
v  14.054319 14.626097 25.480806
v  14.054319 14.563011 25.506937
v  14.054319 14.536881 25.570021
v  14.061045 14.666382 25.610308
v  14.061045 14.626097 25.626995
v  14.061045 14.683069 25.570021
v  14.061045 14.626097 25.513048
v  14.061045 14.585810 25.529736
v  14.061045 14.569123 25.570021
v  14.061045 14.585810 25.610308
v  13.871167 14.759864 25.703791
v  13.871167 14.815273 25.570021
v  13.871167 14.759864 25.436253
v  13.871167 14.626097 25.380844
v  13.871167 14.492328 25.436253
v  13.871167 14.492328 25.703791
v  13.871167 14.436918 25.570021
v  13.871167 14.626097 25.759199
# 626 vertices

vt 0.250000 0.000000 0.000000
vt 0.250000 0.031250 0.000000
vt 0.750000 0.031250 0.000000
vt 0.750000 0.000000 0.000000
vt 0.125000 0.000000 0.000000
vt 0.500000 0.000000 0.000000
vt 0.140625 0.031250 0.000000
vt 0.531250 0.031250 0.000000
vt 0.750000 0.000000 1.000000
vt 0.875000 0.000000 1.000000
vt 0.000000 0.000000 1.000000
vt 0.125000 0.000000 1.000000
vt 0.250000 0.000000 1.000000
vt 0.375000 0.000000 1.000000
vt 0.500000 0.000000 1.000000
vt 0.625000 0.000000 1.000000
vt 0.750000 1.000000 1.000000
vt 0.875000 1.000000 1.000000
vt 0.000000 1.000000 1.000000
vt 0.125000 1.000000 1.000000
vt 0.250000 1.000000 1.000000
vt 0.375000 1.000000 1.000000
vt 0.500000 1.000000 1.000000
vt 0.625000 1.000000 1.000000
vt -0.125000 0.000000 1.000000
vt -0.125000 1.000000 1.000000
vt 0.780330 0.000000 0.414214
vt 0.521447 0.000000 -0.414214
vt 0.250000 0.000000 -1.000000
vt 0.125000 0.000000 -1.000000
vt 0.219670 0.000000 -0.414214
vt 0.478553 0.000000 0.414213
vt 0.780330 1.000000 0.414214
vt 0.521447 1.000000 -0.414213
vt 0.250000 1.000000 -1.000000
vt 0.125000 1.000000 -1.000000
vt 0.219670 1.000000 -0.414214
vt 0.750000 0.000000 1.000000
vt 0.875000 0.000000 1.000000
vt 0.000000 0.000000 1.000000
vt 0.125000 0.000000 1.000000
vt 0.250000 0.000000 1.000000
vt 0.375000 0.000000 1.000000
vt 0.500000 0.000000 1.000000
vt 0.625000 0.000000 1.000000
vt 0.750000 1.000000 1.000000
vt 0.875000 1.000000 1.000000
vt 0.000000 1.000000 1.000000
vt 0.125000 1.000000 1.000000
vt 0.250000 1.000000 1.000000
vt 0.375000 1.000000 1.000000
vt 0.500000 1.000000 1.000000
vt 0.625000 1.000000 1.000000
vt -0.125000 0.000000 1.000000
vt -0.125000 1.000000 1.000000
vt 0.780330 0.000000 0.414214
vt 0.521447 0.000000 -0.414214
vt 0.250000 0.000000 -1.000000
vt 0.125000 0.000000 -1.000000
vt 0.219670 0.000000 -0.414214
vt 0.478553 0.000000 0.414213
vt 0.780330 1.000000 0.414214
vt 0.521447 1.000000 -0.414213
vt 0.250000 1.000000 -1.000000
vt 0.125000 1.000000 -1.000000
vt 0.219670 1.000000 -0.414214
vt 0.750000 0.000000 1.000000
vt 0.875000 0.000000 1.000000
vt 0.000000 0.000000 1.000000
vt 0.125000 0.000000 1.000000
vt 0.250000 0.000000 1.000000
vt 0.375000 0.000000 1.000000
vt 0.500000 0.000000 1.000000
vt 0.625000 0.000000 1.000000
vt 0.750000 1.000000 1.000000
vt 0.875000 1.000000 1.000000
vt 0.000000 1.000000 1.000000
vt 0.125000 1.000000 1.000000
vt 0.250000 1.000000 1.000000
vt 0.375000 1.000000 1.000000
vt 0.500000 1.000000 1.000000
vt 0.625000 1.000000 1.000000
vt -0.125000 0.000000 1.000000
vt -0.125000 1.000000 1.000000
vt 0.780330 0.000000 0.414214
vt 0.521447 0.000000 -0.414214
vt 0.250000 0.000000 -1.000000
vt 0.125000 0.000000 -1.000000
vt 0.219670 0.000000 -0.414214
vt 0.478553 0.000000 0.414213
vt 0.780330 1.000000 0.414214
vt 0.521447 1.000000 -0.414213
vt 0.250000 1.000000 -1.000000
vt 0.125000 1.000000 -1.000000
vt 0.219670 1.000000 -0.414214
vt 0.750000 0.000000 1.000000
vt 0.812500 0.000000 1.000000
vt 0.875000 0.000000 1.000000
vt 0.875000 0.987854 1.000000
vt 0.812500 0.865890 0.993847
vt 0.750000 0.865890 0.993847
vt -0.125000 0.000000 1.000000
vt -0.062500 0.000000 1.000000
vt 0.000000 0.000000 1.000000
vt 0.000000 0.987854 1.000000
vt -0.062500 0.987854 1.000000
vt -0.125000 0.987854 1.000000
vt 0.062500 0.000000 1.000000
vt 0.125000 0.000000 1.000000
vt 0.125000 0.865890 0.993847
vt 0.062500 0.865890 0.993847
vt 0.187500 0.000000 1.000000
vt 0.250000 0.000000 1.000000
vt 0.250000 0.865890 0.993847
vt 0.187500 0.865890 0.993847
vt 0.312500 0.000000 1.000000
vt 0.375000 0.000000 1.000000
vt 0.375000 0.865890 0.993847
vt 0.312500 0.865890 0.993847
vt 0.437500 0.000000 1.000000
vt 0.500000 0.000000 1.000000
vt 0.500000 0.865890 0.993847
vt 0.437500 0.865890 0.993847
vt 0.562500 0.000000 1.000000
vt 0.625000 0.000000 1.000000
vt 0.625000 0.865890 0.993847
vt 0.562500 0.865890 0.993847
vt 0.687500 0.000000 1.000000
vt 0.687500 0.865890 0.993847
vt 0.750000 0.998482 0.900582
vt 0.812500 0.998482 0.900582
vt 0.875000 1.000000 0.950777
vt 0.875000 1.000000 0.556347
vt 0.812500 1.000000 0.556347
vt 0.750000 1.000000 0.556347
vt -0.125000 1.000000 0.950777
vt -0.062500 0.997977 0.899823
vt 0.000000 1.000000 0.950777
vt 0.000000 1.000000 0.556347
vt -0.062500 1.000000 0.556347
vt -0.125000 1.000000 0.556347
vt 0.062500 0.998482 0.900582
vt 0.125000 0.998482 0.900582
vt 0.125000 1.000000 0.556347
vt 0.062500 1.000000 0.556347
vt 0.187500 0.998482 0.900582
vt 0.250000 0.998482 0.900582
vt 0.250000 1.000000 0.556347
vt 0.187500 1.000000 0.556347
vt 0.312500 0.998482 0.900582
vt 0.375000 0.998482 0.900582
vt 0.375000 1.000000 0.556347
vt 0.312500 1.000000 0.556347
vt 0.437500 0.998482 0.900582
vt 0.500000 0.998482 0.900582
vt 0.500000 1.000000 0.556347
vt 0.437500 1.000000 0.556347
vt 0.562500 0.998482 0.900582
vt 0.625000 0.998482 0.900582
vt 0.625000 1.000000 0.556347
vt 0.562500 1.000000 0.556347
vt 0.687500 0.998482 0.900582
vt 0.687500 1.000000 0.556347
vt 0.500000 1.000000 0.104167
vt 0.645833 1.000000 0.291667
vt 0.708333 1.000000 0.333333
vt 0.687500 1.000000 0.291667
vt 0.723958 1.000000 0.447917
vt 0.786458 1.000000 0.458333
vt 0.875000 1.000000 0.447917
vt 0.187500 1.000000 0.291667
vt 0.125000 1.000000 0.333333
vt 0.208333 1.000000 0.291667
vt -0.125000 1.000000 0.447917
vt -0.015625 1.000000 0.458333
vt 0.052083 1.000000 0.447917
vt 0.208333 1.000000 0.333333
vt 0.281250 1.000000 0.291667
vt 0.098958 1.000000 0.458333
vt 0.164063 1.000000 0.447917
vt 0.291667 1.000000 0.333333
vt 0.354167 1.000000 0.291667
vt 0.213542 1.000000 0.458333
vt 0.276042 1.000000 0.447917
vt 0.375000 1.000000 0.333333
vt 0.427083 1.000000 0.291667
vt 0.328125 1.000000 0.458333
vt 0.388021 1.000000 0.447917
vt 0.458333 1.000000 0.333333
vt 0.500000 1.000000 0.291667
vt 0.442708 1.000000 0.458333
vt 0.500000 1.000000 0.447917
vt 0.541667 1.000000 0.333333
vt 0.572917 1.000000 0.291667
vt 0.557292 1.000000 0.458333
vt 0.611979 1.000000 0.447917
vt 0.625000 1.000000 0.333333
vt 0.671875 1.000000 0.458333
vt 0.875000 0.993927 0.975388
vt 0.812500 0.993927 0.975388
vt 0.750000 0.993927 0.975388
vt 0.000380 0.983818 0.993927
vt 0.000190 0.991909 0.972352
vt -0.062500 0.991909 0.972352
vt -0.062500 0.983818 0.993927
vt -0.125380 0.991909 0.972352
vt -0.125759 0.983818 0.993927
vt 0.125000 0.993927 0.975388
vt 0.062500 0.993927 0.975388
vt 0.000000 0.993927 0.975388
vt 0.250000 0.993927 0.975388
vt 0.187500 0.993927 0.975388
vt 0.375000 0.993927 0.975388
vt 0.312500 0.993927 0.975388
vt 0.500000 0.993927 0.975388
vt 0.437500 0.993927 0.975388
vt 0.625000 0.993927 0.975388
vt 0.562500 0.993927 0.975388
vt 0.687500 0.993927 0.975388
vt 0.812500 1.000000 0.500000
vt 0.750000 1.000000 0.500000
vt 0.875000 1.000000 0.500000
vt -0.062500 1.000000 0.500000
vt -0.125000 1.000000 0.500000
vt 0.000000 1.000000 0.500000
vt 0.062500 1.000000 0.500000
vt 0.125000 1.000000 0.500000
vt 0.187500 1.000000 0.500000
vt 0.250000 1.000000 0.500000
vt 0.312500 1.000000 0.500000
vt 0.375000 1.000000 0.500000
vt 0.437500 1.000000 0.500000
vt 0.500000 1.000000 0.500000
vt 0.562500 1.000000 0.500000
vt 0.625000 1.000000 0.500000
vt 0.687500 1.000000 0.500000
vt 0.847222 1.000000 0.500000
vt 0.859375 1.000000 0.500000
vt 0.812500 1.000000 0.500000
vt 0.812500 1.000000 0.500000
vt 0.750000 1.000000 0.500000
vt 0.750000 1.000000 0.500000
vt 0.000000 1.000000 0.500000
vt 0.000000 1.000000 0.500000
vt -0.062500 1.000000 0.500000
vt -0.062500 1.000000 0.500000
vt -0.125000 1.000000 0.500000
vt -0.125000 1.000000 0.500000
vt 0.125000 1.000000 0.500000
vt 0.125000 1.000000 0.500000
vt 0.062500 1.000000 0.500000
vt 0.062500 1.000000 0.500000
vt 0.250000 1.000000 0.500000
vt 0.250000 1.000000 0.500000
vt 0.187500 1.000000 0.500000
vt 0.187500 1.000000 0.500000
vt 0.375000 1.000000 0.500000
vt 0.375000 1.000000 0.500000
vt 0.312500 1.000000 0.500000
vt 0.312500 1.000000 0.500000
vt 0.500000 1.000000 0.500000
vt 0.500000 1.000000 0.500000
vt 0.437500 1.000000 0.500000
vt 0.437500 1.000000 0.500000
vt 0.625000 1.000000 0.500000
vt 0.609375 1.000000 0.500000
vt 0.562500 1.000000 0.500000
vt 0.562500 1.000000 0.500000
vt 0.687500 1.000000 0.500000
vt 0.687500 1.000000 0.500000
vt 0.640625 1.000000 0.500000
vt 0.652778 1.000000 0.500000
vt 0.875000 1.000000 0.500000
vt 0.812500 1.000000 0.500000
vt 0.812500 1.000000 0.500000
vt 0.859375 1.000000 0.500000
vt 0.750000 1.000000 0.500000
vt 0.750000 1.000000 0.500000
vt 0.750000 1.000000 0.500000
vt 0.812500 1.000000 0.500000
vt 0.847222 1.000000 0.500000
vt 0.687500 1.000000 0.500000
vt 0.687500 1.000000 0.500000
vt 0.625000 1.000000 0.500000
vt 0.640625 1.000000 0.500000
vt 0.652778 1.000000 0.500000
vt 0.687500 1.000000 0.500000
vt 0.609375 1.000000 0.500000
vt 0.625000 1.000000 0.500000
vt 0.640625 1.000000 0.500000
vt 0.687500 1.000000 0.500000
vt 0.687500 1.000000 0.500000
vt 0.640625 1.000000 0.500000
vt 0.750000 1.000000 0.500000
vt 0.750000 1.000000 0.500000
vt 0.812500 1.000000 0.500000
vt 0.812500 1.000000 0.500000
vt 0.875000 1.000000 0.500000
vt 0.859375 1.000000 0.500000
vt 0.875000 1.000000 0.500000
vt 0.875000 1.000000 0.500000
vt 0.875000 1.000000 0.500000
vt 0.812500 1.000000 0.500000
vt 0.750000 1.000000 0.500000
vt 0.000000 1.000000 0.500000
vt -0.062500 1.000000 0.500000
vt -0.125000 1.000000 0.500000
vt 0.125000 1.000000 0.500000
vt 0.062500 1.000000 0.500000
vt 0.250000 1.000000 0.500000
vt 0.187500 1.000000 0.500000
vt 0.375000 1.000000 0.500000
vt 0.312500 1.000000 0.500000
vt 0.500000 1.000000 0.500000
vt 0.437500 1.000000 0.500000
vt 0.625000 1.000000 0.500000
vt 0.562500 1.000000 0.500000
vt 0.687500 1.000000 0.500000
vt 0.859375 1.000000 0.500000
vt 0.812500 1.000000 0.500000
vt 0.750000 1.000000 0.500000
vt 0.000000 1.000000 0.500000
vt -0.062500 1.000000 0.500000
vt 0.000000 1.000000 0.500000
vt -0.062500 1.000000 0.500000
vt -0.125000 1.000000 0.500000
vt -0.125000 1.000000 0.500000
vt 0.125000 1.000000 0.500000
vt 0.062500 1.000000 0.500000
vt 0.125000 1.000000 0.500000
vt 0.062500 1.000000 0.500000
vt 0.250000 1.000000 0.500000
vt 0.187500 1.000000 0.500000
vt 0.250000 1.000000 0.500000
vt 0.187500 1.000000 0.500000
vt 0.375000 1.000000 0.500000
vt 0.312500 1.000000 0.500000
vt 0.375000 1.000000 0.500000
vt 0.312500 1.000000 0.500000
vt 0.500000 1.000000 0.500000
vt 0.437500 1.000000 0.500000
vt 0.500000 1.000000 0.500000
vt 0.437500 1.000000 0.500000
vt 0.562500 1.000000 0.500000
vt 0.562500 1.000000 0.500000
vt 0.687500 1.000000 0.500000
vt 0.625000 1.000000 0.500000
vt 0.875000 1.000000 0.500000
vt 0.875000 1.000000 0.500000
vt 0.875000 1.000000 0.500000
vt 0.812500 1.000000 0.500000
vt 0.750000 1.000000 0.500000
vt 0.000000 1.000000 0.500000
vt -0.062500 1.000000 0.500000
vt -0.125000 1.000000 0.500000
vt 0.125000 1.000000 0.500000
vt 0.062500 1.000000 0.500000
vt 0.250000 1.000000 0.500000
vt 0.187500 1.000000 0.500000
vt 0.375000 1.000000 0.500000
vt 0.312500 1.000000 0.500000
vt 0.500000 1.000000 0.500000
vt 0.437500 1.000000 0.500000
vt 0.625000 1.000000 0.500000
vt 0.562500 1.000000 0.500000
vt 0.687500 1.000000 0.500000
vt 0.812500 1.000000 0.500000
vt 0.750000 1.000000 0.500000
vt 0.875000 1.000000 0.500000
vt -0.062500 1.000000 0.500000
vt -0.125000 1.000000 0.500000
vt 0.000000 1.000000 0.500000
vt 0.062500 1.000000 0.500000
vt 0.125000 1.000000 0.500000
vt 0.187500 1.000000 0.500000
vt 0.250000 1.000000 0.500000
vt 0.312500 1.000000 0.500000
vt 0.375000 1.000000 0.500000
vt 0.437500 1.000000 0.500000
vt 0.500000 1.000000 0.500000
vt 0.562500 1.000000 0.500000
vt 0.625000 1.000000 0.500000
vt 0.687500 1.000000 0.500000
vt 0.875000 1.000000 0.500000
vt 0.812500 1.000000 0.500000
vt 0.750000 1.000000 0.500000
vt 0.000000 1.000000 0.500000
vt -0.062500 1.000000 0.500000
vt -0.125000 1.000000 0.500000
vt 0.125000 1.000000 0.500000
vt 0.062500 1.000000 0.500000
vt 0.250000 1.000000 0.500000
vt 0.187500 1.000000 0.500000
vt 0.375000 1.000000 0.500000
vt 0.312500 1.000000 0.500000
vt 0.500000 1.000000 0.500000
vt 0.437500 1.000000 0.500000
vt 0.625000 1.000000 0.500000
vt 0.562500 1.000000 0.500000
vt 0.687500 1.000000 0.500000
vt 0.750000 0.000000 1.000000
vt 0.812500 0.000000 1.000000
vt 0.875000 0.000000 1.000000
vt 0.875000 0.987854 1.000000
vt 0.812500 0.865890 0.993847
vt 0.750000 0.865890 0.993847
vt -0.125000 0.000000 1.000000
vt -0.062500 0.000000 1.000000
vt 0.000000 0.000000 1.000000
vt 0.000000 0.987854 1.000000
vt -0.062500 0.987854 1.000000
vt -0.125000 0.987854 1.000000
vt 0.062500 0.000000 1.000000
vt 0.125000 0.000000 1.000000
vt 0.125000 0.865890 0.993847
vt 0.062500 0.865890 0.993847
vt 0.187500 0.000000 1.000000
vt 0.250000 0.000000 1.000000
vt 0.250000 0.865890 0.993847
vt 0.187500 0.865890 0.993847
vt 0.312500 0.000000 1.000000
vt 0.375000 0.000000 1.000000
vt 0.375000 0.865890 0.993847
vt 0.312500 0.865890 0.993847
vt 0.437500 0.000000 1.000000
vt 0.500000 0.000000 1.000000
vt 0.500000 0.865890 0.993847
vt 0.437500 0.865890 0.993847
vt 0.562500 0.000000 1.000000
vt 0.625000 0.000000 1.000000
vt 0.625000 0.865890 0.993847
vt 0.562500 0.865890 0.993847
vt 0.687500 0.000000 1.000000
vt 0.687500 0.865890 0.993847
vt 0.750000 0.998482 0.900582
vt 0.812500 0.998482 0.900582
vt 0.875000 1.000000 0.950777
vt 0.875000 1.000000 0.556347
vt 0.812500 1.000000 0.556347
vt 0.750000 1.000000 0.556347
vt -0.125000 1.000000 0.950777
vt -0.062500 0.997977 0.899823
vt 0.000000 1.000000 0.950777
vt 0.000000 1.000000 0.556347
vt -0.062500 1.000000 0.556347
vt -0.125000 1.000000 0.556347
vt 0.062500 0.998482 0.900582
vt 0.125000 0.998482 0.900582
vt 0.125000 1.000000 0.556347
vt 0.062500 1.000000 0.556347
vt 0.187500 0.998482 0.900582
vt 0.250000 0.998482 0.900582
vt 0.250000 1.000000 0.556347
vt 0.187500 1.000000 0.556347
vt 0.312500 0.998482 0.900582
vt 0.375000 0.998482 0.900582
vt 0.375000 1.000000 0.556347
vt 0.312500 1.000000 0.556347
vt 0.437500 0.998482 0.900582
vt 0.500000 0.998482 0.900582
vt 0.500000 1.000000 0.556347
vt 0.437500 1.000000 0.556347
vt 0.562500 0.998482 0.900582
vt 0.625000 0.998482 0.900582
vt 0.625000 1.000000 0.556347
vt 0.562500 1.000000 0.556347
vt 0.687500 0.998482 0.900582
vt 0.687500 1.000000 0.556347
vt 0.500000 1.000000 0.104167
vt 0.645833 1.000000 0.291667
vt 0.708333 1.000000 0.333333
vt 0.687500 1.000000 0.291667
vt 0.723958 1.000000 0.447917
vt 0.786458 1.000000 0.458333
vt 0.875000 1.000000 0.447917
vt 0.187500 1.000000 0.291667
vt 0.125000 1.000000 0.333333
vt 0.208333 1.000000 0.291667
vt -0.125000 1.000000 0.447917
vt -0.015625 1.000000 0.458333
vt 0.052083 1.000000 0.447917
vt 0.208333 1.000000 0.333333
vt 0.281250 1.000000 0.291667
vt 0.098958 1.000000 0.458333
vt 0.164063 1.000000 0.447917
vt 0.291667 1.000000 0.333333
vt 0.354167 1.000000 0.291667
vt 0.213542 1.000000 0.458333
vt 0.276042 1.000000 0.447917
vt 0.375000 1.000000 0.333333
vt 0.427083 1.000000 0.291667
vt 0.328125 1.000000 0.458333
vt 0.388021 1.000000 0.447917
vt 0.458333 1.000000 0.333333
vt 0.500000 1.000000 0.291667
vt 0.442708 1.000000 0.458333
vt 0.500000 1.000000 0.447917
vt 0.541667 1.000000 0.333333
vt 0.572917 1.000000 0.291667
vt 0.557292 1.000000 0.458333
vt 0.611979 1.000000 0.447917
vt 0.625000 1.000000 0.333333
vt 0.671875 1.000000 0.458333
vt 0.875000 0.993927 0.975388
vt 0.812500 0.993927 0.975388
vt 0.750000 0.993927 0.975388
vt 0.000380 0.983818 0.993927
vt 0.000190 0.991909 0.972352
vt -0.062500 0.991909 0.972352
vt -0.062500 0.983818 0.993927
vt -0.125380 0.991909 0.972352
vt -0.125759 0.983818 0.993927
vt 0.125000 0.993927 0.975388
vt 0.062500 0.993927 0.975388
vt 0.000000 0.993927 0.975388
vt 0.250000 0.993927 0.975388
vt 0.187500 0.993927 0.975388
vt 0.375000 0.993927 0.975388
vt 0.312500 0.993927 0.975388
vt 0.500000 0.993927 0.975388
vt 0.437500 0.993927 0.975388
vt 0.625000 0.993927 0.975388
vt 0.562500 0.993927 0.975388
vt 0.687500 0.993927 0.975388
vt 0.812500 1.000000 0.500000
vt 0.750000 1.000000 0.500000
vt 0.875000 1.000000 0.500000
vt -0.062500 1.000000 0.500000
vt -0.125000 1.000000 0.500000
vt 0.000000 1.000000 0.500000
vt 0.062500 1.000000 0.500000
vt 0.125000 1.000000 0.500000
vt 0.187500 1.000000 0.500000
vt 0.250000 1.000000 0.500000
vt 0.312500 1.000000 0.500000
vt 0.375000 1.000000 0.500000
vt 0.437500 1.000000 0.500000
vt 0.500000 1.000000 0.500000
vt 0.562500 1.000000 0.500000
vt 0.625000 1.000000 0.500000
vt 0.687500 1.000000 0.500000
vt 0.847222 1.000000 0.500000
vt 0.859375 1.000000 0.500000
vt 0.812500 1.000000 0.500000
vt 0.812500 1.000000 0.500000
vt 0.750000 1.000000 0.500000
vt 0.750000 1.000000 0.500000
vt 0.000000 1.000000 0.500000
vt 0.000000 1.000000 0.500000
vt -0.062500 1.000000 0.500000
vt -0.062500 1.000000 0.500000
vt -0.125000 1.000000 0.500000
vt -0.125000 1.000000 0.500000
vt 0.125000 1.000000 0.500000
vt 0.125000 1.000000 0.500000
vt 0.062500 1.000000 0.500000
vt 0.062500 1.000000 0.500000
vt 0.250000 1.000000 0.500000
vt 0.250000 1.000000 0.500000
vt 0.187500 1.000000 0.500000
vt 0.187500 1.000000 0.500000
vt 0.375000 1.000000 0.500000
vt 0.375000 1.000000 0.500000
vt 0.312500 1.000000 0.500000
vt 0.312500 1.000000 0.500000
vt 0.500000 1.000000 0.500000
vt 0.500000 1.000000 0.500000
vt 0.437500 1.000000 0.500000
vt 0.437500 1.000000 0.500000
vt 0.625000 1.000000 0.500000
vt 0.609375 1.000000 0.500000
vt 0.562500 1.000000 0.500000
vt 0.562500 1.000000 0.500000
vt 0.687500 1.000000 0.500000
vt 0.687500 1.000000 0.500000
vt 0.640625 1.000000 0.500000
vt 0.652778 1.000000 0.500000
vt 0.875000 1.000000 0.500000
vt 0.812500 1.000000 0.500000
vt 0.812500 1.000000 0.500000
vt 0.859375 1.000000 0.500000
vt 0.750000 1.000000 0.500000
vt 0.750000 1.000000 0.500000
vt 0.750000 1.000000 0.500000
vt 0.812500 1.000000 0.500000
vt 0.847222 1.000000 0.500000
vt 0.687500 1.000000 0.500000
vt 0.687500 1.000000 0.500000
vt 0.625000 1.000000 0.500000
vt 0.640625 1.000000 0.500000
vt 0.652778 1.000000 0.500000
vt 0.687500 1.000000 0.500000
vt 0.609375 1.000000 0.500000
vt 0.625000 1.000000 0.500000
vt 0.640625 1.000000 0.500000
vt 0.687500 1.000000 0.500000
vt 0.687500 1.000000 0.500000
vt 0.640625 1.000000 0.500000
vt 0.750000 1.000000 0.500000
vt 0.750000 1.000000 0.500000
vt 0.812500 1.000000 0.500000
vt 0.812500 1.000000 0.500000
vt 0.875000 1.000000 0.500000
vt 0.859375 1.000000 0.500000
vt 0.875000 1.000000 0.500000
vt 0.875000 1.000000 0.500000
vt 0.875000 1.000000 0.500000
vt 0.812500 1.000000 0.500000
vt 0.750000 1.000000 0.500000
vt 0.000000 1.000000 0.500000
vt -0.062500 1.000000 0.500000
vt -0.125000 1.000000 0.500000
vt 0.125000 1.000000 0.500000
vt 0.062500 1.000000 0.500000
vt 0.250000 1.000000 0.500000
vt 0.187500 1.000000 0.500000
vt 0.375000 1.000000 0.500000
vt 0.312500 1.000000 0.500000
vt 0.500000 1.000000 0.500000
vt 0.437500 1.000000 0.500000
vt 0.625000 1.000000 0.500000
vt 0.562500 1.000000 0.500000
vt 0.687500 1.000000 0.500000
vt 0.859375 1.000000 0.500000
vt 0.812500 1.000000 0.500000
vt 0.750000 1.000000 0.500000
vt 0.000000 1.000000 0.500000
vt -0.062500 1.000000 0.500000
vt 0.000000 1.000000 0.500000
vt -0.062500 1.000000 0.500000
vt -0.125000 1.000000 0.500000
vt -0.125000 1.000000 0.500000
vt 0.125000 1.000000 0.500000
vt 0.062500 1.000000 0.500000
vt 0.125000 1.000000 0.500000
vt 0.062500 1.000000 0.500000
vt 0.250000 1.000000 0.500000
vt 0.187500 1.000000 0.500000
vt 0.250000 1.000000 0.500000
vt 0.187500 1.000000 0.500000
vt 0.375000 1.000000 0.500000
vt 0.312500 1.000000 0.500000
vt 0.375000 1.000000 0.500000
vt 0.312500 1.000000 0.500000
vt 0.500000 1.000000 0.500000
vt 0.437500 1.000000 0.500000
vt 0.500000 1.000000 0.500000
vt 0.437500 1.000000 0.500000
vt 0.562500 1.000000 0.500000
vt 0.562500 1.000000 0.500000
vt 0.687500 1.000000 0.500000
vt 0.625000 1.000000 0.500000
vt 0.875000 1.000000 0.500000
vt 0.875000 1.000000 0.500000
vt 0.875000 1.000000 0.500000
vt 0.812500 1.000000 0.500000
vt 0.750000 1.000000 0.500000
vt 0.000000 1.000000 0.500000
vt -0.062500 1.000000 0.500000
vt -0.125000 1.000000 0.500000
vt 0.125000 1.000000 0.500000
vt 0.062500 1.000000 0.500000
vt 0.250000 1.000000 0.500000
vt 0.187500 1.000000 0.500000
vt 0.375000 1.000000 0.500000
vt 0.312500 1.000000 0.500000
vt 0.500000 1.000000 0.500000
vt 0.437500 1.000000 0.500000
vt 0.625000 1.000000 0.500000
vt 0.562500 1.000000 0.500000
vt 0.687500 1.000000 0.500000
vt 0.812500 1.000000 0.500000
vt 0.750000 1.000000 0.500000
vt 0.875000 1.000000 0.500000
vt -0.062500 1.000000 0.500000
vt -0.125000 1.000000 0.500000
vt 0.000000 1.000000 0.500000
vt 0.062500 1.000000 0.500000
vt 0.125000 1.000000 0.500000
vt 0.187500 1.000000 0.500000
vt 0.250000 1.000000 0.500000
vt 0.312500 1.000000 0.500000
vt 0.375000 1.000000 0.500000
vt 0.437500 1.000000 0.500000
vt 0.500000 1.000000 0.500000
vt 0.562500 1.000000 0.500000
vt 0.625000 1.000000 0.500000
vt 0.687500 1.000000 0.500000
vt 0.875000 1.000000 0.500000
vt 0.812500 1.000000 0.500000
vt 0.750000 1.000000 0.500000
vt 0.000000 1.000000 0.500000
vt -0.062500 1.000000 0.500000
vt -0.125000 1.000000 0.500000
vt 0.125000 1.000000 0.500000
vt 0.062500 1.000000 0.500000
vt 0.250000 1.000000 0.500000
vt 0.187500 1.000000 0.500000
vt 0.375000 1.000000 0.500000
vt 0.312500 1.000000 0.500000
vt 0.500000 1.000000 0.500000
vt 0.437500 1.000000 0.500000
vt 0.625000 1.000000 0.500000
vt 0.562500 1.000000 0.500000
vt 0.687500 1.000000 0.500000
# 705 texture coords

o ???006
g ???006
f 1965/2244 1966/2245 1971/2250 1969/2248 
f 1965/2244 1968/2247 1967/2246 1966/2245 
f 1970/2249 1972/2251 1967/2246 1968/2247 
f 1971/2250 1972/2251 1970/2249 1969/2248 
f 1968/2247 1965/2244 1969/2248 1970/2249 
f 1966/2245 1967/2246 1972/2251 1971/2250 
f 1980/2275 1979/2274 1978/2273 1977/2272 1976/2271 1975/2270 1974/2253 1973/2252 
f 1973/2252 1974/2253 1982/2261 1981/2260 
f 1974/2268 1975/2254 1983/2262 1982/2269 
f 1975/2254 1976/2255 1984/2263 1983/2262 
f 1976/2255 1977/2256 1985/2264 1984/2263 
f 1977/2256 1978/2257 1986/2265 1985/2264 
f 1978/2257 1979/2258 1987/2266 1986/2265 
f 1979/2258 1980/2259 1988/2267 1987/2266 
f 1980/2259 1973/2252 1981/2260 1988/2267 
f 1988/2267 1981/2260 1982/2261 1983/2276 1984/2277 1985/2278 1986/2279 1987/2280 
f 1996/2304 1995/2303 1994/2302 1993/2301 1992/2300 1991/2299 1990/2282 1989/2281 
f 1989/2281 1990/2282 1998/2290 1997/2289 
f 1990/2297 1991/2283 1999/2291 1998/2298 
f 1991/2283 1992/2284 2000/2292 1999/2291 
f 1992/2284 1993/2285 2001/2293 2000/2292 
f 1993/2285 1994/2286 2002/2294 2001/2293 
f 1994/2286 1995/2287 2003/2295 2002/2294 
f 1995/2287 1996/2288 2004/2296 2003/2295 
f 1996/2288 1989/2281 1997/2289 2004/2296 
f 2004/2296 1997/2289 1998/2290 1999/2305 2000/2306 2001/2307 2002/2308 2003/2309 
f 2012/2333 2011/2332 2010/2331 2009/2330 2008/2329 2007/2328 2006/2311 2005/2310 
f 2005/2310 2006/2311 2014/2319 2013/2318 
f 2006/2326 2007/2312 2015/2320 2014/2327 
f 2007/2312 2008/2313 2016/2321 2015/2320 
f 2008/2313 2009/2314 2017/2322 2016/2321 
f 2009/2314 2010/2315 2018/2323 2017/2322 
f 2010/2315 2011/2316 2019/2324 2018/2323 
f 2011/2316 2012/2317 2020/2325 2019/2324 
f 2012/2317 2005/2310 2013/2318 2020/2325 
f 2020/2325 2013/2318 2014/2319 2015/2334 2016/2335 2017/2336 2018/2337 2019/2338 
f 2305/2339 2093/2340 2094/2343 2237/2344 
f 2093/2340 2298/2341 2236/2342 2094/2343 
f 2298/2345 2095/2346 2096/2349 2236/2350 
f 2095/2346 2299/2347 2238/2348 2096/2349 
f 2299/2347 2097/2351 2098/2354 2238/2348 
f 2097/2351 2300/2352 2239/2353 2098/2354 
f 2300/2352 2099/2355 2100/2358 2239/2353 
f 2099/2355 2301/2356 2240/2357 2100/2358 
f 2301/2356 2101/2359 2102/2362 2240/2357 
f 2101/2359 2302/2360 2241/2361 2102/2362 
f 2302/2360 2103/2363 2104/2366 2241/2361 
f 2103/2363 2304/2364 2242/2365 2104/2366 
f 2304/2364 2105/2367 2106/2370 2242/2365 
f 2105/2367 2303/2368 2243/2369 2106/2370 
f 2303/2368 2107/2371 2108/2372 2243/2369 
f 2107/2371 2305/2339 2237/2344 2108/2372 
f 2244/2373 2109/2374 2110/2377 2247/2378 
f 2109/2374 2245/2375 2246/2376 2110/2377 
f 2245/2379 2111/2380 2112/2383 2246/2384 
f 2111/2380 2248/2381 2249/2382 2112/2383 
f 2248/2381 2113/2385 2114/2388 2249/2382 
f 2113/2385 2250/2386 2251/2387 2114/2388 
f 2250/2386 2115/2389 2116/2392 2251/2387 
f 2115/2389 2235/2390 2252/2391 2116/2392 
f 2235/2390 2117/2393 2118/2396 2252/2391 
f 2117/2393 2253/2394 2254/2395 2118/2396 
f 2253/2394 2119/2397 2120/2400 2254/2395 
f 2119/2397 2255/2398 2256/2399 2120/2400 
f 2255/2398 2121/2401 2122/2404 2256/2399 
f 2121/2401 2257/2402 2258/2403 2122/2404 
f 2257/2402 2123/2405 2124/2406 2258/2403 
f 2123/2405 2244/2373 2247/2378 2124/2406 
f 2259/2407 2125/2408 2037/2409 2126/2410 
f 2260/2411 2127/2412 2037/2409 2125/2408 
f 2261/2413 2126/2410 2037/2409 2127/2412 
f 2259/2407 2126/2414 2038/2415 2128/2416 
f 2261/2417 2129/2418 2038/2415 2126/2414 
f 2262/2419 2128/2416 2038/2415 2129/2418 
f 2259/2407 2128/2416 2039/2420 2130/2421 
f 2262/2419 2131/2422 2039/2420 2128/2416 
f 2263/2423 2130/2421 2039/2420 2131/2422 
f 2259/2407 2130/2421 2040/2424 2132/2425 
f 2263/2423 2133/2426 2040/2424 2130/2421 
f 2264/2427 2132/2425 2040/2424 2133/2426 
f 2259/2407 2132/2425 2041/2428 2134/2429 
f 2264/2427 2135/2430 2041/2428 2132/2425 
f 2265/2431 2134/2429 2041/2428 2135/2430 
f 2259/2407 2134/2429 2042/2432 2136/2433 
f 2265/2431 2137/2434 2042/2432 2134/2429 
f 2266/2435 2136/2433 2042/2432 2137/2434 
f 2259/2407 2136/2433 2043/2436 2138/2437 
f 2266/2435 2139/2438 2043/2436 2136/2433 
f 2267/2439 2138/2437 2043/2436 2139/2438 
f 2259/2407 2138/2437 2044/2440 2125/2408 
f 2267/2439 2140/2441 2044/2440 2138/2437 
f 2260/2411 2125/2408 2044/2440 2140/2441 
f 2236/2342 2141/2442 2022/2443 2094/2343 
f 2141/2442 2245/2375 2109/2374 2022/2443 
f 2022/2443 2109/2374 2244/2373 2142/2444 
f 2094/2343 2022/2443 2142/2444 2237/2344 
f 2238/2445 2143/2446 2021/2447 2096/2448 
f 2143/2446 2248/2381 2111/2380 2021/2447 
f 2021/2447 2111/2380 2245/2379 2141/2449 
f 2096/2448 2021/2447 2141/2449 2236/2450 
f 2239/2353 2144/2451 2024/2452 2098/2354 
f 2144/2451 2250/2386 2113/2385 2024/2452 
f 2024/2452 2113/2385 2248/2381 2143/2453 
f 2098/2354 2024/2452 2143/2453 2238/2348 
f 2240/2357 2145/2454 2025/2455 2100/2358 
f 2145/2454 2235/2390 2115/2389 2025/2455 
f 2025/2455 2115/2389 2250/2386 2144/2451 
f 2100/2358 2025/2455 2144/2451 2239/2353 
f 2241/2361 2146/2456 2026/2457 2102/2362 
f 2146/2456 2253/2394 2117/2393 2026/2457 
f 2026/2457 2117/2393 2235/2390 2145/2454 
f 2102/2362 2026/2457 2145/2454 2240/2357 
f 2242/2365 2147/2458 2027/2459 2104/2366 
f 2147/2458 2255/2398 2119/2397 2027/2459 
f 2027/2459 2119/2397 2253/2394 2146/2456 
f 2104/2366 2027/2459 2146/2456 2241/2361 
f 2243/2369 2148/2460 2028/2461 2106/2370 
f 2148/2460 2257/2402 2121/2401 2028/2461 
f 2028/2461 2121/2401 2255/2398 2147/2458 
f 2106/2370 2028/2461 2147/2458 2242/2365 
f 2237/2344 2142/2444 2023/2462 2108/2372 
f 2142/2444 2244/2373 2123/2405 2023/2462 
f 2023/2462 2123/2405 2257/2402 2148/2460 
f 2108/2372 2023/2462 2148/2460 2243/2369 
f 2247/2378 2110/2377 2030/2463 2149/2464 
f 2110/2377 2246/2376 2150/2465 2030/2463 
f 2030/2463 2150/2465 2189/2545 2054/2546 
f 2149/2464 2030/2463 2054/2546 2190/2547 
f 2246/2384 2112/2383 2029/2466 2150/2467 
f 2112/2383 2249/2382 2151/2468 2029/2466 
f 2029/2466 2151/2468 2191/2548 2053/2549 
f 2150/2467 2029/2466 2053/2549 2189/2550 
f 2249/2382 2114/2388 2032/2469 2151/2468 
f 2114/2388 2251/2387 2152/2470 2032/2469 
f 2032/2469 2152/2470 2192/2551 2056/2552 
f 2151/2468 2032/2469 2056/2552 2191/2548 
f 2251/2387 2116/2392 2033/2471 2152/2470 
f 2116/2392 2252/2391 2153/2472 2033/2471 
f 2033/2471 2153/2472 2193/2553 2057/2554 
f 2152/2470 2033/2471 2057/2554 2192/2551 
f 2252/2391 2118/2396 2034/2473 2153/2472 
f 2118/2396 2254/2395 2154/2474 2034/2473 
f 2034/2473 2154/2474 2194/2555 2058/2556 
f 2153/2472 2034/2473 2058/2556 2193/2553 
f 2254/2395 2120/2400 2035/2475 2154/2474 
f 2120/2400 2256/2399 2155/2476 2035/2475 
f 2035/2475 2155/2476 2195/2557 2059/2558 
f 2154/2474 2035/2475 2059/2558 2194/2555 
f 2256/2399 2122/2404 2036/2477 2155/2476 
f 2122/2404 2258/2403 2156/2478 2036/2477 
f 2036/2477 2156/2478 2196/2559 2060/2560 
f 2155/2476 2036/2477 2060/2560 2195/2557 
f 2258/2403 2124/2406 2031/2479 2156/2478 
f 2124/2406 2247/2378 2149/2464 2031/2479 
f 2031/2479 2149/2464 2190/2547 2055/2561 
f 2156/2478 2031/2479 2055/2561 2196/2559 
f 2269/2480 2157/2481 2061/2482 2158/2483 
f 2157/2481 2197/2562 2065/2563 2061/2482 
f 2061/2482 2065/2563 2198/2564 2159/2484 
f 2158/2483 2061/2482 2159/2484 2270/2485 
f 2271/2486 2160/2487 2069/2488 2161/2489 
f 2160/2487 2199/2565 2072/2566 2069/2488 
f 2069/2488 2072/2566 2201/2570 2162/2490 
f 2161/2489 2069/2488 2162/2490 2272/2491 
f 2273/2492 2163/2493 2070/2494 2164/2495 
f 2163/2493 2202/2571 2071/2572 2070/2494 
f 2070/2494 2071/2572 2199/2565 2160/2487 
f 2164/2495 2070/2494 2160/2487 2271/2486 
f 2274/2496 2165/2497 2073/2498 2166/2499 
f 2165/2497 2204/2575 2074/2576 2073/2498 
f 2073/2498 2074/2576 2202/2571 2163/2493 
f 2166/2499 2073/2498 2163/2493 2273/2492 
f 2275/2500 2167/2501 2075/2502 2168/2503 
f 2167/2501 2206/2579 2076/2580 2075/2502 
f 2075/2502 2076/2580 2204/2575 2165/2497 
f 2168/2503 2075/2502 2165/2497 2274/2496 
f 2276/2504 2169/2505 2077/2506 2170/2507 
f 2169/2505 2208/2583 2078/2584 2077/2506 
f 2077/2506 2078/2584 2206/2579 2167/2501 
f 2170/2507 2077/2506 2167/2501 2275/2500 
f 2277/2508 2171/2509 2079/2510 2172/2511 
f 2171/2509 2182/2531 2080/2587 2079/2510 
f 2079/2510 2080/2587 2208/2583 2169/2505 
f 2172/2511 2079/2510 2169/2505 2276/2504 
f 2270/2485 2159/2484 2067/2512 2173/2513 
f 2159/2484 2198/2564 2066/2589 2067/2512 
f 2067/2512 2066/2589 2183/2533 2174/2514 
f 2173/2513 2067/2512 2174/2514 2278/2515 
f 2279/2516 2175/2517 2083/2518 2176/2519 
f 2175/2517 2280/2520 2177/2521 2083/2518 
f 2083/2518 2177/2521 2281/2522 2178/2523 
f 2176/2519 2083/2518 2178/2523 2282/2524 
f 2280/2520 2179/2525 2084/2526 2177/2521 
f 2179/2525 2283/2527 2180/2528 2084/2526 
f 2084/2526 2180/2528 2284/2529 2181/2530 
f 2177/2521 2084/2526 2181/2530 2281/2522 
f 2283/2527 2182/2531 2082/2532 2180/2528 
f 2182/2531 2171/2509 2081/2590 2082/2532 
f 2082/2532 2081/2590 2174/2514 2183/2533 
f 2180/2528 2082/2532 2183/2533 2284/2529 
f 2277/2508 2184/2534 2068/2535 2185/2536 
f 2184/2534 2285/2537 2186/2538 2068/2535 
f 2068/2535 2186/2538 2270/2485 2173/2513 
f 2185/2536 2068/2535 2173/2513 2278/2515 
f 2285/2537 2187/2539 2062/2540 2186/2538 
f 2187/2539 2272/2541 2188/2542 2062/2540 
f 2062/2540 2188/2542 2269/2480 2158/2483 
f 2186/2538 2062/2540 2158/2483 2270/2485 
f 2272/2541 2162/2543 2063/2544 2188/2542 
f 2162/2543 2201/2591 2064/2592 2063/2544 
f 2063/2544 2064/2592 2197/2562 2157/2481 
f 2188/2542 2063/2544 2157/2481 2269/2480 
f 2189/2545 2272/2541 2187/2539 2054/2546 
f 2054/2546 2187/2539 2285/2537 2190/2547 
f 2191/2548 2271/2486 2161/2489 2053/2549 
f 2053/2549 2161/2489 2272/2491 2189/2550 
f 2192/2551 2273/2492 2164/2495 2056/2552 
f 2056/2552 2164/2495 2271/2486 2191/2548 
f 2193/2553 2274/2496 2166/2499 2057/2554 
f 2057/2554 2166/2499 2273/2492 2192/2551 
f 2194/2555 2275/2500 2168/2503 2058/2556 
f 2058/2556 2168/2503 2274/2496 2193/2553 
f 2195/2557 2276/2504 2170/2507 2059/2558 
f 2059/2558 2170/2507 2275/2500 2194/2555 
f 2196/2559 2277/2508 2172/2511 2060/2560 
f 2060/2560 2172/2511 2276/2504 2195/2557 
f 2190/2547 2285/2537 2184/2534 2055/2561 
f 2055/2561 2184/2534 2277/2508 2196/2559 
f 2197/2562 2282/2524 2178/2523 2065/2563 
f 2065/2563 2178/2523 2281/2522 2198/2564 
f 2199/2565 2286/2567 2200/2568 2072/2566 
f 2072/2566 2200/2568 2279/2569 2201/2570 
f 2202/2571 2287/2573 2203/2574 2071/2572 
f 2071/2572 2203/2574 2286/2567 2199/2565 
f 2204/2575 2288/2577 2205/2578 2074/2576 
f 2074/2576 2205/2578 2287/2573 2202/2571 
f 2206/2579 2289/2581 2207/2582 2076/2580 
f 2076/2580 2207/2582 2288/2577 2204/2575 
f 2208/2583 2290/2585 2209/2586 2078/2584 
f 2078/2584 2209/2586 2289/2581 2206/2579 
f 2182/2531 2283/2527 2210/2588 2080/2587 
f 2080/2587 2210/2588 2290/2585 2208/2583 
f 2198/2564 2281/2522 2181/2530 2066/2589 
f 2066/2589 2181/2530 2284/2529 2183/2533 
f 2171/2509 2277/2508 2185/2536 2081/2590 
f 2081/2590 2185/2536 2278/2515 2174/2514 
f 2201/2591 2279/2516 2176/2519 2064/2592 
f 2064/2592 2176/2519 2282/2524 2197/2562 
f 2280/2520 2175/2517 2211/2594 2292/2595 
f 2175/2517 2279/2516 2291/2593 2211/2594 
f 2279/2569 2200/2568 2212/2597 2291/2598 
f 2200/2568 2286/2567 2293/2596 2212/2597 
f 2286/2567 2203/2574 2213/2600 2293/2596 
f 2203/2574 2287/2573 2268/2599 2213/2600 
f 2287/2573 2205/2578 2214/2602 2268/2599 
f 2205/2578 2288/2577 2294/2601 2214/2602 
f 2288/2577 2207/2582 2215/2604 2294/2601 
f 2207/2582 2289/2581 2295/2603 2215/2604 
f 2289/2581 2209/2586 2216/2606 2295/2603 
f 2209/2586 2290/2585 2296/2605 2216/2606 
f 2290/2585 2210/2588 2217/2608 2296/2605 
f 2210/2588 2283/2527 2297/2607 2217/2608 
f 2283/2527 2179/2525 2218/2609 2297/2607 
f 2179/2525 2280/2520 2292/2595 2218/2609 
f 2292/2595 2211/2594 2086/2610 2219/2611 
f 2211/2594 2291/2593 2220/2612 2086/2610 
f 2086/2610 2220/2612 2227/2627 2046/2628 
f 2219/2611 2086/2610 2046/2628 2228/2629 
f 2291/2598 2212/2597 2085/2613 2220/2614 
f 2212/2597 2293/2596 2221/2615 2085/2613 
f 2085/2613 2221/2615 2229/2630 2047/2631 
f 2220/2614 2085/2613 2047/2631 2227/2632 
f 2293/2596 2213/2600 2088/2616 2221/2615 
f 2213/2600 2268/2599 2222/2617 2088/2616 
f 2088/2616 2222/2617 2230/2633 2048/2634 
f 2221/2615 2088/2616 2048/2634 2229/2630 
f 2268/2599 2214/2602 2089/2618 2222/2617 
f 2214/2602 2294/2601 2223/2619 2089/2618 
f 2089/2618 2223/2619 2231/2635 2049/2636 
f 2222/2617 2089/2618 2049/2636 2230/2633 
f 2294/2601 2215/2604 2090/2620 2223/2619 
f 2215/2604 2295/2603 2224/2621 2090/2620 
f 2090/2620 2224/2621 2232/2637 2050/2638 
f 2223/2619 2090/2620 2050/2638 2231/2635 
f 2295/2603 2216/2606 2091/2622 2224/2621 
f 2216/2606 2296/2605 2225/2623 2091/2622 
f 2091/2622 2225/2623 2233/2639 2051/2640 
f 2224/2621 2091/2622 2051/2640 2232/2637 
f 2296/2605 2217/2608 2092/2624 2225/2623 
f 2217/2608 2297/2607 2226/2625 2092/2624 
f 2092/2624 2226/2625 2234/2641 2052/2642 
f 2225/2623 2092/2624 2052/2642 2233/2639 
f 2297/2607 2218/2609 2087/2626 2226/2625 
f 2218/2609 2292/2595 2219/2611 2087/2626 
f 2087/2626 2219/2611 2228/2629 2045/2643 
f 2226/2625 2087/2626 2045/2643 2234/2641 
f 2227/2627 2261/2413 2127/2412 2046/2628 
f 2046/2628 2127/2412 2260/2411 2228/2629 
f 2229/2630 2262/2419 2129/2418 2047/2631 
f 2047/2631 2129/2418 2261/2417 2227/2632 
f 2230/2633 2263/2423 2131/2422 2048/2634 
f 2048/2634 2131/2422 2262/2419 2229/2630 
f 2231/2635 2264/2427 2133/2426 2049/2636 
f 2049/2636 2133/2426 2263/2423 2230/2633 
f 2232/2637 2265/2431 2135/2430 2050/2638 
f 2050/2638 2135/2430 2264/2427 2231/2635 
f 2233/2639 2266/2435 2137/2434 2051/2640 
f 2051/2640 2137/2434 2265/2431 2232/2637 
f 2234/2641 2267/2439 2139/2438 2052/2642 
f 2052/2642 2139/2438 2266/2435 2233/2639 
f 2228/2629 2260/2411 2140/2441 2045/2643 
f 2045/2643 2140/2441 2267/2439 2234/2641 
f 2590/2644 2522/2649 2379/2648 2378/2645 
f 2378/2645 2379/2648 2521/2647 2583/2646 
f 2583/2650 2521/2655 2381/2654 2380/2651 
f 2380/2651 2381/2654 2523/2653 2584/2652 
f 2584/2652 2523/2653 2383/2659 2382/2656 
f 2382/2656 2383/2659 2524/2658 2585/2657 
f 2585/2657 2524/2658 2385/2663 2384/2660 
f 2384/2660 2385/2663 2525/2662 2586/2661 
f 2586/2661 2525/2662 2387/2667 2386/2664 
f 2386/2664 2387/2667 2526/2666 2587/2665 
f 2587/2665 2526/2666 2389/2671 2388/2668 
f 2388/2668 2389/2671 2527/2670 2589/2669 
f 2589/2669 2527/2670 2391/2675 2390/2672 
f 2390/2672 2391/2675 2528/2674 2588/2673 
f 2588/2673 2528/2674 2393/2677 2392/2676 
f 2392/2676 2393/2677 2522/2649 2590/2644 
f 2529/2678 2532/2683 2395/2682 2394/2679 
f 2394/2679 2395/2682 2531/2681 2530/2680 
f 2530/2684 2531/2689 2397/2688 2396/2685 
f 2396/2685 2397/2688 2534/2687 2533/2686 
f 2533/2686 2534/2687 2399/2693 2398/2690 
f 2398/2690 2399/2693 2536/2692 2535/2691 
f 2535/2691 2536/2692 2401/2697 2400/2694 
f 2400/2694 2401/2697 2537/2696 2520/2695 
f 2520/2695 2537/2696 2403/2701 2402/2698 
f 2402/2698 2403/2701 2539/2700 2538/2699 
f 2538/2699 2539/2700 2405/2705 2404/2702 
f 2404/2702 2405/2705 2541/2704 2540/2703 
f 2540/2703 2541/2704 2407/2709 2406/2706 
f 2406/2706 2407/2709 2543/2708 2542/2707 
f 2542/2707 2543/2708 2409/2711 2408/2710 
f 2408/2710 2409/2711 2532/2683 2529/2678 
f 2544/2712 2411/2715 2322/2714 2410/2713 
f 2545/2716 2410/2713 2322/2714 2412/2717 
f 2546/2718 2412/2717 2322/2714 2411/2715 
f 2544/2712 2413/2721 2323/2720 2411/2719 
f 2546/2722 2411/2719 2323/2720 2414/2723 
f 2547/2724 2414/2723 2323/2720 2413/2721 
f 2544/2712 2415/2726 2324/2725 2413/2721 
f 2547/2724 2413/2721 2324/2725 2416/2727 
f 2548/2728 2416/2727 2324/2725 2415/2726 
f 2544/2712 2417/2730 2325/2729 2415/2726 
f 2548/2728 2415/2726 2325/2729 2418/2731 
f 2549/2732 2418/2731 2325/2729 2417/2730 
f 2544/2712 2419/2734 2326/2733 2417/2730 
f 2549/2732 2417/2730 2326/2733 2420/2735 
f 2550/2736 2420/2735 2326/2733 2419/2734 
f 2544/2712 2421/2738 2327/2737 2419/2734 
f 2550/2736 2419/2734 2327/2737 2422/2739 
f 2551/2740 2422/2739 2327/2737 2421/2738 
f 2544/2712 2423/2742 2328/2741 2421/2738 
f 2551/2740 2421/2738 2328/2741 2424/2743 
f 2552/2744 2424/2743 2328/2741 2423/2742 
f 2544/2712 2410/2713 2329/2745 2423/2742 
f 2552/2744 2423/2742 2329/2745 2425/2746 
f 2545/2716 2425/2746 2329/2745 2410/2713 
f 2521/2647 2379/2648 2307/2748 2426/2747 
f 2426/2747 2307/2748 2394/2679 2530/2680 
f 2307/2748 2427/2749 2529/2678 2394/2679 
f 2379/2648 2522/2649 2427/2749 2307/2748 
f 2523/2750 2381/2753 2306/2752 2428/2751 
f 2428/2751 2306/2752 2396/2685 2533/2686 
f 2306/2752 2426/2754 2530/2684 2396/2685 
f 2381/2753 2521/2755 2426/2754 2306/2752 
f 2524/2658 2383/2659 2309/2757 2429/2756 
f 2429/2756 2309/2757 2398/2690 2535/2691 
f 2309/2757 2428/2758 2533/2686 2398/2690 
f 2383/2659 2523/2653 2428/2758 2309/2757 
f 2525/2662 2385/2663 2310/2760 2430/2759 
f 2430/2759 2310/2760 2400/2694 2520/2695 
f 2310/2760 2429/2756 2535/2691 2400/2694 
f 2385/2663 2524/2658 2429/2756 2310/2760 
f 2526/2666 2387/2667 2311/2762 2431/2761 
f 2431/2761 2311/2762 2402/2698 2538/2699 
f 2311/2762 2430/2759 2520/2695 2402/2698 
f 2387/2667 2525/2662 2430/2759 2311/2762 
f 2527/2670 2389/2671 2312/2764 2432/2763 
f 2432/2763 2312/2764 2404/2702 2540/2703 
f 2312/2764 2431/2761 2538/2699 2404/2702 
f 2389/2671 2526/2666 2431/2761 2312/2764 
f 2528/2674 2391/2675 2313/2766 2433/2765 
f 2433/2765 2313/2766 2406/2706 2542/2707 
f 2313/2766 2432/2763 2540/2703 2406/2706 
f 2391/2675 2527/2670 2432/2763 2313/2766 
f 2522/2649 2393/2677 2308/2767 2427/2749 
f 2427/2749 2308/2767 2408/2710 2529/2678 
f 2308/2767 2433/2765 2542/2707 2408/2710 
f 2393/2677 2528/2674 2433/2765 2308/2767 
f 2532/2683 2434/2769 2315/2768 2395/2682 
f 2395/2682 2315/2768 2435/2770 2531/2681 
f 2315/2768 2339/2851 2474/2850 2435/2770 
f 2434/2769 2475/2852 2339/2851 2315/2768 
f 2531/2689 2435/2772 2314/2771 2397/2688 
f 2397/2688 2314/2771 2436/2773 2534/2687 
f 2314/2771 2338/2854 2476/2853 2436/2773 
f 2435/2772 2474/2855 2338/2854 2314/2771 
f 2534/2687 2436/2773 2317/2774 2399/2693 
f 2399/2693 2317/2774 2437/2775 2536/2692 
f 2317/2774 2341/2857 2477/2856 2437/2775 
f 2436/2773 2476/2853 2341/2857 2317/2774 
f 2536/2692 2437/2775 2318/2776 2401/2697 
f 2401/2697 2318/2776 2438/2777 2537/2696 
f 2318/2776 2342/2859 2478/2858 2438/2777 
f 2437/2775 2477/2856 2342/2859 2318/2776 
f 2537/2696 2438/2777 2319/2778 2403/2701 
f 2403/2701 2319/2778 2439/2779 2539/2700 
f 2319/2778 2343/2861 2479/2860 2439/2779 
f 2438/2777 2478/2858 2343/2861 2319/2778 
f 2539/2700 2439/2779 2320/2780 2405/2705 
f 2405/2705 2320/2780 2440/2781 2541/2704 
f 2320/2780 2344/2863 2480/2862 2440/2781 
f 2439/2779 2479/2860 2344/2863 2320/2780 
f 2541/2704 2440/2781 2321/2782 2407/2709 
f 2407/2709 2321/2782 2441/2783 2543/2708 
f 2321/2782 2345/2865 2481/2864 2441/2783 
f 2440/2781 2480/2862 2345/2865 2321/2782 
f 2543/2708 2441/2783 2316/2784 2409/2711 
f 2409/2711 2316/2784 2434/2769 2532/2683 
f 2316/2784 2340/2866 2475/2852 2434/2769 
f 2441/2783 2481/2864 2340/2866 2316/2784 
f 2554/2785 2443/2788 2346/2787 2442/2786 
f 2442/2786 2346/2787 2350/2868 2482/2867 
f 2346/2787 2444/2789 2483/2869 2350/2868 
f 2443/2788 2555/2790 2444/2789 2346/2787 
f 2556/2791 2446/2794 2354/2793 2445/2792 
f 2445/2792 2354/2793 2357/2871 2484/2870 
f 2354/2793 2447/2795 2486/2875 2357/2871 
f 2446/2794 2557/2796 2447/2795 2354/2793 
f 2558/2797 2449/2800 2355/2799 2448/2798 
f 2448/2798 2355/2799 2356/2877 2487/2876 
f 2355/2799 2445/2792 2484/2870 2356/2877 
f 2449/2800 2556/2791 2445/2792 2355/2799 
f 2559/2801 2451/2804 2358/2803 2450/2802 
f 2450/2802 2358/2803 2359/2881 2489/2880 
f 2358/2803 2448/2798 2487/2876 2359/2881 
f 2451/2804 2558/2797 2448/2798 2358/2803 
f 2560/2805 2453/2808 2360/2807 2452/2806 
f 2452/2806 2360/2807 2361/2885 2491/2884 
f 2360/2807 2450/2802 2489/2880 2361/2885 
f 2453/2808 2559/2801 2450/2802 2360/2807 
f 2561/2809 2455/2812 2362/2811 2454/2810 
f 2454/2810 2362/2811 2363/2889 2493/2888 
f 2362/2811 2452/2806 2491/2884 2363/2889 
f 2455/2812 2560/2805 2452/2806 2362/2811 
f 2562/2813 2457/2816 2364/2815 2456/2814 
f 2456/2814 2364/2815 2365/2892 2467/2836 
f 2364/2815 2454/2810 2493/2888 2365/2892 
f 2457/2816 2561/2809 2454/2810 2364/2815 
f 2555/2790 2458/2818 2352/2817 2444/2789 
f 2444/2789 2352/2817 2351/2894 2483/2869 
f 2352/2817 2459/2819 2468/2838 2351/2894 
f 2458/2818 2563/2820 2459/2819 2352/2817 
f 2564/2821 2461/2824 2368/2823 2460/2822 
f 2460/2822 2368/2823 2462/2826 2565/2825 
f 2368/2823 2463/2828 2566/2827 2462/2826 
f 2461/2824 2567/2829 2463/2828 2368/2823 
f 2565/2825 2462/2826 2369/2831 2464/2830 
f 2464/2830 2369/2831 2465/2833 2568/2832 
f 2369/2831 2466/2835 2569/2834 2465/2833 
f 2462/2826 2566/2827 2466/2835 2369/2831 
f 2568/2832 2465/2833 2367/2837 2467/2836 
f 2467/2836 2367/2837 2366/2895 2456/2814 
f 2367/2837 2468/2838 2459/2819 2366/2895 
f 2465/2833 2569/2834 2468/2838 2367/2837 
f 2562/2813 2470/2841 2353/2840 2469/2839 
f 2469/2839 2353/2840 2471/2843 2570/2842 
f 2353/2840 2458/2818 2555/2790 2471/2843 
f 2470/2841 2563/2820 2458/2818 2353/2840 
f 2570/2842 2471/2843 2347/2845 2472/2844 
f 2472/2844 2347/2845 2473/2847 2557/2846 
f 2347/2845 2443/2788 2554/2785 2473/2847 
f 2471/2843 2555/2790 2443/2788 2347/2845 
f 2557/2846 2473/2847 2348/2849 2447/2848 
f 2447/2848 2348/2849 2349/2897 2486/2896 
f 2348/2849 2442/2786 2482/2867 2349/2897 
f 2473/2847 2554/2785 2442/2786 2348/2849 
f 2474/2850 2339/2851 2472/2844 2557/2846 
f 2339/2851 2475/2852 2570/2842 2472/2844 
f 2476/2853 2338/2854 2446/2794 2556/2791 
f 2338/2854 2474/2855 2557/2796 2446/2794 
f 2477/2856 2341/2857 2449/2800 2558/2797 
f 2341/2857 2476/2853 2556/2791 2449/2800 
f 2478/2858 2342/2859 2451/2804 2559/2801 
f 2342/2859 2477/2856 2558/2797 2451/2804 
f 2479/2860 2343/2861 2453/2808 2560/2805 
f 2343/2861 2478/2858 2559/2801 2453/2808 
f 2480/2862 2344/2863 2455/2812 2561/2809 
f 2344/2863 2479/2860 2560/2805 2455/2812 
f 2481/2864 2345/2865 2457/2816 2562/2813 
f 2345/2865 2480/2862 2561/2809 2457/2816 
f 2475/2852 2340/2866 2469/2839 2570/2842 
f 2340/2866 2481/2864 2562/2813 2469/2839 
f 2482/2867 2350/2868 2463/2828 2567/2829 
f 2350/2868 2483/2869 2566/2827 2463/2828 
f 2484/2870 2357/2871 2485/2873 2571/2872 
f 2357/2871 2486/2875 2564/2874 2485/2873 
f 2487/2876 2356/2877 2488/2879 2572/2878 
f 2356/2877 2484/2870 2571/2872 2488/2879 
f 2489/2880 2359/2881 2490/2883 2573/2882 
f 2359/2881 2487/2876 2572/2878 2490/2883 
f 2491/2884 2361/2885 2492/2887 2574/2886 
f 2361/2885 2489/2880 2573/2882 2492/2887 
f 2493/2888 2363/2889 2494/2891 2575/2890 
f 2363/2889 2491/2884 2574/2886 2494/2891 
f 2467/2836 2365/2892 2495/2893 2568/2832 
f 2365/2892 2493/2888 2575/2890 2495/2893 
f 2483/2869 2351/2894 2466/2835 2566/2827 
f 2351/2894 2468/2838 2569/2834 2466/2835 
f 2456/2814 2366/2895 2470/2841 2562/2813 
f 2366/2895 2459/2819 2563/2820 2470/2841 
f 2486/2896 2349/2897 2461/2824 2564/2821 
f 2349/2897 2482/2867 2567/2829 2461/2824 
f 2565/2825 2577/2900 2496/2899 2460/2822 
f 2460/2822 2496/2899 2576/2898 2564/2821 
f 2564/2874 2576/2903 2497/2902 2485/2873 
f 2485/2873 2497/2902 2578/2901 2571/2872 
f 2571/2872 2578/2901 2498/2905 2488/2879 
f 2488/2879 2498/2905 2553/2904 2572/2878 
f 2572/2878 2553/2904 2499/2907 2490/2883 
f 2490/2883 2499/2907 2579/2906 2573/2882 
f 2573/2882 2579/2906 2500/2909 2492/2887 
f 2492/2887 2500/2909 2580/2908 2574/2886 
f 2574/2886 2580/2908 2501/2911 2494/2891 
f 2494/2891 2501/2911 2581/2910 2575/2890 
f 2575/2890 2581/2910 2502/2913 2495/2893 
f 2495/2893 2502/2913 2582/2912 2568/2832 
f 2568/2832 2582/2912 2503/2914 2464/2830 
f 2464/2830 2503/2914 2577/2900 2565/2825 
f 2577/2900 2504/2916 2371/2915 2496/2899 
f 2496/2899 2371/2915 2505/2917 2576/2898 
f 2371/2915 2331/2933 2512/2932 2505/2917 
f 2504/2916 2513/2934 2331/2933 2371/2915 
f 2576/2903 2505/2919 2370/2918 2497/2902 
f 2497/2902 2370/2918 2506/2920 2578/2901 
f 2370/2918 2332/2936 2514/2935 2506/2920 
f 2505/2919 2512/2937 2332/2936 2370/2918 
f 2578/2901 2506/2920 2373/2921 2498/2905 
f 2498/2905 2373/2921 2507/2922 2553/2904 
f 2373/2921 2333/2939 2515/2938 2507/2922 
f 2506/2920 2514/2935 2333/2939 2373/2921 
f 2553/2904 2507/2922 2374/2923 2499/2907 
f 2499/2907 2374/2923 2508/2924 2579/2906 
f 2374/2923 2334/2941 2516/2940 2508/2924 
f 2507/2922 2515/2938 2334/2941 2374/2923 
f 2579/2906 2508/2924 2375/2925 2500/2909 
f 2500/2909 2375/2925 2509/2926 2580/2908 
f 2375/2925 2335/2943 2517/2942 2509/2926 
f 2508/2924 2516/2940 2335/2943 2375/2925 
f 2580/2908 2509/2926 2376/2927 2501/2911 
f 2501/2911 2376/2927 2510/2928 2581/2910 
f 2376/2927 2336/2945 2518/2944 2510/2928 
f 2509/2926 2517/2942 2336/2945 2376/2927 
f 2581/2910 2510/2928 2377/2929 2502/2913 
f 2502/2913 2377/2929 2511/2930 2582/2912 
f 2377/2929 2337/2947 2519/2946 2511/2930 
f 2510/2928 2518/2944 2337/2947 2377/2929 
f 2582/2912 2511/2930 2372/2931 2503/2914 
f 2503/2914 2372/2931 2504/2916 2577/2900 
f 2372/2931 2330/2948 2513/2934 2504/2916 
f 2511/2930 2519/2946 2330/2948 2372/2931 
f 2512/2932 2331/2933 2412/2717 2546/2718 
f 2331/2933 2513/2934 2545/2716 2412/2717 
f 2514/2935 2332/2936 2414/2723 2547/2724 
f 2332/2936 2512/2937 2546/2722 2414/2723 
f 2515/2938 2333/2939 2416/2727 2548/2728 
f 2333/2939 2514/2935 2547/2724 2416/2727 
f 2516/2940 2334/2941 2418/2731 2549/2732 
f 2334/2941 2515/2938 2548/2728 2418/2731 
f 2517/2942 2335/2943 2420/2735 2550/2736 
f 2335/2943 2516/2940 2549/2732 2420/2735 
f 2518/2944 2336/2945 2422/2739 2551/2740 
f 2336/2945 2517/2942 2550/2736 2422/2739 
f 2519/2946 2337/2947 2424/2743 2552/2744 
f 2337/2947 2518/2944 2551/2740 2424/2743 
f 2513/2934 2330/2948 2425/2746 2545/2716 
f 2330/2948 2519/2946 2552/2744 2425/2746 
# 588 polygons

#
# object Object001
#

v  3.964380 12.691313 22.695799
v  3.964380 12.691313 20.287512
v  1.119651 12.691313 22.681778
v  1.119651 12.691313 20.273491
v  3.964380 13.509537 22.695799
v  3.964380 13.509537 20.287512
v  1.119651 13.509537 22.681778
v  1.119651 13.509537 20.273491
v  3.814380 13.509537 22.574644
v  3.814380 13.509537 20.407188
v  1.269651 13.509537 20.394646
v  1.269651 13.509537 22.562101
v  3.814380 12.827683 22.574644
v  3.814380 12.827683 20.407188
v  1.269651 12.827683 20.394646
v  1.269651 12.827683 22.562101
v  3.814380 12.691313 22.574644
v  1.269651 12.691313 22.562101
v  1.269651 12.691313 20.394646
v  3.814380 12.691313 20.407188
v  3.814380 12.745861 22.574644
v  1.269651 12.745861 22.562101
v  1.269651 12.745861 20.394646
v  3.814380 12.745861 20.407188
v  4.220685 13.069721 21.514839
v  4.178306 13.067488 21.560539
v  4.178306 13.024021 21.517073
v  4.178306 13.024021 21.452192
v  4.220685 13.069721 21.454424
v  4.220685 13.130136 21.454424
v  4.220685 13.130136 21.514839
v  4.178306 13.132368 21.560539
v  4.178306 13.067488 21.408724
v  4.178306 13.132368 21.408724
v  4.178306 13.175836 21.452192
v  4.178306 13.175836 21.517073
v  4.112704 13.022541 21.517702
v  4.112704 13.066857 21.562019
v  4.078199 13.072951 21.548025
v  4.078199 13.036535 21.511608
v  4.078199 13.036535 21.457655
v  4.112704 13.022541 21.451561
v  4.078199 13.072951 21.421240
v  4.112704 13.066857 21.407246
v  4.078199 13.126904 21.421240
v  4.112704 13.132999 21.407246
v  4.078199 13.163321 21.457655
v  4.112704 13.177315 21.451561
v  4.078199 13.163321 21.511608
v  4.112704 13.177315 21.517702
v  4.078199 13.126904 21.548025
v  4.112704 13.132999 21.562019
v  4.063322 13.069221 21.556793
v  4.063322 13.027767 21.515339
v  4.063322 13.130635 21.556793
v  4.046984 13.134245 21.565252
v  4.046984 13.065611 21.565252
v  4.046984 13.019308 21.518950
v  4.063322 13.172089 21.515339
v  4.046984 13.180548 21.518950
v  4.063322 13.172089 21.453924
v  4.046984 13.180548 21.450314
v  4.063322 13.130635 21.412472
v  4.046984 13.134245 21.404011
v  4.063322 13.069221 21.412472
v  4.046984 13.065611 21.404011
v  4.063322 13.027767 21.453924
v  4.046984 13.019308 21.450314
v  3.975524 13.065017 21.566673
v  3.995640 13.065371 21.565819
v  3.995640 13.134485 21.565819
v  3.975524 13.134840 21.566673
v  3.955950 13.134840 21.566673
v  3.955950 13.065017 21.566673
v  3.955950 13.017887 21.519543
v  3.975524 13.017887 21.519543
v  3.995640 13.018742 21.519188
v  3.995640 13.181114 21.519188
v  3.975524 13.181970 21.519543
v  3.955950 13.181970 21.519543
v  3.995640 13.181114 21.450075
v  3.975524 13.181970 21.449720
v  3.955950 13.181970 21.449720
v  3.995640 13.134485 21.403446
v  3.975524 13.134840 21.402590
v  3.955950 13.134840 21.402590
v  3.995640 13.065371 21.403446
v  3.975524 13.065017 21.402590
v  3.955950 13.065017 21.402590
v  3.995640 13.018742 21.450075
v  3.975524 13.017887 21.449720
v  3.955950 13.017887 21.449720
v  4.032431 13.068521 21.558212
v  4.032431 13.131334 21.558212
v  4.018107 13.128539 21.551462
v  4.018107 13.071318 21.551462
v  4.018107 13.033097 21.513243
v  4.032431 13.026347 21.516039
v  4.032431 13.173510 21.516039
v  4.018107 13.166759 21.513243
v  4.032431 13.173510 21.453226
v  4.018107 13.166759 21.456020
v  4.032431 13.131334 21.411051
v  4.018107 13.128539 21.417801
v  4.032431 13.068521 21.411051
v  4.018107 13.071318 21.417801
v  4.032431 13.026347 21.453226
v  4.018107 13.033097 21.456020
v  4.007065 13.068521 21.558212
v  4.007065 13.026347 21.516039
v  4.007065 13.131334 21.558212
v  4.007065 13.173510 21.516039
v  4.007065 13.173510 21.453226
v  4.007065 13.131334 21.411051
v  4.007065 13.068521 21.411051
v  4.007065 13.026347 21.453226
v  4.204948 13.043192 21.513147
v  4.204948 13.071412 21.541368
v  4.225826 13.067472 21.484632
v  4.225826 13.099928 21.517088
v  4.204948 13.043192 21.456116
v  4.204948 13.071412 21.427896
v  4.225826 13.099928 21.452175
v  4.225826 13.132385 21.484632
v  4.204948 13.128445 21.427896
v  4.204948 13.156664 21.456116
v  4.204948 13.128445 21.541368
v  4.204948 13.156664 21.513147
v  4.087325 13.033047 21.513128
v  4.112703 13.039243 21.545317
v  4.112706 13.016918 21.484632
v  4.145858 13.015904 21.520596
v  4.087325 13.033047 21.456135
v  4.112703 13.039243 21.423946
v  4.145858 13.015904 21.448668
v  4.180555 13.018507 21.484632
v  4.176056 13.040401 21.425104
v  4.176056 13.040401 21.544159
v  4.087325 13.071431 21.417749
v  4.112706 13.099928 21.401623
v  4.145858 13.063965 21.400608
v  4.087325 13.128425 21.417749
v  4.112703 13.160613 21.423946
v  4.145858 13.135891 21.400608
v  4.180555 13.099928 21.403210
v  4.176056 13.159454 21.425104
v  4.087325 13.166809 21.456135
v  4.112706 13.182938 21.484632
v  4.145858 13.183952 21.448668
v  4.087325 13.166809 21.513128
v  4.112703 13.160613 21.545317
v  4.145858 13.183952 21.520596
v  4.180555 13.181349 21.484632
v  4.176056 13.159454 21.544159
v  4.087325 13.128425 21.551514
v  4.112706 13.099928 21.567642
v  4.145858 13.135891 21.568655
v  4.087325 13.071431 21.551514
v  4.145858 13.063965 21.568655
v  4.180555 13.099928 21.566053
v  4.073980 13.072016 21.550226
v  4.063320 13.043504 21.541056
v  4.063324 13.099928 21.562166
v  4.052299 13.066456 21.563282
v  4.073980 13.127840 21.550226
v  4.063320 13.156352 21.541056
v  4.052299 13.133400 21.563282
v  4.073980 13.165522 21.512545
v  4.063324 13.177462 21.484632
v  4.052299 13.178578 21.518105
v  4.073980 13.165522 21.456720
v  4.063320 13.156352 21.428207
v  4.052299 13.178578 21.451160
v  4.073980 13.127840 21.419039
v  4.063324 13.099928 21.407099
v  4.052299 13.133400 21.405981
v  4.073980 13.072016 21.419039
v  4.063320 13.043504 21.428207
v  4.052299 13.066456 21.405981
v  4.073980 13.034334 21.456720
v  4.063324 13.022394 21.484632
v  4.052299 13.021278 21.451160
v  4.073980 13.034334 21.512545
v  4.052299 13.021278 21.518105
v  3.975524 13.099928 21.572783
v  3.989303 13.065105 21.566460
v  3.961881 13.065017 21.566673
v  3.975524 13.035778 21.548782
v  3.975524 13.164078 21.548782
v  3.989303 13.134750 21.566460
v  3.961881 13.134840 21.566673
v  3.975524 13.188079 21.484632
v  3.989303 13.181756 21.519455
v  3.961881 13.181970 21.519543
v  3.975524 13.164078 21.420483
v  3.989303 13.181756 21.449810
v  3.961881 13.181970 21.449720
v  3.975524 13.099928 21.396481
v  3.989303 13.134750 21.402803
v  3.961881 13.134840 21.402590
v  3.975524 13.035778 21.420483
v  3.989303 13.065105 21.402803
v  3.961881 13.065017 21.402590
v  3.975524 13.011777 21.484632
v  3.989303 13.018101 21.449810
v  3.961881 13.017887 21.449720
v  3.989303 13.018101 21.519455
v  3.961881 13.017887 21.519543
v  4.032431 13.099928 21.563597
v  4.042115 13.066396 21.563347
v  4.022804 13.070618 21.553150
v  4.032431 13.042274 21.542286
v  4.032431 13.157581 21.542286
v  4.042115 13.133461 21.563347
v  4.022804 13.129238 21.553150
v  4.032431 13.178892 21.484632
v  4.042115 13.178643 21.518164
v  4.022804 13.168447 21.513943
v  4.032431 13.157581 21.426979
v  4.042115 13.178643 21.451099
v  4.022804 13.168447 21.455322
v  4.032431 13.099928 21.405668
v  4.042115 13.133461 21.405916
v  4.022804 13.129238 21.416113
v  4.032431 13.042274 21.426979
v  4.042115 13.066396 21.405916
v  4.022804 13.070618 21.416113
v  4.032431 13.020964 21.484632
v  4.042115 13.021213 21.451099
v  4.022804 13.031409 21.455322
v  4.042115 13.021213 21.518164
v  4.022804 13.031409 21.513943
v  4.007065 13.042274 21.542286
v  3.999804 13.066336 21.563488
v  4.014230 13.070618 21.553150
v  4.007065 13.099928 21.563597
v  3.999804 13.133520 21.563488
v  4.014230 13.129238 21.553150
v  4.007065 13.157581 21.542286
v  3.999804 13.178785 21.518225
v  4.014230 13.168447 21.513943
v  4.007065 13.178892 21.484632
v  3.999804 13.178785 21.451040
v  4.014230 13.168447 21.455322
v  4.007065 13.157581 21.426979
v  3.999804 13.133520 21.405775
v  4.014230 13.129238 21.416113
v  4.007065 13.099928 21.405668
v  3.999804 13.066336 21.405775
v  4.014230 13.070618 21.416113
v  4.007065 13.042274 21.426979
v  3.999804 13.021070 21.451040
v  4.014230 13.031409 21.455322
v  4.007065 13.020964 21.484632
v  3.999804 13.021070 21.518225
v  4.014230 13.031409 21.513943
v  4.018107 13.099928 21.556267
v  4.018107 13.047457 21.537104
v  4.018107 13.152399 21.537104
v  4.018107 13.171564 21.484632
v  4.018107 13.152399 21.432161
v  4.018107 13.099928 21.412996
v  4.018107 13.047457 21.432161
v  4.018107 13.028293 21.484632
v  4.046987 13.099928 21.571245
v  4.046980 13.036877 21.547684
v  4.046980 13.162980 21.547684
v  4.046987 13.186541 21.484632
v  4.046980 13.162980 21.421579
v  4.046987 13.099928 21.398020
v  4.046980 13.036877 21.421579
v  4.046987 13.013315 21.484632
v  3.995640 13.036435 21.548124
v  3.995640 13.099928 21.571854
v  3.995640 13.163421 21.548124
v  3.995640 13.187150 21.484632
v  3.995640 13.163421 21.421139
v  3.995640 13.099928 21.397409
v  3.995640 13.036435 21.421139
v  3.995640 13.012706 21.484632
v  4.078198 13.050360 21.534201
v  4.078200 13.099928 21.552744
v  4.078200 13.031816 21.484632
v  4.078198 13.149496 21.534201
v  4.078200 13.168040 21.484632
v  4.078198 13.149496 21.435064
v  4.078200 13.099928 21.416519
v  4.078198 13.050360 21.435064
v  3.955950 13.035778 21.548782
v  3.955950 13.099928 21.572783
v  3.953875 13.065017 21.566673
v  3.955950 13.164078 21.548782
v  3.953875 13.134840 21.566673
v  3.955950 13.188080 21.484632
v  3.953875 13.181970 21.519543
v  3.955950 13.164078 21.420483
v  3.953875 13.181970 21.449720
v  3.955950 13.099928 21.396481
v  3.953875 13.134840 21.402590
v  3.955950 13.035778 21.420483
v  3.953875 13.065017 21.402590
v  3.955950 13.011777 21.484632
v  3.953875 13.017887 21.449720
v  3.953875 13.017887 21.519543
v  4.196280 13.050977 21.533583
v  4.209045 13.039001 21.484632
v  4.231289 13.099928 21.484632
v  4.209045 13.099928 21.545559
v  4.196280 13.050977 21.435680
v  4.209045 13.099928 21.423706
v  4.196280 13.148879 21.435680
v  4.209045 13.160854 21.484632
v  4.196280 13.148879 21.533583
v  4.087323 13.047586 21.536974
v  4.087327 13.028103 21.484632
v  4.146421 13.009855 21.484632
v  4.145295 13.033968 21.550592
v  4.087323 13.047586 21.432291
v  4.145295 13.033968 21.418671
v  4.087327 13.099928 21.412806
v  4.146421 13.099928 21.394560
v  4.087323 13.152269 21.432291
v  4.145295 13.165889 21.418671
v  4.087327 13.171754 21.484632
v  4.146421 13.190001 21.484632
v  4.087323 13.152269 21.536974
v  4.145295 13.165889 21.550592
v  4.087327 13.099928 21.556458
v  4.146421 13.099928 21.574703
v  4.073981 13.048639 21.535921
v  4.073980 13.099928 21.555111
v  4.052303 13.099928 21.569136
v  4.052295 13.038425 21.546135
v  4.073981 13.151217 21.535921
v  4.052295 13.161431 21.546135
v  4.073980 13.170406 21.484632
v  4.052303 13.184431 21.484632
v  4.073981 13.151217 21.433344
v  4.052295 13.161431 21.423128
v  4.073980 13.099928 21.414154
v  4.052303 13.099928 21.400129
v  4.073981 13.048639 21.433344
v  4.052295 13.038425 21.423128
v  4.073980 13.029449 21.484632
v  4.052303 13.015426 21.484632
v  3.989303 13.099928 21.572552
v  3.961881 13.099928 21.572783
v  3.961881 13.035778 21.548782
v  3.989303 13.035942 21.548616
v  3.989303 13.163914 21.548616
v  3.961881 13.164078 21.548782
v  3.989303 13.187847 21.484632
v  3.961881 13.188079 21.484632
v  3.989303 13.163914 21.420647
v  3.961881 13.164078 21.420483
v  3.989303 13.099928 21.396713
v  3.961881 13.099928 21.396481
v  3.989303 13.035942 21.420647
v  3.961881 13.035778 21.420483
v  3.989303 13.012010 21.484632
v  3.961881 13.011777 21.484632
v  4.042115 13.099928 21.569174
v  4.022804 13.099928 21.558100
v  4.022804 13.046161 21.538399
v  4.042114 13.038334 21.546227
v  4.042114 13.161522 21.546227
v  4.022804 13.153695 21.538399
v  4.042115 13.184469 21.484632
v  4.022804 13.173396 21.484632
v  4.042114 13.161522 21.423038
v  4.022804 13.153695 21.430864
v  4.042115 13.099928 21.400091
v  4.022804 13.099928 21.411163
v  4.042114 13.038334 21.423038
v  4.022804 13.046161 21.430864
v  4.042115 13.015387 21.484632
v  4.022804 13.026461 21.484632
v  3.999804 13.038223 21.546337
v  4.014230 13.046161 21.538399
v  4.014230 13.099928 21.558100
v  3.999804 13.099928 21.569324
v  4.014230 13.153695 21.538399
v  3.999804 13.161633 21.546337
v  4.014230 13.173396 21.484632
v  3.999804 13.184622 21.484632
v  4.014230 13.153695 21.430864
v  3.999804 13.161633 21.422928
v  4.014230 13.099928 21.411163
v  3.999804 13.099928 21.399939
v  4.014230 13.046161 21.430864
v  3.999804 13.038223 21.422928
v  4.014230 13.026461 21.484632
v  3.999804 13.015235 21.484632
v  3.953875 13.099928 21.572783
v  3.953875 13.035778 21.548782
v  3.953875 13.164078 21.548782
v  3.953875 13.188080 21.484632
v  3.953875 13.164078 21.420483
v  3.953875 13.099928 21.396481
v  3.953875 13.035778 21.420483
v  3.953875 13.011777 21.484632
# 401 vertices

vt 0.335414 0.436569 0.000000
vt 0.335048 0.496598 0.000000
vt 0.271816 0.496599 0.000000
vt 0.272182 0.436569 0.000000
vt 0.520674 0.865425 0.000000
vt 0.526737 0.827390 0.000000
vt 0.220182 0.513426 0.000000
vt 0.216546 0.586388 0.000000
vt 0.338948 0.433268 0.000000
vt 0.268691 0.433268 0.000000
vt 0.268691 0.429708 0.000000
vt 0.338948 0.429708 0.000000
vt 0.197194 0.585424 0.000000
vt 0.200829 0.512462 0.000000
vt 0.134377 0.601397 0.000000
vt 0.135435 0.582047 0.000000
vt 0.119705 0.508115 0.000000
vt 0.139060 0.509077 0.000000
vt 0.194297 0.581408 0.000000
vt 0.197549 0.516140 0.000000
vt 0.138714 0.578368 0.000000
vt 0.141957 0.513093 0.000000
vt 0.570387 0.829696 0.000000
vt 0.564324 0.867731 0.000000
vt 0.498891 0.887288 0.000000
vt 0.504568 0.807906 0.000000
vt 0.509231 0.812205 0.000000
vt 0.504120 0.883648 0.000000
vt 0.586940 0.811473 0.000000
vt 0.581830 0.882917 0.000000
vt 0.338540 0.500374 0.000000
vt 0.335048 0.496836 0.000000
vt 0.335414 0.436806 0.000000
vt 0.268282 0.500375 0.000000
vt 0.271816 0.496836 0.000000
vt 0.272182 0.436806 0.000000
vt 0.162601 0.550634 0.000000
vt 0.163134 0.550691 0.000000
vt 0.162894 0.551355 0.000000
vt 0.162353 0.551001 0.000000
vt 0.163960 0.550770 0.000000
vt 0.163692 0.551781 0.000000
vt 0.163007 0.552625 0.000000
vt 0.162453 0.551801 0.000000
vt 0.162035 0.551356 0.000000
vt 0.163102 0.554562 0.000000
vt 0.162873 0.553893 0.000000
vt 0.162567 0.554610 0.000000
vt 0.162326 0.554238 0.000000
vt 0.162013 0.553878 0.000000
vt 0.162439 0.553440 0.000000
vt 0.161980 0.553153 0.000000
vt 0.162081 0.552617 0.000000
vt 0.161719 0.553579 0.000000
vt 0.161466 0.553367 0.000000
vt 0.161534 0.553032 0.000000
vt 0.161560 0.552613 0.000000
vt 0.161989 0.552080 0.000000
vt 0.161736 0.551650 0.000000
vt 0.161541 0.552193 0.000000
vt 0.161479 0.551858 0.000000
vt 0.160769 0.548843 0.000000
vt 0.161211 0.548173 0.000000
vt 0.161840 0.548647 0.000000
vt 0.161359 0.549273 0.000000
vt 0.161688 0.547451 0.000000
vt 0.162431 0.547872 0.000000
vt 0.163304 0.548582 0.000000
vt 0.162455 0.549252 0.000000
vt 0.161886 0.549755 0.000000
vt 0.161134 0.557050 0.000000
vt 0.161773 0.556586 0.000000
vt 0.160703 0.556372 0.000000
vt 0.161302 0.555951 0.000000
vt 0.161837 0.555477 0.000000
vt 0.162398 0.555991 0.000000
vt 0.162886 0.555331 0.000000
vt 0.163804 0.555627 0.000000
vt 0.162271 0.555023 0.000000
vt 0.162931 0.549919 0.000000
vt 0.162312 0.550216 0.000000
vt 0.160331 0.555743 0.000000
vt 0.160914 0.555390 0.000000
vt 0.160023 0.555114 0.000000
vt 0.160584 0.554848 0.000000
vt 0.161141 0.554532 0.000000
vt 0.161451 0.555006 0.000000
vt 0.159774 0.554497 0.000000
vt 0.160349 0.554290 0.000000
vt 0.159601 0.553885 0.000000
vt 0.160176 0.553756 0.000000
vt 0.160702 0.553624 0.000000
vt 0.160882 0.554074 0.000000
vt 0.161324 0.553864 0.000000
vt 0.161596 0.554225 0.000000
vt 0.161130 0.553488 0.000000
vt 0.161886 0.554625 0.000000
vt 0.159490 0.553255 0.000000
vt 0.160058 0.553200 0.000000
vt 0.159456 0.552594 0.000000
vt 0.160017 0.552599 0.000000
vt 0.160577 0.552604 0.000000
vt 0.160607 0.553138 0.000000
vt 0.159502 0.551934 0.000000
vt 0.160069 0.551999 0.000000
vt 0.159625 0.551306 0.000000
vt 0.160196 0.551446 0.000000
vt 0.160720 0.551587 0.000000
vt 0.160616 0.552071 0.000000
vt 0.161084 0.552157 0.000000
vt 0.161083 0.552608 0.000000
vt 0.161146 0.551731 0.000000
vt 0.161076 0.553061 0.000000
vt 0.159808 0.550699 0.000000
vt 0.160379 0.550915 0.000000
vt 0.160068 0.550086 0.000000
vt 0.160624 0.550362 0.000000
vt 0.161174 0.550687 0.000000
vt 0.160907 0.551140 0.000000
vt 0.160387 0.549464 0.000000
vt 0.160963 0.549826 0.000000
vt 0.161492 0.550219 0.000000
vt 0.161920 0.550607 0.000000
vt 0.161623 0.551002 0.000000
vt 0.161346 0.551358 0.000000
vt 0.160403 0.548613 0.000000
vt 0.160027 0.549267 0.000000
vt 0.159718 0.549110 0.000000
vt 0.160084 0.548436 0.000000
vt 0.159719 0.549927 0.000000
vt 0.159407 0.549794 0.000000
vt 0.159104 0.549670 0.000000
vt 0.159418 0.548965 0.000000
vt 0.159780 0.548275 0.000000
vt 0.159452 0.550574 0.000000
vt 0.159148 0.550471 0.000000
vt 0.159269 0.551221 0.000000
vt 0.158962 0.551142 0.000000
vt 0.158666 0.551067 0.000000
vt 0.158850 0.550374 0.000000
vt 0.159157 0.551893 0.000000
vt 0.158854 0.551845 0.000000
vt 0.159117 0.552591 0.000000
vt 0.158811 0.552588 0.000000
vt 0.158506 0.552585 0.000000
vt 0.158553 0.551798 0.000000
vt 0.159144 0.553289 0.000000
vt 0.158840 0.553332 0.000000
vt 0.159244 0.553964 0.000000
vt 0.158935 0.554038 0.000000
vt 0.158638 0.554107 0.000000
vt 0.158538 0.553374 0.000000
vt 0.159415 0.554615 0.000000
vt 0.159109 0.554712 0.000000
vt 0.159671 0.555267 0.000000
vt 0.159356 0.555395 0.000000
vt 0.159050 0.555513 0.000000
vt 0.158809 0.554804 0.000000
vt 0.159967 0.555934 0.000000
vt 0.159655 0.556085 0.000000
vt 0.160333 0.556595 0.000000
vt 0.160010 0.556767 0.000000
vt 0.159702 0.556923 0.000000
vt 0.159352 0.556225 0.000000
vt 0.160766 0.557289 0.000000
vt 0.160442 0.557477 0.000000
vt 0.161240 0.558002 0.000000
vt 0.160945 0.558234 0.000000
vt 0.160641 0.558465 0.000000
vt 0.160128 0.557652 0.000000
vt 0.160848 0.547929 0.000000
vt 0.160528 0.547683 0.000000
vt 0.160217 0.547555 0.000000
vt 0.157208 0.548962 0.000000
vt 0.156842 0.548834 0.000000
vt 0.157189 0.547953 0.000000
vt 0.157549 0.548111 0.000000
vt 0.156465 0.548703 0.000000
vt 0.156822 0.547792 0.000000
vt 0.157244 0.546923 0.000000
vt 0.157599 0.547110 0.000000
vt 0.157948 0.547294 0.000000
vt 0.156755 0.550695 0.000000
vt 0.156377 0.550629 0.000000
vt 0.156568 0.549732 0.000000
vt 0.156942 0.549830 0.000000
vt 0.155991 0.550565 0.000000
vt 0.156185 0.549634 0.000000
vt 0.156606 0.552567 0.000000
vt 0.156218 0.552563 0.000000
vt 0.156264 0.551569 0.000000
vt 0.156647 0.551602 0.000000
vt 0.155826 0.552559 0.000000
vt 0.155873 0.551535 0.000000
vt 0.156717 0.554443 0.000000
vt 0.156337 0.554501 0.000000
vt 0.156244 0.553558 0.000000
vt 0.156628 0.553533 0.000000
vt 0.155951 0.554558 0.000000
vt 0.155851 0.553583 0.000000
vt 0.157138 0.556187 0.000000
vt 0.156768 0.556309 0.000000
vt 0.156512 0.555404 0.000000
vt 0.156888 0.555312 0.000000
vt 0.156388 0.556433 0.000000
vt 0.156126 0.555494 0.000000
vt 0.157849 0.557874 0.000000
vt 0.157495 0.558052 0.000000
vt 0.157099 0.557198 0.000000
vt 0.157463 0.557047 0.000000
vt 0.157135 0.558232 0.000000
vt 0.156728 0.557352 0.000000
vt 0.158881 0.559585 0.000000
vt 0.158526 0.559813 0.000000
vt 0.157970 0.558912 0.000000
vt 0.158319 0.558708 0.000000
vt 0.158170 0.560032 0.000000
vt 0.157618 0.559116 0.000000
vt 0.158088 0.546261 0.000000
vt 0.158432 0.546471 0.000000
vt 0.157741 0.546052 0.000000
vt 0.158850 0.549569 0.000000
vt 0.158575 0.549462 0.000000
vt 0.158897 0.548714 0.000000
vt 0.159165 0.548842 0.000000
vt 0.158274 0.549348 0.000000
vt 0.158604 0.548577 0.000000
vt 0.158984 0.547819 0.000000
vt 0.159271 0.547984 0.000000
vt 0.159532 0.548137 0.000000
vt 0.158414 0.551014 0.000000
vt 0.158141 0.550967 0.000000
vt 0.158323 0.550218 0.000000
vt 0.158594 0.550297 0.000000
vt 0.157837 0.550916 0.000000
vt 0.158024 0.550133 0.000000
vt 0.158248 0.552583 0.000000
vt 0.157973 0.552580 0.000000
vt 0.158020 0.551749 0.000000
vt 0.158295 0.551769 0.000000
vt 0.157677 0.552577 0.000000
vt 0.157721 0.551729 0.000000
vt 0.158385 0.554156 0.000000
vt 0.158111 0.554197 0.000000
vt 0.158004 0.553412 0.000000
vt 0.158280 0.553398 0.000000
vt 0.157805 0.554243 0.000000
vt 0.157705 0.553427 0.000000
vt 0.158794 0.555610 0.000000
vt 0.158516 0.555712 0.000000
vt 0.158278 0.554950 0.000000
vt 0.158552 0.554877 0.000000
vt 0.158213 0.555821 0.000000
vt 0.157977 0.555031 0.000000
vt 0.159451 0.557057 0.000000
vt 0.159188 0.557206 0.000000
vt 0.158826 0.556467 0.000000
vt 0.159096 0.556344 0.000000
vt 0.158896 0.557366 0.000000
vt 0.158530 0.556599 0.000000
vt 0.160370 0.558630 0.000000
vt 0.160080 0.558773 0.000000
vt 0.159608 0.557968 0.000000
vt 0.159873 0.557803 0.000000
vt 0.159795 0.558917 0.000000
vt 0.159326 0.558142 0.000000
vt 0.159704 0.547231 0.000000
vt 0.159965 0.547400 0.000000
vt 0.159426 0.547052 0.000000
vt 0.158233 0.547439 0.000000
vt 0.158475 0.547557 0.000000
vt 0.158087 0.548345 0.000000
vt 0.157842 0.548238 0.000000
vt 0.158725 0.547683 0.000000
vt 0.158338 0.548456 0.000000
vt 0.158016 0.549252 0.000000
vt 0.157760 0.549159 0.000000
vt 0.157507 0.549068 0.000000
vt 0.157495 0.549984 0.000000
vt 0.157243 0.549913 0.000000
vt 0.157751 0.550056 0.000000
vt 0.157565 0.550864 0.000000
vt 0.157308 0.550808 0.000000
vt 0.157057 0.550753 0.000000
vt 0.157205 0.551668 0.000000
vt 0.156954 0.551635 0.000000
vt 0.157456 0.551703 0.000000
vt 0.157417 0.552575 0.000000
vt 0.157165 0.552572 0.000000
vt 0.156915 0.552570 0.000000
vt 0.157187 0.553477 0.000000
vt 0.156935 0.553506 0.000000
vt 0.157439 0.553447 0.000000
vt 0.157532 0.554289 0.000000
vt 0.157273 0.554341 0.000000
vt 0.157021 0.554391 0.000000
vt 0.157444 0.555169 0.000000
vt 0.157191 0.555236 0.000000
vt 0.157702 0.555102 0.000000
vt 0.157953 0.555912 0.000000
vt 0.157694 0.556000 0.000000
vt 0.157439 0.556086 0.000000
vt 0.158008 0.556822 0.000000
vt 0.157759 0.556925 0.000000
vt 0.158261 0.556716 0.000000
vt 0.158634 0.557501 0.000000
vt 0.158382 0.557619 0.000000
vt 0.158137 0.557733 0.000000
vt 0.158839 0.558417 0.000000
vt 0.158602 0.558546 0.000000
vt 0.159079 0.558288 0.000000
vt 0.159567 0.559058 0.000000
vt 0.159363 0.559219 0.000000
vt 0.159154 0.559388 0.000000
vt 0.158945 0.546770 0.000000
vt 0.158711 0.546638 0.000000
vt 0.159182 0.546903 0.000000
vt 0.158136 0.549296 0.000000
vt 0.158461 0.548510 0.000000
vt 0.158845 0.547683 0.000000
vt 0.157690 0.550891 0.000000
vt 0.157876 0.550092 0.000000
vt 0.157537 0.552576 0.000000
vt 0.157578 0.551719 0.000000
vt 0.157658 0.554265 0.000000
vt 0.157562 0.553434 0.000000
vt 0.158074 0.555870 0.000000
vt 0.157829 0.555068 0.000000
vt 0.158756 0.557442 0.000000
vt 0.158385 0.556663 0.000000
vt 0.159667 0.558986 0.000000
vt 0.159194 0.558224 0.000000
vt 0.159296 0.546968 0.000000
vt 0.158976 0.549619 0.000000
vt 0.159286 0.548902 0.000000
vt 0.159649 0.548207 0.000000
vt 0.158537 0.551035 0.000000
vt 0.158717 0.550333 0.000000
vt 0.158373 0.552584 0.000000
vt 0.158420 0.551779 0.000000
vt 0.158508 0.554136 0.000000
vt 0.158405 0.553390 0.000000
vt 0.158921 0.555563 0.000000
vt 0.158675 0.554843 0.000000
vt 0.159571 0.556989 0.000000
vt 0.159218 0.556286 0.000000
vt 0.160505 0.558560 0.000000
vt 0.159993 0.557727 0.000000
vt 0.160084 0.547478 0.000000
vt 0.158109 0.547378 0.000000
vt 0.157715 0.548183 0.000000
vt 0.157376 0.549022 0.000000
vt 0.157113 0.549877 0.000000
vt 0.156927 0.550726 0.000000
vt 0.156823 0.551618 0.000000
vt 0.156784 0.552569 0.000000
vt 0.156804 0.553520 0.000000
vt 0.156890 0.554415 0.000000
vt 0.157060 0.555269 0.000000
vt 0.157307 0.556131 0.000000
vt 0.157631 0.556978 0.000000
vt 0.158012 0.557792 0.000000
vt 0.158480 0.558613 0.000000
vt 0.159042 0.559476 0.000000
vt 0.158591 0.546568 0.000000
vt 0.160527 0.548685 0.000000
vt 0.160146 0.549330 0.000000
vt 0.159840 0.549982 0.000000
vt 0.161441 0.547310 0.000000
vt 0.160970 0.548003 0.000000
vt 0.159570 0.550615 0.000000
vt 0.159387 0.551252 0.000000
vt 0.159272 0.551912 0.000000
vt 0.159230 0.552592 0.000000
vt 0.159259 0.553273 0.000000
vt 0.159362 0.553935 0.000000
vt 0.159534 0.554576 0.000000
vt 0.159793 0.555215 0.000000
vt 0.160087 0.555873 0.000000
vt 0.160457 0.556526 0.000000
vt 0.160890 0.557216 0.000000
vt 0.156659 0.547683 0.000000
vt 0.157087 0.546840 0.000000
vt 0.156296 0.548644 0.000000
vt 0.156237 0.548624 0.000000
vt 0.156601 0.547683 0.000000
vt 0.157031 0.546811 0.000000
vt 0.156014 0.549590 0.000000
vt 0.155818 0.550536 0.000000
vt 0.155757 0.550526 0.000000
vt 0.155953 0.549575 0.000000
vt 0.155700 0.551521 0.000000
vt 0.155654 0.552557 0.000000
vt 0.155593 0.552556 0.000000
vt 0.155639 0.551516 0.000000
vt 0.155678 0.553595 0.000000
vt 0.155777 0.554583 0.000000
vt 0.155716 0.554592 0.000000
vt 0.155616 0.553598 0.000000
vt 0.155954 0.555534 0.000000
vt 0.156218 0.556488 0.000000
vt 0.156158 0.556507 0.000000
vt 0.155893 0.555549 0.000000
vt 0.156563 0.557421 0.000000
vt 0.156975 0.558312 0.000000
vt 0.156919 0.558341 0.000000
vt 0.156505 0.557445 0.000000
vt 0.157462 0.559205 0.000000
vt 0.158016 0.560126 0.000000
vt 0.157961 0.560158 0.000000
vt 0.157407 0.559236 0.000000
vt 0.157588 0.545961 0.000000
vt 0.157534 0.545929 0.000000
vt 0.196135 0.604774 0.000000
vt 0.116080 0.581085 0.000000
vt 0.163929 0.554496 0.000000
vt 0.163678 0.553481 0.000000
vt 0.161600 0.557781 0.000000
vt 0.162350 0.557371 0.000000
vt 0.163236 0.556676 0.000000
vt 0.163853 0.549638 0.000000
vt 0.161332 0.547225 0.000000
vt 0.161041 0.546988 0.000000
vt 0.160742 0.546752 0.000000
vt 0.159006 0.545607 0.000000
vt 0.158657 0.545374 0.000000
vt 0.158307 0.545151 0.000000
vt 0.160475 0.546583 0.000000
vt 0.160189 0.546436 0.000000
vt 0.159906 0.546288 0.000000
vt 0.159682 0.546143 0.000000
vt 0.159481 0.545980 0.000000
vt 0.159276 0.545808 0.000000
vt 0.159780 0.546217 0.000000
vt 0.160608 0.546656 0.000000
vt 0.159165 0.545719 0.000000
vt 0.161350 0.557918 0.000000
vt 0.158154 0.545056 0.000000
vt 0.158101 0.545023 0.000000
# 439 texture coords

o Object001
g Object001
f 2611/2949 2612/2950 2613/2951 2614/2952 
f 2603/2953 2604/2954 2605/2971 2606/2972 
f 2591/2957 2592/2958 2596/2959 2595/2960 
f 2592/2955 2594/2956 2598/2961 2596/2962 
f 2594/3362 2593/2963 2597/2964 2598/2961 
f 2593/3363 2591/2965 2595/2966 2597/2964 
f 2595/2973 2596/2974 2600/2975 2599/2976 
f 2596/2962 2598/2961 2601/2967 2600/2968 
f 2598/2961 2597/2964 2602/2969 2601/2967 
f 2597/2964 2595/2966 2599/2970 2602/2969 
f 2599/2976 2600/2975 2604/2954 2603/2953 
f 2600/2975 2601/2977 2605/2971 2604/2954 
f 2601/2977 2602/2978 2606/2972 2605/2971 
f 2602/2978 2599/2976 2603/2953 2606/2972 
f 2591/2957 2593/2979 2608/2980 2607/2981 
f 2593/2979 2594/2982 2609/2983 2608/2980 
f 2594/2982 2592/2958 2610/2984 2609/2983 
f 2592/2958 2591/2957 2607/2981 2610/2984 
f 2607/2981 2608/2980 2612/2950 2611/2949 
f 2608/2980 2609/2983 2613/2951 2612/2950 
f 2609/2983 2610/2984 2614/2952 2613/2951 
f 2610/2984 2607/2981 2611/2949 2614/2952 
f 2895/2985 2707/2986 2615/2987 2708/2988 
f 2707/2986 2896/2989 2709/2990 2615/2987 
f 2615/2987 2709/2990 2897/2991 2710/2992 
f 2708/2988 2615/2987 2710/2992 2898/2993 
f 2896/3364 2711/2994 2619/2995 2709/3365 
f 2711/2994 2899/2996 2712/2997 2619/2995 
f 2619/2995 2712/2997 2900/2998 2713/2999 
f 2709/3365 2619/2995 2713/2999 2897/2991 
f 2897/2991 2713/2999 2620/3000 2714/3001 
f 2713/2999 2900/2998 2715/3002 2620/3000 
f 2620/3000 2715/3002 2901/3003 2716/3004 
f 2714/3001 2620/3000 2716/3004 2902/3005 
f 2898/2993 2710/2992 2621/3006 2717/3007 
f 2710/2992 2897/2991 2714/3001 2621/3006 
f 2621/3006 2714/3001 2902/3005 2718/3008 
f 2717/3007 2621/3006 2718/3008 2903/3009 
f 2904/3010 2719/3011 2627/3012 2720/3013 
f 2719/3011 2905/3014 2721/3015 2627/3012 
f 2627/3012 2721/3015 2906/3016 2722/3017 
f 2720/3013 2627/3012 2722/3017 2907/3018 
f 2905/3366 2723/3019 2632/3020 2721/3367 
f 2723/3019 2908/3021 2724/3022 2632/3020 
f 2632/3020 2724/3022 2909/3023 2725/3024 
f 2721/3367 2632/3020 2725/3024 2906/3368 
f 2906/3368 2725/3024 2618/3025 2726/3026 
f 2725/3024 2909/3023 2727/3027 2618/3025 
f 2618/3025 2727/3027 2899/2996 2711/2994 
f 2726/3026 2618/3025 2711/2994 2896/3364 
f 2907/3018 2722/3017 2617/3028 2728/3029 
f 2722/3017 2906/3016 2726/3369 2617/3028 
f 2617/3028 2726/3369 2896/2989 2707/2986 
f 2728/3029 2617/3028 2707/2986 2895/2985 
f 2908/3021 2729/3030 2634/3031 2724/3022 
f 2729/3030 2910/3032 2730/3033 2634/3031 
f 2634/3031 2730/3033 2911/3034 2731/3035 
f 2724/3022 2634/3031 2731/3035 2909/3023 
f 2910/3032 2732/3036 2636/3037 2730/3033 
f 2732/3036 2912/3038 2733/3039 2636/3037 
f 2636/3037 2733/3039 2913/3040 2734/3041 
f 2730/3033 2636/3037 2734/3041 2911/3034 
f 2911/3034 2734/3041 2624/3042 2735/3043 
f 2734/3041 2913/3040 2736/3044 2624/3042 
f 2624/3042 2736/3044 2901/3003 2715/3002 
f 2735/3043 2624/3042 2715/3002 2900/2998 
f 2909/3023 2731/3035 2623/3045 2727/3027 
f 2731/3035 2911/3034 2735/3043 2623/3045 
f 2623/3045 2735/3043 2900/2998 2712/2997 
f 2727/3027 2623/3045 2712/2997 2899/2996 
f 2912/3038 2737/3046 2638/3047 2733/3039 
f 2737/3046 2914/3048 2738/3049 2638/3047 
f 2638/3047 2738/3049 2915/3050 2739/3051 
f 2733/3039 2638/3047 2739/3051 2913/3040 
f 2914/3048 2740/3052 2640/3053 2738/3049 
f 2740/3052 2916/3054 2741/3055 2640/3053 
f 2640/3053 2741/3055 2917/3056 2742/3057 
f 2738/3049 2640/3053 2742/3057 2915/3050 
f 2915/3050 2742/3057 2626/3058 2743/3059 
f 2742/3057 2917/3056 2744/3060 2626/3058 
f 2626/3058 2744/3060 2903/3009 2718/3008 
f 2743/3059 2626/3058 2718/3008 2902/3005 
f 2913/3040 2739/3051 2625/3061 2736/3044 
f 2739/3051 2915/3050 2743/3059 2625/3061 
f 2625/3061 2743/3059 2902/3005 2716/3004 
f 2736/3044 2625/3061 2716/3004 2901/3003 
f 2916/3054 2745/3062 2642/3063 2741/3055 
f 2745/3062 2918/3064 2746/3065 2642/3063 
f 2642/3063 2746/3065 2919/3066 2747/3067 
f 2741/3055 2642/3063 2747/3067 2917/3056 
f 2918/3064 2748/3068 2628/3069 2746/3065 
f 2748/3068 2904/3010 2720/3013 2628/3069 
f 2628/3069 2720/3013 2907/3018 2749/3070 
f 2746/3065 2628/3069 2749/3070 2919/3066 
f 2919/3066 2749/3070 2616/3071 2750/3072 
f 2749/3070 2907/3018 2728/3029 2616/3071 
f 2616/3071 2728/3029 2895/2985 2708/2988 
f 2750/3072 2616/3071 2708/2988 2898/2993 
f 2917/3056 2747/3067 2622/3073 2744/3060 
f 2747/3067 2919/3066 2750/3072 2622/3073 
f 2622/3073 2750/3072 2898/2993 2717/3007 
f 2744/3060 2622/3073 2717/3007 2903/3009 
f 2920/3074 2751/3075 2643/3076 2752/3077 
f 2751/3075 2921/3078 2753/3079 2643/3076 
f 2643/3076 2753/3079 2922/3080 2754/3081 
f 2752/3077 2643/3076 2754/3081 2923/3082 
f 2921/3078 2755/3083 2645/3084 2753/3079 
f 2755/3083 2924/3085 2756/3086 2645/3084 
f 2645/3084 2756/3086 2925/3087 2757/3088 
f 2753/3079 2645/3084 2757/3088 2922/3080 
f 2924/3085 2758/3089 2649/3090 2756/3086 
f 2758/3089 2926/3091 2759/3092 2649/3090 
f 2649/3090 2759/3092 2927/3093 2760/3094 
f 2756/3086 2649/3090 2760/3094 2925/3087 
f 2926/3091 2761/3095 2651/3096 2759/3092 
f 2761/3095 2928/3097 2762/3098 2651/3096 
f 2651/3096 2762/3098 2929/3099 2763/3100 
f 2759/3092 2651/3096 2763/3100 2927/3093 
f 2928/3097 2764/3101 2653/3102 2762/3098 
f 2764/3101 2930/3103 2765/3104 2653/3102 
f 2653/3102 2765/3104 2931/3105 2766/3106 
f 2762/3098 2653/3102 2766/3106 2929/3099 
f 2930/3103 2767/3107 2655/3108 2765/3104 
f 2767/3107 2932/3109 2768/3110 2655/3108 
f 2655/3108 2768/3110 2933/3111 2769/3112 
f 2765/3104 2655/3108 2769/3112 2931/3105 
f 2932/3109 2770/3113 2657/3114 2768/3110 
f 2770/3113 2934/3115 2771/3116 2657/3114 
f 2657/3114 2771/3116 2935/3117 2772/3118 
f 2768/3110 2657/3114 2772/3118 2933/3111 
f 2934/3370 2773/3119 2644/3120 2771/3371 
f 2773/3119 2920/3074 2752/3077 2644/3120 
f 2644/3120 2752/3077 2923/3082 2774/3121 
f 2771/3371 2644/3120 2774/3121 2935/3372 
f 2936/3122 2775/3123 2659/3124 2776/3125 
f 2775/3123 2937/3126 2777/3127 2659/3124 
f 2659/3124 2777/3127 2938/3128 2778/3129 
f 2776/3125 2659/3124 2778/3129 2939/3130 
f 2940/3131 2779/3132 2662/3133 2780/3134 
f 2779/3132 2941/3135 2781/3136 2662/3133 
f 2662/3133 2781/3136 2937/3126 2775/3123 
f 2780/3134 2662/3133 2775/3123 2936/3122 
f 2942/3137 2782/3138 2669/3139 2783/3140 
f 2782/3138 2943/3141 2784/3142 2669/3139 
f 2669/3139 2784/3142 2941/3135 2779/3132 
f 2783/3140 2669/3139 2779/3132 2940/3131 
f 2944/3143 2785/3144 2672/3145 2786/3146 
f 2785/3144 2945/3147 2787/3148 2672/3145 
f 2672/3145 2787/3148 2943/3141 2782/3138 
f 2786/3146 2672/3145 2782/3138 2942/3137 
f 2946/3149 2788/3150 2675/3151 2789/3152 
f 2788/3150 2947/3153 2790/3154 2675/3151 
f 2675/3151 2790/3154 2945/3147 2785/3144 
f 2789/3152 2675/3151 2785/3144 2944/3143 
f 2948/3155 2791/3156 2678/3157 2792/3158 
f 2791/3156 2949/3159 2793/3160 2678/3157 
f 2678/3157 2793/3160 2947/3153 2788/3150 
f 2792/3158 2678/3157 2788/3150 2946/3149 
f 2950/3161 2794/3162 2681/3163 2795/3164 
f 2794/3162 2951/3165 2796/3166 2681/3163 
f 2681/3163 2796/3166 2949/3159 2791/3156 
f 2795/3164 2681/3163 2791/3156 2948/3155 
f 2939/3130 2778/3129 2666/3167 2797/3168 
f 2778/3129 2938/3128 2798/3169 2666/3167 
f 2666/3167 2798/3169 2951/3375 2794/3374 
f 2797/3168 2666/3167 2794/3374 2950/3373 
f 2952/3170 2799/3171 2683/3172 2800/3173 
f 2799/3171 2953/3174 2801/3175 2683/3172 
f 2683/3172 2801/3175 2954/3176 2802/3177 
f 2800/3173 2683/3172 2802/3177 2955/3178 
f 2956/3179 2803/3180 2684/3181 2804/3182 
f 2803/3180 2957/3183 2805/3184 2684/3181 
f 2684/3181 2805/3184 2953/3174 2799/3171 
f 2804/3182 2684/3181 2799/3171 2952/3170 
f 2958/3185 2806/3186 2689/3187 2807/3188 
f 2806/3186 2959/3189 2808/3190 2689/3187 
f 2689/3187 2808/3190 2957/3183 2803/3180 
f 2807/3188 2689/3187 2803/3180 2956/3179 
f 2960/3191 2809/3192 2691/3193 2810/3194 
f 2809/3192 2961/3195 2811/3196 2691/3193 
f 2691/3193 2811/3196 2959/3189 2806/3186 
f 2810/3194 2691/3193 2806/3186 2958/3185 
f 2962/3197 2812/3198 2693/3199 2813/3200 
f 2812/3198 2963/3201 2814/3202 2693/3199 
f 2693/3199 2814/3202 2961/3195 2809/3192 
f 2813/3200 2693/3199 2809/3192 2960/3191 
f 2964/3203 2815/3204 2695/3205 2816/3206 
f 2815/3204 2965/3207 2817/3208 2695/3205 
f 2695/3205 2817/3208 2963/3201 2812/3198 
f 2816/3206 2695/3205 2812/3198 2962/3197 
f 2966/3209 2818/3210 2697/3211 2819/3212 
f 2818/3210 2967/3213 2820/3214 2697/3211 
f 2697/3211 2820/3214 2965/3207 2815/3204 
f 2819/3212 2697/3211 2815/3204 2964/3203 
f 2955/3178 2802/3177 2688/3215 2821/3216 
f 2802/3177 2954/3176 2822/3217 2688/3215 
f 2688/3215 2822/3217 2967/3378 2818/3377 
f 2821/3216 2688/3215 2818/3377 2966/3376 
f 2968/3218 2823/3219 2699/3220 2824/3221 
f 2823/3219 2969/3222 2825/3223 2699/3220 
f 2699/3220 2825/3223 2970/3224 2826/3225 
f 2824/3221 2699/3220 2826/3225 2971/3226 
f 2971/3226 2826/3225 2701/3227 2827/3228 
f 2826/3225 2970/3224 2828/3229 2701/3227 
f 2701/3227 2828/3229 2972/3230 2829/3231 
f 2827/3228 2701/3227 2829/3231 2973/3232 
f 2973/3232 2829/3231 2702/3233 2830/3234 
f 2829/3231 2972/3230 2831/3235 2702/3233 
f 2702/3233 2831/3235 2974/3236 2832/3237 
f 2830/3234 2702/3233 2832/3237 2975/3238 
f 2975/3238 2832/3237 2703/3239 2833/3240 
f 2832/3237 2974/3236 2834/3241 2703/3239 
f 2703/3239 2834/3241 2976/3242 2835/3243 
f 2833/3240 2703/3239 2835/3243 2977/3244 
f 2977/3244 2835/3243 2704/3245 2836/3246 
f 2835/3243 2976/3242 2837/3247 2704/3245 
f 2704/3245 2837/3247 2978/3248 2838/3249 
f 2836/3246 2704/3245 2838/3249 2979/3250 
f 2979/3250 2838/3249 2705/3251 2839/3252 
f 2838/3249 2978/3248 2840/3253 2705/3251 
f 2705/3251 2840/3253 2980/3254 2841/3255 
f 2839/3252 2705/3251 2841/3255 2981/3256 
f 2981/3256 2841/3255 2706/3257 2842/3258 
f 2841/3255 2980/3254 2843/3259 2706/3257 
f 2706/3257 2843/3259 2982/3260 2844/3261 
f 2842/3258 2706/3257 2844/3261 2983/3262 
f 2983/3381 2844/3380 2700/3263 2845/3264 
f 2844/3380 2982/3379 2846/3265 2700/3263 
f 2700/3263 2846/3265 2969/3222 2823/3219 
f 2845/3264 2700/3263 2823/3219 2968/3218 
f 2953/3174 2847/3266 2686/3267 2801/3175 
f 2847/3266 2970/3224 2825/3223 2686/3267 
f 2686/3267 2825/3223 2969/3222 2848/3268 
f 2801/3175 2686/3267 2848/3268 2954/3176 
f 2957/3183 2849/3269 2685/3270 2805/3184 
f 2849/3269 2972/3230 2828/3229 2685/3270 
f 2685/3270 2828/3229 2970/3224 2847/3266 
f 2805/3184 2685/3270 2847/3266 2953/3174 
f 2959/3189 2850/3271 2690/3272 2808/3190 
f 2850/3271 2974/3236 2831/3235 2690/3272 
f 2690/3272 2831/3235 2972/3230 2849/3269 
f 2808/3190 2690/3272 2849/3269 2957/3183 
f 2961/3195 2851/3273 2692/3274 2811/3196 
f 2851/3273 2976/3242 2834/3241 2692/3274 
f 2692/3274 2834/3241 2974/3236 2850/3271 
f 2811/3196 2692/3274 2850/3271 2959/3189 
f 2963/3201 2852/3275 2694/3276 2814/3202 
f 2852/3275 2978/3248 2837/3247 2694/3276 
f 2694/3276 2837/3247 2976/3242 2851/3273 
f 2814/3202 2694/3276 2851/3273 2961/3195 
f 2965/3207 2853/3277 2696/3278 2817/3208 
f 2853/3277 2980/3254 2840/3253 2696/3278 
f 2696/3278 2840/3253 2978/3248 2852/3275 
f 2817/3208 2696/3278 2852/3275 2963/3201 
f 2967/3213 2854/3279 2698/3280 2820/3214 
f 2854/3279 2982/3260 2843/3259 2698/3280 
f 2698/3280 2843/3259 2980/3254 2853/3277 
f 2820/3214 2698/3280 2853/3277 2965/3207 
f 2954/3176 2848/3268 2687/3281 2822/3217 
f 2848/3268 2969/3222 2846/3265 2687/3281 
f 2687/3281 2846/3265 2982/3379 2854/3382 
f 2822/3217 2687/3281 2854/3382 2967/3378 
f 2922/3080 2855/3282 2647/3283 2754/3081 
f 2855/3282 2952/3170 2800/3173 2647/3283 
f 2647/3283 2800/3173 2955/3178 2856/3284 
f 2754/3081 2647/3283 2856/3284 2923/3082 
f 2925/3087 2857/3285 2646/3286 2757/3088 
f 2857/3285 2956/3179 2804/3182 2646/3286 
f 2646/3286 2804/3182 2952/3170 2855/3282 
f 2757/3088 2646/3286 2855/3282 2922/3080 
f 2927/3093 2858/3287 2650/3288 2760/3094 
f 2858/3287 2958/3185 2807/3188 2650/3288 
f 2650/3288 2807/3188 2956/3179 2857/3285 
f 2760/3094 2650/3288 2857/3285 2925/3087 
f 2929/3099 2859/3289 2652/3290 2763/3100 
f 2859/3289 2960/3191 2810/3194 2652/3290 
f 2652/3290 2810/3194 2958/3185 2858/3287 
f 2763/3100 2652/3290 2858/3287 2927/3093 
f 2931/3105 2860/3291 2654/3292 2766/3106 
f 2860/3291 2962/3197 2813/3200 2654/3292 
f 2654/3292 2813/3200 2960/3191 2859/3289 
f 2766/3106 2654/3292 2859/3289 2929/3099 
f 2933/3111 2861/3293 2656/3294 2769/3112 
f 2861/3293 2964/3203 2816/3206 2656/3294 
f 2656/3294 2816/3206 2962/3197 2860/3291 
f 2769/3112 2656/3294 2860/3291 2931/3105 
f 2935/3117 2862/3295 2658/3296 2772/3118 
f 2862/3295 2966/3209 2819/3212 2658/3296 
f 2658/3296 2819/3212 2964/3203 2861/3293 
f 2772/3118 2658/3296 2861/3293 2933/3111 
f 2923/3082 2856/3284 2648/3297 2774/3121 
f 2856/3284 2955/3178 2821/3216 2648/3297 
f 2648/3297 2821/3216 2966/3376 2862/3383 
f 2774/3121 2648/3297 2862/3383 2935/3372 
f 2939/3130 2863/3298 2660/3299 2776/3125 
f 2863/3298 2968/3218 2824/3221 2660/3299 
f 2660/3299 2824/3221 2971/3226 2864/3300 
f 2776/3125 2660/3299 2864/3300 2936/3122 
f 2936/3122 2864/3300 2661/3301 2780/3134 
f 2864/3300 2971/3226 2827/3228 2661/3301 
f 2661/3301 2827/3228 2973/3232 2865/3302 
f 2780/3134 2661/3301 2865/3302 2940/3131 
f 2940/3131 2865/3302 2668/3303 2783/3140 
f 2865/3302 2973/3232 2830/3234 2668/3303 
f 2668/3303 2830/3234 2975/3238 2866/3304 
f 2783/3140 2668/3303 2866/3304 2942/3137 
f 2942/3137 2866/3304 2671/3305 2786/3146 
f 2866/3304 2975/3238 2833/3240 2671/3305 
f 2671/3305 2833/3240 2977/3244 2867/3306 
f 2786/3146 2671/3305 2867/3306 2944/3143 
f 2944/3143 2867/3306 2674/3307 2789/3152 
f 2867/3306 2977/3244 2836/3246 2674/3307 
f 2674/3307 2836/3246 2979/3250 2868/3308 
f 2789/3152 2674/3307 2868/3308 2946/3149 
f 2946/3149 2868/3308 2677/3309 2792/3158 
f 2868/3308 2979/3250 2839/3252 2677/3309 
f 2677/3309 2839/3252 2981/3256 2869/3310 
f 2792/3158 2677/3309 2869/3310 2948/3155 
f 2948/3155 2869/3310 2680/3311 2795/3164 
f 2869/3310 2981/3256 2842/3258 2680/3311 
f 2680/3311 2842/3258 2983/3262 2870/3312 
f 2795/3164 2680/3311 2870/3312 2950/3161 
f 2950/3373 2870/3384 2667/3313 2797/3168 
f 2870/3384 2983/3381 2845/3264 2667/3313 
f 2667/3313 2845/3264 2968/3218 2863/3298 
f 2797/3168 2667/3313 2863/3298 2939/3130 
f 2920/3074 2871/3314 2629/3315 2751/3075 
f 2871/3314 2904/3010 2748/3068 2629/3315 
f 2629/3315 2748/3068 2918/3064 2872/3316 
f 2751/3075 2629/3315 2872/3316 2921/3078 
f 2934/3370 2873/3317 2630/3318 2773/3119 
f 2873/3317 2905/3014 2719/3011 2630/3318 
f 2630/3318 2719/3011 2904/3010 2871/3314 
f 2773/3119 2630/3318 2871/3314 2920/3074 
f 2921/3078 2872/3316 2641/3319 2755/3083 
f 2872/3316 2918/3064 2745/3062 2641/3319 
f 2641/3319 2745/3062 2916/3054 2874/3320 
f 2755/3083 2641/3319 2874/3320 2924/3085 
f 2924/3085 2874/3320 2639/3321 2758/3089 
f 2874/3320 2916/3054 2740/3052 2639/3321 
f 2639/3321 2740/3052 2914/3048 2875/3322 
f 2758/3089 2639/3321 2875/3322 2926/3091 
f 2926/3091 2875/3322 2637/3323 2761/3095 
f 2875/3322 2914/3048 2737/3046 2637/3323 
f 2637/3323 2737/3046 2912/3038 2876/3324 
f 2761/3095 2637/3323 2876/3324 2928/3097 
f 2928/3097 2876/3324 2635/3325 2764/3101 
f 2876/3324 2912/3038 2732/3036 2635/3325 
f 2635/3325 2732/3036 2910/3032 2877/3326 
f 2764/3101 2635/3325 2877/3326 2930/3103 
f 2930/3103 2877/3326 2633/3327 2767/3107 
f 2877/3326 2910/3032 2729/3030 2633/3327 
f 2633/3327 2729/3030 2908/3021 2878/3328 
f 2767/3107 2633/3327 2878/3328 2932/3109 
f 2932/3109 2878/3328 2631/3329 2770/3113 
f 2878/3328 2908/3021 2723/3019 2631/3329 
f 2631/3329 2723/3019 2905/3366 2873/3385 
f 2770/3113 2631/3329 2873/3385 2934/3115 
f 2938/3128 2777/3127 2664/3330 2879/3331 
f 2777/3127 2937/3126 2880/3332 2664/3330 
f 2664/3330 2880/3332 2984/3333 2881/3334 
f 2879/3331 2664/3330 2881/3334 2985/3335 
f 2937/3126 2781/3136 2663/3336 2880/3332 
f 2781/3136 2941/3135 2882/3337 2663/3336 
f 2663/3336 2882/3337 2986/3338 2883/3339 
f 2880/3332 2663/3336 2883/3339 2984/3333 
f 2941/3135 2784/3142 2670/3340 2882/3337 
f 2784/3142 2943/3141 2884/3341 2670/3340 
f 2670/3340 2884/3341 2987/3342 2885/3343 
f 2882/3337 2670/3340 2885/3343 2986/3338 
f 2943/3141 2787/3148 2673/3344 2884/3341 
f 2787/3148 2945/3147 2886/3345 2673/3344 
f 2673/3344 2886/3345 2988/3346 2887/3347 
f 2884/3341 2673/3344 2887/3347 2987/3342 
f 2945/3147 2790/3154 2676/3348 2886/3345 
f 2790/3154 2947/3153 2888/3349 2676/3348 
f 2676/3348 2888/3349 2989/3350 2889/3351 
f 2886/3345 2676/3348 2889/3351 2988/3346 
f 2947/3153 2793/3160 2679/3352 2888/3349 
f 2793/3160 2949/3159 2890/3353 2679/3352 
f 2679/3352 2890/3353 2990/3354 2891/3355 
f 2888/3349 2679/3352 2891/3355 2989/3350 
f 2949/3159 2796/3166 2682/3356 2890/3353 
f 2796/3166 2951/3165 2892/3357 2682/3356 
f 2682/3356 2892/3357 2991/3358 2893/3359 
f 2890/3353 2682/3356 2893/3359 2990/3354 
f 2951/3375 2798/3169 2665/3360 2892/3386 
f 2798/3169 2938/3128 2879/3331 2665/3360 
f 2665/3360 2879/3331 2985/3335 2894/3361 
f 2892/3386 2665/3360 2894/3361 2991/3387 
# 390 polygons

#
# object 2?_????___??001
#

v  35.130440 20.958351 19.107132
v  34.174438 10.687413 20.152969
v  35.130440 10.687428 19.107132
v  34.174461 10.687427 35.013763
v  34.174461 20.958351 35.013763
v  35.130791 10.687451 35.923065
v  35.130783 20.958351 35.923004
v  34.174465 10.687426 24.910416
v  35.130791 10.687451 24.910431
v  34.174465 10.687426 30.109894
v  35.130791 10.687451 30.109894
v  34.174461 19.136845 30.109894
v  35.130783 19.136845 30.109894
v  34.174461 19.136845 24.910416
v  35.130783 19.136845 24.910431
v  34.174435 20.958351 20.152588
v  14.540863 10.687427 35.013779
v  14.540863 20.958351 35.013779
v  13.584542 20.958351 35.923004
v  13.584539 10.687451 35.923065
v  14.540876 20.958351 31.662735
v  13.584715 20.958351 31.662735
v  14.055477 20.958351 20.152588
v  14.055477 20.958351 19.107132
v  14.055477 10.687428 19.107132
v  14.055477 10.687413 20.152969
v  13.584538 10.687451 31.662735
v  14.540863 10.687427 31.662735
# 28 vertices

vt 0.401360 0.981250 0.000000
vt 0.597453 0.981250 0.000000
vt 0.750000 0.981250 0.000000
vt 0.446090 0.981250 0.000000
vt 0.500000 0.981250 0.000000
vt 0.750000 0.981250 0.000000
vt 0.500000 0.981250 0.000000
vt 0.750000 0.981250 0.000000
vt 0.500000 0.981250 0.000000
vt 0.750000 0.981250 0.000000
vt 0.500000 0.981250 0.000000
vt 0.750000 0.981250 0.000000
vt 0.750000 0.981250 0.000000
vt 0.750000 0.981250 0.000000
vt 0.500000 0.981250 0.000000
vt 0.500000 0.981250 0.000000
vt 0.500000 0.981250 0.000000
vt 0.750000 0.981250 0.000000
vt 0.500000 0.981250 0.000000
vt 0.500000 0.981250 0.000000
vt 0.500000 0.981250 0.000000
vt 0.500000 0.981250 0.000000
vt 0.750000 0.981250 0.000000
vt 0.750000 0.981250 0.000000
vt 0.750000 0.981250 0.000000
vt 0.214672 1.000000 0.000000
vt 0.682005 0.000004 0.000000
vt 0.682006 1.000000 0.000000
vt 0.000001 0.785328 0.000000
vt 0.999999 0.317993 0.000000
vt 0.999999 0.785327 0.000000
vt 0.785327 1.000000 0.000000
vt 0.317994 0.000004 0.000000
vt 0.785329 0.000007 0.000000
vt 0.500000 0.981250 0.000000
vt 0.750000 0.981250 0.000000
vt 0.750000 0.981250 0.000000
vt 0.750000 0.981250 0.000000
vt 0.500000 0.981250 0.000000
vt 0.500000 0.981250 0.000000
vt 0.500000 0.981250 0.000000
vt 0.500000 0.981250 0.000000
vt 0.750000 0.981250 0.000000
vt 0.750000 0.981250 0.000000
vt 0.750000 0.981250 0.000000
vt 0.750000 0.981250 0.000000
vt 0.750000 0.981250 0.000000
vt 0.214670 0.000007 0.000000
vt -0.000001 0.317994 0.000000
vt 0.317993 1.000000 0.000000
vt 0.500000 0.981250 0.000000
vt 0.500000 0.981250 0.000000
vt 0.597453 0.981250 0.000000
vt 0.401360 0.981250 0.000000
vt 0.446090 0.981250 0.000000
vt 0.750000 0.981250 0.000000
vt 0.500000 0.981250 0.000000
vt 0.500000 0.981250 0.000000
vt 0.750000 0.981250 0.000000
vt 0.750000 0.981250 0.000000
vt 0.500000 0.981250 0.000000
vt 0.750000 0.981250 0.000000
vt 0.500000 0.981250 0.000000
vt 0.750000 0.981250 0.000000
vt 0.500000 0.981250 0.000000
vt 0.750000 0.981250 0.000000
vt 0.750000 0.981250 0.000000
vt 0.500000 0.981250 0.000000
vt 0.750000 0.981250 0.000000
vt 0.500000 0.981250 0.000000
vt 0.750000 0.981250 0.000000
vt 0.500000 0.981250 0.000000
vt 0.500000 0.981250 0.000000
vt 0.750000 0.981250 0.000000
vt 0.500000 0.981250 0.000000
vt 0.500000 0.981250 0.000000
vt 0.750000 0.981250 0.000000
vt 0.750000 0.981250 0.000000
vt 0.750000 0.981250 0.000000
vt 0.750000 0.981250 0.000000
vt 0.500000 0.981250 0.000000
vt 0.500000 0.981250 0.000000
# 82 texture coords

o 2?_????___??001
g 2?_????___??001
f 2992/3388 3015/3441 3014/3440 3007/3389 
f 2993/3390 3017/3443 3016/3442 2994/3391 
f 3008/3444 3009/3445 2996/3422 2995/3392 
f 2998/3400 2992/3399 3007/3438 2996/3398 
f 2999/3403 2993/3402 2994/3424 3000/3401 
f 3001/3406 3002/3405 2997/3425 2995/3404 
f 3005/3415 2999/3414 3000/3435 3006/3413 
f 3004/3418 3003/3417 3005/3436 3006/3416 
f 3002/3421 3001/3420 3003/3437 3004/3419 
f 2999/3428 3005/3427 3007/3439 2993/3426 
f 3000/3432 2994/3431 2992/3433 3006/3430 
f 2992/3433 2998/3412 3004/3410 3006/3430 
f 3005/3427 3003/3407 2996/3429 3007/3439 
f 2998/3412 2997/3411 3002/3434 3004/3410 
f 3003/3407 3001/3409 2995/3408 2996/3429 
f 3014/3440 3017/3452 2993/3426 3007/3389 
f 3011/3447 2997/3423 2998/3395 3010/3446 
f 3012/3462 3013/3464 3010/3449 3009/3448 
f 3011/3451 3018/3466 3019/3468 3008/3450 
f 3011/3458 3008/3459 2995/3394 2997/3393 
f 3009/3460 3010/3461 2998/3397 2996/3396 
f 3016/3442 3015/3453 2992/3433 2994/3391 
f 3018/3467 3011/3456 3010/3454 3013/3465 
f 3012/3463 3009/3455 3008/3457 3019/3469 
# 24 polygons

#
# object ???008
#

v  34.174797 19.140760 24.917431
v  34.464752 19.140760 24.917431
v  34.464752 19.140762 30.110386
v  34.174797 19.140760 30.109161
v  34.174797 10.688331 24.917431
v  34.174797 10.688333 30.109161
v  34.464752 10.688328 24.917431
v  34.464752 10.688329 30.110386
v  34.155857 17.379021 30.156456
v  34.187561 17.379021 30.143326
v  34.200691 17.379021 30.111622
v  34.187561 17.379021 30.079920
v  34.155857 17.379021 30.066788
v  34.124157 17.379021 30.079920
v  34.111023 17.379021 30.111622
v  34.124157 17.379021 30.143326
v  34.155857 17.940809 30.156456
v  34.187561 17.940809 30.143326
v  34.200691 17.940809 30.111622
v  34.187561 17.940809 30.079920
v  34.155857 17.940809 30.066788
v  34.124157 17.940809 30.079920
v  34.111023 17.940809 30.111622
v  34.124157 17.940809 30.143326
v  34.155857 16.175558 30.156456
v  34.187561 16.175558 30.143326
v  34.200691 16.175558 30.111622
v  34.187561 16.175558 30.079920
v  34.155857 16.175558 30.066788
v  34.124157 16.175558 30.079920
v  34.111023 16.175558 30.111622
v  34.124157 16.175558 30.143326
v  34.155857 16.737349 30.156456
v  34.187561 16.737349 30.143326
v  34.200691 16.737349 30.111622
v  34.187561 16.737349 30.079920
v  34.155857 16.737349 30.066788
v  34.124157 16.737349 30.079920
v  34.111023 16.737349 30.111622
v  34.124157 16.737349 30.143326
v  34.155857 12.014170 30.156456
v  34.187561 12.014170 30.143326
v  34.200691 12.014170 30.111622
v  34.187561 12.014170 30.079920
v  34.155857 12.014170 30.066788
v  34.124157 12.014170 30.079920
v  34.111023 12.014170 30.111622
v  34.124157 12.014170 30.143326
v  34.155857 12.575960 30.156456
v  34.187561 12.575960 30.143326
v  34.200691 12.575960 30.111622
v  34.187561 12.575960 30.079920
v  34.155857 12.575960 30.066788
v  34.124157 12.575960 30.079920
v  34.111023 12.575960 30.111622
v  34.124157 12.575960 30.143326
v  34.106529 14.796040 25.594414
v  34.106529 14.696488 25.693964
v  34.106529 14.555703 25.693964
v  34.106529 14.796040 25.453629
v  34.106529 14.696488 25.354078
v  34.106529 14.555703 25.354078
v  34.106529 14.456154 25.453629
v  34.106529 14.456154 25.594414
v  34.105003 14.713211 25.560104
v  34.105003 14.662181 25.611137
v  34.105003 14.590012 25.611137
v  34.105003 14.713211 25.487936
v  34.105003 14.662181 25.436905
v  34.105003 14.590012 25.436905
v  34.105003 14.538980 25.487936
v  34.105003 14.538980 25.560104
v  33.962448 14.639219 25.555702
v  33.962448 14.657778 25.537144
v  33.962448 14.657778 25.510899
v  33.962448 14.639219 25.492340
v  33.962448 14.612973 25.492340
v  33.962448 14.594414 25.510899
v  33.962448 14.594414 25.537144
v  33.962448 14.612973 25.555702
v  33.969582 14.606411 25.571545
v  33.969582 14.645781 25.571545
v  33.969582 14.673619 25.543705
v  33.969582 14.673619 25.504337
v  33.969582 14.645781 25.476498
v  33.969582 14.606411 25.476498
v  33.969582 14.578573 25.504337
v  33.969582 14.578573 25.543705
v  34.086960 14.713211 25.560104
v  34.086960 14.662181 25.611137
v  34.086960 14.590012 25.611137
v  34.086960 14.713211 25.487936
v  34.086960 14.662181 25.436905
v  34.086960 14.590012 25.436905
v  34.086960 14.538980 25.487936
v  34.086960 14.538980 25.560104
v  34.050247 14.662181 26.046371
v  34.070007 14.662181 25.828754
v  34.050247 14.698265 25.813808
v  34.010719 14.698265 25.813808
v  34.010719 14.662181 26.046371
v  34.010719 14.590012 26.046371
v  34.050247 14.590012 26.046371
v  34.070007 14.590012 25.828754
v  34.050247 14.713211 25.560104
v  34.050247 14.713211 25.487936
v  34.010719 14.713211 25.487936
v  34.010719 14.713211 25.560104
v  34.050247 14.662181 25.436905
v  34.010719 14.662181 25.436905
v  34.050247 14.590012 25.436905
v  34.010719 14.590012 25.436905
v  34.050247 14.538980 25.487936
v  34.010719 14.538980 25.487936
v  34.050247 14.538980 25.560104
v  34.010719 14.538980 25.560104
v  34.050247 14.553927 25.813808
v  34.010719 14.553927 25.813808
v  33.990959 14.662181 25.828754
v  33.990959 14.590012 25.828754
v  33.983833 14.673619 25.543705
v  33.983833 14.645781 25.571545
v  33.983833 14.606411 25.571545
v  33.983833 14.673619 25.504337
v  33.983833 14.645781 25.476498
v  33.983833 14.606411 25.476498
v  33.983833 14.578573 25.504337
v  33.983833 14.578573 25.543705
v  34.179050 14.698265 25.698252
v  34.115868 14.697821 25.697180
v  34.179050 14.800326 25.596189
v  34.115868 14.799255 25.595745
v  34.179050 14.800326 25.451853
v  34.115868 14.799255 25.452297
v  34.179050 14.698265 25.349791
v  34.115868 14.697821 25.350863
v  34.179050 14.553927 25.349791
v  34.115868 14.554371 25.350863
v  34.179050 14.451865 25.451853
v  34.115868 14.452937 25.452297
v  34.179050 14.451865 25.596189
v  34.115868 14.452937 25.595745
v  34.179050 14.553927 25.698252
v  34.115868 14.554371 25.697180
v  34.106197 14.691090 25.680931
v  34.105812 14.666247 25.620955
v  34.106197 14.783005 25.589016
v  34.105812 14.723029 25.564173
v  34.106197 14.783005 25.459026
v  34.105812 14.723029 25.483870
v  34.106197 14.691090 25.367111
v  34.105812 14.666247 25.427088
v  34.106197 14.561101 25.367111
v  34.105812 14.585944 25.427088
v  34.106197 14.469187 25.459026
v  34.105812 14.529163 25.483870
v  34.106197 14.469187 25.589016
v  34.105812 14.529163 25.564173
v  34.106197 14.561101 25.680931
v  34.105812 14.585944 25.620955
v  33.962448 14.626097 25.555473
v  33.962448 14.648335 25.546261
v  33.965012 14.643418 25.565842
v  33.962448 14.657547 25.524021
v  33.965012 14.667916 25.541344
v  33.962448 14.648335 25.501781
v  33.965012 14.667916 25.506699
v  33.962448 14.626097 25.492569
v  33.965012 14.643418 25.482201
v  33.962448 14.603857 25.501781
v  33.965012 14.608774 25.482201
v  33.962448 14.594644 25.524021
v  33.965012 14.584276 25.506699
v  33.962448 14.603857 25.546261
v  33.965012 14.584276 25.541344
v  33.965012 14.608774 25.565842
v  34.106529 14.756573 25.654497
v  34.106529 14.626097 25.708542
v  34.106529 14.810617 25.524021
v  34.106529 14.756573 25.393545
v  34.106529 14.626097 25.339499
v  34.106529 14.495620 25.393545
v  34.106529 14.441574 25.524021
v  34.106529 14.495620 25.654497
v  34.105003 14.626097 25.618610
v  34.105003 14.692981 25.590906
v  34.105003 14.720685 25.524021
v  34.105003 14.692981 25.457136
v  34.105003 14.626097 25.429432
v  34.105003 14.559211 25.457136
v  34.105003 14.531507 25.524021
v  34.105003 14.559211 25.590906
v  34.050247 14.689244 25.980757
v  34.065063 14.662181 25.991968
v  34.050247 14.626097 26.053844
v  34.050247 14.720685 25.524021
v  34.069305 14.713211 25.560104
v  34.050247 14.702002 25.641573
v  34.050247 14.692981 25.457136
v  34.069305 14.713211 25.487936
v  34.050247 14.626097 25.429432
v  34.069305 14.662181 25.436905
v  34.050247 14.559211 25.457136
v  34.069305 14.590012 25.436905
v  34.050247 14.531507 25.524021
v  34.069305 14.538980 25.487936
v  34.050247 14.550190 25.641573
v  34.069305 14.538980 25.560104
v  34.065063 14.590012 25.991968
v  34.050247 14.562948 25.980757
v  33.990959 14.660130 25.660591
v  33.995899 14.689244 25.817545
v  33.990959 14.626097 25.836227
v  33.995899 14.662181 25.991968
v  33.990959 14.592062 25.660591
v  33.995899 14.562948 25.817545
v  33.995899 14.590012 25.991968
v  34.010719 14.550190 25.641573
v  34.010719 14.562948 25.980757
v  34.074242 14.590012 25.665541
v  34.065063 14.562948 25.817545
v  34.070007 14.626097 25.836227
v  34.074242 14.662181 25.665541
v  34.065063 14.689244 25.817545
v  34.086960 14.692981 25.590906
v  34.086960 14.626097 25.618610
v  34.086960 14.720685 25.524021
v  34.086960 14.692981 25.457136
v  34.086960 14.626097 25.429432
v  34.086960 14.559211 25.457136
v  34.086960 14.531507 25.524021
v  34.086960 14.559211 25.590906
v  34.010719 14.689244 25.980757
v  34.010719 14.626097 26.053844
v  34.010719 14.720685 25.524021
v  33.995899 14.708262 25.558056
v  34.010719 14.702002 25.641573
v  34.010719 14.692981 25.457136
v  33.995899 14.708262 25.489986
v  34.010719 14.626097 25.429432
v  33.995899 14.660130 25.441854
v  34.010719 14.559211 25.457136
v  33.995899 14.592062 25.441854
v  34.010719 14.531507 25.524021
v  33.995899 14.543929 25.489986
v  33.995899 14.543929 25.558056
v  33.989178 14.647830 25.576492
v  33.989178 14.678568 25.545755
v  33.989178 14.678568 25.502287
v  33.989178 14.647830 25.471550
v  33.989178 14.604362 25.471550
v  33.989178 14.573625 25.502287
v  33.989178 14.573625 25.545755
v  33.989178 14.604362 25.576492
v  33.983833 14.626097 25.575621
v  33.983833 14.662582 25.560507
v  33.983833 14.677696 25.524021
v  33.983833 14.662582 25.487534
v  33.983833 14.626097 25.472422
v  33.983833 14.589610 25.487534
v  33.983833 14.574496 25.524021
v  33.983833 14.589610 25.560507
v  33.969582 14.662582 25.560507
v  33.969582 14.626097 25.575621
v  33.969582 14.677696 25.524021
v  33.969582 14.662582 25.487534
v  33.969582 14.626097 25.472422
v  33.969582 14.589610 25.487534
v  33.969582 14.574496 25.524021
v  33.969582 14.589610 25.560507
v  34.106197 14.626097 25.353651
v  34.115868 14.759041 25.656967
v  34.115868 14.626097 25.712034
v  34.115868 14.814109 25.524021
v  34.115868 14.759041 25.391075
v  34.115868 14.626097 25.336008
v  34.115868 14.493151 25.391075
v  34.115868 14.438083 25.524021
v  34.115868 14.493151 25.656967
v  34.106197 14.626097 25.694391
v  34.106197 14.746566 25.644491
v  34.105812 14.700518 25.598442
v  34.105812 14.626097 25.629269
v  34.106197 14.796466 25.524021
v  34.105812 14.731344 25.524021
v  34.106197 14.746566 25.403551
v  34.105812 14.700518 25.449598
v  34.105812 14.626097 25.418774
v  34.106197 14.505625 25.403551
v  34.105812 14.551674 25.449598
v  34.106197 14.455726 25.524021
v  34.105812 14.520847 25.524021
v  34.106197 14.505625 25.644491
v  34.105812 14.551674 25.598442
v  33.962448 14.626097 25.524021
v  33.964233 14.626097 25.570160
v  33.964233 14.658722 25.556646
v  33.964233 14.672235 25.524021
v  33.964233 14.658722 25.491396
v  33.964233 14.626097 25.477880
v  33.964233 14.593471 25.491396
v  33.964233 14.579956 25.524021
v  33.964233 14.593471 25.556646
v  33.989178 14.666382 25.483734
v  34.061226 14.682226 25.941349
v  34.065063 14.626097 25.999441
v  34.069305 14.720685 25.524021
v  34.069557 14.694883 25.627626
v  34.069305 14.692981 25.457136
v  34.069305 14.626097 25.429432
v  34.069305 14.559211 25.457136
v  34.069305 14.531507 25.524021
v  34.069557 14.557309 25.627626
v  34.061226 14.569964 25.941349
v  33.994122 14.692451 25.625195
v  33.990959 14.626097 25.667641
v  33.995899 14.626097 25.999441
v  33.999741 14.682226 25.941349
v  33.994122 14.559741 25.625195
v  33.999741 14.569964 25.941349
v  34.074242 14.626097 25.673014
v  33.995899 14.715311 25.524021
v  33.995899 14.689180 25.460936
v  33.995899 14.626097 25.434807
v  33.995899 14.563011 25.460936
v  33.995899 14.536880 25.524021
v  33.989178 14.666382 25.564308
v  33.989178 14.626097 25.580994
v  33.989178 14.683069 25.524021
v  33.989178 14.626097 25.467047
v  33.989178 14.585810 25.483734
v  33.989178 14.569122 25.524021
v  33.989178 14.585810 25.564308
v  34.179050 14.759864 25.657789
v  34.179050 14.815273 25.524021
v  34.179050 14.759864 25.390253
v  34.179050 14.626097 25.334843
v  34.179050 14.492328 25.390253
v  34.179050 14.492328 25.657789
v  34.179050 14.436918 25.524021
v  34.179050 14.626097 25.713200
v  34.532402 14.796040 25.594414
v  34.532402 14.696488 25.693964
v  34.532402 14.555704 25.693964
v  34.532402 14.796040 25.453629
v  34.532402 14.696488 25.354078
v  34.532402 14.555703 25.354078
v  34.532402 14.456154 25.453629
v  34.532402 14.456154 25.594414
v  34.533932 14.713212 25.560106
v  34.533932 14.662181 25.611137
v  34.533932 14.590012 25.611137
v  34.533932 14.713212 25.487938
v  34.533932 14.662181 25.436907
v  34.533932 14.590012 25.436907
v  34.533932 14.538980 25.487938
v  34.533932 14.538980 25.560106
v  34.676483 14.639219 25.555704
v  34.676483 14.657778 25.537146
v  34.676483 14.657778 25.510899
v  34.676483 14.639219 25.492340
v  34.676483 14.612973 25.492340
v  34.676483 14.594414 25.510899
v  34.676483 14.594414 25.537146
v  34.676483 14.612973 25.555704
v  34.669357 14.606411 25.571545
v  34.669357 14.645781 25.571545
v  34.669357 14.673619 25.543707
v  34.669357 14.673619 25.504337
v  34.669357 14.645781 25.476500
v  34.669357 14.606411 25.476500
v  34.669357 14.578573 25.504337
v  34.669357 14.578573 25.543707
v  34.551971 14.713212 25.560106
v  34.551971 14.662181 25.611137
v  34.551971 14.590012 25.611137
v  34.551971 14.713212 25.487938
v  34.551971 14.662181 25.436907
v  34.551971 14.590012 25.436907
v  34.551971 14.538980 25.487938
v  34.551971 14.538980 25.560106
v  34.588684 14.662181 26.046373
v  34.568924 14.662181 25.828754
v  34.588684 14.698265 25.813808
v  34.628208 14.698265 25.813808
v  34.628208 14.662181 26.046373
v  34.628208 14.590012 26.046373
v  34.588684 14.590012 26.046373
v  34.568924 14.590012 25.828754
v  34.588684 14.713212 25.560106
v  34.588684 14.713212 25.487938
v  34.628208 14.713212 25.487938
v  34.628208 14.713212 25.560106
v  34.588684 14.662181 25.436907
v  34.628208 14.662181 25.436907
v  34.588684 14.590012 25.436907
v  34.628208 14.590012 25.436907
v  34.588684 14.538980 25.487938
v  34.628208 14.538980 25.487938
v  34.588684 14.538980 25.560106
v  34.628208 14.538980 25.560106
v  34.588684 14.553927 25.813808
v  34.628208 14.553927 25.813808
v  34.647972 14.662181 25.828754
v  34.647972 14.590012 25.828754
v  34.655098 14.673619 25.543707
v  34.655098 14.645781 25.571545
v  34.655098 14.606411 25.571545
v  34.655098 14.673619 25.504337
v  34.655098 14.645781 25.476500
v  34.655098 14.606411 25.476500
v  34.655098 14.578573 25.504337
v  34.655098 14.578573 25.543707
v  34.459877 14.698265 25.698254
v  34.523064 14.697821 25.697182
v  34.459877 14.800326 25.596191
v  34.523064 14.799255 25.595747
v  34.459877 14.800326 25.451853
v  34.523064 14.799255 25.452297
v  34.459877 14.698265 25.349791
v  34.523064 14.697821 25.350863
v  34.459877 14.553927 25.349791
v  34.523064 14.554371 25.350863
v  34.459877 14.451865 25.451853
v  34.523064 14.452937 25.452297
v  34.459877 14.451865 25.596191
v  34.523064 14.452937 25.595747
v  34.459877 14.553927 25.698254
v  34.523064 14.554371 25.697182
v  34.532738 14.691090 25.680931
v  34.533119 14.666247 25.620955
v  34.532738 14.783005 25.589016
v  34.533119 14.723029 25.564173
v  34.532738 14.783005 25.459028
v  34.533119 14.723029 25.483871
v  34.532738 14.691090 25.367113
v  34.533119 14.666247 25.427090
v  34.532738 14.561101 25.367113
v  34.533119 14.585944 25.427090
v  34.532738 14.469187 25.459028
v  34.533119 14.529163 25.483871
v  34.532738 14.469187 25.589016
v  34.533119 14.529163 25.564173
v  34.532738 14.561101 25.680931
v  34.533119 14.585944 25.620955
v  34.676483 14.626097 25.555473
v  34.676483 14.648335 25.546261
v  34.673916 14.643419 25.565842
v  34.676483 14.657547 25.524021
v  34.673916 14.667916 25.541344
v  34.676483 14.648335 25.501783
v  34.673916 14.667916 25.506699
v  34.676483 14.626097 25.492571
v  34.673916 14.643419 25.482203
v  34.676483 14.603857 25.501783
v  34.673916 14.608774 25.482203
v  34.676483 14.594644 25.524021
v  34.673916 14.584276 25.506699
v  34.676483 14.603857 25.546261
v  34.673916 14.584276 25.541344
v  34.673916 14.608774 25.565842
v  34.532402 14.756573 25.654499
v  34.532402 14.626097 25.708544
v  34.532402 14.810617 25.524021
v  34.532402 14.756573 25.393545
v  34.532402 14.626097 25.339500
v  34.532402 14.495620 25.393545
v  34.532402 14.441574 25.524021
v  34.532402 14.495620 25.654499
v  34.533932 14.626097 25.618610
v  34.533932 14.692981 25.590906
v  34.533932 14.720685 25.524021
v  34.533932 14.692981 25.457138
v  34.533932 14.626097 25.429434
v  34.533932 14.559211 25.457138
v  34.533932 14.531507 25.524021
v  34.533932 14.559211 25.590906
v  34.588684 14.689244 25.980759
v  34.573864 14.662181 25.991968
v  34.588684 14.626097 26.053846
v  34.588684 14.720685 25.524021
v  34.569626 14.713212 25.560106
v  34.588684 14.702002 25.641575
v  34.588684 14.692981 25.457138
v  34.569626 14.713212 25.487938
v  34.588684 14.626097 25.429434
v  34.569626 14.662181 25.436907
v  34.588684 14.559211 25.457138
v  34.569626 14.590012 25.436907
v  34.588684 14.531507 25.524021
v  34.569626 14.538980 25.487938
v  34.588684 14.550190 25.641575
v  34.569626 14.538980 25.560106
v  34.573864 14.590012 25.991968
v  34.588684 14.562948 25.980759
v  34.647972 14.660130 25.660593
v  34.643028 14.689244 25.817545
v  34.647972 14.626097 25.836227
v  34.643028 14.662181 25.991968
v  34.647972 14.592062 25.660593
v  34.643028 14.562948 25.817545
v  34.643028 14.590012 25.991968
v  34.628208 14.550190 25.641575
v  34.628208 14.562948 25.980759
v  34.564686 14.590012 25.665543
v  34.573864 14.562948 25.817545
v  34.568924 14.626097 25.836227
v  34.564686 14.662181 25.665543
v  34.573864 14.689244 25.817545
v  34.551971 14.692981 25.590906
v  34.551971 14.626097 25.618610
v  34.551971 14.720685 25.524021
v  34.551971 14.692981 25.457138
v  34.551971 14.626097 25.429434
v  34.551971 14.559211 25.457138
v  34.551971 14.531507 25.524021
v  34.551971 14.559211 25.590906
v  34.628208 14.689244 25.980759
v  34.628208 14.626097 26.053846
v  34.628208 14.720685 25.524021
v  34.643028 14.708262 25.558056
v  34.628208 14.702002 25.641575
v  34.628208 14.692981 25.457138
v  34.643028 14.708262 25.489988
v  34.628208 14.626097 25.429434
v  34.643028 14.660130 25.441856
v  34.628208 14.559211 25.457138
v  34.643028 14.592062 25.441856
v  34.628208 14.531507 25.524021
v  34.643028 14.543929 25.489988
v  34.643028 14.543929 25.558056
v  34.649754 14.647830 25.576494
v  34.649754 14.678568 25.545757
v  34.649754 14.678568 25.502287
v  34.649754 14.647830 25.471550
v  34.649754 14.604362 25.471550
v  34.649754 14.573625 25.502287
v  34.649754 14.573625 25.545757
v  34.649754 14.604362 25.576494
v  34.655098 14.626097 25.575623
v  34.655098 14.662582 25.560509
v  34.655098 14.677696 25.524021
v  34.655098 14.662582 25.487535
v  34.655098 14.626097 25.472422
v  34.655098 14.589610 25.487535
v  34.655098 14.574496 25.524021
v  34.655098 14.589610 25.560509
v  34.669357 14.662582 25.560509
v  34.669357 14.626097 25.575623
v  34.669357 14.677696 25.524021
v  34.669357 14.662582 25.487535
v  34.669357 14.626097 25.472422
v  34.669357 14.589610 25.487535
v  34.669357 14.574496 25.524021
v  34.669357 14.589610 25.560509
v  34.532738 14.626097 25.353653
v  34.523064 14.759041 25.656967
v  34.523064 14.626097 25.712036
v  34.523064 14.814109 25.524021
v  34.523064 14.759041 25.391077
v  34.523064 14.626097 25.336008
v  34.523064 14.493151 25.391077
v  34.523064 14.438083 25.524021
v  34.523064 14.493151 25.656967
v  34.532738 14.626097 25.694391
v  34.532738 14.746566 25.644491
v  34.533119 14.700518 25.598444
v  34.533119 14.626097 25.629271
v  34.532738 14.796466 25.524021
v  34.533119 14.731344 25.524021
v  34.532738 14.746566 25.403551
v  34.533119 14.700518 25.449600
v  34.533119 14.626097 25.418774
v  34.532738 14.505625 25.403551
v  34.533119 14.551674 25.449600
v  34.532738 14.455726 25.524021
v  34.533119 14.520847 25.524021
v  34.532738 14.505625 25.644491
v  34.533119 14.551674 25.598444
v  34.676483 14.626097 25.524021
v  34.674702 14.626097 25.570162
v  34.674702 14.658722 25.556648
v  34.674702 14.672236 25.524021
v  34.674702 14.658722 25.491396
v  34.674702 14.626097 25.477882
v  34.674702 14.593471 25.491396
v  34.674702 14.579956 25.524021
v  34.674702 14.593471 25.556648
v  34.649754 14.666382 25.483736
v  34.577705 14.682226 25.941351
v  34.573864 14.626097 25.999441
v  34.569626 14.720685 25.524021
v  34.569374 14.694883 25.627628
v  34.569626 14.692981 25.457138
v  34.569626 14.626097 25.429434
v  34.569626 14.559211 25.457138
v  34.569626 14.531507 25.524021
v  34.569374 14.557309 25.627628
v  34.577705 14.569964 25.941351
v  34.644810 14.692451 25.625196
v  34.647972 14.626097 25.667641
v  34.643028 14.626097 25.999441
v  34.639187 14.682226 25.941351
v  34.644810 14.559741 25.625196
v  34.639187 14.569964 25.941351
v  34.564686 14.626097 25.673016
v  34.643028 14.715311 25.524021
v  34.643028 14.689180 25.460938
v  34.643028 14.626097 25.434807
v  34.643028 14.563011 25.460938
v  34.643028 14.536881 25.524021
v  34.649754 14.666382 25.564308
v  34.649754 14.626097 25.580996
v  34.649754 14.683069 25.524021
v  34.649754 14.626097 25.467049
v  34.649754 14.585810 25.483736
v  34.649754 14.569123 25.524021
v  34.649754 14.585810 25.564308
v  34.459877 14.759864 25.657791
v  34.459877 14.815273 25.524021
v  34.459877 14.759864 25.390253
v  34.459877 14.626097 25.334845
v  34.459877 14.492328 25.390253
v  34.459877 14.492328 25.657791
v  34.459877 14.436918 25.524021
v  34.459877 14.626097 25.713200
# 626 vertices

vt 0.250000 0.000000 0.000000
vt 0.250000 0.031250 0.000000
vt 0.750000 0.031250 0.000000
vt 0.750000 0.000000 0.000000
vt 0.125000 0.000000 0.000000
vt 0.500000 0.000000 0.000000
vt 0.140625 0.031250 0.000000
vt 0.531250 0.031250 0.000000
vt 0.750000 0.000000 1.000000
vt 0.875000 0.000000 1.000000
vt 0.000000 0.000000 1.000000
vt 0.125000 0.000000 1.000000
vt 0.250000 0.000000 1.000000
vt 0.375000 0.000000 1.000000
vt 0.500000 0.000000 1.000000
vt 0.625000 0.000000 1.000000
vt 0.750000 1.000000 1.000000
vt 0.875000 1.000000 1.000000
vt 0.000000 1.000000 1.000000
vt 0.125000 1.000000 1.000000
vt 0.250000 1.000000 1.000000
vt 0.375000 1.000000 1.000000
vt 0.500000 1.000000 1.000000
vt 0.625000 1.000000 1.000000
vt -0.125000 0.000000 1.000000
vt -0.125000 1.000000 1.000000
vt 0.780330 0.000000 0.414214
vt 0.521447 0.000000 -0.414214
vt 0.250000 0.000000 -1.000000
vt 0.125000 0.000000 -1.000000
vt 0.219670 0.000000 -0.414214
vt 0.478553 0.000000 0.414213
vt 0.780330 1.000000 0.414214
vt 0.521447 1.000000 -0.414213
vt 0.250000 1.000000 -1.000000
vt 0.125000 1.000000 -1.000000
vt 0.219670 1.000000 -0.414214
vt 0.750000 0.000000 1.000000
vt 0.875000 0.000000 1.000000
vt 0.000000 0.000000 1.000000
vt 0.125000 0.000000 1.000000
vt 0.250000 0.000000 1.000000
vt 0.375000 0.000000 1.000000
vt 0.500000 0.000000 1.000000
vt 0.625000 0.000000 1.000000
vt 0.750000 1.000000 1.000000
vt 0.875000 1.000000 1.000000
vt 0.000000 1.000000 1.000000
vt 0.125000 1.000000 1.000000
vt 0.250000 1.000000 1.000000
vt 0.375000 1.000000 1.000000
vt 0.500000 1.000000 1.000000
vt 0.625000 1.000000 1.000000
vt -0.125000 0.000000 1.000000
vt -0.125000 1.000000 1.000000
vt 0.780330 0.000000 0.414214
vt 0.521447 0.000000 -0.414214
vt 0.250000 0.000000 -1.000000
vt 0.125000 0.000000 -1.000000
vt 0.219670 0.000000 -0.414214
vt 0.478553 0.000000 0.414213
vt 0.780330 1.000000 0.414214
vt 0.521447 1.000000 -0.414213
vt 0.250000 1.000000 -1.000000
vt 0.125000 1.000000 -1.000000
vt 0.219670 1.000000 -0.414214
vt 0.750000 0.000000 1.000000
vt 0.875000 0.000000 1.000000
vt 0.000000 0.000000 1.000000
vt 0.125000 0.000000 1.000000
vt 0.250000 0.000000 1.000000
vt 0.375000 0.000000 1.000000
vt 0.500000 0.000000 1.000000
vt 0.625000 0.000000 1.000000
vt 0.750000 1.000000 1.000000
vt 0.875000 1.000000 1.000000
vt 0.000000 1.000000 1.000000
vt 0.125000 1.000000 1.000000
vt 0.250000 1.000000 1.000000
vt 0.375000 1.000000 1.000000
vt 0.500000 1.000000 1.000000
vt 0.625000 1.000000 1.000000
vt -0.125000 0.000000 1.000000
vt -0.125000 1.000000 1.000000
vt 0.780330 0.000000 0.414214
vt 0.521447 0.000000 -0.414214
vt 0.250000 0.000000 -1.000000
vt 0.125000 0.000000 -1.000000
vt 0.219670 0.000000 -0.414214
vt 0.478553 0.000000 0.414213
vt 0.780330 1.000000 0.414214
vt 0.521447 1.000000 -0.414213
vt 0.250000 1.000000 -1.000000
vt 0.125000 1.000000 -1.000000
vt 0.219670 1.000000 -0.414214
vt 0.750000 0.000000 1.000000
vt 0.812500 0.000000 1.000000
vt 0.875000 0.000000 1.000000
vt 0.875000 0.987854 1.000000
vt 0.812500 0.865890 0.993847
vt 0.750000 0.865890 0.993847
vt -0.125000 0.000000 1.000000
vt -0.062500 0.000000 1.000000
vt 0.000000 0.000000 1.000000
vt 0.000000 0.987854 1.000000
vt -0.062500 0.987854 1.000000
vt -0.125000 0.987854 1.000000
vt 0.062500 0.000000 1.000000
vt 0.125000 0.000000 1.000000
vt 0.125000 0.865890 0.993847
vt 0.062500 0.865890 0.993847
vt 0.187500 0.000000 1.000000
vt 0.250000 0.000000 1.000000
vt 0.250000 0.865890 0.993847
vt 0.187500 0.865890 0.993847
vt 0.312500 0.000000 1.000000
vt 0.375000 0.000000 1.000000
vt 0.375000 0.865890 0.993847
vt 0.312500 0.865890 0.993847
vt 0.437500 0.000000 1.000000
vt 0.500000 0.000000 1.000000
vt 0.500000 0.865890 0.993847
vt 0.437500 0.865890 0.993847
vt 0.562500 0.000000 1.000000
vt 0.625000 0.000000 1.000000
vt 0.625000 0.865890 0.993847
vt 0.562500 0.865890 0.993847
vt 0.687500 0.000000 1.000000
vt 0.687500 0.865890 0.993847
vt 0.750000 0.998482 0.900582
vt 0.812500 0.998482 0.900582
vt 0.875000 1.000000 0.950777
vt 0.875000 1.000000 0.556347
vt 0.812500 1.000000 0.556347
vt 0.750000 1.000000 0.556347
vt -0.125000 1.000000 0.950777
vt -0.062500 0.997977 0.899823
vt 0.000000 1.000000 0.950777
vt 0.000000 1.000000 0.556347
vt -0.062500 1.000000 0.556347
vt -0.125000 1.000000 0.556347
vt 0.062500 0.998482 0.900582
vt 0.125000 0.998482 0.900582
vt 0.125000 1.000000 0.556347
vt 0.062500 1.000000 0.556347
vt 0.187500 0.998482 0.900582
vt 0.250000 0.998482 0.900582
vt 0.250000 1.000000 0.556347
vt 0.187500 1.000000 0.556347
vt 0.312500 0.998482 0.900582
vt 0.375000 0.998482 0.900582
vt 0.375000 1.000000 0.556347
vt 0.312500 1.000000 0.556347
vt 0.437500 0.998482 0.900582
vt 0.500000 0.998482 0.900582
vt 0.500000 1.000000 0.556347
vt 0.437500 1.000000 0.556347
vt 0.562500 0.998482 0.900582
vt 0.625000 0.998482 0.900582
vt 0.625000 1.000000 0.556347
vt 0.562500 1.000000 0.556347
vt 0.687500 0.998482 0.900582
vt 0.687500 1.000000 0.556347
vt 0.500000 1.000000 0.104167
vt 0.645833 1.000000 0.291667
vt 0.708333 1.000000 0.333333
vt 0.687500 1.000000 0.291667
vt 0.723958 1.000000 0.447917
vt 0.786458 1.000000 0.458333
vt 0.875000 1.000000 0.447917
vt 0.187500 1.000000 0.291667
vt 0.125000 1.000000 0.333333
vt 0.208333 1.000000 0.291667
vt -0.125000 1.000000 0.447917
vt -0.015625 1.000000 0.458333
vt 0.052083 1.000000 0.447917
vt 0.208333 1.000000 0.333333
vt 0.281250 1.000000 0.291667
vt 0.098958 1.000000 0.458333
vt 0.164063 1.000000 0.447917
vt 0.291667 1.000000 0.333333
vt 0.354167 1.000000 0.291667
vt 0.213542 1.000000 0.458333
vt 0.276042 1.000000 0.447917
vt 0.375000 1.000000 0.333333
vt 0.427083 1.000000 0.291667
vt 0.328125 1.000000 0.458333
vt 0.388021 1.000000 0.447917
vt 0.458333 1.000000 0.333333
vt 0.500000 1.000000 0.291667
vt 0.442708 1.000000 0.458333
vt 0.500000 1.000000 0.447917
vt 0.541667 1.000000 0.333333
vt 0.572917 1.000000 0.291667
vt 0.557292 1.000000 0.458333
vt 0.611979 1.000000 0.447917
vt 0.625000 1.000000 0.333333
vt 0.671875 1.000000 0.458333
vt 0.875000 0.993927 0.975388
vt 0.812500 0.993927 0.975388
vt 0.750000 0.993927 0.975388
vt 0.000380 0.983818 0.993927
vt 0.000190 0.991909 0.972352
vt -0.062500 0.991909 0.972352
vt -0.062500 0.983818 0.993927
vt -0.125380 0.991909 0.972352
vt -0.125759 0.983818 0.993927
vt 0.125000 0.993927 0.975388
vt 0.062500 0.993927 0.975388
vt 0.000000 0.993927 0.975388
vt 0.250000 0.993927 0.975388
vt 0.187500 0.993927 0.975388
vt 0.375000 0.993927 0.975388
vt 0.312500 0.993927 0.975388
vt 0.500000 0.993927 0.975388
vt 0.437500 0.993927 0.975388
vt 0.625000 0.993927 0.975388
vt 0.562500 0.993927 0.975388
vt 0.687500 0.993927 0.975388
vt 0.812500 1.000000 0.500000
vt 0.750000 1.000000 0.500000
vt 0.875000 1.000000 0.500000
vt -0.062500 1.000000 0.500000
vt -0.125000 1.000000 0.500000
vt 0.000000 1.000000 0.500000
vt 0.062500 1.000000 0.500000
vt 0.125000 1.000000 0.500000
vt 0.187500 1.000000 0.500000
vt 0.250000 1.000000 0.500000
vt 0.312500 1.000000 0.500000
vt 0.375000 1.000000 0.500000
vt 0.437500 1.000000 0.500000
vt 0.500000 1.000000 0.500000
vt 0.562500 1.000000 0.500000
vt 0.625000 1.000000 0.500000
vt 0.687500 1.000000 0.500000
vt 0.847222 1.000000 0.500000
vt 0.859375 1.000000 0.500000
vt 0.812500 1.000000 0.500000
vt 0.812500 1.000000 0.500000
vt 0.750000 1.000000 0.500000
vt 0.750000 1.000000 0.500000
vt 0.000000 1.000000 0.500000
vt 0.000000 1.000000 0.500000
vt -0.062500 1.000000 0.500000
vt -0.062500 1.000000 0.500000
vt -0.125000 1.000000 0.500000
vt -0.125000 1.000000 0.500000
vt 0.125000 1.000000 0.500000
vt 0.125000 1.000000 0.500000
vt 0.062500 1.000000 0.500000
vt 0.062500 1.000000 0.500000
vt 0.250000 1.000000 0.500000
vt 0.250000 1.000000 0.500000
vt 0.187500 1.000000 0.500000
vt 0.187500 1.000000 0.500000
vt 0.375000 1.000000 0.500000
vt 0.375000 1.000000 0.500000
vt 0.312500 1.000000 0.500000
vt 0.312500 1.000000 0.500000
vt 0.500000 1.000000 0.500000
vt 0.500000 1.000000 0.500000
vt 0.437500 1.000000 0.500000
vt 0.437500 1.000000 0.500000
vt 0.625000 1.000000 0.500000
vt 0.609375 1.000000 0.500000
vt 0.562500 1.000000 0.500000
vt 0.562500 1.000000 0.500000
vt 0.687500 1.000000 0.500000
vt 0.687500 1.000000 0.500000
vt 0.640625 1.000000 0.500000
vt 0.652778 1.000000 0.500000
vt 0.875000 1.000000 0.500000
vt 0.812500 1.000000 0.500000
vt 0.812500 1.000000 0.500000
vt 0.859375 1.000000 0.500000
vt 0.750000 1.000000 0.500000
vt 0.750000 1.000000 0.500000
vt 0.750000 1.000000 0.500000
vt 0.812500 1.000000 0.500000
vt 0.847222 1.000000 0.500000
vt 0.687500 1.000000 0.500000
vt 0.687500 1.000000 0.500000
vt 0.625000 1.000000 0.500000
vt 0.640625 1.000000 0.500000
vt 0.652778 1.000000 0.500000
vt 0.687500 1.000000 0.500000
vt 0.609375 1.000000 0.500000
vt 0.625000 1.000000 0.500000
vt 0.640625 1.000000 0.500000
vt 0.687500 1.000000 0.500000
vt 0.687500 1.000000 0.500000
vt 0.640625 1.000000 0.500000
vt 0.750000 1.000000 0.500000
vt 0.750000 1.000000 0.500000
vt 0.812500 1.000000 0.500000
vt 0.812500 1.000000 0.500000
vt 0.875000 1.000000 0.500000
vt 0.859375 1.000000 0.500000
vt 0.875000 1.000000 0.500000
vt 0.875000 1.000000 0.500000
vt 0.875000 1.000000 0.500000
vt 0.812500 1.000000 0.500000
vt 0.750000 1.000000 0.500000
vt 0.000000 1.000000 0.500000
vt -0.062500 1.000000 0.500000
vt -0.125000 1.000000 0.500000
vt 0.125000 1.000000 0.500000
vt 0.062500 1.000000 0.500000
vt 0.250000 1.000000 0.500000
vt 0.187500 1.000000 0.500000
vt 0.375000 1.000000 0.500000
vt 0.312500 1.000000 0.500000
vt 0.500000 1.000000 0.500000
vt 0.437500 1.000000 0.500000
vt 0.625000 1.000000 0.500000
vt 0.562500 1.000000 0.500000
vt 0.687500 1.000000 0.500000
vt 0.859375 1.000000 0.500000
vt 0.812500 1.000000 0.500000
vt 0.750000 1.000000 0.500000
vt 0.000000 1.000000 0.500000
vt -0.062500 1.000000 0.500000
vt 0.000000 1.000000 0.500000
vt -0.062500 1.000000 0.500000
vt -0.125000 1.000000 0.500000
vt -0.125000 1.000000 0.500000
vt 0.125000 1.000000 0.500000
vt 0.062500 1.000000 0.500000
vt 0.125000 1.000000 0.500000
vt 0.062500 1.000000 0.500000
vt 0.250000 1.000000 0.500000
vt 0.187500 1.000000 0.500000
vt 0.250000 1.000000 0.500000
vt 0.187500 1.000000 0.500000
vt 0.375000 1.000000 0.500000
vt 0.312500 1.000000 0.500000
vt 0.375000 1.000000 0.500000
vt 0.312500 1.000000 0.500000
vt 0.500000 1.000000 0.500000
vt 0.437500 1.000000 0.500000
vt 0.500000 1.000000 0.500000
vt 0.437500 1.000000 0.500000
vt 0.562500 1.000000 0.500000
vt 0.562500 1.000000 0.500000
vt 0.687500 1.000000 0.500000
vt 0.625000 1.000000 0.500000
vt 0.875000 1.000000 0.500000
vt 0.875000 1.000000 0.500000
vt 0.875000 1.000000 0.500000
vt 0.812500 1.000000 0.500000
vt 0.750000 1.000000 0.500000
vt 0.000000 1.000000 0.500000
vt -0.062500 1.000000 0.500000
vt -0.125000 1.000000 0.500000
vt 0.125000 1.000000 0.500000
vt 0.062500 1.000000 0.500000
vt 0.250000 1.000000 0.500000
vt 0.187500 1.000000 0.500000
vt 0.375000 1.000000 0.500000
vt 0.312500 1.000000 0.500000
vt 0.500000 1.000000 0.500000
vt 0.437500 1.000000 0.500000
vt 0.625000 1.000000 0.500000
vt 0.562500 1.000000 0.500000
vt 0.687500 1.000000 0.500000
vt 0.812500 1.000000 0.500000
vt 0.750000 1.000000 0.500000
vt 0.875000 1.000000 0.500000
vt -0.062500 1.000000 0.500000
vt -0.125000 1.000000 0.500000
vt 0.000000 1.000000 0.500000
vt 0.062500 1.000000 0.500000
vt 0.125000 1.000000 0.500000
vt 0.187500 1.000000 0.500000
vt 0.250000 1.000000 0.500000
vt 0.312500 1.000000 0.500000
vt 0.375000 1.000000 0.500000
vt 0.437500 1.000000 0.500000
vt 0.500000 1.000000 0.500000
vt 0.562500 1.000000 0.500000
vt 0.625000 1.000000 0.500000
vt 0.687500 1.000000 0.500000
vt 0.875000 1.000000 0.500000
vt 0.812500 1.000000 0.500000
vt 0.750000 1.000000 0.500000
vt 0.000000 1.000000 0.500000
vt -0.062500 1.000000 0.500000
vt -0.125000 1.000000 0.500000
vt 0.125000 1.000000 0.500000
vt 0.062500 1.000000 0.500000
vt 0.250000 1.000000 0.500000
vt 0.187500 1.000000 0.500000
vt 0.375000 1.000000 0.500000
vt 0.312500 1.000000 0.500000
vt 0.500000 1.000000 0.500000
vt 0.437500 1.000000 0.500000
vt 0.625000 1.000000 0.500000
vt 0.562500 1.000000 0.500000
vt 0.687500 1.000000 0.500000
vt 0.750000 0.000000 1.000000
vt 0.812500 0.000000 1.000000
vt 0.875000 0.000000 1.000000
vt 0.875000 0.987854 1.000000
vt 0.812500 0.865890 0.993847
vt 0.750000 0.865890 0.993847
vt -0.125000 0.000000 1.000000
vt -0.062500 0.000000 1.000000
vt 0.000000 0.000000 1.000000
vt 0.000000 0.987854 1.000000
vt -0.062500 0.987854 1.000000
vt -0.125000 0.987854 1.000000
vt 0.062500 0.000000 1.000000
vt 0.125000 0.000000 1.000000
vt 0.125000 0.865890 0.993847
vt 0.062500 0.865890 0.993847
vt 0.187500 0.000000 1.000000
vt 0.250000 0.000000 1.000000
vt 0.250000 0.865890 0.993847
vt 0.187500 0.865890 0.993847
vt 0.312500 0.000000 1.000000
vt 0.375000 0.000000 1.000000
vt 0.375000 0.865890 0.993847
vt 0.312500 0.865890 0.993847
vt 0.437500 0.000000 1.000000
vt 0.500000 0.000000 1.000000
vt 0.500000 0.865890 0.993847
vt 0.437500 0.865890 0.993847
vt 0.562500 0.000000 1.000000
vt 0.625000 0.000000 1.000000
vt 0.625000 0.865890 0.993847
vt 0.562500 0.865890 0.993847
vt 0.687500 0.000000 1.000000
vt 0.687500 0.865890 0.993847
vt 0.750000 0.998482 0.900582
vt 0.812500 0.998482 0.900582
vt 0.875000 1.000000 0.950777
vt 0.875000 1.000000 0.556347
vt 0.812500 1.000000 0.556347
vt 0.750000 1.000000 0.556347
vt -0.125000 1.000000 0.950777
vt -0.062500 0.997977 0.899823
vt 0.000000 1.000000 0.950777
vt 0.000000 1.000000 0.556347
vt -0.062500 1.000000 0.556347
vt -0.125000 1.000000 0.556347
vt 0.062500 0.998482 0.900582
vt 0.125000 0.998482 0.900582
vt 0.125000 1.000000 0.556347
vt 0.062500 1.000000 0.556347
vt 0.187500 0.998482 0.900582
vt 0.250000 0.998482 0.900582
vt 0.250000 1.000000 0.556347
vt 0.187500 1.000000 0.556347
vt 0.312500 0.998482 0.900582
vt 0.375000 0.998482 0.900582
vt 0.375000 1.000000 0.556347
vt 0.312500 1.000000 0.556347
vt 0.437500 0.998482 0.900582
vt 0.500000 0.998482 0.900582
vt 0.500000 1.000000 0.556347
vt 0.437500 1.000000 0.556347
vt 0.562500 0.998482 0.900582
vt 0.625000 0.998482 0.900582
vt 0.625000 1.000000 0.556347
vt 0.562500 1.000000 0.556347
vt 0.687500 0.998482 0.900582
vt 0.687500 1.000000 0.556347
vt 0.500000 1.000000 0.104167
vt 0.645833 1.000000 0.291667
vt 0.708333 1.000000 0.333333
vt 0.687500 1.000000 0.291667
vt 0.723958 1.000000 0.447917
vt 0.786458 1.000000 0.458333
vt 0.875000 1.000000 0.447917
vt 0.187500 1.000000 0.291667
vt 0.125000 1.000000 0.333333
vt 0.208333 1.000000 0.291667
vt -0.125000 1.000000 0.447917
vt -0.015625 1.000000 0.458333
vt 0.052083 1.000000 0.447917
vt 0.208333 1.000000 0.333333
vt 0.281250 1.000000 0.291667
vt 0.098958 1.000000 0.458333
vt 0.164063 1.000000 0.447917
vt 0.291667 1.000000 0.333333
vt 0.354167 1.000000 0.291667
vt 0.213542 1.000000 0.458333
vt 0.276042 1.000000 0.447917
vt 0.375000 1.000000 0.333333
vt 0.427083 1.000000 0.291667
vt 0.328125 1.000000 0.458333
vt 0.388021 1.000000 0.447917
vt 0.458333 1.000000 0.333333
vt 0.500000 1.000000 0.291667
vt 0.442708 1.000000 0.458333
vt 0.500000 1.000000 0.447917
vt 0.541667 1.000000 0.333333
vt 0.572917 1.000000 0.291667
vt 0.557292 1.000000 0.458333
vt 0.611979 1.000000 0.447917
vt 0.625000 1.000000 0.333333
vt 0.671875 1.000000 0.458333
vt 0.875000 0.993927 0.975388
vt 0.812500 0.993927 0.975388
vt 0.750000 0.993927 0.975388
vt 0.000380 0.983818 0.993927
vt 0.000190 0.991909 0.972352
vt -0.062500 0.991909 0.972352
vt -0.062500 0.983818 0.993927
vt -0.125380 0.991909 0.972352
vt -0.125759 0.983818 0.993927
vt 0.125000 0.993927 0.975388
vt 0.062500 0.993927 0.975388
vt 0.000000 0.993927 0.975388
vt 0.250000 0.993927 0.975388
vt 0.187500 0.993927 0.975388
vt 0.375000 0.993927 0.975388
vt 0.312500 0.993927 0.975388
vt 0.500000 0.993927 0.975388
vt 0.437500 0.993927 0.975388
vt 0.625000 0.993927 0.975388
vt 0.562500 0.993927 0.975388
vt 0.687500 0.993927 0.975388
vt 0.812500 1.000000 0.500000
vt 0.750000 1.000000 0.500000
vt 0.875000 1.000000 0.500000
vt -0.062500 1.000000 0.500000
vt -0.125000 1.000000 0.500000
vt 0.000000 1.000000 0.500000
vt 0.062500 1.000000 0.500000
vt 0.125000 1.000000 0.500000
vt 0.187500 1.000000 0.500000
vt 0.250000 1.000000 0.500000
vt 0.312500 1.000000 0.500000
vt 0.375000 1.000000 0.500000
vt 0.437500 1.000000 0.500000
vt 0.500000 1.000000 0.500000
vt 0.562500 1.000000 0.500000
vt 0.625000 1.000000 0.500000
vt 0.687500 1.000000 0.500000
vt 0.847222 1.000000 0.500000
vt 0.859375 1.000000 0.500000
vt 0.812500 1.000000 0.500000
vt 0.812500 1.000000 0.500000
vt 0.750000 1.000000 0.500000
vt 0.750000 1.000000 0.500000
vt 0.000000 1.000000 0.500000
vt 0.000000 1.000000 0.500000
vt -0.062500 1.000000 0.500000
vt -0.062500 1.000000 0.500000
vt -0.125000 1.000000 0.500000
vt -0.125000 1.000000 0.500000
vt 0.125000 1.000000 0.500000
vt 0.125000 1.000000 0.500000
vt 0.062500 1.000000 0.500000
vt 0.062500 1.000000 0.500000
vt 0.250000 1.000000 0.500000
vt 0.250000 1.000000 0.500000
vt 0.187500 1.000000 0.500000
vt 0.187500 1.000000 0.500000
vt 0.375000 1.000000 0.500000
vt 0.375000 1.000000 0.500000
vt 0.312500 1.000000 0.500000
vt 0.312500 1.000000 0.500000
vt 0.500000 1.000000 0.500000
vt 0.500000 1.000000 0.500000
vt 0.437500 1.000000 0.500000
vt 0.437500 1.000000 0.500000
vt 0.625000 1.000000 0.500000
vt 0.609375 1.000000 0.500000
vt 0.562500 1.000000 0.500000
vt 0.562500 1.000000 0.500000
vt 0.687500 1.000000 0.500000
vt 0.687500 1.000000 0.500000
vt 0.640625 1.000000 0.500000
vt 0.652778 1.000000 0.500000
vt 0.875000 1.000000 0.500000
vt 0.812500 1.000000 0.500000
vt 0.812500 1.000000 0.500000
vt 0.859375 1.000000 0.500000
vt 0.750000 1.000000 0.500000
vt 0.750000 1.000000 0.500000
vt 0.750000 1.000000 0.500000
vt 0.812500 1.000000 0.500000
vt 0.847222 1.000000 0.500000
vt 0.687500 1.000000 0.500000
vt 0.687500 1.000000 0.500000
vt 0.625000 1.000000 0.500000
vt 0.640625 1.000000 0.500000
vt 0.652778 1.000000 0.500000
vt 0.687500 1.000000 0.500000
vt 0.609375 1.000000 0.500000
vt 0.625000 1.000000 0.500000
vt 0.640625 1.000000 0.500000
vt 0.687500 1.000000 0.500000
vt 0.687500 1.000000 0.500000
vt 0.640625 1.000000 0.500000
vt 0.750000 1.000000 0.500000
vt 0.750000 1.000000 0.500000
vt 0.812500 1.000000 0.500000
vt 0.812500 1.000000 0.500000
vt 0.875000 1.000000 0.500000
vt 0.859375 1.000000 0.500000
vt 0.875000 1.000000 0.500000
vt 0.875000 1.000000 0.500000
vt 0.875000 1.000000 0.500000
vt 0.812500 1.000000 0.500000
vt 0.750000 1.000000 0.500000
vt 0.000000 1.000000 0.500000
vt -0.062500 1.000000 0.500000
vt -0.125000 1.000000 0.500000
vt 0.125000 1.000000 0.500000
vt 0.062500 1.000000 0.500000
vt 0.250000 1.000000 0.500000
vt 0.187500 1.000000 0.500000
vt 0.375000 1.000000 0.500000
vt 0.312500 1.000000 0.500000
vt 0.500000 1.000000 0.500000
vt 0.437500 1.000000 0.500000
vt 0.625000 1.000000 0.500000
vt 0.562500 1.000000 0.500000
vt 0.687500 1.000000 0.500000
vt 0.859375 1.000000 0.500000
vt 0.812500 1.000000 0.500000
vt 0.750000 1.000000 0.500000
vt 0.000000 1.000000 0.500000
vt -0.062500 1.000000 0.500000
vt 0.000000 1.000000 0.500000
vt -0.062500 1.000000 0.500000
vt -0.125000 1.000000 0.500000
vt -0.125000 1.000000 0.500000
vt 0.125000 1.000000 0.500000
vt 0.062500 1.000000 0.500000
vt 0.125000 1.000000 0.500000
vt 0.062500 1.000000 0.500000
vt 0.250000 1.000000 0.500000
vt 0.187500 1.000000 0.500000
vt 0.250000 1.000000 0.500000
vt 0.187500 1.000000 0.500000
vt 0.375000 1.000000 0.500000
vt 0.312500 1.000000 0.500000
vt 0.375000 1.000000 0.500000
vt 0.312500 1.000000 0.500000
vt 0.500000 1.000000 0.500000
vt 0.437500 1.000000 0.500000
vt 0.500000 1.000000 0.500000
vt 0.437500 1.000000 0.500000
vt 0.562500 1.000000 0.500000
vt 0.562500 1.000000 0.500000
vt 0.687500 1.000000 0.500000
vt 0.625000 1.000000 0.500000
vt 0.875000 1.000000 0.500000
vt 0.875000 1.000000 0.500000
vt 0.875000 1.000000 0.500000
vt 0.812500 1.000000 0.500000
vt 0.750000 1.000000 0.500000
vt 0.000000 1.000000 0.500000
vt -0.062500 1.000000 0.500000
vt -0.125000 1.000000 0.500000
vt 0.125000 1.000000 0.500000
vt 0.062500 1.000000 0.500000
vt 0.250000 1.000000 0.500000
vt 0.187500 1.000000 0.500000
vt 0.375000 1.000000 0.500000
vt 0.312500 1.000000 0.500000
vt 0.500000 1.000000 0.500000
vt 0.437500 1.000000 0.500000
vt 0.625000 1.000000 0.500000
vt 0.562500 1.000000 0.500000
vt 0.687500 1.000000 0.500000
vt 0.812500 1.000000 0.500000
vt 0.750000 1.000000 0.500000
vt 0.875000 1.000000 0.500000
vt -0.062500 1.000000 0.500000
vt -0.125000 1.000000 0.500000
vt 0.000000 1.000000 0.500000
vt 0.062500 1.000000 0.500000
vt 0.125000 1.000000 0.500000
vt 0.187500 1.000000 0.500000
vt 0.250000 1.000000 0.500000
vt 0.312500 1.000000 0.500000
vt 0.375000 1.000000 0.500000
vt 0.437500 1.000000 0.500000
vt 0.500000 1.000000 0.500000
vt 0.562500 1.000000 0.500000
vt 0.625000 1.000000 0.500000
vt 0.687500 1.000000 0.500000
vt 0.875000 1.000000 0.500000
vt 0.812500 1.000000 0.500000
vt 0.750000 1.000000 0.500000
vt 0.000000 1.000000 0.500000
vt -0.062500 1.000000 0.500000
vt -0.125000 1.000000 0.500000
vt 0.125000 1.000000 0.500000
vt 0.062500 1.000000 0.500000
vt 0.250000 1.000000 0.500000
vt 0.187500 1.000000 0.500000
vt 0.375000 1.000000 0.500000
vt 0.312500 1.000000 0.500000
vt 0.500000 1.000000 0.500000
vt 0.437500 1.000000 0.500000
vt 0.625000 1.000000 0.500000
vt 0.562500 1.000000 0.500000
vt 0.687500 1.000000 0.500000
# 705 texture coords

o ???008
g ???008
f 3020/3470 3021/3471 3026/3476 3024/3474 
f 3020/3470 3023/3473 3022/3472 3021/3471 
f 3025/3475 3027/3477 3022/3472 3023/3473 
f 3026/3476 3027/3477 3025/3475 3024/3474 
f 3023/3473 3020/3470 3024/3474 3025/3475 
f 3021/3471 3022/3472 3027/3477 3026/3476 
f 3035/3501 3034/3500 3033/3499 3032/3498 3031/3497 3030/3496 3029/3479 3028/3478 
f 3028/3478 3029/3479 3037/3487 3036/3486 
f 3029/3494 3030/3480 3038/3488 3037/3495 
f 3030/3480 3031/3481 3039/3489 3038/3488 
f 3031/3481 3032/3482 3040/3490 3039/3489 
f 3032/3482 3033/3483 3041/3491 3040/3490 
f 3033/3483 3034/3484 3042/3492 3041/3491 
f 3034/3484 3035/3485 3043/3493 3042/3492 
f 3035/3485 3028/3478 3036/3486 3043/3493 
f 3043/3493 3036/3486 3037/3487 3038/3502 3039/3503 3040/3504 3041/3505 3042/3506 
f 3051/3530 3050/3529 3049/3528 3048/3527 3047/3526 3046/3525 3045/3508 3044/3507 
f 3044/3507 3045/3508 3053/3516 3052/3515 
f 3045/3523 3046/3509 3054/3517 3053/3524 
f 3046/3509 3047/3510 3055/3518 3054/3517 
f 3047/3510 3048/3511 3056/3519 3055/3518 
f 3048/3511 3049/3512 3057/3520 3056/3519 
f 3049/3512 3050/3513 3058/3521 3057/3520 
f 3050/3513 3051/3514 3059/3522 3058/3521 
f 3051/3514 3044/3507 3052/3515 3059/3522 
f 3059/3522 3052/3515 3053/3516 3054/3531 3055/3532 3056/3533 3057/3534 3058/3535 
f 3067/3559 3066/3558 3065/3557 3064/3556 3063/3555 3062/3554 3061/3537 3060/3536 
f 3060/3536 3061/3537 3069/3545 3068/3544 
f 3061/3552 3062/3538 3070/3546 3069/3553 
f 3062/3538 3063/3539 3071/3547 3070/3546 
f 3063/3539 3064/3540 3072/3548 3071/3547 
f 3064/3540 3065/3541 3073/3549 3072/3548 
f 3065/3541 3066/3542 3074/3550 3073/3549 
f 3066/3542 3067/3543 3075/3551 3074/3550 
f 3067/3543 3060/3536 3068/3544 3075/3551 
f 3075/3551 3068/3544 3069/3545 3070/3560 3071/3561 3072/3562 3073/3563 3074/3564 
f 3360/3565 3148/3566 3149/3569 3292/3570 
f 3148/3566 3353/3567 3291/3568 3149/3569 
f 3353/3571 3150/3572 3151/3575 3291/3576 
f 3150/3572 3354/3573 3293/3574 3151/3575 
f 3354/3573 3152/3577 3153/3580 3293/3574 
f 3152/3577 3355/3578 3294/3579 3153/3580 
f 3355/3578 3154/3581 3155/3584 3294/3579 
f 3154/3581 3356/3582 3295/3583 3155/3584 
f 3356/3582 3156/3585 3157/3588 3295/3583 
f 3156/3585 3357/3586 3296/3587 3157/3588 
f 3357/3586 3158/3589 3159/3592 3296/3587 
f 3158/3589 3359/3590 3297/3591 3159/3592 
f 3359/3590 3160/3593 3161/3596 3297/3591 
f 3160/3593 3358/3594 3298/3595 3161/3596 
f 3358/3594 3162/3597 3163/3598 3298/3595 
f 3162/3597 3360/3565 3292/3570 3163/3598 
f 3299/3599 3164/3600 3165/3603 3302/3604 
f 3164/3600 3300/3601 3301/3602 3165/3603 
f 3300/3605 3166/3606 3167/3609 3301/3610 
f 3166/3606 3303/3607 3304/3608 3167/3609 
f 3303/3607 3168/3611 3169/3614 3304/3608 
f 3168/3611 3305/3612 3306/3613 3169/3614 
f 3305/3612 3170/3615 3171/3618 3306/3613 
f 3170/3615 3290/3616 3307/3617 3171/3618 
f 3290/3616 3172/3619 3173/3622 3307/3617 
f 3172/3619 3308/3620 3309/3621 3173/3622 
f 3308/3620 3174/3623 3175/3626 3309/3621 
f 3174/3623 3310/3624 3311/3625 3175/3626 
f 3310/3624 3176/3627 3177/3630 3311/3625 
f 3176/3627 3312/3628 3313/3629 3177/3630 
f 3312/3628 3178/3631 3179/3632 3313/3629 
f 3178/3631 3299/3599 3302/3604 3179/3632 
f 3314/3633 3180/3634 3092/3635 3181/3636 
f 3315/3637 3182/3638 3092/3635 3180/3634 
f 3316/3639 3181/3636 3092/3635 3182/3638 
f 3314/3633 3181/3640 3093/3641 3183/3642 
f 3316/3643 3184/3644 3093/3641 3181/3640 
f 3317/3645 3183/3642 3093/3641 3184/3644 
f 3314/3633 3183/3642 3094/3646 3185/3647 
f 3317/3645 3186/3648 3094/3646 3183/3642 
f 3318/3649 3185/3647 3094/3646 3186/3648 
f 3314/3633 3185/3647 3095/3650 3187/3651 
f 3318/3649 3188/3652 3095/3650 3185/3647 
f 3319/3653 3187/3651 3095/3650 3188/3652 
f 3314/3633 3187/3651 3096/3654 3189/3655 
f 3319/3653 3190/3656 3096/3654 3187/3651 
f 3320/3657 3189/3655 3096/3654 3190/3656 
f 3314/3633 3189/3655 3097/3658 3191/3659 
f 3320/3657 3192/3660 3097/3658 3189/3655 
f 3321/3661 3191/3659 3097/3658 3192/3660 
f 3314/3633 3191/3659 3098/3662 3193/3663 
f 3321/3661 3194/3664 3098/3662 3191/3659 
f 3322/3665 3193/3663 3098/3662 3194/3664 
f 3314/3633 3193/3663 3099/3666 3180/3634 
f 3322/3665 3195/3667 3099/3666 3193/3663 
f 3315/3637 3180/3634 3099/3666 3195/3667 
f 3291/3568 3196/3668 3077/3669 3149/3569 
f 3196/3668 3300/3601 3164/3600 3077/3669 
f 3077/3669 3164/3600 3299/3599 3197/3670 
f 3149/3569 3077/3669 3197/3670 3292/3570 
f 3293/3671 3198/3672 3076/3673 3151/3674 
f 3198/3672 3303/3607 3166/3606 3076/3673 
f 3076/3673 3166/3606 3300/3605 3196/3675 
f 3151/3674 3076/3673 3196/3675 3291/3676 
f 3294/3579 3199/3677 3079/3678 3153/3580 
f 3199/3677 3305/3612 3168/3611 3079/3678 
f 3079/3678 3168/3611 3303/3607 3198/3679 
f 3153/3580 3079/3678 3198/3679 3293/3574 
f 3295/3583 3200/3680 3080/3681 3155/3584 
f 3200/3680 3290/3616 3170/3615 3080/3681 
f 3080/3681 3170/3615 3305/3612 3199/3677 
f 3155/3584 3080/3681 3199/3677 3294/3579 
f 3296/3587 3201/3682 3081/3683 3157/3588 
f 3201/3682 3308/3620 3172/3619 3081/3683 
f 3081/3683 3172/3619 3290/3616 3200/3680 
f 3157/3588 3081/3683 3200/3680 3295/3583 
f 3297/3591 3202/3684 3082/3685 3159/3592 
f 3202/3684 3310/3624 3174/3623 3082/3685 
f 3082/3685 3174/3623 3308/3620 3201/3682 
f 3159/3592 3082/3685 3201/3682 3296/3587 
f 3298/3595 3203/3686 3083/3687 3161/3596 
f 3203/3686 3312/3628 3176/3627 3083/3687 
f 3083/3687 3176/3627 3310/3624 3202/3684 
f 3161/3596 3083/3687 3202/3684 3297/3591 
f 3292/3570 3197/3670 3078/3688 3163/3598 
f 3197/3670 3299/3599 3178/3631 3078/3688 
f 3078/3688 3178/3631 3312/3628 3203/3686 
f 3163/3598 3078/3688 3203/3686 3298/3595 
f 3302/3604 3165/3603 3085/3689 3204/3690 
f 3165/3603 3301/3602 3205/3691 3085/3689 
f 3085/3689 3205/3691 3244/3771 3109/3772 
f 3204/3690 3085/3689 3109/3772 3245/3773 
f 3301/3610 3167/3609 3084/3692 3205/3693 
f 3167/3609 3304/3608 3206/3694 3084/3692 
f 3084/3692 3206/3694 3246/3774 3108/3775 
f 3205/3693 3084/3692 3108/3775 3244/3776 
f 3304/3608 3169/3614 3087/3695 3206/3694 
f 3169/3614 3306/3613 3207/3696 3087/3695 
f 3087/3695 3207/3696 3247/3777 3111/3778 
f 3206/3694 3087/3695 3111/3778 3246/3774 
f 3306/3613 3171/3618 3088/3697 3207/3696 
f 3171/3618 3307/3617 3208/3698 3088/3697 
f 3088/3697 3208/3698 3248/3779 3112/3780 
f 3207/3696 3088/3697 3112/3780 3247/3777 
f 3307/3617 3173/3622 3089/3699 3208/3698 
f 3173/3622 3309/3621 3209/3700 3089/3699 
f 3089/3699 3209/3700 3249/3781 3113/3782 
f 3208/3698 3089/3699 3113/3782 3248/3779 
f 3309/3621 3175/3626 3090/3701 3209/3700 
f 3175/3626 3311/3625 3210/3702 3090/3701 
f 3090/3701 3210/3702 3250/3783 3114/3784 
f 3209/3700 3090/3701 3114/3784 3249/3781 
f 3311/3625 3177/3630 3091/3703 3210/3702 
f 3177/3630 3313/3629 3211/3704 3091/3703 
f 3091/3703 3211/3704 3251/3785 3115/3786 
f 3210/3702 3091/3703 3115/3786 3250/3783 
f 3313/3629 3179/3632 3086/3705 3211/3704 
f 3179/3632 3302/3604 3204/3690 3086/3705 
f 3086/3705 3204/3690 3245/3773 3110/3787 
f 3211/3704 3086/3705 3110/3787 3251/3785 
f 3324/3706 3212/3707 3116/3708 3213/3709 
f 3212/3707 3252/3788 3120/3789 3116/3708 
f 3116/3708 3120/3789 3253/3790 3214/3710 
f 3213/3709 3116/3708 3214/3710 3325/3711 
f 3326/3712 3215/3713 3124/3714 3216/3715 
f 3215/3713 3254/3791 3127/3792 3124/3714 
f 3124/3714 3127/3792 3256/3796 3217/3716 
f 3216/3715 3124/3714 3217/3716 3327/3717 
f 3328/3718 3218/3719 3125/3720 3219/3721 
f 3218/3719 3257/3797 3126/3798 3125/3720 
f 3125/3720 3126/3798 3254/3791 3215/3713 
f 3219/3721 3125/3720 3215/3713 3326/3712 
f 3329/3722 3220/3723 3128/3724 3221/3725 
f 3220/3723 3259/3801 3129/3802 3128/3724 
f 3128/3724 3129/3802 3257/3797 3218/3719 
f 3221/3725 3128/3724 3218/3719 3328/3718 
f 3330/3726 3222/3727 3130/3728 3223/3729 
f 3222/3727 3261/3805 3131/3806 3130/3728 
f 3130/3728 3131/3806 3259/3801 3220/3723 
f 3223/3729 3130/3728 3220/3723 3329/3722 
f 3331/3730 3224/3731 3132/3732 3225/3733 
f 3224/3731 3263/3809 3133/3810 3132/3732 
f 3132/3732 3133/3810 3261/3805 3222/3727 
f 3225/3733 3132/3732 3222/3727 3330/3726 
f 3332/3734 3226/3735 3134/3736 3227/3737 
f 3226/3735 3237/3757 3135/3813 3134/3736 
f 3134/3736 3135/3813 3263/3809 3224/3731 
f 3227/3737 3134/3736 3224/3731 3331/3730 
f 3325/3711 3214/3710 3122/3738 3228/3739 
f 3214/3710 3253/3790 3121/3815 3122/3738 
f 3122/3738 3121/3815 3238/3759 3229/3740 
f 3228/3739 3122/3738 3229/3740 3333/3741 
f 3334/3742 3230/3743 3138/3744 3231/3745 
f 3230/3743 3335/3746 3232/3747 3138/3744 
f 3138/3744 3232/3747 3336/3748 3233/3749 
f 3231/3745 3138/3744 3233/3749 3337/3750 
f 3335/3746 3234/3751 3139/3752 3232/3747 
f 3234/3751 3338/3753 3235/3754 3139/3752 
f 3139/3752 3235/3754 3339/3755 3236/3756 
f 3232/3747 3139/3752 3236/3756 3336/3748 
f 3338/3753 3237/3757 3137/3758 3235/3754 
f 3237/3757 3226/3735 3136/3816 3137/3758 
f 3137/3758 3136/3816 3229/3740 3238/3759 
f 3235/3754 3137/3758 3238/3759 3339/3755 
f 3332/3734 3239/3760 3123/3761 3240/3762 
f 3239/3760 3340/3763 3241/3764 3123/3761 
f 3123/3761 3241/3764 3325/3711 3228/3739 
f 3240/3762 3123/3761 3228/3739 3333/3741 
f 3340/3763 3242/3765 3117/3766 3241/3764 
f 3242/3765 3327/3767 3243/3768 3117/3766 
f 3117/3766 3243/3768 3324/3706 3213/3709 
f 3241/3764 3117/3766 3213/3709 3325/3711 
f 3327/3767 3217/3769 3118/3770 3243/3768 
f 3217/3769 3256/3817 3119/3818 3118/3770 
f 3118/3770 3119/3818 3252/3788 3212/3707 
f 3243/3768 3118/3770 3212/3707 3324/3706 
f 3244/3771 3327/3767 3242/3765 3109/3772 
f 3109/3772 3242/3765 3340/3763 3245/3773 
f 3246/3774 3326/3712 3216/3715 3108/3775 
f 3108/3775 3216/3715 3327/3717 3244/3776 
f 3247/3777 3328/3718 3219/3721 3111/3778 
f 3111/3778 3219/3721 3326/3712 3246/3774 
f 3248/3779 3329/3722 3221/3725 3112/3780 
f 3112/3780 3221/3725 3328/3718 3247/3777 
f 3249/3781 3330/3726 3223/3729 3113/3782 
f 3113/3782 3223/3729 3329/3722 3248/3779 
f 3250/3783 3331/3730 3225/3733 3114/3784 
f 3114/3784 3225/3733 3330/3726 3249/3781 
f 3251/3785 3332/3734 3227/3737 3115/3786 
f 3115/3786 3227/3737 3331/3730 3250/3783 
f 3245/3773 3340/3763 3239/3760 3110/3787 
f 3110/3787 3239/3760 3332/3734 3251/3785 
f 3252/3788 3337/3750 3233/3749 3120/3789 
f 3120/3789 3233/3749 3336/3748 3253/3790 
f 3254/3791 3341/3793 3255/3794 3127/3792 
f 3127/3792 3255/3794 3334/3795 3256/3796 
f 3257/3797 3342/3799 3258/3800 3126/3798 
f 3126/3798 3258/3800 3341/3793 3254/3791 
f 3259/3801 3343/3803 3260/3804 3129/3802 
f 3129/3802 3260/3804 3342/3799 3257/3797 
f 3261/3805 3344/3807 3262/3808 3131/3806 
f 3131/3806 3262/3808 3343/3803 3259/3801 
f 3263/3809 3345/3811 3264/3812 3133/3810 
f 3133/3810 3264/3812 3344/3807 3261/3805 
f 3237/3757 3338/3753 3265/3814 3135/3813 
f 3135/3813 3265/3814 3345/3811 3263/3809 
f 3253/3790 3336/3748 3236/3756 3121/3815 
f 3121/3815 3236/3756 3339/3755 3238/3759 
f 3226/3735 3332/3734 3240/3762 3136/3816 
f 3136/3816 3240/3762 3333/3741 3229/3740 
f 3256/3817 3334/3742 3231/3745 3119/3818 
f 3119/3818 3231/3745 3337/3750 3252/3788 
f 3335/3746 3230/3743 3266/3820 3347/3821 
f 3230/3743 3334/3742 3346/3819 3266/3820 
f 3334/3795 3255/3794 3267/3823 3346/3824 
f 3255/3794 3341/3793 3348/3822 3267/3823 
f 3341/3793 3258/3800 3268/3826 3348/3822 
f 3258/3800 3342/3799 3323/3825 3268/3826 
f 3342/3799 3260/3804 3269/3828 3323/3825 
f 3260/3804 3343/3803 3349/3827 3269/3828 
f 3343/3803 3262/3808 3270/3830 3349/3827 
f 3262/3808 3344/3807 3350/3829 3270/3830 
f 3344/3807 3264/3812 3271/3832 3350/3829 
f 3264/3812 3345/3811 3351/3831 3271/3832 
f 3345/3811 3265/3814 3272/3834 3351/3831 
f 3265/3814 3338/3753 3352/3833 3272/3834 
f 3338/3753 3234/3751 3273/3835 3352/3833 
f 3234/3751 3335/3746 3347/3821 3273/3835 
f 3347/3821 3266/3820 3141/3836 3274/3837 
f 3266/3820 3346/3819 3275/3838 3141/3836 
f 3141/3836 3275/3838 3282/3853 3101/3854 
f 3274/3837 3141/3836 3101/3854 3283/3855 
f 3346/3824 3267/3823 3140/3839 3275/3840 
f 3267/3823 3348/3822 3276/3841 3140/3839 
f 3140/3839 3276/3841 3284/3856 3102/3857 
f 3275/3840 3140/3839 3102/3857 3282/3858 
f 3348/3822 3268/3826 3143/3842 3276/3841 
f 3268/3826 3323/3825 3277/3843 3143/3842 
f 3143/3842 3277/3843 3285/3859 3103/3860 
f 3276/3841 3143/3842 3103/3860 3284/3856 
f 3323/3825 3269/3828 3144/3844 3277/3843 
f 3269/3828 3349/3827 3278/3845 3144/3844 
f 3144/3844 3278/3845 3286/3861 3104/3862 
f 3277/3843 3144/3844 3104/3862 3285/3859 
f 3349/3827 3270/3830 3145/3846 3278/3845 
f 3270/3830 3350/3829 3279/3847 3145/3846 
f 3145/3846 3279/3847 3287/3863 3105/3864 
f 3278/3845 3145/3846 3105/3864 3286/3861 
f 3350/3829 3271/3832 3146/3848 3279/3847 
f 3271/3832 3351/3831 3280/3849 3146/3848 
f 3146/3848 3280/3849 3288/3865 3106/3866 
f 3279/3847 3146/3848 3106/3866 3287/3863 
f 3351/3831 3272/3834 3147/3850 3280/3849 
f 3272/3834 3352/3833 3281/3851 3147/3850 
f 3147/3850 3281/3851 3289/3867 3107/3868 
f 3280/3849 3147/3850 3107/3868 3288/3865 
f 3352/3833 3273/3835 3142/3852 3281/3851 
f 3273/3835 3347/3821 3274/3837 3142/3852 
f 3142/3852 3274/3837 3283/3855 3100/3869 
f 3281/3851 3142/3852 3100/3869 3289/3867 
f 3282/3853 3316/3639 3182/3638 3101/3854 
f 3101/3854 3182/3638 3315/3637 3283/3855 
f 3284/3856 3317/3645 3184/3644 3102/3857 
f 3102/3857 3184/3644 3316/3643 3282/3858 
f 3285/3859 3318/3649 3186/3648 3103/3860 
f 3103/3860 3186/3648 3317/3645 3284/3856 
f 3286/3861 3319/3653 3188/3652 3104/3862 
f 3104/3862 3188/3652 3318/3649 3285/3859 
f 3287/3863 3320/3657 3190/3656 3105/3864 
f 3105/3864 3190/3656 3319/3653 3286/3861 
f 3288/3865 3321/3661 3192/3660 3106/3866 
f 3106/3866 3192/3660 3320/3657 3287/3863 
f 3289/3867 3322/3665 3194/3664 3107/3868 
f 3107/3868 3194/3664 3321/3661 3288/3865 
f 3283/3855 3315/3637 3195/3667 3100/3869 
f 3100/3869 3195/3667 3322/3665 3289/3867 
f 3645/3870 3577/3875 3434/3874 3433/3871 
f 3433/3871 3434/3874 3576/3873 3638/3872 
f 3638/3876 3576/3881 3436/3880 3435/3877 
f 3435/3877 3436/3880 3578/3879 3639/3878 
f 3639/3878 3578/3879 3438/3885 3437/3882 
f 3437/3882 3438/3885 3579/3884 3640/3883 
f 3640/3883 3579/3884 3440/3889 3439/3886 
f 3439/3886 3440/3889 3580/3888 3641/3887 
f 3641/3887 3580/3888 3442/3893 3441/3890 
f 3441/3890 3442/3893 3581/3892 3642/3891 
f 3642/3891 3581/3892 3444/3897 3443/3894 
f 3443/3894 3444/3897 3582/3896 3644/3895 
f 3644/3895 3582/3896 3446/3901 3445/3898 
f 3445/3898 3446/3901 3583/3900 3643/3899 
f 3643/3899 3583/3900 3448/3903 3447/3902 
f 3447/3902 3448/3903 3577/3875 3645/3870 
f 3584/3904 3587/3909 3450/3908 3449/3905 
f 3449/3905 3450/3908 3586/3907 3585/3906 
f 3585/3910 3586/3915 3452/3914 3451/3911 
f 3451/3911 3452/3914 3589/3913 3588/3912 
f 3588/3912 3589/3913 3454/3919 3453/3916 
f 3453/3916 3454/3919 3591/3918 3590/3917 
f 3590/3917 3591/3918 3456/3923 3455/3920 
f 3455/3920 3456/3923 3592/3922 3575/3921 
f 3575/3921 3592/3922 3458/3927 3457/3924 
f 3457/3924 3458/3927 3594/3926 3593/3925 
f 3593/3925 3594/3926 3460/3931 3459/3928 
f 3459/3928 3460/3931 3596/3930 3595/3929 
f 3595/3929 3596/3930 3462/3935 3461/3932 
f 3461/3932 3462/3935 3598/3934 3597/3933 
f 3597/3933 3598/3934 3464/3937 3463/3936 
f 3463/3936 3464/3937 3587/3909 3584/3904 
f 3599/3938 3466/3941 3377/3940 3465/3939 
f 3600/3942 3465/3939 3377/3940 3467/3943 
f 3601/3944 3467/3943 3377/3940 3466/3941 
f 3599/3938 3468/3947 3378/3946 3466/3945 
f 3601/3948 3466/3945 3378/3946 3469/3949 
f 3602/3950 3469/3949 3378/3946 3468/3947 
f 3599/3938 3470/3952 3379/3951 3468/3947 
f 3602/3950 3468/3947 3379/3951 3471/3953 
f 3603/3954 3471/3953 3379/3951 3470/3952 
f 3599/3938 3472/3956 3380/3955 3470/3952 
f 3603/3954 3470/3952 3380/3955 3473/3957 
f 3604/3958 3473/3957 3380/3955 3472/3956 
f 3599/3938 3474/3960 3381/3959 3472/3956 
f 3604/3958 3472/3956 3381/3959 3475/3961 
f 3605/3962 3475/3961 3381/3959 3474/3960 
f 3599/3938 3476/3964 3382/3963 3474/3960 
f 3605/3962 3474/3960 3382/3963 3477/3965 
f 3606/3966 3477/3965 3382/3963 3476/3964 
f 3599/3938 3478/3968 3383/3967 3476/3964 
f 3606/3966 3476/3964 3383/3967 3479/3969 
f 3607/3970 3479/3969 3383/3967 3478/3968 
f 3599/3938 3465/3939 3384/3971 3478/3968 
f 3607/3970 3478/3968 3384/3971 3480/3972 
f 3600/3942 3480/3972 3384/3971 3465/3939 
f 3576/3873 3434/3874 3362/3974 3481/3973 
f 3481/3973 3362/3974 3449/3905 3585/3906 
f 3362/3974 3482/3975 3584/3904 3449/3905 
f 3434/3874 3577/3875 3482/3975 3362/3974 
f 3578/3976 3436/3979 3361/3978 3483/3977 
f 3483/3977 3361/3978 3451/3911 3588/3912 
f 3361/3978 3481/3980 3585/3910 3451/3911 
f 3436/3979 3576/3981 3481/3980 3361/3978 
f 3579/3884 3438/3885 3364/3983 3484/3982 
f 3484/3982 3364/3983 3453/3916 3590/3917 
f 3364/3983 3483/3984 3588/3912 3453/3916 
f 3438/3885 3578/3879 3483/3984 3364/3983 
f 3580/3888 3440/3889 3365/3986 3485/3985 
f 3485/3985 3365/3986 3455/3920 3575/3921 
f 3365/3986 3484/3982 3590/3917 3455/3920 
f 3440/3889 3579/3884 3484/3982 3365/3986 
f 3581/3892 3442/3893 3366/3988 3486/3987 
f 3486/3987 3366/3988 3457/3924 3593/3925 
f 3366/3988 3485/3985 3575/3921 3457/3924 
f 3442/3893 3580/3888 3485/3985 3366/3988 
f 3582/3896 3444/3897 3367/3990 3487/3989 
f 3487/3989 3367/3990 3459/3928 3595/3929 
f 3367/3990 3486/3987 3593/3925 3459/3928 
f 3444/3897 3581/3892 3486/3987 3367/3990 
f 3583/3900 3446/3901 3368/3992 3488/3991 
f 3488/3991 3368/3992 3461/3932 3597/3933 
f 3368/3992 3487/3989 3595/3929 3461/3932 
f 3446/3901 3582/3896 3487/3989 3368/3992 
f 3577/3875 3448/3903 3363/3993 3482/3975 
f 3482/3975 3363/3993 3463/3936 3584/3904 
f 3363/3993 3488/3991 3597/3933 3463/3936 
f 3448/3903 3583/3900 3488/3991 3363/3993 
f 3587/3909 3489/3995 3370/3994 3450/3908 
f 3450/3908 3370/3994 3490/3996 3586/3907 
f 3370/3994 3394/4077 3529/4076 3490/3996 
f 3489/3995 3530/4078 3394/4077 3370/3994 
f 3586/3915 3490/3998 3369/3997 3452/3914 
f 3452/3914 3369/3997 3491/3999 3589/3913 
f 3369/3997 3393/4080 3531/4079 3491/3999 
f 3490/3998 3529/4081 3393/4080 3369/3997 
f 3589/3913 3491/3999 3372/4000 3454/3919 
f 3454/3919 3372/4000 3492/4001 3591/3918 
f 3372/4000 3396/4083 3532/4082 3492/4001 
f 3491/3999 3531/4079 3396/4083 3372/4000 
f 3591/3918 3492/4001 3373/4002 3456/3923 
f 3456/3923 3373/4002 3493/4003 3592/3922 
f 3373/4002 3397/4085 3533/4084 3493/4003 
f 3492/4001 3532/4082 3397/4085 3373/4002 
f 3592/3922 3493/4003 3374/4004 3458/3927 
f 3458/3927 3374/4004 3494/4005 3594/3926 
f 3374/4004 3398/4087 3534/4086 3494/4005 
f 3493/4003 3533/4084 3398/4087 3374/4004 
f 3594/3926 3494/4005 3375/4006 3460/3931 
f 3460/3931 3375/4006 3495/4007 3596/3930 
f 3375/4006 3399/4089 3535/4088 3495/4007 
f 3494/4005 3534/4086 3399/4089 3375/4006 
f 3596/3930 3495/4007 3376/4008 3462/3935 
f 3462/3935 3376/4008 3496/4009 3598/3934 
f 3376/4008 3400/4091 3536/4090 3496/4009 
f 3495/4007 3535/4088 3400/4091 3376/4008 
f 3598/3934 3496/4009 3371/4010 3464/3937 
f 3464/3937 3371/4010 3489/3995 3587/3909 
f 3371/4010 3395/4092 3530/4078 3489/3995 
f 3496/4009 3536/4090 3395/4092 3371/4010 
f 3609/4011 3498/4014 3401/4013 3497/4012 
f 3497/4012 3401/4013 3405/4094 3537/4093 
f 3401/4013 3499/4015 3538/4095 3405/4094 
f 3498/4014 3610/4016 3499/4015 3401/4013 
f 3611/4017 3501/4020 3409/4019 3500/4018 
f 3500/4018 3409/4019 3412/4097 3539/4096 
f 3409/4019 3502/4021 3541/4101 3412/4097 
f 3501/4020 3612/4022 3502/4021 3409/4019 
f 3613/4023 3504/4026 3410/4025 3503/4024 
f 3503/4024 3410/4025 3411/4103 3542/4102 
f 3410/4025 3500/4018 3539/4096 3411/4103 
f 3504/4026 3611/4017 3500/4018 3410/4025 
f 3614/4027 3506/4030 3413/4029 3505/4028 
f 3505/4028 3413/4029 3414/4107 3544/4106 
f 3413/4029 3503/4024 3542/4102 3414/4107 
f 3506/4030 3613/4023 3503/4024 3413/4029 
f 3615/4031 3508/4034 3415/4033 3507/4032 
f 3507/4032 3415/4033 3416/4111 3546/4110 
f 3415/4033 3505/4028 3544/4106 3416/4111 
f 3508/4034 3614/4027 3505/4028 3415/4033 
f 3616/4035 3510/4038 3417/4037 3509/4036 
f 3509/4036 3417/4037 3418/4115 3548/4114 
f 3417/4037 3507/4032 3546/4110 3418/4115 
f 3510/4038 3615/4031 3507/4032 3417/4037 
f 3617/4039 3512/4042 3419/4041 3511/4040 
f 3511/4040 3419/4041 3420/4118 3522/4062 
f 3419/4041 3509/4036 3548/4114 3420/4118 
f 3512/4042 3616/4035 3509/4036 3419/4041 
f 3610/4016 3513/4044 3407/4043 3499/4015 
f 3499/4015 3407/4043 3406/4120 3538/4095 
f 3407/4043 3514/4045 3523/4064 3406/4120 
f 3513/4044 3618/4046 3514/4045 3407/4043 
f 3619/4047 3516/4050 3423/4049 3515/4048 
f 3515/4048 3423/4049 3517/4052 3620/4051 
f 3423/4049 3518/4054 3621/4053 3517/4052 
f 3516/4050 3622/4055 3518/4054 3423/4049 
f 3620/4051 3517/4052 3424/4057 3519/4056 
f 3519/4056 3424/4057 3520/4059 3623/4058 
f 3424/4057 3521/4061 3624/4060 3520/4059 
f 3517/4052 3621/4053 3521/4061 3424/4057 
f 3623/4058 3520/4059 3422/4063 3522/4062 
f 3522/4062 3422/4063 3421/4121 3511/4040 
f 3422/4063 3523/4064 3514/4045 3421/4121 
f 3520/4059 3624/4060 3523/4064 3422/4063 
f 3617/4039 3525/4067 3408/4066 3524/4065 
f 3524/4065 3408/4066 3526/4069 3625/4068 
f 3408/4066 3513/4044 3610/4016 3526/4069 
f 3525/4067 3618/4046 3513/4044 3408/4066 
f 3625/4068 3526/4069 3402/4071 3527/4070 
f 3527/4070 3402/4071 3528/4073 3612/4072 
f 3402/4071 3498/4014 3609/4011 3528/4073 
f 3526/4069 3610/4016 3498/4014 3402/4071 
f 3612/4072 3528/4073 3403/4075 3502/4074 
f 3502/4074 3403/4075 3404/4123 3541/4122 
f 3403/4075 3497/4012 3537/4093 3404/4123 
f 3528/4073 3609/4011 3497/4012 3403/4075 
f 3529/4076 3394/4077 3527/4070 3612/4072 
f 3394/4077 3530/4078 3625/4068 3527/4070 
f 3531/4079 3393/4080 3501/4020 3611/4017 
f 3393/4080 3529/4081 3612/4022 3501/4020 
f 3532/4082 3396/4083 3504/4026 3613/4023 
f 3396/4083 3531/4079 3611/4017 3504/4026 
f 3533/4084 3397/4085 3506/4030 3614/4027 
f 3397/4085 3532/4082 3613/4023 3506/4030 
f 3534/4086 3398/4087 3508/4034 3615/4031 
f 3398/4087 3533/4084 3614/4027 3508/4034 
f 3535/4088 3399/4089 3510/4038 3616/4035 
f 3399/4089 3534/4086 3615/4031 3510/4038 
f 3536/4090 3400/4091 3512/4042 3617/4039 
f 3400/4091 3535/4088 3616/4035 3512/4042 
f 3530/4078 3395/4092 3524/4065 3625/4068 
f 3395/4092 3536/4090 3617/4039 3524/4065 
f 3537/4093 3405/4094 3518/4054 3622/4055 
f 3405/4094 3538/4095 3621/4053 3518/4054 
f 3539/4096 3412/4097 3540/4099 3626/4098 
f 3412/4097 3541/4101 3619/4100 3540/4099 
f 3542/4102 3411/4103 3543/4105 3627/4104 
f 3411/4103 3539/4096 3626/4098 3543/4105 
f 3544/4106 3414/4107 3545/4109 3628/4108 
f 3414/4107 3542/4102 3627/4104 3545/4109 
f 3546/4110 3416/4111 3547/4113 3629/4112 
f 3416/4111 3544/4106 3628/4108 3547/4113 
f 3548/4114 3418/4115 3549/4117 3630/4116 
f 3418/4115 3546/4110 3629/4112 3549/4117 
f 3522/4062 3420/4118 3550/4119 3623/4058 
f 3420/4118 3548/4114 3630/4116 3550/4119 
f 3538/4095 3406/4120 3521/4061 3621/4053 
f 3406/4120 3523/4064 3624/4060 3521/4061 
f 3511/4040 3421/4121 3525/4067 3617/4039 
f 3421/4121 3514/4045 3618/4046 3525/4067 
f 3541/4122 3404/4123 3516/4050 3619/4047 
f 3404/4123 3537/4093 3622/4055 3516/4050 
f 3620/4051 3632/4126 3551/4125 3515/4048 
f 3515/4048 3551/4125 3631/4124 3619/4047 
f 3619/4100 3631/4129 3552/4128 3540/4099 
f 3540/4099 3552/4128 3633/4127 3626/4098 
f 3626/4098 3633/4127 3553/4131 3543/4105 
f 3543/4105 3553/4131 3608/4130 3627/4104 
f 3627/4104 3608/4130 3554/4133 3545/4109 
f 3545/4109 3554/4133 3634/4132 3628/4108 
f 3628/4108 3634/4132 3555/4135 3547/4113 
f 3547/4113 3555/4135 3635/4134 3629/4112 
f 3629/4112 3635/4134 3556/4137 3549/4117 
f 3549/4117 3556/4137 3636/4136 3630/4116 
f 3630/4116 3636/4136 3557/4139 3550/4119 
f 3550/4119 3557/4139 3637/4138 3623/4058 
f 3623/4058 3637/4138 3558/4140 3519/4056 
f 3519/4056 3558/4140 3632/4126 3620/4051 
f 3632/4126 3559/4142 3426/4141 3551/4125 
f 3551/4125 3426/4141 3560/4143 3631/4124 
f 3426/4141 3386/4159 3567/4158 3560/4143 
f 3559/4142 3568/4160 3386/4159 3426/4141 
f 3631/4129 3560/4145 3425/4144 3552/4128 
f 3552/4128 3425/4144 3561/4146 3633/4127 
f 3425/4144 3387/4162 3569/4161 3561/4146 
f 3560/4145 3567/4163 3387/4162 3425/4144 
f 3633/4127 3561/4146 3428/4147 3553/4131 
f 3553/4131 3428/4147 3562/4148 3608/4130 
f 3428/4147 3388/4165 3570/4164 3562/4148 
f 3561/4146 3569/4161 3388/4165 3428/4147 
f 3608/4130 3562/4148 3429/4149 3554/4133 
f 3554/4133 3429/4149 3563/4150 3634/4132 
f 3429/4149 3389/4167 3571/4166 3563/4150 
f 3562/4148 3570/4164 3389/4167 3429/4149 
f 3634/4132 3563/4150 3430/4151 3555/4135 
f 3555/4135 3430/4151 3564/4152 3635/4134 
f 3430/4151 3390/4169 3572/4168 3564/4152 
f 3563/4150 3571/4166 3390/4169 3430/4151 
f 3635/4134 3564/4152 3431/4153 3556/4137 
f 3556/4137 3431/4153 3565/4154 3636/4136 
f 3431/4153 3391/4171 3573/4170 3565/4154 
f 3564/4152 3572/4168 3391/4171 3431/4153 
f 3636/4136 3565/4154 3432/4155 3557/4139 
f 3557/4139 3432/4155 3566/4156 3637/4138 
f 3432/4155 3392/4173 3574/4172 3566/4156 
f 3565/4154 3573/4170 3392/4173 3432/4155 
f 3637/4138 3566/4156 3427/4157 3558/4140 
f 3558/4140 3427/4157 3559/4142 3632/4126 
f 3427/4157 3385/4174 3568/4160 3559/4142 
f 3566/4156 3574/4172 3385/4174 3427/4157 
f 3567/4158 3386/4159 3467/3943 3601/3944 
f 3386/4159 3568/4160 3600/3942 3467/3943 
f 3569/4161 3387/4162 3469/3949 3602/3950 
f 3387/4162 3567/4163 3601/3948 3469/3949 
f 3570/4164 3388/4165 3471/3953 3603/3954 
f 3388/4165 3569/4161 3602/3950 3471/3953 
f 3571/4166 3389/4167 3473/3957 3604/3958 
f 3389/4167 3570/4164 3603/3954 3473/3957 
f 3572/4168 3390/4169 3475/3961 3605/3962 
f 3390/4169 3571/4166 3604/3958 3475/3961 
f 3573/4170 3391/4171 3477/3965 3606/3966 
f 3391/4171 3572/4168 3605/3962 3477/3965 
f 3574/4172 3392/4173 3479/3969 3607/3970 
f 3392/4173 3573/4170 3606/3966 3479/3969 
f 3568/4160 3385/4174 3480/3972 3600/3942 
f 3385/4174 3574/4172 3607/3970 3480/3972 
# 588 polygons

#
# object 2?_????___??002
#

v  55.330421 20.958351 19.107132
v  54.374420 10.687413 20.152969
v  55.330421 10.687428 19.107132
v  54.374447 10.687427 35.013763
v  54.374447 20.958351 35.013763
v  55.330772 10.687451 35.923065
v  55.330769 20.958351 35.923004
v  54.374447 10.687426 24.910416
v  55.330772 10.687451 24.910431
v  54.374447 10.687426 30.109894
v  55.330772 10.687451 30.109894
v  54.374447 19.136845 30.109894
v  55.330769 19.136845 30.109894
v  54.374447 19.136845 24.910416
v  55.330769 19.136845 24.910431
v  54.374420 20.958351 20.152588
v  34.255615 10.687427 35.013779
v  34.255615 20.958351 35.013779
v  34.255615 20.958351 35.923004
v  34.255615 10.687451 35.923065
v  34.255459 20.958351 20.152588
v  34.255463 20.958351 19.107132
v  34.255463 10.687428 19.107132
v  34.255459 10.687413 20.152969
# 24 vertices

vt 0.401360 0.981250 0.000000
vt 0.597453 0.981250 0.000000
vt 0.750000 0.981250 0.000000
vt 0.446090 0.981250 0.000000
vt 0.500000 0.981250 0.000000
vt 0.750000 0.981250 0.000000
vt 0.500000 0.981250 0.000000
vt 0.750000 0.981250 0.000000
vt 0.500000 0.981250 0.000000
vt 0.750000 0.981250 0.000000
vt 0.500000 0.981250 0.000000
vt 0.750000 0.981250 0.000000
vt 0.750000 0.981250 0.000000
vt 0.750000 0.981250 0.000000
vt 0.500000 0.981250 0.000000
vt 0.500000 0.981250 0.000000
vt 0.500000 0.981250 0.000000
vt 0.750000 0.981250 0.000000
vt 0.500000 0.981250 0.000000
vt 0.500000 0.981250 0.000000
vt 0.500000 0.981250 0.000000
vt 0.500000 0.981250 0.000000
vt 0.750000 0.981250 0.000000
vt 0.750000 0.981250 0.000000
vt 0.750000 0.981250 0.000000
vt 0.214672 1.000000 0.000000
vt 0.682005 0.000004 0.000000
vt 0.682006 1.000000 0.000000
vt 0.000001 0.785328 0.000000
vt 0.999999 0.317993 0.000000
vt 0.999999 0.785327 0.000000
vt 0.785327 1.000000 0.000000
vt 0.317994 0.000004 0.000000
vt 0.785329 0.000007 0.000000
vt 0.500000 0.981250 0.000000
vt 0.750000 0.981250 0.000000
vt 0.750000 0.981250 0.000000
vt 0.750000 0.981250 0.000000
vt 0.500000 0.981250 0.000000
vt 0.500000 0.981250 0.000000
vt 0.500000 0.981250 0.000000
vt 0.500000 0.981250 0.000000
vt 0.750000 0.981250 0.000000
vt 0.750000 0.981250 0.000000
vt 0.750000 0.981250 0.000000
vt 0.750000 0.981250 0.000000
vt 0.750000 0.981250 0.000000
vt 0.214670 0.000007 0.000000
vt -0.000001 0.317994 0.000000
vt 0.317993 1.000000 0.000000
vt 0.500000 0.981250 0.000000
vt 0.500000 0.981250 0.000000
vt 0.597453 0.981250 0.000000
vt 0.401360 0.981250 0.000000
vt 0.446090 0.981250 0.000000
vt 0.750000 0.981250 0.000000
vt 0.500000 0.981250 0.000000
vt 0.500000 0.981250 0.000000
vt 0.750000 0.981250 0.000000
vt 0.750000 0.981250 0.000000
vt 0.500000 0.981250 0.000000
vt 0.750000 0.981250 0.000000
vt 0.750000 0.981250 0.000000
vt 0.500000 0.981250 0.000000
vt 0.500000 0.981250 0.000000
vt 0.750000 0.981250 0.000000
# 66 texture coords

o 2?_????___??002
g 2?_????___??002
f 3646/4175 3667/4228 3666/4227 3661/4176 
f 3647/4177 3669/4230 3668/4229 3648/4178 
f 3662/4231 3663/4232 3650/4209 3649/4179 
f 3652/4187 3646/4186 3661/4225 3650/4185 
f 3653/4190 3647/4189 3648/4211 3654/4188 
f 3655/4193 3656/4192 3651/4212 3649/4191 
f 3659/4202 3653/4201 3654/4222 3660/4200 
f 3658/4205 3657/4204 3659/4223 3660/4203 
f 3656/4208 3655/4207 3657/4224 3658/4206 
f 3653/4215 3659/4214 3661/4226 3647/4213 
f 3654/4219 3648/4218 3646/4220 3660/4217 
f 3646/4220 3652/4199 3658/4197 3660/4217 
f 3659/4214 3657/4194 3650/4216 3661/4226 
f 3652/4199 3651/4198 3656/4221 3658/4197 
f 3657/4194 3655/4196 3649/4195 3650/4216 
f 3666/4227 3669/4235 3647/4213 3661/4176 
f 3665/4234 3651/4210 3652/4182 3664/4233 
f 3665/4237 3662/4238 3649/4181 3651/4180 
f 3663/4239 3664/4240 3652/4184 3650/4183 
f 3668/4229 3667/4236 3646/4220 3648/4178 
# 20 polygons

#
# object ???009
#

v  54.374779 19.140760 24.917431
v  54.664734 19.140760 24.917431
v  54.664734 19.140762 30.110386
v  54.374779 19.140760 30.109161
v  54.374779 10.688331 24.917431
v  54.374779 10.688333 30.109161
v  54.664734 10.688328 24.917431
v  54.664734 10.688329 30.110386
v  54.355839 17.379021 30.156456
v  54.387543 17.379021 30.143326
v  54.400673 17.379021 30.111622
v  54.387543 17.379021 30.079920
v  54.355839 17.379021 30.066788
v  54.324139 17.379021 30.079920
v  54.311005 17.379021 30.111622
v  54.324139 17.379021 30.143326
v  54.355839 17.940809 30.156456
v  54.387543 17.940809 30.143326
v  54.400673 17.940809 30.111622
v  54.387543 17.940809 30.079920
v  54.355839 17.940809 30.066788
v  54.324139 17.940809 30.079920
v  54.311005 17.940809 30.111622
v  54.324139 17.940809 30.143326
v  54.355839 16.175558 30.156456
v  54.387543 16.175558 30.143326
v  54.400673 16.175558 30.111622
v  54.387543 16.175558 30.079920
v  54.355839 16.175558 30.066788
v  54.324139 16.175558 30.079920
v  54.311005 16.175558 30.111622
v  54.324139 16.175558 30.143326
v  54.355839 16.737349 30.156456
v  54.387543 16.737349 30.143326
v  54.400673 16.737349 30.111622
v  54.387543 16.737349 30.079920
v  54.355839 16.737349 30.066788
v  54.324139 16.737349 30.079920
v  54.311005 16.737349 30.111622
v  54.324139 16.737349 30.143326
v  54.355839 12.014170 30.156456
v  54.387543 12.014170 30.143326
v  54.400673 12.014170 30.111622
v  54.387543 12.014170 30.079920
v  54.355839 12.014170 30.066788
v  54.324139 12.014170 30.079920
v  54.311005 12.014170 30.111622
v  54.324139 12.014170 30.143326
v  54.355839 12.575960 30.156456
v  54.387543 12.575960 30.143326
v  54.400673 12.575960 30.111622
v  54.387543 12.575960 30.079920
v  54.355839 12.575960 30.066788
v  54.324139 12.575960 30.079920
v  54.311005 12.575960 30.111622
v  54.324139 12.575960 30.143326
v  54.306511 14.796040 25.594414
v  54.306511 14.696488 25.693964
v  54.306511 14.555703 25.693964
v  54.306511 14.796040 25.453629
v  54.306511 14.696488 25.354078
v  54.306511 14.555703 25.354078
v  54.306511 14.456154 25.453629
v  54.306511 14.456154 25.594414
v  54.304985 14.713211 25.560104
v  54.304985 14.662181 25.611137
v  54.304985 14.590012 25.611137
v  54.304985 14.713211 25.487936
v  54.304985 14.662181 25.436905
v  54.304985 14.590012 25.436905
v  54.304985 14.538980 25.487936
v  54.304985 14.538980 25.560104
v  54.162430 14.639219 25.555702
v  54.162430 14.657778 25.537144
v  54.162430 14.657778 25.510899
v  54.162430 14.639219 25.492340
v  54.162430 14.612973 25.492340
v  54.162430 14.594414 25.510899
v  54.162430 14.594414 25.537144
v  54.162430 14.612973 25.555702
v  54.169563 14.606411 25.571545
v  54.169563 14.645781 25.571545
v  54.169563 14.673619 25.543705
v  54.169563 14.673619 25.504337
v  54.169563 14.645781 25.476498
v  54.169563 14.606411 25.476498
v  54.169563 14.578573 25.504337
v  54.169563 14.578573 25.543705
v  54.286942 14.713211 25.560104
v  54.286942 14.662181 25.611137
v  54.286942 14.590012 25.611137
v  54.286942 14.713211 25.487936
v  54.286942 14.662181 25.436905
v  54.286942 14.590012 25.436905
v  54.286942 14.538980 25.487936
v  54.286942 14.538980 25.560104
v  54.250229 14.662181 26.046371
v  54.269989 14.662181 25.828754
v  54.250229 14.698265 25.813808
v  54.210701 14.698265 25.813808
v  54.210701 14.662181 26.046371
v  54.210701 14.590012 26.046371
v  54.250229 14.590012 26.046371
v  54.269989 14.590012 25.828754
v  54.250229 14.713211 25.560104
v  54.250229 14.713211 25.487936
v  54.210701 14.713211 25.487936
v  54.210701 14.713211 25.560104
v  54.250229 14.662181 25.436905
v  54.210701 14.662181 25.436905
v  54.250229 14.590012 25.436905
v  54.210701 14.590012 25.436905
v  54.250229 14.538980 25.487936
v  54.210701 14.538980 25.487936
v  54.250229 14.538980 25.560104
v  54.210701 14.538980 25.560104
v  54.250229 14.553927 25.813808
v  54.210701 14.553927 25.813808
v  54.190941 14.662181 25.828754
v  54.190941 14.590012 25.828754
v  54.183815 14.673619 25.543705
v  54.183815 14.645781 25.571545
v  54.183815 14.606411 25.571545
v  54.183815 14.673619 25.504337
v  54.183815 14.645781 25.476498
v  54.183815 14.606411 25.476498
v  54.183815 14.578573 25.504337
v  54.183815 14.578573 25.543705
v  54.379032 14.698265 25.698252
v  54.315849 14.697821 25.697180
v  54.379032 14.800326 25.596189
v  54.315849 14.799255 25.595745
v  54.379032 14.800326 25.451853
v  54.315849 14.799255 25.452297
v  54.379032 14.698265 25.349791
v  54.315849 14.697821 25.350863
v  54.379032 14.553927 25.349791
v  54.315849 14.554371 25.350863
v  54.379032 14.451865 25.451853
v  54.315849 14.452937 25.452297
v  54.379032 14.451865 25.596189
v  54.315849 14.452937 25.595745
v  54.379032 14.553927 25.698252
v  54.315849 14.554371 25.697180
v  54.306179 14.691090 25.680931
v  54.305794 14.666247 25.620955
v  54.306179 14.783005 25.589016
v  54.305794 14.723029 25.564173
v  54.306179 14.783005 25.459026
v  54.305794 14.723029 25.483870
v  54.306179 14.691090 25.367111
v  54.305794 14.666247 25.427088
v  54.306179 14.561101 25.367111
v  54.305794 14.585944 25.427088
v  54.306179 14.469187 25.459026
v  54.305794 14.529163 25.483870
v  54.306179 14.469187 25.589016
v  54.305794 14.529163 25.564173
v  54.306179 14.561101 25.680931
v  54.305794 14.585944 25.620955
v  54.162430 14.626097 25.555473
v  54.162430 14.648335 25.546261
v  54.164993 14.643418 25.565842
v  54.162430 14.657547 25.524021
v  54.164993 14.667916 25.541344
v  54.162430 14.648335 25.501781
v  54.164993 14.667916 25.506699
v  54.162430 14.626097 25.492569
v  54.164993 14.643418 25.482201
v  54.162430 14.603857 25.501781
v  54.164993 14.608774 25.482201
v  54.162430 14.594644 25.524021
v  54.164993 14.584276 25.506699
v  54.162430 14.603857 25.546261
v  54.164993 14.584276 25.541344
v  54.164993 14.608774 25.565842
v  54.306511 14.756573 25.654497
v  54.306511 14.626097 25.708542
v  54.306511 14.810617 25.524021
v  54.306511 14.756573 25.393545
v  54.306511 14.626097 25.339499
v  54.306511 14.495620 25.393545
v  54.306511 14.441574 25.524021
v  54.306511 14.495620 25.654497
v  54.304985 14.626097 25.618610
v  54.304985 14.692981 25.590906
v  54.304985 14.720685 25.524021
v  54.304985 14.692981 25.457136
v  54.304985 14.626097 25.429432
v  54.304985 14.559211 25.457136
v  54.304985 14.531507 25.524021
v  54.304985 14.559211 25.590906
v  54.250229 14.689244 25.980757
v  54.265045 14.662181 25.991968
v  54.250229 14.626097 26.053844
v  54.250229 14.720685 25.524021
v  54.269287 14.713211 25.560104
v  54.250229 14.702002 25.641573
v  54.250229 14.692981 25.457136
v  54.269287 14.713211 25.487936
v  54.250229 14.626097 25.429432
v  54.269287 14.662181 25.436905
v  54.250229 14.559211 25.457136
v  54.269287 14.590012 25.436905
v  54.250229 14.531507 25.524021
v  54.269287 14.538980 25.487936
v  54.250229 14.550190 25.641573
v  54.269287 14.538980 25.560104
v  54.265045 14.590012 25.991968
v  54.250229 14.562948 25.980757
v  54.190941 14.660130 25.660591
v  54.195881 14.689244 25.817545
v  54.190941 14.626097 25.836227
v  54.195881 14.662181 25.991968
v  54.190941 14.592062 25.660591
v  54.195881 14.562948 25.817545
v  54.195881 14.590012 25.991968
v  54.210701 14.550190 25.641573
v  54.210701 14.562948 25.980757
v  54.274223 14.590012 25.665541
v  54.265045 14.562948 25.817545
v  54.269989 14.626097 25.836227
v  54.274223 14.662181 25.665541
v  54.265045 14.689244 25.817545
v  54.286942 14.692981 25.590906
v  54.286942 14.626097 25.618610
v  54.286942 14.720685 25.524021
v  54.286942 14.692981 25.457136
v  54.286942 14.626097 25.429432
v  54.286942 14.559211 25.457136
v  54.286942 14.531507 25.524021
v  54.286942 14.559211 25.590906
v  54.210701 14.689244 25.980757
v  54.210701 14.626097 26.053844
v  54.210701 14.720685 25.524021
v  54.195881 14.708262 25.558056
v  54.210701 14.702002 25.641573
v  54.210701 14.692981 25.457136
v  54.195881 14.708262 25.489986
v  54.210701 14.626097 25.429432
v  54.195881 14.660130 25.441854
v  54.210701 14.559211 25.457136
v  54.195881 14.592062 25.441854
v  54.210701 14.531507 25.524021
v  54.195881 14.543929 25.489986
v  54.195881 14.543929 25.558056
v  54.189159 14.647830 25.576492
v  54.189159 14.678568 25.545755
v  54.189159 14.678568 25.502287
v  54.189159 14.647830 25.471550
v  54.189159 14.604362 25.471550
v  54.189159 14.573625 25.502287
v  54.189159 14.573625 25.545755
v  54.189159 14.604362 25.576492
v  54.183815 14.626097 25.575621
v  54.183815 14.662582 25.560507
v  54.183815 14.677696 25.524021
v  54.183815 14.662582 25.487534
v  54.183815 14.626097 25.472422
v  54.183815 14.589610 25.487534
v  54.183815 14.574496 25.524021
v  54.183815 14.589610 25.560507
v  54.169563 14.662582 25.560507
v  54.169563 14.626097 25.575621
v  54.169563 14.677696 25.524021
v  54.169563 14.662582 25.487534
v  54.169563 14.626097 25.472422
v  54.169563 14.589610 25.487534
v  54.169563 14.574496 25.524021
v  54.169563 14.589610 25.560507
v  54.306179 14.626097 25.353651
v  54.315849 14.759041 25.656967
v  54.315849 14.626097 25.712034
v  54.315849 14.814109 25.524021
v  54.315849 14.759041 25.391075
v  54.315849 14.626097 25.336008
v  54.315849 14.493151 25.391075
v  54.315849 14.438083 25.524021
v  54.315849 14.493151 25.656967
v  54.306179 14.626097 25.694391
v  54.306179 14.746566 25.644491
v  54.305794 14.700518 25.598442
v  54.305794 14.626097 25.629269
v  54.306179 14.796466 25.524021
v  54.305794 14.731344 25.524021
v  54.306179 14.746566 25.403551
v  54.305794 14.700518 25.449598
v  54.305794 14.626097 25.418774
v  54.306179 14.505625 25.403551
v  54.305794 14.551674 25.449598
v  54.306179 14.455726 25.524021
v  54.305794 14.520847 25.524021
v  54.306179 14.505625 25.644491
v  54.305794 14.551674 25.598442
v  54.162430 14.626097 25.524021
v  54.164215 14.626097 25.570160
v  54.164215 14.658722 25.556646
v  54.164215 14.672235 25.524021
v  54.164215 14.658722 25.491396
v  54.164215 14.626097 25.477880
v  54.164215 14.593471 25.491396
v  54.164215 14.579956 25.524021
v  54.164215 14.593471 25.556646
v  54.189159 14.666382 25.483734
v  54.261208 14.682226 25.941349
v  54.265045 14.626097 25.999441
v  54.269287 14.720685 25.524021
v  54.269539 14.694883 25.627626
v  54.269287 14.692981 25.457136
v  54.269287 14.626097 25.429432
v  54.269287 14.559211 25.457136
v  54.269287 14.531507 25.524021
v  54.269539 14.557309 25.627626
v  54.261208 14.569964 25.941349
v  54.194103 14.692451 25.625195
v  54.190941 14.626097 25.667641
v  54.195881 14.626097 25.999441
v  54.199722 14.682226 25.941349
v  54.194103 14.559741 25.625195
v  54.199722 14.569964 25.941349
v  54.274223 14.626097 25.673014
v  54.195881 14.715311 25.524021
v  54.195881 14.689180 25.460936
v  54.195881 14.626097 25.434807
v  54.195881 14.563011 25.460936
v  54.195881 14.536880 25.524021
v  54.189159 14.666382 25.564308
v  54.189159 14.626097 25.580994
v  54.189159 14.683069 25.524021
v  54.189159 14.626097 25.467047
v  54.189159 14.585810 25.483734
v  54.189159 14.569122 25.524021
v  54.189159 14.585810 25.564308
v  54.379032 14.759864 25.657789
v  54.379032 14.815273 25.524021
v  54.379032 14.759864 25.390253
v  54.379032 14.626097 25.334843
v  54.379032 14.492328 25.390253
v  54.379032 14.492328 25.657789
v  54.379032 14.436918 25.524021
v  54.379032 14.626097 25.713200
v  54.732384 14.796040 25.594414
v  54.732384 14.696488 25.693964
v  54.732384 14.555704 25.693964
v  54.732384 14.796040 25.453629
v  54.732384 14.696488 25.354078
v  54.732384 14.555703 25.354078
v  54.732384 14.456154 25.453629
v  54.732384 14.456154 25.594414
v  54.733913 14.713212 25.560106
v  54.733913 14.662181 25.611137
v  54.733913 14.590012 25.611137
v  54.733913 14.713212 25.487938
v  54.733913 14.662181 25.436907
v  54.733913 14.590012 25.436907
v  54.733913 14.538980 25.487938
v  54.733913 14.538980 25.560106
v  54.876465 14.639219 25.555704
v  54.876465 14.657778 25.537146
v  54.876465 14.657778 25.510899
v  54.876465 14.639219 25.492340
v  54.876465 14.612973 25.492340
v  54.876465 14.594414 25.510899
v  54.876465 14.594414 25.537146
v  54.876465 14.612973 25.555704
v  54.869339 14.606411 25.571545
v  54.869339 14.645781 25.571545
v  54.869339 14.673619 25.543707
v  54.869339 14.673619 25.504337
v  54.869339 14.645781 25.476500
v  54.869339 14.606411 25.476500
v  54.869339 14.578573 25.504337
v  54.869339 14.578573 25.543707
v  54.751953 14.713212 25.560106
v  54.751953 14.662181 25.611137
v  54.751953 14.590012 25.611137
v  54.751953 14.713212 25.487938
v  54.751953 14.662181 25.436907
v  54.751953 14.590012 25.436907
v  54.751953 14.538980 25.487938
v  54.751953 14.538980 25.560106
v  54.788666 14.662181 26.046373
v  54.768906 14.662181 25.828754
v  54.788666 14.698265 25.813808
v  54.828190 14.698265 25.813808
v  54.828190 14.662181 26.046373
v  54.828190 14.590012 26.046373
v  54.788666 14.590012 26.046373
v  54.768906 14.590012 25.828754
v  54.788666 14.713212 25.560106
v  54.788666 14.713212 25.487938
v  54.828190 14.713212 25.487938
v  54.828190 14.713212 25.560106
v  54.788666 14.662181 25.436907
v  54.828190 14.662181 25.436907
v  54.788666 14.590012 25.436907
v  54.828190 14.590012 25.436907
v  54.788666 14.538980 25.487938
v  54.828190 14.538980 25.487938
v  54.788666 14.538980 25.560106
v  54.828190 14.538980 25.560106
v  54.788666 14.553927 25.813808
v  54.828190 14.553927 25.813808
v  54.847954 14.662181 25.828754
v  54.847954 14.590012 25.828754
v  54.855080 14.673619 25.543707
v  54.855080 14.645781 25.571545
v  54.855080 14.606411 25.571545
v  54.855080 14.673619 25.504337
v  54.855080 14.645781 25.476500
v  54.855080 14.606411 25.476500
v  54.855080 14.578573 25.504337
v  54.855080 14.578573 25.543707
v  54.659859 14.698265 25.698254
v  54.723045 14.697821 25.697182
v  54.659859 14.800326 25.596191
v  54.723045 14.799255 25.595747
v  54.659859 14.800326 25.451853
v  54.723045 14.799255 25.452297
v  54.659859 14.698265 25.349791
v  54.723045 14.697821 25.350863
v  54.659859 14.553927 25.349791
v  54.723045 14.554371 25.350863
v  54.659859 14.451865 25.451853
v  54.723045 14.452937 25.452297
v  54.659859 14.451865 25.596191
v  54.723045 14.452937 25.595747
v  54.659859 14.553927 25.698254
v  54.723045 14.554371 25.697182
v  54.732719 14.691090 25.680931
v  54.733101 14.666247 25.620955
v  54.732719 14.783005 25.589016
v  54.733101 14.723029 25.564173
v  54.732719 14.783005 25.459028
v  54.733101 14.723029 25.483871
v  54.732719 14.691090 25.367113
v  54.733101 14.666247 25.427090
v  54.732719 14.561101 25.367113
v  54.733101 14.585944 25.427090
v  54.732719 14.469187 25.459028
v  54.733101 14.529163 25.483871
v  54.732719 14.469187 25.589016
v  54.733101 14.529163 25.564173
v  54.732719 14.561101 25.680931
v  54.733101 14.585944 25.620955
v  54.876465 14.626097 25.555473
v  54.876465 14.648335 25.546261
v  54.873898 14.643419 25.565842
v  54.876465 14.657547 25.524021
v  54.873898 14.667916 25.541344
v  54.876465 14.648335 25.501783
v  54.873898 14.667916 25.506699
v  54.876465 14.626097 25.492571
v  54.873898 14.643419 25.482203
v  54.876465 14.603857 25.501783
v  54.873898 14.608774 25.482203
v  54.876465 14.594644 25.524021
v  54.873898 14.584276 25.506699
v  54.876465 14.603857 25.546261
v  54.873898 14.584276 25.541344
v  54.873898 14.608774 25.565842
v  54.732384 14.756573 25.654499
v  54.732384 14.626097 25.708544
v  54.732384 14.810617 25.524021
v  54.732384 14.756573 25.393545
v  54.732384 14.626097 25.339500
v  54.732384 14.495620 25.393545
v  54.732384 14.441574 25.524021
v  54.732384 14.495620 25.654499
v  54.733913 14.626097 25.618610
v  54.733913 14.692981 25.590906
v  54.733913 14.720685 25.524021
v  54.733913 14.692981 25.457138
v  54.733913 14.626097 25.429434
v  54.733913 14.559211 25.457138
v  54.733913 14.531507 25.524021
v  54.733913 14.559211 25.590906
v  54.788666 14.689244 25.980759
v  54.773846 14.662181 25.991968
v  54.788666 14.626097 26.053846
v  54.788666 14.720685 25.524021
v  54.769608 14.713212 25.560106
v  54.788666 14.702002 25.641575
v  54.788666 14.692981 25.457138
v  54.769608 14.713212 25.487938
v  54.788666 14.626097 25.429434
v  54.769608 14.662181 25.436907
v  54.788666 14.559211 25.457138
v  54.769608 14.590012 25.436907
v  54.788666 14.531507 25.524021
v  54.769608 14.538980 25.487938
v  54.788666 14.550190 25.641575
v  54.769608 14.538980 25.560106
v  54.773846 14.590012 25.991968
v  54.788666 14.562948 25.980759
v  54.847954 14.660130 25.660593
v  54.843010 14.689244 25.817545
v  54.847954 14.626097 25.836227
v  54.843010 14.662181 25.991968
v  54.847954 14.592062 25.660593
v  54.843010 14.562948 25.817545
v  54.843010 14.590012 25.991968
v  54.828190 14.550190 25.641575
v  54.828190 14.562948 25.980759
v  54.764668 14.590012 25.665543
v  54.773846 14.562948 25.817545
v  54.768906 14.626097 25.836227
v  54.764668 14.662181 25.665543
v  54.773846 14.689244 25.817545
v  54.751953 14.692981 25.590906
v  54.751953 14.626097 25.618610
v  54.751953 14.720685 25.524021
v  54.751953 14.692981 25.457138
v  54.751953 14.626097 25.429434
v  54.751953 14.559211 25.457138
v  54.751953 14.531507 25.524021
v  54.751953 14.559211 25.590906
v  54.828190 14.689244 25.980759
v  54.828190 14.626097 26.053846
v  54.828190 14.720685 25.524021
v  54.843010 14.708262 25.558056
v  54.828190 14.702002 25.641575
v  54.828190 14.692981 25.457138
v  54.843010 14.708262 25.489988
v  54.828190 14.626097 25.429434
v  54.843010 14.660130 25.441856
v  54.828190 14.559211 25.457138
v  54.843010 14.592062 25.441856
v  54.828190 14.531507 25.524021
v  54.843010 14.543929 25.489988
v  54.843010 14.543929 25.558056
v  54.849735 14.647830 25.576494
v  54.849735 14.678568 25.545757
v  54.849735 14.678568 25.502287
v  54.849735 14.647830 25.471550
v  54.849735 14.604362 25.471550
v  54.849735 14.573625 25.502287
v  54.849735 14.573625 25.545757
v  54.849735 14.604362 25.576494
v  54.855080 14.626097 25.575623
v  54.855080 14.662582 25.560509
v  54.855080 14.677696 25.524021
v  54.855080 14.662582 25.487535
v  54.855080 14.626097 25.472422
v  54.855080 14.589610 25.487535
v  54.855080 14.574496 25.524021
v  54.855080 14.589610 25.560509
v  54.869339 14.662582 25.560509
v  54.869339 14.626097 25.575623
v  54.869339 14.677696 25.524021
v  54.869339 14.662582 25.487535
v  54.869339 14.626097 25.472422
v  54.869339 14.589610 25.487535
v  54.869339 14.574496 25.524021
v  54.869339 14.589610 25.560509
v  54.732719 14.626097 25.353653
v  54.723045 14.759041 25.656967
v  54.723045 14.626097 25.712036
v  54.723045 14.814109 25.524021
v  54.723045 14.759041 25.391077
v  54.723045 14.626097 25.336008
v  54.723045 14.493151 25.391077
v  54.723045 14.438083 25.524021
v  54.723045 14.493151 25.656967
v  54.732719 14.626097 25.694391
v  54.732719 14.746566 25.644491
v  54.733101 14.700518 25.598444
v  54.733101 14.626097 25.629271
v  54.732719 14.796466 25.524021
v  54.733101 14.731344 25.524021
v  54.732719 14.746566 25.403551
v  54.733101 14.700518 25.449600
v  54.733101 14.626097 25.418774
v  54.732719 14.505625 25.403551
v  54.733101 14.551674 25.449600
v  54.732719 14.455726 25.524021
v  54.733101 14.520847 25.524021
v  54.732719 14.505625 25.644491
v  54.733101 14.551674 25.598444
v  54.876465 14.626097 25.524021
v  54.874683 14.626097 25.570162
v  54.874683 14.658722 25.556648
v  54.874683 14.672236 25.524021
v  54.874683 14.658722 25.491396
v  54.874683 14.626097 25.477882
v  54.874683 14.593471 25.491396
v  54.874683 14.579956 25.524021
v  54.874683 14.593471 25.556648
v  54.849735 14.666382 25.483736
v  54.777687 14.682226 25.941351
v  54.773846 14.626097 25.999441
v  54.769608 14.720685 25.524021
v  54.769356 14.694883 25.627628
v  54.769608 14.692981 25.457138
v  54.769608 14.626097 25.429434
v  54.769608 14.559211 25.457138
v  54.769608 14.531507 25.524021
v  54.769356 14.557309 25.627628
v  54.777687 14.569964 25.941351
v  54.844791 14.692451 25.625196
v  54.847954 14.626097 25.667641
v  54.843010 14.626097 25.999441
v  54.839169 14.682226 25.941351
v  54.844791 14.559741 25.625196
v  54.839169 14.569964 25.941351
v  54.764668 14.626097 25.673016
v  54.843010 14.715311 25.524021
v  54.843010 14.689180 25.460938
v  54.843010 14.626097 25.434807
v  54.843010 14.563011 25.460938
v  54.843010 14.536881 25.524021
v  54.849735 14.666382 25.564308
v  54.849735 14.626097 25.580996
v  54.849735 14.683069 25.524021
v  54.849735 14.626097 25.467049
v  54.849735 14.585810 25.483736
v  54.849735 14.569123 25.524021
v  54.849735 14.585810 25.564308
v  54.659859 14.759864 25.657791
v  54.659859 14.815273 25.524021
v  54.659859 14.759864 25.390253
v  54.659859 14.626097 25.334845
v  54.659859 14.492328 25.390253
v  54.659859 14.492328 25.657791
v  54.659859 14.436918 25.524021
v  54.659859 14.626097 25.713200
# 626 vertices

vt 0.250000 0.000000 0.000000
vt 0.250000 0.031250 0.000000
vt 0.750000 0.031250 0.000000
vt 0.750000 0.000000 0.000000
vt 0.125000 0.000000 0.000000
vt 0.500000 0.000000 0.000000
vt 0.140625 0.031250 0.000000
vt 0.531250 0.031250 0.000000
vt 0.750000 0.000000 1.000000
vt 0.875000 0.000000 1.000000
vt 0.000000 0.000000 1.000000
vt 0.125000 0.000000 1.000000
vt 0.250000 0.000000 1.000000
vt 0.375000 0.000000 1.000000
vt 0.500000 0.000000 1.000000
vt 0.625000 0.000000 1.000000
vt 0.750000 1.000000 1.000000
vt 0.875000 1.000000 1.000000
vt 0.000000 1.000000 1.000000
vt 0.125000 1.000000 1.000000
vt 0.250000 1.000000 1.000000
vt 0.375000 1.000000 1.000000
vt 0.500000 1.000000 1.000000
vt 0.625000 1.000000 1.000000
vt -0.125000 0.000000 1.000000
vt -0.125000 1.000000 1.000000
vt 0.780330 0.000000 0.414214
vt 0.521447 0.000000 -0.414214
vt 0.250000 0.000000 -1.000000
vt 0.125000 0.000000 -1.000000
vt 0.219670 0.000000 -0.414214
vt 0.478553 0.000000 0.414213
vt 0.780330 1.000000 0.414214
vt 0.521447 1.000000 -0.414213
vt 0.250000 1.000000 -1.000000
vt 0.125000 1.000000 -1.000000
vt 0.219670 1.000000 -0.414214
vt 0.750000 0.000000 1.000000
vt 0.875000 0.000000 1.000000
vt 0.000000 0.000000 1.000000
vt 0.125000 0.000000 1.000000
vt 0.250000 0.000000 1.000000
vt 0.375000 0.000000 1.000000
vt 0.500000 0.000000 1.000000
vt 0.625000 0.000000 1.000000
vt 0.750000 1.000000 1.000000
vt 0.875000 1.000000 1.000000
vt 0.000000 1.000000 1.000000
vt 0.125000 1.000000 1.000000
vt 0.250000 1.000000 1.000000
vt 0.375000 1.000000 1.000000
vt 0.500000 1.000000 1.000000
vt 0.625000 1.000000 1.000000
vt -0.125000 0.000000 1.000000
vt -0.125000 1.000000 1.000000
vt 0.780330 0.000000 0.414214
vt 0.521447 0.000000 -0.414214
vt 0.250000 0.000000 -1.000000
vt 0.125000 0.000000 -1.000000
vt 0.219670 0.000000 -0.414214
vt 0.478553 0.000000 0.414213
vt 0.780330 1.000000 0.414214
vt 0.521447 1.000000 -0.414213
vt 0.250000 1.000000 -1.000000
vt 0.125000 1.000000 -1.000000
vt 0.219670 1.000000 -0.414214
vt 0.750000 0.000000 1.000000
vt 0.875000 0.000000 1.000000
vt 0.000000 0.000000 1.000000
vt 0.125000 0.000000 1.000000
vt 0.250000 0.000000 1.000000
vt 0.375000 0.000000 1.000000
vt 0.500000 0.000000 1.000000
vt 0.625000 0.000000 1.000000
vt 0.750000 1.000000 1.000000
vt 0.875000 1.000000 1.000000
vt 0.000000 1.000000 1.000000
vt 0.125000 1.000000 1.000000
vt 0.250000 1.000000 1.000000
vt 0.375000 1.000000 1.000000
vt 0.500000 1.000000 1.000000
vt 0.625000 1.000000 1.000000
vt -0.125000 0.000000 1.000000
vt -0.125000 1.000000 1.000000
vt 0.780330 0.000000 0.414214
vt 0.521447 0.000000 -0.414214
vt 0.250000 0.000000 -1.000000
vt 0.125000 0.000000 -1.000000
vt 0.219670 0.000000 -0.414214
vt 0.478553 0.000000 0.414213
vt 0.780330 1.000000 0.414214
vt 0.521447 1.000000 -0.414213
vt 0.250000 1.000000 -1.000000
vt 0.125000 1.000000 -1.000000
vt 0.219670 1.000000 -0.414214
vt 0.750000 0.000000 1.000000
vt 0.812500 0.000000 1.000000
vt 0.875000 0.000000 1.000000
vt 0.875000 0.987854 1.000000
vt 0.812500 0.865890 0.993847
vt 0.750000 0.865890 0.993847
vt -0.125000 0.000000 1.000000
vt -0.062500 0.000000 1.000000
vt 0.000000 0.000000 1.000000
vt 0.000000 0.987854 1.000000
vt -0.062500 0.987854 1.000000
vt -0.125000 0.987854 1.000000
vt 0.062500 0.000000 1.000000
vt 0.125000 0.000000 1.000000
vt 0.125000 0.865890 0.993847
vt 0.062500 0.865890 0.993847
vt 0.187500 0.000000 1.000000
vt 0.250000 0.000000 1.000000
vt 0.250000 0.865890 0.993847
vt 0.187500 0.865890 0.993847
vt 0.312500 0.000000 1.000000
vt 0.375000 0.000000 1.000000
vt 0.375000 0.865890 0.993847
vt 0.312500 0.865890 0.993847
vt 0.437500 0.000000 1.000000
vt 0.500000 0.000000 1.000000
vt 0.500000 0.865890 0.993847
vt 0.437500 0.865890 0.993847
vt 0.562500 0.000000 1.000000
vt 0.625000 0.000000 1.000000
vt 0.625000 0.865890 0.993847
vt 0.562500 0.865890 0.993847
vt 0.687500 0.000000 1.000000
vt 0.687500 0.865890 0.993847
vt 0.750000 0.998482 0.900582
vt 0.812500 0.998482 0.900582
vt 0.875000 1.000000 0.950777
vt 0.875000 1.000000 0.556347
vt 0.812500 1.000000 0.556347
vt 0.750000 1.000000 0.556347
vt -0.125000 1.000000 0.950777
vt -0.062500 0.997977 0.899823
vt 0.000000 1.000000 0.950777
vt 0.000000 1.000000 0.556347
vt -0.062500 1.000000 0.556347
vt -0.125000 1.000000 0.556347
vt 0.062500 0.998482 0.900582
vt 0.125000 0.998482 0.900582
vt 0.125000 1.000000 0.556347
vt 0.062500 1.000000 0.556347
vt 0.187500 0.998482 0.900582
vt 0.250000 0.998482 0.900582
vt 0.250000 1.000000 0.556347
vt 0.187500 1.000000 0.556347
vt 0.312500 0.998482 0.900582
vt 0.375000 0.998482 0.900582
vt 0.375000 1.000000 0.556347
vt 0.312500 1.000000 0.556347
vt 0.437500 0.998482 0.900582
vt 0.500000 0.998482 0.900582
vt 0.500000 1.000000 0.556347
vt 0.437500 1.000000 0.556347
vt 0.562500 0.998482 0.900582
vt 0.625000 0.998482 0.900582
vt 0.625000 1.000000 0.556347
vt 0.562500 1.000000 0.556347
vt 0.687500 0.998482 0.900582
vt 0.687500 1.000000 0.556347
vt 0.500000 1.000000 0.104167
vt 0.645833 1.000000 0.291667
vt 0.708333 1.000000 0.333333
vt 0.687500 1.000000 0.291667
vt 0.723958 1.000000 0.447917
vt 0.786458 1.000000 0.458333
vt 0.875000 1.000000 0.447917
vt 0.187500 1.000000 0.291667
vt 0.125000 1.000000 0.333333
vt 0.208333 1.000000 0.291667
vt -0.125000 1.000000 0.447917
vt -0.015625 1.000000 0.458333
vt 0.052083 1.000000 0.447917
vt 0.208333 1.000000 0.333333
vt 0.281250 1.000000 0.291667
vt 0.098958 1.000000 0.458333
vt 0.164063 1.000000 0.447917
vt 0.291667 1.000000 0.333333
vt 0.354167 1.000000 0.291667
vt 0.213542 1.000000 0.458333
vt 0.276042 1.000000 0.447917
vt 0.375000 1.000000 0.333333
vt 0.427083 1.000000 0.291667
vt 0.328125 1.000000 0.458333
vt 0.388021 1.000000 0.447917
vt 0.458333 1.000000 0.333333
vt 0.500000 1.000000 0.291667
vt 0.442708 1.000000 0.458333
vt 0.500000 1.000000 0.447917
vt 0.541667 1.000000 0.333333
vt 0.572917 1.000000 0.291667
vt 0.557292 1.000000 0.458333
vt 0.611979 1.000000 0.447917
vt 0.625000 1.000000 0.333333
vt 0.671875 1.000000 0.458333
vt 0.875000 0.993927 0.975388
vt 0.812500 0.993927 0.975388
vt 0.750000 0.993927 0.975388
vt 0.000380 0.983818 0.993927
vt 0.000190 0.991909 0.972352
vt -0.062500 0.991909 0.972352
vt -0.062500 0.983818 0.993927
vt -0.125380 0.991909 0.972352
vt -0.125759 0.983818 0.993927
vt 0.125000 0.993927 0.975388
vt 0.062500 0.993927 0.975388
vt 0.000000 0.993927 0.975388
vt 0.250000 0.993927 0.975388
vt 0.187500 0.993927 0.975388
vt 0.375000 0.993927 0.975388
vt 0.312500 0.993927 0.975388
vt 0.500000 0.993927 0.975388
vt 0.437500 0.993927 0.975388
vt 0.625000 0.993927 0.975388
vt 0.562500 0.993927 0.975388
vt 0.687500 0.993927 0.975388
vt 0.812500 1.000000 0.500000
vt 0.750000 1.000000 0.500000
vt 0.875000 1.000000 0.500000
vt -0.062500 1.000000 0.500000
vt -0.125000 1.000000 0.500000
vt 0.000000 1.000000 0.500000
vt 0.062500 1.000000 0.500000
vt 0.125000 1.000000 0.500000
vt 0.187500 1.000000 0.500000
vt 0.250000 1.000000 0.500000
vt 0.312500 1.000000 0.500000
vt 0.375000 1.000000 0.500000
vt 0.437500 1.000000 0.500000
vt 0.500000 1.000000 0.500000
vt 0.562500 1.000000 0.500000
vt 0.625000 1.000000 0.500000
vt 0.687500 1.000000 0.500000
vt 0.847222 1.000000 0.500000
vt 0.859375 1.000000 0.500000
vt 0.812500 1.000000 0.500000
vt 0.812500 1.000000 0.500000
vt 0.750000 1.000000 0.500000
vt 0.750000 1.000000 0.500000
vt 0.000000 1.000000 0.500000
vt 0.000000 1.000000 0.500000
vt -0.062500 1.000000 0.500000
vt -0.062500 1.000000 0.500000
vt -0.125000 1.000000 0.500000
vt -0.125000 1.000000 0.500000
vt 0.125000 1.000000 0.500000
vt 0.125000 1.000000 0.500000
vt 0.062500 1.000000 0.500000
vt 0.062500 1.000000 0.500000
vt 0.250000 1.000000 0.500000
vt 0.250000 1.000000 0.500000
vt 0.187500 1.000000 0.500000
vt 0.187500 1.000000 0.500000
vt 0.375000 1.000000 0.500000
vt 0.375000 1.000000 0.500000
vt 0.312500 1.000000 0.500000
vt 0.312500 1.000000 0.500000
vt 0.500000 1.000000 0.500000
vt 0.500000 1.000000 0.500000
vt 0.437500 1.000000 0.500000
vt 0.437500 1.000000 0.500000
vt 0.625000 1.000000 0.500000
vt 0.609375 1.000000 0.500000
vt 0.562500 1.000000 0.500000
vt 0.562500 1.000000 0.500000
vt 0.687500 1.000000 0.500000
vt 0.687500 1.000000 0.500000
vt 0.640625 1.000000 0.500000
vt 0.652778 1.000000 0.500000
vt 0.875000 1.000000 0.500000
vt 0.812500 1.000000 0.500000
vt 0.812500 1.000000 0.500000
vt 0.859375 1.000000 0.500000
vt 0.750000 1.000000 0.500000
vt 0.750000 1.000000 0.500000
vt 0.750000 1.000000 0.500000
vt 0.812500 1.000000 0.500000
vt 0.847222 1.000000 0.500000
vt 0.687500 1.000000 0.500000
vt 0.687500 1.000000 0.500000
vt 0.625000 1.000000 0.500000
vt 0.640625 1.000000 0.500000
vt 0.652778 1.000000 0.500000
vt 0.687500 1.000000 0.500000
vt 0.609375 1.000000 0.500000
vt 0.625000 1.000000 0.500000
vt 0.640625 1.000000 0.500000
vt 0.687500 1.000000 0.500000
vt 0.687500 1.000000 0.500000
vt 0.640625 1.000000 0.500000
vt 0.750000 1.000000 0.500000
vt 0.750000 1.000000 0.500000
vt 0.812500 1.000000 0.500000
vt 0.812500 1.000000 0.500000
vt 0.875000 1.000000 0.500000
vt 0.859375 1.000000 0.500000
vt 0.875000 1.000000 0.500000
vt 0.875000 1.000000 0.500000
vt 0.875000 1.000000 0.500000
vt 0.812500 1.000000 0.500000
vt 0.750000 1.000000 0.500000
vt 0.000000 1.000000 0.500000
vt -0.062500 1.000000 0.500000
vt -0.125000 1.000000 0.500000
vt 0.125000 1.000000 0.500000
vt 0.062500 1.000000 0.500000
vt 0.250000 1.000000 0.500000
vt 0.187500 1.000000 0.500000
vt 0.375000 1.000000 0.500000
vt 0.312500 1.000000 0.500000
vt 0.500000 1.000000 0.500000
vt 0.437500 1.000000 0.500000
vt 0.625000 1.000000 0.500000
vt 0.562500 1.000000 0.500000
vt 0.687500 1.000000 0.500000
vt 0.859375 1.000000 0.500000
vt 0.812500 1.000000 0.500000
vt 0.750000 1.000000 0.500000
vt 0.000000 1.000000 0.500000
vt -0.062500 1.000000 0.500000
vt 0.000000 1.000000 0.500000
vt -0.062500 1.000000 0.500000
vt -0.125000 1.000000 0.500000
vt -0.125000 1.000000 0.500000
vt 0.125000 1.000000 0.500000
vt 0.062500 1.000000 0.500000
vt 0.125000 1.000000 0.500000
vt 0.062500 1.000000 0.500000
vt 0.250000 1.000000 0.500000
vt 0.187500 1.000000 0.500000
vt 0.250000 1.000000 0.500000
vt 0.187500 1.000000 0.500000
vt 0.375000 1.000000 0.500000
vt 0.312500 1.000000 0.500000
vt 0.375000 1.000000 0.500000
vt 0.312500 1.000000 0.500000
vt 0.500000 1.000000 0.500000
vt 0.437500 1.000000 0.500000
vt 0.500000 1.000000 0.500000
vt 0.437500 1.000000 0.500000
vt 0.562500 1.000000 0.500000
vt 0.562500 1.000000 0.500000
vt 0.687500 1.000000 0.500000
vt 0.625000 1.000000 0.500000
vt 0.875000 1.000000 0.500000
vt 0.875000 1.000000 0.500000
vt 0.875000 1.000000 0.500000
vt 0.812500 1.000000 0.500000
vt 0.750000 1.000000 0.500000
vt 0.000000 1.000000 0.500000
vt -0.062500 1.000000 0.500000
vt -0.125000 1.000000 0.500000
vt 0.125000 1.000000 0.500000
vt 0.062500 1.000000 0.500000
vt 0.250000 1.000000 0.500000
vt 0.187500 1.000000 0.500000
vt 0.375000 1.000000 0.500000
vt 0.312500 1.000000 0.500000
vt 0.500000 1.000000 0.500000
vt 0.437500 1.000000 0.500000
vt 0.625000 1.000000 0.500000
vt 0.562500 1.000000 0.500000
vt 0.687500 1.000000 0.500000
vt 0.812500 1.000000 0.500000
vt 0.750000 1.000000 0.500000
vt 0.875000 1.000000 0.500000
vt -0.062500 1.000000 0.500000
vt -0.125000 1.000000 0.500000
vt 0.000000 1.000000 0.500000
vt 0.062500 1.000000 0.500000
vt 0.125000 1.000000 0.500000
vt 0.187500 1.000000 0.500000
vt 0.250000 1.000000 0.500000
vt 0.312500 1.000000 0.500000
vt 0.375000 1.000000 0.500000
vt 0.437500 1.000000 0.500000
vt 0.500000 1.000000 0.500000
vt 0.562500 1.000000 0.500000
vt 0.625000 1.000000 0.500000
vt 0.687500 1.000000 0.500000
vt 0.875000 1.000000 0.500000
vt 0.812500 1.000000 0.500000
vt 0.750000 1.000000 0.500000
vt 0.000000 1.000000 0.500000
vt -0.062500 1.000000 0.500000
vt -0.125000 1.000000 0.500000
vt 0.125000 1.000000 0.500000
vt 0.062500 1.000000 0.500000
vt 0.250000 1.000000 0.500000
vt 0.187500 1.000000 0.500000
vt 0.375000 1.000000 0.500000
vt 0.312500 1.000000 0.500000
vt 0.500000 1.000000 0.500000
vt 0.437500 1.000000 0.500000
vt 0.625000 1.000000 0.500000
vt 0.562500 1.000000 0.500000
vt 0.687500 1.000000 0.500000
vt 0.750000 0.000000 1.000000
vt 0.812500 0.000000 1.000000
vt 0.875000 0.000000 1.000000
vt 0.875000 0.987854 1.000000
vt 0.812500 0.865890 0.993847
vt 0.750000 0.865890 0.993847
vt -0.125000 0.000000 1.000000
vt -0.062500 0.000000 1.000000
vt 0.000000 0.000000 1.000000
vt 0.000000 0.987854 1.000000
vt -0.062500 0.987854 1.000000
vt -0.125000 0.987854 1.000000
vt 0.062500 0.000000 1.000000
vt 0.125000 0.000000 1.000000
vt 0.125000 0.865890 0.993847
vt 0.062500 0.865890 0.993847
vt 0.187500 0.000000 1.000000
vt 0.250000 0.000000 1.000000
vt 0.250000 0.865890 0.993847
vt 0.187500 0.865890 0.993847
vt 0.312500 0.000000 1.000000
vt 0.375000 0.000000 1.000000
vt 0.375000 0.865890 0.993847
vt 0.312500 0.865890 0.993847
vt 0.437500 0.000000 1.000000
vt 0.500000 0.000000 1.000000
vt 0.500000 0.865890 0.993847
vt 0.437500 0.865890 0.993847
vt 0.562500 0.000000 1.000000
vt 0.625000 0.000000 1.000000
vt 0.625000 0.865890 0.993847
vt 0.562500 0.865890 0.993847
vt 0.687500 0.000000 1.000000
vt 0.687500 0.865890 0.993847
vt 0.750000 0.998482 0.900582
vt 0.812500 0.998482 0.900582
vt 0.875000 1.000000 0.950777
vt 0.875000 1.000000 0.556347
vt 0.812500 1.000000 0.556347
vt 0.750000 1.000000 0.556347
vt -0.125000 1.000000 0.950777
vt -0.062500 0.997977 0.899823
vt 0.000000 1.000000 0.950777
vt 0.000000 1.000000 0.556347
vt -0.062500 1.000000 0.556347
vt -0.125000 1.000000 0.556347
vt 0.062500 0.998482 0.900582
vt 0.125000 0.998482 0.900582
vt 0.125000 1.000000 0.556347
vt 0.062500 1.000000 0.556347
vt 0.187500 0.998482 0.900582
vt 0.250000 0.998482 0.900582
vt 0.250000 1.000000 0.556347
vt 0.187500 1.000000 0.556347
vt 0.312500 0.998482 0.900582
vt 0.375000 0.998482 0.900582
vt 0.375000 1.000000 0.556347
vt 0.312500 1.000000 0.556347
vt 0.437500 0.998482 0.900582
vt 0.500000 0.998482 0.900582
vt 0.500000 1.000000 0.556347
vt 0.437500 1.000000 0.556347
vt 0.562500 0.998482 0.900582
vt 0.625000 0.998482 0.900582
vt 0.625000 1.000000 0.556347
vt 0.562500 1.000000 0.556347
vt 0.687500 0.998482 0.900582
vt 0.687500 1.000000 0.556347
vt 0.500000 1.000000 0.104167
vt 0.645833 1.000000 0.291667
vt 0.708333 1.000000 0.333333
vt 0.687500 1.000000 0.291667
vt 0.723958 1.000000 0.447917
vt 0.786458 1.000000 0.458333
vt 0.875000 1.000000 0.447917
vt 0.187500 1.000000 0.291667
vt 0.125000 1.000000 0.333333
vt 0.208333 1.000000 0.291667
vt -0.125000 1.000000 0.447917
vt -0.015625 1.000000 0.458333
vt 0.052083 1.000000 0.447917
vt 0.208333 1.000000 0.333333
vt 0.281250 1.000000 0.291667
vt 0.098958 1.000000 0.458333
vt 0.164063 1.000000 0.447917
vt 0.291667 1.000000 0.333333
vt 0.354167 1.000000 0.291667
vt 0.213542 1.000000 0.458333
vt 0.276042 1.000000 0.447917
vt 0.375000 1.000000 0.333333
vt 0.427083 1.000000 0.291667
vt 0.328125 1.000000 0.458333
vt 0.388021 1.000000 0.447917
vt 0.458333 1.000000 0.333333
vt 0.500000 1.000000 0.291667
vt 0.442708 1.000000 0.458333
vt 0.500000 1.000000 0.447917
vt 0.541667 1.000000 0.333333
vt 0.572917 1.000000 0.291667
vt 0.557292 1.000000 0.458333
vt 0.611979 1.000000 0.447917
vt 0.625000 1.000000 0.333333
vt 0.671875 1.000000 0.458333
vt 0.875000 0.993927 0.975388
vt 0.812500 0.993927 0.975388
vt 0.750000 0.993927 0.975388
vt 0.000380 0.983818 0.993927
vt 0.000190 0.991909 0.972352
vt -0.062500 0.991909 0.972352
vt -0.062500 0.983818 0.993927
vt -0.125380 0.991909 0.972352
vt -0.125759 0.983818 0.993927
vt 0.125000 0.993927 0.975388
vt 0.062500 0.993927 0.975388
vt 0.000000 0.993927 0.975388
vt 0.250000 0.993927 0.975388
vt 0.187500 0.993927 0.975388
vt 0.375000 0.993927 0.975388
vt 0.312500 0.993927 0.975388
vt 0.500000 0.993927 0.975388
vt 0.437500 0.993927 0.975388
vt 0.625000 0.993927 0.975388
vt 0.562500 0.993927 0.975388
vt 0.687500 0.993927 0.975388
vt 0.812500 1.000000 0.500000
vt 0.750000 1.000000 0.500000
vt 0.875000 1.000000 0.500000
vt -0.062500 1.000000 0.500000
vt -0.125000 1.000000 0.500000
vt 0.000000 1.000000 0.500000
vt 0.062500 1.000000 0.500000
vt 0.125000 1.000000 0.500000
vt 0.187500 1.000000 0.500000
vt 0.250000 1.000000 0.500000
vt 0.312500 1.000000 0.500000
vt 0.375000 1.000000 0.500000
vt 0.437500 1.000000 0.500000
vt 0.500000 1.000000 0.500000
vt 0.562500 1.000000 0.500000
vt 0.625000 1.000000 0.500000
vt 0.687500 1.000000 0.500000
vt 0.847222 1.000000 0.500000
vt 0.859375 1.000000 0.500000
vt 0.812500 1.000000 0.500000
vt 0.812500 1.000000 0.500000
vt 0.750000 1.000000 0.500000
vt 0.750000 1.000000 0.500000
vt 0.000000 1.000000 0.500000
vt 0.000000 1.000000 0.500000
vt -0.062500 1.000000 0.500000
vt -0.062500 1.000000 0.500000
vt -0.125000 1.000000 0.500000
vt -0.125000 1.000000 0.500000
vt 0.125000 1.000000 0.500000
vt 0.125000 1.000000 0.500000
vt 0.062500 1.000000 0.500000
vt 0.062500 1.000000 0.500000
vt 0.250000 1.000000 0.500000
vt 0.250000 1.000000 0.500000
vt 0.187500 1.000000 0.500000
vt 0.187500 1.000000 0.500000
vt 0.375000 1.000000 0.500000
vt 0.375000 1.000000 0.500000
vt 0.312500 1.000000 0.500000
vt 0.312500 1.000000 0.500000
vt 0.500000 1.000000 0.500000
vt 0.500000 1.000000 0.500000
vt 0.437500 1.000000 0.500000
vt 0.437500 1.000000 0.500000
vt 0.625000 1.000000 0.500000
vt 0.609375 1.000000 0.500000
vt 0.562500 1.000000 0.500000
vt 0.562500 1.000000 0.500000
vt 0.687500 1.000000 0.500000
vt 0.687500 1.000000 0.500000
vt 0.640625 1.000000 0.500000
vt 0.652778 1.000000 0.500000
vt 0.875000 1.000000 0.500000
vt 0.812500 1.000000 0.500000
vt 0.812500 1.000000 0.500000
vt 0.859375 1.000000 0.500000
vt 0.750000 1.000000 0.500000
vt 0.750000 1.000000 0.500000
vt 0.750000 1.000000 0.500000
vt 0.812500 1.000000 0.500000
vt 0.847222 1.000000 0.500000
vt 0.687500 1.000000 0.500000
vt 0.687500 1.000000 0.500000
vt 0.625000 1.000000 0.500000
vt 0.640625 1.000000 0.500000
vt 0.652778 1.000000 0.500000
vt 0.687500 1.000000 0.500000
vt 0.609375 1.000000 0.500000
vt 0.625000 1.000000 0.500000
vt 0.640625 1.000000 0.500000
vt 0.687500 1.000000 0.500000
vt 0.687500 1.000000 0.500000
vt 0.640625 1.000000 0.500000
vt 0.750000 1.000000 0.500000
vt 0.750000 1.000000 0.500000
vt 0.812500 1.000000 0.500000
vt 0.812500 1.000000 0.500000
vt 0.875000 1.000000 0.500000
vt 0.859375 1.000000 0.500000
vt 0.875000 1.000000 0.500000
vt 0.875000 1.000000 0.500000
vt 0.875000 1.000000 0.500000
vt 0.812500 1.000000 0.500000
vt 0.750000 1.000000 0.500000
vt 0.000000 1.000000 0.500000
vt -0.062500 1.000000 0.500000
vt -0.125000 1.000000 0.500000
vt 0.125000 1.000000 0.500000
vt 0.062500 1.000000 0.500000
vt 0.250000 1.000000 0.500000
vt 0.187500 1.000000 0.500000
vt 0.375000 1.000000 0.500000
vt 0.312500 1.000000 0.500000
vt 0.500000 1.000000 0.500000
vt 0.437500 1.000000 0.500000
vt 0.625000 1.000000 0.500000
vt 0.562500 1.000000 0.500000
vt 0.687500 1.000000 0.500000
vt 0.859375 1.000000 0.500000
vt 0.812500 1.000000 0.500000
vt 0.750000 1.000000 0.500000
vt 0.000000 1.000000 0.500000
vt -0.062500 1.000000 0.500000
vt 0.000000 1.000000 0.500000
vt -0.062500 1.000000 0.500000
vt -0.125000 1.000000 0.500000
vt -0.125000 1.000000 0.500000
vt 0.125000 1.000000 0.500000
vt 0.062500 1.000000 0.500000
vt 0.125000 1.000000 0.500000
vt 0.062500 1.000000 0.500000
vt 0.250000 1.000000 0.500000
vt 0.187500 1.000000 0.500000
vt 0.250000 1.000000 0.500000
vt 0.187500 1.000000 0.500000
vt 0.375000 1.000000 0.500000
vt 0.312500 1.000000 0.500000
vt 0.375000 1.000000 0.500000
vt 0.312500 1.000000 0.500000
vt 0.500000 1.000000 0.500000
vt 0.437500 1.000000 0.500000
vt 0.500000 1.000000 0.500000
vt 0.437500 1.000000 0.500000
vt 0.562500 1.000000 0.500000
vt 0.562500 1.000000 0.500000
vt 0.687500 1.000000 0.500000
vt 0.625000 1.000000 0.500000
vt 0.875000 1.000000 0.500000
vt 0.875000 1.000000 0.500000
vt 0.875000 1.000000 0.500000
vt 0.812500 1.000000 0.500000
vt 0.750000 1.000000 0.500000
vt 0.000000 1.000000 0.500000
vt -0.062500 1.000000 0.500000
vt -0.125000 1.000000 0.500000
vt 0.125000 1.000000 0.500000
vt 0.062500 1.000000 0.500000
vt 0.250000 1.000000 0.500000
vt 0.187500 1.000000 0.500000
vt 0.375000 1.000000 0.500000
vt 0.312500 1.000000 0.500000
vt 0.500000 1.000000 0.500000
vt 0.437500 1.000000 0.500000
vt 0.625000 1.000000 0.500000
vt 0.562500 1.000000 0.500000
vt 0.687500 1.000000 0.500000
vt 0.812500 1.000000 0.500000
vt 0.750000 1.000000 0.500000
vt 0.875000 1.000000 0.500000
vt -0.062500 1.000000 0.500000
vt -0.125000 1.000000 0.500000
vt 0.000000 1.000000 0.500000
vt 0.062500 1.000000 0.500000
vt 0.125000 1.000000 0.500000
vt 0.187500 1.000000 0.500000
vt 0.250000 1.000000 0.500000
vt 0.312500 1.000000 0.500000
vt 0.375000 1.000000 0.500000
vt 0.437500 1.000000 0.500000
vt 0.500000 1.000000 0.500000
vt 0.562500 1.000000 0.500000
vt 0.625000 1.000000 0.500000
vt 0.687500 1.000000 0.500000
vt 0.875000 1.000000 0.500000
vt 0.812500 1.000000 0.500000
vt 0.750000 1.000000 0.500000
vt 0.000000 1.000000 0.500000
vt -0.062500 1.000000 0.500000
vt -0.125000 1.000000 0.500000
vt 0.125000 1.000000 0.500000
vt 0.062500 1.000000 0.500000
vt 0.250000 1.000000 0.500000
vt 0.187500 1.000000 0.500000
vt 0.375000 1.000000 0.500000
vt 0.312500 1.000000 0.500000
vt 0.500000 1.000000 0.500000
vt 0.437500 1.000000 0.500000
vt 0.625000 1.000000 0.500000
vt 0.562500 1.000000 0.500000
vt 0.687500 1.000000 0.500000
# 705 texture coords

o ???009
g ???009
f 3670/4241 3671/4242 3676/4247 3674/4245 
f 3670/4241 3673/4244 3672/4243 3671/4242 
f 3675/4246 3677/4248 3672/4243 3673/4244 
f 3676/4247 3677/4248 3675/4246 3674/4245 
f 3673/4244 3670/4241 3674/4245 3675/4246 
f 3671/4242 3672/4243 3677/4248 3676/4247 
f 3685/4272 3684/4271 3683/4270 3682/4269 3681/4268 3680/4267 3679/4250 3678/4249 
f 3678/4249 3679/4250 3687/4258 3686/4257 
f 3679/4265 3680/4251 3688/4259 3687/4266 
f 3680/4251 3681/4252 3689/4260 3688/4259 
f 3681/4252 3682/4253 3690/4261 3689/4260 
f 3682/4253 3683/4254 3691/4262 3690/4261 
f 3683/4254 3684/4255 3692/4263 3691/4262 
f 3684/4255 3685/4256 3693/4264 3692/4263 
f 3685/4256 3678/4249 3686/4257 3693/4264 
f 3693/4264 3686/4257 3687/4258 3688/4273 3689/4274 3690/4275 3691/4276 3692/4277 
f 3701/4301 3700/4300 3699/4299 3698/4298 3697/4297 3696/4296 3695/4279 3694/4278 
f 3694/4278 3695/4279 3703/4287 3702/4286 
f 3695/4294 3696/4280 3704/4288 3703/4295 
f 3696/4280 3697/4281 3705/4289 3704/4288 
f 3697/4281 3698/4282 3706/4290 3705/4289 
f 3698/4282 3699/4283 3707/4291 3706/4290 
f 3699/4283 3700/4284 3708/4292 3707/4291 
f 3700/4284 3701/4285 3709/4293 3708/4292 
f 3701/4285 3694/4278 3702/4286 3709/4293 
f 3709/4293 3702/4286 3703/4287 3704/4302 3705/4303 3706/4304 3707/4305 3708/4306 
f 3717/4330 3716/4329 3715/4328 3714/4327 3713/4326 3712/4325 3711/4308 3710/4307 
f 3710/4307 3711/4308 3719/4316 3718/4315 
f 3711/4323 3712/4309 3720/4317 3719/4324 
f 3712/4309 3713/4310 3721/4318 3720/4317 
f 3713/4310 3714/4311 3722/4319 3721/4318 
f 3714/4311 3715/4312 3723/4320 3722/4319 
f 3715/4312 3716/4313 3724/4321 3723/4320 
f 3716/4313 3717/4314 3725/4322 3724/4321 
f 3717/4314 3710/4307 3718/4315 3725/4322 
f 3725/4322 3718/4315 3719/4316 3720/4331 3721/4332 3722/4333 3723/4334 3724/4335 
f 4010/4336 3798/4337 3799/4340 3942/4341 
f 3798/4337 4003/4338 3941/4339 3799/4340 
f 4003/4342 3800/4343 3801/4346 3941/4347 
f 3800/4343 4004/4344 3943/4345 3801/4346 
f 4004/4344 3802/4348 3803/4351 3943/4345 
f 3802/4348 4005/4349 3944/4350 3803/4351 
f 4005/4349 3804/4352 3805/4355 3944/4350 
f 3804/4352 4006/4353 3945/4354 3805/4355 
f 4006/4353 3806/4356 3807/4359 3945/4354 
f 3806/4356 4007/4357 3946/4358 3807/4359 
f 4007/4357 3808/4360 3809/4363 3946/4358 
f 3808/4360 4009/4361 3947/4362 3809/4363 
f 4009/4361 3810/4364 3811/4367 3947/4362 
f 3810/4364 4008/4365 3948/4366 3811/4367 
f 4008/4365 3812/4368 3813/4369 3948/4366 
f 3812/4368 4010/4336 3942/4341 3813/4369 
f 3949/4370 3814/4371 3815/4374 3952/4375 
f 3814/4371 3950/4372 3951/4373 3815/4374 
f 3950/4376 3816/4377 3817/4380 3951/4381 
f 3816/4377 3953/4378 3954/4379 3817/4380 
f 3953/4378 3818/4382 3819/4385 3954/4379 
f 3818/4382 3955/4383 3956/4384 3819/4385 
f 3955/4383 3820/4386 3821/4389 3956/4384 
f 3820/4386 3940/4387 3957/4388 3821/4389 
f 3940/4387 3822/4390 3823/4393 3957/4388 
f 3822/4390 3958/4391 3959/4392 3823/4393 
f 3958/4391 3824/4394 3825/4397 3959/4392 
f 3824/4394 3960/4395 3961/4396 3825/4397 
f 3960/4395 3826/4398 3827/4401 3961/4396 
f 3826/4398 3962/4399 3963/4400 3827/4401 
f 3962/4399 3828/4402 3829/4403 3963/4400 
f 3828/4402 3949/4370 3952/4375 3829/4403 
f 3964/4404 3830/4405 3742/4406 3831/4407 
f 3965/4408 3832/4409 3742/4406 3830/4405 
f 3966/4410 3831/4407 3742/4406 3832/4409 
f 3964/4404 3831/4411 3743/4412 3833/4413 
f 3966/4414 3834/4415 3743/4412 3831/4411 
f 3967/4416 3833/4413 3743/4412 3834/4415 
f 3964/4404 3833/4413 3744/4417 3835/4418 
f 3967/4416 3836/4419 3744/4417 3833/4413 
f 3968/4420 3835/4418 3744/4417 3836/4419 
f 3964/4404 3835/4418 3745/4421 3837/4422 
f 3968/4420 3838/4423 3745/4421 3835/4418 
f 3969/4424 3837/4422 3745/4421 3838/4423 
f 3964/4404 3837/4422 3746/4425 3839/4426 
f 3969/4424 3840/4427 3746/4425 3837/4422 
f 3970/4428 3839/4426 3746/4425 3840/4427 
f 3964/4404 3839/4426 3747/4429 3841/4430 
f 3970/4428 3842/4431 3747/4429 3839/4426 
f 3971/4432 3841/4430 3747/4429 3842/4431 
f 3964/4404 3841/4430 3748/4433 3843/4434 
f 3971/4432 3844/4435 3748/4433 3841/4430 
f 3972/4436 3843/4434 3748/4433 3844/4435 
f 3964/4404 3843/4434 3749/4437 3830/4405 
f 3972/4436 3845/4438 3749/4437 3843/4434 
f 3965/4408 3830/4405 3749/4437 3845/4438 
f 3941/4339 3846/4439 3727/4440 3799/4340 
f 3846/4439 3950/4372 3814/4371 3727/4440 
f 3727/4440 3814/4371 3949/4370 3847/4441 
f 3799/4340 3727/4440 3847/4441 3942/4341 
f 3943/4442 3848/4443 3726/4444 3801/4445 
f 3848/4443 3953/4378 3816/4377 3726/4444 
f 3726/4444 3816/4377 3950/4376 3846/4446 
f 3801/4445 3726/4444 3846/4446 3941/4447 
f 3944/4350 3849/4448 3729/4449 3803/4351 
f 3849/4448 3955/4383 3818/4382 3729/4449 
f 3729/4449 3818/4382 3953/4378 3848/4450 
f 3803/4351 3729/4449 3848/4450 3943/4345 
f 3945/4354 3850/4451 3730/4452 3805/4355 
f 3850/4451 3940/4387 3820/4386 3730/4452 
f 3730/4452 3820/4386 3955/4383 3849/4448 
f 3805/4355 3730/4452 3849/4448 3944/4350 
f 3946/4358 3851/4453 3731/4454 3807/4359 
f 3851/4453 3958/4391 3822/4390 3731/4454 
f 3731/4454 3822/4390 3940/4387 3850/4451 
f 3807/4359 3731/4454 3850/4451 3945/4354 
f 3947/4362 3852/4455 3732/4456 3809/4363 
f 3852/4455 3960/4395 3824/4394 3732/4456 
f 3732/4456 3824/4394 3958/4391 3851/4453 
f 3809/4363 3732/4456 3851/4453 3946/4358 
f 3948/4366 3853/4457 3733/4458 3811/4367 
f 3853/4457 3962/4399 3826/4398 3733/4458 
f 3733/4458 3826/4398 3960/4395 3852/4455 
f 3811/4367 3733/4458 3852/4455 3947/4362 
f 3942/4341 3847/4441 3728/4459 3813/4369 
f 3847/4441 3949/4370 3828/4402 3728/4459 
f 3728/4459 3828/4402 3962/4399 3853/4457 
f 3813/4369 3728/4459 3853/4457 3948/4366 
f 3952/4375 3815/4374 3735/4460 3854/4461 
f 3815/4374 3951/4373 3855/4462 3735/4460 
f 3735/4460 3855/4462 3894/4542 3759/4543 
f 3854/4461 3735/4460 3759/4543 3895/4544 
f 3951/4381 3817/4380 3734/4463 3855/4464 
f 3817/4380 3954/4379 3856/4465 3734/4463 
f 3734/4463 3856/4465 3896/4545 3758/4546 
f 3855/4464 3734/4463 3758/4546 3894/4547 
f 3954/4379 3819/4385 3737/4466 3856/4465 
f 3819/4385 3956/4384 3857/4467 3737/4466 
f 3737/4466 3857/4467 3897/4548 3761/4549 
f 3856/4465 3737/4466 3761/4549 3896/4545 
f 3956/4384 3821/4389 3738/4468 3857/4467 
f 3821/4389 3957/4388 3858/4469 3738/4468 
f 3738/4468 3858/4469 3898/4550 3762/4551 
f 3857/4467 3738/4468 3762/4551 3897/4548 
f 3957/4388 3823/4393 3739/4470 3858/4469 
f 3823/4393 3959/4392 3859/4471 3739/4470 
f 3739/4470 3859/4471 3899/4552 3763/4553 
f 3858/4469 3739/4470 3763/4553 3898/4550 
f 3959/4392 3825/4397 3740/4472 3859/4471 
f 3825/4397 3961/4396 3860/4473 3740/4472 
f 3740/4472 3860/4473 3900/4554 3764/4555 
f 3859/4471 3740/4472 3764/4555 3899/4552 
f 3961/4396 3827/4401 3741/4474 3860/4473 
f 3827/4401 3963/4400 3861/4475 3741/4474 
f 3741/4474 3861/4475 3901/4556 3765/4557 
f 3860/4473 3741/4474 3765/4557 3900/4554 
f 3963/4400 3829/4403 3736/4476 3861/4475 
f 3829/4403 3952/4375 3854/4461 3736/4476 
f 3736/4476 3854/4461 3895/4544 3760/4558 
f 3861/4475 3736/4476 3760/4558 3901/4556 
f 3974/4477 3862/4478 3766/4479 3863/4480 
f 3862/4478 3902/4559 3770/4560 3766/4479 
f 3766/4479 3770/4560 3903/4561 3864/4481 
f 3863/4480 3766/4479 3864/4481 3975/4482 
f 3976/4483 3865/4484 3774/4485 3866/4486 
f 3865/4484 3904/4562 3777/4563 3774/4485 
f 3774/4485 3777/4563 3906/4567 3867/4487 
f 3866/4486 3774/4485 3867/4487 3977/4488 
f 3978/4489 3868/4490 3775/4491 3869/4492 
f 3868/4490 3907/4568 3776/4569 3775/4491 
f 3775/4491 3776/4569 3904/4562 3865/4484 
f 3869/4492 3775/4491 3865/4484 3976/4483 
f 3979/4493 3870/4494 3778/4495 3871/4496 
f 3870/4494 3909/4572 3779/4573 3778/4495 
f 3778/4495 3779/4573 3907/4568 3868/4490 
f 3871/4496 3778/4495 3868/4490 3978/4489 
f 3980/4497 3872/4498 3780/4499 3873/4500 
f 3872/4498 3911/4576 3781/4577 3780/4499 
f 3780/4499 3781/4577 3909/4572 3870/4494 
f 3873/4500 3780/4499 3870/4494 3979/4493 
f 3981/4501 3874/4502 3782/4503 3875/4504 
f 3874/4502 3913/4580 3783/4581 3782/4503 
f 3782/4503 3783/4581 3911/4576 3872/4498 
f 3875/4504 3782/4503 3872/4498 3980/4497 
f 3982/4505 3876/4506 3784/4507 3877/4508 
f 3876/4506 3887/4528 3785/4584 3784/4507 
f 3784/4507 3785/4584 3913/4580 3874/4502 
f 3877/4508 3784/4507 3874/4502 3981/4501 
f 3975/4482 3864/4481 3772/4509 3878/4510 
f 3864/4481 3903/4561 3771/4586 3772/4509 
f 3772/4509 3771/4586 3888/4530 3879/4511 
f 3878/4510 3772/4509 3879/4511 3983/4512 
f 3984/4513 3880/4514 3788/4515 3881/4516 
f 3880/4514 3985/4517 3882/4518 3788/4515 
f 3788/4515 3882/4518 3986/4519 3883/4520 
f 3881/4516 3788/4515 3883/4520 3987/4521 
f 3985/4517 3884/4522 3789/4523 3882/4518 
f 3884/4522 3988/4524 3885/4525 3789/4523 
f 3789/4523 3885/4525 3989/4526 3886/4527 
f 3882/4518 3789/4523 3886/4527 3986/4519 
f 3988/4524 3887/4528 3787/4529 3885/4525 
f 3887/4528 3876/4506 3786/4587 3787/4529 
f 3787/4529 3786/4587 3879/4511 3888/4530 
f 3885/4525 3787/4529 3888/4530 3989/4526 
f 3982/4505 3889/4531 3773/4532 3890/4533 
f 3889/4531 3990/4534 3891/4535 3773/4532 
f 3773/4532 3891/4535 3975/4482 3878/4510 
f 3890/4533 3773/4532 3878/4510 3983/4512 
f 3990/4534 3892/4536 3767/4537 3891/4535 
f 3892/4536 3977/4538 3893/4539 3767/4537 
f 3767/4537 3893/4539 3974/4477 3863/4480 
f 3891/4535 3767/4537 3863/4480 3975/4482 
f 3977/4538 3867/4540 3768/4541 3893/4539 
f 3867/4540 3906/4588 3769/4589 3768/4541 
f 3768/4541 3769/4589 3902/4559 3862/4478 
f 3893/4539 3768/4541 3862/4478 3974/4477 
f 3894/4542 3977/4538 3892/4536 3759/4543 
f 3759/4543 3892/4536 3990/4534 3895/4544 
f 3896/4545 3976/4483 3866/4486 3758/4546 
f 3758/4546 3866/4486 3977/4488 3894/4547 
f 3897/4548 3978/4489 3869/4492 3761/4549 
f 3761/4549 3869/4492 3976/4483 3896/4545 
f 3898/4550 3979/4493 3871/4496 3762/4551 
f 3762/4551 3871/4496 3978/4489 3897/4548 
f 3899/4552 3980/4497 3873/4500 3763/4553 
f 3763/4553 3873/4500 3979/4493 3898/4550 
f 3900/4554 3981/4501 3875/4504 3764/4555 
f 3764/4555 3875/4504 3980/4497 3899/4552 
f 3901/4556 3982/4505 3877/4508 3765/4557 
f 3765/4557 3877/4508 3981/4501 3900/4554 
f 3895/4544 3990/4534 3889/4531 3760/4558 
f 3760/4558 3889/4531 3982/4505 3901/4556 
f 3902/4559 3987/4521 3883/4520 3770/4560 
f 3770/4560 3883/4520 3986/4519 3903/4561 
f 3904/4562 3991/4564 3905/4565 3777/4563 
f 3777/4563 3905/4565 3984/4566 3906/4567 
f 3907/4568 3992/4570 3908/4571 3776/4569 
f 3776/4569 3908/4571 3991/4564 3904/4562 
f 3909/4572 3993/4574 3910/4575 3779/4573 
f 3779/4573 3910/4575 3992/4570 3907/4568 
f 3911/4576 3994/4578 3912/4579 3781/4577 
f 3781/4577 3912/4579 3993/4574 3909/4572 
f 3913/4580 3995/4582 3914/4583 3783/4581 
f 3783/4581 3914/4583 3994/4578 3911/4576 
f 3887/4528 3988/4524 3915/4585 3785/4584 
f 3785/4584 3915/4585 3995/4582 3913/4580 
f 3903/4561 3986/4519 3886/4527 3771/4586 
f 3771/4586 3886/4527 3989/4526 3888/4530 
f 3876/4506 3982/4505 3890/4533 3786/4587 
f 3786/4587 3890/4533 3983/4512 3879/4511 
f 3906/4588 3984/4513 3881/4516 3769/4589 
f 3769/4589 3881/4516 3987/4521 3902/4559 
f 3985/4517 3880/4514 3916/4591 3997/4592 
f 3880/4514 3984/4513 3996/4590 3916/4591 
f 3984/4566 3905/4565 3917/4594 3996/4595 
f 3905/4565 3991/4564 3998/4593 3917/4594 
f 3991/4564 3908/4571 3918/4597 3998/4593 
f 3908/4571 3992/4570 3973/4596 3918/4597 
f 3992/4570 3910/4575 3919/4599 3973/4596 
f 3910/4575 3993/4574 3999/4598 3919/4599 
f 3993/4574 3912/4579 3920/4601 3999/4598 
f 3912/4579 3994/4578 4000/4600 3920/4601 
f 3994/4578 3914/4583 3921/4603 4000/4600 
f 3914/4583 3995/4582 4001/4602 3921/4603 
f 3995/4582 3915/4585 3922/4605 4001/4602 
f 3915/4585 3988/4524 4002/4604 3922/4605 
f 3988/4524 3884/4522 3923/4606 4002/4604 
f 3884/4522 3985/4517 3997/4592 3923/4606 
f 3997/4592 3916/4591 3791/4607 3924/4608 
f 3916/4591 3996/4590 3925/4609 3791/4607 
f 3791/4607 3925/4609 3932/4624 3751/4625 
f 3924/4608 3791/4607 3751/4625 3933/4626 
f 3996/4595 3917/4594 3790/4610 3925/4611 
f 3917/4594 3998/4593 3926/4612 3790/4610 
f 3790/4610 3926/4612 3934/4627 3752/4628 
f 3925/4611 3790/4610 3752/4628 3932/4629 
f 3998/4593 3918/4597 3793/4613 3926/4612 
f 3918/4597 3973/4596 3927/4614 3793/4613 
f 3793/4613 3927/4614 3935/4630 3753/4631 
f 3926/4612 3793/4613 3753/4631 3934/4627 
f 3973/4596 3919/4599 3794/4615 3927/4614 
f 3919/4599 3999/4598 3928/4616 3794/4615 
f 3794/4615 3928/4616 3936/4632 3754/4633 
f 3927/4614 3794/4615 3754/4633 3935/4630 
f 3999/4598 3920/4601 3795/4617 3928/4616 
f 3920/4601 4000/4600 3929/4618 3795/4617 
f 3795/4617 3929/4618 3937/4634 3755/4635 
f 3928/4616 3795/4617 3755/4635 3936/4632 
f 4000/4600 3921/4603 3796/4619 3929/4618 
f 3921/4603 4001/4602 3930/4620 3796/4619 
f 3796/4619 3930/4620 3938/4636 3756/4637 
f 3929/4618 3796/4619 3756/4637 3937/4634 
f 4001/4602 3922/4605 3797/4621 3930/4620 
f 3922/4605 4002/4604 3931/4622 3797/4621 
f 3797/4621 3931/4622 3939/4638 3757/4639 
f 3930/4620 3797/4621 3757/4639 3938/4636 
f 4002/4604 3923/4606 3792/4623 3931/4622 
f 3923/4606 3997/4592 3924/4608 3792/4623 
f 3792/4623 3924/4608 3933/4626 3750/4640 
f 3931/4622 3792/4623 3750/4640 3939/4638 
f 3932/4624 3966/4410 3832/4409 3751/4625 
f 3751/4625 3832/4409 3965/4408 3933/4626 
f 3934/4627 3967/4416 3834/4415 3752/4628 
f 3752/4628 3834/4415 3966/4414 3932/4629 
f 3935/4630 3968/4420 3836/4419 3753/4631 
f 3753/4631 3836/4419 3967/4416 3934/4627 
f 3936/4632 3969/4424 3838/4423 3754/4633 
f 3754/4633 3838/4423 3968/4420 3935/4630 
f 3937/4634 3970/4428 3840/4427 3755/4635 
f 3755/4635 3840/4427 3969/4424 3936/4632 
f 3938/4636 3971/4432 3842/4431 3756/4637 
f 3756/4637 3842/4431 3970/4428 3937/4634 
f 3939/4638 3972/4436 3844/4435 3757/4639 
f 3757/4639 3844/4435 3971/4432 3938/4636 
f 3933/4626 3965/4408 3845/4438 3750/4640 
f 3750/4640 3845/4438 3972/4436 3939/4638 
f 4295/4641 4227/4646 4084/4645 4083/4642 
f 4083/4642 4084/4645 4226/4644 4288/4643 
f 4288/4647 4226/4652 4086/4651 4085/4648 
f 4085/4648 4086/4651 4228/4650 4289/4649 
f 4289/4649 4228/4650 4088/4656 4087/4653 
f 4087/4653 4088/4656 4229/4655 4290/4654 
f 4290/4654 4229/4655 4090/4660 4089/4657 
f 4089/4657 4090/4660 4230/4659 4291/4658 
f 4291/4658 4230/4659 4092/4664 4091/4661 
f 4091/4661 4092/4664 4231/4663 4292/4662 
f 4292/4662 4231/4663 4094/4668 4093/4665 
f 4093/4665 4094/4668 4232/4667 4294/4666 
f 4294/4666 4232/4667 4096/4672 4095/4669 
f 4095/4669 4096/4672 4233/4671 4293/4670 
f 4293/4670 4233/4671 4098/4674 4097/4673 
f 4097/4673 4098/4674 4227/4646 4295/4641 
f 4234/4675 4237/4680 4100/4679 4099/4676 
f 4099/4676 4100/4679 4236/4678 4235/4677 
f 4235/4681 4236/4686 4102/4685 4101/4682 
f 4101/4682 4102/4685 4239/4684 4238/4683 
f 4238/4683 4239/4684 4104/4690 4103/4687 
f 4103/4687 4104/4690 4241/4689 4240/4688 
f 4240/4688 4241/4689 4106/4694 4105/4691 
f 4105/4691 4106/4694 4242/4693 4225/4692 
f 4225/4692 4242/4693 4108/4698 4107/4695 
f 4107/4695 4108/4698 4244/4697 4243/4696 
f 4243/4696 4244/4697 4110/4702 4109/4699 
f 4109/4699 4110/4702 4246/4701 4245/4700 
f 4245/4700 4246/4701 4112/4706 4111/4703 
f 4111/4703 4112/4706 4248/4705 4247/4704 
f 4247/4704 4248/4705 4114/4708 4113/4707 
f 4113/4707 4114/4708 4237/4680 4234/4675 
f 4249/4709 4116/4712 4027/4711 4115/4710 
f 4250/4713 4115/4710 4027/4711 4117/4714 
f 4251/4715 4117/4714 4027/4711 4116/4712 
f 4249/4709 4118/4718 4028/4717 4116/4716 
f 4251/4719 4116/4716 4028/4717 4119/4720 
f 4252/4721 4119/4720 4028/4717 4118/4718 
f 4249/4709 4120/4723 4029/4722 4118/4718 
f 4252/4721 4118/4718 4029/4722 4121/4724 
f 4253/4725 4121/4724 4029/4722 4120/4723 
f 4249/4709 4122/4727 4030/4726 4120/4723 
f 4253/4725 4120/4723 4030/4726 4123/4728 
f 4254/4729 4123/4728 4030/4726 4122/4727 
f 4249/4709 4124/4731 4031/4730 4122/4727 
f 4254/4729 4122/4727 4031/4730 4125/4732 
f 4255/4733 4125/4732 4031/4730 4124/4731 
f 4249/4709 4126/4735 4032/4734 4124/4731 
f 4255/4733 4124/4731 4032/4734 4127/4736 
f 4256/4737 4127/4736 4032/4734 4126/4735 
f 4249/4709 4128/4739 4033/4738 4126/4735 
f 4256/4737 4126/4735 4033/4738 4129/4740 
f 4257/4741 4129/4740 4033/4738 4128/4739 
f 4249/4709 4115/4710 4034/4742 4128/4739 
f 4257/4741 4128/4739 4034/4742 4130/4743 
f 4250/4713 4130/4743 4034/4742 4115/4710 
f 4226/4644 4084/4645 4012/4745 4131/4744 
f 4131/4744 4012/4745 4099/4676 4235/4677 
f 4012/4745 4132/4746 4234/4675 4099/4676 
f 4084/4645 4227/4646 4132/4746 4012/4745 
f 4228/4747 4086/4750 4011/4749 4133/4748 
f 4133/4748 4011/4749 4101/4682 4238/4683 
f 4011/4749 4131/4751 4235/4681 4101/4682 
f 4086/4750 4226/4752 4131/4751 4011/4749 
f 4229/4655 4088/4656 4014/4754 4134/4753 
f 4134/4753 4014/4754 4103/4687 4240/4688 
f 4014/4754 4133/4755 4238/4683 4103/4687 
f 4088/4656 4228/4650 4133/4755 4014/4754 
f 4230/4659 4090/4660 4015/4757 4135/4756 
f 4135/4756 4015/4757 4105/4691 4225/4692 
f 4015/4757 4134/4753 4240/4688 4105/4691 
f 4090/4660 4229/4655 4134/4753 4015/4757 
f 4231/4663 4092/4664 4016/4759 4136/4758 
f 4136/4758 4016/4759 4107/4695 4243/4696 
f 4016/4759 4135/4756 4225/4692 4107/4695 
f 4092/4664 4230/4659 4135/4756 4016/4759 
f 4232/4667 4094/4668 4017/4761 4137/4760 
f 4137/4760 4017/4761 4109/4699 4245/4700 
f 4017/4761 4136/4758 4243/4696 4109/4699 
f 4094/4668 4231/4663 4136/4758 4017/4761 
f 4233/4671 4096/4672 4018/4763 4138/4762 
f 4138/4762 4018/4763 4111/4703 4247/4704 
f 4018/4763 4137/4760 4245/4700 4111/4703 
f 4096/4672 4232/4667 4137/4760 4018/4763 
f 4227/4646 4098/4674 4013/4764 4132/4746 
f 4132/4746 4013/4764 4113/4707 4234/4675 
f 4013/4764 4138/4762 4247/4704 4113/4707 
f 4098/4674 4233/4671 4138/4762 4013/4764 
f 4237/4680 4139/4766 4020/4765 4100/4679 
f 4100/4679 4020/4765 4140/4767 4236/4678 
f 4020/4765 4044/4848 4179/4847 4140/4767 
f 4139/4766 4180/4849 4044/4848 4020/4765 
f 4236/4686 4140/4769 4019/4768 4102/4685 
f 4102/4685 4019/4768 4141/4770 4239/4684 
f 4019/4768 4043/4851 4181/4850 4141/4770 
f 4140/4769 4179/4852 4043/4851 4019/4768 
f 4239/4684 4141/4770 4022/4771 4104/4690 
f 4104/4690 4022/4771 4142/4772 4241/4689 
f 4022/4771 4046/4854 4182/4853 4142/4772 
f 4141/4770 4181/4850 4046/4854 4022/4771 
f 4241/4689 4142/4772 4023/4773 4106/4694 
f 4106/4694 4023/4773 4143/4774 4242/4693 
f 4023/4773 4047/4856 4183/4855 4143/4774 
f 4142/4772 4182/4853 4047/4856 4023/4773 
f 4242/4693 4143/4774 4024/4775 4108/4698 
f 4108/4698 4024/4775 4144/4776 4244/4697 
f 4024/4775 4048/4858 4184/4857 4144/4776 
f 4143/4774 4183/4855 4048/4858 4024/4775 
f 4244/4697 4144/4776 4025/4777 4110/4702 
f 4110/4702 4025/4777 4145/4778 4246/4701 
f 4025/4777 4049/4860 4185/4859 4145/4778 
f 4144/4776 4184/4857 4049/4860 4025/4777 
f 4246/4701 4145/4778 4026/4779 4112/4706 
f 4112/4706 4026/4779 4146/4780 4248/4705 
f 4026/4779 4050/4862 4186/4861 4146/4780 
f 4145/4778 4185/4859 4050/4862 4026/4779 
f 4248/4705 4146/4780 4021/4781 4114/4708 
f 4114/4708 4021/4781 4139/4766 4237/4680 
f 4021/4781 4045/4863 4180/4849 4139/4766 
f 4146/4780 4186/4861 4045/4863 4021/4781 
f 4259/4782 4148/4785 4051/4784 4147/4783 
f 4147/4783 4051/4784 4055/4865 4187/4864 
f 4051/4784 4149/4786 4188/4866 4055/4865 
f 4148/4785 4260/4787 4149/4786 4051/4784 
f 4261/4788 4151/4791 4059/4790 4150/4789 
f 4150/4789 4059/4790 4062/4868 4189/4867 
f 4059/4790 4152/4792 4191/4872 4062/4868 
f 4151/4791 4262/4793 4152/4792 4059/4790 
f 4263/4794 4154/4797 4060/4796 4153/4795 
f 4153/4795 4060/4796 4061/4874 4192/4873 
f 4060/4796 4150/4789 4189/4867 4061/4874 
f 4154/4797 4261/4788 4150/4789 4060/4796 
f 4264/4798 4156/4801 4063/4800 4155/4799 
f 4155/4799 4063/4800 4064/4878 4194/4877 
f 4063/4800 4153/4795 4192/4873 4064/4878 
f 4156/4801 4263/4794 4153/4795 4063/4800 
f 4265/4802 4158/4805 4065/4804 4157/4803 
f 4157/4803 4065/4804 4066/4882 4196/4881 
f 4065/4804 4155/4799 4194/4877 4066/4882 
f 4158/4805 4264/4798 4155/4799 4065/4804 
f 4266/4806 4160/4809 4067/4808 4159/4807 
f 4159/4807 4067/4808 4068/4886 4198/4885 
f 4067/4808 4157/4803 4196/4881 4068/4886 
f 4160/4809 4265/4802 4157/4803 4067/4808 
f 4267/4810 4162/4813 4069/4812 4161/4811 
f 4161/4811 4069/4812 4070/4889 4172/4833 
f 4069/4812 4159/4807 4198/4885 4070/4889 
f 4162/4813 4266/4806 4159/4807 4069/4812 
f 4260/4787 4163/4815 4057/4814 4149/4786 
f 4149/4786 4057/4814 4056/4891 4188/4866 
f 4057/4814 4164/4816 4173/4835 4056/4891 
f 4163/4815 4268/4817 4164/4816 4057/4814 
f 4269/4818 4166/4821 4073/4820 4165/4819 
f 4165/4819 4073/4820 4167/4823 4270/4822 
f 4073/4820 4168/4825 4271/4824 4167/4823 
f 4166/4821 4272/4826 4168/4825 4073/4820 
f 4270/4822 4167/4823 4074/4828 4169/4827 
f 4169/4827 4074/4828 4170/4830 4273/4829 
f 4074/4828 4171/4832 4274/4831 4170/4830 
f 4167/4823 4271/4824 4171/4832 4074/4828 
f 4273/4829 4170/4830 4072/4834 4172/4833 
f 4172/4833 4072/4834 4071/4892 4161/4811 
f 4072/4834 4173/4835 4164/4816 4071/4892 
f 4170/4830 4274/4831 4173/4835 4072/4834 
f 4267/4810 4175/4838 4058/4837 4174/4836 
f 4174/4836 4058/4837 4176/4840 4275/4839 
f 4058/4837 4163/4815 4260/4787 4176/4840 
f 4175/4838 4268/4817 4163/4815 4058/4837 
f 4275/4839 4176/4840 4052/4842 4177/4841 
f 4177/4841 4052/4842 4178/4844 4262/4843 
f 4052/4842 4148/4785 4259/4782 4178/4844 
f 4176/4840 4260/4787 4148/4785 4052/4842 
f 4262/4843 4178/4844 4053/4846 4152/4845 
f 4152/4845 4053/4846 4054/4894 4191/4893 
f 4053/4846 4147/4783 4187/4864 4054/4894 
f 4178/4844 4259/4782 4147/4783 4053/4846 
f 4179/4847 4044/4848 4177/4841 4262/4843 
f 4044/4848 4180/4849 4275/4839 4177/4841 
f 4181/4850 4043/4851 4151/4791 4261/4788 
f 4043/4851 4179/4852 4262/4793 4151/4791 
f 4182/4853 4046/4854 4154/4797 4263/4794 
f 4046/4854 4181/4850 4261/4788 4154/4797 
f 4183/4855 4047/4856 4156/4801 4264/4798 
f 4047/4856 4182/4853 4263/4794 4156/4801 
f 4184/4857 4048/4858 4158/4805 4265/4802 
f 4048/4858 4183/4855 4264/4798 4158/4805 
f 4185/4859 4049/4860 4160/4809 4266/4806 
f 4049/4860 4184/4857 4265/4802 4160/4809 
f 4186/4861 4050/4862 4162/4813 4267/4810 
f 4050/4862 4185/4859 4266/4806 4162/4813 
f 4180/4849 4045/4863 4174/4836 4275/4839 
f 4045/4863 4186/4861 4267/4810 4174/4836 
f 4187/4864 4055/4865 4168/4825 4272/4826 
f 4055/4865 4188/4866 4271/4824 4168/4825 
f 4189/4867 4062/4868 4190/4870 4276/4869 
f 4062/4868 4191/4872 4269/4871 4190/4870 
f 4192/4873 4061/4874 4193/4876 4277/4875 
f 4061/4874 4189/4867 4276/4869 4193/4876 
f 4194/4877 4064/4878 4195/4880 4278/4879 
f 4064/4878 4192/4873 4277/4875 4195/4880 
f 4196/4881 4066/4882 4197/4884 4279/4883 
f 4066/4882 4194/4877 4278/4879 4197/4884 
f 4198/4885 4068/4886 4199/4888 4280/4887 
f 4068/4886 4196/4881 4279/4883 4199/4888 
f 4172/4833 4070/4889 4200/4890 4273/4829 
f 4070/4889 4198/4885 4280/4887 4200/4890 
f 4188/4866 4056/4891 4171/4832 4271/4824 
f 4056/4891 4173/4835 4274/4831 4171/4832 
f 4161/4811 4071/4892 4175/4838 4267/4810 
f 4071/4892 4164/4816 4268/4817 4175/4838 
f 4191/4893 4054/4894 4166/4821 4269/4818 
f 4054/4894 4187/4864 4272/4826 4166/4821 
f 4270/4822 4282/4897 4201/4896 4165/4819 
f 4165/4819 4201/4896 4281/4895 4269/4818 
f 4269/4871 4281/4900 4202/4899 4190/4870 
f 4190/4870 4202/4899 4283/4898 4276/4869 
f 4276/4869 4283/4898 4203/4902 4193/4876 
f 4193/4876 4203/4902 4258/4901 4277/4875 
f 4277/4875 4258/4901 4204/4904 4195/4880 
f 4195/4880 4204/4904 4284/4903 4278/4879 
f 4278/4879 4284/4903 4205/4906 4197/4884 
f 4197/4884 4205/4906 4285/4905 4279/4883 
f 4279/4883 4285/4905 4206/4908 4199/4888 
f 4199/4888 4206/4908 4286/4907 4280/4887 
f 4280/4887 4286/4907 4207/4910 4200/4890 
f 4200/4890 4207/4910 4287/4909 4273/4829 
f 4273/4829 4287/4909 4208/4911 4169/4827 
f 4169/4827 4208/4911 4282/4897 4270/4822 
f 4282/4897 4209/4913 4076/4912 4201/4896 
f 4201/4896 4076/4912 4210/4914 4281/4895 
f 4076/4912 4036/4930 4217/4929 4210/4914 
f 4209/4913 4218/4931 4036/4930 4076/4912 
f 4281/4900 4210/4916 4075/4915 4202/4899 
f 4202/4899 4075/4915 4211/4917 4283/4898 
f 4075/4915 4037/4933 4219/4932 4211/4917 
f 4210/4916 4217/4934 4037/4933 4075/4915 
f 4283/4898 4211/4917 4078/4918 4203/4902 
f 4203/4902 4078/4918 4212/4919 4258/4901 
f 4078/4918 4038/4936 4220/4935 4212/4919 
f 4211/4917 4219/4932 4038/4936 4078/4918 
f 4258/4901 4212/4919 4079/4920 4204/4904 
f 4204/4904 4079/4920 4213/4921 4284/4903 
f 4079/4920 4039/4938 4221/4937 4213/4921 
f 4212/4919 4220/4935 4039/4938 4079/4920 
f 4284/4903 4213/4921 4080/4922 4205/4906 
f 4205/4906 4080/4922 4214/4923 4285/4905 
f 4080/4922 4040/4940 4222/4939 4214/4923 
f 4213/4921 4221/4937 4040/4940 4080/4922 
f 4285/4905 4214/4923 4081/4924 4206/4908 
f 4206/4908 4081/4924 4215/4925 4286/4907 
f 4081/4924 4041/4942 4223/4941 4215/4925 
f 4214/4923 4222/4939 4041/4942 4081/4924 
f 4286/4907 4215/4925 4082/4926 4207/4910 
f 4207/4910 4082/4926 4216/4927 4287/4909 
f 4082/4926 4042/4944 4224/4943 4216/4927 
f 4215/4925 4223/4941 4042/4944 4082/4926 
f 4287/4909 4216/4927 4077/4928 4208/4911 
f 4208/4911 4077/4928 4209/4913 4282/4897 
f 4077/4928 4035/4945 4218/4931 4209/4913 
f 4216/4927 4224/4943 4035/4945 4077/4928 
f 4217/4929 4036/4930 4117/4714 4251/4715 
f 4036/4930 4218/4931 4250/4713 4117/4714 
f 4219/4932 4037/4933 4119/4720 4252/4721 
f 4037/4933 4217/4934 4251/4719 4119/4720 
f 4220/4935 4038/4936 4121/4724 4253/4725 
f 4038/4936 4219/4932 4252/4721 4121/4724 
f 4221/4937 4039/4938 4123/4728 4254/4729 
f 4039/4938 4220/4935 4253/4725 4123/4728 
f 4222/4939 4040/4940 4125/4732 4255/4733 
f 4040/4940 4221/4937 4254/4729 4125/4732 
f 4223/4941 4041/4942 4127/4736 4256/4737 
f 4041/4942 4222/4939 4255/4733 4127/4736 
f 4224/4943 4042/4944 4129/4740 4257/4741 
f 4042/4944 4223/4941 4256/4737 4129/4740 
f 4218/4931 4035/4945 4130/4743 4250/4713 
f 4035/4945 4224/4943 4257/4741 4130/4743 
# 588 polygons

#
# object 2?_????___??003
#

v  75.473221 20.958351 19.107132
v  74.517220 10.687413 20.152969
v  75.473221 10.687428 19.107132
v  74.517242 10.687427 35.013763
v  74.517242 20.958351 35.013763
v  75.473572 10.687451 35.923065
v  75.473572 20.958351 35.923004
v  74.517250 10.687426 24.910416
v  75.473572 10.687451 24.910431
v  74.517250 10.687426 30.109894
v  75.473572 10.687451 30.109894
v  74.517242 19.136845 30.109894
v  75.473572 19.136845 30.109894
v  74.517242 19.136845 24.910416
v  75.473572 19.136845 24.910431
v  74.517220 20.958351 20.152588
v  54.398415 10.687427 35.013779
v  54.398415 20.958351 35.013779
v  54.398415 20.958351 35.923004
v  54.398415 10.687451 35.923065
v  54.398258 20.958351 20.152588
v  54.398262 20.958351 19.107132
v  54.398262 10.687428 19.107132
v  54.398258 10.687413 20.152969
# 24 vertices

vt 0.401360 0.981250 0.000000
vt 0.597453 0.981250 0.000000
vt 0.750000 0.981250 0.000000
vt 0.446090 0.981250 0.000000
vt 0.500000 0.981250 0.000000
vt 0.750000 0.981250 0.000000
vt 0.500000 0.981250 0.000000
vt 0.750000 0.981250 0.000000
vt 0.500000 0.981250 0.000000
vt 0.750000 0.981250 0.000000
vt 0.500000 0.981250 0.000000
vt 0.750000 0.981250 0.000000
vt 0.750000 0.981250 0.000000
vt 0.750000 0.981250 0.000000
vt 0.500000 0.981250 0.000000
vt 0.500000 0.981250 0.000000
vt 0.500000 0.981250 0.000000
vt 0.750000 0.981250 0.000000
vt 0.500000 0.981250 0.000000
vt 0.500000 0.981250 0.000000
vt 0.500000 0.981250 0.000000
vt 0.500000 0.981250 0.000000
vt 0.750000 0.981250 0.000000
vt 0.750000 0.981250 0.000000
vt 0.750000 0.981250 0.000000
vt 0.214672 1.000000 0.000000
vt 0.682005 0.000004 0.000000
vt 0.682006 1.000000 0.000000
vt 0.000001 0.785328 0.000000
vt 0.999999 0.317993 0.000000
vt 0.999999 0.785327 0.000000
vt 0.785327 1.000000 0.000000
vt 0.317994 0.000004 0.000000
vt 0.785329 0.000007 0.000000
vt 0.500000 0.981250 0.000000
vt 0.750000 0.981250 0.000000
vt 0.750000 0.981250 0.000000
vt 0.750000 0.981250 0.000000
vt 0.500000 0.981250 0.000000
vt 0.500000 0.981250 0.000000
vt 0.500000 0.981250 0.000000
vt 0.500000 0.981250 0.000000
vt 0.750000 0.981250 0.000000
vt 0.750000 0.981250 0.000000
vt 0.750000 0.981250 0.000000
vt 0.750000 0.981250 0.000000
vt 0.750000 0.981250 0.000000
vt 0.214670 0.000007 0.000000
vt -0.000001 0.317994 0.000000
vt 0.317993 1.000000 0.000000
vt 0.500000 0.981250 0.000000
vt 0.500000 0.981250 0.000000
vt 0.597453 0.981250 0.000000
vt 0.401360 0.981250 0.000000
vt 0.446090 0.981250 0.000000
vt 0.750000 0.981250 0.000000
vt 0.500000 0.981250 0.000000
vt 0.500000 0.981250 0.000000
vt 0.750000 0.981250 0.000000
vt 0.750000 0.981250 0.000000
vt 0.500000 0.981250 0.000000
vt 0.750000 0.981250 0.000000
vt 0.750000 0.981250 0.000000
vt 0.500000 0.981250 0.000000
vt 0.500000 0.981250 0.000000
vt 0.750000 0.981250 0.000000
# 66 texture coords

o 2?_????___??003
g 2?_????___??003
f 4296/4946 4317/4999 4316/4998 4311/4947 
f 4297/4948 4319/5001 4318/5000 4298/4949 
f 4312/5002 4313/5003 4300/4980 4299/4950 
f 4302/4958 4296/4957 4311/4996 4300/4956 
f 4303/4961 4297/4960 4298/4982 4304/4959 
f 4305/4964 4306/4963 4301/4983 4299/4962 
f 4309/4973 4303/4972 4304/4993 4310/4971 
f 4308/4976 4307/4975 4309/4994 4310/4974 
f 4306/4979 4305/4978 4307/4995 4308/4977 
f 4303/4986 4309/4985 4311/4997 4297/4984 
f 4304/4990 4298/4989 4296/4991 4310/4988 
f 4296/4991 4302/4970 4308/4968 4310/4988 
f 4309/4985 4307/4965 4300/4987 4311/4997 
f 4302/4970 4301/4969 4306/4992 4308/4968 
f 4307/4965 4305/4967 4299/4966 4300/4987 
f 4316/4998 4319/5006 4297/4984 4311/4947 
f 4315/5005 4301/4981 4302/4953 4314/5004 
f 4315/5008 4312/5009 4299/4952 4301/4951 
f 4313/5010 4314/5011 4302/4955 4300/4954 
f 4318/5000 4317/5007 4296/4991 4298/4949 
# 20 polygons

#
# object ???010
#

v  74.517578 19.140760 24.917431
v  74.807533 19.140760 24.917431
v  74.807533 19.140762 30.110386
v  74.517578 19.140760 30.109161
v  74.517578 10.688331 24.917431
v  74.517578 10.688333 30.109161
v  74.807533 10.688328 24.917431
v  74.807533 10.688329 30.110386
v  74.498642 17.379021 30.156456
v  74.530342 17.379021 30.143326
v  74.543472 17.379021 30.111622
v  74.530342 17.379021 30.079920
v  74.498642 17.379021 30.066788
v  74.466934 17.379021 30.079920
v  74.453804 17.379021 30.111622
v  74.466934 17.379021 30.143326
v  74.498642 17.940809 30.156456
v  74.530342 17.940809 30.143326
v  74.543472 17.940809 30.111622
v  74.530342 17.940809 30.079920
v  74.498642 17.940809 30.066788
v  74.466934 17.940809 30.079920
v  74.453804 17.940809 30.111622
v  74.466934 17.940809 30.143326
v  74.498642 16.175558 30.156456
v  74.530342 16.175558 30.143326
v  74.543472 16.175558 30.111622
v  74.530342 16.175558 30.079920
v  74.498642 16.175558 30.066788
v  74.466934 16.175558 30.079920
v  74.453804 16.175558 30.111622
v  74.466934 16.175558 30.143326
v  74.498642 16.737349 30.156456
v  74.530342 16.737349 30.143326
v  74.543472 16.737349 30.111622
v  74.530342 16.737349 30.079920
v  74.498642 16.737349 30.066788
v  74.466934 16.737349 30.079920
v  74.453804 16.737349 30.111622
v  74.466934 16.737349 30.143326
v  74.498642 12.014170 30.156456
v  74.530342 12.014170 30.143326
v  74.543472 12.014170 30.111622
v  74.530342 12.014170 30.079920
v  74.498642 12.014170 30.066788
v  74.466934 12.014170 30.079920
v  74.453804 12.014170 30.111622
v  74.466934 12.014170 30.143326
v  74.498642 12.575960 30.156456
v  74.530342 12.575960 30.143326
v  74.543472 12.575960 30.111622
v  74.530342 12.575960 30.079920
v  74.498642 12.575960 30.066788
v  74.466934 12.575960 30.079920
v  74.453804 12.575960 30.111622
v  74.466934 12.575960 30.143326
v  74.449310 14.796040 25.594414
v  74.449310 14.696488 25.693964
v  74.449310 14.555703 25.693964
v  74.449310 14.796040 25.453629
v  74.449310 14.696488 25.354078
v  74.449310 14.555703 25.354078
v  74.449310 14.456154 25.453629
v  74.449310 14.456154 25.594414
v  74.447784 14.713211 25.560104
v  74.447784 14.662181 25.611137
v  74.447784 14.590012 25.611137
v  74.447784 14.713211 25.487936
v  74.447784 14.662181 25.436905
v  74.447784 14.590012 25.436905
v  74.447784 14.538980 25.487936
v  74.447784 14.538980 25.560104
v  74.305229 14.639219 25.555702
v  74.305229 14.657778 25.537144
v  74.305229 14.657778 25.510899
v  74.305229 14.639219 25.492340
v  74.305229 14.612973 25.492340
v  74.305229 14.594414 25.510899
v  74.305229 14.594414 25.537144
v  74.305229 14.612973 25.555702
v  74.312363 14.606411 25.571545
v  74.312363 14.645781 25.571545
v  74.312363 14.673619 25.543705
v  74.312363 14.673619 25.504337
v  74.312363 14.645781 25.476498
v  74.312363 14.606411 25.476498
v  74.312363 14.578573 25.504337
v  74.312363 14.578573 25.543705
v  74.429741 14.713211 25.560104
v  74.429741 14.662181 25.611137
v  74.429741 14.590012 25.611137
v  74.429741 14.713211 25.487936
v  74.429741 14.662181 25.436905
v  74.429741 14.590012 25.436905
v  74.429741 14.538980 25.487936
v  74.429741 14.538980 25.560104
v  74.393028 14.662181 26.046371
v  74.412788 14.662181 25.828754
v  74.393028 14.698265 25.813808
v  74.353500 14.698265 25.813808
v  74.353500 14.662181 26.046371
v  74.353500 14.590012 26.046371
v  74.393028 14.590012 26.046371
v  74.412788 14.590012 25.828754
v  74.393028 14.713211 25.560104
v  74.393028 14.713211 25.487936
v  74.353500 14.713211 25.487936
v  74.353500 14.713211 25.560104
v  74.393028 14.662181 25.436905
v  74.353500 14.662181 25.436905
v  74.393028 14.590012 25.436905
v  74.353500 14.590012 25.436905
v  74.393028 14.538980 25.487936
v  74.353500 14.538980 25.487936
v  74.393028 14.538980 25.560104
v  74.353500 14.538980 25.560104
v  74.393028 14.553927 25.813808
v  74.353500 14.553927 25.813808
v  74.333740 14.662181 25.828754
v  74.333740 14.590012 25.828754
v  74.326614 14.673619 25.543705
v  74.326614 14.645781 25.571545
v  74.326614 14.606411 25.571545
v  74.326614 14.673619 25.504337
v  74.326614 14.645781 25.476498
v  74.326614 14.606411 25.476498
v  74.326614 14.578573 25.504337
v  74.326614 14.578573 25.543705
v  74.521835 14.698265 25.698252
v  74.458649 14.697821 25.697180
v  74.521835 14.800326 25.596189
v  74.458649 14.799255 25.595745
v  74.521835 14.800326 25.451853
v  74.458649 14.799255 25.452297
v  74.521835 14.698265 25.349791
v  74.458649 14.697821 25.350863
v  74.521835 14.553927 25.349791
v  74.458649 14.554371 25.350863
v  74.521835 14.451865 25.451853
v  74.458649 14.452937 25.452297
v  74.521835 14.451865 25.596189
v  74.458649 14.452937 25.595745
v  74.521835 14.553927 25.698252
v  74.458649 14.554371 25.697180
v  74.448982 14.691090 25.680931
v  74.448593 14.666247 25.620955
v  74.448982 14.783005 25.589016
v  74.448593 14.723029 25.564173
v  74.448982 14.783005 25.459026
v  74.448593 14.723029 25.483870
v  74.448982 14.691090 25.367111
v  74.448593 14.666247 25.427088
v  74.448982 14.561101 25.367111
v  74.448593 14.585944 25.427088
v  74.448982 14.469187 25.459026
v  74.448593 14.529163 25.483870
v  74.448982 14.469187 25.589016
v  74.448593 14.529163 25.564173
v  74.448982 14.561101 25.680931
v  74.448593 14.585944 25.620955
v  74.305229 14.626097 25.555473
v  74.305229 14.648335 25.546261
v  74.307793 14.643418 25.565842
v  74.305229 14.657547 25.524021
v  74.307793 14.667916 25.541344
v  74.305229 14.648335 25.501781
v  74.307793 14.667916 25.506699
v  74.305229 14.626097 25.492569
v  74.307793 14.643418 25.482201
v  74.305229 14.603857 25.501781
v  74.307793 14.608774 25.482201
v  74.305229 14.594644 25.524021
v  74.307793 14.584276 25.506699
v  74.305229 14.603857 25.546261
v  74.307793 14.584276 25.541344
v  74.307793 14.608774 25.565842
v  74.449310 14.756573 25.654497
v  74.449310 14.626097 25.708542
v  74.449310 14.810617 25.524021
v  74.449310 14.756573 25.393545
v  74.449310 14.626097 25.339499
v  74.449310 14.495620 25.393545
v  74.449310 14.441574 25.524021
v  74.449310 14.495620 25.654497
v  74.447784 14.626097 25.618610
v  74.447784 14.692981 25.590906
v  74.447784 14.720685 25.524021
v  74.447784 14.692981 25.457136
v  74.447784 14.626097 25.429432
v  74.447784 14.559211 25.457136
v  74.447784 14.531507 25.524021
v  74.447784 14.559211 25.590906
v  74.393028 14.689244 25.980757
v  74.407845 14.662181 25.991968
v  74.393028 14.626097 26.053844
v  74.393028 14.720685 25.524021
v  74.412086 14.713211 25.560104
v  74.393028 14.702002 25.641573
v  74.393028 14.692981 25.457136
v  74.412086 14.713211 25.487936
v  74.393028 14.626097 25.429432
v  74.412086 14.662181 25.436905
v  74.393028 14.559211 25.457136
v  74.412086 14.590012 25.436905
v  74.393028 14.531507 25.524021
v  74.412086 14.538980 25.487936
v  74.393028 14.550190 25.641573
v  74.412086 14.538980 25.560104
v  74.407845 14.590012 25.991968
v  74.393028 14.562948 25.980757
v  74.333740 14.660130 25.660591
v  74.338684 14.689244 25.817545
v  74.333740 14.626097 25.836227
v  74.338684 14.662181 25.991968
v  74.333740 14.592062 25.660591
v  74.338684 14.562948 25.817545
v  74.338684 14.590012 25.991968
v  74.353500 14.550190 25.641573
v  74.353500 14.562948 25.980757
v  74.417023 14.590012 25.665541
v  74.407845 14.562948 25.817545
v  74.412788 14.626097 25.836227
v  74.417023 14.662181 25.665541
v  74.407845 14.689244 25.817545
v  74.429741 14.692981 25.590906
v  74.429741 14.626097 25.618610
v  74.429741 14.720685 25.524021
v  74.429741 14.692981 25.457136
v  74.429741 14.626097 25.429432
v  74.429741 14.559211 25.457136
v  74.429741 14.531507 25.524021
v  74.429741 14.559211 25.590906
v  74.353500 14.689244 25.980757
v  74.353500 14.626097 26.053844
v  74.353500 14.720685 25.524021
v  74.338684 14.708262 25.558056
v  74.353500 14.702002 25.641573
v  74.353500 14.692981 25.457136
v  74.338684 14.708262 25.489986
v  74.353500 14.626097 25.429432
v  74.338684 14.660130 25.441854
v  74.353500 14.559211 25.457136
v  74.338684 14.592062 25.441854
v  74.353500 14.531507 25.524021
v  74.338684 14.543929 25.489986
v  74.338684 14.543929 25.558056
v  74.331955 14.647830 25.576492
v  74.331955 14.678568 25.545755
v  74.331955 14.678568 25.502287
v  74.331955 14.647830 25.471550
v  74.331955 14.604362 25.471550
v  74.331955 14.573625 25.502287
v  74.331955 14.573625 25.545755
v  74.331955 14.604362 25.576492
v  74.326614 14.626097 25.575621
v  74.326614 14.662582 25.560507
v  74.326614 14.677696 25.524021
v  74.326614 14.662582 25.487534
v  74.326614 14.626097 25.472422
v  74.326614 14.589610 25.487534
v  74.326614 14.574496 25.524021
v  74.326614 14.589610 25.560507
v  74.312363 14.662582 25.560507
v  74.312363 14.626097 25.575621
v  74.312363 14.677696 25.524021
v  74.312363 14.662582 25.487534
v  74.312363 14.626097 25.472422
v  74.312363 14.589610 25.487534
v  74.312363 14.574496 25.524021
v  74.312363 14.589610 25.560507
v  74.448982 14.626097 25.353651
v  74.458649 14.759041 25.656967
v  74.458649 14.626097 25.712034
v  74.458649 14.814109 25.524021
v  74.458649 14.759041 25.391075
v  74.458649 14.626097 25.336008
v  74.458649 14.493151 25.391075
v  74.458649 14.438083 25.524021
v  74.458649 14.493151 25.656967
v  74.448982 14.626097 25.694391
v  74.448982 14.746566 25.644491
v  74.448593 14.700518 25.598442
v  74.448593 14.626097 25.629269
v  74.448982 14.796466 25.524021
v  74.448593 14.731344 25.524021
v  74.448982 14.746566 25.403551
v  74.448593 14.700518 25.449598
v  74.448593 14.626097 25.418774
v  74.448982 14.505625 25.403551
v  74.448593 14.551674 25.449598
v  74.448982 14.455726 25.524021
v  74.448593 14.520847 25.524021
v  74.448982 14.505625 25.644491
v  74.448593 14.551674 25.598442
v  74.305229 14.626097 25.524021
v  74.307014 14.626097 25.570160
v  74.307014 14.658722 25.556646
v  74.307014 14.672235 25.524021
v  74.307014 14.658722 25.491396
v  74.307014 14.626097 25.477880
v  74.307014 14.593471 25.491396
v  74.307014 14.579956 25.524021
v  74.307014 14.593471 25.556646
v  74.331955 14.666382 25.483734
v  74.404007 14.682226 25.941349
v  74.407845 14.626097 25.999441
v  74.412086 14.720685 25.524021
v  74.412338 14.694883 25.627626
v  74.412086 14.692981 25.457136
v  74.412086 14.626097 25.429432
v  74.412086 14.559211 25.457136
v  74.412086 14.531507 25.524021
v  74.412338 14.557309 25.627626
v  74.404007 14.569964 25.941349
v  74.336899 14.692451 25.625195
v  74.333740 14.626097 25.667641
v  74.338684 14.626097 25.999441
v  74.342522 14.682226 25.941349
v  74.336899 14.559741 25.625195
v  74.342522 14.569964 25.941349
v  74.417023 14.626097 25.673014
v  74.338684 14.715311 25.524021
v  74.338684 14.689180 25.460936
v  74.338684 14.626097 25.434807
v  74.338684 14.563011 25.460936
v  74.338684 14.536880 25.524021
v  74.331955 14.666382 25.564308
v  74.331955 14.626097 25.580994
v  74.331955 14.683069 25.524021
v  74.331955 14.626097 25.467047
v  74.331955 14.585810 25.483734
v  74.331955 14.569122 25.524021
v  74.331955 14.585810 25.564308
v  74.521835 14.759864 25.657789
v  74.521835 14.815273 25.524021
v  74.521835 14.759864 25.390253
v  74.521835 14.626097 25.334843
v  74.521835 14.492328 25.390253
v  74.521835 14.492328 25.657789
v  74.521835 14.436918 25.524021
v  74.521835 14.626097 25.713200
v  74.875183 14.796040 25.594414
v  74.875183 14.696488 25.693964
v  74.875183 14.555704 25.693964
v  74.875183 14.796040 25.453629
v  74.875183 14.696488 25.354078
v  74.875183 14.555703 25.354078
v  74.875183 14.456154 25.453629
v  74.875183 14.456154 25.594414
v  74.876709 14.713212 25.560106
v  74.876709 14.662181 25.611137
v  74.876709 14.590012 25.611137
v  74.876709 14.713212 25.487938
v  74.876709 14.662181 25.436907
v  74.876709 14.590012 25.436907
v  74.876709 14.538980 25.487938
v  74.876709 14.538980 25.560106
v  75.019264 14.639219 25.555704
v  75.019264 14.657778 25.537146
v  75.019264 14.657778 25.510899
v  75.019264 14.639219 25.492340
v  75.019264 14.612973 25.492340
v  75.019264 14.594414 25.510899
v  75.019264 14.594414 25.537146
v  75.019264 14.612973 25.555704
v  75.012138 14.606411 25.571545
v  75.012138 14.645781 25.571545
v  75.012138 14.673619 25.543707
v  75.012138 14.673619 25.504337
v  75.012138 14.645781 25.476500
v  75.012138 14.606411 25.476500
v  75.012138 14.578573 25.504337
v  75.012138 14.578573 25.543707
v  74.894753 14.713212 25.560106
v  74.894753 14.662181 25.611137
v  74.894753 14.590012 25.611137
v  74.894753 14.713212 25.487938
v  74.894753 14.662181 25.436907
v  74.894753 14.590012 25.436907
v  74.894753 14.538980 25.487938
v  74.894753 14.538980 25.560106
v  74.931465 14.662181 26.046373
v  74.911705 14.662181 25.828754
v  74.931465 14.698265 25.813808
v  74.970993 14.698265 25.813808
v  74.970993 14.662181 26.046373
v  74.970993 14.590012 26.046373
v  74.931465 14.590012 26.046373
v  74.911705 14.590012 25.828754
v  74.931465 14.713212 25.560106
v  74.931465 14.713212 25.487938
v  74.970993 14.713212 25.487938
v  74.970993 14.713212 25.560106
v  74.931465 14.662181 25.436907
v  74.970993 14.662181 25.436907
v  74.931465 14.590012 25.436907
v  74.970993 14.590012 25.436907
v  74.931465 14.538980 25.487938
v  74.970993 14.538980 25.487938
v  74.931465 14.538980 25.560106
v  74.970993 14.538980 25.560106
v  74.931465 14.553927 25.813808
v  74.970993 14.553927 25.813808
v  74.990753 14.662181 25.828754
v  74.990753 14.590012 25.828754
v  74.997879 14.673619 25.543707
v  74.997879 14.645781 25.571545
v  74.997879 14.606411 25.571545
v  74.997879 14.673619 25.504337
v  74.997879 14.645781 25.476500
v  74.997879 14.606411 25.476500
v  74.997879 14.578573 25.504337
v  74.997879 14.578573 25.543707
v  74.802658 14.698265 25.698254
v  74.865845 14.697821 25.697182
v  74.802658 14.800326 25.596191
v  74.865845 14.799255 25.595747
v  74.802658 14.800326 25.451853
v  74.865845 14.799255 25.452297
v  74.802658 14.698265 25.349791
v  74.865845 14.697821 25.350863
v  74.802658 14.553927 25.349791
v  74.865845 14.554371 25.350863
v  74.802658 14.451865 25.451853
v  74.865845 14.452937 25.452297
v  74.802658 14.451865 25.596191
v  74.865845 14.452937 25.595747
v  74.802658 14.553927 25.698254
v  74.865845 14.554371 25.697182
v  74.875519 14.691090 25.680931
v  74.875900 14.666247 25.620955
v  74.875519 14.783005 25.589016
v  74.875900 14.723029 25.564173
v  74.875519 14.783005 25.459028
v  74.875900 14.723029 25.483871
v  74.875519 14.691090 25.367113
v  74.875900 14.666247 25.427090
v  74.875519 14.561101 25.367113
v  74.875900 14.585944 25.427090
v  74.875519 14.469187 25.459028
v  74.875900 14.529163 25.483871
v  74.875519 14.469187 25.589016
v  74.875900 14.529163 25.564173
v  74.875519 14.561101 25.680931
v  74.875900 14.585944 25.620955
v  75.019264 14.626097 25.555473
v  75.019264 14.648335 25.546261
v  75.016701 14.643419 25.565842
v  75.019264 14.657547 25.524021
v  75.016701 14.667916 25.541344
v  75.019264 14.648335 25.501783
v  75.016701 14.667916 25.506699
v  75.019264 14.626097 25.492571
v  75.016701 14.643419 25.482203
v  75.019264 14.603857 25.501783
v  75.016701 14.608774 25.482203
v  75.019264 14.594644 25.524021
v  75.016701 14.584276 25.506699
v  75.019264 14.603857 25.546261
v  75.016701 14.584276 25.541344
v  75.016701 14.608774 25.565842
v  74.875183 14.756573 25.654499
v  74.875183 14.626097 25.708544
v  74.875183 14.810617 25.524021
v  74.875183 14.756573 25.393545
v  74.875183 14.626097 25.339500
v  74.875183 14.495620 25.393545
v  74.875183 14.441574 25.524021
v  74.875183 14.495620 25.654499
v  74.876709 14.626097 25.618610
v  74.876709 14.692981 25.590906
v  74.876709 14.720685 25.524021
v  74.876709 14.692981 25.457138
v  74.876709 14.626097 25.429434
v  74.876709 14.559211 25.457138
v  74.876709 14.531507 25.524021
v  74.876709 14.559211 25.590906
v  74.931465 14.689244 25.980759
v  74.916641 14.662181 25.991968
v  74.931465 14.626097 26.053846
v  74.931465 14.720685 25.524021
v  74.912407 14.713212 25.560106
v  74.931465 14.702002 25.641575
v  74.931465 14.692981 25.457138
v  74.912407 14.713212 25.487938
v  74.931465 14.626097 25.429434
v  74.912407 14.662181 25.436907
v  74.931465 14.559211 25.457138
v  74.912407 14.590012 25.436907
v  74.931465 14.531507 25.524021
v  74.912407 14.538980 25.487938
v  74.931465 14.550190 25.641575
v  74.912407 14.538980 25.560106
v  74.916649 14.590012 25.991968
v  74.931465 14.562948 25.980759
v  74.990753 14.660130 25.660593
v  74.985809 14.689244 25.817545
v  74.990753 14.626097 25.836227
v  74.985809 14.662181 25.991968
v  74.990753 14.592062 25.660593
v  74.985809 14.562948 25.817545
v  74.985809 14.590012 25.991968
v  74.970993 14.550190 25.641575
v  74.970993 14.562948 25.980759
v  74.907471 14.590012 25.665543
v  74.916649 14.562948 25.817545
v  74.911705 14.626097 25.836227
v  74.907471 14.662181 25.665543
v  74.916641 14.689244 25.817545
v  74.894753 14.692981 25.590906
v  74.894753 14.626097 25.618610
v  74.894753 14.720685 25.524021
v  74.894753 14.692981 25.457138
v  74.894753 14.626097 25.429434
v  74.894753 14.559211 25.457138
v  74.894753 14.531507 25.524021
v  74.894753 14.559211 25.590906
v  74.970993 14.689244 25.980759
v  74.970993 14.626097 26.053846
v  74.970993 14.720685 25.524021
v  74.985809 14.708262 25.558056
v  74.970993 14.702002 25.641575
v  74.970993 14.692981 25.457138
v  74.985809 14.708262 25.489988
v  74.970993 14.626097 25.429434
v  74.985809 14.660130 25.441856
v  74.970993 14.559211 25.457138
v  74.985809 14.592062 25.441856
v  74.970993 14.531507 25.524021
v  74.985809 14.543929 25.489988
v  74.985809 14.543929 25.558056
v  74.992538 14.647830 25.576494
v  74.992538 14.678568 25.545757
v  74.992538 14.678568 25.502287
v  74.992538 14.647830 25.471550
v  74.992538 14.604362 25.471550
v  74.992538 14.573625 25.502287
v  74.992538 14.573625 25.545757
v  74.992538 14.604362 25.576494
v  74.997879 14.626097 25.575623
v  74.997879 14.662582 25.560509
v  74.997879 14.677696 25.524021
v  74.997879 14.662582 25.487535
v  74.997879 14.626097 25.472422
v  74.997879 14.589610 25.487535
v  74.997879 14.574496 25.524021
v  74.997879 14.589610 25.560509
v  75.012138 14.662582 25.560509
v  75.012138 14.626097 25.575623
v  75.012138 14.677696 25.524021
v  75.012138 14.662582 25.487535
v  75.012138 14.626097 25.472422
v  75.012138 14.589610 25.487535
v  75.012138 14.574496 25.524021
v  75.012138 14.589610 25.560509
v  74.875519 14.626097 25.353653
v  74.865845 14.759041 25.656967
v  74.865845 14.626097 25.712036
v  74.865845 14.814109 25.524021
v  74.865845 14.759041 25.391077
v  74.865845 14.626097 25.336008
v  74.865845 14.493151 25.391077
v  74.865845 14.438083 25.524021
v  74.865845 14.493151 25.656967
v  74.875519 14.626097 25.694391
v  74.875519 14.746566 25.644491
v  74.875900 14.700518 25.598444
v  74.875900 14.626097 25.629271
v  74.875519 14.796466 25.524021
v  74.875900 14.731344 25.524021
v  74.875519 14.746566 25.403551
v  74.875900 14.700518 25.449600
v  74.875900 14.626097 25.418774
v  74.875519 14.505625 25.403551
v  74.875900 14.551674 25.449600
v  74.875519 14.455726 25.524021
v  74.875900 14.520847 25.524021
v  74.875519 14.505625 25.644491
v  74.875900 14.551674 25.598444
v  75.019264 14.626097 25.524021
v  75.017487 14.626097 25.570162
v  75.017487 14.658722 25.556648
v  75.017487 14.672236 25.524021
v  75.017487 14.658722 25.491396
v  75.017487 14.626097 25.477882
v  75.017487 14.593471 25.491396
v  75.017487 14.579956 25.524021
v  75.017487 14.593471 25.556648
v  74.992538 14.666382 25.483736
v  74.920486 14.682226 25.941351
v  74.916649 14.626097 25.999441
v  74.912407 14.720685 25.524021
v  74.912155 14.694883 25.627628
v  74.912407 14.692981 25.457138
v  74.912407 14.626097 25.429434
v  74.912407 14.559211 25.457138
v  74.912407 14.531507 25.524021
v  74.912155 14.557309 25.627628
v  74.920486 14.569964 25.941351
v  74.987587 14.692451 25.625196
v  74.990753 14.626097 25.667641
v  74.985809 14.626097 25.999441
v  74.981972 14.682226 25.941351
v  74.987587 14.559741 25.625196
v  74.981972 14.569964 25.941351
v  74.907471 14.626097 25.673016
v  74.985809 14.715311 25.524021
v  74.985809 14.689180 25.460938
v  74.985809 14.626097 25.434807
v  74.985809 14.563011 25.460938
v  74.985809 14.536881 25.524021
v  74.992538 14.666382 25.564308
v  74.992538 14.626097 25.580996
v  74.992538 14.683069 25.524021
v  74.992538 14.626097 25.467049
v  74.992538 14.585810 25.483736
v  74.992538 14.569123 25.524021
v  74.992538 14.585810 25.564308
v  74.802658 14.759864 25.657791
v  74.802658 14.815273 25.524021
v  74.802658 14.759864 25.390253
v  74.802658 14.626097 25.334845
v  74.802658 14.492328 25.390253
v  74.802658 14.492328 25.657791
v  74.802658 14.436918 25.524021
v  74.802658 14.626097 25.713200
# 626 vertices

vt 0.250000 0.000000 0.000000
vt 0.250000 0.031250 0.000000
vt 0.750000 0.031250 0.000000
vt 0.750000 0.000000 0.000000
vt 0.125000 0.000000 0.000000
vt 0.500000 0.000000 0.000000
vt 0.140625 0.031250 0.000000
vt 0.531250 0.031250 0.000000
vt 0.750000 0.000000 1.000000
vt 0.875000 0.000000 1.000000
vt 0.000000 0.000000 1.000000
vt 0.125000 0.000000 1.000000
vt 0.250000 0.000000 1.000000
vt 0.375000 0.000000 1.000000
vt 0.500000 0.000000 1.000000
vt 0.625000 0.000000 1.000000
vt 0.750000 1.000000 1.000000
vt 0.875000 1.000000 1.000000
vt 0.000000 1.000000 1.000000
vt 0.125000 1.000000 1.000000
vt 0.250000 1.000000 1.000000
vt 0.375000 1.000000 1.000000
vt 0.500000 1.000000 1.000000
vt 0.625000 1.000000 1.000000
vt -0.125000 0.000000 1.000000
vt -0.125000 1.000000 1.000000
vt 0.780330 0.000000 0.414214
vt 0.521447 0.000000 -0.414214
vt 0.250000 0.000000 -1.000000
vt 0.125000 0.000000 -1.000000
vt 0.219670 0.000000 -0.414214
vt 0.478553 0.000000 0.414213
vt 0.780330 1.000000 0.414214
vt 0.521447 1.000000 -0.414213
vt 0.250000 1.000000 -1.000000
vt 0.125000 1.000000 -1.000000
vt 0.219670 1.000000 -0.414214
vt 0.750000 0.000000 1.000000
vt 0.875000 0.000000 1.000000
vt 0.000000 0.000000 1.000000
vt 0.125000 0.000000 1.000000
vt 0.250000 0.000000 1.000000
vt 0.375000 0.000000 1.000000
vt 0.500000 0.000000 1.000000
vt 0.625000 0.000000 1.000000
vt 0.750000 1.000000 1.000000
vt 0.875000 1.000000 1.000000
vt 0.000000 1.000000 1.000000
vt 0.125000 1.000000 1.000000
vt 0.250000 1.000000 1.000000
vt 0.375000 1.000000 1.000000
vt 0.500000 1.000000 1.000000
vt 0.625000 1.000000 1.000000
vt -0.125000 0.000000 1.000000
vt -0.125000 1.000000 1.000000
vt 0.780330 0.000000 0.414214
vt 0.521447 0.000000 -0.414214
vt 0.250000 0.000000 -1.000000
vt 0.125000 0.000000 -1.000000
vt 0.219670 0.000000 -0.414214
vt 0.478553 0.000000 0.414213
vt 0.780330 1.000000 0.414214
vt 0.521447 1.000000 -0.414213
vt 0.250000 1.000000 -1.000000
vt 0.125000 1.000000 -1.000000
vt 0.219670 1.000000 -0.414214
vt 0.750000 0.000000 1.000000
vt 0.875000 0.000000 1.000000
vt 0.000000 0.000000 1.000000
vt 0.125000 0.000000 1.000000
vt 0.250000 0.000000 1.000000
vt 0.375000 0.000000 1.000000
vt 0.500000 0.000000 1.000000
vt 0.625000 0.000000 1.000000
vt 0.750000 1.000000 1.000000
vt 0.875000 1.000000 1.000000
vt 0.000000 1.000000 1.000000
vt 0.125000 1.000000 1.000000
vt 0.250000 1.000000 1.000000
vt 0.375000 1.000000 1.000000
vt 0.500000 1.000000 1.000000
vt 0.625000 1.000000 1.000000
vt -0.125000 0.000000 1.000000
vt -0.125000 1.000000 1.000000
vt 0.780330 0.000000 0.414214
vt 0.521447 0.000000 -0.414214
vt 0.250000 0.000000 -1.000000
vt 0.125000 0.000000 -1.000000
vt 0.219670 0.000000 -0.414214
vt 0.478553 0.000000 0.414213
vt 0.780330 1.000000 0.414214
vt 0.521447 1.000000 -0.414213
vt 0.250000 1.000000 -1.000000
vt 0.125000 1.000000 -1.000000
vt 0.219670 1.000000 -0.414214
vt 0.750000 0.000000 1.000000
vt 0.812500 0.000000 1.000000
vt 0.875000 0.000000 1.000000
vt 0.875000 0.987854 1.000000
vt 0.812500 0.865890 0.993847
vt 0.750000 0.865890 0.993847
vt -0.125000 0.000000 1.000000
vt -0.062500 0.000000 1.000000
vt 0.000000 0.000000 1.000000
vt 0.000000 0.987854 1.000000
vt -0.062500 0.987854 1.000000
vt -0.125000 0.987854 1.000000
vt 0.062500 0.000000 1.000000
vt 0.125000 0.000000 1.000000
vt 0.125000 0.865890 0.993847
vt 0.062500 0.865890 0.993847
vt 0.187500 0.000000 1.000000
vt 0.250000 0.000000 1.000000
vt 0.250000 0.865890 0.993847
vt 0.187500 0.865890 0.993847
vt 0.312500 0.000000 1.000000
vt 0.375000 0.000000 1.000000
vt 0.375000 0.865890 0.993847
vt 0.312500 0.865890 0.993847
vt 0.437500 0.000000 1.000000
vt 0.500000 0.000000 1.000000
vt 0.500000 0.865890 0.993847
vt 0.437500 0.865890 0.993847
vt 0.562500 0.000000 1.000000
vt 0.625000 0.000000 1.000000
vt 0.625000 0.865890 0.993847
vt 0.562500 0.865890 0.993847
vt 0.687500 0.000000 1.000000
vt 0.687500 0.865890 0.993847
vt 0.750000 0.998482 0.900582
vt 0.812500 0.998482 0.900582
vt 0.875000 1.000000 0.950777
vt 0.875000 1.000000 0.556347
vt 0.812500 1.000000 0.556347
vt 0.750000 1.000000 0.556347
vt -0.125000 1.000000 0.950777
vt -0.062500 0.997977 0.899823
vt 0.000000 1.000000 0.950777
vt 0.000000 1.000000 0.556347
vt -0.062500 1.000000 0.556347
vt -0.125000 1.000000 0.556347
vt 0.062500 0.998482 0.900582
vt 0.125000 0.998482 0.900582
vt 0.125000 1.000000 0.556347
vt 0.062500 1.000000 0.556347
vt 0.187500 0.998482 0.900582
vt 0.250000 0.998482 0.900582
vt 0.250000 1.000000 0.556347
vt 0.187500 1.000000 0.556347
vt 0.312500 0.998482 0.900582
vt 0.375000 0.998482 0.900582
vt 0.375000 1.000000 0.556347
vt 0.312500 1.000000 0.556347
vt 0.437500 0.998482 0.900582
vt 0.500000 0.998482 0.900582
vt 0.500000 1.000000 0.556347
vt 0.437500 1.000000 0.556347
vt 0.562500 0.998482 0.900582
vt 0.625000 0.998482 0.900582
vt 0.625000 1.000000 0.556347
vt 0.562500 1.000000 0.556347
vt 0.687500 0.998482 0.900582
vt 0.687500 1.000000 0.556347
vt 0.500000 1.000000 0.104167
vt 0.645833 1.000000 0.291667
vt 0.708333 1.000000 0.333333
vt 0.687500 1.000000 0.291667
vt 0.723958 1.000000 0.447917
vt 0.786458 1.000000 0.458333
vt 0.875000 1.000000 0.447917
vt 0.187500 1.000000 0.291667
vt 0.125000 1.000000 0.333333
vt 0.208333 1.000000 0.291667
vt -0.125000 1.000000 0.447917
vt -0.015625 1.000000 0.458333
vt 0.052083 1.000000 0.447917
vt 0.208333 1.000000 0.333333
vt 0.281250 1.000000 0.291667
vt 0.098958 1.000000 0.458333
vt 0.164063 1.000000 0.447917
vt 0.291667 1.000000 0.333333
vt 0.354167 1.000000 0.291667
vt 0.213542 1.000000 0.458333
vt 0.276042 1.000000 0.447917
vt 0.375000 1.000000 0.333333
vt 0.427083 1.000000 0.291667
vt 0.328125 1.000000 0.458333
vt 0.388021 1.000000 0.447917
vt 0.458333 1.000000 0.333333
vt 0.500000 1.000000 0.291667
vt 0.442708 1.000000 0.458333
vt 0.500000 1.000000 0.447917
vt 0.541667 1.000000 0.333333
vt 0.572917 1.000000 0.291667
vt 0.557292 1.000000 0.458333
vt 0.611979 1.000000 0.447917
vt 0.625000 1.000000 0.333333
vt 0.671875 1.000000 0.458333
vt 0.875000 0.993927 0.975388
vt 0.812500 0.993927 0.975388
vt 0.750000 0.993927 0.975388
vt 0.000380 0.983818 0.993927
vt 0.000190 0.991909 0.972352
vt -0.062500 0.991909 0.972352
vt -0.062500 0.983818 0.993927
vt -0.125380 0.991909 0.972352
vt -0.125759 0.983818 0.993927
vt 0.125000 0.993927 0.975388
vt 0.062500 0.993927 0.975388
vt 0.000000 0.993927 0.975388
vt 0.250000 0.993927 0.975388
vt 0.187500 0.993927 0.975388
vt 0.375000 0.993927 0.975388
vt 0.312500 0.993927 0.975388
vt 0.500000 0.993927 0.975388
vt 0.437500 0.993927 0.975388
vt 0.625000 0.993927 0.975388
vt 0.562500 0.993927 0.975388
vt 0.687500 0.993927 0.975388
vt 0.812500 1.000000 0.500000
vt 0.750000 1.000000 0.500000
vt 0.875000 1.000000 0.500000
vt -0.062500 1.000000 0.500000
vt -0.125000 1.000000 0.500000
vt 0.000000 1.000000 0.500000
vt 0.062500 1.000000 0.500000
vt 0.125000 1.000000 0.500000
vt 0.187500 1.000000 0.500000
vt 0.250000 1.000000 0.500000
vt 0.312500 1.000000 0.500000
vt 0.375000 1.000000 0.500000
vt 0.437500 1.000000 0.500000
vt 0.500000 1.000000 0.500000
vt 0.562500 1.000000 0.500000
vt 0.625000 1.000000 0.500000
vt 0.687500 1.000000 0.500000
vt 0.847222 1.000000 0.500000
vt 0.859375 1.000000 0.500000
vt 0.812500 1.000000 0.500000
vt 0.812500 1.000000 0.500000
vt 0.750000 1.000000 0.500000
vt 0.750000 1.000000 0.500000
vt 0.000000 1.000000 0.500000
vt 0.000000 1.000000 0.500000
vt -0.062500 1.000000 0.500000
vt -0.062500 1.000000 0.500000
vt -0.125000 1.000000 0.500000
vt -0.125000 1.000000 0.500000
vt 0.125000 1.000000 0.500000
vt 0.125000 1.000000 0.500000
vt 0.062500 1.000000 0.500000
vt 0.062500 1.000000 0.500000
vt 0.250000 1.000000 0.500000
vt 0.250000 1.000000 0.500000
vt 0.187500 1.000000 0.500000
vt 0.187500 1.000000 0.500000
vt 0.375000 1.000000 0.500000
vt 0.375000 1.000000 0.500000
vt 0.312500 1.000000 0.500000
vt 0.312500 1.000000 0.500000
vt 0.500000 1.000000 0.500000
vt 0.500000 1.000000 0.500000
vt 0.437500 1.000000 0.500000
vt 0.437500 1.000000 0.500000
vt 0.625000 1.000000 0.500000
vt 0.609375 1.000000 0.500000
vt 0.562500 1.000000 0.500000
vt 0.562500 1.000000 0.500000
vt 0.687500 1.000000 0.500000
vt 0.687500 1.000000 0.500000
vt 0.640625 1.000000 0.500000
vt 0.652778 1.000000 0.500000
vt 0.875000 1.000000 0.500000
vt 0.812500 1.000000 0.500000
vt 0.812500 1.000000 0.500000
vt 0.859375 1.000000 0.500000
vt 0.750000 1.000000 0.500000
vt 0.750000 1.000000 0.500000
vt 0.750000 1.000000 0.500000
vt 0.812500 1.000000 0.500000
vt 0.847222 1.000000 0.500000
vt 0.687500 1.000000 0.500000
vt 0.687500 1.000000 0.500000
vt 0.625000 1.000000 0.500000
vt 0.640625 1.000000 0.500000
vt 0.652778 1.000000 0.500000
vt 0.687500 1.000000 0.500000
vt 0.609375 1.000000 0.500000
vt 0.625000 1.000000 0.500000
vt 0.640625 1.000000 0.500000
vt 0.687500 1.000000 0.500000
vt 0.687500 1.000000 0.500000
vt 0.640625 1.000000 0.500000
vt 0.750000 1.000000 0.500000
vt 0.750000 1.000000 0.500000
vt 0.812500 1.000000 0.500000
vt 0.812500 1.000000 0.500000
vt 0.875000 1.000000 0.500000
vt 0.859375 1.000000 0.500000
vt 0.875000 1.000000 0.500000
vt 0.875000 1.000000 0.500000
vt 0.875000 1.000000 0.500000
vt 0.812500 1.000000 0.500000
vt 0.750000 1.000000 0.500000
vt 0.000000 1.000000 0.500000
vt -0.062500 1.000000 0.500000
vt -0.125000 1.000000 0.500000
vt 0.125000 1.000000 0.500000
vt 0.062500 1.000000 0.500000
vt 0.250000 1.000000 0.500000
vt 0.187500 1.000000 0.500000
vt 0.375000 1.000000 0.500000
vt 0.312500 1.000000 0.500000
vt 0.500000 1.000000 0.500000
vt 0.437500 1.000000 0.500000
vt 0.625000 1.000000 0.500000
vt 0.562500 1.000000 0.500000
vt 0.687500 1.000000 0.500000
vt 0.859375 1.000000 0.500000
vt 0.812500 1.000000 0.500000
vt 0.750000 1.000000 0.500000
vt 0.000000 1.000000 0.500000
vt -0.062500 1.000000 0.500000
vt 0.000000 1.000000 0.500000
vt -0.062500 1.000000 0.500000
vt -0.125000 1.000000 0.500000
vt -0.125000 1.000000 0.500000
vt 0.125000 1.000000 0.500000
vt 0.062500 1.000000 0.500000
vt 0.125000 1.000000 0.500000
vt 0.062500 1.000000 0.500000
vt 0.250000 1.000000 0.500000
vt 0.187500 1.000000 0.500000
vt 0.250000 1.000000 0.500000
vt 0.187500 1.000000 0.500000
vt 0.375000 1.000000 0.500000
vt 0.312500 1.000000 0.500000
vt 0.375000 1.000000 0.500000
vt 0.312500 1.000000 0.500000
vt 0.500000 1.000000 0.500000
vt 0.437500 1.000000 0.500000
vt 0.500000 1.000000 0.500000
vt 0.437500 1.000000 0.500000
vt 0.562500 1.000000 0.500000
vt 0.562500 1.000000 0.500000
vt 0.687500 1.000000 0.500000
vt 0.625000 1.000000 0.500000
vt 0.875000 1.000000 0.500000
vt 0.875000 1.000000 0.500000
vt 0.875000 1.000000 0.500000
vt 0.812500 1.000000 0.500000
vt 0.750000 1.000000 0.500000
vt 0.000000 1.000000 0.500000
vt -0.062500 1.000000 0.500000
vt -0.125000 1.000000 0.500000
vt 0.125000 1.000000 0.500000
vt 0.062500 1.000000 0.500000
vt 0.250000 1.000000 0.500000
vt 0.187500 1.000000 0.500000
vt 0.375000 1.000000 0.500000
vt 0.312500 1.000000 0.500000
vt 0.500000 1.000000 0.500000
vt 0.437500 1.000000 0.500000
vt 0.625000 1.000000 0.500000
vt 0.562500 1.000000 0.500000
vt 0.687500 1.000000 0.500000
vt 0.812500 1.000000 0.500000
vt 0.750000 1.000000 0.500000
vt 0.875000 1.000000 0.500000
vt -0.062500 1.000000 0.500000
vt -0.125000 1.000000 0.500000
vt 0.000000 1.000000 0.500000
vt 0.062500 1.000000 0.500000
vt 0.125000 1.000000 0.500000
vt 0.187500 1.000000 0.500000
vt 0.250000 1.000000 0.500000
vt 0.312500 1.000000 0.500000
vt 0.375000 1.000000 0.500000
vt 0.437500 1.000000 0.500000
vt 0.500000 1.000000 0.500000
vt 0.562500 1.000000 0.500000
vt 0.625000 1.000000 0.500000
vt 0.687500 1.000000 0.500000
vt 0.875000 1.000000 0.500000
vt 0.812500 1.000000 0.500000
vt 0.750000 1.000000 0.500000
vt 0.000000 1.000000 0.500000
vt -0.062500 1.000000 0.500000
vt -0.125000 1.000000 0.500000
vt 0.125000 1.000000 0.500000
vt 0.062500 1.000000 0.500000
vt 0.250000 1.000000 0.500000
vt 0.187500 1.000000 0.500000
vt 0.375000 1.000000 0.500000
vt 0.312500 1.000000 0.500000
vt 0.500000 1.000000 0.500000
vt 0.437500 1.000000 0.500000
vt 0.625000 1.000000 0.500000
vt 0.562500 1.000000 0.500000
vt 0.687500 1.000000 0.500000
vt 0.750000 0.000000 1.000000
vt 0.812500 0.000000 1.000000
vt 0.875000 0.000000 1.000000
vt 0.875000 0.987854 1.000000
vt 0.812500 0.865890 0.993847
vt 0.750000 0.865890 0.993847
vt -0.125000 0.000000 1.000000
vt -0.062500 0.000000 1.000000
vt 0.000000 0.000000 1.000000
vt 0.000000 0.987854 1.000000
vt -0.062500 0.987854 1.000000
vt -0.125000 0.987854 1.000000
vt 0.062500 0.000000 1.000000
vt 0.125000 0.000000 1.000000
vt 0.125000 0.865890 0.993847
vt 0.062500 0.865890 0.993847
vt 0.187500 0.000000 1.000000
vt 0.250000 0.000000 1.000000
vt 0.250000 0.865890 0.993847
vt 0.187500 0.865890 0.993847
vt 0.312500 0.000000 1.000000
vt 0.375000 0.000000 1.000000
vt 0.375000 0.865890 0.993847
vt 0.312500 0.865890 0.993847
vt 0.437500 0.000000 1.000000
vt 0.500000 0.000000 1.000000
vt 0.500000 0.865890 0.993847
vt 0.437500 0.865890 0.993847
vt 0.562500 0.000000 1.000000
vt 0.625000 0.000000 1.000000
vt 0.625000 0.865890 0.993847
vt 0.562500 0.865890 0.993847
vt 0.687500 0.000000 1.000000
vt 0.687500 0.865890 0.993847
vt 0.750000 0.998482 0.900582
vt 0.812500 0.998482 0.900582
vt 0.875000 1.000000 0.950777
vt 0.875000 1.000000 0.556347
vt 0.812500 1.000000 0.556347
vt 0.750000 1.000000 0.556347
vt -0.125000 1.000000 0.950777
vt -0.062500 0.997977 0.899823
vt 0.000000 1.000000 0.950777
vt 0.000000 1.000000 0.556347
vt -0.062500 1.000000 0.556347
vt -0.125000 1.000000 0.556347
vt 0.062500 0.998482 0.900582
vt 0.125000 0.998482 0.900582
vt 0.125000 1.000000 0.556347
vt 0.062500 1.000000 0.556347
vt 0.187500 0.998482 0.900582
vt 0.250000 0.998482 0.900582
vt 0.250000 1.000000 0.556347
vt 0.187500 1.000000 0.556347
vt 0.312500 0.998482 0.900582
vt 0.375000 0.998482 0.900582
vt 0.375000 1.000000 0.556347
vt 0.312500 1.000000 0.556347
vt 0.437500 0.998482 0.900582
vt 0.500000 0.998482 0.900582
vt 0.500000 1.000000 0.556347
vt 0.437500 1.000000 0.556347
vt 0.562500 0.998482 0.900582
vt 0.625000 0.998482 0.900582
vt 0.625000 1.000000 0.556347
vt 0.562500 1.000000 0.556347
vt 0.687500 0.998482 0.900582
vt 0.687500 1.000000 0.556347
vt 0.500000 1.000000 0.104167
vt 0.645833 1.000000 0.291667
vt 0.708333 1.000000 0.333333
vt 0.687500 1.000000 0.291667
vt 0.723958 1.000000 0.447917
vt 0.786458 1.000000 0.458333
vt 0.875000 1.000000 0.447917
vt 0.187500 1.000000 0.291667
vt 0.125000 1.000000 0.333333
vt 0.208333 1.000000 0.291667
vt -0.125000 1.000000 0.447917
vt -0.015625 1.000000 0.458333
vt 0.052083 1.000000 0.447917
vt 0.208333 1.000000 0.333333
vt 0.281250 1.000000 0.291667
vt 0.098958 1.000000 0.458333
vt 0.164063 1.000000 0.447917
vt 0.291667 1.000000 0.333333
vt 0.354167 1.000000 0.291667
vt 0.213542 1.000000 0.458333
vt 0.276042 1.000000 0.447917
vt 0.375000 1.000000 0.333333
vt 0.427083 1.000000 0.291667
vt 0.328125 1.000000 0.458333
vt 0.388021 1.000000 0.447917
vt 0.458333 1.000000 0.333333
vt 0.500000 1.000000 0.291667
vt 0.442708 1.000000 0.458333
vt 0.500000 1.000000 0.447917
vt 0.541667 1.000000 0.333333
vt 0.572917 1.000000 0.291667
vt 0.557292 1.000000 0.458333
vt 0.611979 1.000000 0.447917
vt 0.625000 1.000000 0.333333
vt 0.671875 1.000000 0.458333
vt 0.875000 0.993927 0.975388
vt 0.812500 0.993927 0.975388
vt 0.750000 0.993927 0.975388
vt 0.000380 0.983818 0.993927
vt 0.000190 0.991909 0.972352
vt -0.062500 0.991909 0.972352
vt -0.062500 0.983818 0.993927
vt -0.125380 0.991909 0.972352
vt -0.125759 0.983818 0.993927
vt 0.125000 0.993927 0.975388
vt 0.062500 0.993927 0.975388
vt 0.000000 0.993927 0.975388
vt 0.250000 0.993927 0.975388
vt 0.187500 0.993927 0.975388
vt 0.375000 0.993927 0.975388
vt 0.312500 0.993927 0.975388
vt 0.500000 0.993927 0.975388
vt 0.437500 0.993927 0.975388
vt 0.625000 0.993927 0.975388
vt 0.562500 0.993927 0.975388
vt 0.687500 0.993927 0.975388
vt 0.812500 1.000000 0.500000
vt 0.750000 1.000000 0.500000
vt 0.875000 1.000000 0.500000
vt -0.062500 1.000000 0.500000
vt -0.125000 1.000000 0.500000
vt 0.000000 1.000000 0.500000
vt 0.062500 1.000000 0.500000
vt 0.125000 1.000000 0.500000
vt 0.187500 1.000000 0.500000
vt 0.250000 1.000000 0.500000
vt 0.312500 1.000000 0.500000
vt 0.375000 1.000000 0.500000
vt 0.437500 1.000000 0.500000
vt 0.500000 1.000000 0.500000
vt 0.562500 1.000000 0.500000
vt 0.625000 1.000000 0.500000
vt 0.687500 1.000000 0.500000
vt 0.847222 1.000000 0.500000
vt 0.859375 1.000000 0.500000
vt 0.812500 1.000000 0.500000
vt 0.812500 1.000000 0.500000
vt 0.750000 1.000000 0.500000
vt 0.750000 1.000000 0.500000
vt 0.000000 1.000000 0.500000
vt 0.000000 1.000000 0.500000
vt -0.062500 1.000000 0.500000
vt -0.062500 1.000000 0.500000
vt -0.125000 1.000000 0.500000
vt -0.125000 1.000000 0.500000
vt 0.125000 1.000000 0.500000
vt 0.125000 1.000000 0.500000
vt 0.062500 1.000000 0.500000
vt 0.062500 1.000000 0.500000
vt 0.250000 1.000000 0.500000
vt 0.250000 1.000000 0.500000
vt 0.187500 1.000000 0.500000
vt 0.187500 1.000000 0.500000
vt 0.375000 1.000000 0.500000
vt 0.375000 1.000000 0.500000
vt 0.312500 1.000000 0.500000
vt 0.312500 1.000000 0.500000
vt 0.500000 1.000000 0.500000
vt 0.500000 1.000000 0.500000
vt 0.437500 1.000000 0.500000
vt 0.437500 1.000000 0.500000
vt 0.625000 1.000000 0.500000
vt 0.609375 1.000000 0.500000
vt 0.562500 1.000000 0.500000
vt 0.562500 1.000000 0.500000
vt 0.687500 1.000000 0.500000
vt 0.687500 1.000000 0.500000
vt 0.640625 1.000000 0.500000
vt 0.652778 1.000000 0.500000
vt 0.875000 1.000000 0.500000
vt 0.812500 1.000000 0.500000
vt 0.812500 1.000000 0.500000
vt 0.859375 1.000000 0.500000
vt 0.750000 1.000000 0.500000
vt 0.750000 1.000000 0.500000
vt 0.750000 1.000000 0.500000
vt 0.812500 1.000000 0.500000
vt 0.847222 1.000000 0.500000
vt 0.687500 1.000000 0.500000
vt 0.687500 1.000000 0.500000
vt 0.625000 1.000000 0.500000
vt 0.640625 1.000000 0.500000
vt 0.652778 1.000000 0.500000
vt 0.687500 1.000000 0.500000
vt 0.609375 1.000000 0.500000
vt 0.625000 1.000000 0.500000
vt 0.640625 1.000000 0.500000
vt 0.687500 1.000000 0.500000
vt 0.687500 1.000000 0.500000
vt 0.640625 1.000000 0.500000
vt 0.750000 1.000000 0.500000
vt 0.750000 1.000000 0.500000
vt 0.812500 1.000000 0.500000
vt 0.812500 1.000000 0.500000
vt 0.875000 1.000000 0.500000
vt 0.859375 1.000000 0.500000
vt 0.875000 1.000000 0.500000
vt 0.875000 1.000000 0.500000
vt 0.875000 1.000000 0.500000
vt 0.812500 1.000000 0.500000
vt 0.750000 1.000000 0.500000
vt 0.000000 1.000000 0.500000
vt -0.062500 1.000000 0.500000
vt -0.125000 1.000000 0.500000
vt 0.125000 1.000000 0.500000
vt 0.062500 1.000000 0.500000
vt 0.250000 1.000000 0.500000
vt 0.187500 1.000000 0.500000
vt 0.375000 1.000000 0.500000
vt 0.312500 1.000000 0.500000
vt 0.500000 1.000000 0.500000
vt 0.437500 1.000000 0.500000
vt 0.625000 1.000000 0.500000
vt 0.562500 1.000000 0.500000
vt 0.687500 1.000000 0.500000
vt 0.859375 1.000000 0.500000
vt 0.812500 1.000000 0.500000
vt 0.750000 1.000000 0.500000
vt 0.000000 1.000000 0.500000
vt -0.062500 1.000000 0.500000
vt 0.000000 1.000000 0.500000
vt -0.062500 1.000000 0.500000
vt -0.125000 1.000000 0.500000
vt -0.125000 1.000000 0.500000
vt 0.125000 1.000000 0.500000
vt 0.062500 1.000000 0.500000
vt 0.125000 1.000000 0.500000
vt 0.062500 1.000000 0.500000
vt 0.250000 1.000000 0.500000
vt 0.187500 1.000000 0.500000
vt 0.250000 1.000000 0.500000
vt 0.187500 1.000000 0.500000
vt 0.375000 1.000000 0.500000
vt 0.312500 1.000000 0.500000
vt 0.375000 1.000000 0.500000
vt 0.312500 1.000000 0.500000
vt 0.500000 1.000000 0.500000
vt 0.437500 1.000000 0.500000
vt 0.500000 1.000000 0.500000
vt 0.437500 1.000000 0.500000
vt 0.562500 1.000000 0.500000
vt 0.562500 1.000000 0.500000
vt 0.687500 1.000000 0.500000
vt 0.625000 1.000000 0.500000
vt 0.875000 1.000000 0.500000
vt 0.875000 1.000000 0.500000
vt 0.875000 1.000000 0.500000
vt 0.812500 1.000000 0.500000
vt 0.750000 1.000000 0.500000
vt 0.000000 1.000000 0.500000
vt -0.062500 1.000000 0.500000
vt -0.125000 1.000000 0.500000
vt 0.125000 1.000000 0.500000
vt 0.062500 1.000000 0.500000
vt 0.250000 1.000000 0.500000
vt 0.187500 1.000000 0.500000
vt 0.375000 1.000000 0.500000
vt 0.312500 1.000000 0.500000
vt 0.500000 1.000000 0.500000
vt 0.437500 1.000000 0.500000
vt 0.625000 1.000000 0.500000
vt 0.562500 1.000000 0.500000
vt 0.687500 1.000000 0.500000
vt 0.812500 1.000000 0.500000
vt 0.750000 1.000000 0.500000
vt 0.875000 1.000000 0.500000
vt -0.062500 1.000000 0.500000
vt -0.125000 1.000000 0.500000
vt 0.000000 1.000000 0.500000
vt 0.062500 1.000000 0.500000
vt 0.125000 1.000000 0.500000
vt 0.187500 1.000000 0.500000
vt 0.250000 1.000000 0.500000
vt 0.312500 1.000000 0.500000
vt 0.375000 1.000000 0.500000
vt 0.437500 1.000000 0.500000
vt 0.500000 1.000000 0.500000
vt 0.562500 1.000000 0.500000
vt 0.625000 1.000000 0.500000
vt 0.687500 1.000000 0.500000
vt 0.875000 1.000000 0.500000
vt 0.812500 1.000000 0.500000
vt 0.750000 1.000000 0.500000
vt 0.000000 1.000000 0.500000
vt -0.062500 1.000000 0.500000
vt -0.125000 1.000000 0.500000
vt 0.125000 1.000000 0.500000
vt 0.062500 1.000000 0.500000
vt 0.250000 1.000000 0.500000
vt 0.187500 1.000000 0.500000
vt 0.375000 1.000000 0.500000
vt 0.312500 1.000000 0.500000
vt 0.500000 1.000000 0.500000
vt 0.437500 1.000000 0.500000
vt 0.625000 1.000000 0.500000
vt 0.562500 1.000000 0.500000
vt 0.687500 1.000000 0.500000
# 705 texture coords

o ???010
g ???010
f 4320/5012 4321/5013 4326/5018 4324/5016 
f 4320/5012 4323/5015 4322/5014 4321/5013 
f 4325/5017 4327/5019 4322/5014 4323/5015 
f 4326/5018 4327/5019 4325/5017 4324/5016 
f 4323/5015 4320/5012 4324/5016 4325/5017 
f 4321/5013 4322/5014 4327/5019 4326/5018 
f 4335/5043 4334/5042 4333/5041 4332/5040 4331/5039 4330/5038 4329/5021 4328/5020 
f 4328/5020 4329/5021 4337/5029 4336/5028 
f 4329/5036 4330/5022 4338/5030 4337/5037 
f 4330/5022 4331/5023 4339/5031 4338/5030 
f 4331/5023 4332/5024 4340/5032 4339/5031 
f 4332/5024 4333/5025 4341/5033 4340/5032 
f 4333/5025 4334/5026 4342/5034 4341/5033 
f 4334/5026 4335/5027 4343/5035 4342/5034 
f 4335/5027 4328/5020 4336/5028 4343/5035 
f 4343/5035 4336/5028 4337/5029 4338/5044 4339/5045 4340/5046 4341/5047 4342/5048 
f 4351/5072 4350/5071 4349/5070 4348/5069 4347/5068 4346/5067 4345/5050 4344/5049 
f 4344/5049 4345/5050 4353/5058 4352/5057 
f 4345/5065 4346/5051 4354/5059 4353/5066 
f 4346/5051 4347/5052 4355/5060 4354/5059 
f 4347/5052 4348/5053 4356/5061 4355/5060 
f 4348/5053 4349/5054 4357/5062 4356/5061 
f 4349/5054 4350/5055 4358/5063 4357/5062 
f 4350/5055 4351/5056 4359/5064 4358/5063 
f 4351/5056 4344/5049 4352/5057 4359/5064 
f 4359/5064 4352/5057 4353/5058 4354/5073 4355/5074 4356/5075 4357/5076 4358/5077 
f 4367/5101 4366/5100 4365/5099 4364/5098 4363/5097 4362/5096 4361/5079 4360/5078 
f 4360/5078 4361/5079 4369/5087 4368/5086 
f 4361/5094 4362/5080 4370/5088 4369/5095 
f 4362/5080 4363/5081 4371/5089 4370/5088 
f 4363/5081 4364/5082 4372/5090 4371/5089 
f 4364/5082 4365/5083 4373/5091 4372/5090 
f 4365/5083 4366/5084 4374/5092 4373/5091 
f 4366/5084 4367/5085 4375/5093 4374/5092 
f 4367/5085 4360/5078 4368/5086 4375/5093 
f 4375/5093 4368/5086 4369/5087 4370/5102 4371/5103 4372/5104 4373/5105 4374/5106 
f 4660/5107 4448/5108 4449/5111 4592/5112 
f 4448/5108 4653/5109 4591/5110 4449/5111 
f 4653/5113 4450/5114 4451/5117 4591/5118 
f 4450/5114 4654/5115 4593/5116 4451/5117 
f 4654/5115 4452/5119 4453/5122 4593/5116 
f 4452/5119 4655/5120 4594/5121 4453/5122 
f 4655/5120 4454/5123 4455/5126 4594/5121 
f 4454/5123 4656/5124 4595/5125 4455/5126 
f 4656/5124 4456/5127 4457/5130 4595/5125 
f 4456/5127 4657/5128 4596/5129 4457/5130 
f 4657/5128 4458/5131 4459/5134 4596/5129 
f 4458/5131 4659/5132 4597/5133 4459/5134 
f 4659/5132 4460/5135 4461/5138 4597/5133 
f 4460/5135 4658/5136 4598/5137 4461/5138 
f 4658/5136 4462/5139 4463/5140 4598/5137 
f 4462/5139 4660/5107 4592/5112 4463/5140 
f 4599/5141 4464/5142 4465/5145 4602/5146 
f 4464/5142 4600/5143 4601/5144 4465/5145 
f 4600/5147 4466/5148 4467/5151 4601/5152 
f 4466/5148 4603/5149 4604/5150 4467/5151 
f 4603/5149 4468/5153 4469/5156 4604/5150 
f 4468/5153 4605/5154 4606/5155 4469/5156 
f 4605/5154 4470/5157 4471/5160 4606/5155 
f 4470/5157 4590/5158 4607/5159 4471/5160 
f 4590/5158 4472/5161 4473/5164 4607/5159 
f 4472/5161 4608/5162 4609/5163 4473/5164 
f 4608/5162 4474/5165 4475/5168 4609/5163 
f 4474/5165 4610/5166 4611/5167 4475/5168 
f 4610/5166 4476/5169 4477/5172 4611/5167 
f 4476/5169 4612/5170 4613/5171 4477/5172 
f 4612/5170 4478/5173 4479/5174 4613/5171 
f 4478/5173 4599/5141 4602/5146 4479/5174 
f 4614/5175 4480/5176 4392/5177 4481/5178 
f 4615/5179 4482/5180 4392/5177 4480/5176 
f 4616/5181 4481/5178 4392/5177 4482/5180 
f 4614/5175 4481/5182 4393/5183 4483/5184 
f 4616/5185 4484/5186 4393/5183 4481/5182 
f 4617/5187 4483/5184 4393/5183 4484/5186 
f 4614/5175 4483/5184 4394/5188 4485/5189 
f 4617/5187 4486/5190 4394/5188 4483/5184 
f 4618/5191 4485/5189 4394/5188 4486/5190 
f 4614/5175 4485/5189 4395/5192 4487/5193 
f 4618/5191 4488/5194 4395/5192 4485/5189 
f 4619/5195 4487/5193 4395/5192 4488/5194 
f 4614/5175 4487/5193 4396/5196 4489/5197 
f 4619/5195 4490/5198 4396/5196 4487/5193 
f 4620/5199 4489/5197 4396/5196 4490/5198 
f 4614/5175 4489/5197 4397/5200 4491/5201 
f 4620/5199 4492/5202 4397/5200 4489/5197 
f 4621/5203 4491/5201 4397/5200 4492/5202 
f 4614/5175 4491/5201 4398/5204 4493/5205 
f 4621/5203 4494/5206 4398/5204 4491/5201 
f 4622/5207 4493/5205 4398/5204 4494/5206 
f 4614/5175 4493/5205 4399/5208 4480/5176 
f 4622/5207 4495/5209 4399/5208 4493/5205 
f 4615/5179 4480/5176 4399/5208 4495/5209 
f 4591/5110 4496/5210 4377/5211 4449/5111 
f 4496/5210 4600/5143 4464/5142 4377/5211 
f 4377/5211 4464/5142 4599/5141 4497/5212 
f 4449/5111 4377/5211 4497/5212 4592/5112 
f 4593/5213 4498/5214 4376/5215 4451/5216 
f 4498/5214 4603/5149 4466/5148 4376/5215 
f 4376/5215 4466/5148 4600/5147 4496/5217 
f 4451/5216 4376/5215 4496/5217 4591/5218 
f 4594/5121 4499/5219 4379/5220 4453/5122 
f 4499/5219 4605/5154 4468/5153 4379/5220 
f 4379/5220 4468/5153 4603/5149 4498/5221 
f 4453/5122 4379/5220 4498/5221 4593/5116 
f 4595/5125 4500/5222 4380/5223 4455/5126 
f 4500/5222 4590/5158 4470/5157 4380/5223 
f 4380/5223 4470/5157 4605/5154 4499/5219 
f 4455/5126 4380/5223 4499/5219 4594/5121 
f 4596/5129 4501/5224 4381/5225 4457/5130 
f 4501/5224 4608/5162 4472/5161 4381/5225 
f 4381/5225 4472/5161 4590/5158 4500/5222 
f 4457/5130 4381/5225 4500/5222 4595/5125 
f 4597/5133 4502/5226 4382/5227 4459/5134 
f 4502/5226 4610/5166 4474/5165 4382/5227 
f 4382/5227 4474/5165 4608/5162 4501/5224 
f 4459/5134 4382/5227 4501/5224 4596/5129 
f 4598/5137 4503/5228 4383/5229 4461/5138 
f 4503/5228 4612/5170 4476/5169 4383/5229 
f 4383/5229 4476/5169 4610/5166 4502/5226 
f 4461/5138 4383/5229 4502/5226 4597/5133 
f 4592/5112 4497/5212 4378/5230 4463/5140 
f 4497/5212 4599/5141 4478/5173 4378/5230 
f 4378/5230 4478/5173 4612/5170 4503/5228 
f 4463/5140 4378/5230 4503/5228 4598/5137 
f 4602/5146 4465/5145 4385/5231 4504/5232 
f 4465/5145 4601/5144 4505/5233 4385/5231 
f 4385/5231 4505/5233 4544/5313 4409/5314 
f 4504/5232 4385/5231 4409/5314 4545/5315 
f 4601/5152 4467/5151 4384/5234 4505/5235 
f 4467/5151 4604/5150 4506/5236 4384/5234 
f 4384/5234 4506/5236 4546/5316 4408/5317 
f 4505/5235 4384/5234 4408/5317 4544/5318 
f 4604/5150 4469/5156 4387/5237 4506/5236 
f 4469/5156 4606/5155 4507/5238 4387/5237 
f 4387/5237 4507/5238 4547/5319 4411/5320 
f 4506/5236 4387/5237 4411/5320 4546/5316 
f 4606/5155 4471/5160 4388/5239 4507/5238 
f 4471/5160 4607/5159 4508/5240 4388/5239 
f 4388/5239 4508/5240 4548/5321 4412/5322 
f 4507/5238 4388/5239 4412/5322 4547/5319 
f 4607/5159 4473/5164 4389/5241 4508/5240 
f 4473/5164 4609/5163 4509/5242 4389/5241 
f 4389/5241 4509/5242 4549/5323 4413/5324 
f 4508/5240 4389/5241 4413/5324 4548/5321 
f 4609/5163 4475/5168 4390/5243 4509/5242 
f 4475/5168 4611/5167 4510/5244 4390/5243 
f 4390/5243 4510/5244 4550/5325 4414/5326 
f 4509/5242 4390/5243 4414/5326 4549/5323 
f 4611/5167 4477/5172 4391/5245 4510/5244 
f 4477/5172 4613/5171 4511/5246 4391/5245 
f 4391/5245 4511/5246 4551/5327 4415/5328 
f 4510/5244 4391/5245 4415/5328 4550/5325 
f 4613/5171 4479/5174 4386/5247 4511/5246 
f 4479/5174 4602/5146 4504/5232 4386/5247 
f 4386/5247 4504/5232 4545/5315 4410/5329 
f 4511/5246 4386/5247 4410/5329 4551/5327 
f 4624/5248 4512/5249 4416/5250 4513/5251 
f 4512/5249 4552/5330 4420/5331 4416/5250 
f 4416/5250 4420/5331 4553/5332 4514/5252 
f 4513/5251 4416/5250 4514/5252 4625/5253 
f 4626/5254 4515/5255 4424/5256 4516/5257 
f 4515/5255 4554/5333 4427/5334 4424/5256 
f 4424/5256 4427/5334 4556/5338 4517/5258 
f 4516/5257 4424/5256 4517/5258 4627/5259 
f 4628/5260 4518/5261 4425/5262 4519/5263 
f 4518/5261 4557/5339 4426/5340 4425/5262 
f 4425/5262 4426/5340 4554/5333 4515/5255 
f 4519/5263 4425/5262 4515/5255 4626/5254 
f 4629/5264 4520/5265 4428/5266 4521/5267 
f 4520/5265 4559/5343 4429/5344 4428/5266 
f 4428/5266 4429/5344 4557/5339 4518/5261 
f 4521/5267 4428/5266 4518/5261 4628/5260 
f 4630/5268 4522/5269 4430/5270 4523/5271 
f 4522/5269 4561/5347 4431/5348 4430/5270 
f 4430/5270 4431/5348 4559/5343 4520/5265 
f 4523/5271 4430/5270 4520/5265 4629/5264 
f 4631/5272 4524/5273 4432/5274 4525/5275 
f 4524/5273 4563/5351 4433/5352 4432/5274 
f 4432/5274 4433/5352 4561/5347 4522/5269 
f 4525/5275 4432/5274 4522/5269 4630/5268 
f 4632/5276 4526/5277 4434/5278 4527/5279 
f 4526/5277 4537/5299 4435/5355 4434/5278 
f 4434/5278 4435/5355 4563/5351 4524/5273 
f 4527/5279 4434/5278 4524/5273 4631/5272 
f 4625/5253 4514/5252 4422/5280 4528/5281 
f 4514/5252 4553/5332 4421/5357 4422/5280 
f 4422/5280 4421/5357 4538/5301 4529/5282 
f 4528/5281 4422/5280 4529/5282 4633/5283 
f 4634/5284 4530/5285 4438/5286 4531/5287 
f 4530/5285 4635/5288 4532/5289 4438/5286 
f 4438/5286 4532/5289 4636/5290 4533/5291 
f 4531/5287 4438/5286 4533/5291 4637/5292 
f 4635/5288 4534/5293 4439/5294 4532/5289 
f 4534/5293 4638/5295 4535/5296 4439/5294 
f 4439/5294 4535/5296 4639/5297 4536/5298 
f 4532/5289 4439/5294 4536/5298 4636/5290 
f 4638/5295 4537/5299 4437/5300 4535/5296 
f 4537/5299 4526/5277 4436/5358 4437/5300 
f 4437/5300 4436/5358 4529/5282 4538/5301 
f 4535/5296 4437/5300 4538/5301 4639/5297 
f 4632/5276 4539/5302 4423/5303 4540/5304 
f 4539/5302 4640/5305 4541/5306 4423/5303 
f 4423/5303 4541/5306 4625/5253 4528/5281 
f 4540/5304 4423/5303 4528/5281 4633/5283 
f 4640/5305 4542/5307 4417/5308 4541/5306 
f 4542/5307 4627/5309 4543/5310 4417/5308 
f 4417/5308 4543/5310 4624/5248 4513/5251 
f 4541/5306 4417/5308 4513/5251 4625/5253 
f 4627/5309 4517/5311 4418/5312 4543/5310 
f 4517/5311 4556/5359 4419/5360 4418/5312 
f 4418/5312 4419/5360 4552/5330 4512/5249 
f 4543/5310 4418/5312 4512/5249 4624/5248 
f 4544/5313 4627/5309 4542/5307 4409/5314 
f 4409/5314 4542/5307 4640/5305 4545/5315 
f 4546/5316 4626/5254 4516/5257 4408/5317 
f 4408/5317 4516/5257 4627/5259 4544/5318 
f 4547/5319 4628/5260 4519/5263 4411/5320 
f 4411/5320 4519/5263 4626/5254 4546/5316 
f 4548/5321 4629/5264 4521/5267 4412/5322 
f 4412/5322 4521/5267 4628/5260 4547/5319 
f 4549/5323 4630/5268 4523/5271 4413/5324 
f 4413/5324 4523/5271 4629/5264 4548/5321 
f 4550/5325 4631/5272 4525/5275 4414/5326 
f 4414/5326 4525/5275 4630/5268 4549/5323 
f 4551/5327 4632/5276 4527/5279 4415/5328 
f 4415/5328 4527/5279 4631/5272 4550/5325 
f 4545/5315 4640/5305 4539/5302 4410/5329 
f 4410/5329 4539/5302 4632/5276 4551/5327 
f 4552/5330 4637/5292 4533/5291 4420/5331 
f 4420/5331 4533/5291 4636/5290 4553/5332 
f 4554/5333 4641/5335 4555/5336 4427/5334 
f 4427/5334 4555/5336 4634/5337 4556/5338 
f 4557/5339 4642/5341 4558/5342 4426/5340 
f 4426/5340 4558/5342 4641/5335 4554/5333 
f 4559/5343 4643/5345 4560/5346 4429/5344 
f 4429/5344 4560/5346 4642/5341 4557/5339 
f 4561/5347 4644/5349 4562/5350 4431/5348 
f 4431/5348 4562/5350 4643/5345 4559/5343 
f 4563/5351 4645/5353 4564/5354 4433/5352 
f 4433/5352 4564/5354 4644/5349 4561/5347 
f 4537/5299 4638/5295 4565/5356 4435/5355 
f 4435/5355 4565/5356 4645/5353 4563/5351 
f 4553/5332 4636/5290 4536/5298 4421/5357 
f 4421/5357 4536/5298 4639/5297 4538/5301 
f 4526/5277 4632/5276 4540/5304 4436/5358 
f 4436/5358 4540/5304 4633/5283 4529/5282 
f 4556/5359 4634/5284 4531/5287 4419/5360 
f 4419/5360 4531/5287 4637/5292 4552/5330 
f 4635/5288 4530/5285 4566/5362 4647/5363 
f 4530/5285 4634/5284 4646/5361 4566/5362 
f 4634/5337 4555/5336 4567/5365 4646/5366 
f 4555/5336 4641/5335 4648/5364 4567/5365 
f 4641/5335 4558/5342 4568/5368 4648/5364 
f 4558/5342 4642/5341 4623/5367 4568/5368 
f 4642/5341 4560/5346 4569/5370 4623/5367 
f 4560/5346 4643/5345 4649/5369 4569/5370 
f 4643/5345 4562/5350 4570/5372 4649/5369 
f 4562/5350 4644/5349 4650/5371 4570/5372 
f 4644/5349 4564/5354 4571/5374 4650/5371 
f 4564/5354 4645/5353 4651/5373 4571/5374 
f 4645/5353 4565/5356 4572/5376 4651/5373 
f 4565/5356 4638/5295 4652/5375 4572/5376 
f 4638/5295 4534/5293 4573/5377 4652/5375 
f 4534/5293 4635/5288 4647/5363 4573/5377 
f 4647/5363 4566/5362 4441/5378 4574/5379 
f 4566/5362 4646/5361 4575/5380 4441/5378 
f 4441/5378 4575/5380 4582/5395 4401/5396 
f 4574/5379 4441/5378 4401/5396 4583/5397 
f 4646/5366 4567/5365 4440/5381 4575/5382 
f 4567/5365 4648/5364 4576/5383 4440/5381 
f 4440/5381 4576/5383 4584/5398 4402/5399 
f 4575/5382 4440/5381 4402/5399 4582/5400 
f 4648/5364 4568/5368 4443/5384 4576/5383 
f 4568/5368 4623/5367 4577/5385 4443/5384 
f 4443/5384 4577/5385 4585/5401 4403/5402 
f 4576/5383 4443/5384 4403/5402 4584/5398 
f 4623/5367 4569/5370 4444/5386 4577/5385 
f 4569/5370 4649/5369 4578/5387 4444/5386 
f 4444/5386 4578/5387 4586/5403 4404/5404 
f 4577/5385 4444/5386 4404/5404 4585/5401 
f 4649/5369 4570/5372 4445/5388 4578/5387 
f 4570/5372 4650/5371 4579/5389 4445/5388 
f 4445/5388 4579/5389 4587/5405 4405/5406 
f 4578/5387 4445/5388 4405/5406 4586/5403 
f 4650/5371 4571/5374 4446/5390 4579/5389 
f 4571/5374 4651/5373 4580/5391 4446/5390 
f 4446/5390 4580/5391 4588/5407 4406/5408 
f 4579/5389 4446/5390 4406/5408 4587/5405 
f 4651/5373 4572/5376 4447/5392 4580/5391 
f 4572/5376 4652/5375 4581/5393 4447/5392 
f 4447/5392 4581/5393 4589/5409 4407/5410 
f 4580/5391 4447/5392 4407/5410 4588/5407 
f 4652/5375 4573/5377 4442/5394 4581/5393 
f 4573/5377 4647/5363 4574/5379 4442/5394 
f 4442/5394 4574/5379 4583/5397 4400/5411 
f 4581/5393 4442/5394 4400/5411 4589/5409 
f 4582/5395 4616/5181 4482/5180 4401/5396 
f 4401/5396 4482/5180 4615/5179 4583/5397 
f 4584/5398 4617/5187 4484/5186 4402/5399 
f 4402/5399 4484/5186 4616/5185 4582/5400 
f 4585/5401 4618/5191 4486/5190 4403/5402 
f 4403/5402 4486/5190 4617/5187 4584/5398 
f 4586/5403 4619/5195 4488/5194 4404/5404 
f 4404/5404 4488/5194 4618/5191 4585/5401 
f 4587/5405 4620/5199 4490/5198 4405/5406 
f 4405/5406 4490/5198 4619/5195 4586/5403 
f 4588/5407 4621/5203 4492/5202 4406/5408 
f 4406/5408 4492/5202 4620/5199 4587/5405 
f 4589/5409 4622/5207 4494/5206 4407/5410 
f 4407/5410 4494/5206 4621/5203 4588/5407 
f 4583/5397 4615/5179 4495/5209 4400/5411 
f 4400/5411 4495/5209 4622/5207 4589/5409 
f 4945/5412 4877/5417 4734/5416 4733/5413 
f 4733/5413 4734/5416 4876/5415 4938/5414 
f 4938/5418 4876/5423 4736/5422 4735/5419 
f 4735/5419 4736/5422 4878/5421 4939/5420 
f 4939/5420 4878/5421 4738/5427 4737/5424 
f 4737/5424 4738/5427 4879/5426 4940/5425 
f 4940/5425 4879/5426 4740/5431 4739/5428 
f 4739/5428 4740/5431 4880/5430 4941/5429 
f 4941/5429 4880/5430 4742/5435 4741/5432 
f 4741/5432 4742/5435 4881/5434 4942/5433 
f 4942/5433 4881/5434 4744/5439 4743/5436 
f 4743/5436 4744/5439 4882/5438 4944/5437 
f 4944/5437 4882/5438 4746/5443 4745/5440 
f 4745/5440 4746/5443 4883/5442 4943/5441 
f 4943/5441 4883/5442 4748/5445 4747/5444 
f 4747/5444 4748/5445 4877/5417 4945/5412 
f 4884/5446 4887/5451 4750/5450 4749/5447 
f 4749/5447 4750/5450 4886/5449 4885/5448 
f 4885/5452 4886/5457 4752/5456 4751/5453 
f 4751/5453 4752/5456 4889/5455 4888/5454 
f 4888/5454 4889/5455 4754/5461 4753/5458 
f 4753/5458 4754/5461 4891/5460 4890/5459 
f 4890/5459 4891/5460 4756/5465 4755/5462 
f 4755/5462 4756/5465 4892/5464 4875/5463 
f 4875/5463 4892/5464 4758/5469 4757/5466 
f 4757/5466 4758/5469 4894/5468 4893/5467 
f 4893/5467 4894/5468 4760/5473 4759/5470 
f 4759/5470 4760/5473 4896/5472 4895/5471 
f 4895/5471 4896/5472 4762/5477 4761/5474 
f 4761/5474 4762/5477 4898/5476 4897/5475 
f 4897/5475 4898/5476 4764/5479 4763/5478 
f 4763/5478 4764/5479 4887/5451 4884/5446 
f 4899/5480 4766/5483 4677/5482 4765/5481 
f 4900/5484 4765/5481 4677/5482 4767/5485 
f 4901/5486 4767/5485 4677/5482 4766/5483 
f 4899/5480 4768/5489 4678/5488 4766/5487 
f 4901/5490 4766/5487 4678/5488 4769/5491 
f 4902/5492 4769/5491 4678/5488 4768/5489 
f 4899/5480 4770/5494 4679/5493 4768/5489 
f 4902/5492 4768/5489 4679/5493 4771/5495 
f 4903/5496 4771/5495 4679/5493 4770/5494 
f 4899/5480 4772/5498 4680/5497 4770/5494 
f 4903/5496 4770/5494 4680/5497 4773/5499 
f 4904/5500 4773/5499 4680/5497 4772/5498 
f 4899/5480 4774/5502 4681/5501 4772/5498 
f 4904/5500 4772/5498 4681/5501 4775/5503 
f 4905/5504 4775/5503 4681/5501 4774/5502 
f 4899/5480 4776/5506 4682/5505 4774/5502 
f 4905/5504 4774/5502 4682/5505 4777/5507 
f 4906/5508 4777/5507 4682/5505 4776/5506 
f 4899/5480 4778/5510 4683/5509 4776/5506 
f 4906/5508 4776/5506 4683/5509 4779/5511 
f 4907/5512 4779/5511 4683/5509 4778/5510 
f 4899/5480 4765/5481 4684/5513 4778/5510 
f 4907/5512 4778/5510 4684/5513 4780/5514 
f 4900/5484 4780/5514 4684/5513 4765/5481 
f 4876/5415 4734/5416 4662/5516 4781/5515 
f 4781/5515 4662/5516 4749/5447 4885/5448 
f 4662/5516 4782/5517 4884/5446 4749/5447 
f 4734/5416 4877/5417 4782/5517 4662/5516 
f 4878/5518 4736/5521 4661/5520 4783/5519 
f 4783/5519 4661/5520 4751/5453 4888/5454 
f 4661/5520 4781/5522 4885/5452 4751/5453 
f 4736/5521 4876/5523 4781/5522 4661/5520 
f 4879/5426 4738/5427 4664/5525 4784/5524 
f 4784/5524 4664/5525 4753/5458 4890/5459 
f 4664/5525 4783/5526 4888/5454 4753/5458 
f 4738/5427 4878/5421 4783/5526 4664/5525 
f 4880/5430 4740/5431 4665/5528 4785/5527 
f 4785/5527 4665/5528 4755/5462 4875/5463 
f 4665/5528 4784/5524 4890/5459 4755/5462 
f 4740/5431 4879/5426 4784/5524 4665/5528 
f 4881/5434 4742/5435 4666/5530 4786/5529 
f 4786/5529 4666/5530 4757/5466 4893/5467 
f 4666/5530 4785/5527 4875/5463 4757/5466 
f 4742/5435 4880/5430 4785/5527 4666/5530 
f 4882/5438 4744/5439 4667/5532 4787/5531 
f 4787/5531 4667/5532 4759/5470 4895/5471 
f 4667/5532 4786/5529 4893/5467 4759/5470 
f 4744/5439 4881/5434 4786/5529 4667/5532 
f 4883/5442 4746/5443 4668/5534 4788/5533 
f 4788/5533 4668/5534 4761/5474 4897/5475 
f 4668/5534 4787/5531 4895/5471 4761/5474 
f 4746/5443 4882/5438 4787/5531 4668/5534 
f 4877/5417 4748/5445 4663/5535 4782/5517 
f 4782/5517 4663/5535 4763/5478 4884/5446 
f 4663/5535 4788/5533 4897/5475 4763/5478 
f 4748/5445 4883/5442 4788/5533 4663/5535 
f 4887/5451 4789/5537 4670/5536 4750/5450 
f 4750/5450 4670/5536 4790/5538 4886/5449 
f 4670/5536 4694/5619 4829/5618 4790/5538 
f 4789/5537 4830/5620 4694/5619 4670/5536 
f 4886/5457 4790/5540 4669/5539 4752/5456 
f 4752/5456 4669/5539 4791/5541 4889/5455 
f 4669/5539 4693/5622 4831/5621 4791/5541 
f 4790/5540 4829/5623 4693/5622 4669/5539 
f 4889/5455 4791/5541 4672/5542 4754/5461 
f 4754/5461 4672/5542 4792/5543 4891/5460 
f 4672/5542 4696/5625 4832/5624 4792/5543 
f 4791/5541 4831/5621 4696/5625 4672/5542 
f 4891/5460 4792/5543 4673/5544 4756/5465 
f 4756/5465 4673/5544 4793/5545 4892/5464 
f 4673/5544 4697/5627 4833/5626 4793/5545 
f 4792/5543 4832/5624 4697/5627 4673/5544 
f 4892/5464 4793/5545 4674/5546 4758/5469 
f 4758/5469 4674/5546 4794/5547 4894/5468 
f 4674/5546 4698/5629 4834/5628 4794/5547 
f 4793/5545 4833/5626 4698/5629 4674/5546 
f 4894/5468 4794/5547 4675/5548 4760/5473 
f 4760/5473 4675/5548 4795/5549 4896/5472 
f 4675/5548 4699/5631 4835/5630 4795/5549 
f 4794/5547 4834/5628 4699/5631 4675/5548 
f 4896/5472 4795/5549 4676/5550 4762/5477 
f 4762/5477 4676/5550 4796/5551 4898/5476 
f 4676/5550 4700/5633 4836/5632 4796/5551 
f 4795/5549 4835/5630 4700/5633 4676/5550 
f 4898/5476 4796/5551 4671/5552 4764/5479 
f 4764/5479 4671/5552 4789/5537 4887/5451 
f 4671/5552 4695/5634 4830/5620 4789/5537 
f 4796/5551 4836/5632 4695/5634 4671/5552 
f 4909/5553 4798/5556 4701/5555 4797/5554 
f 4797/5554 4701/5555 4705/5636 4837/5635 
f 4701/5555 4799/5557 4838/5637 4705/5636 
f 4798/5556 4910/5558 4799/5557 4701/5555 
f 4911/5559 4801/5562 4709/5561 4800/5560 
f 4800/5560 4709/5561 4712/5639 4839/5638 
f 4709/5561 4802/5563 4841/5643 4712/5639 
f 4801/5562 4912/5564 4802/5563 4709/5561 
f 4913/5565 4804/5568 4710/5567 4803/5566 
f 4803/5566 4710/5567 4711/5645 4842/5644 
f 4710/5567 4800/5560 4839/5638 4711/5645 
f 4804/5568 4911/5559 4800/5560 4710/5567 
f 4914/5569 4806/5572 4713/5571 4805/5570 
f 4805/5570 4713/5571 4714/5649 4844/5648 
f 4713/5571 4803/5566 4842/5644 4714/5649 
f 4806/5572 4913/5565 4803/5566 4713/5571 
f 4915/5573 4808/5576 4715/5575 4807/5574 
f 4807/5574 4715/5575 4716/5653 4846/5652 
f 4715/5575 4805/5570 4844/5648 4716/5653 
f 4808/5576 4914/5569 4805/5570 4715/5575 
f 4916/5577 4810/5580 4717/5579 4809/5578 
f 4809/5578 4717/5579 4718/5657 4848/5656 
f 4717/5579 4807/5574 4846/5652 4718/5657 
f 4810/5580 4915/5573 4807/5574 4717/5579 
f 4917/5581 4812/5584 4719/5583 4811/5582 
f 4811/5582 4719/5583 4720/5660 4822/5604 
f 4719/5583 4809/5578 4848/5656 4720/5660 
f 4812/5584 4916/5577 4809/5578 4719/5583 
f 4910/5558 4813/5586 4707/5585 4799/5557 
f 4799/5557 4707/5585 4706/5662 4838/5637 
f 4707/5585 4814/5587 4823/5606 4706/5662 
f 4813/5586 4918/5588 4814/5587 4707/5585 
f 4919/5589 4816/5592 4723/5591 4815/5590 
f 4815/5590 4723/5591 4817/5594 4920/5593 
f 4723/5591 4818/5596 4921/5595 4817/5594 
f 4816/5592 4922/5597 4818/5596 4723/5591 
f 4920/5593 4817/5594 4724/5599 4819/5598 
f 4819/5598 4724/5599 4820/5601 4923/5600 
f 4724/5599 4821/5603 4924/5602 4820/5601 
f 4817/5594 4921/5595 4821/5603 4724/5599 
f 4923/5600 4820/5601 4722/5605 4822/5604 
f 4822/5604 4722/5605 4721/5663 4811/5582 
f 4722/5605 4823/5606 4814/5587 4721/5663 
f 4820/5601 4924/5602 4823/5606 4722/5605 
f 4917/5581 4825/5609 4708/5608 4824/5607 
f 4824/5607 4708/5608 4826/5611 4925/5610 
f 4708/5608 4813/5586 4910/5558 4826/5611 
f 4825/5609 4918/5588 4813/5586 4708/5608 
f 4925/5610 4826/5611 4702/5613 4827/5612 
f 4827/5612 4702/5613 4828/5615 4912/5614 
f 4702/5613 4798/5556 4909/5553 4828/5615 
f 4826/5611 4910/5558 4798/5556 4702/5613 
f 4912/5614 4828/5615 4703/5617 4802/5616 
f 4802/5616 4703/5617 4704/5665 4841/5664 
f 4703/5617 4797/5554 4837/5635 4704/5665 
f 4828/5615 4909/5553 4797/5554 4703/5617 
f 4829/5618 4694/5619 4827/5612 4912/5614 
f 4694/5619 4830/5620 4925/5610 4827/5612 
f 4831/5621 4693/5622 4801/5562 4911/5559 
f 4693/5622 4829/5623 4912/5564 4801/5562 
f 4832/5624 4696/5625 4804/5568 4913/5565 
f 4696/5625 4831/5621 4911/5559 4804/5568 
f 4833/5626 4697/5627 4806/5572 4914/5569 
f 4697/5627 4832/5624 4913/5565 4806/5572 
f 4834/5628 4698/5629 4808/5576 4915/5573 
f 4698/5629 4833/5626 4914/5569 4808/5576 
f 4835/5630 4699/5631 4810/5580 4916/5577 
f 4699/5631 4834/5628 4915/5573 4810/5580 
f 4836/5632 4700/5633 4812/5584 4917/5581 
f 4700/5633 4835/5630 4916/5577 4812/5584 
f 4830/5620 4695/5634 4824/5607 4925/5610 
f 4695/5634 4836/5632 4917/5581 4824/5607 
f 4837/5635 4705/5636 4818/5596 4922/5597 
f 4705/5636 4838/5637 4921/5595 4818/5596 
f 4839/5638 4712/5639 4840/5641 4926/5640 
f 4712/5639 4841/5643 4919/5642 4840/5641 
f 4842/5644 4711/5645 4843/5647 4927/5646 
f 4711/5645 4839/5638 4926/5640 4843/5647 
f 4844/5648 4714/5649 4845/5651 4928/5650 
f 4714/5649 4842/5644 4927/5646 4845/5651 
f 4846/5652 4716/5653 4847/5655 4929/5654 
f 4716/5653 4844/5648 4928/5650 4847/5655 
f 4848/5656 4718/5657 4849/5659 4930/5658 
f 4718/5657 4846/5652 4929/5654 4849/5659 
f 4822/5604 4720/5660 4850/5661 4923/5600 
f 4720/5660 4848/5656 4930/5658 4850/5661 
f 4838/5637 4706/5662 4821/5603 4921/5595 
f 4706/5662 4823/5606 4924/5602 4821/5603 
f 4811/5582 4721/5663 4825/5609 4917/5581 
f 4721/5663 4814/5587 4918/5588 4825/5609 
f 4841/5664 4704/5665 4816/5592 4919/5589 
f 4704/5665 4837/5635 4922/5597 4816/5592 
f 4920/5593 4932/5668 4851/5667 4815/5590 
f 4815/5590 4851/5667 4931/5666 4919/5589 
f 4919/5642 4931/5671 4852/5670 4840/5641 
f 4840/5641 4852/5670 4933/5669 4926/5640 
f 4926/5640 4933/5669 4853/5673 4843/5647 
f 4843/5647 4853/5673 4908/5672 4927/5646 
f 4927/5646 4908/5672 4854/5675 4845/5651 
f 4845/5651 4854/5675 4934/5674 4928/5650 
f 4928/5650 4934/5674 4855/5677 4847/5655 
f 4847/5655 4855/5677 4935/5676 4929/5654 
f 4929/5654 4935/5676 4856/5679 4849/5659 
f 4849/5659 4856/5679 4936/5678 4930/5658 
f 4930/5658 4936/5678 4857/5681 4850/5661 
f 4850/5661 4857/5681 4937/5680 4923/5600 
f 4923/5600 4937/5680 4858/5682 4819/5598 
f 4819/5598 4858/5682 4932/5668 4920/5593 
f 4932/5668 4859/5684 4726/5683 4851/5667 
f 4851/5667 4726/5683 4860/5685 4931/5666 
f 4726/5683 4686/5701 4867/5700 4860/5685 
f 4859/5684 4868/5702 4686/5701 4726/5683 
f 4931/5671 4860/5687 4725/5686 4852/5670 
f 4852/5670 4725/5686 4861/5688 4933/5669 
f 4725/5686 4687/5704 4869/5703 4861/5688 
f 4860/5687 4867/5705 4687/5704 4725/5686 
f 4933/5669 4861/5688 4728/5689 4853/5673 
f 4853/5673 4728/5689 4862/5690 4908/5672 
f 4728/5689 4688/5707 4870/5706 4862/5690 
f 4861/5688 4869/5703 4688/5707 4728/5689 
f 4908/5672 4862/5690 4729/5691 4854/5675 
f 4854/5675 4729/5691 4863/5692 4934/5674 
f 4729/5691 4689/5709 4871/5708 4863/5692 
f 4862/5690 4870/5706 4689/5709 4729/5691 
f 4934/5674 4863/5692 4730/5693 4855/5677 
f 4855/5677 4730/5693 4864/5694 4935/5676 
f 4730/5693 4690/5711 4872/5710 4864/5694 
f 4863/5692 4871/5708 4690/5711 4730/5693 
f 4935/5676 4864/5694 4731/5695 4856/5679 
f 4856/5679 4731/5695 4865/5696 4936/5678 
f 4731/5695 4691/5713 4873/5712 4865/5696 
f 4864/5694 4872/5710 4691/5713 4731/5695 
f 4936/5678 4865/5696 4732/5697 4857/5681 
f 4857/5681 4732/5697 4866/5698 4937/5680 
f 4732/5697 4692/5715 4874/5714 4866/5698 
f 4865/5696 4873/5712 4692/5715 4732/5697 
f 4937/5680 4866/5698 4727/5699 4858/5682 
f 4858/5682 4727/5699 4859/5684 4932/5668 
f 4727/5699 4685/5716 4868/5702 4859/5684 
f 4866/5698 4874/5714 4685/5716 4727/5699 
f 4867/5700 4686/5701 4767/5485 4901/5486 
f 4686/5701 4868/5702 4900/5484 4767/5485 
f 4869/5703 4687/5704 4769/5491 4902/5492 
f 4687/5704 4867/5705 4901/5490 4769/5491 
f 4870/5706 4688/5707 4771/5495 4903/5496 
f 4688/5707 4869/5703 4902/5492 4771/5495 
f 4871/5708 4689/5709 4773/5499 4904/5500 
f 4689/5709 4870/5706 4903/5496 4773/5499 
f 4872/5710 4690/5711 4775/5503 4905/5504 
f 4690/5711 4871/5708 4904/5500 4775/5503 
f 4873/5712 4691/5713 4777/5507 4906/5508 
f 4691/5713 4872/5710 4905/5504 4777/5507 
f 4874/5714 4692/5715 4779/5511 4907/5512 
f 4692/5715 4873/5712 4906/5508 4779/5511 
f 4868/5702 4685/5716 4780/5514 4900/5484 
f 4685/5716 4874/5714 4907/5512 4780/5514 
# 588 polygons

#
# object 2?_????___??004
#

v  95.616020 20.958351 19.107132
v  94.660019 10.687413 20.152969
v  95.616020 10.687428 19.107132
v  94.660049 10.687427 35.013763
v  94.660049 20.958351 35.013763
v  95.616371 10.687451 35.923065
v  95.616364 20.958351 35.923004
v  94.660049 10.687426 24.910416
v  95.616371 10.687451 24.910431
v  94.660049 10.687426 30.109894
v  95.616371 10.687451 30.109894
v  94.660049 19.136845 30.109894
v  95.616364 19.136845 30.109894
v  94.660049 19.136845 24.910416
v  95.616364 19.136845 24.910431
v  94.660019 20.958351 20.152588
v  74.541214 10.687427 35.013779
v  74.541214 20.958351 35.013779
v  74.541214 20.958351 35.923004
v  74.541214 10.687451 35.923065
v  74.541061 20.958351 20.152588
v  74.541061 20.958351 19.107132
v  74.541061 10.687428 19.107132
v  74.541061 10.687413 20.152969
# 24 vertices

vt 0.401360 0.981250 0.000000
vt 0.597453 0.981250 0.000000
vt 0.750000 0.981250 0.000000
vt 0.446090 0.981250 0.000000
vt 0.500000 0.981250 0.000000
vt 0.750000 0.981250 0.000000
vt 0.500000 0.981250 0.000000
vt 0.750000 0.981250 0.000000
vt 0.500000 0.981250 0.000000
vt 0.750000 0.981250 0.000000
vt 0.500000 0.981250 0.000000
vt 0.750000 0.981250 0.000000
vt 0.750000 0.981250 0.000000
vt 0.750000 0.981250 0.000000
vt 0.500000 0.981250 0.000000
vt 0.500000 0.981250 0.000000
vt 0.500000 0.981250 0.000000
vt 0.750000 0.981250 0.000000
vt 0.500000 0.981250 0.000000
vt 0.500000 0.981250 0.000000
vt 0.500000 0.981250 0.000000
vt 0.500000 0.981250 0.000000
vt 0.750000 0.981250 0.000000
vt 0.750000 0.981250 0.000000
vt 0.750000 0.981250 0.000000
vt 0.214672 1.000000 0.000000
vt 0.682005 0.000004 0.000000
vt 0.682006 1.000000 0.000000
vt 0.000001 0.785328 0.000000
vt 0.999999 0.317993 0.000000
vt 0.999999 0.785327 0.000000
vt 0.785327 1.000000 0.000000
vt 0.317994 0.000004 0.000000
vt 0.785329 0.000007 0.000000
vt 0.500000 0.981250 0.000000
vt 0.750000 0.981250 0.000000
vt 0.750000 0.981250 0.000000
vt 0.750000 0.981250 0.000000
vt 0.500000 0.981250 0.000000
vt 0.500000 0.981250 0.000000
vt 0.500000 0.981250 0.000000
vt 0.500000 0.981250 0.000000
vt 0.750000 0.981250 0.000000
vt 0.750000 0.981250 0.000000
vt 0.750000 0.981250 0.000000
vt 0.750000 0.981250 0.000000
vt 0.750000 0.981250 0.000000
vt 0.214670 0.000007 0.000000
vt -0.000001 0.317994 0.000000
vt 0.317993 1.000000 0.000000
vt 0.500000 0.981250 0.000000
vt 0.500000 0.981250 0.000000
vt 0.597453 0.981250 0.000000
vt 0.401360 0.981250 0.000000
vt 0.446090 0.981250 0.000000
vt 0.750000 0.981250 0.000000
vt 0.500000 0.981250 0.000000
vt 0.500000 0.981250 0.000000
vt 0.750000 0.981250 0.000000
vt 0.750000 0.981250 0.000000
vt 0.500000 0.981250 0.000000
vt 0.750000 0.981250 0.000000
vt 0.750000 0.981250 0.000000
vt 0.500000 0.981250 0.000000
vt 0.500000 0.981250 0.000000
vt 0.750000 0.981250 0.000000
# 66 texture coords

o 2?_????___??004
g 2?_????___??004
f 4946/5717 4967/5770 4966/5769 4961/5718 
f 4947/5719 4969/5772 4968/5771 4948/5720 
f 4962/5773 4963/5774 4950/5751 4949/5721 
f 4952/5729 4946/5728 4961/5767 4950/5727 
f 4953/5732 4947/5731 4948/5753 4954/5730 
f 4955/5735 4956/5734 4951/5754 4949/5733 
f 4959/5744 4953/5743 4954/5764 4960/5742 
f 4958/5747 4957/5746 4959/5765 4960/5745 
f 4956/5750 4955/5749 4957/5766 4958/5748 
f 4953/5757 4959/5756 4961/5768 4947/5755 
f 4954/5761 4948/5760 4946/5762 4960/5759 
f 4946/5762 4952/5741 4958/5739 4960/5759 
f 4959/5756 4957/5736 4950/5758 4961/5768 
f 4952/5741 4951/5740 4956/5763 4958/5739 
f 4957/5736 4955/5738 4949/5737 4950/5758 
f 4966/5769 4969/5777 4947/5755 4961/5718 
f 4965/5776 4951/5752 4952/5724 4964/5775 
f 4965/5779 4962/5780 4949/5723 4951/5722 
f 4963/5781 4964/5782 4952/5726 4950/5725 
f 4968/5771 4967/5778 4946/5762 4948/5720 
# 20 polygons

#
# object ???011
#

v  94.660378 19.140760 24.917431
v  94.950333 19.140760 24.917431
v  94.950333 19.140762 30.110386
v  94.660378 19.140760 30.109161
v  94.660378 10.688331 24.917431
v  94.660378 10.688333 30.109161
v  94.950333 10.688328 24.917431
v  94.950333 10.688329 30.110386
v  94.641441 17.379021 30.156456
v  94.673141 17.379021 30.143326
v  94.686272 17.379021 30.111622
v  94.673141 17.379021 30.079920
v  94.641441 17.379021 30.066788
v  94.609734 17.379021 30.079920
v  94.596603 17.379021 30.111622
v  94.609734 17.379021 30.143326
v  94.641441 17.940809 30.156456
v  94.673141 17.940809 30.143326
v  94.686272 17.940809 30.111622
v  94.673141 17.940809 30.079920
v  94.641441 17.940809 30.066788
v  94.609734 17.940809 30.079920
v  94.596603 17.940809 30.111622
v  94.609734 17.940809 30.143326
v  94.641441 16.175558 30.156456
v  94.673141 16.175558 30.143326
v  94.686272 16.175558 30.111622
v  94.673141 16.175558 30.079920
v  94.641441 16.175558 30.066788
v  94.609734 16.175558 30.079920
v  94.596603 16.175558 30.111622
v  94.609734 16.175558 30.143326
v  94.641441 16.737349 30.156456
v  94.673141 16.737349 30.143326
v  94.686272 16.737349 30.111622
v  94.673141 16.737349 30.079920
v  94.641441 16.737349 30.066788
v  94.609734 16.737349 30.079920
v  94.596603 16.737349 30.111622
v  94.609734 16.737349 30.143326
v  94.641441 12.014170 30.156456
v  94.673141 12.014170 30.143326
v  94.686272 12.014170 30.111622
v  94.673141 12.014170 30.079920
v  94.641441 12.014170 30.066788
v  94.609734 12.014170 30.079920
v  94.596603 12.014170 30.111622
v  94.609734 12.014170 30.143326
v  94.641441 12.575960 30.156456
v  94.673141 12.575960 30.143326
v  94.686272 12.575960 30.111622
v  94.673141 12.575960 30.079920
v  94.641441 12.575960 30.066788
v  94.609734 12.575960 30.079920
v  94.596603 12.575960 30.111622
v  94.609734 12.575960 30.143326
v  94.592110 14.796040 25.594414
v  94.592110 14.696488 25.693964
v  94.592110 14.555703 25.693964
v  94.592110 14.796040 25.453629
v  94.592110 14.696488 25.354078
v  94.592110 14.555703 25.354078
v  94.592110 14.456154 25.453629
v  94.592110 14.456154 25.594414
v  94.590584 14.713211 25.560104
v  94.590584 14.662181 25.611137
v  94.590584 14.590012 25.611137
v  94.590584 14.713211 25.487936
v  94.590584 14.662181 25.436905
v  94.590584 14.590012 25.436905
v  94.590584 14.538980 25.487936
v  94.590584 14.538980 25.560104
v  94.448029 14.639219 25.555702
v  94.448029 14.657778 25.537144
v  94.448029 14.657778 25.510899
v  94.448029 14.639219 25.492340
v  94.448029 14.612973 25.492340
v  94.448029 14.594414 25.510899
v  94.448029 14.594414 25.537144
v  94.448029 14.612973 25.555702
v  94.455162 14.606411 25.571545
v  94.455162 14.645781 25.571545
v  94.455162 14.673619 25.543705
v  94.455162 14.673619 25.504337
v  94.455162 14.645781 25.476498
v  94.455162 14.606411 25.476498
v  94.455162 14.578573 25.504337
v  94.455162 14.578573 25.543705
v  94.572540 14.713211 25.560104
v  94.572540 14.662181 25.611137
v  94.572540 14.590012 25.611137
v  94.572540 14.713211 25.487936
v  94.572540 14.662181 25.436905
v  94.572540 14.590012 25.436905
v  94.572540 14.538980 25.487936
v  94.572540 14.538980 25.560104
v  94.535828 14.662181 26.046371
v  94.555588 14.662181 25.828754
v  94.535828 14.698265 25.813808
v  94.496300 14.698265 25.813808
v  94.496300 14.662181 26.046371
v  94.496300 14.590012 26.046371
v  94.535828 14.590012 26.046371
v  94.555588 14.590012 25.828754
v  94.535828 14.713211 25.560104
v  94.535828 14.713211 25.487936
v  94.496300 14.713211 25.487936
v  94.496300 14.713211 25.560104
v  94.535828 14.662181 25.436905
v  94.496300 14.662181 25.436905
v  94.535828 14.590012 25.436905
v  94.496300 14.590012 25.436905
v  94.535828 14.538980 25.487936
v  94.496300 14.538980 25.487936
v  94.535828 14.538980 25.560104
v  94.496300 14.538980 25.560104
v  94.535828 14.553927 25.813808
v  94.496300 14.553927 25.813808
v  94.476540 14.662181 25.828754
v  94.476540 14.590012 25.828754
v  94.469414 14.673619 25.543705
v  94.469414 14.645781 25.571545
v  94.469414 14.606411 25.571545
v  94.469414 14.673619 25.504337
v  94.469414 14.645781 25.476498
v  94.469414 14.606411 25.476498
v  94.469414 14.578573 25.504337
v  94.469414 14.578573 25.543705
v  94.664635 14.698265 25.698252
v  94.601448 14.697821 25.697180
v  94.664635 14.800326 25.596189
v  94.601448 14.799255 25.595745
v  94.664635 14.800326 25.451853
v  94.601448 14.799255 25.452297
v  94.664635 14.698265 25.349791
v  94.601448 14.697821 25.350863
v  94.664635 14.553927 25.349791
v  94.601448 14.554371 25.350863
v  94.664635 14.451865 25.451853
v  94.601448 14.452937 25.452297
v  94.664635 14.451865 25.596189
v  94.601448 14.452937 25.595745
v  94.664635 14.553927 25.698252
v  94.601448 14.554371 25.697180
v  94.591782 14.691090 25.680931
v  94.591393 14.666247 25.620955
v  94.591782 14.783005 25.589016
v  94.591393 14.723029 25.564173
v  94.591782 14.783005 25.459026
v  94.591393 14.723029 25.483870
v  94.591782 14.691090 25.367111
v  94.591393 14.666247 25.427088
v  94.591782 14.561101 25.367111
v  94.591393 14.585944 25.427088
v  94.591782 14.469187 25.459026
v  94.591393 14.529163 25.483870
v  94.591782 14.469187 25.589016
v  94.591393 14.529163 25.564173
v  94.591782 14.561101 25.680931
v  94.591393 14.585944 25.620955
v  94.448029 14.626097 25.555473
v  94.448029 14.648335 25.546261
v  94.450592 14.643418 25.565842
v  94.448029 14.657547 25.524021
v  94.450592 14.667916 25.541344
v  94.448029 14.648335 25.501781
v  94.450592 14.667916 25.506699
v  94.448029 14.626097 25.492569
v  94.450592 14.643418 25.482201
v  94.448029 14.603857 25.501781
v  94.450592 14.608774 25.482201
v  94.448029 14.594644 25.524021
v  94.450592 14.584276 25.506699
v  94.448029 14.603857 25.546261
v  94.450592 14.584276 25.541344
v  94.450592 14.608774 25.565842
v  94.592110 14.756573 25.654497
v  94.592110 14.626097 25.708542
v  94.592110 14.810617 25.524021
v  94.592110 14.756573 25.393545
v  94.592110 14.626097 25.339499
v  94.592110 14.495620 25.393545
v  94.592110 14.441574 25.524021
v  94.592110 14.495620 25.654497
v  94.590584 14.626097 25.618610
v  94.590584 14.692981 25.590906
v  94.590584 14.720685 25.524021
v  94.590584 14.692981 25.457136
v  94.590584 14.626097 25.429432
v  94.590584 14.559211 25.457136
v  94.590584 14.531507 25.524021
v  94.590584 14.559211 25.590906
v  94.535828 14.689244 25.980757
v  94.550644 14.662181 25.991968
v  94.535828 14.626097 26.053844
v  94.535828 14.720685 25.524021
v  94.554886 14.713211 25.560104
v  94.535828 14.702002 25.641573
v  94.535828 14.692981 25.457136
v  94.554886 14.713211 25.487936
v  94.535828 14.626097 25.429432
v  94.554886 14.662181 25.436905
v  94.535828 14.559211 25.457136
v  94.554886 14.590012 25.436905
v  94.535828 14.531507 25.524021
v  94.554886 14.538980 25.487936
v  94.535828 14.550190 25.641573
v  94.554886 14.538980 25.560104
v  94.550644 14.590012 25.991968
v  94.535828 14.562948 25.980757
v  94.476540 14.660130 25.660591
v  94.481476 14.689244 25.817545
v  94.476540 14.626097 25.836227
v  94.481476 14.662181 25.991968
v  94.476540 14.592062 25.660591
v  94.481476 14.562948 25.817545
v  94.481476 14.590012 25.991968
v  94.496300 14.550190 25.641573
v  94.496300 14.562948 25.980757
v  94.559822 14.590012 25.665541
v  94.550644 14.562948 25.817545
v  94.555588 14.626097 25.836227
v  94.559822 14.662181 25.665541
v  94.550644 14.689244 25.817545
v  94.572540 14.692981 25.590906
v  94.572540 14.626097 25.618610
v  94.572540 14.720685 25.524021
v  94.572540 14.692981 25.457136
v  94.572540 14.626097 25.429432
v  94.572540 14.559211 25.457136
v  94.572540 14.531507 25.524021
v  94.572540 14.559211 25.590906
v  94.496300 14.689244 25.980757
v  94.496300 14.626097 26.053844
v  94.496300 14.720685 25.524021
v  94.481476 14.708262 25.558056
v  94.496300 14.702002 25.641573
v  94.496300 14.692981 25.457136
v  94.481476 14.708262 25.489986
v  94.496300 14.626097 25.429432
v  94.481476 14.660130 25.441854
v  94.496300 14.559211 25.457136
v  94.481476 14.592062 25.441854
v  94.496300 14.531507 25.524021
v  94.481476 14.543929 25.489986
v  94.481476 14.543929 25.558056
v  94.474754 14.647830 25.576492
v  94.474754 14.678568 25.545755
v  94.474754 14.678568 25.502287
v  94.474754 14.647830 25.471550
v  94.474754 14.604362 25.471550
v  94.474754 14.573625 25.502287
v  94.474754 14.573625 25.545755
v  94.474754 14.604362 25.576492
v  94.469414 14.626097 25.575621
v  94.469414 14.662582 25.560507
v  94.469414 14.677696 25.524021
v  94.469414 14.662582 25.487534
v  94.469414 14.626097 25.472422
v  94.469414 14.589610 25.487534
v  94.469414 14.574496 25.524021
v  94.469414 14.589610 25.560507
v  94.455162 14.662582 25.560507
v  94.455162 14.626097 25.575621
v  94.455162 14.677696 25.524021
v  94.455162 14.662582 25.487534
v  94.455162 14.626097 25.472422
v  94.455162 14.589610 25.487534
v  94.455162 14.574496 25.524021
v  94.455162 14.589610 25.560507
v  94.591782 14.626097 25.353651
v  94.601448 14.759041 25.656967
v  94.601448 14.626097 25.712034
v  94.601448 14.814109 25.524021
v  94.601448 14.759041 25.391075
v  94.601448 14.626097 25.336008
v  94.601448 14.493151 25.391075
v  94.601448 14.438083 25.524021
v  94.601448 14.493151 25.656967
v  94.591782 14.626097 25.694391
v  94.591782 14.746566 25.644491
v  94.591393 14.700518 25.598442
v  94.591393 14.626097 25.629269
v  94.591782 14.796466 25.524021
v  94.591393 14.731344 25.524021
v  94.591782 14.746566 25.403551
v  94.591393 14.700518 25.449598
v  94.591393 14.626097 25.418774
v  94.591782 14.505625 25.403551
v  94.591393 14.551674 25.449598
v  94.591782 14.455726 25.524021
v  94.591393 14.520847 25.524021
v  94.591782 14.505625 25.644491
v  94.591393 14.551674 25.598442
v  94.448029 14.626097 25.524021
v  94.449814 14.626097 25.570160
v  94.449814 14.658722 25.556646
v  94.449814 14.672235 25.524021
v  94.449814 14.658722 25.491396
v  94.449814 14.626097 25.477880
v  94.449814 14.593471 25.491396
v  94.449814 14.579956 25.524021
v  94.449814 14.593471 25.556646
v  94.474754 14.666382 25.483734
v  94.546806 14.682226 25.941349
v  94.550644 14.626097 25.999441
v  94.554886 14.720685 25.524021
v  94.555138 14.694883 25.627626
v  94.554886 14.692981 25.457136
v  94.554886 14.626097 25.429432
v  94.554886 14.559211 25.457136
v  94.554886 14.531507 25.524021
v  94.555138 14.557309 25.627626
v  94.546806 14.569964 25.941349
v  94.479698 14.692451 25.625195
v  94.476540 14.626097 25.667641
v  94.481476 14.626097 25.999441
v  94.485321 14.682226 25.941349
v  94.479698 14.559741 25.625195
v  94.485321 14.569964 25.941349
v  94.559822 14.626097 25.673014
v  94.481476 14.715311 25.524021
v  94.481476 14.689180 25.460936
v  94.481476 14.626097 25.434807
v  94.481476 14.563011 25.460936
v  94.481476 14.536880 25.524021
v  94.474754 14.666382 25.564308
v  94.474754 14.626097 25.580994
v  94.474754 14.683069 25.524021
v  94.474754 14.626097 25.467047
v  94.474754 14.585810 25.483734
v  94.474754 14.569122 25.524021
v  94.474754 14.585810 25.564308
v  94.664635 14.759864 25.657789
v  94.664635 14.815273 25.524021
v  94.664635 14.759864 25.390253
v  94.664635 14.626097 25.334843
v  94.664635 14.492328 25.390253
v  94.664635 14.492328 25.657789
v  94.664635 14.436918 25.524021
v  94.664635 14.626097 25.713200
v  95.017982 14.796040 25.594414
v  95.017982 14.696488 25.693964
v  95.017982 14.555704 25.693964
v  95.017982 14.796040 25.453629
v  95.017982 14.696488 25.354078
v  95.017982 14.555703 25.354078
v  95.017982 14.456154 25.453629
v  95.017982 14.456154 25.594414
v  95.019508 14.713212 25.560106
v  95.019508 14.662181 25.611137
v  95.019508 14.590012 25.611137
v  95.019508 14.713212 25.487938
v  95.019508 14.662181 25.436907
v  95.019508 14.590012 25.436907
v  95.019508 14.538980 25.487938
v  95.019508 14.538980 25.560106
v  95.162064 14.639219 25.555704
v  95.162064 14.657778 25.537146
v  95.162064 14.657778 25.510899
v  95.162064 14.639219 25.492340
v  95.162064 14.612973 25.492340
v  95.162064 14.594414 25.510899
v  95.162064 14.594414 25.537146
v  95.162064 14.612973 25.555704
v  95.154938 14.606411 25.571545
v  95.154938 14.645781 25.571545
v  95.154938 14.673619 25.543707
v  95.154938 14.673619 25.504337
v  95.154938 14.645781 25.476500
v  95.154938 14.606411 25.476500
v  95.154938 14.578573 25.504337
v  95.154938 14.578573 25.543707
v  95.037552 14.713212 25.560106
v  95.037552 14.662181 25.611137
v  95.037552 14.590012 25.611137
v  95.037552 14.713212 25.487938
v  95.037552 14.662181 25.436907
v  95.037552 14.590012 25.436907
v  95.037552 14.538980 25.487938
v  95.037552 14.538980 25.560106
v  95.074265 14.662181 26.046373
v  95.054504 14.662181 25.828754
v  95.074265 14.698265 25.813808
v  95.113792 14.698265 25.813808
v  95.113792 14.662181 26.046373
v  95.113792 14.590012 26.046373
v  95.074265 14.590012 26.046373
v  95.054504 14.590012 25.828754
v  95.074265 14.713212 25.560106
v  95.074265 14.713212 25.487938
v  95.113792 14.713212 25.487938
v  95.113792 14.713212 25.560106
v  95.074265 14.662181 25.436907
v  95.113792 14.662181 25.436907
v  95.074265 14.590012 25.436907
v  95.113792 14.590012 25.436907
v  95.074265 14.538980 25.487938
v  95.113792 14.538980 25.487938
v  95.074265 14.538980 25.560106
v  95.113792 14.538980 25.560106
v  95.074265 14.553927 25.813808
v  95.113792 14.553927 25.813808
v  95.133553 14.662181 25.828754
v  95.133553 14.590012 25.828754
v  95.140678 14.673619 25.543707
v  95.140678 14.645781 25.571545
v  95.140678 14.606411 25.571545
v  95.140678 14.673619 25.504337
v  95.140678 14.645781 25.476500
v  95.140678 14.606411 25.476500
v  95.140678 14.578573 25.504337
v  95.140678 14.578573 25.543707
v  94.945457 14.698265 25.698254
v  95.008644 14.697821 25.697182
v  94.945457 14.800326 25.596191
v  95.008644 14.799255 25.595747
v  94.945457 14.800326 25.451853
v  95.008644 14.799255 25.452297
v  94.945457 14.698265 25.349791
v  95.008644 14.697821 25.350863
v  94.945457 14.553927 25.349791
v  95.008644 14.554371 25.350863
v  94.945457 14.451865 25.451853
v  95.008644 14.452937 25.452297
v  94.945457 14.451865 25.596191
v  95.008644 14.452937 25.595747
v  94.945457 14.553927 25.698254
v  95.008644 14.554371 25.697182
v  95.018318 14.691090 25.680931
v  95.018700 14.666247 25.620955
v  95.018318 14.783005 25.589016
v  95.018700 14.723029 25.564173
v  95.018318 14.783005 25.459028
v  95.018700 14.723029 25.483871
v  95.018318 14.691090 25.367113
v  95.018700 14.666247 25.427090
v  95.018318 14.561101 25.367113
v  95.018700 14.585944 25.427090
v  95.018318 14.469187 25.459028
v  95.018700 14.529163 25.483871
v  95.018318 14.469187 25.589016
v  95.018700 14.529163 25.564173
v  95.018318 14.561101 25.680931
v  95.018700 14.585944 25.620955
v  95.162064 14.626097 25.555473
v  95.162064 14.648335 25.546261
v  95.159500 14.643419 25.565842
v  95.162064 14.657547 25.524021
v  95.159500 14.667916 25.541344
v  95.162064 14.648335 25.501783
v  95.159500 14.667916 25.506699
v  95.162064 14.626097 25.492571
v  95.159500 14.643419 25.482203
v  95.162064 14.603857 25.501783
v  95.159500 14.608774 25.482203
v  95.162064 14.594644 25.524021
v  95.159500 14.584276 25.506699
v  95.162064 14.603857 25.546261
v  95.159500 14.584276 25.541344
v  95.159500 14.608774 25.565842
v  95.017982 14.756573 25.654499
v  95.017982 14.626097 25.708544
v  95.017982 14.810617 25.524021
v  95.017982 14.756573 25.393545
v  95.017982 14.626097 25.339500
v  95.017982 14.495620 25.393545
v  95.017982 14.441574 25.524021
v  95.017982 14.495620 25.654499
v  95.019508 14.626097 25.618610
v  95.019508 14.692981 25.590906
v  95.019508 14.720685 25.524021
v  95.019508 14.692981 25.457138
v  95.019508 14.626097 25.429434
v  95.019508 14.559211 25.457138
v  95.019508 14.531507 25.524021
v  95.019508 14.559211 25.590906
v  95.074265 14.689244 25.980759
v  95.059448 14.662181 25.991968
v  95.074265 14.626097 26.053846
v  95.074265 14.720685 25.524021
v  95.055206 14.713212 25.560106
v  95.074265 14.702002 25.641575
v  95.074265 14.692981 25.457138
v  95.055206 14.713212 25.487938
v  95.074265 14.626097 25.429434
v  95.055206 14.662181 25.436907
v  95.074265 14.559211 25.457138
v  95.055206 14.590012 25.436907
v  95.074265 14.531507 25.524021
v  95.055206 14.538980 25.487938
v  95.074265 14.550190 25.641575
v  95.055206 14.538980 25.560106
v  95.059448 14.590012 25.991968
v  95.074265 14.562948 25.980759
v  95.133553 14.660130 25.660593
v  95.128609 14.689244 25.817545
v  95.133553 14.626097 25.836227
v  95.128609 14.662181 25.991968
v  95.133553 14.592062 25.660593
v  95.128609 14.562948 25.817545
v  95.128609 14.590012 25.991968
v  95.113792 14.550190 25.641575
v  95.113792 14.562948 25.980759
v  95.050270 14.590012 25.665543
v  95.059448 14.562948 25.817545
v  95.054504 14.626097 25.836227
v  95.050270 14.662181 25.665543
v  95.059448 14.689244 25.817545
v  95.037552 14.692981 25.590906
v  95.037552 14.626097 25.618610
v  95.037552 14.720685 25.524021
v  95.037552 14.692981 25.457138
v  95.037552 14.626097 25.429434
v  95.037552 14.559211 25.457138
v  95.037552 14.531507 25.524021
v  95.037552 14.559211 25.590906
v  95.113792 14.689244 25.980759
v  95.113792 14.626097 26.053846
v  95.113792 14.720685 25.524021
v  95.128609 14.708262 25.558056
v  95.113792 14.702002 25.641575
v  95.113792 14.692981 25.457138
v  95.128609 14.708262 25.489988
v  95.113792 14.626097 25.429434
v  95.128609 14.660130 25.441856
v  95.113792 14.559211 25.457138
v  95.128609 14.592062 25.441856
v  95.113792 14.531507 25.524021
v  95.128609 14.543929 25.489988
v  95.128609 14.543929 25.558056
v  95.135338 14.647830 25.576494
v  95.135338 14.678568 25.545757
v  95.135338 14.678568 25.502287
v  95.135338 14.647830 25.471550
v  95.135338 14.604362 25.471550
v  95.135338 14.573625 25.502287
v  95.135338 14.573625 25.545757
v  95.135338 14.604362 25.576494
v  95.140678 14.626097 25.575623
v  95.140678 14.662582 25.560509
v  95.140678 14.677696 25.524021
v  95.140678 14.662582 25.487535
v  95.140678 14.626097 25.472422
v  95.140678 14.589610 25.487535
v  95.140678 14.574496 25.524021
v  95.140678 14.589610 25.560509
v  95.154938 14.662582 25.560509
v  95.154938 14.626097 25.575623
v  95.154938 14.677696 25.524021
v  95.154938 14.662582 25.487535
v  95.154938 14.626097 25.472422
v  95.154938 14.589610 25.487535
v  95.154938 14.574496 25.524021
v  95.154938 14.589610 25.560509
v  95.018318 14.626097 25.353653
v  95.008644 14.759041 25.656967
v  95.008644 14.626097 25.712036
v  95.008644 14.814109 25.524021
v  95.008644 14.759041 25.391077
v  95.008644 14.626097 25.336008
v  95.008644 14.493151 25.391077
v  95.008644 14.438083 25.524021
v  95.008644 14.493151 25.656967
v  95.018318 14.626097 25.694391
v  95.018318 14.746566 25.644491
v  95.018700 14.700518 25.598444
v  95.018700 14.626097 25.629271
v  95.018318 14.796466 25.524021
v  95.018700 14.731344 25.524021
v  95.018318 14.746566 25.403551
v  95.018700 14.700518 25.449600
v  95.018700 14.626097 25.418774
v  95.018318 14.505625 25.403551
v  95.018700 14.551674 25.449600
v  95.018318 14.455726 25.524021
v  95.018700 14.520847 25.524021
v  95.018318 14.505625 25.644491
v  95.018700 14.551674 25.598444
v  95.162064 14.626097 25.524021
v  95.160278 14.626097 25.570162
v  95.160278 14.658722 25.556648
v  95.160278 14.672236 25.524021
v  95.160278 14.658722 25.491396
v  95.160278 14.626097 25.477882
v  95.160278 14.593471 25.491396
v  95.160278 14.579956 25.524021
v  95.160278 14.593471 25.556648
v  95.135338 14.666382 25.483736
v  95.063286 14.682226 25.941351
v  95.059448 14.626097 25.999441
v  95.055206 14.720685 25.524021
v  95.054955 14.694883 25.627628
v  95.055206 14.692981 25.457138
v  95.055206 14.626097 25.429434
v  95.055206 14.559211 25.457138
v  95.055206 14.531507 25.524021
v  95.054955 14.557309 25.627628
v  95.063286 14.569964 25.941351
v  95.130386 14.692451 25.625196
v  95.133553 14.626097 25.667641
v  95.128609 14.626097 25.999441
v  95.124771 14.682226 25.941351
v  95.130386 14.559741 25.625196
v  95.124771 14.569964 25.941351
v  95.050270 14.626097 25.673016
v  95.128609 14.715311 25.524021
v  95.128609 14.689180 25.460938
v  95.128609 14.626097 25.434807
v  95.128609 14.563011 25.460938
v  95.128609 14.536881 25.524021
v  95.135338 14.666382 25.564308
v  95.135338 14.626097 25.580996
v  95.135338 14.683069 25.524021
v  95.135338 14.626097 25.467049
v  95.135338 14.585810 25.483736
v  95.135338 14.569123 25.524021
v  95.135338 14.585810 25.564308
v  94.945457 14.759864 25.657791
v  94.945457 14.815273 25.524021
v  94.945457 14.759864 25.390253
v  94.945457 14.626097 25.334845
v  94.945457 14.492328 25.390253
v  94.945457 14.492328 25.657791
v  94.945457 14.436918 25.524021
v  94.945457 14.626097 25.713200
# 626 vertices

vt 0.250000 0.000000 0.000000
vt 0.250000 0.031250 0.000000
vt 0.750000 0.031250 0.000000
vt 0.750000 0.000000 0.000000
vt 0.125000 0.000000 0.000000
vt 0.500000 0.000000 0.000000
vt 0.140625 0.031250 0.000000
vt 0.531250 0.031250 0.000000
vt 0.750000 0.000000 1.000000
vt 0.875000 0.000000 1.000000
vt 0.000000 0.000000 1.000000
vt 0.125000 0.000000 1.000000
vt 0.250000 0.000000 1.000000
vt 0.375000 0.000000 1.000000
vt 0.500000 0.000000 1.000000
vt 0.625000 0.000000 1.000000
vt 0.750000 1.000000 1.000000
vt 0.875000 1.000000 1.000000
vt 0.000000 1.000000 1.000000
vt 0.125000 1.000000 1.000000
vt 0.250000 1.000000 1.000000
vt 0.375000 1.000000 1.000000
vt 0.500000 1.000000 1.000000
vt 0.625000 1.000000 1.000000
vt -0.125000 0.000000 1.000000
vt -0.125000 1.000000 1.000000
vt 0.780330 0.000000 0.414214
vt 0.521447 0.000000 -0.414214
vt 0.250000 0.000000 -1.000000
vt 0.125000 0.000000 -1.000000
vt 0.219670 0.000000 -0.414214
vt 0.478553 0.000000 0.414213
vt 0.780330 1.000000 0.414214
vt 0.521447 1.000000 -0.414213
vt 0.250000 1.000000 -1.000000
vt 0.125000 1.000000 -1.000000
vt 0.219670 1.000000 -0.414214
vt 0.750000 0.000000 1.000000
vt 0.875000 0.000000 1.000000
vt 0.000000 0.000000 1.000000
vt 0.125000 0.000000 1.000000
vt 0.250000 0.000000 1.000000
vt 0.375000 0.000000 1.000000
vt 0.500000 0.000000 1.000000
vt 0.625000 0.000000 1.000000
vt 0.750000 1.000000 1.000000
vt 0.875000 1.000000 1.000000
vt 0.000000 1.000000 1.000000
vt 0.125000 1.000000 1.000000
vt 0.250000 1.000000 1.000000
vt 0.375000 1.000000 1.000000
vt 0.500000 1.000000 1.000000
vt 0.625000 1.000000 1.000000
vt -0.125000 0.000000 1.000000
vt -0.125000 1.000000 1.000000
vt 0.780330 0.000000 0.414214
vt 0.521447 0.000000 -0.414214
vt 0.250000 0.000000 -1.000000
vt 0.125000 0.000000 -1.000000
vt 0.219670 0.000000 -0.414214
vt 0.478553 0.000000 0.414213
vt 0.780330 1.000000 0.414214
vt 0.521447 1.000000 -0.414213
vt 0.250000 1.000000 -1.000000
vt 0.125000 1.000000 -1.000000
vt 0.219670 1.000000 -0.414214
vt 0.750000 0.000000 1.000000
vt 0.875000 0.000000 1.000000
vt 0.000000 0.000000 1.000000
vt 0.125000 0.000000 1.000000
vt 0.250000 0.000000 1.000000
vt 0.375000 0.000000 1.000000
vt 0.500000 0.000000 1.000000
vt 0.625000 0.000000 1.000000
vt 0.750000 1.000000 1.000000
vt 0.875000 1.000000 1.000000
vt 0.000000 1.000000 1.000000
vt 0.125000 1.000000 1.000000
vt 0.250000 1.000000 1.000000
vt 0.375000 1.000000 1.000000
vt 0.500000 1.000000 1.000000
vt 0.625000 1.000000 1.000000
vt -0.125000 0.000000 1.000000
vt -0.125000 1.000000 1.000000
vt 0.780330 0.000000 0.414214
vt 0.521447 0.000000 -0.414214
vt 0.250000 0.000000 -1.000000
vt 0.125000 0.000000 -1.000000
vt 0.219670 0.000000 -0.414214
vt 0.478553 0.000000 0.414213
vt 0.780330 1.000000 0.414214
vt 0.521447 1.000000 -0.414213
vt 0.250000 1.000000 -1.000000
vt 0.125000 1.000000 -1.000000
vt 0.219670 1.000000 -0.414214
vt 0.750000 0.000000 1.000000
vt 0.812500 0.000000 1.000000
vt 0.875000 0.000000 1.000000
vt 0.875000 0.987854 1.000000
vt 0.812500 0.865890 0.993847
vt 0.750000 0.865890 0.993847
vt -0.125000 0.000000 1.000000
vt -0.062500 0.000000 1.000000
vt 0.000000 0.000000 1.000000
vt 0.000000 0.987854 1.000000
vt -0.062500 0.987854 1.000000
vt -0.125000 0.987854 1.000000
vt 0.062500 0.000000 1.000000
vt 0.125000 0.000000 1.000000
vt 0.125000 0.865890 0.993847
vt 0.062500 0.865890 0.993847
vt 0.187500 0.000000 1.000000
vt 0.250000 0.000000 1.000000
vt 0.250000 0.865890 0.993847
vt 0.187500 0.865890 0.993847
vt 0.312500 0.000000 1.000000
vt 0.375000 0.000000 1.000000
vt 0.375000 0.865890 0.993847
vt 0.312500 0.865890 0.993847
vt 0.437500 0.000000 1.000000
vt 0.500000 0.000000 1.000000
vt 0.500000 0.865890 0.993847
vt 0.437500 0.865890 0.993847
vt 0.562500 0.000000 1.000000
vt 0.625000 0.000000 1.000000
vt 0.625000 0.865890 0.993847
vt 0.562500 0.865890 0.993847
vt 0.687500 0.000000 1.000000
vt 0.687500 0.865890 0.993847
vt 0.750000 0.998482 0.900582
vt 0.812500 0.998482 0.900582
vt 0.875000 1.000000 0.950777
vt 0.875000 1.000000 0.556347
vt 0.812500 1.000000 0.556347
vt 0.750000 1.000000 0.556347
vt -0.125000 1.000000 0.950777
vt -0.062500 0.997977 0.899823
vt 0.000000 1.000000 0.950777
vt 0.000000 1.000000 0.556347
vt -0.062500 1.000000 0.556347
vt -0.125000 1.000000 0.556347
vt 0.062500 0.998482 0.900582
vt 0.125000 0.998482 0.900582
vt 0.125000 1.000000 0.556347
vt 0.062500 1.000000 0.556347
vt 0.187500 0.998482 0.900582
vt 0.250000 0.998482 0.900582
vt 0.250000 1.000000 0.556347
vt 0.187500 1.000000 0.556347
vt 0.312500 0.998482 0.900582
vt 0.375000 0.998482 0.900582
vt 0.375000 1.000000 0.556347
vt 0.312500 1.000000 0.556347
vt 0.437500 0.998482 0.900582
vt 0.500000 0.998482 0.900582
vt 0.500000 1.000000 0.556347
vt 0.437500 1.000000 0.556347
vt 0.562500 0.998482 0.900582
vt 0.625000 0.998482 0.900582
vt 0.625000 1.000000 0.556347
vt 0.562500 1.000000 0.556347
vt 0.687500 0.998482 0.900582
vt 0.687500 1.000000 0.556347
vt 0.500000 1.000000 0.104167
vt 0.645833 1.000000 0.291667
vt 0.708333 1.000000 0.333333
vt 0.687500 1.000000 0.291667
vt 0.723958 1.000000 0.447917
vt 0.786458 1.000000 0.458333
vt 0.875000 1.000000 0.447917
vt 0.187500 1.000000 0.291667
vt 0.125000 1.000000 0.333333
vt 0.208333 1.000000 0.291667
vt -0.125000 1.000000 0.447917
vt -0.015625 1.000000 0.458333
vt 0.052083 1.000000 0.447917
vt 0.208333 1.000000 0.333333
vt 0.281250 1.000000 0.291667
vt 0.098958 1.000000 0.458333
vt 0.164063 1.000000 0.447917
vt 0.291667 1.000000 0.333333
vt 0.354167 1.000000 0.291667
vt 0.213542 1.000000 0.458333
vt 0.276042 1.000000 0.447917
vt 0.375000 1.000000 0.333333
vt 0.427083 1.000000 0.291667
vt 0.328125 1.000000 0.458333
vt 0.388021 1.000000 0.447917
vt 0.458333 1.000000 0.333333
vt 0.500000 1.000000 0.291667
vt 0.442708 1.000000 0.458333
vt 0.500000 1.000000 0.447917
vt 0.541667 1.000000 0.333333
vt 0.572917 1.000000 0.291667
vt 0.557292 1.000000 0.458333
vt 0.611979 1.000000 0.447917
vt 0.625000 1.000000 0.333333
vt 0.671875 1.000000 0.458333
vt 0.875000 0.993927 0.975388
vt 0.812500 0.993927 0.975388
vt 0.750000 0.993927 0.975388
vt 0.000380 0.983818 0.993927
vt 0.000190 0.991909 0.972352
vt -0.062500 0.991909 0.972352
vt -0.062500 0.983818 0.993927
vt -0.125380 0.991909 0.972352
vt -0.125759 0.983818 0.993927
vt 0.125000 0.993927 0.975388
vt 0.062500 0.993927 0.975388
vt 0.000000 0.993927 0.975388
vt 0.250000 0.993927 0.975388
vt 0.187500 0.993927 0.975388
vt 0.375000 0.993927 0.975388
vt 0.312500 0.993927 0.975388
vt 0.500000 0.993927 0.975388
vt 0.437500 0.993927 0.975388
vt 0.625000 0.993927 0.975388
vt 0.562500 0.993927 0.975388
vt 0.687500 0.993927 0.975388
vt 0.812500 1.000000 0.500000
vt 0.750000 1.000000 0.500000
vt 0.875000 1.000000 0.500000
vt -0.062500 1.000000 0.500000
vt -0.125000 1.000000 0.500000
vt 0.000000 1.000000 0.500000
vt 0.062500 1.000000 0.500000
vt 0.125000 1.000000 0.500000
vt 0.187500 1.000000 0.500000
vt 0.250000 1.000000 0.500000
vt 0.312500 1.000000 0.500000
vt 0.375000 1.000000 0.500000
vt 0.437500 1.000000 0.500000
vt 0.500000 1.000000 0.500000
vt 0.562500 1.000000 0.500000
vt 0.625000 1.000000 0.500000
vt 0.687500 1.000000 0.500000
vt 0.847222 1.000000 0.500000
vt 0.859375 1.000000 0.500000
vt 0.812500 1.000000 0.500000
vt 0.812500 1.000000 0.500000
vt 0.750000 1.000000 0.500000
vt 0.750000 1.000000 0.500000
vt 0.000000 1.000000 0.500000
vt 0.000000 1.000000 0.500000
vt -0.062500 1.000000 0.500000
vt -0.062500 1.000000 0.500000
vt -0.125000 1.000000 0.500000
vt -0.125000 1.000000 0.500000
vt 0.125000 1.000000 0.500000
vt 0.125000 1.000000 0.500000
vt 0.062500 1.000000 0.500000
vt 0.062500 1.000000 0.500000
vt 0.250000 1.000000 0.500000
vt 0.250000 1.000000 0.500000
vt 0.187500 1.000000 0.500000
vt 0.187500 1.000000 0.500000
vt 0.375000 1.000000 0.500000
vt 0.375000 1.000000 0.500000
vt 0.312500 1.000000 0.500000
vt 0.312500 1.000000 0.500000
vt 0.500000 1.000000 0.500000
vt 0.500000 1.000000 0.500000
vt 0.437500 1.000000 0.500000
vt 0.437500 1.000000 0.500000
vt 0.625000 1.000000 0.500000
vt 0.609375 1.000000 0.500000
vt 0.562500 1.000000 0.500000
vt 0.562500 1.000000 0.500000
vt 0.687500 1.000000 0.500000
vt 0.687500 1.000000 0.500000
vt 0.640625 1.000000 0.500000
vt 0.652778 1.000000 0.500000
vt 0.875000 1.000000 0.500000
vt 0.812500 1.000000 0.500000
vt 0.812500 1.000000 0.500000
vt 0.859375 1.000000 0.500000
vt 0.750000 1.000000 0.500000
vt 0.750000 1.000000 0.500000
vt 0.750000 1.000000 0.500000
vt 0.812500 1.000000 0.500000
vt 0.847222 1.000000 0.500000
vt 0.687500 1.000000 0.500000
vt 0.687500 1.000000 0.500000
vt 0.625000 1.000000 0.500000
vt 0.640625 1.000000 0.500000
vt 0.652778 1.000000 0.500000
vt 0.687500 1.000000 0.500000
vt 0.609375 1.000000 0.500000
vt 0.625000 1.000000 0.500000
vt 0.640625 1.000000 0.500000
vt 0.687500 1.000000 0.500000
vt 0.687500 1.000000 0.500000
vt 0.640625 1.000000 0.500000
vt 0.750000 1.000000 0.500000
vt 0.750000 1.000000 0.500000
vt 0.812500 1.000000 0.500000
vt 0.812500 1.000000 0.500000
vt 0.875000 1.000000 0.500000
vt 0.859375 1.000000 0.500000
vt 0.875000 1.000000 0.500000
vt 0.875000 1.000000 0.500000
vt 0.875000 1.000000 0.500000
vt 0.812500 1.000000 0.500000
vt 0.750000 1.000000 0.500000
vt 0.000000 1.000000 0.500000
vt -0.062500 1.000000 0.500000
vt -0.125000 1.000000 0.500000
vt 0.125000 1.000000 0.500000
vt 0.062500 1.000000 0.500000
vt 0.250000 1.000000 0.500000
vt 0.187500 1.000000 0.500000
vt 0.375000 1.000000 0.500000
vt 0.312500 1.000000 0.500000
vt 0.500000 1.000000 0.500000
vt 0.437500 1.000000 0.500000
vt 0.625000 1.000000 0.500000
vt 0.562500 1.000000 0.500000
vt 0.687500 1.000000 0.500000
vt 0.859375 1.000000 0.500000
vt 0.812500 1.000000 0.500000
vt 0.750000 1.000000 0.500000
vt 0.000000 1.000000 0.500000
vt -0.062500 1.000000 0.500000
vt 0.000000 1.000000 0.500000
vt -0.062500 1.000000 0.500000
vt -0.125000 1.000000 0.500000
vt -0.125000 1.000000 0.500000
vt 0.125000 1.000000 0.500000
vt 0.062500 1.000000 0.500000
vt 0.125000 1.000000 0.500000
vt 0.062500 1.000000 0.500000
vt 0.250000 1.000000 0.500000
vt 0.187500 1.000000 0.500000
vt 0.250000 1.000000 0.500000
vt 0.187500 1.000000 0.500000
vt 0.375000 1.000000 0.500000
vt 0.312500 1.000000 0.500000
vt 0.375000 1.000000 0.500000
vt 0.312500 1.000000 0.500000
vt 0.500000 1.000000 0.500000
vt 0.437500 1.000000 0.500000
vt 0.500000 1.000000 0.500000
vt 0.437500 1.000000 0.500000
vt 0.562500 1.000000 0.500000
vt 0.562500 1.000000 0.500000
vt 0.687500 1.000000 0.500000
vt 0.625000 1.000000 0.500000
vt 0.875000 1.000000 0.500000
vt 0.875000 1.000000 0.500000
vt 0.875000 1.000000 0.500000
vt 0.812500 1.000000 0.500000
vt 0.750000 1.000000 0.500000
vt 0.000000 1.000000 0.500000
vt -0.062500 1.000000 0.500000
vt -0.125000 1.000000 0.500000
vt 0.125000 1.000000 0.500000
vt 0.062500 1.000000 0.500000
vt 0.250000 1.000000 0.500000
vt 0.187500 1.000000 0.500000
vt 0.375000 1.000000 0.500000
vt 0.312500 1.000000 0.500000
vt 0.500000 1.000000 0.500000
vt 0.437500 1.000000 0.500000
vt 0.625000 1.000000 0.500000
vt 0.562500 1.000000 0.500000
vt 0.687500 1.000000 0.500000
vt 0.812500 1.000000 0.500000
vt 0.750000 1.000000 0.500000
vt 0.875000 1.000000 0.500000
vt -0.062500 1.000000 0.500000
vt -0.125000 1.000000 0.500000
vt 0.000000 1.000000 0.500000
vt 0.062500 1.000000 0.500000
vt 0.125000 1.000000 0.500000
vt 0.187500 1.000000 0.500000
vt 0.250000 1.000000 0.500000
vt 0.312500 1.000000 0.500000
vt 0.375000 1.000000 0.500000
vt 0.437500 1.000000 0.500000
vt 0.500000 1.000000 0.500000
vt 0.562500 1.000000 0.500000
vt 0.625000 1.000000 0.500000
vt 0.687500 1.000000 0.500000
vt 0.875000 1.000000 0.500000
vt 0.812500 1.000000 0.500000
vt 0.750000 1.000000 0.500000
vt 0.000000 1.000000 0.500000
vt -0.062500 1.000000 0.500000
vt -0.125000 1.000000 0.500000
vt 0.125000 1.000000 0.500000
vt 0.062500 1.000000 0.500000
vt 0.250000 1.000000 0.500000
vt 0.187500 1.000000 0.500000
vt 0.375000 1.000000 0.500000
vt 0.312500 1.000000 0.500000
vt 0.500000 1.000000 0.500000
vt 0.437500 1.000000 0.500000
vt 0.625000 1.000000 0.500000
vt 0.562500 1.000000 0.500000
vt 0.687500 1.000000 0.500000
vt 0.750000 0.000000 1.000000
vt 0.812500 0.000000 1.000000
vt 0.875000 0.000000 1.000000
vt 0.875000 0.987854 1.000000
vt 0.812500 0.865890 0.993847
vt 0.750000 0.865890 0.993847
vt -0.125000 0.000000 1.000000
vt -0.062500 0.000000 1.000000
vt 0.000000 0.000000 1.000000
vt 0.000000 0.987854 1.000000
vt -0.062500 0.987854 1.000000
vt -0.125000 0.987854 1.000000
vt 0.062500 0.000000 1.000000
vt 0.125000 0.000000 1.000000
vt 0.125000 0.865890 0.993847
vt 0.062500 0.865890 0.993847
vt 0.187500 0.000000 1.000000
vt 0.250000 0.000000 1.000000
vt 0.250000 0.865890 0.993847
vt 0.187500 0.865890 0.993847
vt 0.312500 0.000000 1.000000
vt 0.375000 0.000000 1.000000
vt 0.375000 0.865890 0.993847
vt 0.312500 0.865890 0.993847
vt 0.437500 0.000000 1.000000
vt 0.500000 0.000000 1.000000
vt 0.500000 0.865890 0.993847
vt 0.437500 0.865890 0.993847
vt 0.562500 0.000000 1.000000
vt 0.625000 0.000000 1.000000
vt 0.625000 0.865890 0.993847
vt 0.562500 0.865890 0.993847
vt 0.687500 0.000000 1.000000
vt 0.687500 0.865890 0.993847
vt 0.750000 0.998482 0.900582
vt 0.812500 0.998482 0.900582
vt 0.875000 1.000000 0.950777
vt 0.875000 1.000000 0.556347
vt 0.812500 1.000000 0.556347
vt 0.750000 1.000000 0.556347
vt -0.125000 1.000000 0.950777
vt -0.062500 0.997977 0.899823
vt 0.000000 1.000000 0.950777
vt 0.000000 1.000000 0.556347
vt -0.062500 1.000000 0.556347
vt -0.125000 1.000000 0.556347
vt 0.062500 0.998482 0.900582
vt 0.125000 0.998482 0.900582
vt 0.125000 1.000000 0.556347
vt 0.062500 1.000000 0.556347
vt 0.187500 0.998482 0.900582
vt 0.250000 0.998482 0.900582
vt 0.250000 1.000000 0.556347
vt 0.187500 1.000000 0.556347
vt 0.312500 0.998482 0.900582
vt 0.375000 0.998482 0.900582
vt 0.375000 1.000000 0.556347
vt 0.312500 1.000000 0.556347
vt 0.437500 0.998482 0.900582
vt 0.500000 0.998482 0.900582
vt 0.500000 1.000000 0.556347
vt 0.437500 1.000000 0.556347
vt 0.562500 0.998482 0.900582
vt 0.625000 0.998482 0.900582
vt 0.625000 1.000000 0.556347
vt 0.562500 1.000000 0.556347
vt 0.687500 0.998482 0.900582
vt 0.687500 1.000000 0.556347
vt 0.500000 1.000000 0.104167
vt 0.645833 1.000000 0.291667
vt 0.708333 1.000000 0.333333
vt 0.687500 1.000000 0.291667
vt 0.723958 1.000000 0.447917
vt 0.786458 1.000000 0.458333
vt 0.875000 1.000000 0.447917
vt 0.187500 1.000000 0.291667
vt 0.125000 1.000000 0.333333
vt 0.208333 1.000000 0.291667
vt -0.125000 1.000000 0.447917
vt -0.015625 1.000000 0.458333
vt 0.052083 1.000000 0.447917
vt 0.208333 1.000000 0.333333
vt 0.281250 1.000000 0.291667
vt 0.098958 1.000000 0.458333
vt 0.164063 1.000000 0.447917
vt 0.291667 1.000000 0.333333
vt 0.354167 1.000000 0.291667
vt 0.213542 1.000000 0.458333
vt 0.276042 1.000000 0.447917
vt 0.375000 1.000000 0.333333
vt 0.427083 1.000000 0.291667
vt 0.328125 1.000000 0.458333
vt 0.388021 1.000000 0.447917
vt 0.458333 1.000000 0.333333
vt 0.500000 1.000000 0.291667
vt 0.442708 1.000000 0.458333
vt 0.500000 1.000000 0.447917
vt 0.541667 1.000000 0.333333
vt 0.572917 1.000000 0.291667
vt 0.557292 1.000000 0.458333
vt 0.611979 1.000000 0.447917
vt 0.625000 1.000000 0.333333
vt 0.671875 1.000000 0.458333
vt 0.875000 0.993927 0.975388
vt 0.812500 0.993927 0.975388
vt 0.750000 0.993927 0.975388
vt 0.000380 0.983818 0.993927
vt 0.000190 0.991909 0.972352
vt -0.062500 0.991909 0.972352
vt -0.062500 0.983818 0.993927
vt -0.125380 0.991909 0.972352
vt -0.125759 0.983818 0.993927
vt 0.125000 0.993927 0.975388
vt 0.062500 0.993927 0.975388
vt 0.000000 0.993927 0.975388
vt 0.250000 0.993927 0.975388
vt 0.187500 0.993927 0.975388
vt 0.375000 0.993927 0.975388
vt 0.312500 0.993927 0.975388
vt 0.500000 0.993927 0.975388
vt 0.437500 0.993927 0.975388
vt 0.625000 0.993927 0.975388
vt 0.562500 0.993927 0.975388
vt 0.687500 0.993927 0.975388
vt 0.812500 1.000000 0.500000
vt 0.750000 1.000000 0.500000
vt 0.875000 1.000000 0.500000
vt -0.062500 1.000000 0.500000
vt -0.125000 1.000000 0.500000
vt 0.000000 1.000000 0.500000
vt 0.062500 1.000000 0.500000
vt 0.125000 1.000000 0.500000
vt 0.187500 1.000000 0.500000
vt 0.250000 1.000000 0.500000
vt 0.312500 1.000000 0.500000
vt 0.375000 1.000000 0.500000
vt 0.437500 1.000000 0.500000
vt 0.500000 1.000000 0.500000
vt 0.562500 1.000000 0.500000
vt 0.625000 1.000000 0.500000
vt 0.687500 1.000000 0.500000
vt 0.847222 1.000000 0.500000
vt 0.859375 1.000000 0.500000
vt 0.812500 1.000000 0.500000
vt 0.812500 1.000000 0.500000
vt 0.750000 1.000000 0.500000
vt 0.750000 1.000000 0.500000
vt 0.000000 1.000000 0.500000
vt 0.000000 1.000000 0.500000
vt -0.062500 1.000000 0.500000
vt -0.062500 1.000000 0.500000
vt -0.125000 1.000000 0.500000
vt -0.125000 1.000000 0.500000
vt 0.125000 1.000000 0.500000
vt 0.125000 1.000000 0.500000
vt 0.062500 1.000000 0.500000
vt 0.062500 1.000000 0.500000
vt 0.250000 1.000000 0.500000
vt 0.250000 1.000000 0.500000
vt 0.187500 1.000000 0.500000
vt 0.187500 1.000000 0.500000
vt 0.375000 1.000000 0.500000
vt 0.375000 1.000000 0.500000
vt 0.312500 1.000000 0.500000
vt 0.312500 1.000000 0.500000
vt 0.500000 1.000000 0.500000
vt 0.500000 1.000000 0.500000
vt 0.437500 1.000000 0.500000
vt 0.437500 1.000000 0.500000
vt 0.625000 1.000000 0.500000
vt 0.609375 1.000000 0.500000
vt 0.562500 1.000000 0.500000
vt 0.562500 1.000000 0.500000
vt 0.687500 1.000000 0.500000
vt 0.687500 1.000000 0.500000
vt 0.640625 1.000000 0.500000
vt 0.652778 1.000000 0.500000
vt 0.875000 1.000000 0.500000
vt 0.812500 1.000000 0.500000
vt 0.812500 1.000000 0.500000
vt 0.859375 1.000000 0.500000
vt 0.750000 1.000000 0.500000
vt 0.750000 1.000000 0.500000
vt 0.750000 1.000000 0.500000
vt 0.812500 1.000000 0.500000
vt 0.847222 1.000000 0.500000
vt 0.687500 1.000000 0.500000
vt 0.687500 1.000000 0.500000
vt 0.625000 1.000000 0.500000
vt 0.640625 1.000000 0.500000
vt 0.652778 1.000000 0.500000
vt 0.687500 1.000000 0.500000
vt 0.609375 1.000000 0.500000
vt 0.625000 1.000000 0.500000
vt 0.640625 1.000000 0.500000
vt 0.687500 1.000000 0.500000
vt 0.687500 1.000000 0.500000
vt 0.640625 1.000000 0.500000
vt 0.750000 1.000000 0.500000
vt 0.750000 1.000000 0.500000
vt 0.812500 1.000000 0.500000
vt 0.812500 1.000000 0.500000
vt 0.875000 1.000000 0.500000
vt 0.859375 1.000000 0.500000
vt 0.875000 1.000000 0.500000
vt 0.875000 1.000000 0.500000
vt 0.875000 1.000000 0.500000
vt 0.812500 1.000000 0.500000
vt 0.750000 1.000000 0.500000
vt 0.000000 1.000000 0.500000
vt -0.062500 1.000000 0.500000
vt -0.125000 1.000000 0.500000
vt 0.125000 1.000000 0.500000
vt 0.062500 1.000000 0.500000
vt 0.250000 1.000000 0.500000
vt 0.187500 1.000000 0.500000
vt 0.375000 1.000000 0.500000
vt 0.312500 1.000000 0.500000
vt 0.500000 1.000000 0.500000
vt 0.437500 1.000000 0.500000
vt 0.625000 1.000000 0.500000
vt 0.562500 1.000000 0.500000
vt 0.687500 1.000000 0.500000
vt 0.859375 1.000000 0.500000
vt 0.812500 1.000000 0.500000
vt 0.750000 1.000000 0.500000
vt 0.000000 1.000000 0.500000
vt -0.062500 1.000000 0.500000
vt 0.000000 1.000000 0.500000
vt -0.062500 1.000000 0.500000
vt -0.125000 1.000000 0.500000
vt -0.125000 1.000000 0.500000
vt 0.125000 1.000000 0.500000
vt 0.062500 1.000000 0.500000
vt 0.125000 1.000000 0.500000
vt 0.062500 1.000000 0.500000
vt 0.250000 1.000000 0.500000
vt 0.187500 1.000000 0.500000
vt 0.250000 1.000000 0.500000
vt 0.187500 1.000000 0.500000
vt 0.375000 1.000000 0.500000
vt 0.312500 1.000000 0.500000
vt 0.375000 1.000000 0.500000
vt 0.312500 1.000000 0.500000
vt 0.500000 1.000000 0.500000
vt 0.437500 1.000000 0.500000
vt 0.500000 1.000000 0.500000
vt 0.437500 1.000000 0.500000
vt 0.562500 1.000000 0.500000
vt 0.562500 1.000000 0.500000
vt 0.687500 1.000000 0.500000
vt 0.625000 1.000000 0.500000
vt 0.875000 1.000000 0.500000
vt 0.875000 1.000000 0.500000
vt 0.875000 1.000000 0.500000
vt 0.812500 1.000000 0.500000
vt 0.750000 1.000000 0.500000
vt 0.000000 1.000000 0.500000
vt -0.062500 1.000000 0.500000
vt -0.125000 1.000000 0.500000
vt 0.125000 1.000000 0.500000
vt 0.062500 1.000000 0.500000
vt 0.250000 1.000000 0.500000
vt 0.187500 1.000000 0.500000
vt 0.375000 1.000000 0.500000
vt 0.312500 1.000000 0.500000
vt 0.500000 1.000000 0.500000
vt 0.437500 1.000000 0.500000
vt 0.625000 1.000000 0.500000
vt 0.562500 1.000000 0.500000
vt 0.687500 1.000000 0.500000
vt 0.812500 1.000000 0.500000
vt 0.750000 1.000000 0.500000
vt 0.875000 1.000000 0.500000
vt -0.062500 1.000000 0.500000
vt -0.125000 1.000000 0.500000
vt 0.000000 1.000000 0.500000
vt 0.062500 1.000000 0.500000
vt 0.125000 1.000000 0.500000
vt 0.187500 1.000000 0.500000
vt 0.250000 1.000000 0.500000
vt 0.312500 1.000000 0.500000
vt 0.375000 1.000000 0.500000
vt 0.437500 1.000000 0.500000
vt 0.500000 1.000000 0.500000
vt 0.562500 1.000000 0.500000
vt 0.625000 1.000000 0.500000
vt 0.687500 1.000000 0.500000
vt 0.875000 1.000000 0.500000
vt 0.812500 1.000000 0.500000
vt 0.750000 1.000000 0.500000
vt 0.000000 1.000000 0.500000
vt -0.062500 1.000000 0.500000
vt -0.125000 1.000000 0.500000
vt 0.125000 1.000000 0.500000
vt 0.062500 1.000000 0.500000
vt 0.250000 1.000000 0.500000
vt 0.187500 1.000000 0.500000
vt 0.375000 1.000000 0.500000
vt 0.312500 1.000000 0.500000
vt 0.500000 1.000000 0.500000
vt 0.437500 1.000000 0.500000
vt 0.625000 1.000000 0.500000
vt 0.562500 1.000000 0.500000
vt 0.687500 1.000000 0.500000
# 705 texture coords

o ???011
g ???011
f 4970/5783 4971/5784 4976/5789 4974/5787 
f 4970/5783 4973/5786 4972/5785 4971/5784 
f 4975/5788 4977/5790 4972/5785 4973/5786 
f 4976/5789 4977/5790 4975/5788 4974/5787 
f 4973/5786 4970/5783 4974/5787 4975/5788 
f 4971/5784 4972/5785 4977/5790 4976/5789 
f 4985/5814 4984/5813 4983/5812 4982/5811 4981/5810 4980/5809 4979/5792 4978/5791 
f 4978/5791 4979/5792 4987/5800 4986/5799 
f 4979/5807 4980/5793 4988/5801 4987/5808 
f 4980/5793 4981/5794 4989/5802 4988/5801 
f 4981/5794 4982/5795 4990/5803 4989/5802 
f 4982/5795 4983/5796 4991/5804 4990/5803 
f 4983/5796 4984/5797 4992/5805 4991/5804 
f 4984/5797 4985/5798 4993/5806 4992/5805 
f 4985/5798 4978/5791 4986/5799 4993/5806 
f 4993/5806 4986/5799 4987/5800 4988/5815 4989/5816 4990/5817 4991/5818 4992/5819 
f 5001/5843 5000/5842 4999/5841 4998/5840 4997/5839 4996/5838 4995/5821 4994/5820 
f 4994/5820 4995/5821 5003/5829 5002/5828 
f 4995/5836 4996/5822 5004/5830 5003/5837 
f 4996/5822 4997/5823 5005/5831 5004/5830 
f 4997/5823 4998/5824 5006/5832 5005/5831 
f 4998/5824 4999/5825 5007/5833 5006/5832 
f 4999/5825 5000/5826 5008/5834 5007/5833 
f 5000/5826 5001/5827 5009/5835 5008/5834 
f 5001/5827 4994/5820 5002/5828 5009/5835 
f 5009/5835 5002/5828 5003/5829 5004/5844 5005/5845 5006/5846 5007/5847 5008/5848 
f 5017/5872 5016/5871 5015/5870 5014/5869 5013/5868 5012/5867 5011/5850 5010/5849 
f 5010/5849 5011/5850 5019/5858 5018/5857 
f 5011/5865 5012/5851 5020/5859 5019/5866 
f 5012/5851 5013/5852 5021/5860 5020/5859 
f 5013/5852 5014/5853 5022/5861 5021/5860 
f 5014/5853 5015/5854 5023/5862 5022/5861 
f 5015/5854 5016/5855 5024/5863 5023/5862 
f 5016/5855 5017/5856 5025/5864 5024/5863 
f 5017/5856 5010/5849 5018/5857 5025/5864 
f 5025/5864 5018/5857 5019/5858 5020/5873 5021/5874 5022/5875 5023/5876 5024/5877 
f 5310/5878 5098/5879 5099/5882 5242/5883 
f 5098/5879 5303/5880 5241/5881 5099/5882 
f 5303/5884 5100/5885 5101/5888 5241/5889 
f 5100/5885 5304/5886 5243/5887 5101/5888 
f 5304/5886 5102/5890 5103/5893 5243/5887 
f 5102/5890 5305/5891 5244/5892 5103/5893 
f 5305/5891 5104/5894 5105/5897 5244/5892 
f 5104/5894 5306/5895 5245/5896 5105/5897 
f 5306/5895 5106/5898 5107/5901 5245/5896 
f 5106/5898 5307/5899 5246/5900 5107/5901 
f 5307/5899 5108/5902 5109/5905 5246/5900 
f 5108/5902 5309/5903 5247/5904 5109/5905 
f 5309/5903 5110/5906 5111/5909 5247/5904 
f 5110/5906 5308/5907 5248/5908 5111/5909 
f 5308/5907 5112/5910 5113/5911 5248/5908 
f 5112/5910 5310/5878 5242/5883 5113/5911 
f 5249/5912 5114/5913 5115/5916 5252/5917 
f 5114/5913 5250/5914 5251/5915 5115/5916 
f 5250/5918 5116/5919 5117/5922 5251/5923 
f 5116/5919 5253/5920 5254/5921 5117/5922 
f 5253/5920 5118/5924 5119/5927 5254/5921 
f 5118/5924 5255/5925 5256/5926 5119/5927 
f 5255/5925 5120/5928 5121/5931 5256/5926 
f 5120/5928 5240/5929 5257/5930 5121/5931 
f 5240/5929 5122/5932 5123/5935 5257/5930 
f 5122/5932 5258/5933 5259/5934 5123/5935 
f 5258/5933 5124/5936 5125/5939 5259/5934 
f 5124/5936 5260/5937 5261/5938 5125/5939 
f 5260/5937 5126/5940 5127/5943 5261/5938 
f 5126/5940 5262/5941 5263/5942 5127/5943 
f 5262/5941 5128/5944 5129/5945 5263/5942 
f 5128/5944 5249/5912 5252/5917 5129/5945 
f 5264/5946 5130/5947 5042/5948 5131/5949 
f 5265/5950 5132/5951 5042/5948 5130/5947 
f 5266/5952 5131/5949 5042/5948 5132/5951 
f 5264/5946 5131/5953 5043/5954 5133/5955 
f 5266/5956 5134/5957 5043/5954 5131/5953 
f 5267/5958 5133/5955 5043/5954 5134/5957 
f 5264/5946 5133/5955 5044/5959 5135/5960 
f 5267/5958 5136/5961 5044/5959 5133/5955 
f 5268/5962 5135/5960 5044/5959 5136/5961 
f 5264/5946 5135/5960 5045/5963 5137/5964 
f 5268/5962 5138/5965 5045/5963 5135/5960 
f 5269/5966 5137/5964 5045/5963 5138/5965 
f 5264/5946 5137/5964 5046/5967 5139/5968 
f 5269/5966 5140/5969 5046/5967 5137/5964 
f 5270/5970 5139/5968 5046/5967 5140/5969 
f 5264/5946 5139/5968 5047/5971 5141/5972 
f 5270/5970 5142/5973 5047/5971 5139/5968 
f 5271/5974 5141/5972 5047/5971 5142/5973 
f 5264/5946 5141/5972 5048/5975 5143/5976 
f 5271/5974 5144/5977 5048/5975 5141/5972 
f 5272/5978 5143/5976 5048/5975 5144/5977 
f 5264/5946 5143/5976 5049/5979 5130/5947 
f 5272/5978 5145/5980 5049/5979 5143/5976 
f 5265/5950 5130/5947 5049/5979 5145/5980 
f 5241/5881 5146/5981 5027/5982 5099/5882 
f 5146/5981 5250/5914 5114/5913 5027/5982 
f 5027/5982 5114/5913 5249/5912 5147/5983 
f 5099/5882 5027/5982 5147/5983 5242/5883 
f 5243/5984 5148/5985 5026/5986 5101/5987 
f 5148/5985 5253/5920 5116/5919 5026/5986 
f 5026/5986 5116/5919 5250/5918 5146/5988 
f 5101/5987 5026/5986 5146/5988 5241/5989 
f 5244/5892 5149/5990 5029/5991 5103/5893 
f 5149/5990 5255/5925 5118/5924 5029/5991 
f 5029/5991 5118/5924 5253/5920 5148/5992 
f 5103/5893 5029/5991 5148/5992 5243/5887 
f 5245/5896 5150/5993 5030/5994 5105/5897 
f 5150/5993 5240/5929 5120/5928 5030/5994 
f 5030/5994 5120/5928 5255/5925 5149/5990 
f 5105/5897 5030/5994 5149/5990 5244/5892 
f 5246/5900 5151/5995 5031/5996 5107/5901 
f 5151/5995 5258/5933 5122/5932 5031/5996 
f 5031/5996 5122/5932 5240/5929 5150/5993 
f 5107/5901 5031/5996 5150/5993 5245/5896 
f 5247/5904 5152/5997 5032/5998 5109/5905 
f 5152/5997 5260/5937 5124/5936 5032/5998 
f 5032/5998 5124/5936 5258/5933 5151/5995 
f 5109/5905 5032/5998 5151/5995 5246/5900 
f 5248/5908 5153/5999 5033/6000 5111/5909 
f 5153/5999 5262/5941 5126/5940 5033/6000 
f 5033/6000 5126/5940 5260/5937 5152/5997 
f 5111/5909 5033/6000 5152/5997 5247/5904 
f 5242/5883 5147/5983 5028/6001 5113/5911 
f 5147/5983 5249/5912 5128/5944 5028/6001 
f 5028/6001 5128/5944 5262/5941 5153/5999 
f 5113/5911 5028/6001 5153/5999 5248/5908 
f 5252/5917 5115/5916 5035/6002 5154/6003 
f 5115/5916 5251/5915 5155/6004 5035/6002 
f 5035/6002 5155/6004 5194/6084 5059/6085 
f 5154/6003 5035/6002 5059/6085 5195/6086 
f 5251/5923 5117/5922 5034/6005 5155/6006 
f 5117/5922 5254/5921 5156/6007 5034/6005 
f 5034/6005 5156/6007 5196/6087 5058/6088 
f 5155/6006 5034/6005 5058/6088 5194/6089 
f 5254/5921 5119/5927 5037/6008 5156/6007 
f 5119/5927 5256/5926 5157/6009 5037/6008 
f 5037/6008 5157/6009 5197/6090 5061/6091 
f 5156/6007 5037/6008 5061/6091 5196/6087 
f 5256/5926 5121/5931 5038/6010 5157/6009 
f 5121/5931 5257/5930 5158/6011 5038/6010 
f 5038/6010 5158/6011 5198/6092 5062/6093 
f 5157/6009 5038/6010 5062/6093 5197/6090 
f 5257/5930 5123/5935 5039/6012 5158/6011 
f 5123/5935 5259/5934 5159/6013 5039/6012 
f 5039/6012 5159/6013 5199/6094 5063/6095 
f 5158/6011 5039/6012 5063/6095 5198/6092 
f 5259/5934 5125/5939 5040/6014 5159/6013 
f 5125/5939 5261/5938 5160/6015 5040/6014 
f 5040/6014 5160/6015 5200/6096 5064/6097 
f 5159/6013 5040/6014 5064/6097 5199/6094 
f 5261/5938 5127/5943 5041/6016 5160/6015 
f 5127/5943 5263/5942 5161/6017 5041/6016 
f 5041/6016 5161/6017 5201/6098 5065/6099 
f 5160/6015 5041/6016 5065/6099 5200/6096 
f 5263/5942 5129/5945 5036/6018 5161/6017 
f 5129/5945 5252/5917 5154/6003 5036/6018 
f 5036/6018 5154/6003 5195/6086 5060/6100 
f 5161/6017 5036/6018 5060/6100 5201/6098 
f 5274/6019 5162/6020 5066/6021 5163/6022 
f 5162/6020 5202/6101 5070/6102 5066/6021 
f 5066/6021 5070/6102 5203/6103 5164/6023 
f 5163/6022 5066/6021 5164/6023 5275/6024 
f 5276/6025 5165/6026 5074/6027 5166/6028 
f 5165/6026 5204/6104 5077/6105 5074/6027 
f 5074/6027 5077/6105 5206/6109 5167/6029 
f 5166/6028 5074/6027 5167/6029 5277/6030 
f 5278/6031 5168/6032 5075/6033 5169/6034 
f 5168/6032 5207/6110 5076/6111 5075/6033 
f 5075/6033 5076/6111 5204/6104 5165/6026 
f 5169/6034 5075/6033 5165/6026 5276/6025 
f 5279/6035 5170/6036 5078/6037 5171/6038 
f 5170/6036 5209/6114 5079/6115 5078/6037 
f 5078/6037 5079/6115 5207/6110 5168/6032 
f 5171/6038 5078/6037 5168/6032 5278/6031 
f 5280/6039 5172/6040 5080/6041 5173/6042 
f 5172/6040 5211/6118 5081/6119 5080/6041 
f 5080/6041 5081/6119 5209/6114 5170/6036 
f 5173/6042 5080/6041 5170/6036 5279/6035 
f 5281/6043 5174/6044 5082/6045 5175/6046 
f 5174/6044 5213/6122 5083/6123 5082/6045 
f 5082/6045 5083/6123 5211/6118 5172/6040 
f 5175/6046 5082/6045 5172/6040 5280/6039 
f 5282/6047 5176/6048 5084/6049 5177/6050 
f 5176/6048 5187/6070 5085/6126 5084/6049 
f 5084/6049 5085/6126 5213/6122 5174/6044 
f 5177/6050 5084/6049 5174/6044 5281/6043 
f 5275/6024 5164/6023 5072/6051 5178/6052 
f 5164/6023 5203/6103 5071/6128 5072/6051 
f 5072/6051 5071/6128 5188/6072 5179/6053 
f 5178/6052 5072/6051 5179/6053 5283/6054 
f 5284/6055 5180/6056 5088/6057 5181/6058 
f 5180/6056 5285/6059 5182/6060 5088/6057 
f 5088/6057 5182/6060 5286/6061 5183/6062 
f 5181/6058 5088/6057 5183/6062 5287/6063 
f 5285/6059 5184/6064 5089/6065 5182/6060 
f 5184/6064 5288/6066 5185/6067 5089/6065 
f 5089/6065 5185/6067 5289/6068 5186/6069 
f 5182/6060 5089/6065 5186/6069 5286/6061 
f 5288/6066 5187/6070 5087/6071 5185/6067 
f 5187/6070 5176/6048 5086/6129 5087/6071 
f 5087/6071 5086/6129 5179/6053 5188/6072 
f 5185/6067 5087/6071 5188/6072 5289/6068 
f 5282/6047 5189/6073 5073/6074 5190/6075 
f 5189/6073 5290/6076 5191/6077 5073/6074 
f 5073/6074 5191/6077 5275/6024 5178/6052 
f 5190/6075 5073/6074 5178/6052 5283/6054 
f 5290/6076 5192/6078 5067/6079 5191/6077 
f 5192/6078 5277/6080 5193/6081 5067/6079 
f 5067/6079 5193/6081 5274/6019 5163/6022 
f 5191/6077 5067/6079 5163/6022 5275/6024 
f 5277/6080 5167/6082 5068/6083 5193/6081 
f 5167/6082 5206/6130 5069/6131 5068/6083 
f 5068/6083 5069/6131 5202/6101 5162/6020 
f 5193/6081 5068/6083 5162/6020 5274/6019 
f 5194/6084 5277/6080 5192/6078 5059/6085 
f 5059/6085 5192/6078 5290/6076 5195/6086 
f 5196/6087 5276/6025 5166/6028 5058/6088 
f 5058/6088 5166/6028 5277/6030 5194/6089 
f 5197/6090 5278/6031 5169/6034 5061/6091 
f 5061/6091 5169/6034 5276/6025 5196/6087 
f 5198/6092 5279/6035 5171/6038 5062/6093 
f 5062/6093 5171/6038 5278/6031 5197/6090 
f 5199/6094 5280/6039 5173/6042 5063/6095 
f 5063/6095 5173/6042 5279/6035 5198/6092 
f 5200/6096 5281/6043 5175/6046 5064/6097 
f 5064/6097 5175/6046 5280/6039 5199/6094 
f 5201/6098 5282/6047 5177/6050 5065/6099 
f 5065/6099 5177/6050 5281/6043 5200/6096 
f 5195/6086 5290/6076 5189/6073 5060/6100 
f 5060/6100 5189/6073 5282/6047 5201/6098 
f 5202/6101 5287/6063 5183/6062 5070/6102 
f 5070/6102 5183/6062 5286/6061 5203/6103 
f 5204/6104 5291/6106 5205/6107 5077/6105 
f 5077/6105 5205/6107 5284/6108 5206/6109 
f 5207/6110 5292/6112 5208/6113 5076/6111 
f 5076/6111 5208/6113 5291/6106 5204/6104 
f 5209/6114 5293/6116 5210/6117 5079/6115 
f 5079/6115 5210/6117 5292/6112 5207/6110 
f 5211/6118 5294/6120 5212/6121 5081/6119 
f 5081/6119 5212/6121 5293/6116 5209/6114 
f 5213/6122 5295/6124 5214/6125 5083/6123 
f 5083/6123 5214/6125 5294/6120 5211/6118 
f 5187/6070 5288/6066 5215/6127 5085/6126 
f 5085/6126 5215/6127 5295/6124 5213/6122 
f 5203/6103 5286/6061 5186/6069 5071/6128 
f 5071/6128 5186/6069 5289/6068 5188/6072 
f 5176/6048 5282/6047 5190/6075 5086/6129 
f 5086/6129 5190/6075 5283/6054 5179/6053 
f 5206/6130 5284/6055 5181/6058 5069/6131 
f 5069/6131 5181/6058 5287/6063 5202/6101 
f 5285/6059 5180/6056 5216/6133 5297/6134 
f 5180/6056 5284/6055 5296/6132 5216/6133 
f 5284/6108 5205/6107 5217/6136 5296/6137 
f 5205/6107 5291/6106 5298/6135 5217/6136 
f 5291/6106 5208/6113 5218/6139 5298/6135 
f 5208/6113 5292/6112 5273/6138 5218/6139 
f 5292/6112 5210/6117 5219/6141 5273/6138 
f 5210/6117 5293/6116 5299/6140 5219/6141 
f 5293/6116 5212/6121 5220/6143 5299/6140 
f 5212/6121 5294/6120 5300/6142 5220/6143 
f 5294/6120 5214/6125 5221/6145 5300/6142 
f 5214/6125 5295/6124 5301/6144 5221/6145 
f 5295/6124 5215/6127 5222/6147 5301/6144 
f 5215/6127 5288/6066 5302/6146 5222/6147 
f 5288/6066 5184/6064 5223/6148 5302/6146 
f 5184/6064 5285/6059 5297/6134 5223/6148 
f 5297/6134 5216/6133 5091/6149 5224/6150 
f 5216/6133 5296/6132 5225/6151 5091/6149 
f 5091/6149 5225/6151 5232/6166 5051/6167 
f 5224/6150 5091/6149 5051/6167 5233/6168 
f 5296/6137 5217/6136 5090/6152 5225/6153 
f 5217/6136 5298/6135 5226/6154 5090/6152 
f 5090/6152 5226/6154 5234/6169 5052/6170 
f 5225/6153 5090/6152 5052/6170 5232/6171 
f 5298/6135 5218/6139 5093/6155 5226/6154 
f 5218/6139 5273/6138 5227/6156 5093/6155 
f 5093/6155 5227/6156 5235/6172 5053/6173 
f 5226/6154 5093/6155 5053/6173 5234/6169 
f 5273/6138 5219/6141 5094/6157 5227/6156 
f 5219/6141 5299/6140 5228/6158 5094/6157 
f 5094/6157 5228/6158 5236/6174 5054/6175 
f 5227/6156 5094/6157 5054/6175 5235/6172 
f 5299/6140 5220/6143 5095/6159 5228/6158 
f 5220/6143 5300/6142 5229/6160 5095/6159 
f 5095/6159 5229/6160 5237/6176 5055/6177 
f 5228/6158 5095/6159 5055/6177 5236/6174 
f 5300/6142 5221/6145 5096/6161 5229/6160 
f 5221/6145 5301/6144 5230/6162 5096/6161 
f 5096/6161 5230/6162 5238/6178 5056/6179 
f 5229/6160 5096/6161 5056/6179 5237/6176 
f 5301/6144 5222/6147 5097/6163 5230/6162 
f 5222/6147 5302/6146 5231/6164 5097/6163 
f 5097/6163 5231/6164 5239/6180 5057/6181 
f 5230/6162 5097/6163 5057/6181 5238/6178 
f 5302/6146 5223/6148 5092/6165 5231/6164 
f 5223/6148 5297/6134 5224/6150 5092/6165 
f 5092/6165 5224/6150 5233/6168 5050/6182 
f 5231/6164 5092/6165 5050/6182 5239/6180 
f 5232/6166 5266/5952 5132/5951 5051/6167 
f 5051/6167 5132/5951 5265/5950 5233/6168 
f 5234/6169 5267/5958 5134/5957 5052/6170 
f 5052/6170 5134/5957 5266/5956 5232/6171 
f 5235/6172 5268/5962 5136/5961 5053/6173 
f 5053/6173 5136/5961 5267/5958 5234/6169 
f 5236/6174 5269/5966 5138/5965 5054/6175 
f 5054/6175 5138/5965 5268/5962 5235/6172 
f 5237/6176 5270/5970 5140/5969 5055/6177 
f 5055/6177 5140/5969 5269/5966 5236/6174 
f 5238/6178 5271/5974 5142/5973 5056/6179 
f 5056/6179 5142/5973 5270/5970 5237/6176 
f 5239/6180 5272/5978 5144/5977 5057/6181 
f 5057/6181 5144/5977 5271/5974 5238/6178 
f 5233/6168 5265/5950 5145/5980 5050/6182 
f 5050/6182 5145/5980 5272/5978 5239/6180 
f 5595/6183 5527/6188 5384/6187 5383/6184 
f 5383/6184 5384/6187 5526/6186 5588/6185 
f 5588/6189 5526/6194 5386/6193 5385/6190 
f 5385/6190 5386/6193 5528/6192 5589/6191 
f 5589/6191 5528/6192 5388/6198 5387/6195 
f 5387/6195 5388/6198 5529/6197 5590/6196 
f 5590/6196 5529/6197 5390/6202 5389/6199 
f 5389/6199 5390/6202 5530/6201 5591/6200 
f 5591/6200 5530/6201 5392/6206 5391/6203 
f 5391/6203 5392/6206 5531/6205 5592/6204 
f 5592/6204 5531/6205 5394/6210 5393/6207 
f 5393/6207 5394/6210 5532/6209 5594/6208 
f 5594/6208 5532/6209 5396/6214 5395/6211 
f 5395/6211 5396/6214 5533/6213 5593/6212 
f 5593/6212 5533/6213 5398/6216 5397/6215 
f 5397/6215 5398/6216 5527/6188 5595/6183 
f 5534/6217 5537/6222 5400/6221 5399/6218 
f 5399/6218 5400/6221 5536/6220 5535/6219 
f 5535/6223 5536/6228 5402/6227 5401/6224 
f 5401/6224 5402/6227 5539/6226 5538/6225 
f 5538/6225 5539/6226 5404/6232 5403/6229 
f 5403/6229 5404/6232 5541/6231 5540/6230 
f 5540/6230 5541/6231 5406/6236 5405/6233 
f 5405/6233 5406/6236 5542/6235 5525/6234 
f 5525/6234 5542/6235 5408/6240 5407/6237 
f 5407/6237 5408/6240 5544/6239 5543/6238 
f 5543/6238 5544/6239 5410/6244 5409/6241 
f 5409/6241 5410/6244 5546/6243 5545/6242 
f 5545/6242 5546/6243 5412/6248 5411/6245 
f 5411/6245 5412/6248 5548/6247 5547/6246 
f 5547/6246 5548/6247 5414/6250 5413/6249 
f 5413/6249 5414/6250 5537/6222 5534/6217 
f 5549/6251 5416/6254 5327/6253 5415/6252 
f 5550/6255 5415/6252 5327/6253 5417/6256 
f 5551/6257 5417/6256 5327/6253 5416/6254 
f 5549/6251 5418/6260 5328/6259 5416/6258 
f 5551/6261 5416/6258 5328/6259 5419/6262 
f 5552/6263 5419/6262 5328/6259 5418/6260 
f 5549/6251 5420/6265 5329/6264 5418/6260 
f 5552/6263 5418/6260 5329/6264 5421/6266 
f 5553/6267 5421/6266 5329/6264 5420/6265 
f 5549/6251 5422/6269 5330/6268 5420/6265 
f 5553/6267 5420/6265 5330/6268 5423/6270 
f 5554/6271 5423/6270 5330/6268 5422/6269 
f 5549/6251 5424/6273 5331/6272 5422/6269 
f 5554/6271 5422/6269 5331/6272 5425/6274 
f 5555/6275 5425/6274 5331/6272 5424/6273 
f 5549/6251 5426/6277 5332/6276 5424/6273 
f 5555/6275 5424/6273 5332/6276 5427/6278 
f 5556/6279 5427/6278 5332/6276 5426/6277 
f 5549/6251 5428/6281 5333/6280 5426/6277 
f 5556/6279 5426/6277 5333/6280 5429/6282 
f 5557/6283 5429/6282 5333/6280 5428/6281 
f 5549/6251 5415/6252 5334/6284 5428/6281 
f 5557/6283 5428/6281 5334/6284 5430/6285 
f 5550/6255 5430/6285 5334/6284 5415/6252 
f 5526/6186 5384/6187 5312/6287 5431/6286 
f 5431/6286 5312/6287 5399/6218 5535/6219 
f 5312/6287 5432/6288 5534/6217 5399/6218 
f 5384/6187 5527/6188 5432/6288 5312/6287 
f 5528/6289 5386/6292 5311/6291 5433/6290 
f 5433/6290 5311/6291 5401/6224 5538/6225 
f 5311/6291 5431/6293 5535/6223 5401/6224 
f 5386/6292 5526/6294 5431/6293 5311/6291 
f 5529/6197 5388/6198 5314/6296 5434/6295 
f 5434/6295 5314/6296 5403/6229 5540/6230 
f 5314/6296 5433/6297 5538/6225 5403/6229 
f 5388/6198 5528/6192 5433/6297 5314/6296 
f 5530/6201 5390/6202 5315/6299 5435/6298 
f 5435/6298 5315/6299 5405/6233 5525/6234 
f 5315/6299 5434/6295 5540/6230 5405/6233 
f 5390/6202 5529/6197 5434/6295 5315/6299 
f 5531/6205 5392/6206 5316/6301 5436/6300 
f 5436/6300 5316/6301 5407/6237 5543/6238 
f 5316/6301 5435/6298 5525/6234 5407/6237 
f 5392/6206 5530/6201 5435/6298 5316/6301 
f 5532/6209 5394/6210 5317/6303 5437/6302 
f 5437/6302 5317/6303 5409/6241 5545/6242 
f 5317/6303 5436/6300 5543/6238 5409/6241 
f 5394/6210 5531/6205 5436/6300 5317/6303 
f 5533/6213 5396/6214 5318/6305 5438/6304 
f 5438/6304 5318/6305 5411/6245 5547/6246 
f 5318/6305 5437/6302 5545/6242 5411/6245 
f 5396/6214 5532/6209 5437/6302 5318/6305 
f 5527/6188 5398/6216 5313/6306 5432/6288 
f 5432/6288 5313/6306 5413/6249 5534/6217 
f 5313/6306 5438/6304 5547/6246 5413/6249 
f 5398/6216 5533/6213 5438/6304 5313/6306 
f 5537/6222 5439/6308 5320/6307 5400/6221 
f 5400/6221 5320/6307 5440/6309 5536/6220 
f 5320/6307 5344/6390 5479/6389 5440/6309 
f 5439/6308 5480/6391 5344/6390 5320/6307 
f 5536/6228 5440/6311 5319/6310 5402/6227 
f 5402/6227 5319/6310 5441/6312 5539/6226 
f 5319/6310 5343/6393 5481/6392 5441/6312 
f 5440/6311 5479/6394 5343/6393 5319/6310 
f 5539/6226 5441/6312 5322/6313 5404/6232 
f 5404/6232 5322/6313 5442/6314 5541/6231 
f 5322/6313 5346/6396 5482/6395 5442/6314 
f 5441/6312 5481/6392 5346/6396 5322/6313 
f 5541/6231 5442/6314 5323/6315 5406/6236 
f 5406/6236 5323/6315 5443/6316 5542/6235 
f 5323/6315 5347/6398 5483/6397 5443/6316 
f 5442/6314 5482/6395 5347/6398 5323/6315 
f 5542/6235 5443/6316 5324/6317 5408/6240 
f 5408/6240 5324/6317 5444/6318 5544/6239 
f 5324/6317 5348/6400 5484/6399 5444/6318 
f 5443/6316 5483/6397 5348/6400 5324/6317 
f 5544/6239 5444/6318 5325/6319 5410/6244 
f 5410/6244 5325/6319 5445/6320 5546/6243 
f 5325/6319 5349/6402 5485/6401 5445/6320 
f 5444/6318 5484/6399 5349/6402 5325/6319 
f 5546/6243 5445/6320 5326/6321 5412/6248 
f 5412/6248 5326/6321 5446/6322 5548/6247 
f 5326/6321 5350/6404 5486/6403 5446/6322 
f 5445/6320 5485/6401 5350/6404 5326/6321 
f 5548/6247 5446/6322 5321/6323 5414/6250 
f 5414/6250 5321/6323 5439/6308 5537/6222 
f 5321/6323 5345/6405 5480/6391 5439/6308 
f 5446/6322 5486/6403 5345/6405 5321/6323 
f 5559/6324 5448/6327 5351/6326 5447/6325 
f 5447/6325 5351/6326 5355/6407 5487/6406 
f 5351/6326 5449/6328 5488/6408 5355/6407 
f 5448/6327 5560/6329 5449/6328 5351/6326 
f 5561/6330 5451/6333 5359/6332 5450/6331 
f 5450/6331 5359/6332 5362/6410 5489/6409 
f 5359/6332 5452/6334 5491/6414 5362/6410 
f 5451/6333 5562/6335 5452/6334 5359/6332 
f 5563/6336 5454/6339 5360/6338 5453/6337 
f 5453/6337 5360/6338 5361/6416 5492/6415 
f 5360/6338 5450/6331 5489/6409 5361/6416 
f 5454/6339 5561/6330 5450/6331 5360/6338 
f 5564/6340 5456/6343 5363/6342 5455/6341 
f 5455/6341 5363/6342 5364/6420 5494/6419 
f 5363/6342 5453/6337 5492/6415 5364/6420 
f 5456/6343 5563/6336 5453/6337 5363/6342 
f 5565/6344 5458/6347 5365/6346 5457/6345 
f 5457/6345 5365/6346 5366/6424 5496/6423 
f 5365/6346 5455/6341 5494/6419 5366/6424 
f 5458/6347 5564/6340 5455/6341 5365/6346 
f 5566/6348 5460/6351 5367/6350 5459/6349 
f 5459/6349 5367/6350 5368/6428 5498/6427 
f 5367/6350 5457/6345 5496/6423 5368/6428 
f 5460/6351 5565/6344 5457/6345 5367/6350 
f 5567/6352 5462/6355 5369/6354 5461/6353 
f 5461/6353 5369/6354 5370/6431 5472/6375 
f 5369/6354 5459/6349 5498/6427 5370/6431 
f 5462/6355 5566/6348 5459/6349 5369/6354 
f 5560/6329 5463/6357 5357/6356 5449/6328 
f 5449/6328 5357/6356 5356/6433 5488/6408 
f 5357/6356 5464/6358 5473/6377 5356/6433 
f 5463/6357 5568/6359 5464/6358 5357/6356 
f 5569/6360 5466/6363 5373/6362 5465/6361 
f 5465/6361 5373/6362 5467/6365 5570/6364 
f 5373/6362 5468/6367 5571/6366 5467/6365 
f 5466/6363 5572/6368 5468/6367 5373/6362 
f 5570/6364 5467/6365 5374/6370 5469/6369 
f 5469/6369 5374/6370 5470/6372 5573/6371 
f 5374/6370 5471/6374 5574/6373 5470/6372 
f 5467/6365 5571/6366 5471/6374 5374/6370 
f 5573/6371 5470/6372 5372/6376 5472/6375 
f 5472/6375 5372/6376 5371/6434 5461/6353 
f 5372/6376 5473/6377 5464/6358 5371/6434 
f 5470/6372 5574/6373 5473/6377 5372/6376 
f 5567/6352 5475/6380 5358/6379 5474/6378 
f 5474/6378 5358/6379 5476/6382 5575/6381 
f 5358/6379 5463/6357 5560/6329 5476/6382 
f 5475/6380 5568/6359 5463/6357 5358/6379 
f 5575/6381 5476/6382 5352/6384 5477/6383 
f 5477/6383 5352/6384 5478/6386 5562/6385 
f 5352/6384 5448/6327 5559/6324 5478/6386 
f 5476/6382 5560/6329 5448/6327 5352/6384 
f 5562/6385 5478/6386 5353/6388 5452/6387 
f 5452/6387 5353/6388 5354/6436 5491/6435 
f 5353/6388 5447/6325 5487/6406 5354/6436 
f 5478/6386 5559/6324 5447/6325 5353/6388 
f 5479/6389 5344/6390 5477/6383 5562/6385 
f 5344/6390 5480/6391 5575/6381 5477/6383 
f 5481/6392 5343/6393 5451/6333 5561/6330 
f 5343/6393 5479/6394 5562/6335 5451/6333 
f 5482/6395 5346/6396 5454/6339 5563/6336 
f 5346/6396 5481/6392 5561/6330 5454/6339 
f 5483/6397 5347/6398 5456/6343 5564/6340 
f 5347/6398 5482/6395 5563/6336 5456/6343 
f 5484/6399 5348/6400 5458/6347 5565/6344 
f 5348/6400 5483/6397 5564/6340 5458/6347 
f 5485/6401 5349/6402 5460/6351 5566/6348 
f 5349/6402 5484/6399 5565/6344 5460/6351 
f 5486/6403 5350/6404 5462/6355 5567/6352 
f 5350/6404 5485/6401 5566/6348 5462/6355 
f 5480/6391 5345/6405 5474/6378 5575/6381 
f 5345/6405 5486/6403 5567/6352 5474/6378 
f 5487/6406 5355/6407 5468/6367 5572/6368 
f 5355/6407 5488/6408 5571/6366 5468/6367 
f 5489/6409 5362/6410 5490/6412 5576/6411 
f 5362/6410 5491/6414 5569/6413 5490/6412 
f 5492/6415 5361/6416 5493/6418 5577/6417 
f 5361/6416 5489/6409 5576/6411 5493/6418 
f 5494/6419 5364/6420 5495/6422 5578/6421 
f 5364/6420 5492/6415 5577/6417 5495/6422 
f 5496/6423 5366/6424 5497/6426 5579/6425 
f 5366/6424 5494/6419 5578/6421 5497/6426 
f 5498/6427 5368/6428 5499/6430 5580/6429 
f 5368/6428 5496/6423 5579/6425 5499/6430 
f 5472/6375 5370/6431 5500/6432 5573/6371 
f 5370/6431 5498/6427 5580/6429 5500/6432 
f 5488/6408 5356/6433 5471/6374 5571/6366 
f 5356/6433 5473/6377 5574/6373 5471/6374 
f 5461/6353 5371/6434 5475/6380 5567/6352 
f 5371/6434 5464/6358 5568/6359 5475/6380 
f 5491/6435 5354/6436 5466/6363 5569/6360 
f 5354/6436 5487/6406 5572/6368 5466/6363 
f 5570/6364 5582/6439 5501/6438 5465/6361 
f 5465/6361 5501/6438 5581/6437 5569/6360 
f 5569/6413 5581/6442 5502/6441 5490/6412 
f 5490/6412 5502/6441 5583/6440 5576/6411 
f 5576/6411 5583/6440 5503/6444 5493/6418 
f 5493/6418 5503/6444 5558/6443 5577/6417 
f 5577/6417 5558/6443 5504/6446 5495/6422 
f 5495/6422 5504/6446 5584/6445 5578/6421 
f 5578/6421 5584/6445 5505/6448 5497/6426 
f 5497/6426 5505/6448 5585/6447 5579/6425 
f 5579/6425 5585/6447 5506/6450 5499/6430 
f 5499/6430 5506/6450 5586/6449 5580/6429 
f 5580/6429 5586/6449 5507/6452 5500/6432 
f 5500/6432 5507/6452 5587/6451 5573/6371 
f 5573/6371 5587/6451 5508/6453 5469/6369 
f 5469/6369 5508/6453 5582/6439 5570/6364 
f 5582/6439 5509/6455 5376/6454 5501/6438 
f 5501/6438 5376/6454 5510/6456 5581/6437 
f 5376/6454 5336/6472 5517/6471 5510/6456 
f 5509/6455 5518/6473 5336/6472 5376/6454 
f 5581/6442 5510/6458 5375/6457 5502/6441 
f 5502/6441 5375/6457 5511/6459 5583/6440 
f 5375/6457 5337/6475 5519/6474 5511/6459 
f 5510/6458 5517/6476 5337/6475 5375/6457 
f 5583/6440 5511/6459 5378/6460 5503/6444 
f 5503/6444 5378/6460 5512/6461 5558/6443 
f 5378/6460 5338/6478 5520/6477 5512/6461 
f 5511/6459 5519/6474 5338/6478 5378/6460 
f 5558/6443 5512/6461 5379/6462 5504/6446 
f 5504/6446 5379/6462 5513/6463 5584/6445 
f 5379/6462 5339/6480 5521/6479 5513/6463 
f 5512/6461 5520/6477 5339/6480 5379/6462 
f 5584/6445 5513/6463 5380/6464 5505/6448 
f 5505/6448 5380/6464 5514/6465 5585/6447 
f 5380/6464 5340/6482 5522/6481 5514/6465 
f 5513/6463 5521/6479 5340/6482 5380/6464 
f 5585/6447 5514/6465 5381/6466 5506/6450 
f 5506/6450 5381/6466 5515/6467 5586/6449 
f 5381/6466 5341/6484 5523/6483 5515/6467 
f 5514/6465 5522/6481 5341/6484 5381/6466 
f 5586/6449 5515/6467 5382/6468 5507/6452 
f 5507/6452 5382/6468 5516/6469 5587/6451 
f 5382/6468 5342/6486 5524/6485 5516/6469 
f 5515/6467 5523/6483 5342/6486 5382/6468 
f 5587/6451 5516/6469 5377/6470 5508/6453 
f 5508/6453 5377/6470 5509/6455 5582/6439 
f 5377/6470 5335/6487 5518/6473 5509/6455 
f 5516/6469 5524/6485 5335/6487 5377/6470 
f 5517/6471 5336/6472 5417/6256 5551/6257 
f 5336/6472 5518/6473 5550/6255 5417/6256 
f 5519/6474 5337/6475 5419/6262 5552/6263 
f 5337/6475 5517/6476 5551/6261 5419/6262 
f 5520/6477 5338/6478 5421/6266 5553/6267 
f 5338/6478 5519/6474 5552/6263 5421/6266 
f 5521/6479 5339/6480 5423/6270 5554/6271 
f 5339/6480 5520/6477 5553/6267 5423/6270 
f 5522/6481 5340/6482 5425/6274 5555/6275 
f 5340/6482 5521/6479 5554/6271 5425/6274 
f 5523/6483 5341/6484 5427/6278 5556/6279 
f 5341/6484 5522/6481 5555/6275 5427/6278 
f 5524/6485 5342/6486 5429/6282 5557/6283 
f 5342/6486 5523/6483 5556/6279 5429/6282 
f 5518/6473 5335/6487 5430/6285 5550/6255 
f 5335/6487 5524/6485 5557/6283 5430/6285 
# 588 polygons

#
# object 2?_????___??005
#

v  115.758820 20.958351 19.107132
v  114.802818 10.687413 20.152969
v  115.758820 10.687428 19.107132
v  114.802841 10.687427 35.013763
v  114.802841 20.958351 35.013763
v  115.759171 10.687451 35.923065
v  115.759171 20.958351 35.923004
v  114.802849 10.687426 24.910416
v  115.759171 10.687451 24.910431
v  114.802849 10.687426 30.109894
v  115.759171 10.687451 30.109894
v  114.802841 19.136845 30.109894
v  115.759171 19.136845 30.109894
v  114.802841 19.136845 24.910416
v  115.759171 19.136845 24.910431
v  114.802818 20.958351 20.152588
v  94.684013 10.687427 35.013779
v  94.684013 20.958351 35.013779
v  94.684013 20.958351 35.923004
v  94.684013 10.687451 35.923065
v  94.683861 20.958351 20.152588
v  94.683861 20.958351 19.107132
v  94.683861 10.687428 19.107132
v  94.683861 10.687413 20.152969
# 24 vertices

vt 0.401360 0.981250 0.000000
vt 0.597453 0.981250 0.000000
vt 0.750000 0.981250 0.000000
vt 0.446090 0.981250 0.000000
vt 0.500000 0.981250 0.000000
vt 0.750000 0.981250 0.000000
vt 0.500000 0.981250 0.000000
vt 0.750000 0.981250 0.000000
vt 0.500000 0.981250 0.000000
vt 0.750000 0.981250 0.000000
vt 0.500000 0.981250 0.000000
vt 0.750000 0.981250 0.000000
vt 0.750000 0.981250 0.000000
vt 0.750000 0.981250 0.000000
vt 0.500000 0.981250 0.000000
vt 0.500000 0.981250 0.000000
vt 0.500000 0.981250 0.000000
vt 0.750000 0.981250 0.000000
vt 0.500000 0.981250 0.000000
vt 0.500000 0.981250 0.000000
vt 0.500000 0.981250 0.000000
vt 0.500000 0.981250 0.000000
vt 0.750000 0.981250 0.000000
vt 0.750000 0.981250 0.000000
vt 0.750000 0.981250 0.000000
vt 0.214672 1.000000 0.000000
vt 0.682005 0.000004 0.000000
vt 0.682006 1.000000 0.000000
vt 0.000001 0.785328 0.000000
vt 0.999999 0.317993 0.000000
vt 0.999999 0.785327 0.000000
vt 0.785327 1.000000 0.000000
vt 0.317994 0.000004 0.000000
vt 0.785329 0.000007 0.000000
vt 0.500000 0.981250 0.000000
vt 0.750000 0.981250 0.000000
vt 0.750000 0.981250 0.000000
vt 0.750000 0.981250 0.000000
vt 0.500000 0.981250 0.000000
vt 0.500000 0.981250 0.000000
vt 0.500000 0.981250 0.000000
vt 0.500000 0.981250 0.000000
vt 0.750000 0.981250 0.000000
vt 0.750000 0.981250 0.000000
vt 0.750000 0.981250 0.000000
vt 0.750000 0.981250 0.000000
vt 0.750000 0.981250 0.000000
vt 0.214670 0.000007 0.000000
vt -0.000001 0.317994 0.000000
vt 0.317993 1.000000 0.000000
vt 0.500000 0.981250 0.000000
vt 0.500000 0.981250 0.000000
vt 0.597453 0.981250 0.000000
vt 0.401360 0.981250 0.000000
vt 0.446090 0.981250 0.000000
vt 0.750000 0.981250 0.000000
vt 0.500000 0.981250 0.000000
vt 0.500000 0.981250 0.000000
vt 0.750000 0.981250 0.000000
vt 0.750000 0.981250 0.000000
vt 0.500000 0.981250 0.000000
vt 0.750000 0.981250 0.000000
vt 0.750000 0.981250 0.000000
vt 0.500000 0.981250 0.000000
vt 0.500000 0.981250 0.000000
vt 0.750000 0.981250 0.000000
# 66 texture coords

o 2?_????___??005
g 2?_????___??005
f 5596/6488 5617/6541 5616/6540 5611/6489 
f 5597/6490 5619/6543 5618/6542 5598/6491 
f 5612/6544 5613/6545 5600/6522 5599/6492 
f 5602/6500 5596/6499 5611/6538 5600/6498 
f 5603/6503 5597/6502 5598/6524 5604/6501 
f 5605/6506 5606/6505 5601/6525 5599/6504 
f 5609/6515 5603/6514 5604/6535 5610/6513 
f 5608/6518 5607/6517 5609/6536 5610/6516 
f 5606/6521 5605/6520 5607/6537 5608/6519 
f 5603/6528 5609/6527 5611/6539 5597/6526 
f 5604/6532 5598/6531 5596/6533 5610/6530 
f 5596/6533 5602/6512 5608/6510 5610/6530 
f 5609/6527 5607/6507 5600/6529 5611/6539 
f 5602/6512 5601/6511 5606/6534 5608/6510 
f 5607/6507 5605/6509 5599/6508 5600/6529 
f 5616/6540 5619/6548 5597/6526 5611/6489 
f 5615/6547 5601/6523 5602/6495 5614/6546 
f 5615/6550 5612/6551 5599/6494 5601/6493 
f 5613/6552 5614/6553 5602/6497 5600/6496 
f 5618/6542 5617/6549 5596/6533 5598/6491 
# 20 polygons

#
# object ???012
#

v  114.803177 19.140760 24.917431
v  115.093132 19.140760 24.917431
v  115.093132 19.140762 30.110386
v  114.803177 19.140760 30.109161
v  114.803177 10.688331 24.917431
v  114.803177 10.688333 30.109161
v  115.093132 10.688328 24.917431
v  115.093132 10.688329 30.110386
v  114.784241 17.379021 30.156456
v  114.815941 17.379021 30.143326
v  114.829071 17.379021 30.111622
v  114.815941 17.379021 30.079920
v  114.784241 17.379021 30.066788
v  114.752533 17.379021 30.079920
v  114.739403 17.379021 30.111622
v  114.752533 17.379021 30.143326
v  114.784241 17.940809 30.156456
v  114.815941 17.940809 30.143326
v  114.829071 17.940809 30.111622
v  114.815941 17.940809 30.079920
v  114.784241 17.940809 30.066788
v  114.752533 17.940809 30.079920
v  114.739403 17.940809 30.111622
v  114.752533 17.940809 30.143326
v  114.784241 16.175558 30.156456
v  114.815941 16.175558 30.143326
v  114.829071 16.175558 30.111622
v  114.815941 16.175558 30.079920
v  114.784241 16.175558 30.066788
v  114.752533 16.175558 30.079920
v  114.739403 16.175558 30.111622
v  114.752533 16.175558 30.143326
v  114.784241 16.737349 30.156456
v  114.815941 16.737349 30.143326
v  114.829071 16.737349 30.111622
v  114.815941 16.737349 30.079920
v  114.784241 16.737349 30.066788
v  114.752533 16.737349 30.079920
v  114.739403 16.737349 30.111622
v  114.752533 16.737349 30.143326
v  114.784241 12.014170 30.156456
v  114.815941 12.014170 30.143326
v  114.829071 12.014170 30.111622
v  114.815941 12.014170 30.079920
v  114.784241 12.014170 30.066788
v  114.752533 12.014170 30.079920
v  114.739403 12.014170 30.111622
v  114.752533 12.014170 30.143326
v  114.784241 12.575960 30.156456
v  114.815941 12.575960 30.143326
v  114.829071 12.575960 30.111622
v  114.815941 12.575960 30.079920
v  114.784241 12.575960 30.066788
v  114.752533 12.575960 30.079920
v  114.739403 12.575960 30.111622
v  114.752533 12.575960 30.143326
v  114.734909 14.796040 25.594414
v  114.734909 14.696488 25.693964
v  114.734909 14.555703 25.693964
v  114.734909 14.796040 25.453629
v  114.734909 14.696488 25.354078
v  114.734909 14.555703 25.354078
v  114.734909 14.456154 25.453629
v  114.734909 14.456154 25.594414
v  114.733383 14.713211 25.560104
v  114.733383 14.662181 25.611137
v  114.733383 14.590012 25.611137
v  114.733383 14.713211 25.487936
v  114.733383 14.662181 25.436905
v  114.733383 14.590012 25.436905
v  114.733383 14.538980 25.487936
v  114.733383 14.538980 25.560104
v  114.590828 14.639219 25.555702
v  114.590828 14.657778 25.537144
v  114.590828 14.657778 25.510899
v  114.590828 14.639219 25.492340
v  114.590828 14.612973 25.492340
v  114.590828 14.594414 25.510899
v  114.590828 14.594414 25.537144
v  114.590828 14.612973 25.555702
v  114.597961 14.606411 25.571545
v  114.597961 14.645781 25.571545
v  114.597961 14.673619 25.543705
v  114.597961 14.673619 25.504337
v  114.597961 14.645781 25.476498
v  114.597961 14.606411 25.476498
v  114.597961 14.578573 25.504337
v  114.597961 14.578573 25.543705
v  114.715340 14.713211 25.560104
v  114.715340 14.662181 25.611137
v  114.715340 14.590012 25.611137
v  114.715340 14.713211 25.487936
v  114.715340 14.662181 25.436905
v  114.715340 14.590012 25.436905
v  114.715340 14.538980 25.487936
v  114.715340 14.538980 25.560104
v  114.678627 14.662181 26.046371
v  114.698387 14.662181 25.828754
v  114.678627 14.698265 25.813808
v  114.639099 14.698265 25.813808
v  114.639099 14.662181 26.046371
v  114.639099 14.590012 26.046371
v  114.678627 14.590012 26.046371
v  114.698387 14.590012 25.828754
v  114.678627 14.713211 25.560104
v  114.678627 14.713211 25.487936
v  114.639099 14.713211 25.487936
v  114.639099 14.713211 25.560104
v  114.678627 14.662181 25.436905
v  114.639099 14.662181 25.436905
v  114.678627 14.590012 25.436905
v  114.639099 14.590012 25.436905
v  114.678627 14.538980 25.487936
v  114.639099 14.538980 25.487936
v  114.678627 14.538980 25.560104
v  114.639099 14.538980 25.560104
v  114.678627 14.553927 25.813808
v  114.639099 14.553927 25.813808
v  114.619339 14.662181 25.828754
v  114.619339 14.590012 25.828754
v  114.612213 14.673619 25.543705
v  114.612213 14.645781 25.571545
v  114.612213 14.606411 25.571545
v  114.612213 14.673619 25.504337
v  114.612213 14.645781 25.476498
v  114.612213 14.606411 25.476498
v  114.612213 14.578573 25.504337
v  114.612213 14.578573 25.543705
v  114.807434 14.698265 25.698252
v  114.744247 14.697821 25.697180
v  114.807434 14.800326 25.596189
v  114.744247 14.799255 25.595745
v  114.807434 14.800326 25.451853
v  114.744247 14.799255 25.452297
v  114.807434 14.698265 25.349791
v  114.744247 14.697821 25.350863
v  114.807434 14.553927 25.349791
v  114.744247 14.554371 25.350863
v  114.807434 14.451865 25.451853
v  114.744247 14.452937 25.452297
v  114.807434 14.451865 25.596189
v  114.744247 14.452937 25.595745
v  114.807434 14.553927 25.698252
v  114.744247 14.554371 25.697180
v  114.734581 14.691090 25.680931
v  114.734192 14.666247 25.620955
v  114.734581 14.783005 25.589016
v  114.734192 14.723029 25.564173
v  114.734581 14.783005 25.459026
v  114.734192 14.723029 25.483870
v  114.734581 14.691090 25.367111
v  114.734192 14.666247 25.427088
v  114.734581 14.561101 25.367111
v  114.734192 14.585944 25.427088
v  114.734581 14.469187 25.459026
v  114.734192 14.529163 25.483870
v  114.734581 14.469187 25.589016
v  114.734192 14.529163 25.564173
v  114.734581 14.561101 25.680931
v  114.734192 14.585944 25.620955
v  114.590828 14.626097 25.555473
v  114.590828 14.648335 25.546261
v  114.593391 14.643418 25.565842
v  114.590828 14.657547 25.524021
v  114.593391 14.667916 25.541344
v  114.590828 14.648335 25.501781
v  114.593391 14.667916 25.506699
v  114.590828 14.626097 25.492569
v  114.593391 14.643418 25.482201
v  114.590828 14.603857 25.501781
v  114.593391 14.608774 25.482201
v  114.590828 14.594644 25.524021
v  114.593391 14.584276 25.506699
v  114.590828 14.603857 25.546261
v  114.593391 14.584276 25.541344
v  114.593391 14.608774 25.565842
v  114.734909 14.756573 25.654497
v  114.734909 14.626097 25.708542
v  114.734909 14.810617 25.524021
v  114.734909 14.756573 25.393545
v  114.734909 14.626097 25.339499
v  114.734909 14.495620 25.393545
v  114.734909 14.441574 25.524021
v  114.734909 14.495620 25.654497
v  114.733383 14.626097 25.618610
v  114.733383 14.692981 25.590906
v  114.733383 14.720685 25.524021
v  114.733383 14.692981 25.457136
v  114.733383 14.626097 25.429432
v  114.733383 14.559211 25.457136
v  114.733383 14.531507 25.524021
v  114.733383 14.559211 25.590906
v  114.678627 14.689244 25.980757
v  114.693443 14.662181 25.991968
v  114.678627 14.626097 26.053844
v  114.678627 14.720685 25.524021
v  114.697685 14.713211 25.560104
v  114.678627 14.702002 25.641573
v  114.678627 14.692981 25.457136
v  114.697685 14.713211 25.487936
v  114.678627 14.626097 25.429432
v  114.697685 14.662181 25.436905
v  114.678627 14.559211 25.457136
v  114.697685 14.590012 25.436905
v  114.678627 14.531507 25.524021
v  114.697685 14.538980 25.487936
v  114.678627 14.550190 25.641573
v  114.697685 14.538980 25.560104
v  114.693443 14.590012 25.991968
v  114.678627 14.562948 25.980757
v  114.619339 14.660130 25.660591
v  114.624283 14.689244 25.817545
v  114.619339 14.626097 25.836227
v  114.624283 14.662181 25.991968
v  114.619339 14.592062 25.660591
v  114.624283 14.562948 25.817545
v  114.624283 14.590012 25.991968
v  114.639099 14.550190 25.641573
v  114.639099 14.562948 25.980757
v  114.702621 14.590012 25.665541
v  114.693443 14.562948 25.817545
v  114.698387 14.626097 25.836227
v  114.702621 14.662181 25.665541
v  114.693443 14.689244 25.817545
v  114.715340 14.692981 25.590906
v  114.715340 14.626097 25.618610
v  114.715340 14.720685 25.524021
v  114.715340 14.692981 25.457136
v  114.715340 14.626097 25.429432
v  114.715340 14.559211 25.457136
v  114.715340 14.531507 25.524021
v  114.715340 14.559211 25.590906
v  114.639099 14.689244 25.980757
v  114.639099 14.626097 26.053844
v  114.639099 14.720685 25.524021
v  114.624283 14.708262 25.558056
v  114.639099 14.702002 25.641573
v  114.639099 14.692981 25.457136
v  114.624283 14.708262 25.489986
v  114.639099 14.626097 25.429432
v  114.624283 14.660130 25.441854
v  114.639099 14.559211 25.457136
v  114.624283 14.592062 25.441854
v  114.639099 14.531507 25.524021
v  114.624283 14.543929 25.489986
v  114.624283 14.543929 25.558056
v  114.617554 14.647830 25.576492
v  114.617554 14.678568 25.545755
v  114.617554 14.678568 25.502287
v  114.617554 14.647830 25.471550
v  114.617554 14.604362 25.471550
v  114.617554 14.573625 25.502287
v  114.617554 14.573625 25.545755
v  114.617554 14.604362 25.576492
v  114.612213 14.626097 25.575621
v  114.612213 14.662582 25.560507
v  114.612213 14.677696 25.524021
v  114.612213 14.662582 25.487534
v  114.612213 14.626097 25.472422
v  114.612213 14.589610 25.487534
v  114.612213 14.574496 25.524021
v  114.612213 14.589610 25.560507
v  114.597961 14.662582 25.560507
v  114.597961 14.626097 25.575621
v  114.597961 14.677696 25.524021
v  114.597961 14.662582 25.487534
v  114.597961 14.626097 25.472422
v  114.597961 14.589610 25.487534
v  114.597961 14.574496 25.524021
v  114.597961 14.589610 25.560507
v  114.734581 14.626097 25.353651
v  114.744247 14.759041 25.656967
v  114.744247 14.626097 25.712034
v  114.744247 14.814109 25.524021
v  114.744247 14.759041 25.391075
v  114.744247 14.626097 25.336008
v  114.744247 14.493151 25.391075
v  114.744247 14.438083 25.524021
v  114.744247 14.493151 25.656967
v  114.734581 14.626097 25.694391
v  114.734581 14.746566 25.644491
v  114.734192 14.700518 25.598442
v  114.734192 14.626097 25.629269
v  114.734581 14.796466 25.524021
v  114.734192 14.731344 25.524021
v  114.734581 14.746566 25.403551
v  114.734192 14.700518 25.449598
v  114.734192 14.626097 25.418774
v  114.734581 14.505625 25.403551
v  114.734192 14.551674 25.449598
v  114.734581 14.455726 25.524021
v  114.734192 14.520847 25.524021
v  114.734581 14.505625 25.644491
v  114.734192 14.551674 25.598442
v  114.590828 14.626097 25.524021
v  114.592613 14.626097 25.570160
v  114.592613 14.658722 25.556646
v  114.592613 14.672235 25.524021
v  114.592613 14.658722 25.491396
v  114.592613 14.626097 25.477880
v  114.592613 14.593471 25.491396
v  114.592613 14.579956 25.524021
v  114.592613 14.593471 25.556646
v  114.617554 14.666382 25.483734
v  114.689606 14.682226 25.941349
v  114.693443 14.626097 25.999441
v  114.697685 14.720685 25.524021
v  114.697937 14.694883 25.627626
v  114.697685 14.692981 25.457136
v  114.697685 14.626097 25.429432
v  114.697685 14.559211 25.457136
v  114.697685 14.531507 25.524021
v  114.697937 14.557309 25.627626
v  114.689606 14.569964 25.941349
v  114.622498 14.692451 25.625195
v  114.619339 14.626097 25.667641
v  114.624283 14.626097 25.999441
v  114.628120 14.682226 25.941349
v  114.622498 14.559741 25.625195
v  114.628120 14.569964 25.941349
v  114.702621 14.626097 25.673014
v  114.624283 14.715311 25.524021
v  114.624283 14.689180 25.460936
v  114.624283 14.626097 25.434807
v  114.624283 14.563011 25.460936
v  114.624283 14.536880 25.524021
v  114.617554 14.666382 25.564308
v  114.617554 14.626097 25.580994
v  114.617554 14.683069 25.524021
v  114.617554 14.626097 25.467047
v  114.617554 14.585810 25.483734
v  114.617554 14.569122 25.524021
v  114.617554 14.585810 25.564308
v  114.807434 14.759864 25.657789
v  114.807434 14.815273 25.524021
v  114.807434 14.759864 25.390253
v  114.807434 14.626097 25.334843
v  114.807434 14.492328 25.390253
v  114.807434 14.492328 25.657789
v  114.807434 14.436918 25.524021
v  114.807434 14.626097 25.713200
v  115.160782 14.796040 25.594414
v  115.160782 14.696488 25.693964
v  115.160782 14.555704 25.693964
v  115.160782 14.796040 25.453629
v  115.160782 14.696488 25.354078
v  115.160782 14.555703 25.354078
v  115.160782 14.456154 25.453629
v  115.160782 14.456154 25.594414
v  115.162308 14.713212 25.560106
v  115.162308 14.662181 25.611137
v  115.162308 14.590012 25.611137
v  115.162308 14.713212 25.487938
v  115.162308 14.662181 25.436907
v  115.162308 14.590012 25.436907
v  115.162308 14.538980 25.487938
v  115.162308 14.538980 25.560106
v  115.304863 14.639219 25.555704
v  115.304863 14.657778 25.537146
v  115.304863 14.657778 25.510899
v  115.304863 14.639219 25.492340
v  115.304863 14.612973 25.492340
v  115.304863 14.594414 25.510899
v  115.304863 14.594414 25.537146
v  115.304863 14.612973 25.555704
v  115.297737 14.606411 25.571545
v  115.297737 14.645781 25.571545
v  115.297737 14.673619 25.543707
v  115.297737 14.673619 25.504337
v  115.297737 14.645781 25.476500
v  115.297737 14.606411 25.476500
v  115.297737 14.578573 25.504337
v  115.297737 14.578573 25.543707
v  115.180351 14.713212 25.560106
v  115.180351 14.662181 25.611137
v  115.180351 14.590012 25.611137
v  115.180351 14.713212 25.487938
v  115.180351 14.662181 25.436907
v  115.180351 14.590012 25.436907
v  115.180351 14.538980 25.487938
v  115.180351 14.538980 25.560106
v  115.217064 14.662181 26.046373
v  115.197304 14.662181 25.828754
v  115.217064 14.698265 25.813808
v  115.256592 14.698265 25.813808
v  115.256592 14.662181 26.046373
v  115.256592 14.590012 26.046373
v  115.217064 14.590012 26.046373
v  115.197304 14.590012 25.828754
v  115.217064 14.713212 25.560106
v  115.217064 14.713212 25.487938
v  115.256592 14.713212 25.487938
v  115.256592 14.713212 25.560106
v  115.217064 14.662181 25.436907
v  115.256592 14.662181 25.436907
v  115.217064 14.590012 25.436907
v  115.256592 14.590012 25.436907
v  115.217064 14.538980 25.487938
v  115.256592 14.538980 25.487938
v  115.217064 14.538980 25.560106
v  115.256592 14.538980 25.560106
v  115.217064 14.553927 25.813808
v  115.256592 14.553927 25.813808
v  115.276352 14.662181 25.828754
v  115.276352 14.590012 25.828754
v  115.283478 14.673619 25.543707
v  115.283478 14.645781 25.571545
v  115.283478 14.606411 25.571545
v  115.283478 14.673619 25.504337
v  115.283478 14.645781 25.476500
v  115.283478 14.606411 25.476500
v  115.283478 14.578573 25.504337
v  115.283478 14.578573 25.543707
v  115.088257 14.698265 25.698254
v  115.151443 14.697821 25.697182
v  115.088257 14.800326 25.596191
v  115.151443 14.799255 25.595747
v  115.088257 14.800326 25.451853
v  115.151443 14.799255 25.452297
v  115.088257 14.698265 25.349791
v  115.151443 14.697821 25.350863
v  115.088257 14.553927 25.349791
v  115.151443 14.554371 25.350863
v  115.088257 14.451865 25.451853
v  115.151443 14.452937 25.452297
v  115.088257 14.451865 25.596191
v  115.151443 14.452937 25.595747
v  115.088257 14.553927 25.698254
v  115.151443 14.554371 25.697182
v  115.161118 14.691090 25.680931
v  115.161499 14.666247 25.620955
v  115.161118 14.783005 25.589016
v  115.161499 14.723029 25.564173
v  115.161118 14.783005 25.459028
v  115.161499 14.723029 25.483871
v  115.161118 14.691090 25.367113
v  115.161499 14.666247 25.427090
v  115.161118 14.561101 25.367113
v  115.161499 14.585944 25.427090
v  115.161118 14.469187 25.459028
v  115.161499 14.529163 25.483871
v  115.161118 14.469187 25.589016
v  115.161499 14.529163 25.564173
v  115.161118 14.561101 25.680931
v  115.161499 14.585944 25.620955
v  115.304863 14.626097 25.555473
v  115.304863 14.648335 25.546261
v  115.302299 14.643419 25.565842
v  115.304863 14.657547 25.524021
v  115.302299 14.667916 25.541344
v  115.304863 14.648335 25.501783
v  115.302299 14.667916 25.506699
v  115.304863 14.626097 25.492571
v  115.302299 14.643419 25.482203
v  115.304863 14.603857 25.501783
v  115.302299 14.608774 25.482203
v  115.304863 14.594644 25.524021
v  115.302299 14.584276 25.506699
v  115.304863 14.603857 25.546261
v  115.302299 14.584276 25.541344
v  115.302299 14.608774 25.565842
v  115.160782 14.756573 25.654499
v  115.160782 14.626097 25.708544
v  115.160782 14.810617 25.524021
v  115.160782 14.756573 25.393545
v  115.160782 14.626097 25.339500
v  115.160782 14.495620 25.393545
v  115.160782 14.441574 25.524021
v  115.160782 14.495620 25.654499
v  115.162308 14.626097 25.618610
v  115.162308 14.692981 25.590906
v  115.162308 14.720685 25.524021
v  115.162308 14.692981 25.457138
v  115.162308 14.626097 25.429434
v  115.162308 14.559211 25.457138
v  115.162308 14.531507 25.524021
v  115.162308 14.559211 25.590906
v  115.217064 14.689244 25.980759
v  115.202240 14.662181 25.991968
v  115.217064 14.626097 26.053846
v  115.217064 14.720685 25.524021
v  115.198006 14.713212 25.560106
v  115.217064 14.702002 25.641575
v  115.217064 14.692981 25.457138
v  115.198006 14.713212 25.487938
v  115.217064 14.626097 25.429434
v  115.198006 14.662181 25.436907
v  115.217064 14.559211 25.457138
v  115.198006 14.590012 25.436907
v  115.217064 14.531507 25.524021
v  115.198006 14.538980 25.487938
v  115.217064 14.550190 25.641575
v  115.198006 14.538980 25.560106
v  115.202248 14.590012 25.991968
v  115.217064 14.562948 25.980759
v  115.276352 14.660130 25.660593
v  115.271408 14.689244 25.817545
v  115.276352 14.626097 25.836227
v  115.271408 14.662181 25.991968
v  115.276352 14.592062 25.660593
v  115.271408 14.562948 25.817545
v  115.271408 14.590012 25.991968
v  115.256592 14.550190 25.641575
v  115.256592 14.562948 25.980759
v  115.193069 14.590012 25.665543
v  115.202248 14.562948 25.817545
v  115.197304 14.626097 25.836227
v  115.193069 14.662181 25.665543
v  115.202240 14.689244 25.817545
v  115.180351 14.692981 25.590906
v  115.180351 14.626097 25.618610
v  115.180351 14.720685 25.524021
v  115.180351 14.692981 25.457138
v  115.180351 14.626097 25.429434
v  115.180351 14.559211 25.457138
v  115.180351 14.531507 25.524021
v  115.180351 14.559211 25.590906
v  115.256592 14.689244 25.980759
v  115.256592 14.626097 26.053846
v  115.256592 14.720685 25.524021
v  115.271408 14.708262 25.558056
v  115.256592 14.702002 25.641575
v  115.256592 14.692981 25.457138
v  115.271408 14.708262 25.489988
v  115.256592 14.626097 25.429434
v  115.271408 14.660130 25.441856
v  115.256592 14.559211 25.457138
v  115.271408 14.592062 25.441856
v  115.256592 14.531507 25.524021
v  115.271408 14.543929 25.489988
v  115.271408 14.543929 25.558056
v  115.278137 14.647830 25.576494
v  115.278137 14.678568 25.545757
v  115.278137 14.678568 25.502287
v  115.278137 14.647830 25.471550
v  115.278137 14.604362 25.471550
v  115.278137 14.573625 25.502287
v  115.278137 14.573625 25.545757
v  115.278137 14.604362 25.576494
v  115.283478 14.626097 25.575623
v  115.283478 14.662582 25.560509
v  115.283478 14.677696 25.524021
v  115.283478 14.662582 25.487535
v  115.283478 14.626097 25.472422
v  115.283478 14.589610 25.487535
v  115.283478 14.574496 25.524021
v  115.283478 14.589610 25.560509
v  115.297737 14.662582 25.560509
v  115.297737 14.626097 25.575623
v  115.297737 14.677696 25.524021
v  115.297737 14.662582 25.487535
v  115.297737 14.626097 25.472422
v  115.297737 14.589610 25.487535
v  115.297737 14.574496 25.524021
v  115.297737 14.589610 25.560509
v  115.161118 14.626097 25.353653
v  115.151443 14.759041 25.656967
v  115.151443 14.626097 25.712036
v  115.151443 14.814109 25.524021
v  115.151443 14.759041 25.391077
v  115.151443 14.626097 25.336008
v  115.151443 14.493151 25.391077
v  115.151443 14.438083 25.524021
v  115.151443 14.493151 25.656967
v  115.161118 14.626097 25.694391
v  115.161118 14.746566 25.644491
v  115.161499 14.700518 25.598444
v  115.161499 14.626097 25.629271
v  115.161118 14.796466 25.524021
v  115.161499 14.731344 25.524021
v  115.161118 14.746566 25.403551
v  115.161499 14.700518 25.449600
v  115.161499 14.626097 25.418774
v  115.161118 14.505625 25.403551
v  115.161499 14.551674 25.449600
v  115.161118 14.455726 25.524021
v  115.161499 14.520847 25.524021
v  115.161118 14.505625 25.644491
v  115.161499 14.551674 25.598444
v  115.304863 14.626097 25.524021
v  115.303085 14.626097 25.570162
v  115.303085 14.658722 25.556648
v  115.303085 14.672236 25.524021
v  115.303085 14.658722 25.491396
v  115.303085 14.626097 25.477882
v  115.303085 14.593471 25.491396
v  115.303085 14.579956 25.524021
v  115.303085 14.593471 25.556648
v  115.278137 14.666382 25.483736
v  115.206085 14.682226 25.941351
v  115.202248 14.626097 25.999441
v  115.198006 14.720685 25.524021
v  115.197754 14.694883 25.627628
v  115.198006 14.692981 25.457138
v  115.198006 14.626097 25.429434
v  115.198006 14.559211 25.457138
v  115.198006 14.531507 25.524021
v  115.197754 14.557309 25.627628
v  115.206085 14.569964 25.941351
v  115.273186 14.692451 25.625196
v  115.276352 14.626097 25.667641
v  115.271408 14.626097 25.999441
v  115.267570 14.682226 25.941351
v  115.273186 14.559741 25.625196
v  115.267570 14.569964 25.941351
v  115.193069 14.626097 25.673016
v  115.271408 14.715311 25.524021
v  115.271408 14.689180 25.460938
v  115.271408 14.626097 25.434807
v  115.271408 14.563011 25.460938
v  115.271408 14.536881 25.524021
v  115.278137 14.666382 25.564308
v  115.278137 14.626097 25.580996
v  115.278137 14.683069 25.524021
v  115.278137 14.626097 25.467049
v  115.278137 14.585810 25.483736
v  115.278137 14.569123 25.524021
v  115.278137 14.585810 25.564308
v  115.088257 14.759864 25.657791
v  115.088257 14.815273 25.524021
v  115.088257 14.759864 25.390253
v  115.088257 14.626097 25.334845
v  115.088257 14.492328 25.390253
v  115.088257 14.492328 25.657791
v  115.088257 14.436918 25.524021
v  115.088257 14.626097 25.713200
# 626 vertices

vt 0.250000 0.000000 0.000000
vt 0.250000 0.031250 0.000000
vt 0.750000 0.031250 0.000000
vt 0.750000 0.000000 0.000000
vt 0.125000 0.000000 0.000000
vt 0.500000 0.000000 0.000000
vt 0.140625 0.031250 0.000000
vt 0.531250 0.031250 0.000000
vt 0.750000 0.000000 1.000000
vt 0.875000 0.000000 1.000000
vt 0.000000 0.000000 1.000000
vt 0.125000 0.000000 1.000000
vt 0.250000 0.000000 1.000000
vt 0.375000 0.000000 1.000000
vt 0.500000 0.000000 1.000000
vt 0.625000 0.000000 1.000000
vt 0.750000 1.000000 1.000000
vt 0.875000 1.000000 1.000000
vt 0.000000 1.000000 1.000000
vt 0.125000 1.000000 1.000000
vt 0.250000 1.000000 1.000000
vt 0.375000 1.000000 1.000000
vt 0.500000 1.000000 1.000000
vt 0.625000 1.000000 1.000000
vt -0.125000 0.000000 1.000000
vt -0.125000 1.000000 1.000000
vt 0.780330 0.000000 0.414214
vt 0.521447 0.000000 -0.414214
vt 0.250000 0.000000 -1.000000
vt 0.125000 0.000000 -1.000000
vt 0.219670 0.000000 -0.414214
vt 0.478553 0.000000 0.414213
vt 0.780330 1.000000 0.414214
vt 0.521447 1.000000 -0.414213
vt 0.250000 1.000000 -1.000000
vt 0.125000 1.000000 -1.000000
vt 0.219670 1.000000 -0.414214
vt 0.750000 0.000000 1.000000
vt 0.875000 0.000000 1.000000
vt 0.000000 0.000000 1.000000
vt 0.125000 0.000000 1.000000
vt 0.250000 0.000000 1.000000
vt 0.375000 0.000000 1.000000
vt 0.500000 0.000000 1.000000
vt 0.625000 0.000000 1.000000
vt 0.750000 1.000000 1.000000
vt 0.875000 1.000000 1.000000
vt 0.000000 1.000000 1.000000
vt 0.125000 1.000000 1.000000
vt 0.250000 1.000000 1.000000
vt 0.375000 1.000000 1.000000
vt 0.500000 1.000000 1.000000
vt 0.625000 1.000000 1.000000
vt -0.125000 0.000000 1.000000
vt -0.125000 1.000000 1.000000
vt 0.780330 0.000000 0.414214
vt 0.521447 0.000000 -0.414214
vt 0.250000 0.000000 -1.000000
vt 0.125000 0.000000 -1.000000
vt 0.219670 0.000000 -0.414214
vt 0.478553 0.000000 0.414213
vt 0.780330 1.000000 0.414214
vt 0.521447 1.000000 -0.414213
vt 0.250000 1.000000 -1.000000
vt 0.125000 1.000000 -1.000000
vt 0.219670 1.000000 -0.414214
vt 0.750000 0.000000 1.000000
vt 0.875000 0.000000 1.000000
vt 0.000000 0.000000 1.000000
vt 0.125000 0.000000 1.000000
vt 0.250000 0.000000 1.000000
vt 0.375000 0.000000 1.000000
vt 0.500000 0.000000 1.000000
vt 0.625000 0.000000 1.000000
vt 0.750000 1.000000 1.000000
vt 0.875000 1.000000 1.000000
vt 0.000000 1.000000 1.000000
vt 0.125000 1.000000 1.000000
vt 0.250000 1.000000 1.000000
vt 0.375000 1.000000 1.000000
vt 0.500000 1.000000 1.000000
vt 0.625000 1.000000 1.000000
vt -0.125000 0.000000 1.000000
vt -0.125000 1.000000 1.000000
vt 0.780330 0.000000 0.414214
vt 0.521447 0.000000 -0.414214
vt 0.250000 0.000000 -1.000000
vt 0.125000 0.000000 -1.000000
vt 0.219670 0.000000 -0.414214
vt 0.478553 0.000000 0.414213
vt 0.780330 1.000000 0.414214
vt 0.521447 1.000000 -0.414213
vt 0.250000 1.000000 -1.000000
vt 0.125000 1.000000 -1.000000
vt 0.219670 1.000000 -0.414214
vt 0.750000 0.000000 1.000000
vt 0.812500 0.000000 1.000000
vt 0.875000 0.000000 1.000000
vt 0.875000 0.987854 1.000000
vt 0.812500 0.865890 0.993847
vt 0.750000 0.865890 0.993847
vt -0.125000 0.000000 1.000000
vt -0.062500 0.000000 1.000000
vt 0.000000 0.000000 1.000000
vt 0.000000 0.987854 1.000000
vt -0.062500 0.987854 1.000000
vt -0.125000 0.987854 1.000000
vt 0.062500 0.000000 1.000000
vt 0.125000 0.000000 1.000000
vt 0.125000 0.865890 0.993847
vt 0.062500 0.865890 0.993847
vt 0.187500 0.000000 1.000000
vt 0.250000 0.000000 1.000000
vt 0.250000 0.865890 0.993847
vt 0.187500 0.865890 0.993847
vt 0.312500 0.000000 1.000000
vt 0.375000 0.000000 1.000000
vt 0.375000 0.865890 0.993847
vt 0.312500 0.865890 0.993847
vt 0.437500 0.000000 1.000000
vt 0.500000 0.000000 1.000000
vt 0.500000 0.865890 0.993847
vt 0.437500 0.865890 0.993847
vt 0.562500 0.000000 1.000000
vt 0.625000 0.000000 1.000000
vt 0.625000 0.865890 0.993847
vt 0.562500 0.865890 0.993847
vt 0.687500 0.000000 1.000000
vt 0.687500 0.865890 0.993847
vt 0.750000 0.998482 0.900582
vt 0.812500 0.998482 0.900582
vt 0.875000 1.000000 0.950777
vt 0.875000 1.000000 0.556347
vt 0.812500 1.000000 0.556347
vt 0.750000 1.000000 0.556347
vt -0.125000 1.000000 0.950777
vt -0.062500 0.997977 0.899823
vt 0.000000 1.000000 0.950777
vt 0.000000 1.000000 0.556347
vt -0.062500 1.000000 0.556347
vt -0.125000 1.000000 0.556347
vt 0.062500 0.998482 0.900582
vt 0.125000 0.998482 0.900582
vt 0.125000 1.000000 0.556347
vt 0.062500 1.000000 0.556347
vt 0.187500 0.998482 0.900582
vt 0.250000 0.998482 0.900582
vt 0.250000 1.000000 0.556347
vt 0.187500 1.000000 0.556347
vt 0.312500 0.998482 0.900582
vt 0.375000 0.998482 0.900582
vt 0.375000 1.000000 0.556347
vt 0.312500 1.000000 0.556347
vt 0.437500 0.998482 0.900582
vt 0.500000 0.998482 0.900582
vt 0.500000 1.000000 0.556347
vt 0.437500 1.000000 0.556347
vt 0.562500 0.998482 0.900582
vt 0.625000 0.998482 0.900582
vt 0.625000 1.000000 0.556347
vt 0.562500 1.000000 0.556347
vt 0.687500 0.998482 0.900582
vt 0.687500 1.000000 0.556347
vt 0.500000 1.000000 0.104167
vt 0.645833 1.000000 0.291667
vt 0.708333 1.000000 0.333333
vt 0.687500 1.000000 0.291667
vt 0.723958 1.000000 0.447917
vt 0.786458 1.000000 0.458333
vt 0.875000 1.000000 0.447917
vt 0.187500 1.000000 0.291667
vt 0.125000 1.000000 0.333333
vt 0.208333 1.000000 0.291667
vt -0.125000 1.000000 0.447917
vt -0.015625 1.000000 0.458333
vt 0.052083 1.000000 0.447917
vt 0.208333 1.000000 0.333333
vt 0.281250 1.000000 0.291667
vt 0.098958 1.000000 0.458333
vt 0.164063 1.000000 0.447917
vt 0.291667 1.000000 0.333333
vt 0.354167 1.000000 0.291667
vt 0.213542 1.000000 0.458333
vt 0.276042 1.000000 0.447917
vt 0.375000 1.000000 0.333333
vt 0.427083 1.000000 0.291667
vt 0.328125 1.000000 0.458333
vt 0.388021 1.000000 0.447917
vt 0.458333 1.000000 0.333333
vt 0.500000 1.000000 0.291667
vt 0.442708 1.000000 0.458333
vt 0.500000 1.000000 0.447917
vt 0.541667 1.000000 0.333333
vt 0.572917 1.000000 0.291667
vt 0.557292 1.000000 0.458333
vt 0.611979 1.000000 0.447917
vt 0.625000 1.000000 0.333333
vt 0.671875 1.000000 0.458333
vt 0.875000 0.993927 0.975388
vt 0.812500 0.993927 0.975388
vt 0.750000 0.993927 0.975388
vt 0.000380 0.983818 0.993927
vt 0.000190 0.991909 0.972352
vt -0.062500 0.991909 0.972352
vt -0.062500 0.983818 0.993927
vt -0.125380 0.991909 0.972352
vt -0.125759 0.983818 0.993927
vt 0.125000 0.993927 0.975388
vt 0.062500 0.993927 0.975388
vt 0.000000 0.993927 0.975388
vt 0.250000 0.993927 0.975388
vt 0.187500 0.993927 0.975388
vt 0.375000 0.993927 0.975388
vt 0.312500 0.993927 0.975388
vt 0.500000 0.993927 0.975388
vt 0.437500 0.993927 0.975388
vt 0.625000 0.993927 0.975388
vt 0.562500 0.993927 0.975388
vt 0.687500 0.993927 0.975388
vt 0.812500 1.000000 0.500000
vt 0.750000 1.000000 0.500000
vt 0.875000 1.000000 0.500000
vt -0.062500 1.000000 0.500000
vt -0.125000 1.000000 0.500000
vt 0.000000 1.000000 0.500000
vt 0.062500 1.000000 0.500000
vt 0.125000 1.000000 0.500000
vt 0.187500 1.000000 0.500000
vt 0.250000 1.000000 0.500000
vt 0.312500 1.000000 0.500000
vt 0.375000 1.000000 0.500000
vt 0.437500 1.000000 0.500000
vt 0.500000 1.000000 0.500000
vt 0.562500 1.000000 0.500000
vt 0.625000 1.000000 0.500000
vt 0.687500 1.000000 0.500000
vt 0.847222 1.000000 0.500000
vt 0.859375 1.000000 0.500000
vt 0.812500 1.000000 0.500000
vt 0.812500 1.000000 0.500000
vt 0.750000 1.000000 0.500000
vt 0.750000 1.000000 0.500000
vt 0.000000 1.000000 0.500000
vt 0.000000 1.000000 0.500000
vt -0.062500 1.000000 0.500000
vt -0.062500 1.000000 0.500000
vt -0.125000 1.000000 0.500000
vt -0.125000 1.000000 0.500000
vt 0.125000 1.000000 0.500000
vt 0.125000 1.000000 0.500000
vt 0.062500 1.000000 0.500000
vt 0.062500 1.000000 0.500000
vt 0.250000 1.000000 0.500000
vt 0.250000 1.000000 0.500000
vt 0.187500 1.000000 0.500000
vt 0.187500 1.000000 0.500000
vt 0.375000 1.000000 0.500000
vt 0.375000 1.000000 0.500000
vt 0.312500 1.000000 0.500000
vt 0.312500 1.000000 0.500000
vt 0.500000 1.000000 0.500000
vt 0.500000 1.000000 0.500000
vt 0.437500 1.000000 0.500000
vt 0.437500 1.000000 0.500000
vt 0.625000 1.000000 0.500000
vt 0.609375 1.000000 0.500000
vt 0.562500 1.000000 0.500000
vt 0.562500 1.000000 0.500000
vt 0.687500 1.000000 0.500000
vt 0.687500 1.000000 0.500000
vt 0.640625 1.000000 0.500000
vt 0.652778 1.000000 0.500000
vt 0.875000 1.000000 0.500000
vt 0.812500 1.000000 0.500000
vt 0.812500 1.000000 0.500000
vt 0.859375 1.000000 0.500000
vt 0.750000 1.000000 0.500000
vt 0.750000 1.000000 0.500000
vt 0.750000 1.000000 0.500000
vt 0.812500 1.000000 0.500000
vt 0.847222 1.000000 0.500000
vt 0.687500 1.000000 0.500000
vt 0.687500 1.000000 0.500000
vt 0.625000 1.000000 0.500000
vt 0.640625 1.000000 0.500000
vt 0.652778 1.000000 0.500000
vt 0.687500 1.000000 0.500000
vt 0.609375 1.000000 0.500000
vt 0.625000 1.000000 0.500000
vt 0.640625 1.000000 0.500000
vt 0.687500 1.000000 0.500000
vt 0.687500 1.000000 0.500000
vt 0.640625 1.000000 0.500000
vt 0.750000 1.000000 0.500000
vt 0.750000 1.000000 0.500000
vt 0.812500 1.000000 0.500000
vt 0.812500 1.000000 0.500000
vt 0.875000 1.000000 0.500000
vt 0.859375 1.000000 0.500000
vt 0.875000 1.000000 0.500000
vt 0.875000 1.000000 0.500000
vt 0.875000 1.000000 0.500000
vt 0.812500 1.000000 0.500000
vt 0.750000 1.000000 0.500000
vt 0.000000 1.000000 0.500000
vt -0.062500 1.000000 0.500000
vt -0.125000 1.000000 0.500000
vt 0.125000 1.000000 0.500000
vt 0.062500 1.000000 0.500000
vt 0.250000 1.000000 0.500000
vt 0.187500 1.000000 0.500000
vt 0.375000 1.000000 0.500000
vt 0.312500 1.000000 0.500000
vt 0.500000 1.000000 0.500000
vt 0.437500 1.000000 0.500000
vt 0.625000 1.000000 0.500000
vt 0.562500 1.000000 0.500000
vt 0.687500 1.000000 0.500000
vt 0.859375 1.000000 0.500000
vt 0.812500 1.000000 0.500000
vt 0.750000 1.000000 0.500000
vt 0.000000 1.000000 0.500000
vt -0.062500 1.000000 0.500000
vt 0.000000 1.000000 0.500000
vt -0.062500 1.000000 0.500000
vt -0.125000 1.000000 0.500000
vt -0.125000 1.000000 0.500000
vt 0.125000 1.000000 0.500000
vt 0.062500 1.000000 0.500000
vt 0.125000 1.000000 0.500000
vt 0.062500 1.000000 0.500000
vt 0.250000 1.000000 0.500000
vt 0.187500 1.000000 0.500000
vt 0.250000 1.000000 0.500000
vt 0.187500 1.000000 0.500000
vt 0.375000 1.000000 0.500000
vt 0.312500 1.000000 0.500000
vt 0.375000 1.000000 0.500000
vt 0.312500 1.000000 0.500000
vt 0.500000 1.000000 0.500000
vt 0.437500 1.000000 0.500000
vt 0.500000 1.000000 0.500000
vt 0.437500 1.000000 0.500000
vt 0.562500 1.000000 0.500000
vt 0.562500 1.000000 0.500000
vt 0.687500 1.000000 0.500000
vt 0.625000 1.000000 0.500000
vt 0.875000 1.000000 0.500000
vt 0.875000 1.000000 0.500000
vt 0.875000 1.000000 0.500000
vt 0.812500 1.000000 0.500000
vt 0.750000 1.000000 0.500000
vt 0.000000 1.000000 0.500000
vt -0.062500 1.000000 0.500000
vt -0.125000 1.000000 0.500000
vt 0.125000 1.000000 0.500000
vt 0.062500 1.000000 0.500000
vt 0.250000 1.000000 0.500000
vt 0.187500 1.000000 0.500000
vt 0.375000 1.000000 0.500000
vt 0.312500 1.000000 0.500000
vt 0.500000 1.000000 0.500000
vt 0.437500 1.000000 0.500000
vt 0.625000 1.000000 0.500000
vt 0.562500 1.000000 0.500000
vt 0.687500 1.000000 0.500000
vt 0.812500 1.000000 0.500000
vt 0.750000 1.000000 0.500000
vt 0.875000 1.000000 0.500000
vt -0.062500 1.000000 0.500000
vt -0.125000 1.000000 0.500000
vt 0.000000 1.000000 0.500000
vt 0.062500 1.000000 0.500000
vt 0.125000 1.000000 0.500000
vt 0.187500 1.000000 0.500000
vt 0.250000 1.000000 0.500000
vt 0.312500 1.000000 0.500000
vt 0.375000 1.000000 0.500000
vt 0.437500 1.000000 0.500000
vt 0.500000 1.000000 0.500000
vt 0.562500 1.000000 0.500000
vt 0.625000 1.000000 0.500000
vt 0.687500 1.000000 0.500000
vt 0.875000 1.000000 0.500000
vt 0.812500 1.000000 0.500000
vt 0.750000 1.000000 0.500000
vt 0.000000 1.000000 0.500000
vt -0.062500 1.000000 0.500000
vt -0.125000 1.000000 0.500000
vt 0.125000 1.000000 0.500000
vt 0.062500 1.000000 0.500000
vt 0.250000 1.000000 0.500000
vt 0.187500 1.000000 0.500000
vt 0.375000 1.000000 0.500000
vt 0.312500 1.000000 0.500000
vt 0.500000 1.000000 0.500000
vt 0.437500 1.000000 0.500000
vt 0.625000 1.000000 0.500000
vt 0.562500 1.000000 0.500000
vt 0.687500 1.000000 0.500000
vt 0.750000 0.000000 1.000000
vt 0.812500 0.000000 1.000000
vt 0.875000 0.000000 1.000000
vt 0.875000 0.987854 1.000000
vt 0.812500 0.865890 0.993847
vt 0.750000 0.865890 0.993847
vt -0.125000 0.000000 1.000000
vt -0.062500 0.000000 1.000000
vt 0.000000 0.000000 1.000000
vt 0.000000 0.987854 1.000000
vt -0.062500 0.987854 1.000000
vt -0.125000 0.987854 1.000000
vt 0.062500 0.000000 1.000000
vt 0.125000 0.000000 1.000000
vt 0.125000 0.865890 0.993847
vt 0.062500 0.865890 0.993847
vt 0.187500 0.000000 1.000000
vt 0.250000 0.000000 1.000000
vt 0.250000 0.865890 0.993847
vt 0.187500 0.865890 0.993847
vt 0.312500 0.000000 1.000000
vt 0.375000 0.000000 1.000000
vt 0.375000 0.865890 0.993847
vt 0.312500 0.865890 0.993847
vt 0.437500 0.000000 1.000000
vt 0.500000 0.000000 1.000000
vt 0.500000 0.865890 0.993847
vt 0.437500 0.865890 0.993847
vt 0.562500 0.000000 1.000000
vt 0.625000 0.000000 1.000000
vt 0.625000 0.865890 0.993847
vt 0.562500 0.865890 0.993847
vt 0.687500 0.000000 1.000000
vt 0.687500 0.865890 0.993847
vt 0.750000 0.998482 0.900582
vt 0.812500 0.998482 0.900582
vt 0.875000 1.000000 0.950777
vt 0.875000 1.000000 0.556347
vt 0.812500 1.000000 0.556347
vt 0.750000 1.000000 0.556347
vt -0.125000 1.000000 0.950777
vt -0.062500 0.997977 0.899823
vt 0.000000 1.000000 0.950777
vt 0.000000 1.000000 0.556347
vt -0.062500 1.000000 0.556347
vt -0.125000 1.000000 0.556347
vt 0.062500 0.998482 0.900582
vt 0.125000 0.998482 0.900582
vt 0.125000 1.000000 0.556347
vt 0.062500 1.000000 0.556347
vt 0.187500 0.998482 0.900582
vt 0.250000 0.998482 0.900582
vt 0.250000 1.000000 0.556347
vt 0.187500 1.000000 0.556347
vt 0.312500 0.998482 0.900582
vt 0.375000 0.998482 0.900582
vt 0.375000 1.000000 0.556347
vt 0.312500 1.000000 0.556347
vt 0.437500 0.998482 0.900582
vt 0.500000 0.998482 0.900582
vt 0.500000 1.000000 0.556347
vt 0.437500 1.000000 0.556347
vt 0.562500 0.998482 0.900582
vt 0.625000 0.998482 0.900582
vt 0.625000 1.000000 0.556347
vt 0.562500 1.000000 0.556347
vt 0.687500 0.998482 0.900582
vt 0.687500 1.000000 0.556347
vt 0.500000 1.000000 0.104167
vt 0.645833 1.000000 0.291667
vt 0.708333 1.000000 0.333333
vt 0.687500 1.000000 0.291667
vt 0.723958 1.000000 0.447917
vt 0.786458 1.000000 0.458333
vt 0.875000 1.000000 0.447917
vt 0.187500 1.000000 0.291667
vt 0.125000 1.000000 0.333333
vt 0.208333 1.000000 0.291667
vt -0.125000 1.000000 0.447917
vt -0.015625 1.000000 0.458333
vt 0.052083 1.000000 0.447917
vt 0.208333 1.000000 0.333333
vt 0.281250 1.000000 0.291667
vt 0.098958 1.000000 0.458333
vt 0.164063 1.000000 0.447917
vt 0.291667 1.000000 0.333333
vt 0.354167 1.000000 0.291667
vt 0.213542 1.000000 0.458333
vt 0.276042 1.000000 0.447917
vt 0.375000 1.000000 0.333333
vt 0.427083 1.000000 0.291667
vt 0.328125 1.000000 0.458333
vt 0.388021 1.000000 0.447917
vt 0.458333 1.000000 0.333333
vt 0.500000 1.000000 0.291667
vt 0.442708 1.000000 0.458333
vt 0.500000 1.000000 0.447917
vt 0.541667 1.000000 0.333333
vt 0.572917 1.000000 0.291667
vt 0.557292 1.000000 0.458333
vt 0.611979 1.000000 0.447917
vt 0.625000 1.000000 0.333333
vt 0.671875 1.000000 0.458333
vt 0.875000 0.993927 0.975388
vt 0.812500 0.993927 0.975388
vt 0.750000 0.993927 0.975388
vt 0.000380 0.983818 0.993927
vt 0.000190 0.991909 0.972352
vt -0.062500 0.991909 0.972352
vt -0.062500 0.983818 0.993927
vt -0.125380 0.991909 0.972352
vt -0.125759 0.983818 0.993927
vt 0.125000 0.993927 0.975388
vt 0.062500 0.993927 0.975388
vt 0.000000 0.993927 0.975388
vt 0.250000 0.993927 0.975388
vt 0.187500 0.993927 0.975388
vt 0.375000 0.993927 0.975388
vt 0.312500 0.993927 0.975388
vt 0.500000 0.993927 0.975388
vt 0.437500 0.993927 0.975388
vt 0.625000 0.993927 0.975388
vt 0.562500 0.993927 0.975388
vt 0.687500 0.993927 0.975388
vt 0.812500 1.000000 0.500000
vt 0.750000 1.000000 0.500000
vt 0.875000 1.000000 0.500000
vt -0.062500 1.000000 0.500000
vt -0.125000 1.000000 0.500000
vt 0.000000 1.000000 0.500000
vt 0.062500 1.000000 0.500000
vt 0.125000 1.000000 0.500000
vt 0.187500 1.000000 0.500000
vt 0.250000 1.000000 0.500000
vt 0.312500 1.000000 0.500000
vt 0.375000 1.000000 0.500000
vt 0.437500 1.000000 0.500000
vt 0.500000 1.000000 0.500000
vt 0.562500 1.000000 0.500000
vt 0.625000 1.000000 0.500000
vt 0.687500 1.000000 0.500000
vt 0.847222 1.000000 0.500000
vt 0.859375 1.000000 0.500000
vt 0.812500 1.000000 0.500000
vt 0.812500 1.000000 0.500000
vt 0.750000 1.000000 0.500000
vt 0.750000 1.000000 0.500000
vt 0.000000 1.000000 0.500000
vt 0.000000 1.000000 0.500000
vt -0.062500 1.000000 0.500000
vt -0.062500 1.000000 0.500000
vt -0.125000 1.000000 0.500000
vt -0.125000 1.000000 0.500000
vt 0.125000 1.000000 0.500000
vt 0.125000 1.000000 0.500000
vt 0.062500 1.000000 0.500000
vt 0.062500 1.000000 0.500000
vt 0.250000 1.000000 0.500000
vt 0.250000 1.000000 0.500000
vt 0.187500 1.000000 0.500000
vt 0.187500 1.000000 0.500000
vt 0.375000 1.000000 0.500000
vt 0.375000 1.000000 0.500000
vt 0.312500 1.000000 0.500000
vt 0.312500 1.000000 0.500000
vt 0.500000 1.000000 0.500000
vt 0.500000 1.000000 0.500000
vt 0.437500 1.000000 0.500000
vt 0.437500 1.000000 0.500000
vt 0.625000 1.000000 0.500000
vt 0.609375 1.000000 0.500000
vt 0.562500 1.000000 0.500000
vt 0.562500 1.000000 0.500000
vt 0.687500 1.000000 0.500000
vt 0.687500 1.000000 0.500000
vt 0.640625 1.000000 0.500000
vt 0.652778 1.000000 0.500000
vt 0.875000 1.000000 0.500000
vt 0.812500 1.000000 0.500000
vt 0.812500 1.000000 0.500000
vt 0.859375 1.000000 0.500000
vt 0.750000 1.000000 0.500000
vt 0.750000 1.000000 0.500000
vt 0.750000 1.000000 0.500000
vt 0.812500 1.000000 0.500000
vt 0.847222 1.000000 0.500000
vt 0.687500 1.000000 0.500000
vt 0.687500 1.000000 0.500000
vt 0.625000 1.000000 0.500000
vt 0.640625 1.000000 0.500000
vt 0.652778 1.000000 0.500000
vt 0.687500 1.000000 0.500000
vt 0.609375 1.000000 0.500000
vt 0.625000 1.000000 0.500000
vt 0.640625 1.000000 0.500000
vt 0.687500 1.000000 0.500000
vt 0.687500 1.000000 0.500000
vt 0.640625 1.000000 0.500000
vt 0.750000 1.000000 0.500000
vt 0.750000 1.000000 0.500000
vt 0.812500 1.000000 0.500000
vt 0.812500 1.000000 0.500000
vt 0.875000 1.000000 0.500000
vt 0.859375 1.000000 0.500000
vt 0.875000 1.000000 0.500000
vt 0.875000 1.000000 0.500000
vt 0.875000 1.000000 0.500000
vt 0.812500 1.000000 0.500000
vt 0.750000 1.000000 0.500000
vt 0.000000 1.000000 0.500000
vt -0.062500 1.000000 0.500000
vt -0.125000 1.000000 0.500000
vt 0.125000 1.000000 0.500000
vt 0.062500 1.000000 0.500000
vt 0.250000 1.000000 0.500000
vt 0.187500 1.000000 0.500000
vt 0.375000 1.000000 0.500000
vt 0.312500 1.000000 0.500000
vt 0.500000 1.000000 0.500000
vt 0.437500 1.000000 0.500000
vt 0.625000 1.000000 0.500000
vt 0.562500 1.000000 0.500000
vt 0.687500 1.000000 0.500000
vt 0.859375 1.000000 0.500000
vt 0.812500 1.000000 0.500000
vt 0.750000 1.000000 0.500000
vt 0.000000 1.000000 0.500000
vt -0.062500 1.000000 0.500000
vt 0.000000 1.000000 0.500000
vt -0.062500 1.000000 0.500000
vt -0.125000 1.000000 0.500000
vt -0.125000 1.000000 0.500000
vt 0.125000 1.000000 0.500000
vt 0.062500 1.000000 0.500000
vt 0.125000 1.000000 0.500000
vt 0.062500 1.000000 0.500000
vt 0.250000 1.000000 0.500000
vt 0.187500 1.000000 0.500000
vt 0.250000 1.000000 0.500000
vt 0.187500 1.000000 0.500000
vt 0.375000 1.000000 0.500000
vt 0.312500 1.000000 0.500000
vt 0.375000 1.000000 0.500000
vt 0.312500 1.000000 0.500000
vt 0.500000 1.000000 0.500000
vt 0.437500 1.000000 0.500000
vt 0.500000 1.000000 0.500000
vt 0.437500 1.000000 0.500000
vt 0.562500 1.000000 0.500000
vt 0.562500 1.000000 0.500000
vt 0.687500 1.000000 0.500000
vt 0.625000 1.000000 0.500000
vt 0.875000 1.000000 0.500000
vt 0.875000 1.000000 0.500000
vt 0.875000 1.000000 0.500000
vt 0.812500 1.000000 0.500000
vt 0.750000 1.000000 0.500000
vt 0.000000 1.000000 0.500000
vt -0.062500 1.000000 0.500000
vt -0.125000 1.000000 0.500000
vt 0.125000 1.000000 0.500000
vt 0.062500 1.000000 0.500000
vt 0.250000 1.000000 0.500000
vt 0.187500 1.000000 0.500000
vt 0.375000 1.000000 0.500000
vt 0.312500 1.000000 0.500000
vt 0.500000 1.000000 0.500000
vt 0.437500 1.000000 0.500000
vt 0.625000 1.000000 0.500000
vt 0.562500 1.000000 0.500000
vt 0.687500 1.000000 0.500000
vt 0.812500 1.000000 0.500000
vt 0.750000 1.000000 0.500000
vt 0.875000 1.000000 0.500000
vt -0.062500 1.000000 0.500000
vt -0.125000 1.000000 0.500000
vt 0.000000 1.000000 0.500000
vt 0.062500 1.000000 0.500000
vt 0.125000 1.000000 0.500000
vt 0.187500 1.000000 0.500000
vt 0.250000 1.000000 0.500000
vt 0.312500 1.000000 0.500000
vt 0.375000 1.000000 0.500000
vt 0.437500 1.000000 0.500000
vt 0.500000 1.000000 0.500000
vt 0.562500 1.000000 0.500000
vt 0.625000 1.000000 0.500000
vt 0.687500 1.000000 0.500000
vt 0.875000 1.000000 0.500000
vt 0.812500 1.000000 0.500000
vt 0.750000 1.000000 0.500000
vt 0.000000 1.000000 0.500000
vt -0.062500 1.000000 0.500000
vt -0.125000 1.000000 0.500000
vt 0.125000 1.000000 0.500000
vt 0.062500 1.000000 0.500000
vt 0.250000 1.000000 0.500000
vt 0.187500 1.000000 0.500000
vt 0.375000 1.000000 0.500000
vt 0.312500 1.000000 0.500000
vt 0.500000 1.000000 0.500000
vt 0.437500 1.000000 0.500000
vt 0.625000 1.000000 0.500000
vt 0.562500 1.000000 0.500000
vt 0.687500 1.000000 0.500000
# 705 texture coords

o ???012
g ???012
f 5620/6554 5621/6555 5626/6560 5624/6558 
f 5620/6554 5623/6557 5622/6556 5621/6555 
f 5625/6559 5627/6561 5622/6556 5623/6557 
f 5626/6560 5627/6561 5625/6559 5624/6558 
f 5623/6557 5620/6554 5624/6558 5625/6559 
f 5621/6555 5622/6556 5627/6561 5626/6560 
f 5635/6585 5634/6584 5633/6583 5632/6582 5631/6581 5630/6580 5629/6563 5628/6562 
f 5628/6562 5629/6563 5637/6571 5636/6570 
f 5629/6578 5630/6564 5638/6572 5637/6579 
f 5630/6564 5631/6565 5639/6573 5638/6572 
f 5631/6565 5632/6566 5640/6574 5639/6573 
f 5632/6566 5633/6567 5641/6575 5640/6574 
f 5633/6567 5634/6568 5642/6576 5641/6575 
f 5634/6568 5635/6569 5643/6577 5642/6576 
f 5635/6569 5628/6562 5636/6570 5643/6577 
f 5643/6577 5636/6570 5637/6571 5638/6586 5639/6587 5640/6588 5641/6589 5642/6590 
f 5651/6614 5650/6613 5649/6612 5648/6611 5647/6610 5646/6609 5645/6592 5644/6591 
f 5644/6591 5645/6592 5653/6600 5652/6599 
f 5645/6607 5646/6593 5654/6601 5653/6608 
f 5646/6593 5647/6594 5655/6602 5654/6601 
f 5647/6594 5648/6595 5656/6603 5655/6602 
f 5648/6595 5649/6596 5657/6604 5656/6603 
f 5649/6596 5650/6597 5658/6605 5657/6604 
f 5650/6597 5651/6598 5659/6606 5658/6605 
f 5651/6598 5644/6591 5652/6599 5659/6606 
f 5659/6606 5652/6599 5653/6600 5654/6615 5655/6616 5656/6617 5657/6618 5658/6619 
f 5667/6643 5666/6642 5665/6641 5664/6640 5663/6639 5662/6638 5661/6621 5660/6620 
f 5660/6620 5661/6621 5669/6629 5668/6628 
f 5661/6636 5662/6622 5670/6630 5669/6637 
f 5662/6622 5663/6623 5671/6631 5670/6630 
f 5663/6623 5664/6624 5672/6632 5671/6631 
f 5664/6624 5665/6625 5673/6633 5672/6632 
f 5665/6625 5666/6626 5674/6634 5673/6633 
f 5666/6626 5667/6627 5675/6635 5674/6634 
f 5667/6627 5660/6620 5668/6628 5675/6635 
f 5675/6635 5668/6628 5669/6629 5670/6644 5671/6645 5672/6646 5673/6647 5674/6648 
f 5960/6649 5748/6650 5749/6653 5892/6654 
f 5748/6650 5953/6651 5891/6652 5749/6653 
f 5953/6655 5750/6656 5751/6659 5891/6660 
f 5750/6656 5954/6657 5893/6658 5751/6659 
f 5954/6657 5752/6661 5753/6664 5893/6658 
f 5752/6661 5955/6662 5894/6663 5753/6664 
f 5955/6662 5754/6665 5755/6668 5894/6663 
f 5754/6665 5956/6666 5895/6667 5755/6668 
f 5956/6666 5756/6669 5757/6672 5895/6667 
f 5756/6669 5957/6670 5896/6671 5757/6672 
f 5957/6670 5758/6673 5759/6676 5896/6671 
f 5758/6673 5959/6674 5897/6675 5759/6676 
f 5959/6674 5760/6677 5761/6680 5897/6675 
f 5760/6677 5958/6678 5898/6679 5761/6680 
f 5958/6678 5762/6681 5763/6682 5898/6679 
f 5762/6681 5960/6649 5892/6654 5763/6682 
f 5899/6683 5764/6684 5765/6687 5902/6688 
f 5764/6684 5900/6685 5901/6686 5765/6687 
f 5900/6689 5766/6690 5767/6693 5901/6694 
f 5766/6690 5903/6691 5904/6692 5767/6693 
f 5903/6691 5768/6695 5769/6698 5904/6692 
f 5768/6695 5905/6696 5906/6697 5769/6698 
f 5905/6696 5770/6699 5771/6702 5906/6697 
f 5770/6699 5890/6700 5907/6701 5771/6702 
f 5890/6700 5772/6703 5773/6706 5907/6701 
f 5772/6703 5908/6704 5909/6705 5773/6706 
f 5908/6704 5774/6707 5775/6710 5909/6705 
f 5774/6707 5910/6708 5911/6709 5775/6710 
f 5910/6708 5776/6711 5777/6714 5911/6709 
f 5776/6711 5912/6712 5913/6713 5777/6714 
f 5912/6712 5778/6715 5779/6716 5913/6713 
f 5778/6715 5899/6683 5902/6688 5779/6716 
f 5914/6717 5780/6718 5692/6719 5781/6720 
f 5915/6721 5782/6722 5692/6719 5780/6718 
f 5916/6723 5781/6720 5692/6719 5782/6722 
f 5914/6717 5781/6724 5693/6725 5783/6726 
f 5916/6727 5784/6728 5693/6725 5781/6724 
f 5917/6729 5783/6726 5693/6725 5784/6728 
f 5914/6717 5783/6726 5694/6730 5785/6731 
f 5917/6729 5786/6732 5694/6730 5783/6726 
f 5918/6733 5785/6731 5694/6730 5786/6732 
f 5914/6717 5785/6731 5695/6734 5787/6735 
f 5918/6733 5788/6736 5695/6734 5785/6731 
f 5919/6737 5787/6735 5695/6734 5788/6736 
f 5914/6717 5787/6735 5696/6738 5789/6739 
f 5919/6737 5790/6740 5696/6738 5787/6735 
f 5920/6741 5789/6739 5696/6738 5790/6740 
f 5914/6717 5789/6739 5697/6742 5791/6743 
f 5920/6741 5792/6744 5697/6742 5789/6739 
f 5921/6745 5791/6743 5697/6742 5792/6744 
f 5914/6717 5791/6743 5698/6746 5793/6747 
f 5921/6745 5794/6748 5698/6746 5791/6743 
f 5922/6749 5793/6747 5698/6746 5794/6748 
f 5914/6717 5793/6747 5699/6750 5780/6718 
f 5922/6749 5795/6751 5699/6750 5793/6747 
f 5915/6721 5780/6718 5699/6750 5795/6751 
f 5891/6652 5796/6752 5677/6753 5749/6653 
f 5796/6752 5900/6685 5764/6684 5677/6753 
f 5677/6753 5764/6684 5899/6683 5797/6754 
f 5749/6653 5677/6753 5797/6754 5892/6654 
f 5893/6755 5798/6756 5676/6757 5751/6758 
f 5798/6756 5903/6691 5766/6690 5676/6757 
f 5676/6757 5766/6690 5900/6689 5796/6759 
f 5751/6758 5676/6757 5796/6759 5891/6760 
f 5894/6663 5799/6761 5679/6762 5753/6664 
f 5799/6761 5905/6696 5768/6695 5679/6762 
f 5679/6762 5768/6695 5903/6691 5798/6763 
f 5753/6664 5679/6762 5798/6763 5893/6658 
f 5895/6667 5800/6764 5680/6765 5755/6668 
f 5800/6764 5890/6700 5770/6699 5680/6765 
f 5680/6765 5770/6699 5905/6696 5799/6761 
f 5755/6668 5680/6765 5799/6761 5894/6663 
f 5896/6671 5801/6766 5681/6767 5757/6672 
f 5801/6766 5908/6704 5772/6703 5681/6767 
f 5681/6767 5772/6703 5890/6700 5800/6764 
f 5757/6672 5681/6767 5800/6764 5895/6667 
f 5897/6675 5802/6768 5682/6769 5759/6676 
f 5802/6768 5910/6708 5774/6707 5682/6769 
f 5682/6769 5774/6707 5908/6704 5801/6766 
f 5759/6676 5682/6769 5801/6766 5896/6671 
f 5898/6679 5803/6770 5683/6771 5761/6680 
f 5803/6770 5912/6712 5776/6711 5683/6771 
f 5683/6771 5776/6711 5910/6708 5802/6768 
f 5761/6680 5683/6771 5802/6768 5897/6675 
f 5892/6654 5797/6754 5678/6772 5763/6682 
f 5797/6754 5899/6683 5778/6715 5678/6772 
f 5678/6772 5778/6715 5912/6712 5803/6770 
f 5763/6682 5678/6772 5803/6770 5898/6679 
f 5902/6688 5765/6687 5685/6773 5804/6774 
f 5765/6687 5901/6686 5805/6775 5685/6773 
f 5685/6773 5805/6775 5844/6855 5709/6856 
f 5804/6774 5685/6773 5709/6856 5845/6857 
f 5901/6694 5767/6693 5684/6776 5805/6777 
f 5767/6693 5904/6692 5806/6778 5684/6776 
f 5684/6776 5806/6778 5846/6858 5708/6859 
f 5805/6777 5684/6776 5708/6859 5844/6860 
f 5904/6692 5769/6698 5687/6779 5806/6778 
f 5769/6698 5906/6697 5807/6780 5687/6779 
f 5687/6779 5807/6780 5847/6861 5711/6862 
f 5806/6778 5687/6779 5711/6862 5846/6858 
f 5906/6697 5771/6702 5688/6781 5807/6780 
f 5771/6702 5907/6701 5808/6782 5688/6781 
f 5688/6781 5808/6782 5848/6863 5712/6864 
f 5807/6780 5688/6781 5712/6864 5847/6861 
f 5907/6701 5773/6706 5689/6783 5808/6782 
f 5773/6706 5909/6705 5809/6784 5689/6783 
f 5689/6783 5809/6784 5849/6865 5713/6866 
f 5808/6782 5689/6783 5713/6866 5848/6863 
f 5909/6705 5775/6710 5690/6785 5809/6784 
f 5775/6710 5911/6709 5810/6786 5690/6785 
f 5690/6785 5810/6786 5850/6867 5714/6868 
f 5809/6784 5690/6785 5714/6868 5849/6865 
f 5911/6709 5777/6714 5691/6787 5810/6786 
f 5777/6714 5913/6713 5811/6788 5691/6787 
f 5691/6787 5811/6788 5851/6869 5715/6870 
f 5810/6786 5691/6787 5715/6870 5850/6867 
f 5913/6713 5779/6716 5686/6789 5811/6788 
f 5779/6716 5902/6688 5804/6774 5686/6789 
f 5686/6789 5804/6774 5845/6857 5710/6871 
f 5811/6788 5686/6789 5710/6871 5851/6869 
f 5924/6790 5812/6791 5716/6792 5813/6793 
f 5812/6791 5852/6872 5720/6873 5716/6792 
f 5716/6792 5720/6873 5853/6874 5814/6794 
f 5813/6793 5716/6792 5814/6794 5925/6795 
f 5926/6796 5815/6797 5724/6798 5816/6799 
f 5815/6797 5854/6875 5727/6876 5724/6798 
f 5724/6798 5727/6876 5856/6880 5817/6800 
f 5816/6799 5724/6798 5817/6800 5927/6801 
f 5928/6802 5818/6803 5725/6804 5819/6805 
f 5818/6803 5857/6881 5726/6882 5725/6804 
f 5725/6804 5726/6882 5854/6875 5815/6797 
f 5819/6805 5725/6804 5815/6797 5926/6796 
f 5929/6806 5820/6807 5728/6808 5821/6809 
f 5820/6807 5859/6885 5729/6886 5728/6808 
f 5728/6808 5729/6886 5857/6881 5818/6803 
f 5821/6809 5728/6808 5818/6803 5928/6802 
f 5930/6810 5822/6811 5730/6812 5823/6813 
f 5822/6811 5861/6889 5731/6890 5730/6812 
f 5730/6812 5731/6890 5859/6885 5820/6807 
f 5823/6813 5730/6812 5820/6807 5929/6806 
f 5931/6814 5824/6815 5732/6816 5825/6817 
f 5824/6815 5863/6893 5733/6894 5732/6816 
f 5732/6816 5733/6894 5861/6889 5822/6811 
f 5825/6817 5732/6816 5822/6811 5930/6810 
f 5932/6818 5826/6819 5734/6820 5827/6821 
f 5826/6819 5837/6841 5735/6897 5734/6820 
f 5734/6820 5735/6897 5863/6893 5824/6815 
f 5827/6821 5734/6820 5824/6815 5931/6814 
f 5925/6795 5814/6794 5722/6822 5828/6823 
f 5814/6794 5853/6874 5721/6899 5722/6822 
f 5722/6822 5721/6899 5838/6843 5829/6824 
f 5828/6823 5722/6822 5829/6824 5933/6825 
f 5934/6826 5830/6827 5738/6828 5831/6829 
f 5830/6827 5935/6830 5832/6831 5738/6828 
f 5738/6828 5832/6831 5936/6832 5833/6833 
f 5831/6829 5738/6828 5833/6833 5937/6834 
f 5935/6830 5834/6835 5739/6836 5832/6831 
f 5834/6835 5938/6837 5835/6838 5739/6836 
f 5739/6836 5835/6838 5939/6839 5836/6840 
f 5832/6831 5739/6836 5836/6840 5936/6832 
f 5938/6837 5837/6841 5737/6842 5835/6838 
f 5837/6841 5826/6819 5736/6900 5737/6842 
f 5737/6842 5736/6900 5829/6824 5838/6843 
f 5835/6838 5737/6842 5838/6843 5939/6839 
f 5932/6818 5839/6844 5723/6845 5840/6846 
f 5839/6844 5940/6847 5841/6848 5723/6845 
f 5723/6845 5841/6848 5925/6795 5828/6823 
f 5840/6846 5723/6845 5828/6823 5933/6825 
f 5940/6847 5842/6849 5717/6850 5841/6848 
f 5842/6849 5927/6851 5843/6852 5717/6850 
f 5717/6850 5843/6852 5924/6790 5813/6793 
f 5841/6848 5717/6850 5813/6793 5925/6795 
f 5927/6851 5817/6853 5718/6854 5843/6852 
f 5817/6853 5856/6901 5719/6902 5718/6854 
f 5718/6854 5719/6902 5852/6872 5812/6791 
f 5843/6852 5718/6854 5812/6791 5924/6790 
f 5844/6855 5927/6851 5842/6849 5709/6856 
f 5709/6856 5842/6849 5940/6847 5845/6857 
f 5846/6858 5926/6796 5816/6799 5708/6859 
f 5708/6859 5816/6799 5927/6801 5844/6860 
f 5847/6861 5928/6802 5819/6805 5711/6862 
f 5711/6862 5819/6805 5926/6796 5846/6858 
f 5848/6863 5929/6806 5821/6809 5712/6864 
f 5712/6864 5821/6809 5928/6802 5847/6861 
f 5849/6865 5930/6810 5823/6813 5713/6866 
f 5713/6866 5823/6813 5929/6806 5848/6863 
f 5850/6867 5931/6814 5825/6817 5714/6868 
f 5714/6868 5825/6817 5930/6810 5849/6865 
f 5851/6869 5932/6818 5827/6821 5715/6870 
f 5715/6870 5827/6821 5931/6814 5850/6867 
f 5845/6857 5940/6847 5839/6844 5710/6871 
f 5710/6871 5839/6844 5932/6818 5851/6869 
f 5852/6872 5937/6834 5833/6833 5720/6873 
f 5720/6873 5833/6833 5936/6832 5853/6874 
f 5854/6875 5941/6877 5855/6878 5727/6876 
f 5727/6876 5855/6878 5934/6879 5856/6880 
f 5857/6881 5942/6883 5858/6884 5726/6882 
f 5726/6882 5858/6884 5941/6877 5854/6875 
f 5859/6885 5943/6887 5860/6888 5729/6886 
f 5729/6886 5860/6888 5942/6883 5857/6881 
f 5861/6889 5944/6891 5862/6892 5731/6890 
f 5731/6890 5862/6892 5943/6887 5859/6885 
f 5863/6893 5945/6895 5864/6896 5733/6894 
f 5733/6894 5864/6896 5944/6891 5861/6889 
f 5837/6841 5938/6837 5865/6898 5735/6897 
f 5735/6897 5865/6898 5945/6895 5863/6893 
f 5853/6874 5936/6832 5836/6840 5721/6899 
f 5721/6899 5836/6840 5939/6839 5838/6843 
f 5826/6819 5932/6818 5840/6846 5736/6900 
f 5736/6900 5840/6846 5933/6825 5829/6824 
f 5856/6901 5934/6826 5831/6829 5719/6902 
f 5719/6902 5831/6829 5937/6834 5852/6872 
f 5935/6830 5830/6827 5866/6904 5947/6905 
f 5830/6827 5934/6826 5946/6903 5866/6904 
f 5934/6879 5855/6878 5867/6907 5946/6908 
f 5855/6878 5941/6877 5948/6906 5867/6907 
f 5941/6877 5858/6884 5868/6910 5948/6906 
f 5858/6884 5942/6883 5923/6909 5868/6910 
f 5942/6883 5860/6888 5869/6912 5923/6909 
f 5860/6888 5943/6887 5949/6911 5869/6912 
f 5943/6887 5862/6892 5870/6914 5949/6911 
f 5862/6892 5944/6891 5950/6913 5870/6914 
f 5944/6891 5864/6896 5871/6916 5950/6913 
f 5864/6896 5945/6895 5951/6915 5871/6916 
f 5945/6895 5865/6898 5872/6918 5951/6915 
f 5865/6898 5938/6837 5952/6917 5872/6918 
f 5938/6837 5834/6835 5873/6919 5952/6917 
f 5834/6835 5935/6830 5947/6905 5873/6919 
f 5947/6905 5866/6904 5741/6920 5874/6921 
f 5866/6904 5946/6903 5875/6922 5741/6920 
f 5741/6920 5875/6922 5882/6937 5701/6938 
f 5874/6921 5741/6920 5701/6938 5883/6939 
f 5946/6908 5867/6907 5740/6923 5875/6924 
f 5867/6907 5948/6906 5876/6925 5740/6923 
f 5740/6923 5876/6925 5884/6940 5702/6941 
f 5875/6924 5740/6923 5702/6941 5882/6942 
f 5948/6906 5868/6910 5743/6926 5876/6925 
f 5868/6910 5923/6909 5877/6927 5743/6926 
f 5743/6926 5877/6927 5885/6943 5703/6944 
f 5876/6925 5743/6926 5703/6944 5884/6940 
f 5923/6909 5869/6912 5744/6928 5877/6927 
f 5869/6912 5949/6911 5878/6929 5744/6928 
f 5744/6928 5878/6929 5886/6945 5704/6946 
f 5877/6927 5744/6928 5704/6946 5885/6943 
f 5949/6911 5870/6914 5745/6930 5878/6929 
f 5870/6914 5950/6913 5879/6931 5745/6930 
f 5745/6930 5879/6931 5887/6947 5705/6948 
f 5878/6929 5745/6930 5705/6948 5886/6945 
f 5950/6913 5871/6916 5746/6932 5879/6931 
f 5871/6916 5951/6915 5880/6933 5746/6932 
f 5746/6932 5880/6933 5888/6949 5706/6950 
f 5879/6931 5746/6932 5706/6950 5887/6947 
f 5951/6915 5872/6918 5747/6934 5880/6933 
f 5872/6918 5952/6917 5881/6935 5747/6934 
f 5747/6934 5881/6935 5889/6951 5707/6952 
f 5880/6933 5747/6934 5707/6952 5888/6949 
f 5952/6917 5873/6919 5742/6936 5881/6935 
f 5873/6919 5947/6905 5874/6921 5742/6936 
f 5742/6936 5874/6921 5883/6939 5700/6953 
f 5881/6935 5742/6936 5700/6953 5889/6951 
f 5882/6937 5916/6723 5782/6722 5701/6938 
f 5701/6938 5782/6722 5915/6721 5883/6939 
f 5884/6940 5917/6729 5784/6728 5702/6941 
f 5702/6941 5784/6728 5916/6727 5882/6942 
f 5885/6943 5918/6733 5786/6732 5703/6944 
f 5703/6944 5786/6732 5917/6729 5884/6940 
f 5886/6945 5919/6737 5788/6736 5704/6946 
f 5704/6946 5788/6736 5918/6733 5885/6943 
f 5887/6947 5920/6741 5790/6740 5705/6948 
f 5705/6948 5790/6740 5919/6737 5886/6945 
f 5888/6949 5921/6745 5792/6744 5706/6950 
f 5706/6950 5792/6744 5920/6741 5887/6947 
f 5889/6951 5922/6749 5794/6748 5707/6952 
f 5707/6952 5794/6748 5921/6745 5888/6949 
f 5883/6939 5915/6721 5795/6751 5700/6953 
f 5700/6953 5795/6751 5922/6749 5889/6951 
f 6245/6954 6177/6959 6034/6958 6033/6955 
f 6033/6955 6034/6958 6176/6957 6238/6956 
f 6238/6960 6176/6965 6036/6964 6035/6961 
f 6035/6961 6036/6964 6178/6963 6239/6962 
f 6239/6962 6178/6963 6038/6969 6037/6966 
f 6037/6966 6038/6969 6179/6968 6240/6967 
f 6240/6967 6179/6968 6040/6973 6039/6970 
f 6039/6970 6040/6973 6180/6972 6241/6971 
f 6241/6971 6180/6972 6042/6977 6041/6974 
f 6041/6974 6042/6977 6181/6976 6242/6975 
f 6242/6975 6181/6976 6044/6981 6043/6978 
f 6043/6978 6044/6981 6182/6980 6244/6979 
f 6244/6979 6182/6980 6046/6985 6045/6982 
f 6045/6982 6046/6985 6183/6984 6243/6983 
f 6243/6983 6183/6984 6048/6987 6047/6986 
f 6047/6986 6048/6987 6177/6959 6245/6954 
f 6184/6988 6187/6993 6050/6992 6049/6989 
f 6049/6989 6050/6992 6186/6991 6185/6990 
f 6185/6994 6186/6999 6052/6998 6051/6995 
f 6051/6995 6052/6998 6189/6997 6188/6996 
f 6188/6996 6189/6997 6054/7003 6053/7000 
f 6053/7000 6054/7003 6191/7002 6190/7001 
f 6190/7001 6191/7002 6056/7007 6055/7004 
f 6055/7004 6056/7007 6192/7006 6175/7005 
f 6175/7005 6192/7006 6058/7011 6057/7008 
f 6057/7008 6058/7011 6194/7010 6193/7009 
f 6193/7009 6194/7010 6060/7015 6059/7012 
f 6059/7012 6060/7015 6196/7014 6195/7013 
f 6195/7013 6196/7014 6062/7019 6061/7016 
f 6061/7016 6062/7019 6198/7018 6197/7017 
f 6197/7017 6198/7018 6064/7021 6063/7020 
f 6063/7020 6064/7021 6187/6993 6184/6988 
f 6199/7022 6066/7025 5977/7024 6065/7023 
f 6200/7026 6065/7023 5977/7024 6067/7027 
f 6201/7028 6067/7027 5977/7024 6066/7025 
f 6199/7022 6068/7031 5978/7030 6066/7029 
f 6201/7032 6066/7029 5978/7030 6069/7033 
f 6202/7034 6069/7033 5978/7030 6068/7031 
f 6199/7022 6070/7036 5979/7035 6068/7031 
f 6202/7034 6068/7031 5979/7035 6071/7037 
f 6203/7038 6071/7037 5979/7035 6070/7036 
f 6199/7022 6072/7040 5980/7039 6070/7036 
f 6203/7038 6070/7036 5980/7039 6073/7041 
f 6204/7042 6073/7041 5980/7039 6072/7040 
f 6199/7022 6074/7044 5981/7043 6072/7040 
f 6204/7042 6072/7040 5981/7043 6075/7045 
f 6205/7046 6075/7045 5981/7043 6074/7044 
f 6199/7022 6076/7048 5982/7047 6074/7044 
f 6205/7046 6074/7044 5982/7047 6077/7049 
f 6206/7050 6077/7049 5982/7047 6076/7048 
f 6199/7022 6078/7052 5983/7051 6076/7048 
f 6206/7050 6076/7048 5983/7051 6079/7053 
f 6207/7054 6079/7053 5983/7051 6078/7052 
f 6199/7022 6065/7023 5984/7055 6078/7052 
f 6207/7054 6078/7052 5984/7055 6080/7056 
f 6200/7026 6080/7056 5984/7055 6065/7023 
f 6176/6957 6034/6958 5962/7058 6081/7057 
f 6081/7057 5962/7058 6049/6989 6185/6990 
f 5962/7058 6082/7059 6184/6988 6049/6989 
f 6034/6958 6177/6959 6082/7059 5962/7058 
f 6178/7060 6036/7063 5961/7062 6083/7061 
f 6083/7061 5961/7062 6051/6995 6188/6996 
f 5961/7062 6081/7064 6185/6994 6051/6995 
f 6036/7063 6176/7065 6081/7064 5961/7062 
f 6179/6968 6038/6969 5964/7067 6084/7066 
f 6084/7066 5964/7067 6053/7000 6190/7001 
f 5964/7067 6083/7068 6188/6996 6053/7000 
f 6038/6969 6178/6963 6083/7068 5964/7067 
f 6180/6972 6040/6973 5965/7070 6085/7069 
f 6085/7069 5965/7070 6055/7004 6175/7005 
f 5965/7070 6084/7066 6190/7001 6055/7004 
f 6040/6973 6179/6968 6084/7066 5965/7070 
f 6181/6976 6042/6977 5966/7072 6086/7071 
f 6086/7071 5966/7072 6057/7008 6193/7009 
f 5966/7072 6085/7069 6175/7005 6057/7008 
f 6042/6977 6180/6972 6085/7069 5966/7072 
f 6182/6980 6044/6981 5967/7074 6087/7073 
f 6087/7073 5967/7074 6059/7012 6195/7013 
f 5967/7074 6086/7071 6193/7009 6059/7012 
f 6044/6981 6181/6976 6086/7071 5967/7074 
f 6183/6984 6046/6985 5968/7076 6088/7075 
f 6088/7075 5968/7076 6061/7016 6197/7017 
f 5968/7076 6087/7073 6195/7013 6061/7016 
f 6046/6985 6182/6980 6087/7073 5968/7076 
f 6177/6959 6048/6987 5963/7077 6082/7059 
f 6082/7059 5963/7077 6063/7020 6184/6988 
f 5963/7077 6088/7075 6197/7017 6063/7020 
f 6048/6987 6183/6984 6088/7075 5963/7077 
f 6187/6993 6089/7079 5970/7078 6050/6992 
f 6050/6992 5970/7078 6090/7080 6186/6991 
f 5970/7078 5994/7161 6129/7160 6090/7080 
f 6089/7079 6130/7162 5994/7161 5970/7078 
f 6186/6999 6090/7082 5969/7081 6052/6998 
f 6052/6998 5969/7081 6091/7083 6189/6997 
f 5969/7081 5993/7164 6131/7163 6091/7083 
f 6090/7082 6129/7165 5993/7164 5969/7081 
f 6189/6997 6091/7083 5972/7084 6054/7003 
f 6054/7003 5972/7084 6092/7085 6191/7002 
f 5972/7084 5996/7167 6132/7166 6092/7085 
f 6091/7083 6131/7163 5996/7167 5972/7084 
f 6191/7002 6092/7085 5973/7086 6056/7007 
f 6056/7007 5973/7086 6093/7087 6192/7006 
f 5973/7086 5997/7169 6133/7168 6093/7087 
f 6092/7085 6132/7166 5997/7169 5973/7086 
f 6192/7006 6093/7087 5974/7088 6058/7011 
f 6058/7011 5974/7088 6094/7089 6194/7010 
f 5974/7088 5998/7171 6134/7170 6094/7089 
f 6093/7087 6133/7168 5998/7171 5974/7088 
f 6194/7010 6094/7089 5975/7090 6060/7015 
f 6060/7015 5975/7090 6095/7091 6196/7014 
f 5975/7090 5999/7173 6135/7172 6095/7091 
f 6094/7089 6134/7170 5999/7173 5975/7090 
f 6196/7014 6095/7091 5976/7092 6062/7019 
f 6062/7019 5976/7092 6096/7093 6198/7018 
f 5976/7092 6000/7175 6136/7174 6096/7093 
f 6095/7091 6135/7172 6000/7175 5976/7092 
f 6198/7018 6096/7093 5971/7094 6064/7021 
f 6064/7021 5971/7094 6089/7079 6187/6993 
f 5971/7094 5995/7176 6130/7162 6089/7079 
f 6096/7093 6136/7174 5995/7176 5971/7094 
f 6209/7095 6098/7098 6001/7097 6097/7096 
f 6097/7096 6001/7097 6005/7178 6137/7177 
f 6001/7097 6099/7099 6138/7179 6005/7178 
f 6098/7098 6210/7100 6099/7099 6001/7097 
f 6211/7101 6101/7104 6009/7103 6100/7102 
f 6100/7102 6009/7103 6012/7181 6139/7180 
f 6009/7103 6102/7105 6141/7185 6012/7181 
f 6101/7104 6212/7106 6102/7105 6009/7103 
f 6213/7107 6104/7110 6010/7109 6103/7108 
f 6103/7108 6010/7109 6011/7187 6142/7186 
f 6010/7109 6100/7102 6139/7180 6011/7187 
f 6104/7110 6211/7101 6100/7102 6010/7109 
f 6214/7111 6106/7114 6013/7113 6105/7112 
f 6105/7112 6013/7113 6014/7191 6144/7190 
f 6013/7113 6103/7108 6142/7186 6014/7191 
f 6106/7114 6213/7107 6103/7108 6013/7113 
f 6215/7115 6108/7118 6015/7117 6107/7116 
f 6107/7116 6015/7117 6016/7195 6146/7194 
f 6015/7117 6105/7112 6144/7190 6016/7195 
f 6108/7118 6214/7111 6105/7112 6015/7117 
f 6216/7119 6110/7122 6017/7121 6109/7120 
f 6109/7120 6017/7121 6018/7199 6148/7198 
f 6017/7121 6107/7116 6146/7194 6018/7199 
f 6110/7122 6215/7115 6107/7116 6017/7121 
f 6217/7123 6112/7126 6019/7125 6111/7124 
f 6111/7124 6019/7125 6020/7202 6122/7146 
f 6019/7125 6109/7120 6148/7198 6020/7202 
f 6112/7126 6216/7119 6109/7120 6019/7125 
f 6210/7100 6113/7128 6007/7127 6099/7099 
f 6099/7099 6007/7127 6006/7204 6138/7179 
f 6007/7127 6114/7129 6123/7148 6006/7204 
f 6113/7128 6218/7130 6114/7129 6007/7127 
f 6219/7131 6116/7134 6023/7133 6115/7132 
f 6115/7132 6023/7133 6117/7136 6220/7135 
f 6023/7133 6118/7138 6221/7137 6117/7136 
f 6116/7134 6222/7139 6118/7138 6023/7133 
f 6220/7135 6117/7136 6024/7141 6119/7140 
f 6119/7140 6024/7141 6120/7143 6223/7142 
f 6024/7141 6121/7145 6224/7144 6120/7143 
f 6117/7136 6221/7137 6121/7145 6024/7141 
f 6223/7142 6120/7143 6022/7147 6122/7146 
f 6122/7146 6022/7147 6021/7205 6111/7124 
f 6022/7147 6123/7148 6114/7129 6021/7205 
f 6120/7143 6224/7144 6123/7148 6022/7147 
f 6217/7123 6125/7151 6008/7150 6124/7149 
f 6124/7149 6008/7150 6126/7153 6225/7152 
f 6008/7150 6113/7128 6210/7100 6126/7153 
f 6125/7151 6218/7130 6113/7128 6008/7150 
f 6225/7152 6126/7153 6002/7155 6127/7154 
f 6127/7154 6002/7155 6128/7157 6212/7156 
f 6002/7155 6098/7098 6209/7095 6128/7157 
f 6126/7153 6210/7100 6098/7098 6002/7155 
f 6212/7156 6128/7157 6003/7159 6102/7158 
f 6102/7158 6003/7159 6004/7207 6141/7206 
f 6003/7159 6097/7096 6137/7177 6004/7207 
f 6128/7157 6209/7095 6097/7096 6003/7159 
f 6129/7160 5994/7161 6127/7154 6212/7156 
f 5994/7161 6130/7162 6225/7152 6127/7154 
f 6131/7163 5993/7164 6101/7104 6211/7101 
f 5993/7164 6129/7165 6212/7106 6101/7104 
f 6132/7166 5996/7167 6104/7110 6213/7107 
f 5996/7167 6131/7163 6211/7101 6104/7110 
f 6133/7168 5997/7169 6106/7114 6214/7111 
f 5997/7169 6132/7166 6213/7107 6106/7114 
f 6134/7170 5998/7171 6108/7118 6215/7115 
f 5998/7171 6133/7168 6214/7111 6108/7118 
f 6135/7172 5999/7173 6110/7122 6216/7119 
f 5999/7173 6134/7170 6215/7115 6110/7122 
f 6136/7174 6000/7175 6112/7126 6217/7123 
f 6000/7175 6135/7172 6216/7119 6112/7126 
f 6130/7162 5995/7176 6124/7149 6225/7152 
f 5995/7176 6136/7174 6217/7123 6124/7149 
f 6137/7177 6005/7178 6118/7138 6222/7139 
f 6005/7178 6138/7179 6221/7137 6118/7138 
f 6139/7180 6012/7181 6140/7183 6226/7182 
f 6012/7181 6141/7185 6219/7184 6140/7183 
f 6142/7186 6011/7187 6143/7189 6227/7188 
f 6011/7187 6139/7180 6226/7182 6143/7189 
f 6144/7190 6014/7191 6145/7193 6228/7192 
f 6014/7191 6142/7186 6227/7188 6145/7193 
f 6146/7194 6016/7195 6147/7197 6229/7196 
f 6016/7195 6144/7190 6228/7192 6147/7197 
f 6148/7198 6018/7199 6149/7201 6230/7200 
f 6018/7199 6146/7194 6229/7196 6149/7201 
f 6122/7146 6020/7202 6150/7203 6223/7142 
f 6020/7202 6148/7198 6230/7200 6150/7203 
f 6138/7179 6006/7204 6121/7145 6221/7137 
f 6006/7204 6123/7148 6224/7144 6121/7145 
f 6111/7124 6021/7205 6125/7151 6217/7123 
f 6021/7205 6114/7129 6218/7130 6125/7151 
f 6141/7206 6004/7207 6116/7134 6219/7131 
f 6004/7207 6137/7177 6222/7139 6116/7134 
f 6220/7135 6232/7210 6151/7209 6115/7132 
f 6115/7132 6151/7209 6231/7208 6219/7131 
f 6219/7184 6231/7213 6152/7212 6140/7183 
f 6140/7183 6152/7212 6233/7211 6226/7182 
f 6226/7182 6233/7211 6153/7215 6143/7189 
f 6143/7189 6153/7215 6208/7214 6227/7188 
f 6227/7188 6208/7214 6154/7217 6145/7193 
f 6145/7193 6154/7217 6234/7216 6228/7192 
f 6228/7192 6234/7216 6155/7219 6147/7197 
f 6147/7197 6155/7219 6235/7218 6229/7196 
f 6229/7196 6235/7218 6156/7221 6149/7201 
f 6149/7201 6156/7221 6236/7220 6230/7200 
f 6230/7200 6236/7220 6157/7223 6150/7203 
f 6150/7203 6157/7223 6237/7222 6223/7142 
f 6223/7142 6237/7222 6158/7224 6119/7140 
f 6119/7140 6158/7224 6232/7210 6220/7135 
f 6232/7210 6159/7226 6026/7225 6151/7209 
f 6151/7209 6026/7225 6160/7227 6231/7208 
f 6026/7225 5986/7243 6167/7242 6160/7227 
f 6159/7226 6168/7244 5986/7243 6026/7225 
f 6231/7213 6160/7229 6025/7228 6152/7212 
f 6152/7212 6025/7228 6161/7230 6233/7211 
f 6025/7228 5987/7246 6169/7245 6161/7230 
f 6160/7229 6167/7247 5987/7246 6025/7228 
f 6233/7211 6161/7230 6028/7231 6153/7215 
f 6153/7215 6028/7231 6162/7232 6208/7214 
f 6028/7231 5988/7249 6170/7248 6162/7232 
f 6161/7230 6169/7245 5988/7249 6028/7231 
f 6208/7214 6162/7232 6029/7233 6154/7217 
f 6154/7217 6029/7233 6163/7234 6234/7216 
f 6029/7233 5989/7251 6171/7250 6163/7234 
f 6162/7232 6170/7248 5989/7251 6029/7233 
f 6234/7216 6163/7234 6030/7235 6155/7219 
f 6155/7219 6030/7235 6164/7236 6235/7218 
f 6030/7235 5990/7253 6172/7252 6164/7236 
f 6163/7234 6171/7250 5990/7253 6030/7235 
f 6235/7218 6164/7236 6031/7237 6156/7221 
f 6156/7221 6031/7237 6165/7238 6236/7220 
f 6031/7237 5991/7255 6173/7254 6165/7238 
f 6164/7236 6172/7252 5991/7255 6031/7237 
f 6236/7220 6165/7238 6032/7239 6157/7223 
f 6157/7223 6032/7239 6166/7240 6237/7222 
f 6032/7239 5992/7257 6174/7256 6166/7240 
f 6165/7238 6173/7254 5992/7257 6032/7239 
f 6237/7222 6166/7240 6027/7241 6158/7224 
f 6158/7224 6027/7241 6159/7226 6232/7210 
f 6027/7241 5985/7258 6168/7244 6159/7226 
f 6166/7240 6174/7256 5985/7258 6027/7241 
f 6167/7242 5986/7243 6067/7027 6201/7028 
f 5986/7243 6168/7244 6200/7026 6067/7027 
f 6169/7245 5987/7246 6069/7033 6202/7034 
f 5987/7246 6167/7247 6201/7032 6069/7033 
f 6170/7248 5988/7249 6071/7037 6203/7038 
f 5988/7249 6169/7245 6202/7034 6071/7037 
f 6171/7250 5989/7251 6073/7041 6204/7042 
f 5989/7251 6170/7248 6203/7038 6073/7041 
f 6172/7252 5990/7253 6075/7045 6205/7046 
f 5990/7253 6171/7250 6204/7042 6075/7045 
f 6173/7254 5991/7255 6077/7049 6206/7050 
f 5991/7255 6172/7252 6205/7046 6077/7049 
f 6174/7256 5992/7257 6079/7053 6207/7054 
f 5992/7257 6173/7254 6206/7050 6079/7053 
f 6168/7244 5985/7258 6080/7056 6200/7026 
f 5985/7258 6174/7256 6207/7054 6080/7056 
# 588 polygons

#
# object 1?_??_2?_??_001
#

v  0.267973 20.940348 11.691826
v  0.267973 21.461344 11.691826
v  0.267974 20.940348 35.979576
v  0.267974 21.461344 35.979576
v  14.527708 21.461344 11.691828
v  14.527708 20.940348 11.691828
v  14.527708 20.940348 35.979576
v  14.527708 21.461344 35.979576
v  0.267974 21.461344 19.040499
v  0.267974 20.940348 19.040499
v  14.527708 20.940348 19.040499
v  14.527708 21.461344 19.040499
v  115.835510 21.461344 35.979576
v  115.835510 20.940348 35.979576
v  115.835510 20.940348 19.040499
v  115.835510 21.461344 19.040499
v  34.355793 21.461344 35.979580
v  34.355793 20.940348 35.979580
v  34.355793 20.940348 19.040499
v  34.355793 21.461344 19.040499
v  54.517715 21.461344 35.979580
v  54.517715 20.940348 35.979580
v  54.517715 20.940348 19.040499
v  54.517715 21.461344 19.040499
v  74.635239 21.461344 35.979580
v  74.635239 20.940348 35.979580
v  74.635239 20.940348 19.040499
v  74.635239 21.461344 19.040499
v  94.829124 21.461344 35.979580
v  94.829124 20.940348 35.979580
v  94.829124 20.940348 19.040499
v  94.829124 21.461344 19.040499
# 32 vertices

vt 0.000000 0.000000 0.000000
vt 0.000000 1.000000 0.000000
vt 1.000000 0.000000 0.000000
vt 0.000000 1.000000 0.000000
vt 0.000000 0.000000 0.000000
vt 0.000000 1.000000 0.000000
vt 1.000000 1.000000 0.000000
vt 0.000000 1.000000 0.000000
vt 1.000000 1.000000 0.000000
vt 0.000000 0.500000 0.000000
vt 1.000000 0.500000 0.000000
vt 1.000000 0.500000 0.000000
vt 0.000000 0.500000 0.000000
vt 0.500000 1.000000 0.000000
vt 0.500000 1.000000 0.000000
vt 0.500000 0.000000 0.000000
vt 0.500000 1.000000 0.000000
vt 0.500000 0.500000 0.000000
vt 0.500000 0.500000 0.000000
vt 1.000000 0.750000 0.000000
vt 0.000000 0.750000 0.000000
vt 0.000000 0.750000 0.000000
vt 1.000000 0.750000 0.000000
vt 0.500000 0.750000 0.000000
vt 0.500000 1.000000 0.000000
vt 0.500000 0.750000 0.000000
vt 0.000000 0.500000 0.000000
vt 0.000000 1.000000 0.000000
vt 1.000000 1.000000 0.000000
vt 0.500000 1.000000 0.000000
vt 0.000000 0.500000 0.000000
vt 0.000000 1.000000 0.000000
vt 1.000000 1.000000 0.000000
vt 0.500000 1.000000 0.000000
vt 0.000000 0.500000 0.000000
vt 0.000000 1.000000 0.000000
vt 1.000000 1.000000 0.000000
vt 0.500000 1.000000 0.000000
vt 0.000000 0.500000 0.000000
vt 0.000000 1.000000 0.000000
vt 1.000000 1.000000 0.000000
vt 0.500000 1.000000 0.000000
vt 0.000000 0.500000 0.000000
vt 0.000000 1.000000 0.000000
vt 1.000000 1.000000 0.000000
vt 0.500000 1.000000 0.000000
vt 0.000000 0.500000 0.000000
# 47 texture coords

o 1?_??_2?_??_001
g 1?_??_2?_??_001
f 6246/7259 6247/7260 6250/7272 6251/7274 
f 6248/7268 6255/7280 6256/7282 6252/7276 
f 6249/7271 6254/7279 6255/7281 6248/7269 
f 6250/7273 6247/7265 6254/7278 6257/7284 
f 6253/7265 6249/7263 6248/7261 6252/7264 
f 6250/7263 6257/7285 6256/7283 6251/7264 
f 6255/7280 6246/7262 6251/7275 6256/7282 
f 6254/7279 6247/7266 6246/7267 6255/7281 
f 6254/7278 6249/7270 6253/7277 6257/7284 
f 6261/7289 6258/7286 6259/7287 6260/7288 
f 6253/7266 6252/7265 6263/7291 6262/7290 
f 6252/7265 6256/7283 6264/7292 6263/7291 
f 6256/7283 6257/7285 6265/7293 6264/7292 
f 6257/7285 6253/7266 6262/7290 6265/7293 
f 6263/7291 6267/7295 6266/7294 6262/7290 
f 6264/7292 6268/7296 6267/7295 6263/7291 
f 6265/7293 6269/7297 6268/7296 6264/7292 
f 6262/7290 6266/7294 6269/7297 6265/7293 
f 6267/7295 6271/7299 6270/7298 6266/7294 
f 6268/7296 6272/7300 6271/7299 6267/7295 
f 6269/7297 6273/7301 6272/7300 6268/7296 
f 6266/7294 6270/7298 6273/7301 6269/7297 
f 6271/7299 6275/7303 6274/7302 6270/7298 
f 6272/7300 6276/7304 6275/7303 6271/7299 
f 6273/7301 6277/7305 6276/7304 6272/7300 
f 6270/7298 6274/7302 6277/7305 6273/7301 
f 6275/7303 6259/7287 6258/7286 6274/7302 
f 6276/7304 6260/7288 6259/7287 6275/7303 
f 6277/7305 6261/7289 6260/7288 6276/7304 
f 6274/7302 6258/7286 6261/7289 6277/7305 
# 30 polygons

