# 3ds Max Wavefront OBJ Exporter v0.97b - (c)2007 guruware
# File Created: 20.07.2021 15:11:49

#
# object 1?_??_2?_??_
#

v  0.267973 10.166261 11.691826
v  0.267973 10.687258 11.691826
v  0.267974 10.166262 35.979576
v  0.267974 10.687259 35.979576
v  14.527708 10.687258 11.691828
v  14.527708 10.166261 11.691828
v  14.527708 10.166262 35.979576
v  14.527708 10.687259 35.979576
v  0.267974 10.687258 19.040499
v  0.267974 10.166261 19.040499
v  14.527708 10.166261 19.040499
v  14.527708 10.687258 19.040499
v  115.835510 10.687259 35.979576
v  115.835510 10.166262 35.979576
v  115.835510 10.166261 19.040499
v  115.835510 10.687258 19.040499
# 16 vertices

vt 0.000000 0.000000 0.000000
vt 0.000000 1.000000 0.000000
vt 1.000000 0.000000 0.000000
vt 0.000000 1.000000 0.000000
vt 0.000000 0.000000 0.000000
vt 0.000000 1.000000 0.000000
vt 1.000000 1.000000 0.000000
vt 0.000000 1.000000 0.000000
vt 1.000000 1.000000 0.000000
vt 0.000000 0.500000 0.000000
vt 1.000000 0.500000 0.000000
vt 1.000000 0.500000 0.000000
vt 0.000000 0.500000 0.000000
vt 0.500000 1.000000 0.000000
vt 0.500000 1.000000 0.000000
vt 0.500000 0.000000 0.000000
vt 0.500000 1.000000 0.000000
vt 0.500000 0.500000 0.000000
vt 0.500000 0.500000 0.000000
vt 1.000000 0.750000 0.000000
vt 0.000000 0.750000 0.000000
vt 0.000000 0.750000 0.000000
vt 1.000000 0.750000 0.000000
vt 0.500000 0.750000 0.000000
vt 0.500000 1.000000 0.000000
vt 0.500000 0.750000 0.000000
vt 0.000000 0.500000 0.000000
vt 0.000000 1.000000 0.000000
vt 1.000000 1.000000 0.000000
vt 0.500000 1.000000 0.000000
vt 0.000000 0.500000 0.000000
# 31 texture coords

o 1?_??_2?_??_
g 1?_??_2?_??_
f 1/1 2/2 5/14 6/16 
f 3/10 10/22 11/24 7/18 
f 4/13 9/21 10/23 3/11 
f 5/15 2/7 9/20 12/26 
f 8/7 4/5 3/3 7/6 
f 5/5 12/27 11/25 6/6 
f 10/22 1/4 6/17 11/24 
f 9/21 2/8 1/9 10/23 
f 9/20 4/12 8/19 12/26 
f 16/31 13/28 14/29 15/30 
f 8/8 7/7 14/29 13/28 
f 7/7 11/25 15/30 14/29 
f 11/25 12/27 16/31 15/30 
f 12/27 8/8 13/28 16/31 
# 14 polygons

#
# object 2?_????___??
#

v  0.268884 20.958000 11.691849
v  0.904993 20.958000 12.652786
v  14.542278 20.958351 11.692001
v  13.586020 20.958351 12.639771
v  13.586020 10.687415 12.639771
v  14.542278 10.687428 11.692001
v  13.586020 10.687427 31.669907
v  13.586020 20.958351 31.669907
v  0.904993 20.958000 31.668549
v  14.542278 10.687451 32.630905
v  14.542278 20.958351 32.630829
v  13.586020 10.687427 24.910583
v  14.542278 10.687451 24.910599
v  13.586020 10.687427 30.110062
v  14.542278 10.687451 30.110062
v  13.586020 19.136845 30.110062
v  14.542278 19.136845 30.110062
v  13.586020 19.136845 24.910583
v  14.542278 19.136845 24.910599
v  14.542278 20.958351 20.362854
v  13.586020 20.958351 20.362854
v  13.586020 10.687427 20.362854
v  14.542278 10.687451 20.362854
v  0.268884 20.958000 32.630859
v  0.268884 20.958000 11.691849
v  0.268884 10.687399 32.630905
v  0.904993 20.958000 12.652084
v  0.904993 10.687399 12.652863
v  0.904993 10.687399 31.669907
v  0.268884 10.687399 11.691849
# 30 vertices

vt 0.750000 0.981250 0.000000
vt 0.750000 0.981250 0.000000
vt 0.250000 0.981250 0.000000
vt 0.481240 0.981250 0.000000
vt 0.285147 0.981250 0.000000
vt 0.446090 0.981250 0.000000
vt 0.401360 0.981250 0.000000
vt 0.597453 0.981250 0.000000
vt 0.750000 0.981250 0.000000
vt 0.446090 0.981250 0.000000
vt 0.500000 0.981250 0.000000
vt 0.250000 0.981250 0.000000
vt 0.250000 0.981250 0.000000
vt 0.750000 0.981250 0.000000
vt 0.750000 0.981250 0.000000
vt 0.500000 0.981250 0.000000
vt 0.250000 0.981250 0.000000
vt 0.750000 0.981250 0.000000
vt 0.750000 0.981250 0.000000
vt 0.750000 0.981250 0.000000
vt 0.750000 0.981250 0.000000
vt 0.250000 0.981250 0.000000
vt 0.500000 0.981250 0.000000
vt 0.750000 0.981250 0.000000
vt 0.500000 0.981250 0.000000
vt 0.750000 0.981250 0.000000
vt 0.750000 0.981250 0.000000
vt 0.750000 0.981250 0.000000
vt 0.500000 0.981250 0.000000
vt 0.500000 0.981250 0.000000
vt 0.500000 0.981250 0.000000
vt 0.750000 0.981250 0.000000
vt 0.500000 0.981250 0.000000
vt 0.500000 0.981250 0.000000
vt 0.500000 0.981250 0.000000
vt 0.500000 0.981250 0.000000
vt 0.750000 0.981250 0.000000
vt 0.750000 0.981250 0.000000
vt 0.750000 0.981250 0.000000
vt 0.214672 1.000000 0.000000
vt 0.682005 0.000004 0.000000
vt 0.682006 1.000000 0.000000
vt 0.000001 0.785328 0.000000
vt 0.999999 0.317993 0.000000
vt 0.999999 0.785327 0.000000
vt 0.785327 1.000000 0.000000
vt 0.317994 0.000004 0.000000
vt 0.785329 0.000007 0.000000
vt 0.500000 0.981250 0.000000
vt 0.750000 0.981250 0.000000
vt 0.500000 0.981250 0.000000
vt 0.750000 0.981250 0.000000
vt 0.750000 0.981250 0.000000
vt 0.500000 0.981250 0.000000
vt 0.500000 0.981250 0.000000
vt 0.500000 0.981250 0.000000
vt 0.500000 0.981250 0.000000
vt 0.500000 0.981250 0.000000
vt 0.750000 0.981250 0.000000
vt 0.750000 0.981250 0.000000
vt 0.750000 0.981250 0.000000
vt 0.750000 0.981250 0.000000
vt 0.750000 0.981250 0.000000
vt 0.214670 0.000007 0.000000
vt -0.000001 0.317994 0.000000
vt 0.317993 1.000000 0.000000
vt 0.750000 0.981250 0.000000
vt 0.750000 0.981250 0.000000
vt 0.500000 0.981250 0.000000
vt 0.500000 0.981250 0.000000
vt 0.500000 0.981250 0.000000
vt 0.500000 0.981250 0.000000
vt 0.750000 0.981250 0.000000
vt 0.750000 0.981250 0.000000
vt 0.012500 0.500000 0.000000
vt 0.000000 0.500000 0.000000
vt 0.012500 0.500000 0.000000
vt 0.000000 0.500000 0.000000
vt 0.012500 0.865625 0.000000
vt 0.000000 0.865625 0.000000
vt 0.012500 0.865625 0.000000
vt 0.000000 0.865625 0.000000
# 82 texture coords

o 2?_????___??
g 2?_????___??
f 19/38 17/36 18/35 20/39 
f 21/40 44/32 46/37 22/41 
f 45/44 25/43 24/80 23/42 
f 45/48 23/47 26/46 42/45 
f 40/51 42/50 26/81 27/49 
f 27/55 24/54 25/53 40/52 
f 27/58 36/98 37/100 24/56 
f 28/61 38/102 39/104 29/59 
f 30/64 31/63 26/84 23/62 
f 34/73 28/72 29/95 35/71 
f 33/76 32/75 34/96 35/74 
f 31/79 30/78 32/97 33/77 
f 38/103 37/101 20/88 21/85 
f 29/92 39/105 36/99 35/90 
f 36/98 19/57 20/82 37/100 
f 38/102 21/60 22/83 39/104 
f 38/103 28/87 34/86 37/101 
f 39/105 22/91 19/93 36/99 
f 36/99 27/70 33/68 35/90 
f 34/86 32/65 24/89 37/101 
f 27/70 26/69 31/94 33/68 
f 32/65 30/67 23/66 24/89 
f 17/36 19/93 22/41 46/34 
f 21/85 20/39 18/33 44/32 
f 25/106 43/110 41/111 40/107 
f 43/110 25/106 45/108 44/112 
f 40/107 41/111 46/113 42/109 
f 46/113 44/111 45/112 42/109 
# 28 polygons

#
# object 2?_??___????
#

v  13.518749 11.259047 12.910877
v  2.913384 11.259047 12.910878
v  13.518751 11.259047 19.209215
v  2.913385 11.259047 19.209217
v  13.518749 12.650724 12.910877
v  2.913384 12.650724 12.910878
v  13.518751 12.650724 19.209215
v  2.913385 12.650724 19.209217
# 8 vertices

vt 0.770452 0.484497 0.000000
vt 0.935074 0.484497 0.000000
vt 0.935074 0.649119 0.000000
vt 0.770452 0.649119 0.000000
vt 0.729499 0.443544 0.000000
vt 0.976027 0.443545 0.000000
vt 0.976027 0.690072 0.000000
vt 0.729499 0.690071 0.000000
# 8 texture coords

o 2?_??___????
g 2?_??___????
f 51/114 52/115 54/116 53/117 
f 47/118 48/119 52/115 51/114 
f 48/119 50/120 54/116 52/115 
f 50/120 49/121 53/117 54/116 
f 49/121 47/118 51/114 53/117 
# 5 polygons

#
# object ??___???_?001
#

v  1.037430 10.571941 22.905243
v  0.964363 10.651173 20.051044
v  3.891297 10.651173 19.991316
v  3.891297 10.571941 22.918249
v  3.891297 13.745831 19.991316
v  0.964363 13.745831 20.051044
v  1.037429 13.745831 22.978310
v  3.964364 13.769505 22.939556
v  3.964363 12.691313 22.695791
v  3.964363 13.509537 20.287510
v  3.964363 13.509537 22.695797
v  3.964363 12.691317 20.287510
v  1.119897 12.691313 22.682125
v  1.119897 12.691313 20.273838
v  1.119897 13.509537 20.273838
v  1.119897 13.509537 22.682125
v  3.964363 11.746489 22.695791
v  3.964363 12.564713 20.287510
v  3.964363 12.564713 22.695797
v  3.964363 11.746492 20.287510
v  1.119897 12.564713 22.682125
v  1.119897 12.564713 20.273838
v  1.119897 11.746489 22.682125
v  1.119897 11.746489 20.273838
v  3.964363 10.801664 22.695791
v  3.964363 11.619888 20.287510
v  3.964363 11.619888 22.695797
v  3.964363 10.801669 20.287510
v  1.119897 11.619888 22.695797
v  1.119897 11.619888 20.287510
v  1.119897 10.801664 22.695797
v  1.119897 10.801664 20.287510
v  1.037429 10.651173 22.978310
v  0.964363 10.651173 22.904911
v  1.037429 10.651173 19.978310
v  1.037430 10.571941 20.051378
v  3.964363 10.618069 20.051056
v  3.891297 10.571941 20.064384
v  3.964364 10.618069 22.932241
v  3.891298 10.651173 22.991316
v  3.891297 13.825062 20.064384
v  3.964363 13.769505 20.043743
v  3.964363 13.748279 20.009674
v  1.037430 13.825062 20.051378
v  1.037429 13.745831 19.978310
v  1.037430 13.825062 22.905243
v  0.964363 13.745831 22.904911
v  3.891297 13.825062 22.918249
v  3.891298 13.745831 22.991316
v  3.891297 11.612377 19.991316
v  0.964363 11.612377 20.051044
v  1.037429 11.612377 22.978310
v  3.891298 11.612377 22.991316
v  3.964363 11.611557 20.030365
v  1.037429 11.612377 19.978310
v  0.964363 11.612377 22.904911
v  3.964364 11.612125 22.935900
v  3.891297 11.743752 19.991316
v  0.964363 11.743752 20.051044
v  1.037429 11.743752 22.978310
v  3.964363 11.743570 20.020020
v  1.037429 11.743752 19.978310
v  0.964363 11.743752 22.904911
v  3.891298 11.743752 22.991316
v  3.964364 11.744020 22.937727
v  3.891297 12.554090 19.991316
v  0.964363 12.554090 20.051044
v  1.037429 12.554090 22.978310
v  3.964363 12.554134 20.014847
v  1.037429 12.554090 19.978310
v  0.964363 12.554090 22.904911
v  3.891298 12.554090 22.991316
v  3.964364 12.554559 22.938641
v  3.891297 12.687640 19.991316
v  0.964363 12.687640 20.051044
v  1.037429 12.687639 22.978310
v  3.964363 12.687670 20.012260
v  1.037429 12.687640 19.978310
v  0.964363 12.687639 22.904911
v  3.891298 12.687639 22.991316
v  3.964364 12.687933 22.939098
# 81 vertices

vt 0.554546 0.428577 0.000000
vt 0.554605 0.555522 0.000000
vt 0.549688 0.558788 0.000000
vt 0.549625 0.425314 0.000000
vt 0.715202 0.558720 0.000000
vt 0.710093 0.555453 0.000000
vt 0.710039 0.428506 0.000000
vt 0.715147 0.425234 0.000000
vt 0.558866 0.562133 0.000000
vt 0.600112 0.572319 0.000000
vt 0.597584 0.584354 0.000000
vt 0.555072 0.568384 0.000000
vt 0.560353 0.429114 0.000000
vt 0.601613 0.425923 0.000000
vt 0.601673 0.558145 0.000000
vt 0.688071 0.805606 0.000000
vt 0.685540 0.805754 0.000000
vt 0.685769 0.803580 0.000000
vt 0.611032 0.803294 0.000000
vt 0.611261 0.805776 0.000000
vt 0.395798 0.787733 0.000000
vt 0.395638 0.859376 0.000000
vt 0.383586 0.871435 0.000000
vt 0.383799 0.775621 0.000000
vt 0.608476 0.805590 0.000000
vt 0.685093 0.880935 0.000000
vt 0.682768 0.882841 0.000000
vt 0.682680 0.880605 0.000000
vt 0.479085 0.775835 0.000000
vt 0.280408 0.858929 0.000000
vt 0.268282 0.870907 0.000000
vt 0.268609 0.775621 0.000000
vt 0.280654 0.787688 0.000000
vt 0.683472 0.879912 0.000000
vt 0.352296 0.787936 0.000000
vt 0.364423 0.775952 0.000000
vt 0.614412 0.882880 0.000000
vt 0.364092 0.871238 0.000000
vt 0.614484 0.885083 0.000000
vt 0.352049 0.859176 0.000000
vt 0.612233 0.883348 0.000000
vt 0.688208 0.856441 0.000000
vt 0.160270 0.481009 0.000000
vt 0.148365 0.492913 0.000000
vt 0.148365 0.397423 0.000000
vt 0.160270 0.409327 0.000000
vt 0.231951 0.409328 0.000000
vt 0.243856 0.397423 0.000000
vt 0.243855 0.492913 0.000000
vt 0.690226 0.856736 0.000000
vt 0.231951 0.481009 0.000000
vt 0.607712 0.830991 0.000000
vt 0.605036 0.830828 0.000000
vt 0.614463 0.831627 0.000000
vt 0.682091 0.829635 0.000000
vt 0.682140 0.832660 0.000000
vt 0.614427 0.834724 0.000000
vt 0.615308 0.855235 0.000000
vt 0.681181 0.852540 0.000000
vt 0.681088 0.855491 0.000000
vt 0.615474 0.858225 0.000000
vt 0.560411 0.554990 0.000000
vt 0.554999 0.415711 0.000000
vt 0.597497 0.399698 0.000000
vt 0.600037 0.411731 0.000000
vt 0.558799 0.421956 0.000000
vt 0.619093 0.877056 0.000000
vt 0.677031 0.874688 0.000000
vt 0.680125 0.809850 0.000000
vt 0.467038 0.787892 0.000000
vt 0.466879 0.859534 0.000000
vt 0.478872 0.871645 0.000000
vt 0.617203 0.810393 0.000000
vt 0.688977 0.829121 0.000000
vt 0.691270 0.828957 0.000000
vt 0.607626 0.834645 0.000000
vt 0.604971 0.834642 0.000000
vt 0.689303 0.832623 0.000000
vt 0.691502 0.832573 0.000000
vt 0.608700 0.855582 0.000000
vt 0.704165 0.554916 0.000000
vt 0.705719 0.562036 0.000000
vt 0.705660 0.421923 0.000000
vt 0.704109 0.429059 0.000000
vt 0.606177 0.855862 0.000000
vt 0.688534 0.852946 0.000000
vt 0.690670 0.853137 0.000000
vt 0.609166 0.859039 0.000000
vt 0.606792 0.859435 0.000000
vt 0.709564 0.415670 0.000000
vt 0.660480 0.572597 0.000000
vt 0.658970 0.558218 0.000000
vt 0.658912 0.425799 0.000000
vt 0.660411 0.411398 0.000000
vt 0.709628 0.568286 0.000000
vt 0.611044 0.573425 0.000000
vt 0.609851 0.586223 0.000000
vt 0.611599 0.425570 0.000000
vt 0.611659 0.558489 0.000000
vt 0.609765 0.397817 0.000000
vt 0.610970 0.410615 0.000000
vt 0.649355 0.573619 0.000000
vt 0.650376 0.586581 0.000000
vt 0.648764 0.425485 0.000000
vt 0.648823 0.558541 0.000000
vt 0.650292 0.397423 0.000000
vt 0.649283 0.410386 0.000000
vt 0.662901 0.584859 0.000000
vt 0.662821 0.399134 0.000000
vt 0.607712 0.830991 0.000000
vt 0.614463 0.831627 0.000000
vt 0.614427 0.834724 0.000000
vt 0.607626 0.834645 0.000000
# 113 texture coords

o ??___???_?001
g ??___???_?001
f 55/122 90/123 92/124 58/125 
f 95/126 98/127 100/128 102/129 
f 89/130 109/131 104/132 57/133 
f 88/134 110/135 105/136 56/183 
f 94/184 107/185 106/186 87/187 
f 67/142 70/143 65/144 63/145 
f 66/150 68/191 67/142 63/145 
f 69/192 68/191 66/150 64/193 
f 69/192 64/193 65/144 70/143 
f 76/151 72/152 73/153 75/154 
f 77/156 75/154 73/153 71/157 
f 74/159 78/161 77/156 71/157 
f 76/151 78/161 74/159 72/152 
f 75/154 77/156 78/161 76/151 
f 84/164 80/165 81/166 83/167 
f 85/168 83/167 81/166 79/169 
f 82/170 86/172 85/168 79/169 
f 84/164 86/172 82/170 80/165 
f 83/167 85/168 86/172 84/164 
f 70/143 67/142 68/191 69/192 
f 55/122 87/187 88/134 
f 56/183 89/130 90/123 
f 57/137 91/138 92/139 
f 58/140 93/141 94/146 
f 59/147 95/148 96/149 97/155 
f 60/202 98/127 99/203 
f 61/204 100/128 101/205 
f 62/158 102/160 103/162 
f 92/139 91/138 93/141 58/140 
f 58/125 94/184 87/187 55/122 
f 100/128 61/204 103/211 102/129 
f 102/160 62/158 96/149 95/148 
f 59/147 97/155 131/163 128/171 
f 57/133 92/124 90/123 89/130 
f 60/202 99/203 132/212 129/213 
f 56/183 90/123 55/122 88/134 
f 61/204 101/205 133/214 130/215 
f 95/126 59/216 99/203 98/127 
f 98/127 60/202 101/205 100/128 
f 94/146 93/141 111/173 107/174 
f 81/175 80/176 74/177 71/178 
f 73/179 72/180 66/181 63/182 
f 96/149 62/158 65/188 64/189 
f 93/141 91/138 82/190 79/194 
f 109/131 116/217 112/218 104/132 
f 110/135 117/219 113/220 105/136 
f 107/185 118/221 114/222 106/186 
f 108/195 91/138 57/137 104/196 
f 109/131 89/130 56/183 105/136 
f 110/135 88/134 87/187 106/186 
f 111/173 119/197 118/198 107/174 
f 115/199 108/195 104/196 112/200 
f 116/217 109/131 105/136 113/220 
f 117/219 110/135 106/186 114/222 
f 116/217 124/223 120/224 112/218 
f 117/219 125/225 121/226 113/220 
f 118/221 126/227 122/228 114/222 
f 119/197 127/201 126/206 118/198 
f 123/207 115/199 112/200 120/208 
f 124/223 116/217 113/220 121/226 
f 125/225 117/219 114/222 122/228 
f 124/223 132/212 128/229 120/224 
f 125/225 133/214 129/213 121/226 
f 126/227 134/230 130/215 122/228 
f 127/201 135/209 134/210 126/206 
f 131/163 123/207 120/208 128/171 
f 132/212 124/223 121/226 129/213 
f 133/214 125/225 122/228 130/215 
f 132/212 99/203 59/216 128/229 
f 133/214 101/205 60/202 129/213 
f 134/230 103/211 61/204 130/215 
f 135/209 62/158 103/162 134/210 
f 135/209 127/201 73/179 63/182 
f 123/207 131/163 66/181 72/180 
f 108/195 115/199 74/177 80/176 
f 119/234 111/231 81/232 71/233 
f 66/181 131/163 97/155 96/149 64/189 
f 65/188 62/158 135/209 63/182 
f 73/179 127/201 119/197 71/178 
f 74/177 115/199 123/207 72/180 
f 81/175 111/173 93/141 79/194 
f 82/190 91/138 108/195 80/176 
# 75 polygons - 7 triangles

#
# object 2?_??___??
#

v  3.579159 13.775404 21.485229
v  3.254439 13.775404 20.701284
v  2.470493 13.775404 20.376564
v  1.686548 13.775404 20.701284
v  1.361827 13.775404 21.485229
v  1.686548 13.775404 22.269175
v  2.470493 13.775404 22.593895
v  3.254438 13.775404 22.269175
v  3.443416 14.055490 21.485229
v  3.158453 14.055490 20.797270
v  2.470493 14.055490 20.512306
v  1.782533 14.055490 20.797270
v  1.497571 14.055490 21.485229
v  1.782533 14.055490 22.173189
v  2.470493 14.055490 22.458153
v  3.158453 14.055490 22.173189
v  3.442317 14.031683 21.485229
v  3.157676 14.031683 20.789213
v  2.470493 14.031683 20.500914
v  1.783310 14.031683 20.789213
v  1.498670 14.031683 21.485229
v  1.783311 14.031683 22.181246
v  2.470493 14.031683 22.469545
v  3.157676 14.031683 22.181246
v  2.604897 14.055490 21.485229
v  2.565531 14.055490 21.390192
v  2.470493 14.055490 21.350826
v  2.375456 14.055490 21.390192
v  2.336090 14.055490 21.485229
v  2.375456 14.055490 21.580267
v  2.470493 14.055490 21.619633
v  2.565531 14.055490 21.580267
v  3.024157 14.055490 21.485229
v  2.861992 14.055490 21.093731
v  2.470493 14.055490 20.931566
v  2.078994 14.055490 21.093731
v  1.916830 14.055490 21.485229
v  2.078994 14.055490 21.876728
v  2.470493 14.055490 22.038893
v  2.861992 14.055490 21.876728
v  2.570898 14.103586 21.485229
v  2.541490 14.103586 21.414232
v  2.470493 14.103586 21.384825
v  2.399497 14.103586 21.414232
v  2.370089 14.103586 21.485229
v  2.399497 14.103586 21.556227
v  2.470493 14.103586 21.585634
v  2.541490 14.103586 21.556227
v  2.570898 14.117746 21.485229
v  2.541490 14.117746 21.414232
v  2.470493 14.117746 21.384825
v  2.399497 14.117746 21.414232
v  2.370089 14.117746 21.485229
v  2.399497 14.117746 21.556227
v  2.470493 14.117746 21.585634
v  2.541490 14.117746 21.556227
v  2.534020 14.139231 21.485229
v  2.515414 14.139231 21.440310
v  2.470493 14.139231 21.421703
v  2.425573 14.139231 21.440310
v  2.406966 14.139231 21.485229
v  2.425573 14.139231 21.530149
v  2.470493 14.139231 21.548756
v  2.515414 14.139231 21.530149
v  2.534020 14.261789 21.485229
v  2.515414 14.261789 21.440310
v  2.470493 14.261789 21.421703
v  2.425573 14.261789 21.440310
v  2.406966 14.261789 21.485229
v  2.425573 14.261789 21.530149
v  2.470493 14.261789 21.548756
v  2.515414 14.261789 21.530149
v  2.555532 14.290842 21.485229
v  2.530625 14.290842 21.425098
v  2.470493 14.290842 21.400190
v  2.410362 14.290842 21.425098
v  2.385455 14.290842 21.485229
v  2.410362 14.290842 21.545361
v  2.470493 14.290842 21.570269
v  2.530625 14.290842 21.545361
v  2.538970 14.306955 21.485229
v  2.518913 14.306955 21.436810
v  2.470493 14.306955 21.416754
v  2.422073 14.306955 21.436810
v  2.402017 14.306955 21.485229
v  2.422073 14.306955 21.533649
v  2.470493 14.306955 21.553705
v  2.518913 14.306955 21.533649
v  2.538970 14.331369 21.485229
v  2.518913 14.331369 21.436810
v  2.470493 14.331369 21.416754
v  2.422073 14.331369 21.436810
v  2.402017 14.331369 21.485229
v  2.422073 14.331369 21.533649
v  2.470493 14.331369 21.553705
v  2.518913 14.331369 21.533649
v  2.524787 14.355051 21.485229
v  2.508884 14.355051 21.446838
v  2.470493 14.355051 21.430937
v  2.432102 14.355051 21.446838
v  2.416200 14.355051 21.485229
v  2.432102 14.355051 21.523621
v  2.470493 14.355051 21.539522
v  2.508884 14.355051 21.523621
v  2.524787 14.412912 21.485229
v  2.508884 14.412912 21.446838
v  2.470493 14.412912 21.430937
v  2.432102 14.412912 21.446838
v  2.416200 14.412912 21.485229
v  2.432102 14.412912 21.523621
v  2.470493 14.412912 21.539522
v  2.508884 14.412912 21.523621
v  2.555779 14.446360 21.485229
v  2.530799 14.446360 21.424923
v  2.470493 14.446360 21.399944
v  2.410187 14.446360 21.424923
v  2.385208 14.446360 21.485229
v  2.410187 14.446360 21.545536
v  2.470493 14.446360 21.570515
v  2.530799 14.446360 21.545536
v  2.555779 14.483225 21.485229
v  2.530799 14.483225 21.424923
v  2.470493 14.483225 21.399944
v  2.410187 14.483225 21.424923
v  2.385208 14.483225 21.485229
v  2.410187 14.483225 21.545536
v  2.470493 14.483225 21.570515
v  2.530799 14.483225 21.545536
v  2.533297 14.523264 21.485229
v  2.514902 14.523264 21.440821
v  2.470493 14.523264 21.422426
v  2.426085 14.523264 21.440821
v  2.407690 14.523264 21.485229
v  2.426085 14.523264 21.529638
v  2.470493 14.523264 21.548033
v  2.514902 14.523264 21.529638
v  2.533297 14.677927 21.485229
v  2.514902 14.677927 21.440821
v  2.470493 14.677927 21.422426
v  2.426085 14.677927 21.440821
v  2.407690 14.677927 21.485229
v  2.426085 14.677927 21.529638
v  2.470493 14.677927 21.548033
v  2.514902 14.677927 21.529638
v  2.538765 14.689402 21.485229
v  2.518769 14.689402 21.436954
v  2.470493 14.689402 21.416958
v  2.422218 14.689402 21.436954
v  2.402221 14.689402 21.485229
v  2.422218 14.689402 21.533504
v  2.470493 14.689402 21.553501
v  2.518769 14.689402 21.533504
v  2.526338 14.698191 21.485229
v  2.509982 14.698191 21.445742
v  2.470493 14.698191 21.429384
v  2.431005 14.698191 21.445742
v  2.414648 14.698191 21.485229
v  2.431005 14.698191 21.524717
v  2.470493 14.698191 21.541075
v  2.509982 14.698191 21.524717
v  2.526338 14.708078 21.485229
v  2.509982 14.708078 21.445742
v  2.470493 14.708078 21.429384
v  2.431005 14.708078 21.445742
v  2.414648 14.708078 21.485229
v  2.431005 14.708078 21.524717
v  2.470493 14.708078 21.541075
v  2.509982 14.708078 21.524717
v  2.538225 14.713816 21.485229
v  2.518387 14.713816 21.437336
v  2.470493 14.713816 21.417498
v  2.422600 14.713816 21.437336
v  2.402762 14.713816 21.485229
v  2.422600 14.713816 21.533123
v  2.470493 14.713816 21.552961
v  2.518387 14.713816 21.533123
v  2.529641 14.723093 21.485229
v  2.512317 14.723093 21.443405
v  2.470493 14.723093 21.426083
v  2.428669 14.723093 21.443405
v  2.411345 14.723093 21.485229
v  2.428669 14.723093 21.527054
v  2.470493 14.723093 21.544376
v  2.512317 14.723093 21.527054
v  2.529641 15.283029 21.485229
v  2.512317 15.283029 21.443405
v  2.470493 15.283029 21.426083
v  2.428669 15.283029 21.443405
v  2.411345 15.283029 21.485229
v  2.428669 15.283029 21.527054
v  2.470493 15.283029 21.544376
v  2.512317 15.283029 21.527054
v  2.470493 15.287424 21.485229
v  2.521188 15.287424 21.485229
v  2.506340 15.287424 21.449383
v  2.470493 15.287424 21.434536
v  2.434647 15.287424 21.449383
v  2.419799 15.287424 21.485229
v  2.434647 15.287424 21.521076
v  2.470493 15.287424 21.535925
v  2.506340 15.287424 21.521076
v  3.218593 14.816421 20.961512
v  2.629199 14.816421 20.586025
v  1.946926 14.816421 20.737282
v  1.571441 14.816421 21.326675
v  1.722697 14.816421 22.008947
v  2.312091 14.816421 22.384434
v  2.994364 14.816421 22.233177
v  3.369849 14.816421 21.643784
v  2.844085 15.935154 21.485229
v  2.734707 15.935154 21.221167
v  2.470645 15.935154 21.111790
v  2.206583 15.935154 21.221167
v  2.097204 15.935154 21.485229
v  2.206583 15.935154 21.749292
v  2.470645 15.935154 21.858669
v  2.734707 15.935154 21.749292
v  3.173442 14.792715 20.993126
v  2.619627 14.792715 20.640306
v  1.978541 14.792715 20.782433
v  1.625722 14.792715 21.336246
v  1.767848 14.792715 21.977333
v  2.321662 14.792715 22.330153
v  2.962749 14.792715 22.188026
v  3.315568 14.792715 21.634212
v  2.796355 15.914627 21.485229
v  2.700957 15.914627 21.254917
v  2.470645 15.914627 21.159519
v  2.240333 15.914627 21.254917
v  2.144935 15.914627 21.485229
v  2.240333 15.914627 21.715542
v  2.470645 15.914627 21.810940
v  2.700957 15.914627 21.715542
v  2.299062 14.816421 20.711269
v  2.594722 15.935154 21.185680
v  1.802045 14.816421 21.059284
v  2.346568 15.935154 21.185680
v  2.642228 14.816421 22.259190
v  2.346568 15.935154 21.784779
v  3.139245 14.816421 21.911175
v  2.594722 15.935154 21.784779
v  2.309420 14.792715 20.757990
v  2.578863 15.914627 21.223967
v  1.842406 14.792715 21.084997
v  2.362427 15.914627 21.223967
v  2.631870 14.792715 22.212469
v  2.362427 15.914627 21.746492
v  3.098884 14.792715 21.885462
v  2.578863 15.914627 21.746492
v  2.044700 14.816421 22.153830
v  2.171097 15.935154 21.609306
v  3.244605 14.816421 21.313646
v  2.770193 15.935154 21.609306
v  2.070413 14.792715 22.113468
v  2.209383 15.914627 21.593449
v  3.197884 14.792715 21.324005
v  2.731908 15.914627 21.593449
v  2.896590 14.816421 20.816629
v  2.770193 15.935154 21.361153
v  1.696685 14.816421 21.656813
v  2.171097 15.935154 21.361153
v  2.870877 14.792715 20.856991
v  2.731908 15.914627 21.377010
v  1.743406 14.792715 21.646454
v  2.209382 15.914627 21.377010
# 265 vertices

vt 0.058890 0.775581 0.000000
vt 0.048813 0.763325 0.000000
vt 0.033021 0.761785 0.000000
vt 0.020765 0.771862 0.000000
vt 0.019224 0.787654 0.000000
vt 0.029301 0.799909 0.000000
vt 0.045093 0.801450 0.000000
vt 0.057349 0.791373 0.000000
vt 0.044270 0.799148 0.000000
vt 0.055091 0.790169 0.000000
vt 0.030395 0.797858 0.000000
vt 0.021595 0.787054 0.000000
vt 0.023023 0.773066 0.000000
vt 0.033844 0.764087 0.000000
vt 0.047719 0.765377 0.000000
vt 0.056520 0.776181 0.000000
vt 0.043886 0.797483 0.000000
vt 0.053690 0.789422 0.000000
vt 0.031253 0.796251 0.000000
vt 0.023191 0.786446 0.000000
vt 0.024424 0.773813 0.000000
vt 0.034228 0.765752 0.000000
vt 0.046862 0.766984 0.000000
vt 0.054923 0.776789 0.000000
vt 0.042071 0.791522 0.000000
vt 0.048192 0.786489 0.000000
vt 0.034185 0.790753 0.000000
vt 0.029152 0.784632 0.000000
vt 0.029922 0.776745 0.000000
vt 0.036043 0.771713 0.000000
vt 0.043929 0.772482 0.000000
vt 0.048962 0.778603 0.000000
vt 0.039789 0.784021 0.000000
vt 0.041275 0.782800 0.000000
vt 0.019929 0.406463 0.000000
vt 0.020480 0.405191 0.000000
vt 0.021764 0.405854 0.000000
vt 0.021319 0.406985 0.000000
vt 0.021163 0.404012 0.000000
vt 0.022320 0.404813 0.000000
vt 0.021997 0.402943 0.000000
vt 0.022987 0.403886 0.000000
vt 0.037874 0.783835 0.000000
vt 0.036653 0.782349 0.000000
vt 0.036840 0.780435 0.000000
vt 0.038325 0.779213 0.000000
vt 0.040240 0.779400 0.000000
vt 0.041461 0.780886 0.000000
vt 0.023008 0.402035 0.000000
vt 0.023763 0.403098 0.000000
vt 0.019224 0.410855 0.000000
vt 0.020833 0.410721 0.000000
vt 0.019257 0.409294 0.000000
vt 0.020822 0.409441 0.000000
vt 0.019512 0.407829 0.000000
vt 0.020998 0.408186 0.000000
vt 0.022152 0.406026 0.000000
vt 0.021736 0.407116 0.000000
vt 0.022671 0.405024 0.000000
vt 0.023298 0.404143 0.000000
vt 0.024053 0.403383 0.000000
vt 0.021269 0.410675 0.000000
vt 0.021270 0.409465 0.000000
vt 0.021434 0.408269 0.000000
vt 0.023080 0.406482 0.000000
vt 0.022735 0.407485 0.000000
vt 0.023494 0.405548 0.000000
vt 0.023957 0.404712 0.000000
vt 0.024462 0.404024 0.000000
vt 0.022307 0.410615 0.000000
vt 0.022329 0.409586 0.000000
vt 0.022479 0.408530 0.000000
vt 0.027667 0.408075 0.000000
vt 0.027415 0.408913 0.000000
vt 0.027937 0.407246 0.000000
vt 0.028214 0.406422 0.000000
vt 0.028495 0.405579 0.000000
vt 0.026802 0.411440 0.000000
vt 0.026985 0.410603 0.000000
vt 0.027187 0.409757 0.000000
vt 0.028567 0.408363 0.000000
vt 0.028320 0.409177 0.000000
vt 0.028838 0.407553 0.000000
vt 0.029145 0.406739 0.000000
vt 0.029544 0.405834 0.000000
vt 0.027676 0.411669 0.000000
vt 0.027883 0.410823 0.000000
vt 0.028093 0.409997 0.000000
vt 0.029056 0.408522 0.000000
vt 0.028813 0.409324 0.000000
vt 0.029321 0.407727 0.000000
vt 0.029613 0.406935 0.000000
vt 0.029980 0.406166 0.000000
vt 0.028213 0.411781 0.000000
vt 0.028389 0.410947 0.000000
vt 0.028591 0.410132 0.000000
vt 0.029760 0.408749 0.000000
vt 0.029526 0.409531 0.000000
vt 0.030017 0.407979 0.000000
vt 0.030308 0.407229 0.000000
vt 0.030661 0.406494 0.000000
vt 0.028948 0.411918 0.000000
vt 0.029115 0.411114 0.000000
vt 0.029310 0.410320 0.000000
vt 0.030552 0.409007 0.000000
vt 0.030330 0.409772 0.000000
vt 0.030784 0.408256 0.000000
vt 0.031025 0.407536 0.000000
vt 0.031285 0.406880 0.000000
vt 0.029764 0.412061 0.000000
vt 0.029928 0.411307 0.000000
vt 0.030120 0.410542 0.000000
vt 0.032645 0.409645 0.000000
vt 0.032430 0.410413 0.000000
vt 0.032847 0.408875 0.000000
vt 0.033019 0.408109 0.000000
vt 0.033137 0.407357 0.000000
vt 0.031739 0.412645 0.000000
vt 0.031981 0.411925 0.000000
vt 0.032209 0.411176 0.000000
vt 0.033778 0.410002 0.000000
vt 0.033544 0.410788 0.000000
vt 0.034007 0.409196 0.000000
vt 0.034228 0.408342 0.000000
vt 0.034432 0.407322 0.000000
vt 0.032722 0.413135 0.000000
vt 0.033032 0.412345 0.000000
vt 0.033298 0.411567 0.000000
vt 0.034646 0.410237 0.000000
vt 0.034400 0.411028 0.000000
vt 0.034899 0.409433 0.000000
vt 0.035180 0.408597 0.000000
vt 0.035535 0.407690 0.000000
vt 0.033634 0.413451 0.000000
vt 0.033901 0.412616 0.000000
vt 0.034154 0.411817 0.000000
vt 0.035793 0.410619 0.000000
vt 0.035555 0.411401 0.000000
vt 0.036039 0.409839 0.000000
vt 0.036301 0.409070 0.000000
vt 0.036601 0.408336 0.000000
vt 0.034883 0.413771 0.000000
vt 0.035094 0.412975 0.000000
vt 0.035321 0.412186 0.000000
vt 0.040669 0.412164 0.000000
vt 0.040437 0.412919 0.000000
vt 0.040907 0.411411 0.000000
vt 0.041151 0.410657 0.000000
vt 0.041409 0.409886 0.000000
vt 0.039779 0.415193 0.000000
vt 0.039990 0.414434 0.000000
vt 0.040210 0.413675 0.000000
vt 0.041019 0.412269 0.000000
vt 0.040788 0.413021 0.000000
vt 0.041257 0.411519 0.000000
vt 0.041509 0.410772 0.000000
vt 0.041804 0.409993 0.000000
vt 0.040122 0.415283 0.000000
vt 0.040342 0.414529 0.000000
vt 0.040562 0.413774 0.000000
vt 0.041352 0.412379 0.000000
vt 0.041121 0.413128 0.000000
vt 0.041588 0.411632 0.000000
vt 0.041823 0.410887 0.000000
vt 0.042077 0.410181 0.000000
vt 0.040469 0.415381 0.000000
vt 0.040677 0.414631 0.000000
vt 0.040896 0.413879 0.000000
vt 0.041667 0.412487 0.000000
vt 0.041437 0.413234 0.000000
vt 0.041904 0.411743 0.000000
vt 0.042144 0.411002 0.000000
vt 0.042364 0.410272 0.000000
vt 0.040795 0.415480 0.000000
vt 0.040995 0.414733 0.000000
vt 0.041213 0.413982 0.000000
vt 0.041924 0.412573 0.000000
vt 0.041695 0.413317 0.000000
vt 0.042160 0.411831 0.000000
vt 0.042411 0.411094 0.000000
vt 0.042677 0.410281 0.000000
vt 0.041033 0.415554 0.000000
vt 0.041254 0.414811 0.000000
vt 0.041472 0.414063 0.000000
vt 0.042237 0.412667 0.000000
vt 0.042008 0.413408 0.000000
vt 0.042471 0.411927 0.000000
vt 0.042707 0.411189 0.000000
vt 0.042965 0.410444 0.000000
vt 0.041353 0.415646 0.000000
vt 0.041568 0.414898 0.000000
vt 0.041786 0.414152 0.000000
vt 0.057597 0.417641 0.000000
vt 0.057379 0.418146 0.000000
vt 0.057954 0.417141 0.000000
vt 0.058543 0.416643 0.000000
vt 0.059613 0.416205 0.000000
vt 0.057462 0.420023 0.000000
vt 0.057271 0.419291 0.000000
vt 0.057267 0.418682 0.000000
vt 0.057524 0.418192 0.000000
vt 0.057735 0.417725 0.000000
vt 0.059015 0.418667 0.000000
vt 0.058089 0.417276 0.000000
vt 0.058661 0.416863 0.000000
vt 0.059658 0.416577 0.000000
vt 0.057676 0.419918 0.000000
vt 0.057454 0.419260 0.000000
vt 0.057426 0.418695 0.000000
vt 0.070764 0.052652 0.000000
vt 0.060675 0.060319 0.000000
vt 0.051858 0.042301 0.000000
vt 0.053439 0.037366 0.000000
vt 0.053189 0.070542 0.000000
vt 0.040634 0.068829 0.000000
vt 0.047140 0.049853 0.000000
vt 0.051748 0.047482 0.000000
vt 0.028112 0.070764 0.000000
vt 0.285396 0.377298 0.000000
vt 0.282964 0.408466 0.000000
vt 0.272843 0.395144 0.000000
vt 0.285149 0.370951 0.000000
vt 0.295756 0.384418 0.000000
vt 0.316075 0.408177 0.000000
vt 0.299498 0.405913 0.000000
vt 0.291093 0.380105 0.000000
vt 0.308116 0.382127 0.000000
vt 0.339283 0.384559 0.000000
vt 0.325962 0.394680 0.000000
vt 0.301769 0.382374 0.000000
vt 0.315236 0.371768 0.000000
vt 0.338994 0.351449 0.000000
vt 0.336731 0.368025 0.000000
vt 0.310922 0.376430 0.000000
vt 0.312945 0.359408 0.000000
vt 0.315377 0.328240 0.000000
vt 0.020445 0.060675 0.000000
vt 0.038463 0.051858 0.000000
vt 0.043398 0.053439 0.000000
vt 0.010222 0.053189 0.000000
vt 0.011935 0.040634 0.000000
vt 0.030910 0.047140 0.000000
vt 0.033282 0.051748 0.000000
vt 0.010000 0.028112 0.000000
vt 0.325498 0.341562 0.000000
vt 0.313191 0.365754 0.000000
vt 0.302585 0.352288 0.000000
vt 0.282266 0.328529 0.000000
vt 0.298842 0.330792 0.000000
vt 0.307247 0.356601 0.000000
vt 0.290225 0.354578 0.000000
vt 0.259057 0.352146 0.000000
vt 0.020088 0.020445 0.000000
vt 0.028906 0.038463 0.000000
vt 0.027325 0.043398 0.000000
vt 0.027575 0.010222 0.000000
vt 0.272379 0.342025 0.000000
vt 0.296572 0.354332 0.000000
vt 0.283105 0.364938 0.000000
vt 0.259346 0.385257 0.000000
vt 0.040130 0.011935 0.000000
vt 0.033624 0.030910 0.000000
vt 0.029016 0.033282 0.000000
vt 0.052652 0.010000 0.000000
vt 0.261610 0.368681 0.000000
vt 0.287418 0.360276 0.000000
vt 0.060319 0.020089 0.000000
vt 0.042300 0.028906 0.000000
vt 0.019527 0.412496 0.000000
vt 0.021047 0.412002 0.000000
vt 0.021479 0.411939 0.000000
vt 0.022398 0.411556 0.000000
vt 0.026600 0.412238 0.000000
vt 0.027464 0.412634 0.000000
vt 0.028079 0.412643 0.000000
vt 0.028824 0.412767 0.000000
vt 0.029640 0.412790 0.000000
vt 0.031459 0.413295 0.000000
vt 0.032309 0.413970 0.000000
vt 0.033344 0.414410 0.000000
vt 0.034700 0.414576 0.000000
vt 0.039561 0.415962 0.000000
vt 0.039907 0.416100 0.000000
vt 0.040287 0.416111 0.000000
vt 0.040577 0.416190 0.000000
vt 0.040784 0.416334 0.000000
vt 0.041151 0.416385 0.000000
vt 0.058086 0.420974 0.000000
vt 0.058308 0.420699 0.000000
vt 0.037365 0.027325 0.000000
vt 0.070541 0.027575 0.000000
vt 0.068829 0.040130 0.000000
vt 0.049853 0.033624 0.000000
vt 0.047482 0.029016 0.000000
vt 0.059450 0.059115 0.000000
vt 0.052416 0.068721 0.000000
vt 0.050391 0.042056 0.000000
vt 0.051770 0.037751 0.000000
vt 0.040619 0.067112 0.000000
vt 0.028852 0.068930 0.000000
vt 0.046276 0.048643 0.000000
vt 0.050295 0.046574 0.000000
vt 0.021648 0.059450 0.000000
vt 0.012043 0.052416 0.000000
vt 0.038708 0.050391 0.000000
vt 0.043013 0.051770 0.000000
vt 0.013652 0.040619 0.000000
vt 0.011834 0.028852 0.000000
vt 0.032121 0.046276 0.000000
vt 0.034189 0.050295 0.000000
vt 0.021313 0.021649 0.000000
vt 0.028348 0.012043 0.000000
vt 0.030373 0.038708 0.000000
vt 0.028993 0.043013 0.000000
vt 0.040145 0.013652 0.000000
vt 0.051911 0.011834 0.000000
vt 0.034488 0.032121 0.000000
vt 0.030469 0.034189 0.000000
vt 0.059115 0.021314 0.000000
vt 0.068721 0.028348 0.000000
vt 0.042055 0.030373 0.000000
vt 0.037751 0.028994 0.000000
vt 0.067112 0.040145 0.000000
vt 0.068930 0.051912 0.000000
vt 0.048643 0.034488 0.000000
vt 0.046574 0.030469 0.000000
vt 0.057524 0.418192 0.000000
vt 0.057735 0.417725 0.000000
vt 0.058089 0.417276 0.000000
vt 0.058661 0.416863 0.000000
vt 0.059658 0.416577 0.000000
vt 0.057676 0.419918 0.000000
vt 0.057454 0.419260 0.000000
vt 0.057426 0.418695 0.000000
vt 0.058308 0.420699 0.000000
# 335 texture coords

o 2?_??___??
g 2?_??___??
f 143/235 142/236 141/237 140/238 139/239 138/240 137/241 136/242 
f 136/242 137/241 153/243 152/244 
f 137/241 138/240 154/245 153/243 
f 138/240 139/239 155/246 154/245 
f 139/239 140/238 156/247 155/246 
f 140/238 141/237 157/248 156/247 
f 141/237 142/236 158/249 157/248 
f 142/236 143/235 159/250 158/249 
f 143/235 136/242 152/244 159/250 
f 153/243 145/251 144/252 152/244 
f 154/245 146/253 145/251 153/243 
f 155/246 147/254 146/253 154/245 
f 156/247 148/255 147/254 155/246 
f 157/248 149/256 148/255 156/247 
f 158/249 150/257 149/256 157/248 
f 159/250 151/258 150/257 158/249 
f 152/244 144/252 151/258 159/250 
f 144/252 145/251 169/259 168/260 
f 145/251 146/253 170/261 169/259 
f 146/253 147/254 171/262 170/261 
f 147/254 148/255 172/263 171/262 
f 148/255 149/256 173/264 172/263 
f 149/256 150/257 174/265 173/264 
f 150/257 151/258 175/266 174/265 
f 151/258 144/252 168/260 175/266 
f 169/259 161/267 160/268 168/260 
f 170/261 162/277 161/267 169/259 
f 171/262 163/278 162/277 170/261 
f 172/263 164/279 163/278 171/262 
f 173/264 165/280 164/279 172/263 
f 174/265 166/281 165/280 173/264 
f 175/266 167/282 166/281 174/265 
f 168/260 160/268 167/282 175/266 
f 160/269 161/270 177/271 176/272 
f 161/270 162/273 178/274 177/271 
f 162/273 163/275 179/276 178/274 
f 163/275 164/283 180/284 179/276 
f 164/503 165/285 181/286 180/504 
f 165/285 166/287 182/288 181/286 
f 166/287 167/289 183/290 182/288 
f 167/289 160/269 176/272 183/290 
f 176/272 177/271 185/291 184/292 
f 177/271 178/274 186/293 185/291 
f 178/274 179/276 187/294 186/293 
f 179/276 180/284 188/295 187/294 
f 180/504 181/286 189/296 188/505 
f 181/286 182/288 190/297 189/296 
f 182/288 183/290 191/298 190/297 
f 183/290 176/272 184/292 191/298 
f 184/292 185/291 193/299 192/300 
f 185/291 186/293 194/301 193/299 
f 186/293 187/294 195/302 194/301 
f 187/294 188/295 196/303 195/302 
f 188/505 189/296 197/304 196/506 
f 189/296 190/297 198/305 197/304 
f 190/297 191/298 199/306 198/305 
f 191/298 184/292 192/300 199/306 
f 192/300 193/299 201/307 200/308 
f 193/299 194/301 202/309 201/307 
f 194/301 195/302 203/310 202/309 
f 195/302 196/303 204/311 203/310 
f 196/506 197/304 205/312 204/507 
f 197/304 198/305 206/313 205/312 
f 198/305 199/306 207/314 206/313 
f 199/306 192/300 200/308 207/314 
f 200/308 201/307 209/315 208/316 
f 201/307 202/309 210/317 209/315 
f 202/309 203/310 211/318 210/317 
f 203/310 204/311 212/319 211/318 
f 204/507 205/312 213/320 212/508 
f 205/312 206/313 214/321 213/320 
f 206/313 207/314 215/322 214/321 
f 207/314 200/308 208/316 215/322 
f 208/316 209/315 217/323 216/324 
f 209/315 210/317 218/325 217/323 
f 210/317 211/318 219/326 218/325 
f 211/318 212/319 220/327 219/326 
f 212/508 213/320 221/328 220/509 
f 213/320 214/321 222/329 221/328 
f 214/321 215/322 223/330 222/329 
f 215/322 208/316 216/324 223/330 
f 216/324 217/323 225/331 224/332 
f 217/323 218/325 226/333 225/331 
f 218/325 219/326 227/334 226/333 
f 219/326 220/327 228/335 227/334 
f 220/509 221/328 229/336 228/510 
f 221/328 222/329 230/337 229/336 
f 222/329 223/330 231/338 230/337 
f 223/330 216/324 224/332 231/338 
f 224/332 225/331 233/339 232/340 
f 225/331 226/333 234/341 233/339 
f 226/333 227/334 235/342 234/341 
f 227/334 228/335 236/343 235/342 
f 228/510 229/336 237/344 236/511 
f 229/336 230/337 238/345 237/344 
f 230/337 231/338 239/346 238/345 
f 231/338 224/332 232/340 239/346 
f 232/340 233/339 241/347 240/348 
f 233/339 234/341 242/349 241/347 
f 234/341 235/342 243/350 242/349 
f 235/342 236/343 244/351 243/350 
f 236/511 237/344 245/352 244/512 
f 237/344 238/345 246/353 245/352 
f 238/345 239/346 247/354 246/353 
f 239/346 232/340 240/348 247/354 
f 240/348 241/347 249/355 248/356 
f 241/347 242/349 250/357 249/355 
f 242/349 243/350 251/358 250/357 
f 243/350 244/351 252/359 251/358 
f 244/512 245/352 253/360 252/513 
f 245/352 246/353 254/361 253/360 
f 246/353 247/354 255/362 254/361 
f 247/354 240/348 248/356 255/362 
f 248/356 249/355 257/363 256/364 
f 249/355 250/357 258/365 257/363 
f 250/357 251/358 259/366 258/365 
f 251/358 252/359 260/367 259/366 
f 252/513 253/360 261/368 260/514 
f 253/360 254/361 262/369 261/368 
f 254/361 255/362 263/370 262/369 
f 255/362 248/356 256/364 263/370 
f 256/364 257/363 265/371 264/372 
f 257/363 258/365 266/373 265/371 
f 258/365 259/366 267/374 266/373 
f 259/366 260/367 268/375 267/374 
f 260/514 261/368 269/376 268/515 
f 261/368 262/369 270/377 269/376 
f 262/369 263/370 271/378 270/377 
f 263/370 256/364 264/372 271/378 
f 264/372 265/371 273/379 272/380 
f 265/371 266/373 274/381 273/379 
f 266/373 267/374 275/382 274/381 
f 267/374 268/375 276/383 275/382 
f 268/515 269/376 277/384 276/516 
f 269/376 270/377 278/385 277/384 
f 270/377 271/378 279/386 278/385 
f 271/378 264/372 272/380 279/386 
f 272/380 273/379 281/387 280/388 
f 273/379 274/381 282/389 281/387 
f 274/381 275/382 283/390 282/389 
f 275/382 276/383 284/391 283/390 
f 276/516 277/384 285/392 284/517 
f 277/384 278/385 286/393 285/392 
f 278/385 279/386 287/394 286/393 
f 279/386 272/380 280/388 287/394 
f 280/388 281/387 289/395 288/396 
f 281/387 282/389 290/397 289/395 
f 282/389 283/390 291/398 290/397 
f 283/390 284/391 292/399 291/398 
f 284/517 285/392 293/400 292/518 
f 285/392 286/393 294/401 293/400 
f 286/393 287/394 295/402 294/401 
f 287/394 280/388 288/396 295/402 
f 288/396 289/395 297/403 296/404 
f 289/395 290/397 298/405 297/403 
f 290/397 291/398 299/406 298/405 
f 291/398 292/399 300/407 299/406 
f 292/518 293/400 301/408 300/519 
f 293/400 294/401 302/409 301/408 
f 294/401 295/402 303/410 302/409 
f 295/402 288/396 296/404 303/410 
f 296/404 297/403 305/411 304/412 
f 297/403 298/405 306/413 305/411 
f 298/405 299/406 307/414 306/413 
f 299/406 300/407 308/415 307/414 
f 300/519 301/408 309/416 308/520 
f 301/408 302/409 310/417 309/416 
f 302/409 303/410 311/418 310/417 
f 303/410 296/404 304/412 311/418 
f 304/412 305/411 313/419 312/420 
f 305/411 306/413 314/421 313/419 
f 306/413 307/414 315/422 314/421 
f 307/414 308/415 316/423 315/422 
f 308/520 309/416 317/424 316/521 
f 309/416 310/417 318/425 317/424 
f 310/417 311/418 319/426 318/425 
f 311/418 304/412 312/420 319/426 
f 312/420 313/419 321/427 320/428 
f 313/419 314/421 322/429 321/427 
f 314/421 315/422 323/430 322/429 
f 315/422 316/423 324/431 323/430 
f 316/521 317/424 325/432 324/522 
f 317/424 318/425 326/433 325/432 
f 318/425 319/426 327/434 326/433 
f 319/426 312/420 320/428 327/434 
f 329/435 330/436 328/437 
f 330/436 331/438 328/437 
f 331/438 332/439 328/437 
f 332/439 333/440 328/437 
f 333/523 334/441 328/437 
f 334/441 335/442 328/437 
f 335/442 336/443 328/437 
f 336/443 329/435 328/437 
f 321/427 330/562 329/561 320/428 
f 322/429 331/563 330/562 321/427 
f 323/430 332/564 331/563 322/429 
f 324/431 333/565 332/564 323/430 
f 325/432 334/566 333/569 324/522 
f 326/433 335/567 334/566 325/432 
f 327/434 336/568 335/567 326/433 
f 320/428 329/561 336/568 327/434 
f 337/444 393/445 394/446 345/447 
f 338/448 369/449 370/450 346/451 
f 339/452 371/471 372/472 347/473 
f 340/474 395/475 396/476 348/477 
f 341/478 385/487 386/488 349/489 
f 342/490 373/495 374/496 350/497 
f 343/498 375/501 376/502 351/524 
f 344/525 387/526 388/527 352/528 
f 362/453 354/454 397/455 398/456 
f 363/457 355/458 377/459 378/460 
f 364/461 356/462 379/463 380/464 
f 365/465 357/466 399/467 400/468 
f 366/469 358/470 389/479 390/480 
f 367/481 359/482 381/483 382/484 
f 368/485 360/486 383/491 384/492 
f 361/493 353/494 391/499 392/500 
f 338/448 393/445 397/529 354/530 
f 345/447 394/446 398/531 361/532 
f 339/452 369/449 377/533 355/534 
f 346/451 370/450 378/535 362/536 
f 340/474 371/471 379/537 356/538 
f 347/473 372/472 380/539 363/540 
f 341/478 395/475 399/541 357/542 
f 348/477 396/476 400/543 364/544 
f 342/490 385/487 389/545 358/546 
f 349/489 386/488 390/547 365/548 
f 343/498 373/495 381/549 359/550 
f 350/497 374/496 382/551 366/552 
f 344/525 375/501 383/553 360/554 
f 351/524 376/502 384/555 367/556 
f 337/444 387/526 391/557 353/558 
f 352/528 388/527 392/559 368/560 
f 369/449 339/452 347/473 370/450 
f 371/471 340/474 348/477 372/472 
f 373/495 343/498 351/524 374/496 
f 375/501 344/525 352/528 376/502 
f 377/459 354/454 362/453 378/460 
f 379/463 355/458 363/457 380/464 
f 381/483 358/470 366/469 382/484 
f 383/491 359/482 367/481 384/492 
f 369/449 338/448 354/530 377/533 
f 370/450 347/473 363/540 378/535 
f 371/471 339/452 355/534 379/537 
f 372/472 348/477 364/544 380/539 
f 373/495 342/490 358/546 381/549 
f 374/496 351/524 367/556 382/551 
f 375/501 343/498 359/550 383/553 
f 376/502 352/528 368/560 384/555 
f 385/487 342/490 350/497 386/488 
f 387/526 337/444 345/447 388/527 
f 389/479 357/466 365/465 390/480 
f 391/499 360/486 368/485 392/500 
f 385/487 341/478 357/542 389/545 
f 386/488 350/497 366/552 390/547 
f 387/526 344/525 360/554 391/557 
f 388/527 345/447 361/532 392/559 
f 393/445 338/448 346/451 394/446 
f 395/475 341/478 349/489 396/476 
f 397/455 353/494 361/493 398/456 
f 399/467 356/462 364/461 400/468 
f 393/445 337/444 353/558 397/529 
f 394/446 346/451 362/536 398/531 
f 395/475 340/474 356/538 399/541 
f 396/476 349/489 365/548 400/543 
# 257 polygons - 8 triangles

#
# object 2?_??___??
#

v  0.994123 20.943422 23.503321
v  3.954892 20.943422 23.503321
v  0.994123 13.306984 23.503321
v  3.954892 13.306984 23.503321
v  3.954892 11.478041 24.116407
v  3.954892 13.306984 24.116407
v  3.954892 20.351353 24.116407
v  3.954892 13.724968 23.503321
v  0.994123 13.724968 23.503321
v  3.954892 13.724968 24.116407
v  3.653866 11.478041 24.116407
v  3.653866 13.306984 24.116407
v  3.653866 20.351353 24.116407
v  3.653866 13.724968 24.116407
v  3.653866 11.528214 24.307018
v  3.653866 13.256811 24.307018
v  3.653866 20.169575 24.307018
v  3.653866 13.906747 24.307018
v  1.078338 11.528214 24.307018
v  1.078338 13.256811 24.307018
v  1.267821 20.169575 24.307018
v  1.267821 13.906747 24.307018
v  0.994123 10.676524 23.503321
v  3.954892 10.676524 23.503321
v  3.954892 10.676524 24.116407
v  0.994123 10.676524 24.116407
v  3.954892 10.991386 23.503321
v  0.994123 10.991386 23.503321
v  0.994123 10.991637 24.116407
v  3.954891 10.991637 24.116407
v  0.994123 11.478396 23.503321
v  3.954892 11.478396 23.503321
v  0.994123 20.943422 31.677822
v  3.954891 20.943422 31.677822
v  3.954891 10.676524 31.677822
v  0.994123 10.676524 31.677822
v  0.994122 10.991386 31.677822
v  3.954891 10.991386 31.677822
v  0.994123 13.306984 31.677822
v  0.994123 13.724968 31.677822
v  3.954891 13.724968 31.677822
v  3.954891 13.306984 31.677822
v  3.954891 13.724968 31.064734
v  3.954891 13.306984 31.064734
v  3.954891 11.478041 31.064734
v  3.954891 11.478396 31.677822
v  3.954891 20.351353 31.064734
v  3.653866 11.478041 31.064734
v  3.653866 13.306984 31.064734
v  3.653866 20.351353 31.064734
v  3.653866 13.724968 31.064734
v  3.653866 11.528214 30.874123
v  3.653866 13.256811 30.874123
v  3.653866 20.169575 30.874123
v  3.653866 13.906747 30.874123
v  1.078338 11.528214 30.874123
v  1.078338 13.256811 30.874123
v  1.267820 20.169575 30.874123
v  1.267820 13.906747 30.874123
v  0.994123 11.478396 31.677822
v  3.954891 10.676524 31.064734
v  0.994123 10.676524 31.064734
v  3.954891 10.991637 31.064734
v  0.994122 10.991637 31.064734
# 64 vertices

vt 0.955337 0.381040 0.000000
vt 0.967548 0.407935 0.000000
vt 0.949360 0.413235 0.000000
vt 0.943770 0.376498 0.000000
vt 0.849655 0.421482 0.000000
vt 0.757173 0.711051 0.000000
vt 0.976371 0.711051 0.000000
vt 0.964844 0.722578 0.000000
vt 0.768700 0.722578 0.000000
vt 0.816233 0.418289 0.000000
vt 0.833701 0.376696 0.000000
vt 0.856145 0.377885 0.000000
vt 0.950885 0.736536 0.000000
vt 0.355913 0.342077 0.000000
vt 0.841769 0.337334 0.000000
vt 0.782658 0.736536 0.000000
vt 0.964843 0.918721 0.000000
vt 0.950885 0.904763 0.000000
vt 0.861216 0.337884 0.000000
vt 0.934587 0.752834 0.000000
vt 0.798956 0.752834 0.000000
vt 0.757172 0.930248 0.000000
vt 0.768699 0.918721 0.000000
vt 0.925000 0.338551 0.000000
vt 0.921039 0.376169 0.000000
vt 0.581910 0.355478 0.000000
vt 0.616811 0.343530 0.000000
vt 0.976371 0.930249 0.000000
vt 0.782658 0.904763 0.000000
vt 0.642057 0.324790 0.000000
vt 0.958836 0.357189 0.000000
vt 0.984075 0.378106 0.000000
vt 0.798956 0.888465 0.000000
vt 0.531688 0.342077 0.000000
vt 0.523779 0.349986 0.000000
vt 0.363823 0.349986 0.000000
vt 0.934587 0.888465 0.000000
vt 0.363823 0.509942 0.000000
vt 0.355913 0.517851 0.000000
vt 0.511410 0.362354 0.000000
vt 0.376191 0.362354 0.000000
vt 0.511410 0.497574 0.000000
vt 0.496315 0.482478 0.000000
vt 0.496315 0.377450 0.000000
vt 0.391287 0.377450 0.000000
vt 0.531688 0.517852 0.000000
vt 0.523779 0.509942 0.000000
vt 0.376191 0.497574 0.000000
vt 0.391287 0.482478 0.000000
vt 0.952816 0.093548 0.000000
vt 0.990000 0.087621 0.000000
vt 0.987517 0.348906 0.000000
vt 0.950451 0.341655 0.000000
vt 0.922088 0.416336 0.000000
vt 0.927313 0.095718 0.000000
vt 0.584697 0.065656 0.000000
vt 0.619338 0.078955 0.000000
vt 0.958418 0.054360 0.000000
vt 0.946779 0.058482 0.000000
vt 0.953036 0.021983 0.000000
vt 0.971115 0.027937 0.000000
vt 0.853560 0.010000 0.000000
vt 0.859226 0.053818 0.000000
vt 0.836779 0.054151 0.000000
vt 0.820114 0.011910 0.000000
vt 0.863539 0.093993 0.000000
vt 0.844091 0.093805 0.000000
vt 0.924056 0.057974 0.000000
vt 0.644211 0.098660 0.000000
vt 0.987095 0.058339 0.000000
vt 0.961493 0.078327 0.000000
vt 0.925844 0.017877 0.000000
# 72 texture coords

o 2?_??___??
g 2?_??___??
f 424/570 423/571 428/572 427/573 
f 403/574 409/579 408/580 404/581 
f 404/581 408/580 410/584 406/588 
f 405/593 432/594 404/581 406/588 
f 409/579 401/595 402/596 408/580 
f 408/580 402/596 407/599 410/584 
f 405/583 406/603 412/604 411/605 
f 405/583 411/605 448/607 445/608 
f 410/575 407/576 413/577 414/578 
f 411/605 412/604 416/609 415/610 
f 414/578 413/577 417/582 418/585 
f 413/577 450/586 454/587 417/582 
f 416/609 453/611 457/612 420/613 
f 415/610 416/609 420/613 419/614 
f 418/585 417/582 421/589 422/590 
f 424/570 425/600 426/601 423/571 
f 463/619 464/620 429/621 430/622 
f 428/572 431/623 432/594 427/573 
f 425/600 424/570 427/573 430/622 
f 405/593 445/624 463/619 430/622 
f 431/623 403/574 404/581 432/594 
f 405/593 430/622 427/573 432/594 
f 433/625 434/626 402/596 401/595 
f 435/627 438/628 437/629 436/630 
f 439/631 442/632 441/633 440/634 
f 442/632 444/635 443/636 441/633 
f 445/624 444/635 442/632 446/637 
f 434/626 447/638 407/599 402/596 
f 440/634 441/633 434/626 433/625 
f 441/633 443/636 447/638 434/626 
f 443/636 444/635 406/588 410/584 
f 444/615 449/616 412/604 406/603 
f 445/608 448/607 449/616 444/615 
f 443/591 451/592 450/586 447/597 
f 447/597 450/586 413/577 407/576 
f 410/575 414/578 451/592 443/591 
f 449/616 453/611 416/609 412/604 
f 448/607 452/617 453/611 449/616 
f 411/605 415/610 452/617 448/607 
f 451/592 455/598 454/587 450/586 
f 414/578 418/585 455/598 451/592 
f 452/617 456/618 457/612 453/611 
f 415/610 419/614 456/618 452/617 
f 455/598 459/602 458/606 454/587 
f 454/587 458/606 421/589 417/582 
f 418/585 422/590 459/602 455/598 
f 422/590 421/589 458/606 459/602 
f 419/614 420/613 457/612 456/618 
f 435/627 436/630 462/639 461/640 
f 437/629 438/628 446/637 460/641 
f 461/640 463/619 438/628 435/627 
f 460/641 446/637 442/632 439/631 
f 445/624 446/637 438/628 463/619 
f 430/622 429/621 426/601 425/600 
f 462/639 464/620 463/619 461/640 
# 55 polygons

#
# object 2?_??___??_?1
#

v  3.954890 11.478041 31.064734
v  3.954890 13.306984 31.064734
v  3.954892 11.478041 24.116409
v  3.954892 13.306984 24.116409
v  3.685503 11.478041 31.064734
v  3.685503 13.306984 31.064734
v  3.685505 11.478041 24.116407
v  3.685505 13.306984 24.116409
v  3.685503 11.558711 30.758261
v  3.685503 13.226314 30.758259
v  3.685505 11.558711 24.422882
v  3.685505 13.226314 24.422882
v  1.132365 11.558711 30.758261
v  1.132365 13.226314 30.758261
v  1.132367 11.558711 24.422882
v  1.132367 13.226314 24.422882
v  3.570347 13.226314 30.630491
v  3.570348 13.226314 24.550652
v  1.247524 13.226314 24.550652
v  1.247522 13.226314 30.630491
v  3.570347 11.680424 30.630491
v  3.570348 11.680424 24.550652
v  1.247524 11.680424 24.550652
v  1.247522 11.680424 30.630491
v  3.954890 12.765688 28.248861
v  3.954890 12.565069 28.248861
v  3.954892 12.565069 26.932281
v  3.954892 12.765688 26.932281
v  3.815833 12.765688 28.248859
v  3.815832 12.565069 28.248859
v  3.815835 12.565069 26.932281
v  3.815834 12.765688 26.932281
# 32 vertices

vt 0.236552 0.013329 0.000000
vt 0.258512 0.014333 0.000000
vt 0.258285 0.016684 0.000000
vt 0.236324 0.015679 0.000000
vt 0.354812 0.279598 0.000000
vt 0.354473 0.306560 0.000000
vt 0.346068 0.306455 0.000000
vt 0.346406 0.279493 0.000000
vt 0.688230 0.632160 0.000000
vt 0.549870 0.309016 0.000000
vt 0.687566 0.756179 0.000000
vt 0.549765 0.317421 0.000000
vt 0.550209 0.282053 0.000000
vt 0.558614 0.282159 0.000000
vt 0.337464 0.305157 0.000000
vt 0.337773 0.280574 0.000000
vt 0.621388 0.758156 0.000000
vt 0.621576 0.633184 0.000000
vt 0.713110 0.600358 0.000000
vt 0.712856 0.786687 0.000000
vt 0.709054 0.785256 0.000000
vt 0.709259 0.604160 0.000000
vt 0.600358 0.788060 0.000000
vt 0.601516 0.606012 0.000000
vt 0.541827 0.320332 0.000000
vt 0.567218 0.283456 0.000000
vt 0.011792 0.458029 0.000000
vt 0.069496 0.438932 0.000000
vt 0.093777 0.552082 0.000000
vt 0.075464 0.554391 0.000000
vt 0.055124 0.744081 0.000000
vt 0.010000 0.731463 0.000000
vt 0.057601 0.650420 0.000000
vt 0.075361 0.657449 0.000000
vt 0.228344 0.020012 0.000000
vt 0.226772 0.010000 0.000000
vt 0.266492 0.010000 0.000000
vt 0.268064 0.020012 0.000000
vt 0.078497 0.658192 0.000000
vt 0.061734 0.739864 0.000000
vt 0.096478 0.551998 0.000000
vt 0.075905 0.443301 0.000000
vt 0.433797 0.296618 0.000000
vt 0.433759 0.299575 0.000000
vt 0.470821 0.297083 0.000000
vt 0.470784 0.300041 0.000000
vt 0.354368 0.314965 0.000000
vt 0.354917 0.271193 0.000000
vt 0.558275 0.309121 0.000000
vt 0.550314 0.273648 0.000000
vt 0.377951 0.318522 0.000000
vt 0.362855 0.268282 0.000000
vt 0.566909 0.308040 0.000000
vt 0.526731 0.270092 0.000000
# 54 texture coords

o 2?_??___??_?1
g 2?_??___??_?1
f 494/642 495/643 496/644 493/645 
f 465/646 466/647 470/648 469/649 
f 466/647 468/651 472/653 470/688 
f 468/651 467/654 471/655 472/690 
f 467/654 465/646 469/689 471/691 
f 469/649 470/648 474/656 473/657 
f 470/688 472/653 476/666 474/692 
f 472/690 471/655 475/667 476/694 
f 471/691 469/689 473/693 475/695 
f 473/668 474/669 478/670 477/671 
f 485/650 486/652 487/658 488/659 
f 476/672 475/673 479/674 480/675 
f 475/673 473/668 477/671 479/674 
f 478/670 480/675 479/674 477/671 
f 474/660 476/661 482/662 481/663 
f 476/672 480/675 483/680 482/681 
f 480/675 478/670 484/682 483/680 
f 478/670 474/669 481/683 484/682 
f 481/663 482/662 486/652 485/650 
f 482/662 483/664 487/658 486/652 
f 483/664 484/665 488/659 487/658 
f 484/665 481/663 485/650 488/659 
f 466/647 465/646 490/684 489/685 
f 465/646 467/654 491/686 490/684 
f 467/654 468/651 492/687 491/686 
f 468/651 466/647 489/685 492/687 
f 489/676 490/677 494/642 493/645 
f 490/677 491/678 495/643 494/642 
f 491/678 492/679 496/644 495/643 
f 492/679 489/676 493/645 496/644 
# 30 polygons

#
# object 2?_??___??_?2
#

v  3.954891 20.351353 31.064734
v  3.954891 13.724968 31.064734
v  3.954892 20.351353 27.590570
v  3.954892 13.724968 27.590570
v  3.714891 20.351353 31.064734
v  3.714891 13.724968 31.064734
v  3.714892 20.351353 27.590570
v  3.714892 13.724968 27.590570
v  4.167933 16.875807 28.134514
v  4.176602 16.868021 28.114079
v  4.192338 16.894550 28.115770
v  4.176602 16.896240 28.142298
v  4.180699 16.863831 28.085562
v  4.197480 16.892300 28.085562
v  4.202943 16.924757 28.085562
v  4.197480 16.924757 28.118019
v  4.180699 16.924757 28.146488
v  4.176602 16.868021 28.057047
v  4.192338 16.894550 28.055355
v  4.167933 16.875807 28.036612
v  4.176602 16.896240 28.028826
v  4.180699 16.924757 28.024635
v  4.197480 16.924757 28.053104
v  4.192338 16.954964 28.055355
v  4.197480 16.957214 28.085562
v  4.176602 16.953274 28.028826
v  4.167933 16.973709 28.036612
v  4.176602 16.981493 28.057047
v  4.180699 16.985683 28.085562
v  4.192338 16.954964 28.115770
v  4.176602 16.953274 28.142298
v  4.176602 16.981493 28.114079
v  4.167933 16.973709 28.134514
v  4.058977 16.872416 28.137903
v  4.058979 16.857876 28.114059
v  4.084358 16.847370 28.118633
v  4.084356 16.864071 28.146248
v  4.058981 16.852932 28.085562
v  4.084360 16.841747 28.085562
v  4.118074 16.834684 28.085562
v  4.117512 16.840733 28.121525
v  4.116949 16.858797 28.151522
v  4.058979 16.857876 28.057066
v  4.084358 16.847370 28.052492
v  4.058976 16.872416 28.033220
v  4.084356 16.864071 28.024878
v  4.116949 16.858797 28.019602
v  4.117512 16.840733 28.049599
v  4.149960 16.848850 28.053122
v  4.152209 16.843336 28.085562
v  4.147710 16.865231 28.026035
v  4.149960 16.848850 28.118002
v  4.147710 16.865231 28.145088
v  4.058979 16.896259 28.018681
v  4.084358 16.891685 28.008175
v  4.058981 16.924757 28.013737
v  4.084360 16.924757 28.002552
v  4.118074 16.924757 27.995489
v  4.117512 16.888794 28.001539
v  4.058979 16.953255 28.018681
v  4.084358 16.957829 28.008175
v  4.058976 16.977098 28.033220
v  4.084356 16.985443 28.024878
v  4.116949 16.990717 28.019602
v  4.117512 16.960720 28.001539
v  4.149960 16.957197 28.009655
v  4.152209 16.924757 28.004141
v  4.147710 16.984283 28.026035
v  4.149960 16.892317 28.009655
v  4.058979 16.991638 28.057066
v  4.084358 17.002144 28.052492
v  4.058981 16.996582 28.085562
v  4.084360 17.007767 28.085562
v  4.118074 17.014830 28.085562
v  4.117512 17.008781 28.049599
v  4.058979 16.991638 28.114059
v  4.084358 17.002144 28.118633
v  4.058977 16.977098 28.137903
v  4.084356 16.985443 28.146248
v  4.116949 16.990717 28.151522
v  4.117512 17.008781 28.121525
v  4.149960 17.000664 28.118002
v  4.152209 17.006178 28.085562
v  4.147710 16.984283 28.145088
v  4.149960 17.000664 28.053122
v  4.058979 16.953255 28.152443
v  4.084358 16.957829 28.162949
v  4.058981 16.924757 28.157387
v  4.084360 16.924757 28.168571
v  4.118074 16.924757 28.175634
v  4.117512 16.960720 28.169586
v  4.058979 16.896259 28.152443
v  4.084358 16.891685 28.162949
v  4.117512 16.888794 28.169586
v  4.149960 16.892317 28.161470
v  4.152209 16.924757 28.166983
v  4.149960 16.957197 28.161470
v  4.045635 16.873468 28.136850
v  4.045634 16.896845 28.151155
v  4.034976 16.894051 28.157722
v  4.034974 16.868332 28.141987
v  4.045634 16.924757 28.156040
v  4.034978 16.924757 28.163095
v  4.023957 16.924757 28.170065
v  4.023952 16.891285 28.164213
v  4.023948 16.863255 28.147066
v  4.045634 16.952669 28.151155
v  4.034976 16.955463 28.157722
v  4.045635 16.976046 28.136850
v  4.034974 16.981182 28.141987
v  4.023948 16.986259 28.147066
v  4.023952 16.958229 28.164213
v  4.045634 16.990351 28.113474
v  4.034976 16.996918 28.116270
v  4.045634 16.995235 28.085562
v  4.034978 17.002291 28.085562
v  4.023957 17.009260 28.085562
v  4.023952 17.003407 28.119034
v  4.045634 16.990351 28.057650
v  4.034976 16.996918 28.054855
v  4.045634 16.976046 28.034273
v  4.034974 16.981182 28.029139
v  4.023948 16.986259 28.024059
v  4.023952 17.003407 28.052090
v  4.045634 16.952669 28.019968
v  4.034976 16.955463 28.013401
v  4.045634 16.924757 28.015083
v  4.034978 16.924757 28.008028
v  4.023957 16.924757 28.001059
v  4.023952 16.958229 28.006912
v  4.045634 16.896845 28.019968
v  4.034976 16.894051 28.013401
v  4.045634 16.873468 28.034273
v  4.034974 16.868332 28.029139
v  4.023948 16.863255 28.024059
v  4.023952 16.891285 28.006912
v  4.045634 16.859163 28.057650
v  4.034976 16.852596 28.054855
v  4.045634 16.854279 28.085562
v  4.034978 16.847223 28.085562
v  4.023957 16.840254 28.085562
v  4.023952 16.846107 28.052090
v  4.045634 16.859163 28.113474
v  4.034976 16.852596 28.116270
v  4.023952 16.846107 28.119034
v  3.960956 16.924757 28.173481
v  3.947178 16.924757 28.173714
v  3.947178 16.889845 28.167604
v  3.960956 16.889935 28.167391
v  3.933535 16.924757 28.173714
v  3.933535 16.889845 28.167604
v  3.933535 16.860607 28.149712
v  3.947178 16.860607 28.149712
v  3.960956 16.860771 28.149548
v  3.960956 16.988743 28.149548
v  3.947178 16.988907 28.149712
v  3.947178 16.959669 28.167604
v  3.960956 16.959579 28.167391
v  3.933535 16.988907 28.149712
v  3.933535 16.959669 28.167604
v  3.960956 17.012676 28.085562
v  3.947178 17.012909 28.085562
v  3.947178 17.006798 28.120474
v  3.960956 17.006584 28.120384
v  3.933535 17.012909 28.085562
v  3.933535 17.006798 28.120474
v  3.960956 16.988743 28.021576
v  3.947178 16.988907 28.021412
v  3.947178 17.006798 28.050652
v  3.960956 17.006584 28.050739
v  3.933535 16.988907 28.021412
v  3.933535 17.006798 28.050652
v  3.960956 16.924757 27.997643
v  3.947178 16.924757 27.997412
v  3.947178 16.959669 28.003521
v  3.960956 16.959579 28.003735
v  3.933535 16.924757 27.997412
v  3.933535 16.959669 28.003521
v  3.960956 16.860771 28.021576
v  3.947178 16.860607 28.021412
v  3.947178 16.889845 28.003521
v  3.960956 16.889935 28.003735
v  3.933535 16.860607 28.021412
v  3.933535 16.889845 28.003521
v  3.960956 16.836838 28.085562
v  3.947178 16.836605 28.085562
v  3.947178 16.842716 28.050652
v  3.960956 16.842930 28.050739
v  3.933535 16.836605 28.085562
v  3.933535 16.842716 28.050652
v  3.947178 16.842716 28.120474
v  3.960956 16.842930 28.120384
v  3.933535 16.842716 28.120474
v  4.013769 16.924757 28.170103
v  4.004085 16.924757 28.164526
v  4.004085 16.893351 28.159143
v  4.013769 16.891226 28.164278
v  3.994458 16.924757 28.159031
v  3.994458 16.895447 28.154081
v  3.994458 16.870991 28.139330
v  4.004085 16.867104 28.143215
v  4.013768 16.863163 28.147156
v  4.013768 16.986351 28.147156
v  4.004085 16.982410 28.143215
v  4.004085 16.956163 28.159143
v  4.013769 16.958290 28.164278
v  3.994458 16.978523 28.139330
v  3.994458 16.954067 28.154081
v  4.013769 17.009298 28.085562
v  4.004085 17.003721 28.085562
v  4.004085 16.998339 28.116968
v  4.013769 17.003473 28.119095
v  3.994458 16.998226 28.085562
v  3.994458 16.993275 28.114872
v  4.013768 16.986351 28.023968
v  4.004085 16.982410 28.027908
v  4.004085 16.998339 28.054155
v  4.013768 17.003473 28.052031
v  3.994458 16.978523 28.031796
v  3.994458 16.993275 28.056252
v  4.013769 16.924757 28.001020
v  4.004085 16.924757 28.006598
v  4.004085 16.956163 28.011982
v  4.013768 16.958290 28.006847
v  3.994458 16.924757 28.012094
v  3.994458 16.954067 28.017044
v  4.013768 16.863163 28.023968
v  4.004085 16.867104 28.027908
v  4.004085 16.893351 28.011982
v  4.013768 16.891226 28.006847
v  3.994458 16.870991 28.031796
v  3.994458 16.895447 28.017044
v  4.013769 16.840216 28.085562
v  4.004085 16.845793 28.085562
v  4.004085 16.851175 28.054155
v  4.013768 16.846043 28.052031
v  3.994458 16.851290 28.085562
v  3.994458 16.856239 28.056252
v  4.004085 16.851175 28.116968
v  4.013769 16.846043 28.119095
v  3.994458 16.856239 28.114872
v  3.971458 16.863052 28.147266
v  3.978719 16.867104 28.143215
v  3.978719 16.893351 28.159143
v  3.971458 16.891165 28.164419
v  3.985884 16.870991 28.139330
v  3.985884 16.895447 28.154081
v  3.985884 16.924757 28.159031
v  3.978719 16.924757 28.164526
v  3.971458 16.924757 28.170256
v  3.978719 16.956163 28.159143
v  3.971458 16.958349 28.164419
v  3.985884 16.954067 28.154081
v  3.985884 16.978523 28.139330
v  3.978719 16.982410 28.143215
v  3.971458 16.986462 28.147266
v  3.978719 16.998339 28.116968
v  3.971458 17.003614 28.119154
v  3.985884 16.993275 28.114872
v  3.985884 16.998226 28.085562
v  3.978719 17.003721 28.085562
v  3.971458 17.009451 28.085562
v  3.978719 16.998339 28.054155
v  3.971458 17.003614 28.051970
v  3.985884 16.993275 28.056252
v  3.985884 16.978523 28.031796
v  3.978719 16.982410 28.027908
v  3.971458 16.986462 28.023857
v  3.978719 16.956163 28.011982
v  3.971458 16.958349 28.006706
v  3.985884 16.954067 28.017044
v  3.985884 16.924757 28.012094
v  3.978719 16.924757 28.006598
v  3.971458 16.924757 28.000870
v  3.978719 16.893351 28.011982
v  3.971458 16.891165 28.006706
v  3.985884 16.895447 28.017044
v  3.985884 16.870991 28.031796
v  3.978719 16.867104 28.027908
v  3.971458 16.863052 28.023857
v  3.978719 16.851175 28.054155
v  3.971458 16.845900 28.051970
v  3.985884 16.856239 28.056252
v  3.985884 16.851290 28.085562
v  3.978719 16.845793 28.085562
v  3.971458 16.840065 28.085562
v  3.978719 16.851175 28.116968
v  3.971458 16.845900 28.119154
v  3.985884 16.856239 28.114872
v  3.989761 16.924757 28.157198
v  3.989761 16.896147 28.152393
v  3.989761 16.872286 28.138033
v  3.989761 16.977228 28.138033
v  3.989761 16.953367 28.152393
v  3.989761 16.996393 28.085562
v  3.989761 16.991589 28.114174
v  3.989761 16.977228 28.033091
v  3.989761 16.991589 28.056952
v  3.989761 16.924757 28.013927
v  3.989761 16.953367 28.018730
v  3.989761 16.872286 28.033091
v  3.989761 16.896147 28.018730
v  3.989761 16.853123 28.085562
v  3.989761 16.857925 28.056952
v  3.989761 16.857925 28.114174
v  4.018641 16.924757 28.172174
v  4.018637 16.890440 28.166183
v  4.018634 16.861706 28.148615
v  4.018634 16.987808 28.148615
v  4.018637 16.959074 28.166183
v  4.018641 17.011370 28.085562
v  4.018637 17.005377 28.119879
v  4.018634 16.987808 28.022511
v  4.018637 17.005377 28.051245
v  4.018641 16.924757 27.998949
v  4.018637 16.959074 28.004942
v  4.018634 16.861706 28.022511
v  4.018637 16.890440 28.004942
v  4.018641 16.838144 28.085562
v  4.018637 16.844137 28.051245
v  4.018637 16.844137 28.119879
v  3.967294 16.861263 28.149055
v  3.967294 16.890200 28.166748
v  3.967294 16.924757 28.172785
v  3.967294 16.959314 28.166748
v  3.967294 16.988251 28.149055
v  3.967294 17.005943 28.120119
v  3.967294 17.011978 28.085562
v  3.967294 17.005943 28.051004
v  3.967294 16.988251 28.022070
v  3.967294 16.959314 28.004375
v  3.967294 16.924757 27.998341
v  3.967294 16.890200 28.004375
v  3.967294 16.861263 28.022070
v  3.967294 16.843571 28.051004
v  3.967294 16.837536 28.085562
v  3.967294 16.843571 28.120119
v  4.049852 16.875189 28.135130
v  4.049853 16.897781 28.148954
v  4.049854 16.924757 28.153675
v  4.049854 16.856646 28.085562
v  4.049853 16.861366 28.112539
v  4.049853 16.951733 28.148954
v  4.049852 16.974325 28.135130
v  4.049853 16.988150 28.112539
v  4.049854 16.992870 28.085562
v  4.049853 16.988150 28.058586
v  4.049852 16.974325 28.035994
v  4.049853 16.951733 28.022169
v  4.049853 16.924757 28.017450
v  4.049853 16.897781 28.022169
v  4.049852 16.875189 28.035994
v  4.049853 16.861366 28.058586
v  3.927604 16.889845 28.167604
v  3.927604 16.860607 28.149712
v  3.927604 16.924757 28.173714
v  3.925529 16.924757 28.173714
v  3.925529 16.889845 28.167604
v  3.925529 16.860607 28.149712
v  3.927604 16.959669 28.167604
v  3.927604 16.988907 28.149712
v  3.925529 16.988907 28.149712
v  3.925529 16.959669 28.167604
v  3.927604 17.006798 28.120474
v  3.927604 17.012909 28.085562
v  3.925529 17.012909 28.085562
v  3.925529 17.006798 28.120474
v  3.927604 17.006798 28.050652
v  3.927604 16.988907 28.021412
v  3.925529 16.988907 28.021412
v  3.925529 17.006798 28.050652
v  3.927604 16.959669 28.003521
v  3.927604 16.924757 27.997412
v  3.925529 16.924757 27.997412
v  3.925529 16.959669 28.003521
v  3.927604 16.889845 28.003521
v  3.927604 16.860607 28.021412
v  3.925529 16.860607 28.021412
v  3.925529 16.889845 28.003521
v  3.927604 16.842716 28.050652
v  3.927604 16.836605 28.085562
v  3.925529 16.836605 28.085562
v  3.925529 16.842716 28.050652
v  3.927604 16.842716 28.120474
v  3.925529 16.842716 28.120474
# 385 vertices

vt 0.106856 0.618807 0.000000
vt 0.244221 0.618807 0.000000
vt 0.106856 0.709870 0.000000
vt 0.244221 0.709870 0.000000
vt 0.636946 0.016451 0.000000
vt 0.637499 0.016610 0.000000
vt 0.637314 0.017174 0.000000
vt 0.636770 0.016745 0.000000
vt 0.638471 0.016884 0.000000
vt 0.638077 0.017777 0.000000
vt 0.637602 0.018295 0.000000
vt 0.637029 0.017443 0.000000
vt 0.636572 0.016982 0.000000
vt 0.637473 0.019979 0.000000
vt 0.637296 0.019412 0.000000
vt 0.636916 0.020129 0.000000
vt 0.636745 0.019832 0.000000
vt 0.636551 0.019592 0.000000
vt 0.637015 0.019138 0.000000
vt 0.636727 0.018928 0.000000
vt 0.636938 0.018290 0.000000
vt 0.636359 0.019384 0.000000
vt 0.636143 0.019203 0.000000
vt 0.636306 0.018826 0.000000
vt 0.636412 0.018286 0.000000
vt 0.636737 0.017649 0.000000
vt 0.636377 0.017186 0.000000
vt 0.636315 0.017744 0.000000
vt 0.636158 0.017364 0.000000
vt 0.634432 0.014388 0.000000
vt 0.634838 0.013548 0.000000
vt 0.635700 0.014142 0.000000
vt 0.635247 0.014930 0.000000
vt 0.635346 0.012569 0.000000
vt 0.636372 0.013100 0.000000
vt 0.637620 0.014032 0.000000
vt 0.636589 0.014913 0.000000
vt 0.635996 0.015511 0.000000
vt 0.634761 0.023000 0.000000
vt 0.635632 0.022420 0.000000
vt 0.634368 0.022152 0.000000
vt 0.635192 0.021624 0.000000
vt 0.635951 0.021054 0.000000
vt 0.636535 0.021663 0.000000
vt 0.637212 0.020827 0.000000
vt 0.638359 0.021132 0.000000
vt 0.636537 0.020545 0.000000
vt 0.637253 0.015758 0.000000
vt 0.636573 0.016029 0.000000
vt 0.634111 0.021506 0.000000
vt 0.634942 0.021075 0.000000
vt 0.633925 0.020985 0.000000
vt 0.634764 0.020656 0.000000
vt 0.635484 0.020308 0.000000
vt 0.635658 0.020633 0.000000
vt 0.633747 0.020481 0.000000
vt 0.634588 0.020256 0.000000
vt 0.633572 0.019881 0.000000
vt 0.634399 0.019766 0.000000
vt 0.635162 0.019593 0.000000
vt 0.635317 0.019998 0.000000
vt 0.635874 0.019723 0.000000
vt 0.636049 0.019973 0.000000
vt 0.635743 0.019382 0.000000
vt 0.636223 0.020246 0.000000
vt 0.633438 0.019116 0.000000
vt 0.634233 0.019085 0.000000
vt 0.633397 0.018261 0.000000
vt 0.634175 0.018267 0.000000
vt 0.635014 0.018274 0.000000
vt 0.635051 0.019000 0.000000
vt 0.633453 0.017406 0.000000
vt 0.634246 0.017450 0.000000
vt 0.633600 0.016644 0.000000
vt 0.634424 0.016773 0.000000
vt 0.635184 0.016958 0.000000
vt 0.635063 0.017549 0.000000
vt 0.635742 0.017681 0.000000
vt 0.635769 0.018281 0.000000
vt 0.635760 0.017179 0.000000
vt 0.635732 0.018880 0.000000
vt 0.633784 0.016048 0.000000
vt 0.634621 0.016286 0.000000
vt 0.633970 0.015546 0.000000
vt 0.634803 0.015889 0.000000
vt 0.635517 0.016249 0.000000
vt 0.635345 0.016556 0.000000
vt 0.634165 0.015029 0.000000
vt 0.634988 0.015473 0.000000
vt 0.635696 0.015927 0.000000
vt 0.636255 0.016323 0.000000
vt 0.636076 0.016593 0.000000
vt 0.635898 0.016840 0.000000
vt 0.633911 0.014127 0.000000
vt 0.633610 0.014791 0.000000
vt 0.633133 0.014675 0.000000
vt 0.633432 0.014025 0.000000
vt 0.633393 0.015341 0.000000
vt 0.632936 0.015195 0.000000
vt 0.632539 0.015074 0.000000
vt 0.632707 0.014581 0.000000
vt 0.632975 0.013931 0.000000
vt 0.633236 0.015897 0.000000
vt 0.632803 0.015722 0.000000
vt 0.633096 0.016552 0.000000
vt 0.632689 0.016383 0.000000
vt 0.632288 0.016225 0.000000
vt 0.632410 0.015569 0.000000
vt 0.632981 0.017363 0.000000
vt 0.632584 0.017258 0.000000
vt 0.632933 0.018257 0.000000
vt 0.632535 0.018253 0.000000
vt 0.632118 0.018250 0.000000
vt 0.632173 0.017156 0.000000
vt 0.632965 0.019151 0.000000
vt 0.632567 0.019249 0.000000
vt 0.633067 0.019964 0.000000
vt 0.632657 0.020127 0.000000
vt 0.632252 0.020278 0.000000
vt 0.632154 0.019345 0.000000
vt 0.633196 0.020623 0.000000
vt 0.632760 0.020790 0.000000
vt 0.633343 0.021181 0.000000
vt 0.632884 0.021320 0.000000
vt 0.632484 0.021434 0.000000
vt 0.632364 0.020936 0.000000
vt 0.633551 0.021736 0.000000
vt 0.633072 0.021843 0.000000
vt 0.633842 0.022405 0.000000
vt 0.633360 0.022499 0.000000
vt 0.632901 0.022586 0.000000
vt 0.632644 0.021931 0.000000
vt 0.634245 0.023265 0.000000
vt 0.633781 0.023400 0.000000
vt 0.634724 0.024242 0.000000
vt 0.634292 0.024466 0.000000
vt 0.633845 0.024689 0.000000
vt 0.633314 0.023533 0.000000
vt 0.634327 0.013275 0.000000
vt 0.633866 0.013133 0.000000
vt 0.633403 0.012993 0.000000
vt 0.629830 0.014341 0.000000
vt 0.629318 0.014213 0.000000
vt 0.629514 0.013541 0.000000
vt 0.630031 0.013714 0.000000
vt 0.628772 0.014077 0.000000
vt 0.628976 0.013367 0.000000
vt 0.629283 0.012510 0.000000
vt 0.629822 0.012721 0.000000
vt 0.630352 0.012935 0.000000
vt 0.629628 0.015810 0.000000
vt 0.629070 0.015754 0.000000
vt 0.629178 0.014896 0.000000
vt 0.629711 0.014985 0.000000
vt 0.628500 0.015695 0.000000
vt 0.628622 0.014799 0.000000
vt 0.629530 0.018227 0.000000
vt 0.628954 0.018222 0.000000
vt 0.628991 0.016901 0.000000
vt 0.629564 0.016931 0.000000
vt 0.628375 0.018218 0.000000
vt 0.628413 0.016872 0.000000
vt 0.629584 0.020646 0.000000
vt 0.629024 0.020691 0.000000
vt 0.628968 0.019543 0.000000
vt 0.629541 0.019524 0.000000
vt 0.628459 0.020740 0.000000
vt 0.628392 0.019563 0.000000
vt 0.629759 0.022119 0.000000
vt 0.629245 0.022237 0.000000
vt 0.629117 0.021552 0.000000
vt 0.629652 0.021472 0.000000
vt 0.628696 0.022361 0.000000
vt 0.628561 0.021636 0.000000
vt 0.630256 0.023537 0.000000
vt 0.629720 0.023742 0.000000
vt 0.629428 0.022914 0.000000
vt 0.629949 0.022751 0.000000
vt 0.629174 0.023944 0.000000
vt 0.628883 0.023078 0.000000
vt 0.631275 0.025849 0.000000
vt 0.630720 0.026100 0.000000
vt 0.630167 0.024835 0.000000
vt 0.630715 0.024603 0.000000
vt 0.630165 0.026341 0.000000
vt 0.629619 0.025063 0.000000
vt 0.630287 0.011641 0.000000
vt 0.630828 0.011881 0.000000
vt 0.629745 0.011404 0.000000
vt 0.632217 0.014978 0.000000
vt 0.631852 0.014874 0.000000
vt 0.632019 0.014293 0.000000
vt 0.632374 0.014464 0.000000
vt 0.631406 0.014751 0.000000
vt 0.631600 0.014095 0.000000
vt 0.631875 0.013328 0.000000
vt 0.632260 0.013566 0.000000
vt 0.632613 0.013785 0.000000
vt 0.631928 0.016162 0.000000
vt 0.631535 0.016168 0.000000
vt 0.631695 0.015450 0.000000
vt 0.632077 0.015489 0.000000
vt 0.631105 0.016182 0.000000
vt 0.631244 0.015407 0.000000
vt 0.631737 0.018247 0.000000
vt 0.631356 0.018243 0.000000
vt 0.631407 0.017135 0.000000
vt 0.631795 0.017119 0.000000
vt 0.630961 0.018240 0.000000
vt 0.631003 0.017156 0.000000
vt 0.631891 0.020334 0.000000
vt 0.631499 0.020321 0.000000
vt 0.631388 0.019353 0.000000
vt 0.631775 0.019375 0.000000
vt 0.631069 0.020300 0.000000
vt 0.630984 0.019324 0.000000
vt 0.632160 0.021524 0.000000
vt 0.631793 0.021622 0.000000
vt 0.631646 0.021043 0.000000
vt 0.632029 0.021010 0.000000
vt 0.631345 0.021738 0.000000
vt 0.631194 0.021078 0.000000
vt 0.632536 0.022726 0.000000
vt 0.632179 0.022939 0.000000
vt 0.631950 0.022207 0.000000
vt 0.632308 0.022041 0.000000
vt 0.631789 0.023170 0.000000
vt 0.631527 0.022397 0.000000
vt 0.633440 0.024870 0.000000
vt 0.633040 0.025034 0.000000
vt 0.632556 0.023914 0.000000
vt 0.632925 0.023699 0.000000
vt 0.632642 0.025198 0.000000
vt 0.632177 0.024134 0.000000
vt 0.632653 0.012599 0.000000
vt 0.633017 0.012820 0.000000
vt 0.632278 0.012373 0.000000
vt 0.630781 0.013070 0.000000
vt 0.631135 0.013125 0.000000
vt 0.630805 0.013892 0.000000
vt 0.630447 0.013829 0.000000
vt 0.631500 0.013178 0.000000
vt 0.631192 0.013958 0.000000
vt 0.630974 0.014635 0.000000
vt 0.630588 0.014534 0.000000
vt 0.630236 0.014444 0.000000
vt 0.630466 0.015196 0.000000
vt 0.630127 0.015081 0.000000
vt 0.630830 0.015325 0.000000
vt 0.630721 0.016132 0.000000
vt 0.630387 0.016008 0.000000
vt 0.630059 0.015892 0.000000
vt 0.630324 0.017057 0.000000
vt 0.630004 0.016983 0.000000
vt 0.630641 0.017132 0.000000
vt 0.630605 0.018237 0.000000
vt 0.630290 0.018234 0.000000
vt 0.629971 0.018231 0.000000
vt 0.630303 0.019412 0.000000
vt 0.629982 0.019480 0.000000
vt 0.630621 0.019342 0.000000
vt 0.630684 0.020343 0.000000
vt 0.630348 0.020461 0.000000
vt 0.630017 0.020572 0.000000
vt 0.630412 0.021275 0.000000
vt 0.630070 0.021385 0.000000
vt 0.630778 0.021152 0.000000
vt 0.630910 0.021846 0.000000
vt 0.630522 0.021940 0.000000
vt 0.630168 0.022024 0.000000
vt 0.630728 0.022587 0.000000
vt 0.630368 0.022643 0.000000
vt 0.631116 0.022528 0.000000
vt 0.631411 0.023314 0.000000
vt 0.631044 0.023361 0.000000
vt 0.630688 0.023411 0.000000
vt 0.631486 0.024366 0.000000
vt 0.631150 0.024447 0.000000
vt 0.631821 0.024286 0.000000
vt 0.632297 0.025351 0.000000
vt 0.632001 0.025497 0.000000
vt 0.631699 0.025649 0.000000
vt 0.631593 0.012131 0.000000
vt 0.631260 0.012044 0.000000
vt 0.631925 0.012216 0.000000
vt 0.631173 0.014688 0.000000
vt 0.631387 0.013999 0.000000
vt 0.631683 0.013219 0.000000
vt 0.630893 0.016184 0.000000
vt 0.631016 0.015384 0.000000
vt 0.630768 0.018238 0.000000
vt 0.630805 0.017161 0.000000
vt 0.630857 0.020295 0.000000
vt 0.630786 0.019316 0.000000
vt 0.631110 0.021797 0.000000
vt 0.630966 0.021097 0.000000
vt 0.631595 0.023277 0.000000
vt 0.631312 0.022490 0.000000
vt 0.632453 0.025278 0.000000
vt 0.631990 0.024235 0.000000
vt 0.632094 0.012270 0.000000
vt 0.632374 0.015025 0.000000
vt 0.632528 0.014539 0.000000
vt 0.632776 0.013881 0.000000
vt 0.632105 0.016166 0.000000
vt 0.632242 0.015509 0.000000
vt 0.631920 0.018248 0.000000
vt 0.631979 0.017117 0.000000
vt 0.632069 0.020334 0.000000
vt 0.631959 0.019380 0.000000
vt 0.632318 0.021481 0.000000
vt 0.632195 0.020994 0.000000
vt 0.632701 0.022632 0.000000
vt 0.632464 0.021969 0.000000
vt 0.633635 0.024788 0.000000
vt 0.633103 0.023601 0.000000
vt 0.633194 0.012921 0.000000
vt 0.630597 0.013031 0.000000
vt 0.630267 0.013792 0.000000
vt 0.630059 0.014399 0.000000
vt 0.629953 0.015028 0.000000
vt 0.629883 0.015840 0.000000
vt 0.629826 0.016950 0.000000
vt 0.629793 0.018230 0.000000
vt 0.629803 0.019510 0.000000
vt 0.629840 0.020620 0.000000
vt 0.629896 0.021434 0.000000
vt 0.629990 0.022066 0.000000
vt 0.630187 0.022677 0.000000
vt 0.630503 0.023446 0.000000
vt 0.630968 0.024499 0.000000
vt 0.631529 0.025731 0.000000
vt 0.631079 0.011989 0.000000
vt 0.634099 0.014171 0.000000
vt 0.633803 0.014840 0.000000
vt 0.633585 0.015407 0.000000
vt 0.634986 0.012395 0.000000
vt 0.634505 0.013335 0.000000
vt 0.633410 0.015971 0.000000
vt 0.633254 0.016619 0.000000
vt 0.633133 0.017401 0.000000
vt 0.633086 0.018258 0.000000
vt 0.633118 0.019116 0.000000
vt 0.633226 0.019901 0.000000
vt 0.633371 0.020552 0.000000
vt 0.633537 0.021119 0.000000
vt 0.633746 0.021689 0.000000
vt 0.634031 0.022364 0.000000
vt 0.634424 0.023208 0.000000
vt 0.628733 0.013289 0.000000
vt 0.629043 0.012418 0.000000
vt 0.628527 0.014016 0.000000
vt 0.628439 0.013994 0.000000
vt 0.628646 0.013262 0.000000
vt 0.628959 0.012385 0.000000
vt 0.628371 0.014755 0.000000
vt 0.628247 0.015668 0.000000
vt 0.628157 0.015659 0.000000
vt 0.628281 0.014740 0.000000
vt 0.628160 0.016859 0.000000
vt 0.628121 0.018215 0.000000
vt 0.628032 0.018215 0.000000
vt 0.628070 0.016854 0.000000
vt 0.628138 0.019572 0.000000
vt 0.628205 0.020762 0.000000
vt 0.628115 0.020770 0.000000
vt 0.628048 0.019575 0.000000
vt 0.628310 0.021674 0.000000
vt 0.628447 0.022416 0.000000
vt 0.628359 0.022436 0.000000
vt 0.628220 0.021687 0.000000
vt 0.628637 0.023150 0.000000
vt 0.628932 0.024032 0.000000
vt 0.628846 0.024063 0.000000
vt 0.628550 0.023176 0.000000
vt 0.629378 0.025162 0.000000
vt 0.629923 0.026444 0.000000
vt 0.629839 0.026480 0.000000
vt 0.629293 0.025197 0.000000
vt 0.629508 0.011302 0.000000
vt 0.629424 0.011266 0.000000
vt 0.222537 0.811795 0.000000
vt 0.097809 0.811795 0.000000
vt 0.097809 0.733665 0.000000
vt 0.222537 0.733665 0.000000
vt 0.236551 0.820573 0.000000
vt 0.083795 0.820573 0.000000
vt 0.083795 0.724887 0.000000
vt 0.236551 0.724887 0.000000
vt 0.638449 0.019720 0.000000
vt 0.638069 0.018821 0.000000
vt 0.635253 0.023988 0.000000
vt 0.636288 0.023473 0.000000
vt 0.637552 0.022560 0.000000
vt 0.638403 0.015472 0.000000
vt 0.634821 0.012307 0.000000
vt 0.634394 0.012077 0.000000
vt 0.633951 0.011847 0.000000
vt 0.631407 0.010649 0.000000
vt 0.630858 0.010391 0.000000
vt 0.630310 0.010144 0.000000
vt 0.633550 0.011660 0.000000
vt 0.633154 0.011490 0.000000
vt 0.632759 0.011320 0.000000
vt 0.632418 0.011162 0.000000
vt 0.632125 0.011011 0.000000
vt 0.631826 0.010856 0.000000
vt 0.632572 0.011237 0.000000
vt 0.633744 0.011745 0.000000
vt 0.631658 0.010770 0.000000
vt 0.634890 0.024156 0.000000
vt 0.630072 0.010037 0.000000
vt 0.629989 0.010000 0.000000
# 413 texture coords

o 2?_??___??_?2
g 2?_??___??_?2
f 497/1077 498/1078 500/1079 499/1080 
f 504/699 502/697 501/696 503/698 
f 498/1078 497/1077 501/1081 502/1082 
f 500/1079 498/1078 502/1082 504/1083 
f 499/1080 500/1079 504/1083 503/1084 
f 497/1077 499/1080 503/1084 501/1081 
f 505/700 506/701 507/702 508/703 
f 506/701 509/704 510/705 507/702 
f 507/702 510/705 511/706 512/707 
f 508/703 507/702 512/707 513/708 
f 509/1085 514/709 515/710 510/1086 
f 514/709 516/711 517/712 515/710 
f 515/710 517/712 518/713 519/714 
f 510/1086 515/710 519/714 511/706 
f 511/706 519/714 520/715 521/716 
f 519/714 518/713 522/717 520/715 
f 520/715 522/717 523/718 524/719 
f 521/716 520/715 524/719 525/720 
f 513/708 512/707 526/721 527/722 
f 512/707 511/706 521/716 526/721 
f 526/721 521/716 525/720 528/723 
f 527/722 526/721 528/723 529/724 
f 530/725 531/726 532/727 533/728 
f 531/726 534/729 535/730 532/727 
f 532/727 535/730 536/731 537/732 
f 533/728 532/727 537/732 538/733 
f 534/1087 539/734 540/735 535/1088 
f 539/734 541/736 542/737 540/735 
f 540/735 542/737 543/738 544/739 
f 535/1088 540/735 544/739 536/1089 
f 536/1089 544/739 545/740 546/741 
f 544/739 543/738 547/742 545/740 
f 545/740 547/742 516/711 514/709 
f 546/741 545/740 514/709 509/1085 
f 538/733 537/732 548/743 549/744 
f 537/732 536/731 546/1090 548/743 
f 548/743 546/1090 509/704 506/701 
f 549/744 548/743 506/701 505/700 
f 541/736 550/745 551/746 542/737 
f 550/745 552/747 553/748 551/746 
f 551/746 553/748 554/749 555/750 
f 542/737 551/746 555/750 543/738 
f 552/747 556/751 557/752 553/748 
f 556/751 558/753 559/754 557/752 
f 557/752 559/754 560/755 561/756 
f 553/748 557/752 561/756 554/749 
f 554/749 561/756 562/757 563/758 
f 561/756 560/755 564/759 562/757 
f 562/757 564/759 523/718 522/717 
f 563/758 562/757 522/717 518/713 
f 543/738 555/750 565/760 547/742 
f 555/750 554/749 563/758 565/760 
f 565/760 563/758 518/713 517/712 
f 547/742 565/760 517/712 516/711 
f 558/753 566/761 567/762 559/754 
f 566/761 568/763 569/764 567/762 
f 567/762 569/764 570/765 571/766 
f 559/754 567/762 571/766 560/755 
f 568/763 572/767 573/768 569/764 
f 572/767 574/769 575/770 573/768 
f 573/768 575/770 576/771 577/772 
f 569/764 573/768 577/772 570/765 
f 570/765 577/772 578/773 579/774 
f 577/772 576/771 580/775 578/773 
f 578/773 580/775 529/724 528/723 
f 579/774 578/773 528/723 525/720 
f 560/755 571/766 581/776 564/759 
f 571/766 570/765 579/774 581/776 
f 581/776 579/774 525/720 524/719 
f 564/759 581/776 524/719 523/718 
f 574/769 582/777 583/778 575/770 
f 582/777 584/779 585/780 583/778 
f 583/778 585/780 586/781 587/782 
f 575/770 583/778 587/782 576/771 
f 584/779 588/783 589/784 585/780 
f 588/783 530/725 533/728 589/784 
f 589/784 533/728 538/733 590/785 
f 585/780 589/784 590/785 586/781 
f 586/781 590/785 591/786 592/787 
f 590/785 538/733 549/744 591/786 
f 591/786 549/744 505/700 508/703 
f 592/787 591/786 508/703 513/708 
f 576/771 587/782 593/788 580/775 
f 587/782 586/781 592/787 593/788 
f 593/788 592/787 513/708 527/722 
f 580/775 593/788 527/722 529/724 
f 594/789 595/790 596/791 597/792 
f 595/790 598/793 599/794 596/791 
f 596/791 599/794 600/795 601/796 
f 597/792 596/791 601/796 602/797 
f 598/793 603/798 604/799 599/794 
f 603/798 605/800 606/801 604/799 
f 604/799 606/801 607/802 608/803 
f 599/794 604/799 608/803 600/795 
f 605/800 609/804 610/805 606/801 
f 609/804 611/806 612/807 610/805 
f 610/805 612/807 613/808 614/809 
f 606/801 610/805 614/809 607/802 
f 611/806 615/810 616/811 612/807 
f 615/810 617/812 618/813 616/811 
f 616/811 618/813 619/814 620/815 
f 612/807 616/811 620/815 613/808 
f 617/812 621/816 622/817 618/813 
f 621/816 623/818 624/819 622/817 
f 622/817 624/819 625/820 626/821 
f 618/813 622/817 626/821 619/814 
f 623/818 627/822 628/823 624/819 
f 627/822 629/824 630/825 628/823 
f 628/823 630/825 631/826 632/827 
f 624/819 628/823 632/827 625/820 
f 629/824 633/828 634/829 630/825 
f 633/828 635/830 636/831 634/829 
f 634/829 636/831 637/832 638/833 
f 630/825 634/829 638/833 631/826 
f 635/1091 639/834 640/835 636/1092 
f 639/834 594/789 597/792 640/835 
f 640/835 597/792 602/797 641/836 
f 636/1092 640/835 641/836 637/1093 
f 642/837 643/838 644/839 645/840 
f 643/838 646/841 647/842 644/839 
f 644/839 647/842 648/843 649/844 
f 645/840 644/839 649/844 650/845 
f 651/846 652/847 653/848 654/849 
f 652/847 655/850 656/851 653/848 
f 653/848 656/851 646/841 643/838 
f 654/849 653/848 643/838 642/837 
f 657/852 658/853 659/854 660/855 
f 658/853 661/856 662/857 659/854 
f 659/854 662/857 655/850 652/847 
f 660/855 659/854 652/847 651/846 
f 663/858 664/859 665/860 666/861 
f 664/859 667/862 668/863 665/860 
f 665/860 668/863 661/856 658/853 
f 666/861 665/860 658/853 657/852 
f 669/864 670/865 671/866 672/867 
f 670/865 673/868 674/869 671/866 
f 671/866 674/869 667/862 664/859 
f 672/867 671/866 664/859 663/858 
f 675/870 676/871 677/872 678/873 
f 676/871 679/874 680/875 677/872 
f 677/872 680/875 673/868 670/865 
f 678/873 677/872 670/865 669/864 
f 681/876 682/877 683/878 684/879 
f 682/877 685/880 686/881 683/878 
f 683/878 686/881 679/874 676/871 
f 684/879 683/878 676/871 675/870 
f 650/845 649/844 687/882 688/883 
f 649/844 648/843 689/884 687/882 
f 687/882 689/884 685/1096 682/1095 
f 688/883 687/882 682/1095 681/1094 
f 690/885 691/886 692/887 693/888 
f 691/886 694/889 695/890 692/887 
f 692/887 695/890 696/891 697/892 
f 693/888 692/887 697/892 698/893 
f 699/894 700/895 701/896 702/897 
f 700/895 703/898 704/899 701/896 
f 701/896 704/899 694/889 691/886 
f 702/897 701/896 691/886 690/885 
f 705/900 706/901 707/902 708/903 
f 706/901 709/904 710/905 707/902 
f 707/902 710/905 703/898 700/895 
f 708/903 707/902 700/895 699/894 
f 711/906 712/907 713/908 714/909 
f 712/907 715/910 716/911 713/908 
f 713/908 716/911 709/904 706/901 
f 714/909 713/908 706/901 705/900 
f 717/912 718/913 719/914 720/915 
f 718/913 721/916 722/917 719/914 
f 719/914 722/917 715/910 712/907 
f 720/915 719/914 712/907 711/906 
f 723/918 724/919 725/920 726/921 
f 724/919 727/922 728/923 725/920 
f 725/920 728/923 721/916 718/913 
f 726/921 725/920 718/913 717/912 
f 729/924 730/925 731/926 732/927 
f 730/925 733/928 734/929 731/926 
f 731/926 734/929 727/922 724/919 
f 732/927 731/926 724/919 723/918 
f 698/893 697/892 735/930 736/931 
f 697/892 696/891 737/932 735/930 
f 735/930 737/932 733/1099 730/1098 
f 736/931 735/930 730/1098 729/1097 
f 738/933 739/934 740/935 741/936 
f 739/934 742/937 743/938 740/935 
f 740/935 743/938 744/939 745/940 
f 741/936 740/935 745/940 746/941 
f 746/941 745/940 747/942 748/943 
f 745/940 744/939 749/944 747/942 
f 747/942 749/944 750/945 751/946 
f 748/943 747/942 751/946 752/947 
f 752/947 751/946 753/948 754/949 
f 751/946 750/945 755/950 753/948 
f 753/948 755/950 756/951 757/952 
f 754/949 753/948 757/952 758/953 
f 758/953 757/952 759/954 760/955 
f 757/952 756/951 761/956 759/954 
f 759/954 761/956 762/957 763/958 
f 760/955 759/954 763/958 764/959 
f 764/959 763/958 765/960 766/961 
f 763/958 762/957 767/962 765/960 
f 765/960 767/962 768/963 769/964 
f 766/961 765/960 769/964 770/965 
f 770/965 769/964 771/966 772/967 
f 769/964 768/963 773/968 771/966 
f 771/966 773/968 774/969 775/970 
f 772/967 771/966 775/970 776/971 
f 776/971 775/970 777/972 778/973 
f 775/970 774/969 779/974 777/972 
f 777/972 779/974 780/975 781/976 
f 778/973 777/972 781/976 782/977 
f 782/1102 781/1101 783/978 784/979 
f 781/1101 780/1100 785/980 783/978 
f 783/978 785/980 742/937 739/934 
f 784/979 783/978 739/934 738/933 
f 694/889 786/981 787/982 695/890 
f 786/981 744/939 743/938 787/982 
f 787/982 743/938 742/937 788/983 
f 695/890 787/982 788/983 696/891 
f 703/898 789/984 790/985 704/899 
f 789/984 750/945 749/944 790/985 
f 790/985 749/944 744/939 786/981 
f 704/899 790/985 786/981 694/889 
f 709/904 791/986 792/987 710/905 
f 791/986 756/951 755/950 792/987 
f 792/987 755/950 750/945 789/984 
f 710/905 792/987 789/984 703/898 
f 715/910 793/988 794/989 716/911 
f 793/988 762/957 761/956 794/989 
f 794/989 761/956 756/951 791/986 
f 716/911 794/989 791/986 709/904 
f 721/916 795/990 796/991 722/917 
f 795/990 768/963 767/962 796/991 
f 796/991 767/962 762/957 793/988 
f 722/917 796/991 793/988 715/910 
f 727/922 797/992 798/993 728/923 
f 797/992 774/969 773/968 798/993 
f 798/993 773/968 768/963 795/990 
f 728/923 798/993 795/990 721/916 
f 733/928 799/994 800/995 734/929 
f 799/994 780/975 779/974 800/995 
f 800/995 779/974 774/969 797/992 
f 734/929 800/995 797/992 727/922 
f 696/891 788/983 801/996 737/932 
f 788/983 742/937 785/980 801/996 
f 801/996 785/980 780/1100 799/1103 
f 737/932 801/996 799/1103 733/1099 
f 600/795 802/997 803/998 601/796 
f 802/997 690/885 693/888 803/998 
f 803/998 693/888 698/893 804/999 
f 601/796 803/998 804/999 602/797 
f 607/802 805/1000 806/1001 608/803 
f 805/1000 699/894 702/897 806/1001 
f 806/1001 702/897 690/885 802/997 
f 608/803 806/1001 802/997 600/795 
f 613/808 807/1002 808/1003 614/809 
f 807/1002 705/900 708/903 808/1003 
f 808/1003 708/903 699/894 805/1000 
f 614/809 808/1003 805/1000 607/802 
f 619/814 809/1004 810/1005 620/815 
f 809/1004 711/906 714/909 810/1005 
f 810/1005 714/909 705/900 807/1002 
f 620/815 810/1005 807/1002 613/808 
f 625/820 811/1006 812/1007 626/821 
f 811/1006 717/912 720/915 812/1007 
f 812/1007 720/915 711/906 809/1004 
f 626/821 812/1007 809/1004 619/814 
f 631/826 813/1008 814/1009 632/827 
f 813/1008 723/918 726/921 814/1009 
f 814/1009 726/921 717/912 811/1006 
f 632/827 814/1009 811/1006 625/820 
f 637/832 815/1010 816/1011 638/833 
f 815/1010 729/924 732/927 816/1011 
f 816/1011 732/927 723/918 813/1008 
f 638/833 816/1011 813/1008 631/826 
f 602/797 804/999 817/1012 641/836 
f 804/999 698/893 736/931 817/1012 
f 817/1012 736/931 729/1097 815/1104 
f 641/836 817/1012 815/1104 637/1093 
f 650/845 818/1013 819/1014 645/840 
f 818/1013 738/933 741/936 819/1014 
f 819/1014 741/936 746/941 820/1015 
f 645/840 819/1014 820/1015 642/837 
f 642/837 820/1015 821/1016 654/849 
f 820/1015 746/941 748/943 821/1016 
f 821/1016 748/943 752/947 822/1017 
f 654/849 821/1016 822/1017 651/846 
f 651/846 822/1017 823/1018 660/855 
f 822/1017 752/947 754/949 823/1018 
f 823/1018 754/949 758/953 824/1019 
f 660/855 823/1018 824/1019 657/852 
f 657/852 824/1019 825/1020 666/861 
f 824/1019 758/953 760/955 825/1020 
f 825/1020 760/955 764/959 826/1021 
f 666/861 825/1020 826/1021 663/858 
f 663/858 826/1021 827/1022 672/867 
f 826/1021 764/959 766/961 827/1022 
f 827/1022 766/961 770/965 828/1023 
f 672/867 827/1022 828/1023 669/864 
f 669/864 828/1023 829/1024 678/873 
f 828/1023 770/965 772/967 829/1024 
f 829/1024 772/967 776/971 830/1025 
f 678/873 829/1024 830/1025 675/870 
f 675/870 830/1025 831/1026 684/879 
f 830/1025 776/971 778/973 831/1026 
f 831/1026 778/973 782/977 832/1027 
f 684/879 831/1026 832/1027 681/876 
f 681/1094 832/1105 833/1028 688/883 
f 832/1105 782/1102 784/979 833/1028 
f 833/1028 784/979 738/933 818/1013 
f 688/883 833/1028 818/1013 650/845 
f 594/789 834/1029 835/1030 595/790 
f 834/1029 530/725 588/783 835/1030 
f 835/1030 588/783 584/779 836/1031 
f 595/790 835/1030 836/1031 598/793 
f 635/1091 837/1032 838/1033 639/834 
f 837/1032 534/729 531/726 838/1033 
f 838/1033 531/726 530/725 834/1029 
f 639/834 838/1033 834/1029 594/789 
f 598/793 836/1031 839/1034 603/798 
f 836/1031 584/779 582/777 839/1034 
f 839/1034 582/777 574/769 840/1035 
f 603/798 839/1034 840/1035 605/800 
f 605/800 840/1035 841/1036 609/804 
f 840/1035 574/769 572/767 841/1036 
f 841/1036 572/767 568/763 842/1037 
f 609/804 841/1036 842/1037 611/806 
f 611/806 842/1037 843/1038 615/810 
f 842/1037 568/763 566/761 843/1038 
f 843/1038 566/761 558/753 844/1039 
f 615/810 843/1038 844/1039 617/812 
f 617/812 844/1039 845/1040 621/816 
f 844/1039 558/753 556/751 845/1040 
f 845/1040 556/751 552/747 846/1041 
f 621/816 845/1040 846/1041 623/818 
f 623/818 846/1041 847/1042 627/822 
f 846/1041 552/747 550/745 847/1042 
f 847/1042 550/745 541/736 848/1043 
f 627/822 847/1042 848/1043 629/824 
f 629/824 848/1043 849/1044 633/828 
f 848/1043 541/736 539/734 849/1044 
f 849/1044 539/734 534/1087 837/1106 
f 633/828 849/1044 837/1106 635/830 
f 648/843 647/842 850/1045 851/1046 
f 647/842 646/841 852/1047 850/1045 
f 850/1045 852/1047 853/1048 854/1049 
f 851/1046 850/1045 854/1049 855/1050 
f 646/841 656/851 856/1051 852/1047 
f 656/851 655/850 857/1052 856/1051 
f 856/1051 857/1052 858/1053 859/1054 
f 852/1047 856/1051 859/1054 853/1048 
f 655/850 662/857 860/1055 857/1052 
f 662/857 661/856 861/1056 860/1055 
f 860/1055 861/1056 862/1057 863/1058 
f 857/1052 860/1055 863/1058 858/1053 
f 661/856 668/863 864/1059 861/1056 
f 668/863 667/862 865/1060 864/1059 
f 864/1059 865/1060 866/1061 867/1062 
f 861/1056 864/1059 867/1062 862/1057 
f 667/862 674/869 868/1063 865/1060 
f 674/869 673/868 869/1064 868/1063 
f 868/1063 869/1064 870/1065 871/1066 
f 865/1060 868/1063 871/1066 866/1061 
f 673/868 680/875 872/1067 869/1064 
f 680/875 679/874 873/1068 872/1067 
f 872/1067 873/1068 874/1069 875/1070 
f 869/1064 872/1067 875/1070 870/1065 
f 679/874 686/881 876/1071 873/1068 
f 686/881 685/880 877/1072 876/1071 
f 876/1071 877/1072 878/1073 879/1074 
f 873/1068 876/1071 879/1074 874/1069 
f 685/1096 689/884 880/1075 877/1107 
f 689/884 648/843 851/1046 880/1075 
f 880/1075 851/1046 855/1050 881/1076 
f 877/1107 880/1075 881/1076 878/1108 
# 374 polygons

#
# object 2?_??___??_?3
#

v  3.954892 20.351353 24.116409
v  3.954892 13.724968 24.116409
v  3.954891 20.351353 27.590570
v  3.954891 13.724968 27.590570
v  3.714892 20.351353 24.116409
v  3.714892 13.724968 24.116409
v  3.714891 20.351353 27.590570
v  3.714891 13.724968 27.590570
v  4.167933 16.973709 27.047483
v  4.176602 16.981493 27.067919
v  4.192338 16.954964 27.066227
v  4.176602 16.953274 27.039698
v  4.180699 16.985683 27.096434
v  4.197480 16.957214 27.096434
v  4.202943 16.924757 27.096434
v  4.197480 16.924757 27.063978
v  4.180699 16.924757 27.035507
v  4.176602 16.981493 27.124950
v  4.192338 16.954964 27.126642
v  4.167933 16.973709 27.145386
v  4.176602 16.953274 27.153170
v  4.180699 16.924757 27.157360
v  4.197480 16.924757 27.128891
v  4.192338 16.894550 27.126642
v  4.197480 16.892300 27.096434
v  4.176602 16.896240 27.153170
v  4.167933 16.875807 27.145386
v  4.176602 16.868021 27.124950
v  4.180699 16.863831 27.096434
v  4.192338 16.894550 27.066227
v  4.176602 16.896240 27.039698
v  4.176602 16.868021 27.067919
v  4.167933 16.875807 27.047483
v  4.058977 16.977098 27.044092
v  4.058979 16.991638 27.067938
v  4.084358 17.002144 27.063364
v  4.084356 16.985443 27.035749
v  4.058981 16.996582 27.096434
v  4.084360 17.007767 27.096434
v  4.118074 17.014830 27.096434
v  4.117512 17.008781 27.060471
v  4.116949 16.990717 27.030474
v  4.058979 16.991638 27.124931
v  4.084358 17.002144 27.129505
v  4.058977 16.977098 27.148775
v  4.084357 16.985443 27.157120
v  4.116949 16.990717 27.162395
v  4.117512 17.008781 27.132399
v  4.149960 17.000664 27.128874
v  4.152209 17.006178 27.096434
v  4.147710 16.984283 27.155962
v  4.149960 17.000664 27.063993
v  4.147710 16.984283 27.036907
v  4.058979 16.953255 27.163317
v  4.084358 16.957829 27.173820
v  4.058981 16.924757 27.168261
v  4.084360 16.924757 27.179443
v  4.118075 16.924757 27.186506
v  4.117512 16.960720 27.180458
v  4.058979 16.896259 27.163317
v  4.084358 16.891685 27.173820
v  4.058977 16.872416 27.148775
v  4.084357 16.864071 27.157120
v  4.116949 16.858797 27.162395
v  4.117512 16.888794 27.180458
v  4.149960 16.892317 27.172342
v  4.152209 16.924757 27.177856
v  4.147710 16.865231 27.155962
v  4.149960 16.957197 27.172342
v  4.058979 16.857876 27.124931
v  4.084358 16.847370 27.129505
v  4.058981 16.852932 27.096434
v  4.084360 16.841747 27.096434
v  4.118074 16.834686 27.096434
v  4.117512 16.840733 27.132399
v  4.058979 16.857876 27.067938
v  4.084358 16.847370 27.063364
v  4.058977 16.872416 27.044092
v  4.084356 16.864071 27.035749
v  4.116949 16.858797 27.030474
v  4.117512 16.840733 27.060471
v  4.149960 16.848850 27.063993
v  4.152209 16.843336 27.096434
v  4.147710 16.865231 27.036907
v  4.149960 16.848850 27.128874
v  4.058979 16.896259 27.029552
v  4.084358 16.891685 27.019047
v  4.058981 16.924757 27.024609
v  4.084360 16.924757 27.013424
v  4.118074 16.924757 27.006363
v  4.117512 16.888794 27.012411
v  4.058979 16.953255 27.029552
v  4.084358 16.957829 27.019047
v  4.117512 16.960720 27.012411
v  4.149960 16.957197 27.020527
v  4.152209 16.924757 27.015013
v  4.149960 16.892317 27.020527
v  4.045635 16.976046 27.045145
v  4.045634 16.952669 27.030840
v  4.034976 16.955463 27.024273
v  4.034974 16.981182 27.040010
v  4.045634 16.924757 27.025955
v  4.034978 16.924757 27.018902
v  4.023957 16.924757 27.011932
v  4.023952 16.958229 27.017784
v  4.023948 16.986259 27.034931
v  4.045634 16.896845 27.030840
v  4.034976 16.894051 27.024273
v  4.045635 16.873468 27.045145
v  4.034974 16.868332 27.040010
v  4.023948 16.863255 27.034931
v  4.023952 16.891285 27.017784
v  4.045634 16.859163 27.068521
v  4.034976 16.852596 27.065727
v  4.045634 16.854279 27.096434
v  4.034978 16.847223 27.096434
v  4.023957 16.840254 27.096434
v  4.023952 16.846107 27.062962
v  4.045634 16.859163 27.124346
v  4.034976 16.852596 27.127142
v  4.045635 16.873468 27.147722
v  4.034974 16.868332 27.152859
v  4.023949 16.863255 27.157938
v  4.023952 16.846107 27.129908
v  4.045634 16.896845 27.162027
v  4.034976 16.894051 27.168594
v  4.045634 16.924757 27.166912
v  4.034978 16.924757 27.173967
v  4.023957 16.924757 27.180937
v  4.023952 16.891285 27.175085
v  4.045634 16.952669 27.162027
v  4.034976 16.955463 27.168594
v  4.045635 16.976046 27.147722
v  4.034974 16.981182 27.152859
v  4.023949 16.986259 27.157938
v  4.023952 16.958229 27.175085
v  4.045634 16.990351 27.124346
v  4.034976 16.996918 27.127142
v  4.045634 16.995235 27.096434
v  4.034978 17.002291 27.096434
v  4.023957 17.009260 27.096434
v  4.023952 17.003407 27.129908
v  4.045634 16.990351 27.068521
v  4.034976 16.996918 27.065727
v  4.023952 17.003407 27.062962
v  3.960956 16.924757 27.008516
v  3.947178 16.924757 27.008284
v  3.947178 16.959669 27.014393
v  3.960956 16.959579 27.014606
v  3.933535 16.924757 27.008284
v  3.933535 16.959669 27.014393
v  3.933535 16.988907 27.032286
v  3.947178 16.988907 27.032286
v  3.960956 16.988743 27.032450
v  3.960956 16.860771 27.032450
v  3.947178 16.860607 27.032286
v  3.947178 16.889845 27.014393
v  3.960956 16.889935 27.014606
v  3.933535 16.860607 27.032286
v  3.933535 16.889845 27.014393
v  3.960956 16.836838 27.096434
v  3.947178 16.836605 27.096434
v  3.947178 16.842716 27.061523
v  3.960956 16.842930 27.061611
v  3.933535 16.836605 27.096434
v  3.933535 16.842716 27.061523
v  3.960957 16.860771 27.160419
v  3.947178 16.860607 27.160583
v  3.947178 16.842716 27.131346
v  3.960957 16.842930 27.131256
v  3.933535 16.860607 27.160583
v  3.933535 16.842716 27.131346
v  3.960957 16.924757 27.184353
v  3.947178 16.924757 27.184586
v  3.947178 16.889845 27.178476
v  3.960957 16.889935 27.178263
v  3.933535 16.924757 27.184586
v  3.933535 16.889845 27.178476
v  3.960957 16.988743 27.160419
v  3.947178 16.988907 27.160583
v  3.947178 16.959669 27.178476
v  3.960957 16.959579 27.178263
v  3.933535 16.988907 27.160583
v  3.933535 16.959669 27.178476
v  3.960956 17.012676 27.096434
v  3.947178 17.012909 27.096434
v  3.947178 17.006798 27.131346
v  3.960957 17.006584 27.131256
v  3.933535 17.012909 27.096434
v  3.933535 17.006798 27.131346
v  3.947178 17.006798 27.061523
v  3.960956 17.006584 27.061611
v  3.933535 17.006798 27.061523
v  4.013769 16.924757 27.011894
v  4.004085 16.924757 27.017469
v  4.004085 16.956165 27.022854
v  4.013769 16.958290 27.017719
v  3.994458 16.924757 27.022966
v  3.994458 16.954067 27.027916
v  3.994458 16.978523 27.042667
v  4.004085 16.982410 27.038780
v  4.013768 16.986351 27.034840
v  4.013768 16.863163 27.034840
v  4.004085 16.867104 27.038780
v  4.004085 16.893351 27.022854
v  4.013769 16.891226 27.017719
v  3.994458 16.870991 27.042667
v  3.994458 16.895447 27.027916
v  4.013769 16.840216 27.096434
v  4.004085 16.845793 27.096434
v  4.004085 16.851175 27.065027
v  4.013769 16.846043 27.062902
v  3.994458 16.851290 27.096434
v  3.994458 16.856239 27.067125
v  4.013768 16.863163 27.158030
v  4.004085 16.867104 27.154087
v  4.004085 16.851175 27.127842
v  4.013769 16.846043 27.129967
v  3.994458 16.870991 27.150202
v  3.994458 16.856239 27.125744
v  4.013769 16.924757 27.180975
v  4.004085 16.924757 27.175400
v  4.004085 16.893351 27.170015
v  4.013769 16.891226 27.175150
v  3.994458 16.924757 27.169903
v  3.994458 16.895447 27.164953
v  4.013768 16.986351 27.158030
v  4.004085 16.982410 27.154087
v  4.004085 16.956165 27.170015
v  4.013769 16.958290 27.175150
v  3.994458 16.978523 27.150202
v  3.994458 16.954067 27.164953
v  4.013769 17.009298 27.096434
v  4.004085 17.003721 27.096434
v  4.004085 16.998339 27.127842
v  4.013769 17.003473 27.129967
v  3.994458 16.998226 27.096434
v  3.994458 16.993277 27.125744
v  4.004085 16.998339 27.065027
v  4.013769 17.003473 27.062902
v  3.994458 16.993277 27.067125
v  3.971458 16.986462 27.034729
v  3.978719 16.982410 27.038780
v  3.978719 16.956163 27.022854
v  3.971458 16.958349 27.017578
v  3.985884 16.978523 27.042667
v  3.985884 16.954067 27.027916
v  3.985884 16.924757 27.022966
v  3.978719 16.924757 27.017469
v  3.971458 16.924757 27.011742
v  3.978719 16.893351 27.022854
v  3.971458 16.891165 27.017578
v  3.985884 16.895447 27.027916
v  3.985884 16.870991 27.042667
v  3.978719 16.867104 27.038780
v  3.971458 16.863052 27.034729
v  3.978719 16.851175 27.065027
v  3.971458 16.845900 27.062841
v  3.985884 16.856239 27.067125
v  3.985884 16.851290 27.096434
v  3.978719 16.845793 27.096434
v  3.971458 16.840065 27.096434
v  3.978719 16.851175 27.127842
v  3.971458 16.845900 27.130026
v  3.985884 16.856239 27.125744
v  3.985884 16.870991 27.150202
v  3.978719 16.867104 27.154087
v  3.971458 16.863052 27.158138
v  3.978719 16.893351 27.170015
v  3.971458 16.891165 27.175291
v  3.985884 16.895447 27.164953
v  3.985884 16.924757 27.169903
v  3.978719 16.924757 27.175400
v  3.971458 16.924757 27.181128
v  3.978719 16.956163 27.170015
v  3.971458 16.958349 27.175291
v  3.985884 16.954067 27.164953
v  3.985884 16.978523 27.150202
v  3.978719 16.982410 27.154087
v  3.971458 16.986462 27.158138
v  3.978719 16.998339 27.127842
v  3.971458 17.003614 27.130026
v  3.985884 16.993277 27.125744
v  3.985884 16.998226 27.096434
v  3.978719 17.003721 27.096434
v  3.971458 17.009451 27.096434
v  3.978719 16.998339 27.065027
v  3.971458 17.003614 27.062841
v  3.985884 16.993277 27.067125
v  3.989761 16.924757 27.024799
v  3.989761 16.953369 27.029604
v  3.989761 16.977228 27.043962
v  3.989761 16.872286 27.043962
v  3.989761 16.896147 27.029604
v  3.989761 16.853121 27.096434
v  3.989761 16.857925 27.067823
v  3.989761 16.872286 27.148907
v  3.989761 16.857925 27.125046
v  3.989761 16.924757 27.168070
v  3.989761 16.896147 27.163265
v  3.989761 16.977228 27.148907
v  3.989761 16.953369 27.163265
v  3.989761 16.996393 27.096434
v  3.989761 16.991589 27.125046
v  3.989761 16.991589 27.067823
v  4.018641 16.924757 27.009821
v  4.018637 16.959074 27.015814
v  4.018634 16.987808 27.033382
v  4.018634 16.861706 27.033382
v  4.018637 16.890440 27.015814
v  4.018641 16.838144 27.096434
v  4.018637 16.844137 27.062117
v  4.018634 16.861706 27.159487
v  4.018638 16.844137 27.130753
v  4.018641 16.924757 27.183046
v  4.018638 16.890440 27.177055
v  4.018634 16.987808 27.159487
v  4.018638 16.959074 27.177055
v  4.018641 17.011370 27.096434
v  4.018638 17.005379 27.130753
v  4.018637 17.005379 27.062117
v  3.967294 16.988251 27.032942
v  3.967294 16.959314 27.015247
v  3.967294 16.924757 27.009212
v  3.967294 16.890200 27.015247
v  3.967294 16.861263 27.032942
v  3.967294 16.843571 27.061878
v  3.967294 16.837536 27.096434
v  3.967294 16.843571 27.130991
v  3.967294 16.861263 27.159927
v  3.967294 16.890200 27.177620
v  3.967294 16.924757 27.183657
v  3.967294 16.959314 27.177620
v  3.967294 16.988251 27.159927
v  3.967294 17.005943 27.130991
v  3.967294 17.011980 27.096434
v  3.967294 17.005943 27.061878
v  4.049852 16.974325 27.046865
v  4.049853 16.951733 27.033043
v  4.049854 16.924757 27.028322
v  4.049854 16.992870 27.096434
v  4.049853 16.988150 27.069458
v  4.049853 16.897781 27.033043
v  4.049852 16.875189 27.046865
v  4.049853 16.861364 27.069458
v  4.049854 16.856646 27.096434
v  4.049853 16.861364 27.123411
v  4.049852 16.875189 27.146004
v  4.049853 16.897781 27.159826
v  4.049854 16.924757 27.164547
v  4.049853 16.951733 27.159826
v  4.049852 16.974325 27.146004
v  4.049853 16.988150 27.123411
v  3.927604 16.959669 27.014393
v  3.927604 16.988907 27.032286
v  3.927604 16.924757 27.008284
v  3.925529 16.924757 27.008284
v  3.925529 16.959669 27.014393
v  3.925529 16.988907 27.032286
v  3.927604 16.889845 27.014393
v  3.927604 16.860607 27.032286
v  3.925529 16.860607 27.032286
v  3.925529 16.889845 27.014393
v  3.927604 16.842716 27.061523
v  3.927604 16.836605 27.096434
v  3.925529 16.836605 27.096434
v  3.925529 16.842716 27.061523
v  3.927604 16.842716 27.131346
v  3.927604 16.860607 27.160583
v  3.925529 16.860607 27.160583
v  3.925529 16.842716 27.131346
v  3.927604 16.889845 27.178476
v  3.927604 16.924757 27.184586
v  3.925529 16.924757 27.184586
v  3.925529 16.889845 27.178476
v  3.927604 16.959669 27.178476
v  3.927604 16.988907 27.160583
v  3.925529 16.988907 27.160583
v  3.925529 16.959669 27.178476
v  3.927604 17.006798 27.131346
v  3.927604 17.012909 27.096434
v  3.925529 17.012909 27.096434
v  3.925529 17.006798 27.131346
v  3.927604 17.006798 27.061523
v  3.925529 17.006798 27.061523
# 385 vertices

vt 0.443544 0.981860 0.000000
vt 0.599233 0.981860 0.000000
vt 0.443544 0.904762 0.000000
vt 0.599233 0.904762 0.000000
vt 0.090767 0.017527 0.000000
vt 0.090608 0.017915 0.000000
vt 0.090177 0.017818 0.000000
vt 0.090543 0.017347 0.000000
vt 0.090509 0.018467 0.000000
vt 0.089973 0.018472 0.000000
vt 0.089296 0.018479 0.000000
vt 0.089879 0.017610 0.000000
vt 0.090344 0.017138 0.000000
vt 0.090618 0.019018 0.000000
vt 0.090189 0.019122 0.000000
vt 0.090784 0.019402 0.000000
vt 0.090564 0.019587 0.000000
vt 0.090369 0.019799 0.000000
vt 0.089896 0.019337 0.000000
vt 0.089610 0.019617 0.000000
vt 0.088821 0.019016 0.000000
vt 0.090172 0.020044 0.000000
vt 0.089998 0.020347 0.000000
vt 0.089431 0.020195 0.000000
vt 0.088435 0.019933 0.000000
vt 0.089588 0.017335 0.000000
vt 0.090142 0.016897 0.000000
vt 0.089398 0.016760 0.000000
vt 0.089963 0.016597 0.000000
vt 0.093375 0.016792 0.000000
vt 0.093525 0.017569 0.000000
vt 0.092716 0.017614 0.000000
vt 0.092534 0.016923 0.000000
vt 0.093582 0.018439 0.000000
vt 0.092789 0.018446 0.000000
vt 0.091934 0.018454 0.000000
vt 0.091884 0.017715 0.000000
vt 0.091760 0.017113 0.000000
vt 0.093541 0.019311 0.000000
vt 0.092731 0.019280 0.000000
vt 0.093404 0.020090 0.000000
vt 0.092562 0.019973 0.000000
vt 0.091784 0.019798 0.000000
vt 0.091897 0.019194 0.000000
vt 0.091203 0.019072 0.000000
vt 0.091164 0.018461 0.000000
vt 0.091193 0.019583 0.000000
vt 0.091191 0.017850 0.000000
vt 0.091172 0.017339 0.000000
vt 0.093227 0.020700 0.000000
vt 0.092370 0.020473 0.000000
vt 0.093046 0.021215 0.000000
vt 0.092191 0.020880 0.000000
vt 0.091457 0.020527 0.000000
vt 0.091627 0.020211 0.000000
vt 0.092857 0.021746 0.000000
vt 0.092011 0.021308 0.000000
vt 0.092597 0.022403 0.000000
vt 0.091756 0.021867 0.000000
vt 0.090983 0.021288 0.000000
vt 0.091281 0.020858 0.000000
vt 0.090705 0.020465 0.000000
vt 0.090882 0.020186 0.000000
vt 0.090385 0.020770 0.000000
vt 0.091059 0.019931 0.000000
vt 0.092198 0.023267 0.000000
vt 0.091310 0.022678 0.000000
vt 0.091698 0.024274 0.000000
vt 0.090643 0.023752 0.000000
vt 0.089355 0.022824 0.000000
vt 0.090389 0.021908 0.000000
vt 0.092109 0.013633 0.000000
vt 0.091231 0.014240 0.000000
vt 0.092525 0.014491 0.000000
vt 0.091693 0.015044 0.000000
vt 0.090930 0.015638 0.000000
vt 0.090324 0.015028 0.000000
vt 0.089649 0.015891 0.000000
vt 0.088474 0.015601 0.000000
vt 0.090342 0.016166 0.000000
vt 0.089698 0.021058 0.000000
vt 0.092797 0.015145 0.000000
vt 0.091958 0.015598 0.000000
vt 0.092996 0.015672 0.000000
vt 0.092147 0.016022 0.000000
vt 0.091419 0.016390 0.000000
vt 0.091236 0.016062 0.000000
vt 0.093187 0.016184 0.000000
vt 0.092333 0.016427 0.000000
vt 0.091595 0.016703 0.000000
vt 0.091032 0.016993 0.000000
vt 0.090849 0.016741 0.000000
vt 0.090667 0.016466 0.000000
vt 0.093888 0.016698 0.000000
vt 0.093745 0.016029 0.000000
vt 0.094187 0.015851 0.000000
vt 0.094303 0.016525 0.000000
vt 0.093586 0.015463 0.000000
vt 0.094051 0.015313 0.000000
vt 0.094456 0.015190 0.000000
vt 0.094588 0.015696 0.000000
vt 0.094713 0.016365 0.000000
vt 0.093364 0.014901 0.000000
vt 0.093851 0.014784 0.000000
vt 0.093057 0.014224 0.000000
vt 0.093546 0.014120 0.000000
vt 0.094013 0.014023 0.000000
vt 0.094285 0.014687 0.000000
vt 0.092631 0.013354 0.000000
vt 0.093102 0.013209 0.000000
vt 0.092125 0.012366 0.000000
vt 0.092562 0.012130 0.000000
vt 0.093014 0.011894 0.000000
vt 0.093575 0.013065 0.000000
vt 0.092724 0.023536 0.000000
vt 0.093196 0.023672 0.000000
vt 0.093133 0.022660 0.000000
vt 0.093623 0.022755 0.000000
vt 0.094091 0.022843 0.000000
vt 0.093671 0.023807 0.000000
vt 0.093428 0.021978 0.000000
vt 0.093916 0.022087 0.000000
vt 0.093639 0.021413 0.000000
vt 0.094107 0.021554 0.000000
vt 0.094513 0.021670 0.000000
vt 0.094351 0.022176 0.000000
vt 0.093788 0.020845 0.000000
vt 0.094233 0.021015 0.000000
vt 0.093919 0.020174 0.000000
vt 0.094337 0.020339 0.000000
vt 0.094749 0.020492 0.000000
vt 0.094635 0.021163 0.000000
vt 0.094022 0.019346 0.000000
vt 0.094427 0.019446 0.000000
vt 0.094054 0.018435 0.000000
vt 0.094460 0.018431 0.000000
vt 0.094884 0.018428 0.000000
vt 0.094848 0.019543 0.000000
vt 0.094006 0.017525 0.000000
vt 0.094409 0.017418 0.000000
vt 0.094828 0.017313 0.000000
vt 0.097222 0.014448 0.000000
vt 0.097745 0.014320 0.000000
vt 0.097884 0.015017 0.000000
vt 0.097341 0.015106 0.000000
vt 0.098303 0.014187 0.000000
vt 0.098450 0.014923 0.000000
vt 0.098568 0.015832 0.000000
vt 0.097991 0.015891 0.000000
vt 0.097423 0.015946 0.000000
vt 0.096695 0.013010 0.000000
vt 0.097238 0.012793 0.000000
vt 0.097548 0.013634 0.000000
vt 0.097019 0.013807 0.000000
vt 0.097792 0.012579 0.000000
vt 0.098101 0.013460 0.000000
vt 0.095617 0.010668 0.000000
vt 0.096180 0.010402 0.000000
vt 0.096764 0.011684 0.000000
vt 0.096209 0.011930 0.000000
vt 0.096743 0.010147 0.000000
vt 0.097321 0.011443 0.000000
vt 0.096783 0.023808 0.000000
vt 0.097328 0.024017 0.000000
vt 0.096873 0.025127 0.000000
vt 0.096317 0.024892 0.000000
vt 0.097881 0.024220 0.000000
vt 0.097431 0.025359 0.000000
vt 0.097287 0.022365 0.000000
vt 0.097811 0.022485 0.000000
vt 0.097625 0.023174 0.000000
vt 0.097094 0.023008 0.000000
vt 0.098369 0.022612 0.000000
vt 0.098177 0.023340 0.000000
vt 0.097464 0.020866 0.000000
vt 0.098033 0.020912 0.000000
vt 0.097940 0.021787 0.000000
vt 0.097395 0.021707 0.000000
vt 0.098613 0.020961 0.000000
vt 0.098508 0.021874 0.000000
vt 0.097519 0.018405 0.000000
vt 0.098106 0.018400 0.000000
vt 0.098091 0.019743 0.000000
vt 0.097508 0.019724 0.000000
vt 0.098692 0.018395 0.000000
vt 0.098679 0.019763 0.000000
vt 0.098068 0.017057 0.000000
vt 0.097485 0.017087 0.000000
vt 0.098654 0.017027 0.000000
vt 0.094786 0.015093 0.000000
vt 0.095158 0.014987 0.000000
vt 0.095318 0.015575 0.000000
vt 0.094928 0.015615 0.000000
vt 0.095613 0.014862 0.000000
vt 0.095777 0.015532 0.000000
vt 0.095918 0.016322 0.000000
vt 0.095479 0.016308 0.000000
vt 0.095079 0.016301 0.000000
vt 0.094382 0.013875 0.000000
vt 0.094743 0.013652 0.000000
vt 0.094988 0.014394 0.000000
vt 0.094626 0.014569 0.000000
vt 0.095136 0.013409 0.000000
vt 0.095416 0.014193 0.000000
vt 0.093424 0.011703 0.000000
vt 0.093829 0.011529 0.000000
vt 0.094342 0.012663 0.000000
vt 0.093970 0.012889 0.000000
vt 0.094232 0.011355 0.000000
vt 0.094725 0.012432 0.000000
vt 0.094462 0.022985 0.000000
vt 0.094826 0.023201 0.000000
vt 0.094443 0.024194 0.000000
vt 0.094068 0.023976 0.000000
vt 0.095222 0.023437 0.000000
vt 0.094830 0.024418 0.000000
vt 0.094844 0.021761 0.000000
vt 0.095217 0.021861 0.000000
vt 0.095058 0.022456 0.000000
vt 0.094693 0.022288 0.000000
vt 0.095673 0.021978 0.000000
vt 0.095488 0.022650 0.000000
vt 0.095116 0.020550 0.000000
vt 0.095516 0.020537 0.000000
vt 0.095367 0.021271 0.000000
vt 0.094976 0.021238 0.000000
vt 0.095953 0.020515 0.000000
vt 0.095826 0.021306 0.000000
vt 0.095273 0.018424 0.000000
vt 0.095661 0.018421 0.000000
vt 0.095628 0.019551 0.000000
vt 0.095234 0.019574 0.000000
vt 0.096062 0.018418 0.000000
vt 0.096039 0.019522 0.000000
vt 0.095609 0.017292 0.000000
vt 0.095214 0.017276 0.000000
vt 0.096021 0.017314 0.000000
vt 0.096983 0.016028 0.000000
vt 0.096649 0.016146 0.000000
vt 0.096570 0.015319 0.000000
vt 0.096917 0.015201 0.000000
vt 0.096309 0.016272 0.000000
vt 0.096199 0.015449 0.000000
vt 0.096054 0.014745 0.000000
vt 0.096448 0.014643 0.000000
vt 0.096808 0.014552 0.000000
vt 0.096228 0.013987 0.000000
vt 0.096594 0.013924 0.000000
vt 0.095833 0.014053 0.000000
vt 0.095520 0.013256 0.000000
vt 0.095893 0.013202 0.000000
vt 0.096255 0.013146 0.000000
vt 0.095426 0.012184 0.000000
vt 0.095767 0.012096 0.000000
vt 0.095086 0.012272 0.000000
vt 0.094582 0.011193 0.000000
vt 0.094882 0.011038 0.000000
vt 0.095188 0.010879 0.000000
vt 0.095533 0.024652 0.000000
vt 0.095874 0.024735 0.000000
vt 0.095192 0.024571 0.000000
vt 0.095607 0.023582 0.000000
vt 0.095981 0.023630 0.000000
vt 0.096343 0.023680 0.000000
vt 0.096302 0.022842 0.000000
vt 0.096668 0.022899 0.000000
vt 0.095907 0.022782 0.000000
vt 0.096116 0.022088 0.000000
vt 0.096511 0.022183 0.000000
vt 0.096872 0.022268 0.000000
vt 0.096622 0.021506 0.000000
vt 0.096970 0.021618 0.000000
vt 0.096250 0.021382 0.000000
vt 0.096345 0.020558 0.000000
vt 0.096687 0.020678 0.000000
vt 0.097023 0.020791 0.000000
vt 0.096732 0.019610 0.000000
vt 0.097059 0.019680 0.000000
vt 0.096409 0.019540 0.000000
vt 0.096426 0.018414 0.000000
vt 0.096746 0.018412 0.000000
vt 0.097070 0.018409 0.000000
vt 0.096712 0.017214 0.000000
vt 0.097038 0.017138 0.000000
vt 0.096390 0.017290 0.000000
vt 0.095851 0.014798 0.000000
vt 0.096009 0.015509 0.000000
vt 0.096133 0.016324 0.000000
vt 0.095333 0.013297 0.000000
vt 0.095634 0.014095 0.000000
vt 0.094424 0.011270 0.000000
vt 0.094914 0.012326 0.000000
vt 0.095420 0.023545 0.000000
vt 0.095019 0.024520 0.000000
vt 0.095912 0.022038 0.000000
vt 0.095708 0.022743 0.000000
vt 0.096169 0.020509 0.000000
vt 0.096059 0.021326 0.000000
vt 0.096260 0.018416 0.000000
vt 0.096241 0.019513 0.000000
vt 0.096222 0.017319 0.000000
vt 0.094625 0.015140 0.000000
vt 0.094759 0.015634 0.000000
vt 0.094898 0.016304 0.000000
vt 0.094215 0.013973 0.000000
vt 0.094468 0.014645 0.000000
vt 0.093226 0.011790 0.000000
vt 0.093789 0.012992 0.000000
vt 0.094294 0.022890 0.000000
vt 0.093886 0.023876 0.000000
vt 0.094683 0.021717 0.000000
vt 0.094534 0.022215 0.000000
vt 0.094935 0.020550 0.000000
vt 0.094807 0.021222 0.000000
vt 0.095086 0.018426 0.000000
vt 0.095047 0.019578 0.000000
vt 0.095027 0.017274 0.000000
vt 0.097163 0.015976 0.000000
vt 0.097094 0.015149 0.000000
vt 0.096988 0.014506 0.000000
vt 0.096778 0.013886 0.000000
vt 0.096444 0.013107 0.000000
vt 0.095952 0.012040 0.000000
vt 0.095360 0.010792 0.000000
vt 0.096059 0.024787 0.000000
vt 0.096532 0.023716 0.000000
vt 0.096852 0.022933 0.000000
vt 0.097053 0.022311 0.000000
vt 0.097148 0.021668 0.000000
vt 0.097204 0.020840 0.000000
vt 0.097241 0.019710 0.000000
vt 0.097252 0.018407 0.000000
vt 0.097219 0.017105 0.000000
vt 0.093727 0.016766 0.000000
vt 0.093568 0.016105 0.000000
vt 0.093389 0.015530 0.000000
vt 0.093899 0.018436 0.000000
vt 0.093851 0.017563 0.000000
vt 0.093167 0.014952 0.000000
vt 0.092865 0.014269 0.000000
vt 0.092449 0.013416 0.000000
vt 0.091957 0.012456 0.000000
vt 0.092541 0.023478 0.000000
vt 0.092940 0.022618 0.000000
vt 0.093229 0.021931 0.000000
vt 0.093441 0.021350 0.000000
vt 0.093610 0.020773 0.000000
vt 0.093757 0.020110 0.000000
vt 0.093866 0.019310 0.000000
vt 0.098705 0.014880 0.000000
vt 0.098825 0.015806 0.000000
vt 0.098554 0.014127 0.000000
vt 0.098644 0.014106 0.000000
vt 0.098796 0.014865 0.000000
vt 0.098916 0.015797 0.000000
vt 0.098351 0.013382 0.000000
vt 0.098038 0.012486 0.000000
vt 0.098125 0.012453 0.000000
vt 0.098440 0.013354 0.000000
vt 0.097565 0.011338 0.000000
vt 0.096987 0.010038 0.000000
vt 0.097073 0.010000 0.000000
vt 0.097651 0.011301 0.000000
vt 0.097676 0.025459 0.000000
vt 0.098127 0.024309 0.000000
vt 0.098215 0.024341 0.000000
vt 0.097762 0.025494 0.000000
vt 0.098427 0.023415 0.000000
vt 0.098622 0.022669 0.000000
vt 0.098712 0.022689 0.000000
vt 0.098516 0.023441 0.000000
vt 0.098764 0.021913 0.000000
vt 0.098871 0.020984 0.000000
vt 0.098962 0.020991 0.000000
vt 0.098855 0.021927 0.000000
vt 0.098938 0.019771 0.000000
vt 0.098950 0.018392 0.000000
vt 0.099041 0.018391 0.000000
vt 0.099029 0.019774 0.000000
vt 0.098912 0.017015 0.000000
vt 0.099002 0.017010 0.000000
vt 0.283149 0.973356 0.000000
vt 0.283149 0.895401 0.000000
vt 0.410674 0.895401 0.000000
vt 0.410674 0.973356 0.000000
vt 0.268282 0.982444 0.000000
vt 0.268282 0.886313 0.000000
vt 0.425540 0.886313 0.000000
vt 0.425540 0.982444 0.000000
vt 0.088811 0.017951 0.000000
vt 0.088407 0.017042 0.000000
vt 0.091590 0.012634 0.000000
vt 0.090543 0.013177 0.000000
vt 0.089271 0.014131 0.000000
vt 0.088530 0.021371 0.000000
vt 0.092238 0.024531 0.000000
vt 0.092678 0.024759 0.000000
vt 0.093133 0.024985 0.000000
vt 0.095749 0.026160 0.000000
vt 0.096315 0.026413 0.000000
vt 0.096879 0.026656 0.000000
vt 0.093546 0.025169 0.000000
vt 0.093953 0.025335 0.000000
vt 0.094358 0.025501 0.000000
vt 0.094709 0.025656 0.000000
vt 0.095011 0.025804 0.000000
vt 0.095318 0.025957 0.000000
vt 0.094551 0.025582 0.000000
vt 0.093347 0.025085 0.000000
vt 0.095492 0.026041 0.000000
vt 0.092069 0.024445 0.000000
vt 0.097124 0.026760 0.000000
vt 0.097209 0.026796 0.000000
# 413 texture coords

o 2?_??___??_?3
g 2?_??___??_?3
f 882/1490 884/1491 885/1492 883/1493 
f 889/1112 888/1111 886/1109 887/1110 
f 884/1491 882/1490 886/1494 888/1495 
f 885/1492 884/1491 888/1495 889/1496 
f 883/1493 885/1492 889/1496 887/1497 
f 882/1490 883/1493 887/1497 886/1494 
f 890/1113 891/1114 892/1115 893/1116 
f 891/1114 894/1117 895/1118 892/1115 
f 892/1115 895/1118 896/1119 897/1120 
f 893/1116 892/1115 897/1120 898/1121 
f 894/1117 899/1122 900/1123 895/1118 
f 899/1122 901/1124 902/1125 900/1123 
f 900/1123 902/1125 903/1126 904/1127 
f 895/1118 900/1123 904/1127 896/1119 
f 896/1119 904/1127 905/1128 906/1129 
f 904/1127 903/1126 907/1130 905/1128 
f 905/1128 907/1130 908/1131 909/1132 
f 906/1129 905/1128 909/1132 910/1133 
f 898/1121 897/1120 911/1134 912/1135 
f 897/1120 896/1119 906/1498 911/1134 
f 911/1134 906/1498 910/1499 913/1136 
f 912/1135 911/1134 913/1136 914/1137 
f 915/1138 916/1139 917/1140 918/1141 
f 916/1139 919/1142 920/1143 917/1140 
f 917/1140 920/1143 921/1144 922/1145 
f 918/1141 917/1140 922/1145 923/1146 
f 919/1142 924/1147 925/1148 920/1143 
f 924/1147 926/1149 927/1150 925/1148 
f 925/1148 927/1150 928/1151 929/1152 
f 920/1143 925/1148 929/1152 921/1144 
f 921/1144 929/1152 930/1153 931/1154 
f 929/1152 928/1151 932/1155 930/1153 
f 930/1153 932/1155 901/1124 899/1122 
f 931/1154 930/1153 899/1122 894/1117 
f 923/1146 922/1145 933/1156 934/1157 
f 922/1145 921/1144 931/1154 933/1156 
f 933/1156 931/1154 894/1117 891/1114 
f 934/1157 933/1156 891/1114 890/1113 
f 926/1149 935/1158 936/1159 927/1150 
f 935/1158 937/1160 938/1161 936/1159 
f 936/1159 938/1161 939/1162 940/1163 
f 927/1150 936/1159 940/1163 928/1151 
f 937/1160 941/1164 942/1165 938/1161 
f 941/1164 943/1166 944/1167 942/1165 
f 942/1165 944/1167 945/1168 946/1169 
f 938/1161 942/1165 946/1169 939/1162 
f 939/1162 946/1169 947/1170 948/1171 
f 946/1169 945/1168 949/1172 947/1170 
f 947/1170 949/1172 908/1131 907/1130 
f 948/1171 947/1170 907/1130 903/1126 
f 928/1151 940/1163 950/1173 932/1155 
f 940/1163 939/1162 948/1171 950/1173 
f 950/1173 948/1171 903/1126 902/1125 
f 932/1155 950/1173 902/1125 901/1124 
f 943/1166 951/1174 952/1175 944/1167 
f 951/1174 953/1176 954/1177 952/1175 
f 952/1175 954/1177 955/1178 956/1179 
f 944/1167 952/1175 956/1179 945/1168 
f 953/1500 957/1180 958/1181 954/1501 
f 957/1180 959/1182 960/1183 958/1181 
f 958/1181 960/1183 961/1184 962/1185 
f 954/1501 958/1181 962/1185 955/1502 
f 955/1502 962/1185 963/1186 964/1187 
f 962/1185 961/1184 965/1188 963/1186 
f 963/1186 965/1188 914/1137 913/1136 
f 964/1187 963/1186 913/1136 910/1499 
f 945/1168 956/1179 966/1189 949/1172 
f 956/1179 955/1178 964/1503 966/1189 
f 966/1189 964/1503 910/1133 909/1132 
f 949/1172 966/1189 909/1132 908/1131 
f 959/1182 967/1190 968/1191 960/1183 
f 967/1190 969/1192 970/1193 968/1191 
f 968/1191 970/1193 971/1194 972/1195 
f 960/1183 968/1191 972/1195 961/1184 
f 969/1192 973/1196 974/1197 970/1193 
f 973/1196 915/1138 918/1141 974/1197 
f 974/1197 918/1141 923/1146 975/1198 
f 970/1193 974/1197 975/1198 971/1194 
f 971/1194 975/1198 976/1199 977/1200 
f 975/1198 923/1146 934/1157 976/1199 
f 976/1199 934/1157 890/1113 893/1116 
f 977/1200 976/1199 893/1116 898/1121 
f 961/1184 972/1195 978/1201 965/1188 
f 972/1195 971/1194 977/1200 978/1201 
f 978/1201 977/1200 898/1121 912/1135 
f 965/1188 978/1201 912/1135 914/1137 
f 979/1202 980/1203 981/1204 982/1205 
f 980/1203 983/1206 984/1207 981/1204 
f 981/1204 984/1207 985/1208 986/1209 
f 982/1205 981/1204 986/1209 987/1210 
f 983/1206 988/1211 989/1212 984/1207 
f 988/1211 990/1213 991/1214 989/1212 
f 989/1212 991/1214 992/1215 993/1216 
f 984/1207 989/1212 993/1216 985/1208 
f 990/1213 994/1217 995/1218 991/1214 
f 994/1217 996/1219 997/1220 995/1218 
f 995/1218 997/1220 998/1221 999/1222 
f 991/1214 995/1218 999/1222 992/1215 
f 996/1504 1000/1223 1001/1224 997/1505 
f 1000/1223 1002/1225 1003/1226 1001/1224 
f 1001/1224 1003/1226 1004/1227 1005/1228 
f 997/1505 1001/1224 1005/1228 998/1506 
f 1002/1225 1006/1229 1007/1230 1003/1226 
f 1006/1229 1008/1231 1009/1232 1007/1230 
f 1007/1230 1009/1232 1010/1233 1011/1234 
f 1003/1226 1007/1230 1011/1234 1004/1227 
f 1008/1231 1012/1235 1013/1236 1009/1232 
f 1012/1235 1014/1237 1015/1238 1013/1236 
f 1013/1236 1015/1238 1016/1239 1017/1240 
f 1009/1232 1013/1236 1017/1240 1010/1233 
f 1014/1237 1018/1241 1019/1242 1015/1238 
f 1018/1241 1020/1243 1021/1244 1019/1242 
f 1019/1242 1021/1244 1022/1245 1023/1246 
f 1015/1238 1019/1242 1023/1246 1016/1239 
f 1020/1243 1024/1247 1025/1248 1021/1244 
f 1024/1247 979/1202 982/1205 1025/1248 
f 1025/1248 982/1205 987/1210 1026/1249 
f 1021/1244 1025/1248 1026/1249 1022/1245 
f 1027/1250 1028/1251 1029/1252 1030/1253 
f 1028/1251 1031/1254 1032/1255 1029/1252 
f 1029/1252 1032/1255 1033/1256 1034/1257 
f 1030/1253 1029/1252 1034/1257 1035/1258 
f 1036/1259 1037/1260 1038/1261 1039/1262 
f 1037/1260 1040/1263 1041/1264 1038/1261 
f 1038/1261 1041/1264 1031/1254 1028/1251 
f 1039/1262 1038/1261 1028/1251 1027/1250 
f 1042/1265 1043/1266 1044/1267 1045/1268 
f 1043/1266 1046/1269 1047/1270 1044/1267 
f 1044/1267 1047/1270 1040/1263 1037/1260 
f 1045/1268 1044/1267 1037/1260 1036/1259 
f 1048/1271 1049/1272 1050/1273 1051/1274 
f 1049/1272 1052/1275 1053/1276 1050/1273 
f 1050/1273 1053/1276 1046/1509 1043/1508 
f 1051/1274 1050/1273 1043/1508 1042/1507 
f 1054/1277 1055/1278 1056/1279 1057/1280 
f 1055/1278 1058/1281 1059/1282 1056/1279 
f 1056/1279 1059/1282 1052/1275 1049/1272 
f 1057/1280 1056/1279 1049/1272 1048/1271 
f 1060/1283 1061/1284 1062/1285 1063/1286 
f 1061/1284 1064/1287 1065/1288 1062/1285 
f 1062/1285 1065/1288 1058/1281 1055/1278 
f 1063/1286 1062/1285 1055/1278 1054/1277 
f 1066/1289 1067/1290 1068/1291 1069/1292 
f 1067/1290 1070/1293 1071/1294 1068/1291 
f 1068/1291 1071/1294 1064/1287 1061/1284 
f 1069/1292 1068/1291 1061/1284 1060/1283 
f 1035/1258 1034/1257 1072/1295 1073/1296 
f 1034/1257 1033/1256 1074/1297 1072/1295 
f 1072/1295 1074/1297 1070/1293 1067/1290 
f 1073/1296 1072/1295 1067/1290 1066/1289 
f 1075/1298 1076/1299 1077/1300 1078/1301 
f 1076/1299 1079/1302 1080/1303 1077/1300 
f 1077/1300 1080/1303 1081/1304 1082/1305 
f 1078/1301 1077/1300 1082/1305 1083/1306 
f 1084/1307 1085/1308 1086/1309 1087/1310 
f 1085/1308 1088/1311 1089/1312 1086/1309 
f 1086/1309 1089/1312 1079/1302 1076/1299 
f 1087/1310 1086/1309 1076/1299 1075/1298 
f 1090/1313 1091/1314 1092/1315 1093/1316 
f 1091/1314 1094/1317 1095/1318 1092/1315 
f 1092/1315 1095/1318 1088/1311 1085/1308 
f 1093/1316 1092/1315 1085/1308 1084/1307 
f 1096/1319 1097/1320 1098/1321 1099/1322 
f 1097/1320 1100/1323 1101/1324 1098/1321 
f 1098/1321 1101/1324 1094/1512 1091/1511 
f 1099/1322 1098/1321 1091/1511 1090/1510 
f 1102/1325 1103/1326 1104/1327 1105/1328 
f 1103/1326 1106/1329 1107/1330 1104/1327 
f 1104/1327 1107/1330 1100/1323 1097/1320 
f 1105/1328 1104/1327 1097/1320 1096/1319 
f 1108/1331 1109/1332 1110/1333 1111/1334 
f 1109/1332 1112/1335 1113/1336 1110/1333 
f 1110/1333 1113/1336 1106/1329 1103/1326 
f 1111/1334 1110/1333 1103/1326 1102/1325 
f 1114/1337 1115/1338 1116/1339 1117/1340 
f 1115/1338 1118/1341 1119/1342 1116/1339 
f 1116/1339 1119/1342 1112/1335 1109/1332 
f 1117/1340 1116/1339 1109/1332 1108/1331 
f 1083/1306 1082/1305 1120/1343 1121/1344 
f 1082/1305 1081/1304 1122/1345 1120/1343 
f 1120/1343 1122/1345 1118/1341 1115/1338 
f 1121/1344 1120/1343 1115/1338 1114/1337 
f 1123/1346 1124/1347 1125/1348 1126/1349 
f 1124/1347 1127/1350 1128/1351 1125/1348 
f 1125/1348 1128/1351 1129/1352 1130/1353 
f 1126/1349 1125/1348 1130/1353 1131/1354 
f 1131/1354 1130/1353 1132/1355 1133/1356 
f 1130/1353 1129/1352 1134/1357 1132/1355 
f 1132/1355 1134/1357 1135/1358 1136/1359 
f 1133/1356 1132/1355 1136/1359 1137/1360 
f 1137/1360 1136/1359 1138/1361 1139/1362 
f 1136/1359 1135/1358 1140/1363 1138/1361 
f 1138/1361 1140/1363 1141/1364 1142/1365 
f 1139/1362 1138/1361 1142/1365 1143/1366 
f 1143/1515 1142/1514 1144/1367 1145/1368 
f 1142/1514 1141/1513 1146/1369 1144/1367 
f 1144/1367 1146/1369 1147/1370 1148/1371 
f 1145/1368 1144/1367 1148/1371 1149/1372 
f 1149/1372 1148/1371 1150/1373 1151/1374 
f 1148/1371 1147/1370 1152/1375 1150/1373 
f 1150/1373 1152/1375 1153/1376 1154/1377 
f 1151/1374 1150/1373 1154/1377 1155/1378 
f 1155/1378 1154/1377 1156/1379 1157/1380 
f 1154/1377 1153/1376 1158/1381 1156/1379 
f 1156/1379 1158/1381 1159/1382 1160/1383 
f 1157/1380 1156/1379 1160/1383 1161/1384 
f 1161/1384 1160/1383 1162/1385 1163/1386 
f 1160/1383 1159/1382 1164/1387 1162/1385 
f 1162/1385 1164/1387 1165/1388 1166/1389 
f 1163/1386 1162/1385 1166/1389 1167/1390 
f 1167/1390 1166/1389 1168/1391 1169/1392 
f 1166/1389 1165/1388 1170/1393 1168/1391 
f 1168/1391 1170/1393 1127/1350 1124/1347 
f 1169/1392 1168/1391 1124/1347 1123/1346 
f 1079/1302 1171/1394 1172/1395 1080/1303 
f 1171/1394 1129/1352 1128/1351 1172/1395 
f 1172/1395 1128/1351 1127/1350 1173/1396 
f 1080/1303 1172/1395 1173/1396 1081/1304 
f 1088/1311 1174/1397 1175/1398 1089/1312 
f 1174/1397 1135/1358 1134/1357 1175/1398 
f 1175/1398 1134/1357 1129/1352 1171/1394 
f 1089/1312 1175/1398 1171/1394 1079/1302 
f 1094/1317 1176/1399 1177/1400 1095/1318 
f 1176/1399 1141/1364 1140/1363 1177/1400 
f 1177/1400 1140/1363 1135/1358 1174/1397 
f 1095/1318 1177/1400 1174/1397 1088/1311 
f 1100/1323 1178/1401 1179/1402 1101/1324 
f 1178/1401 1147/1370 1146/1369 1179/1402 
f 1179/1402 1146/1369 1141/1513 1176/1516 
f 1101/1324 1179/1402 1176/1516 1094/1512 
f 1106/1329 1180/1403 1181/1404 1107/1330 
f 1180/1403 1153/1376 1152/1375 1181/1404 
f 1181/1404 1152/1375 1147/1370 1178/1401 
f 1107/1330 1181/1404 1178/1401 1100/1323 
f 1112/1335 1182/1405 1183/1406 1113/1336 
f 1182/1405 1159/1382 1158/1381 1183/1406 
f 1183/1406 1158/1381 1153/1376 1180/1403 
f 1113/1336 1183/1406 1180/1403 1106/1329 
f 1118/1341 1184/1407 1185/1408 1119/1342 
f 1184/1407 1165/1388 1164/1387 1185/1408 
f 1185/1408 1164/1387 1159/1382 1182/1405 
f 1119/1342 1185/1408 1182/1405 1112/1335 
f 1081/1304 1173/1396 1186/1409 1122/1345 
f 1173/1396 1127/1350 1170/1393 1186/1409 
f 1186/1409 1170/1393 1165/1388 1184/1407 
f 1122/1345 1186/1409 1184/1407 1118/1341 
f 985/1208 1187/1410 1188/1411 986/1209 
f 1187/1410 1075/1298 1078/1301 1188/1411 
f 1188/1411 1078/1301 1083/1306 1189/1412 
f 986/1209 1188/1411 1189/1412 987/1210 
f 992/1215 1190/1413 1191/1414 993/1216 
f 1190/1413 1084/1307 1087/1310 1191/1414 
f 1191/1414 1087/1310 1075/1298 1187/1410 
f 993/1216 1191/1414 1187/1410 985/1208 
f 998/1221 1192/1415 1193/1416 999/1222 
f 1192/1415 1090/1313 1093/1316 1193/1416 
f 1193/1416 1093/1316 1084/1307 1190/1413 
f 999/1222 1193/1416 1190/1413 992/1215 
f 1004/1227 1194/1417 1195/1418 1005/1228 
f 1194/1417 1096/1319 1099/1322 1195/1418 
f 1195/1418 1099/1322 1090/1510 1192/1517 
f 1005/1228 1195/1418 1192/1517 998/1506 
f 1010/1233 1196/1419 1197/1420 1011/1234 
f 1196/1419 1102/1325 1105/1328 1197/1420 
f 1197/1420 1105/1328 1096/1319 1194/1417 
f 1011/1234 1197/1420 1194/1417 1004/1227 
f 1016/1239 1198/1421 1199/1422 1017/1240 
f 1198/1421 1108/1331 1111/1334 1199/1422 
f 1199/1422 1111/1334 1102/1325 1196/1419 
f 1017/1240 1199/1422 1196/1419 1010/1233 
f 1022/1245 1200/1423 1201/1424 1023/1246 
f 1200/1423 1114/1337 1117/1340 1201/1424 
f 1201/1424 1117/1340 1108/1331 1198/1421 
f 1023/1246 1201/1424 1198/1421 1016/1239 
f 987/1210 1189/1412 1202/1425 1026/1249 
f 1189/1412 1083/1306 1121/1344 1202/1425 
f 1202/1425 1121/1344 1114/1337 1200/1423 
f 1026/1249 1202/1425 1200/1423 1022/1245 
f 1035/1258 1203/1426 1204/1427 1030/1253 
f 1203/1426 1123/1346 1126/1349 1204/1427 
f 1204/1427 1126/1349 1131/1354 1205/1428 
f 1030/1253 1204/1427 1205/1428 1027/1250 
f 1027/1250 1205/1428 1206/1429 1039/1262 
f 1205/1428 1131/1354 1133/1356 1206/1429 
f 1206/1429 1133/1356 1137/1360 1207/1430 
f 1039/1262 1206/1429 1207/1430 1036/1259 
f 1036/1259 1207/1430 1208/1431 1045/1268 
f 1207/1430 1137/1360 1139/1362 1208/1431 
f 1208/1431 1139/1362 1143/1366 1209/1432 
f 1045/1268 1208/1431 1209/1432 1042/1265 
f 1042/1507 1209/1518 1210/1433 1051/1274 
f 1209/1518 1143/1515 1145/1368 1210/1433 
f 1210/1433 1145/1368 1149/1372 1211/1434 
f 1051/1274 1210/1433 1211/1434 1048/1271 
f 1048/1271 1211/1434 1212/1435 1057/1280 
f 1211/1434 1149/1372 1151/1374 1212/1435 
f 1212/1435 1151/1374 1155/1378 1213/1436 
f 1057/1280 1212/1435 1213/1436 1054/1277 
f 1054/1277 1213/1436 1214/1437 1063/1286 
f 1213/1436 1155/1378 1157/1380 1214/1437 
f 1214/1437 1157/1380 1161/1384 1215/1438 
f 1063/1286 1214/1437 1215/1438 1060/1283 
f 1060/1283 1215/1438 1216/1439 1069/1292 
f 1215/1438 1161/1384 1163/1386 1216/1439 
f 1216/1439 1163/1386 1167/1390 1217/1440 
f 1069/1292 1216/1439 1217/1440 1066/1289 
f 1066/1289 1217/1440 1218/1441 1073/1296 
f 1217/1440 1167/1390 1169/1392 1218/1441 
f 1218/1441 1169/1392 1123/1346 1203/1426 
f 1073/1296 1218/1441 1203/1426 1035/1258 
f 979/1202 1219/1442 1220/1443 980/1203 
f 1219/1442 915/1138 973/1196 1220/1443 
f 1220/1443 973/1196 969/1192 1221/1444 
f 980/1203 1220/1443 1221/1444 983/1206 
f 1020/1243 1222/1445 1223/1446 1024/1247 
f 1222/1445 919/1142 916/1139 1223/1446 
f 1223/1446 916/1139 915/1138 1219/1442 
f 1024/1247 1223/1446 1219/1442 979/1202 
f 983/1206 1221/1444 1224/1447 988/1211 
f 1221/1444 969/1192 967/1190 1224/1447 
f 1224/1447 967/1190 959/1182 1225/1448 
f 988/1211 1224/1447 1225/1448 990/1213 
f 990/1213 1225/1448 1226/1449 994/1217 
f 1225/1448 959/1182 957/1180 1226/1449 
f 1226/1449 957/1180 953/1500 1227/1450 
f 994/1217 1226/1449 1227/1450 996/1219 
f 996/1504 1227/1519 1228/1451 1000/1223 
f 1227/1519 953/1176 951/1174 1228/1451 
f 1228/1451 951/1174 943/1166 1229/1452 
f 1000/1223 1228/1451 1229/1452 1002/1225 
f 1002/1225 1229/1452 1230/1453 1006/1229 
f 1229/1452 943/1166 941/1164 1230/1453 
f 1230/1453 941/1164 937/1160 1231/1454 
f 1006/1229 1230/1453 1231/1454 1008/1231 
f 1008/1231 1231/1454 1232/1455 1012/1235 
f 1231/1454 937/1160 935/1158 1232/1455 
f 1232/1455 935/1158 926/1149 1233/1456 
f 1012/1235 1232/1455 1233/1456 1014/1237 
f 1014/1237 1233/1456 1234/1457 1018/1241 
f 1233/1456 926/1149 924/1147 1234/1457 
f 1234/1457 924/1147 919/1142 1222/1445 
f 1018/1241 1234/1457 1222/1445 1020/1243 
f 1033/1256 1032/1255 1235/1458 1236/1459 
f 1032/1255 1031/1254 1237/1460 1235/1458 
f 1235/1458 1237/1460 1238/1461 1239/1462 
f 1236/1459 1235/1458 1239/1462 1240/1463 
f 1031/1254 1041/1264 1241/1464 1237/1460 
f 1041/1264 1040/1263 1242/1465 1241/1464 
f 1241/1464 1242/1465 1243/1466 1244/1467 
f 1237/1460 1241/1464 1244/1467 1238/1461 
f 1040/1263 1047/1270 1245/1468 1242/1465 
f 1047/1270 1046/1269 1246/1469 1245/1468 
f 1245/1468 1246/1469 1247/1470 1248/1471 
f 1242/1465 1245/1468 1248/1471 1243/1466 
f 1046/1509 1053/1276 1249/1472 1246/1520 
f 1053/1276 1052/1275 1250/1473 1249/1472 
f 1249/1472 1250/1473 1251/1474 1252/1475 
f 1246/1520 1249/1472 1252/1475 1247/1521 
f 1052/1275 1059/1282 1253/1476 1250/1473 
f 1059/1282 1058/1281 1254/1477 1253/1476 
f 1253/1476 1254/1477 1255/1478 1256/1479 
f 1250/1473 1253/1476 1256/1479 1251/1474 
f 1058/1281 1065/1288 1257/1480 1254/1477 
f 1065/1288 1064/1287 1258/1481 1257/1480 
f 1257/1480 1258/1481 1259/1482 1260/1483 
f 1254/1477 1257/1480 1260/1483 1255/1478 
f 1064/1287 1071/1294 1261/1484 1258/1481 
f 1071/1294 1070/1293 1262/1485 1261/1484 
f 1261/1484 1262/1485 1263/1486 1264/1487 
f 1258/1481 1261/1484 1264/1487 1259/1482 
f 1070/1293 1074/1297 1265/1488 1262/1485 
f 1074/1297 1033/1256 1236/1459 1265/1488 
f 1265/1488 1236/1459 1240/1463 1266/1489 
f 1262/1485 1265/1488 1266/1489 1263/1486 
# 374 polygons

#
# object 2?_??___??_???
#

v  13.548075 10.602552 12.679744
v  1.003291 10.602552 12.679745
v  13.548077 10.602552 19.440350
v  1.003292 10.602552 19.440350
v  13.548075 11.289727 12.679744
v  1.003291 11.289727 12.679745
v  13.548077 11.289727 19.440350
v  1.003292 11.289727 19.440350
v  2.898853 10.602552 19.440350
v  2.898852 10.602552 12.679745
v  2.898852 11.289727 12.679745
v  2.898853 11.289727 19.440350
v  1.003291 14.282984 12.679745
v  1.003292 14.282984 19.440350
v  2.898853 14.282984 19.440350
v  2.898852 14.282984 12.679745
# 16 vertices

vt 0.069907 0.153227 0.000000
vt 0.220020 0.212292 0.000000
vt 0.097103 0.394414 0.000000
vt 0.041177 0.365388 0.000000
vt 0.029824 0.163201 0.000000
vt 0.010000 0.385885 0.000000
vt 0.247502 0.246009 0.000000
vt 0.266433 0.197204 0.000000
vt 0.280958 0.226318 0.000000
vt 0.106789 0.425563 0.000000
vt 0.168752 0.010000 0.000000
vt 0.259247 0.054814 0.000000
vt 0.225105 0.077264 0.000000
vt 0.174150 0.045223 0.000000
vt 0.010383 0.120146 0.000000
vt 0.046199 0.103973 0.000000
# 16 texture coords

o 2?_??___??_???
g 2?_??___??_???
f 1277/1522 1278/1523 1273/1524 1271/1525 
f 1276/1526 1277/1522 1271/1525 1267/1527 
f 1275/1528 1278/1523 1274/1529 1270/1530 
f 1269/1531 1267/1527 1271/1525 1273/1524 
f 1279/1532 1280/1533 1281/1534 1282/1535 
f 1268/1536 1272/1537 1277/1522 1276/1526 
f 1269/1531 1273/1524 1278/1523 1275/1528 
f 1274/1529 1278/1523 1281/1534 1280/1533 
f 1278/1523 1277/1522 1282/1535 1281/1534 
f 1277/1522 1272/1537 1279/1532 1282/1535 
# 10 polygons

#
# object 2?_??___??
#

v  5.024667 12.746737 14.691507
v  5.346399 12.746737 15.074932
v  5.103994 12.672281 15.278334
v  4.782262 12.672281 14.894909
v  5.689944 12.746737 15.484354
v  5.447540 12.672281 15.687756
v  5.124334 12.672281 15.958958
v  4.780788 12.672281 15.549536
v  4.459056 12.672281 15.166111
v  3.893446 13.205481 15.640715
v  4.215178 13.201477 16.024139
v  4.457582 13.299953 15.820738
v  4.135850 13.315966 15.437313
v  4.558723 13.197474 16.433561
v  4.801128 13.283939 16.230160
v  5.124334 13.291946 15.958958
v  4.780788 13.315966 15.549536
v  4.459056 13.339986 15.166111
v  3.893446 12.746737 15.640715
v  4.215178 12.746737 16.024139
v  4.134376 12.970104 16.091940
v  3.812644 12.970104 15.708515
v  4.558723 12.746737 16.433561
v  4.477922 12.970104 16.501362
v  5.707333 12.804647 17.674791
v  5.936726 12.746737 17.583513
v  6.000799 12.970104 17.659872
v  5.694322 12.970104 17.786915
v  6.259933 12.746737 17.312311
v  6.324005 12.970104 17.388670
v  6.259933 13.205481 17.312311
v  5.936726 13.201477 17.583513
v  5.707333 13.139119 17.674791
v  6.355222 12.746737 16.277201
v  6.033490 12.746737 15.893776
v  6.114292 12.970104 15.825975
v  6.436023 12.970104 16.209400
v  5.770746 12.970104 15.416553
v  5.689944 13.197474 15.484354
v  6.033490 13.201477 15.893776
v  6.355222 13.205481 16.277201
v  4.541335 12.804647 14.243124
v  4.311942 12.746737 14.334402
v  4.247869 12.970104 14.258043
v  4.554346 12.970104 14.131001
v  3.988735 12.746737 14.605604
v  3.924663 12.970104 14.529245
v  3.988735 13.205481 14.605604
v  4.311942 13.201477 14.334402
v  4.541335 13.139119 14.243124
v  6.633326 12.746737 16.608631
v  6.390921 12.672281 16.812033
v  6.112817 12.672281 16.480602
v  6.712863 12.804647 16.831051
v  6.583138 12.746737 17.041109
v  6.067715 12.672281 17.083235
v  5.789611 12.672281 16.751804
v  3.615342 12.746737 15.309283
v  3.857747 12.672281 15.105882
v  4.135850 12.672281 15.437313
v  3.535805 12.804647 15.086864
v  3.665529 12.746737 14.876806
v  4.180953 12.672281 14.834680
v  5.224000 13.205481 17.226408
v  5.502104 13.201477 17.557838
v  5.744509 13.299953 17.354437
v  5.466405 13.315966 17.023006
v  6.067715 13.315966 17.083235
v  5.789611 13.339986 16.751804
v  5.024667 13.205481 14.691507
v  4.746563 13.201477 14.360076
v  4.504159 13.299953 14.563478
v  4.782262 13.315966 14.894909
v  4.180953 13.315966 14.834680
v  5.224000 12.746737 17.226408
v  5.502104 12.746737 17.557838
v  5.421303 12.970104 17.625639
v  5.143199 12.970104 17.294209
v  3.615342 13.201477 15.309283
v  3.534541 12.970104 15.377084
v  3.535805 13.139119 15.086864
v  3.423125 12.970104 15.080208
v  4.746563 12.746737 14.360076
v  4.827365 12.970104 14.292275
v  5.105469 12.970104 14.623707
v  6.633326 13.201477 16.608631
v  6.714127 12.970104 16.540831
v  6.712863 13.139119 16.831051
v  6.825543 12.970104 16.837708
v  5.466405 12.672281 17.023006
v  5.144673 12.672281 16.639582
v  5.467879 12.672281 16.368380
v  4.902269 12.746737 16.842983
v  4.801128 12.672281 16.230160
v  6.112817 13.315966 16.480602
v  5.791086 13.299953 16.097178
v  5.467879 13.315966 16.368380
v  5.447540 13.283939 15.687756
v  6.647211 12.970104 17.117468
v  6.583138 13.201477 17.041109
v  3.601457 12.970104 14.800447
v  3.665529 13.201477 14.876806
v  5.744509 12.672281 17.354437
v  4.504159 12.672281 14.563478
v  6.390921 13.299953 16.812033
v  3.857747 13.299953 15.105882
v  5.791086 12.672281 16.097178
v  4.902269 13.201477 16.842983
v  5.144673 13.299953 16.639582
v  4.821467 12.970104 16.910784
v  5.427200 12.970104 15.007132
v  5.346399 13.201477 15.074932
v  4.457582 12.672281 15.820738
v  5.103994 13.299953 15.278334
# 114 vertices

vt 0.221194 0.331495 0.000000
vt 0.225146 0.320645 0.000000
vt 0.232180 0.323224 0.000000
vt 0.228220 0.334032 0.000000
vt 0.229405 0.309072 0.000000
vt 0.236438 0.311668 0.000000
vt 0.245573 0.315026 0.000000
vt 0.241298 0.326580 0.000000
vt 0.237318 0.337369 0.000000
vt 0.696222 0.965285 0.000000
vt 0.684494 0.967593 0.000000
vt 0.683528 0.959575 0.000000
vt 0.694816 0.958015 0.000000
vt 0.671031 0.968836 0.000000
vt 0.670627 0.960624 0.000000
vt 0.670103 0.950334 0.000000
vt 0.682746 0.949678 0.000000
vt 0.694007 0.949063 0.000000
vt 0.700376 0.977613 0.000000
vt 0.686491 0.980759 0.000000
vt 0.685446 0.974066 0.000000
vt 0.698041 0.971314 0.000000
vt 0.237721 0.286692 0.000000
vt 0.671629 0.982069 0.000000
vt 0.671336 0.975343 0.000000
vt 0.626807 0.970684 0.000000
vt 0.621888 0.964938 0.000000
vt 0.241267 0.277370 0.000000
vt 0.627235 0.962109 0.000000
vt 0.630645 0.967257 0.000000
vt 0.618807 0.953283 0.000000
vt 0.625274 0.952863 0.000000
vt 0.631095 0.952493 0.000000
vt 0.631971 0.960518 0.000000
vt 0.633141 0.964848 0.000000
vt 0.639829 0.923056 0.000000
vt 0.653715 0.919909 0.000000
vt 0.654760 0.926603 0.000000
vt 0.642165 0.929355 0.000000
vt 0.668577 0.918599 0.000000
vt 0.668870 0.925325 0.000000
vt 0.669175 0.931832 0.000000
vt 0.655712 0.933075 0.000000
vt 0.643984 0.935384 0.000000
vt 0.713400 0.929984 0.000000
vt 0.718320 0.935731 0.000000
vt 0.712973 0.938560 0.000000
vt 0.709562 0.933411 0.000000
vt 0.721400 0.947387 0.000000
vt 0.714933 0.947807 0.000000
vt 0.709112 0.948176 0.000000
vt 0.708236 0.940151 0.000000
vt 0.707066 0.935821 0.000000
vt 0.645815 0.967884 0.000000
vt 0.248213 0.280083 0.000000
vt 0.244718 0.289326 0.000000
vt 0.244706 0.272894 0.000000
vt 0.250567 0.273421 0.000000
vt 0.259700 0.276748 0.000000
vt 0.257252 0.283376 0.000000
vt 0.253808 0.292699 0.000000
vt 0.253398 0.343367 0.000000
vt 0.249858 0.352683 0.000000
vt 0.242916 0.349974 0.000000
vt 0.246405 0.340736 0.000000
vt 0.246424 0.357157 0.000000
vt 0.240568 0.356633 0.000000
vt 0.231439 0.353313 0.000000
vt 0.233882 0.346688 0.000000
vt 0.262907 0.296045 0.000000
vt 0.258940 0.306851 0.000000
vt 0.637216 0.966284 0.000000
vt 0.637777 0.960204 0.000000
vt 0.646394 0.960556 0.000000
vt 0.637488 0.952106 0.000000
vt 0.646199 0.951605 0.000000
vt 0.694392 0.932784 0.000000
vt 0.702991 0.934385 0.000000
vt 0.702430 0.940465 0.000000
vt 0.693812 0.940113 0.000000
vt 0.702719 0.948563 0.000000
vt 0.643127 0.980318 0.000000
vt 0.631784 0.976051 0.000000
vt 0.635265 0.970845 0.000000
vt 0.644692 0.974025 0.000000
vt 0.704660 0.962716 0.000000
vt 0.707205 0.967097 0.000000
vt 0.708556 0.960781 0.000000
vt 0.711362 0.962876 0.000000
vt 0.715641 0.965822 0.000000
vt 0.711291 0.971663 0.000000
vt 0.697080 0.920350 0.000000
vt 0.708423 0.924617 0.000000
vt 0.704942 0.929824 0.000000
vt 0.695515 0.926643 0.000000
vt 0.635545 0.937953 0.000000
vt 0.633001 0.933573 0.000000
vt 0.631650 0.939889 0.000000
vt 0.628844 0.937794 0.000000
vt 0.624564 0.934848 0.000000
vt 0.628914 0.929007 0.000000
vt 0.645390 0.942654 0.000000
vt 0.656678 0.941094 0.000000
vt 0.657461 0.950991 0.000000
vt 0.669580 0.940044 0.000000
vt 0.620151 0.941233 0.000000
vt 0.626132 0.943398 0.000000
vt 0.631018 0.944375 0.000000
vt 0.720055 0.959437 0.000000
vt 0.714074 0.957272 0.000000
vt 0.709188 0.956294 0.000000
vt 0.636833 0.943988 0.000000
vt 0.703374 0.956681 0.000000
vt 0.657577 0.968928 0.000000
vt 0.657715 0.960898 0.000000
vt 0.656856 0.982032 0.000000
vt 0.657272 0.975403 0.000000
vt 0.249822 0.303492 0.000000
vt 0.269936 0.298592 0.000000
vt 0.265972 0.309433 0.000000
vt 0.261708 0.320999 0.000000
vt 0.254680 0.318403 0.000000
vt 0.268803 0.280158 0.000000
vt 0.683350 0.918636 0.000000
vt 0.682935 0.925265 0.000000
vt 0.682630 0.931741 0.000000
vt 0.682492 0.939771 0.000000
vt 0.266260 0.286750 0.000000
vt 0.273599 0.283567 0.000000
vt 0.273301 0.289204 0.000000
vt 0.222342 0.349912 0.000000
vt 0.224877 0.343323 0.000000
vt 0.217548 0.346510 0.000000
vt 0.217840 0.340878 0.000000
vt 0.233685 0.297508 0.000000
vt 0.240709 0.300117 0.000000
vt 0.257429 0.332557 0.000000
vt 0.250410 0.329950 0.000000
# 138 texture coords

o 2?_??___??
g 2?_??___??
f 1283/1538 1284/1539 1285/1540 1286/1541 
f 1284/1539 1287/1542 1288/1543 1285/1540 
f 1285/1540 1288/1543 1289/1544 1290/1545 
f 1286/1541 1285/1540 1290/1545 1291/1546 
f 1292/1547 1293/1548 1294/1549 1295/1550 
f 1293/1548 1296/1551 1297/1552 1294/1549 
f 1294/1549 1297/1552 1298/1553 1299/1554 
f 1295/1550 1294/1549 1299/1554 1300/1555 
f 1301/1556 1302/1557 1303/1558 1304/1559 
f 1302/1557 1305/1561 1306/1562 1303/1558 
f 1303/1558 1306/1562 1296/1551 1293/1548 
f 1304/1559 1303/1558 1293/1548 1292/1547 
f 1307/1563 1308/1564 1309/1566 1310/1567 
f 1308/1564 1311/1568 1312/1569 1309/1566 
f 1309/1566 1312/1569 1313/1570 1314/1571 
f 1310/1567 1309/1566 1314/1571 1315/1572 
f 1316/1573 1317/1574 1318/1575 1319/1576 
f 1317/1574 1287/1577 1320/1578 1318/1575 
f 1318/1575 1320/1578 1321/1579 1322/1580 
f 1319/1576 1318/1575 1322/1580 1323/1581 
f 1324/1582 1325/1583 1326/1584 1327/1585 
f 1325/1583 1328/1586 1329/1587 1326/1584 
f 1326/1584 1329/1587 1330/1588 1331/1589 
f 1327/1585 1326/1584 1331/1589 1332/1590 
f 1316/1560 1333/1565 1334/1592 1335/1593 
f 1333/1565 1336/1594 1337/1595 1334/1592 
f 1334/1592 1337/1595 1311/1596 1338/1597 
f 1335/1593 1334/1592 1338/1597 1339/1598 
f 1301/1599 1340/1600 1341/1601 1342/1602 
f 1340/1600 1343/1603 1344/1604 1341/1601 
f 1341/1601 1344/1604 1328/1605 1345/1606 
f 1342/1602 1341/1601 1345/1606 1291/1546 
f 1346/1591 1347/1609 1348/1610 1349/1611 
f 1347/1609 1315/1572 1314/1571 1348/1610 
f 1348/1610 1314/1571 1313/1570 1350/1612 
f 1349/1611 1348/1610 1350/1612 1351/1613 
f 1352/1614 1353/1615 1354/1616 1355/1617 
f 1353/1615 1332/1590 1331/1589 1354/1616 
f 1354/1616 1331/1589 1330/1588 1356/1618 
f 1355/1617 1354/1616 1356/1618 1300/1555 
f 1357/1619 1358/1620 1359/1621 1360/1622 
f 1358/1620 1307/1563 1310/1567 1359/1621 
f 1359/1621 1310/1567 1315/1572 1347/1609 
f 1360/1622 1359/1621 1347/1609 1346/1591 
f 1292/1547 1361/1623 1362/1624 1304/1559 
f 1361/1623 1363/1625 1364/1626 1362/1624 
f 1362/1624 1364/1626 1343/1627 1340/1628 
f 1304/1559 1362/1624 1340/1628 1301/1556 
f 1283/1629 1365/1630 1366/1631 1367/1632 
f 1365/1630 1324/1582 1327/1585 1366/1631 
f 1366/1631 1327/1585 1332/1590 1353/1615 
f 1367/1632 1366/1631 1353/1615 1352/1614 
f 1323/1581 1368/1633 1369/1634 1319/1576 
f 1368/1633 1370/1635 1371/1636 1369/1634 
f 1369/1634 1371/1636 1336/1637 1333/1638 
f 1319/1576 1369/1634 1333/1638 1316/1573 
f 1339/1598 1372/1607 1373/1608 1374/1655 
f 1372/1607 1357/1656 1375/1657 1373/1608 
f 1373/1608 1375/1657 1305/1658 1376/1659 
f 1374/1655 1373/1608 1376/1659 1289/1544 
f 1351/1613 1377/1639 1378/1640 1379/1641 
f 1377/1639 1323/1581 1322/1580 1378/1640 
f 1378/1640 1322/1580 1321/1579 1380/1642 
f 1379/1641 1378/1640 1380/1642 1298/1553 
f 1311/1568 1337/1643 1381/1644 1312/1569 
f 1337/1643 1336/1637 1371/1636 1381/1644 
f 1381/1644 1371/1636 1370/1635 1382/1645 
f 1312/1569 1381/1644 1382/1645 1313/1570 
f 1328/1586 1344/1646 1383/1647 1329/1587 
f 1344/1646 1343/1627 1364/1626 1383/1647 
f 1383/1647 1364/1626 1363/1625 1384/1648 
f 1329/1587 1383/1647 1384/1648 1330/1588 
f 1311/1596 1308/1660 1385/1665 1338/1597 
f 1308/1660 1307/1666 1358/1667 1385/1665 
f 1385/1665 1358/1667 1357/1656 1372/1607 
f 1338/1597 1385/1665 1372/1607 1339/1598 
f 1328/1605 1325/1668 1386/1669 1345/1606 
f 1325/1668 1324/1670 1365/1671 1386/1669 
f 1386/1669 1365/1671 1283/1538 1286/1541 
f 1345/1606 1386/1669 1286/1541 1291/1546 
f 1313/1570 1382/1645 1387/1649 1350/1612 
f 1382/1645 1370/1635 1368/1633 1387/1649 
f 1387/1649 1368/1633 1323/1581 1377/1639 
f 1350/1612 1387/1649 1377/1639 1351/1613 
f 1330/1588 1384/1648 1388/1650 1356/1618 
f 1384/1648 1363/1625 1361/1623 1388/1650 
f 1388/1650 1361/1623 1292/1547 1295/1550 
f 1356/1618 1388/1650 1295/1550 1300/1555 
f 1287/1542 1317/1672 1389/1673 1288/1543 
f 1317/1672 1316/1560 1335/1593 1389/1673 
f 1389/1673 1335/1593 1339/1598 1374/1655 
f 1288/1543 1389/1673 1374/1655 1289/1544 
f 1296/1551 1390/1651 1391/1652 1297/1552 
f 1390/1651 1346/1591 1349/1611 1391/1652 
f 1391/1652 1349/1611 1351/1613 1379/1641 
f 1297/1552 1391/1652 1379/1641 1298/1553 
f 1305/1561 1375/1653 1392/1654 1306/1562 
f 1375/1653 1357/1619 1360/1622 1392/1654 
f 1392/1654 1360/1622 1346/1591 1390/1651 
f 1306/1562 1392/1654 1390/1651 1296/1551 
f 1287/1577 1284/1661 1393/1662 1320/1578 
f 1284/1661 1283/1629 1367/1632 1393/1662 
f 1393/1662 1367/1632 1352/1614 1394/1663 
f 1320/1578 1393/1662 1394/1663 1321/1579 
f 1305/1658 1302/1674 1395/1675 1376/1659 
f 1302/1674 1301/1599 1342/1602 1395/1675 
f 1395/1675 1342/1602 1291/1546 1290/1545 
f 1376/1659 1395/1675 1290/1545 1289/1544 
f 1321/1579 1394/1663 1396/1664 1380/1642 
f 1394/1663 1352/1614 1355/1617 1396/1664 
f 1396/1664 1355/1617 1300/1555 1299/1554 
f 1380/1642 1396/1664 1299/1554 1298/1553 
# 112 polygons

#
# object 2?_??___??
#

v  3.386994 10.996303 19.867258
v  3.364926 11.401422 19.779324
v  3.838725 11.414969 19.746979
v  4.308414 11.428746 19.680544
v  4.779520 11.442474 19.624847
v  5.253642 11.465916 19.609510
v  5.726212 11.515419 19.606058
v  6.197110 11.583021 19.614489
v  6.663399 11.669248 19.646896
v  7.061829 11.789305 19.874062
v  7.466787 11.712626 19.639801
v  7.939588 11.709418 19.619814
v  8.411781 11.711389 19.616604
v  8.882884 11.716464 19.627417
v  9.353870 11.713824 19.621510
v  9.820496 11.725564 19.687452
v  10.286115 11.709706 19.618608
v  10.757581 11.697471 19.626873
v  11.227493 11.682722 19.668924
v  11.663499 11.635614 19.486298
v  12.141395 11.648924 19.474697
v  12.618183 11.662199 19.477489
v  13.093006 11.675497 19.477266
v  3.352047 11.695934 19.490093
v  3.816235 11.777580 19.547665
v  4.283045 11.830991 19.582338
v  4.750333 11.846772 19.525412
v  5.221337 11.875028 19.527191
v  5.692360 11.923971 19.521181
v  6.154355 12.001221 19.601332
v  6.617518 12.075432 19.529881
v  7.040581 12.170510 19.711744
v  7.477709 12.121449 19.542006
v  7.948043 12.125013 19.562300
v  8.418185 12.127400 19.561058
v  8.887986 12.132335 19.572874
v  9.357269 12.131682 19.580217
v  9.825302 12.137967 19.617878
v  10.293390 12.128623 19.582682
v  10.762600 12.117260 19.593599
v  11.229971 12.103621 19.633615
v  11.690726 12.067502 19.557852
v  12.158920 12.071803 19.552343
v  12.630152 12.082132 19.547445
v  13.103505 12.091811 19.544352
v  3.308521 12.108626 19.455597
v  3.782587 12.189787 19.463745
v  4.250077 12.242647 19.501040
v  4.718390 12.266991 19.473183
v  5.186882 12.293492 19.480804
v  5.653937 12.343209 19.486559
v  6.114618 12.422878 19.556419
v  6.576329 12.505813 19.492817
v  7.034574 12.551379 19.533146
v  7.495245 12.545265 19.508764
v  7.959961 12.547410 19.518246
v  8.426750 12.550668 19.527678
v  8.895081 12.555588 19.537010
v  9.362389 12.554879 19.546768
v  9.830638 12.556706 19.556343
v  10.298673 12.553822 19.566290
v  10.766732 12.543075 19.576859
v  11.234290 12.529188 19.587820
v  11.702394 12.503147 19.599445
v  12.169804 12.502434 19.600414
v  12.637915 12.509044 19.595139
v  13.110047 12.515779 19.589827
v  3.301806 12.538456 19.408497
v  3.765101 12.621359 19.425293
v  4.228720 12.663810 19.431551
v  4.692308 12.694255 19.438761
v  5.155103 12.717781 19.446503
v  5.618047 12.765514 19.452332
v  6.080892 12.838265 19.456171
v  6.550054 12.941444 19.393940
v  7.022029 12.936951 19.352659
v  7.490686 12.932200 19.326864
v  7.957723 12.927270 19.311460
v  8.424381 12.922131 19.307251
v  8.891099 12.917094 19.297596
v  9.357479 12.911830 19.300150
v  9.825766 12.906540 19.302998
v  10.293324 12.901218 19.307837
v  10.762004 12.895720 19.321371
v  11.230653 12.890161 19.338053
v  11.699231 12.884520 19.359180
v  12.167307 12.879166 19.365396
v  12.638332 12.874176 19.350801
v  13.111163 12.869197 19.334511
v  3.302166 12.942045 19.205397
v  3.764651 12.977160 19.153797
v  4.226328 12.972784 19.112425
v  4.686947 12.968137 19.085922
v  5.148640 12.963209 19.073481
v  5.610682 12.958360 19.056767
v  6.073655 12.953765 19.026110
v  6.540956 12.949653 18.967545
v  7.010112 12.945112 18.930296
v  7.478731 12.940346 18.905416
v  7.946929 12.935405 18.889860
v  8.415488 12.930256 18.885052
v  8.883954 12.925209 18.874920
v  9.352746 12.919946 18.876083
v  9.821633 12.914641 18.879189
v  10.291110 12.909290 18.884445
v  10.761182 12.903821 18.895683
v  11.231262 12.898284 18.910383
v  11.701608 12.892685 18.928194
v  12.171824 12.887292 18.935244
v  12.643239 12.882269 18.922195
v  13.116065 12.877255 18.907759
v  3.314729 13.088813 18.774855
v  3.754802 12.982522 18.715912
v  4.213595 12.981223 18.675947
v  4.674330 12.976585 18.648901
v  5.136493 12.971668 18.635609
v  5.599217 12.966796 18.619717
v  6.062371 12.962236 18.587055
v  6.528944 12.957919 18.539713
v  6.997989 12.953305 18.506493
v  7.467038 12.948512 18.482632
v  7.936300 12.943541 18.468075
v  8.405992 12.938396 18.462465
v  8.875752 12.933335 18.452251
v  9.345781 12.928076 18.452402
v  9.816038 12.922762 18.455320
v  10.286619 12.917400 18.460451
v  10.757565 12.911953 18.469973
v  11.229024 12.906431 18.483130
v  11.700660 12.900867 18.498348
v  12.172526 12.895453 18.505486
v  12.644880 12.890381 18.494463
v  13.118033 12.885339 18.481277
v  3.327262 13.200169 18.334770
v  3.726403 12.973899 18.278976
v  4.189643 12.978331 18.239645
v  4.653905 12.983007 18.212467
v  5.118865 12.980185 18.197979
v  5.583870 12.975264 18.183294
v  6.049262 12.970668 18.151262
v  6.516859 12.966200 18.111233
v  6.985961 12.961514 18.081734
v  7.455555 12.956685 18.059464
v  7.925504 12.951684 18.046034
v  8.395764 12.946544 18.039825
v  8.866511 12.941473 18.029585
v  9.337431 12.936221 18.028849
v  9.809049 12.930897 18.031498
v  10.280676 12.925529 18.036320
v  10.752521 12.920100 18.044367
v  11.224565 12.914599 18.056047
v  11.696921 12.909060 18.069527
v  12.168806 12.903658 18.076113
v  12.641119 12.898551 18.066830
v  13.114413 12.893487 18.054853
v  3.340857 13.263060 17.887587
v  3.698254 12.965252 17.840704
v  4.165217 12.969769 17.803593
v  4.632807 12.974477 17.776167
v  5.100805 12.979417 17.760666
v  5.568528 12.983731 17.746838
v  6.036233 12.979069 17.717003
v  6.504710 12.974488 17.682293
v  6.974346 12.969733 17.656216
v  7.444962 12.964850 17.636179
v  7.915912 12.959819 17.623817
v  8.386998 12.954683 17.616751
v  8.858249 12.949600 17.606892
v  9.329902 12.944354 17.605389
v  9.801542 12.939035 17.607740
v  10.274029 12.933667 17.612154
v  10.746314 12.928258 17.618874
v  11.218814 12.922778 17.629141
v  11.691445 12.917260 17.641373
v  12.163878 12.911868 17.647074
v  12.637380 12.906718 17.639427
v  13.110932 12.901621 17.628952
v  3.355014 13.296031 17.438793
v  3.676249 12.956659 17.401640
v  4.145608 12.961253 17.367136
v  4.615389 12.965989 17.339901
v  5.085093 12.970929 17.323433
v  5.554625 12.975936 17.310598
v  6.024007 12.980669 17.283438
v  6.493752 12.982767 17.253210
v  6.964311 12.977942 17.230206
v  7.435483 12.973013 17.212334
v  7.906816 12.967962 17.200727
v  8.378190 12.962830 17.193409
v  8.849725 12.957734 17.184053
v  9.322094 12.952497 17.181679
v  9.794459 12.947173 17.183847
v  10.267323 12.941805 17.188032
v  10.740038 12.936409 17.193762
v  11.213197 12.930947 17.202694
v  11.686119 12.925450 17.213591
v  12.159328 12.920068 17.218395
v  12.632957 12.914890 17.212114
v  13.106740 12.909765 17.202965
v  3.369395 13.314004 16.990976
v  3.662049 12.948133 16.961428
v  4.132346 12.952791 16.929813
v  4.602635 12.957549 16.903360
v  5.073275 12.962494 16.886631
v  5.543730 12.967525 16.874474
v  6.014019 12.972323 16.850258
v  6.484763 12.977083 16.823652
v  6.956131 12.981972 16.803532
v  7.427811 12.981167 16.787916
v  7.899553 12.976088 16.777576
v  8.371305 12.970963 16.769587
v  8.843122 12.965858 16.760609
v  9.315353 12.960629 16.757853
v  9.787723 12.955306 16.759893
v  10.260840 12.949940 16.763906
v  10.733871 12.944559 16.768652
v  11.207420 12.939116 16.776409
v  11.680836 12.933633 16.786297
v  12.154342 12.928258 16.790455
v  12.628562 12.923057 16.785112
v  13.102839 12.917901 16.777325
v  3.383863 13.324334 16.544470
v  3.652286 12.939657 16.521296
v  4.123360 12.944373 16.492222
v  4.594186 12.949150 16.466536
v  5.065319 12.954100 16.449697
v  5.536596 12.959152 16.438257
v  6.007524 12.964005 16.416544
v  6.478424 12.968839 16.393684
v  6.950195 12.973788 16.376558
v  7.422122 12.978815 16.363327
v  7.894102 12.983915 16.353952
v  8.366119 12.979084 16.345438
v  8.838147 12.973970 16.336750
v  9.310573 12.968754 16.333223
v  9.782866 12.963425 16.335682
v  10.255780 12.958062 16.339573
v  10.728669 12.952699 16.343506
v  11.202190 12.947277 16.350138
v  11.676242 12.941802 16.359259
v  12.150311 12.936435 16.362703
v  12.624601 12.931205 16.358774
v  13.098998 12.926023 16.352291
v  3.398380 13.329000 16.099476
v  3.647742 12.931245 16.081404
v  4.119001 12.936004 16.054508
v  4.589988 12.940795 16.029463
v  5.061161 12.945733 16.012064
v  5.532214 12.950815 16.002237
v  6.003537 12.955718 15.982882
v  6.474778 12.960618 15.963371
v  6.946657 12.965624 15.949162
v  7.418583 12.970687 15.937806
v  7.890528 12.975814 15.929854
v  8.362595 12.980920 15.920794
v  8.834690 12.982080 15.912181
v  9.307018 12.976866 15.908497
v  9.779310 12.971533 15.911222
v  10.252391 12.966172 15.914918
v  10.725405 12.960817 15.918316
v  11.199361 12.955407 15.924124
v  11.673148 12.949950 15.932429
v  12.147061 12.944592 15.935483
v  12.621188 12.939346 15.932504
v  13.095531 12.934143 15.927172
v  3.412930 13.330015 15.655354
v  3.647076 12.922873 15.641381
v  4.118380 12.927661 15.615982
v  4.589400 12.932462 15.591442
v  5.060336 12.937402 15.574184
v  5.531194 12.942510 15.565952
v  6.002276 12.947459 15.549151
v  6.473381 12.952420 15.532996
v  6.945121 12.957470 15.521095
v  7.416868 12.962575 15.512136
v  7.888742 12.967720 15.505146
v  8.360713 12.972818 15.495643
v  8.832638 12.977932 15.487074
v  9.304772 12.983143 15.483374
v  9.777109 12.979633 15.486417
v  10.249950 12.974281 15.489777
v  10.722696 12.968932 15.493034
v  11.196373 12.963540 15.498060
v  11.670241 12.958097 15.505611
v  12.144423 12.952724 15.509174
v  12.618581 12.947475 15.506382
v  13.092797 12.942253 15.502099
v  3.425267 13.326510 15.212292
v  3.650376 12.914556 15.201920
v  4.121514 12.919357 15.177304
v  4.592059 12.924162 15.153237
v  5.062323 12.929096 15.136154
v  5.533071 12.934228 15.129145
v  6.003662 12.939220 15.114922
v  6.474621 12.944246 15.102222
v  6.945742 12.949335 15.092811
v  7.416939 12.954474 15.085920
v  7.888473 12.959634 15.079922
v  8.360038 12.964723 15.070173
v  8.831575 12.969832 15.061563
v  9.303693 12.975040 15.057758
v  9.775881 12.980378 15.060749
v  10.248401 12.982385 15.064370
v  10.721569 12.977031 15.067692
v  11.194831 12.971653 15.072123
v  11.668743 12.966223 15.078984
v  12.142790 12.960844 15.083059
v  12.616809 12.955593 15.080357
v  13.091003 12.950342 15.077628
v  3.415823 13.310377 14.770215
v  3.655551 12.906265 14.762728
v  4.126920 12.911065 14.737894
v  4.597254 12.915884 14.714711
v  5.066883 12.920812 14.697623
v  5.536919 12.925966 14.692276
v  6.006837 12.931001 14.680681
v  6.476936 12.936082 14.671374
v  6.947774 12.941215 14.664373
v  7.418695 12.946384 14.659298
v  7.889690 12.951562 14.654525
v  8.360863 12.956638 14.644438
v  8.832026 12.961741 14.635680
v  9.303531 12.966943 14.631815
v  9.775114 12.972274 14.634888
v  10.247569 12.977629 14.638627
v  10.720357 12.982985 14.642244
v  11.193204 12.979770 14.646089
v  11.666711 12.974354 14.652426
v  12.140759 12.968965 14.657058
v  12.614771 12.963708 14.654726
v  13.088949 12.958430 14.653370
v  3.405997 13.290411 14.329009
v  3.663812 12.898010 14.323608
v  4.135171 12.902785 14.297479
v  4.604691 12.907608 14.274981
v  5.073098 12.912540 14.258840
v  5.542071 12.917731 14.256001
v  6.010886 12.922789 14.246310
v  6.480515 12.927928 14.240360
v  6.950699 12.933094 14.235460
v  7.421017 12.938299 14.232577
v  7.891334 12.943486 14.228710
v  8.362011 12.948556 14.218597
v  8.832553 12.953650 14.209667
v  9.303923 12.958843 14.205572
v  9.775327 12.964177 14.208767
v  10.247562 12.969537 14.212936
v  10.719987 12.974891 14.216597
v  11.192772 12.980242 14.220017
v  11.666093 12.982467 14.226022
v  12.139821 12.977069 14.231256
v  12.613756 12.971803 14.229437
v  13.087901 12.966500 14.229432
v  3.395772 13.266420 13.888855
v  3.675640 12.889797 13.884628
v  4.146294 12.894508 13.855580
v  4.614264 12.899332 13.833975
v  5.081256 12.904276 13.819293
v  5.548965 12.909518 13.819938
v  6.016825 12.914587 13.811316
v  6.485481 12.919790 13.809258
v  6.954730 12.924981 13.806291
v  7.424233 12.930211 13.805224
v  7.893919 12.935413 13.802523
v  8.364302 12.940488 13.792761
v  8.834825 12.945572 13.783349
v  9.305449 12.950751 13.779023
v  9.776653 12.956087 13.782429
v  10.248201 12.961446 13.786976
v  10.720050 12.966793 13.790594
v  11.192307 12.972139 13.794062
v  11.665692 12.977537 13.799445
v  12.139431 12.982960 13.806024
v  12.613357 12.979887 13.804436
v  13.087577 12.974555 13.805883
v  3.384258 13.226736 13.450467
v  3.692428 12.881658 13.446554
v  4.160344 12.886224 13.411441
v  4.624985 12.891041 13.391451
v  5.089412 12.896004 13.379354
v  5.555091 12.901299 13.381144
v  6.021263 12.906362 13.375996
v  6.488907 12.911622 13.377587
v  6.957407 12.916850 13.376999
v  7.426417 12.922103 13.377363
v  7.895697 12.927328 13.376170
v  8.365418 12.932397 13.366509
v  8.835574 12.937474 13.357013
v  9.305833 12.942640 13.352063
v  9.776497 12.947980 13.356097
v  10.247385 12.953336 13.360770
v  10.719024 12.958674 13.364141
v  11.191502 12.964030 13.367894
v  11.664598 12.969410 13.372586
v  12.137810 12.974842 13.379995
v  12.611063 12.980127 13.379570
v  13.085196 12.982633 13.382364
v  3.369720 13.155462 13.012596
v  3.713614 12.873590 13.009702
v  4.175095 12.877874 12.963479
v  4.634195 12.882710 12.947883
v  5.094815 12.887690 12.938827
v  5.558150 12.893008 12.941396
v  6.022218 12.898087 12.940145
v  6.488410 12.903409 12.945825
v  6.957124 12.908685 12.947579
v  7.426604 12.913972 12.949512
v  7.896169 12.919227 12.949678
v  8.365586 12.924281 12.939443
v  8.834703 12.929356 12.930416
v  9.304357 12.934499 12.924723
v  9.774333 12.939852 12.929749
v  10.246329 12.945216 12.934284
v  10.718156 12.950559 12.937696
v  11.189140 12.955902 12.941714
v  11.663294 12.961286 12.945930
v  12.136436 12.966728 12.953925
v  12.609588 12.972038 12.954928
v  13.081873 12.977395 12.958794
v  3.284600 12.862217 12.690925
v  3.725630 12.865490 12.576096
v  4.185964 12.766939 12.522365
v  4.638816 12.723923 12.528356
v  5.096889 12.698923 12.535883
v  5.556872 12.685353 12.544203
v  6.018482 12.684566 12.553879
v  6.485922 12.691238 12.564113
v  6.954747 12.688639 12.573639
v  7.427310 12.686973 12.583130
v  7.900081 12.678287 12.592444
v  8.371300 12.656448 12.600495
v  8.841172 12.637913 12.608781
v  9.310504 12.625525 12.617543
v  9.781734 12.625943 12.627358
v  10.253503 12.626514 12.637198
v  10.725778 12.626805 12.647027
v  11.199351 12.627063 12.656879
v  11.671564 12.625040 12.666603
v  12.144888 12.631598 12.676868
v  12.618911 12.632277 12.686685
v  13.093865 12.635769 12.696901
v  3.273750 12.458879 12.550556
v  3.733464 12.430808 12.539386
v  4.162771 12.376113 12.350851
v  4.604817 12.304256 12.512047
v  5.075452 12.278192 12.505569
v  5.544228 12.263069 12.534892
v  6.014307 12.263043 12.528856
v  6.484463 12.271547 12.530805
v  6.948802 12.289680 12.450933
v  7.421309 12.282434 12.489288
v  7.888392 12.261607 12.559156
v  8.360939 12.237106 12.567032
v  8.832744 12.216970 12.569752
v  9.304789 12.204719 12.575547
v  9.777659 12.204598 12.578650
v  10.250851 12.205248 12.586621
v  10.724164 12.205770 12.597502
v  11.197621 12.206216 12.608671
v  11.670668 12.204256 12.633140
v  12.144972 12.210271 12.643463
v  12.619497 12.211570 12.653322
v  13.094057 12.215845 12.663607
v  3.246078 12.043882 12.591444
v  3.716814 12.010503 12.575259
v  4.125978 11.955637 12.340216
v  4.583910 11.890520 12.458566
v  5.057319 11.861919 12.502212
v  5.532972 11.846198 12.526855
v  6.009798 11.845951 12.530476
v  6.485719 11.854842 12.518323
v  6.947697 11.877923 12.405208
v  7.398051 11.878332 12.554142
v  7.871243 11.849431 12.551297
v  8.345910 11.821785 12.539211
v  8.819997 11.804277 12.504394
v  9.294758 11.792672 12.502921
v  9.770231 11.792425 12.501252
v  10.245482 11.793598 12.506638
v  10.720350 11.794449 12.517613
v  11.194937 11.794825 12.530795
v  11.668625 11.792956 12.559821
v  12.143426 11.795197 12.597678
v  12.618682 11.796101 12.620413
v  13.094034 11.800832 12.630693
v  3.214552 11.632108 12.596869
v  3.862126 11.017829 19.862196
v  4.336140 11.055259 19.857487
v  4.810060 11.094987 19.852827
v  5.285679 11.128448 19.848017
v  5.759744 11.176094 19.841396
v  6.232500 11.228890 19.828606
v  6.700576 11.287633 19.815542
v  7.086549 11.417279 20.053146
v  7.472265 11.327922 19.797527
v  7.942665 11.330571 19.787912
v  8.412240 11.329734 19.778530
v  8.881075 11.326836 19.769291
v  9.348592 11.322058 19.760195
v  9.815450 11.316017 19.751192
v  10.281088 11.312083 19.742083
v  10.745978 11.295155 19.733809
v  11.214477 11.271887 19.725817
v  11.685440 11.290770 19.715197
v  12.157024 11.304153 19.704889
v  12.630828 11.309818 19.695015
v  13.105843 11.317354 19.685003
v  13.580399 11.330256 19.674664
v  13.566833 11.678603 19.452528
v  13.577839 12.091181 19.536280
v  13.584042 12.514777 19.583622
v  13.585443 12.864116 19.322836
v  13.590054 12.872140 18.897924
v  13.591936 12.880198 18.472946
v  13.588768 12.888310 18.048113
v  13.585355 12.896423 17.623253
v  13.581163 12.904546 17.198484
v  13.577272 12.912663 16.773748
v  13.573472 12.920775 16.349178
v  13.569945 12.928883 15.924822
v  13.567286 12.936966 15.501064
v  13.565364 12.945037 15.077707
v  13.563334 12.953097 14.654809
v  13.562456 12.961136 14.232416
v  13.561995 12.969167 13.810249
v  13.559720 12.977219 13.388043
v  13.556813 12.982840 12.965853
v  13.568031 12.640150 12.707093
v  13.568617 12.220247 12.673811
v  13.569069 11.805488 12.640932
v  3.687817 11.598309 12.609145
v  4.091808 11.542654 12.364761
v  4.567513 11.488507 12.361043
v  5.047635 11.473606 12.366350
v  5.527774 11.472300 12.353470
v  6.007645 11.471607 12.359122
v  6.485506 11.471041 12.368531
v  6.961054 11.470922 12.391295
v  7.382732 11.476102 12.609872
v  7.837706 11.469901 12.409070
v  8.317340 11.466532 12.333762
v  8.798674 11.451221 12.288405
v  9.281947 11.434061 12.295909
v  9.763992 11.428931 12.301906
v  10.244081 11.430306 12.307074
v  10.722836 11.434974 12.311821
v  11.201331 11.440675 12.316435
v  11.679449 11.454921 12.319985
v  12.155655 11.460273 12.357424
v  12.629147 11.460229 12.382336
v  13.103593 11.459951 12.400315
v  13.578171 11.459682 12.418469
# 552 vertices

vt 0.555289 0.231972 0.000000
vt 0.566378 0.232072 0.000000
vt 0.566247 0.241651 0.000000
vt 0.555265 0.241638 0.000000
vt 0.544162 0.231840 0.000000
vt 0.544293 0.241462 0.000000
vt 0.533144 0.232009 0.000000
vt 0.533355 0.241570 0.000000
vt 0.522295 0.232406 0.000000
vt 0.522400 0.241882 0.000000
vt 0.511456 0.232347 0.000000
vt 0.511462 0.241822 0.000000
vt 0.500621 0.232010 0.000000
vt 0.500551 0.241498 0.000000
vt 0.489821 0.231421 0.000000
vt 0.489753 0.240976 0.000000
vt 0.478899 0.231592 0.000000
vt 0.478989 0.241178 0.000000
vt 0.467949 0.231782 0.000000
vt 0.468214 0.241233 0.000000
vt 0.457175 0.231934 0.000000
vt 0.457415 0.241451 0.000000
vt 0.446341 0.232218 0.000000
vt 0.446655 0.241729 0.000000
vt 0.435513 0.232578 0.000000
vt 0.435918 0.242085 0.000000
vt 0.424729 0.233065 0.000000
vt 0.425236 0.242550 0.000000
vt 0.413949 0.233555 0.000000
vt 0.414551 0.243031 0.000000
vt 0.403222 0.234170 0.000000
vt 0.403923 0.243639 0.000000
vt 0.392512 0.235113 0.000000
vt 0.393328 0.244584 0.000000
vt 0.381648 0.236213 0.000000
vt 0.382672 0.245788 0.000000
vt 0.371090 0.237157 0.000000
vt 0.371872 0.246259 0.000000
vt 0.360779 0.237538 0.000000
vt 0.361125 0.246846 0.000000
vt 0.350075 0.237893 0.000000
vt 0.350354 0.247296 0.000000
vt 0.339211 0.238204 0.000000
vt 0.339533 0.247692 0.000000
vt 0.328345 0.238657 0.000000
vt 0.328713 0.248067 0.000000
vt 0.555090 0.222204 0.000000
vt 0.566174 0.222541 0.000000
vt 0.543969 0.222115 0.000000
vt 0.533005 0.222410 0.000000
vt 0.522119 0.222792 0.000000
vt 0.511236 0.222782 0.000000
vt 0.500388 0.222431 0.000000
vt 0.489652 0.221791 0.000000
vt 0.478762 0.221850 0.000000
vt 0.467713 0.222074 0.000000
vt 0.456749 0.222262 0.000000
vt 0.445850 0.222559 0.000000
vt 0.434991 0.222918 0.000000
vt 0.424170 0.223449 0.000000
vt 0.413363 0.223954 0.000000
vt 0.402585 0.224602 0.000000
vt 0.391845 0.225459 0.000000
vt 0.381074 0.226425 0.000000
vt 0.370479 0.227625 0.000000
vt 0.359947 0.227971 0.000000
vt 0.349309 0.228263 0.000000
vt 0.338540 0.228557 0.000000
vt 0.327705 0.229045 0.000000
vt 0.554916 0.212300 0.000000
vt 0.566013 0.212992 0.000000
vt 0.543865 0.212227 0.000000
vt 0.532880 0.212539 0.000000
vt 0.521936 0.212992 0.000000
vt 0.511015 0.213050 0.000000
vt 0.500154 0.212669 0.000000
vt 0.489177 0.211813 0.000000
vt 0.478208 0.211858 0.000000
vt 0.467171 0.212061 0.000000
vt 0.456182 0.212364 0.000000
vt 0.445268 0.212719 0.000000
vt 0.434385 0.213101 0.000000
vt 0.423559 0.213661 0.000000
vt 0.412736 0.214201 0.000000
vt 0.401951 0.214843 0.000000
vt 0.391213 0.215688 0.000000
vt 0.380509 0.216610 0.000000
vt 0.369869 0.217741 0.000000
vt 0.359284 0.218225 0.000000
vt 0.348698 0.218533 0.000000
vt 0.337972 0.218848 0.000000
vt 0.327167 0.219315 0.000000
vt 0.554342 0.202234 0.000000
vt 0.565184 0.203094 0.000000
vt 0.543469 0.202198 0.000000
vt 0.532555 0.202479 0.000000
vt 0.521638 0.202967 0.000000
vt 0.510652 0.203128 0.000000
vt 0.499781 0.202918 0.000000
vt 0.488987 0.201504 0.000000
vt 0.478051 0.201727 0.000000
vt 0.466958 0.201924 0.000000
vt 0.455931 0.202206 0.000000
vt 0.444993 0.202651 0.000000
vt 0.434101 0.203012 0.000000
vt 0.423259 0.203601 0.000000
vt 0.412417 0.204211 0.000000
vt 0.401617 0.204859 0.000000
vt 0.390831 0.205679 0.000000
vt 0.380096 0.206559 0.000000
vt 0.369450 0.207515 0.000000
vt 0.358890 0.208220 0.000000
vt 0.348236 0.208570 0.000000
vt 0.337477 0.208923 0.000000
vt 0.326657 0.209371 0.000000
vt 0.553792 0.191829 0.000000
vt 0.564572 0.192725 0.000000
vt 0.542932 0.191762 0.000000
vt 0.532055 0.191973 0.000000
vt 0.521171 0.192438 0.000000
vt 0.510279 0.192746 0.000000
vt 0.499393 0.192629 0.000000
vt 0.488494 0.191876 0.000000
vt 0.477590 0.191819 0.000000
vt 0.466602 0.191986 0.000000
vt 0.455618 0.192293 0.000000
vt 0.444672 0.192796 0.000000
vt 0.433750 0.193159 0.000000
vt 0.422866 0.193763 0.000000
vt 0.412014 0.194403 0.000000
vt 0.401179 0.195086 0.000000
vt 0.390372 0.195895 0.000000
vt 0.379609 0.196778 0.000000
vt 0.368900 0.197737 0.000000
vt 0.358223 0.198492 0.000000
vt 0.347505 0.198854 0.000000
vt 0.336733 0.199216 0.000000
vt 0.325921 0.199690 0.000000
vt 0.553271 0.181566 0.000000
vt 0.563872 0.182290 0.000000
vt 0.542440 0.181507 0.000000
vt 0.531603 0.181690 0.000000
vt 0.520761 0.182146 0.000000
vt 0.509912 0.182485 0.000000
vt 0.499057 0.182393 0.000000
vt 0.488141 0.181972 0.000000
vt 0.477203 0.181929 0.000000
vt 0.466243 0.182087 0.000000
vt 0.455280 0.182425 0.000000
vt 0.444335 0.182939 0.000000
vt 0.433399 0.183324 0.000000
vt 0.422498 0.183934 0.000000
vt 0.411622 0.184598 0.000000
vt 0.400769 0.185306 0.000000
vt 0.389943 0.186109 0.000000
vt 0.379145 0.186996 0.000000
vt 0.368383 0.187939 0.000000
vt 0.357635 0.188722 0.000000
vt 0.346865 0.189126 0.000000
vt 0.336070 0.189504 0.000000
vt 0.325258 0.190004 0.000000
vt 0.553061 0.171295 0.000000
vt 0.563725 0.171894 0.000000
vt 0.542197 0.171271 0.000000
vt 0.531331 0.171456 0.000000
vt 0.520468 0.171889 0.000000
vt 0.509606 0.172279 0.000000
vt 0.498719 0.172236 0.000000
vt 0.487785 0.172005 0.000000
vt 0.476842 0.172028 0.000000
vt 0.465888 0.172211 0.000000
vt 0.454935 0.172579 0.000000
vt 0.443994 0.173095 0.000000
vt 0.433053 0.173501 0.000000
vt 0.422141 0.174114 0.000000
vt 0.411240 0.174797 0.000000
vt 0.400367 0.175524 0.000000
vt 0.389520 0.176322 0.000000
vt 0.378702 0.177205 0.000000
vt 0.367908 0.178137 0.000000
vt 0.357138 0.178926 0.000000
vt 0.346350 0.179374 0.000000
vt 0.335541 0.179778 0.000000
vt 0.324715 0.180312 0.000000
vt 0.552844 0.161087 0.000000
vt 0.563592 0.161554 0.000000
vt 0.541974 0.161094 0.000000
vt 0.531079 0.161268 0.000000
vt 0.520181 0.161679 0.000000
vt 0.509287 0.162097 0.000000
vt 0.498366 0.162119 0.000000
vt 0.487427 0.162020 0.000000
vt 0.476478 0.162119 0.000000
vt 0.465514 0.162351 0.000000
vt 0.454554 0.162750 0.000000
vt 0.443608 0.163258 0.000000
vt 0.432666 0.163689 0.000000
vt 0.421745 0.164304 0.000000
vt 0.410849 0.165002 0.000000
vt 0.399959 0.165743 0.000000
vt 0.389100 0.166534 0.000000
vt 0.378266 0.167409 0.000000
vt 0.367454 0.168334 0.000000
vt 0.356658 0.169120 0.000000
vt 0.345832 0.169615 0.000000
vt 0.335009 0.170057 0.000000
vt 0.324177 0.170615 0.000000
vt 0.552533 0.150939 0.000000
vt 0.563292 0.151250 0.000000
vt 0.541663 0.150965 0.000000
vt 0.530757 0.151122 0.000000
vt 0.519845 0.151501 0.000000
vt 0.508931 0.151941 0.000000
vt 0.497990 0.152030 0.000000
vt 0.487038 0.152036 0.000000
vt 0.476078 0.152206 0.000000
vt 0.465112 0.152490 0.000000
vt 0.454154 0.152912 0.000000
vt 0.443209 0.153424 0.000000
vt 0.432272 0.153881 0.000000
vt 0.421338 0.154494 0.000000
vt 0.410430 0.155206 0.000000
vt 0.399533 0.155962 0.000000
vt 0.388663 0.156752 0.000000
vt 0.377808 0.157618 0.000000
vt 0.366982 0.158531 0.000000
vt 0.356158 0.159312 0.000000
vt 0.345322 0.159848 0.000000
vt 0.334490 0.160326 0.000000
vt 0.323655 0.160917 0.000000
vt 0.552101 0.140810 0.000000
vt 0.562873 0.140984 0.000000
vt 0.541239 0.140858 0.000000
vt 0.530346 0.141005 0.000000
vt 0.519432 0.141359 0.000000
vt 0.508512 0.141804 0.000000
vt 0.497566 0.141959 0.000000
vt 0.486602 0.142051 0.000000
vt 0.475632 0.142289 0.000000
vt 0.464664 0.142626 0.000000
vt 0.453705 0.143083 0.000000
vt 0.442758 0.143589 0.000000
vt 0.431818 0.144067 0.000000
vt 0.420892 0.144686 0.000000
vt 0.409987 0.145412 0.000000
vt 0.399085 0.146182 0.000000
vt 0.388206 0.146968 0.000000
vt 0.377339 0.147825 0.000000
vt 0.366496 0.148733 0.000000
vt 0.355659 0.149513 0.000000
vt 0.344805 0.150082 0.000000
vt 0.333958 0.150600 0.000000
vt 0.323122 0.151218 0.000000
vt 0.551612 0.130705 0.000000
vt 0.562386 0.130754 0.000000
vt 0.540751 0.130769 0.000000
vt 0.529860 0.130902 0.000000
vt 0.518945 0.131232 0.000000
vt 0.508015 0.131681 0.000000
vt 0.497065 0.131886 0.000000
vt 0.486107 0.132062 0.000000
vt 0.475134 0.132370 0.000000
vt 0.464165 0.132768 0.000000
vt 0.453206 0.133251 0.000000
vt 0.442256 0.133753 0.000000
vt 0.431315 0.134249 0.000000
vt 0.420386 0.134865 0.000000
vt 0.409485 0.135616 0.000000
vt 0.398589 0.136400 0.000000
vt 0.387711 0.137184 0.000000
vt 0.376841 0.138031 0.000000
vt 0.365980 0.138938 0.000000
vt 0.355126 0.139716 0.000000
vt 0.344269 0.140329 0.000000
vt 0.333419 0.140886 0.000000
vt 0.322582 0.141521 0.000000
vt 0.551052 0.120618 0.000000
vt 0.561833 0.120558 0.000000
vt 0.540192 0.120690 0.000000
vt 0.529301 0.120806 0.000000
vt 0.518387 0.121100 0.000000
vt 0.507466 0.121570 0.000000
vt 0.496511 0.121821 0.000000
vt 0.485550 0.122071 0.000000
vt 0.474580 0.122446 0.000000
vt 0.463614 0.122889 0.000000
vt 0.452657 0.123413 0.000000
vt 0.441704 0.123912 0.000000
vt 0.430763 0.124420 0.000000
vt 0.419839 0.125044 0.000000
vt 0.408938 0.125817 0.000000
vt 0.398039 0.126612 0.000000
vt 0.387157 0.127400 0.000000
vt 0.376276 0.128245 0.000000
vt 0.365418 0.129147 0.000000
vt 0.354565 0.129930 0.000000
vt 0.343713 0.130576 0.000000
vt 0.332864 0.131169 0.000000
vt 0.322029 0.131830 0.000000
vt 0.550444 0.110530 0.000000
vt 0.561232 0.110381 0.000000
vt 0.539580 0.110595 0.000000
vt 0.528683 0.110690 0.000000
vt 0.517769 0.110964 0.000000
vt 0.506850 0.111456 0.000000
vt 0.495900 0.111757 0.000000
vt 0.484944 0.112080 0.000000
vt 0.473976 0.112508 0.000000
vt 0.463015 0.113010 0.000000
vt 0.452059 0.113562 0.000000
vt 0.441106 0.114059 0.000000
vt 0.430167 0.114582 0.000000
vt 0.419246 0.115218 0.000000
vt 0.408346 0.116012 0.000000
vt 0.397452 0.116815 0.000000
vt 0.386577 0.117615 0.000000
vt 0.375700 0.118457 0.000000
vt 0.364839 0.119356 0.000000
vt 0.353980 0.120164 0.000000
vt 0.343128 0.120826 0.000000
vt 0.332283 0.121454 0.000000
vt 0.321449 0.122155 0.000000
vt 0.549792 0.100446 0.000000
vt 0.560585 0.100226 0.000000
vt 0.538914 0.100489 0.000000
vt 0.528014 0.100564 0.000000
vt 0.517103 0.100820 0.000000
vt 0.506177 0.101326 0.000000
vt 0.495233 0.101679 0.000000
vt 0.484277 0.102078 0.000000
vt 0.473322 0.102564 0.000000
vt 0.462370 0.103116 0.000000
vt 0.451419 0.103698 0.000000
vt 0.440391 0.104199 0.000000
vt 0.429538 0.104732 0.000000
vt 0.418614 0.105381 0.000000
vt 0.407716 0.106190 0.000000
vt 0.396830 0.107012 0.000000
vt 0.385945 0.107831 0.000000
vt 0.375078 0.108673 0.000000
vt 0.364215 0.109571 0.000000
vt 0.353362 0.110404 0.000000
vt 0.342513 0.111081 0.000000
vt 0.331672 0.111755 0.000000
vt 0.320844 0.112492 0.000000
vt 0.549131 0.090350 0.000000
vt 0.559947 0.090084 0.000000
vt 0.538227 0.090347 0.000000
vt 0.527308 0.090414 0.000000
vt 0.516390 0.090652 0.000000
vt 0.505466 0.091186 0.000000
vt 0.494528 0.091594 0.000000
vt 0.483586 0.092069 0.000000
vt 0.472631 0.092612 0.000000
vt 0.461681 0.093210 0.000000
vt 0.450736 0.093827 0.000000
vt 0.439789 0.094331 0.000000
vt 0.428860 0.094873 0.000000
vt 0.417947 0.095536 0.000000
vt 0.407062 0.096362 0.000000
vt 0.396176 0.097205 0.000000
vt 0.385301 0.098045 0.000000
vt 0.374444 0.098888 0.000000
vt 0.363591 0.099788 0.000000
vt 0.352740 0.100648 0.000000
vt 0.341894 0.101345 0.000000
vt 0.331058 0.102062 0.000000
vt 0.320234 0.102840 0.000000
vt 0.548444 0.080230 0.000000
vt 0.559277 0.079952 0.000000
vt 0.537502 0.080152 0.000000
vt 0.526567 0.080211 0.000000
vt 0.515648 0.080459 0.000000
vt 0.504730 0.081046 0.000000
vt 0.493804 0.081495 0.000000
vt 0.482865 0.082048 0.000000
vt 0.471916 0.082640 0.000000
vt 0.460971 0.083294 0.000000
vt 0.450032 0.083940 0.000000
vt 0.439088 0.084454 0.000000
vt 0.428165 0.085008 0.000000
vt 0.417251 0.085682 0.000000
vt 0.406368 0.086528 0.000000
vt 0.395488 0.087399 0.000000
vt 0.384623 0.088256 0.000000
vt 0.373768 0.089107 0.000000
vt 0.362922 0.090013 0.000000
vt 0.352082 0.090900 0.000000
vt 0.341241 0.091622 0.000000
vt 0.330411 0.092381 0.000000
vt 0.319590 0.093204 0.000000
vt 0.547728 0.070062 0.000000
vt 0.558604 0.069827 0.000000
vt 0.536737 0.069874 0.000000
vt 0.525782 0.069944 0.000000
vt 0.514862 0.070226 0.000000
vt 0.503953 0.070896 0.000000
vt 0.493034 0.071371 0.000000
vt 0.482110 0.072014 0.000000
vt 0.471171 0.072652 0.000000
vt 0.460233 0.073353 0.000000
vt 0.449296 0.074034 0.000000
vt 0.438346 0.074572 0.000000
vt 0.427414 0.075133 0.000000
vt 0.416512 0.075821 0.000000
vt 0.405633 0.076692 0.000000
vt 0.394770 0.077588 0.000000
vt 0.383920 0.078462 0.000000
vt 0.373079 0.079329 0.000000
vt 0.362234 0.080238 0.000000
vt 0.351401 0.081169 0.000000
vt 0.340563 0.081909 0.000000
vt 0.329740 0.082713 0.000000
vt 0.318928 0.083578 0.000000
vt 0.546962 0.059800 0.000000
vt 0.557786 0.059713 0.000000
vt 0.535911 0.059469 0.000000
vt 0.524959 0.059602 0.000000
vt 0.514064 0.059958 0.000000
vt 0.503184 0.060665 0.000000
vt 0.492295 0.061225 0.000000
vt 0.481387 0.061952 0.000000
vt 0.470455 0.062645 0.000000
vt 0.459512 0.063382 0.000000
vt 0.448566 0.064108 0.000000
vt 0.437614 0.064665 0.000000
vt 0.426677 0.065248 0.000000
vt 0.415778 0.065948 0.000000
vt 0.404913 0.066853 0.000000
vt 0.394068 0.067771 0.000000
vt 0.383224 0.068657 0.000000
vt 0.372384 0.069549 0.000000
vt 0.361548 0.070457 0.000000
vt 0.350732 0.071421 0.000000
vt 0.339917 0.072203 0.000000
vt 0.329105 0.073048 0.000000
vt 0.318300 0.073951 0.000000
vt 0.546244 0.049250 0.000000
vt 0.556759 0.049531 0.000000
vt 0.535002 0.048950 0.000000
vt 0.524135 0.049203 0.000000
vt 0.513310 0.049653 0.000000
vt 0.502472 0.050396 0.000000
vt 0.491632 0.051056 0.000000
vt 0.480758 0.051869 0.000000
vt 0.469808 0.052612 0.000000
vt 0.458833 0.053383 0.000000
vt 0.447852 0.054153 0.000000
vt 0.436880 0.054721 0.000000
vt 0.425952 0.055347 0.000000
vt 0.415063 0.056065 0.000000
vt 0.404220 0.057011 0.000000
vt 0.393351 0.057949 0.000000
vt 0.382509 0.058857 0.000000
vt 0.371708 0.059770 0.000000
vt 0.360856 0.060688 0.000000
vt 0.350041 0.061671 0.000000
vt 0.339240 0.062511 0.000000
vt 0.328486 0.063391 0.000000
vt 0.317679 0.064328 0.000000
vt 0.544535 0.039400 0.000000
vt 0.554570 0.039802 0.000000
vt 0.534069 0.038290 0.000000
vt 0.523432 0.038632 0.000000
vt 0.512634 0.039233 0.000000
vt 0.501876 0.039921 0.000000
vt 0.491117 0.040756 0.000000
vt 0.480218 0.041657 0.000000
vt 0.469261 0.042453 0.000000
vt 0.458189 0.043286 0.000000
vt 0.447112 0.044079 0.000000
vt 0.436080 0.044647 0.000000
vt 0.425108 0.045267 0.000000
vt 0.414202 0.045994 0.000000
vt 0.403320 0.046970 0.000000
vt 0.392464 0.047932 0.000000
vt 0.381620 0.048875 0.000000
vt 0.370764 0.049810 0.000000
vt 0.359951 0.050695 0.000000
vt 0.349151 0.051750 0.000000
vt 0.338348 0.052655 0.000000
vt 0.327540 0.053604 0.000000
vt 0.316754 0.054563 0.000000
vt 0.543653 0.029796 0.000000
vt 0.554226 0.029973 0.000000
vt 0.533314 0.028921 0.000000
vt 0.522864 0.028838 0.000000
vt 0.512120 0.029425 0.000000
vt 0.501314 0.030120 0.000000
vt 0.490504 0.030979 0.000000
vt 0.479659 0.031868 0.000000
vt 0.468717 0.032681 0.000000
vt 0.457615 0.033545 0.000000
vt 0.446466 0.034242 0.000000
vt 0.435372 0.034846 0.000000
vt 0.424383 0.035449 0.000000
vt 0.413444 0.036213 0.000000
vt 0.402561 0.037198 0.000000
vt 0.391693 0.038183 0.000000
vt 0.380838 0.039151 0.000000
vt 0.369990 0.040102 0.000000
vt 0.359156 0.041046 0.000000
vt 0.348355 0.042122 0.000000
vt 0.337565 0.043055 0.000000
vt 0.326785 0.044020 0.000000
vt 0.315995 0.044978 0.000000
vt 0.543730 0.020146 0.000000
vt 0.554499 0.020420 0.000000
vt 0.533070 0.019746 0.000000
vt 0.522420 0.019410 0.000000
vt 0.511582 0.019889 0.000000
vt 0.500750 0.020574 0.000000
vt 0.489933 0.021426 0.000000
vt 0.479198 0.022362 0.000000
vt 0.468296 0.023036 0.000000
vt 0.457035 0.023771 0.000000
vt 0.445750 0.024571 0.000000
vt 0.434709 0.025202 0.000000
vt 0.423724 0.025755 0.000000
vt 0.412776 0.026571 0.000000
vt 0.401875 0.027556 0.000000
vt 0.390991 0.028559 0.000000
vt 0.380124 0.029549 0.000000
vt 0.369252 0.030501 0.000000
vt 0.358405 0.031498 0.000000
vt 0.347596 0.032632 0.000000
vt 0.336830 0.033605 0.000000
vt 0.326049 0.034555 0.000000
vt 0.315251 0.035512 0.000000
vt 0.543903 0.010657 0.000000
vt 0.554794 0.010944 0.000000
vt 0.532961 0.010424 0.000000
vt 0.522083 0.010000 0.000000
vt 0.511134 0.010525 0.000000
vt 0.500183 0.011197 0.000000
vt 0.489251 0.012071 0.000000
vt 0.478386 0.013040 0.000000
vt 0.467545 0.013677 0.000000
vt 0.456670 0.014156 0.000000
vt 0.445302 0.015174 0.000000
vt 0.434230 0.015790 0.000000
vt 0.423184 0.016214 0.000000
vt 0.412156 0.017086 0.000000
vt 0.401174 0.018071 0.000000
vt 0.390248 0.019089 0.000000
vt 0.379354 0.020091 0.000000
vt 0.368460 0.021046 0.000000
vt 0.357595 0.022063 0.000000
vt 0.346774 0.023281 0.000000
vt 0.335997 0.024260 0.000000
vt 0.325200 0.025206 0.000000
vt 0.314404 0.026163 0.000000
# 552 texture coords

o 2?_??___??
g 2?_??___??
f 1399/1676 1398/1677 1397/1678 1883/1679 
f 1400/1680 1399/1676 1883/1679 1884/1681 
f 1401/1682 1400/1680 1884/1681 1885/1683 
f 1402/1684 1401/1682 1885/1683 1886/1685 
f 1403/1686 1402/1684 1886/1685 1887/1687 
f 1404/1688 1403/1686 1887/1687 1888/1689 
f 1405/1690 1404/1688 1888/1689 1889/1691 
f 1406/1692 1405/1690 1889/1691 1890/1693 
f 1407/1694 1406/1692 1890/1693 1891/1695 
f 1408/1696 1407/1694 1891/1695 1892/1697 
f 1409/1698 1408/1696 1892/1697 1893/1699 
f 1410/1700 1409/1698 1893/1699 1894/1701 
f 1411/1702 1410/1700 1894/1701 1895/1703 
f 1412/1704 1411/1702 1895/1703 1896/1705 
f 1413/1706 1412/1704 1896/1705 1897/1707 
f 1414/1708 1413/1706 1897/1707 1898/1709 
f 1415/1710 1414/1708 1898/1709 1899/1711 
f 1416/1712 1415/1710 1899/1711 1900/1713 
f 1417/1714 1416/1712 1900/1713 1901/1715 
f 1418/1716 1417/1714 1901/1715 1902/1717 
f 1419/1718 1418/1716 1902/1717 1903/1719 
f 1905/1720 1419/1718 1903/1719 1904/1721 
f 1421/1722 1420/1723 1398/1677 1399/1676 
f 1422/1724 1421/1722 1399/1676 1400/1680 
f 1423/1725 1422/1724 1400/1680 1401/1682 
f 1424/1726 1423/1725 1401/1682 1402/1684 
f 1425/1727 1424/1726 1402/1684 1403/1686 
f 1426/1728 1425/1727 1403/1686 1404/1688 
f 1427/1729 1426/1728 1404/1688 1405/1690 
f 1428/1730 1427/1729 1405/1690 1406/1692 
f 1429/1731 1428/1730 1406/1692 1407/1694 
f 1430/1732 1429/1731 1407/1694 1408/1696 
f 1431/1733 1430/1732 1408/1696 1409/1698 
f 1432/1734 1431/1733 1409/1698 1410/1700 
f 1433/1735 1432/1734 1410/1700 1411/1702 
f 1434/1736 1433/1735 1411/1702 1412/1704 
f 1435/1737 1434/1736 1412/1704 1413/1706 
f 1436/1738 1435/1737 1413/1706 1414/1708 
f 1437/1739 1436/1738 1414/1708 1415/1710 
f 1438/1740 1437/1739 1415/1710 1416/1712 
f 1439/1741 1438/1740 1416/1712 1417/1714 
f 1440/1742 1439/1741 1417/1714 1418/1716 
f 1441/1743 1440/1742 1418/1716 1419/1718 
f 1906/1744 1441/1743 1419/1718 1905/1720 
f 1443/1745 1442/1746 1420/1723 1421/1722 
f 1444/1747 1443/1745 1421/1722 1422/1724 
f 1445/1748 1444/1747 1422/1724 1423/1725 
f 1446/1749 1445/1748 1423/1725 1424/1726 
f 1447/1750 1446/1749 1424/1726 1425/1727 
f 1448/1751 1447/1750 1425/1727 1426/1728 
f 1449/1752 1448/1751 1426/1728 1427/1729 
f 1450/1753 1449/1752 1427/1729 1428/1730 
f 1451/1754 1450/1753 1428/1730 1429/1731 
f 1452/1755 1451/1754 1429/1731 1430/1732 
f 1453/1756 1452/1755 1430/1732 1431/1733 
f 1454/1757 1453/1756 1431/1733 1432/1734 
f 1455/1758 1454/1757 1432/1734 1433/1735 
f 1456/1759 1455/1758 1433/1735 1434/1736 
f 1457/1760 1456/1759 1434/1736 1435/1737 
f 1458/1761 1457/1760 1435/1737 1436/1738 
f 1459/1762 1458/1761 1436/1738 1437/1739 
f 1460/1763 1459/1762 1437/1739 1438/1740 
f 1461/1764 1460/1763 1438/1740 1439/1741 
f 1462/1765 1461/1764 1439/1741 1440/1742 
f 1463/1766 1462/1765 1440/1742 1441/1743 
f 1907/1767 1463/1766 1441/1743 1906/1744 
f 1465/1768 1464/1769 1442/1746 1443/1745 
f 1466/1770 1465/1768 1443/1745 1444/1747 
f 1467/1771 1466/1770 1444/1747 1445/1748 
f 1468/1772 1467/1771 1445/1748 1446/1749 
f 1469/1773 1468/1772 1446/1749 1447/1750 
f 1470/1774 1469/1773 1447/1750 1448/1751 
f 1471/1775 1470/1774 1448/1751 1449/1752 
f 1472/1776 1471/1775 1449/1752 1450/1753 
f 1473/1777 1472/1776 1450/1753 1451/1754 
f 1474/1778 1473/1777 1451/1754 1452/1755 
f 1475/1779 1474/1778 1452/1755 1453/1756 
f 1476/1780 1475/1779 1453/1756 1454/1757 
f 1477/1781 1476/1780 1454/1757 1455/1758 
f 1478/1782 1477/1781 1455/1758 1456/1759 
f 1479/1783 1478/1782 1456/1759 1457/1760 
f 1480/1784 1479/1783 1457/1760 1458/1761 
f 1481/1785 1480/1784 1458/1761 1459/1762 
f 1482/1786 1481/1785 1459/1762 1460/1763 
f 1483/1787 1482/1786 1460/1763 1461/1764 
f 1484/1788 1483/1787 1461/1764 1462/1765 
f 1485/1789 1484/1788 1462/1765 1463/1766 
f 1908/1790 1485/1789 1463/1766 1907/1767 
f 1487/1791 1486/1792 1464/1769 1465/1768 
f 1488/1793 1487/1791 1465/1768 1466/1770 
f 1489/1794 1488/1793 1466/1770 1467/1771 
f 1490/1795 1489/1794 1467/1771 1468/1772 
f 1491/1796 1490/1795 1468/1772 1469/1773 
f 1492/1797 1491/1796 1469/1773 1470/1774 
f 1493/1798 1492/1797 1470/1774 1471/1775 
f 1494/1799 1493/1798 1471/1775 1472/1776 
f 1495/1800 1494/1799 1472/1776 1473/1777 
f 1496/1801 1495/1800 1473/1777 1474/1778 
f 1497/1802 1496/1801 1474/1778 1475/1779 
f 1498/1803 1497/1802 1475/1779 1476/1780 
f 1499/1804 1498/1803 1476/1780 1477/1781 
f 1500/1805 1499/1804 1477/1781 1478/1782 
f 1501/1806 1500/1805 1478/1782 1479/1783 
f 1502/1807 1501/1806 1479/1783 1480/1784 
f 1503/1808 1502/1807 1480/1784 1481/1785 
f 1504/1809 1503/1808 1481/1785 1482/1786 
f 1505/1810 1504/1809 1482/1786 1483/1787 
f 1506/1811 1505/1810 1483/1787 1484/1788 
f 1507/1812 1506/1811 1484/1788 1485/1789 
f 1909/1813 1507/1812 1485/1789 1908/1790 
f 1509/1814 1508/1815 1486/1792 1487/1791 
f 1510/1816 1509/1814 1487/1791 1488/1793 
f 1511/1817 1510/1816 1488/1793 1489/1794 
f 1512/1818 1511/1817 1489/1794 1490/1795 
f 1513/1819 1512/1818 1490/1795 1491/1796 
f 1514/1820 1513/1819 1491/1796 1492/1797 
f 1515/1821 1514/1820 1492/1797 1493/1798 
f 1516/1822 1515/1821 1493/1798 1494/1799 
f 1517/1823 1516/1822 1494/1799 1495/1800 
f 1518/1824 1517/1823 1495/1800 1496/1801 
f 1519/1825 1518/1824 1496/1801 1497/1802 
f 1520/1826 1519/1825 1497/1802 1498/1803 
f 1521/1827 1520/1826 1498/1803 1499/1804 
f 1522/1828 1521/1827 1499/1804 1500/1805 
f 1523/1829 1522/1828 1500/1805 1501/1806 
f 1524/1830 1523/1829 1501/1806 1502/1807 
f 1525/1831 1524/1830 1502/1807 1503/1808 
f 1526/1832 1525/1831 1503/1808 1504/1809 
f 1527/1833 1526/1832 1504/1809 1505/1810 
f 1528/1834 1527/1833 1505/1810 1506/1811 
f 1529/1835 1528/1834 1506/1811 1507/1812 
f 1910/1836 1529/1835 1507/1812 1909/1813 
f 1531/1837 1530/1838 1508/1815 1509/1814 
f 1532/1839 1531/1837 1509/1814 1510/1816 
f 1533/1840 1532/1839 1510/1816 1511/1817 
f 1534/1841 1533/1840 1511/1817 1512/1818 
f 1535/1842 1534/1841 1512/1818 1513/1819 
f 1536/1843 1535/1842 1513/1819 1514/1820 
f 1537/1844 1536/1843 1514/1820 1515/1821 
f 1538/1845 1537/1844 1515/1821 1516/1822 
f 1539/1846 1538/1845 1516/1822 1517/1823 
f 1540/1847 1539/1846 1517/1823 1518/1824 
f 1541/1848 1540/1847 1518/1824 1519/1825 
f 1542/1849 1541/1848 1519/1825 1520/1826 
f 1543/1850 1542/1849 1520/1826 1521/1827 
f 1544/1851 1543/1850 1521/1827 1522/1828 
f 1545/1852 1544/1851 1522/1828 1523/1829 
f 1546/1853 1545/1852 1523/1829 1524/1830 
f 1547/1854 1546/1853 1524/1830 1525/1831 
f 1548/1855 1547/1854 1525/1831 1526/1832 
f 1549/1856 1548/1855 1526/1832 1527/1833 
f 1550/1857 1549/1856 1527/1833 1528/1834 
f 1551/1858 1550/1857 1528/1834 1529/1835 
f 1911/1859 1551/1858 1529/1835 1910/1836 
f 1553/1860 1552/1861 1530/1838 1531/1837 
f 1554/1862 1553/1860 1531/1837 1532/1839 
f 1555/1863 1554/1862 1532/1839 1533/1840 
f 1556/1864 1555/1863 1533/1840 1534/1841 
f 1557/1865 1556/1864 1534/1841 1535/1842 
f 1558/1866 1557/1865 1535/1842 1536/1843 
f 1559/1867 1558/1866 1536/1843 1537/1844 
f 1560/1868 1559/1867 1537/1844 1538/1845 
f 1561/1869 1560/1868 1538/1845 1539/1846 
f 1562/1870 1561/1869 1539/1846 1540/1847 
f 1563/1871 1562/1870 1540/1847 1541/1848 
f 1564/1872 1563/1871 1541/1848 1542/1849 
f 1565/1873 1564/1872 1542/1849 1543/1850 
f 1566/1874 1565/1873 1543/1850 1544/1851 
f 1567/1875 1566/1874 1544/1851 1545/1852 
f 1568/1876 1567/1875 1545/1852 1546/1853 
f 1569/1877 1568/1876 1546/1853 1547/1854 
f 1570/1878 1569/1877 1547/1854 1548/1855 
f 1571/1879 1570/1878 1548/1855 1549/1856 
f 1572/1880 1571/1879 1549/1856 1550/1857 
f 1573/1881 1572/1880 1550/1857 1551/1858 
f 1912/1882 1573/1881 1551/1858 1911/1859 
f 1575/1883 1574/1884 1552/1861 1553/1860 
f 1576/1885 1575/1883 1553/1860 1554/1862 
f 1577/1886 1576/1885 1554/1862 1555/1863 
f 1578/1887 1577/1886 1555/1863 1556/1864 
f 1579/1888 1578/1887 1556/1864 1557/1865 
f 1580/1889 1579/1888 1557/1865 1558/1866 
f 1581/1890 1580/1889 1558/1866 1559/1867 
f 1582/1891 1581/1890 1559/1867 1560/1868 
f 1583/1892 1582/1891 1560/1868 1561/1869 
f 1584/1893 1583/1892 1561/1869 1562/1870 
f 1585/1894 1584/1893 1562/1870 1563/1871 
f 1586/1895 1585/1894 1563/1871 1564/1872 
f 1587/1896 1586/1895 1564/1872 1565/1873 
f 1588/1897 1587/1896 1565/1873 1566/1874 
f 1589/1898 1588/1897 1566/1874 1567/1875 
f 1590/1899 1589/1898 1567/1875 1568/1876 
f 1591/1900 1590/1899 1568/1876 1569/1877 
f 1592/1901 1591/1900 1569/1877 1570/1878 
f 1593/1902 1592/1901 1570/1878 1571/1879 
f 1594/1903 1593/1902 1571/1879 1572/1880 
f 1595/1904 1594/1903 1572/1880 1573/1881 
f 1913/1905 1595/1904 1573/1881 1912/1882 
f 1597/1906 1596/1907 1574/1884 1575/1883 
f 1598/1908 1597/1906 1575/1883 1576/1885 
f 1599/1909 1598/1908 1576/1885 1577/1886 
f 1600/1910 1599/1909 1577/1886 1578/1887 
f 1601/1911 1600/1910 1578/1887 1579/1888 
f 1602/1912 1601/1911 1579/1888 1580/1889 
f 1603/1913 1602/1912 1580/1889 1581/1890 
f 1604/1914 1603/1913 1581/1890 1582/1891 
f 1605/1915 1604/1914 1582/1891 1583/1892 
f 1606/1916 1605/1915 1583/1892 1584/1893 
f 1607/1917 1606/1916 1584/1893 1585/1894 
f 1608/1918 1607/1917 1585/1894 1586/1895 
f 1609/1919 1608/1918 1586/1895 1587/1896 
f 1610/1920 1609/1919 1587/1896 1588/1897 
f 1611/1921 1610/1920 1588/1897 1589/1898 
f 1612/1922 1611/1921 1589/1898 1590/1899 
f 1613/1923 1612/1922 1590/1899 1591/1900 
f 1614/1924 1613/1923 1591/1900 1592/1901 
f 1615/1925 1614/1924 1592/1901 1593/1902 
f 1616/1926 1615/1925 1593/1902 1594/1903 
f 1617/1927 1616/1926 1594/1903 1595/1904 
f 1914/1928 1617/1927 1595/1904 1913/1905 
f 1619/1929 1618/1930 1596/1907 1597/1906 
f 1620/1931 1619/1929 1597/1906 1598/1908 
f 1621/1932 1620/1931 1598/1908 1599/1909 
f 1622/1933 1621/1932 1599/1909 1600/1910 
f 1623/1934 1622/1933 1600/1910 1601/1911 
f 1624/1935 1623/1934 1601/1911 1602/1912 
f 1625/1936 1624/1935 1602/1912 1603/1913 
f 1626/1937 1625/1936 1603/1913 1604/1914 
f 1627/1938 1626/1937 1604/1914 1605/1915 
f 1628/1939 1627/1938 1605/1915 1606/1916 
f 1629/1940 1628/1939 1606/1916 1607/1917 
f 1630/1941 1629/1940 1607/1917 1608/1918 
f 1631/1942 1630/1941 1608/1918 1609/1919 
f 1632/1943 1631/1942 1609/1919 1610/1920 
f 1633/1944 1632/1943 1610/1920 1611/1921 
f 1634/1945 1633/1944 1611/1921 1612/1922 
f 1635/1946 1634/1945 1612/1922 1613/1923 
f 1636/1947 1635/1946 1613/1923 1614/1924 
f 1637/1948 1636/1947 1614/1924 1615/1925 
f 1638/1949 1637/1948 1615/1925 1616/1926 
f 1639/1950 1638/1949 1616/1926 1617/1927 
f 1915/1951 1639/1950 1617/1927 1914/1928 
f 1641/1952 1640/1953 1618/1930 1619/1929 
f 1642/1954 1641/1952 1619/1929 1620/1931 
f 1643/1955 1642/1954 1620/1931 1621/1932 
f 1644/1956 1643/1955 1621/1932 1622/1933 
f 1645/1957 1644/1956 1622/1933 1623/1934 
f 1646/1958 1645/1957 1623/1934 1624/1935 
f 1647/1959 1646/1958 1624/1935 1625/1936 
f 1648/1960 1647/1959 1625/1936 1626/1937 
f 1649/1961 1648/1960 1626/1937 1627/1938 
f 1650/1962 1649/1961 1627/1938 1628/1939 
f 1651/1963 1650/1962 1628/1939 1629/1940 
f 1652/1964 1651/1963 1629/1940 1630/1941 
f 1653/1965 1652/1964 1630/1941 1631/1942 
f 1654/1966 1653/1965 1631/1942 1632/1943 
f 1655/1967 1654/1966 1632/1943 1633/1944 
f 1656/1968 1655/1967 1633/1944 1634/1945 
f 1657/1969 1656/1968 1634/1945 1635/1946 
f 1658/1970 1657/1969 1635/1946 1636/1947 
f 1659/1971 1658/1970 1636/1947 1637/1948 
f 1660/1972 1659/1971 1637/1948 1638/1949 
f 1661/1973 1660/1972 1638/1949 1639/1950 
f 1916/1974 1661/1973 1639/1950 1915/1951 
f 1663/1975 1662/1976 1640/1953 1641/1952 
f 1664/1977 1663/1975 1641/1952 1642/1954 
f 1665/1978 1664/1977 1642/1954 1643/1955 
f 1666/1979 1665/1978 1643/1955 1644/1956 
f 1667/1980 1666/1979 1644/1956 1645/1957 
f 1668/1981 1667/1980 1645/1957 1646/1958 
f 1669/1982 1668/1981 1646/1958 1647/1959 
f 1670/1983 1669/1982 1647/1959 1648/1960 
f 1671/1984 1670/1983 1648/1960 1649/1961 
f 1672/1985 1671/1984 1649/1961 1650/1962 
f 1673/1986 1672/1985 1650/1962 1651/1963 
f 1674/1987 1673/1986 1651/1963 1652/1964 
f 1675/1988 1674/1987 1652/1964 1653/1965 
f 1676/1989 1675/1988 1653/1965 1654/1966 
f 1677/1990 1676/1989 1654/1966 1655/1967 
f 1678/1991 1677/1990 1655/1967 1656/1968 
f 1679/1992 1678/1991 1656/1968 1657/1969 
f 1680/1993 1679/1992 1657/1969 1658/1970 
f 1681/1994 1680/1993 1658/1970 1659/1971 
f 1682/1995 1681/1994 1659/1971 1660/1972 
f 1683/1996 1682/1995 1660/1972 1661/1973 
f 1917/1997 1683/1996 1661/1973 1916/1974 
f 1685/1998 1684/1999 1662/1976 1663/1975 
f 1686/2000 1685/1998 1663/1975 1664/1977 
f 1687/2001 1686/2000 1664/1977 1665/1978 
f 1688/2002 1687/2001 1665/1978 1666/1979 
f 1689/2003 1688/2002 1666/1979 1667/1980 
f 1690/2004 1689/2003 1667/1980 1668/1981 
f 1691/2005 1690/2004 1668/1981 1669/1982 
f 1692/2006 1691/2005 1669/1982 1670/1983 
f 1693/2007 1692/2006 1670/1983 1671/1984 
f 1694/2008 1693/2007 1671/1984 1672/1985 
f 1695/2009 1694/2008 1672/1985 1673/1986 
f 1696/2010 1695/2009 1673/1986 1674/1987 
f 1697/2011 1696/2010 1674/1987 1675/1988 
f 1698/2012 1697/2011 1675/1988 1676/1989 
f 1699/2013 1698/2012 1676/1989 1677/1990 
f 1700/2014 1699/2013 1677/1990 1678/1991 
f 1701/2015 1700/2014 1678/1991 1679/1992 
f 1702/2016 1701/2015 1679/1992 1680/1993 
f 1703/2017 1702/2016 1680/1993 1681/1994 
f 1704/2018 1703/2017 1681/1994 1682/1995 
f 1705/2019 1704/2018 1682/1995 1683/1996 
f 1918/2020 1705/2019 1683/1996 1917/1997 
f 1707/2021 1706/2022 1684/1999 1685/1998 
f 1708/2023 1707/2021 1685/1998 1686/2000 
f 1709/2024 1708/2023 1686/2000 1687/2001 
f 1710/2025 1709/2024 1687/2001 1688/2002 
f 1711/2026 1710/2025 1688/2002 1689/2003 
f 1712/2027 1711/2026 1689/2003 1690/2004 
f 1713/2028 1712/2027 1690/2004 1691/2005 
f 1714/2029 1713/2028 1691/2005 1692/2006 
f 1715/2030 1714/2029 1692/2006 1693/2007 
f 1716/2031 1715/2030 1693/2007 1694/2008 
f 1717/2032 1716/2031 1694/2008 1695/2009 
f 1718/2033 1717/2032 1695/2009 1696/2010 
f 1719/2034 1718/2033 1696/2010 1697/2011 
f 1720/2035 1719/2034 1697/2011 1698/2012 
f 1721/2036 1720/2035 1698/2012 1699/2013 
f 1722/2037 1721/2036 1699/2013 1700/2014 
f 1723/2038 1722/2037 1700/2014 1701/2015 
f 1724/2039 1723/2038 1701/2015 1702/2016 
f 1725/2040 1724/2039 1702/2016 1703/2017 
f 1726/2041 1725/2040 1703/2017 1704/2018 
f 1727/2042 1726/2041 1704/2018 1705/2019 
f 1919/2043 1727/2042 1705/2019 1918/2020 
f 1729/2044 1728/2045 1706/2022 1707/2021 
f 1730/2046 1729/2044 1707/2021 1708/2023 
f 1731/2047 1730/2046 1708/2023 1709/2024 
f 1732/2048 1731/2047 1709/2024 1710/2025 
f 1733/2049 1732/2048 1710/2025 1711/2026 
f 1734/2050 1733/2049 1711/2026 1712/2027 
f 1735/2051 1734/2050 1712/2027 1713/2028 
f 1736/2052 1735/2051 1713/2028 1714/2029 
f 1737/2053 1736/2052 1714/2029 1715/2030 
f 1738/2054 1737/2053 1715/2030 1716/2031 
f 1739/2055 1738/2054 1716/2031 1717/2032 
f 1740/2056 1739/2055 1717/2032 1718/2033 
f 1741/2057 1740/2056 1718/2033 1719/2034 
f 1742/2058 1741/2057 1719/2034 1720/2035 
f 1743/2059 1742/2058 1720/2035 1721/2036 
f 1744/2060 1743/2059 1721/2036 1722/2037 
f 1745/2061 1744/2060 1722/2037 1723/2038 
f 1746/2062 1745/2061 1723/2038 1724/2039 
f 1747/2063 1746/2062 1724/2039 1725/2040 
f 1748/2064 1747/2063 1725/2040 1726/2041 
f 1749/2065 1748/2064 1726/2041 1727/2042 
f 1920/2066 1749/2065 1727/2042 1919/2043 
f 1751/2067 1750/2068 1728/2045 1729/2044 
f 1752/2069 1751/2067 1729/2044 1730/2046 
f 1753/2070 1752/2069 1730/2046 1731/2047 
f 1754/2071 1753/2070 1731/2047 1732/2048 
f 1755/2072 1754/2071 1732/2048 1733/2049 
f 1756/2073 1755/2072 1733/2049 1734/2050 
f 1757/2074 1756/2073 1734/2050 1735/2051 
f 1758/2075 1757/2074 1735/2051 1736/2052 
f 1759/2076 1758/2075 1736/2052 1737/2053 
f 1760/2077 1759/2076 1737/2053 1738/2054 
f 1761/2078 1760/2077 1738/2054 1739/2055 
f 1762/2079 1761/2078 1739/2055 1740/2056 
f 1763/2080 1762/2079 1740/2056 1741/2057 
f 1764/2081 1763/2080 1741/2057 1742/2058 
f 1765/2082 1764/2081 1742/2058 1743/2059 
f 1766/2083 1765/2082 1743/2059 1744/2060 
f 1767/2084 1766/2083 1744/2060 1745/2061 
f 1768/2085 1767/2084 1745/2061 1746/2062 
f 1769/2086 1768/2085 1746/2062 1747/2063 
f 1770/2087 1769/2086 1747/2063 1748/2064 
f 1771/2088 1770/2087 1748/2064 1749/2065 
f 1921/2089 1771/2088 1749/2065 1920/2066 
f 1773/2090 1772/2091 1750/2068 1751/2067 
f 1774/2092 1773/2090 1751/2067 1752/2069 
f 1775/2093 1774/2092 1752/2069 1753/2070 
f 1776/2094 1775/2093 1753/2070 1754/2071 
f 1777/2095 1776/2094 1754/2071 1755/2072 
f 1778/2096 1777/2095 1755/2072 1756/2073 
f 1779/2097 1778/2096 1756/2073 1757/2074 
f 1780/2098 1779/2097 1757/2074 1758/2075 
f 1781/2099 1780/2098 1758/2075 1759/2076 
f 1782/2100 1781/2099 1759/2076 1760/2077 
f 1783/2101 1782/2100 1760/2077 1761/2078 
f 1784/2102 1783/2101 1761/2078 1762/2079 
f 1785/2103 1784/2102 1762/2079 1763/2080 
f 1786/2104 1785/2103 1763/2080 1764/2081 
f 1787/2105 1786/2104 1764/2081 1765/2082 
f 1788/2106 1787/2105 1765/2082 1766/2083 
f 1789/2107 1788/2106 1766/2083 1767/2084 
f 1790/2108 1789/2107 1767/2084 1768/2085 
f 1791/2109 1790/2108 1768/2085 1769/2086 
f 1792/2110 1791/2109 1769/2086 1770/2087 
f 1793/2111 1792/2110 1770/2087 1771/2088 
f 1922/2112 1793/2111 1771/2088 1921/2089 
f 1795/2113 1794/2114 1772/2091 1773/2090 
f 1796/2115 1795/2113 1773/2090 1774/2092 
f 1797/2116 1796/2115 1774/2092 1775/2093 
f 1798/2117 1797/2116 1775/2093 1776/2094 
f 1799/2118 1798/2117 1776/2094 1777/2095 
f 1800/2119 1799/2118 1777/2095 1778/2096 
f 1801/2120 1800/2119 1778/2096 1779/2097 
f 1802/2121 1801/2120 1779/2097 1780/2098 
f 1803/2122 1802/2121 1780/2098 1781/2099 
f 1804/2123 1803/2122 1781/2099 1782/2100 
f 1805/2124 1804/2123 1782/2100 1783/2101 
f 1806/2125 1805/2124 1783/2101 1784/2102 
f 1807/2126 1806/2125 1784/2102 1785/2103 
f 1808/2127 1807/2126 1785/2103 1786/2104 
f 1809/2128 1808/2127 1786/2104 1787/2105 
f 1810/2129 1809/2128 1787/2105 1788/2106 
f 1811/2130 1810/2129 1788/2106 1789/2107 
f 1812/2131 1811/2130 1789/2107 1790/2108 
f 1813/2132 1812/2131 1790/2108 1791/2109 
f 1814/2133 1813/2132 1791/2109 1792/2110 
f 1815/2134 1814/2133 1792/2110 1793/2111 
f 1923/2135 1815/2134 1793/2111 1922/2112 
f 1817/2136 1816/2137 1794/2114 1795/2113 
f 1818/2138 1817/2136 1795/2113 1796/2115 
f 1819/2139 1818/2138 1796/2115 1797/2116 
f 1820/2140 1819/2139 1797/2116 1798/2117 
f 1821/2141 1820/2140 1798/2117 1799/2118 
f 1822/2142 1821/2141 1799/2118 1800/2119 
f 1823/2143 1822/2142 1800/2119 1801/2120 
f 1824/2144 1823/2143 1801/2120 1802/2121 
f 1825/2145 1824/2144 1802/2121 1803/2122 
f 1826/2146 1825/2145 1803/2122 1804/2123 
f 1827/2147 1826/2146 1804/2123 1805/2124 
f 1828/2148 1827/2147 1805/2124 1806/2125 
f 1829/2149 1828/2148 1806/2125 1807/2126 
f 1830/2150 1829/2149 1807/2126 1808/2127 
f 1831/2151 1830/2150 1808/2127 1809/2128 
f 1832/2152 1831/2151 1809/2128 1810/2129 
f 1833/2153 1832/2152 1810/2129 1811/2130 
f 1834/2154 1833/2153 1811/2130 1812/2131 
f 1835/2155 1834/2154 1812/2131 1813/2132 
f 1836/2156 1835/2155 1813/2132 1814/2133 
f 1837/2157 1836/2156 1814/2133 1815/2134 
f 1924/2158 1837/2157 1815/2134 1923/2135 
f 1839/2159 1838/2160 1816/2137 1817/2136 
f 1840/2161 1839/2159 1817/2136 1818/2138 
f 1841/2162 1840/2161 1818/2138 1819/2139 
f 1842/2163 1841/2162 1819/2139 1820/2140 
f 1843/2164 1842/2163 1820/2140 1821/2141 
f 1844/2165 1843/2164 1821/2141 1822/2142 
f 1845/2166 1844/2165 1822/2142 1823/2143 
f 1846/2167 1845/2166 1823/2143 1824/2144 
f 1847/2168 1846/2167 1824/2144 1825/2145 
f 1848/2169 1847/2168 1825/2145 1826/2146 
f 1849/2170 1848/2169 1826/2146 1827/2147 
f 1850/2171 1849/2170 1827/2147 1828/2148 
f 1851/2172 1850/2171 1828/2148 1829/2149 
f 1852/2173 1851/2172 1829/2149 1830/2150 
f 1853/2174 1852/2173 1830/2150 1831/2151 
f 1854/2175 1853/2174 1831/2151 1832/2152 
f 1855/2176 1854/2175 1832/2152 1833/2153 
f 1856/2177 1855/2176 1833/2153 1834/2154 
f 1857/2178 1856/2177 1834/2154 1835/2155 
f 1858/2179 1857/2178 1835/2155 1836/2156 
f 1859/2180 1858/2179 1836/2156 1837/2157 
f 1925/2181 1859/2180 1837/2157 1924/2158 
f 1861/2182 1860/2183 1838/2160 1839/2159 
f 1862/2184 1861/2182 1839/2159 1840/2161 
f 1863/2185 1862/2184 1840/2161 1841/2162 
f 1864/2186 1863/2185 1841/2162 1842/2163 
f 1865/2187 1864/2186 1842/2163 1843/2164 
f 1866/2188 1865/2187 1843/2164 1844/2165 
f 1867/2189 1866/2188 1844/2165 1845/2166 
f 1868/2190 1867/2189 1845/2166 1846/2167 
f 1869/2191 1868/2190 1846/2167 1847/2168 
f 1870/2192 1869/2191 1847/2168 1848/2169 
f 1871/2193 1870/2192 1848/2169 1849/2170 
f 1872/2194 1871/2193 1849/2170 1850/2171 
f 1873/2195 1872/2194 1850/2171 1851/2172 
f 1874/2196 1873/2195 1851/2172 1852/2173 
f 1875/2197 1874/2196 1852/2173 1853/2174 
f 1876/2198 1875/2197 1853/2174 1854/2175 
f 1877/2199 1876/2198 1854/2175 1855/2176 
f 1878/2200 1877/2199 1855/2176 1856/2177 
f 1879/2201 1878/2200 1856/2177 1857/2178 
f 1880/2202 1879/2201 1857/2178 1858/2179 
f 1881/2203 1880/2202 1858/2179 1859/2180 
f 1926/2204 1881/2203 1859/2180 1925/2181 
f 1927/2205 1882/2206 1860/2183 1861/2182 
f 1928/2207 1927/2205 1861/2182 1862/2184 
f 1929/2208 1928/2207 1862/2184 1863/2185 
f 1930/2209 1929/2208 1863/2185 1864/2186 
f 1931/2210 1930/2209 1864/2186 1865/2187 
f 1932/2211 1931/2210 1865/2187 1866/2188 
f 1933/2212 1932/2211 1866/2188 1867/2189 
f 1934/2213 1933/2212 1867/2189 1868/2190 
f 1935/2214 1934/2213 1868/2190 1869/2191 
f 1936/2215 1935/2214 1869/2191 1870/2192 
f 1937/2216 1936/2215 1870/2192 1871/2193 
f 1938/2217 1937/2216 1871/2193 1872/2194 
f 1939/2218 1938/2217 1872/2194 1873/2195 
f 1940/2219 1939/2218 1873/2195 1874/2196 
f 1941/2220 1940/2219 1874/2196 1875/2197 
f 1942/2221 1941/2220 1875/2197 1876/2198 
f 1943/2222 1942/2221 1876/2198 1877/2199 
f 1944/2223 1943/2222 1877/2199 1878/2200 
f 1945/2224 1944/2223 1878/2200 1879/2201 
f 1946/2225 1945/2224 1879/2201 1880/2202 
f 1947/2226 1946/2225 1880/2202 1881/2203 
f 1948/2227 1947/2226 1881/2203 1926/2204 
# 506 polygons

#
# object ???006
#

v  13.586087 19.140760 24.963428
v  13.876042 19.140760 24.963430
v  13.876042 19.140762 30.156385
v  13.586087 19.140760 30.155161
v  13.586088 10.688331 24.963430
v  13.586087 10.688333 30.155163
v  13.876042 10.688328 24.963432
v  13.876042 10.688329 30.156385
v  13.567147 17.379021 30.202457
v  13.598850 17.379021 30.189325
v  13.611982 17.379021 30.157621
v  13.598850 17.379021 30.125919
v  13.567147 17.379021 30.112787
v  13.535445 17.379021 30.125919
v  13.522313 17.379021 30.157621
v  13.535445 17.379021 30.189325
v  13.567147 17.940809 30.202457
v  13.598850 17.940809 30.189325
v  13.611982 17.940809 30.157621
v  13.598850 17.940809 30.125919
v  13.567147 17.940809 30.112787
v  13.535445 17.940809 30.125919
v  13.522313 17.940809 30.157621
v  13.535445 17.940809 30.189325
v  13.567147 16.175558 30.202457
v  13.598850 16.175558 30.189325
v  13.611982 16.175558 30.157621
v  13.598850 16.175558 30.125919
v  13.567147 16.175558 30.112787
v  13.535445 16.175558 30.125919
v  13.522313 16.175558 30.157621
v  13.535445 16.175558 30.189325
v  13.567147 16.737349 30.202457
v  13.598850 16.737349 30.189325
v  13.611982 16.737349 30.157621
v  13.598850 16.737349 30.125919
v  13.567147 16.737349 30.112787
v  13.535445 16.737349 30.125919
v  13.522313 16.737349 30.157621
v  13.535445 16.737349 30.189325
v  13.567147 12.014170 30.202457
v  13.598850 12.014170 30.189325
v  13.611982 12.014170 30.157621
v  13.598850 12.014170 30.125919
v  13.567147 12.014170 30.112787
v  13.535445 12.014170 30.125919
v  13.522313 12.014170 30.157621
v  13.535445 12.014170 30.189325
v  13.567147 12.575960 30.202457
v  13.598850 12.575960 30.189325
v  13.611982 12.575960 30.157621
v  13.598850 12.575960 30.125919
v  13.567147 12.575960 30.112787
v  13.535445 12.575960 30.125919
v  13.522313 12.575960 30.157621
v  13.535445 12.575960 30.189325
v  13.517817 14.796040 25.640413
v  13.517817 14.696488 25.739964
v  13.517817 14.555703 25.739964
v  13.517817 14.796040 25.499628
v  13.517817 14.696488 25.400078
v  13.517817 14.555703 25.400078
v  13.517817 14.456154 25.499628
v  13.517817 14.456154 25.640413
v  13.516293 14.713211 25.606106
v  13.516293 14.662181 25.657137
v  13.516293 14.590012 25.657137
v  13.516293 14.713211 25.533936
v  13.516293 14.662181 25.482904
v  13.516293 14.590012 25.482904
v  13.516293 14.538980 25.533936
v  13.516293 14.538980 25.606106
v  13.373737 14.639219 25.601702
v  13.373737 14.657778 25.583143
v  13.373737 14.657778 25.556898
v  13.373737 14.639219 25.538338
v  13.373737 14.612973 25.538338
v  13.373737 14.594414 25.556898
v  13.373737 14.594414 25.583143
v  13.373737 14.612973 25.601702
v  13.380869 14.606411 25.617544
v  13.380869 14.645781 25.617544
v  13.380869 14.673619 25.589705
v  13.380869 14.673619 25.550337
v  13.380869 14.645781 25.522497
v  13.380869 14.606411 25.522497
v  13.380869 14.578573 25.550337
v  13.380869 14.578573 25.589705
v  13.498249 14.713211 25.606106
v  13.498249 14.662181 25.657137
v  13.498249 14.590012 25.657137
v  13.498249 14.713211 25.533936
v  13.498249 14.662181 25.482904
v  13.498249 14.590012 25.482904
v  13.498249 14.538980 25.533936
v  13.498249 14.538980 25.606106
v  13.461537 14.662181 26.092371
v  13.481295 14.662181 25.874754
v  13.461537 14.698265 25.859806
v  13.422009 14.698265 25.859806
v  13.422009 14.662181 26.092371
v  13.422009 14.590012 26.092371
v  13.461537 14.590012 26.092371
v  13.481295 14.590012 25.874754
v  13.461535 14.713211 25.606106
v  13.461535 14.713211 25.533936
v  13.422009 14.713211 25.533936
v  13.422009 14.713211 25.606106
v  13.461535 14.662181 25.482904
v  13.422009 14.662181 25.482904
v  13.461535 14.590012 25.482904
v  13.422009 14.590012 25.482904
v  13.461535 14.538980 25.533936
v  13.422009 14.538980 25.533936
v  13.461535 14.538980 25.606106
v  13.422009 14.538980 25.606106
v  13.461537 14.553927 25.859806
v  13.422009 14.553927 25.859806
v  13.402247 14.662181 25.874754
v  13.402247 14.590012 25.874754
v  13.395121 14.673619 25.589705
v  13.395121 14.645781 25.617544
v  13.395121 14.606411 25.617544
v  13.395121 14.673619 25.550337
v  13.395121 14.645781 25.522497
v  13.395121 14.606411 25.522497
v  13.395121 14.578573 25.550337
v  13.395121 14.578573 25.589705
v  13.590341 14.698265 25.744251
v  13.527159 14.697821 25.743179
v  13.590341 14.800326 25.642189
v  13.527159 14.799255 25.641745
v  13.590341 14.800326 25.497852
v  13.527159 14.799255 25.498295
v  13.590341 14.698265 25.395790
v  13.527159 14.697821 25.396862
v  13.590341 14.553927 25.395790
v  13.527159 14.554371 25.396862
v  13.590341 14.451865 25.497852
v  13.527159 14.452937 25.498295
v  13.590341 14.451865 25.642189
v  13.527159 14.452937 25.641745
v  13.590341 14.553927 25.744251
v  13.527159 14.554371 25.743179
v  13.517488 14.691090 25.726931
v  13.517101 14.666247 25.666954
v  13.517488 14.783005 25.635014
v  13.517101 14.723029 25.610172
v  13.517488 14.783005 25.505026
v  13.517101 14.723029 25.529869
v  13.517488 14.691090 25.413111
v  13.517101 14.666247 25.473087
v  13.517488 14.561101 25.413111
v  13.517101 14.585944 25.473087
v  13.517488 14.469187 25.505026
v  13.517101 14.529163 25.529869
v  13.517488 14.469187 25.635014
v  13.517101 14.529163 25.610172
v  13.517488 14.561101 25.726931
v  13.517101 14.585944 25.666954
v  13.373737 14.626097 25.601471
v  13.373737 14.648335 25.592260
v  13.376303 14.643418 25.611841
v  13.373737 14.657547 25.570021
v  13.376303 14.667916 25.587343
v  13.373737 14.648335 25.547781
v  13.376303 14.667916 25.552698
v  13.373737 14.626097 25.538570
v  13.376303 14.643418 25.528200
v  13.373737 14.603857 25.547781
v  13.376303 14.608774 25.528200
v  13.373737 14.594644 25.570021
v  13.376303 14.584276 25.552698
v  13.373737 14.603857 25.592260
v  13.376303 14.584276 25.587343
v  13.376303 14.608774 25.611841
v  13.517817 14.756573 25.700497
v  13.517817 14.626097 25.754541
v  13.517817 14.810617 25.570021
v  13.517817 14.756573 25.439545
v  13.517817 14.626097 25.385498
v  13.517817 14.495620 25.439545
v  13.517817 14.441574 25.570021
v  13.517817 14.495620 25.700497
v  13.516293 14.626097 25.664610
v  13.516293 14.692981 25.636906
v  13.516293 14.720685 25.570021
v  13.516293 14.692981 25.503136
v  13.516293 14.626097 25.475431
v  13.516293 14.559211 25.503136
v  13.516293 14.531507 25.570021
v  13.516293 14.559211 25.636906
v  13.461537 14.689244 26.026756
v  13.476354 14.662181 26.037968
v  13.461537 14.626097 26.099844
v  13.461535 14.720685 25.570021
v  13.480593 14.713211 25.606106
v  13.461535 14.702002 25.687572
v  13.461535 14.692981 25.503136
v  13.480593 14.713211 25.533936
v  13.461535 14.626097 25.475431
v  13.480593 14.662181 25.482904
v  13.461535 14.559211 25.503136
v  13.480593 14.590012 25.482904
v  13.461535 14.531507 25.570021
v  13.480593 14.538980 25.533936
v  13.461535 14.550190 25.687572
v  13.480593 14.538980 25.606106
v  13.476355 14.590012 26.037968
v  13.461537 14.562948 26.026756
v  13.402247 14.660130 25.706591
v  13.407188 14.689244 25.863544
v  13.402247 14.626097 25.882227
v  13.407188 14.662181 26.037968
v  13.402247 14.592062 25.706591
v  13.407188 14.562948 25.863544
v  13.407188 14.590012 26.037968
v  13.422009 14.550190 25.687572
v  13.422009 14.562948 26.026756
v  13.485533 14.590012 25.711540
v  13.476355 14.562948 25.863544
v  13.481295 14.626097 25.882227
v  13.485533 14.662181 25.711540
v  13.476354 14.689244 25.863544
v  13.498249 14.692981 25.636906
v  13.498249 14.626097 25.664610
v  13.498249 14.720685 25.570021
v  13.498249 14.692981 25.503136
v  13.498249 14.626097 25.475431
v  13.498249 14.559211 25.503136
v  13.498249 14.531507 25.570021
v  13.498249 14.559211 25.636906
v  13.422009 14.689244 26.026756
v  13.422009 14.626097 26.099844
v  13.422009 14.720685 25.570021
v  13.407188 14.708262 25.604055
v  13.422009 14.702002 25.687572
v  13.422009 14.692981 25.503136
v  13.407188 14.708262 25.535986
v  13.422009 14.626097 25.475431
v  13.407188 14.660130 25.487854
v  13.422009 14.559211 25.503136
v  13.407188 14.592062 25.487854
v  13.422009 14.531507 25.570021
v  13.407188 14.543929 25.535986
v  13.407188 14.543929 25.604055
v  13.400466 14.647830 25.622492
v  13.400466 14.678568 25.591755
v  13.400466 14.678568 25.548286
v  13.400466 14.647830 25.517548
v  13.400466 14.604362 25.517548
v  13.400466 14.573625 25.548286
v  13.400466 14.573625 25.591755
v  13.400466 14.604362 25.622492
v  13.395121 14.626097 25.621620
v  13.395121 14.662582 25.606506
v  13.395121 14.677696 25.570021
v  13.395121 14.662582 25.533535
v  13.395121 14.626097 25.518421
v  13.395121 14.589610 25.533535
v  13.395121 14.574496 25.570021
v  13.395121 14.589610 25.606506
v  13.380869 14.662582 25.606506
v  13.380869 14.626097 25.621620
v  13.380869 14.677696 25.570021
v  13.380869 14.662582 25.533535
v  13.380869 14.626097 25.518421
v  13.380869 14.589610 25.533535
v  13.380869 14.574496 25.570021
v  13.380869 14.589610 25.606506
v  13.517488 14.626097 25.399651
v  13.527159 14.759041 25.702967
v  13.527159 14.626097 25.758034
v  13.527159 14.814109 25.570021
v  13.527159 14.759041 25.437075
v  13.527159 14.626097 25.382008
v  13.527159 14.493151 25.437075
v  13.527159 14.438083 25.570021
v  13.527159 14.493151 25.702967
v  13.517488 14.626097 25.740391
v  13.517488 14.746566 25.690491
v  13.517101 14.700518 25.644442
v  13.517101 14.626097 25.675268
v  13.517488 14.796466 25.570021
v  13.517101 14.731344 25.570021
v  13.517488 14.746566 25.449551
v  13.517101 14.700518 25.495598
v  13.517101 14.626097 25.464771
v  13.517488 14.505625 25.449551
v  13.517101 14.551674 25.495598
v  13.517488 14.455726 25.570021
v  13.517101 14.520847 25.570021
v  13.517488 14.505625 25.690491
v  13.517101 14.551674 25.644442
v  13.373737 14.626097 25.570021
v  13.375524 14.626097 25.616161
v  13.375524 14.658722 25.602646
v  13.375524 14.672235 25.570021
v  13.375524 14.658722 25.537395
v  13.375524 14.626097 25.523880
v  13.375524 14.593471 25.537395
v  13.375524 14.579956 25.570021
v  13.375524 14.593471 25.602646
v  13.400466 14.666382 25.529734
v  13.472515 14.682226 25.987349
v  13.476354 14.626097 26.045441
v  13.480593 14.720685 25.570021
v  13.480845 14.694883 25.673626
v  13.480593 14.692981 25.503136
v  13.480593 14.626097 25.475431
v  13.480593 14.559211 25.503136
v  13.480593 14.531507 25.570021
v  13.480845 14.557309 25.673626
v  13.472515 14.569964 25.987349
v  13.405410 14.692451 25.671194
v  13.402247 14.626097 25.713640
v  13.407188 14.626097 26.045441
v  13.411031 14.682226 25.987349
v  13.405410 14.559741 25.671194
v  13.411031 14.569964 25.987349
v  13.485533 14.626097 25.719013
v  13.407188 14.715311 25.570021
v  13.407188 14.689180 25.506935
v  13.407188 14.626097 25.480804
v  13.407188 14.563011 25.506935
v  13.407188 14.536880 25.570021
v  13.400466 14.666382 25.610306
v  13.400466 14.626097 25.626995
v  13.400466 14.683069 25.570021
v  13.400466 14.626097 25.513046
v  13.400466 14.585810 25.529734
v  13.400466 14.569122 25.570021
v  13.400466 14.585810 25.610306
v  13.590341 14.759864 25.703789
v  13.590341 14.815273 25.570021
v  13.590341 14.759864 25.436253
v  13.590341 14.626097 25.380842
v  13.590341 14.492328 25.436253
v  13.590341 14.492328 25.703789
v  13.590341 14.436918 25.570021
v  13.590341 14.626097 25.759197
v  13.943691 14.796040 25.640413
v  13.943691 14.696488 25.739964
v  13.943691 14.555704 25.739964
v  13.943691 14.796040 25.499628
v  13.943691 14.696488 25.400078
v  13.943691 14.555703 25.400078
v  13.943691 14.456154 25.499628
v  13.943691 14.456154 25.640413
v  13.945220 14.713212 25.606106
v  13.945220 14.662181 25.657137
v  13.945220 14.590012 25.657137
v  13.945220 14.713212 25.533937
v  13.945220 14.662181 25.482906
v  13.945220 14.590012 25.482906
v  13.945220 14.538980 25.533937
v  13.945220 14.538980 25.606106
v  14.087772 14.639219 25.601704
v  14.087772 14.657778 25.583145
v  14.087772 14.657778 25.556898
v  14.087772 14.639219 25.538340
v  14.087772 14.612973 25.538340
v  14.087772 14.594414 25.556898
v  14.087772 14.594414 25.583145
v  14.087772 14.612973 25.601704
v  14.080645 14.606411 25.617544
v  14.080645 14.645781 25.617544
v  14.080645 14.673619 25.589706
v  14.080645 14.673619 25.550337
v  14.080645 14.645781 25.522499
v  14.080645 14.606411 25.522499
v  14.080645 14.578573 25.550337
v  14.080645 14.578573 25.589706
v  13.963259 14.713212 25.606106
v  13.963259 14.662181 25.657137
v  13.963259 14.590012 25.657137
v  13.963259 14.713212 25.533937
v  13.963259 14.662181 25.482906
v  13.963259 14.590012 25.482906
v  13.963259 14.538980 25.533937
v  13.963259 14.538980 25.606106
v  13.999975 14.662181 26.092373
v  13.980213 14.662181 25.874754
v  13.999975 14.698265 25.859808
v  14.039498 14.698265 25.859808
v  14.039498 14.662181 26.092373
v  14.039498 14.590012 26.092373
v  13.999975 14.590012 26.092373
v  13.980213 14.590012 25.874754
v  13.999975 14.713212 25.606106
v  13.999975 14.713212 25.533937
v  14.039498 14.713212 25.533937
v  14.039498 14.713212 25.606106
v  13.999975 14.662181 25.482906
v  14.039498 14.662181 25.482906
v  13.999975 14.590012 25.482906
v  14.039498 14.590012 25.482906
v  13.999975 14.538980 25.533937
v  14.039498 14.538980 25.533937
v  13.999975 14.538980 25.606106
v  14.039498 14.538980 25.606106
v  13.999975 14.553927 25.859808
v  14.039498 14.553927 25.859808
v  14.059261 14.662181 25.874754
v  14.059261 14.590012 25.874754
v  14.066387 14.673619 25.589706
v  14.066387 14.645781 25.617544
v  14.066387 14.606411 25.617544
v  14.066387 14.673619 25.550337
v  14.066387 14.645781 25.522499
v  14.066387 14.606411 25.522499
v  14.066387 14.578573 25.550337
v  14.066387 14.578573 25.589706
v  13.871167 14.698265 25.744253
v  13.934354 14.697821 25.743179
v  13.871167 14.800326 25.642191
v  13.934354 14.799255 25.641747
v  13.871167 14.800326 25.497852
v  13.934354 14.799255 25.498297
v  13.871167 14.698265 25.395790
v  13.934354 14.697821 25.396862
v  13.871167 14.553927 25.395790
v  13.934354 14.554371 25.396862
v  13.871167 14.451865 25.497852
v  13.934354 14.452937 25.498297
v  13.871167 14.451865 25.642191
v  13.934354 14.452937 25.641747
v  13.871167 14.553927 25.744253
v  13.934354 14.554371 25.743179
v  13.944027 14.691090 25.726931
v  13.944407 14.666247 25.666954
v  13.944027 14.783005 25.635015
v  13.944407 14.723029 25.610172
v  13.944027 14.783005 25.505028
v  13.944407 14.723029 25.529871
v  13.944027 14.691090 25.413113
v  13.944407 14.666247 25.473089
v  13.944027 14.561101 25.413113
v  13.944407 14.585944 25.473089
v  13.944027 14.469187 25.505028
v  13.944407 14.529163 25.529871
v  13.944027 14.469187 25.635015
v  13.944407 14.529163 25.610172
v  13.944027 14.561101 25.726931
v  13.944407 14.585944 25.666954
v  14.087772 14.626097 25.601473
v  14.087772 14.648335 25.592260
v  14.085206 14.643419 25.611841
v  14.087772 14.657547 25.570021
v  14.085206 14.667916 25.587343
v  14.087772 14.648335 25.547783
v  14.085206 14.667916 25.552698
v  14.087772 14.626097 25.538570
v  14.085206 14.643419 25.528202
v  14.087772 14.603857 25.547783
v  14.085206 14.608774 25.528202
v  14.087772 14.594644 25.570021
v  14.085206 14.584276 25.552698
v  14.087772 14.603857 25.592260
v  14.085206 14.584276 25.587343
v  14.085206 14.608774 25.611841
v  13.943691 14.756573 25.700499
v  13.943691 14.626097 25.754543
v  13.943691 14.810617 25.570021
v  13.943691 14.756573 25.439545
v  13.943691 14.626097 25.385500
v  13.943691 14.495620 25.439545
v  13.943691 14.441574 25.570021
v  13.943691 14.495620 25.700499
v  13.945220 14.626097 25.664610
v  13.945220 14.692981 25.636906
v  13.945220 14.720685 25.570021
v  13.945220 14.692981 25.503138
v  13.945220 14.626097 25.475433
v  13.945220 14.559211 25.503138
v  13.945220 14.531507 25.570021
v  13.945220 14.559211 25.636906
v  13.999975 14.689244 26.026758
v  13.985153 14.662181 26.037968
v  13.999975 14.626097 26.099846
v  13.999975 14.720685 25.570021
v  13.980915 14.713212 25.606106
v  13.999975 14.702002 25.687572
v  13.999975 14.692981 25.503138
v  13.980915 14.713212 25.533937
v  13.999975 14.626097 25.475433
v  13.980915 14.662181 25.482906
v  13.999975 14.559211 25.503138
v  13.980915 14.590012 25.482906
v  13.999975 14.531507 25.570021
v  13.980915 14.538980 25.533937
v  13.999975 14.550190 25.687572
v  13.980915 14.538980 25.606106
v  13.985154 14.590012 26.037968
v  13.999975 14.562948 26.026758
v  14.059260 14.660130 25.706593
v  14.054319 14.689244 25.863544
v  14.059261 14.626097 25.882229
v  14.054319 14.662181 26.037968
v  14.059260 14.592062 25.706593
v  14.054319 14.562948 25.863544
v  14.054319 14.590012 26.037968
v  14.039498 14.550190 25.687572
v  14.039498 14.562948 26.026758
v  13.975976 14.590012 25.711540
v  13.985154 14.562948 25.863544
v  13.980213 14.626097 25.882229
v  13.975976 14.662181 25.711540
v  13.985153 14.689244 25.863544
v  13.963259 14.692981 25.636906
v  13.963259 14.626097 25.664610
v  13.963259 14.720685 25.570021
v  13.963259 14.692981 25.503138
v  13.963259 14.626097 25.475433
v  13.963259 14.559211 25.503138
v  13.963259 14.531507 25.570021
v  13.963259 14.559211 25.636906
v  14.039498 14.689244 26.026758
v  14.039498 14.626097 26.099846
v  14.039498 14.720685 25.570021
v  14.054319 14.708262 25.604055
v  14.039498 14.702002 25.687572
v  14.039498 14.692981 25.503138
v  14.054319 14.708262 25.535988
v  14.039498 14.626097 25.475433
v  14.054319 14.660130 25.487856
v  14.039498 14.559211 25.503138
v  14.054319 14.592062 25.487856
v  14.039498 14.531507 25.570021
v  14.054319 14.543929 25.535988
v  14.054319 14.543929 25.604055
v  14.061045 14.647830 25.622494
v  14.061045 14.678568 25.591755
v  14.061045 14.678568 25.548286
v  14.061045 14.647830 25.517550
v  14.061045 14.604362 25.517550
v  14.061045 14.573625 25.548286
v  14.061045 14.573625 25.591755
v  14.061045 14.604362 25.622494
v  14.066387 14.626097 25.621622
v  14.066387 14.662582 25.606508
v  14.066387 14.677696 25.570021
v  14.066387 14.662582 25.533535
v  14.066387 14.626097 25.518421
v  14.066387 14.589610 25.533535
v  14.066387 14.574496 25.570021
v  14.066387 14.589610 25.606508
v  14.080645 14.662582 25.606508
v  14.080645 14.626097 25.621622
v  14.080645 14.677696 25.570021
v  14.080645 14.662582 25.533535
v  14.080645 14.626097 25.518421
v  14.080645 14.589610 25.533535
v  14.080645 14.574496 25.570021
v  14.080645 14.589610 25.606508
v  13.944027 14.626097 25.399652
v  13.934354 14.759041 25.702967
v  13.934354 14.626097 25.758036
v  13.934354 14.814109 25.570021
v  13.934354 14.759041 25.437077
v  13.934354 14.626097 25.382008
v  13.934354 14.493151 25.437077
v  13.934354 14.438083 25.570021
v  13.934354 14.493151 25.702967
v  13.944027 14.626097 25.740391
v  13.944027 14.746566 25.690491
v  13.944407 14.700518 25.644444
v  13.944407 14.626097 25.675270
v  13.944027 14.796466 25.570021
v  13.944407 14.731344 25.570021
v  13.944027 14.746566 25.449551
v  13.944407 14.700518 25.495600
v  13.944407 14.626097 25.464773
v  13.944027 14.505625 25.449551
v  13.944407 14.551674 25.495600
v  13.944027 14.455726 25.570021
v  13.944407 14.520847 25.570021
v  13.944027 14.505625 25.690491
v  13.944407 14.551674 25.644444
v  14.087772 14.626097 25.570021
v  14.085991 14.626097 25.616161
v  14.085991 14.658722 25.602648
v  14.085991 14.672236 25.570021
v  14.085991 14.658722 25.537395
v  14.085991 14.626097 25.523882
v  14.085991 14.593471 25.537395
v  14.085991 14.579956 25.570021
v  14.085991 14.593471 25.602648
v  14.061045 14.666382 25.529736
v  13.988997 14.682226 25.987350
v  13.985154 14.626097 26.045441
v  13.980915 14.720685 25.570021
v  13.980662 14.694883 25.673626
v  13.980915 14.692981 25.503138
v  13.980915 14.626097 25.475433
v  13.980915 14.559211 25.503138
v  13.980915 14.531507 25.570021
v  13.980662 14.557309 25.673626
v  13.988997 14.569964 25.987350
v  14.056098 14.692451 25.671196
v  14.059260 14.626097 25.713642
v  14.054319 14.626097 26.045441
v  14.050477 14.682226 25.987350
v  14.056098 14.559741 25.671196
v  14.050477 14.569964 25.987350
v  13.975976 14.626097 25.719015
v  14.054319 14.715311 25.570021
v  14.054319 14.689180 25.506937
v  14.054319 14.626097 25.480806
v  14.054319 14.563011 25.506937
v  14.054319 14.536881 25.570021
v  14.061045 14.666382 25.610308
v  14.061045 14.626097 25.626995
v  14.061045 14.683069 25.570021
v  14.061045 14.626097 25.513048
v  14.061045 14.585810 25.529736
v  14.061045 14.569123 25.570021
v  14.061045 14.585810 25.610308
v  13.871167 14.759864 25.703791
v  13.871167 14.815273 25.570021
v  13.871167 14.759864 25.436253
v  13.871167 14.626097 25.380844
v  13.871167 14.492328 25.436253
v  13.871167 14.492328 25.703791
v  13.871167 14.436918 25.570021
v  13.871167 14.626097 25.759199
# 626 vertices

vt 0.250000 0.000000 0.000000
vt 0.250000 0.031250 0.000000
vt 0.750000 0.031250 0.000000
vt 0.750000 0.000000 0.000000
vt 0.125000 0.000000 0.000000
vt 0.500000 0.000000 0.000000
vt 0.140625 0.031250 0.000000
vt 0.531250 0.031250 0.000000
vt 0.750000 0.000000 1.000000
vt 0.875000 0.000000 1.000000
vt 0.000000 0.000000 1.000000
vt 0.125000 0.000000 1.000000
vt 0.250000 0.000000 1.000000
vt 0.375000 0.000000 1.000000
vt 0.500000 0.000000 1.000000
vt 0.625000 0.000000 1.000000
vt 0.750000 1.000000 1.000000
vt 0.875000 1.000000 1.000000
vt 0.000000 1.000000 1.000000
vt 0.125000 1.000000 1.000000
vt 0.250000 1.000000 1.000000
vt 0.375000 1.000000 1.000000
vt 0.500000 1.000000 1.000000
vt 0.625000 1.000000 1.000000
vt -0.125000 0.000000 1.000000
vt -0.125000 1.000000 1.000000
vt 0.780330 0.000000 0.414214
vt 0.521447 0.000000 -0.414214
vt 0.250000 0.000000 -1.000000
vt 0.125000 0.000000 -1.000000
vt 0.219670 0.000000 -0.414214
vt 0.478553 0.000000 0.414213
vt 0.780330 1.000000 0.414214
vt 0.521447 1.000000 -0.414213
vt 0.250000 1.000000 -1.000000
vt 0.125000 1.000000 -1.000000
vt 0.219670 1.000000 -0.414214
vt 0.750000 0.000000 1.000000
vt 0.875000 0.000000 1.000000
vt 0.000000 0.000000 1.000000
vt 0.125000 0.000000 1.000000
vt 0.250000 0.000000 1.000000
vt 0.375000 0.000000 1.000000
vt 0.500000 0.000000 1.000000
vt 0.625000 0.000000 1.000000
vt 0.750000 1.000000 1.000000
vt 0.875000 1.000000 1.000000
vt 0.000000 1.000000 1.000000
vt 0.125000 1.000000 1.000000
vt 0.250000 1.000000 1.000000
vt 0.375000 1.000000 1.000000
vt 0.500000 1.000000 1.000000
vt 0.625000 1.000000 1.000000
vt -0.125000 0.000000 1.000000
vt -0.125000 1.000000 1.000000
vt 0.780330 0.000000 0.414214
vt 0.521447 0.000000 -0.414214
vt 0.250000 0.000000 -1.000000
vt 0.125000 0.000000 -1.000000
vt 0.219670 0.000000 -0.414214
vt 0.478553 0.000000 0.414213
vt 0.780330 1.000000 0.414214
vt 0.521447 1.000000 -0.414213
vt 0.250000 1.000000 -1.000000
vt 0.125000 1.000000 -1.000000
vt 0.219670 1.000000 -0.414214
vt 0.750000 0.000000 1.000000
vt 0.875000 0.000000 1.000000
vt 0.000000 0.000000 1.000000
vt 0.125000 0.000000 1.000000
vt 0.250000 0.000000 1.000000
vt 0.375000 0.000000 1.000000
vt 0.500000 0.000000 1.000000
vt 0.625000 0.000000 1.000000
vt 0.750000 1.000000 1.000000
vt 0.875000 1.000000 1.000000
vt 0.000000 1.000000 1.000000
vt 0.125000 1.000000 1.000000
vt 0.250000 1.000000 1.000000
vt 0.375000 1.000000 1.000000
vt 0.500000 1.000000 1.000000
vt 0.625000 1.000000 1.000000
vt -0.125000 0.000000 1.000000
vt -0.125000 1.000000 1.000000
vt 0.780330 0.000000 0.414214
vt 0.521447 0.000000 -0.414214
vt 0.250000 0.000000 -1.000000
vt 0.125000 0.000000 -1.000000
vt 0.219670 0.000000 -0.414214
vt 0.478553 0.000000 0.414213
vt 0.780330 1.000000 0.414214
vt 0.521447 1.000000 -0.414213
vt 0.250000 1.000000 -1.000000
vt 0.125000 1.000000 -1.000000
vt 0.219670 1.000000 -0.414214
vt 0.750000 0.000000 1.000000
vt 0.812500 0.000000 1.000000
vt 0.875000 0.000000 1.000000
vt 0.875000 0.987854 1.000000
vt 0.812500 0.865890 0.993847
vt 0.750000 0.865890 0.993847
vt -0.125000 0.000000 1.000000
vt -0.062500 0.000000 1.000000
vt 0.000000 0.000000 1.000000
vt 0.000000 0.987854 1.000000
vt -0.062500 0.987854 1.000000
vt -0.125000 0.987854 1.000000
vt 0.062500 0.000000 1.000000
vt 0.125000 0.000000 1.000000
vt 0.125000 0.865890 0.993847
vt 0.062500 0.865890 0.993847
vt 0.187500 0.000000 1.000000
vt 0.250000 0.000000 1.000000
vt 0.250000 0.865890 0.993847
vt 0.187500 0.865890 0.993847
vt 0.312500 0.000000 1.000000
vt 0.375000 0.000000 1.000000
vt 0.375000 0.865890 0.993847
vt 0.312500 0.865890 0.993847
vt 0.437500 0.000000 1.000000
vt 0.500000 0.000000 1.000000
vt 0.500000 0.865890 0.993847
vt 0.437500 0.865890 0.993847
vt 0.562500 0.000000 1.000000
vt 0.625000 0.000000 1.000000
vt 0.625000 0.865890 0.993847
vt 0.562500 0.865890 0.993847
vt 0.687500 0.000000 1.000000
vt 0.687500 0.865890 0.993847
vt 0.750000 0.998482 0.900582
vt 0.812500 0.998482 0.900582
vt 0.875000 1.000000 0.950777
vt 0.875000 1.000000 0.556347
vt 0.812500 1.000000 0.556347
vt 0.750000 1.000000 0.556347
vt -0.125000 1.000000 0.950777
vt -0.062500 0.997977 0.899823
vt 0.000000 1.000000 0.950777
vt 0.000000 1.000000 0.556347
vt -0.062500 1.000000 0.556347
vt -0.125000 1.000000 0.556347
vt 0.062500 0.998482 0.900582
vt 0.125000 0.998482 0.900582
vt 0.125000 1.000000 0.556347
vt 0.062500 1.000000 0.556347
vt 0.187500 0.998482 0.900582
vt 0.250000 0.998482 0.900582
vt 0.250000 1.000000 0.556347
vt 0.187500 1.000000 0.556347
vt 0.312500 0.998482 0.900582
vt 0.375000 0.998482 0.900582
vt 0.375000 1.000000 0.556347
vt 0.312500 1.000000 0.556347
vt 0.437500 0.998482 0.900582
vt 0.500000 0.998482 0.900582
vt 0.500000 1.000000 0.556347
vt 0.437500 1.000000 0.556347
vt 0.562500 0.998482 0.900582
vt 0.625000 0.998482 0.900582
vt 0.625000 1.000000 0.556347
vt 0.562500 1.000000 0.556347
vt 0.687500 0.998482 0.900582
vt 0.687500 1.000000 0.556347
vt 0.500000 1.000000 0.104167
vt 0.645833 1.000000 0.291667
vt 0.708333 1.000000 0.333333
vt 0.687500 1.000000 0.291667
vt 0.723958 1.000000 0.447917
vt 0.786458 1.000000 0.458333
vt 0.875000 1.000000 0.447917
vt 0.187500 1.000000 0.291667
vt 0.125000 1.000000 0.333333
vt 0.208333 1.000000 0.291667
vt -0.125000 1.000000 0.447917
vt -0.015625 1.000000 0.458333
vt 0.052083 1.000000 0.447917
vt 0.208333 1.000000 0.333333
vt 0.281250 1.000000 0.291667
vt 0.098958 1.000000 0.458333
vt 0.164063 1.000000 0.447917
vt 0.291667 1.000000 0.333333
vt 0.354167 1.000000 0.291667
vt 0.213542 1.000000 0.458333
vt 0.276042 1.000000 0.447917
vt 0.375000 1.000000 0.333333
vt 0.427083 1.000000 0.291667
vt 0.328125 1.000000 0.458333
vt 0.388021 1.000000 0.447917
vt 0.458333 1.000000 0.333333
vt 0.500000 1.000000 0.291667
vt 0.442708 1.000000 0.458333
vt 0.500000 1.000000 0.447917
vt 0.541667 1.000000 0.333333
vt 0.572917 1.000000 0.291667
vt 0.557292 1.000000 0.458333
vt 0.611979 1.000000 0.447917
vt 0.625000 1.000000 0.333333
vt 0.671875 1.000000 0.458333
vt 0.875000 0.993927 0.975388
vt 0.812500 0.993927 0.975388
vt 0.750000 0.993927 0.975388
vt 0.000380 0.983818 0.993927
vt 0.000190 0.991909 0.972352
vt -0.062500 0.991909 0.972352
vt -0.062500 0.983818 0.993927
vt -0.125380 0.991909 0.972352
vt -0.125759 0.983818 0.993927
vt 0.125000 0.993927 0.975388
vt 0.062500 0.993927 0.975388
vt 0.000000 0.993927 0.975388
vt 0.250000 0.993927 0.975388
vt 0.187500 0.993927 0.975388
vt 0.375000 0.993927 0.975388
vt 0.312500 0.993927 0.975388
vt 0.500000 0.993927 0.975388
vt 0.437500 0.993927 0.975388
vt 0.625000 0.993927 0.975388
vt 0.562500 0.993927 0.975388
vt 0.687500 0.993927 0.975388
vt 0.812500 1.000000 0.500000
vt 0.750000 1.000000 0.500000
vt 0.875000 1.000000 0.500000
vt -0.062500 1.000000 0.500000
vt -0.125000 1.000000 0.500000
vt 0.000000 1.000000 0.500000
vt 0.062500 1.000000 0.500000
vt 0.125000 1.000000 0.500000
vt 0.187500 1.000000 0.500000
vt 0.250000 1.000000 0.500000
vt 0.312500 1.000000 0.500000
vt 0.375000 1.000000 0.500000
vt 0.437500 1.000000 0.500000
vt 0.500000 1.000000 0.500000
vt 0.562500 1.000000 0.500000
vt 0.625000 1.000000 0.500000
vt 0.687500 1.000000 0.500000
vt 0.847222 1.000000 0.500000
vt 0.859375 1.000000 0.500000
vt 0.812500 1.000000 0.500000
vt 0.812500 1.000000 0.500000
vt 0.750000 1.000000 0.500000
vt 0.750000 1.000000 0.500000
vt 0.000000 1.000000 0.500000
vt 0.000000 1.000000 0.500000
vt -0.062500 1.000000 0.500000
vt -0.062500 1.000000 0.500000
vt -0.125000 1.000000 0.500000
vt -0.125000 1.000000 0.500000
vt 0.125000 1.000000 0.500000
vt 0.125000 1.000000 0.500000
vt 0.062500 1.000000 0.500000
vt 0.062500 1.000000 0.500000
vt 0.250000 1.000000 0.500000
vt 0.250000 1.000000 0.500000
vt 0.187500 1.000000 0.500000
vt 0.187500 1.000000 0.500000
vt 0.375000 1.000000 0.500000
vt 0.375000 1.000000 0.500000
vt 0.312500 1.000000 0.500000
vt 0.312500 1.000000 0.500000
vt 0.500000 1.000000 0.500000
vt 0.500000 1.000000 0.500000
vt 0.437500 1.000000 0.500000
vt 0.437500 1.000000 0.500000
vt 0.625000 1.000000 0.500000
vt 0.609375 1.000000 0.500000
vt 0.562500 1.000000 0.500000
vt 0.562500 1.000000 0.500000
vt 0.687500 1.000000 0.500000
vt 0.687500 1.000000 0.500000
vt 0.640625 1.000000 0.500000
vt 0.652778 1.000000 0.500000
vt 0.875000 1.000000 0.500000
vt 0.812500 1.000000 0.500000
vt 0.812500 1.000000 0.500000
vt 0.859375 1.000000 0.500000
vt 0.750000 1.000000 0.500000
vt 0.750000 1.000000 0.500000
vt 0.750000 1.000000 0.500000
vt 0.812500 1.000000 0.500000
vt 0.847222 1.000000 0.500000
vt 0.687500 1.000000 0.500000
vt 0.687500 1.000000 0.500000
vt 0.625000 1.000000 0.500000
vt 0.640625 1.000000 0.500000
vt 0.652778 1.000000 0.500000
vt 0.687500 1.000000 0.500000
vt 0.609375 1.000000 0.500000
vt 0.625000 1.000000 0.500000
vt 0.640625 1.000000 0.500000
vt 0.687500 1.000000 0.500000
vt 0.687500 1.000000 0.500000
vt 0.640625 1.000000 0.500000
vt 0.750000 1.000000 0.500000
vt 0.750000 1.000000 0.500000
vt 0.812500 1.000000 0.500000
vt 0.812500 1.000000 0.500000
vt 0.875000 1.000000 0.500000
vt 0.859375 1.000000 0.500000
vt 0.875000 1.000000 0.500000
vt 0.875000 1.000000 0.500000
vt 0.875000 1.000000 0.500000
vt 0.812500 1.000000 0.500000
vt 0.750000 1.000000 0.500000
vt 0.000000 1.000000 0.500000
vt -0.062500 1.000000 0.500000
vt -0.125000 1.000000 0.500000
vt 0.125000 1.000000 0.500000
vt 0.062500 1.000000 0.500000
vt 0.250000 1.000000 0.500000
vt 0.187500 1.000000 0.500000
vt 0.375000 1.000000 0.500000
vt 0.312500 1.000000 0.500000
vt 0.500000 1.000000 0.500000
vt 0.437500 1.000000 0.500000
vt 0.625000 1.000000 0.500000
vt 0.562500 1.000000 0.500000
vt 0.687500 1.000000 0.500000
vt 0.859375 1.000000 0.500000
vt 0.812500 1.000000 0.500000
vt 0.750000 1.000000 0.500000
vt 0.000000 1.000000 0.500000
vt -0.062500 1.000000 0.500000
vt 0.000000 1.000000 0.500000
vt -0.062500 1.000000 0.500000
vt -0.125000 1.000000 0.500000
vt -0.125000 1.000000 0.500000
vt 0.125000 1.000000 0.500000
vt 0.062500 1.000000 0.500000
vt 0.125000 1.000000 0.500000
vt 0.062500 1.000000 0.500000
vt 0.250000 1.000000 0.500000
vt 0.187500 1.000000 0.500000
vt 0.250000 1.000000 0.500000
vt 0.187500 1.000000 0.500000
vt 0.375000 1.000000 0.500000
vt 0.312500 1.000000 0.500000
vt 0.375000 1.000000 0.500000
vt 0.312500 1.000000 0.500000
vt 0.500000 1.000000 0.500000
vt 0.437500 1.000000 0.500000
vt 0.500000 1.000000 0.500000
vt 0.437500 1.000000 0.500000
vt 0.562500 1.000000 0.500000
vt 0.562500 1.000000 0.500000
vt 0.687500 1.000000 0.500000
vt 0.625000 1.000000 0.500000
vt 0.875000 1.000000 0.500000
vt 0.875000 1.000000 0.500000
vt 0.875000 1.000000 0.500000
vt 0.812500 1.000000 0.500000
vt 0.750000 1.000000 0.500000
vt 0.000000 1.000000 0.500000
vt -0.062500 1.000000 0.500000
vt -0.125000 1.000000 0.500000
vt 0.125000 1.000000 0.500000
vt 0.062500 1.000000 0.500000
vt 0.250000 1.000000 0.500000
vt 0.187500 1.000000 0.500000
vt 0.375000 1.000000 0.500000
vt 0.312500 1.000000 0.500000
vt 0.500000 1.000000 0.500000
vt 0.437500 1.000000 0.500000
vt 0.625000 1.000000 0.500000
vt 0.562500 1.000000 0.500000
vt 0.687500 1.000000 0.500000
vt 0.812500 1.000000 0.500000
vt 0.750000 1.000000 0.500000
vt 0.875000 1.000000 0.500000
vt -0.062500 1.000000 0.500000
vt -0.125000 1.000000 0.500000
vt 0.000000 1.000000 0.500000
vt 0.062500 1.000000 0.500000
vt 0.125000 1.000000 0.500000
vt 0.187500 1.000000 0.500000
vt 0.250000 1.000000 0.500000
vt 0.312500 1.000000 0.500000
vt 0.375000 1.000000 0.500000
vt 0.437500 1.000000 0.500000
vt 0.500000 1.000000 0.500000
vt 0.562500 1.000000 0.500000
vt 0.625000 1.000000 0.500000
vt 0.687500 1.000000 0.500000
vt 0.875000 1.000000 0.500000
vt 0.812500 1.000000 0.500000
vt 0.750000 1.000000 0.500000
vt 0.000000 1.000000 0.500000
vt -0.062500 1.000000 0.500000
vt -0.125000 1.000000 0.500000
vt 0.125000 1.000000 0.500000
vt 0.062500 1.000000 0.500000
vt 0.250000 1.000000 0.500000
vt 0.187500 1.000000 0.500000
vt 0.375000 1.000000 0.500000
vt 0.312500 1.000000 0.500000
vt 0.500000 1.000000 0.500000
vt 0.437500 1.000000 0.500000
vt 0.625000 1.000000 0.500000
vt 0.562500 1.000000 0.500000
vt 0.687500 1.000000 0.500000
vt 0.750000 0.000000 1.000000
vt 0.812500 0.000000 1.000000
vt 0.875000 0.000000 1.000000
vt 0.875000 0.987854 1.000000
vt 0.812500 0.865890 0.993847
vt 0.750000 0.865890 0.993847
vt -0.125000 0.000000 1.000000
vt -0.062500 0.000000 1.000000
vt 0.000000 0.000000 1.000000
vt 0.000000 0.987854 1.000000
vt -0.062500 0.987854 1.000000
vt -0.125000 0.987854 1.000000
vt 0.062500 0.000000 1.000000
vt 0.125000 0.000000 1.000000
vt 0.125000 0.865890 0.993847
vt 0.062500 0.865890 0.993847
vt 0.187500 0.000000 1.000000
vt 0.250000 0.000000 1.000000
vt 0.250000 0.865890 0.993847
vt 0.187500 0.865890 0.993847
vt 0.312500 0.000000 1.000000
vt 0.375000 0.000000 1.000000
vt 0.375000 0.865890 0.993847
vt 0.312500 0.865890 0.993847
vt 0.437500 0.000000 1.000000
vt 0.500000 0.000000 1.000000
vt 0.500000 0.865890 0.993847
vt 0.437500 0.865890 0.993847
vt 0.562500 0.000000 1.000000
vt 0.625000 0.000000 1.000000
vt 0.625000 0.865890 0.993847
vt 0.562500 0.865890 0.993847
vt 0.687500 0.000000 1.000000
vt 0.687500 0.865890 0.993847
vt 0.750000 0.998482 0.900582
vt 0.812500 0.998482 0.900582
vt 0.875000 1.000000 0.950777
vt 0.875000 1.000000 0.556347
vt 0.812500 1.000000 0.556347
vt 0.750000 1.000000 0.556347
vt -0.125000 1.000000 0.950777
vt -0.062500 0.997977 0.899823
vt 0.000000 1.000000 0.950777
vt 0.000000 1.000000 0.556347
vt -0.062500 1.000000 0.556347
vt -0.125000 1.000000 0.556347
vt 0.062500 0.998482 0.900582
vt 0.125000 0.998482 0.900582
vt 0.125000 1.000000 0.556347
vt 0.062500 1.000000 0.556347
vt 0.187500 0.998482 0.900582
vt 0.250000 0.998482 0.900582
vt 0.250000 1.000000 0.556347
vt 0.187500 1.000000 0.556347
vt 0.312500 0.998482 0.900582
vt 0.375000 0.998482 0.900582
vt 0.375000 1.000000 0.556347
vt 0.312500 1.000000 0.556347
vt 0.437500 0.998482 0.900582
vt 0.500000 0.998482 0.900582
vt 0.500000 1.000000 0.556347
vt 0.437500 1.000000 0.556347
vt 0.562500 0.998482 0.900582
vt 0.625000 0.998482 0.900582
vt 0.625000 1.000000 0.556347
vt 0.562500 1.000000 0.556347
vt 0.687500 0.998482 0.900582
vt 0.687500 1.000000 0.556347
vt 0.500000 1.000000 0.104167
vt 0.645833 1.000000 0.291667
vt 0.708333 1.000000 0.333333
vt 0.687500 1.000000 0.291667
vt 0.723958 1.000000 0.447917
vt 0.786458 1.000000 0.458333
vt 0.875000 1.000000 0.447917
vt 0.187500 1.000000 0.291667
vt 0.125000 1.000000 0.333333
vt 0.208333 1.000000 0.291667
vt -0.125000 1.000000 0.447917
vt -0.015625 1.000000 0.458333
vt 0.052083 1.000000 0.447917
vt 0.208333 1.000000 0.333333
vt 0.281250 1.000000 0.291667
vt 0.098958 1.000000 0.458333
vt 0.164063 1.000000 0.447917
vt 0.291667 1.000000 0.333333
vt 0.354167 1.000000 0.291667
vt 0.213542 1.000000 0.458333
vt 0.276042 1.000000 0.447917
vt 0.375000 1.000000 0.333333
vt 0.427083 1.000000 0.291667
vt 0.328125 1.000000 0.458333
vt 0.388021 1.000000 0.447917
vt 0.458333 1.000000 0.333333
vt 0.500000 1.000000 0.291667
vt 0.442708 1.000000 0.458333
vt 0.500000 1.000000 0.447917
vt 0.541667 1.000000 0.333333
vt 0.572917 1.000000 0.291667
vt 0.557292 1.000000 0.458333
vt 0.611979 1.000000 0.447917
vt 0.625000 1.000000 0.333333
vt 0.671875 1.000000 0.458333
vt 0.875000 0.993927 0.975388
vt 0.812500 0.993927 0.975388
vt 0.750000 0.993927 0.975388
vt 0.000380 0.983818 0.993927
vt 0.000190 0.991909 0.972352
vt -0.062500 0.991909 0.972352
vt -0.062500 0.983818 0.993927
vt -0.125380 0.991909 0.972352
vt -0.125759 0.983818 0.993927
vt 0.125000 0.993927 0.975388
vt 0.062500 0.993927 0.975388
vt 0.000000 0.993927 0.975388
vt 0.250000 0.993927 0.975388
vt 0.187500 0.993927 0.975388
vt 0.375000 0.993927 0.975388
vt 0.312500 0.993927 0.975388
vt 0.500000 0.993927 0.975388
vt 0.437500 0.993927 0.975388
vt 0.625000 0.993927 0.975388
vt 0.562500 0.993927 0.975388
vt 0.687500 0.993927 0.975388
vt 0.812500 1.000000 0.500000
vt 0.750000 1.000000 0.500000
vt 0.875000 1.000000 0.500000
vt -0.062500 1.000000 0.500000
vt -0.125000 1.000000 0.500000
vt 0.000000 1.000000 0.500000
vt 0.062500 1.000000 0.500000
vt 0.125000 1.000000 0.500000
vt 0.187500 1.000000 0.500000
vt 0.250000 1.000000 0.500000
vt 0.312500 1.000000 0.500000
vt 0.375000 1.000000 0.500000
vt 0.437500 1.000000 0.500000
vt 0.500000 1.000000 0.500000
vt 0.562500 1.000000 0.500000
vt 0.625000 1.000000 0.500000
vt 0.687500 1.000000 0.500000
vt 0.847222 1.000000 0.500000
vt 0.859375 1.000000 0.500000
vt 0.812500 1.000000 0.500000
vt 0.812500 1.000000 0.500000
vt 0.750000 1.000000 0.500000
vt 0.750000 1.000000 0.500000
vt 0.000000 1.000000 0.500000
vt 0.000000 1.000000 0.500000
vt -0.062500 1.000000 0.500000
vt -0.062500 1.000000 0.500000
vt -0.125000 1.000000 0.500000
vt -0.125000 1.000000 0.500000
vt 0.125000 1.000000 0.500000
vt 0.125000 1.000000 0.500000
vt 0.062500 1.000000 0.500000
vt 0.062500 1.000000 0.500000
vt 0.250000 1.000000 0.500000
vt 0.250000 1.000000 0.500000
vt 0.187500 1.000000 0.500000
vt 0.187500 1.000000 0.500000
vt 0.375000 1.000000 0.500000
vt 0.375000 1.000000 0.500000
vt 0.312500 1.000000 0.500000
vt 0.312500 1.000000 0.500000
vt 0.500000 1.000000 0.500000
vt 0.500000 1.000000 0.500000
vt 0.437500 1.000000 0.500000
vt 0.437500 1.000000 0.500000
vt 0.625000 1.000000 0.500000
vt 0.609375 1.000000 0.500000
vt 0.562500 1.000000 0.500000
vt 0.562500 1.000000 0.500000
vt 0.687500 1.000000 0.500000
vt 0.687500 1.000000 0.500000
vt 0.640625 1.000000 0.500000
vt 0.652778 1.000000 0.500000
vt 0.875000 1.000000 0.500000
vt 0.812500 1.000000 0.500000
vt 0.812500 1.000000 0.500000
vt 0.859375 1.000000 0.500000
vt 0.750000 1.000000 0.500000
vt 0.750000 1.000000 0.500000
vt 0.750000 1.000000 0.500000
vt 0.812500 1.000000 0.500000
vt 0.847222 1.000000 0.500000
vt 0.687500 1.000000 0.500000
vt 0.687500 1.000000 0.500000
vt 0.625000 1.000000 0.500000
vt 0.640625 1.000000 0.500000
vt 0.652778 1.000000 0.500000
vt 0.687500 1.000000 0.500000
vt 0.609375 1.000000 0.500000
vt 0.625000 1.000000 0.500000
vt 0.640625 1.000000 0.500000
vt 0.687500 1.000000 0.500000
vt 0.687500 1.000000 0.500000
vt 0.640625 1.000000 0.500000
vt 0.750000 1.000000 0.500000
vt 0.750000 1.000000 0.500000
vt 0.812500 1.000000 0.500000
vt 0.812500 1.000000 0.500000
vt 0.875000 1.000000 0.500000
vt 0.859375 1.000000 0.500000
vt 0.875000 1.000000 0.500000
vt 0.875000 1.000000 0.500000
vt 0.875000 1.000000 0.500000
vt 0.812500 1.000000 0.500000
vt 0.750000 1.000000 0.500000
vt 0.000000 1.000000 0.500000
vt -0.062500 1.000000 0.500000
vt -0.125000 1.000000 0.500000
vt 0.125000 1.000000 0.500000
vt 0.062500 1.000000 0.500000
vt 0.250000 1.000000 0.500000
vt 0.187500 1.000000 0.500000
vt 0.375000 1.000000 0.500000
vt 0.312500 1.000000 0.500000
vt 0.500000 1.000000 0.500000
vt 0.437500 1.000000 0.500000
vt 0.625000 1.000000 0.500000
vt 0.562500 1.000000 0.500000
vt 0.687500 1.000000 0.500000
vt 0.859375 1.000000 0.500000
vt 0.812500 1.000000 0.500000
vt 0.750000 1.000000 0.500000
vt 0.000000 1.000000 0.500000
vt -0.062500 1.000000 0.500000
vt 0.000000 1.000000 0.500000
vt -0.062500 1.000000 0.500000
vt -0.125000 1.000000 0.500000
vt -0.125000 1.000000 0.500000
vt 0.125000 1.000000 0.500000
vt 0.062500 1.000000 0.500000
vt 0.125000 1.000000 0.500000
vt 0.062500 1.000000 0.500000
vt 0.250000 1.000000 0.500000
vt 0.187500 1.000000 0.500000
vt 0.250000 1.000000 0.500000
vt 0.187500 1.000000 0.500000
vt 0.375000 1.000000 0.500000
vt 0.312500 1.000000 0.500000
vt 0.375000 1.000000 0.500000
vt 0.312500 1.000000 0.500000
vt 0.500000 1.000000 0.500000
vt 0.437500 1.000000 0.500000
vt 0.500000 1.000000 0.500000
vt 0.437500 1.000000 0.500000
vt 0.562500 1.000000 0.500000
vt 0.562500 1.000000 0.500000
vt 0.687500 1.000000 0.500000
vt 0.625000 1.000000 0.500000
vt 0.875000 1.000000 0.500000
vt 0.875000 1.000000 0.500000
vt 0.875000 1.000000 0.500000
vt 0.812500 1.000000 0.500000
vt 0.750000 1.000000 0.500000
vt 0.000000 1.000000 0.500000
vt -0.062500 1.000000 0.500000
vt -0.125000 1.000000 0.500000
vt 0.125000 1.000000 0.500000
vt 0.062500 1.000000 0.500000
vt 0.250000 1.000000 0.500000
vt 0.187500 1.000000 0.500000
vt 0.375000 1.000000 0.500000
vt 0.312500 1.000000 0.500000
vt 0.500000 1.000000 0.500000
vt 0.437500 1.000000 0.500000
vt 0.625000 1.000000 0.500000
vt 0.562500 1.000000 0.500000
vt 0.687500 1.000000 0.500000
vt 0.812500 1.000000 0.500000
vt 0.750000 1.000000 0.500000
vt 0.875000 1.000000 0.500000
vt -0.062500 1.000000 0.500000
vt -0.125000 1.000000 0.500000
vt 0.000000 1.000000 0.500000
vt 0.062500 1.000000 0.500000
vt 0.125000 1.000000 0.500000
vt 0.187500 1.000000 0.500000
vt 0.250000 1.000000 0.500000
vt 0.312500 1.000000 0.500000
vt 0.375000 1.000000 0.500000
vt 0.437500 1.000000 0.500000
vt 0.500000 1.000000 0.500000
vt 0.562500 1.000000 0.500000
vt 0.625000 1.000000 0.500000
vt 0.687500 1.000000 0.500000
vt 0.875000 1.000000 0.500000
vt 0.812500 1.000000 0.500000
vt 0.750000 1.000000 0.500000
vt 0.000000 1.000000 0.500000
vt -0.062500 1.000000 0.500000
vt -0.125000 1.000000 0.500000
vt 0.125000 1.000000 0.500000
vt 0.062500 1.000000 0.500000
vt 0.250000 1.000000 0.500000
vt 0.187500 1.000000 0.500000
vt 0.375000 1.000000 0.500000
vt 0.312500 1.000000 0.500000
vt 0.500000 1.000000 0.500000
vt 0.437500 1.000000 0.500000
vt 0.625000 1.000000 0.500000
vt 0.562500 1.000000 0.500000
vt 0.687500 1.000000 0.500000
# 705 texture coords

o ???006
g ???006
f 1949/2228 1950/2229 1955/2234 1953/2232 
f 1949/2228 1952/2231 1951/2230 1950/2229 
f 1954/2233 1956/2235 1951/2230 1952/2231 
f 1955/2234 1956/2235 1954/2233 1953/2232 
f 1952/2231 1949/2228 1953/2232 1954/2233 
f 1950/2229 1951/2230 1956/2235 1955/2234 
f 1964/2259 1963/2258 1962/2257 1961/2256 1960/2255 1959/2254 1958/2237 1957/2236 
f 1957/2236 1958/2237 1966/2245 1965/2244 
f 1958/2252 1959/2238 1967/2246 1966/2253 
f 1959/2238 1960/2239 1968/2247 1967/2246 
f 1960/2239 1961/2240 1969/2248 1968/2247 
f 1961/2240 1962/2241 1970/2249 1969/2248 
f 1962/2241 1963/2242 1971/2250 1970/2249 
f 1963/2242 1964/2243 1972/2251 1971/2250 
f 1964/2243 1957/2236 1965/2244 1972/2251 
f 1972/2251 1965/2244 1966/2245 1967/2260 1968/2261 1969/2262 1970/2263 1971/2264 
f 1980/2288 1979/2287 1978/2286 1977/2285 1976/2284 1975/2283 1974/2266 1973/2265 
f 1973/2265 1974/2266 1982/2274 1981/2273 
f 1974/2281 1975/2267 1983/2275 1982/2282 
f 1975/2267 1976/2268 1984/2276 1983/2275 
f 1976/2268 1977/2269 1985/2277 1984/2276 
f 1977/2269 1978/2270 1986/2278 1985/2277 
f 1978/2270 1979/2271 1987/2279 1986/2278 
f 1979/2271 1980/2272 1988/2280 1987/2279 
f 1980/2272 1973/2265 1981/2273 1988/2280 
f 1988/2280 1981/2273 1982/2274 1983/2289 1984/2290 1985/2291 1986/2292 1987/2293 
f 1996/2317 1995/2316 1994/2315 1993/2314 1992/2313 1991/2312 1990/2295 1989/2294 
f 1989/2294 1990/2295 1998/2303 1997/2302 
f 1990/2310 1991/2296 1999/2304 1998/2311 
f 1991/2296 1992/2297 2000/2305 1999/2304 
f 1992/2297 1993/2298 2001/2306 2000/2305 
f 1993/2298 1994/2299 2002/2307 2001/2306 
f 1994/2299 1995/2300 2003/2308 2002/2307 
f 1995/2300 1996/2301 2004/2309 2003/2308 
f 1996/2301 1989/2294 1997/2302 2004/2309 
f 2004/2309 1997/2302 1998/2303 1999/2318 2000/2319 2001/2320 2002/2321 2003/2322 
f 2289/2323 2077/2324 2078/2327 2221/2328 
f 2077/2324 2282/2325 2220/2326 2078/2327 
f 2282/2329 2079/2330 2080/2333 2220/2334 
f 2079/2330 2283/2331 2222/2332 2080/2333 
f 2283/2331 2081/2335 2082/2338 2222/2332 
f 2081/2335 2284/2336 2223/2337 2082/2338 
f 2284/2336 2083/2339 2084/2342 2223/2337 
f 2083/2339 2285/2340 2224/2341 2084/2342 
f 2285/2340 2085/2343 2086/2346 2224/2341 
f 2085/2343 2286/2344 2225/2345 2086/2346 
f 2286/2344 2087/2347 2088/2350 2225/2345 
f 2087/2347 2288/2348 2226/2349 2088/2350 
f 2288/2348 2089/2351 2090/2354 2226/2349 
f 2089/2351 2287/2352 2227/2353 2090/2354 
f 2287/2352 2091/2355 2092/2356 2227/2353 
f 2091/2355 2289/2323 2221/2328 2092/2356 
f 2228/2357 2093/2358 2094/2361 2231/2362 
f 2093/2358 2229/2359 2230/2360 2094/2361 
f 2229/2363 2095/2364 2096/2367 2230/2368 
f 2095/2364 2232/2365 2233/2366 2096/2367 
f 2232/2365 2097/2369 2098/2372 2233/2366 
f 2097/2369 2234/2370 2235/2371 2098/2372 
f 2234/2370 2099/2373 2100/2376 2235/2371 
f 2099/2373 2219/2374 2236/2375 2100/2376 
f 2219/2374 2101/2377 2102/2380 2236/2375 
f 2101/2377 2237/2378 2238/2379 2102/2380 
f 2237/2378 2103/2381 2104/2384 2238/2379 
f 2103/2381 2239/2382 2240/2383 2104/2384 
f 2239/2382 2105/2385 2106/2388 2240/2383 
f 2105/2385 2241/2386 2242/2387 2106/2388 
f 2241/2386 2107/2389 2108/2390 2242/2387 
f 2107/2389 2228/2357 2231/2362 2108/2390 
f 2243/2391 2109/2392 2021/2393 2110/2394 
f 2244/2395 2111/2396 2021/2393 2109/2392 
f 2245/2397 2110/2394 2021/2393 2111/2396 
f 2243/2391 2110/2398 2022/2399 2112/2400 
f 2245/2401 2113/2402 2022/2399 2110/2398 
f 2246/2403 2112/2400 2022/2399 2113/2402 
f 2243/2391 2112/2400 2023/2404 2114/2405 
f 2246/2403 2115/2406 2023/2404 2112/2400 
f 2247/2407 2114/2405 2023/2404 2115/2406 
f 2243/2391 2114/2405 2024/2408 2116/2409 
f 2247/2407 2117/2410 2024/2408 2114/2405 
f 2248/2411 2116/2409 2024/2408 2117/2410 
f 2243/2391 2116/2409 2025/2412 2118/2413 
f 2248/2411 2119/2414 2025/2412 2116/2409 
f 2249/2415 2118/2413 2025/2412 2119/2414 
f 2243/2391 2118/2413 2026/2416 2120/2417 
f 2249/2415 2121/2418 2026/2416 2118/2413 
f 2250/2419 2120/2417 2026/2416 2121/2418 
f 2243/2391 2120/2417 2027/2420 2122/2421 
f 2250/2419 2123/2422 2027/2420 2120/2417 
f 2251/2423 2122/2421 2027/2420 2123/2422 
f 2243/2391 2122/2421 2028/2424 2109/2392 
f 2251/2423 2124/2425 2028/2424 2122/2421 
f 2244/2395 2109/2392 2028/2424 2124/2425 
f 2220/2326 2125/2426 2006/2427 2078/2327 
f 2125/2426 2229/2359 2093/2358 2006/2427 
f 2006/2427 2093/2358 2228/2357 2126/2428 
f 2078/2327 2006/2427 2126/2428 2221/2328 
f 2222/2429 2127/2430 2005/2431 2080/2432 
f 2127/2430 2232/2365 2095/2364 2005/2431 
f 2005/2431 2095/2364 2229/2363 2125/2433 
f 2080/2432 2005/2431 2125/2433 2220/2434 
f 2223/2337 2128/2435 2008/2436 2082/2338 
f 2128/2435 2234/2370 2097/2369 2008/2436 
f 2008/2436 2097/2369 2232/2365 2127/2437 
f 2082/2338 2008/2436 2127/2437 2222/2332 
f 2224/2341 2129/2438 2009/2439 2084/2342 
f 2129/2438 2219/2374 2099/2373 2009/2439 
f 2009/2439 2099/2373 2234/2370 2128/2435 
f 2084/2342 2009/2439 2128/2435 2223/2337 
f 2225/2345 2130/2440 2010/2441 2086/2346 
f 2130/2440 2237/2378 2101/2377 2010/2441 
f 2010/2441 2101/2377 2219/2374 2129/2438 
f 2086/2346 2010/2441 2129/2438 2224/2341 
f 2226/2349 2131/2442 2011/2443 2088/2350 
f 2131/2442 2239/2382 2103/2381 2011/2443 
f 2011/2443 2103/2381 2237/2378 2130/2440 
f 2088/2350 2011/2443 2130/2440 2225/2345 
f 2227/2353 2132/2444 2012/2445 2090/2354 
f 2132/2444 2241/2386 2105/2385 2012/2445 
f 2012/2445 2105/2385 2239/2382 2131/2442 
f 2090/2354 2012/2445 2131/2442 2226/2349 
f 2221/2328 2126/2428 2007/2446 2092/2356 
f 2126/2428 2228/2357 2107/2389 2007/2446 
f 2007/2446 2107/2389 2241/2386 2132/2444 
f 2092/2356 2007/2446 2132/2444 2227/2353 
f 2231/2362 2094/2361 2014/2447 2133/2448 
f 2094/2361 2230/2360 2134/2449 2014/2447 
f 2014/2447 2134/2449 2173/2529 2038/2530 
f 2133/2448 2014/2447 2038/2530 2174/2531 
f 2230/2368 2096/2367 2013/2450 2134/2451 
f 2096/2367 2233/2366 2135/2452 2013/2450 
f 2013/2450 2135/2452 2175/2532 2037/2533 
f 2134/2451 2013/2450 2037/2533 2173/2534 
f 2233/2366 2098/2372 2016/2453 2135/2452 
f 2098/2372 2235/2371 2136/2454 2016/2453 
f 2016/2453 2136/2454 2176/2535 2040/2536 
f 2135/2452 2016/2453 2040/2536 2175/2532 
f 2235/2371 2100/2376 2017/2455 2136/2454 
f 2100/2376 2236/2375 2137/2456 2017/2455 
f 2017/2455 2137/2456 2177/2537 2041/2538 
f 2136/2454 2017/2455 2041/2538 2176/2535 
f 2236/2375 2102/2380 2018/2457 2137/2456 
f 2102/2380 2238/2379 2138/2458 2018/2457 
f 2018/2457 2138/2458 2178/2539 2042/2540 
f 2137/2456 2018/2457 2042/2540 2177/2537 
f 2238/2379 2104/2384 2019/2459 2138/2458 
f 2104/2384 2240/2383 2139/2460 2019/2459 
f 2019/2459 2139/2460 2179/2541 2043/2542 
f 2138/2458 2019/2459 2043/2542 2178/2539 
f 2240/2383 2106/2388 2020/2461 2139/2460 
f 2106/2388 2242/2387 2140/2462 2020/2461 
f 2020/2461 2140/2462 2180/2543 2044/2544 
f 2139/2460 2020/2461 2044/2544 2179/2541 
f 2242/2387 2108/2390 2015/2463 2140/2462 
f 2108/2390 2231/2362 2133/2448 2015/2463 
f 2015/2463 2133/2448 2174/2531 2039/2545 
f 2140/2462 2015/2463 2039/2545 2180/2543 
f 2253/2464 2141/2465 2045/2466 2142/2467 
f 2141/2465 2181/2546 2049/2547 2045/2466 
f 2045/2466 2049/2547 2182/2548 2143/2468 
f 2142/2467 2045/2466 2143/2468 2254/2469 
f 2255/2470 2144/2471 2053/2472 2145/2473 
f 2144/2471 2183/2549 2056/2550 2053/2472 
f 2053/2472 2056/2550 2185/2554 2146/2474 
f 2145/2473 2053/2472 2146/2474 2256/2475 
f 2257/2476 2147/2477 2054/2478 2148/2479 
f 2147/2477 2186/2555 2055/2556 2054/2478 
f 2054/2478 2055/2556 2183/2549 2144/2471 
f 2148/2479 2054/2478 2144/2471 2255/2470 
f 2258/2480 2149/2481 2057/2482 2150/2483 
f 2149/2481 2188/2559 2058/2560 2057/2482 
f 2057/2482 2058/2560 2186/2555 2147/2477 
f 2150/2483 2057/2482 2147/2477 2257/2476 
f 2259/2484 2151/2485 2059/2486 2152/2487 
f 2151/2485 2190/2563 2060/2564 2059/2486 
f 2059/2486 2060/2564 2188/2559 2149/2481 
f 2152/2487 2059/2486 2149/2481 2258/2480 
f 2260/2488 2153/2489 2061/2490 2154/2491 
f 2153/2489 2192/2567 2062/2568 2061/2490 
f 2061/2490 2062/2568 2190/2563 2151/2485 
f 2154/2491 2061/2490 2151/2485 2259/2484 
f 2261/2492 2155/2493 2063/2494 2156/2495 
f 2155/2493 2166/2515 2064/2571 2063/2494 
f 2063/2494 2064/2571 2192/2567 2153/2489 
f 2156/2495 2063/2494 2153/2489 2260/2488 
f 2254/2469 2143/2468 2051/2496 2157/2497 
f 2143/2468 2182/2548 2050/2573 2051/2496 
f 2051/2496 2050/2573 2167/2517 2158/2498 
f 2157/2497 2051/2496 2158/2498 2262/2499 
f 2263/2500 2159/2501 2067/2502 2160/2503 
f 2159/2501 2264/2504 2161/2505 2067/2502 
f 2067/2502 2161/2505 2265/2506 2162/2507 
f 2160/2503 2067/2502 2162/2507 2266/2508 
f 2264/2504 2163/2509 2068/2510 2161/2505 
f 2163/2509 2267/2511 2164/2512 2068/2510 
f 2068/2510 2164/2512 2268/2513 2165/2514 
f 2161/2505 2068/2510 2165/2514 2265/2506 
f 2267/2511 2166/2515 2066/2516 2164/2512 
f 2166/2515 2155/2493 2065/2574 2066/2516 
f 2066/2516 2065/2574 2158/2498 2167/2517 
f 2164/2512 2066/2516 2167/2517 2268/2513 
f 2261/2492 2168/2518 2052/2519 2169/2520 
f 2168/2518 2269/2521 2170/2522 2052/2519 
f 2052/2519 2170/2522 2254/2469 2157/2497 
f 2169/2520 2052/2519 2157/2497 2262/2499 
f 2269/2521 2171/2523 2046/2524 2170/2522 
f 2171/2523 2256/2525 2172/2526 2046/2524 
f 2046/2524 2172/2526 2253/2464 2142/2467 
f 2170/2522 2046/2524 2142/2467 2254/2469 
f 2256/2525 2146/2527 2047/2528 2172/2526 
f 2146/2527 2185/2575 2048/2576 2047/2528 
f 2047/2528 2048/2576 2181/2546 2141/2465 
f 2172/2526 2047/2528 2141/2465 2253/2464 
f 2173/2529 2256/2525 2171/2523 2038/2530 
f 2038/2530 2171/2523 2269/2521 2174/2531 
f 2175/2532 2255/2470 2145/2473 2037/2533 
f 2037/2533 2145/2473 2256/2475 2173/2534 
f 2176/2535 2257/2476 2148/2479 2040/2536 
f 2040/2536 2148/2479 2255/2470 2175/2532 
f 2177/2537 2258/2480 2150/2483 2041/2538 
f 2041/2538 2150/2483 2257/2476 2176/2535 
f 2178/2539 2259/2484 2152/2487 2042/2540 
f 2042/2540 2152/2487 2258/2480 2177/2537 
f 2179/2541 2260/2488 2154/2491 2043/2542 
f 2043/2542 2154/2491 2259/2484 2178/2539 
f 2180/2543 2261/2492 2156/2495 2044/2544 
f 2044/2544 2156/2495 2260/2488 2179/2541 
f 2174/2531 2269/2521 2168/2518 2039/2545 
f 2039/2545 2168/2518 2261/2492 2180/2543 
f 2181/2546 2266/2508 2162/2507 2049/2547 
f 2049/2547 2162/2507 2265/2506 2182/2548 
f 2183/2549 2270/2551 2184/2552 2056/2550 
f 2056/2550 2184/2552 2263/2553 2185/2554 
f 2186/2555 2271/2557 2187/2558 2055/2556 
f 2055/2556 2187/2558 2270/2551 2183/2549 
f 2188/2559 2272/2561 2189/2562 2058/2560 
f 2058/2560 2189/2562 2271/2557 2186/2555 
f 2190/2563 2273/2565 2191/2566 2060/2564 
f 2060/2564 2191/2566 2272/2561 2188/2559 
f 2192/2567 2274/2569 2193/2570 2062/2568 
f 2062/2568 2193/2570 2273/2565 2190/2563 
f 2166/2515 2267/2511 2194/2572 2064/2571 
f 2064/2571 2194/2572 2274/2569 2192/2567 
f 2182/2548 2265/2506 2165/2514 2050/2573 
f 2050/2573 2165/2514 2268/2513 2167/2517 
f 2155/2493 2261/2492 2169/2520 2065/2574 
f 2065/2574 2169/2520 2262/2499 2158/2498 
f 2185/2575 2263/2500 2160/2503 2048/2576 
f 2048/2576 2160/2503 2266/2508 2181/2546 
f 2264/2504 2159/2501 2195/2578 2276/2579 
f 2159/2501 2263/2500 2275/2577 2195/2578 
f 2263/2553 2184/2552 2196/2581 2275/2582 
f 2184/2552 2270/2551 2277/2580 2196/2581 
f 2270/2551 2187/2558 2197/2584 2277/2580 
f 2187/2558 2271/2557 2252/2583 2197/2584 
f 2271/2557 2189/2562 2198/2586 2252/2583 
f 2189/2562 2272/2561 2278/2585 2198/2586 
f 2272/2561 2191/2566 2199/2588 2278/2585 
f 2191/2566 2273/2565 2279/2587 2199/2588 
f 2273/2565 2193/2570 2200/2590 2279/2587 
f 2193/2570 2274/2569 2280/2589 2200/2590 
f 2274/2569 2194/2572 2201/2592 2280/2589 
f 2194/2572 2267/2511 2281/2591 2201/2592 
f 2267/2511 2163/2509 2202/2593 2281/2591 
f 2163/2509 2264/2504 2276/2579 2202/2593 
f 2276/2579 2195/2578 2070/2594 2203/2595 
f 2195/2578 2275/2577 2204/2596 2070/2594 
f 2070/2594 2204/2596 2211/2611 2030/2612 
f 2203/2595 2070/2594 2030/2612 2212/2613 
f 2275/2582 2196/2581 2069/2597 2204/2598 
f 2196/2581 2277/2580 2205/2599 2069/2597 
f 2069/2597 2205/2599 2213/2614 2031/2615 
f 2204/2598 2069/2597 2031/2615 2211/2616 
f 2277/2580 2197/2584 2072/2600 2205/2599 
f 2197/2584 2252/2583 2206/2601 2072/2600 
f 2072/2600 2206/2601 2214/2617 2032/2618 
f 2205/2599 2072/2600 2032/2618 2213/2614 
f 2252/2583 2198/2586 2073/2602 2206/2601 
f 2198/2586 2278/2585 2207/2603 2073/2602 
f 2073/2602 2207/2603 2215/2619 2033/2620 
f 2206/2601 2073/2602 2033/2620 2214/2617 
f 2278/2585 2199/2588 2074/2604 2207/2603 
f 2199/2588 2279/2587 2208/2605 2074/2604 
f 2074/2604 2208/2605 2216/2621 2034/2622 
f 2207/2603 2074/2604 2034/2622 2215/2619 
f 2279/2587 2200/2590 2075/2606 2208/2605 
f 2200/2590 2280/2589 2209/2607 2075/2606 
f 2075/2606 2209/2607 2217/2623 2035/2624 
f 2208/2605 2075/2606 2035/2624 2216/2621 
f 2280/2589 2201/2592 2076/2608 2209/2607 
f 2201/2592 2281/2591 2210/2609 2076/2608 
f 2076/2608 2210/2609 2218/2625 2036/2626 
f 2209/2607 2076/2608 2036/2626 2217/2623 
f 2281/2591 2202/2593 2071/2610 2210/2609 
f 2202/2593 2276/2579 2203/2595 2071/2610 
f 2071/2610 2203/2595 2212/2613 2029/2627 
f 2210/2609 2071/2610 2029/2627 2218/2625 
f 2211/2611 2245/2397 2111/2396 2030/2612 
f 2030/2612 2111/2396 2244/2395 2212/2613 
f 2213/2614 2246/2403 2113/2402 2031/2615 
f 2031/2615 2113/2402 2245/2401 2211/2616 
f 2214/2617 2247/2407 2115/2406 2032/2618 
f 2032/2618 2115/2406 2246/2403 2213/2614 
f 2215/2619 2248/2411 2117/2410 2033/2620 
f 2033/2620 2117/2410 2247/2407 2214/2617 
f 2216/2621 2249/2415 2119/2414 2034/2622 
f 2034/2622 2119/2414 2248/2411 2215/2619 
f 2217/2623 2250/2419 2121/2418 2035/2624 
f 2035/2624 2121/2418 2249/2415 2216/2621 
f 2218/2625 2251/2423 2123/2422 2036/2626 
f 2036/2626 2123/2422 2250/2419 2217/2623 
f 2212/2613 2244/2395 2124/2425 2029/2627 
f 2029/2627 2124/2425 2251/2423 2218/2625 
f 2574/2628 2506/2633 2363/2632 2362/2629 
f 2362/2629 2363/2632 2505/2631 2567/2630 
f 2567/2634 2505/2639 2365/2638 2364/2635 
f 2364/2635 2365/2638 2507/2637 2568/2636 
f 2568/2636 2507/2637 2367/2643 2366/2640 
f 2366/2640 2367/2643 2508/2642 2569/2641 
f 2569/2641 2508/2642 2369/2647 2368/2644 
f 2368/2644 2369/2647 2509/2646 2570/2645 
f 2570/2645 2509/2646 2371/2651 2370/2648 
f 2370/2648 2371/2651 2510/2650 2571/2649 
f 2571/2649 2510/2650 2373/2655 2372/2652 
f 2372/2652 2373/2655 2511/2654 2573/2653 
f 2573/2653 2511/2654 2375/2659 2374/2656 
f 2374/2656 2375/2659 2512/2658 2572/2657 
f 2572/2657 2512/2658 2377/2661 2376/2660 
f 2376/2660 2377/2661 2506/2633 2574/2628 
f 2513/2662 2516/2667 2379/2666 2378/2663 
f 2378/2663 2379/2666 2515/2665 2514/2664 
f 2514/2668 2515/2673 2381/2672 2380/2669 
f 2380/2669 2381/2672 2518/2671 2517/2670 
f 2517/2670 2518/2671 2383/2677 2382/2674 
f 2382/2674 2383/2677 2520/2676 2519/2675 
f 2519/2675 2520/2676 2385/2681 2384/2678 
f 2384/2678 2385/2681 2521/2680 2504/2679 
f 2504/2679 2521/2680 2387/2685 2386/2682 
f 2386/2682 2387/2685 2523/2684 2522/2683 
f 2522/2683 2523/2684 2389/2689 2388/2686 
f 2388/2686 2389/2689 2525/2688 2524/2687 
f 2524/2687 2525/2688 2391/2693 2390/2690 
f 2390/2690 2391/2693 2527/2692 2526/2691 
f 2526/2691 2527/2692 2393/2695 2392/2694 
f 2392/2694 2393/2695 2516/2667 2513/2662 
f 2528/2696 2395/2699 2306/2698 2394/2697 
f 2529/2700 2394/2697 2306/2698 2396/2701 
f 2530/2702 2396/2701 2306/2698 2395/2699 
f 2528/2696 2397/2705 2307/2704 2395/2703 
f 2530/2706 2395/2703 2307/2704 2398/2707 
f 2531/2708 2398/2707 2307/2704 2397/2705 
f 2528/2696 2399/2710 2308/2709 2397/2705 
f 2531/2708 2397/2705 2308/2709 2400/2711 
f 2532/2712 2400/2711 2308/2709 2399/2710 
f 2528/2696 2401/2714 2309/2713 2399/2710 
f 2532/2712 2399/2710 2309/2713 2402/2715 
f 2533/2716 2402/2715 2309/2713 2401/2714 
f 2528/2696 2403/2718 2310/2717 2401/2714 
f 2533/2716 2401/2714 2310/2717 2404/2719 
f 2534/2720 2404/2719 2310/2717 2403/2718 
f 2528/2696 2405/2722 2311/2721 2403/2718 
f 2534/2720 2403/2718 2311/2721 2406/2723 
f 2535/2724 2406/2723 2311/2721 2405/2722 
f 2528/2696 2407/2726 2312/2725 2405/2722 
f 2535/2724 2405/2722 2312/2725 2408/2727 
f 2536/2728 2408/2727 2312/2725 2407/2726 
f 2528/2696 2394/2697 2313/2729 2407/2726 
f 2536/2728 2407/2726 2313/2729 2409/2730 
f 2529/2700 2409/2730 2313/2729 2394/2697 
f 2505/2631 2363/2632 2291/2732 2410/2731 
f 2410/2731 2291/2732 2378/2663 2514/2664 
f 2291/2732 2411/2733 2513/2662 2378/2663 
f 2363/2632 2506/2633 2411/2733 2291/2732 
f 2507/2734 2365/2737 2290/2736 2412/2735 
f 2412/2735 2290/2736 2380/2669 2517/2670 
f 2290/2736 2410/2738 2514/2668 2380/2669 
f 2365/2737 2505/2739 2410/2738 2290/2736 
f 2508/2642 2367/2643 2293/2741 2413/2740 
f 2413/2740 2293/2741 2382/2674 2519/2675 
f 2293/2741 2412/2742 2517/2670 2382/2674 
f 2367/2643 2507/2637 2412/2742 2293/2741 
f 2509/2646 2369/2647 2294/2744 2414/2743 
f 2414/2743 2294/2744 2384/2678 2504/2679 
f 2294/2744 2413/2740 2519/2675 2384/2678 
f 2369/2647 2508/2642 2413/2740 2294/2744 
f 2510/2650 2371/2651 2295/2746 2415/2745 
f 2415/2745 2295/2746 2386/2682 2522/2683 
f 2295/2746 2414/2743 2504/2679 2386/2682 
f 2371/2651 2509/2646 2414/2743 2295/2746 
f 2511/2654 2373/2655 2296/2748 2416/2747 
f 2416/2747 2296/2748 2388/2686 2524/2687 
f 2296/2748 2415/2745 2522/2683 2388/2686 
f 2373/2655 2510/2650 2415/2745 2296/2748 
f 2512/2658 2375/2659 2297/2750 2417/2749 
f 2417/2749 2297/2750 2390/2690 2526/2691 
f 2297/2750 2416/2747 2524/2687 2390/2690 
f 2375/2659 2511/2654 2416/2747 2297/2750 
f 2506/2633 2377/2661 2292/2751 2411/2733 
f 2411/2733 2292/2751 2392/2694 2513/2662 
f 2292/2751 2417/2749 2526/2691 2392/2694 
f 2377/2661 2512/2658 2417/2749 2292/2751 
f 2516/2667 2418/2753 2299/2752 2379/2666 
f 2379/2666 2299/2752 2419/2754 2515/2665 
f 2299/2752 2323/2835 2458/2834 2419/2754 
f 2418/2753 2459/2836 2323/2835 2299/2752 
f 2515/2673 2419/2756 2298/2755 2381/2672 
f 2381/2672 2298/2755 2420/2757 2518/2671 
f 2298/2755 2322/2838 2460/2837 2420/2757 
f 2419/2756 2458/2839 2322/2838 2298/2755 
f 2518/2671 2420/2757 2301/2758 2383/2677 
f 2383/2677 2301/2758 2421/2759 2520/2676 
f 2301/2758 2325/2841 2461/2840 2421/2759 
f 2420/2757 2460/2837 2325/2841 2301/2758 
f 2520/2676 2421/2759 2302/2760 2385/2681 
f 2385/2681 2302/2760 2422/2761 2521/2680 
f 2302/2760 2326/2843 2462/2842 2422/2761 
f 2421/2759 2461/2840 2326/2843 2302/2760 
f 2521/2680 2422/2761 2303/2762 2387/2685 
f 2387/2685 2303/2762 2423/2763 2523/2684 
f 2303/2762 2327/2845 2463/2844 2423/2763 
f 2422/2761 2462/2842 2327/2845 2303/2762 
f 2523/2684 2423/2763 2304/2764 2389/2689 
f 2389/2689 2304/2764 2424/2765 2525/2688 
f 2304/2764 2328/2847 2464/2846 2424/2765 
f 2423/2763 2463/2844 2328/2847 2304/2764 
f 2525/2688 2424/2765 2305/2766 2391/2693 
f 2391/2693 2305/2766 2425/2767 2527/2692 
f 2305/2766 2329/2849 2465/2848 2425/2767 
f 2424/2765 2464/2846 2329/2849 2305/2766 
f 2527/2692 2425/2767 2300/2768 2393/2695 
f 2393/2695 2300/2768 2418/2753 2516/2667 
f 2300/2768 2324/2850 2459/2836 2418/2753 
f 2425/2767 2465/2848 2324/2850 2300/2768 
f 2538/2769 2427/2772 2330/2771 2426/2770 
f 2426/2770 2330/2771 2334/2852 2466/2851 
f 2330/2771 2428/2773 2467/2853 2334/2852 
f 2427/2772 2539/2774 2428/2773 2330/2771 
f 2540/2775 2430/2778 2338/2777 2429/2776 
f 2429/2776 2338/2777 2341/2855 2468/2854 
f 2338/2777 2431/2779 2470/2859 2341/2855 
f 2430/2778 2541/2780 2431/2779 2338/2777 
f 2542/2781 2433/2784 2339/2783 2432/2782 
f 2432/2782 2339/2783 2340/2861 2471/2860 
f 2339/2783 2429/2776 2468/2854 2340/2861 
f 2433/2784 2540/2775 2429/2776 2339/2783 
f 2543/2785 2435/2788 2342/2787 2434/2786 
f 2434/2786 2342/2787 2343/2865 2473/2864 
f 2342/2787 2432/2782 2471/2860 2343/2865 
f 2435/2788 2542/2781 2432/2782 2342/2787 
f 2544/2789 2437/2792 2344/2791 2436/2790 
f 2436/2790 2344/2791 2345/2869 2475/2868 
f 2344/2791 2434/2786 2473/2864 2345/2869 
f 2437/2792 2543/2785 2434/2786 2344/2791 
f 2545/2793 2439/2796 2346/2795 2438/2794 
f 2438/2794 2346/2795 2347/2873 2477/2872 
f 2346/2795 2436/2790 2475/2868 2347/2873 
f 2439/2796 2544/2789 2436/2790 2346/2795 
f 2546/2797 2441/2800 2348/2799 2440/2798 
f 2440/2798 2348/2799 2349/2876 2451/2820 
f 2348/2799 2438/2794 2477/2872 2349/2876 
f 2441/2800 2545/2793 2438/2794 2348/2799 
f 2539/2774 2442/2802 2336/2801 2428/2773 
f 2428/2773 2336/2801 2335/2878 2467/2853 
f 2336/2801 2443/2803 2452/2822 2335/2878 
f 2442/2802 2547/2804 2443/2803 2336/2801 
f 2548/2805 2445/2808 2352/2807 2444/2806 
f 2444/2806 2352/2807 2446/2810 2549/2809 
f 2352/2807 2447/2812 2550/2811 2446/2810 
f 2445/2808 2551/2813 2447/2812 2352/2807 
f 2549/2809 2446/2810 2353/2815 2448/2814 
f 2448/2814 2353/2815 2449/2817 2552/2816 
f 2353/2815 2450/2819 2553/2818 2449/2817 
f 2446/2810 2550/2811 2450/2819 2353/2815 
f 2552/2816 2449/2817 2351/2821 2451/2820 
f 2451/2820 2351/2821 2350/2879 2440/2798 
f 2351/2821 2452/2822 2443/2803 2350/2879 
f 2449/2817 2553/2818 2452/2822 2351/2821 
f 2546/2797 2454/2825 2337/2824 2453/2823 
f 2453/2823 2337/2824 2455/2827 2554/2826 
f 2337/2824 2442/2802 2539/2774 2455/2827 
f 2454/2825 2547/2804 2442/2802 2337/2824 
f 2554/2826 2455/2827 2331/2829 2456/2828 
f 2456/2828 2331/2829 2457/2831 2541/2830 
f 2331/2829 2427/2772 2538/2769 2457/2831 
f 2455/2827 2539/2774 2427/2772 2331/2829 
f 2541/2830 2457/2831 2332/2833 2431/2832 
f 2431/2832 2332/2833 2333/2881 2470/2880 
f 2332/2833 2426/2770 2466/2851 2333/2881 
f 2457/2831 2538/2769 2426/2770 2332/2833 
f 2458/2834 2323/2835 2456/2828 2541/2830 
f 2323/2835 2459/2836 2554/2826 2456/2828 
f 2460/2837 2322/2838 2430/2778 2540/2775 
f 2322/2838 2458/2839 2541/2780 2430/2778 
f 2461/2840 2325/2841 2433/2784 2542/2781 
f 2325/2841 2460/2837 2540/2775 2433/2784 
f 2462/2842 2326/2843 2435/2788 2543/2785 
f 2326/2843 2461/2840 2542/2781 2435/2788 
f 2463/2844 2327/2845 2437/2792 2544/2789 
f 2327/2845 2462/2842 2543/2785 2437/2792 
f 2464/2846 2328/2847 2439/2796 2545/2793 
f 2328/2847 2463/2844 2544/2789 2439/2796 
f 2465/2848 2329/2849 2441/2800 2546/2797 
f 2329/2849 2464/2846 2545/2793 2441/2800 
f 2459/2836 2324/2850 2453/2823 2554/2826 
f 2324/2850 2465/2848 2546/2797 2453/2823 
f 2466/2851 2334/2852 2447/2812 2551/2813 
f 2334/2852 2467/2853 2550/2811 2447/2812 
f 2468/2854 2341/2855 2469/2857 2555/2856 
f 2341/2855 2470/2859 2548/2858 2469/2857 
f 2471/2860 2340/2861 2472/2863 2556/2862 
f 2340/2861 2468/2854 2555/2856 2472/2863 
f 2473/2864 2343/2865 2474/2867 2557/2866 
f 2343/2865 2471/2860 2556/2862 2474/2867 
f 2475/2868 2345/2869 2476/2871 2558/2870 
f 2345/2869 2473/2864 2557/2866 2476/2871 
f 2477/2872 2347/2873 2478/2875 2559/2874 
f 2347/2873 2475/2868 2558/2870 2478/2875 
f 2451/2820 2349/2876 2479/2877 2552/2816 
f 2349/2876 2477/2872 2559/2874 2479/2877 
f 2467/2853 2335/2878 2450/2819 2550/2811 
f 2335/2878 2452/2822 2553/2818 2450/2819 
f 2440/2798 2350/2879 2454/2825 2546/2797 
f 2350/2879 2443/2803 2547/2804 2454/2825 
f 2470/2880 2333/2881 2445/2808 2548/2805 
f 2333/2881 2466/2851 2551/2813 2445/2808 
f 2549/2809 2561/2884 2480/2883 2444/2806 
f 2444/2806 2480/2883 2560/2882 2548/2805 
f 2548/2858 2560/2887 2481/2886 2469/2857 
f 2469/2857 2481/2886 2562/2885 2555/2856 
f 2555/2856 2562/2885 2482/2889 2472/2863 
f 2472/2863 2482/2889 2537/2888 2556/2862 
f 2556/2862 2537/2888 2483/2891 2474/2867 
f 2474/2867 2483/2891 2563/2890 2557/2866 
f 2557/2866 2563/2890 2484/2893 2476/2871 
f 2476/2871 2484/2893 2564/2892 2558/2870 
f 2558/2870 2564/2892 2485/2895 2478/2875 
f 2478/2875 2485/2895 2565/2894 2559/2874 
f 2559/2874 2565/2894 2486/2897 2479/2877 
f 2479/2877 2486/2897 2566/2896 2552/2816 
f 2552/2816 2566/2896 2487/2898 2448/2814 
f 2448/2814 2487/2898 2561/2884 2549/2809 
f 2561/2884 2488/2900 2355/2899 2480/2883 
f 2480/2883 2355/2899 2489/2901 2560/2882 
f 2355/2899 2315/2917 2496/2916 2489/2901 
f 2488/2900 2497/2918 2315/2917 2355/2899 
f 2560/2887 2489/2903 2354/2902 2481/2886 
f 2481/2886 2354/2902 2490/2904 2562/2885 
f 2354/2902 2316/2920 2498/2919 2490/2904 
f 2489/2903 2496/2921 2316/2920 2354/2902 
f 2562/2885 2490/2904 2357/2905 2482/2889 
f 2482/2889 2357/2905 2491/2906 2537/2888 
f 2357/2905 2317/2923 2499/2922 2491/2906 
f 2490/2904 2498/2919 2317/2923 2357/2905 
f 2537/2888 2491/2906 2358/2907 2483/2891 
f 2483/2891 2358/2907 2492/2908 2563/2890 
f 2358/2907 2318/2925 2500/2924 2492/2908 
f 2491/2906 2499/2922 2318/2925 2358/2907 
f 2563/2890 2492/2908 2359/2909 2484/2893 
f 2484/2893 2359/2909 2493/2910 2564/2892 
f 2359/2909 2319/2927 2501/2926 2493/2910 
f 2492/2908 2500/2924 2319/2927 2359/2909 
f 2564/2892 2493/2910 2360/2911 2485/2895 
f 2485/2895 2360/2911 2494/2912 2565/2894 
f 2360/2911 2320/2929 2502/2928 2494/2912 
f 2493/2910 2501/2926 2320/2929 2360/2911 
f 2565/2894 2494/2912 2361/2913 2486/2897 
f 2486/2897 2361/2913 2495/2914 2566/2896 
f 2361/2913 2321/2931 2503/2930 2495/2914 
f 2494/2912 2502/2928 2321/2931 2361/2913 
f 2566/2896 2495/2914 2356/2915 2487/2898 
f 2487/2898 2356/2915 2488/2900 2561/2884 
f 2356/2915 2314/2932 2497/2918 2488/2900 
f 2495/2914 2503/2930 2314/2932 2356/2915 
f 2496/2916 2315/2917 2396/2701 2530/2702 
f 2315/2917 2497/2918 2529/2700 2396/2701 
f 2498/2919 2316/2920 2398/2707 2531/2708 
f 2316/2920 2496/2921 2530/2706 2398/2707 
f 2499/2922 2317/2923 2400/2711 2532/2712 
f 2317/2923 2498/2919 2531/2708 2400/2711 
f 2500/2924 2318/2925 2402/2715 2533/2716 
f 2318/2925 2499/2922 2532/2712 2402/2715 
f 2501/2926 2319/2927 2404/2719 2534/2720 
f 2319/2927 2500/2924 2533/2716 2404/2719 
f 2502/2928 2320/2929 2406/2723 2535/2724 
f 2320/2929 2501/2926 2534/2720 2406/2723 
f 2503/2930 2321/2931 2408/2727 2536/2728 
f 2321/2931 2502/2928 2535/2724 2408/2727 
f 2497/2918 2314/2932 2409/2730 2529/2700 
f 2314/2932 2503/2930 2536/2728 2409/2730 
# 588 polygons

#
# object Object001
#

v  3.964380 12.691313 22.695799
v  3.964380 12.691313 20.287512
v  1.119651 12.691313 22.681778
v  1.119651 12.691313 20.273491
v  3.964380 13.509537 22.695799
v  3.964380 13.509537 20.287512
v  1.119651 13.509537 22.681778
v  1.119651 13.509537 20.273491
v  3.814380 13.509537 22.574644
v  3.814380 13.509537 20.407188
v  1.269651 13.509537 20.394646
v  1.269651 13.509537 22.562101
v  3.814380 12.827683 22.574644
v  3.814380 12.827683 20.407188
v  1.269651 12.827683 20.394646
v  1.269651 12.827683 22.562101
v  3.814380 12.691313 22.574644
v  1.269651 12.691313 22.562101
v  1.269651 12.691313 20.394646
v  3.814380 12.691313 20.407188
v  3.814380 12.745861 22.574644
v  1.269651 12.745861 22.562101
v  1.269651 12.745861 20.394646
v  3.814380 12.745861 20.407188
v  4.220685 13.069721 21.514839
v  4.178306 13.067488 21.560539
v  4.178306 13.024021 21.517073
v  4.178306 13.024021 21.452192
v  4.220685 13.069721 21.454424
v  4.220685 13.130136 21.454424
v  4.220685 13.130136 21.514839
v  4.178306 13.132368 21.560539
v  4.178306 13.067488 21.408724
v  4.178306 13.132368 21.408724
v  4.178306 13.175836 21.452192
v  4.178306 13.175836 21.517073
v  4.112704 13.022541 21.517702
v  4.112704 13.066857 21.562019
v  4.078199 13.072951 21.548025
v  4.078199 13.036535 21.511608
v  4.078199 13.036535 21.457655
v  4.112704 13.022541 21.451561
v  4.078199 13.072951 21.421240
v  4.112704 13.066857 21.407246
v  4.078199 13.126904 21.421240
v  4.112704 13.132999 21.407246
v  4.078199 13.163321 21.457655
v  4.112704 13.177315 21.451561
v  4.078199 13.163321 21.511608
v  4.112704 13.177315 21.517702
v  4.078199 13.126904 21.548025
v  4.112704 13.132999 21.562019
v  4.063322 13.069221 21.556793
v  4.063322 13.027767 21.515339
v  4.063322 13.130635 21.556793
v  4.046984 13.134245 21.565252
v  4.046984 13.065611 21.565252
v  4.046984 13.019308 21.518950
v  4.063322 13.172089 21.515339
v  4.046984 13.180548 21.518950
v  4.063322 13.172089 21.453924
v  4.046984 13.180548 21.450314
v  4.063322 13.130635 21.412472
v  4.046984 13.134245 21.404011
v  4.063322 13.069221 21.412472
v  4.046984 13.065611 21.404011
v  4.063322 13.027767 21.453924
v  4.046984 13.019308 21.450314
v  3.975524 13.065017 21.566673
v  3.995640 13.065371 21.565819
v  3.995640 13.134485 21.565819
v  3.975524 13.134840 21.566673
v  3.955950 13.134840 21.566673
v  3.955950 13.065017 21.566673
v  3.955950 13.017887 21.519543
v  3.975524 13.017887 21.519543
v  3.995640 13.018742 21.519188
v  3.995640 13.181114 21.519188
v  3.975524 13.181970 21.519543
v  3.955950 13.181970 21.519543
v  3.995640 13.181114 21.450075
v  3.975524 13.181970 21.449720
v  3.955950 13.181970 21.449720
v  3.995640 13.134485 21.403446
v  3.975524 13.134840 21.402590
v  3.955950 13.134840 21.402590
v  3.995640 13.065371 21.403446
v  3.975524 13.065017 21.402590
v  3.955950 13.065017 21.402590
v  3.995640 13.018742 21.450075
v  3.975524 13.017887 21.449720
v  3.955950 13.017887 21.449720
v  4.032431 13.068521 21.558212
v  4.032431 13.131334 21.558212
v  4.018107 13.128539 21.551462
v  4.018107 13.071318 21.551462
v  4.018107 13.033097 21.513243
v  4.032431 13.026347 21.516039
v  4.032431 13.173510 21.516039
v  4.018107 13.166759 21.513243
v  4.032431 13.173510 21.453226
v  4.018107 13.166759 21.456020
v  4.032431 13.131334 21.411051
v  4.018107 13.128539 21.417801
v  4.032431 13.068521 21.411051
v  4.018107 13.071318 21.417801
v  4.032431 13.026347 21.453226
v  4.018107 13.033097 21.456020
v  4.007065 13.068521 21.558212
v  4.007065 13.026347 21.516039
v  4.007065 13.131334 21.558212
v  4.007065 13.173510 21.516039
v  4.007065 13.173510 21.453226
v  4.007065 13.131334 21.411051
v  4.007065 13.068521 21.411051
v  4.007065 13.026347 21.453226
v  4.204948 13.043192 21.513147
v  4.204948 13.071412 21.541368
v  4.225826 13.067472 21.484632
v  4.225826 13.099928 21.517088
v  4.204948 13.043192 21.456116
v  4.204948 13.071412 21.427896
v  4.225826 13.099928 21.452175
v  4.225826 13.132385 21.484632
v  4.204948 13.128445 21.427896
v  4.204948 13.156664 21.456116
v  4.204948 13.128445 21.541368
v  4.204948 13.156664 21.513147
v  4.087325 13.033047 21.513128
v  4.112703 13.039243 21.545317
v  4.112706 13.016918 21.484632
v  4.145858 13.015904 21.520596
v  4.087325 13.033047 21.456135
v  4.112703 13.039243 21.423946
v  4.145858 13.015904 21.448668
v  4.180555 13.018507 21.484632
v  4.176056 13.040401 21.425104
v  4.176056 13.040401 21.544159
v  4.087325 13.071431 21.417749
v  4.112706 13.099928 21.401623
v  4.145858 13.063965 21.400608
v  4.087325 13.128425 21.417749
v  4.112703 13.160613 21.423946
v  4.145858 13.135891 21.400608
v  4.180555 13.099928 21.403210
v  4.176056 13.159454 21.425104
v  4.087325 13.166809 21.456135
v  4.112706 13.182938 21.484632
v  4.145858 13.183952 21.448668
v  4.087325 13.166809 21.513128
v  4.112703 13.160613 21.545317
v  4.145858 13.183952 21.520596
v  4.180555 13.181349 21.484632
v  4.176056 13.159454 21.544159
v  4.087325 13.128425 21.551514
v  4.112706 13.099928 21.567642
v  4.145858 13.135891 21.568655
v  4.087325 13.071431 21.551514
v  4.145858 13.063965 21.568655
v  4.180555 13.099928 21.566053
v  4.073980 13.072016 21.550226
v  4.063320 13.043504 21.541056
v  4.063324 13.099928 21.562166
v  4.052299 13.066456 21.563282
v  4.073980 13.127840 21.550226
v  4.063320 13.156352 21.541056
v  4.052299 13.133400 21.563282
v  4.073980 13.165522 21.512545
v  4.063324 13.177462 21.484632
v  4.052299 13.178578 21.518105
v  4.073980 13.165522 21.456720
v  4.063320 13.156352 21.428207
v  4.052299 13.178578 21.451160
v  4.073980 13.127840 21.419039
v  4.063324 13.099928 21.407099
v  4.052299 13.133400 21.405981
v  4.073980 13.072016 21.419039
v  4.063320 13.043504 21.428207
v  4.052299 13.066456 21.405981
v  4.073980 13.034334 21.456720
v  4.063324 13.022394 21.484632
v  4.052299 13.021278 21.451160
v  4.073980 13.034334 21.512545
v  4.052299 13.021278 21.518105
v  3.975524 13.099928 21.572783
v  3.989303 13.065105 21.566460
v  3.961881 13.065017 21.566673
v  3.975524 13.035778 21.548782
v  3.975524 13.164078 21.548782
v  3.989303 13.134750 21.566460
v  3.961881 13.134840 21.566673
v  3.975524 13.188079 21.484632
v  3.989303 13.181756 21.519455
v  3.961881 13.181970 21.519543
v  3.975524 13.164078 21.420483
v  3.989303 13.181756 21.449810
v  3.961881 13.181970 21.449720
v  3.975524 13.099928 21.396481
v  3.989303 13.134750 21.402803
v  3.961881 13.134840 21.402590
v  3.975524 13.035778 21.420483
v  3.989303 13.065105 21.402803
v  3.961881 13.065017 21.402590
v  3.975524 13.011777 21.484632
v  3.989303 13.018101 21.449810
v  3.961881 13.017887 21.449720
v  3.989303 13.018101 21.519455
v  3.961881 13.017887 21.519543
v  4.032431 13.099928 21.563597
v  4.042115 13.066396 21.563347
v  4.022804 13.070618 21.553150
v  4.032431 13.042274 21.542286
v  4.032431 13.157581 21.542286
v  4.042115 13.133461 21.563347
v  4.022804 13.129238 21.553150
v  4.032431 13.178892 21.484632
v  4.042115 13.178643 21.518164
v  4.022804 13.168447 21.513943
v  4.032431 13.157581 21.426979
v  4.042115 13.178643 21.451099
v  4.022804 13.168447 21.455322
v  4.032431 13.099928 21.405668
v  4.042115 13.133461 21.405916
v  4.022804 13.129238 21.416113
v  4.032431 13.042274 21.426979
v  4.042115 13.066396 21.405916
v  4.022804 13.070618 21.416113
v  4.032431 13.020964 21.484632
v  4.042115 13.021213 21.451099
v  4.022804 13.031409 21.455322
v  4.042115 13.021213 21.518164
v  4.022804 13.031409 21.513943
v  4.007065 13.042274 21.542286
v  3.999804 13.066336 21.563488
v  4.014230 13.070618 21.553150
v  4.007065 13.099928 21.563597
v  3.999804 13.133520 21.563488
v  4.014230 13.129238 21.553150
v  4.007065 13.157581 21.542286
v  3.999804 13.178785 21.518225
v  4.014230 13.168447 21.513943
v  4.007065 13.178892 21.484632
v  3.999804 13.178785 21.451040
v  4.014230 13.168447 21.455322
v  4.007065 13.157581 21.426979
v  3.999804 13.133520 21.405775
v  4.014230 13.129238 21.416113
v  4.007065 13.099928 21.405668
v  3.999804 13.066336 21.405775
v  4.014230 13.070618 21.416113
v  4.007065 13.042274 21.426979
v  3.999804 13.021070 21.451040
v  4.014230 13.031409 21.455322
v  4.007065 13.020964 21.484632
v  3.999804 13.021070 21.518225
v  4.014230 13.031409 21.513943
v  4.018107 13.099928 21.556267
v  4.018107 13.047457 21.537104
v  4.018107 13.152399 21.537104
v  4.018107 13.171564 21.484632
v  4.018107 13.152399 21.432161
v  4.018107 13.099928 21.412996
v  4.018107 13.047457 21.432161
v  4.018107 13.028293 21.484632
v  4.046987 13.099928 21.571245
v  4.046980 13.036877 21.547684
v  4.046980 13.162980 21.547684
v  4.046987 13.186541 21.484632
v  4.046980 13.162980 21.421579
v  4.046987 13.099928 21.398020
v  4.046980 13.036877 21.421579
v  4.046987 13.013315 21.484632
v  3.995640 13.036435 21.548124
v  3.995640 13.099928 21.571854
v  3.995640 13.163421 21.548124
v  3.995640 13.187150 21.484632
v  3.995640 13.163421 21.421139
v  3.995640 13.099928 21.397409
v  3.995640 13.036435 21.421139
v  3.995640 13.012706 21.484632
v  4.078198 13.050360 21.534201
v  4.078200 13.099928 21.552744
v  4.078200 13.031816 21.484632
v  4.078198 13.149496 21.534201
v  4.078200 13.168040 21.484632
v  4.078198 13.149496 21.435064
v  4.078200 13.099928 21.416519
v  4.078198 13.050360 21.435064
v  3.955950 13.035778 21.548782
v  3.955950 13.099928 21.572783
v  3.953875 13.065017 21.566673
v  3.955950 13.164078 21.548782
v  3.953875 13.134840 21.566673
v  3.955950 13.188080 21.484632
v  3.953875 13.181970 21.519543
v  3.955950 13.164078 21.420483
v  3.953875 13.181970 21.449720
v  3.955950 13.099928 21.396481
v  3.953875 13.134840 21.402590
v  3.955950 13.035778 21.420483
v  3.953875 13.065017 21.402590
v  3.955950 13.011777 21.484632
v  3.953875 13.017887 21.449720
v  3.953875 13.017887 21.519543
v  4.196280 13.050977 21.533583
v  4.209045 13.039001 21.484632
v  4.231289 13.099928 21.484632
v  4.209045 13.099928 21.545559
v  4.196280 13.050977 21.435680
v  4.209045 13.099928 21.423706
v  4.196280 13.148879 21.435680
v  4.209045 13.160854 21.484632
v  4.196280 13.148879 21.533583
v  4.087323 13.047586 21.536974
v  4.087327 13.028103 21.484632
v  4.146421 13.009855 21.484632
v  4.145295 13.033968 21.550592
v  4.087323 13.047586 21.432291
v  4.145295 13.033968 21.418671
v  4.087327 13.099928 21.412806
v  4.146421 13.099928 21.394560
v  4.087323 13.152269 21.432291
v  4.145295 13.165889 21.418671
v  4.087327 13.171754 21.484632
v  4.146421 13.190001 21.484632
v  4.087323 13.152269 21.536974
v  4.145295 13.165889 21.550592
v  4.087327 13.099928 21.556458
v  4.146421 13.099928 21.574703
v  4.073981 13.048639 21.535921
v  4.073980 13.099928 21.555111
v  4.052303 13.099928 21.569136
v  4.052295 13.038425 21.546135
v  4.073981 13.151217 21.535921
v  4.052295 13.161431 21.546135
v  4.073980 13.170406 21.484632
v  4.052303 13.184431 21.484632
v  4.073981 13.151217 21.433344
v  4.052295 13.161431 21.423128
v  4.073980 13.099928 21.414154
v  4.052303 13.099928 21.400129
v  4.073981 13.048639 21.433344
v  4.052295 13.038425 21.423128
v  4.073980 13.029449 21.484632
v  4.052303 13.015426 21.484632
v  3.989303 13.099928 21.572552
v  3.961881 13.099928 21.572783
v  3.961881 13.035778 21.548782
v  3.989303 13.035942 21.548616
v  3.989303 13.163914 21.548616
v  3.961881 13.164078 21.548782
v  3.989303 13.187847 21.484632
v  3.961881 13.188079 21.484632
v  3.989303 13.163914 21.420647
v  3.961881 13.164078 21.420483
v  3.989303 13.099928 21.396713
v  3.961881 13.099928 21.396481
v  3.989303 13.035942 21.420647
v  3.961881 13.035778 21.420483
v  3.989303 13.012010 21.484632
v  3.961881 13.011777 21.484632
v  4.042115 13.099928 21.569174
v  4.022804 13.099928 21.558100
v  4.022804 13.046161 21.538399
v  4.042114 13.038334 21.546227
v  4.042114 13.161522 21.546227
v  4.022804 13.153695 21.538399
v  4.042115 13.184469 21.484632
v  4.022804 13.173396 21.484632
v  4.042114 13.161522 21.423038
v  4.022804 13.153695 21.430864
v  4.042115 13.099928 21.400091
v  4.022804 13.099928 21.411163
v  4.042114 13.038334 21.423038
v  4.022804 13.046161 21.430864
v  4.042115 13.015387 21.484632
v  4.022804 13.026461 21.484632
v  3.999804 13.038223 21.546337
v  4.014230 13.046161 21.538399
v  4.014230 13.099928 21.558100
v  3.999804 13.099928 21.569324
v  4.014230 13.153695 21.538399
v  3.999804 13.161633 21.546337
v  4.014230 13.173396 21.484632
v  3.999804 13.184622 21.484632
v  4.014230 13.153695 21.430864
v  3.999804 13.161633 21.422928
v  4.014230 13.099928 21.411163
v  3.999804 13.099928 21.399939
v  4.014230 13.046161 21.430864
v  3.999804 13.038223 21.422928
v  4.014230 13.026461 21.484632
v  3.999804 13.015235 21.484632
v  3.953875 13.099928 21.572783
v  3.953875 13.035778 21.548782
v  3.953875 13.164078 21.548782
v  3.953875 13.188080 21.484632
v  3.953875 13.164078 21.420483
v  3.953875 13.099928 21.396481
v  3.953875 13.035778 21.420483
v  3.953875 13.011777 21.484632
# 401 vertices

vt 0.335414 0.436569 0.000000
vt 0.335048 0.496598 0.000000
vt 0.271816 0.496599 0.000000
vt 0.272182 0.436569 0.000000
vt 0.520674 0.865425 0.000000
vt 0.526737 0.827390 0.000000
vt 0.220182 0.513426 0.000000
vt 0.216546 0.586388 0.000000
vt 0.338948 0.433268 0.000000
vt 0.268691 0.433268 0.000000
vt 0.268691 0.429708 0.000000
vt 0.338948 0.429708 0.000000
vt 0.197194 0.585424 0.000000
vt 0.200829 0.512462 0.000000
vt 0.134377 0.601397 0.000000
vt 0.135435 0.582047 0.000000
vt 0.119705 0.508115 0.000000
vt 0.139060 0.509077 0.000000
vt 0.194297 0.581408 0.000000
vt 0.197549 0.516140 0.000000
vt 0.138714 0.578368 0.000000
vt 0.141957 0.513093 0.000000
vt 0.570387 0.829696 0.000000
vt 0.564324 0.867731 0.000000
vt 0.498891 0.887288 0.000000
vt 0.504568 0.807906 0.000000
vt 0.509231 0.812205 0.000000
vt 0.504120 0.883648 0.000000
vt 0.586940 0.811473 0.000000
vt 0.581830 0.882917 0.000000
vt 0.338540 0.500374 0.000000
vt 0.335048 0.496836 0.000000
vt 0.335414 0.436806 0.000000
vt 0.268282 0.500375 0.000000
vt 0.271816 0.496836 0.000000
vt 0.272182 0.436806 0.000000
vt 0.162601 0.550634 0.000000
vt 0.163134 0.550691 0.000000
vt 0.162894 0.551355 0.000000
vt 0.162353 0.551001 0.000000
vt 0.163960 0.550770 0.000000
vt 0.163692 0.551781 0.000000
vt 0.163007 0.552625 0.000000
vt 0.162453 0.551801 0.000000
vt 0.162035 0.551356 0.000000
vt 0.163102 0.554562 0.000000
vt 0.162873 0.553893 0.000000
vt 0.162567 0.554610 0.000000
vt 0.162326 0.554238 0.000000
vt 0.162013 0.553878 0.000000
vt 0.162439 0.553440 0.000000
vt 0.161980 0.553153 0.000000
vt 0.162081 0.552617 0.000000
vt 0.161719 0.553579 0.000000
vt 0.161466 0.553367 0.000000
vt 0.161534 0.553032 0.000000
vt 0.161560 0.552613 0.000000
vt 0.161989 0.552080 0.000000
vt 0.161736 0.551650 0.000000
vt 0.161541 0.552193 0.000000
vt 0.161479 0.551858 0.000000
vt 0.160769 0.548843 0.000000
vt 0.161211 0.548173 0.000000
vt 0.161840 0.548647 0.000000
vt 0.161359 0.549273 0.000000
vt 0.161688 0.547451 0.000000
vt 0.162431 0.547872 0.000000
vt 0.163304 0.548582 0.000000
vt 0.162455 0.549252 0.000000
vt 0.161886 0.549755 0.000000
vt 0.161134 0.557050 0.000000
vt 0.161773 0.556586 0.000000
vt 0.160703 0.556372 0.000000
vt 0.161302 0.555951 0.000000
vt 0.161837 0.555477 0.000000
vt 0.162398 0.555991 0.000000
vt 0.162886 0.555331 0.000000
vt 0.163804 0.555627 0.000000
vt 0.162271 0.555023 0.000000
vt 0.162931 0.549919 0.000000
vt 0.162312 0.550216 0.000000
vt 0.160331 0.555743 0.000000
vt 0.160914 0.555390 0.000000
vt 0.160023 0.555114 0.000000
vt 0.160584 0.554848 0.000000
vt 0.161141 0.554532 0.000000
vt 0.161451 0.555006 0.000000
vt 0.159774 0.554497 0.000000
vt 0.160349 0.554290 0.000000
vt 0.159601 0.553885 0.000000
vt 0.160176 0.553756 0.000000
vt 0.160702 0.553624 0.000000
vt 0.160882 0.554074 0.000000
vt 0.161324 0.553864 0.000000
vt 0.161596 0.554225 0.000000
vt 0.161130 0.553488 0.000000
vt 0.161886 0.554625 0.000000
vt 0.159490 0.553255 0.000000
vt 0.160058 0.553200 0.000000
vt 0.159456 0.552594 0.000000
vt 0.160017 0.552599 0.000000
vt 0.160577 0.552604 0.000000
vt 0.160607 0.553138 0.000000
vt 0.159502 0.551934 0.000000
vt 0.160069 0.551999 0.000000
vt 0.159625 0.551306 0.000000
vt 0.160196 0.551446 0.000000
vt 0.160720 0.551587 0.000000
vt 0.160616 0.552071 0.000000
vt 0.161084 0.552157 0.000000
vt 0.161083 0.552608 0.000000
vt 0.161146 0.551731 0.000000
vt 0.161076 0.553061 0.000000
vt 0.159808 0.550699 0.000000
vt 0.160379 0.550915 0.000000
vt 0.160068 0.550086 0.000000
vt 0.160624 0.550362 0.000000
vt 0.161174 0.550687 0.000000
vt 0.160907 0.551140 0.000000
vt 0.160387 0.549464 0.000000
vt 0.160963 0.549826 0.000000
vt 0.161492 0.550219 0.000000
vt 0.161920 0.550607 0.000000
vt 0.161623 0.551002 0.000000
vt 0.161346 0.551358 0.000000
vt 0.160403 0.548613 0.000000
vt 0.160027 0.549267 0.000000
vt 0.159718 0.549110 0.000000
vt 0.160084 0.548436 0.000000
vt 0.159719 0.549927 0.000000
vt 0.159407 0.549794 0.000000
vt 0.159104 0.549670 0.000000
vt 0.159418 0.548965 0.000000
vt 0.159780 0.548275 0.000000
vt 0.159452 0.550574 0.000000
vt 0.159148 0.550471 0.000000
vt 0.159269 0.551221 0.000000
vt 0.158962 0.551142 0.000000
vt 0.158666 0.551067 0.000000
vt 0.158850 0.550374 0.000000
vt 0.159157 0.551893 0.000000
vt 0.158854 0.551845 0.000000
vt 0.159117 0.552591 0.000000
vt 0.158811 0.552588 0.000000
vt 0.158506 0.552585 0.000000
vt 0.158553 0.551798 0.000000
vt 0.159144 0.553289 0.000000
vt 0.158840 0.553332 0.000000
vt 0.159244 0.553964 0.000000
vt 0.158935 0.554038 0.000000
vt 0.158638 0.554107 0.000000
vt 0.158538 0.553374 0.000000
vt 0.159415 0.554615 0.000000
vt 0.159109 0.554712 0.000000
vt 0.159671 0.555267 0.000000
vt 0.159356 0.555395 0.000000
vt 0.159050 0.555513 0.000000
vt 0.158809 0.554804 0.000000
vt 0.159967 0.555934 0.000000
vt 0.159655 0.556085 0.000000
vt 0.160333 0.556595 0.000000
vt 0.160010 0.556767 0.000000
vt 0.159702 0.556923 0.000000
vt 0.159352 0.556225 0.000000
vt 0.160766 0.557289 0.000000
vt 0.160442 0.557477 0.000000
vt 0.161240 0.558002 0.000000
vt 0.160945 0.558234 0.000000
vt 0.160641 0.558465 0.000000
vt 0.160128 0.557652 0.000000
vt 0.160848 0.547929 0.000000
vt 0.160528 0.547683 0.000000
vt 0.160217 0.547555 0.000000
vt 0.157208 0.548962 0.000000
vt 0.156842 0.548834 0.000000
vt 0.157189 0.547953 0.000000
vt 0.157549 0.548111 0.000000
vt 0.156465 0.548703 0.000000
vt 0.156822 0.547792 0.000000
vt 0.157244 0.546923 0.000000
vt 0.157599 0.547110 0.000000
vt 0.157948 0.547294 0.000000
vt 0.156755 0.550695 0.000000
vt 0.156377 0.550629 0.000000
vt 0.156568 0.549732 0.000000
vt 0.156942 0.549830 0.000000
vt 0.155991 0.550565 0.000000
vt 0.156185 0.549634 0.000000
vt 0.156606 0.552567 0.000000
vt 0.156218 0.552563 0.000000
vt 0.156264 0.551569 0.000000
vt 0.156647 0.551602 0.000000
vt 0.155826 0.552559 0.000000
vt 0.155873 0.551535 0.000000
vt 0.156717 0.554443 0.000000
vt 0.156337 0.554501 0.000000
vt 0.156244 0.553558 0.000000
vt 0.156628 0.553533 0.000000
vt 0.155951 0.554558 0.000000
vt 0.155851 0.553583 0.000000
vt 0.157138 0.556187 0.000000
vt 0.156768 0.556309 0.000000
vt 0.156512 0.555404 0.000000
vt 0.156888 0.555312 0.000000
vt 0.156388 0.556433 0.000000
vt 0.156126 0.555494 0.000000
vt 0.157849 0.557874 0.000000
vt 0.157495 0.558052 0.000000
vt 0.157099 0.557198 0.000000
vt 0.157463 0.557047 0.000000
vt 0.157135 0.558232 0.000000
vt 0.156728 0.557352 0.000000
vt 0.158881 0.559585 0.000000
vt 0.158526 0.559813 0.000000
vt 0.157970 0.558912 0.000000
vt 0.158319 0.558708 0.000000
vt 0.158170 0.560032 0.000000
vt 0.157618 0.559116 0.000000
vt 0.158088 0.546261 0.000000
vt 0.158432 0.546471 0.000000
vt 0.157741 0.546052 0.000000
vt 0.158850 0.549569 0.000000
vt 0.158575 0.549462 0.000000
vt 0.158897 0.548714 0.000000
vt 0.159165 0.548842 0.000000
vt 0.158274 0.549348 0.000000
vt 0.158604 0.548577 0.000000
vt 0.158984 0.547819 0.000000
vt 0.159271 0.547984 0.000000
vt 0.159532 0.548137 0.000000
vt 0.158414 0.551014 0.000000
vt 0.158141 0.550967 0.000000
vt 0.158323 0.550218 0.000000
vt 0.158594 0.550297 0.000000
vt 0.157837 0.550916 0.000000
vt 0.158024 0.550133 0.000000
vt 0.158248 0.552583 0.000000
vt 0.157973 0.552580 0.000000
vt 0.158020 0.551749 0.000000
vt 0.158295 0.551769 0.000000
vt 0.157677 0.552577 0.000000
vt 0.157721 0.551729 0.000000
vt 0.158385 0.554156 0.000000
vt 0.158111 0.554197 0.000000
vt 0.158004 0.553412 0.000000
vt 0.158280 0.553398 0.000000
vt 0.157805 0.554243 0.000000
vt 0.157705 0.553427 0.000000
vt 0.158794 0.555610 0.000000
vt 0.158516 0.555712 0.000000
vt 0.158278 0.554950 0.000000
vt 0.158552 0.554877 0.000000
vt 0.158213 0.555821 0.000000
vt 0.157977 0.555031 0.000000
vt 0.159451 0.557057 0.000000
vt 0.159188 0.557206 0.000000
vt 0.158826 0.556467 0.000000
vt 0.159096 0.556344 0.000000
vt 0.158896 0.557366 0.000000
vt 0.158530 0.556599 0.000000
vt 0.160370 0.558630 0.000000
vt 0.160080 0.558773 0.000000
vt 0.159608 0.557968 0.000000
vt 0.159873 0.557803 0.000000
vt 0.159795 0.558917 0.000000
vt 0.159326 0.558142 0.000000
vt 0.159704 0.547231 0.000000
vt 0.159965 0.547400 0.000000
vt 0.159426 0.547052 0.000000
vt 0.158233 0.547439 0.000000
vt 0.158475 0.547557 0.000000
vt 0.158087 0.548345 0.000000
vt 0.157842 0.548238 0.000000
vt 0.158725 0.547683 0.000000
vt 0.158338 0.548456 0.000000
vt 0.158016 0.549252 0.000000
vt 0.157760 0.549159 0.000000
vt 0.157507 0.549068 0.000000
vt 0.157495 0.549984 0.000000
vt 0.157243 0.549913 0.000000
vt 0.157751 0.550056 0.000000
vt 0.157565 0.550864 0.000000
vt 0.157308 0.550808 0.000000
vt 0.157057 0.550753 0.000000
vt 0.157205 0.551668 0.000000
vt 0.156954 0.551635 0.000000
vt 0.157456 0.551703 0.000000
vt 0.157417 0.552575 0.000000
vt 0.157165 0.552572 0.000000
vt 0.156915 0.552570 0.000000
vt 0.157187 0.553477 0.000000
vt 0.156935 0.553506 0.000000
vt 0.157439 0.553447 0.000000
vt 0.157532 0.554289 0.000000
vt 0.157273 0.554341 0.000000
vt 0.157021 0.554391 0.000000
vt 0.157444 0.555169 0.000000
vt 0.157191 0.555236 0.000000
vt 0.157702 0.555102 0.000000
vt 0.157953 0.555912 0.000000
vt 0.157694 0.556000 0.000000
vt 0.157439 0.556086 0.000000
vt 0.158008 0.556822 0.000000
vt 0.157759 0.556925 0.000000
vt 0.158261 0.556716 0.000000
vt 0.158634 0.557501 0.000000
vt 0.158382 0.557619 0.000000
vt 0.158137 0.557733 0.000000
vt 0.158839 0.558417 0.000000
vt 0.158602 0.558546 0.000000
vt 0.159079 0.558288 0.000000
vt 0.159567 0.559058 0.000000
vt 0.159363 0.559219 0.000000
vt 0.159154 0.559388 0.000000
vt 0.158945 0.546770 0.000000
vt 0.158711 0.546638 0.000000
vt 0.159182 0.546903 0.000000
vt 0.158136 0.549296 0.000000
vt 0.158461 0.548510 0.000000
vt 0.158845 0.547683 0.000000
vt 0.157690 0.550891 0.000000
vt 0.157876 0.550092 0.000000
vt 0.157537 0.552576 0.000000
vt 0.157578 0.551719 0.000000
vt 0.157658 0.554265 0.000000
vt 0.157562 0.553434 0.000000
vt 0.158074 0.555870 0.000000
vt 0.157829 0.555068 0.000000
vt 0.158756 0.557442 0.000000
vt 0.158385 0.556663 0.000000
vt 0.159667 0.558986 0.000000
vt 0.159194 0.558224 0.000000
vt 0.159296 0.546968 0.000000
vt 0.158976 0.549619 0.000000
vt 0.159286 0.548902 0.000000
vt 0.159649 0.548207 0.000000
vt 0.158537 0.551035 0.000000
vt 0.158717 0.550333 0.000000
vt 0.158373 0.552584 0.000000
vt 0.158420 0.551779 0.000000
vt 0.158508 0.554136 0.000000
vt 0.158405 0.553390 0.000000
vt 0.158921 0.555563 0.000000
vt 0.158675 0.554843 0.000000
vt 0.159571 0.556989 0.000000
vt 0.159218 0.556286 0.000000
vt 0.160505 0.558560 0.000000
vt 0.159993 0.557727 0.000000
vt 0.160084 0.547478 0.000000
vt 0.158109 0.547378 0.000000
vt 0.157715 0.548183 0.000000
vt 0.157376 0.549022 0.000000
vt 0.157113 0.549877 0.000000
vt 0.156927 0.550726 0.000000
vt 0.156823 0.551618 0.000000
vt 0.156784 0.552569 0.000000
vt 0.156804 0.553520 0.000000
vt 0.156890 0.554415 0.000000
vt 0.157060 0.555269 0.000000
vt 0.157307 0.556131 0.000000
vt 0.157631 0.556978 0.000000
vt 0.158012 0.557792 0.000000
vt 0.158480 0.558613 0.000000
vt 0.159042 0.559476 0.000000
vt 0.158591 0.546568 0.000000
vt 0.160527 0.548685 0.000000
vt 0.160146 0.549330 0.000000
vt 0.159840 0.549982 0.000000
vt 0.161441 0.547310 0.000000
vt 0.160970 0.548003 0.000000
vt 0.159570 0.550615 0.000000
vt 0.159387 0.551252 0.000000
vt 0.159272 0.551912 0.000000
vt 0.159230 0.552592 0.000000
vt 0.159259 0.553273 0.000000
vt 0.159362 0.553935 0.000000
vt 0.159534 0.554576 0.000000
vt 0.159793 0.555215 0.000000
vt 0.160087 0.555873 0.000000
vt 0.160457 0.556526 0.000000
vt 0.160890 0.557216 0.000000
vt 0.156659 0.547683 0.000000
vt 0.157087 0.546840 0.000000
vt 0.156296 0.548644 0.000000
vt 0.156237 0.548624 0.000000
vt 0.156601 0.547683 0.000000
vt 0.157031 0.546811 0.000000
vt 0.156014 0.549590 0.000000
vt 0.155818 0.550536 0.000000
vt 0.155757 0.550526 0.000000
vt 0.155953 0.549575 0.000000
vt 0.155700 0.551521 0.000000
vt 0.155654 0.552557 0.000000
vt 0.155593 0.552556 0.000000
vt 0.155639 0.551516 0.000000
vt 0.155678 0.553595 0.000000
vt 0.155777 0.554583 0.000000
vt 0.155716 0.554592 0.000000
vt 0.155616 0.553598 0.000000
vt 0.155954 0.555534 0.000000
vt 0.156218 0.556488 0.000000
vt 0.156158 0.556507 0.000000
vt 0.155893 0.555549 0.000000
vt 0.156563 0.557421 0.000000
vt 0.156975 0.558312 0.000000
vt 0.156919 0.558341 0.000000
vt 0.156505 0.557445 0.000000
vt 0.157462 0.559205 0.000000
vt 0.158016 0.560126 0.000000
vt 0.157961 0.560158 0.000000
vt 0.157407 0.559236 0.000000
vt 0.157588 0.545961 0.000000
vt 0.157534 0.545929 0.000000
vt 0.196135 0.604774 0.000000
vt 0.116080 0.581085 0.000000
vt 0.163929 0.554496 0.000000
vt 0.163678 0.553481 0.000000
vt 0.161600 0.557781 0.000000
vt 0.162350 0.557371 0.000000
vt 0.163236 0.556676 0.000000
vt 0.163853 0.549638 0.000000
vt 0.161332 0.547225 0.000000
vt 0.161041 0.546988 0.000000
vt 0.160742 0.546752 0.000000
vt 0.159006 0.545607 0.000000
vt 0.158657 0.545374 0.000000
vt 0.158307 0.545151 0.000000
vt 0.160475 0.546583 0.000000
vt 0.160189 0.546436 0.000000
vt 0.159906 0.546288 0.000000
vt 0.159682 0.546143 0.000000
vt 0.159481 0.545980 0.000000
vt 0.159276 0.545808 0.000000
vt 0.159780 0.546217 0.000000
vt 0.160608 0.546656 0.000000
vt 0.159165 0.545719 0.000000
vt 0.161350 0.557918 0.000000
vt 0.158154 0.545056 0.000000
vt 0.158101 0.545023 0.000000
# 439 texture coords

o Object001
g Object001
f 2595/2933 2596/2934 2597/2935 2598/2936 
f 2587/2937 2588/2938 2589/2955 2590/2956 
f 2575/2941 2576/2942 2580/2943 2579/2944 
f 2576/2939 2578/2940 2582/2945 2580/2946 
f 2578/3346 2577/2947 2581/2948 2582/2945 
f 2577/3347 2575/2949 2579/2950 2581/2948 
f 2579/2957 2580/2958 2584/2959 2583/2960 
f 2580/2946 2582/2945 2585/2951 2584/2952 
f 2582/2945 2581/2948 2586/2953 2585/2951 
f 2581/2948 2579/2950 2583/2954 2586/2953 
f 2583/2960 2584/2959 2588/2938 2587/2937 
f 2584/2959 2585/2961 2589/2955 2588/2938 
f 2585/2961 2586/2962 2590/2956 2589/2955 
f 2586/2962 2583/2960 2587/2937 2590/2956 
f 2575/2941 2577/2963 2592/2964 2591/2965 
f 2577/2963 2578/2966 2593/2967 2592/2964 
f 2578/2966 2576/2942 2594/2968 2593/2967 
f 2576/2942 2575/2941 2591/2965 2594/2968 
f 2591/2965 2592/2964 2596/2934 2595/2933 
f 2592/2964 2593/2967 2597/2935 2596/2934 
f 2593/2967 2594/2968 2598/2936 2597/2935 
f 2594/2968 2591/2965 2595/2933 2598/2936 
f 2879/2969 2691/2970 2599/2971 2692/2972 
f 2691/2970 2880/2973 2693/2974 2599/2971 
f 2599/2971 2693/2974 2881/2975 2694/2976 
f 2692/2972 2599/2971 2694/2976 2882/2977 
f 2880/3348 2695/2978 2603/2979 2693/3349 
f 2695/2978 2883/2980 2696/2981 2603/2979 
f 2603/2979 2696/2981 2884/2982 2697/2983 
f 2693/3349 2603/2979 2697/2983 2881/2975 
f 2881/2975 2697/2983 2604/2984 2698/2985 
f 2697/2983 2884/2982 2699/2986 2604/2984 
f 2604/2984 2699/2986 2885/2987 2700/2988 
f 2698/2985 2604/2984 2700/2988 2886/2989 
f 2882/2977 2694/2976 2605/2990 2701/2991 
f 2694/2976 2881/2975 2698/2985 2605/2990 
f 2605/2990 2698/2985 2886/2989 2702/2992 
f 2701/2991 2605/2990 2702/2992 2887/2993 
f 2888/2994 2703/2995 2611/2996 2704/2997 
f 2703/2995 2889/2998 2705/2999 2611/2996 
f 2611/2996 2705/2999 2890/3000 2706/3001 
f 2704/2997 2611/2996 2706/3001 2891/3002 
f 2889/3350 2707/3003 2616/3004 2705/3351 
f 2707/3003 2892/3005 2708/3006 2616/3004 
f 2616/3004 2708/3006 2893/3007 2709/3008 
f 2705/3351 2616/3004 2709/3008 2890/3352 
f 2890/3352 2709/3008 2602/3009 2710/3010 
f 2709/3008 2893/3007 2711/3011 2602/3009 
f 2602/3009 2711/3011 2883/2980 2695/2978 
f 2710/3010 2602/3009 2695/2978 2880/3348 
f 2891/3002 2706/3001 2601/3012 2712/3013 
f 2706/3001 2890/3000 2710/3353 2601/3012 
f 2601/3012 2710/3353 2880/2973 2691/2970 
f 2712/3013 2601/3012 2691/2970 2879/2969 
f 2892/3005 2713/3014 2618/3015 2708/3006 
f 2713/3014 2894/3016 2714/3017 2618/3015 
f 2618/3015 2714/3017 2895/3018 2715/3019 
f 2708/3006 2618/3015 2715/3019 2893/3007 
f 2894/3016 2716/3020 2620/3021 2714/3017 
f 2716/3020 2896/3022 2717/3023 2620/3021 
f 2620/3021 2717/3023 2897/3024 2718/3025 
f 2714/3017 2620/3021 2718/3025 2895/3018 
f 2895/3018 2718/3025 2608/3026 2719/3027 
f 2718/3025 2897/3024 2720/3028 2608/3026 
f 2608/3026 2720/3028 2885/2987 2699/2986 
f 2719/3027 2608/3026 2699/2986 2884/2982 
f 2893/3007 2715/3019 2607/3029 2711/3011 
f 2715/3019 2895/3018 2719/3027 2607/3029 
f 2607/3029 2719/3027 2884/2982 2696/2981 
f 2711/3011 2607/3029 2696/2981 2883/2980 
f 2896/3022 2721/3030 2622/3031 2717/3023 
f 2721/3030 2898/3032 2722/3033 2622/3031 
f 2622/3031 2722/3033 2899/3034 2723/3035 
f 2717/3023 2622/3031 2723/3035 2897/3024 
f 2898/3032 2724/3036 2624/3037 2722/3033 
f 2724/3036 2900/3038 2725/3039 2624/3037 
f 2624/3037 2725/3039 2901/3040 2726/3041 
f 2722/3033 2624/3037 2726/3041 2899/3034 
f 2899/3034 2726/3041 2610/3042 2727/3043 
f 2726/3041 2901/3040 2728/3044 2610/3042 
f 2610/3042 2728/3044 2887/2993 2702/2992 
f 2727/3043 2610/3042 2702/2992 2886/2989 
f 2897/3024 2723/3035 2609/3045 2720/3028 
f 2723/3035 2899/3034 2727/3043 2609/3045 
f 2609/3045 2727/3043 2886/2989 2700/2988 
f 2720/3028 2609/3045 2700/2988 2885/2987 
f 2900/3038 2729/3046 2626/3047 2725/3039 
f 2729/3046 2902/3048 2730/3049 2626/3047 
f 2626/3047 2730/3049 2903/3050 2731/3051 
f 2725/3039 2626/3047 2731/3051 2901/3040 
f 2902/3048 2732/3052 2612/3053 2730/3049 
f 2732/3052 2888/2994 2704/2997 2612/3053 
f 2612/3053 2704/2997 2891/3002 2733/3054 
f 2730/3049 2612/3053 2733/3054 2903/3050 
f 2903/3050 2733/3054 2600/3055 2734/3056 
f 2733/3054 2891/3002 2712/3013 2600/3055 
f 2600/3055 2712/3013 2879/2969 2692/2972 
f 2734/3056 2600/3055 2692/2972 2882/2977 
f 2901/3040 2731/3051 2606/3057 2728/3044 
f 2731/3051 2903/3050 2734/3056 2606/3057 
f 2606/3057 2734/3056 2882/2977 2701/2991 
f 2728/3044 2606/3057 2701/2991 2887/2993 
f 2904/3058 2735/3059 2627/3060 2736/3061 
f 2735/3059 2905/3062 2737/3063 2627/3060 
f 2627/3060 2737/3063 2906/3064 2738/3065 
f 2736/3061 2627/3060 2738/3065 2907/3066 
f 2905/3062 2739/3067 2629/3068 2737/3063 
f 2739/3067 2908/3069 2740/3070 2629/3068 
f 2629/3068 2740/3070 2909/3071 2741/3072 
f 2737/3063 2629/3068 2741/3072 2906/3064 
f 2908/3069 2742/3073 2633/3074 2740/3070 
f 2742/3073 2910/3075 2743/3076 2633/3074 
f 2633/3074 2743/3076 2911/3077 2744/3078 
f 2740/3070 2633/3074 2744/3078 2909/3071 
f 2910/3075 2745/3079 2635/3080 2743/3076 
f 2745/3079 2912/3081 2746/3082 2635/3080 
f 2635/3080 2746/3082 2913/3083 2747/3084 
f 2743/3076 2635/3080 2747/3084 2911/3077 
f 2912/3081 2748/3085 2637/3086 2746/3082 
f 2748/3085 2914/3087 2749/3088 2637/3086 
f 2637/3086 2749/3088 2915/3089 2750/3090 
f 2746/3082 2637/3086 2750/3090 2913/3083 
f 2914/3087 2751/3091 2639/3092 2749/3088 
f 2751/3091 2916/3093 2752/3094 2639/3092 
f 2639/3092 2752/3094 2917/3095 2753/3096 
f 2749/3088 2639/3092 2753/3096 2915/3089 
f 2916/3093 2754/3097 2641/3098 2752/3094 
f 2754/3097 2918/3099 2755/3100 2641/3098 
f 2641/3098 2755/3100 2919/3101 2756/3102 
f 2752/3094 2641/3098 2756/3102 2917/3095 
f 2918/3354 2757/3103 2628/3104 2755/3355 
f 2757/3103 2904/3058 2736/3061 2628/3104 
f 2628/3104 2736/3061 2907/3066 2758/3105 
f 2755/3355 2628/3104 2758/3105 2919/3356 
f 2920/3106 2759/3107 2643/3108 2760/3109 
f 2759/3107 2921/3110 2761/3111 2643/3108 
f 2643/3108 2761/3111 2922/3112 2762/3113 
f 2760/3109 2643/3108 2762/3113 2923/3114 
f 2924/3115 2763/3116 2646/3117 2764/3118 
f 2763/3116 2925/3119 2765/3120 2646/3117 
f 2646/3117 2765/3120 2921/3110 2759/3107 
f 2764/3118 2646/3117 2759/3107 2920/3106 
f 2926/3121 2766/3122 2653/3123 2767/3124 
f 2766/3122 2927/3125 2768/3126 2653/3123 
f 2653/3123 2768/3126 2925/3119 2763/3116 
f 2767/3124 2653/3123 2763/3116 2924/3115 
f 2928/3127 2769/3128 2656/3129 2770/3130 
f 2769/3128 2929/3131 2771/3132 2656/3129 
f 2656/3129 2771/3132 2927/3125 2766/3122 
f 2770/3130 2656/3129 2766/3122 2926/3121 
f 2930/3133 2772/3134 2659/3135 2773/3136 
f 2772/3134 2931/3137 2774/3138 2659/3135 
f 2659/3135 2774/3138 2929/3131 2769/3128 
f 2773/3136 2659/3135 2769/3128 2928/3127 
f 2932/3139 2775/3140 2662/3141 2776/3142 
f 2775/3140 2933/3143 2777/3144 2662/3141 
f 2662/3141 2777/3144 2931/3137 2772/3134 
f 2776/3142 2662/3141 2772/3134 2930/3133 
f 2934/3145 2778/3146 2665/3147 2779/3148 
f 2778/3146 2935/3149 2780/3150 2665/3147 
f 2665/3147 2780/3150 2933/3143 2775/3140 
f 2779/3148 2665/3147 2775/3140 2932/3139 
f 2923/3114 2762/3113 2650/3151 2781/3152 
f 2762/3113 2922/3112 2782/3153 2650/3151 
f 2650/3151 2782/3153 2935/3359 2778/3358 
f 2781/3152 2650/3151 2778/3358 2934/3357 
f 2936/3154 2783/3155 2667/3156 2784/3157 
f 2783/3155 2937/3158 2785/3159 2667/3156 
f 2667/3156 2785/3159 2938/3160 2786/3161 
f 2784/3157 2667/3156 2786/3161 2939/3162 
f 2940/3163 2787/3164 2668/3165 2788/3166 
f 2787/3164 2941/3167 2789/3168 2668/3165 
f 2668/3165 2789/3168 2937/3158 2783/3155 
f 2788/3166 2668/3165 2783/3155 2936/3154 
f 2942/3169 2790/3170 2673/3171 2791/3172 
f 2790/3170 2943/3173 2792/3174 2673/3171 
f 2673/3171 2792/3174 2941/3167 2787/3164 
f 2791/3172 2673/3171 2787/3164 2940/3163 
f 2944/3175 2793/3176 2675/3177 2794/3178 
f 2793/3176 2945/3179 2795/3180 2675/3177 
f 2675/3177 2795/3180 2943/3173 2790/3170 
f 2794/3178 2675/3177 2790/3170 2942/3169 
f 2946/3181 2796/3182 2677/3183 2797/3184 
f 2796/3182 2947/3185 2798/3186 2677/3183 
f 2677/3183 2798/3186 2945/3179 2793/3176 
f 2797/3184 2677/3183 2793/3176 2944/3175 
f 2948/3187 2799/3188 2679/3189 2800/3190 
f 2799/3188 2949/3191 2801/3192 2679/3189 
f 2679/3189 2801/3192 2947/3185 2796/3182 
f 2800/3190 2679/3189 2796/3182 2946/3181 
f 2950/3193 2802/3194 2681/3195 2803/3196 
f 2802/3194 2951/3197 2804/3198 2681/3195 
f 2681/3195 2804/3198 2949/3191 2799/3188 
f 2803/3196 2681/3195 2799/3188 2948/3187 
f 2939/3162 2786/3161 2672/3199 2805/3200 
f 2786/3161 2938/3160 2806/3201 2672/3199 
f 2672/3199 2806/3201 2951/3362 2802/3361 
f 2805/3200 2672/3199 2802/3361 2950/3360 
f 2952/3202 2807/3203 2683/3204 2808/3205 
f 2807/3203 2953/3206 2809/3207 2683/3204 
f 2683/3204 2809/3207 2954/3208 2810/3209 
f 2808/3205 2683/3204 2810/3209 2955/3210 
f 2955/3210 2810/3209 2685/3211 2811/3212 
f 2810/3209 2954/3208 2812/3213 2685/3211 
f 2685/3211 2812/3213 2956/3214 2813/3215 
f 2811/3212 2685/3211 2813/3215 2957/3216 
f 2957/3216 2813/3215 2686/3217 2814/3218 
f 2813/3215 2956/3214 2815/3219 2686/3217 
f 2686/3217 2815/3219 2958/3220 2816/3221 
f 2814/3218 2686/3217 2816/3221 2959/3222 
f 2959/3222 2816/3221 2687/3223 2817/3224 
f 2816/3221 2958/3220 2818/3225 2687/3223 
f 2687/3223 2818/3225 2960/3226 2819/3227 
f 2817/3224 2687/3223 2819/3227 2961/3228 
f 2961/3228 2819/3227 2688/3229 2820/3230 
f 2819/3227 2960/3226 2821/3231 2688/3229 
f 2688/3229 2821/3231 2962/3232 2822/3233 
f 2820/3230 2688/3229 2822/3233 2963/3234 
f 2963/3234 2822/3233 2689/3235 2823/3236 
f 2822/3233 2962/3232 2824/3237 2689/3235 
f 2689/3235 2824/3237 2964/3238 2825/3239 
f 2823/3236 2689/3235 2825/3239 2965/3240 
f 2965/3240 2825/3239 2690/3241 2826/3242 
f 2825/3239 2964/3238 2827/3243 2690/3241 
f 2690/3241 2827/3243 2966/3244 2828/3245 
f 2826/3242 2690/3241 2828/3245 2967/3246 
f 2967/3365 2828/3364 2684/3247 2829/3248 
f 2828/3364 2966/3363 2830/3249 2684/3247 
f 2684/3247 2830/3249 2953/3206 2807/3203 
f 2829/3248 2684/3247 2807/3203 2952/3202 
f 2937/3158 2831/3250 2670/3251 2785/3159 
f 2831/3250 2954/3208 2809/3207 2670/3251 
f 2670/3251 2809/3207 2953/3206 2832/3252 
f 2785/3159 2670/3251 2832/3252 2938/3160 
f 2941/3167 2833/3253 2669/3254 2789/3168 
f 2833/3253 2956/3214 2812/3213 2669/3254 
f 2669/3254 2812/3213 2954/3208 2831/3250 
f 2789/3168 2669/3254 2831/3250 2937/3158 
f 2943/3173 2834/3255 2674/3256 2792/3174 
f 2834/3255 2958/3220 2815/3219 2674/3256 
f 2674/3256 2815/3219 2956/3214 2833/3253 
f 2792/3174 2674/3256 2833/3253 2941/3167 
f 2945/3179 2835/3257 2676/3258 2795/3180 
f 2835/3257 2960/3226 2818/3225 2676/3258 
f 2676/3258 2818/3225 2958/3220 2834/3255 
f 2795/3180 2676/3258 2834/3255 2943/3173 
f 2947/3185 2836/3259 2678/3260 2798/3186 
f 2836/3259 2962/3232 2821/3231 2678/3260 
f 2678/3260 2821/3231 2960/3226 2835/3257 
f 2798/3186 2678/3260 2835/3257 2945/3179 
f 2949/3191 2837/3261 2680/3262 2801/3192 
f 2837/3261 2964/3238 2824/3237 2680/3262 
f 2680/3262 2824/3237 2962/3232 2836/3259 
f 2801/3192 2680/3262 2836/3259 2947/3185 
f 2951/3197 2838/3263 2682/3264 2804/3198 
f 2838/3263 2966/3244 2827/3243 2682/3264 
f 2682/3264 2827/3243 2964/3238 2837/3261 
f 2804/3198 2682/3264 2837/3261 2949/3191 
f 2938/3160 2832/3252 2671/3265 2806/3201 
f 2832/3252 2953/3206 2830/3249 2671/3265 
f 2671/3265 2830/3249 2966/3363 2838/3366 
f 2806/3201 2671/3265 2838/3366 2951/3362 
f 2906/3064 2839/3266 2631/3267 2738/3065 
f 2839/3266 2936/3154 2784/3157 2631/3267 
f 2631/3267 2784/3157 2939/3162 2840/3268 
f 2738/3065 2631/3267 2840/3268 2907/3066 
f 2909/3071 2841/3269 2630/3270 2741/3072 
f 2841/3269 2940/3163 2788/3166 2630/3270 
f 2630/3270 2788/3166 2936/3154 2839/3266 
f 2741/3072 2630/3270 2839/3266 2906/3064 
f 2911/3077 2842/3271 2634/3272 2744/3078 
f 2842/3271 2942/3169 2791/3172 2634/3272 
f 2634/3272 2791/3172 2940/3163 2841/3269 
f 2744/3078 2634/3272 2841/3269 2909/3071 
f 2913/3083 2843/3273 2636/3274 2747/3084 
f 2843/3273 2944/3175 2794/3178 2636/3274 
f 2636/3274 2794/3178 2942/3169 2842/3271 
f 2747/3084 2636/3274 2842/3271 2911/3077 
f 2915/3089 2844/3275 2638/3276 2750/3090 
f 2844/3275 2946/3181 2797/3184 2638/3276 
f 2638/3276 2797/3184 2944/3175 2843/3273 
f 2750/3090 2638/3276 2843/3273 2913/3083 
f 2917/3095 2845/3277 2640/3278 2753/3096 
f 2845/3277 2948/3187 2800/3190 2640/3278 
f 2640/3278 2800/3190 2946/3181 2844/3275 
f 2753/3096 2640/3278 2844/3275 2915/3089 
f 2919/3101 2846/3279 2642/3280 2756/3102 
f 2846/3279 2950/3193 2803/3196 2642/3280 
f 2642/3280 2803/3196 2948/3187 2845/3277 
f 2756/3102 2642/3280 2845/3277 2917/3095 
f 2907/3066 2840/3268 2632/3281 2758/3105 
f 2840/3268 2939/3162 2805/3200 2632/3281 
f 2632/3281 2805/3200 2950/3360 2846/3367 
f 2758/3105 2632/3281 2846/3367 2919/3356 
f 2923/3114 2847/3282 2644/3283 2760/3109 
f 2847/3282 2952/3202 2808/3205 2644/3283 
f 2644/3283 2808/3205 2955/3210 2848/3284 
f 2760/3109 2644/3283 2848/3284 2920/3106 
f 2920/3106 2848/3284 2645/3285 2764/3118 
f 2848/3284 2955/3210 2811/3212 2645/3285 
f 2645/3285 2811/3212 2957/3216 2849/3286 
f 2764/3118 2645/3285 2849/3286 2924/3115 
f 2924/3115 2849/3286 2652/3287 2767/3124 
f 2849/3286 2957/3216 2814/3218 2652/3287 
f 2652/3287 2814/3218 2959/3222 2850/3288 
f 2767/3124 2652/3287 2850/3288 2926/3121 
f 2926/3121 2850/3288 2655/3289 2770/3130 
f 2850/3288 2959/3222 2817/3224 2655/3289 
f 2655/3289 2817/3224 2961/3228 2851/3290 
f 2770/3130 2655/3289 2851/3290 2928/3127 
f 2928/3127 2851/3290 2658/3291 2773/3136 
f 2851/3290 2961/3228 2820/3230 2658/3291 
f 2658/3291 2820/3230 2963/3234 2852/3292 
f 2773/3136 2658/3291 2852/3292 2930/3133 
f 2930/3133 2852/3292 2661/3293 2776/3142 
f 2852/3292 2963/3234 2823/3236 2661/3293 
f 2661/3293 2823/3236 2965/3240 2853/3294 
f 2776/3142 2661/3293 2853/3294 2932/3139 
f 2932/3139 2853/3294 2664/3295 2779/3148 
f 2853/3294 2965/3240 2826/3242 2664/3295 
f 2664/3295 2826/3242 2967/3246 2854/3296 
f 2779/3148 2664/3295 2854/3296 2934/3145 
f 2934/3357 2854/3368 2651/3297 2781/3152 
f 2854/3368 2967/3365 2829/3248 2651/3297 
f 2651/3297 2829/3248 2952/3202 2847/3282 
f 2781/3152 2651/3297 2847/3282 2923/3114 
f 2904/3058 2855/3298 2613/3299 2735/3059 
f 2855/3298 2888/2994 2732/3052 2613/3299 
f 2613/3299 2732/3052 2902/3048 2856/3300 
f 2735/3059 2613/3299 2856/3300 2905/3062 
f 2918/3354 2857/3301 2614/3302 2757/3103 
f 2857/3301 2889/2998 2703/2995 2614/3302 
f 2614/3302 2703/2995 2888/2994 2855/3298 
f 2757/3103 2614/3302 2855/3298 2904/3058 
f 2905/3062 2856/3300 2625/3303 2739/3067 
f 2856/3300 2902/3048 2729/3046 2625/3303 
f 2625/3303 2729/3046 2900/3038 2858/3304 
f 2739/3067 2625/3303 2858/3304 2908/3069 
f 2908/3069 2858/3304 2623/3305 2742/3073 
f 2858/3304 2900/3038 2724/3036 2623/3305 
f 2623/3305 2724/3036 2898/3032 2859/3306 
f 2742/3073 2623/3305 2859/3306 2910/3075 
f 2910/3075 2859/3306 2621/3307 2745/3079 
f 2859/3306 2898/3032 2721/3030 2621/3307 
f 2621/3307 2721/3030 2896/3022 2860/3308 
f 2745/3079 2621/3307 2860/3308 2912/3081 
f 2912/3081 2860/3308 2619/3309 2748/3085 
f 2860/3308 2896/3022 2716/3020 2619/3309 
f 2619/3309 2716/3020 2894/3016 2861/3310 
f 2748/3085 2619/3309 2861/3310 2914/3087 
f 2914/3087 2861/3310 2617/3311 2751/3091 
f 2861/3310 2894/3016 2713/3014 2617/3311 
f 2617/3311 2713/3014 2892/3005 2862/3312 
f 2751/3091 2617/3311 2862/3312 2916/3093 
f 2916/3093 2862/3312 2615/3313 2754/3097 
f 2862/3312 2892/3005 2707/3003 2615/3313 
f 2615/3313 2707/3003 2889/3350 2857/3369 
f 2754/3097 2615/3313 2857/3369 2918/3099 
f 2922/3112 2761/3111 2648/3314 2863/3315 
f 2761/3111 2921/3110 2864/3316 2648/3314 
f 2648/3314 2864/3316 2968/3317 2865/3318 
f 2863/3315 2648/3314 2865/3318 2969/3319 
f 2921/3110 2765/3120 2647/3320 2864/3316 
f 2765/3120 2925/3119 2866/3321 2647/3320 
f 2647/3320 2866/3321 2970/3322 2867/3323 
f 2864/3316 2647/3320 2867/3323 2968/3317 
f 2925/3119 2768/3126 2654/3324 2866/3321 
f 2768/3126 2927/3125 2868/3325 2654/3324 
f 2654/3324 2868/3325 2971/3326 2869/3327 
f 2866/3321 2654/3324 2869/3327 2970/3322 
f 2927/3125 2771/3132 2657/3328 2868/3325 
f 2771/3132 2929/3131 2870/3329 2657/3328 
f 2657/3328 2870/3329 2972/3330 2871/3331 
f 2868/3325 2657/3328 2871/3331 2971/3326 
f 2929/3131 2774/3138 2660/3332 2870/3329 
f 2774/3138 2931/3137 2872/3333 2660/3332 
f 2660/3332 2872/3333 2973/3334 2873/3335 
f 2870/3329 2660/3332 2873/3335 2972/3330 
f 2931/3137 2777/3144 2663/3336 2872/3333 
f 2777/3144 2933/3143 2874/3337 2663/3336 
f 2663/3336 2874/3337 2974/3338 2875/3339 
f 2872/3333 2663/3336 2875/3339 2973/3334 
f 2933/3143 2780/3150 2666/3340 2874/3337 
f 2780/3150 2935/3149 2876/3341 2666/3340 
f 2666/3340 2876/3341 2975/3342 2877/3343 
f 2874/3337 2666/3340 2877/3343 2974/3338 
f 2935/3359 2782/3153 2649/3344 2876/3370 
f 2782/3153 2922/3112 2863/3315 2649/3344 
f 2649/3344 2863/3315 2969/3319 2878/3345 
f 2876/3370 2649/3344 2878/3345 2975/3371 
# 390 polygons

#
# object 2?_????___??001
#

v  35.130440 20.958351 19.107132
v  34.174438 10.687413 20.152969
v  35.130440 10.687428 19.107132
v  34.174461 10.687427 35.013763
v  34.174461 20.958351 35.013763
v  35.130791 10.687451 35.923065
v  35.130783 20.958351 35.923004
v  34.174465 10.687426 24.910416
v  35.130791 10.687451 24.910431
v  34.174465 10.687426 30.109894
v  35.130791 10.687451 30.109894
v  34.174461 19.136845 30.109894
v  35.130783 19.136845 30.109894
v  34.174461 19.136845 24.910416
v  35.130783 19.136845 24.910431
v  34.174435 20.958351 20.152588
v  14.540863 10.687427 35.013779
v  14.540863 20.958351 35.013779
v  13.584542 20.958351 35.923004
v  13.584539 10.687451 35.923065
v  14.540876 20.958351 31.662735
v  13.584715 20.958351 31.662735
v  14.055477 20.958351 20.152588
v  14.055477 20.958351 19.107132
v  14.055477 10.687428 19.107132
v  14.055477 10.687413 20.152969
v  13.584538 10.687451 31.662735
v  14.540863 10.687427 31.662735
# 28 vertices

vt 0.401360 0.981250 0.000000
vt 0.597453 0.981250 0.000000
vt 0.750000 0.981250 0.000000
vt 0.446090 0.981250 0.000000
vt 0.500000 0.981250 0.000000
vt 0.750000 0.981250 0.000000
vt 0.500000 0.981250 0.000000
vt 0.750000 0.981250 0.000000
vt 0.500000 0.981250 0.000000
vt 0.750000 0.981250 0.000000
vt 0.500000 0.981250 0.000000
vt 0.750000 0.981250 0.000000
vt 0.750000 0.981250 0.000000
vt 0.750000 0.981250 0.000000
vt 0.500000 0.981250 0.000000
vt 0.500000 0.981250 0.000000
vt 0.500000 0.981250 0.000000
vt 0.750000 0.981250 0.000000
vt 0.500000 0.981250 0.000000
vt 0.500000 0.981250 0.000000
vt 0.500000 0.981250 0.000000
vt 0.500000 0.981250 0.000000
vt 0.750000 0.981250 0.000000
vt 0.750000 0.981250 0.000000
vt 0.750000 0.981250 0.000000
vt 0.214672 1.000000 0.000000
vt 0.682005 0.000004 0.000000
vt 0.682006 1.000000 0.000000
vt 0.000001 0.785328 0.000000
vt 0.999999 0.317993 0.000000
vt 0.999999 0.785327 0.000000
vt 0.785327 1.000000 0.000000
vt 0.317994 0.000004 0.000000
vt 0.785329 0.000007 0.000000
vt 0.500000 0.981250 0.000000
vt 0.750000 0.981250 0.000000
vt 0.750000 0.981250 0.000000
vt 0.750000 0.981250 0.000000
vt 0.500000 0.981250 0.000000
vt 0.500000 0.981250 0.000000
vt 0.500000 0.981250 0.000000
vt 0.500000 0.981250 0.000000
vt 0.750000 0.981250 0.000000
vt 0.750000 0.981250 0.000000
vt 0.750000 0.981250 0.000000
vt 0.750000 0.981250 0.000000
vt 0.750000 0.981250 0.000000
vt 0.214670 0.000007 0.000000
vt -0.000001 0.317994 0.000000
vt 0.317993 1.000000 0.000000
vt 0.500000 0.981250 0.000000
vt 0.500000 0.981250 0.000000
vt 0.597453 0.981250 0.000000
vt 0.401360 0.981250 0.000000
vt 0.446090 0.981250 0.000000
vt 0.750000 0.981250 0.000000
vt 0.500000 0.981250 0.000000
vt 0.500000 0.981250 0.000000
vt 0.750000 0.981250 0.000000
vt 0.750000 0.981250 0.000000
vt 0.500000 0.981250 0.000000
vt 0.750000 0.981250 0.000000
vt 0.500000 0.981250 0.000000
vt 0.750000 0.981250 0.000000
vt 0.500000 0.981250 0.000000
vt 0.750000 0.981250 0.000000
vt 0.750000 0.981250 0.000000
vt 0.500000 0.981250 0.000000
vt 0.750000 0.981250 0.000000
vt 0.500000 0.981250 0.000000
vt 0.750000 0.981250 0.000000
vt 0.500000 0.981250 0.000000
vt 0.500000 0.981250 0.000000
vt 0.750000 0.981250 0.000000
vt 0.500000 0.981250 0.000000
vt 0.500000 0.981250 0.000000
vt 0.750000 0.981250 0.000000
vt 0.750000 0.981250 0.000000
vt 0.750000 0.981250 0.000000
vt 0.750000 0.981250 0.000000
vt 0.500000 0.981250 0.000000
vt 0.500000 0.981250 0.000000
# 82 texture coords

o 2?_????___??001
g 2?_????___??001
f 2976/3372 2999/3425 2998/3424 2991/3373 
f 2977/3374 3001/3427 3000/3426 2978/3375 
f 2992/3428 2993/3429 2980/3406 2979/3376 
f 2982/3384 2976/3383 2991/3422 2980/3382 
f 2983/3387 2977/3386 2978/3408 2984/3385 
f 2985/3390 2986/3389 2981/3409 2979/3388 
f 2989/3399 2983/3398 2984/3419 2990/3397 
f 2988/3402 2987/3401 2989/3420 2990/3400 
f 2986/3405 2985/3404 2987/3421 2988/3403 
f 2983/3412 2989/3411 2991/3423 2977/3410 
f 2984/3416 2978/3415 2976/3417 2990/3414 
f 2976/3417 2982/3396 2988/3394 2990/3414 
f 2989/3411 2987/3391 2980/3413 2991/3423 
f 2982/3396 2981/3395 2986/3418 2988/3394 
f 2987/3391 2985/3393 2979/3392 2980/3413 
f 2998/3424 3001/3436 2977/3410 2991/3373 
f 2995/3431 2981/3407 2982/3379 2994/3430 
f 2996/3446 2997/3448 2994/3433 2993/3432 
f 2995/3435 3002/3450 3003/3452 2992/3434 
f 2995/3442 2992/3443 2979/3378 2981/3377 
f 2993/3444 2994/3445 2982/3381 2980/3380 
f 3000/3426 2999/3437 2976/3417 2978/3375 
f 3002/3451 2995/3440 2994/3438 2997/3449 
f 2996/3447 2993/3439 2992/3441 3003/3453 
# 24 polygons

#
# object ???008
#

v  34.174797 19.140760 24.917431
v  34.464752 19.140760 24.917431
v  34.464752 19.140762 30.110386
v  34.174797 19.140760 30.109161
v  34.174797 10.688331 24.917431
v  34.174797 10.688333 30.109161
v  34.464752 10.688328 24.917431
v  34.464752 10.688329 30.110386
v  34.155857 17.379021 30.156456
v  34.187561 17.379021 30.143326
v  34.200691 17.379021 30.111622
v  34.187561 17.379021 30.079920
v  34.155857 17.379021 30.066788
v  34.124157 17.379021 30.079920
v  34.111023 17.379021 30.111622
v  34.124157 17.379021 30.143326
v  34.155857 17.940809 30.156456
v  34.187561 17.940809 30.143326
v  34.200691 17.940809 30.111622
v  34.187561 17.940809 30.079920
v  34.155857 17.940809 30.066788
v  34.124157 17.940809 30.079920
v  34.111023 17.940809 30.111622
v  34.124157 17.940809 30.143326
v  34.155857 16.175558 30.156456
v  34.187561 16.175558 30.143326
v  34.200691 16.175558 30.111622
v  34.187561 16.175558 30.079920
v  34.155857 16.175558 30.066788
v  34.124157 16.175558 30.079920
v  34.111023 16.175558 30.111622
v  34.124157 16.175558 30.143326
v  34.155857 16.737349 30.156456
v  34.187561 16.737349 30.143326
v  34.200691 16.737349 30.111622
v  34.187561 16.737349 30.079920
v  34.155857 16.737349 30.066788
v  34.124157 16.737349 30.079920
v  34.111023 16.737349 30.111622
v  34.124157 16.737349 30.143326
v  34.155857 12.014170 30.156456
v  34.187561 12.014170 30.143326
v  34.200691 12.014170 30.111622
v  34.187561 12.014170 30.079920
v  34.155857 12.014170 30.066788
v  34.124157 12.014170 30.079920
v  34.111023 12.014170 30.111622
v  34.124157 12.014170 30.143326
v  34.155857 12.575960 30.156456
v  34.187561 12.575960 30.143326
v  34.200691 12.575960 30.111622
v  34.187561 12.575960 30.079920
v  34.155857 12.575960 30.066788
v  34.124157 12.575960 30.079920
v  34.111023 12.575960 30.111622
v  34.124157 12.575960 30.143326
v  34.106529 14.796040 25.594414
v  34.106529 14.696488 25.693964
v  34.106529 14.555703 25.693964
v  34.106529 14.796040 25.453629
v  34.106529 14.696488 25.354078
v  34.106529 14.555703 25.354078
v  34.106529 14.456154 25.453629
v  34.106529 14.456154 25.594414
v  34.105003 14.713211 25.560104
v  34.105003 14.662181 25.611137
v  34.105003 14.590012 25.611137
v  34.105003 14.713211 25.487936
v  34.105003 14.662181 25.436905
v  34.105003 14.590012 25.436905
v  34.105003 14.538980 25.487936
v  34.105003 14.538980 25.560104
v  33.962448 14.639219 25.555702
v  33.962448 14.657778 25.537144
v  33.962448 14.657778 25.510899
v  33.962448 14.639219 25.492340
v  33.962448 14.612973 25.492340
v  33.962448 14.594414 25.510899
v  33.962448 14.594414 25.537144
v  33.962448 14.612973 25.555702
v  33.969582 14.606411 25.571545
v  33.969582 14.645781 25.571545
v  33.969582 14.673619 25.543705
v  33.969582 14.673619 25.504337
v  33.969582 14.645781 25.476498
v  33.969582 14.606411 25.476498
v  33.969582 14.578573 25.504337
v  33.969582 14.578573 25.543705
v  34.086960 14.713211 25.560104
v  34.086960 14.662181 25.611137
v  34.086960 14.590012 25.611137
v  34.086960 14.713211 25.487936
v  34.086960 14.662181 25.436905
v  34.086960 14.590012 25.436905
v  34.086960 14.538980 25.487936
v  34.086960 14.538980 25.560104
v  34.050247 14.662181 26.046371
v  34.070007 14.662181 25.828754
v  34.050247 14.698265 25.813808
v  34.010719 14.698265 25.813808
v  34.010719 14.662181 26.046371
v  34.010719 14.590012 26.046371
v  34.050247 14.590012 26.046371
v  34.070007 14.590012 25.828754
v  34.050247 14.713211 25.560104
v  34.050247 14.713211 25.487936
v  34.010719 14.713211 25.487936
v  34.010719 14.713211 25.560104
v  34.050247 14.662181 25.436905
v  34.010719 14.662181 25.436905
v  34.050247 14.590012 25.436905
v  34.010719 14.590012 25.436905
v  34.050247 14.538980 25.487936
v  34.010719 14.538980 25.487936
v  34.050247 14.538980 25.560104
v  34.010719 14.538980 25.560104
v  34.050247 14.553927 25.813808
v  34.010719 14.553927 25.813808
v  33.990959 14.662181 25.828754
v  33.990959 14.590012 25.828754
v  33.983833 14.673619 25.543705
v  33.983833 14.645781 25.571545
v  33.983833 14.606411 25.571545
v  33.983833 14.673619 25.504337
v  33.983833 14.645781 25.476498
v  33.983833 14.606411 25.476498
v  33.983833 14.578573 25.504337
v  33.983833 14.578573 25.543705
v  34.179050 14.698265 25.698252
v  34.115868 14.697821 25.697180
v  34.179050 14.800326 25.596189
v  34.115868 14.799255 25.595745
v  34.179050 14.800326 25.451853
v  34.115868 14.799255 25.452297
v  34.179050 14.698265 25.349791
v  34.115868 14.697821 25.350863
v  34.179050 14.553927 25.349791
v  34.115868 14.554371 25.350863
v  34.179050 14.451865 25.451853
v  34.115868 14.452937 25.452297
v  34.179050 14.451865 25.596189
v  34.115868 14.452937 25.595745
v  34.179050 14.553927 25.698252
v  34.115868 14.554371 25.697180
v  34.106197 14.691090 25.680931
v  34.105812 14.666247 25.620955
v  34.106197 14.783005 25.589016
v  34.105812 14.723029 25.564173
v  34.106197 14.783005 25.459026
v  34.105812 14.723029 25.483870
v  34.106197 14.691090 25.367111
v  34.105812 14.666247 25.427088
v  34.106197 14.561101 25.367111
v  34.105812 14.585944 25.427088
v  34.106197 14.469187 25.459026
v  34.105812 14.529163 25.483870
v  34.106197 14.469187 25.589016
v  34.105812 14.529163 25.564173
v  34.106197 14.561101 25.680931
v  34.105812 14.585944 25.620955
v  33.962448 14.626097 25.555473
v  33.962448 14.648335 25.546261
v  33.965012 14.643418 25.565842
v  33.962448 14.657547 25.524021
v  33.965012 14.667916 25.541344
v  33.962448 14.648335 25.501781
v  33.965012 14.667916 25.506699
v  33.962448 14.626097 25.492569
v  33.965012 14.643418 25.482201
v  33.962448 14.603857 25.501781
v  33.965012 14.608774 25.482201
v  33.962448 14.594644 25.524021
v  33.965012 14.584276 25.506699
v  33.962448 14.603857 25.546261
v  33.965012 14.584276 25.541344
v  33.965012 14.608774 25.565842
v  34.106529 14.756573 25.654497
v  34.106529 14.626097 25.708542
v  34.106529 14.810617 25.524021
v  34.106529 14.756573 25.393545
v  34.106529 14.626097 25.339499
v  34.106529 14.495620 25.393545
v  34.106529 14.441574 25.524021
v  34.106529 14.495620 25.654497
v  34.105003 14.626097 25.618610
v  34.105003 14.692981 25.590906
v  34.105003 14.720685 25.524021
v  34.105003 14.692981 25.457136
v  34.105003 14.626097 25.429432
v  34.105003 14.559211 25.457136
v  34.105003 14.531507 25.524021
v  34.105003 14.559211 25.590906
v  34.050247 14.689244 25.980757
v  34.065063 14.662181 25.991968
v  34.050247 14.626097 26.053844
v  34.050247 14.720685 25.524021
v  34.069305 14.713211 25.560104
v  34.050247 14.702002 25.641573
v  34.050247 14.692981 25.457136
v  34.069305 14.713211 25.487936
v  34.050247 14.626097 25.429432
v  34.069305 14.662181 25.436905
v  34.050247 14.559211 25.457136
v  34.069305 14.590012 25.436905
v  34.050247 14.531507 25.524021
v  34.069305 14.538980 25.487936
v  34.050247 14.550190 25.641573
v  34.069305 14.538980 25.560104
v  34.065063 14.590012 25.991968
v  34.050247 14.562948 25.980757
v  33.990959 14.660130 25.660591
v  33.995899 14.689244 25.817545
v  33.990959 14.626097 25.836227
v  33.995899 14.662181 25.991968
v  33.990959 14.592062 25.660591
v  33.995899 14.562948 25.817545
v  33.995899 14.590012 25.991968
v  34.010719 14.550190 25.641573
v  34.010719 14.562948 25.980757
v  34.074242 14.590012 25.665541
v  34.065063 14.562948 25.817545
v  34.070007 14.626097 25.836227
v  34.074242 14.662181 25.665541
v  34.065063 14.689244 25.817545
v  34.086960 14.692981 25.590906
v  34.086960 14.626097 25.618610
v  34.086960 14.720685 25.524021
v  34.086960 14.692981 25.457136
v  34.086960 14.626097 25.429432
v  34.086960 14.559211 25.457136
v  34.086960 14.531507 25.524021
v  34.086960 14.559211 25.590906
v  34.010719 14.689244 25.980757
v  34.010719 14.626097 26.053844
v  34.010719 14.720685 25.524021
v  33.995899 14.708262 25.558056
v  34.010719 14.702002 25.641573
v  34.010719 14.692981 25.457136
v  33.995899 14.708262 25.489986
v  34.010719 14.626097 25.429432
v  33.995899 14.660130 25.441854
v  34.010719 14.559211 25.457136
v  33.995899 14.592062 25.441854
v  34.010719 14.531507 25.524021
v  33.995899 14.543929 25.489986
v  33.995899 14.543929 25.558056
v  33.989178 14.647830 25.576492
v  33.989178 14.678568 25.545755
v  33.989178 14.678568 25.502287
v  33.989178 14.647830 25.471550
v  33.989178 14.604362 25.471550
v  33.989178 14.573625 25.502287
v  33.989178 14.573625 25.545755
v  33.989178 14.604362 25.576492
v  33.983833 14.626097 25.575621
v  33.983833 14.662582 25.560507
v  33.983833 14.677696 25.524021
v  33.983833 14.662582 25.487534
v  33.983833 14.626097 25.472422
v  33.983833 14.589610 25.487534
v  33.983833 14.574496 25.524021
v  33.983833 14.589610 25.560507
v  33.969582 14.662582 25.560507
v  33.969582 14.626097 25.575621
v  33.969582 14.677696 25.524021
v  33.969582 14.662582 25.487534
v  33.969582 14.626097 25.472422
v  33.969582 14.589610 25.487534
v  33.969582 14.574496 25.524021
v  33.969582 14.589610 25.560507
v  34.106197 14.626097 25.353651
v  34.115868 14.759041 25.656967
v  34.115868 14.626097 25.712034
v  34.115868 14.814109 25.524021
v  34.115868 14.759041 25.391075
v  34.115868 14.626097 25.336008
v  34.115868 14.493151 25.391075
v  34.115868 14.438083 25.524021
v  34.115868 14.493151 25.656967
v  34.106197 14.626097 25.694391
v  34.106197 14.746566 25.644491
v  34.105812 14.700518 25.598442
v  34.105812 14.626097 25.629269
v  34.106197 14.796466 25.524021
v  34.105812 14.731344 25.524021
v  34.106197 14.746566 25.403551
v  34.105812 14.700518 25.449598
v  34.105812 14.626097 25.418774
v  34.106197 14.505625 25.403551
v  34.105812 14.551674 25.449598
v  34.106197 14.455726 25.524021
v  34.105812 14.520847 25.524021
v  34.106197 14.505625 25.644491
v  34.105812 14.551674 25.598442
v  33.962448 14.626097 25.524021
v  33.964233 14.626097 25.570160
v  33.964233 14.658722 25.556646
v  33.964233 14.672235 25.524021
v  33.964233 14.658722 25.491396
v  33.964233 14.626097 25.477880
v  33.964233 14.593471 25.491396
v  33.964233 14.579956 25.524021
v  33.964233 14.593471 25.556646
v  33.989178 14.666382 25.483734
v  34.061226 14.682226 25.941349
v  34.065063 14.626097 25.999441
v  34.069305 14.720685 25.524021
v  34.069557 14.694883 25.627626
v  34.069305 14.692981 25.457136
v  34.069305 14.626097 25.429432
v  34.069305 14.559211 25.457136
v  34.069305 14.531507 25.524021
v  34.069557 14.557309 25.627626
v  34.061226 14.569964 25.941349
v  33.994122 14.692451 25.625195
v  33.990959 14.626097 25.667641
v  33.995899 14.626097 25.999441
v  33.999741 14.682226 25.941349
v  33.994122 14.559741 25.625195
v  33.999741 14.569964 25.941349
v  34.074242 14.626097 25.673014
v  33.995899 14.715311 25.524021
v  33.995899 14.689180 25.460936
v  33.995899 14.626097 25.434807
v  33.995899 14.563011 25.460936
v  33.995899 14.536880 25.524021
v  33.989178 14.666382 25.564308
v  33.989178 14.626097 25.580994
v  33.989178 14.683069 25.524021
v  33.989178 14.626097 25.467047
v  33.989178 14.585810 25.483734
v  33.989178 14.569122 25.524021
v  33.989178 14.585810 25.564308
v  34.179050 14.759864 25.657789
v  34.179050 14.815273 25.524021
v  34.179050 14.759864 25.390253
v  34.179050 14.626097 25.334843
v  34.179050 14.492328 25.390253
v  34.179050 14.492328 25.657789
v  34.179050 14.436918 25.524021
v  34.179050 14.626097 25.713200
v  34.532402 14.796040 25.594414
v  34.532402 14.696488 25.693964
v  34.532402 14.555704 25.693964
v  34.532402 14.796040 25.453629
v  34.532402 14.696488 25.354078
v  34.532402 14.555703 25.354078
v  34.532402 14.456154 25.453629
v  34.532402 14.456154 25.594414
v  34.533932 14.713212 25.560106
v  34.533932 14.662181 25.611137
v  34.533932 14.590012 25.611137
v  34.533932 14.713212 25.487938
v  34.533932 14.662181 25.436907
v  34.533932 14.590012 25.436907
v  34.533932 14.538980 25.487938
v  34.533932 14.538980 25.560106
v  34.676483 14.639219 25.555704
v  34.676483 14.657778 25.537146
v  34.676483 14.657778 25.510899
v  34.676483 14.639219 25.492340
v  34.676483 14.612973 25.492340
v  34.676483 14.594414 25.510899
v  34.676483 14.594414 25.537146
v  34.676483 14.612973 25.555704
v  34.669357 14.606411 25.571545
v  34.669357 14.645781 25.571545
v  34.669357 14.673619 25.543707
v  34.669357 14.673619 25.504337
v  34.669357 14.645781 25.476500
v  34.669357 14.606411 25.476500
v  34.669357 14.578573 25.504337
v  34.669357 14.578573 25.543707
v  34.551971 14.713212 25.560106
v  34.551971 14.662181 25.611137
v  34.551971 14.590012 25.611137
v  34.551971 14.713212 25.487938
v  34.551971 14.662181 25.436907
v  34.551971 14.590012 25.436907
v  34.551971 14.538980 25.487938
v  34.551971 14.538980 25.560106
v  34.588684 14.662181 26.046373
v  34.568924 14.662181 25.828754
v  34.588684 14.698265 25.813808
v  34.628208 14.698265 25.813808
v  34.628208 14.662181 26.046373
v  34.628208 14.590012 26.046373
v  34.588684 14.590012 26.046373
v  34.568924 14.590012 25.828754
v  34.588684 14.713212 25.560106
v  34.588684 14.713212 25.487938
v  34.628208 14.713212 25.487938
v  34.628208 14.713212 25.560106
v  34.588684 14.662181 25.436907
v  34.628208 14.662181 25.436907
v  34.588684 14.590012 25.436907
v  34.628208 14.590012 25.436907
v  34.588684 14.538980 25.487938
v  34.628208 14.538980 25.487938
v  34.588684 14.538980 25.560106
v  34.628208 14.538980 25.560106
v  34.588684 14.553927 25.813808
v  34.628208 14.553927 25.813808
v  34.647972 14.662181 25.828754
v  34.647972 14.590012 25.828754
v  34.655098 14.673619 25.543707
v  34.655098 14.645781 25.571545
v  34.655098 14.606411 25.571545
v  34.655098 14.673619 25.504337
v  34.655098 14.645781 25.476500
v  34.655098 14.606411 25.476500
v  34.655098 14.578573 25.504337
v  34.655098 14.578573 25.543707
v  34.459877 14.698265 25.698254
v  34.523064 14.697821 25.697182
v  34.459877 14.800326 25.596191
v  34.523064 14.799255 25.595747
v  34.459877 14.800326 25.451853
v  34.523064 14.799255 25.452297
v  34.459877 14.698265 25.349791
v  34.523064 14.697821 25.350863
v  34.459877 14.553927 25.349791
v  34.523064 14.554371 25.350863
v  34.459877 14.451865 25.451853
v  34.523064 14.452937 25.452297
v  34.459877 14.451865 25.596191
v  34.523064 14.452937 25.595747
v  34.459877 14.553927 25.698254
v  34.523064 14.554371 25.697182
v  34.532738 14.691090 25.680931
v  34.533119 14.666247 25.620955
v  34.532738 14.783005 25.589016
v  34.533119 14.723029 25.564173
v  34.532738 14.783005 25.459028
v  34.533119 14.723029 25.483871
v  34.532738 14.691090 25.367113
v  34.533119 14.666247 25.427090
v  34.532738 14.561101 25.367113
v  34.533119 14.585944 25.427090
v  34.532738 14.469187 25.459028
v  34.533119 14.529163 25.483871
v  34.532738 14.469187 25.589016
v  34.533119 14.529163 25.564173
v  34.532738 14.561101 25.680931
v  34.533119 14.585944 25.620955
v  34.676483 14.626097 25.555473
v  34.676483 14.648335 25.546261
v  34.673916 14.643419 25.565842
v  34.676483 14.657547 25.524021
v  34.673916 14.667916 25.541344
v  34.676483 14.648335 25.501783
v  34.673916 14.667916 25.506699
v  34.676483 14.626097 25.492571
v  34.673916 14.643419 25.482203
v  34.676483 14.603857 25.501783
v  34.673916 14.608774 25.482203
v  34.676483 14.594644 25.524021
v  34.673916 14.584276 25.506699
v  34.676483 14.603857 25.546261
v  34.673916 14.584276 25.541344
v  34.673916 14.608774 25.565842
v  34.532402 14.756573 25.654499
v  34.532402 14.626097 25.708544
v  34.532402 14.810617 25.524021
v  34.532402 14.756573 25.393545
v  34.532402 14.626097 25.339500
v  34.532402 14.495620 25.393545
v  34.532402 14.441574 25.524021
v  34.532402 14.495620 25.654499
v  34.533932 14.626097 25.618610
v  34.533932 14.692981 25.590906
v  34.533932 14.720685 25.524021
v  34.533932 14.692981 25.457138
v  34.533932 14.626097 25.429434
v  34.533932 14.559211 25.457138
v  34.533932 14.531507 25.524021
v  34.533932 14.559211 25.590906
v  34.588684 14.689244 25.980759
v  34.573864 14.662181 25.991968
v  34.588684 14.626097 26.053846
v  34.588684 14.720685 25.524021
v  34.569626 14.713212 25.560106
v  34.588684 14.702002 25.641575
v  34.588684 14.692981 25.457138
v  34.569626 14.713212 25.487938
v  34.588684 14.626097 25.429434
v  34.569626 14.662181 25.436907
v  34.588684 14.559211 25.457138
v  34.569626 14.590012 25.436907
v  34.588684 14.531507 25.524021
v  34.569626 14.538980 25.487938
v  34.588684 14.550190 25.641575
v  34.569626 14.538980 25.560106
v  34.573864 14.590012 25.991968
v  34.588684 14.562948 25.980759
v  34.647972 14.660130 25.660593
v  34.643028 14.689244 25.817545
v  34.647972 14.626097 25.836227
v  34.643028 14.662181 25.991968
v  34.647972 14.592062 25.660593
v  34.643028 14.562948 25.817545
v  34.643028 14.590012 25.991968
v  34.628208 14.550190 25.641575
v  34.628208 14.562948 25.980759
v  34.564686 14.590012 25.665543
v  34.573864 14.562948 25.817545
v  34.568924 14.626097 25.836227
v  34.564686 14.662181 25.665543
v  34.573864 14.689244 25.817545
v  34.551971 14.692981 25.590906
v  34.551971 14.626097 25.618610
v  34.551971 14.720685 25.524021
v  34.551971 14.692981 25.457138
v  34.551971 14.626097 25.429434
v  34.551971 14.559211 25.457138
v  34.551971 14.531507 25.524021
v  34.551971 14.559211 25.590906
v  34.628208 14.689244 25.980759
v  34.628208 14.626097 26.053846
v  34.628208 14.720685 25.524021
v  34.643028 14.708262 25.558056
v  34.628208 14.702002 25.641575
v  34.628208 14.692981 25.457138
v  34.643028 14.708262 25.489988
v  34.628208 14.626097 25.429434
v  34.643028 14.660130 25.441856
v  34.628208 14.559211 25.457138
v  34.643028 14.592062 25.441856
v  34.628208 14.531507 25.524021
v  34.643028 14.543929 25.489988
v  34.643028 14.543929 25.558056
v  34.649754 14.647830 25.576494
v  34.649754 14.678568 25.545757
v  34.649754 14.678568 25.502287
v  34.649754 14.647830 25.471550
v  34.649754 14.604362 25.471550
v  34.649754 14.573625 25.502287
v  34.649754 14.573625 25.545757
v  34.649754 14.604362 25.576494
v  34.655098 14.626097 25.575623
v  34.655098 14.662582 25.560509
v  34.655098 14.677696 25.524021
v  34.655098 14.662582 25.487535
v  34.655098 14.626097 25.472422
v  34.655098 14.589610 25.487535
v  34.655098 14.574496 25.524021
v  34.655098 14.589610 25.560509
v  34.669357 14.662582 25.560509
v  34.669357 14.626097 25.575623
v  34.669357 14.677696 25.524021
v  34.669357 14.662582 25.487535
v  34.669357 14.626097 25.472422
v  34.669357 14.589610 25.487535
v  34.669357 14.574496 25.524021
v  34.669357 14.589610 25.560509
v  34.532738 14.626097 25.353653
v  34.523064 14.759041 25.656967
v  34.523064 14.626097 25.712036
v  34.523064 14.814109 25.524021
v  34.523064 14.759041 25.391077
v  34.523064 14.626097 25.336008
v  34.523064 14.493151 25.391077
v  34.523064 14.438083 25.524021
v  34.523064 14.493151 25.656967
v  34.532738 14.626097 25.694391
v  34.532738 14.746566 25.644491
v  34.533119 14.700518 25.598444
v  34.533119 14.626097 25.629271
v  34.532738 14.796466 25.524021
v  34.533119 14.731344 25.524021
v  34.532738 14.746566 25.403551
v  34.533119 14.700518 25.449600
v  34.533119 14.626097 25.418774
v  34.532738 14.505625 25.403551
v  34.533119 14.551674 25.449600
v  34.532738 14.455726 25.524021
v  34.533119 14.520847 25.524021
v  34.532738 14.505625 25.644491
v  34.533119 14.551674 25.598444
v  34.676483 14.626097 25.524021
v  34.674702 14.626097 25.570162
v  34.674702 14.658722 25.556648
v  34.674702 14.672236 25.524021
v  34.674702 14.658722 25.491396
v  34.674702 14.626097 25.477882
v  34.674702 14.593471 25.491396
v  34.674702 14.579956 25.524021
v  34.674702 14.593471 25.556648
v  34.649754 14.666382 25.483736
v  34.577705 14.682226 25.941351
v  34.573864 14.626097 25.999441
v  34.569626 14.720685 25.524021
v  34.569374 14.694883 25.627628
v  34.569626 14.692981 25.457138
v  34.569626 14.626097 25.429434
v  34.569626 14.559211 25.457138
v  34.569626 14.531507 25.524021
v  34.569374 14.557309 25.627628
v  34.577705 14.569964 25.941351
v  34.644810 14.692451 25.625196
v  34.647972 14.626097 25.667641
v  34.643028 14.626097 25.999441
v  34.639187 14.682226 25.941351
v  34.644810 14.559741 25.625196
v  34.639187 14.569964 25.941351
v  34.564686 14.626097 25.673016
v  34.643028 14.715311 25.524021
v  34.643028 14.689180 25.460938
v  34.643028 14.626097 25.434807
v  34.643028 14.563011 25.460938
v  34.643028 14.536881 25.524021
v  34.649754 14.666382 25.564308
v  34.649754 14.626097 25.580996
v  34.649754 14.683069 25.524021
v  34.649754 14.626097 25.467049
v  34.649754 14.585810 25.483736
v  34.649754 14.569123 25.524021
v  34.649754 14.585810 25.564308
v  34.459877 14.759864 25.657791
v  34.459877 14.815273 25.524021
v  34.459877 14.759864 25.390253
v  34.459877 14.626097 25.334845
v  34.459877 14.492328 25.390253
v  34.459877 14.492328 25.657791
v  34.459877 14.436918 25.524021
v  34.459877 14.626097 25.713200
# 626 vertices

vt 0.250000 0.000000 0.000000
vt 0.250000 0.031250 0.000000
vt 0.750000 0.031250 0.000000
vt 0.750000 0.000000 0.000000
vt 0.125000 0.000000 0.000000
vt 0.500000 0.000000 0.000000
vt 0.140625 0.031250 0.000000
vt 0.531250 0.031250 0.000000
vt 0.750000 0.000000 1.000000
vt 0.875000 0.000000 1.000000
vt 0.000000 0.000000 1.000000
vt 0.125000 0.000000 1.000000
vt 0.250000 0.000000 1.000000
vt 0.375000 0.000000 1.000000
vt 0.500000 0.000000 1.000000
vt 0.625000 0.000000 1.000000
vt 0.750000 1.000000 1.000000
vt 0.875000 1.000000 1.000000
vt 0.000000 1.000000 1.000000
vt 0.125000 1.000000 1.000000
vt 0.250000 1.000000 1.000000
vt 0.375000 1.000000 1.000000
vt 0.500000 1.000000 1.000000
vt 0.625000 1.000000 1.000000
vt -0.125000 0.000000 1.000000
vt -0.125000 1.000000 1.000000
vt 0.780330 0.000000 0.414214
vt 0.521447 0.000000 -0.414214
vt 0.250000 0.000000 -1.000000
vt 0.125000 0.000000 -1.000000
vt 0.219670 0.000000 -0.414214
vt 0.478553 0.000000 0.414213
vt 0.780330 1.000000 0.414214
vt 0.521447 1.000000 -0.414213
vt 0.250000 1.000000 -1.000000
vt 0.125000 1.000000 -1.000000
vt 0.219670 1.000000 -0.414214
vt 0.750000 0.000000 1.000000
vt 0.875000 0.000000 1.000000
vt 0.000000 0.000000 1.000000
vt 0.125000 0.000000 1.000000
vt 0.250000 0.000000 1.000000
vt 0.375000 0.000000 1.000000
vt 0.500000 0.000000 1.000000
vt 0.625000 0.000000 1.000000
vt 0.750000 1.000000 1.000000
vt 0.875000 1.000000 1.000000
vt 0.000000 1.000000 1.000000
vt 0.125000 1.000000 1.000000
vt 0.250000 1.000000 1.000000
vt 0.375000 1.000000 1.000000
vt 0.500000 1.000000 1.000000
vt 0.625000 1.000000 1.000000
vt -0.125000 0.000000 1.000000
vt -0.125000 1.000000 1.000000
vt 0.780330 0.000000 0.414214
vt 0.521447 0.000000 -0.414214
vt 0.250000 0.000000 -1.000000
vt 0.125000 0.000000 -1.000000
vt 0.219670 0.000000 -0.414214
vt 0.478553 0.000000 0.414213
vt 0.780330 1.000000 0.414214
vt 0.521447 1.000000 -0.414213
vt 0.250000 1.000000 -1.000000
vt 0.125000 1.000000 -1.000000
vt 0.219670 1.000000 -0.414214
vt 0.750000 0.000000 1.000000
vt 0.875000 0.000000 1.000000
vt 0.000000 0.000000 1.000000
vt 0.125000 0.000000 1.000000
vt 0.250000 0.000000 1.000000
vt 0.375000 0.000000 1.000000
vt 0.500000 0.000000 1.000000
vt 0.625000 0.000000 1.000000
vt 0.750000 1.000000 1.000000
vt 0.875000 1.000000 1.000000
vt 0.000000 1.000000 1.000000
vt 0.125000 1.000000 1.000000
vt 0.250000 1.000000 1.000000
vt 0.375000 1.000000 1.000000
vt 0.500000 1.000000 1.000000
vt 0.625000 1.000000 1.000000
vt -0.125000 0.000000 1.000000
vt -0.125000 1.000000 1.000000
vt 0.780330 0.000000 0.414214
vt 0.521447 0.000000 -0.414214
vt 0.250000 0.000000 -1.000000
vt 0.125000 0.000000 -1.000000
vt 0.219670 0.000000 -0.414214
vt 0.478553 0.000000 0.414213
vt 0.780330 1.000000 0.414214
vt 0.521447 1.000000 -0.414213
vt 0.250000 1.000000 -1.000000
vt 0.125000 1.000000 -1.000000
vt 0.219670 1.000000 -0.414214
vt 0.750000 0.000000 1.000000
vt 0.812500 0.000000 1.000000
vt 0.875000 0.000000 1.000000
vt 0.875000 0.987854 1.000000
vt 0.812500 0.865890 0.993847
vt 0.750000 0.865890 0.993847
vt -0.125000 0.000000 1.000000
vt -0.062500 0.000000 1.000000
vt 0.000000 0.000000 1.000000
vt 0.000000 0.987854 1.000000
vt -0.062500 0.987854 1.000000
vt -0.125000 0.987854 1.000000
vt 0.062500 0.000000 1.000000
vt 0.125000 0.000000 1.000000
vt 0.125000 0.865890 0.993847
vt 0.062500 0.865890 0.993847
vt 0.187500 0.000000 1.000000
vt 0.250000 0.000000 1.000000
vt 0.250000 0.865890 0.993847
vt 0.187500 0.865890 0.993847
vt 0.312500 0.000000 1.000000
vt 0.375000 0.000000 1.000000
vt 0.375000 0.865890 0.993847
vt 0.312500 0.865890 0.993847
vt 0.437500 0.000000 1.000000
vt 0.500000 0.000000 1.000000
vt 0.500000 0.865890 0.993847
vt 0.437500 0.865890 0.993847
vt 0.562500 0.000000 1.000000
vt 0.625000 0.000000 1.000000
vt 0.625000 0.865890 0.993847
vt 0.562500 0.865890 0.993847
vt 0.687500 0.000000 1.000000
vt 0.687500 0.865890 0.993847
vt 0.750000 0.998482 0.900582
vt 0.812500 0.998482 0.900582
vt 0.875000 1.000000 0.950777
vt 0.875000 1.000000 0.556347
vt 0.812500 1.000000 0.556347
vt 0.750000 1.000000 0.556347
vt -0.125000 1.000000 0.950777
vt -0.062500 0.997977 0.899823
vt 0.000000 1.000000 0.950777
vt 0.000000 1.000000 0.556347
vt -0.062500 1.000000 0.556347
vt -0.125000 1.000000 0.556347
vt 0.062500 0.998482 0.900582
vt 0.125000 0.998482 0.900582
vt 0.125000 1.000000 0.556347
vt 0.062500 1.000000 0.556347
vt 0.187500 0.998482 0.900582
vt 0.250000 0.998482 0.900582
vt 0.250000 1.000000 0.556347
vt 0.187500 1.000000 0.556347
vt 0.312500 0.998482 0.900582
vt 0.375000 0.998482 0.900582
vt 0.375000 1.000000 0.556347
vt 0.312500 1.000000 0.556347
vt 0.437500 0.998482 0.900582
vt 0.500000 0.998482 0.900582
vt 0.500000 1.000000 0.556347
vt 0.437500 1.000000 0.556347
vt 0.562500 0.998482 0.900582
vt 0.625000 0.998482 0.900582
vt 0.625000 1.000000 0.556347
vt 0.562500 1.000000 0.556347
vt 0.687500 0.998482 0.900582
vt 0.687500 1.000000 0.556347
vt 0.500000 1.000000 0.104167
vt 0.645833 1.000000 0.291667
vt 0.708333 1.000000 0.333333
vt 0.687500 1.000000 0.291667
vt 0.723958 1.000000 0.447917
vt 0.786458 1.000000 0.458333
vt 0.875000 1.000000 0.447917
vt 0.187500 1.000000 0.291667
vt 0.125000 1.000000 0.333333
vt 0.208333 1.000000 0.291667
vt -0.125000 1.000000 0.447917
vt -0.015625 1.000000 0.458333
vt 0.052083 1.000000 0.447917
vt 0.208333 1.000000 0.333333
vt 0.281250 1.000000 0.291667
vt 0.098958 1.000000 0.458333
vt 0.164063 1.000000 0.447917
vt 0.291667 1.000000 0.333333
vt 0.354167 1.000000 0.291667
vt 0.213542 1.000000 0.458333
vt 0.276042 1.000000 0.447917
vt 0.375000 1.000000 0.333333
vt 0.427083 1.000000 0.291667
vt 0.328125 1.000000 0.458333
vt 0.388021 1.000000 0.447917
vt 0.458333 1.000000 0.333333
vt 0.500000 1.000000 0.291667
vt 0.442708 1.000000 0.458333
vt 0.500000 1.000000 0.447917
vt 0.541667 1.000000 0.333333
vt 0.572917 1.000000 0.291667
vt 0.557292 1.000000 0.458333
vt 0.611979 1.000000 0.447917
vt 0.625000 1.000000 0.333333
vt 0.671875 1.000000 0.458333
vt 0.875000 0.993927 0.975388
vt 0.812500 0.993927 0.975388
vt 0.750000 0.993927 0.975388
vt 0.000380 0.983818 0.993927
vt 0.000190 0.991909 0.972352
vt -0.062500 0.991909 0.972352
vt -0.062500 0.983818 0.993927
vt -0.125380 0.991909 0.972352
vt -0.125759 0.983818 0.993927
vt 0.125000 0.993927 0.975388
vt 0.062500 0.993927 0.975388
vt 0.000000 0.993927 0.975388
vt 0.250000 0.993927 0.975388
vt 0.187500 0.993927 0.975388
vt 0.375000 0.993927 0.975388
vt 0.312500 0.993927 0.975388
vt 0.500000 0.993927 0.975388
vt 0.437500 0.993927 0.975388
vt 0.625000 0.993927 0.975388
vt 0.562500 0.993927 0.975388
vt 0.687500 0.993927 0.975388
vt 0.812500 1.000000 0.500000
vt 0.750000 1.000000 0.500000
vt 0.875000 1.000000 0.500000
vt -0.062500 1.000000 0.500000
vt -0.125000 1.000000 0.500000
vt 0.000000 1.000000 0.500000
vt 0.062500 1.000000 0.500000
vt 0.125000 1.000000 0.500000
vt 0.187500 1.000000 0.500000
vt 0.250000 1.000000 0.500000
vt 0.312500 1.000000 0.500000
vt 0.375000 1.000000 0.500000
vt 0.437500 1.000000 0.500000
vt 0.500000 1.000000 0.500000
vt 0.562500 1.000000 0.500000
vt 0.625000 1.000000 0.500000
vt 0.687500 1.000000 0.500000
vt 0.847222 1.000000 0.500000
vt 0.859375 1.000000 0.500000
vt 0.812500 1.000000 0.500000
vt 0.812500 1.000000 0.500000
vt 0.750000 1.000000 0.500000
vt 0.750000 1.000000 0.500000
vt 0.000000 1.000000 0.500000
vt 0.000000 1.000000 0.500000
vt -0.062500 1.000000 0.500000
vt -0.062500 1.000000 0.500000
vt -0.125000 1.000000 0.500000
vt -0.125000 1.000000 0.500000
vt 0.125000 1.000000 0.500000
vt 0.125000 1.000000 0.500000
vt 0.062500 1.000000 0.500000
vt 0.062500 1.000000 0.500000
vt 0.250000 1.000000 0.500000
vt 0.250000 1.000000 0.500000
vt 0.187500 1.000000 0.500000
vt 0.187500 1.000000 0.500000
vt 0.375000 1.000000 0.500000
vt 0.375000 1.000000 0.500000
vt 0.312500 1.000000 0.500000
vt 0.312500 1.000000 0.500000
vt 0.500000 1.000000 0.500000
vt 0.500000 1.000000 0.500000
vt 0.437500 1.000000 0.500000
vt 0.437500 1.000000 0.500000
vt 0.625000 1.000000 0.500000
vt 0.609375 1.000000 0.500000
vt 0.562500 1.000000 0.500000
vt 0.562500 1.000000 0.500000
vt 0.687500 1.000000 0.500000
vt 0.687500 1.000000 0.500000
vt 0.640625 1.000000 0.500000
vt 0.652778 1.000000 0.500000
vt 0.875000 1.000000 0.500000
vt 0.812500 1.000000 0.500000
vt 0.812500 1.000000 0.500000
vt 0.859375 1.000000 0.500000
vt 0.750000 1.000000 0.500000
vt 0.750000 1.000000 0.500000
vt 0.750000 1.000000 0.500000
vt 0.812500 1.000000 0.500000
vt 0.847222 1.000000 0.500000
vt 0.687500 1.000000 0.500000
vt 0.687500 1.000000 0.500000
vt 0.625000 1.000000 0.500000
vt 0.640625 1.000000 0.500000
vt 0.652778 1.000000 0.500000
vt 0.687500 1.000000 0.500000
vt 0.609375 1.000000 0.500000
vt 0.625000 1.000000 0.500000
vt 0.640625 1.000000 0.500000
vt 0.687500 1.000000 0.500000
vt 0.687500 1.000000 0.500000
vt 0.640625 1.000000 0.500000
vt 0.750000 1.000000 0.500000
vt 0.750000 1.000000 0.500000
vt 0.812500 1.000000 0.500000
vt 0.812500 1.000000 0.500000
vt 0.875000 1.000000 0.500000
vt 0.859375 1.000000 0.500000
vt 0.875000 1.000000 0.500000
vt 0.875000 1.000000 0.500000
vt 0.875000 1.000000 0.500000
vt 0.812500 1.000000 0.500000
vt 0.750000 1.000000 0.500000
vt 0.000000 1.000000 0.500000
vt -0.062500 1.000000 0.500000
vt -0.125000 1.000000 0.500000
vt 0.125000 1.000000 0.500000
vt 0.062500 1.000000 0.500000
vt 0.250000 1.000000 0.500000
vt 0.187500 1.000000 0.500000
vt 0.375000 1.000000 0.500000
vt 0.312500 1.000000 0.500000
vt 0.500000 1.000000 0.500000
vt 0.437500 1.000000 0.500000
vt 0.625000 1.000000 0.500000
vt 0.562500 1.000000 0.500000
vt 0.687500 1.000000 0.500000
vt 0.859375 1.000000 0.500000
vt 0.812500 1.000000 0.500000
vt 0.750000 1.000000 0.500000
vt 0.000000 1.000000 0.500000
vt -0.062500 1.000000 0.500000
vt 0.000000 1.000000 0.500000
vt -0.062500 1.000000 0.500000
vt -0.125000 1.000000 0.500000
vt -0.125000 1.000000 0.500000
vt 0.125000 1.000000 0.500000
vt 0.062500 1.000000 0.500000
vt 0.125000 1.000000 0.500000
vt 0.062500 1.000000 0.500000
vt 0.250000 1.000000 0.500000
vt 0.187500 1.000000 0.500000
vt 0.250000 1.000000 0.500000
vt 0.187500 1.000000 0.500000
vt 0.375000 1.000000 0.500000
vt 0.312500 1.000000 0.500000
vt 0.375000 1.000000 0.500000
vt 0.312500 1.000000 0.500000
vt 0.500000 1.000000 0.500000
vt 0.437500 1.000000 0.500000
vt 0.500000 1.000000 0.500000
vt 0.437500 1.000000 0.500000
vt 0.562500 1.000000 0.500000
vt 0.562500 1.000000 0.500000
vt 0.687500 1.000000 0.500000
vt 0.625000 1.000000 0.500000
vt 0.875000 1.000000 0.500000
vt 0.875000 1.000000 0.500000
vt 0.875000 1.000000 0.500000
vt 0.812500 1.000000 0.500000
vt 0.750000 1.000000 0.500000
vt 0.000000 1.000000 0.500000
vt -0.062500 1.000000 0.500000
vt -0.125000 1.000000 0.500000
vt 0.125000 1.000000 0.500000
vt 0.062500 1.000000 0.500000
vt 0.250000 1.000000 0.500000
vt 0.187500 1.000000 0.500000
vt 0.375000 1.000000 0.500000
vt 0.312500 1.000000 0.500000
vt 0.500000 1.000000 0.500000
vt 0.437500 1.000000 0.500000
vt 0.625000 1.000000 0.500000
vt 0.562500 1.000000 0.500000
vt 0.687500 1.000000 0.500000
vt 0.812500 1.000000 0.500000
vt 0.750000 1.000000 0.500000
vt 0.875000 1.000000 0.500000
vt -0.062500 1.000000 0.500000
vt -0.125000 1.000000 0.500000
vt 0.000000 1.000000 0.500000
vt 0.062500 1.000000 0.500000
vt 0.125000 1.000000 0.500000
vt 0.187500 1.000000 0.500000
vt 0.250000 1.000000 0.500000
vt 0.312500 1.000000 0.500000
vt 0.375000 1.000000 0.500000
vt 0.437500 1.000000 0.500000
vt 0.500000 1.000000 0.500000
vt 0.562500 1.000000 0.500000
vt 0.625000 1.000000 0.500000
vt 0.687500 1.000000 0.500000
vt 0.875000 1.000000 0.500000
vt 0.812500 1.000000 0.500000
vt 0.750000 1.000000 0.500000
vt 0.000000 1.000000 0.500000
vt -0.062500 1.000000 0.500000
vt -0.125000 1.000000 0.500000
vt 0.125000 1.000000 0.500000
vt 0.062500 1.000000 0.500000
vt 0.250000 1.000000 0.500000
vt 0.187500 1.000000 0.500000
vt 0.375000 1.000000 0.500000
vt 0.312500 1.000000 0.500000
vt 0.500000 1.000000 0.500000
vt 0.437500 1.000000 0.500000
vt 0.625000 1.000000 0.500000
vt 0.562500 1.000000 0.500000
vt 0.687500 1.000000 0.500000
vt 0.750000 0.000000 1.000000
vt 0.812500 0.000000 1.000000
vt 0.875000 0.000000 1.000000
vt 0.875000 0.987854 1.000000
vt 0.812500 0.865890 0.993847
vt 0.750000 0.865890 0.993847
vt -0.125000 0.000000 1.000000
vt -0.062500 0.000000 1.000000
vt 0.000000 0.000000 1.000000
vt 0.000000 0.987854 1.000000
vt -0.062500 0.987854 1.000000
vt -0.125000 0.987854 1.000000
vt 0.062500 0.000000 1.000000
vt 0.125000 0.000000 1.000000
vt 0.125000 0.865890 0.993847
vt 0.062500 0.865890 0.993847
vt 0.187500 0.000000 1.000000
vt 0.250000 0.000000 1.000000
vt 0.250000 0.865890 0.993847
vt 0.187500 0.865890 0.993847
vt 0.312500 0.000000 1.000000
vt 0.375000 0.000000 1.000000
vt 0.375000 0.865890 0.993847
vt 0.312500 0.865890 0.993847
vt 0.437500 0.000000 1.000000
vt 0.500000 0.000000 1.000000
vt 0.500000 0.865890 0.993847
vt 0.437500 0.865890 0.993847
vt 0.562500 0.000000 1.000000
vt 0.625000 0.000000 1.000000
vt 0.625000 0.865890 0.993847
vt 0.562500 0.865890 0.993847
vt 0.687500 0.000000 1.000000
vt 0.687500 0.865890 0.993847
vt 0.750000 0.998482 0.900582
vt 0.812500 0.998482 0.900582
vt 0.875000 1.000000 0.950777
vt 0.875000 1.000000 0.556347
vt 0.812500 1.000000 0.556347
vt 0.750000 1.000000 0.556347
vt -0.125000 1.000000 0.950777
vt -0.062500 0.997977 0.899823
vt 0.000000 1.000000 0.950777
vt 0.000000 1.000000 0.556347
vt -0.062500 1.000000 0.556347
vt -0.125000 1.000000 0.556347
vt 0.062500 0.998482 0.900582
vt 0.125000 0.998482 0.900582
vt 0.125000 1.000000 0.556347
vt 0.062500 1.000000 0.556347
vt 0.187500 0.998482 0.900582
vt 0.250000 0.998482 0.900582
vt 0.250000 1.000000 0.556347
vt 0.187500 1.000000 0.556347
vt 0.312500 0.998482 0.900582
vt 0.375000 0.998482 0.900582
vt 0.375000 1.000000 0.556347
vt 0.312500 1.000000 0.556347
vt 0.437500 0.998482 0.900582
vt 0.500000 0.998482 0.900582
vt 0.500000 1.000000 0.556347
vt 0.437500 1.000000 0.556347
vt 0.562500 0.998482 0.900582
vt 0.625000 0.998482 0.900582
vt 0.625000 1.000000 0.556347
vt 0.562500 1.000000 0.556347
vt 0.687500 0.998482 0.900582
vt 0.687500 1.000000 0.556347
vt 0.500000 1.000000 0.104167
vt 0.645833 1.000000 0.291667
vt 0.708333 1.000000 0.333333
vt 0.687500 1.000000 0.291667
vt 0.723958 1.000000 0.447917
vt 0.786458 1.000000 0.458333
vt 0.875000 1.000000 0.447917
vt 0.187500 1.000000 0.291667
vt 0.125000 1.000000 0.333333
vt 0.208333 1.000000 0.291667
vt -0.125000 1.000000 0.447917
vt -0.015625 1.000000 0.458333
vt 0.052083 1.000000 0.447917
vt 0.208333 1.000000 0.333333
vt 0.281250 1.000000 0.291667
vt 0.098958 1.000000 0.458333
vt 0.164063 1.000000 0.447917
vt 0.291667 1.000000 0.333333
vt 0.354167 1.000000 0.291667
vt 0.213542 1.000000 0.458333
vt 0.276042 1.000000 0.447917
vt 0.375000 1.000000 0.333333
vt 0.427083 1.000000 0.291667
vt 0.328125 1.000000 0.458333
vt 0.388021 1.000000 0.447917
vt 0.458333 1.000000 0.333333
vt 0.500000 1.000000 0.291667
vt 0.442708 1.000000 0.458333
vt 0.500000 1.000000 0.447917
vt 0.541667 1.000000 0.333333
vt 0.572917 1.000000 0.291667
vt 0.557292 1.000000 0.458333
vt 0.611979 1.000000 0.447917
vt 0.625000 1.000000 0.333333
vt 0.671875 1.000000 0.458333
vt 0.875000 0.993927 0.975388
vt 0.812500 0.993927 0.975388
vt 0.750000 0.993927 0.975388
vt 0.000380 0.983818 0.993927
vt 0.000190 0.991909 0.972352
vt -0.062500 0.991909 0.972352
vt -0.062500 0.983818 0.993927
vt -0.125380 0.991909 0.972352
vt -0.125759 0.983818 0.993927
vt 0.125000 0.993927 0.975388
vt 0.062500 0.993927 0.975388
vt 0.000000 0.993927 0.975388
vt 0.250000 0.993927 0.975388
vt 0.187500 0.993927 0.975388
vt 0.375000 0.993927 0.975388
vt 0.312500 0.993927 0.975388
vt 0.500000 0.993927 0.975388
vt 0.437500 0.993927 0.975388
vt 0.625000 0.993927 0.975388
vt 0.562500 0.993927 0.975388
vt 0.687500 0.993927 0.975388
vt 0.812500 1.000000 0.500000
vt 0.750000 1.000000 0.500000
vt 0.875000 1.000000 0.500000
vt -0.062500 1.000000 0.500000
vt -0.125000 1.000000 0.500000
vt 0.000000 1.000000 0.500000
vt 0.062500 1.000000 0.500000
vt 0.125000 1.000000 0.500000
vt 0.187500 1.000000 0.500000
vt 0.250000 1.000000 0.500000
vt 0.312500 1.000000 0.500000
vt 0.375000 1.000000 0.500000
vt 0.437500 1.000000 0.500000
vt 0.500000 1.000000 0.500000
vt 0.562500 1.000000 0.500000
vt 0.625000 1.000000 0.500000
vt 0.687500 1.000000 0.500000
vt 0.847222 1.000000 0.500000
vt 0.859375 1.000000 0.500000
vt 0.812500 1.000000 0.500000
vt 0.812500 1.000000 0.500000
vt 0.750000 1.000000 0.500000
vt 0.750000 1.000000 0.500000
vt 0.000000 1.000000 0.500000
vt 0.000000 1.000000 0.500000
vt -0.062500 1.000000 0.500000
vt -0.062500 1.000000 0.500000
vt -0.125000 1.000000 0.500000
vt -0.125000 1.000000 0.500000
vt 0.125000 1.000000 0.500000
vt 0.125000 1.000000 0.500000
vt 0.062500 1.000000 0.500000
vt 0.062500 1.000000 0.500000
vt 0.250000 1.000000 0.500000
vt 0.250000 1.000000 0.500000
vt 0.187500 1.000000 0.500000
vt 0.187500 1.000000 0.500000
vt 0.375000 1.000000 0.500000
vt 0.375000 1.000000 0.500000
vt 0.312500 1.000000 0.500000
vt 0.312500 1.000000 0.500000
vt 0.500000 1.000000 0.500000
vt 0.500000 1.000000 0.500000
vt 0.437500 1.000000 0.500000
vt 0.437500 1.000000 0.500000
vt 0.625000 1.000000 0.500000
vt 0.609375 1.000000 0.500000
vt 0.562500 1.000000 0.500000
vt 0.562500 1.000000 0.500000
vt 0.687500 1.000000 0.500000
vt 0.687500 1.000000 0.500000
vt 0.640625 1.000000 0.500000
vt 0.652778 1.000000 0.500000
vt 0.875000 1.000000 0.500000
vt 0.812500 1.000000 0.500000
vt 0.812500 1.000000 0.500000
vt 0.859375 1.000000 0.500000
vt 0.750000 1.000000 0.500000
vt 0.750000 1.000000 0.500000
vt 0.750000 1.000000 0.500000
vt 0.812500 1.000000 0.500000
vt 0.847222 1.000000 0.500000
vt 0.687500 1.000000 0.500000
vt 0.687500 1.000000 0.500000
vt 0.625000 1.000000 0.500000
vt 0.640625 1.000000 0.500000
vt 0.652778 1.000000 0.500000
vt 0.687500 1.000000 0.500000
vt 0.609375 1.000000 0.500000
vt 0.625000 1.000000 0.500000
vt 0.640625 1.000000 0.500000
vt 0.687500 1.000000 0.500000
vt 0.687500 1.000000 0.500000
vt 0.640625 1.000000 0.500000
vt 0.750000 1.000000 0.500000
vt 0.750000 1.000000 0.500000
vt 0.812500 1.000000 0.500000
vt 0.812500 1.000000 0.500000
vt 0.875000 1.000000 0.500000
vt 0.859375 1.000000 0.500000
vt 0.875000 1.000000 0.500000
vt 0.875000 1.000000 0.500000
vt 0.875000 1.000000 0.500000
vt 0.812500 1.000000 0.500000
vt 0.750000 1.000000 0.500000
vt 0.000000 1.000000 0.500000
vt -0.062500 1.000000 0.500000
vt -0.125000 1.000000 0.500000
vt 0.125000 1.000000 0.500000
vt 0.062500 1.000000 0.500000
vt 0.250000 1.000000 0.500000
vt 0.187500 1.000000 0.500000
vt 0.375000 1.000000 0.500000
vt 0.312500 1.000000 0.500000
vt 0.500000 1.000000 0.500000
vt 0.437500 1.000000 0.500000
vt 0.625000 1.000000 0.500000
vt 0.562500 1.000000 0.500000
vt 0.687500 1.000000 0.500000
vt 0.859375 1.000000 0.500000
vt 0.812500 1.000000 0.500000
vt 0.750000 1.000000 0.500000
vt 0.000000 1.000000 0.500000
vt -0.062500 1.000000 0.500000
vt 0.000000 1.000000 0.500000
vt -0.062500 1.000000 0.500000
vt -0.125000 1.000000 0.500000
vt -0.125000 1.000000 0.500000
vt 0.125000 1.000000 0.500000
vt 0.062500 1.000000 0.500000
vt 0.125000 1.000000 0.500000
vt 0.062500 1.000000 0.500000
vt 0.250000 1.000000 0.500000
vt 0.187500 1.000000 0.500000
vt 0.250000 1.000000 0.500000
vt 0.187500 1.000000 0.500000
vt 0.375000 1.000000 0.500000
vt 0.312500 1.000000 0.500000
vt 0.375000 1.000000 0.500000
vt 0.312500 1.000000 0.500000
vt 0.500000 1.000000 0.500000
vt 0.437500 1.000000 0.500000
vt 0.500000 1.000000 0.500000
vt 0.437500 1.000000 0.500000
vt 0.562500 1.000000 0.500000
vt 0.562500 1.000000 0.500000
vt 0.687500 1.000000 0.500000
vt 0.625000 1.000000 0.500000
vt 0.875000 1.000000 0.500000
vt 0.875000 1.000000 0.500000
vt 0.875000 1.000000 0.500000
vt 0.812500 1.000000 0.500000
vt 0.750000 1.000000 0.500000
vt 0.000000 1.000000 0.500000
vt -0.062500 1.000000 0.500000
vt -0.125000 1.000000 0.500000
vt 0.125000 1.000000 0.500000
vt 0.062500 1.000000 0.500000
vt 0.250000 1.000000 0.500000
vt 0.187500 1.000000 0.500000
vt 0.375000 1.000000 0.500000
vt 0.312500 1.000000 0.500000
vt 0.500000 1.000000 0.500000
vt 0.437500 1.000000 0.500000
vt 0.625000 1.000000 0.500000
vt 0.562500 1.000000 0.500000
vt 0.687500 1.000000 0.500000
vt 0.812500 1.000000 0.500000
vt 0.750000 1.000000 0.500000
vt 0.875000 1.000000 0.500000
vt -0.062500 1.000000 0.500000
vt -0.125000 1.000000 0.500000
vt 0.000000 1.000000 0.500000
vt 0.062500 1.000000 0.500000
vt 0.125000 1.000000 0.500000
vt 0.187500 1.000000 0.500000
vt 0.250000 1.000000 0.500000
vt 0.312500 1.000000 0.500000
vt 0.375000 1.000000 0.500000
vt 0.437500 1.000000 0.500000
vt 0.500000 1.000000 0.500000
vt 0.562500 1.000000 0.500000
vt 0.625000 1.000000 0.500000
vt 0.687500 1.000000 0.500000
vt 0.875000 1.000000 0.500000
vt 0.812500 1.000000 0.500000
vt 0.750000 1.000000 0.500000
vt 0.000000 1.000000 0.500000
vt -0.062500 1.000000 0.500000
vt -0.125000 1.000000 0.500000
vt 0.125000 1.000000 0.500000
vt 0.062500 1.000000 0.500000
vt 0.250000 1.000000 0.500000
vt 0.187500 1.000000 0.500000
vt 0.375000 1.000000 0.500000
vt 0.312500 1.000000 0.500000
vt 0.500000 1.000000 0.500000
vt 0.437500 1.000000 0.500000
vt 0.625000 1.000000 0.500000
vt 0.562500 1.000000 0.500000
vt 0.687500 1.000000 0.500000
# 705 texture coords

o ???008
g ???008
f 3004/3454 3005/3455 3010/3460 3008/3458 
f 3004/3454 3007/3457 3006/3456 3005/3455 
f 3009/3459 3011/3461 3006/3456 3007/3457 
f 3010/3460 3011/3461 3009/3459 3008/3458 
f 3007/3457 3004/3454 3008/3458 3009/3459 
f 3005/3455 3006/3456 3011/3461 3010/3460 
f 3019/3485 3018/3484 3017/3483 3016/3482 3015/3481 3014/3480 3013/3463 3012/3462 
f 3012/3462 3013/3463 3021/3471 3020/3470 
f 3013/3478 3014/3464 3022/3472 3021/3479 
f 3014/3464 3015/3465 3023/3473 3022/3472 
f 3015/3465 3016/3466 3024/3474 3023/3473 
f 3016/3466 3017/3467 3025/3475 3024/3474 
f 3017/3467 3018/3468 3026/3476 3025/3475 
f 3018/3468 3019/3469 3027/3477 3026/3476 
f 3019/3469 3012/3462 3020/3470 3027/3477 
f 3027/3477 3020/3470 3021/3471 3022/3486 3023/3487 3024/3488 3025/3489 3026/3490 
f 3035/3514 3034/3513 3033/3512 3032/3511 3031/3510 3030/3509 3029/3492 3028/3491 
f 3028/3491 3029/3492 3037/3500 3036/3499 
f 3029/3507 3030/3493 3038/3501 3037/3508 
f 3030/3493 3031/3494 3039/3502 3038/3501 
f 3031/3494 3032/3495 3040/3503 3039/3502 
f 3032/3495 3033/3496 3041/3504 3040/3503 
f 3033/3496 3034/3497 3042/3505 3041/3504 
f 3034/3497 3035/3498 3043/3506 3042/3505 
f 3035/3498 3028/3491 3036/3499 3043/3506 
f 3043/3506 3036/3499 3037/3500 3038/3515 3039/3516 3040/3517 3041/3518 3042/3519 
f 3051/3543 3050/3542 3049/3541 3048/3540 3047/3539 3046/3538 3045/3521 3044/3520 
f 3044/3520 3045/3521 3053/3529 3052/3528 
f 3045/3536 3046/3522 3054/3530 3053/3537 
f 3046/3522 3047/3523 3055/3531 3054/3530 
f 3047/3523 3048/3524 3056/3532 3055/3531 
f 3048/3524 3049/3525 3057/3533 3056/3532 
f 3049/3525 3050/3526 3058/3534 3057/3533 
f 3050/3526 3051/3527 3059/3535 3058/3534 
f 3051/3527 3044/3520 3052/3528 3059/3535 
f 3059/3535 3052/3528 3053/3529 3054/3544 3055/3545 3056/3546 3057/3547 3058/3548 
f 3344/3549 3132/3550 3133/3553 3276/3554 
f 3132/3550 3337/3551 3275/3552 3133/3553 
f 3337/3555 3134/3556 3135/3559 3275/3560 
f 3134/3556 3338/3557 3277/3558 3135/3559 
f 3338/3557 3136/3561 3137/3564 3277/3558 
f 3136/3561 3339/3562 3278/3563 3137/3564 
f 3339/3562 3138/3565 3139/3568 3278/3563 
f 3138/3565 3340/3566 3279/3567 3139/3568 
f 3340/3566 3140/3569 3141/3572 3279/3567 
f 3140/3569 3341/3570 3280/3571 3141/3572 
f 3341/3570 3142/3573 3143/3576 3280/3571 
f 3142/3573 3343/3574 3281/3575 3143/3576 
f 3343/3574 3144/3577 3145/3580 3281/3575 
f 3144/3577 3342/3578 3282/3579 3145/3580 
f 3342/3578 3146/3581 3147/3582 3282/3579 
f 3146/3581 3344/3549 3276/3554 3147/3582 
f 3283/3583 3148/3584 3149/3587 3286/3588 
f 3148/3584 3284/3585 3285/3586 3149/3587 
f 3284/3589 3150/3590 3151/3593 3285/3594 
f 3150/3590 3287/3591 3288/3592 3151/3593 
f 3287/3591 3152/3595 3153/3598 3288/3592 
f 3152/3595 3289/3596 3290/3597 3153/3598 
f 3289/3596 3154/3599 3155/3602 3290/3597 
f 3154/3599 3274/3600 3291/3601 3155/3602 
f 3274/3600 3156/3603 3157/3606 3291/3601 
f 3156/3603 3292/3604 3293/3605 3157/3606 
f 3292/3604 3158/3607 3159/3610 3293/3605 
f 3158/3607 3294/3608 3295/3609 3159/3610 
f 3294/3608 3160/3611 3161/3614 3295/3609 
f 3160/3611 3296/3612 3297/3613 3161/3614 
f 3296/3612 3162/3615 3163/3616 3297/3613 
f 3162/3615 3283/3583 3286/3588 3163/3616 
f 3298/3617 3164/3618 3076/3619 3165/3620 
f 3299/3621 3166/3622 3076/3619 3164/3618 
f 3300/3623 3165/3620 3076/3619 3166/3622 
f 3298/3617 3165/3624 3077/3625 3167/3626 
f 3300/3627 3168/3628 3077/3625 3165/3624 
f 3301/3629 3167/3626 3077/3625 3168/3628 
f 3298/3617 3167/3626 3078/3630 3169/3631 
f 3301/3629 3170/3632 3078/3630 3167/3626 
f 3302/3633 3169/3631 3078/3630 3170/3632 
f 3298/3617 3169/3631 3079/3634 3171/3635 
f 3302/3633 3172/3636 3079/3634 3169/3631 
f 3303/3637 3171/3635 3079/3634 3172/3636 
f 3298/3617 3171/3635 3080/3638 3173/3639 
f 3303/3637 3174/3640 3080/3638 3171/3635 
f 3304/3641 3173/3639 3080/3638 3174/3640 
f 3298/3617 3173/3639 3081/3642 3175/3643 
f 3304/3641 3176/3644 3081/3642 3173/3639 
f 3305/3645 3175/3643 3081/3642 3176/3644 
f 3298/3617 3175/3643 3082/3646 3177/3647 
f 3305/3645 3178/3648 3082/3646 3175/3643 
f 3306/3649 3177/3647 3082/3646 3178/3648 
f 3298/3617 3177/3647 3083/3650 3164/3618 
f 3306/3649 3179/3651 3083/3650 3177/3647 
f 3299/3621 3164/3618 3083/3650 3179/3651 
f 3275/3552 3180/3652 3061/3653 3133/3553 
f 3180/3652 3284/3585 3148/3584 3061/3653 
f 3061/3653 3148/3584 3283/3583 3181/3654 
f 3133/3553 3061/3653 3181/3654 3276/3554 
f 3277/3655 3182/3656 3060/3657 3135/3658 
f 3182/3656 3287/3591 3150/3590 3060/3657 
f 3060/3657 3150/3590 3284/3589 3180/3659 
f 3135/3658 3060/3657 3180/3659 3275/3660 
f 3278/3563 3183/3661 3063/3662 3137/3564 
f 3183/3661 3289/3596 3152/3595 3063/3662 
f 3063/3662 3152/3595 3287/3591 3182/3663 
f 3137/3564 3063/3662 3182/3663 3277/3558 
f 3279/3567 3184/3664 3064/3665 3139/3568 
f 3184/3664 3274/3600 3154/3599 3064/3665 
f 3064/3665 3154/3599 3289/3596 3183/3661 
f 3139/3568 3064/3665 3183/3661 3278/3563 
f 3280/3571 3185/3666 3065/3667 3141/3572 
f 3185/3666 3292/3604 3156/3603 3065/3667 
f 3065/3667 3156/3603 3274/3600 3184/3664 
f 3141/3572 3065/3667 3184/3664 3279/3567 
f 3281/3575 3186/3668 3066/3669 3143/3576 
f 3186/3668 3294/3608 3158/3607 3066/3669 
f 3066/3669 3158/3607 3292/3604 3185/3666 
f 3143/3576 3066/3669 3185/3666 3280/3571 
f 3282/3579 3187/3670 3067/3671 3145/3580 
f 3187/3670 3296/3612 3160/3611 3067/3671 
f 3067/3671 3160/3611 3294/3608 3186/3668 
f 3145/3580 3067/3671 3186/3668 3281/3575 
f 3276/3554 3181/3654 3062/3672 3147/3582 
f 3181/3654 3283/3583 3162/3615 3062/3672 
f 3062/3672 3162/3615 3296/3612 3187/3670 
f 3147/3582 3062/3672 3187/3670 3282/3579 
f 3286/3588 3149/3587 3069/3673 3188/3674 
f 3149/3587 3285/3586 3189/3675 3069/3673 
f 3069/3673 3189/3675 3228/3755 3093/3756 
f 3188/3674 3069/3673 3093/3756 3229/3757 
f 3285/3594 3151/3593 3068/3676 3189/3677 
f 3151/3593 3288/3592 3190/3678 3068/3676 
f 3068/3676 3190/3678 3230/3758 3092/3759 
f 3189/3677 3068/3676 3092/3759 3228/3760 
f 3288/3592 3153/3598 3071/3679 3190/3678 
f 3153/3598 3290/3597 3191/3680 3071/3679 
f 3071/3679 3191/3680 3231/3761 3095/3762 
f 3190/3678 3071/3679 3095/3762 3230/3758 
f 3290/3597 3155/3602 3072/3681 3191/3680 
f 3155/3602 3291/3601 3192/3682 3072/3681 
f 3072/3681 3192/3682 3232/3763 3096/3764 
f 3191/3680 3072/3681 3096/3764 3231/3761 
f 3291/3601 3157/3606 3073/3683 3192/3682 
f 3157/3606 3293/3605 3193/3684 3073/3683 
f 3073/3683 3193/3684 3233/3765 3097/3766 
f 3192/3682 3073/3683 3097/3766 3232/3763 
f 3293/3605 3159/3610 3074/3685 3193/3684 
f 3159/3610 3295/3609 3194/3686 3074/3685 
f 3074/3685 3194/3686 3234/3767 3098/3768 
f 3193/3684 3074/3685 3098/3768 3233/3765 
f 3295/3609 3161/3614 3075/3687 3194/3686 
f 3161/3614 3297/3613 3195/3688 3075/3687 
f 3075/3687 3195/3688 3235/3769 3099/3770 
f 3194/3686 3075/3687 3099/3770 3234/3767 
f 3297/3613 3163/3616 3070/3689 3195/3688 
f 3163/3616 3286/3588 3188/3674 3070/3689 
f 3070/3689 3188/3674 3229/3757 3094/3771 
f 3195/3688 3070/3689 3094/3771 3235/3769 
f 3308/3690 3196/3691 3100/3692 3197/3693 
f 3196/3691 3236/3772 3104/3773 3100/3692 
f 3100/3692 3104/3773 3237/3774 3198/3694 
f 3197/3693 3100/3692 3198/3694 3309/3695 
f 3310/3696 3199/3697 3108/3698 3200/3699 
f 3199/3697 3238/3775 3111/3776 3108/3698 
f 3108/3698 3111/3776 3240/3780 3201/3700 
f 3200/3699 3108/3698 3201/3700 3311/3701 
f 3312/3702 3202/3703 3109/3704 3203/3705 
f 3202/3703 3241/3781 3110/3782 3109/3704 
f 3109/3704 3110/3782 3238/3775 3199/3697 
f 3203/3705 3109/3704 3199/3697 3310/3696 
f 3313/3706 3204/3707 3112/3708 3205/3709 
f 3204/3707 3243/3785 3113/3786 3112/3708 
f 3112/3708 3113/3786 3241/3781 3202/3703 
f 3205/3709 3112/3708 3202/3703 3312/3702 
f 3314/3710 3206/3711 3114/3712 3207/3713 
f 3206/3711 3245/3789 3115/3790 3114/3712 
f 3114/3712 3115/3790 3243/3785 3204/3707 
f 3207/3713 3114/3712 3204/3707 3313/3706 
f 3315/3714 3208/3715 3116/3716 3209/3717 
f 3208/3715 3247/3793 3117/3794 3116/3716 
f 3116/3716 3117/3794 3245/3789 3206/3711 
f 3209/3717 3116/3716 3206/3711 3314/3710 
f 3316/3718 3210/3719 3118/3720 3211/3721 
f 3210/3719 3221/3741 3119/3797 3118/3720 
f 3118/3720 3119/3797 3247/3793 3208/3715 
f 3211/3721 3118/3720 3208/3715 3315/3714 
f 3309/3695 3198/3694 3106/3722 3212/3723 
f 3198/3694 3237/3774 3105/3799 3106/3722 
f 3106/3722 3105/3799 3222/3743 3213/3724 
f 3212/3723 3106/3722 3213/3724 3317/3725 
f 3318/3726 3214/3727 3122/3728 3215/3729 
f 3214/3727 3319/3730 3216/3731 3122/3728 
f 3122/3728 3216/3731 3320/3732 3217/3733 
f 3215/3729 3122/3728 3217/3733 3321/3734 
f 3319/3730 3218/3735 3123/3736 3216/3731 
f 3218/3735 3322/3737 3219/3738 3123/3736 
f 3123/3736 3219/3738 3323/3739 3220/3740 
f 3216/3731 3123/3736 3220/3740 3320/3732 
f 3322/3737 3221/3741 3121/3742 3219/3738 
f 3221/3741 3210/3719 3120/3800 3121/3742 
f 3121/3742 3120/3800 3213/3724 3222/3743 
f 3219/3738 3121/3742 3222/3743 3323/3739 
f 3316/3718 3223/3744 3107/3745 3224/3746 
f 3223/3744 3324/3747 3225/3748 3107/3745 
f 3107/3745 3225/3748 3309/3695 3212/3723 
f 3224/3746 3107/3745 3212/3723 3317/3725 
f 3324/3747 3226/3749 3101/3750 3225/3748 
f 3226/3749 3311/3751 3227/3752 3101/3750 
f 3101/3750 3227/3752 3308/3690 3197/3693 
f 3225/3748 3101/3750 3197/3693 3309/3695 
f 3311/3751 3201/3753 3102/3754 3227/3752 
f 3201/3753 3240/3801 3103/3802 3102/3754 
f 3102/3754 3103/3802 3236/3772 3196/3691 
f 3227/3752 3102/3754 3196/3691 3308/3690 
f 3228/3755 3311/3751 3226/3749 3093/3756 
f 3093/3756 3226/3749 3324/3747 3229/3757 
f 3230/3758 3310/3696 3200/3699 3092/3759 
f 3092/3759 3200/3699 3311/3701 3228/3760 
f 3231/3761 3312/3702 3203/3705 3095/3762 
f 3095/3762 3203/3705 3310/3696 3230/3758 
f 3232/3763 3313/3706 3205/3709 3096/3764 
f 3096/3764 3205/3709 3312/3702 3231/3761 
f 3233/3765 3314/3710 3207/3713 3097/3766 
f 3097/3766 3207/3713 3313/3706 3232/3763 
f 3234/3767 3315/3714 3209/3717 3098/3768 
f 3098/3768 3209/3717 3314/3710 3233/3765 
f 3235/3769 3316/3718 3211/3721 3099/3770 
f 3099/3770 3211/3721 3315/3714 3234/3767 
f 3229/3757 3324/3747 3223/3744 3094/3771 
f 3094/3771 3223/3744 3316/3718 3235/3769 
f 3236/3772 3321/3734 3217/3733 3104/3773 
f 3104/3773 3217/3733 3320/3732 3237/3774 
f 3238/3775 3325/3777 3239/3778 3111/3776 
f 3111/3776 3239/3778 3318/3779 3240/3780 
f 3241/3781 3326/3783 3242/3784 3110/3782 
f 3110/3782 3242/3784 3325/3777 3238/3775 
f 3243/3785 3327/3787 3244/3788 3113/3786 
f 3113/3786 3244/3788 3326/3783 3241/3781 
f 3245/3789 3328/3791 3246/3792 3115/3790 
f 3115/3790 3246/3792 3327/3787 3243/3785 
f 3247/3793 3329/3795 3248/3796 3117/3794 
f 3117/3794 3248/3796 3328/3791 3245/3789 
f 3221/3741 3322/3737 3249/3798 3119/3797 
f 3119/3797 3249/3798 3329/3795 3247/3793 
f 3237/3774 3320/3732 3220/3740 3105/3799 
f 3105/3799 3220/3740 3323/3739 3222/3743 
f 3210/3719 3316/3718 3224/3746 3120/3800 
f 3120/3800 3224/3746 3317/3725 3213/3724 
f 3240/3801 3318/3726 3215/3729 3103/3802 
f 3103/3802 3215/3729 3321/3734 3236/3772 
f 3319/3730 3214/3727 3250/3804 3331/3805 
f 3214/3727 3318/3726 3330/3803 3250/3804 
f 3318/3779 3239/3778 3251/3807 3330/3808 
f 3239/3778 3325/3777 3332/3806 3251/3807 
f 3325/3777 3242/3784 3252/3810 3332/3806 
f 3242/3784 3326/3783 3307/3809 3252/3810 
f 3326/3783 3244/3788 3253/3812 3307/3809 
f 3244/3788 3327/3787 3333/3811 3253/3812 
f 3327/3787 3246/3792 3254/3814 3333/3811 
f 3246/3792 3328/3791 3334/3813 3254/3814 
f 3328/3791 3248/3796 3255/3816 3334/3813 
f 3248/3796 3329/3795 3335/3815 3255/3816 
f 3329/3795 3249/3798 3256/3818 3335/3815 
f 3249/3798 3322/3737 3336/3817 3256/3818 
f 3322/3737 3218/3735 3257/3819 3336/3817 
f 3218/3735 3319/3730 3331/3805 3257/3819 
f 3331/3805 3250/3804 3125/3820 3258/3821 
f 3250/3804 3330/3803 3259/3822 3125/3820 
f 3125/3820 3259/3822 3266/3837 3085/3838 
f 3258/3821 3125/3820 3085/3838 3267/3839 
f 3330/3808 3251/3807 3124/3823 3259/3824 
f 3251/3807 3332/3806 3260/3825 3124/3823 
f 3124/3823 3260/3825 3268/3840 3086/3841 
f 3259/3824 3124/3823 3086/3841 3266/3842 
f 3332/3806 3252/3810 3127/3826 3260/3825 
f 3252/3810 3307/3809 3261/3827 3127/3826 
f 3127/3826 3261/3827 3269/3843 3087/3844 
f 3260/3825 3127/3826 3087/3844 3268/3840 
f 3307/3809 3253/3812 3128/3828 3261/3827 
f 3253/3812 3333/3811 3262/3829 3128/3828 
f 3128/3828 3262/3829 3270/3845 3088/3846 
f 3261/3827 3128/3828 3088/3846 3269/3843 
f 3333/3811 3254/3814 3129/3830 3262/3829 
f 3254/3814 3334/3813 3263/3831 3129/3830 
f 3129/3830 3263/3831 3271/3847 3089/3848 
f 3262/3829 3129/3830 3089/3848 3270/3845 
f 3334/3813 3255/3816 3130/3832 3263/3831 
f 3255/3816 3335/3815 3264/3833 3130/3832 
f 3130/3832 3264/3833 3272/3849 3090/3850 
f 3263/3831 3130/3832 3090/3850 3271/3847 
f 3335/3815 3256/3818 3131/3834 3264/3833 
f 3256/3818 3336/3817 3265/3835 3131/3834 
f 3131/3834 3265/3835 3273/3851 3091/3852 
f 3264/3833 3131/3834 3091/3852 3272/3849 
f 3336/3817 3257/3819 3126/3836 3265/3835 
f 3257/3819 3331/3805 3258/3821 3126/3836 
f 3126/3836 3258/3821 3267/3839 3084/3853 
f 3265/3835 3126/3836 3084/3853 3273/3851 
f 3266/3837 3300/3623 3166/3622 3085/3838 
f 3085/3838 3166/3622 3299/3621 3267/3839 
f 3268/3840 3301/3629 3168/3628 3086/3841 
f 3086/3841 3168/3628 3300/3627 3266/3842 
f 3269/3843 3302/3633 3170/3632 3087/3844 
f 3087/3844 3170/3632 3301/3629 3268/3840 
f 3270/3845 3303/3637 3172/3636 3088/3846 
f 3088/3846 3172/3636 3302/3633 3269/3843 
f 3271/3847 3304/3641 3174/3640 3089/3848 
f 3089/3848 3174/3640 3303/3637 3270/3845 
f 3272/3849 3305/3645 3176/3644 3090/3850 
f 3090/3850 3176/3644 3304/3641 3271/3847 
f 3273/3851 3306/3649 3178/3648 3091/3852 
f 3091/3852 3178/3648 3305/3645 3272/3849 
f 3267/3839 3299/3621 3179/3651 3084/3853 
f 3084/3853 3179/3651 3306/3649 3273/3851 
f 3629/3854 3561/3859 3418/3858 3417/3855 
f 3417/3855 3418/3858 3560/3857 3622/3856 
f 3622/3860 3560/3865 3420/3864 3419/3861 
f 3419/3861 3420/3864 3562/3863 3623/3862 
f 3623/3862 3562/3863 3422/3869 3421/3866 
f 3421/3866 3422/3869 3563/3868 3624/3867 
f 3624/3867 3563/3868 3424/3873 3423/3870 
f 3423/3870 3424/3873 3564/3872 3625/3871 
f 3625/3871 3564/3872 3426/3877 3425/3874 
f 3425/3874 3426/3877 3565/3876 3626/3875 
f 3626/3875 3565/3876 3428/3881 3427/3878 
f 3427/3878 3428/3881 3566/3880 3628/3879 
f 3628/3879 3566/3880 3430/3885 3429/3882 
f 3429/3882 3430/3885 3567/3884 3627/3883 
f 3627/3883 3567/3884 3432/3887 3431/3886 
f 3431/3886 3432/3887 3561/3859 3629/3854 
f 3568/3888 3571/3893 3434/3892 3433/3889 
f 3433/3889 3434/3892 3570/3891 3569/3890 
f 3569/3894 3570/3899 3436/3898 3435/3895 
f 3435/3895 3436/3898 3573/3897 3572/3896 
f 3572/3896 3573/3897 3438/3903 3437/3900 
f 3437/3900 3438/3903 3575/3902 3574/3901 
f 3574/3901 3575/3902 3440/3907 3439/3904 
f 3439/3904 3440/3907 3576/3906 3559/3905 
f 3559/3905 3576/3906 3442/3911 3441/3908 
f 3441/3908 3442/3911 3578/3910 3577/3909 
f 3577/3909 3578/3910 3444/3915 3443/3912 
f 3443/3912 3444/3915 3580/3914 3579/3913 
f 3579/3913 3580/3914 3446/3919 3445/3916 
f 3445/3916 3446/3919 3582/3918 3581/3917 
f 3581/3917 3582/3918 3448/3921 3447/3920 
f 3447/3920 3448/3921 3571/3893 3568/3888 
f 3583/3922 3450/3925 3361/3924 3449/3923 
f 3584/3926 3449/3923 3361/3924 3451/3927 
f 3585/3928 3451/3927 3361/3924 3450/3925 
f 3583/3922 3452/3931 3362/3930 3450/3929 
f 3585/3932 3450/3929 3362/3930 3453/3933 
f 3586/3934 3453/3933 3362/3930 3452/3931 
f 3583/3922 3454/3936 3363/3935 3452/3931 
f 3586/3934 3452/3931 3363/3935 3455/3937 
f 3587/3938 3455/3937 3363/3935 3454/3936 
f 3583/3922 3456/3940 3364/3939 3454/3936 
f 3587/3938 3454/3936 3364/3939 3457/3941 
f 3588/3942 3457/3941 3364/3939 3456/3940 
f 3583/3922 3458/3944 3365/3943 3456/3940 
f 3588/3942 3456/3940 3365/3943 3459/3945 
f 3589/3946 3459/3945 3365/3943 3458/3944 
f 3583/3922 3460/3948 3366/3947 3458/3944 
f 3589/3946 3458/3944 3366/3947 3461/3949 
f 3590/3950 3461/3949 3366/3947 3460/3948 
f 3583/3922 3462/3952 3367/3951 3460/3948 
f 3590/3950 3460/3948 3367/3951 3463/3953 
f 3591/3954 3463/3953 3367/3951 3462/3952 
f 3583/3922 3449/3923 3368/3955 3462/3952 
f 3591/3954 3462/3952 3368/3955 3464/3956 
f 3584/3926 3464/3956 3368/3955 3449/3923 
f 3560/3857 3418/3858 3346/3958 3465/3957 
f 3465/3957 3346/3958 3433/3889 3569/3890 
f 3346/3958 3466/3959 3568/3888 3433/3889 
f 3418/3858 3561/3859 3466/3959 3346/3958 
f 3562/3960 3420/3963 3345/3962 3467/3961 
f 3467/3961 3345/3962 3435/3895 3572/3896 
f 3345/3962 3465/3964 3569/3894 3435/3895 
f 3420/3963 3560/3965 3465/3964 3345/3962 
f 3563/3868 3422/3869 3348/3967 3468/3966 
f 3468/3966 3348/3967 3437/3900 3574/3901 
f 3348/3967 3467/3968 3572/3896 3437/3900 
f 3422/3869 3562/3863 3467/3968 3348/3967 
f 3564/3872 3424/3873 3349/3970 3469/3969 
f 3469/3969 3349/3970 3439/3904 3559/3905 
f 3349/3970 3468/3966 3574/3901 3439/3904 
f 3424/3873 3563/3868 3468/3966 3349/3970 
f 3565/3876 3426/3877 3350/3972 3470/3971 
f 3470/3971 3350/3972 3441/3908 3577/3909 
f 3350/3972 3469/3969 3559/3905 3441/3908 
f 3426/3877 3564/3872 3469/3969 3350/3972 
f 3566/3880 3428/3881 3351/3974 3471/3973 
f 3471/3973 3351/3974 3443/3912 3579/3913 
f 3351/3974 3470/3971 3577/3909 3443/3912 
f 3428/3881 3565/3876 3470/3971 3351/3974 
f 3567/3884 3430/3885 3352/3976 3472/3975 
f 3472/3975 3352/3976 3445/3916 3581/3917 
f 3352/3976 3471/3973 3579/3913 3445/3916 
f 3430/3885 3566/3880 3471/3973 3352/3976 
f 3561/3859 3432/3887 3347/3977 3466/3959 
f 3466/3959 3347/3977 3447/3920 3568/3888 
f 3347/3977 3472/3975 3581/3917 3447/3920 
f 3432/3887 3567/3884 3472/3975 3347/3977 
f 3571/3893 3473/3979 3354/3978 3434/3892 
f 3434/3892 3354/3978 3474/3980 3570/3891 
f 3354/3978 3378/4061 3513/4060 3474/3980 
f 3473/3979 3514/4062 3378/4061 3354/3978 
f 3570/3899 3474/3982 3353/3981 3436/3898 
f 3436/3898 3353/3981 3475/3983 3573/3897 
f 3353/3981 3377/4064 3515/4063 3475/3983 
f 3474/3982 3513/4065 3377/4064 3353/3981 
f 3573/3897 3475/3983 3356/3984 3438/3903 
f 3438/3903 3356/3984 3476/3985 3575/3902 
f 3356/3984 3380/4067 3516/4066 3476/3985 
f 3475/3983 3515/4063 3380/4067 3356/3984 
f 3575/3902 3476/3985 3357/3986 3440/3907 
f 3440/3907 3357/3986 3477/3987 3576/3906 
f 3357/3986 3381/4069 3517/4068 3477/3987 
f 3476/3985 3516/4066 3381/4069 3357/3986 
f 3576/3906 3477/3987 3358/3988 3442/3911 
f 3442/3911 3358/3988 3478/3989 3578/3910 
f 3358/3988 3382/4071 3518/4070 3478/3989 
f 3477/3987 3517/4068 3382/4071 3358/3988 
f 3578/3910 3478/3989 3359/3990 3444/3915 
f 3444/3915 3359/3990 3479/3991 3580/3914 
f 3359/3990 3383/4073 3519/4072 3479/3991 
f 3478/3989 3518/4070 3383/4073 3359/3990 
f 3580/3914 3479/3991 3360/3992 3446/3919 
f 3446/3919 3360/3992 3480/3993 3582/3918 
f 3360/3992 3384/4075 3520/4074 3480/3993 
f 3479/3991 3519/4072 3384/4075 3360/3992 
f 3582/3918 3480/3993 3355/3994 3448/3921 
f 3448/3921 3355/3994 3473/3979 3571/3893 
f 3355/3994 3379/4076 3514/4062 3473/3979 
f 3480/3993 3520/4074 3379/4076 3355/3994 
f 3593/3995 3482/3998 3385/3997 3481/3996 
f 3481/3996 3385/3997 3389/4078 3521/4077 
f 3385/3997 3483/3999 3522/4079 3389/4078 
f 3482/3998 3594/4000 3483/3999 3385/3997 
f 3595/4001 3485/4004 3393/4003 3484/4002 
f 3484/4002 3393/4003 3396/4081 3523/4080 
f 3393/4003 3486/4005 3525/4085 3396/4081 
f 3485/4004 3596/4006 3486/4005 3393/4003 
f 3597/4007 3488/4010 3394/4009 3487/4008 
f 3487/4008 3394/4009 3395/4087 3526/4086 
f 3394/4009 3484/4002 3523/4080 3395/4087 
f 3488/4010 3595/4001 3484/4002 3394/4009 
f 3598/4011 3490/4014 3397/4013 3489/4012 
f 3489/4012 3397/4013 3398/4091 3528/4090 
f 3397/4013 3487/4008 3526/4086 3398/4091 
f 3490/4014 3597/4007 3487/4008 3397/4013 
f 3599/4015 3492/4018 3399/4017 3491/4016 
f 3491/4016 3399/4017 3400/4095 3530/4094 
f 3399/4017 3489/4012 3528/4090 3400/4095 
f 3492/4018 3598/4011 3489/4012 3399/4017 
f 3600/4019 3494/4022 3401/4021 3493/4020 
f 3493/4020 3401/4021 3402/4099 3532/4098 
f 3401/4021 3491/4016 3530/4094 3402/4099 
f 3494/4022 3599/4015 3491/4016 3401/4021 
f 3601/4023 3496/4026 3403/4025 3495/4024 
f 3495/4024 3403/4025 3404/4102 3506/4046 
f 3403/4025 3493/4020 3532/4098 3404/4102 
f 3496/4026 3600/4019 3493/4020 3403/4025 
f 3594/4000 3497/4028 3391/4027 3483/3999 
f 3483/3999 3391/4027 3390/4104 3522/4079 
f 3391/4027 3498/4029 3507/4048 3390/4104 
f 3497/4028 3602/4030 3498/4029 3391/4027 
f 3603/4031 3500/4034 3407/4033 3499/4032 
f 3499/4032 3407/4033 3501/4036 3604/4035 
f 3407/4033 3502/4038 3605/4037 3501/4036 
f 3500/4034 3606/4039 3502/4038 3407/4033 
f 3604/4035 3501/4036 3408/4041 3503/4040 
f 3503/4040 3408/4041 3504/4043 3607/4042 
f 3408/4041 3505/4045 3608/4044 3504/4043 
f 3501/4036 3605/4037 3505/4045 3408/4041 
f 3607/4042 3504/4043 3406/4047 3506/4046 
f 3506/4046 3406/4047 3405/4105 3495/4024 
f 3406/4047 3507/4048 3498/4029 3405/4105 
f 3504/4043 3608/4044 3507/4048 3406/4047 
f 3601/4023 3509/4051 3392/4050 3508/4049 
f 3508/4049 3392/4050 3510/4053 3609/4052 
f 3392/4050 3497/4028 3594/4000 3510/4053 
f 3509/4051 3602/4030 3497/4028 3392/4050 
f 3609/4052 3510/4053 3386/4055 3511/4054 
f 3511/4054 3386/4055 3512/4057 3596/4056 
f 3386/4055 3482/3998 3593/3995 3512/4057 
f 3510/4053 3594/4000 3482/3998 3386/4055 
f 3596/4056 3512/4057 3387/4059 3486/4058 
f 3486/4058 3387/4059 3388/4107 3525/4106 
f 3387/4059 3481/3996 3521/4077 3388/4107 
f 3512/4057 3593/3995 3481/3996 3387/4059 
f 3513/4060 3378/4061 3511/4054 3596/4056 
f 3378/4061 3514/4062 3609/4052 3511/4054 
f 3515/4063 3377/4064 3485/4004 3595/4001 
f 3377/4064 3513/4065 3596/4006 3485/4004 
f 3516/4066 3380/4067 3488/4010 3597/4007 
f 3380/4067 3515/4063 3595/4001 3488/4010 
f 3517/4068 3381/4069 3490/4014 3598/4011 
f 3381/4069 3516/4066 3597/4007 3490/4014 
f 3518/4070 3382/4071 3492/4018 3599/4015 
f 3382/4071 3517/4068 3598/4011 3492/4018 
f 3519/4072 3383/4073 3494/4022 3600/4019 
f 3383/4073 3518/4070 3599/4015 3494/4022 
f 3520/4074 3384/4075 3496/4026 3601/4023 
f 3384/4075 3519/4072 3600/4019 3496/4026 
f 3514/4062 3379/4076 3508/4049 3609/4052 
f 3379/4076 3520/4074 3601/4023 3508/4049 
f 3521/4077 3389/4078 3502/4038 3606/4039 
f 3389/4078 3522/4079 3605/4037 3502/4038 
f 3523/4080 3396/4081 3524/4083 3610/4082 
f 3396/4081 3525/4085 3603/4084 3524/4083 
f 3526/4086 3395/4087 3527/4089 3611/4088 
f 3395/4087 3523/4080 3610/4082 3527/4089 
f 3528/4090 3398/4091 3529/4093 3612/4092 
f 3398/4091 3526/4086 3611/4088 3529/4093 
f 3530/4094 3400/4095 3531/4097 3613/4096 
f 3400/4095 3528/4090 3612/4092 3531/4097 
f 3532/4098 3402/4099 3533/4101 3614/4100 
f 3402/4099 3530/4094 3613/4096 3533/4101 
f 3506/4046 3404/4102 3534/4103 3607/4042 
f 3404/4102 3532/4098 3614/4100 3534/4103 
f 3522/4079 3390/4104 3505/4045 3605/4037 
f 3390/4104 3507/4048 3608/4044 3505/4045 
f 3495/4024 3405/4105 3509/4051 3601/4023 
f 3405/4105 3498/4029 3602/4030 3509/4051 
f 3525/4106 3388/4107 3500/4034 3603/4031 
f 3388/4107 3521/4077 3606/4039 3500/4034 
f 3604/4035 3616/4110 3535/4109 3499/4032 
f 3499/4032 3535/4109 3615/4108 3603/4031 
f 3603/4084 3615/4113 3536/4112 3524/4083 
f 3524/4083 3536/4112 3617/4111 3610/4082 
f 3610/4082 3617/4111 3537/4115 3527/4089 
f 3527/4089 3537/4115 3592/4114 3611/4088 
f 3611/4088 3592/4114 3538/4117 3529/4093 
f 3529/4093 3538/4117 3618/4116 3612/4092 
f 3612/4092 3618/4116 3539/4119 3531/4097 
f 3531/4097 3539/4119 3619/4118 3613/4096 
f 3613/4096 3619/4118 3540/4121 3533/4101 
f 3533/4101 3540/4121 3620/4120 3614/4100 
f 3614/4100 3620/4120 3541/4123 3534/4103 
f 3534/4103 3541/4123 3621/4122 3607/4042 
f 3607/4042 3621/4122 3542/4124 3503/4040 
f 3503/4040 3542/4124 3616/4110 3604/4035 
f 3616/4110 3543/4126 3410/4125 3535/4109 
f 3535/4109 3410/4125 3544/4127 3615/4108 
f 3410/4125 3370/4143 3551/4142 3544/4127 
f 3543/4126 3552/4144 3370/4143 3410/4125 
f 3615/4113 3544/4129 3409/4128 3536/4112 
f 3536/4112 3409/4128 3545/4130 3617/4111 
f 3409/4128 3371/4146 3553/4145 3545/4130 
f 3544/4129 3551/4147 3371/4146 3409/4128 
f 3617/4111 3545/4130 3412/4131 3537/4115 
f 3537/4115 3412/4131 3546/4132 3592/4114 
f 3412/4131 3372/4149 3554/4148 3546/4132 
f 3545/4130 3553/4145 3372/4149 3412/4131 
f 3592/4114 3546/4132 3413/4133 3538/4117 
f 3538/4117 3413/4133 3547/4134 3618/4116 
f 3413/4133 3373/4151 3555/4150 3547/4134 
f 3546/4132 3554/4148 3373/4151 3413/4133 
f 3618/4116 3547/4134 3414/4135 3539/4119 
f 3539/4119 3414/4135 3548/4136 3619/4118 
f 3414/4135 3374/4153 3556/4152 3548/4136 
f 3547/4134 3555/4150 3374/4153 3414/4135 
f 3619/4118 3548/4136 3415/4137 3540/4121 
f 3540/4121 3415/4137 3549/4138 3620/4120 
f 3415/4137 3375/4155 3557/4154 3549/4138 
f 3548/4136 3556/4152 3375/4155 3415/4137 
f 3620/4120 3549/4138 3416/4139 3541/4123 
f 3541/4123 3416/4139 3550/4140 3621/4122 
f 3416/4139 3376/4157 3558/4156 3550/4140 
f 3549/4138 3557/4154 3376/4157 3416/4139 
f 3621/4122 3550/4140 3411/4141 3542/4124 
f 3542/4124 3411/4141 3543/4126 3616/4110 
f 3411/4141 3369/4158 3552/4144 3543/4126 
f 3550/4140 3558/4156 3369/4158 3411/4141 
f 3551/4142 3370/4143 3451/3927 3585/3928 
f 3370/4143 3552/4144 3584/3926 3451/3927 
f 3553/4145 3371/4146 3453/3933 3586/3934 
f 3371/4146 3551/4147 3585/3932 3453/3933 
f 3554/4148 3372/4149 3455/3937 3587/3938 
f 3372/4149 3553/4145 3586/3934 3455/3937 
f 3555/4150 3373/4151 3457/3941 3588/3942 
f 3373/4151 3554/4148 3587/3938 3457/3941 
f 3556/4152 3374/4153 3459/3945 3589/3946 
f 3374/4153 3555/4150 3588/3942 3459/3945 
f 3557/4154 3375/4155 3461/3949 3590/3950 
f 3375/4155 3556/4152 3589/3946 3461/3949 
f 3558/4156 3376/4157 3463/3953 3591/3954 
f 3376/4157 3557/4154 3590/3950 3463/3953 
f 3552/4144 3369/4158 3464/3956 3584/3926 
f 3369/4158 3558/4156 3591/3954 3464/3956 
# 588 polygons

#
# object 2?_????___??002
#

v  55.330421 20.958351 19.107132
v  54.374420 10.687413 20.152969
v  55.330421 10.687428 19.107132
v  54.374447 10.687427 35.013763
v  54.374447 20.958351 35.013763
v  55.330772 10.687451 35.923065
v  55.330769 20.958351 35.923004
v  54.374447 10.687426 24.910416
v  55.330772 10.687451 24.910431
v  54.374447 10.687426 30.109894
v  55.330772 10.687451 30.109894
v  54.374447 19.136845 30.109894
v  55.330769 19.136845 30.109894
v  54.374447 19.136845 24.910416
v  55.330769 19.136845 24.910431
v  54.374420 20.958351 20.152588
v  34.255615 10.687427 35.013779
v  34.255615 20.958351 35.013779
v  34.255615 20.958351 35.923004
v  34.255615 10.687451 35.923065
v  34.255459 20.958351 20.152588
v  34.255463 20.958351 19.107132
v  34.255463 10.687428 19.107132
v  34.255459 10.687413 20.152969
# 24 vertices

vt 0.401360 0.981250 0.000000
vt 0.597453 0.981250 0.000000
vt 0.750000 0.981250 0.000000
vt 0.446090 0.981250 0.000000
vt 0.500000 0.981250 0.000000
vt 0.750000 0.981250 0.000000
vt 0.500000 0.981250 0.000000
vt 0.750000 0.981250 0.000000
vt 0.500000 0.981250 0.000000
vt 0.750000 0.981250 0.000000
vt 0.500000 0.981250 0.000000
vt 0.750000 0.981250 0.000000
vt 0.750000 0.981250 0.000000
vt 0.750000 0.981250 0.000000
vt 0.500000 0.981250 0.000000
vt 0.500000 0.981250 0.000000
vt 0.500000 0.981250 0.000000
vt 0.750000 0.981250 0.000000
vt 0.500000 0.981250 0.000000
vt 0.500000 0.981250 0.000000
vt 0.500000 0.981250 0.000000
vt 0.500000 0.981250 0.000000
vt 0.750000 0.981250 0.000000
vt 0.750000 0.981250 0.000000
vt 0.750000 0.981250 0.000000
vt 0.214672 1.000000 0.000000
vt 0.682005 0.000004 0.000000
vt 0.682006 1.000000 0.000000
vt 0.000001 0.785328 0.000000
vt 0.999999 0.317993 0.000000
vt 0.999999 0.785327 0.000000
vt 0.785327 1.000000 0.000000
vt 0.317994 0.000004 0.000000
vt 0.785329 0.000007 0.000000
vt 0.500000 0.981250 0.000000
vt 0.750000 0.981250 0.000000
vt 0.750000 0.981250 0.000000
vt 0.750000 0.981250 0.000000
vt 0.500000 0.981250 0.000000
vt 0.500000 0.981250 0.000000
vt 0.500000 0.981250 0.000000
vt 0.500000 0.981250 0.000000
vt 0.750000 0.981250 0.000000
vt 0.750000 0.981250 0.000000
vt 0.750000 0.981250 0.000000
vt 0.750000 0.981250 0.000000
vt 0.750000 0.981250 0.000000
vt 0.214670 0.000007 0.000000
vt -0.000001 0.317994 0.000000
vt 0.317993 1.000000 0.000000
vt 0.500000 0.981250 0.000000
vt 0.500000 0.981250 0.000000
vt 0.597453 0.981250 0.000000
vt 0.401360 0.981250 0.000000
vt 0.446090 0.981250 0.000000
vt 0.750000 0.981250 0.000000
vt 0.500000 0.981250 0.000000
vt 0.500000 0.981250 0.000000
vt 0.750000 0.981250 0.000000
vt 0.750000 0.981250 0.000000
vt 0.500000 0.981250 0.000000
vt 0.750000 0.981250 0.000000
vt 0.750000 0.981250 0.000000
vt 0.500000 0.981250 0.000000
vt 0.500000 0.981250 0.000000
vt 0.750000 0.981250 0.000000
# 66 texture coords

o 2?_????___??002
g 2?_????___??002
f 3630/4159 3651/4212 3650/4211 3645/4160 
f 3631/4161 3653/4214 3652/4213 3632/4162 
f 3646/4215 3647/4216 3634/4193 3633/4163 
f 3636/4171 3630/4170 3645/4209 3634/4169 
f 3637/4174 3631/4173 3632/4195 3638/4172 
f 3639/4177 3640/4176 3635/4196 3633/4175 
f 3643/4186 3637/4185 3638/4206 3644/4184 
f 3642/4189 3641/4188 3643/4207 3644/4187 
f 3640/4192 3639/4191 3641/4208 3642/4190 
f 3637/4199 3643/4198 3645/4210 3631/4197 
f 3638/4203 3632/4202 3630/4204 3644/4201 
f 3630/4204 3636/4183 3642/4181 3644/4201 
f 3643/4198 3641/4178 3634/4200 3645/4210 
f 3636/4183 3635/4182 3640/4205 3642/4181 
f 3641/4178 3639/4180 3633/4179 3634/4200 
f 3650/4211 3653/4219 3631/4197 3645/4160 
f 3649/4218 3635/4194 3636/4166 3648/4217 
f 3649/4221 3646/4222 3633/4165 3635/4164 
f 3647/4223 3648/4224 3636/4168 3634/4167 
f 3652/4213 3651/4220 3630/4204 3632/4162 
# 20 polygons

#
# object ???009
#

v  54.374779 19.140760 24.917431
v  54.664734 19.140760 24.917431
v  54.664734 19.140762 30.110386
v  54.374779 19.140760 30.109161
v  54.374779 10.688331 24.917431
v  54.374779 10.688333 30.109161
v  54.664734 10.688328 24.917431
v  54.664734 10.688329 30.110386
v  54.355839 17.379021 30.156456
v  54.387543 17.379021 30.143326
v  54.400673 17.379021 30.111622
v  54.387543 17.379021 30.079920
v  54.355839 17.379021 30.066788
v  54.324139 17.379021 30.079920
v  54.311005 17.379021 30.111622
v  54.324139 17.379021 30.143326
v  54.355839 17.940809 30.156456
v  54.387543 17.940809 30.143326
v  54.400673 17.940809 30.111622
v  54.387543 17.940809 30.079920
v  54.355839 17.940809 30.066788
v  54.324139 17.940809 30.079920
v  54.311005 17.940809 30.111622
v  54.324139 17.940809 30.143326
v  54.355839 16.175558 30.156456
v  54.387543 16.175558 30.143326
v  54.400673 16.175558 30.111622
v  54.387543 16.175558 30.079920
v  54.355839 16.175558 30.066788
v  54.324139 16.175558 30.079920
v  54.311005 16.175558 30.111622
v  54.324139 16.175558 30.143326
v  54.355839 16.737349 30.156456
v  54.387543 16.737349 30.143326
v  54.400673 16.737349 30.111622
v  54.387543 16.737349 30.079920
v  54.355839 16.737349 30.066788
v  54.324139 16.737349 30.079920
v  54.311005 16.737349 30.111622
v  54.324139 16.737349 30.143326
v  54.355839 12.014170 30.156456
v  54.387543 12.014170 30.143326
v  54.400673 12.014170 30.111622
v  54.387543 12.014170 30.079920
v  54.355839 12.014170 30.066788
v  54.324139 12.014170 30.079920
v  54.311005 12.014170 30.111622
v  54.324139 12.014170 30.143326
v  54.355839 12.575960 30.156456
v  54.387543 12.575960 30.143326
v  54.400673 12.575960 30.111622
v  54.387543 12.575960 30.079920
v  54.355839 12.575960 30.066788
v  54.324139 12.575960 30.079920
v  54.311005 12.575960 30.111622
v  54.324139 12.575960 30.143326
v  54.306511 14.796040 25.594414
v  54.306511 14.696488 25.693964
v  54.306511 14.555703 25.693964
v  54.306511 14.796040 25.453629
v  54.306511 14.696488 25.354078
v  54.306511 14.555703 25.354078
v  54.306511 14.456154 25.453629
v  54.306511 14.456154 25.594414
v  54.304985 14.713211 25.560104
v  54.304985 14.662181 25.611137
v  54.304985 14.590012 25.611137
v  54.304985 14.713211 25.487936
v  54.304985 14.662181 25.436905
v  54.304985 14.590012 25.436905
v  54.304985 14.538980 25.487936
v  54.304985 14.538980 25.560104
v  54.162430 14.639219 25.555702
v  54.162430 14.657778 25.537144
v  54.162430 14.657778 25.510899
v  54.162430 14.639219 25.492340
v  54.162430 14.612973 25.492340
v  54.162430 14.594414 25.510899
v  54.162430 14.594414 25.537144
v  54.162430 14.612973 25.555702
v  54.169563 14.606411 25.571545
v  54.169563 14.645781 25.571545
v  54.169563 14.673619 25.543705
v  54.169563 14.673619 25.504337
v  54.169563 14.645781 25.476498
v  54.169563 14.606411 25.476498
v  54.169563 14.578573 25.504337
v  54.169563 14.578573 25.543705
v  54.286942 14.713211 25.560104
v  54.286942 14.662181 25.611137
v  54.286942 14.590012 25.611137
v  54.286942 14.713211 25.487936
v  54.286942 14.662181 25.436905
v  54.286942 14.590012 25.436905
v  54.286942 14.538980 25.487936
v  54.286942 14.538980 25.560104
v  54.250229 14.662181 26.046371
v  54.269989 14.662181 25.828754
v  54.250229 14.698265 25.813808
v  54.210701 14.698265 25.813808
v  54.210701 14.662181 26.046371
v  54.210701 14.590012 26.046371
v  54.250229 14.590012 26.046371
v  54.269989 14.590012 25.828754
v  54.250229 14.713211 25.560104
v  54.250229 14.713211 25.487936
v  54.210701 14.713211 25.487936
v  54.210701 14.713211 25.560104
v  54.250229 14.662181 25.436905
v  54.210701 14.662181 25.436905
v  54.250229 14.590012 25.436905
v  54.210701 14.590012 25.436905
v  54.250229 14.538980 25.487936
v  54.210701 14.538980 25.487936
v  54.250229 14.538980 25.560104
v  54.210701 14.538980 25.560104
v  54.250229 14.553927 25.813808
v  54.210701 14.553927 25.813808
v  54.190941 14.662181 25.828754
v  54.190941 14.590012 25.828754
v  54.183815 14.673619 25.543705
v  54.183815 14.645781 25.571545
v  54.183815 14.606411 25.571545
v  54.183815 14.673619 25.504337
v  54.183815 14.645781 25.476498
v  54.183815 14.606411 25.476498
v  54.183815 14.578573 25.504337
v  54.183815 14.578573 25.543705
v  54.379032 14.698265 25.698252
v  54.315849 14.697821 25.697180
v  54.379032 14.800326 25.596189
v  54.315849 14.799255 25.595745
v  54.379032 14.800326 25.451853
v  54.315849 14.799255 25.452297
v  54.379032 14.698265 25.349791
v  54.315849 14.697821 25.350863
v  54.379032 14.553927 25.349791
v  54.315849 14.554371 25.350863
v  54.379032 14.451865 25.451853
v  54.315849 14.452937 25.452297
v  54.379032 14.451865 25.596189
v  54.315849 14.452937 25.595745
v  54.379032 14.553927 25.698252
v  54.315849 14.554371 25.697180
v  54.306179 14.691090 25.680931
v  54.305794 14.666247 25.620955
v  54.306179 14.783005 25.589016
v  54.305794 14.723029 25.564173
v  54.306179 14.783005 25.459026
v  54.305794 14.723029 25.483870
v  54.306179 14.691090 25.367111
v  54.305794 14.666247 25.427088
v  54.306179 14.561101 25.367111
v  54.305794 14.585944 25.427088
v  54.306179 14.469187 25.459026
v  54.305794 14.529163 25.483870
v  54.306179 14.469187 25.589016
v  54.305794 14.529163 25.564173
v  54.306179 14.561101 25.680931
v  54.305794 14.585944 25.620955
v  54.162430 14.626097 25.555473
v  54.162430 14.648335 25.546261
v  54.164993 14.643418 25.565842
v  54.162430 14.657547 25.524021
v  54.164993 14.667916 25.541344
v  54.162430 14.648335 25.501781
v  54.164993 14.667916 25.506699
v  54.162430 14.626097 25.492569
v  54.164993 14.643418 25.482201
v  54.162430 14.603857 25.501781
v  54.164993 14.608774 25.482201
v  54.162430 14.594644 25.524021
v  54.164993 14.584276 25.506699
v  54.162430 14.603857 25.546261
v  54.164993 14.584276 25.541344
v  54.164993 14.608774 25.565842
v  54.306511 14.756573 25.654497
v  54.306511 14.626097 25.708542
v  54.306511 14.810617 25.524021
v  54.306511 14.756573 25.393545
v  54.306511 14.626097 25.339499
v  54.306511 14.495620 25.393545
v  54.306511 14.441574 25.524021
v  54.306511 14.495620 25.654497
v  54.304985 14.626097 25.618610
v  54.304985 14.692981 25.590906
v  54.304985 14.720685 25.524021
v  54.304985 14.692981 25.457136
v  54.304985 14.626097 25.429432
v  54.304985 14.559211 25.457136
v  54.304985 14.531507 25.524021
v  54.304985 14.559211 25.590906
v  54.250229 14.689244 25.980757
v  54.265045 14.662181 25.991968
v  54.250229 14.626097 26.053844
v  54.250229 14.720685 25.524021
v  54.269287 14.713211 25.560104
v  54.250229 14.702002 25.641573
v  54.250229 14.692981 25.457136
v  54.269287 14.713211 25.487936
v  54.250229 14.626097 25.429432
v  54.269287 14.662181 25.436905
v  54.250229 14.559211 25.457136
v  54.269287 14.590012 25.436905
v  54.250229 14.531507 25.524021
v  54.269287 14.538980 25.487936
v  54.250229 14.550190 25.641573
v  54.269287 14.538980 25.560104
v  54.265045 14.590012 25.991968
v  54.250229 14.562948 25.980757
v  54.190941 14.660130 25.660591
v  54.195881 14.689244 25.817545
v  54.190941 14.626097 25.836227
v  54.195881 14.662181 25.991968
v  54.190941 14.592062 25.660591
v  54.195881 14.562948 25.817545
v  54.195881 14.590012 25.991968
v  54.210701 14.550190 25.641573
v  54.210701 14.562948 25.980757
v  54.274223 14.590012 25.665541
v  54.265045 14.562948 25.817545
v  54.269989 14.626097 25.836227
v  54.274223 14.662181 25.665541
v  54.265045 14.689244 25.817545
v  54.286942 14.692981 25.590906
v  54.286942 14.626097 25.618610
v  54.286942 14.720685 25.524021
v  54.286942 14.692981 25.457136
v  54.286942 14.626097 25.429432
v  54.286942 14.559211 25.457136
v  54.286942 14.531507 25.524021
v  54.286942 14.559211 25.590906
v  54.210701 14.689244 25.980757
v  54.210701 14.626097 26.053844
v  54.210701 14.720685 25.524021
v  54.195881 14.708262 25.558056
v  54.210701 14.702002 25.641573
v  54.210701 14.692981 25.457136
v  54.195881 14.708262 25.489986
v  54.210701 14.626097 25.429432
v  54.195881 14.660130 25.441854
v  54.210701 14.559211 25.457136
v  54.195881 14.592062 25.441854
v  54.210701 14.531507 25.524021
v  54.195881 14.543929 25.489986
v  54.195881 14.543929 25.558056
v  54.189159 14.647830 25.576492
v  54.189159 14.678568 25.545755
v  54.189159 14.678568 25.502287
v  54.189159 14.647830 25.471550
v  54.189159 14.604362 25.471550
v  54.189159 14.573625 25.502287
v  54.189159 14.573625 25.545755
v  54.189159 14.604362 25.576492
v  54.183815 14.626097 25.575621
v  54.183815 14.662582 25.560507
v  54.183815 14.677696 25.524021
v  54.183815 14.662582 25.487534
v  54.183815 14.626097 25.472422
v  54.183815 14.589610 25.487534
v  54.183815 14.574496 25.524021
v  54.183815 14.589610 25.560507
v  54.169563 14.662582 25.560507
v  54.169563 14.626097 25.575621
v  54.169563 14.677696 25.524021
v  54.169563 14.662582 25.487534
v  54.169563 14.626097 25.472422
v  54.169563 14.589610 25.487534
v  54.169563 14.574496 25.524021
v  54.169563 14.589610 25.560507
v  54.306179 14.626097 25.353651
v  54.315849 14.759041 25.656967
v  54.315849 14.626097 25.712034
v  54.315849 14.814109 25.524021
v  54.315849 14.759041 25.391075
v  54.315849 14.626097 25.336008
v  54.315849 14.493151 25.391075
v  54.315849 14.438083 25.524021
v  54.315849 14.493151 25.656967
v  54.306179 14.626097 25.694391
v  54.306179 14.746566 25.644491
v  54.305794 14.700518 25.598442
v  54.305794 14.626097 25.629269
v  54.306179 14.796466 25.524021
v  54.305794 14.731344 25.524021
v  54.306179 14.746566 25.403551
v  54.305794 14.700518 25.449598
v  54.305794 14.626097 25.418774
v  54.306179 14.505625 25.403551
v  54.305794 14.551674 25.449598
v  54.306179 14.455726 25.524021
v  54.305794 14.520847 25.524021
v  54.306179 14.505625 25.644491
v  54.305794 14.551674 25.598442
v  54.162430 14.626097 25.524021
v  54.164215 14.626097 25.570160
v  54.164215 14.658722 25.556646
v  54.164215 14.672235 25.524021
v  54.164215 14.658722 25.491396
v  54.164215 14.626097 25.477880
v  54.164215 14.593471 25.491396
v  54.164215 14.579956 25.524021
v  54.164215 14.593471 25.556646
v  54.189159 14.666382 25.483734
v  54.261208 14.682226 25.941349
v  54.265045 14.626097 25.999441
v  54.269287 14.720685 25.524021
v  54.269539 14.694883 25.627626
v  54.269287 14.692981 25.457136
v  54.269287 14.626097 25.429432
v  54.269287 14.559211 25.457136
v  54.269287 14.531507 25.524021
v  54.269539 14.557309 25.627626
v  54.261208 14.569964 25.941349
v  54.194103 14.692451 25.625195
v  54.190941 14.626097 25.667641
v  54.195881 14.626097 25.999441
v  54.199722 14.682226 25.941349
v  54.194103 14.559741 25.625195
v  54.199722 14.569964 25.941349
v  54.274223 14.626097 25.673014
v  54.195881 14.715311 25.524021
v  54.195881 14.689180 25.460936
v  54.195881 14.626097 25.434807
v  54.195881 14.563011 25.460936
v  54.195881 14.536880 25.524021
v  54.189159 14.666382 25.564308
v  54.189159 14.626097 25.580994
v  54.189159 14.683069 25.524021
v  54.189159 14.626097 25.467047
v  54.189159 14.585810 25.483734
v  54.189159 14.569122 25.524021
v  54.189159 14.585810 25.564308
v  54.379032 14.759864 25.657789
v  54.379032 14.815273 25.524021
v  54.379032 14.759864 25.390253
v  54.379032 14.626097 25.334843
v  54.379032 14.492328 25.390253
v  54.379032 14.492328 25.657789
v  54.379032 14.436918 25.524021
v  54.379032 14.626097 25.713200
v  54.732384 14.796040 25.594414
v  54.732384 14.696488 25.693964
v  54.732384 14.555704 25.693964
v  54.732384 14.796040 25.453629
v  54.732384 14.696488 25.354078
v  54.732384 14.555703 25.354078
v  54.732384 14.456154 25.453629
v  54.732384 14.456154 25.594414
v  54.733913 14.713212 25.560106
v  54.733913 14.662181 25.611137
v  54.733913 14.590012 25.611137
v  54.733913 14.713212 25.487938
v  54.733913 14.662181 25.436907
v  54.733913 14.590012 25.436907
v  54.733913 14.538980 25.487938
v  54.733913 14.538980 25.560106
v  54.876465 14.639219 25.555704
v  54.876465 14.657778 25.537146
v  54.876465 14.657778 25.510899
v  54.876465 14.639219 25.492340
v  54.876465 14.612973 25.492340
v  54.876465 14.594414 25.510899
v  54.876465 14.594414 25.537146
v  54.876465 14.612973 25.555704
v  54.869339 14.606411 25.571545
v  54.869339 14.645781 25.571545
v  54.869339 14.673619 25.543707
v  54.869339 14.673619 25.504337
v  54.869339 14.645781 25.476500
v  54.869339 14.606411 25.476500
v  54.869339 14.578573 25.504337
v  54.869339 14.578573 25.543707
v  54.751953 14.713212 25.560106
v  54.751953 14.662181 25.611137
v  54.751953 14.590012 25.611137
v  54.751953 14.713212 25.487938
v  54.751953 14.662181 25.436907
v  54.751953 14.590012 25.436907
v  54.751953 14.538980 25.487938
v  54.751953 14.538980 25.560106
v  54.788666 14.662181 26.046373
v  54.768906 14.662181 25.828754
v  54.788666 14.698265 25.813808
v  54.828190 14.698265 25.813808
v  54.828190 14.662181 26.046373
v  54.828190 14.590012 26.046373
v  54.788666 14.590012 26.046373
v  54.768906 14.590012 25.828754
v  54.788666 14.713212 25.560106
v  54.788666 14.713212 25.487938
v  54.828190 14.713212 25.487938
v  54.828190 14.713212 25.560106
v  54.788666 14.662181 25.436907
v  54.828190 14.662181 25.436907
v  54.788666 14.590012 25.436907
v  54.828190 14.590012 25.436907
v  54.788666 14.538980 25.487938
v  54.828190 14.538980 25.487938
v  54.788666 14.538980 25.560106
v  54.828190 14.538980 25.560106
v  54.788666 14.553927 25.813808
v  54.828190 14.553927 25.813808
v  54.847954 14.662181 25.828754
v  54.847954 14.590012 25.828754
v  54.855080 14.673619 25.543707
v  54.855080 14.645781 25.571545
v  54.855080 14.606411 25.571545
v  54.855080 14.673619 25.504337
v  54.855080 14.645781 25.476500
v  54.855080 14.606411 25.476500
v  54.855080 14.578573 25.504337
v  54.855080 14.578573 25.543707
v  54.659859 14.698265 25.698254
v  54.723045 14.697821 25.697182
v  54.659859 14.800326 25.596191
v  54.723045 14.799255 25.595747
v  54.659859 14.800326 25.451853
v  54.723045 14.799255 25.452297
v  54.659859 14.698265 25.349791
v  54.723045 14.697821 25.350863
v  54.659859 14.553927 25.349791
v  54.723045 14.554371 25.350863
v  54.659859 14.451865 25.451853
v  54.723045 14.452937 25.452297
v  54.659859 14.451865 25.596191
v  54.723045 14.452937 25.595747
v  54.659859 14.553927 25.698254
v  54.723045 14.554371 25.697182
v  54.732719 14.691090 25.680931
v  54.733101 14.666247 25.620955
v  54.732719 14.783005 25.589016
v  54.733101 14.723029 25.564173
v  54.732719 14.783005 25.459028
v  54.733101 14.723029 25.483871
v  54.732719 14.691090 25.367113
v  54.733101 14.666247 25.427090
v  54.732719 14.561101 25.367113
v  54.733101 14.585944 25.427090
v  54.732719 14.469187 25.459028
v  54.733101 14.529163 25.483871
v  54.732719 14.469187 25.589016
v  54.733101 14.529163 25.564173
v  54.732719 14.561101 25.680931
v  54.733101 14.585944 25.620955
v  54.876465 14.626097 25.555473
v  54.876465 14.648335 25.546261
v  54.873898 14.643419 25.565842
v  54.876465 14.657547 25.524021
v  54.873898 14.667916 25.541344
v  54.876465 14.648335 25.501783
v  54.873898 14.667916 25.506699
v  54.876465 14.626097 25.492571
v  54.873898 14.643419 25.482203
v  54.876465 14.603857 25.501783
v  54.873898 14.608774 25.482203
v  54.876465 14.594644 25.524021
v  54.873898 14.584276 25.506699
v  54.876465 14.603857 25.546261
v  54.873898 14.584276 25.541344
v  54.873898 14.608774 25.565842
v  54.732384 14.756573 25.654499
v  54.732384 14.626097 25.708544
v  54.732384 14.810617 25.524021
v  54.732384 14.756573 25.393545
v  54.732384 14.626097 25.339500
v  54.732384 14.495620 25.393545
v  54.732384 14.441574 25.524021
v  54.732384 14.495620 25.654499
v  54.733913 14.626097 25.618610
v  54.733913 14.692981 25.590906
v  54.733913 14.720685 25.524021
v  54.733913 14.692981 25.457138
v  54.733913 14.626097 25.429434
v  54.733913 14.559211 25.457138
v  54.733913 14.531507 25.524021
v  54.733913 14.559211 25.590906
v  54.788666 14.689244 25.980759
v  54.773846 14.662181 25.991968
v  54.788666 14.626097 26.053846
v  54.788666 14.720685 25.524021
v  54.769608 14.713212 25.560106
v  54.788666 14.702002 25.641575
v  54.788666 14.692981 25.457138
v  54.769608 14.713212 25.487938
v  54.788666 14.626097 25.429434
v  54.769608 14.662181 25.436907
v  54.788666 14.559211 25.457138
v  54.769608 14.590012 25.436907
v  54.788666 14.531507 25.524021
v  54.769608 14.538980 25.487938
v  54.788666 14.550190 25.641575
v  54.769608 14.538980 25.560106
v  54.773846 14.590012 25.991968
v  54.788666 14.562948 25.980759
v  54.847954 14.660130 25.660593
v  54.843010 14.689244 25.817545
v  54.847954 14.626097 25.836227
v  54.843010 14.662181 25.991968
v  54.847954 14.592062 25.660593
v  54.843010 14.562948 25.817545
v  54.843010 14.590012 25.991968
v  54.828190 14.550190 25.641575
v  54.828190 14.562948 25.980759
v  54.764668 14.590012 25.665543
v  54.773846 14.562948 25.817545
v  54.768906 14.626097 25.836227
v  54.764668 14.662181 25.665543
v  54.773846 14.689244 25.817545
v  54.751953 14.692981 25.590906
v  54.751953 14.626097 25.618610
v  54.751953 14.720685 25.524021
v  54.751953 14.692981 25.457138
v  54.751953 14.626097 25.429434
v  54.751953 14.559211 25.457138
v  54.751953 14.531507 25.524021
v  54.751953 14.559211 25.590906
v  54.828190 14.689244 25.980759
v  54.828190 14.626097 26.053846
v  54.828190 14.720685 25.524021
v  54.843010 14.708262 25.558056
v  54.828190 14.702002 25.641575
v  54.828190 14.692981 25.457138
v  54.843010 14.708262 25.489988
v  54.828190 14.626097 25.429434
v  54.843010 14.660130 25.441856
v  54.828190 14.559211 25.457138
v  54.843010 14.592062 25.441856
v  54.828190 14.531507 25.524021
v  54.843010 14.543929 25.489988
v  54.843010 14.543929 25.558056
v  54.849735 14.647830 25.576494
v  54.849735 14.678568 25.545757
v  54.849735 14.678568 25.502287
v  54.849735 14.647830 25.471550
v  54.849735 14.604362 25.471550
v  54.849735 14.573625 25.502287
v  54.849735 14.573625 25.545757
v  54.849735 14.604362 25.576494
v  54.855080 14.626097 25.575623
v  54.855080 14.662582 25.560509
v  54.855080 14.677696 25.524021
v  54.855080 14.662582 25.487535
v  54.855080 14.626097 25.472422
v  54.855080 14.589610 25.487535
v  54.855080 14.574496 25.524021
v  54.855080 14.589610 25.560509
v  54.869339 14.662582 25.560509
v  54.869339 14.626097 25.575623
v  54.869339 14.677696 25.524021
v  54.869339 14.662582 25.487535
v  54.869339 14.626097 25.472422
v  54.869339 14.589610 25.487535
v  54.869339 14.574496 25.524021
v  54.869339 14.589610 25.560509
v  54.732719 14.626097 25.353653
v  54.723045 14.759041 25.656967
v  54.723045 14.626097 25.712036
v  54.723045 14.814109 25.524021
v  54.723045 14.759041 25.391077
v  54.723045 14.626097 25.336008
v  54.723045 14.493151 25.391077
v  54.723045 14.438083 25.524021
v  54.723045 14.493151 25.656967
v  54.732719 14.626097 25.694391
v  54.732719 14.746566 25.644491
v  54.733101 14.700518 25.598444
v  54.733101 14.626097 25.629271
v  54.732719 14.796466 25.524021
v  54.733101 14.731344 25.524021
v  54.732719 14.746566 25.403551
v  54.733101 14.700518 25.449600
v  54.733101 14.626097 25.418774
v  54.732719 14.505625 25.403551
v  54.733101 14.551674 25.449600
v  54.732719 14.455726 25.524021
v  54.733101 14.520847 25.524021
v  54.732719 14.505625 25.644491
v  54.733101 14.551674 25.598444
v  54.876465 14.626097 25.524021
v  54.874683 14.626097 25.570162
v  54.874683 14.658722 25.556648
v  54.874683 14.672236 25.524021
v  54.874683 14.658722 25.491396
v  54.874683 14.626097 25.477882
v  54.874683 14.593471 25.491396
v  54.874683 14.579956 25.524021
v  54.874683 14.593471 25.556648
v  54.849735 14.666382 25.483736
v  54.777687 14.682226 25.941351
v  54.773846 14.626097 25.999441
v  54.769608 14.720685 25.524021
v  54.769356 14.694883 25.627628
v  54.769608 14.692981 25.457138
v  54.769608 14.626097 25.429434
v  54.769608 14.559211 25.457138
v  54.769608 14.531507 25.524021
v  54.769356 14.557309 25.627628
v  54.777687 14.569964 25.941351
v  54.844791 14.692451 25.625196
v  54.847954 14.626097 25.667641
v  54.843010 14.626097 25.999441
v  54.839169 14.682226 25.941351
v  54.844791 14.559741 25.625196
v  54.839169 14.569964 25.941351
v  54.764668 14.626097 25.673016
v  54.843010 14.715311 25.524021
v  54.843010 14.689180 25.460938
v  54.843010 14.626097 25.434807
v  54.843010 14.563011 25.460938
v  54.843010 14.536881 25.524021
v  54.849735 14.666382 25.564308
v  54.849735 14.626097 25.580996
v  54.849735 14.683069 25.524021
v  54.849735 14.626097 25.467049
v  54.849735 14.585810 25.483736
v  54.849735 14.569123 25.524021
v  54.849735 14.585810 25.564308
v  54.659859 14.759864 25.657791
v  54.659859 14.815273 25.524021
v  54.659859 14.759864 25.390253
v  54.659859 14.626097 25.334845
v  54.659859 14.492328 25.390253
v  54.659859 14.492328 25.657791
v  54.659859 14.436918 25.524021
v  54.659859 14.626097 25.713200
# 626 vertices

vt 0.250000 0.000000 0.000000
vt 0.250000 0.031250 0.000000
vt 0.750000 0.031250 0.000000
vt 0.750000 0.000000 0.000000
vt 0.125000 0.000000 0.000000
vt 0.500000 0.000000 0.000000
vt 0.140625 0.031250 0.000000
vt 0.531250 0.031250 0.000000
vt 0.750000 0.000000 1.000000
vt 0.875000 0.000000 1.000000
vt 0.000000 0.000000 1.000000
vt 0.125000 0.000000 1.000000
vt 0.250000 0.000000 1.000000
vt 0.375000 0.000000 1.000000
vt 0.500000 0.000000 1.000000
vt 0.625000 0.000000 1.000000
vt 0.750000 1.000000 1.000000
vt 0.875000 1.000000 1.000000
vt 0.000000 1.000000 1.000000
vt 0.125000 1.000000 1.000000
vt 0.250000 1.000000 1.000000
vt 0.375000 1.000000 1.000000
vt 0.500000 1.000000 1.000000
vt 0.625000 1.000000 1.000000
vt -0.125000 0.000000 1.000000
vt -0.125000 1.000000 1.000000
vt 0.780330 0.000000 0.414214
vt 0.521447 0.000000 -0.414214
vt 0.250000 0.000000 -1.000000
vt 0.125000 0.000000 -1.000000
vt 0.219670 0.000000 -0.414214
vt 0.478553 0.000000 0.414213
vt 0.780330 1.000000 0.414214
vt 0.521447 1.000000 -0.414213
vt 0.250000 1.000000 -1.000000
vt 0.125000 1.000000 -1.000000
vt 0.219670 1.000000 -0.414214
vt 0.750000 0.000000 1.000000
vt 0.875000 0.000000 1.000000
vt 0.000000 0.000000 1.000000
vt 0.125000 0.000000 1.000000
vt 0.250000 0.000000 1.000000
vt 0.375000 0.000000 1.000000
vt 0.500000 0.000000 1.000000
vt 0.625000 0.000000 1.000000
vt 0.750000 1.000000 1.000000
vt 0.875000 1.000000 1.000000
vt 0.000000 1.000000 1.000000
vt 0.125000 1.000000 1.000000
vt 0.250000 1.000000 1.000000
vt 0.375000 1.000000 1.000000
vt 0.500000 1.000000 1.000000
vt 0.625000 1.000000 1.000000
vt -0.125000 0.000000 1.000000
vt -0.125000 1.000000 1.000000
vt 0.780330 0.000000 0.414214
vt 0.521447 0.000000 -0.414214
vt 0.250000 0.000000 -1.000000
vt 0.125000 0.000000 -1.000000
vt 0.219670 0.000000 -0.414214
vt 0.478553 0.000000 0.414213
vt 0.780330 1.000000 0.414214
vt 0.521447 1.000000 -0.414213
vt 0.250000 1.000000 -1.000000
vt 0.125000 1.000000 -1.000000
vt 0.219670 1.000000 -0.414214
vt 0.750000 0.000000 1.000000
vt 0.875000 0.000000 1.000000
vt 0.000000 0.000000 1.000000
vt 0.125000 0.000000 1.000000
vt 0.250000 0.000000 1.000000
vt 0.375000 0.000000 1.000000
vt 0.500000 0.000000 1.000000
vt 0.625000 0.000000 1.000000
vt 0.750000 1.000000 1.000000
vt 0.875000 1.000000 1.000000
vt 0.000000 1.000000 1.000000
vt 0.125000 1.000000 1.000000
vt 0.250000 1.000000 1.000000
vt 0.375000 1.000000 1.000000
vt 0.500000 1.000000 1.000000
vt 0.625000 1.000000 1.000000
vt -0.125000 0.000000 1.000000
vt -0.125000 1.000000 1.000000
vt 0.780330 0.000000 0.414214
vt 0.521447 0.000000 -0.414214
vt 0.250000 0.000000 -1.000000
vt 0.125000 0.000000 -1.000000
vt 0.219670 0.000000 -0.414214
vt 0.478553 0.000000 0.414213
vt 0.780330 1.000000 0.414214
vt 0.521447 1.000000 -0.414213
vt 0.250000 1.000000 -1.000000
vt 0.125000 1.000000 -1.000000
vt 0.219670 1.000000 -0.414214
vt 0.750000 0.000000 1.000000
vt 0.812500 0.000000 1.000000
vt 0.875000 0.000000 1.000000
vt 0.875000 0.987854 1.000000
vt 0.812500 0.865890 0.993847
vt 0.750000 0.865890 0.993847
vt -0.125000 0.000000 1.000000
vt -0.062500 0.000000 1.000000
vt 0.000000 0.000000 1.000000
vt 0.000000 0.987854 1.000000
vt -0.062500 0.987854 1.000000
vt -0.125000 0.987854 1.000000
vt 0.062500 0.000000 1.000000
vt 0.125000 0.000000 1.000000
vt 0.125000 0.865890 0.993847
vt 0.062500 0.865890 0.993847
vt 0.187500 0.000000 1.000000
vt 0.250000 0.000000 1.000000
vt 0.250000 0.865890 0.993847
vt 0.187500 0.865890 0.993847
vt 0.312500 0.000000 1.000000
vt 0.375000 0.000000 1.000000
vt 0.375000 0.865890 0.993847
vt 0.312500 0.865890 0.993847
vt 0.437500 0.000000 1.000000
vt 0.500000 0.000000 1.000000
vt 0.500000 0.865890 0.993847
vt 0.437500 0.865890 0.993847
vt 0.562500 0.000000 1.000000
vt 0.625000 0.000000 1.000000
vt 0.625000 0.865890 0.993847
vt 0.562500 0.865890 0.993847
vt 0.687500 0.000000 1.000000
vt 0.687500 0.865890 0.993847
vt 0.750000 0.998482 0.900582
vt 0.812500 0.998482 0.900582
vt 0.875000 1.000000 0.950777
vt 0.875000 1.000000 0.556347
vt 0.812500 1.000000 0.556347
vt 0.750000 1.000000 0.556347
vt -0.125000 1.000000 0.950777
vt -0.062500 0.997977 0.899823
vt 0.000000 1.000000 0.950777
vt 0.000000 1.000000 0.556347
vt -0.062500 1.000000 0.556347
vt -0.125000 1.000000 0.556347
vt 0.062500 0.998482 0.900582
vt 0.125000 0.998482 0.900582
vt 0.125000 1.000000 0.556347
vt 0.062500 1.000000 0.556347
vt 0.187500 0.998482 0.900582
vt 0.250000 0.998482 0.900582
vt 0.250000 1.000000 0.556347
vt 0.187500 1.000000 0.556347
vt 0.312500 0.998482 0.900582
vt 0.375000 0.998482 0.900582
vt 0.375000 1.000000 0.556347
vt 0.312500 1.000000 0.556347
vt 0.437500 0.998482 0.900582
vt 0.500000 0.998482 0.900582
vt 0.500000 1.000000 0.556347
vt 0.437500 1.000000 0.556347
vt 0.562500 0.998482 0.900582
vt 0.625000 0.998482 0.900582
vt 0.625000 1.000000 0.556347
vt 0.562500 1.000000 0.556347
vt 0.687500 0.998482 0.900582
vt 0.687500 1.000000 0.556347
vt 0.500000 1.000000 0.104167
vt 0.645833 1.000000 0.291667
vt 0.708333 1.000000 0.333333
vt 0.687500 1.000000 0.291667
vt 0.723958 1.000000 0.447917
vt 0.786458 1.000000 0.458333
vt 0.875000 1.000000 0.447917
vt 0.187500 1.000000 0.291667
vt 0.125000 1.000000 0.333333
vt 0.208333 1.000000 0.291667
vt -0.125000 1.000000 0.447917
vt -0.015625 1.000000 0.458333
vt 0.052083 1.000000 0.447917
vt 0.208333 1.000000 0.333333
vt 0.281250 1.000000 0.291667
vt 0.098958 1.000000 0.458333
vt 0.164063 1.000000 0.447917
vt 0.291667 1.000000 0.333333
vt 0.354167 1.000000 0.291667
vt 0.213542 1.000000 0.458333
vt 0.276042 1.000000 0.447917
vt 0.375000 1.000000 0.333333
vt 0.427083 1.000000 0.291667
vt 0.328125 1.000000 0.458333
vt 0.388021 1.000000 0.447917
vt 0.458333 1.000000 0.333333
vt 0.500000 1.000000 0.291667
vt 0.442708 1.000000 0.458333
vt 0.500000 1.000000 0.447917
vt 0.541667 1.000000 0.333333
vt 0.572917 1.000000 0.291667
vt 0.557292 1.000000 0.458333
vt 0.611979 1.000000 0.447917
vt 0.625000 1.000000 0.333333
vt 0.671875 1.000000 0.458333
vt 0.875000 0.993927 0.975388
vt 0.812500 0.993927 0.975388
vt 0.750000 0.993927 0.975388
vt 0.000380 0.983818 0.993927
vt 0.000190 0.991909 0.972352
vt -0.062500 0.991909 0.972352
vt -0.062500 0.983818 0.993927
vt -0.125380 0.991909 0.972352
vt -0.125759 0.983818 0.993927
vt 0.125000 0.993927 0.975388
vt 0.062500 0.993927 0.975388
vt 0.000000 0.993927 0.975388
vt 0.250000 0.993927 0.975388
vt 0.187500 0.993927 0.975388
vt 0.375000 0.993927 0.975388
vt 0.312500 0.993927 0.975388
vt 0.500000 0.993927 0.975388
vt 0.437500 0.993927 0.975388
vt 0.625000 0.993927 0.975388
vt 0.562500 0.993927 0.975388
vt 0.687500 0.993927 0.975388
vt 0.812500 1.000000 0.500000
vt 0.750000 1.000000 0.500000
vt 0.875000 1.000000 0.500000
vt -0.062500 1.000000 0.500000
vt -0.125000 1.000000 0.500000
vt 0.000000 1.000000 0.500000
vt 0.062500 1.000000 0.500000
vt 0.125000 1.000000 0.500000
vt 0.187500 1.000000 0.500000
vt 0.250000 1.000000 0.500000
vt 0.312500 1.000000 0.500000
vt 0.375000 1.000000 0.500000
vt 0.437500 1.000000 0.500000
vt 0.500000 1.000000 0.500000
vt 0.562500 1.000000 0.500000
vt 0.625000 1.000000 0.500000
vt 0.687500 1.000000 0.500000
vt 0.847222 1.000000 0.500000
vt 0.859375 1.000000 0.500000
vt 0.812500 1.000000 0.500000
vt 0.812500 1.000000 0.500000
vt 0.750000 1.000000 0.500000
vt 0.750000 1.000000 0.500000
vt 0.000000 1.000000 0.500000
vt 0.000000 1.000000 0.500000
vt -0.062500 1.000000 0.500000
vt -0.062500 1.000000 0.500000
vt -0.125000 1.000000 0.500000
vt -0.125000 1.000000 0.500000
vt 0.125000 1.000000 0.500000
vt 0.125000 1.000000 0.500000
vt 0.062500 1.000000 0.500000
vt 0.062500 1.000000 0.500000
vt 0.250000 1.000000 0.500000
vt 0.250000 1.000000 0.500000
vt 0.187500 1.000000 0.500000
vt 0.187500 1.000000 0.500000
vt 0.375000 1.000000 0.500000
vt 0.375000 1.000000 0.500000
vt 0.312500 1.000000 0.500000
vt 0.312500 1.000000 0.500000
vt 0.500000 1.000000 0.500000
vt 0.500000 1.000000 0.500000
vt 0.437500 1.000000 0.500000
vt 0.437500 1.000000 0.500000
vt 0.625000 1.000000 0.500000
vt 0.609375 1.000000 0.500000
vt 0.562500 1.000000 0.500000
vt 0.562500 1.000000 0.500000
vt 0.687500 1.000000 0.500000
vt 0.687500 1.000000 0.500000
vt 0.640625 1.000000 0.500000
vt 0.652778 1.000000 0.500000
vt 0.875000 1.000000 0.500000
vt 0.812500 1.000000 0.500000
vt 0.812500 1.000000 0.500000
vt 0.859375 1.000000 0.500000
vt 0.750000 1.000000 0.500000
vt 0.750000 1.000000 0.500000
vt 0.750000 1.000000 0.500000
vt 0.812500 1.000000 0.500000
vt 0.847222 1.000000 0.500000
vt 0.687500 1.000000 0.500000
vt 0.687500 1.000000 0.500000
vt 0.625000 1.000000 0.500000
vt 0.640625 1.000000 0.500000
vt 0.652778 1.000000 0.500000
vt 0.687500 1.000000 0.500000
vt 0.609375 1.000000 0.500000
vt 0.625000 1.000000 0.500000
vt 0.640625 1.000000 0.500000
vt 0.687500 1.000000 0.500000
vt 0.687500 1.000000 0.500000
vt 0.640625 1.000000 0.500000
vt 0.750000 1.000000 0.500000
vt 0.750000 1.000000 0.500000
vt 0.812500 1.000000 0.500000
vt 0.812500 1.000000 0.500000
vt 0.875000 1.000000 0.500000
vt 0.859375 1.000000 0.500000
vt 0.875000 1.000000 0.500000
vt 0.875000 1.000000 0.500000
vt 0.875000 1.000000 0.500000
vt 0.812500 1.000000 0.500000
vt 0.750000 1.000000 0.500000
vt 0.000000 1.000000 0.500000
vt -0.062500 1.000000 0.500000
vt -0.125000 1.000000 0.500000
vt 0.125000 1.000000 0.500000
vt 0.062500 1.000000 0.500000
vt 0.250000 1.000000 0.500000
vt 0.187500 1.000000 0.500000
vt 0.375000 1.000000 0.500000
vt 0.312500 1.000000 0.500000
vt 0.500000 1.000000 0.500000
vt 0.437500 1.000000 0.500000
vt 0.625000 1.000000 0.500000
vt 0.562500 1.000000 0.500000
vt 0.687500 1.000000 0.500000
vt 0.859375 1.000000 0.500000
vt 0.812500 1.000000 0.500000
vt 0.750000 1.000000 0.500000
vt 0.000000 1.000000 0.500000
vt -0.062500 1.000000 0.500000
vt 0.000000 1.000000 0.500000
vt -0.062500 1.000000 0.500000
vt -0.125000 1.000000 0.500000
vt -0.125000 1.000000 0.500000
vt 0.125000 1.000000 0.500000
vt 0.062500 1.000000 0.500000
vt 0.125000 1.000000 0.500000
vt 0.062500 1.000000 0.500000
vt 0.250000 1.000000 0.500000
vt 0.187500 1.000000 0.500000
vt 0.250000 1.000000 0.500000
vt 0.187500 1.000000 0.500000
vt 0.375000 1.000000 0.500000
vt 0.312500 1.000000 0.500000
vt 0.375000 1.000000 0.500000
vt 0.312500 1.000000 0.500000
vt 0.500000 1.000000 0.500000
vt 0.437500 1.000000 0.500000
vt 0.500000 1.000000 0.500000
vt 0.437500 1.000000 0.500000
vt 0.562500 1.000000 0.500000
vt 0.562500 1.000000 0.500000
vt 0.687500 1.000000 0.500000
vt 0.625000 1.000000 0.500000
vt 0.875000 1.000000 0.500000
vt 0.875000 1.000000 0.500000
vt 0.875000 1.000000 0.500000
vt 0.812500 1.000000 0.500000
vt 0.750000 1.000000 0.500000
vt 0.000000 1.000000 0.500000
vt -0.062500 1.000000 0.500000
vt -0.125000 1.000000 0.500000
vt 0.125000 1.000000 0.500000
vt 0.062500 1.000000 0.500000
vt 0.250000 1.000000 0.500000
vt 0.187500 1.000000 0.500000
vt 0.375000 1.000000 0.500000
vt 0.312500 1.000000 0.500000
vt 0.500000 1.000000 0.500000
vt 0.437500 1.000000 0.500000
vt 0.625000 1.000000 0.500000
vt 0.562500 1.000000 0.500000
vt 0.687500 1.000000 0.500000
vt 0.812500 1.000000 0.500000
vt 0.750000 1.000000 0.500000
vt 0.875000 1.000000 0.500000
vt -0.062500 1.000000 0.500000
vt -0.125000 1.000000 0.500000
vt 0.000000 1.000000 0.500000
vt 0.062500 1.000000 0.500000
vt 0.125000 1.000000 0.500000
vt 0.187500 1.000000 0.500000
vt 0.250000 1.000000 0.500000
vt 0.312500 1.000000 0.500000
vt 0.375000 1.000000 0.500000
vt 0.437500 1.000000 0.500000
vt 0.500000 1.000000 0.500000
vt 0.562500 1.000000 0.500000
vt 0.625000 1.000000 0.500000
vt 0.687500 1.000000 0.500000
vt 0.875000 1.000000 0.500000
vt 0.812500 1.000000 0.500000
vt 0.750000 1.000000 0.500000
vt 0.000000 1.000000 0.500000
vt -0.062500 1.000000 0.500000
vt -0.125000 1.000000 0.500000
vt 0.125000 1.000000 0.500000
vt 0.062500 1.000000 0.500000
vt 0.250000 1.000000 0.500000
vt 0.187500 1.000000 0.500000
vt 0.375000 1.000000 0.500000
vt 0.312500 1.000000 0.500000
vt 0.500000 1.000000 0.500000
vt 0.437500 1.000000 0.500000
vt 0.625000 1.000000 0.500000
vt 0.562500 1.000000 0.500000
vt 0.687500 1.000000 0.500000
vt 0.750000 0.000000 1.000000
vt 0.812500 0.000000 1.000000
vt 0.875000 0.000000 1.000000
vt 0.875000 0.987854 1.000000
vt 0.812500 0.865890 0.993847
vt 0.750000 0.865890 0.993847
vt -0.125000 0.000000 1.000000
vt -0.062500 0.000000 1.000000
vt 0.000000 0.000000 1.000000
vt 0.000000 0.987854 1.000000
vt -0.062500 0.987854 1.000000
vt -0.125000 0.987854 1.000000
vt 0.062500 0.000000 1.000000
vt 0.125000 0.000000 1.000000
vt 0.125000 0.865890 0.993847
vt 0.062500 0.865890 0.993847
vt 0.187500 0.000000 1.000000
vt 0.250000 0.000000 1.000000
vt 0.250000 0.865890 0.993847
vt 0.187500 0.865890 0.993847
vt 0.312500 0.000000 1.000000
vt 0.375000 0.000000 1.000000
vt 0.375000 0.865890 0.993847
vt 0.312500 0.865890 0.993847
vt 0.437500 0.000000 1.000000
vt 0.500000 0.000000 1.000000
vt 0.500000 0.865890 0.993847
vt 0.437500 0.865890 0.993847
vt 0.562500 0.000000 1.000000
vt 0.625000 0.000000 1.000000
vt 0.625000 0.865890 0.993847
vt 0.562500 0.865890 0.993847
vt 0.687500 0.000000 1.000000
vt 0.687500 0.865890 0.993847
vt 0.750000 0.998482 0.900582
vt 0.812500 0.998482 0.900582
vt 0.875000 1.000000 0.950777
vt 0.875000 1.000000 0.556347
vt 0.812500 1.000000 0.556347
vt 0.750000 1.000000 0.556347
vt -0.125000 1.000000 0.950777
vt -0.062500 0.997977 0.899823
vt 0.000000 1.000000 0.950777
vt 0.000000 1.000000 0.556347
vt -0.062500 1.000000 0.556347
vt -0.125000 1.000000 0.556347
vt 0.062500 0.998482 0.900582
vt 0.125000 0.998482 0.900582
vt 0.125000 1.000000 0.556347
vt 0.062500 1.000000 0.556347
vt 0.187500 0.998482 0.900582
vt 0.250000 0.998482 0.900582
vt 0.250000 1.000000 0.556347
vt 0.187500 1.000000 0.556347
vt 0.312500 0.998482 0.900582
vt 0.375000 0.998482 0.900582
vt 0.375000 1.000000 0.556347
vt 0.312500 1.000000 0.556347
vt 0.437500 0.998482 0.900582
vt 0.500000 0.998482 0.900582
vt 0.500000 1.000000 0.556347
vt 0.437500 1.000000 0.556347
vt 0.562500 0.998482 0.900582
vt 0.625000 0.998482 0.900582
vt 0.625000 1.000000 0.556347
vt 0.562500 1.000000 0.556347
vt 0.687500 0.998482 0.900582
vt 0.687500 1.000000 0.556347
vt 0.500000 1.000000 0.104167
vt 0.645833 1.000000 0.291667
vt 0.708333 1.000000 0.333333
vt 0.687500 1.000000 0.291667
vt 0.723958 1.000000 0.447917
vt 0.786458 1.000000 0.458333
vt 0.875000 1.000000 0.447917
vt 0.187500 1.000000 0.291667
vt 0.125000 1.000000 0.333333
vt 0.208333 1.000000 0.291667
vt -0.125000 1.000000 0.447917
vt -0.015625 1.000000 0.458333
vt 0.052083 1.000000 0.447917
vt 0.208333 1.000000 0.333333
vt 0.281250 1.000000 0.291667
vt 0.098958 1.000000 0.458333
vt 0.164063 1.000000 0.447917
vt 0.291667 1.000000 0.333333
vt 0.354167 1.000000 0.291667
vt 0.213542 1.000000 0.458333
vt 0.276042 1.000000 0.447917
vt 0.375000 1.000000 0.333333
vt 0.427083 1.000000 0.291667
vt 0.328125 1.000000 0.458333
vt 0.388021 1.000000 0.447917
vt 0.458333 1.000000 0.333333
vt 0.500000 1.000000 0.291667
vt 0.442708 1.000000 0.458333
vt 0.500000 1.000000 0.447917
vt 0.541667 1.000000 0.333333
vt 0.572917 1.000000 0.291667
vt 0.557292 1.000000 0.458333
vt 0.611979 1.000000 0.447917
vt 0.625000 1.000000 0.333333
vt 0.671875 1.000000 0.458333
vt 0.875000 0.993927 0.975388
vt 0.812500 0.993927 0.975388
vt 0.750000 0.993927 0.975388
vt 0.000380 0.983818 0.993927
vt 0.000190 0.991909 0.972352
vt -0.062500 0.991909 0.972352
vt -0.062500 0.983818 0.993927
vt -0.125380 0.991909 0.972352
vt -0.125759 0.983818 0.993927
vt 0.125000 0.993927 0.975388
vt 0.062500 0.993927 0.975388
vt 0.000000 0.993927 0.975388
vt 0.250000 0.993927 0.975388
vt 0.187500 0.993927 0.975388
vt 0.375000 0.993927 0.975388
vt 0.312500 0.993927 0.975388
vt 0.500000 0.993927 0.975388
vt 0.437500 0.993927 0.975388
vt 0.625000 0.993927 0.975388
vt 0.562500 0.993927 0.975388
vt 0.687500 0.993927 0.975388
vt 0.812500 1.000000 0.500000
vt 0.750000 1.000000 0.500000
vt 0.875000 1.000000 0.500000
vt -0.062500 1.000000 0.500000
vt -0.125000 1.000000 0.500000
vt 0.000000 1.000000 0.500000
vt 0.062500 1.000000 0.500000
vt 0.125000 1.000000 0.500000
vt 0.187500 1.000000 0.500000
vt 0.250000 1.000000 0.500000
vt 0.312500 1.000000 0.500000
vt 0.375000 1.000000 0.500000
vt 0.437500 1.000000 0.500000
vt 0.500000 1.000000 0.500000
vt 0.562500 1.000000 0.500000
vt 0.625000 1.000000 0.500000
vt 0.687500 1.000000 0.500000
vt 0.847222 1.000000 0.500000
vt 0.859375 1.000000 0.500000
vt 0.812500 1.000000 0.500000
vt 0.812500 1.000000 0.500000
vt 0.750000 1.000000 0.500000
vt 0.750000 1.000000 0.500000
vt 0.000000 1.000000 0.500000
vt 0.000000 1.000000 0.500000
vt -0.062500 1.000000 0.500000
vt -0.062500 1.000000 0.500000
vt -0.125000 1.000000 0.500000
vt -0.125000 1.000000 0.500000
vt 0.125000 1.000000 0.500000
vt 0.125000 1.000000 0.500000
vt 0.062500 1.000000 0.500000
vt 0.062500 1.000000 0.500000
vt 0.250000 1.000000 0.500000
vt 0.250000 1.000000 0.500000
vt 0.187500 1.000000 0.500000
vt 0.187500 1.000000 0.500000
vt 0.375000 1.000000 0.500000
vt 0.375000 1.000000 0.500000
vt 0.312500 1.000000 0.500000
vt 0.312500 1.000000 0.500000
vt 0.500000 1.000000 0.500000
vt 0.500000 1.000000 0.500000
vt 0.437500 1.000000 0.500000
vt 0.437500 1.000000 0.500000
vt 0.625000 1.000000 0.500000
vt 0.609375 1.000000 0.500000
vt 0.562500 1.000000 0.500000
vt 0.562500 1.000000 0.500000
vt 0.687500 1.000000 0.500000
vt 0.687500 1.000000 0.500000
vt 0.640625 1.000000 0.500000
vt 0.652778 1.000000 0.500000
vt 0.875000 1.000000 0.500000
vt 0.812500 1.000000 0.500000
vt 0.812500 1.000000 0.500000
vt 0.859375 1.000000 0.500000
vt 0.750000 1.000000 0.500000
vt 0.750000 1.000000 0.500000
vt 0.750000 1.000000 0.500000
vt 0.812500 1.000000 0.500000
vt 0.847222 1.000000 0.500000
vt 0.687500 1.000000 0.500000
vt 0.687500 1.000000 0.500000
vt 0.625000 1.000000 0.500000
vt 0.640625 1.000000 0.500000
vt 0.652778 1.000000 0.500000
vt 0.687500 1.000000 0.500000
vt 0.609375 1.000000 0.500000
vt 0.625000 1.000000 0.500000
vt 0.640625 1.000000 0.500000
vt 0.687500 1.000000 0.500000
vt 0.687500 1.000000 0.500000
vt 0.640625 1.000000 0.500000
vt 0.750000 1.000000 0.500000
vt 0.750000 1.000000 0.500000
vt 0.812500 1.000000 0.500000
vt 0.812500 1.000000 0.500000
vt 0.875000 1.000000 0.500000
vt 0.859375 1.000000 0.500000
vt 0.875000 1.000000 0.500000
vt 0.875000 1.000000 0.500000
vt 0.875000 1.000000 0.500000
vt 0.812500 1.000000 0.500000
vt 0.750000 1.000000 0.500000
vt 0.000000 1.000000 0.500000
vt -0.062500 1.000000 0.500000
vt -0.125000 1.000000 0.500000
vt 0.125000 1.000000 0.500000
vt 0.062500 1.000000 0.500000
vt 0.250000 1.000000 0.500000
vt 0.187500 1.000000 0.500000
vt 0.375000 1.000000 0.500000
vt 0.312500 1.000000 0.500000
vt 0.500000 1.000000 0.500000
vt 0.437500 1.000000 0.500000
vt 0.625000 1.000000 0.500000
vt 0.562500 1.000000 0.500000
vt 0.687500 1.000000 0.500000
vt 0.859375 1.000000 0.500000
vt 0.812500 1.000000 0.500000
vt 0.750000 1.000000 0.500000
vt 0.000000 1.000000 0.500000
vt -0.062500 1.000000 0.500000
vt 0.000000 1.000000 0.500000
vt -0.062500 1.000000 0.500000
vt -0.125000 1.000000 0.500000
vt -0.125000 1.000000 0.500000
vt 0.125000 1.000000 0.500000
vt 0.062500 1.000000 0.500000
vt 0.125000 1.000000 0.500000
vt 0.062500 1.000000 0.500000
vt 0.250000 1.000000 0.500000
vt 0.187500 1.000000 0.500000
vt 0.250000 1.000000 0.500000
vt 0.187500 1.000000 0.500000
vt 0.375000 1.000000 0.500000
vt 0.312500 1.000000 0.500000
vt 0.375000 1.000000 0.500000
vt 0.312500 1.000000 0.500000
vt 0.500000 1.000000 0.500000
vt 0.437500 1.000000 0.500000
vt 0.500000 1.000000 0.500000
vt 0.437500 1.000000 0.500000
vt 0.562500 1.000000 0.500000
vt 0.562500 1.000000 0.500000
vt 0.687500 1.000000 0.500000
vt 0.625000 1.000000 0.500000
vt 0.875000 1.000000 0.500000
vt 0.875000 1.000000 0.500000
vt 0.875000 1.000000 0.500000
vt 0.812500 1.000000 0.500000
vt 0.750000 1.000000 0.500000
vt 0.000000 1.000000 0.500000
vt -0.062500 1.000000 0.500000
vt -0.125000 1.000000 0.500000
vt 0.125000 1.000000 0.500000
vt 0.062500 1.000000 0.500000
vt 0.250000 1.000000 0.500000
vt 0.187500 1.000000 0.500000
vt 0.375000 1.000000 0.500000
vt 0.312500 1.000000 0.500000
vt 0.500000 1.000000 0.500000
vt 0.437500 1.000000 0.500000
vt 0.625000 1.000000 0.500000
vt 0.562500 1.000000 0.500000
vt 0.687500 1.000000 0.500000
vt 0.812500 1.000000 0.500000
vt 0.750000 1.000000 0.500000
vt 0.875000 1.000000 0.500000
vt -0.062500 1.000000 0.500000
vt -0.125000 1.000000 0.500000
vt 0.000000 1.000000 0.500000
vt 0.062500 1.000000 0.500000
vt 0.125000 1.000000 0.500000
vt 0.187500 1.000000 0.500000
vt 0.250000 1.000000 0.500000
vt 0.312500 1.000000 0.500000
vt 0.375000 1.000000 0.500000
vt 0.437500 1.000000 0.500000
vt 0.500000 1.000000 0.500000
vt 0.562500 1.000000 0.500000
vt 0.625000 1.000000 0.500000
vt 0.687500 1.000000 0.500000
vt 0.875000 1.000000 0.500000
vt 0.812500 1.000000 0.500000
vt 0.750000 1.000000 0.500000
vt 0.000000 1.000000 0.500000
vt -0.062500 1.000000 0.500000
vt -0.125000 1.000000 0.500000
vt 0.125000 1.000000 0.500000
vt 0.062500 1.000000 0.500000
vt 0.250000 1.000000 0.500000
vt 0.187500 1.000000 0.500000
vt 0.375000 1.000000 0.500000
vt 0.312500 1.000000 0.500000
vt 0.500000 1.000000 0.500000
vt 0.437500 1.000000 0.500000
vt 0.625000 1.000000 0.500000
vt 0.562500 1.000000 0.500000
vt 0.687500 1.000000 0.500000
# 705 texture coords

o ???009
g ???009
f 3654/4225 3655/4226 3660/4231 3658/4229 
f 3654/4225 3657/4228 3656/4227 3655/4226 
f 3659/4230 3661/4232 3656/4227 3657/4228 
f 3660/4231 3661/4232 3659/4230 3658/4229 
f 3657/4228 3654/4225 3658/4229 3659/4230 
f 3655/4226 3656/4227 3661/4232 3660/4231 
f 3669/4256 3668/4255 3667/4254 3666/4253 3665/4252 3664/4251 3663/4234 3662/4233 
f 3662/4233 3663/4234 3671/4242 3670/4241 
f 3663/4249 3664/4235 3672/4243 3671/4250 
f 3664/4235 3665/4236 3673/4244 3672/4243 
f 3665/4236 3666/4237 3674/4245 3673/4244 
f 3666/4237 3667/4238 3675/4246 3674/4245 
f 3667/4238 3668/4239 3676/4247 3675/4246 
f 3668/4239 3669/4240 3677/4248 3676/4247 
f 3669/4240 3662/4233 3670/4241 3677/4248 
f 3677/4248 3670/4241 3671/4242 3672/4257 3673/4258 3674/4259 3675/4260 3676/4261 
f 3685/4285 3684/4284 3683/4283 3682/4282 3681/4281 3680/4280 3679/4263 3678/4262 
f 3678/4262 3679/4263 3687/4271 3686/4270 
f 3679/4278 3680/4264 3688/4272 3687/4279 
f 3680/4264 3681/4265 3689/4273 3688/4272 
f 3681/4265 3682/4266 3690/4274 3689/4273 
f 3682/4266 3683/4267 3691/4275 3690/4274 
f 3683/4267 3684/4268 3692/4276 3691/4275 
f 3684/4268 3685/4269 3693/4277 3692/4276 
f 3685/4269 3678/4262 3686/4270 3693/4277 
f 3693/4277 3686/4270 3687/4271 3688/4286 3689/4287 3690/4288 3691/4289 3692/4290 
f 3701/4314 3700/4313 3699/4312 3698/4311 3697/4310 3696/4309 3695/4292 3694/4291 
f 3694/4291 3695/4292 3703/4300 3702/4299 
f 3695/4307 3696/4293 3704/4301 3703/4308 
f 3696/4293 3697/4294 3705/4302 3704/4301 
f 3697/4294 3698/4295 3706/4303 3705/4302 
f 3698/4295 3699/4296 3707/4304 3706/4303 
f 3699/4296 3700/4297 3708/4305 3707/4304 
f 3700/4297 3701/4298 3709/4306 3708/4305 
f 3701/4298 3694/4291 3702/4299 3709/4306 
f 3709/4306 3702/4299 3703/4300 3704/4315 3705/4316 3706/4317 3707/4318 3708/4319 
f 3994/4320 3782/4321 3783/4324 3926/4325 
f 3782/4321 3987/4322 3925/4323 3783/4324 
f 3987/4326 3784/4327 3785/4330 3925/4331 
f 3784/4327 3988/4328 3927/4329 3785/4330 
f 3988/4328 3786/4332 3787/4335 3927/4329 
f 3786/4332 3989/4333 3928/4334 3787/4335 
f 3989/4333 3788/4336 3789/4339 3928/4334 
f 3788/4336 3990/4337 3929/4338 3789/4339 
f 3990/4337 3790/4340 3791/4343 3929/4338 
f 3790/4340 3991/4341 3930/4342 3791/4343 
f 3991/4341 3792/4344 3793/4347 3930/4342 
f 3792/4344 3993/4345 3931/4346 3793/4347 
f 3993/4345 3794/4348 3795/4351 3931/4346 
f 3794/4348 3992/4349 3932/4350 3795/4351 
f 3992/4349 3796/4352 3797/4353 3932/4350 
f 3796/4352 3994/4320 3926/4325 3797/4353 
f 3933/4354 3798/4355 3799/4358 3936/4359 
f 3798/4355 3934/4356 3935/4357 3799/4358 
f 3934/4360 3800/4361 3801/4364 3935/4365 
f 3800/4361 3937/4362 3938/4363 3801/4364 
f 3937/4362 3802/4366 3803/4369 3938/4363 
f 3802/4366 3939/4367 3940/4368 3803/4369 
f 3939/4367 3804/4370 3805/4373 3940/4368 
f 3804/4370 3924/4371 3941/4372 3805/4373 
f 3924/4371 3806/4374 3807/4377 3941/4372 
f 3806/4374 3942/4375 3943/4376 3807/4377 
f 3942/4375 3808/4378 3809/4381 3943/4376 
f 3808/4378 3944/4379 3945/4380 3809/4381 
f 3944/4379 3810/4382 3811/4385 3945/4380 
f 3810/4382 3946/4383 3947/4384 3811/4385 
f 3946/4383 3812/4386 3813/4387 3947/4384 
f 3812/4386 3933/4354 3936/4359 3813/4387 
f 3948/4388 3814/4389 3726/4390 3815/4391 
f 3949/4392 3816/4393 3726/4390 3814/4389 
f 3950/4394 3815/4391 3726/4390 3816/4393 
f 3948/4388 3815/4395 3727/4396 3817/4397 
f 3950/4398 3818/4399 3727/4396 3815/4395 
f 3951/4400 3817/4397 3727/4396 3818/4399 
f 3948/4388 3817/4397 3728/4401 3819/4402 
f 3951/4400 3820/4403 3728/4401 3817/4397 
f 3952/4404 3819/4402 3728/4401 3820/4403 
f 3948/4388 3819/4402 3729/4405 3821/4406 
f 3952/4404 3822/4407 3729/4405 3819/4402 
f 3953/4408 3821/4406 3729/4405 3822/4407 
f 3948/4388 3821/4406 3730/4409 3823/4410 
f 3953/4408 3824/4411 3730/4409 3821/4406 
f 3954/4412 3823/4410 3730/4409 3824/4411 
f 3948/4388 3823/4410 3731/4413 3825/4414 
f 3954/4412 3826/4415 3731/4413 3823/4410 
f 3955/4416 3825/4414 3731/4413 3826/4415 
f 3948/4388 3825/4414 3732/4417 3827/4418 
f 3955/4416 3828/4419 3732/4417 3825/4414 
f 3956/4420 3827/4418 3732/4417 3828/4419 
f 3948/4388 3827/4418 3733/4421 3814/4389 
f 3956/4420 3829/4422 3733/4421 3827/4418 
f 3949/4392 3814/4389 3733/4421 3829/4422 
f 3925/4323 3830/4423 3711/4424 3783/4324 
f 3830/4423 3934/4356 3798/4355 3711/4424 
f 3711/4424 3798/4355 3933/4354 3831/4425 
f 3783/4324 3711/4424 3831/4425 3926/4325 
f 3927/4426 3832/4427 3710/4428 3785/4429 
f 3832/4427 3937/4362 3800/4361 3710/4428 
f 3710/4428 3800/4361 3934/4360 3830/4430 
f 3785/4429 3710/4428 3830/4430 3925/4431 
f 3928/4334 3833/4432 3713/4433 3787/4335 
f 3833/4432 3939/4367 3802/4366 3713/4433 
f 3713/4433 3802/4366 3937/4362 3832/4434 
f 3787/4335 3713/4433 3832/4434 3927/4329 
f 3929/4338 3834/4435 3714/4436 3789/4339 
f 3834/4435 3924/4371 3804/4370 3714/4436 
f 3714/4436 3804/4370 3939/4367 3833/4432 
f 3789/4339 3714/4436 3833/4432 3928/4334 
f 3930/4342 3835/4437 3715/4438 3791/4343 
f 3835/4437 3942/4375 3806/4374 3715/4438 
f 3715/4438 3806/4374 3924/4371 3834/4435 
f 3791/4343 3715/4438 3834/4435 3929/4338 
f 3931/4346 3836/4439 3716/4440 3793/4347 
f 3836/4439 3944/4379 3808/4378 3716/4440 
f 3716/4440 3808/4378 3942/4375 3835/4437 
f 3793/4347 3716/4440 3835/4437 3930/4342 
f 3932/4350 3837/4441 3717/4442 3795/4351 
f 3837/4441 3946/4383 3810/4382 3717/4442 
f 3717/4442 3810/4382 3944/4379 3836/4439 
f 3795/4351 3717/4442 3836/4439 3931/4346 
f 3926/4325 3831/4425 3712/4443 3797/4353 
f 3831/4425 3933/4354 3812/4386 3712/4443 
f 3712/4443 3812/4386 3946/4383 3837/4441 
f 3797/4353 3712/4443 3837/4441 3932/4350 
f 3936/4359 3799/4358 3719/4444 3838/4445 
f 3799/4358 3935/4357 3839/4446 3719/4444 
f 3719/4444 3839/4446 3878/4526 3743/4527 
f 3838/4445 3719/4444 3743/4527 3879/4528 
f 3935/4365 3801/4364 3718/4447 3839/4448 
f 3801/4364 3938/4363 3840/4449 3718/4447 
f 3718/4447 3840/4449 3880/4529 3742/4530 
f 3839/4448 3718/4447 3742/4530 3878/4531 
f 3938/4363 3803/4369 3721/4450 3840/4449 
f 3803/4369 3940/4368 3841/4451 3721/4450 
f 3721/4450 3841/4451 3881/4532 3745/4533 
f 3840/4449 3721/4450 3745/4533 3880/4529 
f 3940/4368 3805/4373 3722/4452 3841/4451 
f 3805/4373 3941/4372 3842/4453 3722/4452 
f 3722/4452 3842/4453 3882/4534 3746/4535 
f 3841/4451 3722/4452 3746/4535 3881/4532 
f 3941/4372 3807/4377 3723/4454 3842/4453 
f 3807/4377 3943/4376 3843/4455 3723/4454 
f 3723/4454 3843/4455 3883/4536 3747/4537 
f 3842/4453 3723/4454 3747/4537 3882/4534 
f 3943/4376 3809/4381 3724/4456 3843/4455 
f 3809/4381 3945/4380 3844/4457 3724/4456 
f 3724/4456 3844/4457 3884/4538 3748/4539 
f 3843/4455 3724/4456 3748/4539 3883/4536 
f 3945/4380 3811/4385 3725/4458 3844/4457 
f 3811/4385 3947/4384 3845/4459 3725/4458 
f 3725/4458 3845/4459 3885/4540 3749/4541 
f 3844/4457 3725/4458 3749/4541 3884/4538 
f 3947/4384 3813/4387 3720/4460 3845/4459 
f 3813/4387 3936/4359 3838/4445 3720/4460 
f 3720/4460 3838/4445 3879/4528 3744/4542 
f 3845/4459 3720/4460 3744/4542 3885/4540 
f 3958/4461 3846/4462 3750/4463 3847/4464 
f 3846/4462 3886/4543 3754/4544 3750/4463 
f 3750/4463 3754/4544 3887/4545 3848/4465 
f 3847/4464 3750/4463 3848/4465 3959/4466 
f 3960/4467 3849/4468 3758/4469 3850/4470 
f 3849/4468 3888/4546 3761/4547 3758/4469 
f 3758/4469 3761/4547 3890/4551 3851/4471 
f 3850/4470 3758/4469 3851/4471 3961/4472 
f 3962/4473 3852/4474 3759/4475 3853/4476 
f 3852/4474 3891/4552 3760/4553 3759/4475 
f 3759/4475 3760/4553 3888/4546 3849/4468 
f 3853/4476 3759/4475 3849/4468 3960/4467 
f 3963/4477 3854/4478 3762/4479 3855/4480 
f 3854/4478 3893/4556 3763/4557 3762/4479 
f 3762/4479 3763/4557 3891/4552 3852/4474 
f 3855/4480 3762/4479 3852/4474 3962/4473 
f 3964/4481 3856/4482 3764/4483 3857/4484 
f 3856/4482 3895/4560 3765/4561 3764/4483 
f 3764/4483 3765/4561 3893/4556 3854/4478 
f 3857/4484 3764/4483 3854/4478 3963/4477 
f 3965/4485 3858/4486 3766/4487 3859/4488 
f 3858/4486 3897/4564 3767/4565 3766/4487 
f 3766/4487 3767/4565 3895/4560 3856/4482 
f 3859/4488 3766/4487 3856/4482 3964/4481 
f 3966/4489 3860/4490 3768/4491 3861/4492 
f 3860/4490 3871/4512 3769/4568 3768/4491 
f 3768/4491 3769/4568 3897/4564 3858/4486 
f 3861/4492 3768/4491 3858/4486 3965/4485 
f 3959/4466 3848/4465 3756/4493 3862/4494 
f 3848/4465 3887/4545 3755/4570 3756/4493 
f 3756/4493 3755/4570 3872/4514 3863/4495 
f 3862/4494 3756/4493 3863/4495 3967/4496 
f 3968/4497 3864/4498 3772/4499 3865/4500 
f 3864/4498 3969/4501 3866/4502 3772/4499 
f 3772/4499 3866/4502 3970/4503 3867/4504 
f 3865/4500 3772/4499 3867/4504 3971/4505 
f 3969/4501 3868/4506 3773/4507 3866/4502 
f 3868/4506 3972/4508 3869/4509 3773/4507 
f 3773/4507 3869/4509 3973/4510 3870/4511 
f 3866/4502 3773/4507 3870/4511 3970/4503 
f 3972/4508 3871/4512 3771/4513 3869/4509 
f 3871/4512 3860/4490 3770/4571 3771/4513 
f 3771/4513 3770/4571 3863/4495 3872/4514 
f 3869/4509 3771/4513 3872/4514 3973/4510 
f 3966/4489 3873/4515 3757/4516 3874/4517 
f 3873/4515 3974/4518 3875/4519 3757/4516 
f 3757/4516 3875/4519 3959/4466 3862/4494 
f 3874/4517 3757/4516 3862/4494 3967/4496 
f 3974/4518 3876/4520 3751/4521 3875/4519 
f 3876/4520 3961/4522 3877/4523 3751/4521 
f 3751/4521 3877/4523 3958/4461 3847/4464 
f 3875/4519 3751/4521 3847/4464 3959/4466 
f 3961/4522 3851/4524 3752/4525 3877/4523 
f 3851/4524 3890/4572 3753/4573 3752/4525 
f 3752/4525 3753/4573 3886/4543 3846/4462 
f 3877/4523 3752/4525 3846/4462 3958/4461 
f 3878/4526 3961/4522 3876/4520 3743/4527 
f 3743/4527 3876/4520 3974/4518 3879/4528 
f 3880/4529 3960/4467 3850/4470 3742/4530 
f 3742/4530 3850/4470 3961/4472 3878/4531 
f 3881/4532 3962/4473 3853/4476 3745/4533 
f 3745/4533 3853/4476 3960/4467 3880/4529 
f 3882/4534 3963/4477 3855/4480 3746/4535 
f 3746/4535 3855/4480 3962/4473 3881/4532 
f 3883/4536 3964/4481 3857/4484 3747/4537 
f 3747/4537 3857/4484 3963/4477 3882/4534 
f 3884/4538 3965/4485 3859/4488 3748/4539 
f 3748/4539 3859/4488 3964/4481 3883/4536 
f 3885/4540 3966/4489 3861/4492 3749/4541 
f 3749/4541 3861/4492 3965/4485 3884/4538 
f 3879/4528 3974/4518 3873/4515 3744/4542 
f 3744/4542 3873/4515 3966/4489 3885/4540 
f 3886/4543 3971/4505 3867/4504 3754/4544 
f 3754/4544 3867/4504 3970/4503 3887/4545 
f 3888/4546 3975/4548 3889/4549 3761/4547 
f 3761/4547 3889/4549 3968/4550 3890/4551 
f 3891/4552 3976/4554 3892/4555 3760/4553 
f 3760/4553 3892/4555 3975/4548 3888/4546 
f 3893/4556 3977/4558 3894/4559 3763/4557 
f 3763/4557 3894/4559 3976/4554 3891/4552 
f 3895/4560 3978/4562 3896/4563 3765/4561 
f 3765/4561 3896/4563 3977/4558 3893/4556 
f 3897/4564 3979/4566 3898/4567 3767/4565 
f 3767/4565 3898/4567 3978/4562 3895/4560 
f 3871/4512 3972/4508 3899/4569 3769/4568 
f 3769/4568 3899/4569 3979/4566 3897/4564 
f 3887/4545 3970/4503 3870/4511 3755/4570 
f 3755/4570 3870/4511 3973/4510 3872/4514 
f 3860/4490 3966/4489 3874/4517 3770/4571 
f 3770/4571 3874/4517 3967/4496 3863/4495 
f 3890/4572 3968/4497 3865/4500 3753/4573 
f 3753/4573 3865/4500 3971/4505 3886/4543 
f 3969/4501 3864/4498 3900/4575 3981/4576 
f 3864/4498 3968/4497 3980/4574 3900/4575 
f 3968/4550 3889/4549 3901/4578 3980/4579 
f 3889/4549 3975/4548 3982/4577 3901/4578 
f 3975/4548 3892/4555 3902/4581 3982/4577 
f 3892/4555 3976/4554 3957/4580 3902/4581 
f 3976/4554 3894/4559 3903/4583 3957/4580 
f 3894/4559 3977/4558 3983/4582 3903/4583 
f 3977/4558 3896/4563 3904/4585 3983/4582 
f 3896/4563 3978/4562 3984/4584 3904/4585 
f 3978/4562 3898/4567 3905/4587 3984/4584 
f 3898/4567 3979/4566 3985/4586 3905/4587 
f 3979/4566 3899/4569 3906/4589 3985/4586 
f 3899/4569 3972/4508 3986/4588 3906/4589 
f 3972/4508 3868/4506 3907/4590 3986/4588 
f 3868/4506 3969/4501 3981/4576 3907/4590 
f 3981/4576 3900/4575 3775/4591 3908/4592 
f 3900/4575 3980/4574 3909/4593 3775/4591 
f 3775/4591 3909/4593 3916/4608 3735/4609 
f 3908/4592 3775/4591 3735/4609 3917/4610 
f 3980/4579 3901/4578 3774/4594 3909/4595 
f 3901/4578 3982/4577 3910/4596 3774/4594 
f 3774/4594 3910/4596 3918/4611 3736/4612 
f 3909/4595 3774/4594 3736/4612 3916/4613 
f 3982/4577 3902/4581 3777/4597 3910/4596 
f 3902/4581 3957/4580 3911/4598 3777/4597 
f 3777/4597 3911/4598 3919/4614 3737/4615 
f 3910/4596 3777/4597 3737/4615 3918/4611 
f 3957/4580 3903/4583 3778/4599 3911/4598 
f 3903/4583 3983/4582 3912/4600 3778/4599 
f 3778/4599 3912/4600 3920/4616 3738/4617 
f 3911/4598 3778/4599 3738/4617 3919/4614 
f 3983/4582 3904/4585 3779/4601 3912/4600 
f 3904/4585 3984/4584 3913/4602 3779/4601 
f 3779/4601 3913/4602 3921/4618 3739/4619 
f 3912/4600 3779/4601 3739/4619 3920/4616 
f 3984/4584 3905/4587 3780/4603 3913/4602 
f 3905/4587 3985/4586 3914/4604 3780/4603 
f 3780/4603 3914/4604 3922/4620 3740/4621 
f 3913/4602 3780/4603 3740/4621 3921/4618 
f 3985/4586 3906/4589 3781/4605 3914/4604 
f 3906/4589 3986/4588 3915/4606 3781/4605 
f 3781/4605 3915/4606 3923/4622 3741/4623 
f 3914/4604 3781/4605 3741/4623 3922/4620 
f 3986/4588 3907/4590 3776/4607 3915/4606 
f 3907/4590 3981/4576 3908/4592 3776/4607 
f 3776/4607 3908/4592 3917/4610 3734/4624 
f 3915/4606 3776/4607 3734/4624 3923/4622 
f 3916/4608 3950/4394 3816/4393 3735/4609 
f 3735/4609 3816/4393 3949/4392 3917/4610 
f 3918/4611 3951/4400 3818/4399 3736/4612 
f 3736/4612 3818/4399 3950/4398 3916/4613 
f 3919/4614 3952/4404 3820/4403 3737/4615 
f 3737/4615 3820/4403 3951/4400 3918/4611 
f 3920/4616 3953/4408 3822/4407 3738/4617 
f 3738/4617 3822/4407 3952/4404 3919/4614 
f 3921/4618 3954/4412 3824/4411 3739/4619 
f 3739/4619 3824/4411 3953/4408 3920/4616 
f 3922/4620 3955/4416 3826/4415 3740/4621 
f 3740/4621 3826/4415 3954/4412 3921/4618 
f 3923/4622 3956/4420 3828/4419 3741/4623 
f 3741/4623 3828/4419 3955/4416 3922/4620 
f 3917/4610 3949/4392 3829/4422 3734/4624 
f 3734/4624 3829/4422 3956/4420 3923/4622 
f 4279/4625 4211/4630 4068/4629 4067/4626 
f 4067/4626 4068/4629 4210/4628 4272/4627 
f 4272/4631 4210/4636 4070/4635 4069/4632 
f 4069/4632 4070/4635 4212/4634 4273/4633 
f 4273/4633 4212/4634 4072/4640 4071/4637 
f 4071/4637 4072/4640 4213/4639 4274/4638 
f 4274/4638 4213/4639 4074/4644 4073/4641 
f 4073/4641 4074/4644 4214/4643 4275/4642 
f 4275/4642 4214/4643 4076/4648 4075/4645 
f 4075/4645 4076/4648 4215/4647 4276/4646 
f 4276/4646 4215/4647 4078/4652 4077/4649 
f 4077/4649 4078/4652 4216/4651 4278/4650 
f 4278/4650 4216/4651 4080/4656 4079/4653 
f 4079/4653 4080/4656 4217/4655 4277/4654 
f 4277/4654 4217/4655 4082/4658 4081/4657 
f 4081/4657 4082/4658 4211/4630 4279/4625 
f 4218/4659 4221/4664 4084/4663 4083/4660 
f 4083/4660 4084/4663 4220/4662 4219/4661 
f 4219/4665 4220/4670 4086/4669 4085/4666 
f 4085/4666 4086/4669 4223/4668 4222/4667 
f 4222/4667 4223/4668 4088/4674 4087/4671 
f 4087/4671 4088/4674 4225/4673 4224/4672 
f 4224/4672 4225/4673 4090/4678 4089/4675 
f 4089/4675 4090/4678 4226/4677 4209/4676 
f 4209/4676 4226/4677 4092/4682 4091/4679 
f 4091/4679 4092/4682 4228/4681 4227/4680 
f 4227/4680 4228/4681 4094/4686 4093/4683 
f 4093/4683 4094/4686 4230/4685 4229/4684 
f 4229/4684 4230/4685 4096/4690 4095/4687 
f 4095/4687 4096/4690 4232/4689 4231/4688 
f 4231/4688 4232/4689 4098/4692 4097/4691 
f 4097/4691 4098/4692 4221/4664 4218/4659 
f 4233/4693 4100/4696 4011/4695 4099/4694 
f 4234/4697 4099/4694 4011/4695 4101/4698 
f 4235/4699 4101/4698 4011/4695 4100/4696 
f 4233/4693 4102/4702 4012/4701 4100/4700 
f 4235/4703 4100/4700 4012/4701 4103/4704 
f 4236/4705 4103/4704 4012/4701 4102/4702 
f 4233/4693 4104/4707 4013/4706 4102/4702 
f 4236/4705 4102/4702 4013/4706 4105/4708 
f 4237/4709 4105/4708 4013/4706 4104/4707 
f 4233/4693 4106/4711 4014/4710 4104/4707 
f 4237/4709 4104/4707 4014/4710 4107/4712 
f 4238/4713 4107/4712 4014/4710 4106/4711 
f 4233/4693 4108/4715 4015/4714 4106/4711 
f 4238/4713 4106/4711 4015/4714 4109/4716 
f 4239/4717 4109/4716 4015/4714 4108/4715 
f 4233/4693 4110/4719 4016/4718 4108/4715 
f 4239/4717 4108/4715 4016/4718 4111/4720 
f 4240/4721 4111/4720 4016/4718 4110/4719 
f 4233/4693 4112/4723 4017/4722 4110/4719 
f 4240/4721 4110/4719 4017/4722 4113/4724 
f 4241/4725 4113/4724 4017/4722 4112/4723 
f 4233/4693 4099/4694 4018/4726 4112/4723 
f 4241/4725 4112/4723 4018/4726 4114/4727 
f 4234/4697 4114/4727 4018/4726 4099/4694 
f 4210/4628 4068/4629 3996/4729 4115/4728 
f 4115/4728 3996/4729 4083/4660 4219/4661 
f 3996/4729 4116/4730 4218/4659 4083/4660 
f 4068/4629 4211/4630 4116/4730 3996/4729 
f 4212/4731 4070/4734 3995/4733 4117/4732 
f 4117/4732 3995/4733 4085/4666 4222/4667 
f 3995/4733 4115/4735 4219/4665 4085/4666 
f 4070/4734 4210/4736 4115/4735 3995/4733 
f 4213/4639 4072/4640 3998/4738 4118/4737 
f 4118/4737 3998/4738 4087/4671 4224/4672 
f 3998/4738 4117/4739 4222/4667 4087/4671 
f 4072/4640 4212/4634 4117/4739 3998/4738 
f 4214/4643 4074/4644 3999/4741 4119/4740 
f 4119/4740 3999/4741 4089/4675 4209/4676 
f 3999/4741 4118/4737 4224/4672 4089/4675 
f 4074/4644 4213/4639 4118/4737 3999/4741 
f 4215/4647 4076/4648 4000/4743 4120/4742 
f 4120/4742 4000/4743 4091/4679 4227/4680 
f 4000/4743 4119/4740 4209/4676 4091/4679 
f 4076/4648 4214/4643 4119/4740 4000/4743 
f 4216/4651 4078/4652 4001/4745 4121/4744 
f 4121/4744 4001/4745 4093/4683 4229/4684 
f 4001/4745 4120/4742 4227/4680 4093/4683 
f 4078/4652 4215/4647 4120/4742 4001/4745 
f 4217/4655 4080/4656 4002/4747 4122/4746 
f 4122/4746 4002/4747 4095/4687 4231/4688 
f 4002/4747 4121/4744 4229/4684 4095/4687 
f 4080/4656 4216/4651 4121/4744 4002/4747 
f 4211/4630 4082/4658 3997/4748 4116/4730 
f 4116/4730 3997/4748 4097/4691 4218/4659 
f 3997/4748 4122/4746 4231/4688 4097/4691 
f 4082/4658 4217/4655 4122/4746 3997/4748 
f 4221/4664 4123/4750 4004/4749 4084/4663 
f 4084/4663 4004/4749 4124/4751 4220/4662 
f 4004/4749 4028/4832 4163/4831 4124/4751 
f 4123/4750 4164/4833 4028/4832 4004/4749 
f 4220/4670 4124/4753 4003/4752 4086/4669 
f 4086/4669 4003/4752 4125/4754 4223/4668 
f 4003/4752 4027/4835 4165/4834 4125/4754 
f 4124/4753 4163/4836 4027/4835 4003/4752 
f 4223/4668 4125/4754 4006/4755 4088/4674 
f 4088/4674 4006/4755 4126/4756 4225/4673 
f 4006/4755 4030/4838 4166/4837 4126/4756 
f 4125/4754 4165/4834 4030/4838 4006/4755 
f 4225/4673 4126/4756 4007/4757 4090/4678 
f 4090/4678 4007/4757 4127/4758 4226/4677 
f 4007/4757 4031/4840 4167/4839 4127/4758 
f 4126/4756 4166/4837 4031/4840 4007/4757 
f 4226/4677 4127/4758 4008/4759 4092/4682 
f 4092/4682 4008/4759 4128/4760 4228/4681 
f 4008/4759 4032/4842 4168/4841 4128/4760 
f 4127/4758 4167/4839 4032/4842 4008/4759 
f 4228/4681 4128/4760 4009/4761 4094/4686 
f 4094/4686 4009/4761 4129/4762 4230/4685 
f 4009/4761 4033/4844 4169/4843 4129/4762 
f 4128/4760 4168/4841 4033/4844 4009/4761 
f 4230/4685 4129/4762 4010/4763 4096/4690 
f 4096/4690 4010/4763 4130/4764 4232/4689 
f 4010/4763 4034/4846 4170/4845 4130/4764 
f 4129/4762 4169/4843 4034/4846 4010/4763 
f 4232/4689 4130/4764 4005/4765 4098/4692 
f 4098/4692 4005/4765 4123/4750 4221/4664 
f 4005/4765 4029/4847 4164/4833 4123/4750 
f 4130/4764 4170/4845 4029/4847 4005/4765 
f 4243/4766 4132/4769 4035/4768 4131/4767 
f 4131/4767 4035/4768 4039/4849 4171/4848 
f 4035/4768 4133/4770 4172/4850 4039/4849 
f 4132/4769 4244/4771 4133/4770 4035/4768 
f 4245/4772 4135/4775 4043/4774 4134/4773 
f 4134/4773 4043/4774 4046/4852 4173/4851 
f 4043/4774 4136/4776 4175/4856 4046/4852 
f 4135/4775 4246/4777 4136/4776 4043/4774 
f 4247/4778 4138/4781 4044/4780 4137/4779 
f 4137/4779 4044/4780 4045/4858 4176/4857 
f 4044/4780 4134/4773 4173/4851 4045/4858 
f 4138/4781 4245/4772 4134/4773 4044/4780 
f 4248/4782 4140/4785 4047/4784 4139/4783 
f 4139/4783 4047/4784 4048/4862 4178/4861 
f 4047/4784 4137/4779 4176/4857 4048/4862 
f 4140/4785 4247/4778 4137/4779 4047/4784 
f 4249/4786 4142/4789 4049/4788 4141/4787 
f 4141/4787 4049/4788 4050/4866 4180/4865 
f 4049/4788 4139/4783 4178/4861 4050/4866 
f 4142/4789 4248/4782 4139/4783 4049/4788 
f 4250/4790 4144/4793 4051/4792 4143/4791 
f 4143/4791 4051/4792 4052/4870 4182/4869 
f 4051/4792 4141/4787 4180/4865 4052/4870 
f 4144/4793 4249/4786 4141/4787 4051/4792 
f 4251/4794 4146/4797 4053/4796 4145/4795 
f 4145/4795 4053/4796 4054/4873 4156/4817 
f 4053/4796 4143/4791 4182/4869 4054/4873 
f 4146/4797 4250/4790 4143/4791 4053/4796 
f 4244/4771 4147/4799 4041/4798 4133/4770 
f 4133/4770 4041/4798 4040/4875 4172/4850 
f 4041/4798 4148/4800 4157/4819 4040/4875 
f 4147/4799 4252/4801 4148/4800 4041/4798 
f 4253/4802 4150/4805 4057/4804 4149/4803 
f 4149/4803 4057/4804 4151/4807 4254/4806 
f 4057/4804 4152/4809 4255/4808 4151/4807 
f 4150/4805 4256/4810 4152/4809 4057/4804 
f 4254/4806 4151/4807 4058/4812 4153/4811 
f 4153/4811 4058/4812 4154/4814 4257/4813 
f 4058/4812 4155/4816 4258/4815 4154/4814 
f 4151/4807 4255/4808 4155/4816 4058/4812 
f 4257/4813 4154/4814 4056/4818 4156/4817 
f 4156/4817 4056/4818 4055/4876 4145/4795 
f 4056/4818 4157/4819 4148/4800 4055/4876 
f 4154/4814 4258/4815 4157/4819 4056/4818 
f 4251/4794 4159/4822 4042/4821 4158/4820 
f 4158/4820 4042/4821 4160/4824 4259/4823 
f 4042/4821 4147/4799 4244/4771 4160/4824 
f 4159/4822 4252/4801 4147/4799 4042/4821 
f 4259/4823 4160/4824 4036/4826 4161/4825 
f 4161/4825 4036/4826 4162/4828 4246/4827 
f 4036/4826 4132/4769 4243/4766 4162/4828 
f 4160/4824 4244/4771 4132/4769 4036/4826 
f 4246/4827 4162/4828 4037/4830 4136/4829 
f 4136/4829 4037/4830 4038/4878 4175/4877 
f 4037/4830 4131/4767 4171/4848 4038/4878 
f 4162/4828 4243/4766 4131/4767 4037/4830 
f 4163/4831 4028/4832 4161/4825 4246/4827 
f 4028/4832 4164/4833 4259/4823 4161/4825 
f 4165/4834 4027/4835 4135/4775 4245/4772 
f 4027/4835 4163/4836 4246/4777 4135/4775 
f 4166/4837 4030/4838 4138/4781 4247/4778 
f 4030/4838 4165/4834 4245/4772 4138/4781 
f 4167/4839 4031/4840 4140/4785 4248/4782 
f 4031/4840 4166/4837 4247/4778 4140/4785 
f 4168/4841 4032/4842 4142/4789 4249/4786 
f 4032/4842 4167/4839 4248/4782 4142/4789 
f 4169/4843 4033/4844 4144/4793 4250/4790 
f 4033/4844 4168/4841 4249/4786 4144/4793 
f 4170/4845 4034/4846 4146/4797 4251/4794 
f 4034/4846 4169/4843 4250/4790 4146/4797 
f 4164/4833 4029/4847 4158/4820 4259/4823 
f 4029/4847 4170/4845 4251/4794 4158/4820 
f 4171/4848 4039/4849 4152/4809 4256/4810 
f 4039/4849 4172/4850 4255/4808 4152/4809 
f 4173/4851 4046/4852 4174/4854 4260/4853 
f 4046/4852 4175/4856 4253/4855 4174/4854 
f 4176/4857 4045/4858 4177/4860 4261/4859 
f 4045/4858 4173/4851 4260/4853 4177/4860 
f 4178/4861 4048/4862 4179/4864 4262/4863 
f 4048/4862 4176/4857 4261/4859 4179/4864 
f 4180/4865 4050/4866 4181/4868 4263/4867 
f 4050/4866 4178/4861 4262/4863 4181/4868 
f 4182/4869 4052/4870 4183/4872 4264/4871 
f 4052/4870 4180/4865 4263/4867 4183/4872 
f 4156/4817 4054/4873 4184/4874 4257/4813 
f 4054/4873 4182/4869 4264/4871 4184/4874 
f 4172/4850 4040/4875 4155/4816 4255/4808 
f 4040/4875 4157/4819 4258/4815 4155/4816 
f 4145/4795 4055/4876 4159/4822 4251/4794 
f 4055/4876 4148/4800 4252/4801 4159/4822 
f 4175/4877 4038/4878 4150/4805 4253/4802 
f 4038/4878 4171/4848 4256/4810 4150/4805 
f 4254/4806 4266/4881 4185/4880 4149/4803 
f 4149/4803 4185/4880 4265/4879 4253/4802 
f 4253/4855 4265/4884 4186/4883 4174/4854 
f 4174/4854 4186/4883 4267/4882 4260/4853 
f 4260/4853 4267/4882 4187/4886 4177/4860 
f 4177/4860 4187/4886 4242/4885 4261/4859 
f 4261/4859 4242/4885 4188/4888 4179/4864 
f 4179/4864 4188/4888 4268/4887 4262/4863 
f 4262/4863 4268/4887 4189/4890 4181/4868 
f 4181/4868 4189/4890 4269/4889 4263/4867 
f 4263/4867 4269/4889 4190/4892 4183/4872 
f 4183/4872 4190/4892 4270/4891 4264/4871 
f 4264/4871 4270/4891 4191/4894 4184/4874 
f 4184/4874 4191/4894 4271/4893 4257/4813 
f 4257/4813 4271/4893 4192/4895 4153/4811 
f 4153/4811 4192/4895 4266/4881 4254/4806 
f 4266/4881 4193/4897 4060/4896 4185/4880 
f 4185/4880 4060/4896 4194/4898 4265/4879 
f 4060/4896 4020/4914 4201/4913 4194/4898 
f 4193/4897 4202/4915 4020/4914 4060/4896 
f 4265/4884 4194/4900 4059/4899 4186/4883 
f 4186/4883 4059/4899 4195/4901 4267/4882 
f 4059/4899 4021/4917 4203/4916 4195/4901 
f 4194/4900 4201/4918 4021/4917 4059/4899 
f 4267/4882 4195/4901 4062/4902 4187/4886 
f 4187/4886 4062/4902 4196/4903 4242/4885 
f 4062/4902 4022/4920 4204/4919 4196/4903 
f 4195/4901 4203/4916 4022/4920 4062/4902 
f 4242/4885 4196/4903 4063/4904 4188/4888 
f 4188/4888 4063/4904 4197/4905 4268/4887 
f 4063/4904 4023/4922 4205/4921 4197/4905 
f 4196/4903 4204/4919 4023/4922 4063/4904 
f 4268/4887 4197/4905 4064/4906 4189/4890 
f 4189/4890 4064/4906 4198/4907 4269/4889 
f 4064/4906 4024/4924 4206/4923 4198/4907 
f 4197/4905 4205/4921 4024/4924 4064/4906 
f 4269/4889 4198/4907 4065/4908 4190/4892 
f 4190/4892 4065/4908 4199/4909 4270/4891 
f 4065/4908 4025/4926 4207/4925 4199/4909 
f 4198/4907 4206/4923 4025/4926 4065/4908 
f 4270/4891 4199/4909 4066/4910 4191/4894 
f 4191/4894 4066/4910 4200/4911 4271/4893 
f 4066/4910 4026/4928 4208/4927 4200/4911 
f 4199/4909 4207/4925 4026/4928 4066/4910 
f 4271/4893 4200/4911 4061/4912 4192/4895 
f 4192/4895 4061/4912 4193/4897 4266/4881 
f 4061/4912 4019/4929 4202/4915 4193/4897 
f 4200/4911 4208/4927 4019/4929 4061/4912 
f 4201/4913 4020/4914 4101/4698 4235/4699 
f 4020/4914 4202/4915 4234/4697 4101/4698 
f 4203/4916 4021/4917 4103/4704 4236/4705 
f 4021/4917 4201/4918 4235/4703 4103/4704 
f 4204/4919 4022/4920 4105/4708 4237/4709 
f 4022/4920 4203/4916 4236/4705 4105/4708 
f 4205/4921 4023/4922 4107/4712 4238/4713 
f 4023/4922 4204/4919 4237/4709 4107/4712 
f 4206/4923 4024/4924 4109/4716 4239/4717 
f 4024/4924 4205/4921 4238/4713 4109/4716 
f 4207/4925 4025/4926 4111/4720 4240/4721 
f 4025/4926 4206/4923 4239/4717 4111/4720 
f 4208/4927 4026/4928 4113/4724 4241/4725 
f 4026/4928 4207/4925 4240/4721 4113/4724 
f 4202/4915 4019/4929 4114/4727 4234/4697 
f 4019/4929 4208/4927 4241/4725 4114/4727 
# 588 polygons

#
# object 2?_????___??003
#

v  75.473221 20.958351 19.107132
v  74.517220 10.687413 20.152969
v  75.473221 10.687428 19.107132
v  74.517242 10.687427 35.013763
v  74.517242 20.958351 35.013763
v  75.473572 10.687451 35.923065
v  75.473572 20.958351 35.923004
v  74.517250 10.687426 24.910416
v  75.473572 10.687451 24.910431
v  74.517250 10.687426 30.109894
v  75.473572 10.687451 30.109894
v  74.517242 19.136845 30.109894
v  75.473572 19.136845 30.109894
v  74.517242 19.136845 24.910416
v  75.473572 19.136845 24.910431
v  74.517220 20.958351 20.152588
v  54.398415 10.687427 35.013779
v  54.398415 20.958351 35.013779
v  54.398415 20.958351 35.923004
v  54.398415 10.687451 35.923065
v  54.398258 20.958351 20.152588
v  54.398262 20.958351 19.107132
v  54.398262 10.687428 19.107132
v  54.398258 10.687413 20.152969
# 24 vertices

vt 0.401360 0.981250 0.000000
vt 0.597453 0.981250 0.000000
vt 0.750000 0.981250 0.000000
vt 0.446090 0.981250 0.000000
vt 0.500000 0.981250 0.000000
vt 0.750000 0.981250 0.000000
vt 0.500000 0.981250 0.000000
vt 0.750000 0.981250 0.000000
vt 0.500000 0.981250 0.000000
vt 0.750000 0.981250 0.000000
vt 0.500000 0.981250 0.000000
vt 0.750000 0.981250 0.000000
vt 0.750000 0.981250 0.000000
vt 0.750000 0.981250 0.000000
vt 0.500000 0.981250 0.000000
vt 0.500000 0.981250 0.000000
vt 0.500000 0.981250 0.000000
vt 0.750000 0.981250 0.000000
vt 0.500000 0.981250 0.000000
vt 0.500000 0.981250 0.000000
vt 0.500000 0.981250 0.000000
vt 0.500000 0.981250 0.000000
vt 0.750000 0.981250 0.000000
vt 0.750000 0.981250 0.000000
vt 0.750000 0.981250 0.000000
vt 0.214672 1.000000 0.000000
vt 0.682005 0.000004 0.000000
vt 0.682006 1.000000 0.000000
vt 0.000001 0.785328 0.000000
vt 0.999999 0.317993 0.000000
vt 0.999999 0.785327 0.000000
vt 0.785327 1.000000 0.000000
vt 0.317994 0.000004 0.000000
vt 0.785329 0.000007 0.000000
vt 0.500000 0.981250 0.000000
vt 0.750000 0.981250 0.000000
vt 0.750000 0.981250 0.000000
vt 0.750000 0.981250 0.000000
vt 0.500000 0.981250 0.000000
vt 0.500000 0.981250 0.000000
vt 0.500000 0.981250 0.000000
vt 0.500000 0.981250 0.000000
vt 0.750000 0.981250 0.000000
vt 0.750000 0.981250 0.000000
vt 0.750000 0.981250 0.000000
vt 0.750000 0.981250 0.000000
vt 0.750000 0.981250 0.000000
vt 0.214670 0.000007 0.000000
vt -0.000001 0.317994 0.000000
vt 0.317993 1.000000 0.000000
vt 0.500000 0.981250 0.000000
vt 0.500000 0.981250 0.000000
vt 0.597453 0.981250 0.000000
vt 0.401360 0.981250 0.000000
vt 0.446090 0.981250 0.000000
vt 0.750000 0.981250 0.000000
vt 0.500000 0.981250 0.000000
vt 0.500000 0.981250 0.000000
vt 0.750000 0.981250 0.000000
vt 0.750000 0.981250 0.000000
vt 0.500000 0.981250 0.000000
vt 0.750000 0.981250 0.000000
vt 0.750000 0.981250 0.000000
vt 0.500000 0.981250 0.000000
vt 0.500000 0.981250 0.000000
vt 0.750000 0.981250 0.000000
# 66 texture coords

o 2?_????___??003
g 2?_????___??003
f 4280/4930 4301/4983 4300/4982 4295/4931 
f 4281/4932 4303/4985 4302/4984 4282/4933 
f 4296/4986 4297/4987 4284/4964 4283/4934 
f 4286/4942 4280/4941 4295/4980 4284/4940 
f 4287/4945 4281/4944 4282/4966 4288/4943 
f 4289/4948 4290/4947 4285/4967 4283/4946 
f 4293/4957 4287/4956 4288/4977 4294/4955 
f 4292/4960 4291/4959 4293/4978 4294/4958 
f 4290/4963 4289/4962 4291/4979 4292/4961 
f 4287/4970 4293/4969 4295/4981 4281/4968 
f 4288/4974 4282/4973 4280/4975 4294/4972 
f 4280/4975 4286/4954 4292/4952 4294/4972 
f 4293/4969 4291/4949 4284/4971 4295/4981 
f 4286/4954 4285/4953 4290/4976 4292/4952 
f 4291/4949 4289/4951 4283/4950 4284/4971 
f 4300/4982 4303/4990 4281/4968 4295/4931 
f 4299/4989 4285/4965 4286/4937 4298/4988 
f 4299/4992 4296/4993 4283/4936 4285/4935 
f 4297/4994 4298/4995 4286/4939 4284/4938 
f 4302/4984 4301/4991 4280/4975 4282/4933 
# 20 polygons

#
# object ???010
#

v  74.517578 19.140760 24.917431
v  74.807533 19.140760 24.917431
v  74.807533 19.140762 30.110386
v  74.517578 19.140760 30.109161
v  74.517578 10.688331 24.917431
v  74.517578 10.688333 30.109161
v  74.807533 10.688328 24.917431
v  74.807533 10.688329 30.110386
v  74.498642 17.379021 30.156456
v  74.530342 17.379021 30.143326
v  74.543472 17.379021 30.111622
v  74.530342 17.379021 30.079920
v  74.498642 17.379021 30.066788
v  74.466934 17.379021 30.079920
v  74.453804 17.379021 30.111622
v  74.466934 17.379021 30.143326
v  74.498642 17.940809 30.156456
v  74.530342 17.940809 30.143326
v  74.543472 17.940809 30.111622
v  74.530342 17.940809 30.079920
v  74.498642 17.940809 30.066788
v  74.466934 17.940809 30.079920
v  74.453804 17.940809 30.111622
v  74.466934 17.940809 30.143326
v  74.498642 16.175558 30.156456
v  74.530342 16.175558 30.143326
v  74.543472 16.175558 30.111622
v  74.530342 16.175558 30.079920
v  74.498642 16.175558 30.066788
v  74.466934 16.175558 30.079920
v  74.453804 16.175558 30.111622
v  74.466934 16.175558 30.143326
v  74.498642 16.737349 30.156456
v  74.530342 16.737349 30.143326
v  74.543472 16.737349 30.111622
v  74.530342 16.737349 30.079920
v  74.498642 16.737349 30.066788
v  74.466934 16.737349 30.079920
v  74.453804 16.737349 30.111622
v  74.466934 16.737349 30.143326
v  74.498642 12.014170 30.156456
v  74.530342 12.014170 30.143326
v  74.543472 12.014170 30.111622
v  74.530342 12.014170 30.079920
v  74.498642 12.014170 30.066788
v  74.466934 12.014170 30.079920
v  74.453804 12.014170 30.111622
v  74.466934 12.014170 30.143326
v  74.498642 12.575960 30.156456
v  74.530342 12.575960 30.143326
v  74.543472 12.575960 30.111622
v  74.530342 12.575960 30.079920
v  74.498642 12.575960 30.066788
v  74.466934 12.575960 30.079920
v  74.453804 12.575960 30.111622
v  74.466934 12.575960 30.143326
v  74.449310 14.796040 25.594414
v  74.449310 14.696488 25.693964
v  74.449310 14.555703 25.693964
v  74.449310 14.796040 25.453629
v  74.449310 14.696488 25.354078
v  74.449310 14.555703 25.354078
v  74.449310 14.456154 25.453629
v  74.449310 14.456154 25.594414
v  74.447784 14.713211 25.560104
v  74.447784 14.662181 25.611137
v  74.447784 14.590012 25.611137
v  74.447784 14.713211 25.487936
v  74.447784 14.662181 25.436905
v  74.447784 14.590012 25.436905
v  74.447784 14.538980 25.487936
v  74.447784 14.538980 25.560104
v  74.305229 14.639219 25.555702
v  74.305229 14.657778 25.537144
v  74.305229 14.657778 25.510899
v  74.305229 14.639219 25.492340
v  74.305229 14.612973 25.492340
v  74.305229 14.594414 25.510899
v  74.305229 14.594414 25.537144
v  74.305229 14.612973 25.555702
v  74.312363 14.606411 25.571545
v  74.312363 14.645781 25.571545
v  74.312363 14.673619 25.543705
v  74.312363 14.673619 25.504337
v  74.312363 14.645781 25.476498
v  74.312363 14.606411 25.476498
v  74.312363 14.578573 25.504337
v  74.312363 14.578573 25.543705
v  74.429741 14.713211 25.560104
v  74.429741 14.662181 25.611137
v  74.429741 14.590012 25.611137
v  74.429741 14.713211 25.487936
v  74.429741 14.662181 25.436905
v  74.429741 14.590012 25.436905
v  74.429741 14.538980 25.487936
v  74.429741 14.538980 25.560104
v  74.393028 14.662181 26.046371
v  74.412788 14.662181 25.828754
v  74.393028 14.698265 25.813808
v  74.353500 14.698265 25.813808
v  74.353500 14.662181 26.046371
v  74.353500 14.590012 26.046371
v  74.393028 14.590012 26.046371
v  74.412788 14.590012 25.828754
v  74.393028 14.713211 25.560104
v  74.393028 14.713211 25.487936
v  74.353500 14.713211 25.487936
v  74.353500 14.713211 25.560104
v  74.393028 14.662181 25.436905
v  74.353500 14.662181 25.436905
v  74.393028 14.590012 25.436905
v  74.353500 14.590012 25.436905
v  74.393028 14.538980 25.487936
v  74.353500 14.538980 25.487936
v  74.393028 14.538980 25.560104
v  74.353500 14.538980 25.560104
v  74.393028 14.553927 25.813808
v  74.353500 14.553927 25.813808
v  74.333740 14.662181 25.828754
v  74.333740 14.590012 25.828754
v  74.326614 14.673619 25.543705
v  74.326614 14.645781 25.571545
v  74.326614 14.606411 25.571545
v  74.326614 14.673619 25.504337
v  74.326614 14.645781 25.476498
v  74.326614 14.606411 25.476498
v  74.326614 14.578573 25.504337
v  74.326614 14.578573 25.543705
v  74.521835 14.698265 25.698252
v  74.458649 14.697821 25.697180
v  74.521835 14.800326 25.596189
v  74.458649 14.799255 25.595745
v  74.521835 14.800326 25.451853
v  74.458649 14.799255 25.452297
v  74.521835 14.698265 25.349791
v  74.458649 14.697821 25.350863
v  74.521835 14.553927 25.349791
v  74.458649 14.554371 25.350863
v  74.521835 14.451865 25.451853
v  74.458649 14.452937 25.452297
v  74.521835 14.451865 25.596189
v  74.458649 14.452937 25.595745
v  74.521835 14.553927 25.698252
v  74.458649 14.554371 25.697180
v  74.448982 14.691090 25.680931
v  74.448593 14.666247 25.620955
v  74.448982 14.783005 25.589016
v  74.448593 14.723029 25.564173
v  74.448982 14.783005 25.459026
v  74.448593 14.723029 25.483870
v  74.448982 14.691090 25.367111
v  74.448593 14.666247 25.427088
v  74.448982 14.561101 25.367111
v  74.448593 14.585944 25.427088
v  74.448982 14.469187 25.459026
v  74.448593 14.529163 25.483870
v  74.448982 14.469187 25.589016
v  74.448593 14.529163 25.564173
v  74.448982 14.561101 25.680931
v  74.448593 14.585944 25.620955
v  74.305229 14.626097 25.555473
v  74.305229 14.648335 25.546261
v  74.307793 14.643418 25.565842
v  74.305229 14.657547 25.524021
v  74.307793 14.667916 25.541344
v  74.305229 14.648335 25.501781
v  74.307793 14.667916 25.506699
v  74.305229 14.626097 25.492569
v  74.307793 14.643418 25.482201
v  74.305229 14.603857 25.501781
v  74.307793 14.608774 25.482201
v  74.305229 14.594644 25.524021
v  74.307793 14.584276 25.506699
v  74.305229 14.603857 25.546261
v  74.307793 14.584276 25.541344
v  74.307793 14.608774 25.565842
v  74.449310 14.756573 25.654497
v  74.449310 14.626097 25.708542
v  74.449310 14.810617 25.524021
v  74.449310 14.756573 25.393545
v  74.449310 14.626097 25.339499
v  74.449310 14.495620 25.393545
v  74.449310 14.441574 25.524021
v  74.449310 14.495620 25.654497
v  74.447784 14.626097 25.618610
v  74.447784 14.692981 25.590906
v  74.447784 14.720685 25.524021
v  74.447784 14.692981 25.457136
v  74.447784 14.626097 25.429432
v  74.447784 14.559211 25.457136
v  74.447784 14.531507 25.524021
v  74.447784 14.559211 25.590906
v  74.393028 14.689244 25.980757
v  74.407845 14.662181 25.991968
v  74.393028 14.626097 26.053844
v  74.393028 14.720685 25.524021
v  74.412086 14.713211 25.560104
v  74.393028 14.702002 25.641573
v  74.393028 14.692981 25.457136
v  74.412086 14.713211 25.487936
v  74.393028 14.626097 25.429432
v  74.412086 14.662181 25.436905
v  74.393028 14.559211 25.457136
v  74.412086 14.590012 25.436905
v  74.393028 14.531507 25.524021
v  74.412086 14.538980 25.487936
v  74.393028 14.550190 25.641573
v  74.412086 14.538980 25.560104
v  74.407845 14.590012 25.991968
v  74.393028 14.562948 25.980757
v  74.333740 14.660130 25.660591
v  74.338684 14.689244 25.817545
v  74.333740 14.626097 25.836227
v  74.338684 14.662181 25.991968
v  74.333740 14.592062 25.660591
v  74.338684 14.562948 25.817545
v  74.338684 14.590012 25.991968
v  74.353500 14.550190 25.641573
v  74.353500 14.562948 25.980757
v  74.417023 14.590012 25.665541
v  74.407845 14.562948 25.817545
v  74.412788 14.626097 25.836227
v  74.417023 14.662181 25.665541
v  74.407845 14.689244 25.817545
v  74.429741 14.692981 25.590906
v  74.429741 14.626097 25.618610
v  74.429741 14.720685 25.524021
v  74.429741 14.692981 25.457136
v  74.429741 14.626097 25.429432
v  74.429741 14.559211 25.457136
v  74.429741 14.531507 25.524021
v  74.429741 14.559211 25.590906
v  74.353500 14.689244 25.980757
v  74.353500 14.626097 26.053844
v  74.353500 14.720685 25.524021
v  74.338684 14.708262 25.558056
v  74.353500 14.702002 25.641573
v  74.353500 14.692981 25.457136
v  74.338684 14.708262 25.489986
v  74.353500 14.626097 25.429432
v  74.338684 14.660130 25.441854
v  74.353500 14.559211 25.457136
v  74.338684 14.592062 25.441854
v  74.353500 14.531507 25.524021
v  74.338684 14.543929 25.489986
v  74.338684 14.543929 25.558056
v  74.331955 14.647830 25.576492
v  74.331955 14.678568 25.545755
v  74.331955 14.678568 25.502287
v  74.331955 14.647830 25.471550
v  74.331955 14.604362 25.471550
v  74.331955 14.573625 25.502287
v  74.331955 14.573625 25.545755
v  74.331955 14.604362 25.576492
v  74.326614 14.626097 25.575621
v  74.326614 14.662582 25.560507
v  74.326614 14.677696 25.524021
v  74.326614 14.662582 25.487534
v  74.326614 14.626097 25.472422
v  74.326614 14.589610 25.487534
v  74.326614 14.574496 25.524021
v  74.326614 14.589610 25.560507
v  74.312363 14.662582 25.560507
v  74.312363 14.626097 25.575621
v  74.312363 14.677696 25.524021
v  74.312363 14.662582 25.487534
v  74.312363 14.626097 25.472422
v  74.312363 14.589610 25.487534
v  74.312363 14.574496 25.524021
v  74.312363 14.589610 25.560507
v  74.448982 14.626097 25.353651
v  74.458649 14.759041 25.656967
v  74.458649 14.626097 25.712034
v  74.458649 14.814109 25.524021
v  74.458649 14.759041 25.391075
v  74.458649 14.626097 25.336008
v  74.458649 14.493151 25.391075
v  74.458649 14.438083 25.524021
v  74.458649 14.493151 25.656967
v  74.448982 14.626097 25.694391
v  74.448982 14.746566 25.644491
v  74.448593 14.700518 25.598442
v  74.448593 14.626097 25.629269
v  74.448982 14.796466 25.524021
v  74.448593 14.731344 25.524021
v  74.448982 14.746566 25.403551
v  74.448593 14.700518 25.449598
v  74.448593 14.626097 25.418774
v  74.448982 14.505625 25.403551
v  74.448593 14.551674 25.449598
v  74.448982 14.455726 25.524021
v  74.448593 14.520847 25.524021
v  74.448982 14.505625 25.644491
v  74.448593 14.551674 25.598442
v  74.305229 14.626097 25.524021
v  74.307014 14.626097 25.570160
v  74.307014 14.658722 25.556646
v  74.307014 14.672235 25.524021
v  74.307014 14.658722 25.491396
v  74.307014 14.626097 25.477880
v  74.307014 14.593471 25.491396
v  74.307014 14.579956 25.524021
v  74.307014 14.593471 25.556646
v  74.331955 14.666382 25.483734
v  74.404007 14.682226 25.941349
v  74.407845 14.626097 25.999441
v  74.412086 14.720685 25.524021
v  74.412338 14.694883 25.627626
v  74.412086 14.692981 25.457136
v  74.412086 14.626097 25.429432
v  74.412086 14.559211 25.457136
v  74.412086 14.531507 25.524021
v  74.412338 14.557309 25.627626
v  74.404007 14.569964 25.941349
v  74.336899 14.692451 25.625195
v  74.333740 14.626097 25.667641
v  74.338684 14.626097 25.999441
v  74.342522 14.682226 25.941349
v  74.336899 14.559741 25.625195
v  74.342522 14.569964 25.941349
v  74.417023 14.626097 25.673014
v  74.338684 14.715311 25.524021
v  74.338684 14.689180 25.460936
v  74.338684 14.626097 25.434807
v  74.338684 14.563011 25.460936
v  74.338684 14.536880 25.524021
v  74.331955 14.666382 25.564308
v  74.331955 14.626097 25.580994
v  74.331955 14.683069 25.524021
v  74.331955 14.626097 25.467047
v  74.331955 14.585810 25.483734
v  74.331955 14.569122 25.524021
v  74.331955 14.585810 25.564308
v  74.521835 14.759864 25.657789
v  74.521835 14.815273 25.524021
v  74.521835 14.759864 25.390253
v  74.521835 14.626097 25.334843
v  74.521835 14.492328 25.390253
v  74.521835 14.492328 25.657789
v  74.521835 14.436918 25.524021
v  74.521835 14.626097 25.713200
v  74.875183 14.796040 25.594414
v  74.875183 14.696488 25.693964
v  74.875183 14.555704 25.693964
v  74.875183 14.796040 25.453629
v  74.875183 14.696488 25.354078
v  74.875183 14.555703 25.354078
v  74.875183 14.456154 25.453629
v  74.875183 14.456154 25.594414
v  74.876709 14.713212 25.560106
v  74.876709 14.662181 25.611137
v  74.876709 14.590012 25.611137
v  74.876709 14.713212 25.487938
v  74.876709 14.662181 25.436907
v  74.876709 14.590012 25.436907
v  74.876709 14.538980 25.487938
v  74.876709 14.538980 25.560106
v  75.019264 14.639219 25.555704
v  75.019264 14.657778 25.537146
v  75.019264 14.657778 25.510899
v  75.019264 14.639219 25.492340
v  75.019264 14.612973 25.492340
v  75.019264 14.594414 25.510899
v  75.019264 14.594414 25.537146
v  75.019264 14.612973 25.555704
v  75.012138 14.606411 25.571545
v  75.012138 14.645781 25.571545
v  75.012138 14.673619 25.543707
v  75.012138 14.673619 25.504337
v  75.012138 14.645781 25.476500
v  75.012138 14.606411 25.476500
v  75.012138 14.578573 25.504337
v  75.012138 14.578573 25.543707
v  74.894753 14.713212 25.560106
v  74.894753 14.662181 25.611137
v  74.894753 14.590012 25.611137
v  74.894753 14.713212 25.487938
v  74.894753 14.662181 25.436907
v  74.894753 14.590012 25.436907
v  74.894753 14.538980 25.487938
v  74.894753 14.538980 25.560106
v  74.931465 14.662181 26.046373
v  74.911705 14.662181 25.828754
v  74.931465 14.698265 25.813808
v  74.970993 14.698265 25.813808
v  74.970993 14.662181 26.046373
v  74.970993 14.590012 26.046373
v  74.931465 14.590012 26.046373
v  74.911705 14.590012 25.828754
v  74.931465 14.713212 25.560106
v  74.931465 14.713212 25.487938
v  74.970993 14.713212 25.487938
v  74.970993 14.713212 25.560106
v  74.931465 14.662181 25.436907
v  74.970993 14.662181 25.436907
v  74.931465 14.590012 25.436907
v  74.970993 14.590012 25.436907
v  74.931465 14.538980 25.487938
v  74.970993 14.538980 25.487938
v  74.931465 14.538980 25.560106
v  74.970993 14.538980 25.560106
v  74.931465 14.553927 25.813808
v  74.970993 14.553927 25.813808
v  74.990753 14.662181 25.828754
v  74.990753 14.590012 25.828754
v  74.997879 14.673619 25.543707
v  74.997879 14.645781 25.571545
v  74.997879 14.606411 25.571545
v  74.997879 14.673619 25.504337
v  74.997879 14.645781 25.476500
v  74.997879 14.606411 25.476500
v  74.997879 14.578573 25.504337
v  74.997879 14.578573 25.543707
v  74.802658 14.698265 25.698254
v  74.865845 14.697821 25.697182
v  74.802658 14.800326 25.596191
v  74.865845 14.799255 25.595747
v  74.802658 14.800326 25.451853
v  74.865845 14.799255 25.452297
v  74.802658 14.698265 25.349791
v  74.865845 14.697821 25.350863
v  74.802658 14.553927 25.349791
v  74.865845 14.554371 25.350863
v  74.802658 14.451865 25.451853
v  74.865845 14.452937 25.452297
v  74.802658 14.451865 25.596191
v  74.865845 14.452937 25.595747
v  74.802658 14.553927 25.698254
v  74.865845 14.554371 25.697182
v  74.875519 14.691090 25.680931
v  74.875900 14.666247 25.620955
v  74.875519 14.783005 25.589016
v  74.875900 14.723029 25.564173
v  74.875519 14.783005 25.459028
v  74.875900 14.723029 25.483871
v  74.875519 14.691090 25.367113
v  74.875900 14.666247 25.427090
v  74.875519 14.561101 25.367113
v  74.875900 14.585944 25.427090
v  74.875519 14.469187 25.459028
v  74.875900 14.529163 25.483871
v  74.875519 14.469187 25.589016
v  74.875900 14.529163 25.564173
v  74.875519 14.561101 25.680931
v  74.875900 14.585944 25.620955
v  75.019264 14.626097 25.555473
v  75.019264 14.648335 25.546261
v  75.016701 14.643419 25.565842
v  75.019264 14.657547 25.524021
v  75.016701 14.667916 25.541344
v  75.019264 14.648335 25.501783
v  75.016701 14.667916 25.506699
v  75.019264 14.626097 25.492571
v  75.016701 14.643419 25.482203
v  75.019264 14.603857 25.501783
v  75.016701 14.608774 25.482203
v  75.019264 14.594644 25.524021
v  75.016701 14.584276 25.506699
v  75.019264 14.603857 25.546261
v  75.016701 14.584276 25.541344
v  75.016701 14.608774 25.565842
v  74.875183 14.756573 25.654499
v  74.875183 14.626097 25.708544
v  74.875183 14.810617 25.524021
v  74.875183 14.756573 25.393545
v  74.875183 14.626097 25.339500
v  74.875183 14.495620 25.393545
v  74.875183 14.441574 25.524021
v  74.875183 14.495620 25.654499
v  74.876709 14.626097 25.618610
v  74.876709 14.692981 25.590906
v  74.876709 14.720685 25.524021
v  74.876709 14.692981 25.457138
v  74.876709 14.626097 25.429434
v  74.876709 14.559211 25.457138
v  74.876709 14.531507 25.524021
v  74.876709 14.559211 25.590906
v  74.931465 14.689244 25.980759
v  74.916641 14.662181 25.991968
v  74.931465 14.626097 26.053846
v  74.931465 14.720685 25.524021
v  74.912407 14.713212 25.560106
v  74.931465 14.702002 25.641575
v  74.931465 14.692981 25.457138
v  74.912407 14.713212 25.487938
v  74.931465 14.626097 25.429434
v  74.912407 14.662181 25.436907
v  74.931465 14.559211 25.457138
v  74.912407 14.590012 25.436907
v  74.931465 14.531507 25.524021
v  74.912407 14.538980 25.487938
v  74.931465 14.550190 25.641575
v  74.912407 14.538980 25.560106
v  74.916649 14.590012 25.991968
v  74.931465 14.562948 25.980759
v  74.990753 14.660130 25.660593
v  74.985809 14.689244 25.817545
v  74.990753 14.626097 25.836227
v  74.985809 14.662181 25.991968
v  74.990753 14.592062 25.660593
v  74.985809 14.562948 25.817545
v  74.985809 14.590012 25.991968
v  74.970993 14.550190 25.641575
v  74.970993 14.562948 25.980759
v  74.907471 14.590012 25.665543
v  74.916649 14.562948 25.817545
v  74.911705 14.626097 25.836227
v  74.907471 14.662181 25.665543
v  74.916641 14.689244 25.817545
v  74.894753 14.692981 25.590906
v  74.894753 14.626097 25.618610
v  74.894753 14.720685 25.524021
v  74.894753 14.692981 25.457138
v  74.894753 14.626097 25.429434
v  74.894753 14.559211 25.457138
v  74.894753 14.531507 25.524021
v  74.894753 14.559211 25.590906
v  74.970993 14.689244 25.980759
v  74.970993 14.626097 26.053846
v  74.970993 14.720685 25.524021
v  74.985809 14.708262 25.558056
v  74.970993 14.702002 25.641575
v  74.970993 14.692981 25.457138
v  74.985809 14.708262 25.489988
v  74.970993 14.626097 25.429434
v  74.985809 14.660130 25.441856
v  74.970993 14.559211 25.457138
v  74.985809 14.592062 25.441856
v  74.970993 14.531507 25.524021
v  74.985809 14.543929 25.489988
v  74.985809 14.543929 25.558056
v  74.992538 14.647830 25.576494
v  74.992538 14.678568 25.545757
v  74.992538 14.678568 25.502287
v  74.992538 14.647830 25.471550
v  74.992538 14.604362 25.471550
v  74.992538 14.573625 25.502287
v  74.992538 14.573625 25.545757
v  74.992538 14.604362 25.576494
v  74.997879 14.626097 25.575623
v  74.997879 14.662582 25.560509
v  74.997879 14.677696 25.524021
v  74.997879 14.662582 25.487535
v  74.997879 14.626097 25.472422
v  74.997879 14.589610 25.487535
v  74.997879 14.574496 25.524021
v  74.997879 14.589610 25.560509
v  75.012138 14.662582 25.560509
v  75.012138 14.626097 25.575623
v  75.012138 14.677696 25.524021
v  75.012138 14.662582 25.487535
v  75.012138 14.626097 25.472422
v  75.012138 14.589610 25.487535
v  75.012138 14.574496 25.524021
v  75.012138 14.589610 25.560509
v  74.875519 14.626097 25.353653
v  74.865845 14.759041 25.656967
v  74.865845 14.626097 25.712036
v  74.865845 14.814109 25.524021
v  74.865845 14.759041 25.391077
v  74.865845 14.626097 25.336008
v  74.865845 14.493151 25.391077
v  74.865845 14.438083 25.524021
v  74.865845 14.493151 25.656967
v  74.875519 14.626097 25.694391
v  74.875519 14.746566 25.644491
v  74.875900 14.700518 25.598444
v  74.875900 14.626097 25.629271
v  74.875519 14.796466 25.524021
v  74.875900 14.731344 25.524021
v  74.875519 14.746566 25.403551
v  74.875900 14.700518 25.449600
v  74.875900 14.626097 25.418774
v  74.875519 14.505625 25.403551
v  74.875900 14.551674 25.449600
v  74.875519 14.455726 25.524021
v  74.875900 14.520847 25.524021
v  74.875519 14.505625 25.644491
v  74.875900 14.551674 25.598444
v  75.019264 14.626097 25.524021
v  75.017487 14.626097 25.570162
v  75.017487 14.658722 25.556648
v  75.017487 14.672236 25.524021
v  75.017487 14.658722 25.491396
v  75.017487 14.626097 25.477882
v  75.017487 14.593471 25.491396
v  75.017487 14.579956 25.524021
v  75.017487 14.593471 25.556648
v  74.992538 14.666382 25.483736
v  74.920486 14.682226 25.941351
v  74.916649 14.626097 25.999441
v  74.912407 14.720685 25.524021
v  74.912155 14.694883 25.627628
v  74.912407 14.692981 25.457138
v  74.912407 14.626097 25.429434
v  74.912407 14.559211 25.457138
v  74.912407 14.531507 25.524021
v  74.912155 14.557309 25.627628
v  74.920486 14.569964 25.941351
v  74.987587 14.692451 25.625196
v  74.990753 14.626097 25.667641
v  74.985809 14.626097 25.999441
v  74.981972 14.682226 25.941351
v  74.987587 14.559741 25.625196
v  74.981972 14.569964 25.941351
v  74.907471 14.626097 25.673016
v  74.985809 14.715311 25.524021
v  74.985809 14.689180 25.460938
v  74.985809 14.626097 25.434807
v  74.985809 14.563011 25.460938
v  74.985809 14.536881 25.524021
v  74.992538 14.666382 25.564308
v  74.992538 14.626097 25.580996
v  74.992538 14.683069 25.524021
v  74.992538 14.626097 25.467049
v  74.992538 14.585810 25.483736
v  74.992538 14.569123 25.524021
v  74.992538 14.585810 25.564308
v  74.802658 14.759864 25.657791
v  74.802658 14.815273 25.524021
v  74.802658 14.759864 25.390253
v  74.802658 14.626097 25.334845
v  74.802658 14.492328 25.390253
v  74.802658 14.492328 25.657791
v  74.802658 14.436918 25.524021
v  74.802658 14.626097 25.713200
# 626 vertices

vt 0.250000 0.000000 0.000000
vt 0.250000 0.031250 0.000000
vt 0.750000 0.031250 0.000000
vt 0.750000 0.000000 0.000000
vt 0.125000 0.000000 0.000000
vt 0.500000 0.000000 0.000000
vt 0.140625 0.031250 0.000000
vt 0.531250 0.031250 0.000000
vt 0.750000 0.000000 1.000000
vt 0.875000 0.000000 1.000000
vt 0.000000 0.000000 1.000000
vt 0.125000 0.000000 1.000000
vt 0.250000 0.000000 1.000000
vt 0.375000 0.000000 1.000000
vt 0.500000 0.000000 1.000000
vt 0.625000 0.000000 1.000000
vt 0.750000 1.000000 1.000000
vt 0.875000 1.000000 1.000000
vt 0.000000 1.000000 1.000000
vt 0.125000 1.000000 1.000000
vt 0.250000 1.000000 1.000000
vt 0.375000 1.000000 1.000000
vt 0.500000 1.000000 1.000000
vt 0.625000 1.000000 1.000000
vt -0.125000 0.000000 1.000000
vt -0.125000 1.000000 1.000000
vt 0.780330 0.000000 0.414214
vt 0.521447 0.000000 -0.414214
vt 0.250000 0.000000 -1.000000
vt 0.125000 0.000000 -1.000000
vt 0.219670 0.000000 -0.414214
vt 0.478553 0.000000 0.414213
vt 0.780330 1.000000 0.414214
vt 0.521447 1.000000 -0.414213
vt 0.250000 1.000000 -1.000000
vt 0.125000 1.000000 -1.000000
vt 0.219670 1.000000 -0.414214
vt 0.750000 0.000000 1.000000
vt 0.875000 0.000000 1.000000
vt 0.000000 0.000000 1.000000
vt 0.125000 0.000000 1.000000
vt 0.250000 0.000000 1.000000
vt 0.375000 0.000000 1.000000
vt 0.500000 0.000000 1.000000
vt 0.625000 0.000000 1.000000
vt 0.750000 1.000000 1.000000
vt 0.875000 1.000000 1.000000
vt 0.000000 1.000000 1.000000
vt 0.125000 1.000000 1.000000
vt 0.250000 1.000000 1.000000
vt 0.375000 1.000000 1.000000
vt 0.500000 1.000000 1.000000
vt 0.625000 1.000000 1.000000
vt -0.125000 0.000000 1.000000
vt -0.125000 1.000000 1.000000
vt 0.780330 0.000000 0.414214
vt 0.521447 0.000000 -0.414214
vt 0.250000 0.000000 -1.000000
vt 0.125000 0.000000 -1.000000
vt 0.219670 0.000000 -0.414214
vt 0.478553 0.000000 0.414213
vt 0.780330 1.000000 0.414214
vt 0.521447 1.000000 -0.414213
vt 0.250000 1.000000 -1.000000
vt 0.125000 1.000000 -1.000000
vt 0.219670 1.000000 -0.414214
vt 0.750000 0.000000 1.000000
vt 0.875000 0.000000 1.000000
vt 0.000000 0.000000 1.000000
vt 0.125000 0.000000 1.000000
vt 0.250000 0.000000 1.000000
vt 0.375000 0.000000 1.000000
vt 0.500000 0.000000 1.000000
vt 0.625000 0.000000 1.000000
vt 0.750000 1.000000 1.000000
vt 0.875000 1.000000 1.000000
vt 0.000000 1.000000 1.000000
vt 0.125000 1.000000 1.000000
vt 0.250000 1.000000 1.000000
vt 0.375000 1.000000 1.000000
vt 0.500000 1.000000 1.000000
vt 0.625000 1.000000 1.000000
vt -0.125000 0.000000 1.000000
vt -0.125000 1.000000 1.000000
vt 0.780330 0.000000 0.414214
vt 0.521447 0.000000 -0.414214
vt 0.250000 0.000000 -1.000000
vt 0.125000 0.000000 -1.000000
vt 0.219670 0.000000 -0.414214
vt 0.478553 0.000000 0.414213
vt 0.780330 1.000000 0.414214
vt 0.521447 1.000000 -0.414213
vt 0.250000 1.000000 -1.000000
vt 0.125000 1.000000 -1.000000
vt 0.219670 1.000000 -0.414214
vt 0.750000 0.000000 1.000000
vt 0.812500 0.000000 1.000000
vt 0.875000 0.000000 1.000000
vt 0.875000 0.987854 1.000000
vt 0.812500 0.865890 0.993847
vt 0.750000 0.865890 0.993847
vt -0.125000 0.000000 1.000000
vt -0.062500 0.000000 1.000000
vt 0.000000 0.000000 1.000000
vt 0.000000 0.987854 1.000000
vt -0.062500 0.987854 1.000000
vt -0.125000 0.987854 1.000000
vt 0.062500 0.000000 1.000000
vt 0.125000 0.000000 1.000000
vt 0.125000 0.865890 0.993847
vt 0.062500 0.865890 0.993847
vt 0.187500 0.000000 1.000000
vt 0.250000 0.000000 1.000000
vt 0.250000 0.865890 0.993847
vt 0.187500 0.865890 0.993847
vt 0.312500 0.000000 1.000000
vt 0.375000 0.000000 1.000000
vt 0.375000 0.865890 0.993847
vt 0.312500 0.865890 0.993847
vt 0.437500 0.000000 1.000000
vt 0.500000 0.000000 1.000000
vt 0.500000 0.865890 0.993847
vt 0.437500 0.865890 0.993847
vt 0.562500 0.000000 1.000000
vt 0.625000 0.000000 1.000000
vt 0.625000 0.865890 0.993847
vt 0.562500 0.865890 0.993847
vt 0.687500 0.000000 1.000000
vt 0.687500 0.865890 0.993847
vt 0.750000 0.998482 0.900582
vt 0.812500 0.998482 0.900582
vt 0.875000 1.000000 0.950777
vt 0.875000 1.000000 0.556347
vt 0.812500 1.000000 0.556347
vt 0.750000 1.000000 0.556347
vt -0.125000 1.000000 0.950777
vt -0.062500 0.997977 0.899823
vt 0.000000 1.000000 0.950777
vt 0.000000 1.000000 0.556347
vt -0.062500 1.000000 0.556347
vt -0.125000 1.000000 0.556347
vt 0.062500 0.998482 0.900582
vt 0.125000 0.998482 0.900582
vt 0.125000 1.000000 0.556347
vt 0.062500 1.000000 0.556347
vt 0.187500 0.998482 0.900582
vt 0.250000 0.998482 0.900582
vt 0.250000 1.000000 0.556347
vt 0.187500 1.000000 0.556347
vt 0.312500 0.998482 0.900582
vt 0.375000 0.998482 0.900582
vt 0.375000 1.000000 0.556347
vt 0.312500 1.000000 0.556347
vt 0.437500 0.998482 0.900582
vt 0.500000 0.998482 0.900582
vt 0.500000 1.000000 0.556347
vt 0.437500 1.000000 0.556347
vt 0.562500 0.998482 0.900582
vt 0.625000 0.998482 0.900582
vt 0.625000 1.000000 0.556347
vt 0.562500 1.000000 0.556347
vt 0.687500 0.998482 0.900582
vt 0.687500 1.000000 0.556347
vt 0.500000 1.000000 0.104167
vt 0.645833 1.000000 0.291667
vt 0.708333 1.000000 0.333333
vt 0.687500 1.000000 0.291667
vt 0.723958 1.000000 0.447917
vt 0.786458 1.000000 0.458333
vt 0.875000 1.000000 0.447917
vt 0.187500 1.000000 0.291667
vt 0.125000 1.000000 0.333333
vt 0.208333 1.000000 0.291667
vt -0.125000 1.000000 0.447917
vt -0.015625 1.000000 0.458333
vt 0.052083 1.000000 0.447917
vt 0.208333 1.000000 0.333333
vt 0.281250 1.000000 0.291667
vt 0.098958 1.000000 0.458333
vt 0.164063 1.000000 0.447917
vt 0.291667 1.000000 0.333333
vt 0.354167 1.000000 0.291667
vt 0.213542 1.000000 0.458333
vt 0.276042 1.000000 0.447917
vt 0.375000 1.000000 0.333333
vt 0.427083 1.000000 0.291667
vt 0.328125 1.000000 0.458333
vt 0.388021 1.000000 0.447917
vt 0.458333 1.000000 0.333333
vt 0.500000 1.000000 0.291667
vt 0.442708 1.000000 0.458333
vt 0.500000 1.000000 0.447917
vt 0.541667 1.000000 0.333333
vt 0.572917 1.000000 0.291667
vt 0.557292 1.000000 0.458333
vt 0.611979 1.000000 0.447917
vt 0.625000 1.000000 0.333333
vt 0.671875 1.000000 0.458333
vt 0.875000 0.993927 0.975388
vt 0.812500 0.993927 0.975388
vt 0.750000 0.993927 0.975388
vt 0.000380 0.983818 0.993927
vt 0.000190 0.991909 0.972352
vt -0.062500 0.991909 0.972352
vt -0.062500 0.983818 0.993927
vt -0.125380 0.991909 0.972352
vt -0.125759 0.983818 0.993927
vt 0.125000 0.993927 0.975388
vt 0.062500 0.993927 0.975388
vt 0.000000 0.993927 0.975388
vt 0.250000 0.993927 0.975388
vt 0.187500 0.993927 0.975388
vt 0.375000 0.993927 0.975388
vt 0.312500 0.993927 0.975388
vt 0.500000 0.993927 0.975388
vt 0.437500 0.993927 0.975388
vt 0.625000 0.993927 0.975388
vt 0.562500 0.993927 0.975388
vt 0.687500 0.993927 0.975388
vt 0.812500 1.000000 0.500000
vt 0.750000 1.000000 0.500000
vt 0.875000 1.000000 0.500000
vt -0.062500 1.000000 0.500000
vt -0.125000 1.000000 0.500000
vt 0.000000 1.000000 0.500000
vt 0.062500 1.000000 0.500000
vt 0.125000 1.000000 0.500000
vt 0.187500 1.000000 0.500000
vt 0.250000 1.000000 0.500000
vt 0.312500 1.000000 0.500000
vt 0.375000 1.000000 0.500000
vt 0.437500 1.000000 0.500000
vt 0.500000 1.000000 0.500000
vt 0.562500 1.000000 0.500000
vt 0.625000 1.000000 0.500000
vt 0.687500 1.000000 0.500000
vt 0.847222 1.000000 0.500000
vt 0.859375 1.000000 0.500000
vt 0.812500 1.000000 0.500000
vt 0.812500 1.000000 0.500000
vt 0.750000 1.000000 0.500000
vt 0.750000 1.000000 0.500000
vt 0.000000 1.000000 0.500000
vt 0.000000 1.000000 0.500000
vt -0.062500 1.000000 0.500000
vt -0.062500 1.000000 0.500000
vt -0.125000 1.000000 0.500000
vt -0.125000 1.000000 0.500000
vt 0.125000 1.000000 0.500000
vt 0.125000 1.000000 0.500000
vt 0.062500 1.000000 0.500000
vt 0.062500 1.000000 0.500000
vt 0.250000 1.000000 0.500000
vt 0.250000 1.000000 0.500000
vt 0.187500 1.000000 0.500000
vt 0.187500 1.000000 0.500000
vt 0.375000 1.000000 0.500000
vt 0.375000 1.000000 0.500000
vt 0.312500 1.000000 0.500000
vt 0.312500 1.000000 0.500000
vt 0.500000 1.000000 0.500000
vt 0.500000 1.000000 0.500000
vt 0.437500 1.000000 0.500000
vt 0.437500 1.000000 0.500000
vt 0.625000 1.000000 0.500000
vt 0.609375 1.000000 0.500000
vt 0.562500 1.000000 0.500000
vt 0.562500 1.000000 0.500000
vt 0.687500 1.000000 0.500000
vt 0.687500 1.000000 0.500000
vt 0.640625 1.000000 0.500000
vt 0.652778 1.000000 0.500000
vt 0.875000 1.000000 0.500000
vt 0.812500 1.000000 0.500000
vt 0.812500 1.000000 0.500000
vt 0.859375 1.000000 0.500000
vt 0.750000 1.000000 0.500000
vt 0.750000 1.000000 0.500000
vt 0.750000 1.000000 0.500000
vt 0.812500 1.000000 0.500000
vt 0.847222 1.000000 0.500000
vt 0.687500 1.000000 0.500000
vt 0.687500 1.000000 0.500000
vt 0.625000 1.000000 0.500000
vt 0.640625 1.000000 0.500000
vt 0.652778 1.000000 0.500000
vt 0.687500 1.000000 0.500000
vt 0.609375 1.000000 0.500000
vt 0.625000 1.000000 0.500000
vt 0.640625 1.000000 0.500000
vt 0.687500 1.000000 0.500000
vt 0.687500 1.000000 0.500000
vt 0.640625 1.000000 0.500000
vt 0.750000 1.000000 0.500000
vt 0.750000 1.000000 0.500000
vt 0.812500 1.000000 0.500000
vt 0.812500 1.000000 0.500000
vt 0.875000 1.000000 0.500000
vt 0.859375 1.000000 0.500000
vt 0.875000 1.000000 0.500000
vt 0.875000 1.000000 0.500000
vt 0.875000 1.000000 0.500000
vt 0.812500 1.000000 0.500000
vt 0.750000 1.000000 0.500000
vt 0.000000 1.000000 0.500000
vt -0.062500 1.000000 0.500000
vt -0.125000 1.000000 0.500000
vt 0.125000 1.000000 0.500000
vt 0.062500 1.000000 0.500000
vt 0.250000 1.000000 0.500000
vt 0.187500 1.000000 0.500000
vt 0.375000 1.000000 0.500000
vt 0.312500 1.000000 0.500000
vt 0.500000 1.000000 0.500000
vt 0.437500 1.000000 0.500000
vt 0.625000 1.000000 0.500000
vt 0.562500 1.000000 0.500000
vt 0.687500 1.000000 0.500000
vt 0.859375 1.000000 0.500000
vt 0.812500 1.000000 0.500000
vt 0.750000 1.000000 0.500000
vt 0.000000 1.000000 0.500000
vt -0.062500 1.000000 0.500000
vt 0.000000 1.000000 0.500000
vt -0.062500 1.000000 0.500000
vt -0.125000 1.000000 0.500000
vt -0.125000 1.000000 0.500000
vt 0.125000 1.000000 0.500000
vt 0.062500 1.000000 0.500000
vt 0.125000 1.000000 0.500000
vt 0.062500 1.000000 0.500000
vt 0.250000 1.000000 0.500000
vt 0.187500 1.000000 0.500000
vt 0.250000 1.000000 0.500000
vt 0.187500 1.000000 0.500000
vt 0.375000 1.000000 0.500000
vt 0.312500 1.000000 0.500000
vt 0.375000 1.000000 0.500000
vt 0.312500 1.000000 0.500000
vt 0.500000 1.000000 0.500000
vt 0.437500 1.000000 0.500000
vt 0.500000 1.000000 0.500000
vt 0.437500 1.000000 0.500000
vt 0.562500 1.000000 0.500000
vt 0.562500 1.000000 0.500000
vt 0.687500 1.000000 0.500000
vt 0.625000 1.000000 0.500000
vt 0.875000 1.000000 0.500000
vt 0.875000 1.000000 0.500000
vt 0.875000 1.000000 0.500000
vt 0.812500 1.000000 0.500000
vt 0.750000 1.000000 0.500000
vt 0.000000 1.000000 0.500000
vt -0.062500 1.000000 0.500000
vt -0.125000 1.000000 0.500000
vt 0.125000 1.000000 0.500000
vt 0.062500 1.000000 0.500000
vt 0.250000 1.000000 0.500000
vt 0.187500 1.000000 0.500000
vt 0.375000 1.000000 0.500000
vt 0.312500 1.000000 0.500000
vt 0.500000 1.000000 0.500000
vt 0.437500 1.000000 0.500000
vt 0.625000 1.000000 0.500000
vt 0.562500 1.000000 0.500000
vt 0.687500 1.000000 0.500000
vt 0.812500 1.000000 0.500000
vt 0.750000 1.000000 0.500000
vt 0.875000 1.000000 0.500000
vt -0.062500 1.000000 0.500000
vt -0.125000 1.000000 0.500000
vt 0.000000 1.000000 0.500000
vt 0.062500 1.000000 0.500000
vt 0.125000 1.000000 0.500000
vt 0.187500 1.000000 0.500000
vt 0.250000 1.000000 0.500000
vt 0.312500 1.000000 0.500000
vt 0.375000 1.000000 0.500000
vt 0.437500 1.000000 0.500000
vt 0.500000 1.000000 0.500000
vt 0.562500 1.000000 0.500000
vt 0.625000 1.000000 0.500000
vt 0.687500 1.000000 0.500000
vt 0.875000 1.000000 0.500000
vt 0.812500 1.000000 0.500000
vt 0.750000 1.000000 0.500000
vt 0.000000 1.000000 0.500000
vt -0.062500 1.000000 0.500000
vt -0.125000 1.000000 0.500000
vt 0.125000 1.000000 0.500000
vt 0.062500 1.000000 0.500000
vt 0.250000 1.000000 0.500000
vt 0.187500 1.000000 0.500000
vt 0.375000 1.000000 0.500000
vt 0.312500 1.000000 0.500000
vt 0.500000 1.000000 0.500000
vt 0.437500 1.000000 0.500000
vt 0.625000 1.000000 0.500000
vt 0.562500 1.000000 0.500000
vt 0.687500 1.000000 0.500000
vt 0.750000 0.000000 1.000000
vt 0.812500 0.000000 1.000000
vt 0.875000 0.000000 1.000000
vt 0.875000 0.987854 1.000000
vt 0.812500 0.865890 0.993847
vt 0.750000 0.865890 0.993847
vt -0.125000 0.000000 1.000000
vt -0.062500 0.000000 1.000000
vt 0.000000 0.000000 1.000000
vt 0.000000 0.987854 1.000000
vt -0.062500 0.987854 1.000000
vt -0.125000 0.987854 1.000000
vt 0.062500 0.000000 1.000000
vt 0.125000 0.000000 1.000000
vt 0.125000 0.865890 0.993847
vt 0.062500 0.865890 0.993847
vt 0.187500 0.000000 1.000000
vt 0.250000 0.000000 1.000000
vt 0.250000 0.865890 0.993847
vt 0.187500 0.865890 0.993847
vt 0.312500 0.000000 1.000000
vt 0.375000 0.000000 1.000000
vt 0.375000 0.865890 0.993847
vt 0.312500 0.865890 0.993847
vt 0.437500 0.000000 1.000000
vt 0.500000 0.000000 1.000000
vt 0.500000 0.865890 0.993847
vt 0.437500 0.865890 0.993847
vt 0.562500 0.000000 1.000000
vt 0.625000 0.000000 1.000000
vt 0.625000 0.865890 0.993847
vt 0.562500 0.865890 0.993847
vt 0.687500 0.000000 1.000000
vt 0.687500 0.865890 0.993847
vt 0.750000 0.998482 0.900582
vt 0.812500 0.998482 0.900582
vt 0.875000 1.000000 0.950777
vt 0.875000 1.000000 0.556347
vt 0.812500 1.000000 0.556347
vt 0.750000 1.000000 0.556347
vt -0.125000 1.000000 0.950777
vt -0.062500 0.997977 0.899823
vt 0.000000 1.000000 0.950777
vt 0.000000 1.000000 0.556347
vt -0.062500 1.000000 0.556347
vt -0.125000 1.000000 0.556347
vt 0.062500 0.998482 0.900582
vt 0.125000 0.998482 0.900582
vt 0.125000 1.000000 0.556347
vt 0.062500 1.000000 0.556347
vt 0.187500 0.998482 0.900582
vt 0.250000 0.998482 0.900582
vt 0.250000 1.000000 0.556347
vt 0.187500 1.000000 0.556347
vt 0.312500 0.998482 0.900582
vt 0.375000 0.998482 0.900582
vt 0.375000 1.000000 0.556347
vt 0.312500 1.000000 0.556347
vt 0.437500 0.998482 0.900582
vt 0.500000 0.998482 0.900582
vt 0.500000 1.000000 0.556347
vt 0.437500 1.000000 0.556347
vt 0.562500 0.998482 0.900582
vt 0.625000 0.998482 0.900582
vt 0.625000 1.000000 0.556347
vt 0.562500 1.000000 0.556347
vt 0.687500 0.998482 0.900582
vt 0.687500 1.000000 0.556347
vt 0.500000 1.000000 0.104167
vt 0.645833 1.000000 0.291667
vt 0.708333 1.000000 0.333333
vt 0.687500 1.000000 0.291667
vt 0.723958 1.000000 0.447917
vt 0.786458 1.000000 0.458333
vt 0.875000 1.000000 0.447917
vt 0.187500 1.000000 0.291667
vt 0.125000 1.000000 0.333333
vt 0.208333 1.000000 0.291667
vt -0.125000 1.000000 0.447917
vt -0.015625 1.000000 0.458333
vt 0.052083 1.000000 0.447917
vt 0.208333 1.000000 0.333333
vt 0.281250 1.000000 0.291667
vt 0.098958 1.000000 0.458333
vt 0.164063 1.000000 0.447917
vt 0.291667 1.000000 0.333333
vt 0.354167 1.000000 0.291667
vt 0.213542 1.000000 0.458333
vt 0.276042 1.000000 0.447917
vt 0.375000 1.000000 0.333333
vt 0.427083 1.000000 0.291667
vt 0.328125 1.000000 0.458333
vt 0.388021 1.000000 0.447917
vt 0.458333 1.000000 0.333333
vt 0.500000 1.000000 0.291667
vt 0.442708 1.000000 0.458333
vt 0.500000 1.000000 0.447917
vt 0.541667 1.000000 0.333333
vt 0.572917 1.000000 0.291667
vt 0.557292 1.000000 0.458333
vt 0.611979 1.000000 0.447917
vt 0.625000 1.000000 0.333333
vt 0.671875 1.000000 0.458333
vt 0.875000 0.993927 0.975388
vt 0.812500 0.993927 0.975388
vt 0.750000 0.993927 0.975388
vt 0.000380 0.983818 0.993927
vt 0.000190 0.991909 0.972352
vt -0.062500 0.991909 0.972352
vt -0.062500 0.983818 0.993927
vt -0.125380 0.991909 0.972352
vt -0.125759 0.983818 0.993927
vt 0.125000 0.993927 0.975388
vt 0.062500 0.993927 0.975388
vt 0.000000 0.993927 0.975388
vt 0.250000 0.993927 0.975388
vt 0.187500 0.993927 0.975388
vt 0.375000 0.993927 0.975388
vt 0.312500 0.993927 0.975388
vt 0.500000 0.993927 0.975388
vt 0.437500 0.993927 0.975388
vt 0.625000 0.993927 0.975388
vt 0.562500 0.993927 0.975388
vt 0.687500 0.993927 0.975388
vt 0.812500 1.000000 0.500000
vt 0.750000 1.000000 0.500000
vt 0.875000 1.000000 0.500000
vt -0.062500 1.000000 0.500000
vt -0.125000 1.000000 0.500000
vt 0.000000 1.000000 0.500000
vt 0.062500 1.000000 0.500000
vt 0.125000 1.000000 0.500000
vt 0.187500 1.000000 0.500000
vt 0.250000 1.000000 0.500000
vt 0.312500 1.000000 0.500000
vt 0.375000 1.000000 0.500000
vt 0.437500 1.000000 0.500000
vt 0.500000 1.000000 0.500000
vt 0.562500 1.000000 0.500000
vt 0.625000 1.000000 0.500000
vt 0.687500 1.000000 0.500000
vt 0.847222 1.000000 0.500000
vt 0.859375 1.000000 0.500000
vt 0.812500 1.000000 0.500000
vt 0.812500 1.000000 0.500000
vt 0.750000 1.000000 0.500000
vt 0.750000 1.000000 0.500000
vt 0.000000 1.000000 0.500000
vt 0.000000 1.000000 0.500000
vt -0.062500 1.000000 0.500000
vt -0.062500 1.000000 0.500000
vt -0.125000 1.000000 0.500000
vt -0.125000 1.000000 0.500000
vt 0.125000 1.000000 0.500000
vt 0.125000 1.000000 0.500000
vt 0.062500 1.000000 0.500000
vt 0.062500 1.000000 0.500000
vt 0.250000 1.000000 0.500000
vt 0.250000 1.000000 0.500000
vt 0.187500 1.000000 0.500000
vt 0.187500 1.000000 0.500000
vt 0.375000 1.000000 0.500000
vt 0.375000 1.000000 0.500000
vt 0.312500 1.000000 0.500000
vt 0.312500 1.000000 0.500000
vt 0.500000 1.000000 0.500000
vt 0.500000 1.000000 0.500000
vt 0.437500 1.000000 0.500000
vt 0.437500 1.000000 0.500000
vt 0.625000 1.000000 0.500000
vt 0.609375 1.000000 0.500000
vt 0.562500 1.000000 0.500000
vt 0.562500 1.000000 0.500000
vt 0.687500 1.000000 0.500000
vt 0.687500 1.000000 0.500000
vt 0.640625 1.000000 0.500000
vt 0.652778 1.000000 0.500000
vt 0.875000 1.000000 0.500000
vt 0.812500 1.000000 0.500000
vt 0.812500 1.000000 0.500000
vt 0.859375 1.000000 0.500000
vt 0.750000 1.000000 0.500000
vt 0.750000 1.000000 0.500000
vt 0.750000 1.000000 0.500000
vt 0.812500 1.000000 0.500000
vt 0.847222 1.000000 0.500000
vt 0.687500 1.000000 0.500000
vt 0.687500 1.000000 0.500000
vt 0.625000 1.000000 0.500000
vt 0.640625 1.000000 0.500000
vt 0.652778 1.000000 0.500000
vt 0.687500 1.000000 0.500000
vt 0.609375 1.000000 0.500000
vt 0.625000 1.000000 0.500000
vt 0.640625 1.000000 0.500000
vt 0.687500 1.000000 0.500000
vt 0.687500 1.000000 0.500000
vt 0.640625 1.000000 0.500000
vt 0.750000 1.000000 0.500000
vt 0.750000 1.000000 0.500000
vt 0.812500 1.000000 0.500000
vt 0.812500 1.000000 0.500000
vt 0.875000 1.000000 0.500000
vt 0.859375 1.000000 0.500000
vt 0.875000 1.000000 0.500000
vt 0.875000 1.000000 0.500000
vt 0.875000 1.000000 0.500000
vt 0.812500 1.000000 0.500000
vt 0.750000 1.000000 0.500000
vt 0.000000 1.000000 0.500000
vt -0.062500 1.000000 0.500000
vt -0.125000 1.000000 0.500000
vt 0.125000 1.000000 0.500000
vt 0.062500 1.000000 0.500000
vt 0.250000 1.000000 0.500000
vt 0.187500 1.000000 0.500000
vt 0.375000 1.000000 0.500000
vt 0.312500 1.000000 0.500000
vt 0.500000 1.000000 0.500000
vt 0.437500 1.000000 0.500000
vt 0.625000 1.000000 0.500000
vt 0.562500 1.000000 0.500000
vt 0.687500 1.000000 0.500000
vt 0.859375 1.000000 0.500000
vt 0.812500 1.000000 0.500000
vt 0.750000 1.000000 0.500000
vt 0.000000 1.000000 0.500000
vt -0.062500 1.000000 0.500000
vt 0.000000 1.000000 0.500000
vt -0.062500 1.000000 0.500000
vt -0.125000 1.000000 0.500000
vt -0.125000 1.000000 0.500000
vt 0.125000 1.000000 0.500000
vt 0.062500 1.000000 0.500000
vt 0.125000 1.000000 0.500000
vt 0.062500 1.000000 0.500000
vt 0.250000 1.000000 0.500000
vt 0.187500 1.000000 0.500000
vt 0.250000 1.000000 0.500000
vt 0.187500 1.000000 0.500000
vt 0.375000 1.000000 0.500000
vt 0.312500 1.000000 0.500000
vt 0.375000 1.000000 0.500000
vt 0.312500 1.000000 0.500000
vt 0.500000 1.000000 0.500000
vt 0.437500 1.000000 0.500000
vt 0.500000 1.000000 0.500000
vt 0.437500 1.000000 0.500000
vt 0.562500 1.000000 0.500000
vt 0.562500 1.000000 0.500000
vt 0.687500 1.000000 0.500000
vt 0.625000 1.000000 0.500000
vt 0.875000 1.000000 0.500000
vt 0.875000 1.000000 0.500000
vt 0.875000 1.000000 0.500000
vt 0.812500 1.000000 0.500000
vt 0.750000 1.000000 0.500000
vt 0.000000 1.000000 0.500000
vt -0.062500 1.000000 0.500000
vt -0.125000 1.000000 0.500000
vt 0.125000 1.000000 0.500000
vt 0.062500 1.000000 0.500000
vt 0.250000 1.000000 0.500000
vt 0.187500 1.000000 0.500000
vt 0.375000 1.000000 0.500000
vt 0.312500 1.000000 0.500000
vt 0.500000 1.000000 0.500000
vt 0.437500 1.000000 0.500000
vt 0.625000 1.000000 0.500000
vt 0.562500 1.000000 0.500000
vt 0.687500 1.000000 0.500000
vt 0.812500 1.000000 0.500000
vt 0.750000 1.000000 0.500000
vt 0.875000 1.000000 0.500000
vt -0.062500 1.000000 0.500000
vt -0.125000 1.000000 0.500000
vt 0.000000 1.000000 0.500000
vt 0.062500 1.000000 0.500000
vt 0.125000 1.000000 0.500000
vt 0.187500 1.000000 0.500000
vt 0.250000 1.000000 0.500000
vt 0.312500 1.000000 0.500000
vt 0.375000 1.000000 0.500000
vt 0.437500 1.000000 0.500000
vt 0.500000 1.000000 0.500000
vt 0.562500 1.000000 0.500000
vt 0.625000 1.000000 0.500000
vt 0.687500 1.000000 0.500000
vt 0.875000 1.000000 0.500000
vt 0.812500 1.000000 0.500000
vt 0.750000 1.000000 0.500000
vt 0.000000 1.000000 0.500000
vt -0.062500 1.000000 0.500000
vt -0.125000 1.000000 0.500000
vt 0.125000 1.000000 0.500000
vt 0.062500 1.000000 0.500000
vt 0.250000 1.000000 0.500000
vt 0.187500 1.000000 0.500000
vt 0.375000 1.000000 0.500000
vt 0.312500 1.000000 0.500000
vt 0.500000 1.000000 0.500000
vt 0.437500 1.000000 0.500000
vt 0.625000 1.000000 0.500000
vt 0.562500 1.000000 0.500000
vt 0.687500 1.000000 0.500000
# 705 texture coords

o ???010
g ???010
f 4304/4996 4305/4997 4310/5002 4308/5000 
f 4304/4996 4307/4999 4306/4998 4305/4997 
f 4309/5001 4311/5003 4306/4998 4307/4999 
f 4310/5002 4311/5003 4309/5001 4308/5000 
f 4307/4999 4304/4996 4308/5000 4309/5001 
f 4305/4997 4306/4998 4311/5003 4310/5002 
f 4319/5027 4318/5026 4317/5025 4316/5024 4315/5023 4314/5022 4313/5005 4312/5004 
f 4312/5004 4313/5005 4321/5013 4320/5012 
f 4313/5020 4314/5006 4322/5014 4321/5021 
f 4314/5006 4315/5007 4323/5015 4322/5014 
f 4315/5007 4316/5008 4324/5016 4323/5015 
f 4316/5008 4317/5009 4325/5017 4324/5016 
f 4317/5009 4318/5010 4326/5018 4325/5017 
f 4318/5010 4319/5011 4327/5019 4326/5018 
f 4319/5011 4312/5004 4320/5012 4327/5019 
f 4327/5019 4320/5012 4321/5013 4322/5028 4323/5029 4324/5030 4325/5031 4326/5032 
f 4335/5056 4334/5055 4333/5054 4332/5053 4331/5052 4330/5051 4329/5034 4328/5033 
f 4328/5033 4329/5034 4337/5042 4336/5041 
f 4329/5049 4330/5035 4338/5043 4337/5050 
f 4330/5035 4331/5036 4339/5044 4338/5043 
f 4331/5036 4332/5037 4340/5045 4339/5044 
f 4332/5037 4333/5038 4341/5046 4340/5045 
f 4333/5038 4334/5039 4342/5047 4341/5046 
f 4334/5039 4335/5040 4343/5048 4342/5047 
f 4335/5040 4328/5033 4336/5041 4343/5048 
f 4343/5048 4336/5041 4337/5042 4338/5057 4339/5058 4340/5059 4341/5060 4342/5061 
f 4351/5085 4350/5084 4349/5083 4348/5082 4347/5081 4346/5080 4345/5063 4344/5062 
f 4344/5062 4345/5063 4353/5071 4352/5070 
f 4345/5078 4346/5064 4354/5072 4353/5079 
f 4346/5064 4347/5065 4355/5073 4354/5072 
f 4347/5065 4348/5066 4356/5074 4355/5073 
f 4348/5066 4349/5067 4357/5075 4356/5074 
f 4349/5067 4350/5068 4358/5076 4357/5075 
f 4350/5068 4351/5069 4359/5077 4358/5076 
f 4351/5069 4344/5062 4352/5070 4359/5077 
f 4359/5077 4352/5070 4353/5071 4354/5086 4355/5087 4356/5088 4357/5089 4358/5090 
f 4644/5091 4432/5092 4433/5095 4576/5096 
f 4432/5092 4637/5093 4575/5094 4433/5095 
f 4637/5097 4434/5098 4435/5101 4575/5102 
f 4434/5098 4638/5099 4577/5100 4435/5101 
f 4638/5099 4436/5103 4437/5106 4577/5100 
f 4436/5103 4639/5104 4578/5105 4437/5106 
f 4639/5104 4438/5107 4439/5110 4578/5105 
f 4438/5107 4640/5108 4579/5109 4439/5110 
f 4640/5108 4440/5111 4441/5114 4579/5109 
f 4440/5111 4641/5112 4580/5113 4441/5114 
f 4641/5112 4442/5115 4443/5118 4580/5113 
f 4442/5115 4643/5116 4581/5117 4443/5118 
f 4643/5116 4444/5119 4445/5122 4581/5117 
f 4444/5119 4642/5120 4582/5121 4445/5122 
f 4642/5120 4446/5123 4447/5124 4582/5121 
f 4446/5123 4644/5091 4576/5096 4447/5124 
f 4583/5125 4448/5126 4449/5129 4586/5130 
f 4448/5126 4584/5127 4585/5128 4449/5129 
f 4584/5131 4450/5132 4451/5135 4585/5136 
f 4450/5132 4587/5133 4588/5134 4451/5135 
f 4587/5133 4452/5137 4453/5140 4588/5134 
f 4452/5137 4589/5138 4590/5139 4453/5140 
f 4589/5138 4454/5141 4455/5144 4590/5139 
f 4454/5141 4574/5142 4591/5143 4455/5144 
f 4574/5142 4456/5145 4457/5148 4591/5143 
f 4456/5145 4592/5146 4593/5147 4457/5148 
f 4592/5146 4458/5149 4459/5152 4593/5147 
f 4458/5149 4594/5150 4595/5151 4459/5152 
f 4594/5150 4460/5153 4461/5156 4595/5151 
f 4460/5153 4596/5154 4597/5155 4461/5156 
f 4596/5154 4462/5157 4463/5158 4597/5155 
f 4462/5157 4583/5125 4586/5130 4463/5158 
f 4598/5159 4464/5160 4376/5161 4465/5162 
f 4599/5163 4466/5164 4376/5161 4464/5160 
f 4600/5165 4465/5162 4376/5161 4466/5164 
f 4598/5159 4465/5166 4377/5167 4467/5168 
f 4600/5169 4468/5170 4377/5167 4465/5166 
f 4601/5171 4467/5168 4377/5167 4468/5170 
f 4598/5159 4467/5168 4378/5172 4469/5173 
f 4601/5171 4470/5174 4378/5172 4467/5168 
f 4602/5175 4469/5173 4378/5172 4470/5174 
f 4598/5159 4469/5173 4379/5176 4471/5177 
f 4602/5175 4472/5178 4379/5176 4469/5173 
f 4603/5179 4471/5177 4379/5176 4472/5178 
f 4598/5159 4471/5177 4380/5180 4473/5181 
f 4603/5179 4474/5182 4380/5180 4471/5177 
f 4604/5183 4473/5181 4380/5180 4474/5182 
f 4598/5159 4473/5181 4381/5184 4475/5185 
f 4604/5183 4476/5186 4381/5184 4473/5181 
f 4605/5187 4475/5185 4381/5184 4476/5186 
f 4598/5159 4475/5185 4382/5188 4477/5189 
f 4605/5187 4478/5190 4382/5188 4475/5185 
f 4606/5191 4477/5189 4382/5188 4478/5190 
f 4598/5159 4477/5189 4383/5192 4464/5160 
f 4606/5191 4479/5193 4383/5192 4477/5189 
f 4599/5163 4464/5160 4383/5192 4479/5193 
f 4575/5094 4480/5194 4361/5195 4433/5095 
f 4480/5194 4584/5127 4448/5126 4361/5195 
f 4361/5195 4448/5126 4583/5125 4481/5196 
f 4433/5095 4361/5195 4481/5196 4576/5096 
f 4577/5197 4482/5198 4360/5199 4435/5200 
f 4482/5198 4587/5133 4450/5132 4360/5199 
f 4360/5199 4450/5132 4584/5131 4480/5201 
f 4435/5200 4360/5199 4480/5201 4575/5202 
f 4578/5105 4483/5203 4363/5204 4437/5106 
f 4483/5203 4589/5138 4452/5137 4363/5204 
f 4363/5204 4452/5137 4587/5133 4482/5205 
f 4437/5106 4363/5204 4482/5205 4577/5100 
f 4579/5109 4484/5206 4364/5207 4439/5110 
f 4484/5206 4574/5142 4454/5141 4364/5207 
f 4364/5207 4454/5141 4589/5138 4483/5203 
f 4439/5110 4364/5207 4483/5203 4578/5105 
f 4580/5113 4485/5208 4365/5209 4441/5114 
f 4485/5208 4592/5146 4456/5145 4365/5209 
f 4365/5209 4456/5145 4574/5142 4484/5206 
f 4441/5114 4365/5209 4484/5206 4579/5109 
f 4581/5117 4486/5210 4366/5211 4443/5118 
f 4486/5210 4594/5150 4458/5149 4366/5211 
f 4366/5211 4458/5149 4592/5146 4485/5208 
f 4443/5118 4366/5211 4485/5208 4580/5113 
f 4582/5121 4487/5212 4367/5213 4445/5122 
f 4487/5212 4596/5154 4460/5153 4367/5213 
f 4367/5213 4460/5153 4594/5150 4486/5210 
f 4445/5122 4367/5213 4486/5210 4581/5117 
f 4576/5096 4481/5196 4362/5214 4447/5124 
f 4481/5196 4583/5125 4462/5157 4362/5214 
f 4362/5214 4462/5157 4596/5154 4487/5212 
f 4447/5124 4362/5214 4487/5212 4582/5121 
f 4586/5130 4449/5129 4369/5215 4488/5216 
f 4449/5129 4585/5128 4489/5217 4369/5215 
f 4369/5215 4489/5217 4528/5297 4393/5298 
f 4488/5216 4369/5215 4393/5298 4529/5299 
f 4585/5136 4451/5135 4368/5218 4489/5219 
f 4451/5135 4588/5134 4490/5220 4368/5218 
f 4368/5218 4490/5220 4530/5300 4392/5301 
f 4489/5219 4368/5218 4392/5301 4528/5302 
f 4588/5134 4453/5140 4371/5221 4490/5220 
f 4453/5140 4590/5139 4491/5222 4371/5221 
f 4371/5221 4491/5222 4531/5303 4395/5304 
f 4490/5220 4371/5221 4395/5304 4530/5300 
f 4590/5139 4455/5144 4372/5223 4491/5222 
f 4455/5144 4591/5143 4492/5224 4372/5223 
f 4372/5223 4492/5224 4532/5305 4396/5306 
f 4491/5222 4372/5223 4396/5306 4531/5303 
f 4591/5143 4457/5148 4373/5225 4492/5224 
f 4457/5148 4593/5147 4493/5226 4373/5225 
f 4373/5225 4493/5226 4533/5307 4397/5308 
f 4492/5224 4373/5225 4397/5308 4532/5305 
f 4593/5147 4459/5152 4374/5227 4493/5226 
f 4459/5152 4595/5151 4494/5228 4374/5227 
f 4374/5227 4494/5228 4534/5309 4398/5310 
f 4493/5226 4374/5227 4398/5310 4533/5307 
f 4595/5151 4461/5156 4375/5229 4494/5228 
f 4461/5156 4597/5155 4495/5230 4375/5229 
f 4375/5229 4495/5230 4535/5311 4399/5312 
f 4494/5228 4375/5229 4399/5312 4534/5309 
f 4597/5155 4463/5158 4370/5231 4495/5230 
f 4463/5158 4586/5130 4488/5216 4370/5231 
f 4370/5231 4488/5216 4529/5299 4394/5313 
f 4495/5230 4370/5231 4394/5313 4535/5311 
f 4608/5232 4496/5233 4400/5234 4497/5235 
f 4496/5233 4536/5314 4404/5315 4400/5234 
f 4400/5234 4404/5315 4537/5316 4498/5236 
f 4497/5235 4400/5234 4498/5236 4609/5237 
f 4610/5238 4499/5239 4408/5240 4500/5241 
f 4499/5239 4538/5317 4411/5318 4408/5240 
f 4408/5240 4411/5318 4540/5322 4501/5242 
f 4500/5241 4408/5240 4501/5242 4611/5243 
f 4612/5244 4502/5245 4409/5246 4503/5247 
f 4502/5245 4541/5323 4410/5324 4409/5246 
f 4409/5246 4410/5324 4538/5317 4499/5239 
f 4503/5247 4409/5246 4499/5239 4610/5238 
f 4613/5248 4504/5249 4412/5250 4505/5251 
f 4504/5249 4543/5327 4413/5328 4412/5250 
f 4412/5250 4413/5328 4541/5323 4502/5245 
f 4505/5251 4412/5250 4502/5245 4612/5244 
f 4614/5252 4506/5253 4414/5254 4507/5255 
f 4506/5253 4545/5331 4415/5332 4414/5254 
f 4414/5254 4415/5332 4543/5327 4504/5249 
f 4507/5255 4414/5254 4504/5249 4613/5248 
f 4615/5256 4508/5257 4416/5258 4509/5259 
f 4508/5257 4547/5335 4417/5336 4416/5258 
f 4416/5258 4417/5336 4545/5331 4506/5253 
f 4509/5259 4416/5258 4506/5253 4614/5252 
f 4616/5260 4510/5261 4418/5262 4511/5263 
f 4510/5261 4521/5283 4419/5339 4418/5262 
f 4418/5262 4419/5339 4547/5335 4508/5257 
f 4511/5263 4418/5262 4508/5257 4615/5256 
f 4609/5237 4498/5236 4406/5264 4512/5265 
f 4498/5236 4537/5316 4405/5341 4406/5264 
f 4406/5264 4405/5341 4522/5285 4513/5266 
f 4512/5265 4406/5264 4513/5266 4617/5267 
f 4618/5268 4514/5269 4422/5270 4515/5271 
f 4514/5269 4619/5272 4516/5273 4422/5270 
f 4422/5270 4516/5273 4620/5274 4517/5275 
f 4515/5271 4422/5270 4517/5275 4621/5276 
f 4619/5272 4518/5277 4423/5278 4516/5273 
f 4518/5277 4622/5279 4519/5280 4423/5278 
f 4423/5278 4519/5280 4623/5281 4520/5282 
f 4516/5273 4423/5278 4520/5282 4620/5274 
f 4622/5279 4521/5283 4421/5284 4519/5280 
f 4521/5283 4510/5261 4420/5342 4421/5284 
f 4421/5284 4420/5342 4513/5266 4522/5285 
f 4519/5280 4421/5284 4522/5285 4623/5281 
f 4616/5260 4523/5286 4407/5287 4524/5288 
f 4523/5286 4624/5289 4525/5290 4407/5287 
f 4407/5287 4525/5290 4609/5237 4512/5265 
f 4524/5288 4407/5287 4512/5265 4617/5267 
f 4624/5289 4526/5291 4401/5292 4525/5290 
f 4526/5291 4611/5293 4527/5294 4401/5292 
f 4401/5292 4527/5294 4608/5232 4497/5235 
f 4525/5290 4401/5292 4497/5235 4609/5237 
f 4611/5293 4501/5295 4402/5296 4527/5294 
f 4501/5295 4540/5343 4403/5344 4402/5296 
f 4402/5296 4403/5344 4536/5314 4496/5233 
f 4527/5294 4402/5296 4496/5233 4608/5232 
f 4528/5297 4611/5293 4526/5291 4393/5298 
f 4393/5298 4526/5291 4624/5289 4529/5299 
f 4530/5300 4610/5238 4500/5241 4392/5301 
f 4392/5301 4500/5241 4611/5243 4528/5302 
f 4531/5303 4612/5244 4503/5247 4395/5304 
f 4395/5304 4503/5247 4610/5238 4530/5300 
f 4532/5305 4613/5248 4505/5251 4396/5306 
f 4396/5306 4505/5251 4612/5244 4531/5303 
f 4533/5307 4614/5252 4507/5255 4397/5308 
f 4397/5308 4507/5255 4613/5248 4532/5305 
f 4534/5309 4615/5256 4509/5259 4398/5310 
f 4398/5310 4509/5259 4614/5252 4533/5307 
f 4535/5311 4616/5260 4511/5263 4399/5312 
f 4399/5312 4511/5263 4615/5256 4534/5309 
f 4529/5299 4624/5289 4523/5286 4394/5313 
f 4394/5313 4523/5286 4616/5260 4535/5311 
f 4536/5314 4621/5276 4517/5275 4404/5315 
f 4404/5315 4517/5275 4620/5274 4537/5316 
f 4538/5317 4625/5319 4539/5320 4411/5318 
f 4411/5318 4539/5320 4618/5321 4540/5322 
f 4541/5323 4626/5325 4542/5326 4410/5324 
f 4410/5324 4542/5326 4625/5319 4538/5317 
f 4543/5327 4627/5329 4544/5330 4413/5328 
f 4413/5328 4544/5330 4626/5325 4541/5323 
f 4545/5331 4628/5333 4546/5334 4415/5332 
f 4415/5332 4546/5334 4627/5329 4543/5327 
f 4547/5335 4629/5337 4548/5338 4417/5336 
f 4417/5336 4548/5338 4628/5333 4545/5331 
f 4521/5283 4622/5279 4549/5340 4419/5339 
f 4419/5339 4549/5340 4629/5337 4547/5335 
f 4537/5316 4620/5274 4520/5282 4405/5341 
f 4405/5341 4520/5282 4623/5281 4522/5285 
f 4510/5261 4616/5260 4524/5288 4420/5342 
f 4420/5342 4524/5288 4617/5267 4513/5266 
f 4540/5343 4618/5268 4515/5271 4403/5344 
f 4403/5344 4515/5271 4621/5276 4536/5314 
f 4619/5272 4514/5269 4550/5346 4631/5347 
f 4514/5269 4618/5268 4630/5345 4550/5346 
f 4618/5321 4539/5320 4551/5349 4630/5350 
f 4539/5320 4625/5319 4632/5348 4551/5349 
f 4625/5319 4542/5326 4552/5352 4632/5348 
f 4542/5326 4626/5325 4607/5351 4552/5352 
f 4626/5325 4544/5330 4553/5354 4607/5351 
f 4544/5330 4627/5329 4633/5353 4553/5354 
f 4627/5329 4546/5334 4554/5356 4633/5353 
f 4546/5334 4628/5333 4634/5355 4554/5356 
f 4628/5333 4548/5338 4555/5358 4634/5355 
f 4548/5338 4629/5337 4635/5357 4555/5358 
f 4629/5337 4549/5340 4556/5360 4635/5357 
f 4549/5340 4622/5279 4636/5359 4556/5360 
f 4622/5279 4518/5277 4557/5361 4636/5359 
f 4518/5277 4619/5272 4631/5347 4557/5361 
f 4631/5347 4550/5346 4425/5362 4558/5363 
f 4550/5346 4630/5345 4559/5364 4425/5362 
f 4425/5362 4559/5364 4566/5379 4385/5380 
f 4558/5363 4425/5362 4385/5380 4567/5381 
f 4630/5350 4551/5349 4424/5365 4559/5366 
f 4551/5349 4632/5348 4560/5367 4424/5365 
f 4424/5365 4560/5367 4568/5382 4386/5383 
f 4559/5366 4424/5365 4386/5383 4566/5384 
f 4632/5348 4552/5352 4427/5368 4560/5367 
f 4552/5352 4607/5351 4561/5369 4427/5368 
f 4427/5368 4561/5369 4569/5385 4387/5386 
f 4560/5367 4427/5368 4387/5386 4568/5382 
f 4607/5351 4553/5354 4428/5370 4561/5369 
f 4553/5354 4633/5353 4562/5371 4428/5370 
f 4428/5370 4562/5371 4570/5387 4388/5388 
f 4561/5369 4428/5370 4388/5388 4569/5385 
f 4633/5353 4554/5356 4429/5372 4562/5371 
f 4554/5356 4634/5355 4563/5373 4429/5372 
f 4429/5372 4563/5373 4571/5389 4389/5390 
f 4562/5371 4429/5372 4389/5390 4570/5387 
f 4634/5355 4555/5358 4430/5374 4563/5373 
f 4555/5358 4635/5357 4564/5375 4430/5374 
f 4430/5374 4564/5375 4572/5391 4390/5392 
f 4563/5373 4430/5374 4390/5392 4571/5389 
f 4635/5357 4556/5360 4431/5376 4564/5375 
f 4556/5360 4636/5359 4565/5377 4431/5376 
f 4431/5376 4565/5377 4573/5393 4391/5394 
f 4564/5375 4431/5376 4391/5394 4572/5391 
f 4636/5359 4557/5361 4426/5378 4565/5377 
f 4557/5361 4631/5347 4558/5363 4426/5378 
f 4426/5378 4558/5363 4567/5381 4384/5395 
f 4565/5377 4426/5378 4384/5395 4573/5393 
f 4566/5379 4600/5165 4466/5164 4385/5380 
f 4385/5380 4466/5164 4599/5163 4567/5381 
f 4568/5382 4601/5171 4468/5170 4386/5383 
f 4386/5383 4468/5170 4600/5169 4566/5384 
f 4569/5385 4602/5175 4470/5174 4387/5386 
f 4387/5386 4470/5174 4601/5171 4568/5382 
f 4570/5387 4603/5179 4472/5178 4388/5388 
f 4388/5388 4472/5178 4602/5175 4569/5385 
f 4571/5389 4604/5183 4474/5182 4389/5390 
f 4389/5390 4474/5182 4603/5179 4570/5387 
f 4572/5391 4605/5187 4476/5186 4390/5392 
f 4390/5392 4476/5186 4604/5183 4571/5389 
f 4573/5393 4606/5191 4478/5190 4391/5394 
f 4391/5394 4478/5190 4605/5187 4572/5391 
f 4567/5381 4599/5163 4479/5193 4384/5395 
f 4384/5395 4479/5193 4606/5191 4573/5393 
f 4929/5396 4861/5401 4718/5400 4717/5397 
f 4717/5397 4718/5400 4860/5399 4922/5398 
f 4922/5402 4860/5407 4720/5406 4719/5403 
f 4719/5403 4720/5406 4862/5405 4923/5404 
f 4923/5404 4862/5405 4722/5411 4721/5408 
f 4721/5408 4722/5411 4863/5410 4924/5409 
f 4924/5409 4863/5410 4724/5415 4723/5412 
f 4723/5412 4724/5415 4864/5414 4925/5413 
f 4925/5413 4864/5414 4726/5419 4725/5416 
f 4725/5416 4726/5419 4865/5418 4926/5417 
f 4926/5417 4865/5418 4728/5423 4727/5420 
f 4727/5420 4728/5423 4866/5422 4928/5421 
f 4928/5421 4866/5422 4730/5427 4729/5424 
f 4729/5424 4730/5427 4867/5426 4927/5425 
f 4927/5425 4867/5426 4732/5429 4731/5428 
f 4731/5428 4732/5429 4861/5401 4929/5396 
f 4868/5430 4871/5435 4734/5434 4733/5431 
f 4733/5431 4734/5434 4870/5433 4869/5432 
f 4869/5436 4870/5441 4736/5440 4735/5437 
f 4735/5437 4736/5440 4873/5439 4872/5438 
f 4872/5438 4873/5439 4738/5445 4737/5442 
f 4737/5442 4738/5445 4875/5444 4874/5443 
f 4874/5443 4875/5444 4740/5449 4739/5446 
f 4739/5446 4740/5449 4876/5448 4859/5447 
f 4859/5447 4876/5448 4742/5453 4741/5450 
f 4741/5450 4742/5453 4878/5452 4877/5451 
f 4877/5451 4878/5452 4744/5457 4743/5454 
f 4743/5454 4744/5457 4880/5456 4879/5455 
f 4879/5455 4880/5456 4746/5461 4745/5458 
f 4745/5458 4746/5461 4882/5460 4881/5459 
f 4881/5459 4882/5460 4748/5463 4747/5462 
f 4747/5462 4748/5463 4871/5435 4868/5430 
f 4883/5464 4750/5467 4661/5466 4749/5465 
f 4884/5468 4749/5465 4661/5466 4751/5469 
f 4885/5470 4751/5469 4661/5466 4750/5467 
f 4883/5464 4752/5473 4662/5472 4750/5471 
f 4885/5474 4750/5471 4662/5472 4753/5475 
f 4886/5476 4753/5475 4662/5472 4752/5473 
f 4883/5464 4754/5478 4663/5477 4752/5473 
f 4886/5476 4752/5473 4663/5477 4755/5479 
f 4887/5480 4755/5479 4663/5477 4754/5478 
f 4883/5464 4756/5482 4664/5481 4754/5478 
f 4887/5480 4754/5478 4664/5481 4757/5483 
f 4888/5484 4757/5483 4664/5481 4756/5482 
f 4883/5464 4758/5486 4665/5485 4756/5482 
f 4888/5484 4756/5482 4665/5485 4759/5487 
f 4889/5488 4759/5487 4665/5485 4758/5486 
f 4883/5464 4760/5490 4666/5489 4758/5486 
f 4889/5488 4758/5486 4666/5489 4761/5491 
f 4890/5492 4761/5491 4666/5489 4760/5490 
f 4883/5464 4762/5494 4667/5493 4760/5490 
f 4890/5492 4760/5490 4667/5493 4763/5495 
f 4891/5496 4763/5495 4667/5493 4762/5494 
f 4883/5464 4749/5465 4668/5497 4762/5494 
f 4891/5496 4762/5494 4668/5497 4764/5498 
f 4884/5468 4764/5498 4668/5497 4749/5465 
f 4860/5399 4718/5400 4646/5500 4765/5499 
f 4765/5499 4646/5500 4733/5431 4869/5432 
f 4646/5500 4766/5501 4868/5430 4733/5431 
f 4718/5400 4861/5401 4766/5501 4646/5500 
f 4862/5502 4720/5505 4645/5504 4767/5503 
f 4767/5503 4645/5504 4735/5437 4872/5438 
f 4645/5504 4765/5506 4869/5436 4735/5437 
f 4720/5505 4860/5507 4765/5506 4645/5504 
f 4863/5410 4722/5411 4648/5509 4768/5508 
f 4768/5508 4648/5509 4737/5442 4874/5443 
f 4648/5509 4767/5510 4872/5438 4737/5442 
f 4722/5411 4862/5405 4767/5510 4648/5509 
f 4864/5414 4724/5415 4649/5512 4769/5511 
f 4769/5511 4649/5512 4739/5446 4859/5447 
f 4649/5512 4768/5508 4874/5443 4739/5446 
f 4724/5415 4863/5410 4768/5508 4649/5512 
f 4865/5418 4726/5419 4650/5514 4770/5513 
f 4770/5513 4650/5514 4741/5450 4877/5451 
f 4650/5514 4769/5511 4859/5447 4741/5450 
f 4726/5419 4864/5414 4769/5511 4650/5514 
f 4866/5422 4728/5423 4651/5516 4771/5515 
f 4771/5515 4651/5516 4743/5454 4879/5455 
f 4651/5516 4770/5513 4877/5451 4743/5454 
f 4728/5423 4865/5418 4770/5513 4651/5516 
f 4867/5426 4730/5427 4652/5518 4772/5517 
f 4772/5517 4652/5518 4745/5458 4881/5459 
f 4652/5518 4771/5515 4879/5455 4745/5458 
f 4730/5427 4866/5422 4771/5515 4652/5518 
f 4861/5401 4732/5429 4647/5519 4766/5501 
f 4766/5501 4647/5519 4747/5462 4868/5430 
f 4647/5519 4772/5517 4881/5459 4747/5462 
f 4732/5429 4867/5426 4772/5517 4647/5519 
f 4871/5435 4773/5521 4654/5520 4734/5434 
f 4734/5434 4654/5520 4774/5522 4870/5433 
f 4654/5520 4678/5603 4813/5602 4774/5522 
f 4773/5521 4814/5604 4678/5603 4654/5520 
f 4870/5441 4774/5524 4653/5523 4736/5440 
f 4736/5440 4653/5523 4775/5525 4873/5439 
f 4653/5523 4677/5606 4815/5605 4775/5525 
f 4774/5524 4813/5607 4677/5606 4653/5523 
f 4873/5439 4775/5525 4656/5526 4738/5445 
f 4738/5445 4656/5526 4776/5527 4875/5444 
f 4656/5526 4680/5609 4816/5608 4776/5527 
f 4775/5525 4815/5605 4680/5609 4656/5526 
f 4875/5444 4776/5527 4657/5528 4740/5449 
f 4740/5449 4657/5528 4777/5529 4876/5448 
f 4657/5528 4681/5611 4817/5610 4777/5529 
f 4776/5527 4816/5608 4681/5611 4657/5528 
f 4876/5448 4777/5529 4658/5530 4742/5453 
f 4742/5453 4658/5530 4778/5531 4878/5452 
f 4658/5530 4682/5613 4818/5612 4778/5531 
f 4777/5529 4817/5610 4682/5613 4658/5530 
f 4878/5452 4778/5531 4659/5532 4744/5457 
f 4744/5457 4659/5532 4779/5533 4880/5456 
f 4659/5532 4683/5615 4819/5614 4779/5533 
f 4778/5531 4818/5612 4683/5615 4659/5532 
f 4880/5456 4779/5533 4660/5534 4746/5461 
f 4746/5461 4660/5534 4780/5535 4882/5460 
f 4660/5534 4684/5617 4820/5616 4780/5535 
f 4779/5533 4819/5614 4684/5617 4660/5534 
f 4882/5460 4780/5535 4655/5536 4748/5463 
f 4748/5463 4655/5536 4773/5521 4871/5435 
f 4655/5536 4679/5618 4814/5604 4773/5521 
f 4780/5535 4820/5616 4679/5618 4655/5536 
f 4893/5537 4782/5540 4685/5539 4781/5538 
f 4781/5538 4685/5539 4689/5620 4821/5619 
f 4685/5539 4783/5541 4822/5621 4689/5620 
f 4782/5540 4894/5542 4783/5541 4685/5539 
f 4895/5543 4785/5546 4693/5545 4784/5544 
f 4784/5544 4693/5545 4696/5623 4823/5622 
f 4693/5545 4786/5547 4825/5627 4696/5623 
f 4785/5546 4896/5548 4786/5547 4693/5545 
f 4897/5549 4788/5552 4694/5551 4787/5550 
f 4787/5550 4694/5551 4695/5629 4826/5628 
f 4694/5551 4784/5544 4823/5622 4695/5629 
f 4788/5552 4895/5543 4784/5544 4694/5551 
f 4898/5553 4790/5556 4697/5555 4789/5554 
f 4789/5554 4697/5555 4698/5633 4828/5632 
f 4697/5555 4787/5550 4826/5628 4698/5633 
f 4790/5556 4897/5549 4787/5550 4697/5555 
f 4899/5557 4792/5560 4699/5559 4791/5558 
f 4791/5558 4699/5559 4700/5637 4830/5636 
f 4699/5559 4789/5554 4828/5632 4700/5637 
f 4792/5560 4898/5553 4789/5554 4699/5559 
f 4900/5561 4794/5564 4701/5563 4793/5562 
f 4793/5562 4701/5563 4702/5641 4832/5640 
f 4701/5563 4791/5558 4830/5636 4702/5641 
f 4794/5564 4899/5557 4791/5558 4701/5563 
f 4901/5565 4796/5568 4703/5567 4795/5566 
f 4795/5566 4703/5567 4704/5644 4806/5588 
f 4703/5567 4793/5562 4832/5640 4704/5644 
f 4796/5568 4900/5561 4793/5562 4703/5567 
f 4894/5542 4797/5570 4691/5569 4783/5541 
f 4783/5541 4691/5569 4690/5646 4822/5621 
f 4691/5569 4798/5571 4807/5590 4690/5646 
f 4797/5570 4902/5572 4798/5571 4691/5569 
f 4903/5573 4800/5576 4707/5575 4799/5574 
f 4799/5574 4707/5575 4801/5578 4904/5577 
f 4707/5575 4802/5580 4905/5579 4801/5578 
f 4800/5576 4906/5581 4802/5580 4707/5575 
f 4904/5577 4801/5578 4708/5583 4803/5582 
f 4803/5582 4708/5583 4804/5585 4907/5584 
f 4708/5583 4805/5587 4908/5586 4804/5585 
f 4801/5578 4905/5579 4805/5587 4708/5583 
f 4907/5584 4804/5585 4706/5589 4806/5588 
f 4806/5588 4706/5589 4705/5647 4795/5566 
f 4706/5589 4807/5590 4798/5571 4705/5647 
f 4804/5585 4908/5586 4807/5590 4706/5589 
f 4901/5565 4809/5593 4692/5592 4808/5591 
f 4808/5591 4692/5592 4810/5595 4909/5594 
f 4692/5592 4797/5570 4894/5542 4810/5595 
f 4809/5593 4902/5572 4797/5570 4692/5592 
f 4909/5594 4810/5595 4686/5597 4811/5596 
f 4811/5596 4686/5597 4812/5599 4896/5598 
f 4686/5597 4782/5540 4893/5537 4812/5599 
f 4810/5595 4894/5542 4782/5540 4686/5597 
f 4896/5598 4812/5599 4687/5601 4786/5600 
f 4786/5600 4687/5601 4688/5649 4825/5648 
f 4687/5601 4781/5538 4821/5619 4688/5649 
f 4812/5599 4893/5537 4781/5538 4687/5601 
f 4813/5602 4678/5603 4811/5596 4896/5598 
f 4678/5603 4814/5604 4909/5594 4811/5596 
f 4815/5605 4677/5606 4785/5546 4895/5543 
f 4677/5606 4813/5607 4896/5548 4785/5546 
f 4816/5608 4680/5609 4788/5552 4897/5549 
f 4680/5609 4815/5605 4895/5543 4788/5552 
f 4817/5610 4681/5611 4790/5556 4898/5553 
f 4681/5611 4816/5608 4897/5549 4790/5556 
f 4818/5612 4682/5613 4792/5560 4899/5557 
f 4682/5613 4817/5610 4898/5553 4792/5560 
f 4819/5614 4683/5615 4794/5564 4900/5561 
f 4683/5615 4818/5612 4899/5557 4794/5564 
f 4820/5616 4684/5617 4796/5568 4901/5565 
f 4684/5617 4819/5614 4900/5561 4796/5568 
f 4814/5604 4679/5618 4808/5591 4909/5594 
f 4679/5618 4820/5616 4901/5565 4808/5591 
f 4821/5619 4689/5620 4802/5580 4906/5581 
f 4689/5620 4822/5621 4905/5579 4802/5580 
f 4823/5622 4696/5623 4824/5625 4910/5624 
f 4696/5623 4825/5627 4903/5626 4824/5625 
f 4826/5628 4695/5629 4827/5631 4911/5630 
f 4695/5629 4823/5622 4910/5624 4827/5631 
f 4828/5632 4698/5633 4829/5635 4912/5634 
f 4698/5633 4826/5628 4911/5630 4829/5635 
f 4830/5636 4700/5637 4831/5639 4913/5638 
f 4700/5637 4828/5632 4912/5634 4831/5639 
f 4832/5640 4702/5641 4833/5643 4914/5642 
f 4702/5641 4830/5636 4913/5638 4833/5643 
f 4806/5588 4704/5644 4834/5645 4907/5584 
f 4704/5644 4832/5640 4914/5642 4834/5645 
f 4822/5621 4690/5646 4805/5587 4905/5579 
f 4690/5646 4807/5590 4908/5586 4805/5587 
f 4795/5566 4705/5647 4809/5593 4901/5565 
f 4705/5647 4798/5571 4902/5572 4809/5593 
f 4825/5648 4688/5649 4800/5576 4903/5573 
f 4688/5649 4821/5619 4906/5581 4800/5576 
f 4904/5577 4916/5652 4835/5651 4799/5574 
f 4799/5574 4835/5651 4915/5650 4903/5573 
f 4903/5626 4915/5655 4836/5654 4824/5625 
f 4824/5625 4836/5654 4917/5653 4910/5624 
f 4910/5624 4917/5653 4837/5657 4827/5631 
f 4827/5631 4837/5657 4892/5656 4911/5630 
f 4911/5630 4892/5656 4838/5659 4829/5635 
f 4829/5635 4838/5659 4918/5658 4912/5634 
f 4912/5634 4918/5658 4839/5661 4831/5639 
f 4831/5639 4839/5661 4919/5660 4913/5638 
f 4913/5638 4919/5660 4840/5663 4833/5643 
f 4833/5643 4840/5663 4920/5662 4914/5642 
f 4914/5642 4920/5662 4841/5665 4834/5645 
f 4834/5645 4841/5665 4921/5664 4907/5584 
f 4907/5584 4921/5664 4842/5666 4803/5582 
f 4803/5582 4842/5666 4916/5652 4904/5577 
f 4916/5652 4843/5668 4710/5667 4835/5651 
f 4835/5651 4710/5667 4844/5669 4915/5650 
f 4710/5667 4670/5685 4851/5684 4844/5669 
f 4843/5668 4852/5686 4670/5685 4710/5667 
f 4915/5655 4844/5671 4709/5670 4836/5654 
f 4836/5654 4709/5670 4845/5672 4917/5653 
f 4709/5670 4671/5688 4853/5687 4845/5672 
f 4844/5671 4851/5689 4671/5688 4709/5670 
f 4917/5653 4845/5672 4712/5673 4837/5657 
f 4837/5657 4712/5673 4846/5674 4892/5656 
f 4712/5673 4672/5691 4854/5690 4846/5674 
f 4845/5672 4853/5687 4672/5691 4712/5673 
f 4892/5656 4846/5674 4713/5675 4838/5659 
f 4838/5659 4713/5675 4847/5676 4918/5658 
f 4713/5675 4673/5693 4855/5692 4847/5676 
f 4846/5674 4854/5690 4673/5693 4713/5675 
f 4918/5658 4847/5676 4714/5677 4839/5661 
f 4839/5661 4714/5677 4848/5678 4919/5660 
f 4714/5677 4674/5695 4856/5694 4848/5678 
f 4847/5676 4855/5692 4674/5695 4714/5677 
f 4919/5660 4848/5678 4715/5679 4840/5663 
f 4840/5663 4715/5679 4849/5680 4920/5662 
f 4715/5679 4675/5697 4857/5696 4849/5680 
f 4848/5678 4856/5694 4675/5697 4715/5679 
f 4920/5662 4849/5680 4716/5681 4841/5665 
f 4841/5665 4716/5681 4850/5682 4921/5664 
f 4716/5681 4676/5699 4858/5698 4850/5682 
f 4849/5680 4857/5696 4676/5699 4716/5681 
f 4921/5664 4850/5682 4711/5683 4842/5666 
f 4842/5666 4711/5683 4843/5668 4916/5652 
f 4711/5683 4669/5700 4852/5686 4843/5668 
f 4850/5682 4858/5698 4669/5700 4711/5683 
f 4851/5684 4670/5685 4751/5469 4885/5470 
f 4670/5685 4852/5686 4884/5468 4751/5469 
f 4853/5687 4671/5688 4753/5475 4886/5476 
f 4671/5688 4851/5689 4885/5474 4753/5475 
f 4854/5690 4672/5691 4755/5479 4887/5480 
f 4672/5691 4853/5687 4886/5476 4755/5479 
f 4855/5692 4673/5693 4757/5483 4888/5484 
f 4673/5693 4854/5690 4887/5480 4757/5483 
f 4856/5694 4674/5695 4759/5487 4889/5488 
f 4674/5695 4855/5692 4888/5484 4759/5487 
f 4857/5696 4675/5697 4761/5491 4890/5492 
f 4675/5697 4856/5694 4889/5488 4761/5491 
f 4858/5698 4676/5699 4763/5495 4891/5496 
f 4676/5699 4857/5696 4890/5492 4763/5495 
f 4852/5686 4669/5700 4764/5498 4884/5468 
f 4669/5700 4858/5698 4891/5496 4764/5498 
# 588 polygons

#
# object 2?_????___??004
#

v  95.616020 20.958351 19.107132
v  94.660019 10.687413 20.152969
v  95.616020 10.687428 19.107132
v  94.660049 10.687427 35.013763
v  94.660049 20.958351 35.013763
v  95.616371 10.687451 35.923065
v  95.616364 20.958351 35.923004
v  94.660049 10.687426 24.910416
v  95.616371 10.687451 24.910431
v  94.660049 10.687426 30.109894
v  95.616371 10.687451 30.109894
v  94.660049 19.136845 30.109894
v  95.616364 19.136845 30.109894
v  94.660049 19.136845 24.910416
v  95.616364 19.136845 24.910431
v  94.660019 20.958351 20.152588
v  74.541214 10.687427 35.013779
v  74.541214 20.958351 35.013779
v  74.541214 20.958351 35.923004
v  74.541214 10.687451 35.923065
v  74.541061 20.958351 20.152588
v  74.541061 20.958351 19.107132
v  74.541061 10.687428 19.107132
v  74.541061 10.687413 20.152969
# 24 vertices

vt 0.401360 0.981250 0.000000
vt 0.597453 0.981250 0.000000
vt 0.750000 0.981250 0.000000
vt 0.446090 0.981250 0.000000
vt 0.500000 0.981250 0.000000
vt 0.750000 0.981250 0.000000
vt 0.500000 0.981250 0.000000
vt 0.750000 0.981250 0.000000
vt 0.500000 0.981250 0.000000
vt 0.750000 0.981250 0.000000
vt 0.500000 0.981250 0.000000
vt 0.750000 0.981250 0.000000
vt 0.750000 0.981250 0.000000
vt 0.750000 0.981250 0.000000
vt 0.500000 0.981250 0.000000
vt 0.500000 0.981250 0.000000
vt 0.500000 0.981250 0.000000
vt 0.750000 0.981250 0.000000
vt 0.500000 0.981250 0.000000
vt 0.500000 0.981250 0.000000
vt 0.500000 0.981250 0.000000
vt 0.500000 0.981250 0.000000
vt 0.750000 0.981250 0.000000
vt 0.750000 0.981250 0.000000
vt 0.750000 0.981250 0.000000
vt 0.214672 1.000000 0.000000
vt 0.682005 0.000004 0.000000
vt 0.682006 1.000000 0.000000
vt 0.000001 0.785328 0.000000
vt 0.999999 0.317993 0.000000
vt 0.999999 0.785327 0.000000
vt 0.785327 1.000000 0.000000
vt 0.317994 0.000004 0.000000
vt 0.785329 0.000007 0.000000
vt 0.500000 0.981250 0.000000
vt 0.750000 0.981250 0.000000
vt 0.750000 0.981250 0.000000
vt 0.750000 0.981250 0.000000
vt 0.500000 0.981250 0.000000
vt 0.500000 0.981250 0.000000
vt 0.500000 0.981250 0.000000
vt 0.500000 0.981250 0.000000
vt 0.750000 0.981250 0.000000
vt 0.750000 0.981250 0.000000
vt 0.750000 0.981250 0.000000
vt 0.750000 0.981250 0.000000
vt 0.750000 0.981250 0.000000
vt 0.214670 0.000007 0.000000
vt -0.000001 0.317994 0.000000
vt 0.317993 1.000000 0.000000
vt 0.500000 0.981250 0.000000
vt 0.500000 0.981250 0.000000
vt 0.597453 0.981250 0.000000
vt 0.401360 0.981250 0.000000
vt 0.446090 0.981250 0.000000
vt 0.750000 0.981250 0.000000
vt 0.500000 0.981250 0.000000
vt 0.500000 0.981250 0.000000
vt 0.750000 0.981250 0.000000
vt 0.750000 0.981250 0.000000
vt 0.500000 0.981250 0.000000
vt 0.750000 0.981250 0.000000
vt 0.750000 0.981250 0.000000
vt 0.500000 0.981250 0.000000
vt 0.500000 0.981250 0.000000
vt 0.750000 0.981250 0.000000
# 66 texture coords

o 2?_????___??004
g 2?_????___??004
f 4930/5701 4951/5754 4950/5753 4945/5702 
f 4931/5703 4953/5756 4952/5755 4932/5704 
f 4946/5757 4947/5758 4934/5735 4933/5705 
f 4936/5713 4930/5712 4945/5751 4934/5711 
f 4937/5716 4931/5715 4932/5737 4938/5714 
f 4939/5719 4940/5718 4935/5738 4933/5717 
f 4943/5728 4937/5727 4938/5748 4944/5726 
f 4942/5731 4941/5730 4943/5749 4944/5729 
f 4940/5734 4939/5733 4941/5750 4942/5732 
f 4937/5741 4943/5740 4945/5752 4931/5739 
f 4938/5745 4932/5744 4930/5746 4944/5743 
f 4930/5746 4936/5725 4942/5723 4944/5743 
f 4943/5740 4941/5720 4934/5742 4945/5752 
f 4936/5725 4935/5724 4940/5747 4942/5723 
f 4941/5720 4939/5722 4933/5721 4934/5742 
f 4950/5753 4953/5761 4931/5739 4945/5702 
f 4949/5760 4935/5736 4936/5708 4948/5759 
f 4949/5763 4946/5764 4933/5707 4935/5706 
f 4947/5765 4948/5766 4936/5710 4934/5709 
f 4952/5755 4951/5762 4930/5746 4932/5704 
# 20 polygons

#
# object ???011
#

v  94.660378 19.140760 24.917431
v  94.950333 19.140760 24.917431
v  94.950333 19.140762 30.110386
v  94.660378 19.140760 30.109161
v  94.660378 10.688331 24.917431
v  94.660378 10.688333 30.109161
v  94.950333 10.688328 24.917431
v  94.950333 10.688329 30.110386
v  94.641441 17.379021 30.156456
v  94.673141 17.379021 30.143326
v  94.686272 17.379021 30.111622
v  94.673141 17.379021 30.079920
v  94.641441 17.379021 30.066788
v  94.609734 17.379021 30.079920
v  94.596603 17.379021 30.111622
v  94.609734 17.379021 30.143326
v  94.641441 17.940809 30.156456
v  94.673141 17.940809 30.143326
v  94.686272 17.940809 30.111622
v  94.673141 17.940809 30.079920
v  94.641441 17.940809 30.066788
v  94.609734 17.940809 30.079920
v  94.596603 17.940809 30.111622
v  94.609734 17.940809 30.143326
v  94.641441 16.175558 30.156456
v  94.673141 16.175558 30.143326
v  94.686272 16.175558 30.111622
v  94.673141 16.175558 30.079920
v  94.641441 16.175558 30.066788
v  94.609734 16.175558 30.079920
v  94.596603 16.175558 30.111622
v  94.609734 16.175558 30.143326
v  94.641441 16.737349 30.156456
v  94.673141 16.737349 30.143326
v  94.686272 16.737349 30.111622
v  94.673141 16.737349 30.079920
v  94.641441 16.737349 30.066788
v  94.609734 16.737349 30.079920
v  94.596603 16.737349 30.111622
v  94.609734 16.737349 30.143326
v  94.641441 12.014170 30.156456
v  94.673141 12.014170 30.143326
v  94.686272 12.014170 30.111622
v  94.673141 12.014170 30.079920
v  94.641441 12.014170 30.066788
v  94.609734 12.014170 30.079920
v  94.596603 12.014170 30.111622
v  94.609734 12.014170 30.143326
v  94.641441 12.575960 30.156456
v  94.673141 12.575960 30.143326
v  94.686272 12.575960 30.111622
v  94.673141 12.575960 30.079920
v  94.641441 12.575960 30.066788
v  94.609734 12.575960 30.079920
v  94.596603 12.575960 30.111622
v  94.609734 12.575960 30.143326
v  94.592110 14.796040 25.594414
v  94.592110 14.696488 25.693964
v  94.592110 14.555703 25.693964
v  94.592110 14.796040 25.453629
v  94.592110 14.696488 25.354078
v  94.592110 14.555703 25.354078
v  94.592110 14.456154 25.453629
v  94.592110 14.456154 25.594414
v  94.590584 14.713211 25.560104
v  94.590584 14.662181 25.611137
v  94.590584 14.590012 25.611137
v  94.590584 14.713211 25.487936
v  94.590584 14.662181 25.436905
v  94.590584 14.590012 25.436905
v  94.590584 14.538980 25.487936
v  94.590584 14.538980 25.560104
v  94.448029 14.639219 25.555702
v  94.448029 14.657778 25.537144
v  94.448029 14.657778 25.510899
v  94.448029 14.639219 25.492340
v  94.448029 14.612973 25.492340
v  94.448029 14.594414 25.510899
v  94.448029 14.594414 25.537144
v  94.448029 14.612973 25.555702
v  94.455162 14.606411 25.571545
v  94.455162 14.645781 25.571545
v  94.455162 14.673619 25.543705
v  94.455162 14.673619 25.504337
v  94.455162 14.645781 25.476498
v  94.455162 14.606411 25.476498
v  94.455162 14.578573 25.504337
v  94.455162 14.578573 25.543705
v  94.572540 14.713211 25.560104
v  94.572540 14.662181 25.611137
v  94.572540 14.590012 25.611137
v  94.572540 14.713211 25.487936
v  94.572540 14.662181 25.436905
v  94.572540 14.590012 25.436905
v  94.572540 14.538980 25.487936
v  94.572540 14.538980 25.560104
v  94.535828 14.662181 26.046371
v  94.555588 14.662181 25.828754
v  94.535828 14.698265 25.813808
v  94.496300 14.698265 25.813808
v  94.496300 14.662181 26.046371
v  94.496300 14.590012 26.046371
v  94.535828 14.590012 26.046371
v  94.555588 14.590012 25.828754
v  94.535828 14.713211 25.560104
v  94.535828 14.713211 25.487936
v  94.496300 14.713211 25.487936
v  94.496300 14.713211 25.560104
v  94.535828 14.662181 25.436905
v  94.496300 14.662181 25.436905
v  94.535828 14.590012 25.436905
v  94.496300 14.590012 25.436905
v  94.535828 14.538980 25.487936
v  94.496300 14.538980 25.487936
v  94.535828 14.538980 25.560104
v  94.496300 14.538980 25.560104
v  94.535828 14.553927 25.813808
v  94.496300 14.553927 25.813808
v  94.476540 14.662181 25.828754
v  94.476540 14.590012 25.828754
v  94.469414 14.673619 25.543705
v  94.469414 14.645781 25.571545
v  94.469414 14.606411 25.571545
v  94.469414 14.673619 25.504337
v  94.469414 14.645781 25.476498
v  94.469414 14.606411 25.476498
v  94.469414 14.578573 25.504337
v  94.469414 14.578573 25.543705
v  94.664635 14.698265 25.698252
v  94.601448 14.697821 25.697180
v  94.664635 14.800326 25.596189
v  94.601448 14.799255 25.595745
v  94.664635 14.800326 25.451853
v  94.601448 14.799255 25.452297
v  94.664635 14.698265 25.349791
v  94.601448 14.697821 25.350863
v  94.664635 14.553927 25.349791
v  94.601448 14.554371 25.350863
v  94.664635 14.451865 25.451853
v  94.601448 14.452937 25.452297
v  94.664635 14.451865 25.596189
v  94.601448 14.452937 25.595745
v  94.664635 14.553927 25.698252
v  94.601448 14.554371 25.697180
v  94.591782 14.691090 25.680931
v  94.591393 14.666247 25.620955
v  94.591782 14.783005 25.589016
v  94.591393 14.723029 25.564173
v  94.591782 14.783005 25.459026
v  94.591393 14.723029 25.483870
v  94.591782 14.691090 25.367111
v  94.591393 14.666247 25.427088
v  94.591782 14.561101 25.367111
v  94.591393 14.585944 25.427088
v  94.591782 14.469187 25.459026
v  94.591393 14.529163 25.483870
v  94.591782 14.469187 25.589016
v  94.591393 14.529163 25.564173
v  94.591782 14.561101 25.680931
v  94.591393 14.585944 25.620955
v  94.448029 14.626097 25.555473
v  94.448029 14.648335 25.546261
v  94.450592 14.643418 25.565842
v  94.448029 14.657547 25.524021
v  94.450592 14.667916 25.541344
v  94.448029 14.648335 25.501781
v  94.450592 14.667916 25.506699
v  94.448029 14.626097 25.492569
v  94.450592 14.643418 25.482201
v  94.448029 14.603857 25.501781
v  94.450592 14.608774 25.482201
v  94.448029 14.594644 25.524021
v  94.450592 14.584276 25.506699
v  94.448029 14.603857 25.546261
v  94.450592 14.584276 25.541344
v  94.450592 14.608774 25.565842
v  94.592110 14.756573 25.654497
v  94.592110 14.626097 25.708542
v  94.592110 14.810617 25.524021
v  94.592110 14.756573 25.393545
v  94.592110 14.626097 25.339499
v  94.592110 14.495620 25.393545
v  94.592110 14.441574 25.524021
v  94.592110 14.495620 25.654497
v  94.590584 14.626097 25.618610
v  94.590584 14.692981 25.590906
v  94.590584 14.720685 25.524021
v  94.590584 14.692981 25.457136
v  94.590584 14.626097 25.429432
v  94.590584 14.559211 25.457136
v  94.590584 14.531507 25.524021
v  94.590584 14.559211 25.590906
v  94.535828 14.689244 25.980757
v  94.550644 14.662181 25.991968
v  94.535828 14.626097 26.053844
v  94.535828 14.720685 25.524021
v  94.554886 14.713211 25.560104
v  94.535828 14.702002 25.641573
v  94.535828 14.692981 25.457136
v  94.554886 14.713211 25.487936
v  94.535828 14.626097 25.429432
v  94.554886 14.662181 25.436905
v  94.535828 14.559211 25.457136
v  94.554886 14.590012 25.436905
v  94.535828 14.531507 25.524021
v  94.554886 14.538980 25.487936
v  94.535828 14.550190 25.641573
v  94.554886 14.538980 25.560104
v  94.550644 14.590012 25.991968
v  94.535828 14.562948 25.980757
v  94.476540 14.660130 25.660591
v  94.481476 14.689244 25.817545
v  94.476540 14.626097 25.836227
v  94.481476 14.662181 25.991968
v  94.476540 14.592062 25.660591
v  94.481476 14.562948 25.817545
v  94.481476 14.590012 25.991968
v  94.496300 14.550190 25.641573
v  94.496300 14.562948 25.980757
v  94.559822 14.590012 25.665541
v  94.550644 14.562948 25.817545
v  94.555588 14.626097 25.836227
v  94.559822 14.662181 25.665541
v  94.550644 14.689244 25.817545
v  94.572540 14.692981 25.590906
v  94.572540 14.626097 25.618610
v  94.572540 14.720685 25.524021
v  94.572540 14.692981 25.457136
v  94.572540 14.626097 25.429432
v  94.572540 14.559211 25.457136
v  94.572540 14.531507 25.524021
v  94.572540 14.559211 25.590906
v  94.496300 14.689244 25.980757
v  94.496300 14.626097 26.053844
v  94.496300 14.720685 25.524021
v  94.481476 14.708262 25.558056
v  94.496300 14.702002 25.641573
v  94.496300 14.692981 25.457136
v  94.481476 14.708262 25.489986
v  94.496300 14.626097 25.429432
v  94.481476 14.660130 25.441854
v  94.496300 14.559211 25.457136
v  94.481476 14.592062 25.441854
v  94.496300 14.531507 25.524021
v  94.481476 14.543929 25.489986
v  94.481476 14.543929 25.558056
v  94.474754 14.647830 25.576492
v  94.474754 14.678568 25.545755
v  94.474754 14.678568 25.502287
v  94.474754 14.647830 25.471550
v  94.474754 14.604362 25.471550
v  94.474754 14.573625 25.502287
v  94.474754 14.573625 25.545755
v  94.474754 14.604362 25.576492
v  94.469414 14.626097 25.575621
v  94.469414 14.662582 25.560507
v  94.469414 14.677696 25.524021
v  94.469414 14.662582 25.487534
v  94.469414 14.626097 25.472422
v  94.469414 14.589610 25.487534
v  94.469414 14.574496 25.524021
v  94.469414 14.589610 25.560507
v  94.455162 14.662582 25.560507
v  94.455162 14.626097 25.575621
v  94.455162 14.677696 25.524021
v  94.455162 14.662582 25.487534
v  94.455162 14.626097 25.472422
v  94.455162 14.589610 25.487534
v  94.455162 14.574496 25.524021
v  94.455162 14.589610 25.560507
v  94.591782 14.626097 25.353651
v  94.601448 14.759041 25.656967
v  94.601448 14.626097 25.712034
v  94.601448 14.814109 25.524021
v  94.601448 14.759041 25.391075
v  94.601448 14.626097 25.336008
v  94.601448 14.493151 25.391075
v  94.601448 14.438083 25.524021
v  94.601448 14.493151 25.656967
v  94.591782 14.626097 25.694391
v  94.591782 14.746566 25.644491
v  94.591393 14.700518 25.598442
v  94.591393 14.626097 25.629269
v  94.591782 14.796466 25.524021
v  94.591393 14.731344 25.524021
v  94.591782 14.746566 25.403551
v  94.591393 14.700518 25.449598
v  94.591393 14.626097 25.418774
v  94.591782 14.505625 25.403551
v  94.591393 14.551674 25.449598
v  94.591782 14.455726 25.524021
v  94.591393 14.520847 25.524021
v  94.591782 14.505625 25.644491
v  94.591393 14.551674 25.598442
v  94.448029 14.626097 25.524021
v  94.449814 14.626097 25.570160
v  94.449814 14.658722 25.556646
v  94.449814 14.672235 25.524021
v  94.449814 14.658722 25.491396
v  94.449814 14.626097 25.477880
v  94.449814 14.593471 25.491396
v  94.449814 14.579956 25.524021
v  94.449814 14.593471 25.556646
v  94.474754 14.666382 25.483734
v  94.546806 14.682226 25.941349
v  94.550644 14.626097 25.999441
v  94.554886 14.720685 25.524021
v  94.555138 14.694883 25.627626
v  94.554886 14.692981 25.457136
v  94.554886 14.626097 25.429432
v  94.554886 14.559211 25.457136
v  94.554886 14.531507 25.524021
v  94.555138 14.557309 25.627626
v  94.546806 14.569964 25.941349
v  94.479698 14.692451 25.625195
v  94.476540 14.626097 25.667641
v  94.481476 14.626097 25.999441
v  94.485321 14.682226 25.941349
v  94.479698 14.559741 25.625195
v  94.485321 14.569964 25.941349
v  94.559822 14.626097 25.673014
v  94.481476 14.715311 25.524021
v  94.481476 14.689180 25.460936
v  94.481476 14.626097 25.434807
v  94.481476 14.563011 25.460936
v  94.481476 14.536880 25.524021
v  94.474754 14.666382 25.564308
v  94.474754 14.626097 25.580994
v  94.474754 14.683069 25.524021
v  94.474754 14.626097 25.467047
v  94.474754 14.585810 25.483734
v  94.474754 14.569122 25.524021
v  94.474754 14.585810 25.564308
v  94.664635 14.759864 25.657789
v  94.664635 14.815273 25.524021
v  94.664635 14.759864 25.390253
v  94.664635 14.626097 25.334843
v  94.664635 14.492328 25.390253
v  94.664635 14.492328 25.657789
v  94.664635 14.436918 25.524021
v  94.664635 14.626097 25.713200
v  95.017982 14.796040 25.594414
v  95.017982 14.696488 25.693964
v  95.017982 14.555704 25.693964
v  95.017982 14.796040 25.453629
v  95.017982 14.696488 25.354078
v  95.017982 14.555703 25.354078
v  95.017982 14.456154 25.453629
v  95.017982 14.456154 25.594414
v  95.019508 14.713212 25.560106
v  95.019508 14.662181 25.611137
v  95.019508 14.590012 25.611137
v  95.019508 14.713212 25.487938
v  95.019508 14.662181 25.436907
v  95.019508 14.590012 25.436907
v  95.019508 14.538980 25.487938
v  95.019508 14.538980 25.560106
v  95.162064 14.639219 25.555704
v  95.162064 14.657778 25.537146
v  95.162064 14.657778 25.510899
v  95.162064 14.639219 25.492340
v  95.162064 14.612973 25.492340
v  95.162064 14.594414 25.510899
v  95.162064 14.594414 25.537146
v  95.162064 14.612973 25.555704
v  95.154938 14.606411 25.571545
v  95.154938 14.645781 25.571545
v  95.154938 14.673619 25.543707
v  95.154938 14.673619 25.504337
v  95.154938 14.645781 25.476500
v  95.154938 14.606411 25.476500
v  95.154938 14.578573 25.504337
v  95.154938 14.578573 25.543707
v  95.037552 14.713212 25.560106
v  95.037552 14.662181 25.611137
v  95.037552 14.590012 25.611137
v  95.037552 14.713212 25.487938
v  95.037552 14.662181 25.436907
v  95.037552 14.590012 25.436907
v  95.037552 14.538980 25.487938
v  95.037552 14.538980 25.560106
v  95.074265 14.662181 26.046373
v  95.054504 14.662181 25.828754
v  95.074265 14.698265 25.813808
v  95.113792 14.698265 25.813808
v  95.113792 14.662181 26.046373
v  95.113792 14.590012 26.046373
v  95.074265 14.590012 26.046373
v  95.054504 14.590012 25.828754
v  95.074265 14.713212 25.560106
v  95.074265 14.713212 25.487938
v  95.113792 14.713212 25.487938
v  95.113792 14.713212 25.560106
v  95.074265 14.662181 25.436907
v  95.113792 14.662181 25.436907
v  95.074265 14.590012 25.436907
v  95.113792 14.590012 25.436907
v  95.074265 14.538980 25.487938
v  95.113792 14.538980 25.487938
v  95.074265 14.538980 25.560106
v  95.113792 14.538980 25.560106
v  95.074265 14.553927 25.813808
v  95.113792 14.553927 25.813808
v  95.133553 14.662181 25.828754
v  95.133553 14.590012 25.828754
v  95.140678 14.673619 25.543707
v  95.140678 14.645781 25.571545
v  95.140678 14.606411 25.571545
v  95.140678 14.673619 25.504337
v  95.140678 14.645781 25.476500
v  95.140678 14.606411 25.476500
v  95.140678 14.578573 25.504337
v  95.140678 14.578573 25.543707
v  94.945457 14.698265 25.698254
v  95.008644 14.697821 25.697182
v  94.945457 14.800326 25.596191
v  95.008644 14.799255 25.595747
v  94.945457 14.800326 25.451853
v  95.008644 14.799255 25.452297
v  94.945457 14.698265 25.349791
v  95.008644 14.697821 25.350863
v  94.945457 14.553927 25.349791
v  95.008644 14.554371 25.350863
v  94.945457 14.451865 25.451853
v  95.008644 14.452937 25.452297
v  94.945457 14.451865 25.596191
v  95.008644 14.452937 25.595747
v  94.945457 14.553927 25.698254
v  95.008644 14.554371 25.697182
v  95.018318 14.691090 25.680931
v  95.018700 14.666247 25.620955
v  95.018318 14.783005 25.589016
v  95.018700 14.723029 25.564173
v  95.018318 14.783005 25.459028
v  95.018700 14.723029 25.483871
v  95.018318 14.691090 25.367113
v  95.018700 14.666247 25.427090
v  95.018318 14.561101 25.367113
v  95.018700 14.585944 25.427090
v  95.018318 14.469187 25.459028
v  95.018700 14.529163 25.483871
v  95.018318 14.469187 25.589016
v  95.018700 14.529163 25.564173
v  95.018318 14.561101 25.680931
v  95.018700 14.585944 25.620955
v  95.162064 14.626097 25.555473
v  95.162064 14.648335 25.546261
v  95.159500 14.643419 25.565842
v  95.162064 14.657547 25.524021
v  95.159500 14.667916 25.541344
v  95.162064 14.648335 25.501783
v  95.159500 14.667916 25.506699
v  95.162064 14.626097 25.492571
v  95.159500 14.643419 25.482203
v  95.162064 14.603857 25.501783
v  95.159500 14.608774 25.482203
v  95.162064 14.594644 25.524021
v  95.159500 14.584276 25.506699
v  95.162064 14.603857 25.546261
v  95.159500 14.584276 25.541344
v  95.159500 14.608774 25.565842
v  95.017982 14.756573 25.654499
v  95.017982 14.626097 25.708544
v  95.017982 14.810617 25.524021
v  95.017982 14.756573 25.393545
v  95.017982 14.626097 25.339500
v  95.017982 14.495620 25.393545
v  95.017982 14.441574 25.524021
v  95.017982 14.495620 25.654499
v  95.019508 14.626097 25.618610
v  95.019508 14.692981 25.590906
v  95.019508 14.720685 25.524021
v  95.019508 14.692981 25.457138
v  95.019508 14.626097 25.429434
v  95.019508 14.559211 25.457138
v  95.019508 14.531507 25.524021
v  95.019508 14.559211 25.590906
v  95.074265 14.689244 25.980759
v  95.059448 14.662181 25.991968
v  95.074265 14.626097 26.053846
v  95.074265 14.720685 25.524021
v  95.055206 14.713212 25.560106
v  95.074265 14.702002 25.641575
v  95.074265 14.692981 25.457138
v  95.055206 14.713212 25.487938
v  95.074265 14.626097 25.429434
v  95.055206 14.662181 25.436907
v  95.074265 14.559211 25.457138
v  95.055206 14.590012 25.436907
v  95.074265 14.531507 25.524021
v  95.055206 14.538980 25.487938
v  95.074265 14.550190 25.641575
v  95.055206 14.538980 25.560106
v  95.059448 14.590012 25.991968
v  95.074265 14.562948 25.980759
v  95.133553 14.660130 25.660593
v  95.128609 14.689244 25.817545
v  95.133553 14.626097 25.836227
v  95.128609 14.662181 25.991968
v  95.133553 14.592062 25.660593
v  95.128609 14.562948 25.817545
v  95.128609 14.590012 25.991968
v  95.113792 14.550190 25.641575
v  95.113792 14.562948 25.980759
v  95.050270 14.590012 25.665543
v  95.059448 14.562948 25.817545
v  95.054504 14.626097 25.836227
v  95.050270 14.662181 25.665543
v  95.059448 14.689244 25.817545
v  95.037552 14.692981 25.590906
v  95.037552 14.626097 25.618610
v  95.037552 14.720685 25.524021
v  95.037552 14.692981 25.457138
v  95.037552 14.626097 25.429434
v  95.037552 14.559211 25.457138
v  95.037552 14.531507 25.524021
v  95.037552 14.559211 25.590906
v  95.113792 14.689244 25.980759
v  95.113792 14.626097 26.053846
v  95.113792 14.720685 25.524021
v  95.128609 14.708262 25.558056
v  95.113792 14.702002 25.641575
v  95.113792 14.692981 25.457138
v  95.128609 14.708262 25.489988
v  95.113792 14.626097 25.429434
v  95.128609 14.660130 25.441856
v  95.113792 14.559211 25.457138
v  95.128609 14.592062 25.441856
v  95.113792 14.531507 25.524021
v  95.128609 14.543929 25.489988
v  95.128609 14.543929 25.558056
v  95.135338 14.647830 25.576494
v  95.135338 14.678568 25.545757
v  95.135338 14.678568 25.502287
v  95.135338 14.647830 25.471550
v  95.135338 14.604362 25.471550
v  95.135338 14.573625 25.502287
v  95.135338 14.573625 25.545757
v  95.135338 14.604362 25.576494
v  95.140678 14.626097 25.575623
v  95.140678 14.662582 25.560509
v  95.140678 14.677696 25.524021
v  95.140678 14.662582 25.487535
v  95.140678 14.626097 25.472422
v  95.140678 14.589610 25.487535
v  95.140678 14.574496 25.524021
v  95.140678 14.589610 25.560509
v  95.154938 14.662582 25.560509
v  95.154938 14.626097 25.575623
v  95.154938 14.677696 25.524021
v  95.154938 14.662582 25.487535
v  95.154938 14.626097 25.472422
v  95.154938 14.589610 25.487535
v  95.154938 14.574496 25.524021
v  95.154938 14.589610 25.560509
v  95.018318 14.626097 25.353653
v  95.008644 14.759041 25.656967
v  95.008644 14.626097 25.712036
v  95.008644 14.814109 25.524021
v  95.008644 14.759041 25.391077
v  95.008644 14.626097 25.336008
v  95.008644 14.493151 25.391077
v  95.008644 14.438083 25.524021
v  95.008644 14.493151 25.656967
v  95.018318 14.626097 25.694391
v  95.018318 14.746566 25.644491
v  95.018700 14.700518 25.598444
v  95.018700 14.626097 25.629271
v  95.018318 14.796466 25.524021
v  95.018700 14.731344 25.524021
v  95.018318 14.746566 25.403551
v  95.018700 14.700518 25.449600
v  95.018700 14.626097 25.418774
v  95.018318 14.505625 25.403551
v  95.018700 14.551674 25.449600
v  95.018318 14.455726 25.524021
v  95.018700 14.520847 25.524021
v  95.018318 14.505625 25.644491
v  95.018700 14.551674 25.598444
v  95.162064 14.626097 25.524021
v  95.160278 14.626097 25.570162
v  95.160278 14.658722 25.556648
v  95.160278 14.672236 25.524021
v  95.160278 14.658722 25.491396
v  95.160278 14.626097 25.477882
v  95.160278 14.593471 25.491396
v  95.160278 14.579956 25.524021
v  95.160278 14.593471 25.556648
v  95.135338 14.666382 25.483736
v  95.063286 14.682226 25.941351
v  95.059448 14.626097 25.999441
v  95.055206 14.720685 25.524021
v  95.054955 14.694883 25.627628
v  95.055206 14.692981 25.457138
v  95.055206 14.626097 25.429434
v  95.055206 14.559211 25.457138
v  95.055206 14.531507 25.524021
v  95.054955 14.557309 25.627628
v  95.063286 14.569964 25.941351
v  95.130386 14.692451 25.625196
v  95.133553 14.626097 25.667641
v  95.128609 14.626097 25.999441
v  95.124771 14.682226 25.941351
v  95.130386 14.559741 25.625196
v  95.124771 14.569964 25.941351
v  95.050270 14.626097 25.673016
v  95.128609 14.715311 25.524021
v  95.128609 14.689180 25.460938
v  95.128609 14.626097 25.434807
v  95.128609 14.563011 25.460938
v  95.128609 14.536881 25.524021
v  95.135338 14.666382 25.564308
v  95.135338 14.626097 25.580996
v  95.135338 14.683069 25.524021
v  95.135338 14.626097 25.467049
v  95.135338 14.585810 25.483736
v  95.135338 14.569123 25.524021
v  95.135338 14.585810 25.564308
v  94.945457 14.759864 25.657791
v  94.945457 14.815273 25.524021
v  94.945457 14.759864 25.390253
v  94.945457 14.626097 25.334845
v  94.945457 14.492328 25.390253
v  94.945457 14.492328 25.657791
v  94.945457 14.436918 25.524021
v  94.945457 14.626097 25.713200
# 626 vertices

vt 0.250000 0.000000 0.000000
vt 0.250000 0.031250 0.000000
vt 0.750000 0.031250 0.000000
vt 0.750000 0.000000 0.000000
vt 0.125000 0.000000 0.000000
vt 0.500000 0.000000 0.000000
vt 0.140625 0.031250 0.000000
vt 0.531250 0.031250 0.000000
vt 0.750000 0.000000 1.000000
vt 0.875000 0.000000 1.000000
vt 0.000000 0.000000 1.000000
vt 0.125000 0.000000 1.000000
vt 0.250000 0.000000 1.000000
vt 0.375000 0.000000 1.000000
vt 0.500000 0.000000 1.000000
vt 0.625000 0.000000 1.000000
vt 0.750000 1.000000 1.000000
vt 0.875000 1.000000 1.000000
vt 0.000000 1.000000 1.000000
vt 0.125000 1.000000 1.000000
vt 0.250000 1.000000 1.000000
vt 0.375000 1.000000 1.000000
vt 0.500000 1.000000 1.000000
vt 0.625000 1.000000 1.000000
vt -0.125000 0.000000 1.000000
vt -0.125000 1.000000 1.000000
vt 0.780330 0.000000 0.414214
vt 0.521447 0.000000 -0.414214
vt 0.250000 0.000000 -1.000000
vt 0.125000 0.000000 -1.000000
vt 0.219670 0.000000 -0.414214
vt 0.478553 0.000000 0.414213
vt 0.780330 1.000000 0.414214
vt 0.521447 1.000000 -0.414213
vt 0.250000 1.000000 -1.000000
vt 0.125000 1.000000 -1.000000
vt 0.219670 1.000000 -0.414214
vt 0.750000 0.000000 1.000000
vt 0.875000 0.000000 1.000000
vt 0.000000 0.000000 1.000000
vt 0.125000 0.000000 1.000000
vt 0.250000 0.000000 1.000000
vt 0.375000 0.000000 1.000000
vt 0.500000 0.000000 1.000000
vt 0.625000 0.000000 1.000000
vt 0.750000 1.000000 1.000000
vt 0.875000 1.000000 1.000000
vt 0.000000 1.000000 1.000000
vt 0.125000 1.000000 1.000000
vt 0.250000 1.000000 1.000000
vt 0.375000 1.000000 1.000000
vt 0.500000 1.000000 1.000000
vt 0.625000 1.000000 1.000000
vt -0.125000 0.000000 1.000000
vt -0.125000 1.000000 1.000000
vt 0.780330 0.000000 0.414214
vt 0.521447 0.000000 -0.414214
vt 0.250000 0.000000 -1.000000
vt 0.125000 0.000000 -1.000000
vt 0.219670 0.000000 -0.414214
vt 0.478553 0.000000 0.414213
vt 0.780330 1.000000 0.414214
vt 0.521447 1.000000 -0.414213
vt 0.250000 1.000000 -1.000000
vt 0.125000 1.000000 -1.000000
vt 0.219670 1.000000 -0.414214
vt 0.750000 0.000000 1.000000
vt 0.875000 0.000000 1.000000
vt 0.000000 0.000000 1.000000
vt 0.125000 0.000000 1.000000
vt 0.250000 0.000000 1.000000
vt 0.375000 0.000000 1.000000
vt 0.500000 0.000000 1.000000
vt 0.625000 0.000000 1.000000
vt 0.750000 1.000000 1.000000
vt 0.875000 1.000000 1.000000
vt 0.000000 1.000000 1.000000
vt 0.125000 1.000000 1.000000
vt 0.250000 1.000000 1.000000
vt 0.375000 1.000000 1.000000
vt 0.500000 1.000000 1.000000
vt 0.625000 1.000000 1.000000
vt -0.125000 0.000000 1.000000
vt -0.125000 1.000000 1.000000
vt 0.780330 0.000000 0.414214
vt 0.521447 0.000000 -0.414214
vt 0.250000 0.000000 -1.000000
vt 0.125000 0.000000 -1.000000
vt 0.219670 0.000000 -0.414214
vt 0.478553 0.000000 0.414213
vt 0.780330 1.000000 0.414214
vt 0.521447 1.000000 -0.414213
vt 0.250000 1.000000 -1.000000
vt 0.125000 1.000000 -1.000000
vt 0.219670 1.000000 -0.414214
vt 0.750000 0.000000 1.000000
vt 0.812500 0.000000 1.000000
vt 0.875000 0.000000 1.000000
vt 0.875000 0.987854 1.000000
vt 0.812500 0.865890 0.993847
vt 0.750000 0.865890 0.993847
vt -0.125000 0.000000 1.000000
vt -0.062500 0.000000 1.000000
vt 0.000000 0.000000 1.000000
vt 0.000000 0.987854 1.000000
vt -0.062500 0.987854 1.000000
vt -0.125000 0.987854 1.000000
vt 0.062500 0.000000 1.000000
vt 0.125000 0.000000 1.000000
vt 0.125000 0.865890 0.993847
vt 0.062500 0.865890 0.993847
vt 0.187500 0.000000 1.000000
vt 0.250000 0.000000 1.000000
vt 0.250000 0.865890 0.993847
vt 0.187500 0.865890 0.993847
vt 0.312500 0.000000 1.000000
vt 0.375000 0.000000 1.000000
vt 0.375000 0.865890 0.993847
vt 0.312500 0.865890 0.993847
vt 0.437500 0.000000 1.000000
vt 0.500000 0.000000 1.000000
vt 0.500000 0.865890 0.993847
vt 0.437500 0.865890 0.993847
vt 0.562500 0.000000 1.000000
vt 0.625000 0.000000 1.000000
vt 0.625000 0.865890 0.993847
vt 0.562500 0.865890 0.993847
vt 0.687500 0.000000 1.000000
vt 0.687500 0.865890 0.993847
vt 0.750000 0.998482 0.900582
vt 0.812500 0.998482 0.900582
vt 0.875000 1.000000 0.950777
vt 0.875000 1.000000 0.556347
vt 0.812500 1.000000 0.556347
vt 0.750000 1.000000 0.556347
vt -0.125000 1.000000 0.950777
vt -0.062500 0.997977 0.899823
vt 0.000000 1.000000 0.950777
vt 0.000000 1.000000 0.556347
vt -0.062500 1.000000 0.556347
vt -0.125000 1.000000 0.556347
vt 0.062500 0.998482 0.900582
vt 0.125000 0.998482 0.900582
vt 0.125000 1.000000 0.556347
vt 0.062500 1.000000 0.556347
vt 0.187500 0.998482 0.900582
vt 0.250000 0.998482 0.900582
vt 0.250000 1.000000 0.556347
vt 0.187500 1.000000 0.556347
vt 0.312500 0.998482 0.900582
vt 0.375000 0.998482 0.900582
vt 0.375000 1.000000 0.556347
vt 0.312500 1.000000 0.556347
vt 0.437500 0.998482 0.900582
vt 0.500000 0.998482 0.900582
vt 0.500000 1.000000 0.556347
vt 0.437500 1.000000 0.556347
vt 0.562500 0.998482 0.900582
vt 0.625000 0.998482 0.900582
vt 0.625000 1.000000 0.556347
vt 0.562500 1.000000 0.556347
vt 0.687500 0.998482 0.900582
vt 0.687500 1.000000 0.556347
vt 0.500000 1.000000 0.104167
vt 0.645833 1.000000 0.291667
vt 0.708333 1.000000 0.333333
vt 0.687500 1.000000 0.291667
vt 0.723958 1.000000 0.447917
vt 0.786458 1.000000 0.458333
vt 0.875000 1.000000 0.447917
vt 0.187500 1.000000 0.291667
vt 0.125000 1.000000 0.333333
vt 0.208333 1.000000 0.291667
vt -0.125000 1.000000 0.447917
vt -0.015625 1.000000 0.458333
vt 0.052083 1.000000 0.447917
vt 0.208333 1.000000 0.333333
vt 0.281250 1.000000 0.291667
vt 0.098958 1.000000 0.458333
vt 0.164063 1.000000 0.447917
vt 0.291667 1.000000 0.333333
vt 0.354167 1.000000 0.291667
vt 0.213542 1.000000 0.458333
vt 0.276042 1.000000 0.447917
vt 0.375000 1.000000 0.333333
vt 0.427083 1.000000 0.291667
vt 0.328125 1.000000 0.458333
vt 0.388021 1.000000 0.447917
vt 0.458333 1.000000 0.333333
vt 0.500000 1.000000 0.291667
vt 0.442708 1.000000 0.458333
vt 0.500000 1.000000 0.447917
vt 0.541667 1.000000 0.333333
vt 0.572917 1.000000 0.291667
vt 0.557292 1.000000 0.458333
vt 0.611979 1.000000 0.447917
vt 0.625000 1.000000 0.333333
vt 0.671875 1.000000 0.458333
vt 0.875000 0.993927 0.975388
vt 0.812500 0.993927 0.975388
vt 0.750000 0.993927 0.975388
vt 0.000380 0.983818 0.993927
vt 0.000190 0.991909 0.972352
vt -0.062500 0.991909 0.972352
vt -0.062500 0.983818 0.993927
vt -0.125380 0.991909 0.972352
vt -0.125759 0.983818 0.993927
vt 0.125000 0.993927 0.975388
vt 0.062500 0.993927 0.975388
vt 0.000000 0.993927 0.975388
vt 0.250000 0.993927 0.975388
vt 0.187500 0.993927 0.975388
vt 0.375000 0.993927 0.975388
vt 0.312500 0.993927 0.975388
vt 0.500000 0.993927 0.975388
vt 0.437500 0.993927 0.975388
vt 0.625000 0.993927 0.975388
vt 0.562500 0.993927 0.975388
vt 0.687500 0.993927 0.975388
vt 0.812500 1.000000 0.500000
vt 0.750000 1.000000 0.500000
vt 0.875000 1.000000 0.500000
vt -0.062500 1.000000 0.500000
vt -0.125000 1.000000 0.500000
vt 0.000000 1.000000 0.500000
vt 0.062500 1.000000 0.500000
vt 0.125000 1.000000 0.500000
vt 0.187500 1.000000 0.500000
vt 0.250000 1.000000 0.500000
vt 0.312500 1.000000 0.500000
vt 0.375000 1.000000 0.500000
vt 0.437500 1.000000 0.500000
vt 0.500000 1.000000 0.500000
vt 0.562500 1.000000 0.500000
vt 0.625000 1.000000 0.500000
vt 0.687500 1.000000 0.500000
vt 0.847222 1.000000 0.500000
vt 0.859375 1.000000 0.500000
vt 0.812500 1.000000 0.500000
vt 0.812500 1.000000 0.500000
vt 0.750000 1.000000 0.500000
vt 0.750000 1.000000 0.500000
vt 0.000000 1.000000 0.500000
vt 0.000000 1.000000 0.500000
vt -0.062500 1.000000 0.500000
vt -0.062500 1.000000 0.500000
vt -0.125000 1.000000 0.500000
vt -0.125000 1.000000 0.500000
vt 0.125000 1.000000 0.500000
vt 0.125000 1.000000 0.500000
vt 0.062500 1.000000 0.500000
vt 0.062500 1.000000 0.500000
vt 0.250000 1.000000 0.500000
vt 0.250000 1.000000 0.500000
vt 0.187500 1.000000 0.500000
vt 0.187500 1.000000 0.500000
vt 0.375000 1.000000 0.500000
vt 0.375000 1.000000 0.500000
vt 0.312500 1.000000 0.500000
vt 0.312500 1.000000 0.500000
vt 0.500000 1.000000 0.500000
vt 0.500000 1.000000 0.500000
vt 0.437500 1.000000 0.500000
vt 0.437500 1.000000 0.500000
vt 0.625000 1.000000 0.500000
vt 0.609375 1.000000 0.500000
vt 0.562500 1.000000 0.500000
vt 0.562500 1.000000 0.500000
vt 0.687500 1.000000 0.500000
vt 0.687500 1.000000 0.500000
vt 0.640625 1.000000 0.500000
vt 0.652778 1.000000 0.500000
vt 0.875000 1.000000 0.500000
vt 0.812500 1.000000 0.500000
vt 0.812500 1.000000 0.500000
vt 0.859375 1.000000 0.500000
vt 0.750000 1.000000 0.500000
vt 0.750000 1.000000 0.500000
vt 0.750000 1.000000 0.500000
vt 0.812500 1.000000 0.500000
vt 0.847222 1.000000 0.500000
vt 0.687500 1.000000 0.500000
vt 0.687500 1.000000 0.500000
vt 0.625000 1.000000 0.500000
vt 0.640625 1.000000 0.500000
vt 0.652778 1.000000 0.500000
vt 0.687500 1.000000 0.500000
vt 0.609375 1.000000 0.500000
vt 0.625000 1.000000 0.500000
vt 0.640625 1.000000 0.500000
vt 0.687500 1.000000 0.500000
vt 0.687500 1.000000 0.500000
vt 0.640625 1.000000 0.500000
vt 0.750000 1.000000 0.500000
vt 0.750000 1.000000 0.500000
vt 0.812500 1.000000 0.500000
vt 0.812500 1.000000 0.500000
vt 0.875000 1.000000 0.500000
vt 0.859375 1.000000 0.500000
vt 0.875000 1.000000 0.500000
vt 0.875000 1.000000 0.500000
vt 0.875000 1.000000 0.500000
vt 0.812500 1.000000 0.500000
vt 0.750000 1.000000 0.500000
vt 0.000000 1.000000 0.500000
vt -0.062500 1.000000 0.500000
vt -0.125000 1.000000 0.500000
vt 0.125000 1.000000 0.500000
vt 0.062500 1.000000 0.500000
vt 0.250000 1.000000 0.500000
vt 0.187500 1.000000 0.500000
vt 0.375000 1.000000 0.500000
vt 0.312500 1.000000 0.500000
vt 0.500000 1.000000 0.500000
vt 0.437500 1.000000 0.500000
vt 0.625000 1.000000 0.500000
vt 0.562500 1.000000 0.500000
vt 0.687500 1.000000 0.500000
vt 0.859375 1.000000 0.500000
vt 0.812500 1.000000 0.500000
vt 0.750000 1.000000 0.500000
vt 0.000000 1.000000 0.500000
vt -0.062500 1.000000 0.500000
vt 0.000000 1.000000 0.500000
vt -0.062500 1.000000 0.500000
vt -0.125000 1.000000 0.500000
vt -0.125000 1.000000 0.500000
vt 0.125000 1.000000 0.500000
vt 0.062500 1.000000 0.500000
vt 0.125000 1.000000 0.500000
vt 0.062500 1.000000 0.500000
vt 0.250000 1.000000 0.500000
vt 0.187500 1.000000 0.500000
vt 0.250000 1.000000 0.500000
vt 0.187500 1.000000 0.500000
vt 0.375000 1.000000 0.500000
vt 0.312500 1.000000 0.500000
vt 0.375000 1.000000 0.500000
vt 0.312500 1.000000 0.500000
vt 0.500000 1.000000 0.500000
vt 0.437500 1.000000 0.500000
vt 0.500000 1.000000 0.500000
vt 0.437500 1.000000 0.500000
vt 0.562500 1.000000 0.500000
vt 0.562500 1.000000 0.500000
vt 0.687500 1.000000 0.500000
vt 0.625000 1.000000 0.500000
vt 0.875000 1.000000 0.500000
vt 0.875000 1.000000 0.500000
vt 0.875000 1.000000 0.500000
vt 0.812500 1.000000 0.500000
vt 0.750000 1.000000 0.500000
vt 0.000000 1.000000 0.500000
vt -0.062500 1.000000 0.500000
vt -0.125000 1.000000 0.500000
vt 0.125000 1.000000 0.500000
vt 0.062500 1.000000 0.500000
vt 0.250000 1.000000 0.500000
vt 0.187500 1.000000 0.500000
vt 0.375000 1.000000 0.500000
vt 0.312500 1.000000 0.500000
vt 0.500000 1.000000 0.500000
vt 0.437500 1.000000 0.500000
vt 0.625000 1.000000 0.500000
vt 0.562500 1.000000 0.500000
vt 0.687500 1.000000 0.500000
vt 0.812500 1.000000 0.500000
vt 0.750000 1.000000 0.500000
vt 0.875000 1.000000 0.500000
vt -0.062500 1.000000 0.500000
vt -0.125000 1.000000 0.500000
vt 0.000000 1.000000 0.500000
vt 0.062500 1.000000 0.500000
vt 0.125000 1.000000 0.500000
vt 0.187500 1.000000 0.500000
vt 0.250000 1.000000 0.500000
vt 0.312500 1.000000 0.500000
vt 0.375000 1.000000 0.500000
vt 0.437500 1.000000 0.500000
vt 0.500000 1.000000 0.500000
vt 0.562500 1.000000 0.500000
vt 0.625000 1.000000 0.500000
vt 0.687500 1.000000 0.500000
vt 0.875000 1.000000 0.500000
vt 0.812500 1.000000 0.500000
vt 0.750000 1.000000 0.500000
vt 0.000000 1.000000 0.500000
vt -0.062500 1.000000 0.500000
vt -0.125000 1.000000 0.500000
vt 0.125000 1.000000 0.500000
vt 0.062500 1.000000 0.500000
vt 0.250000 1.000000 0.500000
vt 0.187500 1.000000 0.500000
vt 0.375000 1.000000 0.500000
vt 0.312500 1.000000 0.500000
vt 0.500000 1.000000 0.500000
vt 0.437500 1.000000 0.500000
vt 0.625000 1.000000 0.500000
vt 0.562500 1.000000 0.500000
vt 0.687500 1.000000 0.500000
vt 0.750000 0.000000 1.000000
vt 0.812500 0.000000 1.000000
vt 0.875000 0.000000 1.000000
vt 0.875000 0.987854 1.000000
vt 0.812500 0.865890 0.993847
vt 0.750000 0.865890 0.993847
vt -0.125000 0.000000 1.000000
vt -0.062500 0.000000 1.000000
vt 0.000000 0.000000 1.000000
vt 0.000000 0.987854 1.000000
vt -0.062500 0.987854 1.000000
vt -0.125000 0.987854 1.000000
vt 0.062500 0.000000 1.000000
vt 0.125000 0.000000 1.000000
vt 0.125000 0.865890 0.993847
vt 0.062500 0.865890 0.993847
vt 0.187500 0.000000 1.000000
vt 0.250000 0.000000 1.000000
vt 0.250000 0.865890 0.993847
vt 0.187500 0.865890 0.993847
vt 0.312500 0.000000 1.000000
vt 0.375000 0.000000 1.000000
vt 0.375000 0.865890 0.993847
vt 0.312500 0.865890 0.993847
vt 0.437500 0.000000 1.000000
vt 0.500000 0.000000 1.000000
vt 0.500000 0.865890 0.993847
vt 0.437500 0.865890 0.993847
vt 0.562500 0.000000 1.000000
vt 0.625000 0.000000 1.000000
vt 0.625000 0.865890 0.993847
vt 0.562500 0.865890 0.993847
vt 0.687500 0.000000 1.000000
vt 0.687500 0.865890 0.993847
vt 0.750000 0.998482 0.900582
vt 0.812500 0.998482 0.900582
vt 0.875000 1.000000 0.950777
vt 0.875000 1.000000 0.556347
vt 0.812500 1.000000 0.556347
vt 0.750000 1.000000 0.556347
vt -0.125000 1.000000 0.950777
vt -0.062500 0.997977 0.899823
vt 0.000000 1.000000 0.950777
vt 0.000000 1.000000 0.556347
vt -0.062500 1.000000 0.556347
vt -0.125000 1.000000 0.556347
vt 0.062500 0.998482 0.900582
vt 0.125000 0.998482 0.900582
vt 0.125000 1.000000 0.556347
vt 0.062500 1.000000 0.556347
vt 0.187500 0.998482 0.900582
vt 0.250000 0.998482 0.900582
vt 0.250000 1.000000 0.556347
vt 0.187500 1.000000 0.556347
vt 0.312500 0.998482 0.900582
vt 0.375000 0.998482 0.900582
vt 0.375000 1.000000 0.556347
vt 0.312500 1.000000 0.556347
vt 0.437500 0.998482 0.900582
vt 0.500000 0.998482 0.900582
vt 0.500000 1.000000 0.556347
vt 0.437500 1.000000 0.556347
vt 0.562500 0.998482 0.900582
vt 0.625000 0.998482 0.900582
vt 0.625000 1.000000 0.556347
vt 0.562500 1.000000 0.556347
vt 0.687500 0.998482 0.900582
vt 0.687500 1.000000 0.556347
vt 0.500000 1.000000 0.104167
vt 0.645833 1.000000 0.291667
vt 0.708333 1.000000 0.333333
vt 0.687500 1.000000 0.291667
vt 0.723958 1.000000 0.447917
vt 0.786458 1.000000 0.458333
vt 0.875000 1.000000 0.447917
vt 0.187500 1.000000 0.291667
vt 0.125000 1.000000 0.333333
vt 0.208333 1.000000 0.291667
vt -0.125000 1.000000 0.447917
vt -0.015625 1.000000 0.458333
vt 0.052083 1.000000 0.447917
vt 0.208333 1.000000 0.333333
vt 0.281250 1.000000 0.291667
vt 0.098958 1.000000 0.458333
vt 0.164063 1.000000 0.447917
vt 0.291667 1.000000 0.333333
vt 0.354167 1.000000 0.291667
vt 0.213542 1.000000 0.458333
vt 0.276042 1.000000 0.447917
vt 0.375000 1.000000 0.333333
vt 0.427083 1.000000 0.291667
vt 0.328125 1.000000 0.458333
vt 0.388021 1.000000 0.447917
vt 0.458333 1.000000 0.333333
vt 0.500000 1.000000 0.291667
vt 0.442708 1.000000 0.458333
vt 0.500000 1.000000 0.447917
vt 0.541667 1.000000 0.333333
vt 0.572917 1.000000 0.291667
vt 0.557292 1.000000 0.458333
vt 0.611979 1.000000 0.447917
vt 0.625000 1.000000 0.333333
vt 0.671875 1.000000 0.458333
vt 0.875000 0.993927 0.975388
vt 0.812500 0.993927 0.975388
vt 0.750000 0.993927 0.975388
vt 0.000380 0.983818 0.993927
vt 0.000190 0.991909 0.972352
vt -0.062500 0.991909 0.972352
vt -0.062500 0.983818 0.993927
vt -0.125380 0.991909 0.972352
vt -0.125759 0.983818 0.993927
vt 0.125000 0.993927 0.975388
vt 0.062500 0.993927 0.975388
vt 0.000000 0.993927 0.975388
vt 0.250000 0.993927 0.975388
vt 0.187500 0.993927 0.975388
vt 0.375000 0.993927 0.975388
vt 0.312500 0.993927 0.975388
vt 0.500000 0.993927 0.975388
vt 0.437500 0.993927 0.975388
vt 0.625000 0.993927 0.975388
vt 0.562500 0.993927 0.975388
vt 0.687500 0.993927 0.975388
vt 0.812500 1.000000 0.500000
vt 0.750000 1.000000 0.500000
vt 0.875000 1.000000 0.500000
vt -0.062500 1.000000 0.500000
vt -0.125000 1.000000 0.500000
vt 0.000000 1.000000 0.500000
vt 0.062500 1.000000 0.500000
vt 0.125000 1.000000 0.500000
vt 0.187500 1.000000 0.500000
vt 0.250000 1.000000 0.500000
vt 0.312500 1.000000 0.500000
vt 0.375000 1.000000 0.500000
vt 0.437500 1.000000 0.500000
vt 0.500000 1.000000 0.500000
vt 0.562500 1.000000 0.500000
vt 0.625000 1.000000 0.500000
vt 0.687500 1.000000 0.500000
vt 0.847222 1.000000 0.500000
vt 0.859375 1.000000 0.500000
vt 0.812500 1.000000 0.500000
vt 0.812500 1.000000 0.500000
vt 0.750000 1.000000 0.500000
vt 0.750000 1.000000 0.500000
vt 0.000000 1.000000 0.500000
vt 0.000000 1.000000 0.500000
vt -0.062500 1.000000 0.500000
vt -0.062500 1.000000 0.500000
vt -0.125000 1.000000 0.500000
vt -0.125000 1.000000 0.500000
vt 0.125000 1.000000 0.500000
vt 0.125000 1.000000 0.500000
vt 0.062500 1.000000 0.500000
vt 0.062500 1.000000 0.500000
vt 0.250000 1.000000 0.500000
vt 0.250000 1.000000 0.500000
vt 0.187500 1.000000 0.500000
vt 0.187500 1.000000 0.500000
vt 0.375000 1.000000 0.500000
vt 0.375000 1.000000 0.500000
vt 0.312500 1.000000 0.500000
vt 0.312500 1.000000 0.500000
vt 0.500000 1.000000 0.500000
vt 0.500000 1.000000 0.500000
vt 0.437500 1.000000 0.500000
vt 0.437500 1.000000 0.500000
vt 0.625000 1.000000 0.500000
vt 0.609375 1.000000 0.500000
vt 0.562500 1.000000 0.500000
vt 0.562500 1.000000 0.500000
vt 0.687500 1.000000 0.500000
vt 0.687500 1.000000 0.500000
vt 0.640625 1.000000 0.500000
vt 0.652778 1.000000 0.500000
vt 0.875000 1.000000 0.500000
vt 0.812500 1.000000 0.500000
vt 0.812500 1.000000 0.500000
vt 0.859375 1.000000 0.500000
vt 0.750000 1.000000 0.500000
vt 0.750000 1.000000 0.500000
vt 0.750000 1.000000 0.500000
vt 0.812500 1.000000 0.500000
vt 0.847222 1.000000 0.500000
vt 0.687500 1.000000 0.500000
vt 0.687500 1.000000 0.500000
vt 0.625000 1.000000 0.500000
vt 0.640625 1.000000 0.500000
vt 0.652778 1.000000 0.500000
vt 0.687500 1.000000 0.500000
vt 0.609375 1.000000 0.500000
vt 0.625000 1.000000 0.500000
vt 0.640625 1.000000 0.500000
vt 0.687500 1.000000 0.500000
vt 0.687500 1.000000 0.500000
vt 0.640625 1.000000 0.500000
vt 0.750000 1.000000 0.500000
vt 0.750000 1.000000 0.500000
vt 0.812500 1.000000 0.500000
vt 0.812500 1.000000 0.500000
vt 0.875000 1.000000 0.500000
vt 0.859375 1.000000 0.500000
vt 0.875000 1.000000 0.500000
vt 0.875000 1.000000 0.500000
vt 0.875000 1.000000 0.500000
vt 0.812500 1.000000 0.500000
vt 0.750000 1.000000 0.500000
vt 0.000000 1.000000 0.500000
vt -0.062500 1.000000 0.500000
vt -0.125000 1.000000 0.500000
vt 0.125000 1.000000 0.500000
vt 0.062500 1.000000 0.500000
vt 0.250000 1.000000 0.500000
vt 0.187500 1.000000 0.500000
vt 0.375000 1.000000 0.500000
vt 0.312500 1.000000 0.500000
vt 0.500000 1.000000 0.500000
vt 0.437500 1.000000 0.500000
vt 0.625000 1.000000 0.500000
vt 0.562500 1.000000 0.500000
vt 0.687500 1.000000 0.500000
vt 0.859375 1.000000 0.500000
vt 0.812500 1.000000 0.500000
vt 0.750000 1.000000 0.500000
vt 0.000000 1.000000 0.500000
vt -0.062500 1.000000 0.500000
vt 0.000000 1.000000 0.500000
vt -0.062500 1.000000 0.500000
vt -0.125000 1.000000 0.500000
vt -0.125000 1.000000 0.500000
vt 0.125000 1.000000 0.500000
vt 0.062500 1.000000 0.500000
vt 0.125000 1.000000 0.500000
vt 0.062500 1.000000 0.500000
vt 0.250000 1.000000 0.500000
vt 0.187500 1.000000 0.500000
vt 0.250000 1.000000 0.500000
vt 0.187500 1.000000 0.500000
vt 0.375000 1.000000 0.500000
vt 0.312500 1.000000 0.500000
vt 0.375000 1.000000 0.500000
vt 0.312500 1.000000 0.500000
vt 0.500000 1.000000 0.500000
vt 0.437500 1.000000 0.500000
vt 0.500000 1.000000 0.500000
vt 0.437500 1.000000 0.500000
vt 0.562500 1.000000 0.500000
vt 0.562500 1.000000 0.500000
vt 0.687500 1.000000 0.500000
vt 0.625000 1.000000 0.500000
vt 0.875000 1.000000 0.500000
vt 0.875000 1.000000 0.500000
vt 0.875000 1.000000 0.500000
vt 0.812500 1.000000 0.500000
vt 0.750000 1.000000 0.500000
vt 0.000000 1.000000 0.500000
vt -0.062500 1.000000 0.500000
vt -0.125000 1.000000 0.500000
vt 0.125000 1.000000 0.500000
vt 0.062500 1.000000 0.500000
vt 0.250000 1.000000 0.500000
vt 0.187500 1.000000 0.500000
vt 0.375000 1.000000 0.500000
vt 0.312500 1.000000 0.500000
vt 0.500000 1.000000 0.500000
vt 0.437500 1.000000 0.500000
vt 0.625000 1.000000 0.500000
vt 0.562500 1.000000 0.500000
vt 0.687500 1.000000 0.500000
vt 0.812500 1.000000 0.500000
vt 0.750000 1.000000 0.500000
vt 0.875000 1.000000 0.500000
vt -0.062500 1.000000 0.500000
vt -0.125000 1.000000 0.500000
vt 0.000000 1.000000 0.500000
vt 0.062500 1.000000 0.500000
vt 0.125000 1.000000 0.500000
vt 0.187500 1.000000 0.500000
vt 0.250000 1.000000 0.500000
vt 0.312500 1.000000 0.500000
vt 0.375000 1.000000 0.500000
vt 0.437500 1.000000 0.500000
vt 0.500000 1.000000 0.500000
vt 0.562500 1.000000 0.500000
vt 0.625000 1.000000 0.500000
vt 0.687500 1.000000 0.500000
vt 0.875000 1.000000 0.500000
vt 0.812500 1.000000 0.500000
vt 0.750000 1.000000 0.500000
vt 0.000000 1.000000 0.500000
vt -0.062500 1.000000 0.500000
vt -0.125000 1.000000 0.500000
vt 0.125000 1.000000 0.500000
vt 0.062500 1.000000 0.500000
vt 0.250000 1.000000 0.500000
vt 0.187500 1.000000 0.500000
vt 0.375000 1.000000 0.500000
vt 0.312500 1.000000 0.500000
vt 0.500000 1.000000 0.500000
vt 0.437500 1.000000 0.500000
vt 0.625000 1.000000 0.500000
vt 0.562500 1.000000 0.500000
vt 0.687500 1.000000 0.500000
# 705 texture coords

o ???011
g ???011
f 4954/5767 4955/5768 4960/5773 4958/5771 
f 4954/5767 4957/5770 4956/5769 4955/5768 
f 4959/5772 4961/5774 4956/5769 4957/5770 
f 4960/5773 4961/5774 4959/5772 4958/5771 
f 4957/5770 4954/5767 4958/5771 4959/5772 
f 4955/5768 4956/5769 4961/5774 4960/5773 
f 4969/5798 4968/5797 4967/5796 4966/5795 4965/5794 4964/5793 4963/5776 4962/5775 
f 4962/5775 4963/5776 4971/5784 4970/5783 
f 4963/5791 4964/5777 4972/5785 4971/5792 
f 4964/5777 4965/5778 4973/5786 4972/5785 
f 4965/5778 4966/5779 4974/5787 4973/5786 
f 4966/5779 4967/5780 4975/5788 4974/5787 
f 4967/5780 4968/5781 4976/5789 4975/5788 
f 4968/5781 4969/5782 4977/5790 4976/5789 
f 4969/5782 4962/5775 4970/5783 4977/5790 
f 4977/5790 4970/5783 4971/5784 4972/5799 4973/5800 4974/5801 4975/5802 4976/5803 
f 4985/5827 4984/5826 4983/5825 4982/5824 4981/5823 4980/5822 4979/5805 4978/5804 
f 4978/5804 4979/5805 4987/5813 4986/5812 
f 4979/5820 4980/5806 4988/5814 4987/5821 
f 4980/5806 4981/5807 4989/5815 4988/5814 
f 4981/5807 4982/5808 4990/5816 4989/5815 
f 4982/5808 4983/5809 4991/5817 4990/5816 
f 4983/5809 4984/5810 4992/5818 4991/5817 
f 4984/5810 4985/5811 4993/5819 4992/5818 
f 4985/5811 4978/5804 4986/5812 4993/5819 
f 4993/5819 4986/5812 4987/5813 4988/5828 4989/5829 4990/5830 4991/5831 4992/5832 
f 5001/5856 5000/5855 4999/5854 4998/5853 4997/5852 4996/5851 4995/5834 4994/5833 
f 4994/5833 4995/5834 5003/5842 5002/5841 
f 4995/5849 4996/5835 5004/5843 5003/5850 
f 4996/5835 4997/5836 5005/5844 5004/5843 
f 4997/5836 4998/5837 5006/5845 5005/5844 
f 4998/5837 4999/5838 5007/5846 5006/5845 
f 4999/5838 5000/5839 5008/5847 5007/5846 
f 5000/5839 5001/5840 5009/5848 5008/5847 
f 5001/5840 4994/5833 5002/5841 5009/5848 
f 5009/5848 5002/5841 5003/5842 5004/5857 5005/5858 5006/5859 5007/5860 5008/5861 
f 5294/5862 5082/5863 5083/5866 5226/5867 
f 5082/5863 5287/5864 5225/5865 5083/5866 
f 5287/5868 5084/5869 5085/5872 5225/5873 
f 5084/5869 5288/5870 5227/5871 5085/5872 
f 5288/5870 5086/5874 5087/5877 5227/5871 
f 5086/5874 5289/5875 5228/5876 5087/5877 
f 5289/5875 5088/5878 5089/5881 5228/5876 
f 5088/5878 5290/5879 5229/5880 5089/5881 
f 5290/5879 5090/5882 5091/5885 5229/5880 
f 5090/5882 5291/5883 5230/5884 5091/5885 
f 5291/5883 5092/5886 5093/5889 5230/5884 
f 5092/5886 5293/5887 5231/5888 5093/5889 
f 5293/5887 5094/5890 5095/5893 5231/5888 
f 5094/5890 5292/5891 5232/5892 5095/5893 
f 5292/5891 5096/5894 5097/5895 5232/5892 
f 5096/5894 5294/5862 5226/5867 5097/5895 
f 5233/5896 5098/5897 5099/5900 5236/5901 
f 5098/5897 5234/5898 5235/5899 5099/5900 
f 5234/5902 5100/5903 5101/5906 5235/5907 
f 5100/5903 5237/5904 5238/5905 5101/5906 
f 5237/5904 5102/5908 5103/5911 5238/5905 
f 5102/5908 5239/5909 5240/5910 5103/5911 
f 5239/5909 5104/5912 5105/5915 5240/5910 
f 5104/5912 5224/5913 5241/5914 5105/5915 
f 5224/5913 5106/5916 5107/5919 5241/5914 
f 5106/5916 5242/5917 5243/5918 5107/5919 
f 5242/5917 5108/5920 5109/5923 5243/5918 
f 5108/5920 5244/5921 5245/5922 5109/5923 
f 5244/5921 5110/5924 5111/5927 5245/5922 
f 5110/5924 5246/5925 5247/5926 5111/5927 
f 5246/5925 5112/5928 5113/5929 5247/5926 
f 5112/5928 5233/5896 5236/5901 5113/5929 
f 5248/5930 5114/5931 5026/5932 5115/5933 
f 5249/5934 5116/5935 5026/5932 5114/5931 
f 5250/5936 5115/5933 5026/5932 5116/5935 
f 5248/5930 5115/5937 5027/5938 5117/5939 
f 5250/5940 5118/5941 5027/5938 5115/5937 
f 5251/5942 5117/5939 5027/5938 5118/5941 
f 5248/5930 5117/5939 5028/5943 5119/5944 
f 5251/5942 5120/5945 5028/5943 5117/5939 
f 5252/5946 5119/5944 5028/5943 5120/5945 
f 5248/5930 5119/5944 5029/5947 5121/5948 
f 5252/5946 5122/5949 5029/5947 5119/5944 
f 5253/5950 5121/5948 5029/5947 5122/5949 
f 5248/5930 5121/5948 5030/5951 5123/5952 
f 5253/5950 5124/5953 5030/5951 5121/5948 
f 5254/5954 5123/5952 5030/5951 5124/5953 
f 5248/5930 5123/5952 5031/5955 5125/5956 
f 5254/5954 5126/5957 5031/5955 5123/5952 
f 5255/5958 5125/5956 5031/5955 5126/5957 
f 5248/5930 5125/5956 5032/5959 5127/5960 
f 5255/5958 5128/5961 5032/5959 5125/5956 
f 5256/5962 5127/5960 5032/5959 5128/5961 
f 5248/5930 5127/5960 5033/5963 5114/5931 
f 5256/5962 5129/5964 5033/5963 5127/5960 
f 5249/5934 5114/5931 5033/5963 5129/5964 
f 5225/5865 5130/5965 5011/5966 5083/5866 
f 5130/5965 5234/5898 5098/5897 5011/5966 
f 5011/5966 5098/5897 5233/5896 5131/5967 
f 5083/5866 5011/5966 5131/5967 5226/5867 
f 5227/5968 5132/5969 5010/5970 5085/5971 
f 5132/5969 5237/5904 5100/5903 5010/5970 
f 5010/5970 5100/5903 5234/5902 5130/5972 
f 5085/5971 5010/5970 5130/5972 5225/5973 
f 5228/5876 5133/5974 5013/5975 5087/5877 
f 5133/5974 5239/5909 5102/5908 5013/5975 
f 5013/5975 5102/5908 5237/5904 5132/5976 
f 5087/5877 5013/5975 5132/5976 5227/5871 
f 5229/5880 5134/5977 5014/5978 5089/5881 
f 5134/5977 5224/5913 5104/5912 5014/5978 
f 5014/5978 5104/5912 5239/5909 5133/5974 
f 5089/5881 5014/5978 5133/5974 5228/5876 
f 5230/5884 5135/5979 5015/5980 5091/5885 
f 5135/5979 5242/5917 5106/5916 5015/5980 
f 5015/5980 5106/5916 5224/5913 5134/5977 
f 5091/5885 5015/5980 5134/5977 5229/5880 
f 5231/5888 5136/5981 5016/5982 5093/5889 
f 5136/5981 5244/5921 5108/5920 5016/5982 
f 5016/5982 5108/5920 5242/5917 5135/5979 
f 5093/5889 5016/5982 5135/5979 5230/5884 
f 5232/5892 5137/5983 5017/5984 5095/5893 
f 5137/5983 5246/5925 5110/5924 5017/5984 
f 5017/5984 5110/5924 5244/5921 5136/5981 
f 5095/5893 5017/5984 5136/5981 5231/5888 
f 5226/5867 5131/5967 5012/5985 5097/5895 
f 5131/5967 5233/5896 5112/5928 5012/5985 
f 5012/5985 5112/5928 5246/5925 5137/5983 
f 5097/5895 5012/5985 5137/5983 5232/5892 
f 5236/5901 5099/5900 5019/5986 5138/5987 
f 5099/5900 5235/5899 5139/5988 5019/5986 
f 5019/5986 5139/5988 5178/6068 5043/6069 
f 5138/5987 5019/5986 5043/6069 5179/6070 
f 5235/5907 5101/5906 5018/5989 5139/5990 
f 5101/5906 5238/5905 5140/5991 5018/5989 
f 5018/5989 5140/5991 5180/6071 5042/6072 
f 5139/5990 5018/5989 5042/6072 5178/6073 
f 5238/5905 5103/5911 5021/5992 5140/5991 
f 5103/5911 5240/5910 5141/5993 5021/5992 
f 5021/5992 5141/5993 5181/6074 5045/6075 
f 5140/5991 5021/5992 5045/6075 5180/6071 
f 5240/5910 5105/5915 5022/5994 5141/5993 
f 5105/5915 5241/5914 5142/5995 5022/5994 
f 5022/5994 5142/5995 5182/6076 5046/6077 
f 5141/5993 5022/5994 5046/6077 5181/6074 
f 5241/5914 5107/5919 5023/5996 5142/5995 
f 5107/5919 5243/5918 5143/5997 5023/5996 
f 5023/5996 5143/5997 5183/6078 5047/6079 
f 5142/5995 5023/5996 5047/6079 5182/6076 
f 5243/5918 5109/5923 5024/5998 5143/5997 
f 5109/5923 5245/5922 5144/5999 5024/5998 
f 5024/5998 5144/5999 5184/6080 5048/6081 
f 5143/5997 5024/5998 5048/6081 5183/6078 
f 5245/5922 5111/5927 5025/6000 5144/5999 
f 5111/5927 5247/5926 5145/6001 5025/6000 
f 5025/6000 5145/6001 5185/6082 5049/6083 
f 5144/5999 5025/6000 5049/6083 5184/6080 
f 5247/5926 5113/5929 5020/6002 5145/6001 
f 5113/5929 5236/5901 5138/5987 5020/6002 
f 5020/6002 5138/5987 5179/6070 5044/6084 
f 5145/6001 5020/6002 5044/6084 5185/6082 
f 5258/6003 5146/6004 5050/6005 5147/6006 
f 5146/6004 5186/6085 5054/6086 5050/6005 
f 5050/6005 5054/6086 5187/6087 5148/6007 
f 5147/6006 5050/6005 5148/6007 5259/6008 
f 5260/6009 5149/6010 5058/6011 5150/6012 
f 5149/6010 5188/6088 5061/6089 5058/6011 
f 5058/6011 5061/6089 5190/6093 5151/6013 
f 5150/6012 5058/6011 5151/6013 5261/6014 
f 5262/6015 5152/6016 5059/6017 5153/6018 
f 5152/6016 5191/6094 5060/6095 5059/6017 
f 5059/6017 5060/6095 5188/6088 5149/6010 
f 5153/6018 5059/6017 5149/6010 5260/6009 
f 5263/6019 5154/6020 5062/6021 5155/6022 
f 5154/6020 5193/6098 5063/6099 5062/6021 
f 5062/6021 5063/6099 5191/6094 5152/6016 
f 5155/6022 5062/6021 5152/6016 5262/6015 
f 5264/6023 5156/6024 5064/6025 5157/6026 
f 5156/6024 5195/6102 5065/6103 5064/6025 
f 5064/6025 5065/6103 5193/6098 5154/6020 
f 5157/6026 5064/6025 5154/6020 5263/6019 
f 5265/6027 5158/6028 5066/6029 5159/6030 
f 5158/6028 5197/6106 5067/6107 5066/6029 
f 5066/6029 5067/6107 5195/6102 5156/6024 
f 5159/6030 5066/6029 5156/6024 5264/6023 
f 5266/6031 5160/6032 5068/6033 5161/6034 
f 5160/6032 5171/6054 5069/6110 5068/6033 
f 5068/6033 5069/6110 5197/6106 5158/6028 
f 5161/6034 5068/6033 5158/6028 5265/6027 
f 5259/6008 5148/6007 5056/6035 5162/6036 
f 5148/6007 5187/6087 5055/6112 5056/6035 
f 5056/6035 5055/6112 5172/6056 5163/6037 
f 5162/6036 5056/6035 5163/6037 5267/6038 
f 5268/6039 5164/6040 5072/6041 5165/6042 
f 5164/6040 5269/6043 5166/6044 5072/6041 
f 5072/6041 5166/6044 5270/6045 5167/6046 
f 5165/6042 5072/6041 5167/6046 5271/6047 
f 5269/6043 5168/6048 5073/6049 5166/6044 
f 5168/6048 5272/6050 5169/6051 5073/6049 
f 5073/6049 5169/6051 5273/6052 5170/6053 
f 5166/6044 5073/6049 5170/6053 5270/6045 
f 5272/6050 5171/6054 5071/6055 5169/6051 
f 5171/6054 5160/6032 5070/6113 5071/6055 
f 5071/6055 5070/6113 5163/6037 5172/6056 
f 5169/6051 5071/6055 5172/6056 5273/6052 
f 5266/6031 5173/6057 5057/6058 5174/6059 
f 5173/6057 5274/6060 5175/6061 5057/6058 
f 5057/6058 5175/6061 5259/6008 5162/6036 
f 5174/6059 5057/6058 5162/6036 5267/6038 
f 5274/6060 5176/6062 5051/6063 5175/6061 
f 5176/6062 5261/6064 5177/6065 5051/6063 
f 5051/6063 5177/6065 5258/6003 5147/6006 
f 5175/6061 5051/6063 5147/6006 5259/6008 
f 5261/6064 5151/6066 5052/6067 5177/6065 
f 5151/6066 5190/6114 5053/6115 5052/6067 
f 5052/6067 5053/6115 5186/6085 5146/6004 
f 5177/6065 5052/6067 5146/6004 5258/6003 
f 5178/6068 5261/6064 5176/6062 5043/6069 
f 5043/6069 5176/6062 5274/6060 5179/6070 
f 5180/6071 5260/6009 5150/6012 5042/6072 
f 5042/6072 5150/6012 5261/6014 5178/6073 
f 5181/6074 5262/6015 5153/6018 5045/6075 
f 5045/6075 5153/6018 5260/6009 5180/6071 
f 5182/6076 5263/6019 5155/6022 5046/6077 
f 5046/6077 5155/6022 5262/6015 5181/6074 
f 5183/6078 5264/6023 5157/6026 5047/6079 
f 5047/6079 5157/6026 5263/6019 5182/6076 
f 5184/6080 5265/6027 5159/6030 5048/6081 
f 5048/6081 5159/6030 5264/6023 5183/6078 
f 5185/6082 5266/6031 5161/6034 5049/6083 
f 5049/6083 5161/6034 5265/6027 5184/6080 
f 5179/6070 5274/6060 5173/6057 5044/6084 
f 5044/6084 5173/6057 5266/6031 5185/6082 
f 5186/6085 5271/6047 5167/6046 5054/6086 
f 5054/6086 5167/6046 5270/6045 5187/6087 
f 5188/6088 5275/6090 5189/6091 5061/6089 
f 5061/6089 5189/6091 5268/6092 5190/6093 
f 5191/6094 5276/6096 5192/6097 5060/6095 
f 5060/6095 5192/6097 5275/6090 5188/6088 
f 5193/6098 5277/6100 5194/6101 5063/6099 
f 5063/6099 5194/6101 5276/6096 5191/6094 
f 5195/6102 5278/6104 5196/6105 5065/6103 
f 5065/6103 5196/6105 5277/6100 5193/6098 
f 5197/6106 5279/6108 5198/6109 5067/6107 
f 5067/6107 5198/6109 5278/6104 5195/6102 
f 5171/6054 5272/6050 5199/6111 5069/6110 
f 5069/6110 5199/6111 5279/6108 5197/6106 
f 5187/6087 5270/6045 5170/6053 5055/6112 
f 5055/6112 5170/6053 5273/6052 5172/6056 
f 5160/6032 5266/6031 5174/6059 5070/6113 
f 5070/6113 5174/6059 5267/6038 5163/6037 
f 5190/6114 5268/6039 5165/6042 5053/6115 
f 5053/6115 5165/6042 5271/6047 5186/6085 
f 5269/6043 5164/6040 5200/6117 5281/6118 
f 5164/6040 5268/6039 5280/6116 5200/6117 
f 5268/6092 5189/6091 5201/6120 5280/6121 
f 5189/6091 5275/6090 5282/6119 5201/6120 
f 5275/6090 5192/6097 5202/6123 5282/6119 
f 5192/6097 5276/6096 5257/6122 5202/6123 
f 5276/6096 5194/6101 5203/6125 5257/6122 
f 5194/6101 5277/6100 5283/6124 5203/6125 
f 5277/6100 5196/6105 5204/6127 5283/6124 
f 5196/6105 5278/6104 5284/6126 5204/6127 
f 5278/6104 5198/6109 5205/6129 5284/6126 
f 5198/6109 5279/6108 5285/6128 5205/6129 
f 5279/6108 5199/6111 5206/6131 5285/6128 
f 5199/6111 5272/6050 5286/6130 5206/6131 
f 5272/6050 5168/6048 5207/6132 5286/6130 
f 5168/6048 5269/6043 5281/6118 5207/6132 
f 5281/6118 5200/6117 5075/6133 5208/6134 
f 5200/6117 5280/6116 5209/6135 5075/6133 
f 5075/6133 5209/6135 5216/6150 5035/6151 
f 5208/6134 5075/6133 5035/6151 5217/6152 
f 5280/6121 5201/6120 5074/6136 5209/6137 
f 5201/6120 5282/6119 5210/6138 5074/6136 
f 5074/6136 5210/6138 5218/6153 5036/6154 
f 5209/6137 5074/6136 5036/6154 5216/6155 
f 5282/6119 5202/6123 5077/6139 5210/6138 
f 5202/6123 5257/6122 5211/6140 5077/6139 
f 5077/6139 5211/6140 5219/6156 5037/6157 
f 5210/6138 5077/6139 5037/6157 5218/6153 
f 5257/6122 5203/6125 5078/6141 5211/6140 
f 5203/6125 5283/6124 5212/6142 5078/6141 
f 5078/6141 5212/6142 5220/6158 5038/6159 
f 5211/6140 5078/6141 5038/6159 5219/6156 
f 5283/6124 5204/6127 5079/6143 5212/6142 
f 5204/6127 5284/6126 5213/6144 5079/6143 
f 5079/6143 5213/6144 5221/6160 5039/6161 
f 5212/6142 5079/6143 5039/6161 5220/6158 
f 5284/6126 5205/6129 5080/6145 5213/6144 
f 5205/6129 5285/6128 5214/6146 5080/6145 
f 5080/6145 5214/6146 5222/6162 5040/6163 
f 5213/6144 5080/6145 5040/6163 5221/6160 
f 5285/6128 5206/6131 5081/6147 5214/6146 
f 5206/6131 5286/6130 5215/6148 5081/6147 
f 5081/6147 5215/6148 5223/6164 5041/6165 
f 5214/6146 5081/6147 5041/6165 5222/6162 
f 5286/6130 5207/6132 5076/6149 5215/6148 
f 5207/6132 5281/6118 5208/6134 5076/6149 
f 5076/6149 5208/6134 5217/6152 5034/6166 
f 5215/6148 5076/6149 5034/6166 5223/6164 
f 5216/6150 5250/5936 5116/5935 5035/6151 
f 5035/6151 5116/5935 5249/5934 5217/6152 
f 5218/6153 5251/5942 5118/5941 5036/6154 
f 5036/6154 5118/5941 5250/5940 5216/6155 
f 5219/6156 5252/5946 5120/5945 5037/6157 
f 5037/6157 5120/5945 5251/5942 5218/6153 
f 5220/6158 5253/5950 5122/5949 5038/6159 
f 5038/6159 5122/5949 5252/5946 5219/6156 
f 5221/6160 5254/5954 5124/5953 5039/6161 
f 5039/6161 5124/5953 5253/5950 5220/6158 
f 5222/6162 5255/5958 5126/5957 5040/6163 
f 5040/6163 5126/5957 5254/5954 5221/6160 
f 5223/6164 5256/5962 5128/5961 5041/6165 
f 5041/6165 5128/5961 5255/5958 5222/6162 
f 5217/6152 5249/5934 5129/5964 5034/6166 
f 5034/6166 5129/5964 5256/5962 5223/6164 
f 5579/6167 5511/6172 5368/6171 5367/6168 
f 5367/6168 5368/6171 5510/6170 5572/6169 
f 5572/6173 5510/6178 5370/6177 5369/6174 
f 5369/6174 5370/6177 5512/6176 5573/6175 
f 5573/6175 5512/6176 5372/6182 5371/6179 
f 5371/6179 5372/6182 5513/6181 5574/6180 
f 5574/6180 5513/6181 5374/6186 5373/6183 
f 5373/6183 5374/6186 5514/6185 5575/6184 
f 5575/6184 5514/6185 5376/6190 5375/6187 
f 5375/6187 5376/6190 5515/6189 5576/6188 
f 5576/6188 5515/6189 5378/6194 5377/6191 
f 5377/6191 5378/6194 5516/6193 5578/6192 
f 5578/6192 5516/6193 5380/6198 5379/6195 
f 5379/6195 5380/6198 5517/6197 5577/6196 
f 5577/6196 5517/6197 5382/6200 5381/6199 
f 5381/6199 5382/6200 5511/6172 5579/6167 
f 5518/6201 5521/6206 5384/6205 5383/6202 
f 5383/6202 5384/6205 5520/6204 5519/6203 
f 5519/6207 5520/6212 5386/6211 5385/6208 
f 5385/6208 5386/6211 5523/6210 5522/6209 
f 5522/6209 5523/6210 5388/6216 5387/6213 
f 5387/6213 5388/6216 5525/6215 5524/6214 
f 5524/6214 5525/6215 5390/6220 5389/6217 
f 5389/6217 5390/6220 5526/6219 5509/6218 
f 5509/6218 5526/6219 5392/6224 5391/6221 
f 5391/6221 5392/6224 5528/6223 5527/6222 
f 5527/6222 5528/6223 5394/6228 5393/6225 
f 5393/6225 5394/6228 5530/6227 5529/6226 
f 5529/6226 5530/6227 5396/6232 5395/6229 
f 5395/6229 5396/6232 5532/6231 5531/6230 
f 5531/6230 5532/6231 5398/6234 5397/6233 
f 5397/6233 5398/6234 5521/6206 5518/6201 
f 5533/6235 5400/6238 5311/6237 5399/6236 
f 5534/6239 5399/6236 5311/6237 5401/6240 
f 5535/6241 5401/6240 5311/6237 5400/6238 
f 5533/6235 5402/6244 5312/6243 5400/6242 
f 5535/6245 5400/6242 5312/6243 5403/6246 
f 5536/6247 5403/6246 5312/6243 5402/6244 
f 5533/6235 5404/6249 5313/6248 5402/6244 
f 5536/6247 5402/6244 5313/6248 5405/6250 
f 5537/6251 5405/6250 5313/6248 5404/6249 
f 5533/6235 5406/6253 5314/6252 5404/6249 
f 5537/6251 5404/6249 5314/6252 5407/6254 
f 5538/6255 5407/6254 5314/6252 5406/6253 
f 5533/6235 5408/6257 5315/6256 5406/6253 
f 5538/6255 5406/6253 5315/6256 5409/6258 
f 5539/6259 5409/6258 5315/6256 5408/6257 
f 5533/6235 5410/6261 5316/6260 5408/6257 
f 5539/6259 5408/6257 5316/6260 5411/6262 
f 5540/6263 5411/6262 5316/6260 5410/6261 
f 5533/6235 5412/6265 5317/6264 5410/6261 
f 5540/6263 5410/6261 5317/6264 5413/6266 
f 5541/6267 5413/6266 5317/6264 5412/6265 
f 5533/6235 5399/6236 5318/6268 5412/6265 
f 5541/6267 5412/6265 5318/6268 5414/6269 
f 5534/6239 5414/6269 5318/6268 5399/6236 
f 5510/6170 5368/6171 5296/6271 5415/6270 
f 5415/6270 5296/6271 5383/6202 5519/6203 
f 5296/6271 5416/6272 5518/6201 5383/6202 
f 5368/6171 5511/6172 5416/6272 5296/6271 
f 5512/6273 5370/6276 5295/6275 5417/6274 
f 5417/6274 5295/6275 5385/6208 5522/6209 
f 5295/6275 5415/6277 5519/6207 5385/6208 
f 5370/6276 5510/6278 5415/6277 5295/6275 
f 5513/6181 5372/6182 5298/6280 5418/6279 
f 5418/6279 5298/6280 5387/6213 5524/6214 
f 5298/6280 5417/6281 5522/6209 5387/6213 
f 5372/6182 5512/6176 5417/6281 5298/6280 
f 5514/6185 5374/6186 5299/6283 5419/6282 
f 5419/6282 5299/6283 5389/6217 5509/6218 
f 5299/6283 5418/6279 5524/6214 5389/6217 
f 5374/6186 5513/6181 5418/6279 5299/6283 
f 5515/6189 5376/6190 5300/6285 5420/6284 
f 5420/6284 5300/6285 5391/6221 5527/6222 
f 5300/6285 5419/6282 5509/6218 5391/6221 
f 5376/6190 5514/6185 5419/6282 5300/6285 
f 5516/6193 5378/6194 5301/6287 5421/6286 
f 5421/6286 5301/6287 5393/6225 5529/6226 
f 5301/6287 5420/6284 5527/6222 5393/6225 
f 5378/6194 5515/6189 5420/6284 5301/6287 
f 5517/6197 5380/6198 5302/6289 5422/6288 
f 5422/6288 5302/6289 5395/6229 5531/6230 
f 5302/6289 5421/6286 5529/6226 5395/6229 
f 5380/6198 5516/6193 5421/6286 5302/6289 
f 5511/6172 5382/6200 5297/6290 5416/6272 
f 5416/6272 5297/6290 5397/6233 5518/6201 
f 5297/6290 5422/6288 5531/6230 5397/6233 
f 5382/6200 5517/6197 5422/6288 5297/6290 
f 5521/6206 5423/6292 5304/6291 5384/6205 
f 5384/6205 5304/6291 5424/6293 5520/6204 
f 5304/6291 5328/6374 5463/6373 5424/6293 
f 5423/6292 5464/6375 5328/6374 5304/6291 
f 5520/6212 5424/6295 5303/6294 5386/6211 
f 5386/6211 5303/6294 5425/6296 5523/6210 
f 5303/6294 5327/6377 5465/6376 5425/6296 
f 5424/6295 5463/6378 5327/6377 5303/6294 
f 5523/6210 5425/6296 5306/6297 5388/6216 
f 5388/6216 5306/6297 5426/6298 5525/6215 
f 5306/6297 5330/6380 5466/6379 5426/6298 
f 5425/6296 5465/6376 5330/6380 5306/6297 
f 5525/6215 5426/6298 5307/6299 5390/6220 
f 5390/6220 5307/6299 5427/6300 5526/6219 
f 5307/6299 5331/6382 5467/6381 5427/6300 
f 5426/6298 5466/6379 5331/6382 5307/6299 
f 5526/6219 5427/6300 5308/6301 5392/6224 
f 5392/6224 5308/6301 5428/6302 5528/6223 
f 5308/6301 5332/6384 5468/6383 5428/6302 
f 5427/6300 5467/6381 5332/6384 5308/6301 
f 5528/6223 5428/6302 5309/6303 5394/6228 
f 5394/6228 5309/6303 5429/6304 5530/6227 
f 5309/6303 5333/6386 5469/6385 5429/6304 
f 5428/6302 5468/6383 5333/6386 5309/6303 
f 5530/6227 5429/6304 5310/6305 5396/6232 
f 5396/6232 5310/6305 5430/6306 5532/6231 
f 5310/6305 5334/6388 5470/6387 5430/6306 
f 5429/6304 5469/6385 5334/6388 5310/6305 
f 5532/6231 5430/6306 5305/6307 5398/6234 
f 5398/6234 5305/6307 5423/6292 5521/6206 
f 5305/6307 5329/6389 5464/6375 5423/6292 
f 5430/6306 5470/6387 5329/6389 5305/6307 
f 5543/6308 5432/6311 5335/6310 5431/6309 
f 5431/6309 5335/6310 5339/6391 5471/6390 
f 5335/6310 5433/6312 5472/6392 5339/6391 
f 5432/6311 5544/6313 5433/6312 5335/6310 
f 5545/6314 5435/6317 5343/6316 5434/6315 
f 5434/6315 5343/6316 5346/6394 5473/6393 
f 5343/6316 5436/6318 5475/6398 5346/6394 
f 5435/6317 5546/6319 5436/6318 5343/6316 
f 5547/6320 5438/6323 5344/6322 5437/6321 
f 5437/6321 5344/6322 5345/6400 5476/6399 
f 5344/6322 5434/6315 5473/6393 5345/6400 
f 5438/6323 5545/6314 5434/6315 5344/6322 
f 5548/6324 5440/6327 5347/6326 5439/6325 
f 5439/6325 5347/6326 5348/6404 5478/6403 
f 5347/6326 5437/6321 5476/6399 5348/6404 
f 5440/6327 5547/6320 5437/6321 5347/6326 
f 5549/6328 5442/6331 5349/6330 5441/6329 
f 5441/6329 5349/6330 5350/6408 5480/6407 
f 5349/6330 5439/6325 5478/6403 5350/6408 
f 5442/6331 5548/6324 5439/6325 5349/6330 
f 5550/6332 5444/6335 5351/6334 5443/6333 
f 5443/6333 5351/6334 5352/6412 5482/6411 
f 5351/6334 5441/6329 5480/6407 5352/6412 
f 5444/6335 5549/6328 5441/6329 5351/6334 
f 5551/6336 5446/6339 5353/6338 5445/6337 
f 5445/6337 5353/6338 5354/6415 5456/6359 
f 5353/6338 5443/6333 5482/6411 5354/6415 
f 5446/6339 5550/6332 5443/6333 5353/6338 
f 5544/6313 5447/6341 5341/6340 5433/6312 
f 5433/6312 5341/6340 5340/6417 5472/6392 
f 5341/6340 5448/6342 5457/6361 5340/6417 
f 5447/6341 5552/6343 5448/6342 5341/6340 
f 5553/6344 5450/6347 5357/6346 5449/6345 
f 5449/6345 5357/6346 5451/6349 5554/6348 
f 5357/6346 5452/6351 5555/6350 5451/6349 
f 5450/6347 5556/6352 5452/6351 5357/6346 
f 5554/6348 5451/6349 5358/6354 5453/6353 
f 5453/6353 5358/6354 5454/6356 5557/6355 
f 5358/6354 5455/6358 5558/6357 5454/6356 
f 5451/6349 5555/6350 5455/6358 5358/6354 
f 5557/6355 5454/6356 5356/6360 5456/6359 
f 5456/6359 5356/6360 5355/6418 5445/6337 
f 5356/6360 5457/6361 5448/6342 5355/6418 
f 5454/6356 5558/6357 5457/6361 5356/6360 
f 5551/6336 5459/6364 5342/6363 5458/6362 
f 5458/6362 5342/6363 5460/6366 5559/6365 
f 5342/6363 5447/6341 5544/6313 5460/6366 
f 5459/6364 5552/6343 5447/6341 5342/6363 
f 5559/6365 5460/6366 5336/6368 5461/6367 
f 5461/6367 5336/6368 5462/6370 5546/6369 
f 5336/6368 5432/6311 5543/6308 5462/6370 
f 5460/6366 5544/6313 5432/6311 5336/6368 
f 5546/6369 5462/6370 5337/6372 5436/6371 
f 5436/6371 5337/6372 5338/6420 5475/6419 
f 5337/6372 5431/6309 5471/6390 5338/6420 
f 5462/6370 5543/6308 5431/6309 5337/6372 
f 5463/6373 5328/6374 5461/6367 5546/6369 
f 5328/6374 5464/6375 5559/6365 5461/6367 
f 5465/6376 5327/6377 5435/6317 5545/6314 
f 5327/6377 5463/6378 5546/6319 5435/6317 
f 5466/6379 5330/6380 5438/6323 5547/6320 
f 5330/6380 5465/6376 5545/6314 5438/6323 
f 5467/6381 5331/6382 5440/6327 5548/6324 
f 5331/6382 5466/6379 5547/6320 5440/6327 
f 5468/6383 5332/6384 5442/6331 5549/6328 
f 5332/6384 5467/6381 5548/6324 5442/6331 
f 5469/6385 5333/6386 5444/6335 5550/6332 
f 5333/6386 5468/6383 5549/6328 5444/6335 
f 5470/6387 5334/6388 5446/6339 5551/6336 
f 5334/6388 5469/6385 5550/6332 5446/6339 
f 5464/6375 5329/6389 5458/6362 5559/6365 
f 5329/6389 5470/6387 5551/6336 5458/6362 
f 5471/6390 5339/6391 5452/6351 5556/6352 
f 5339/6391 5472/6392 5555/6350 5452/6351 
f 5473/6393 5346/6394 5474/6396 5560/6395 
f 5346/6394 5475/6398 5553/6397 5474/6396 
f 5476/6399 5345/6400 5477/6402 5561/6401 
f 5345/6400 5473/6393 5560/6395 5477/6402 
f 5478/6403 5348/6404 5479/6406 5562/6405 
f 5348/6404 5476/6399 5561/6401 5479/6406 
f 5480/6407 5350/6408 5481/6410 5563/6409 
f 5350/6408 5478/6403 5562/6405 5481/6410 
f 5482/6411 5352/6412 5483/6414 5564/6413 
f 5352/6412 5480/6407 5563/6409 5483/6414 
f 5456/6359 5354/6415 5484/6416 5557/6355 
f 5354/6415 5482/6411 5564/6413 5484/6416 
f 5472/6392 5340/6417 5455/6358 5555/6350 
f 5340/6417 5457/6361 5558/6357 5455/6358 
f 5445/6337 5355/6418 5459/6364 5551/6336 
f 5355/6418 5448/6342 5552/6343 5459/6364 
f 5475/6419 5338/6420 5450/6347 5553/6344 
f 5338/6420 5471/6390 5556/6352 5450/6347 
f 5554/6348 5566/6423 5485/6422 5449/6345 
f 5449/6345 5485/6422 5565/6421 5553/6344 
f 5553/6397 5565/6426 5486/6425 5474/6396 
f 5474/6396 5486/6425 5567/6424 5560/6395 
f 5560/6395 5567/6424 5487/6428 5477/6402 
f 5477/6402 5487/6428 5542/6427 5561/6401 
f 5561/6401 5542/6427 5488/6430 5479/6406 
f 5479/6406 5488/6430 5568/6429 5562/6405 
f 5562/6405 5568/6429 5489/6432 5481/6410 
f 5481/6410 5489/6432 5569/6431 5563/6409 
f 5563/6409 5569/6431 5490/6434 5483/6414 
f 5483/6414 5490/6434 5570/6433 5564/6413 
f 5564/6413 5570/6433 5491/6436 5484/6416 
f 5484/6416 5491/6436 5571/6435 5557/6355 
f 5557/6355 5571/6435 5492/6437 5453/6353 
f 5453/6353 5492/6437 5566/6423 5554/6348 
f 5566/6423 5493/6439 5360/6438 5485/6422 
f 5485/6422 5360/6438 5494/6440 5565/6421 
f 5360/6438 5320/6456 5501/6455 5494/6440 
f 5493/6439 5502/6457 5320/6456 5360/6438 
f 5565/6426 5494/6442 5359/6441 5486/6425 
f 5486/6425 5359/6441 5495/6443 5567/6424 
f 5359/6441 5321/6459 5503/6458 5495/6443 
f 5494/6442 5501/6460 5321/6459 5359/6441 
f 5567/6424 5495/6443 5362/6444 5487/6428 
f 5487/6428 5362/6444 5496/6445 5542/6427 
f 5362/6444 5322/6462 5504/6461 5496/6445 
f 5495/6443 5503/6458 5322/6462 5362/6444 
f 5542/6427 5496/6445 5363/6446 5488/6430 
f 5488/6430 5363/6446 5497/6447 5568/6429 
f 5363/6446 5323/6464 5505/6463 5497/6447 
f 5496/6445 5504/6461 5323/6464 5363/6446 
f 5568/6429 5497/6447 5364/6448 5489/6432 
f 5489/6432 5364/6448 5498/6449 5569/6431 
f 5364/6448 5324/6466 5506/6465 5498/6449 
f 5497/6447 5505/6463 5324/6466 5364/6448 
f 5569/6431 5498/6449 5365/6450 5490/6434 
f 5490/6434 5365/6450 5499/6451 5570/6433 
f 5365/6450 5325/6468 5507/6467 5499/6451 
f 5498/6449 5506/6465 5325/6468 5365/6450 
f 5570/6433 5499/6451 5366/6452 5491/6436 
f 5491/6436 5366/6452 5500/6453 5571/6435 
f 5366/6452 5326/6470 5508/6469 5500/6453 
f 5499/6451 5507/6467 5326/6470 5366/6452 
f 5571/6435 5500/6453 5361/6454 5492/6437 
f 5492/6437 5361/6454 5493/6439 5566/6423 
f 5361/6454 5319/6471 5502/6457 5493/6439 
f 5500/6453 5508/6469 5319/6471 5361/6454 
f 5501/6455 5320/6456 5401/6240 5535/6241 
f 5320/6456 5502/6457 5534/6239 5401/6240 
f 5503/6458 5321/6459 5403/6246 5536/6247 
f 5321/6459 5501/6460 5535/6245 5403/6246 
f 5504/6461 5322/6462 5405/6250 5537/6251 
f 5322/6462 5503/6458 5536/6247 5405/6250 
f 5505/6463 5323/6464 5407/6254 5538/6255 
f 5323/6464 5504/6461 5537/6251 5407/6254 
f 5506/6465 5324/6466 5409/6258 5539/6259 
f 5324/6466 5505/6463 5538/6255 5409/6258 
f 5507/6467 5325/6468 5411/6262 5540/6263 
f 5325/6468 5506/6465 5539/6259 5411/6262 
f 5508/6469 5326/6470 5413/6266 5541/6267 
f 5326/6470 5507/6467 5540/6263 5413/6266 
f 5502/6457 5319/6471 5414/6269 5534/6239 
f 5319/6471 5508/6469 5541/6267 5414/6269 
# 588 polygons

#
# object 2?_????___??005
#

v  115.758820 20.958351 19.107132
v  114.802818 10.687413 20.152969
v  115.758820 10.687428 19.107132
v  114.802841 10.687427 35.013763
v  114.802841 20.958351 35.013763
v  115.759171 10.687451 35.923065
v  115.759171 20.958351 35.923004
v  114.802849 10.687426 24.910416
v  115.759171 10.687451 24.910431
v  114.802849 10.687426 30.109894
v  115.759171 10.687451 30.109894
v  114.802841 19.136845 30.109894
v  115.759171 19.136845 30.109894
v  114.802841 19.136845 24.910416
v  115.759171 19.136845 24.910431
v  114.802818 20.958351 20.152588
v  94.684013 10.687427 35.013779
v  94.684013 20.958351 35.013779
v  94.684013 20.958351 35.923004
v  94.684013 10.687451 35.923065
v  94.683861 20.958351 20.152588
v  94.683861 20.958351 19.107132
v  94.683861 10.687428 19.107132
v  94.683861 10.687413 20.152969
# 24 vertices

vt 0.401360 0.981250 0.000000
vt 0.597453 0.981250 0.000000
vt 0.750000 0.981250 0.000000
vt 0.446090 0.981250 0.000000
vt 0.500000 0.981250 0.000000
vt 0.750000 0.981250 0.000000
vt 0.500000 0.981250 0.000000
vt 0.750000 0.981250 0.000000
vt 0.500000 0.981250 0.000000
vt 0.750000 0.981250 0.000000
vt 0.500000 0.981250 0.000000
vt 0.750000 0.981250 0.000000
vt 0.750000 0.981250 0.000000
vt 0.750000 0.981250 0.000000
vt 0.500000 0.981250 0.000000
vt 0.500000 0.981250 0.000000
vt 0.500000 0.981250 0.000000
vt 0.750000 0.981250 0.000000
vt 0.500000 0.981250 0.000000
vt 0.500000 0.981250 0.000000
vt 0.500000 0.981250 0.000000
vt 0.500000 0.981250 0.000000
vt 0.750000 0.981250 0.000000
vt 0.750000 0.981250 0.000000
vt 0.750000 0.981250 0.000000
vt 0.214672 1.000000 0.000000
vt 0.682005 0.000004 0.000000
vt 0.682006 1.000000 0.000000
vt 0.000001 0.785328 0.000000
vt 0.999999 0.317993 0.000000
vt 0.999999 0.785327 0.000000
vt 0.785327 1.000000 0.000000
vt 0.317994 0.000004 0.000000
vt 0.785329 0.000007 0.000000
vt 0.500000 0.981250 0.000000
vt 0.750000 0.981250 0.000000
vt 0.750000 0.981250 0.000000
vt 0.750000 0.981250 0.000000
vt 0.500000 0.981250 0.000000
vt 0.500000 0.981250 0.000000
vt 0.500000 0.981250 0.000000
vt 0.500000 0.981250 0.000000
vt 0.750000 0.981250 0.000000
vt 0.750000 0.981250 0.000000
vt 0.750000 0.981250 0.000000
vt 0.750000 0.981250 0.000000
vt 0.750000 0.981250 0.000000
vt 0.214670 0.000007 0.000000
vt -0.000001 0.317994 0.000000
vt 0.317993 1.000000 0.000000
vt 0.500000 0.981250 0.000000
vt 0.500000 0.981250 0.000000
vt 0.597453 0.981250 0.000000
vt 0.401360 0.981250 0.000000
vt 0.446090 0.981250 0.000000
vt 0.750000 0.981250 0.000000
vt 0.500000 0.981250 0.000000
vt 0.500000 0.981250 0.000000
vt 0.750000 0.981250 0.000000
vt 0.750000 0.981250 0.000000
vt 0.500000 0.981250 0.000000
vt 0.750000 0.981250 0.000000
vt 0.750000 0.981250 0.000000
vt 0.500000 0.981250 0.000000
vt 0.500000 0.981250 0.000000
vt 0.750000 0.981250 0.000000
# 66 texture coords

o 2?_????___??005
g 2?_????___??005
f 5580/6472 5601/6525 5600/6524 5595/6473 
f 5581/6474 5603/6527 5602/6526 5582/6475 
f 5596/6528 5597/6529 5584/6506 5583/6476 
f 5586/6484 5580/6483 5595/6522 5584/6482 
f 5587/6487 5581/6486 5582/6508 5588/6485 
f 5589/6490 5590/6489 5585/6509 5583/6488 
f 5593/6499 5587/6498 5588/6519 5594/6497 
f 5592/6502 5591/6501 5593/6520 5594/6500 
f 5590/6505 5589/6504 5591/6521 5592/6503 
f 5587/6512 5593/6511 5595/6523 5581/6510 
f 5588/6516 5582/6515 5580/6517 5594/6514 
f 5580/6517 5586/6496 5592/6494 5594/6514 
f 5593/6511 5591/6491 5584/6513 5595/6523 
f 5586/6496 5585/6495 5590/6518 5592/6494 
f 5591/6491 5589/6493 5583/6492 5584/6513 
f 5600/6524 5603/6532 5581/6510 5595/6473 
f 5599/6531 5585/6507 5586/6479 5598/6530 
f 5599/6534 5596/6535 5583/6478 5585/6477 
f 5597/6536 5598/6537 5586/6481 5584/6480 
f 5602/6526 5601/6533 5580/6517 5582/6475 
# 20 polygons

#
# object ???012
#

v  114.803177 19.140760 24.917431
v  115.093132 19.140760 24.917431
v  115.093132 19.140762 30.110386
v  114.803177 19.140760 30.109161
v  114.803177 10.688331 24.917431
v  114.803177 10.688333 30.109161
v  115.093132 10.688328 24.917431
v  115.093132 10.688329 30.110386
v  114.784241 17.379021 30.156456
v  114.815941 17.379021 30.143326
v  114.829071 17.379021 30.111622
v  114.815941 17.379021 30.079920
v  114.784241 17.379021 30.066788
v  114.752533 17.379021 30.079920
v  114.739403 17.379021 30.111622
v  114.752533 17.379021 30.143326
v  114.784241 17.940809 30.156456
v  114.815941 17.940809 30.143326
v  114.829071 17.940809 30.111622
v  114.815941 17.940809 30.079920
v  114.784241 17.940809 30.066788
v  114.752533 17.940809 30.079920
v  114.739403 17.940809 30.111622
v  114.752533 17.940809 30.143326
v  114.784241 16.175558 30.156456
v  114.815941 16.175558 30.143326
v  114.829071 16.175558 30.111622
v  114.815941 16.175558 30.079920
v  114.784241 16.175558 30.066788
v  114.752533 16.175558 30.079920
v  114.739403 16.175558 30.111622
v  114.752533 16.175558 30.143326
v  114.784241 16.737349 30.156456
v  114.815941 16.737349 30.143326
v  114.829071 16.737349 30.111622
v  114.815941 16.737349 30.079920
v  114.784241 16.737349 30.066788
v  114.752533 16.737349 30.079920
v  114.739403 16.737349 30.111622
v  114.752533 16.737349 30.143326
v  114.784241 12.014170 30.156456
v  114.815941 12.014170 30.143326
v  114.829071 12.014170 30.111622
v  114.815941 12.014170 30.079920
v  114.784241 12.014170 30.066788
v  114.752533 12.014170 30.079920
v  114.739403 12.014170 30.111622
v  114.752533 12.014170 30.143326
v  114.784241 12.575960 30.156456
v  114.815941 12.575960 30.143326
v  114.829071 12.575960 30.111622
v  114.815941 12.575960 30.079920
v  114.784241 12.575960 30.066788
v  114.752533 12.575960 30.079920
v  114.739403 12.575960 30.111622
v  114.752533 12.575960 30.143326
v  114.734909 14.796040 25.594414
v  114.734909 14.696488 25.693964
v  114.734909 14.555703 25.693964
v  114.734909 14.796040 25.453629
v  114.734909 14.696488 25.354078
v  114.734909 14.555703 25.354078
v  114.734909 14.456154 25.453629
v  114.734909 14.456154 25.594414
v  114.733383 14.713211 25.560104
v  114.733383 14.662181 25.611137
v  114.733383 14.590012 25.611137
v  114.733383 14.713211 25.487936
v  114.733383 14.662181 25.436905
v  114.733383 14.590012 25.436905
v  114.733383 14.538980 25.487936
v  114.733383 14.538980 25.560104
v  114.590828 14.639219 25.555702
v  114.590828 14.657778 25.537144
v  114.590828 14.657778 25.510899
v  114.590828 14.639219 25.492340
v  114.590828 14.612973 25.492340
v  114.590828 14.594414 25.510899
v  114.590828 14.594414 25.537144
v  114.590828 14.612973 25.555702
v  114.597961 14.606411 25.571545
v  114.597961 14.645781 25.571545
v  114.597961 14.673619 25.543705
v  114.597961 14.673619 25.504337
v  114.597961 14.645781 25.476498
v  114.597961 14.606411 25.476498
v  114.597961 14.578573 25.504337
v  114.597961 14.578573 25.543705
v  114.715340 14.713211 25.560104
v  114.715340 14.662181 25.611137
v  114.715340 14.590012 25.611137
v  114.715340 14.713211 25.487936
v  114.715340 14.662181 25.436905
v  114.715340 14.590012 25.436905
v  114.715340 14.538980 25.487936
v  114.715340 14.538980 25.560104
v  114.678627 14.662181 26.046371
v  114.698387 14.662181 25.828754
v  114.678627 14.698265 25.813808
v  114.639099 14.698265 25.813808
v  114.639099 14.662181 26.046371
v  114.639099 14.590012 26.046371
v  114.678627 14.590012 26.046371
v  114.698387 14.590012 25.828754
v  114.678627 14.713211 25.560104
v  114.678627 14.713211 25.487936
v  114.639099 14.713211 25.487936
v  114.639099 14.713211 25.560104
v  114.678627 14.662181 25.436905
v  114.639099 14.662181 25.436905
v  114.678627 14.590012 25.436905
v  114.639099 14.590012 25.436905
v  114.678627 14.538980 25.487936
v  114.639099 14.538980 25.487936
v  114.678627 14.538980 25.560104
v  114.639099 14.538980 25.560104
v  114.678627 14.553927 25.813808
v  114.639099 14.553927 25.813808
v  114.619339 14.662181 25.828754
v  114.619339 14.590012 25.828754
v  114.612213 14.673619 25.543705
v  114.612213 14.645781 25.571545
v  114.612213 14.606411 25.571545
v  114.612213 14.673619 25.504337
v  114.612213 14.645781 25.476498
v  114.612213 14.606411 25.476498
v  114.612213 14.578573 25.504337
v  114.612213 14.578573 25.543705
v  114.807434 14.698265 25.698252
v  114.744247 14.697821 25.697180
v  114.807434 14.800326 25.596189
v  114.744247 14.799255 25.595745
v  114.807434 14.800326 25.451853
v  114.744247 14.799255 25.452297
v  114.807434 14.698265 25.349791
v  114.744247 14.697821 25.350863
v  114.807434 14.553927 25.349791
v  114.744247 14.554371 25.350863
v  114.807434 14.451865 25.451853
v  114.744247 14.452937 25.452297
v  114.807434 14.451865 25.596189
v  114.744247 14.452937 25.595745
v  114.807434 14.553927 25.698252
v  114.744247 14.554371 25.697180
v  114.734581 14.691090 25.680931
v  114.734192 14.666247 25.620955
v  114.734581 14.783005 25.589016
v  114.734192 14.723029 25.564173
v  114.734581 14.783005 25.459026
v  114.734192 14.723029 25.483870
v  114.734581 14.691090 25.367111
v  114.734192 14.666247 25.427088
v  114.734581 14.561101 25.367111
v  114.734192 14.585944 25.427088
v  114.734581 14.469187 25.459026
v  114.734192 14.529163 25.483870
v  114.734581 14.469187 25.589016
v  114.734192 14.529163 25.564173
v  114.734581 14.561101 25.680931
v  114.734192 14.585944 25.620955
v  114.590828 14.626097 25.555473
v  114.590828 14.648335 25.546261
v  114.593391 14.643418 25.565842
v  114.590828 14.657547 25.524021
v  114.593391 14.667916 25.541344
v  114.590828 14.648335 25.501781
v  114.593391 14.667916 25.506699
v  114.590828 14.626097 25.492569
v  114.593391 14.643418 25.482201
v  114.590828 14.603857 25.501781
v  114.593391 14.608774 25.482201
v  114.590828 14.594644 25.524021
v  114.593391 14.584276 25.506699
v  114.590828 14.603857 25.546261
v  114.593391 14.584276 25.541344
v  114.593391 14.608774 25.565842
v  114.734909 14.756573 25.654497
v  114.734909 14.626097 25.708542
v  114.734909 14.810617 25.524021
v  114.734909 14.756573 25.393545
v  114.734909 14.626097 25.339499
v  114.734909 14.495620 25.393545
v  114.734909 14.441574 25.524021
v  114.734909 14.495620 25.654497
v  114.733383 14.626097 25.618610
v  114.733383 14.692981 25.590906
v  114.733383 14.720685 25.524021
v  114.733383 14.692981 25.457136
v  114.733383 14.626097 25.429432
v  114.733383 14.559211 25.457136
v  114.733383 14.531507 25.524021
v  114.733383 14.559211 25.590906
v  114.678627 14.689244 25.980757
v  114.693443 14.662181 25.991968
v  114.678627 14.626097 26.053844
v  114.678627 14.720685 25.524021
v  114.697685 14.713211 25.560104
v  114.678627 14.702002 25.641573
v  114.678627 14.692981 25.457136
v  114.697685 14.713211 25.487936
v  114.678627 14.626097 25.429432
v  114.697685 14.662181 25.436905
v  114.678627 14.559211 25.457136
v  114.697685 14.590012 25.436905
v  114.678627 14.531507 25.524021
v  114.697685 14.538980 25.487936
v  114.678627 14.550190 25.641573
v  114.697685 14.538980 25.560104
v  114.693443 14.590012 25.991968
v  114.678627 14.562948 25.980757
v  114.619339 14.660130 25.660591
v  114.624283 14.689244 25.817545
v  114.619339 14.626097 25.836227
v  114.624283 14.662181 25.991968
v  114.619339 14.592062 25.660591
v  114.624283 14.562948 25.817545
v  114.624283 14.590012 25.991968
v  114.639099 14.550190 25.641573
v  114.639099 14.562948 25.980757
v  114.702621 14.590012 25.665541
v  114.693443 14.562948 25.817545
v  114.698387 14.626097 25.836227
v  114.702621 14.662181 25.665541
v  114.693443 14.689244 25.817545
v  114.715340 14.692981 25.590906
v  114.715340 14.626097 25.618610
v  114.715340 14.720685 25.524021
v  114.715340 14.692981 25.457136
v  114.715340 14.626097 25.429432
v  114.715340 14.559211 25.457136
v  114.715340 14.531507 25.524021
v  114.715340 14.559211 25.590906
v  114.639099 14.689244 25.980757
v  114.639099 14.626097 26.053844
v  114.639099 14.720685 25.524021
v  114.624283 14.708262 25.558056
v  114.639099 14.702002 25.641573
v  114.639099 14.692981 25.457136
v  114.624283 14.708262 25.489986
v  114.639099 14.626097 25.429432
v  114.624283 14.660130 25.441854
v  114.639099 14.559211 25.457136
v  114.624283 14.592062 25.441854
v  114.639099 14.531507 25.524021
v  114.624283 14.543929 25.489986
v  114.624283 14.543929 25.558056
v  114.617554 14.647830 25.576492
v  114.617554 14.678568 25.545755
v  114.617554 14.678568 25.502287
v  114.617554 14.647830 25.471550
v  114.617554 14.604362 25.471550
v  114.617554 14.573625 25.502287
v  114.617554 14.573625 25.545755
v  114.617554 14.604362 25.576492
v  114.612213 14.626097 25.575621
v  114.612213 14.662582 25.560507
v  114.612213 14.677696 25.524021
v  114.612213 14.662582 25.487534
v  114.612213 14.626097 25.472422
v  114.612213 14.589610 25.487534
v  114.612213 14.574496 25.524021
v  114.612213 14.589610 25.560507
v  114.597961 14.662582 25.560507
v  114.597961 14.626097 25.575621
v  114.597961 14.677696 25.524021
v  114.597961 14.662582 25.487534
v  114.597961 14.626097 25.472422
v  114.597961 14.589610 25.487534
v  114.597961 14.574496 25.524021
v  114.597961 14.589610 25.560507
v  114.734581 14.626097 25.353651
v  114.744247 14.759041 25.656967
v  114.744247 14.626097 25.712034
v  114.744247 14.814109 25.524021
v  114.744247 14.759041 25.391075
v  114.744247 14.626097 25.336008
v  114.744247 14.493151 25.391075
v  114.744247 14.438083 25.524021
v  114.744247 14.493151 25.656967
v  114.734581 14.626097 25.694391
v  114.734581 14.746566 25.644491
v  114.734192 14.700518 25.598442
v  114.734192 14.626097 25.629269
v  114.734581 14.796466 25.524021
v  114.734192 14.731344 25.524021
v  114.734581 14.746566 25.403551
v  114.734192 14.700518 25.449598
v  114.734192 14.626097 25.418774
v  114.734581 14.505625 25.403551
v  114.734192 14.551674 25.449598
v  114.734581 14.455726 25.524021
v  114.734192 14.520847 25.524021
v  114.734581 14.505625 25.644491
v  114.734192 14.551674 25.598442
v  114.590828 14.626097 25.524021
v  114.592613 14.626097 25.570160
v  114.592613 14.658722 25.556646
v  114.592613 14.672235 25.524021
v  114.592613 14.658722 25.491396
v  114.592613 14.626097 25.477880
v  114.592613 14.593471 25.491396
v  114.592613 14.579956 25.524021
v  114.592613 14.593471 25.556646
v  114.617554 14.666382 25.483734
v  114.689606 14.682226 25.941349
v  114.693443 14.626097 25.999441
v  114.697685 14.720685 25.524021
v  114.697937 14.694883 25.627626
v  114.697685 14.692981 25.457136
v  114.697685 14.626097 25.429432
v  114.697685 14.559211 25.457136
v  114.697685 14.531507 25.524021
v  114.697937 14.557309 25.627626
v  114.689606 14.569964 25.941349
v  114.622498 14.692451 25.625195
v  114.619339 14.626097 25.667641
v  114.624283 14.626097 25.999441
v  114.628120 14.682226 25.941349
v  114.622498 14.559741 25.625195
v  114.628120 14.569964 25.941349
v  114.702621 14.626097 25.673014
v  114.624283 14.715311 25.524021
v  114.624283 14.689180 25.460936
v  114.624283 14.626097 25.434807
v  114.624283 14.563011 25.460936
v  114.624283 14.536880 25.524021
v  114.617554 14.666382 25.564308
v  114.617554 14.626097 25.580994
v  114.617554 14.683069 25.524021
v  114.617554 14.626097 25.467047
v  114.617554 14.585810 25.483734
v  114.617554 14.569122 25.524021
v  114.617554 14.585810 25.564308
v  114.807434 14.759864 25.657789
v  114.807434 14.815273 25.524021
v  114.807434 14.759864 25.390253
v  114.807434 14.626097 25.334843
v  114.807434 14.492328 25.390253
v  114.807434 14.492328 25.657789
v  114.807434 14.436918 25.524021
v  114.807434 14.626097 25.713200
v  115.160782 14.796040 25.594414
v  115.160782 14.696488 25.693964
v  115.160782 14.555704 25.693964
v  115.160782 14.796040 25.453629
v  115.160782 14.696488 25.354078
v  115.160782 14.555703 25.354078
v  115.160782 14.456154 25.453629
v  115.160782 14.456154 25.594414
v  115.162308 14.713212 25.560106
v  115.162308 14.662181 25.611137
v  115.162308 14.590012 25.611137
v  115.162308 14.713212 25.487938
v  115.162308 14.662181 25.436907
v  115.162308 14.590012 25.436907
v  115.162308 14.538980 25.487938
v  115.162308 14.538980 25.560106
v  115.304863 14.639219 25.555704
v  115.304863 14.657778 25.537146
v  115.304863 14.657778 25.510899
v  115.304863 14.639219 25.492340
v  115.304863 14.612973 25.492340
v  115.304863 14.594414 25.510899
v  115.304863 14.594414 25.537146
v  115.304863 14.612973 25.555704
v  115.297737 14.606411 25.571545
v  115.297737 14.645781 25.571545
v  115.297737 14.673619 25.543707
v  115.297737 14.673619 25.504337
v  115.297737 14.645781 25.476500
v  115.297737 14.606411 25.476500
v  115.297737 14.578573 25.504337
v  115.297737 14.578573 25.543707
v  115.180351 14.713212 25.560106
v  115.180351 14.662181 25.611137
v  115.180351 14.590012 25.611137
v  115.180351 14.713212 25.487938
v  115.180351 14.662181 25.436907
v  115.180351 14.590012 25.436907
v  115.180351 14.538980 25.487938
v  115.180351 14.538980 25.560106
v  115.217064 14.662181 26.046373
v  115.197304 14.662181 25.828754
v  115.217064 14.698265 25.813808
v  115.256592 14.698265 25.813808
v  115.256592 14.662181 26.046373
v  115.256592 14.590012 26.046373
v  115.217064 14.590012 26.046373
v  115.197304 14.590012 25.828754
v  115.217064 14.713212 25.560106
v  115.217064 14.713212 25.487938
v  115.256592 14.713212 25.487938
v  115.256592 14.713212 25.560106
v  115.217064 14.662181 25.436907
v  115.256592 14.662181 25.436907
v  115.217064 14.590012 25.436907
v  115.256592 14.590012 25.436907
v  115.217064 14.538980 25.487938
v  115.256592 14.538980 25.487938
v  115.217064 14.538980 25.560106
v  115.256592 14.538980 25.560106
v  115.217064 14.553927 25.813808
v  115.256592 14.553927 25.813808
v  115.276352 14.662181 25.828754
v  115.276352 14.590012 25.828754
v  115.283478 14.673619 25.543707
v  115.283478 14.645781 25.571545
v  115.283478 14.606411 25.571545
v  115.283478 14.673619 25.504337
v  115.283478 14.645781 25.476500
v  115.283478 14.606411 25.476500
v  115.283478 14.578573 25.504337
v  115.283478 14.578573 25.543707
v  115.088257 14.698265 25.698254
v  115.151443 14.697821 25.697182
v  115.088257 14.800326 25.596191
v  115.151443 14.799255 25.595747
v  115.088257 14.800326 25.451853
v  115.151443 14.799255 25.452297
v  115.088257 14.698265 25.349791
v  115.151443 14.697821 25.350863
v  115.088257 14.553927 25.349791
v  115.151443 14.554371 25.350863
v  115.088257 14.451865 25.451853
v  115.151443 14.452937 25.452297
v  115.088257 14.451865 25.596191
v  115.151443 14.452937 25.595747
v  115.088257 14.553927 25.698254
v  115.151443 14.554371 25.697182
v  115.161118 14.691090 25.680931
v  115.161499 14.666247 25.620955
v  115.161118 14.783005 25.589016
v  115.161499 14.723029 25.564173
v  115.161118 14.783005 25.459028
v  115.161499 14.723029 25.483871
v  115.161118 14.691090 25.367113
v  115.161499 14.666247 25.427090
v  115.161118 14.561101 25.367113
v  115.161499 14.585944 25.427090
v  115.161118 14.469187 25.459028
v  115.161499 14.529163 25.483871
v  115.161118 14.469187 25.589016
v  115.161499 14.529163 25.564173
v  115.161118 14.561101 25.680931
v  115.161499 14.585944 25.620955
v  115.304863 14.626097 25.555473
v  115.304863 14.648335 25.546261
v  115.302299 14.643419 25.565842
v  115.304863 14.657547 25.524021
v  115.302299 14.667916 25.541344
v  115.304863 14.648335 25.501783
v  115.302299 14.667916 25.506699
v  115.304863 14.626097 25.492571
v  115.302299 14.643419 25.482203
v  115.304863 14.603857 25.501783
v  115.302299 14.608774 25.482203
v  115.304863 14.594644 25.524021
v  115.302299 14.584276 25.506699
v  115.304863 14.603857 25.546261
v  115.302299 14.584276 25.541344
v  115.302299 14.608774 25.565842
v  115.160782 14.756573 25.654499
v  115.160782 14.626097 25.708544
v  115.160782 14.810617 25.524021
v  115.160782 14.756573 25.393545
v  115.160782 14.626097 25.339500
v  115.160782 14.495620 25.393545
v  115.160782 14.441574 25.524021
v  115.160782 14.495620 25.654499
v  115.162308 14.626097 25.618610
v  115.162308 14.692981 25.590906
v  115.162308 14.720685 25.524021
v  115.162308 14.692981 25.457138
v  115.162308 14.626097 25.429434
v  115.162308 14.559211 25.457138
v  115.162308 14.531507 25.524021
v  115.162308 14.559211 25.590906
v  115.217064 14.689244 25.980759
v  115.202240 14.662181 25.991968
v  115.217064 14.626097 26.053846
v  115.217064 14.720685 25.524021
v  115.198006 14.713212 25.560106
v  115.217064 14.702002 25.641575
v  115.217064 14.692981 25.457138
v  115.198006 14.713212 25.487938
v  115.217064 14.626097 25.429434
v  115.198006 14.662181 25.436907
v  115.217064 14.559211 25.457138
v  115.198006 14.590012 25.436907
v  115.217064 14.531507 25.524021
v  115.198006 14.538980 25.487938
v  115.217064 14.550190 25.641575
v  115.198006 14.538980 25.560106
v  115.202248 14.590012 25.991968
v  115.217064 14.562948 25.980759
v  115.276352 14.660130 25.660593
v  115.271408 14.689244 25.817545
v  115.276352 14.626097 25.836227
v  115.271408 14.662181 25.991968
v  115.276352 14.592062 25.660593
v  115.271408 14.562948 25.817545
v  115.271408 14.590012 25.991968
v  115.256592 14.550190 25.641575
v  115.256592 14.562948 25.980759
v  115.193069 14.590012 25.665543
v  115.202248 14.562948 25.817545
v  115.197304 14.626097 25.836227
v  115.193069 14.662181 25.665543
v  115.202240 14.689244 25.817545
v  115.180351 14.692981 25.590906
v  115.180351 14.626097 25.618610
v  115.180351 14.720685 25.524021
v  115.180351 14.692981 25.457138
v  115.180351 14.626097 25.429434
v  115.180351 14.559211 25.457138
v  115.180351 14.531507 25.524021
v  115.180351 14.559211 25.590906
v  115.256592 14.689244 25.980759
v  115.256592 14.626097 26.053846
v  115.256592 14.720685 25.524021
v  115.271408 14.708262 25.558056
v  115.256592 14.702002 25.641575
v  115.256592 14.692981 25.457138
v  115.271408 14.708262 25.489988
v  115.256592 14.626097 25.429434
v  115.271408 14.660130 25.441856
v  115.256592 14.559211 25.457138
v  115.271408 14.592062 25.441856
v  115.256592 14.531507 25.524021
v  115.271408 14.543929 25.489988
v  115.271408 14.543929 25.558056
v  115.278137 14.647830 25.576494
v  115.278137 14.678568 25.545757
v  115.278137 14.678568 25.502287
v  115.278137 14.647830 25.471550
v  115.278137 14.604362 25.471550
v  115.278137 14.573625 25.502287
v  115.278137 14.573625 25.545757
v  115.278137 14.604362 25.576494
v  115.283478 14.626097 25.575623
v  115.283478 14.662582 25.560509
v  115.283478 14.677696 25.524021
v  115.283478 14.662582 25.487535
v  115.283478 14.626097 25.472422
v  115.283478 14.589610 25.487535
v  115.283478 14.574496 25.524021
v  115.283478 14.589610 25.560509
v  115.297737 14.662582 25.560509
v  115.297737 14.626097 25.575623
v  115.297737 14.677696 25.524021
v  115.297737 14.662582 25.487535
v  115.297737 14.626097 25.472422
v  115.297737 14.589610 25.487535
v  115.297737 14.574496 25.524021
v  115.297737 14.589610 25.560509
v  115.161118 14.626097 25.353653
v  115.151443 14.759041 25.656967
v  115.151443 14.626097 25.712036
v  115.151443 14.814109 25.524021
v  115.151443 14.759041 25.391077
v  115.151443 14.626097 25.336008
v  115.151443 14.493151 25.391077
v  115.151443 14.438083 25.524021
v  115.151443 14.493151 25.656967
v  115.161118 14.626097 25.694391
v  115.161118 14.746566 25.644491
v  115.161499 14.700518 25.598444
v  115.161499 14.626097 25.629271
v  115.161118 14.796466 25.524021
v  115.161499 14.731344 25.524021
v  115.161118 14.746566 25.403551
v  115.161499 14.700518 25.449600
v  115.161499 14.626097 25.418774
v  115.161118 14.505625 25.403551
v  115.161499 14.551674 25.449600
v  115.161118 14.455726 25.524021
v  115.161499 14.520847 25.524021
v  115.161118 14.505625 25.644491
v  115.161499 14.551674 25.598444
v  115.304863 14.626097 25.524021
v  115.303085 14.626097 25.570162
v  115.303085 14.658722 25.556648
v  115.303085 14.672236 25.524021
v  115.303085 14.658722 25.491396
v  115.303085 14.626097 25.477882
v  115.303085 14.593471 25.491396
v  115.303085 14.579956 25.524021
v  115.303085 14.593471 25.556648
v  115.278137 14.666382 25.483736
v  115.206085 14.682226 25.941351
v  115.202248 14.626097 25.999441
v  115.198006 14.720685 25.524021
v  115.197754 14.694883 25.627628
v  115.198006 14.692981 25.457138
v  115.198006 14.626097 25.429434
v  115.198006 14.559211 25.457138
v  115.198006 14.531507 25.524021
v  115.197754 14.557309 25.627628
v  115.206085 14.569964 25.941351
v  115.273186 14.692451 25.625196
v  115.276352 14.626097 25.667641
v  115.271408 14.626097 25.999441
v  115.267570 14.682226 25.941351
v  115.273186 14.559741 25.625196
v  115.267570 14.569964 25.941351
v  115.193069 14.626097 25.673016
v  115.271408 14.715311 25.524021
v  115.271408 14.689180 25.460938
v  115.271408 14.626097 25.434807
v  115.271408 14.563011 25.460938
v  115.271408 14.536881 25.524021
v  115.278137 14.666382 25.564308
v  115.278137 14.626097 25.580996
v  115.278137 14.683069 25.524021
v  115.278137 14.626097 25.467049
v  115.278137 14.585810 25.483736
v  115.278137 14.569123 25.524021
v  115.278137 14.585810 25.564308
v  115.088257 14.759864 25.657791
v  115.088257 14.815273 25.524021
v  115.088257 14.759864 25.390253
v  115.088257 14.626097 25.334845
v  115.088257 14.492328 25.390253
v  115.088257 14.492328 25.657791
v  115.088257 14.436918 25.524021
v  115.088257 14.626097 25.713200
# 626 vertices

vt 0.250000 0.000000 0.000000
vt 0.250000 0.031250 0.000000
vt 0.750000 0.031250 0.000000
vt 0.750000 0.000000 0.000000
vt 0.125000 0.000000 0.000000
vt 0.500000 0.000000 0.000000
vt 0.140625 0.031250 0.000000
vt 0.531250 0.031250 0.000000
vt 0.750000 0.000000 1.000000
vt 0.875000 0.000000 1.000000
vt 0.000000 0.000000 1.000000
vt 0.125000 0.000000 1.000000
vt 0.250000 0.000000 1.000000
vt 0.375000 0.000000 1.000000
vt 0.500000 0.000000 1.000000
vt 0.625000 0.000000 1.000000
vt 0.750000 1.000000 1.000000
vt 0.875000 1.000000 1.000000
vt 0.000000 1.000000 1.000000
vt 0.125000 1.000000 1.000000
vt 0.250000 1.000000 1.000000
vt 0.375000 1.000000 1.000000
vt 0.500000 1.000000 1.000000
vt 0.625000 1.000000 1.000000
vt -0.125000 0.000000 1.000000
vt -0.125000 1.000000 1.000000
vt 0.780330 0.000000 0.414214
vt 0.521447 0.000000 -0.414214
vt 0.250000 0.000000 -1.000000
vt 0.125000 0.000000 -1.000000
vt 0.219670 0.000000 -0.414214
vt 0.478553 0.000000 0.414213
vt 0.780330 1.000000 0.414214
vt 0.521447 1.000000 -0.414213
vt 0.250000 1.000000 -1.000000
vt 0.125000 1.000000 -1.000000
vt 0.219670 1.000000 -0.414214
vt 0.750000 0.000000 1.000000
vt 0.875000 0.000000 1.000000
vt 0.000000 0.000000 1.000000
vt 0.125000 0.000000 1.000000
vt 0.250000 0.000000 1.000000
vt 0.375000 0.000000 1.000000
vt 0.500000 0.000000 1.000000
vt 0.625000 0.000000 1.000000
vt 0.750000 1.000000 1.000000
vt 0.875000 1.000000 1.000000
vt 0.000000 1.000000 1.000000
vt 0.125000 1.000000 1.000000
vt 0.250000 1.000000 1.000000
vt 0.375000 1.000000 1.000000
vt 0.500000 1.000000 1.000000
vt 0.625000 1.000000 1.000000
vt -0.125000 0.000000 1.000000
vt -0.125000 1.000000 1.000000
vt 0.780330 0.000000 0.414214
vt 0.521447 0.000000 -0.414214
vt 0.250000 0.000000 -1.000000
vt 0.125000 0.000000 -1.000000
vt 0.219670 0.000000 -0.414214
vt 0.478553 0.000000 0.414213
vt 0.780330 1.000000 0.414214
vt 0.521447 1.000000 -0.414213
vt 0.250000 1.000000 -1.000000
vt 0.125000 1.000000 -1.000000
vt 0.219670 1.000000 -0.414214
vt 0.750000 0.000000 1.000000
vt 0.875000 0.000000 1.000000
vt 0.000000 0.000000 1.000000
vt 0.125000 0.000000 1.000000
vt 0.250000 0.000000 1.000000
vt 0.375000 0.000000 1.000000
vt 0.500000 0.000000 1.000000
vt 0.625000 0.000000 1.000000
vt 0.750000 1.000000 1.000000
vt 0.875000 1.000000 1.000000
vt 0.000000 1.000000 1.000000
vt 0.125000 1.000000 1.000000
vt 0.250000 1.000000 1.000000
vt 0.375000 1.000000 1.000000
vt 0.500000 1.000000 1.000000
vt 0.625000 1.000000 1.000000
vt -0.125000 0.000000 1.000000
vt -0.125000 1.000000 1.000000
vt 0.780330 0.000000 0.414214
vt 0.521447 0.000000 -0.414214
vt 0.250000 0.000000 -1.000000
vt 0.125000 0.000000 -1.000000
vt 0.219670 0.000000 -0.414214
vt 0.478553 0.000000 0.414213
vt 0.780330 1.000000 0.414214
vt 0.521447 1.000000 -0.414213
vt 0.250000 1.000000 -1.000000
vt 0.125000 1.000000 -1.000000
vt 0.219670 1.000000 -0.414214
vt 0.750000 0.000000 1.000000
vt 0.812500 0.000000 1.000000
vt 0.875000 0.000000 1.000000
vt 0.875000 0.987854 1.000000
vt 0.812500 0.865890 0.993847
vt 0.750000 0.865890 0.993847
vt -0.125000 0.000000 1.000000
vt -0.062500 0.000000 1.000000
vt 0.000000 0.000000 1.000000
vt 0.000000 0.987854 1.000000
vt -0.062500 0.987854 1.000000
vt -0.125000 0.987854 1.000000
vt 0.062500 0.000000 1.000000
vt 0.125000 0.000000 1.000000
vt 0.125000 0.865890 0.993847
vt 0.062500 0.865890 0.993847
vt 0.187500 0.000000 1.000000
vt 0.250000 0.000000 1.000000
vt 0.250000 0.865890 0.993847
vt 0.187500 0.865890 0.993847
vt 0.312500 0.000000 1.000000
vt 0.375000 0.000000 1.000000
vt 0.375000 0.865890 0.993847
vt 0.312500 0.865890 0.993847
vt 0.437500 0.000000 1.000000
vt 0.500000 0.000000 1.000000
vt 0.500000 0.865890 0.993847
vt 0.437500 0.865890 0.993847
vt 0.562500 0.000000 1.000000
vt 0.625000 0.000000 1.000000
vt 0.625000 0.865890 0.993847
vt 0.562500 0.865890 0.993847
vt 0.687500 0.000000 1.000000
vt 0.687500 0.865890 0.993847
vt 0.750000 0.998482 0.900582
vt 0.812500 0.998482 0.900582
vt 0.875000 1.000000 0.950777
vt 0.875000 1.000000 0.556347
vt 0.812500 1.000000 0.556347
vt 0.750000 1.000000 0.556347
vt -0.125000 1.000000 0.950777
vt -0.062500 0.997977 0.899823
vt 0.000000 1.000000 0.950777
vt 0.000000 1.000000 0.556347
vt -0.062500 1.000000 0.556347
vt -0.125000 1.000000 0.556347
vt 0.062500 0.998482 0.900582
vt 0.125000 0.998482 0.900582
vt 0.125000 1.000000 0.556347
vt 0.062500 1.000000 0.556347
vt 0.187500 0.998482 0.900582
vt 0.250000 0.998482 0.900582
vt 0.250000 1.000000 0.556347
vt 0.187500 1.000000 0.556347
vt 0.312500 0.998482 0.900582
vt 0.375000 0.998482 0.900582
vt 0.375000 1.000000 0.556347
vt 0.312500 1.000000 0.556347
vt 0.437500 0.998482 0.900582
vt 0.500000 0.998482 0.900582
vt 0.500000 1.000000 0.556347
vt 0.437500 1.000000 0.556347
vt 0.562500 0.998482 0.900582
vt 0.625000 0.998482 0.900582
vt 0.625000 1.000000 0.556347
vt 0.562500 1.000000 0.556347
vt 0.687500 0.998482 0.900582
vt 0.687500 1.000000 0.556347
vt 0.500000 1.000000 0.104167
vt 0.645833 1.000000 0.291667
vt 0.708333 1.000000 0.333333
vt 0.687500 1.000000 0.291667
vt 0.723958 1.000000 0.447917
vt 0.786458 1.000000 0.458333
vt 0.875000 1.000000 0.447917
vt 0.187500 1.000000 0.291667
vt 0.125000 1.000000 0.333333
vt 0.208333 1.000000 0.291667
vt -0.125000 1.000000 0.447917
vt -0.015625 1.000000 0.458333
vt 0.052083 1.000000 0.447917
vt 0.208333 1.000000 0.333333
vt 0.281250 1.000000 0.291667
vt 0.098958 1.000000 0.458333
vt 0.164063 1.000000 0.447917
vt 0.291667 1.000000 0.333333
vt 0.354167 1.000000 0.291667
vt 0.213542 1.000000 0.458333
vt 0.276042 1.000000 0.447917
vt 0.375000 1.000000 0.333333
vt 0.427083 1.000000 0.291667
vt 0.328125 1.000000 0.458333
vt 0.388021 1.000000 0.447917
vt 0.458333 1.000000 0.333333
vt 0.500000 1.000000 0.291667
vt 0.442708 1.000000 0.458333
vt 0.500000 1.000000 0.447917
vt 0.541667 1.000000 0.333333
vt 0.572917 1.000000 0.291667
vt 0.557292 1.000000 0.458333
vt 0.611979 1.000000 0.447917
vt 0.625000 1.000000 0.333333
vt 0.671875 1.000000 0.458333
vt 0.875000 0.993927 0.975388
vt 0.812500 0.993927 0.975388
vt 0.750000 0.993927 0.975388
vt 0.000380 0.983818 0.993927
vt 0.000190 0.991909 0.972352
vt -0.062500 0.991909 0.972352
vt -0.062500 0.983818 0.993927
vt -0.125380 0.991909 0.972352
vt -0.125759 0.983818 0.993927
vt 0.125000 0.993927 0.975388
vt 0.062500 0.993927 0.975388
vt 0.000000 0.993927 0.975388
vt 0.250000 0.993927 0.975388
vt 0.187500 0.993927 0.975388
vt 0.375000 0.993927 0.975388
vt 0.312500 0.993927 0.975388
vt 0.500000 0.993927 0.975388
vt 0.437500 0.993927 0.975388
vt 0.625000 0.993927 0.975388
vt 0.562500 0.993927 0.975388
vt 0.687500 0.993927 0.975388
vt 0.812500 1.000000 0.500000
vt 0.750000 1.000000 0.500000
vt 0.875000 1.000000 0.500000
vt -0.062500 1.000000 0.500000
vt -0.125000 1.000000 0.500000
vt 0.000000 1.000000 0.500000
vt 0.062500 1.000000 0.500000
vt 0.125000 1.000000 0.500000
vt 0.187500 1.000000 0.500000
vt 0.250000 1.000000 0.500000
vt 0.312500 1.000000 0.500000
vt 0.375000 1.000000 0.500000
vt 0.437500 1.000000 0.500000
vt 0.500000 1.000000 0.500000
vt 0.562500 1.000000 0.500000
vt 0.625000 1.000000 0.500000
vt 0.687500 1.000000 0.500000
vt 0.847222 1.000000 0.500000
vt 0.859375 1.000000 0.500000
vt 0.812500 1.000000 0.500000
vt 0.812500 1.000000 0.500000
vt 0.750000 1.000000 0.500000
vt 0.750000 1.000000 0.500000
vt 0.000000 1.000000 0.500000
vt 0.000000 1.000000 0.500000
vt -0.062500 1.000000 0.500000
vt -0.062500 1.000000 0.500000
vt -0.125000 1.000000 0.500000
vt -0.125000 1.000000 0.500000
vt 0.125000 1.000000 0.500000
vt 0.125000 1.000000 0.500000
vt 0.062500 1.000000 0.500000
vt 0.062500 1.000000 0.500000
vt 0.250000 1.000000 0.500000
vt 0.250000 1.000000 0.500000
vt 0.187500 1.000000 0.500000
vt 0.187500 1.000000 0.500000
vt 0.375000 1.000000 0.500000
vt 0.375000 1.000000 0.500000
vt 0.312500 1.000000 0.500000
vt 0.312500 1.000000 0.500000
vt 0.500000 1.000000 0.500000
vt 0.500000 1.000000 0.500000
vt 0.437500 1.000000 0.500000
vt 0.437500 1.000000 0.500000
vt 0.625000 1.000000 0.500000
vt 0.609375 1.000000 0.500000
vt 0.562500 1.000000 0.500000
vt 0.562500 1.000000 0.500000
vt 0.687500 1.000000 0.500000
vt 0.687500 1.000000 0.500000
vt 0.640625 1.000000 0.500000
vt 0.652778 1.000000 0.500000
vt 0.875000 1.000000 0.500000
vt 0.812500 1.000000 0.500000
vt 0.812500 1.000000 0.500000
vt 0.859375 1.000000 0.500000
vt 0.750000 1.000000 0.500000
vt 0.750000 1.000000 0.500000
vt 0.750000 1.000000 0.500000
vt 0.812500 1.000000 0.500000
vt 0.847222 1.000000 0.500000
vt 0.687500 1.000000 0.500000
vt 0.687500 1.000000 0.500000
vt 0.625000 1.000000 0.500000
vt 0.640625 1.000000 0.500000
vt 0.652778 1.000000 0.500000
vt 0.687500 1.000000 0.500000
vt 0.609375 1.000000 0.500000
vt 0.625000 1.000000 0.500000
vt 0.640625 1.000000 0.500000
vt 0.687500 1.000000 0.500000
vt 0.687500 1.000000 0.500000
vt 0.640625 1.000000 0.500000
vt 0.750000 1.000000 0.500000
vt 0.750000 1.000000 0.500000
vt 0.812500 1.000000 0.500000
vt 0.812500 1.000000 0.500000
vt 0.875000 1.000000 0.500000
vt 0.859375 1.000000 0.500000
vt 0.875000 1.000000 0.500000
vt 0.875000 1.000000 0.500000
vt 0.875000 1.000000 0.500000
vt 0.812500 1.000000 0.500000
vt 0.750000 1.000000 0.500000
vt 0.000000 1.000000 0.500000
vt -0.062500 1.000000 0.500000
vt -0.125000 1.000000 0.500000
vt 0.125000 1.000000 0.500000
vt 0.062500 1.000000 0.500000
vt 0.250000 1.000000 0.500000
vt 0.187500 1.000000 0.500000
vt 0.375000 1.000000 0.500000
vt 0.312500 1.000000 0.500000
vt 0.500000 1.000000 0.500000
vt 0.437500 1.000000 0.500000
vt 0.625000 1.000000 0.500000
vt 0.562500 1.000000 0.500000
vt 0.687500 1.000000 0.500000
vt 0.859375 1.000000 0.500000
vt 0.812500 1.000000 0.500000
vt 0.750000 1.000000 0.500000
vt 0.000000 1.000000 0.500000
vt -0.062500 1.000000 0.500000
vt 0.000000 1.000000 0.500000
vt -0.062500 1.000000 0.500000
vt -0.125000 1.000000 0.500000
vt -0.125000 1.000000 0.500000
vt 0.125000 1.000000 0.500000
vt 0.062500 1.000000 0.500000
vt 0.125000 1.000000 0.500000
vt 0.062500 1.000000 0.500000
vt 0.250000 1.000000 0.500000
vt 0.187500 1.000000 0.500000
vt 0.250000 1.000000 0.500000
vt 0.187500 1.000000 0.500000
vt 0.375000 1.000000 0.500000
vt 0.312500 1.000000 0.500000
vt 0.375000 1.000000 0.500000
vt 0.312500 1.000000 0.500000
vt 0.500000 1.000000 0.500000
vt 0.437500 1.000000 0.500000
vt 0.500000 1.000000 0.500000
vt 0.437500 1.000000 0.500000
vt 0.562500 1.000000 0.500000
vt 0.562500 1.000000 0.500000
vt 0.687500 1.000000 0.500000
vt 0.625000 1.000000 0.500000
vt 0.875000 1.000000 0.500000
vt 0.875000 1.000000 0.500000
vt 0.875000 1.000000 0.500000
vt 0.812500 1.000000 0.500000
vt 0.750000 1.000000 0.500000
vt 0.000000 1.000000 0.500000
vt -0.062500 1.000000 0.500000
vt -0.125000 1.000000 0.500000
vt 0.125000 1.000000 0.500000
vt 0.062500 1.000000 0.500000
vt 0.250000 1.000000 0.500000
vt 0.187500 1.000000 0.500000
vt 0.375000 1.000000 0.500000
vt 0.312500 1.000000 0.500000
vt 0.500000 1.000000 0.500000
vt 0.437500 1.000000 0.500000
vt 0.625000 1.000000 0.500000
vt 0.562500 1.000000 0.500000
vt 0.687500 1.000000 0.500000
vt 0.812500 1.000000 0.500000
vt 0.750000 1.000000 0.500000
vt 0.875000 1.000000 0.500000
vt -0.062500 1.000000 0.500000
vt -0.125000 1.000000 0.500000
vt 0.000000 1.000000 0.500000
vt 0.062500 1.000000 0.500000
vt 0.125000 1.000000 0.500000
vt 0.187500 1.000000 0.500000
vt 0.250000 1.000000 0.500000
vt 0.312500 1.000000 0.500000
vt 0.375000 1.000000 0.500000
vt 0.437500 1.000000 0.500000
vt 0.500000 1.000000 0.500000
vt 0.562500 1.000000 0.500000
vt 0.625000 1.000000 0.500000
vt 0.687500 1.000000 0.500000
vt 0.875000 1.000000 0.500000
vt 0.812500 1.000000 0.500000
vt 0.750000 1.000000 0.500000
vt 0.000000 1.000000 0.500000
vt -0.062500 1.000000 0.500000
vt -0.125000 1.000000 0.500000
vt 0.125000 1.000000 0.500000
vt 0.062500 1.000000 0.500000
vt 0.250000 1.000000 0.500000
vt 0.187500 1.000000 0.500000
vt 0.375000 1.000000 0.500000
vt 0.312500 1.000000 0.500000
vt 0.500000 1.000000 0.500000
vt 0.437500 1.000000 0.500000
vt 0.625000 1.000000 0.500000
vt 0.562500 1.000000 0.500000
vt 0.687500 1.000000 0.500000
vt 0.750000 0.000000 1.000000
vt 0.812500 0.000000 1.000000
vt 0.875000 0.000000 1.000000
vt 0.875000 0.987854 1.000000
vt 0.812500 0.865890 0.993847
vt 0.750000 0.865890 0.993847
vt -0.125000 0.000000 1.000000
vt -0.062500 0.000000 1.000000
vt 0.000000 0.000000 1.000000
vt 0.000000 0.987854 1.000000
vt -0.062500 0.987854 1.000000
vt -0.125000 0.987854 1.000000
vt 0.062500 0.000000 1.000000
vt 0.125000 0.000000 1.000000
vt 0.125000 0.865890 0.993847
vt 0.062500 0.865890 0.993847
vt 0.187500 0.000000 1.000000
vt 0.250000 0.000000 1.000000
vt 0.250000 0.865890 0.993847
vt 0.187500 0.865890 0.993847
vt 0.312500 0.000000 1.000000
vt 0.375000 0.000000 1.000000
vt 0.375000 0.865890 0.993847
vt 0.312500 0.865890 0.993847
vt 0.437500 0.000000 1.000000
vt 0.500000 0.000000 1.000000
vt 0.500000 0.865890 0.993847
vt 0.437500 0.865890 0.993847
vt 0.562500 0.000000 1.000000
vt 0.625000 0.000000 1.000000
vt 0.625000 0.865890 0.993847
vt 0.562500 0.865890 0.993847
vt 0.687500 0.000000 1.000000
vt 0.687500 0.865890 0.993847
vt 0.750000 0.998482 0.900582
vt 0.812500 0.998482 0.900582
vt 0.875000 1.000000 0.950777
vt 0.875000 1.000000 0.556347
vt 0.812500 1.000000 0.556347
vt 0.750000 1.000000 0.556347
vt -0.125000 1.000000 0.950777
vt -0.062500 0.997977 0.899823
vt 0.000000 1.000000 0.950777
vt 0.000000 1.000000 0.556347
vt -0.062500 1.000000 0.556347
vt -0.125000 1.000000 0.556347
vt 0.062500 0.998482 0.900582
vt 0.125000 0.998482 0.900582
vt 0.125000 1.000000 0.556347
vt 0.062500 1.000000 0.556347
vt 0.187500 0.998482 0.900582
vt 0.250000 0.998482 0.900582
vt 0.250000 1.000000 0.556347
vt 0.187500 1.000000 0.556347
vt 0.312500 0.998482 0.900582
vt 0.375000 0.998482 0.900582
vt 0.375000 1.000000 0.556347
vt 0.312500 1.000000 0.556347
vt 0.437500 0.998482 0.900582
vt 0.500000 0.998482 0.900582
vt 0.500000 1.000000 0.556347
vt 0.437500 1.000000 0.556347
vt 0.562500 0.998482 0.900582
vt 0.625000 0.998482 0.900582
vt 0.625000 1.000000 0.556347
vt 0.562500 1.000000 0.556347
vt 0.687500 0.998482 0.900582
vt 0.687500 1.000000 0.556347
vt 0.500000 1.000000 0.104167
vt 0.645833 1.000000 0.291667
vt 0.708333 1.000000 0.333333
vt 0.687500 1.000000 0.291667
vt 0.723958 1.000000 0.447917
vt 0.786458 1.000000 0.458333
vt 0.875000 1.000000 0.447917
vt 0.187500 1.000000 0.291667
vt 0.125000 1.000000 0.333333
vt 0.208333 1.000000 0.291667
vt -0.125000 1.000000 0.447917
vt -0.015625 1.000000 0.458333
vt 0.052083 1.000000 0.447917
vt 0.208333 1.000000 0.333333
vt 0.281250 1.000000 0.291667
vt 0.098958 1.000000 0.458333
vt 0.164063 1.000000 0.447917
vt 0.291667 1.000000 0.333333
vt 0.354167 1.000000 0.291667
vt 0.213542 1.000000 0.458333
vt 0.276042 1.000000 0.447917
vt 0.375000 1.000000 0.333333
vt 0.427083 1.000000 0.291667
vt 0.328125 1.000000 0.458333
vt 0.388021 1.000000 0.447917
vt 0.458333 1.000000 0.333333
vt 0.500000 1.000000 0.291667
vt 0.442708 1.000000 0.458333
vt 0.500000 1.000000 0.447917
vt 0.541667 1.000000 0.333333
vt 0.572917 1.000000 0.291667
vt 0.557292 1.000000 0.458333
vt 0.611979 1.000000 0.447917
vt 0.625000 1.000000 0.333333
vt 0.671875 1.000000 0.458333
vt 0.875000 0.993927 0.975388
vt 0.812500 0.993927 0.975388
vt 0.750000 0.993927 0.975388
vt 0.000380 0.983818 0.993927
vt 0.000190 0.991909 0.972352
vt -0.062500 0.991909 0.972352
vt -0.062500 0.983818 0.993927
vt -0.125380 0.991909 0.972352
vt -0.125759 0.983818 0.993927
vt 0.125000 0.993927 0.975388
vt 0.062500 0.993927 0.975388
vt 0.000000 0.993927 0.975388
vt 0.250000 0.993927 0.975388
vt 0.187500 0.993927 0.975388
vt 0.375000 0.993927 0.975388
vt 0.312500 0.993927 0.975388
vt 0.500000 0.993927 0.975388
vt 0.437500 0.993927 0.975388
vt 0.625000 0.993927 0.975388
vt 0.562500 0.993927 0.975388
vt 0.687500 0.993927 0.975388
vt 0.812500 1.000000 0.500000
vt 0.750000 1.000000 0.500000
vt 0.875000 1.000000 0.500000
vt -0.062500 1.000000 0.500000
vt -0.125000 1.000000 0.500000
vt 0.000000 1.000000 0.500000
vt 0.062500 1.000000 0.500000
vt 0.125000 1.000000 0.500000
vt 0.187500 1.000000 0.500000
vt 0.250000 1.000000 0.500000
vt 0.312500 1.000000 0.500000
vt 0.375000 1.000000 0.500000
vt 0.437500 1.000000 0.500000
vt 0.500000 1.000000 0.500000
vt 0.562500 1.000000 0.500000
vt 0.625000 1.000000 0.500000
vt 0.687500 1.000000 0.500000
vt 0.847222 1.000000 0.500000
vt 0.859375 1.000000 0.500000
vt 0.812500 1.000000 0.500000
vt 0.812500 1.000000 0.500000
vt 0.750000 1.000000 0.500000
vt 0.750000 1.000000 0.500000
vt 0.000000 1.000000 0.500000
vt 0.000000 1.000000 0.500000
vt -0.062500 1.000000 0.500000
vt -0.062500 1.000000 0.500000
vt -0.125000 1.000000 0.500000
vt -0.125000 1.000000 0.500000
vt 0.125000 1.000000 0.500000
vt 0.125000 1.000000 0.500000
vt 0.062500 1.000000 0.500000
vt 0.062500 1.000000 0.500000
vt 0.250000 1.000000 0.500000
vt 0.250000 1.000000 0.500000
vt 0.187500 1.000000 0.500000
vt 0.187500 1.000000 0.500000
vt 0.375000 1.000000 0.500000
vt 0.375000 1.000000 0.500000
vt 0.312500 1.000000 0.500000
vt 0.312500 1.000000 0.500000
vt 0.500000 1.000000 0.500000
vt 0.500000 1.000000 0.500000
vt 0.437500 1.000000 0.500000
vt 0.437500 1.000000 0.500000
vt 0.625000 1.000000 0.500000
vt 0.609375 1.000000 0.500000
vt 0.562500 1.000000 0.500000
vt 0.562500 1.000000 0.500000
vt 0.687500 1.000000 0.500000
vt 0.687500 1.000000 0.500000
vt 0.640625 1.000000 0.500000
vt 0.652778 1.000000 0.500000
vt 0.875000 1.000000 0.500000
vt 0.812500 1.000000 0.500000
vt 0.812500 1.000000 0.500000
vt 0.859375 1.000000 0.500000
vt 0.750000 1.000000 0.500000
vt 0.750000 1.000000 0.500000
vt 0.750000 1.000000 0.500000
vt 0.812500 1.000000 0.500000
vt 0.847222 1.000000 0.500000
vt 0.687500 1.000000 0.500000
vt 0.687500 1.000000 0.500000
vt 0.625000 1.000000 0.500000
vt 0.640625 1.000000 0.500000
vt 0.652778 1.000000 0.500000
vt 0.687500 1.000000 0.500000
vt 0.609375 1.000000 0.500000
vt 0.625000 1.000000 0.500000
vt 0.640625 1.000000 0.500000
vt 0.687500 1.000000 0.500000
vt 0.687500 1.000000 0.500000
vt 0.640625 1.000000 0.500000
vt 0.750000 1.000000 0.500000
vt 0.750000 1.000000 0.500000
vt 0.812500 1.000000 0.500000
vt 0.812500 1.000000 0.500000
vt 0.875000 1.000000 0.500000
vt 0.859375 1.000000 0.500000
vt 0.875000 1.000000 0.500000
vt 0.875000 1.000000 0.500000
vt 0.875000 1.000000 0.500000
vt 0.812500 1.000000 0.500000
vt 0.750000 1.000000 0.500000
vt 0.000000 1.000000 0.500000
vt -0.062500 1.000000 0.500000
vt -0.125000 1.000000 0.500000
vt 0.125000 1.000000 0.500000
vt 0.062500 1.000000 0.500000
vt 0.250000 1.000000 0.500000
vt 0.187500 1.000000 0.500000
vt 0.375000 1.000000 0.500000
vt 0.312500 1.000000 0.500000
vt 0.500000 1.000000 0.500000
vt 0.437500 1.000000 0.500000
vt 0.625000 1.000000 0.500000
vt 0.562500 1.000000 0.500000
vt 0.687500 1.000000 0.500000
vt 0.859375 1.000000 0.500000
vt 0.812500 1.000000 0.500000
vt 0.750000 1.000000 0.500000
vt 0.000000 1.000000 0.500000
vt -0.062500 1.000000 0.500000
vt 0.000000 1.000000 0.500000
vt -0.062500 1.000000 0.500000
vt -0.125000 1.000000 0.500000
vt -0.125000 1.000000 0.500000
vt 0.125000 1.000000 0.500000
vt 0.062500 1.000000 0.500000
vt 0.125000 1.000000 0.500000
vt 0.062500 1.000000 0.500000
vt 0.250000 1.000000 0.500000
vt 0.187500 1.000000 0.500000
vt 0.250000 1.000000 0.500000
vt 0.187500 1.000000 0.500000
vt 0.375000 1.000000 0.500000
vt 0.312500 1.000000 0.500000
vt 0.375000 1.000000 0.500000
vt 0.312500 1.000000 0.500000
vt 0.500000 1.000000 0.500000
vt 0.437500 1.000000 0.500000
vt 0.500000 1.000000 0.500000
vt 0.437500 1.000000 0.500000
vt 0.562500 1.000000 0.500000
vt 0.562500 1.000000 0.500000
vt 0.687500 1.000000 0.500000
vt 0.625000 1.000000 0.500000
vt 0.875000 1.000000 0.500000
vt 0.875000 1.000000 0.500000
vt 0.875000 1.000000 0.500000
vt 0.812500 1.000000 0.500000
vt 0.750000 1.000000 0.500000
vt 0.000000 1.000000 0.500000
vt -0.062500 1.000000 0.500000
vt -0.125000 1.000000 0.500000
vt 0.125000 1.000000 0.500000
vt 0.062500 1.000000 0.500000
vt 0.250000 1.000000 0.500000
vt 0.187500 1.000000 0.500000
vt 0.375000 1.000000 0.500000
vt 0.312500 1.000000 0.500000
vt 0.500000 1.000000 0.500000
vt 0.437500 1.000000 0.500000
vt 0.625000 1.000000 0.500000
vt 0.562500 1.000000 0.500000
vt 0.687500 1.000000 0.500000
vt 0.812500 1.000000 0.500000
vt 0.750000 1.000000 0.500000
vt 0.875000 1.000000 0.500000
vt -0.062500 1.000000 0.500000
vt -0.125000 1.000000 0.500000
vt 0.000000 1.000000 0.500000
vt 0.062500 1.000000 0.500000
vt 0.125000 1.000000 0.500000
vt 0.187500 1.000000 0.500000
vt 0.250000 1.000000 0.500000
vt 0.312500 1.000000 0.500000
vt 0.375000 1.000000 0.500000
vt 0.437500 1.000000 0.500000
vt 0.500000 1.000000 0.500000
vt 0.562500 1.000000 0.500000
vt 0.625000 1.000000 0.500000
vt 0.687500 1.000000 0.500000
vt 0.875000 1.000000 0.500000
vt 0.812500 1.000000 0.500000
vt 0.750000 1.000000 0.500000
vt 0.000000 1.000000 0.500000
vt -0.062500 1.000000 0.500000
vt -0.125000 1.000000 0.500000
vt 0.125000 1.000000 0.500000
vt 0.062500 1.000000 0.500000
vt 0.250000 1.000000 0.500000
vt 0.187500 1.000000 0.500000
vt 0.375000 1.000000 0.500000
vt 0.312500 1.000000 0.500000
vt 0.500000 1.000000 0.500000
vt 0.437500 1.000000 0.500000
vt 0.625000 1.000000 0.500000
vt 0.562500 1.000000 0.500000
vt 0.687500 1.000000 0.500000
# 705 texture coords

o ???012
g ???012
f 5604/6538 5605/6539 5610/6544 5608/6542 
f 5604/6538 5607/6541 5606/6540 5605/6539 
f 5609/6543 5611/6545 5606/6540 5607/6541 
f 5610/6544 5611/6545 5609/6543 5608/6542 
f 5607/6541 5604/6538 5608/6542 5609/6543 
f 5605/6539 5606/6540 5611/6545 5610/6544 
f 5619/6569 5618/6568 5617/6567 5616/6566 5615/6565 5614/6564 5613/6547 5612/6546 
f 5612/6546 5613/6547 5621/6555 5620/6554 
f 5613/6562 5614/6548 5622/6556 5621/6563 
f 5614/6548 5615/6549 5623/6557 5622/6556 
f 5615/6549 5616/6550 5624/6558 5623/6557 
f 5616/6550 5617/6551 5625/6559 5624/6558 
f 5617/6551 5618/6552 5626/6560 5625/6559 
f 5618/6552 5619/6553 5627/6561 5626/6560 
f 5619/6553 5612/6546 5620/6554 5627/6561 
f 5627/6561 5620/6554 5621/6555 5622/6570 5623/6571 5624/6572 5625/6573 5626/6574 
f 5635/6598 5634/6597 5633/6596 5632/6595 5631/6594 5630/6593 5629/6576 5628/6575 
f 5628/6575 5629/6576 5637/6584 5636/6583 
f 5629/6591 5630/6577 5638/6585 5637/6592 
f 5630/6577 5631/6578 5639/6586 5638/6585 
f 5631/6578 5632/6579 5640/6587 5639/6586 
f 5632/6579 5633/6580 5641/6588 5640/6587 
f 5633/6580 5634/6581 5642/6589 5641/6588 
f 5634/6581 5635/6582 5643/6590 5642/6589 
f 5635/6582 5628/6575 5636/6583 5643/6590 
f 5643/6590 5636/6583 5637/6584 5638/6599 5639/6600 5640/6601 5641/6602 5642/6603 
f 5651/6627 5650/6626 5649/6625 5648/6624 5647/6623 5646/6622 5645/6605 5644/6604 
f 5644/6604 5645/6605 5653/6613 5652/6612 
f 5645/6620 5646/6606 5654/6614 5653/6621 
f 5646/6606 5647/6607 5655/6615 5654/6614 
f 5647/6607 5648/6608 5656/6616 5655/6615 
f 5648/6608 5649/6609 5657/6617 5656/6616 
f 5649/6609 5650/6610 5658/6618 5657/6617 
f 5650/6610 5651/6611 5659/6619 5658/6618 
f 5651/6611 5644/6604 5652/6612 5659/6619 
f 5659/6619 5652/6612 5653/6613 5654/6628 5655/6629 5656/6630 5657/6631 5658/6632 
f 5944/6633 5732/6634 5733/6637 5876/6638 
f 5732/6634 5937/6635 5875/6636 5733/6637 
f 5937/6639 5734/6640 5735/6643 5875/6644 
f 5734/6640 5938/6641 5877/6642 5735/6643 
f 5938/6641 5736/6645 5737/6648 5877/6642 
f 5736/6645 5939/6646 5878/6647 5737/6648 
f 5939/6646 5738/6649 5739/6652 5878/6647 
f 5738/6649 5940/6650 5879/6651 5739/6652 
f 5940/6650 5740/6653 5741/6656 5879/6651 
f 5740/6653 5941/6654 5880/6655 5741/6656 
f 5941/6654 5742/6657 5743/6660 5880/6655 
f 5742/6657 5943/6658 5881/6659 5743/6660 
f 5943/6658 5744/6661 5745/6664 5881/6659 
f 5744/6661 5942/6662 5882/6663 5745/6664 
f 5942/6662 5746/6665 5747/6666 5882/6663 
f 5746/6665 5944/6633 5876/6638 5747/6666 
f 5883/6667 5748/6668 5749/6671 5886/6672 
f 5748/6668 5884/6669 5885/6670 5749/6671 
f 5884/6673 5750/6674 5751/6677 5885/6678 
f 5750/6674 5887/6675 5888/6676 5751/6677 
f 5887/6675 5752/6679 5753/6682 5888/6676 
f 5752/6679 5889/6680 5890/6681 5753/6682 
f 5889/6680 5754/6683 5755/6686 5890/6681 
f 5754/6683 5874/6684 5891/6685 5755/6686 
f 5874/6684 5756/6687 5757/6690 5891/6685 
f 5756/6687 5892/6688 5893/6689 5757/6690 
f 5892/6688 5758/6691 5759/6694 5893/6689 
f 5758/6691 5894/6692 5895/6693 5759/6694 
f 5894/6692 5760/6695 5761/6698 5895/6693 
f 5760/6695 5896/6696 5897/6697 5761/6698 
f 5896/6696 5762/6699 5763/6700 5897/6697 
f 5762/6699 5883/6667 5886/6672 5763/6700 
f 5898/6701 5764/6702 5676/6703 5765/6704 
f 5899/6705 5766/6706 5676/6703 5764/6702 
f 5900/6707 5765/6704 5676/6703 5766/6706 
f 5898/6701 5765/6708 5677/6709 5767/6710 
f 5900/6711 5768/6712 5677/6709 5765/6708 
f 5901/6713 5767/6710 5677/6709 5768/6712 
f 5898/6701 5767/6710 5678/6714 5769/6715 
f 5901/6713 5770/6716 5678/6714 5767/6710 
f 5902/6717 5769/6715 5678/6714 5770/6716 
f 5898/6701 5769/6715 5679/6718 5771/6719 
f 5902/6717 5772/6720 5679/6718 5769/6715 
f 5903/6721 5771/6719 5679/6718 5772/6720 
f 5898/6701 5771/6719 5680/6722 5773/6723 
f 5903/6721 5774/6724 5680/6722 5771/6719 
f 5904/6725 5773/6723 5680/6722 5774/6724 
f 5898/6701 5773/6723 5681/6726 5775/6727 
f 5904/6725 5776/6728 5681/6726 5773/6723 
f 5905/6729 5775/6727 5681/6726 5776/6728 
f 5898/6701 5775/6727 5682/6730 5777/6731 
f 5905/6729 5778/6732 5682/6730 5775/6727 
f 5906/6733 5777/6731 5682/6730 5778/6732 
f 5898/6701 5777/6731 5683/6734 5764/6702 
f 5906/6733 5779/6735 5683/6734 5777/6731 
f 5899/6705 5764/6702 5683/6734 5779/6735 
f 5875/6636 5780/6736 5661/6737 5733/6637 
f 5780/6736 5884/6669 5748/6668 5661/6737 
f 5661/6737 5748/6668 5883/6667 5781/6738 
f 5733/6637 5661/6737 5781/6738 5876/6638 
f 5877/6739 5782/6740 5660/6741 5735/6742 
f 5782/6740 5887/6675 5750/6674 5660/6741 
f 5660/6741 5750/6674 5884/6673 5780/6743 
f 5735/6742 5660/6741 5780/6743 5875/6744 
f 5878/6647 5783/6745 5663/6746 5737/6648 
f 5783/6745 5889/6680 5752/6679 5663/6746 
f 5663/6746 5752/6679 5887/6675 5782/6747 
f 5737/6648 5663/6746 5782/6747 5877/6642 
f 5879/6651 5784/6748 5664/6749 5739/6652 
f 5784/6748 5874/6684 5754/6683 5664/6749 
f 5664/6749 5754/6683 5889/6680 5783/6745 
f 5739/6652 5664/6749 5783/6745 5878/6647 
f 5880/6655 5785/6750 5665/6751 5741/6656 
f 5785/6750 5892/6688 5756/6687 5665/6751 
f 5665/6751 5756/6687 5874/6684 5784/6748 
f 5741/6656 5665/6751 5784/6748 5879/6651 
f 5881/6659 5786/6752 5666/6753 5743/6660 
f 5786/6752 5894/6692 5758/6691 5666/6753 
f 5666/6753 5758/6691 5892/6688 5785/6750 
f 5743/6660 5666/6753 5785/6750 5880/6655 
f 5882/6663 5787/6754 5667/6755 5745/6664 
f 5787/6754 5896/6696 5760/6695 5667/6755 
f 5667/6755 5760/6695 5894/6692 5786/6752 
f 5745/6664 5667/6755 5786/6752 5881/6659 
f 5876/6638 5781/6738 5662/6756 5747/6666 
f 5781/6738 5883/6667 5762/6699 5662/6756 
f 5662/6756 5762/6699 5896/6696 5787/6754 
f 5747/6666 5662/6756 5787/6754 5882/6663 
f 5886/6672 5749/6671 5669/6757 5788/6758 
f 5749/6671 5885/6670 5789/6759 5669/6757 
f 5669/6757 5789/6759 5828/6839 5693/6840 
f 5788/6758 5669/6757 5693/6840 5829/6841 
f 5885/6678 5751/6677 5668/6760 5789/6761 
f 5751/6677 5888/6676 5790/6762 5668/6760 
f 5668/6760 5790/6762 5830/6842 5692/6843 
f 5789/6761 5668/6760 5692/6843 5828/6844 
f 5888/6676 5753/6682 5671/6763 5790/6762 
f 5753/6682 5890/6681 5791/6764 5671/6763 
f 5671/6763 5791/6764 5831/6845 5695/6846 
f 5790/6762 5671/6763 5695/6846 5830/6842 
f 5890/6681 5755/6686 5672/6765 5791/6764 
f 5755/6686 5891/6685 5792/6766 5672/6765 
f 5672/6765 5792/6766 5832/6847 5696/6848 
f 5791/6764 5672/6765 5696/6848 5831/6845 
f 5891/6685 5757/6690 5673/6767 5792/6766 
f 5757/6690 5893/6689 5793/6768 5673/6767 
f 5673/6767 5793/6768 5833/6849 5697/6850 
f 5792/6766 5673/6767 5697/6850 5832/6847 
f 5893/6689 5759/6694 5674/6769 5793/6768 
f 5759/6694 5895/6693 5794/6770 5674/6769 
f 5674/6769 5794/6770 5834/6851 5698/6852 
f 5793/6768 5674/6769 5698/6852 5833/6849 
f 5895/6693 5761/6698 5675/6771 5794/6770 
f 5761/6698 5897/6697 5795/6772 5675/6771 
f 5675/6771 5795/6772 5835/6853 5699/6854 
f 5794/6770 5675/6771 5699/6854 5834/6851 
f 5897/6697 5763/6700 5670/6773 5795/6772 
f 5763/6700 5886/6672 5788/6758 5670/6773 
f 5670/6773 5788/6758 5829/6841 5694/6855 
f 5795/6772 5670/6773 5694/6855 5835/6853 
f 5908/6774 5796/6775 5700/6776 5797/6777 
f 5796/6775 5836/6856 5704/6857 5700/6776 
f 5700/6776 5704/6857 5837/6858 5798/6778 
f 5797/6777 5700/6776 5798/6778 5909/6779 
f 5910/6780 5799/6781 5708/6782 5800/6783 
f 5799/6781 5838/6859 5711/6860 5708/6782 
f 5708/6782 5711/6860 5840/6864 5801/6784 
f 5800/6783 5708/6782 5801/6784 5911/6785 
f 5912/6786 5802/6787 5709/6788 5803/6789 
f 5802/6787 5841/6865 5710/6866 5709/6788 
f 5709/6788 5710/6866 5838/6859 5799/6781 
f 5803/6789 5709/6788 5799/6781 5910/6780 
f 5913/6790 5804/6791 5712/6792 5805/6793 
f 5804/6791 5843/6869 5713/6870 5712/6792 
f 5712/6792 5713/6870 5841/6865 5802/6787 
f 5805/6793 5712/6792 5802/6787 5912/6786 
f 5914/6794 5806/6795 5714/6796 5807/6797 
f 5806/6795 5845/6873 5715/6874 5714/6796 
f 5714/6796 5715/6874 5843/6869 5804/6791 
f 5807/6797 5714/6796 5804/6791 5913/6790 
f 5915/6798 5808/6799 5716/6800 5809/6801 
f 5808/6799 5847/6877 5717/6878 5716/6800 
f 5716/6800 5717/6878 5845/6873 5806/6795 
f 5809/6801 5716/6800 5806/6795 5914/6794 
f 5916/6802 5810/6803 5718/6804 5811/6805 
f 5810/6803 5821/6825 5719/6881 5718/6804 
f 5718/6804 5719/6881 5847/6877 5808/6799 
f 5811/6805 5718/6804 5808/6799 5915/6798 
f 5909/6779 5798/6778 5706/6806 5812/6807 
f 5798/6778 5837/6858 5705/6883 5706/6806 
f 5706/6806 5705/6883 5822/6827 5813/6808 
f 5812/6807 5706/6806 5813/6808 5917/6809 
f 5918/6810 5814/6811 5722/6812 5815/6813 
f 5814/6811 5919/6814 5816/6815 5722/6812 
f 5722/6812 5816/6815 5920/6816 5817/6817 
f 5815/6813 5722/6812 5817/6817 5921/6818 
f 5919/6814 5818/6819 5723/6820 5816/6815 
f 5818/6819 5922/6821 5819/6822 5723/6820 
f 5723/6820 5819/6822 5923/6823 5820/6824 
f 5816/6815 5723/6820 5820/6824 5920/6816 
f 5922/6821 5821/6825 5721/6826 5819/6822 
f 5821/6825 5810/6803 5720/6884 5721/6826 
f 5721/6826 5720/6884 5813/6808 5822/6827 
f 5819/6822 5721/6826 5822/6827 5923/6823 
f 5916/6802 5823/6828 5707/6829 5824/6830 
f 5823/6828 5924/6831 5825/6832 5707/6829 
f 5707/6829 5825/6832 5909/6779 5812/6807 
f 5824/6830 5707/6829 5812/6807 5917/6809 
f 5924/6831 5826/6833 5701/6834 5825/6832 
f 5826/6833 5911/6835 5827/6836 5701/6834 
f 5701/6834 5827/6836 5908/6774 5797/6777 
f 5825/6832 5701/6834 5797/6777 5909/6779 
f 5911/6835 5801/6837 5702/6838 5827/6836 
f 5801/6837 5840/6885 5703/6886 5702/6838 
f 5702/6838 5703/6886 5836/6856 5796/6775 
f 5827/6836 5702/6838 5796/6775 5908/6774 
f 5828/6839 5911/6835 5826/6833 5693/6840 
f 5693/6840 5826/6833 5924/6831 5829/6841 
f 5830/6842 5910/6780 5800/6783 5692/6843 
f 5692/6843 5800/6783 5911/6785 5828/6844 
f 5831/6845 5912/6786 5803/6789 5695/6846 
f 5695/6846 5803/6789 5910/6780 5830/6842 
f 5832/6847 5913/6790 5805/6793 5696/6848 
f 5696/6848 5805/6793 5912/6786 5831/6845 
f 5833/6849 5914/6794 5807/6797 5697/6850 
f 5697/6850 5807/6797 5913/6790 5832/6847 
f 5834/6851 5915/6798 5809/6801 5698/6852 
f 5698/6852 5809/6801 5914/6794 5833/6849 
f 5835/6853 5916/6802 5811/6805 5699/6854 
f 5699/6854 5811/6805 5915/6798 5834/6851 
f 5829/6841 5924/6831 5823/6828 5694/6855 
f 5694/6855 5823/6828 5916/6802 5835/6853 
f 5836/6856 5921/6818 5817/6817 5704/6857 
f 5704/6857 5817/6817 5920/6816 5837/6858 
f 5838/6859 5925/6861 5839/6862 5711/6860 
f 5711/6860 5839/6862 5918/6863 5840/6864 
f 5841/6865 5926/6867 5842/6868 5710/6866 
f 5710/6866 5842/6868 5925/6861 5838/6859 
f 5843/6869 5927/6871 5844/6872 5713/6870 
f 5713/6870 5844/6872 5926/6867 5841/6865 
f 5845/6873 5928/6875 5846/6876 5715/6874 
f 5715/6874 5846/6876 5927/6871 5843/6869 
f 5847/6877 5929/6879 5848/6880 5717/6878 
f 5717/6878 5848/6880 5928/6875 5845/6873 
f 5821/6825 5922/6821 5849/6882 5719/6881 
f 5719/6881 5849/6882 5929/6879 5847/6877 
f 5837/6858 5920/6816 5820/6824 5705/6883 
f 5705/6883 5820/6824 5923/6823 5822/6827 
f 5810/6803 5916/6802 5824/6830 5720/6884 
f 5720/6884 5824/6830 5917/6809 5813/6808 
f 5840/6885 5918/6810 5815/6813 5703/6886 
f 5703/6886 5815/6813 5921/6818 5836/6856 
f 5919/6814 5814/6811 5850/6888 5931/6889 
f 5814/6811 5918/6810 5930/6887 5850/6888 
f 5918/6863 5839/6862 5851/6891 5930/6892 
f 5839/6862 5925/6861 5932/6890 5851/6891 
f 5925/6861 5842/6868 5852/6894 5932/6890 
f 5842/6868 5926/6867 5907/6893 5852/6894 
f 5926/6867 5844/6872 5853/6896 5907/6893 
f 5844/6872 5927/6871 5933/6895 5853/6896 
f 5927/6871 5846/6876 5854/6898 5933/6895 
f 5846/6876 5928/6875 5934/6897 5854/6898 
f 5928/6875 5848/6880 5855/6900 5934/6897 
f 5848/6880 5929/6879 5935/6899 5855/6900 
f 5929/6879 5849/6882 5856/6902 5935/6899 
f 5849/6882 5922/6821 5936/6901 5856/6902 
f 5922/6821 5818/6819 5857/6903 5936/6901 
f 5818/6819 5919/6814 5931/6889 5857/6903 
f 5931/6889 5850/6888 5725/6904 5858/6905 
f 5850/6888 5930/6887 5859/6906 5725/6904 
f 5725/6904 5859/6906 5866/6921 5685/6922 
f 5858/6905 5725/6904 5685/6922 5867/6923 
f 5930/6892 5851/6891 5724/6907 5859/6908 
f 5851/6891 5932/6890 5860/6909 5724/6907 
f 5724/6907 5860/6909 5868/6924 5686/6925 
f 5859/6908 5724/6907 5686/6925 5866/6926 
f 5932/6890 5852/6894 5727/6910 5860/6909 
f 5852/6894 5907/6893 5861/6911 5727/6910 
f 5727/6910 5861/6911 5869/6927 5687/6928 
f 5860/6909 5727/6910 5687/6928 5868/6924 
f 5907/6893 5853/6896 5728/6912 5861/6911 
f 5853/6896 5933/6895 5862/6913 5728/6912 
f 5728/6912 5862/6913 5870/6929 5688/6930 
f 5861/6911 5728/6912 5688/6930 5869/6927 
f 5933/6895 5854/6898 5729/6914 5862/6913 
f 5854/6898 5934/6897 5863/6915 5729/6914 
f 5729/6914 5863/6915 5871/6931 5689/6932 
f 5862/6913 5729/6914 5689/6932 5870/6929 
f 5934/6897 5855/6900 5730/6916 5863/6915 
f 5855/6900 5935/6899 5864/6917 5730/6916 
f 5730/6916 5864/6917 5872/6933 5690/6934 
f 5863/6915 5730/6916 5690/6934 5871/6931 
f 5935/6899 5856/6902 5731/6918 5864/6917 
f 5856/6902 5936/6901 5865/6919 5731/6918 
f 5731/6918 5865/6919 5873/6935 5691/6936 
f 5864/6917 5731/6918 5691/6936 5872/6933 
f 5936/6901 5857/6903 5726/6920 5865/6919 
f 5857/6903 5931/6889 5858/6905 5726/6920 
f 5726/6920 5858/6905 5867/6923 5684/6937 
f 5865/6919 5726/6920 5684/6937 5873/6935 
f 5866/6921 5900/6707 5766/6706 5685/6922 
f 5685/6922 5766/6706 5899/6705 5867/6923 
f 5868/6924 5901/6713 5768/6712 5686/6925 
f 5686/6925 5768/6712 5900/6711 5866/6926 
f 5869/6927 5902/6717 5770/6716 5687/6928 
f 5687/6928 5770/6716 5901/6713 5868/6924 
f 5870/6929 5903/6721 5772/6720 5688/6930 
f 5688/6930 5772/6720 5902/6717 5869/6927 
f 5871/6931 5904/6725 5774/6724 5689/6932 
f 5689/6932 5774/6724 5903/6721 5870/6929 
f 5872/6933 5905/6729 5776/6728 5690/6934 
f 5690/6934 5776/6728 5904/6725 5871/6931 
f 5873/6935 5906/6733 5778/6732 5691/6936 
f 5691/6936 5778/6732 5905/6729 5872/6933 
f 5867/6923 5899/6705 5779/6735 5684/6937 
f 5684/6937 5779/6735 5906/6733 5873/6935 
f 6229/6938 6161/6943 6018/6942 6017/6939 
f 6017/6939 6018/6942 6160/6941 6222/6940 
f 6222/6944 6160/6949 6020/6948 6019/6945 
f 6019/6945 6020/6948 6162/6947 6223/6946 
f 6223/6946 6162/6947 6022/6953 6021/6950 
f 6021/6950 6022/6953 6163/6952 6224/6951 
f 6224/6951 6163/6952 6024/6957 6023/6954 
f 6023/6954 6024/6957 6164/6956 6225/6955 
f 6225/6955 6164/6956 6026/6961 6025/6958 
f 6025/6958 6026/6961 6165/6960 6226/6959 
f 6226/6959 6165/6960 6028/6965 6027/6962 
f 6027/6962 6028/6965 6166/6964 6228/6963 
f 6228/6963 6166/6964 6030/6969 6029/6966 
f 6029/6966 6030/6969 6167/6968 6227/6967 
f 6227/6967 6167/6968 6032/6971 6031/6970 
f 6031/6970 6032/6971 6161/6943 6229/6938 
f 6168/6972 6171/6977 6034/6976 6033/6973 
f 6033/6973 6034/6976 6170/6975 6169/6974 
f 6169/6978 6170/6983 6036/6982 6035/6979 
f 6035/6979 6036/6982 6173/6981 6172/6980 
f 6172/6980 6173/6981 6038/6987 6037/6984 
f 6037/6984 6038/6987 6175/6986 6174/6985 
f 6174/6985 6175/6986 6040/6991 6039/6988 
f 6039/6988 6040/6991 6176/6990 6159/6989 
f 6159/6989 6176/6990 6042/6995 6041/6992 
f 6041/6992 6042/6995 6178/6994 6177/6993 
f 6177/6993 6178/6994 6044/6999 6043/6996 
f 6043/6996 6044/6999 6180/6998 6179/6997 
f 6179/6997 6180/6998 6046/7003 6045/7000 
f 6045/7000 6046/7003 6182/7002 6181/7001 
f 6181/7001 6182/7002 6048/7005 6047/7004 
f 6047/7004 6048/7005 6171/6977 6168/6972 
f 6183/7006 6050/7009 5961/7008 6049/7007 
f 6184/7010 6049/7007 5961/7008 6051/7011 
f 6185/7012 6051/7011 5961/7008 6050/7009 
f 6183/7006 6052/7015 5962/7014 6050/7013 
f 6185/7016 6050/7013 5962/7014 6053/7017 
f 6186/7018 6053/7017 5962/7014 6052/7015 
f 6183/7006 6054/7020 5963/7019 6052/7015 
f 6186/7018 6052/7015 5963/7019 6055/7021 
f 6187/7022 6055/7021 5963/7019 6054/7020 
f 6183/7006 6056/7024 5964/7023 6054/7020 
f 6187/7022 6054/7020 5964/7023 6057/7025 
f 6188/7026 6057/7025 5964/7023 6056/7024 
f 6183/7006 6058/7028 5965/7027 6056/7024 
f 6188/7026 6056/7024 5965/7027 6059/7029 
f 6189/7030 6059/7029 5965/7027 6058/7028 
f 6183/7006 6060/7032 5966/7031 6058/7028 
f 6189/7030 6058/7028 5966/7031 6061/7033 
f 6190/7034 6061/7033 5966/7031 6060/7032 
f 6183/7006 6062/7036 5967/7035 6060/7032 
f 6190/7034 6060/7032 5967/7035 6063/7037 
f 6191/7038 6063/7037 5967/7035 6062/7036 
f 6183/7006 6049/7007 5968/7039 6062/7036 
f 6191/7038 6062/7036 5968/7039 6064/7040 
f 6184/7010 6064/7040 5968/7039 6049/7007 
f 6160/6941 6018/6942 5946/7042 6065/7041 
f 6065/7041 5946/7042 6033/6973 6169/6974 
f 5946/7042 6066/7043 6168/6972 6033/6973 
f 6018/6942 6161/6943 6066/7043 5946/7042 
f 6162/7044 6020/7047 5945/7046 6067/7045 
f 6067/7045 5945/7046 6035/6979 6172/6980 
f 5945/7046 6065/7048 6169/6978 6035/6979 
f 6020/7047 6160/7049 6065/7048 5945/7046 
f 6163/6952 6022/6953 5948/7051 6068/7050 
f 6068/7050 5948/7051 6037/6984 6174/6985 
f 5948/7051 6067/7052 6172/6980 6037/6984 
f 6022/6953 6162/6947 6067/7052 5948/7051 
f 6164/6956 6024/6957 5949/7054 6069/7053 
f 6069/7053 5949/7054 6039/6988 6159/6989 
f 5949/7054 6068/7050 6174/6985 6039/6988 
f 6024/6957 6163/6952 6068/7050 5949/7054 
f 6165/6960 6026/6961 5950/7056 6070/7055 
f 6070/7055 5950/7056 6041/6992 6177/6993 
f 5950/7056 6069/7053 6159/6989 6041/6992 
f 6026/6961 6164/6956 6069/7053 5950/7056 
f 6166/6964 6028/6965 5951/7058 6071/7057 
f 6071/7057 5951/7058 6043/6996 6179/6997 
f 5951/7058 6070/7055 6177/6993 6043/6996 
f 6028/6965 6165/6960 6070/7055 5951/7058 
f 6167/6968 6030/6969 5952/7060 6072/7059 
f 6072/7059 5952/7060 6045/7000 6181/7001 
f 5952/7060 6071/7057 6179/6997 6045/7000 
f 6030/6969 6166/6964 6071/7057 5952/7060 
f 6161/6943 6032/6971 5947/7061 6066/7043 
f 6066/7043 5947/7061 6047/7004 6168/6972 
f 5947/7061 6072/7059 6181/7001 6047/7004 
f 6032/6971 6167/6968 6072/7059 5947/7061 
f 6171/6977 6073/7063 5954/7062 6034/6976 
f 6034/6976 5954/7062 6074/7064 6170/6975 
f 5954/7062 5978/7145 6113/7144 6074/7064 
f 6073/7063 6114/7146 5978/7145 5954/7062 
f 6170/6983 6074/7066 5953/7065 6036/6982 
f 6036/6982 5953/7065 6075/7067 6173/6981 
f 5953/7065 5977/7148 6115/7147 6075/7067 
f 6074/7066 6113/7149 5977/7148 5953/7065 
f 6173/6981 6075/7067 5956/7068 6038/6987 
f 6038/6987 5956/7068 6076/7069 6175/6986 
f 5956/7068 5980/7151 6116/7150 6076/7069 
f 6075/7067 6115/7147 5980/7151 5956/7068 
f 6175/6986 6076/7069 5957/7070 6040/6991 
f 6040/6991 5957/7070 6077/7071 6176/6990 
f 5957/7070 5981/7153 6117/7152 6077/7071 
f 6076/7069 6116/7150 5981/7153 5957/7070 
f 6176/6990 6077/7071 5958/7072 6042/6995 
f 6042/6995 5958/7072 6078/7073 6178/6994 
f 5958/7072 5982/7155 6118/7154 6078/7073 
f 6077/7071 6117/7152 5982/7155 5958/7072 
f 6178/6994 6078/7073 5959/7074 6044/6999 
f 6044/6999 5959/7074 6079/7075 6180/6998 
f 5959/7074 5983/7157 6119/7156 6079/7075 
f 6078/7073 6118/7154 5983/7157 5959/7074 
f 6180/6998 6079/7075 5960/7076 6046/7003 
f 6046/7003 5960/7076 6080/7077 6182/7002 
f 5960/7076 5984/7159 6120/7158 6080/7077 
f 6079/7075 6119/7156 5984/7159 5960/7076 
f 6182/7002 6080/7077 5955/7078 6048/7005 
f 6048/7005 5955/7078 6073/7063 6171/6977 
f 5955/7078 5979/7160 6114/7146 6073/7063 
f 6080/7077 6120/7158 5979/7160 5955/7078 
f 6193/7079 6082/7082 5985/7081 6081/7080 
f 6081/7080 5985/7081 5989/7162 6121/7161 
f 5985/7081 6083/7083 6122/7163 5989/7162 
f 6082/7082 6194/7084 6083/7083 5985/7081 
f 6195/7085 6085/7088 5993/7087 6084/7086 
f 6084/7086 5993/7087 5996/7165 6123/7164 
f 5993/7087 6086/7089 6125/7169 5996/7165 
f 6085/7088 6196/7090 6086/7089 5993/7087 
f 6197/7091 6088/7094 5994/7093 6087/7092 
f 6087/7092 5994/7093 5995/7171 6126/7170 
f 5994/7093 6084/7086 6123/7164 5995/7171 
f 6088/7094 6195/7085 6084/7086 5994/7093 
f 6198/7095 6090/7098 5997/7097 6089/7096 
f 6089/7096 5997/7097 5998/7175 6128/7174 
f 5997/7097 6087/7092 6126/7170 5998/7175 
f 6090/7098 6197/7091 6087/7092 5997/7097 
f 6199/7099 6092/7102 5999/7101 6091/7100 
f 6091/7100 5999/7101 6000/7179 6130/7178 
f 5999/7101 6089/7096 6128/7174 6000/7179 
f 6092/7102 6198/7095 6089/7096 5999/7101 
f 6200/7103 6094/7106 6001/7105 6093/7104 
f 6093/7104 6001/7105 6002/7183 6132/7182 
f 6001/7105 6091/7100 6130/7178 6002/7183 
f 6094/7106 6199/7099 6091/7100 6001/7105 
f 6201/7107 6096/7110 6003/7109 6095/7108 
f 6095/7108 6003/7109 6004/7186 6106/7130 
f 6003/7109 6093/7104 6132/7182 6004/7186 
f 6096/7110 6200/7103 6093/7104 6003/7109 
f 6194/7084 6097/7112 5991/7111 6083/7083 
f 6083/7083 5991/7111 5990/7188 6122/7163 
f 5991/7111 6098/7113 6107/7132 5990/7188 
f 6097/7112 6202/7114 6098/7113 5991/7111 
f 6203/7115 6100/7118 6007/7117 6099/7116 
f 6099/7116 6007/7117 6101/7120 6204/7119 
f 6007/7117 6102/7122 6205/7121 6101/7120 
f 6100/7118 6206/7123 6102/7122 6007/7117 
f 6204/7119 6101/7120 6008/7125 6103/7124 
f 6103/7124 6008/7125 6104/7127 6207/7126 
f 6008/7125 6105/7129 6208/7128 6104/7127 
f 6101/7120 6205/7121 6105/7129 6008/7125 
f 6207/7126 6104/7127 6006/7131 6106/7130 
f 6106/7130 6006/7131 6005/7189 6095/7108 
f 6006/7131 6107/7132 6098/7113 6005/7189 
f 6104/7127 6208/7128 6107/7132 6006/7131 
f 6201/7107 6109/7135 5992/7134 6108/7133 
f 6108/7133 5992/7134 6110/7137 6209/7136 
f 5992/7134 6097/7112 6194/7084 6110/7137 
f 6109/7135 6202/7114 6097/7112 5992/7134 
f 6209/7136 6110/7137 5986/7139 6111/7138 
f 6111/7138 5986/7139 6112/7141 6196/7140 
f 5986/7139 6082/7082 6193/7079 6112/7141 
f 6110/7137 6194/7084 6082/7082 5986/7139 
f 6196/7140 6112/7141 5987/7143 6086/7142 
f 6086/7142 5987/7143 5988/7191 6125/7190 
f 5987/7143 6081/7080 6121/7161 5988/7191 
f 6112/7141 6193/7079 6081/7080 5987/7143 
f 6113/7144 5978/7145 6111/7138 6196/7140 
f 5978/7145 6114/7146 6209/7136 6111/7138 
f 6115/7147 5977/7148 6085/7088 6195/7085 
f 5977/7148 6113/7149 6196/7090 6085/7088 
f 6116/7150 5980/7151 6088/7094 6197/7091 
f 5980/7151 6115/7147 6195/7085 6088/7094 
f 6117/7152 5981/7153 6090/7098 6198/7095 
f 5981/7153 6116/7150 6197/7091 6090/7098 
f 6118/7154 5982/7155 6092/7102 6199/7099 
f 5982/7155 6117/7152 6198/7095 6092/7102 
f 6119/7156 5983/7157 6094/7106 6200/7103 
f 5983/7157 6118/7154 6199/7099 6094/7106 
f 6120/7158 5984/7159 6096/7110 6201/7107 
f 5984/7159 6119/7156 6200/7103 6096/7110 
f 6114/7146 5979/7160 6108/7133 6209/7136 
f 5979/7160 6120/7158 6201/7107 6108/7133 
f 6121/7161 5989/7162 6102/7122 6206/7123 
f 5989/7162 6122/7163 6205/7121 6102/7122 
f 6123/7164 5996/7165 6124/7167 6210/7166 
f 5996/7165 6125/7169 6203/7168 6124/7167 
f 6126/7170 5995/7171 6127/7173 6211/7172 
f 5995/7171 6123/7164 6210/7166 6127/7173 
f 6128/7174 5998/7175 6129/7177 6212/7176 
f 5998/7175 6126/7170 6211/7172 6129/7177 
f 6130/7178 6000/7179 6131/7181 6213/7180 
f 6000/7179 6128/7174 6212/7176 6131/7181 
f 6132/7182 6002/7183 6133/7185 6214/7184 
f 6002/7183 6130/7178 6213/7180 6133/7185 
f 6106/7130 6004/7186 6134/7187 6207/7126 
f 6004/7186 6132/7182 6214/7184 6134/7187 
f 6122/7163 5990/7188 6105/7129 6205/7121 
f 5990/7188 6107/7132 6208/7128 6105/7129 
f 6095/7108 6005/7189 6109/7135 6201/7107 
f 6005/7189 6098/7113 6202/7114 6109/7135 
f 6125/7190 5988/7191 6100/7118 6203/7115 
f 5988/7191 6121/7161 6206/7123 6100/7118 
f 6204/7119 6216/7194 6135/7193 6099/7116 
f 6099/7116 6135/7193 6215/7192 6203/7115 
f 6203/7168 6215/7197 6136/7196 6124/7167 
f 6124/7167 6136/7196 6217/7195 6210/7166 
f 6210/7166 6217/7195 6137/7199 6127/7173 
f 6127/7173 6137/7199 6192/7198 6211/7172 
f 6211/7172 6192/7198 6138/7201 6129/7177 
f 6129/7177 6138/7201 6218/7200 6212/7176 
f 6212/7176 6218/7200 6139/7203 6131/7181 
f 6131/7181 6139/7203 6219/7202 6213/7180 
f 6213/7180 6219/7202 6140/7205 6133/7185 
f 6133/7185 6140/7205 6220/7204 6214/7184 
f 6214/7184 6220/7204 6141/7207 6134/7187 
f 6134/7187 6141/7207 6221/7206 6207/7126 
f 6207/7126 6221/7206 6142/7208 6103/7124 
f 6103/7124 6142/7208 6216/7194 6204/7119 
f 6216/7194 6143/7210 6010/7209 6135/7193 
f 6135/7193 6010/7209 6144/7211 6215/7192 
f 6010/7209 5970/7227 6151/7226 6144/7211 
f 6143/7210 6152/7228 5970/7227 6010/7209 
f 6215/7197 6144/7213 6009/7212 6136/7196 
f 6136/7196 6009/7212 6145/7214 6217/7195 
f 6009/7212 5971/7230 6153/7229 6145/7214 
f 6144/7213 6151/7231 5971/7230 6009/7212 
f 6217/7195 6145/7214 6012/7215 6137/7199 
f 6137/7199 6012/7215 6146/7216 6192/7198 
f 6012/7215 5972/7233 6154/7232 6146/7216 
f 6145/7214 6153/7229 5972/7233 6012/7215 
f 6192/7198 6146/7216 6013/7217 6138/7201 
f 6138/7201 6013/7217 6147/7218 6218/7200 
f 6013/7217 5973/7235 6155/7234 6147/7218 
f 6146/7216 6154/7232 5973/7235 6013/7217 
f 6218/7200 6147/7218 6014/7219 6139/7203 
f 6139/7203 6014/7219 6148/7220 6219/7202 
f 6014/7219 5974/7237 6156/7236 6148/7220 
f 6147/7218 6155/7234 5974/7237 6014/7219 
f 6219/7202 6148/7220 6015/7221 6140/7205 
f 6140/7205 6015/7221 6149/7222 6220/7204 
f 6015/7221 5975/7239 6157/7238 6149/7222 
f 6148/7220 6156/7236 5975/7239 6015/7221 
f 6220/7204 6149/7222 6016/7223 6141/7207 
f 6141/7207 6016/7223 6150/7224 6221/7206 
f 6016/7223 5976/7241 6158/7240 6150/7224 
f 6149/7222 6157/7238 5976/7241 6016/7223 
f 6221/7206 6150/7224 6011/7225 6142/7208 
f 6142/7208 6011/7225 6143/7210 6216/7194 
f 6011/7225 5969/7242 6152/7228 6143/7210 
f 6150/7224 6158/7240 5969/7242 6011/7225 
f 6151/7226 5970/7227 6051/7011 6185/7012 
f 5970/7227 6152/7228 6184/7010 6051/7011 
f 6153/7229 5971/7230 6053/7017 6186/7018 
f 5971/7230 6151/7231 6185/7016 6053/7017 
f 6154/7232 5972/7233 6055/7021 6187/7022 
f 5972/7233 6153/7229 6186/7018 6055/7021 
f 6155/7234 5973/7235 6057/7025 6188/7026 
f 5973/7235 6154/7232 6187/7022 6057/7025 
f 6156/7236 5974/7237 6059/7029 6189/7030 
f 5974/7237 6155/7234 6188/7026 6059/7029 
f 6157/7238 5975/7239 6061/7033 6190/7034 
f 5975/7239 6156/7236 6189/7030 6061/7033 
f 6158/7240 5976/7241 6063/7037 6191/7038 
f 5976/7241 6157/7238 6190/7034 6063/7037 
f 6152/7228 5969/7242 6064/7040 6184/7010 
f 5969/7242 6158/7240 6191/7038 6064/7040 
# 588 polygons

#
# object 1?_??_2?_??_001
#

v  0.267973 20.912231 11.691826
v  0.267973 21.433228 11.691826
v  0.267974 20.912231 35.979576
v  0.267974 21.433228 35.979576
v  14.527708 21.433228 11.691828
v  14.527708 20.912231 11.691828
v  14.527708 20.912231 35.979576
v  14.527708 21.433228 35.979576
v  0.267974 21.433228 19.040499
v  0.267974 20.912231 19.040499
v  14.527708 20.912231 19.040499
v  14.527708 21.433228 19.040499
v  115.835510 21.433228 35.979576
v  115.835510 20.912231 35.979576
v  115.835510 20.912231 19.040499
v  115.835510 21.433228 19.040499
# 16 vertices

vt 0.000000 0.000000 0.000000
vt 0.000000 1.000000 0.000000
vt 1.000000 0.000000 0.000000
vt 0.000000 1.000000 0.000000
vt 0.000000 0.000000 0.000000
vt 0.000000 1.000000 0.000000
vt 1.000000 1.000000 0.000000
vt 0.000000 1.000000 0.000000
vt 1.000000 1.000000 0.000000
vt 0.000000 0.500000 0.000000
vt 1.000000 0.500000 0.000000
vt 1.000000 0.500000 0.000000
vt 0.000000 0.500000 0.000000
vt 0.500000 1.000000 0.000000
vt 0.500000 1.000000 0.000000
vt 0.500000 0.000000 0.000000
vt 0.500000 1.000000 0.000000
vt 0.500000 0.500000 0.000000
vt 0.500000 0.500000 0.000000
vt 1.000000 0.750000 0.000000
vt 0.000000 0.750000 0.000000
vt 0.000000 0.750000 0.000000
vt 1.000000 0.750000 0.000000
vt 0.500000 0.750000 0.000000
vt 0.500000 1.000000 0.000000
vt 0.500000 0.750000 0.000000
vt 0.000000 0.500000 0.000000
vt 0.000000 1.000000 0.000000
vt 1.000000 1.000000 0.000000
vt 0.500000 1.000000 0.000000
vt 0.000000 0.500000 0.000000
# 31 texture coords

o 1?_??_2?_??_001
g 1?_??_2?_??_001
f 6230/7243 6231/7244 6234/7256 6235/7258 
f 6232/7252 6239/7264 6240/7266 6236/7260 
f 6233/7255 6238/7263 6239/7265 6232/7253 
f 6234/7257 6231/7249 6238/7262 6241/7268 
f 6237/7249 6233/7247 6232/7245 6236/7248 
f 6234/7247 6241/7269 6240/7267 6235/7248 
f 6239/7264 6230/7246 6235/7259 6240/7266 
f 6238/7263 6231/7250 6230/7251 6239/7265 
f 6238/7262 6233/7254 6237/7261 6241/7268 
f 6245/7273 6242/7270 6243/7271 6244/7272 
f 6237/7250 6236/7249 6243/7271 6242/7270 
f 6236/7249 6240/7267 6244/7272 6243/7271 
f 6240/7267 6241/7269 6245/7273 6244/7272 
f 6241/7269 6237/7250 6242/7270 6245/7273 
# 14 polygons

