# 3ds Max Wavefront OBJ Exporter v0.97b - (c)2007 guruware
# File Created: 09.08.2021 15:36:18

#
# object 2?_????___???
#

v  18.508551 17.260498 6.151638
v  18.591009 17.258322 6.197393
v  18.592754 17.364828 6.203635
v  18.492016 17.346567 6.147206
v  18.410822 17.290236 6.064538
v  18.438683 17.228994 6.091599
v  18.461901 17.193729 6.102103
v  18.517538 17.211824 6.142541
v  18.580475 17.203917 6.173329
v  18.373096 17.205109 5.989462
v  18.405165 17.175795 6.039074
v  18.430367 17.158176 6.062722
v  18.365999 17.121271 5.955529
v  18.397448 17.118813 6.013424
v  18.419565 17.118343 6.045197
v  18.409206 17.067865 6.020297
v  18.378302 17.047651 5.965517
v  18.415991 16.975521 6.035344
v  18.444881 17.014343 6.067433
v  18.465290 17.040916 6.091030
v  18.431398 17.080423 6.053017
v  18.503723 16.936642 6.128573
v  18.517853 16.982277 6.130349
v  18.529928 17.020874 6.139682
v  18.627022 16.939829 6.178882
v  18.615515 16.987118 6.169200
v  18.606241 17.031507 6.167375
v  18.699627 16.967922 6.216453
v  18.684544 17.014776 6.197333
v  18.660503 17.053194 6.179806
v  18.725809 16.987936 6.247571
v  18.728769 17.062965 6.221969
v  18.707355 17.071325 6.206732
v  18.681213 17.084406 6.186280
v  18.722334 17.152472 6.223649
v  18.691547 17.144705 6.204955
v  18.666042 17.129492 6.189050
v  18.702896 17.237646 6.246244
v  18.651310 17.211931 6.211557
v  18.629431 17.172146 6.188204
v  18.691635 17.361032 6.234901
v  18.754883 16.987936 6.247571
v  18.751921 17.062965 6.221969
v  18.758358 17.152472 6.223649
v  18.777796 17.237644 6.246244
v  18.789055 17.361032 6.234901
v  18.527658 17.169714 6.162896
v  18.522934 17.185242 6.159272
v  18.473848 17.175156 6.126032
v  18.484123 17.164160 6.135852
v  18.498520 17.163118 6.066595
v  18.538849 17.167015 6.090199
v  18.590439 17.151230 6.097758
v  18.574404 17.158422 6.172236
v  18.576553 17.175171 6.176596
v  18.444529 17.146135 6.085689
v  18.456673 17.139145 6.100744
v  18.478430 17.139376 6.039360
v  18.433313 17.118002 6.067840
v  18.441256 17.117805 6.080342
v  18.446049 17.119949 6.084972
v  18.469839 17.119869 6.027083
v  18.454369 17.100529 6.092127
v  18.443920 17.093428 6.077546
v  18.474817 17.062681 6.114113
v  18.482653 17.074738 6.122882
v  18.504686 17.076645 6.056045
v  18.477533 17.101004 6.031261
v  18.470436 17.114866 6.020345
v  18.446703 17.115227 6.081307
v  18.536016 17.050119 6.153514
v  18.540941 17.066425 6.155733
v  18.564259 17.074350 6.084984
v  18.600697 17.062420 6.169636
v  18.596832 17.080280 6.167493
v  18.608814 17.089058 6.129260
v  18.636898 17.077919 6.171832
v  18.622534 17.090811 6.169532
v  18.619862 17.093956 6.164559
v  18.650557 17.091345 6.175037
v  18.632927 17.094530 6.171364
v  18.628092 17.096123 6.166878
v  18.641981 17.112562 6.180590
v  18.627350 17.103249 6.171693
v  18.623507 17.103607 6.166424
v  18.615431 17.144285 6.183985
v  18.606686 17.128139 6.173645
v  18.614986 17.122141 6.133222
v  18.621449 17.099661 6.163140
v  18.623728 17.106169 6.094725
v  18.447191 17.117575 6.081396
v  18.470583 17.117369 6.019435
v  18.488777 17.117365 5.961491
v  18.700884 16.930922 6.235999
v  18.726381 16.951553 6.274069
v  18.754311 16.951553 6.274069
v  18.719503 16.921898 6.300992
v  18.761189 16.921898 6.300992
v  18.691166 16.899942 6.254187
v  18.690920 16.873266 6.262859
v  18.714622 16.884970 6.309767
v  18.766069 16.884970 6.309767
v  18.630177 16.901623 6.191348
v  18.646914 16.877117 6.206584
v  18.651234 16.833780 6.208302
v  18.701860 16.837284 6.234763
v  18.793926 17.519949 6.158751
v  18.686766 17.519949 6.158751
v  18.578833 17.506739 6.124502
v  18.798073 17.639425 6.005771
v  18.682619 17.639425 6.005771
v  18.569868 17.613667 5.972795
v  18.798187 17.675083 5.797803
v  18.682503 17.675083 5.797803
v  18.570759 17.643515 5.792988
v  18.806225 17.631104 5.606708
v  18.674467 17.631104 5.606708
v  18.553143 17.602161 5.644505
v  18.661900 17.512794 5.472641
v  18.818792 17.512794 5.472641
v  18.823421 17.336285 5.393767
v  18.657269 17.336285 5.393767
v  18.517750 17.330761 5.457228
v  18.525148 17.493965 5.533750
v  18.661301 17.139336 5.375339
v  18.819391 17.139336 5.375339
v  18.805416 16.970905 5.405413
v  18.675276 16.970905 5.405413
v  18.547745 16.975483 5.465274
v  18.525190 17.140562 5.431821
v  18.805086 16.843210 5.460791
v  18.675606 16.843210 5.460791
v  18.565611 16.843992 5.525802
v  18.670250 16.706306 5.492649
v  18.809582 16.706358 5.492825
v  18.820293 16.541771 5.464197
v  18.656948 16.541592 5.463222
v  18.547899 16.505718 5.551386
v  18.564205 16.665905 5.580362
v  18.521906 16.750824 5.626441
v  18.516666 16.889648 6.136813
v  18.568499 16.833179 6.157090
v  18.355381 17.244616 5.897767
v  18.351206 17.127653 5.858971
v  18.361391 17.019854 5.870666
v  18.370626 17.139849 5.710884
v  18.363579 17.285610 5.758006
v  18.418503 17.315723 5.588837
v  18.428379 17.144470 5.547075
v  18.447865 16.977476 5.570589
v  18.385380 16.990866 5.720320
v  18.475649 17.460249 6.063531
v  18.393410 17.367008 5.977504
v  18.469200 17.547123 5.914060
v  18.392710 17.428898 5.836773
v  18.483500 17.575125 5.749553
v  18.433146 17.464451 5.667817
v  18.474373 16.830662 5.628888
v  18.394121 16.910975 5.938841
v  18.407272 16.842577 5.770785
v  18.458530 16.709173 5.862483
v  18.472548 16.734364 6.002183
v  18.442806 16.838869 6.025912
v  18.503616 16.677898 5.752025
v  18.720909 16.772789 6.244483
v  18.719490 16.798229 6.246482
v  18.672863 16.795963 6.219092
v  18.676174 16.774536 6.219230
v  18.681557 16.754684 6.207122
v  18.723396 16.751263 6.229889
v  18.757296 16.751263 6.229889
v  18.759783 16.772789 6.244483
v  18.761200 16.798229 6.246482
v  18.718290 16.685862 6.212177
v  18.717957 16.710220 6.221043
v  18.670631 16.721130 6.195094
v  18.669441 16.698538 6.184931
v  18.658768 16.673498 6.166614
v  18.716665 16.660788 6.198836
v  18.764027 16.660788 6.198836
v  18.762400 16.685862 6.212177
v  18.762735 16.710220 6.221043
v  18.695498 16.530500 6.032212
v  18.693235 16.543236 6.153484
v  18.603800 16.567867 6.096179
v  18.621141 16.554792 5.973580
v  18.696360 16.564966 5.919338
v  18.784332 16.564966 5.919338
v  18.784006 16.530672 6.032594
v  18.787457 16.543236 6.153484
v  18.664898 16.538338 5.793689
v  18.674067 16.598783 5.845846
v  18.562138 16.605005 5.866545
v  18.558626 16.591873 5.718812
v  18.563745 16.422325 5.706609
v  18.673683 16.363785 5.803308
v  18.807402 16.364201 5.804894
v  18.816084 16.538479 5.794269
v  18.806824 16.598825 5.845984
v  18.415829 16.370506 5.541037
v  18.429552 16.297646 5.704498
v  18.661491 16.345400 5.385939
v  18.449062 16.324535 5.388176
v  18.761856 16.730858 6.213987
v  18.718836 16.730858 6.213987
v  18.674004 16.736910 6.189901
v  18.629295 16.743755 6.147975
v  18.623714 16.736938 6.150262
v  18.612637 16.717194 6.136332
v  18.609070 16.793283 6.169313
v  18.622997 16.771332 6.169310
v  18.630880 16.756929 6.162370
v  18.589987 16.764910 6.128759
v  18.559618 16.779659 6.121296
v  18.565407 16.745121 6.104026
v  18.593294 16.751554 6.120656
v  18.602779 16.752268 6.120127
v  18.601374 16.758667 6.125972
v  18.775391 16.605221 6.198757
v  18.705301 16.605221 6.198757
v  18.628321 16.624725 6.152667
v  18.755129 16.812687 6.243099
v  18.725563 16.812687 6.243099
v  18.682415 16.754498 6.129069
v  18.723913 16.750151 6.139866
v  18.756779 16.750151 6.139866
v  18.761856 16.731403 6.132208
v  18.718836 16.731403 6.132208
v  18.674347 16.737301 6.120913
v  18.603807 16.758661 6.090476
v  18.631907 16.757515 6.108157
v  18.630322 16.743891 6.100947
v  18.605213 16.752064 6.087512
v  18.504452 16.805510 6.089500
v  18.517748 16.739590 6.066502
v  18.588692 16.692158 6.111753
v  18.554100 16.658623 6.081431
v  18.529396 16.618904 5.985144
v  18.701473 16.861797 6.263634
v  18.716242 16.865818 6.299597
v  18.734690 16.856720 6.277264
v  18.746002 16.856720 6.277264
v  18.764450 16.865818 6.299597
v  18.723482 16.879795 6.254271
v  18.718344 16.874598 6.282045
v  18.708170 16.870945 6.258207
v  18.721813 16.864449 6.242755
v  18.731987 16.868101 6.266594
v  18.726181 16.836452 6.240326
v  18.719921 16.852701 6.241301
v  18.754511 16.836452 6.240326
v  18.760771 16.852701 6.241301
v  18.675077 16.231123 5.881551
v  18.459879 16.237833 5.835607
v  18.457142 16.182400 5.875307
v  18.672283 16.162840 5.919796
v  18.811007 16.163588 5.922572
v  18.807167 16.231730 5.883834
v  18.448536 16.028013 5.938762
v  18.664143 16.009842 5.988663
v  18.821560 16.011232 5.993712
v  18.448362 15.712715 6.047988
v  18.652290 15.693400 6.104771
v  18.837341 15.696669 6.116432
v  18.804554 16.345715 5.388506
v  18.639688 15.483518 6.104264
v  18.445629 15.472233 6.038753
v  18.459148 15.086981 6.001624
v  18.642895 15.088486 6.059977
v  18.833515 15.089209 6.063767
v  18.844959 15.485990 6.114312
v  18.498001 14.645699 6.012716
v  18.671049 14.611676 6.063222
v  18.807070 14.611750 6.063686
v  18.371706 15.754110 5.212191
v  18.639000 15.709747 5.279872
v  18.654274 15.410671 5.349776
v  18.430573 15.438438 5.298765
v  18.159204 15.483330 5.353407
v  18.028542 15.847156 5.263617
v  18.125143 16.112972 5.325587
v  18.441246 16.089502 5.266909
v  18.670000 16.068584 5.305593
v  18.202089 16.057478 5.807763
v  18.210951 16.179470 5.765699
v  18.139610 16.203438 5.674066
v  18.112185 16.232536 5.582507
v  18.008701 16.189894 5.625161
v  18.083229 16.032366 5.730776
v  18.118055 15.773211 5.685407
v  18.249475 15.760951 5.843780
v  18.708075 14.335915 5.635906
v  18.696646 14.370827 6.023160
v  18.521521 14.406450 5.994678
v  18.519562 14.123256 5.957722
v  18.675207 14.162505 5.643897
v  18.528910 14.252323 5.296160
v  18.528593 14.571505 5.253360
v  18.704327 14.577984 5.303970
v  18.768118 14.577922 5.304070
v  18.771477 14.335908 5.635885
v  18.782499 14.370827 6.023193
v  18.129852 15.485754 5.552373
v  17.991980 15.691360 5.489263
v  17.875772 15.882491 5.359485
v  18.286659 15.059778 5.476276
v  18.232592 15.061432 5.663216
v  18.313362 15.071025 5.856535
v  18.281210 15.465240 5.837570
v  18.233904 16.243881 5.668739
v  18.235058 16.208246 5.753209
v  18.288940 14.755171 5.449684
v  18.203585 14.726516 5.661290
v  18.305986 14.691674 5.874636
v  18.770670 16.068716 5.308826
v  18.762165 15.709568 5.287766
v  18.768272 15.410480 5.355335
v  18.203314 16.273565 5.456301
v  18.498024 15.049074 5.379511
v  18.677691 15.031741 5.400994
v  18.694574 14.733691 5.360890
v  18.522943 14.757187 5.340179
v  18.278223 14.489592 5.886366
v  18.152199 14.555971 5.646589
v  18.111801 14.336631 5.651909
v  18.247007 14.227714 5.901051
v  18.772821 15.031535 5.403120
v  18.772718 14.733579 5.361254
v  18.261105 14.569029 5.367064
v  18.238422 16.290623 5.563129
v  17.930874 16.121227 5.447845
v  18.238464 14.322016 5.361286
v  18.497637 13.720815 5.933649
v  18.655371 13.737323 5.663955
v  18.513596 13.824770 5.378720
v  18.209854 13.911500 5.383052
v  18.068497 13.896480 5.642299
v  18.214525 13.793257 5.907734
v  18.260962 10.706282 6.171801
v  18.362181 10.747864 6.174492
v  18.247883 10.743532 6.282726
v  18.068609 10.743532 6.243634
v  18.076294 10.706282 6.119510
v  18.088936 10.706282 5.950509
v  18.273872 10.706018 5.996931
v  18.377474 10.756264 6.010119
v  17.959774 10.747864 6.075224
v  17.977812 10.756529 5.916044
v  18.302973 10.706020 5.753240
v  18.415771 10.779404 5.745845
v  18.135506 10.706284 5.746333
v  18.190166 10.704605 5.477384
v  18.337700 10.704604 5.481284
v  18.445539 10.801020 5.476108
v  18.033783 10.779667 5.723568
v  18.095064 10.801020 5.460349
v  18.211388 10.803566 5.314947
v  18.356405 10.803566 5.342329
v  18.268610 10.915459 6.168849
v  18.251879 10.827499 6.282585
v  18.370092 10.843472 6.177285
v  18.386734 10.868044 6.009412
v  18.283424 10.950351 5.994569
v  18.082495 10.936594 5.949021
v  18.075670 10.895663 6.115822
v  18.067829 10.821722 6.240824
v  17.971079 10.854288 5.916211
v  17.959412 10.823678 6.077281
v  18.291119 11.022411 5.791995
v  18.407080 10.932471 5.766020
v  18.436991 10.999128 5.498897
v  18.395416 11.121115 5.532779
v  18.298258 11.121115 5.654741
v  18.159990 11.121115 5.633205
v  18.123333 11.022673 5.763753
v  18.137495 11.121115 5.492418
v  18.100847 10.999128 5.466249
v  18.024775 10.932734 5.722409
v  18.218863 11.002514 5.331833
v  18.361725 11.002514 5.355828
v  18.229406 11.121115 5.378633
v  18.349062 11.121115 5.397459
v  18.387274 11.159652 5.519312
v  18.294132 11.159653 5.633425
v  18.172195 11.159652 5.618186
v  18.135071 11.159651 5.489954
v  18.215225 11.159653 5.377825
v  18.345491 11.159653 5.391944
v  18.395798 11.298634 5.499732
v  18.304817 11.298635 5.618750
v  18.199900 11.298635 5.613670
v  18.142082 11.298634 5.489946
v  18.207262 11.298634 5.372744
v  18.356060 11.298634 5.377450
v  18.335461 11.761851 5.653004
v  18.247755 11.761852 5.653004
v  18.457483 11.838906 5.484322
v  18.508499 12.565501 5.551288
v  18.400644 12.420029 5.725366
v  18.272123 12.420029 5.725366
v  18.118450 11.838906 5.484322
v  18.136946 12.565501 5.551289
v  18.157560 11.931528 5.274421
v  18.191313 12.707266 5.335993
v  18.408886 11.931528 5.274421
v  18.434345 12.707267 5.335992
v  18.465134 13.307299 5.912128
v  18.237255 13.333937 5.904713
v  18.255375 13.045765 5.866310
v  18.461447 13.045766 5.866309
v  18.537691 13.007936 5.718656
v  18.573454 13.259581 5.676008
v  18.125441 13.321568 5.660385
v  18.169949 13.007936 5.718657
v  18.237024 13.301336 5.426115
v  18.169954 12.895928 5.672092
v  18.457146 13.265989 5.434319
v  18.537693 12.895929 5.672091
v  18.461451 12.839205 5.796462
v  18.255381 12.839204 5.796463
v  17.780519 15.518373 5.493157
v  17.628542 15.610409 5.504730
v  17.747103 15.764215 5.469212
v  17.888742 15.660825 5.499930
v  18.002367 15.667515 5.656111
v  17.921803 15.491475 5.640577
v  17.781235 15.259166 5.631911
v  17.633547 15.283588 5.509615
v  17.497923 15.347537 5.558108
v  17.620054 15.650318 5.689314
v  17.720604 15.865208 5.654699
v  17.488609 15.395425 5.717330
v  17.768551 15.608772 5.826185
v  17.840748 15.836725 5.801240
v  17.640362 15.373278 5.830356
v  17.915348 15.539947 5.785161
v  17.982008 15.744426 5.775725
v  17.785776 15.295859 5.787276
v  17.765755 15.126522 5.666803
v  17.633848 15.031324 5.582685
v  17.477554 15.055032 5.646956
v  17.471212 15.105662 5.835104
v  17.641882 15.182533 5.876501
v  17.783024 15.200679 5.786595
v  18.054398 15.723337 5.669802
v  17.922794 15.689199 5.495208
v  17.794580 15.841554 5.418741
v  17.801363 16.054724 5.566159
v  17.908587 16.072334 5.736445
v  18.039995 15.895453 5.772666
v  18.105066 15.088024 5.900476
v  17.997585 14.964045 5.846434
v  17.864122 14.905277 5.932935
v  17.854500 15.014093 6.069525
v  17.996607 15.138914 6.081668
v  18.112085 15.150620 5.999818
v  18.287695 15.076229 6.090803
v  18.277046 14.997431 6.079332
v  18.232817 14.947989 6.117494
v  18.196411 14.996241 6.182103
v  18.214270 15.083089 6.185524
v  18.259790 15.111414 6.134054
v  18.550262 15.098818 6.479823
v  18.532829 15.059182 6.525574
v  18.597734 15.102430 6.548064
v  18.583153 15.111765 6.490742
v  18.649111 15.084551 6.488202
v  18.662603 15.077427 6.490280
v  18.643444 15.072701 6.434087
v  18.619066 15.043899 6.436678
v  18.522358 15.066233 6.366802
v  18.467527 15.122611 6.404690
v  18.469652 15.151945 6.424810
v  18.468216 15.105137 6.479623
v  18.701498 15.049777 6.425863
v  18.696337 15.058298 6.409701
v  18.678780 15.051725 6.358236
v  18.659105 15.019269 6.365023
v  18.565519 15.041877 6.296740
v  18.731390 15.032811 6.344053
v  18.728800 15.020807 6.337782
v  18.712219 15.011234 6.297740
v  18.691696 15.002681 6.290628
v  18.619135 15.020512 6.236768
v  18.744495 14.983226 6.286577
v  18.701044 14.946702 6.263703
v  18.624569 14.952997 6.209103
v  18.403921 15.088953 6.277600
v  18.372124 15.105433 6.351284
v  18.358295 15.123748 6.393787
v  18.401497 15.171794 6.395752
v  18.446913 15.059728 6.198252
v  18.512388 15.030684 6.158381
v  18.539049 14.971764 6.162684
v  18.549759 14.989290 6.523317
v  18.660194 15.085588 6.539724
v  18.467543 15.026166 6.506608
v  18.436768 14.995062 6.462314
v  18.459227 14.933334 6.373747
v  18.610985 14.933870 6.467954
v  18.728037 15.048234 6.490335
v  18.505112 14.908976 6.295206
v  18.648161 14.911426 6.386858
v  18.749905 15.033566 6.398838
v  18.563477 14.904103 6.232178
v  18.684879 14.906401 6.311482
v  18.767546 14.993446 6.330468
v  18.400909 15.101612 6.501695
v  18.343115 15.051155 6.458926
v  18.334555 14.993213 6.375524
v  18.353558 14.958853 6.296842
v  18.397163 14.934602 6.219923
v  18.470879 14.925935 6.171542
v  18.435602 14.975737 6.135322
v  18.279968 14.972669 6.204101
v  18.326220 14.965431 6.130264
v  18.348492 15.038062 6.128222
v  18.311409 15.056311 6.324586
v  18.321600 15.092636 6.190811
v  18.282675 15.066079 6.238376
v  18.273806 15.013541 6.233580
v  18.330532 15.079274 6.412991
v  18.342560 15.135439 6.430639
v  18.353222 15.193212 6.436895
v  18.622469 15.325869 6.367357
v  18.576460 15.288747 6.411926
v  18.561169 15.296402 6.356178
v  18.563194 15.343168 6.373282
v  18.578489 15.335254 6.428841
v  18.480131 15.207332 6.464542
v  18.442554 15.244680 6.493834
v  18.409761 15.277660 6.428442
v  18.445902 15.245283 6.398374
v  18.499294 15.278528 6.391897
v  18.522268 15.274760 6.448327
v  18.495758 15.321009 6.467104
v  18.473078 15.324553 6.410354
v  18.728596 15.090216 6.269639
v  18.730740 15.117353 6.284473
v  18.720015 15.126212 6.271934
v  18.723959 15.100556 6.261209
v  18.741249 15.106437 6.237831
v  18.753105 15.098863 6.247378
v  18.770233 15.076609 6.268518
v  18.742264 15.070439 6.287632
v  18.750423 15.096098 6.306560
v  18.755869 15.125510 6.262844
v  18.737236 15.132154 6.248483
v  18.779531 15.104698 6.287042
v  18.668633 15.088261 6.230072
v  18.686127 15.084747 6.244725
v  18.672813 15.102979 6.247974
v  18.677540 15.105008 6.225334
v  18.690763 15.086586 6.222115
v  18.752752 15.062404 6.297515
v  18.764154 15.081536 6.321031
v  18.794121 15.083279 6.306048
v  18.740564 15.047392 6.296896
v  18.755110 15.055607 6.329803
v  18.765100 15.074466 6.324713
v  18.752892 15.060704 6.298283
v  18.785175 15.056595 6.287422
v  18.778721 15.034665 6.290568
v  18.711206 15.094333 6.256313
v  18.718983 15.099533 6.228919
v  18.736052 15.107134 6.234115
v  18.722460 15.101126 6.259986
v  18.714430 15.127539 6.267671
v  18.697863 15.119312 6.259778
v  18.793158 15.043680 6.323021
v  18.797598 15.072549 6.312960
v  18.705332 15.124152 6.232355
v  18.727287 15.133494 6.241347
v  18.782469 15.062119 6.283324
v  18.666950 15.138685 6.311233
v  18.670832 15.175326 6.329578
v  18.656849 15.183206 6.315012
v  18.665775 15.150079 6.304404
v  18.683748 15.157648 6.272367
v  18.697060 15.149053 6.282896
v  18.720583 15.123505 6.309612
v  18.684990 15.112986 6.334772
v  18.696486 15.150240 6.357146
v  18.701719 15.187103 6.301079
v  18.676645 15.191144 6.283983
v  18.733173 15.162322 6.331949
v  18.592915 15.135592 6.262659
v  18.614182 15.130125 6.281109
v  18.598125 15.153276 6.285610
v  18.604725 15.156257 6.257271
v  18.620665 15.133049 6.252721
v  18.702656 15.100712 6.351045
v  18.713682 15.131380 6.375534
v  18.751305 15.140946 6.353096
v  18.703190 15.089451 6.356811
v  18.719465 15.105391 6.394293
v  18.719742 15.124400 6.382404
v  18.706991 15.096011 6.355865
v  18.745298 15.100660 6.336094
v  18.751423 15.082047 6.345022
v  18.645954 15.139636 6.297026
v  18.655661 15.146734 6.262157
v  18.676834 15.156413 6.268438
v  18.662605 15.148681 6.303027
v  18.649258 15.182325 6.310479
v  18.628984 15.171144 6.301304
v  18.768250 15.101163 6.381240
v  18.758936 15.132382 6.361579
v  18.639645 15.178984 6.266706
v  18.663940 15.190134 6.276149
v  18.739065 15.106977 6.329419
v  18.657726 15.159629 6.399828
v  18.659971 15.196980 6.420291
v  18.645018 15.202611 6.407106
v  18.654232 15.171495 6.392156
v  18.670944 15.179200 6.362463
v  18.687384 15.174242 6.372325
v  18.714571 15.146079 6.401393
v  18.679876 15.133185 6.425107
v  18.686323 15.167139 6.449365
v  18.684414 15.214092 6.388607
v  18.655066 15.211669 6.372930
v  18.722023 15.183710 6.424529
v  18.569828 15.152519 6.352399
v  18.595871 15.147755 6.369838
v  18.578299 15.169644 6.377056
v  18.581423 15.174423 6.348426
v  18.599024 15.152412 6.341282
v  18.695778 15.119971 6.440544
v  18.706072 15.146730 6.469519
v  18.743105 15.157473 6.449034
v  18.683681 15.105320 6.441133
v  18.700653 15.116808 6.484037
v  18.711269 15.139080 6.476120
v  18.697790 15.118466 6.442516
v  18.737921 15.117292 6.429267
v  18.730911 15.093509 6.433329
v  18.632349 15.159187 6.385426
v  18.638254 15.167375 6.351342
v  18.662022 15.176811 6.358450
v  18.650169 15.170327 6.390373
v  18.636484 15.200948 6.402975
v  18.613798 15.188800 6.393670
v  18.750910 15.109101 6.476343
v  18.750408 15.145653 6.458803
v  18.619104 15.197710 6.358900
v  18.643499 15.209435 6.367315
v  18.732328 15.124357 6.422677
v  18.589729 15.209143 6.449520
v  18.593838 15.246167 6.467833
v  18.579775 15.255158 6.452695
v  18.587221 15.222313 6.440995
v  18.607342 15.229771 6.410398
v  18.622717 15.222208 6.421772
v  18.646118 15.195785 6.448806
v  18.608404 15.183882 6.473265
v  18.618744 15.218154 6.496301
v  18.624666 15.257246 6.439623
v  18.598387 15.262673 6.421098
v  18.656750 15.229705 6.472197
v  18.515469 15.206900 6.400404
v  18.537151 15.201554 6.419066
v  18.520645 15.224863 6.423203
v  18.527203 15.228342 6.394603
v  18.543373 15.204927 6.390299
v  18.623657 15.171193 6.488194
v  18.637102 15.197999 6.516060
v  18.676191 15.201918 6.497206
v  18.615879 15.152378 6.492128
v  18.635817 15.163722 6.534478
v  18.641685 15.188915 6.522985
v  18.626011 15.169577 6.490283
v  18.665956 15.166467 6.475124
v  18.660601 15.139627 6.480433
v  18.569046 15.212502 6.434388
v  18.578718 15.220165 6.399232
v  18.599991 15.228860 6.406038
v  18.584948 15.221695 6.439835
v  18.572081 15.254714 6.447892
v  18.551678 15.243713 6.438548
v  18.681149 15.151654 6.522947
v  18.681643 15.189176 6.506258
v  18.563057 15.252501 6.403970
v  18.587801 15.262938 6.414037
v  18.661270 15.174645 6.468604
v  18.534275 15.280376 6.441778
v  18.511723 15.282282 6.386418
v  18.509588 15.327576 6.460244
v  18.487034 15.329515 6.404933
v  18.972139 17.260498 6.151638
v  18.988676 17.346567 6.147206
v  18.887938 17.364828 6.203635
v  18.889681 17.258322 6.197393
v  18.900215 17.203917 6.173329
v  18.963154 17.211824 6.142541
v  19.018789 17.193729 6.102103
v  19.042009 17.228994 6.091599
v  19.069870 17.290236 6.064538
v  19.050323 17.158176 6.062722
v  19.075527 17.175795 6.039074
v  19.107595 17.205109 5.989462
v  19.061127 17.118343 6.045197
v  19.083244 17.118813 6.013424
v  19.114693 17.121271 5.955529
v  19.071484 17.067865 6.020297
v  19.102390 17.047651 5.965517
v  19.049294 17.080423 6.053017
v  19.015402 17.040916 6.091030
v  19.035809 17.014343 6.067433
v  19.064699 16.975521 6.035344
v  18.950762 17.020874 6.139682
v  18.962837 16.982277 6.130349
v  18.976969 16.936642 6.128573
v  18.874449 17.031507 6.167375
v  18.865177 16.987118 6.169200
v  18.853668 16.939829 6.178882
v  18.820189 17.053194 6.179806
v  18.796148 17.014776 6.197333
v  18.781065 16.967922 6.216453
v  18.799477 17.084406 6.186280
v  18.773336 17.071325 6.206732
v  18.814650 17.129492 6.189050
v  18.789145 17.144705 6.204955
v  18.851261 17.172146 6.188204
v  18.829380 17.211931 6.211557
v  18.953033 17.169714 6.162896
v  18.996567 17.164160 6.135852
v  19.006844 17.175156 6.126032
v  18.957756 17.185242 6.159272
v  18.904139 17.175171 6.176596
v  18.906288 17.158422 6.172236
v  18.890253 17.151230 6.097758
v  18.941841 17.167015 6.090199
v  18.982172 17.163118 6.066595
v  19.024019 17.139145 6.100744
v  19.036163 17.146135 6.085689
v  19.002262 17.139376 6.039360
v  19.034641 17.119949 6.084972
v  19.039436 17.117805 6.080342
v  19.047379 17.118002 6.067840
v  19.010853 17.119869 6.027083
v  19.026321 17.100529 6.092127
v  18.998037 17.074738 6.122882
v  19.005875 17.062681 6.114113
v  19.036772 17.093428 6.077546
v  19.033987 17.115227 6.081307
v  19.010254 17.114866 6.020345
v  19.003157 17.101004 6.031261
v  18.976004 17.076645 6.056045
v  18.939751 17.066425 6.155733
v  18.944675 17.050119 6.153514
v  18.916433 17.074350 6.084984
v  18.883860 17.080280 6.167493
v  18.879995 17.062420 6.169636
v  18.871878 17.089058 6.129260
v  18.858156 17.090813 6.169532
v  18.843792 17.077919 6.171832
v  18.860830 17.093956 6.164559
v  18.847765 17.094530 6.171364
v  18.830133 17.091345 6.175037
v  18.852600 17.096123 6.166878
v  18.853342 17.103249 6.171693
v  18.838711 17.112562 6.180590
v  18.857185 17.103607 6.166424
v  18.874006 17.128139 6.173645
v  18.865259 17.144285 6.183985
v  18.865704 17.122141 6.133222
v  18.856964 17.106169 6.094725
v  18.859243 17.099661 6.163140
v  19.033499 17.117575 6.081396
v  19.010109 17.117369 6.019435
v  18.991915 17.117365 5.961491
v  18.779806 16.930922 6.235999
v  18.789770 16.873266 6.262859
v  18.789526 16.899942 6.254187
v  18.778831 16.837284 6.234763
v  18.829458 16.833780 6.208302
v  18.833776 16.877117 6.206584
v  18.850515 16.901623 6.191348
v  18.901857 17.506739 6.124502
v  18.910824 17.613667 5.972795
v  18.909933 17.643515 5.792988
v  18.927547 17.602161 5.644505
v  18.955542 17.493965 5.533750
v  18.962940 17.330761 5.457228
v  18.955502 17.140562 5.431821
v  18.932947 16.975483 5.465274
v  18.915081 16.843992 5.525802
v  18.958786 16.750824 5.626441
v  18.916130 16.666054 5.580891
v  18.930857 16.506365 5.554362
v  18.912191 16.833179 6.157090
v  18.964025 16.889648 6.136813
v  19.119301 17.019854 5.870666
v  19.129484 17.127653 5.858971
v  19.125311 17.244616 5.897767
v  19.110065 17.139849 5.710884
v  19.117113 17.285610 5.758006
v  19.095312 16.990866 5.720320
v  19.032827 16.977476 5.570589
v  19.052311 17.144470 5.547075
v  19.062189 17.315723 5.588837
v  19.087280 17.367008 5.977504
v  19.005043 17.460249 6.063532
v  19.087982 17.428898 5.836773
v  19.011492 17.547123 5.914060
v  19.047546 17.464451 5.667817
v  18.997192 17.575125 5.749553
v  19.006319 16.830662 5.628888
v  19.086571 16.910973 5.938841
v  19.073420 16.842577 5.770785
v  19.037886 16.838869 6.025912
v  19.008144 16.734364 6.002183
v  19.022161 16.709173 5.862483
v  18.976929 16.677982 5.752137
v  18.804518 16.774536 6.219230
v  18.807829 16.795963 6.219092
v  18.799135 16.754684 6.207122
v  18.811251 16.698538 6.184931
v  18.810059 16.721130 6.195094
v  18.821924 16.673498 6.166614
v  18.851500 16.554352 5.971867
v  18.876892 16.567867 6.096179
v  18.922342 16.592176 5.719886
v  18.910568 16.603086 5.861760
v  18.917006 16.423227 5.710290
v  19.052370 16.300262 5.713682
v  19.059605 16.372690 5.550198
v  19.014284 16.325420 5.395896
v  18.806686 16.736910 6.189901
v  18.868053 16.717194 6.136332
v  18.856976 16.736938 6.150262
v  18.851397 16.743755 6.147975
v  18.849812 16.756929 6.162370
v  18.857695 16.771332 6.169310
v  18.871620 16.793283 6.169313
v  18.890705 16.764910 6.128759
v  18.921072 16.779659 6.121296
v  18.879318 16.758667 6.125972
v  18.877913 16.752268 6.120127
v  18.887398 16.751554 6.120656
v  18.915285 16.745121 6.104026
v  18.852371 16.624725 6.152667
v  18.798275 16.754498 6.129069
v  18.806345 16.737301 6.120913
v  18.848783 16.757515 6.108157
v  18.876884 16.758661 6.090476
v  18.850370 16.743891 6.100947
v  18.875479 16.752064 6.087512
v  18.976240 16.805510 6.089500
v  18.892000 16.692158 6.111753
v  18.962944 16.739590 6.066502
v  18.951296 16.618904 5.985144
v  18.926592 16.658623 6.081431
v  18.779219 16.861797 6.263634
v  18.757210 16.879795 6.254271
v  18.772520 16.870945 6.258207
v  18.762348 16.874598 6.282045
v  18.748705 16.868101 6.266594
v  18.758879 16.864449 6.242755
v  19.025492 16.240618 5.844103
v  19.029739 16.185507 5.884676
v  19.042521 16.032755 5.954120
v  19.052050 15.722237 6.081016
v  19.043989 15.480312 6.069085
v  19.016226 15.089011 6.011985
v  18.979427 14.646049 6.014914
v  18.977165 15.748293 5.241610
v  18.956512 15.435328 5.317829
v  18.986359 16.088711 5.279531
v  19.283499 16.103931 5.312418
v  19.243803 15.819976 5.244037
v  19.183743 15.471497 5.365460
v  19.302708 16.064604 5.824195
v  19.458033 16.041119 5.723623
v  19.502626 16.186813 5.578535
v  19.376158 16.234867 5.577980
v  19.364201 16.210073 5.679667
v  19.289324 16.186367 5.779044
v  19.267229 15.777747 5.895370
v  19.386423 15.784843 5.714900
v  18.804741 14.162497 5.643906
v  18.960440 14.123257 5.957841
v  18.957462 14.406506 5.995190
v  18.942978 14.571062 5.253333
v  18.948717 14.252176 5.296119
v  19.269545 15.483002 5.579317
v  19.394220 15.838753 5.261209
v  19.349655 15.673448 5.476024
v  19.200232 15.476767 5.885316
v  19.155167 15.073004 5.869621
v  19.218361 15.060434 5.670935
v  19.149799 15.056818 5.480790
v  19.261328 16.214594 5.766513
v  19.255138 16.248928 5.680140
v  19.169479 14.691808 5.876939
v  19.267155 14.725638 5.660397
v  19.175762 14.753783 5.449052
v  19.260584 16.273970 5.458572
v  18.945038 15.047702 5.385390
v  18.941881 14.756477 5.341132
v  19.199699 14.489573 5.887156
v  19.232794 14.227674 5.901136
v  19.366560 14.336336 5.651234
v  19.322666 14.555317 5.645418
v  19.210810 14.568134 5.365852
v  19.476524 16.095480 5.355456
v  19.240179 16.293995 5.571976
v  19.238493 14.321626 5.360572
v  18.966482 13.824747 5.378627
v  18.825127 13.737315 5.663941
v  18.982903 13.720811 5.933683
v  19.270029 13.911421 5.382822
v  19.411755 13.896420 5.642137
v  19.266012 13.793243 5.907719
v  19.219725 10.706282 6.171801
v  19.232803 10.743534 6.282727
v  19.118505 10.747864 6.174492
v  19.103214 10.756264 6.010119
v  19.206814 10.706018 5.996931
v  19.391750 10.706283 5.950509
v  19.404392 10.706282 6.119511
v  19.412079 10.743532 6.243634
v  19.502876 10.756529 5.916045
v  19.520912 10.747865 6.075224
v  19.177715 10.706018 5.753241
v  19.064919 10.779402 5.745845
v  19.035151 10.801018 5.476109
v  19.142988 10.704603 5.481285
v  19.290524 10.704603 5.477385
v  19.345184 10.706282 5.746334
v  19.385626 10.801018 5.460350
v  19.446907 10.779667 5.723569
v  19.124285 10.803564 5.342330
v  19.269302 10.803564 5.314947
v  19.212076 10.915459 6.168849
v  19.110596 10.843472 6.177285
v  19.228809 10.827499 6.282586
v  19.412859 10.821724 6.240825
v  19.405018 10.895664 6.115822
v  19.398193 10.936594 5.949021
v  19.197264 10.950350 5.994570
v  19.093954 10.868044 6.009412
v  19.521275 10.823677 6.077281
v  19.509609 10.854288 5.916212
v  19.189569 11.022409 5.791995
v  19.073610 10.932470 5.766020
v  19.357357 11.022672 5.763754
v  19.320698 11.121113 5.633205
v  19.182432 11.121113 5.654742
v  19.085272 11.121115 5.532780
v  19.043699 10.999127 5.498898
v  19.455915 10.932733 5.722410
v  19.379843 10.999127 5.466249
v  19.343193 11.121114 5.492418
v  19.261826 11.002514 5.331833
v  19.118963 11.002514 5.355829
v  19.251282 11.121115 5.378634
v  19.131628 11.121115 5.397459
v  19.308495 11.159651 5.618187
v  19.186558 11.159651 5.633426
v  19.093414 11.159651 5.519312
v  19.345617 11.159651 5.489954
v  19.265463 11.159651 5.377825
v  19.135199 11.159651 5.391944
v  19.280790 11.298635 5.613671
v  19.175871 11.298635 5.618751
v  19.084890 11.298634 5.499732
v  19.338606 11.298634 5.489946
v  19.273426 11.298634 5.372745
v  19.124628 11.298634 5.377451
v  19.145227 11.761851 5.653004
v  19.232933 11.761850 5.653004
v  19.208565 12.420029 5.725366
v  19.080044 12.420029 5.725366
v  18.972187 12.565502 5.551289
v  19.023205 11.838907 5.484322
v  19.362238 11.838907 5.484322
v  19.343742 12.565500 5.551289
v  19.323128 11.931527 5.274421
v  19.289371 12.707266 5.335992
v  19.071802 11.931528 5.274421
v  19.046337 12.707266 5.335991
v  19.015528 13.307295 5.912132
v  19.019232 13.045763 5.866310
v  19.225304 13.045763 5.866310
v  19.243401 13.333931 5.904712
v  18.907196 13.259577 5.676011
v  18.942986 13.007935 5.718655
v  19.310730 13.007935 5.718656
v  19.355183 13.321558 5.660371
v  19.310730 12.895927 5.672091
v  19.243582 13.301329 5.426084
v  19.023464 13.265985 5.434298
v  18.942987 12.895927 5.672091
v  19.019234 12.839204 5.796463
v  19.225304 12.839204 5.796463
v  19.434601 15.470077 5.389090
v  19.407330 15.626638 5.433735
v  19.497452 15.702497 5.289631
v  19.549061 15.534742 5.261158
v  19.615656 15.281951 5.245347
v  19.493687 15.228685 5.340394
v  19.510921 15.213284 5.530642
v  19.464874 15.470900 5.592072
v  19.451809 15.660038 5.627013
v  19.669701 15.801855 5.383649
v  19.708549 15.574430 5.365664
v  19.759220 15.317782 5.332638
v  19.697134 15.800948 5.580174
v  19.721010 15.558580 5.568460
v  19.766430 15.299755 5.522876
v  19.569304 15.735515 5.678991
v  19.591730 15.519915 5.666615
v  19.640244 15.247917 5.626261
v  19.645897 15.055229 5.230227
v  19.517138 15.000829 5.347950
v  19.573393 14.917611 5.517085
v  19.823355 15.044586 5.310989
v  19.820024 14.951906 5.493710
v  19.698509 14.880537 5.580212
v  19.462151 15.785779 5.268032
v  19.393501 15.660490 5.443754
v  19.431976 15.725706 5.667115
v  19.609037 16.006269 5.364355
v  19.647015 16.054670 5.591119
v  19.538881 15.899357 5.718296
v  19.725950 14.643345 5.296542
v  19.621134 14.589257 5.411793
v  19.671947 14.518112 5.554551
v  19.884476 14.636998 5.371448
v  19.885731 14.559040 5.529503
v  19.777939 14.494566 5.597799
v  19.811239 14.283361 5.417479
v  19.749886 14.267306 5.481495
v  19.757629 14.275410 5.581207
v  19.891781 14.307390 5.463950
v  19.902245 14.316332 5.562734
v  19.829329 14.300180 5.616077
v  19.864611 13.846139 5.699001
v  19.905821 13.743943 5.704537
v  19.954880 13.758592 5.739056
v  19.923105 13.857251 5.728488
v  19.904984 13.922324 5.724638
v  19.835281 13.914791 5.724605
v  19.832808 13.947742 5.691070
v  19.853708 13.939187 5.604696
v  19.884445 13.806561 5.613662
v  19.907429 13.714610 5.620957
v  19.966396 13.720831 5.656921
v  19.959911 13.731859 5.662946
v  19.847710 13.934092 5.519860
v  19.876503 13.803525 5.528054
v  19.897495 13.711051 5.532615
v  19.958282 13.710048 5.569062
v  19.962387 13.709846 5.577401
v  19.837040 13.913458 5.438803
v  19.862396 13.810216 5.445920
v  19.892229 13.743522 5.450094
v  19.941261 13.736128 5.479246
v  19.945642 13.715956 5.488845
v  19.894245 13.930653 5.390409
v  19.908993 13.836806 5.399701
v  19.926722 13.753617 5.415486
v  19.824821 13.961443 5.764983
v  19.818394 14.040166 5.752304
v  19.817019 14.076316 5.679525
v  19.809872 14.083175 5.597829
v  19.804981 14.080563 5.500077
v  19.812010 14.042313 5.424697
v  19.867569 14.023319 5.394616
v  19.992222 13.874763 5.687489
v  20.008862 13.746639 5.697516
v  20.020689 13.716135 5.613260
v  20.011557 13.848171 5.601555
v  19.987984 14.010873 5.590480
v  19.974602 13.995834 5.678361
v  19.974485 13.942557 5.710376
v  20.006126 13.714975 5.525315
v  20.000320 13.844872 5.513293
v  19.980293 14.003218 5.500198
v  19.975636 13.746677 5.444605
v  19.971079 13.851706 5.432210
v  19.957170 13.980030 5.420240
v  19.944519 13.987523 5.753412
v  19.952848 14.133578 5.584859
v  19.944849 14.115452 5.670272
v  19.926767 14.069270 5.742676
v  19.941164 14.127375 5.484983
v  19.920906 14.083302 5.412063
v  19.850857 14.121326 5.409794
v  19.776962 14.192390 5.486750
v  19.837158 14.209954 5.423792
v  19.911079 14.228437 5.472063
v  19.875229 14.151859 5.671395
v  19.857403 14.219964 5.629024
v  19.784485 14.196062 5.589737
v  19.871748 14.088923 5.736328
v  19.924114 14.235548 5.574383
v  19.866259 14.029257 5.784839
v  19.869375 13.980389 5.817108
v  19.879320 13.663021 5.817000
v  19.843620 13.721407 5.804928
v  19.899088 13.728992 5.788760
v  19.923981 13.723246 5.831999
v  19.868502 13.715577 5.848171
v  19.934916 13.886671 5.804035
v  19.906261 13.866123 5.757260
v  19.869019 13.888364 5.839795
v  19.840715 13.867956 5.793257
v  19.929991 13.811767 5.837749
v  19.912010 13.795315 5.786718
v  19.852320 13.796970 5.799473
v  19.870342 13.813400 5.850553
v  19.936729 13.604835 5.460029
v  19.945946 13.587194 5.461168
v  19.969744 13.591888 5.481751
v  19.965363 13.610196 5.481460
v  19.959221 13.644033 5.478432
v  19.927835 13.639080 5.457238
v  19.956034 13.639413 5.431575
v  19.962162 13.605493 5.434422
v  19.966797 13.587357 5.437159
v  19.990780 13.610867 5.455851
v  19.990587 13.592092 5.457739
v  19.987310 13.644396 5.452763
v  19.979504 13.511942 5.466858
v  19.978394 13.530354 5.482892
v  19.961344 13.529538 5.466184
v  19.976082 13.526660 5.447641
v  19.993147 13.527491 5.464349
v  19.956364 13.668100 5.475716
v  19.925663 13.663799 5.454958
v  19.983906 13.668042 5.450649
v  19.915432 13.697587 5.452424
v  19.924089 13.673189 5.454165
v  19.955667 13.677256 5.474880
v  19.951277 13.699047 5.475351
v  19.946642 13.698017 5.424788
v  19.952557 13.672905 5.429056
v  19.951597 13.560644 5.463544
v  19.948008 13.580265 5.461736
v  19.969404 13.579883 5.437757
v  19.972019 13.559546 5.441030
v  19.974749 13.563928 5.483023
v  19.972313 13.584472 5.482343
v  19.982300 13.699614 5.447698
v  19.984058 13.677049 5.449761
v  19.995102 13.562902 5.460502
v  19.993683 13.584196 5.458354
v  19.953266 13.663670 5.429898
v  19.946705 13.540609 5.546465
v  19.958618 13.518211 5.547925
v  19.988569 13.524480 5.573859
v  19.982651 13.547493 5.573479
v  19.974945 13.590181 5.569660
v  19.935417 13.583841 5.542937
v  19.971035 13.584364 5.510568
v  19.978840 13.541582 5.514162
v  19.984907 13.518711 5.517625
v  20.014860 13.548464 5.541179
v  20.014851 13.525011 5.543556
v  20.010458 13.590736 5.537282
v  20.001156 13.423647 5.555088
v  19.999720 13.446864 5.575309
v  19.978243 13.445829 5.554238
v  19.996845 13.442208 5.530852
v  20.018330 13.443254 5.551923
v  19.971348 13.620567 5.566228
v  19.932539 13.614888 5.540058
v  20.006048 13.620758 5.534595
v  19.919634 13.655175 5.537070
v  19.930405 13.626534 5.539062
v  19.970242 13.632128 5.565158
v  19.965069 13.659955 5.565613
v  19.960619 13.654011 5.502358
v  19.966311 13.626562 5.507372
v  19.965986 13.484993 5.550915
v  19.961363 13.509577 5.548642
v  19.988316 13.509318 5.518381
v  19.991684 13.483680 5.522512
v  19.995134 13.489216 5.575475
v  19.991972 13.515141 5.574612
v  20.006037 13.658824 5.530896
v  20.006042 13.632286 5.533453
v  20.020809 13.487952 5.547068
v  20.018932 13.514939 5.544348
v  19.967377 13.614954 5.508441
v  19.965836 13.532586 5.633677
v  19.978912 13.507529 5.634940
v  20.009357 13.512629 5.660900
v  20.002268 13.538363 5.660720
v  19.992796 13.585996 5.657153
v  19.952841 13.581036 5.630404
v  19.988810 13.580908 5.597996
v  19.998142 13.533222 5.601340
v  20.005417 13.507757 5.604598
v  20.034588 13.539050 5.628379
v  20.035812 13.513112 5.630539
v  20.028460 13.585945 5.624760
v  20.025955 13.401436 5.640901
v  20.023762 13.426552 5.661407
v  20.001741 13.426908 5.640358
v  20.020632 13.422686 5.616892
v  20.042635 13.422342 5.637941
v  19.988024 13.619816 5.653907
v  19.948866 13.615689 5.627708
v  20.023037 13.619291 5.622267
v  19.935276 13.660707 5.624836
v  19.946447 13.628868 5.626753
v  19.986612 13.632686 5.652902
v  19.980009 13.663473 5.653513
v  19.975363 13.657923 5.590279
v  19.982668 13.627688 5.595079
v  19.987701 13.470667 5.637529
v  19.982038 13.497965 5.635553
v  20.009300 13.497272 5.605239
v  20.013733 13.468794 5.609058
v  20.017519 13.473406 5.662085
v  20.013258 13.502159 5.661539
v  20.020172 13.660966 5.618906
v  20.022707 13.632035 5.621197
v  20.043495 13.471670 5.633606
v  20.040470 13.501714 5.631208
v  19.984142 13.614831 5.596072
v  19.953394 13.576215 5.717813
v  19.965147 13.553949 5.719257
v  19.995134 13.560021 5.745206
v  19.989355 13.583045 5.744831
v  19.981691 13.625711 5.741016
v  19.942181 13.619413 5.714292
v  19.977243 13.619791 5.681903
v  19.985165 13.577032 5.685503
v  19.991407 13.554238 5.688970
v  20.021439 13.584003 5.712526
v  20.021393 13.560522 5.714904
v  20.016844 13.626066 5.708633
v  20.007711 13.459202 5.726434
v  20.006268 13.482420 5.746655
v  19.984787 13.481367 5.725585
v  20.003370 13.477758 5.702197
v  20.024866 13.478821 5.723267
v  19.978111 13.656005 5.737595
v  19.939386 13.650474 5.711419
v  20.012703 13.655931 5.705967
v  19.927074 13.690659 5.708474
v  19.937334 13.662303 5.710417
v  19.977127 13.667481 5.736539
v  19.971405 13.694801 5.737137
v  19.967068 13.688890 5.673849
v  19.973156 13.661906 5.678741
v  19.972448 13.520559 5.722256
v  19.967838 13.545220 5.719978
v  19.994825 13.544859 5.689726
v  19.998201 13.519227 5.693857
v  20.001604 13.524755 5.746819
v  19.998482 13.550676 5.745957
v  20.011200 13.693259 5.702488
v  20.012859 13.667368 5.704839
v  20.027271 13.523477 5.718412
v  20.025419 13.550411 5.715696
v  19.974012 13.650339 5.679799
v  19.852282 13.781601 5.800389
v  19.910986 13.780265 5.788880
v  19.928999 13.797022 5.839825
v  19.870300 13.798185 5.851382
v  18.501059 17.299469 6.160442
v  18.551233 17.265562 6.177805
v  18.469017 17.247015 6.121900
v  18.514158 17.230877 6.139452
v  18.422771 17.257055 6.085828
v  18.417435 17.205551 6.063176
v  18.453432 17.207428 6.093230
v  18.388012 17.188923 6.019934
v  18.399343 17.145094 6.021691
v  18.420603 17.165590 6.051724
v  18.393942 17.059761 5.996386
v  18.400419 17.094040 6.013288
v  18.423973 17.041046 6.037372
v  18.422293 17.074055 6.038693
v  18.430168 16.997160 6.053951
v  18.475115 16.993002 6.101440
v  18.457476 17.028463 6.078792
v  18.509710 16.959515 6.129817
v  18.566765 16.980778 6.153242
v  18.525482 17.003281 6.132771
v  18.621748 16.960960 6.173401
v  18.657106 16.999163 6.182479
v  18.609840 17.012550 6.166964
v  18.694344 16.990555 6.206680
v  18.700426 17.037613 6.207504
v  18.672504 17.036888 6.188385
v  18.717628 17.065056 6.215575
v  18.704628 17.109245 6.203166
v  18.695900 17.078775 6.196585
v  18.705631 17.150530 6.216390
v  18.672358 17.178627 6.208840
v  18.678783 17.137018 6.194217
v  18.671274 17.231882 6.233488
v  18.625246 17.240028 6.209084
v  18.638773 17.188461 6.192460
v  18.595448 17.305044 6.213336
v  18.584375 17.224625 6.176995
v  18.726799 17.019432 6.233954
v  18.740345 17.062965 6.224555
v  18.728390 17.110117 6.216805
v  18.740345 17.152472 6.226234
v  18.713026 17.193745 6.235722
v  18.740345 17.236979 6.250329
v  18.694809 17.291100 6.248282
v  18.503031 17.168760 6.153163
v  18.525681 17.174952 6.163180
v  18.531254 17.167683 6.143532
v  18.553087 17.166456 6.168203
v  18.469238 17.154696 6.116526
v  18.479725 17.168001 6.134204
v  18.489552 17.162807 6.117730
v  18.448315 17.125050 6.089796
v  18.451180 17.141378 6.095851
v  18.464569 17.138716 6.086527
v  18.465698 17.087019 6.104363
v  18.449234 17.098475 6.087311
v  18.462683 17.100924 6.078080
v  18.448196 17.111263 6.084874
v  18.507111 17.066826 6.141925
v  18.478828 17.070768 6.121508
v  18.490028 17.076170 6.105355
v  18.574173 17.071566 6.164268
v  18.538864 17.060873 6.156406
v  18.547617 17.069881 6.136818
v  18.611944 17.088163 6.168288
v  18.598236 17.074482 6.169364
v  18.599388 17.083807 6.156600
v  18.629297 17.091757 6.170724
v  18.627497 17.086802 6.171467
v  18.620495 17.092384 6.166928
v  18.632563 17.098555 6.171628
v  18.638971 17.093250 6.173690
v  18.630079 17.095413 6.168836
v  18.618364 17.111986 6.172164
v  18.632658 17.105492 6.175327
v  18.624739 17.103422 6.168967
v  18.592102 17.145641 6.174286
v  18.610119 17.132687 6.177708
v  18.607513 17.126129 6.162062
v  18.575319 17.163719 6.174789
v  18.578032 17.155518 6.152153
v  18.514149 17.166506 6.082121
v  18.548449 17.167027 6.019883
v  18.566366 17.162603 6.094266
v  18.487951 17.154770 6.050160
v  18.509258 17.164261 5.998952
v  18.471783 17.125040 6.032298
v  18.495274 17.140579 5.975717
v  18.488111 17.088278 6.040783
v  18.495655 17.100925 5.968057
v  18.471970 17.111105 6.025207
v  18.529367 17.070526 6.072345
v  18.522989 17.076641 5.990842
v  18.595396 17.082424 6.101457
v  18.585886 17.079325 6.016690
v  18.613853 17.093241 6.154819
v  18.618973 17.096394 6.102845
v  18.625164 17.093988 6.166054
v  18.620293 17.096167 6.163078
v  18.627813 17.099586 6.167009
v  18.625650 17.097319 6.165108
v  18.618216 17.110390 6.157652
v  18.622721 17.102716 6.164378
v  18.607752 17.136532 6.108226
v  18.622570 17.115660 6.104863
v  18.607233 17.146254 6.026206
v  18.619476 17.102747 6.145002
v  18.435991 17.128912 6.073114
v  18.438736 17.117867 6.076626
v  18.426439 17.118174 6.056519
v  18.436090 17.107981 6.069456
v  18.447250 17.116102 6.080467
v  18.443272 17.117735 6.081195
v  18.455475 17.117422 6.065843
v  18.446726 17.119055 6.083197
v  18.470715 17.115788 6.017985
v  18.484392 17.117367 5.974032
v  18.470230 17.118950 6.023025
v  18.455198 17.115032 6.067464
v  18.442781 17.115974 6.079668
v  18.442289 17.119526 6.082415
v  18.454557 17.119818 6.071899
v  18.483908 17.119316 5.980341
v  18.488451 17.117365 5.965380
v  18.484327 17.115414 5.973752
v  18.550810 17.212360 6.158947
v  18.486092 17.204786 6.123723
v  18.520021 17.198294 6.152087
v  18.443737 17.178308 6.080747
v  18.467552 17.184204 6.114332
v  18.422180 17.136974 6.050160
v  18.437372 17.152155 6.073549
v  18.422607 17.100191 6.046570
v  18.445704 17.060259 6.067012
v  18.438087 17.086903 6.065293
v  18.492563 17.026440 6.117707
v  18.470383 17.052166 6.103139
v  18.570213 17.022978 6.156417
v  18.532879 17.036131 6.147719
v  18.636757 17.042799 6.174517
v  18.603575 17.047094 6.168808
v  18.675861 17.065971 6.183605
v  18.648611 17.066078 6.173615
v  18.677595 17.106312 6.188028
v  18.665400 17.088501 6.178277
v  18.649130 17.152065 6.189167
v  18.653662 17.121536 6.185743
v  18.606646 17.189507 6.183734
v  18.622057 17.158812 6.188732
v  18.578228 17.189623 6.176496
v  18.410597 17.118547 6.031593
v  18.381964 17.119576 5.988725
v  18.551954 17.183447 6.168165
v  18.495047 17.181997 6.146400
v  18.457590 17.163580 6.103888
v  18.456821 17.077330 6.092352
v  18.500389 17.052578 6.136583
v  18.572515 17.053877 6.164626
v  18.621758 17.071764 6.171165
v  18.646402 17.083557 6.172750
v  18.649153 17.101080 6.177910
v  18.630316 17.126669 6.182730
v  18.597466 17.161690 6.182544
v  18.711996 16.982933 6.237206
v  18.725702 16.966101 6.261412
v  18.740345 16.987936 6.250156
v  18.725199 16.938688 6.286832
v  18.740345 16.923050 6.307540
v  18.701998 16.915257 6.282744
v  18.714306 16.903290 6.310616
v  18.697571 16.915598 6.245325
v  18.673138 16.886223 6.227611
v  18.687128 16.885363 6.260669
v  18.713026 16.945789 6.260360
v  18.701454 16.947752 6.226333
v  18.677441 16.913887 6.209993
v  18.740345 17.359787 6.240436
v  18.690060 17.439848 6.205318
v  18.642561 17.363228 6.221550
v  18.740345 17.519712 6.163894
v  18.683653 17.590189 6.092975
v  18.632992 17.516882 6.145044
v  18.740345 17.640699 6.009798
v  18.682592 17.667707 5.904819
v  18.625568 17.631712 5.993499
v  18.740345 17.677656 5.798317
v  18.680433 17.662550 5.695005
v  18.625647 17.664618 5.796084
v  18.740345 17.514799 5.466016
v  18.667368 17.581076 5.532668
v  18.658417 17.429962 5.426413
v  18.588490 17.506083 5.494544
v  18.740345 17.138998 5.367308
v  18.658287 17.237497 5.376232
v  18.666800 17.048304 5.386571
v  18.587749 17.139978 5.397491
v  18.740345 16.970568 5.398195
v  18.680340 16.903690 5.430580
v  18.610857 16.972385 5.427596
v  18.739918 16.708168 5.492332
v  18.669342 16.780333 5.484857
v  18.669241 16.625343 5.485216
v  18.608931 16.694382 5.515019
v  18.740345 16.952160 6.278260
v  18.675652 16.950891 6.194087
v  18.630207 16.920971 6.185059
v  18.572210 16.893690 6.170231
v  18.635742 16.887316 6.198609
v  18.565720 16.934994 6.160493
v  18.367773 17.159967 5.966659
v  18.354198 17.123947 5.912667
v  18.369074 17.085127 5.955379
v  18.366199 17.214973 5.728579
v  18.356768 17.132811 5.792392
v  18.394070 17.144993 5.625445
v  18.376980 17.063919 5.707328
v  18.520004 17.235773 5.436105
v  18.472454 17.141815 5.480844
v  18.534155 17.051632 5.442252
v  18.542484 17.360914 6.179430
v  18.483015 17.400568 6.114160
v  18.446434 17.322701 6.108423
v  18.525862 17.488274 6.097279
v  18.470760 17.513227 5.996454
v  18.430672 17.420536 6.023520
v  18.353977 17.073200 5.857855
v  18.352024 17.184397 5.872709
v  18.586145 17.433464 6.172590
v  18.572760 17.571266 6.058270
v  18.389515 17.402996 5.913329
v  18.367201 17.306192 5.933061
v  18.401484 17.327299 6.028255
v  18.361769 17.223843 5.948470
v  18.355471 17.265760 5.835048
v  18.386076 17.250572 6.022551
v  18.517189 17.585423 5.945650
v  18.472824 17.566299 5.827907
v  18.427256 17.495901 5.877831
v  18.569439 17.636795 5.880294
v  18.437012 17.057104 5.550519
v  18.422150 17.232901 5.559950
v  18.370003 17.355629 5.795344
v  18.383369 17.302740 5.673613
v  18.406187 17.448215 5.753160
v  18.580851 17.334206 5.418041
v  18.740345 17.336985 5.385358
v  18.454233 17.526474 5.709294
v  18.472996 17.479176 5.591195
v  18.420986 17.392914 5.627028
v  18.519207 17.418999 5.491129
v  18.536240 17.555178 5.584929
v  18.464718 17.324938 5.513451
v  18.508009 17.583710 5.686065
v  18.567451 17.632433 5.713513
v  18.611197 17.621088 5.619758
v  18.740345 17.633884 5.603106
v  18.521992 17.613205 5.780237
v  18.615736 16.842562 5.482594
v  18.740345 16.844053 5.455241
v  18.555668 16.789833 5.566566
v  18.520174 16.841896 5.578529
v  18.560162 16.907732 5.495066
v  18.393427 16.873535 5.859161
v  18.374441 16.966238 5.897596
v  18.417789 16.864902 5.984809
v  18.403570 16.947451 6.000632
v  18.393875 17.010548 5.990614
v  18.450619 16.948807 6.085924
v  18.460474 16.902891 5.599355
v  18.493528 16.775175 5.643234
v  18.434605 16.825739 5.688949
v  18.491543 16.977934 5.514317
v  18.366159 17.033646 5.924630
v  18.395563 16.917984 5.743569
v  18.426323 16.770889 5.808310
v  18.366848 17.005764 5.802828
v  18.413534 16.979866 5.637966
v  18.700006 16.775917 6.235778
v  18.719568 16.788881 6.247923
v  18.722515 16.757677 6.237894
v  18.740345 16.770098 6.246874
v  18.695051 16.691118 6.201573
v  18.717600 16.693838 6.218470
v  18.718493 16.677708 6.204766
v  18.740345 16.683775 6.215970
v  18.655487 16.540476 6.015419
v  18.692205 16.526300 6.098233
v  18.699524 16.547171 5.969893
v  18.739672 16.527025 6.035254
v  18.600605 16.559835 5.763276
v  18.663845 16.591263 5.818059
v  18.670456 16.456852 5.784670
v  18.740467 16.530209 5.805404
v  18.539267 16.650494 5.737469
v  18.544600 16.629040 5.658450
v  18.565609 16.512354 5.705385
v  18.538237 16.464048 5.637519
v  18.501917 16.429792 5.540803
v  18.564779 16.587912 5.566571
v  18.588894 16.535553 5.482248
v  18.718615 16.725672 6.219635
v  18.740345 16.708611 6.224905
v  18.694929 16.714558 6.210693
v  18.673145 16.732946 6.194476
v  18.646437 16.728930 6.174774
v  18.668665 16.707611 6.191873
v  18.673155 16.789322 6.221165
v  18.650230 16.771917 6.196515
v  18.679710 16.760145 6.214233
v  18.576817 16.771719 6.126601
v  18.600805 16.769941 6.144447
v  18.588247 16.758144 6.121183
v  18.598412 16.760227 6.128355
v  18.600292 16.752098 6.121809
v  18.581694 16.749580 6.115215
v  18.605118 16.744650 6.129557
v  18.698023 16.572590 6.189993
v  18.740345 16.539669 6.156701
v  18.647320 16.552959 6.135941
v  18.740345 16.658173 6.202164
v  18.690350 16.666580 6.187453
v  18.712404 16.636246 6.196222
v  18.721285 16.804832 6.243696
v  18.740345 16.796453 6.248977
v  18.697407 16.799440 6.237141
v  18.704460 16.754583 6.221247
v  18.723783 16.749954 6.203027
v  18.740345 16.748798 6.232840
v  18.740345 16.729191 6.217658
v  18.718836 16.731020 6.189658
v  18.696873 16.734037 6.204294
v  18.610611 16.759241 6.139328
v  18.628633 16.760502 6.166680
v  18.631413 16.757103 6.146242
v  18.656443 16.754490 6.187501
v  18.674107 16.737026 6.169377
v  18.651167 16.739981 6.171048
v  18.611971 16.747948 6.128422
v  18.603502 16.752207 6.110424
v  18.599865 16.756060 6.120255
v  18.602097 16.758665 6.115412
v  18.618204 16.728600 6.145689
v  18.627851 16.742044 6.150781
v  18.615849 16.784050 6.170205
v  18.682272 16.754139 6.183525
v  18.629601 16.743795 6.133984
v  18.644028 16.792385 6.195447
v  18.595633 16.807005 6.165364
v  18.577698 16.791447 6.143620
v  18.667990 16.806704 6.214356
v  18.555349 16.762642 6.106659
v  18.544176 16.740887 6.087613
v  18.585825 16.729252 6.113786
v  18.536221 16.790375 6.109909
v  18.603853 16.704466 6.124312
v  18.641842 16.707453 6.162951
v  18.667847 16.688852 6.175951
v  18.740345 16.747686 6.141533
v  18.705322 16.753702 6.135499
v  18.723913 16.751101 6.058554
v  18.696959 16.734545 6.127636
v  18.740345 16.729736 6.133956
v  18.718836 16.731897 6.058199
v  18.657257 16.754961 6.120110
v  18.612160 16.759600 6.097012
v  18.632383 16.758043 6.059094
v  18.651852 16.740229 6.112021
v  18.674656 16.737654 6.058478
v  18.602831 16.755785 6.087620
v  18.613522 16.747948 6.091505
v  18.607416 16.751879 6.057997
v  18.606010 16.758656 6.058352
v  18.682274 16.755308 6.059183
v  18.631250 16.744013 6.058386
v  18.740345 16.602455 6.202007
v  18.668533 16.612862 6.183984
v  18.613379 16.595221 6.136329
v  18.564035 16.589376 6.042985
v  18.605515 16.551968 6.040577
v  18.495640 16.658239 5.924397
v  18.470917 16.691477 5.785475
v  18.460957 16.725368 5.946829
v  18.740345 16.561296 5.922916
v  18.656435 16.566633 5.930464
v  18.687622 16.582674 5.878816
v  18.531466 16.638659 5.808362
v  18.533873 16.606600 5.916632
v  18.613453 16.607075 5.843876
v  18.592888 16.576996 5.922793
v  18.494535 16.716896 5.692579
v  18.549044 16.725010 5.598288
v  18.504503 16.913429 6.129833
v  18.531357 16.827263 6.125876
v  18.471062 16.822521 6.061144
v  18.496881 16.774193 6.064272
v  18.517569 16.687519 6.045796
v  18.491934 16.738369 6.038691
v  18.440477 16.788401 5.984313
v  18.471035 16.875906 6.089303
v  18.553026 16.709606 6.085793
v  18.570869 16.677727 6.097758
v  18.624140 16.681902 6.140115
v  18.644745 16.652208 6.158370
v  18.539804 16.637974 6.048613
v  18.740442 16.592350 5.853531
v  18.588799 16.640188 6.115063
v  18.538551 16.863499 6.146802
v  18.610313 16.832329 6.184209
v  18.684126 16.835957 6.226206
v  18.643324 16.859251 6.205803
v  18.695835 16.882067 6.291543
v  18.716564 16.871094 6.304182
v  18.740345 16.884947 6.316265
v  18.713924 16.878036 6.254143
v  18.721405 16.880775 6.268368
v  18.723856 16.873678 6.244238
v  18.731337 16.876417 6.258462
v  18.712244 16.819021 6.239755
v  18.713017 16.837528 6.238094
v  18.694666 16.858395 6.238878
v  18.728476 16.822866 6.242655
v  18.740345 16.835583 6.241167
v  18.722164 16.848158 6.238934
v  18.740345 16.812502 6.244359
v  18.697412 16.864971 6.263075
v  18.731176 16.852036 6.251580
v  18.719715 16.856119 6.243788
v  18.707747 16.856646 6.245596
v  18.704569 16.863779 6.262643
v  18.703505 16.865681 6.285080
v  18.716040 16.867523 6.293167
v  18.729898 16.862675 6.299541
v  18.740345 16.856424 6.277548
v  18.731186 16.859863 6.274312
v  18.730598 16.864023 6.249411
v  18.712160 16.867411 6.245922
v  18.710135 16.873768 6.272588
v  18.727421 16.872890 6.281680
v  18.588076 16.245600 5.859598
v  18.675064 16.281174 5.839032
v  18.674112 16.197060 5.913776
v  18.741108 16.218517 5.892601
v  18.583679 16.181503 5.904347
v  18.669037 16.107517 5.933665
v  18.741524 16.149416 5.925169
v  18.570776 16.019560 5.967967
v  18.658791 15.870712 6.053895
v  18.742680 16.005121 5.998307
v  18.738743 16.538792 5.466857
v  18.649456 16.450027 5.429616
v  18.740583 16.355387 5.821480
v  18.612757 16.386835 5.761127
v  18.526875 16.343536 5.710317
v  18.540588 15.479707 6.080799
v  18.644960 15.543876 6.129589
v  18.637766 15.376691 6.066934
v  18.741844 15.484855 6.113143
v  18.549429 15.092318 6.042199
v  18.655375 14.779005 6.063110
v  18.738180 15.084414 6.064020
v  18.391106 15.582066 5.243431
v  18.540108 15.722208 5.240554
v  18.177053 15.800611 5.216472
v  18.408772 15.928433 5.225101
v  18.117250 16.062429 5.741104
v  18.198769 16.141577 5.770568
v  18.222107 15.928892 5.842553
v  18.319094 16.039011 5.888718
v  18.683975 14.289083 5.629044
v  18.703876 14.289568 5.906474
v  18.707775 14.451536 5.378643
v  18.739788 14.339392 5.644744
v  18.105011 15.492620 5.435320
v  18.047159 15.634969 5.499898
v  18.200470 15.284846 5.625133
v  18.204035 15.472840 5.693179
v  18.452312 16.262890 5.774914
v  18.330515 16.220234 5.800834
v  18.459227 16.213869 5.873469
v  18.323383 16.177227 5.828850
v  18.453289 16.126451 5.883744
v  18.264418 15.065690 5.761776
v  18.234535 15.059256 5.566634
v  18.232584 14.859087 5.669209
v  18.651920 15.896004 5.280581
v  18.703060 15.707711 5.303127
v  18.644066 15.538203 5.307277
v  18.587093 16.077652 5.283244
v  18.272451 16.102507 5.275900
v  18.455355 16.225971 5.324906
v  18.447477 15.888073 6.002096
v  18.555185 15.697412 6.085023
v  18.344980 15.734125 5.971833
v  18.446676 15.558018 6.069537
v  18.065577 15.673062 5.283535
v  18.276070 15.463061 5.307865
v  18.242502 15.282110 5.437489
v  18.609350 15.038848 5.380996
v  18.468172 15.277056 5.352024
v  18.513285 14.845360 5.373735
v  18.377079 15.057986 5.407481
v  18.266233 14.373275 5.896805
v  18.191210 14.530295 5.788185
v  18.394665 14.444742 5.951921
v  18.289524 14.591005 5.876956
v  18.298412 15.307064 5.834302
v  18.359316 15.465364 5.962104
v  18.264130 15.598535 5.846262
v  18.688438 14.820205 5.391656
v  18.631922 14.743807 5.334753
v  18.733753 14.729412 5.381843
v  18.699461 14.682787 5.326415
v  18.236830 14.712132 5.776313
v  18.217144 14.739364 5.546638
v  18.169373 14.635137 5.650786
v  18.298256 14.866258 5.473482
v  18.398268 14.764246 5.378279
v  18.273014 14.673686 5.412483
v  18.316881 14.836800 5.870842
v  18.378462 15.078074 5.939600
v  18.122791 16.213182 5.638375
v  18.058908 16.207626 5.595918
v  18.171162 16.261347 5.575183
v  18.130264 16.254744 5.516817
v  18.318810 16.325302 5.550469
v  18.433043 16.375759 5.459476
v  18.410906 16.335686 5.626068
v  18.083298 15.987503 5.275637
v  17.929821 15.878853 5.322337
v  18.160877 16.212732 5.393836
v  18.006214 16.121252 5.395627
v  18.168627 15.779638 5.728636
v  18.568333 15.419242 5.316491
v  18.397303 14.668380 5.953776
v  18.478828 14.808020 6.010654
v  18.512934 14.534122 6.007974
v  18.593767 14.625939 6.049394
v  18.447374 15.350065 5.999413
v  18.390146 14.567064 5.280575
v  18.526377 14.414131 5.243335
v  18.528797 14.695555 5.295437
v  18.644312 14.576939 5.267360
v  18.572779 16.346699 5.381059
v  18.316280 16.294985 5.411738
v  18.226511 16.194321 5.768788
v  18.237524 16.223738 5.719300
v  18.172783 16.202152 5.706059
v  18.145491 16.188227 5.708949
v  18.175293 16.222057 5.658304
v  18.231802 16.266712 5.612681
v  18.317749 16.268900 5.688965
v  18.235542 16.298496 5.513227
v  18.631092 17.109760 6.028377
v  18.631462 14.118551 5.871334
v  18.669666 13.972984 5.661740
v  18.643127 14.219106 5.407707
v  18.527353 14.063466 5.358929
v  18.378803 14.280493 5.287899
v  18.249994 14.449217 5.340694
v  18.225386 14.153965 5.388808
v  18.139118 14.349758 5.491046
v  18.138107 14.464602 5.647634
v  18.084349 14.153501 5.652284
v  18.149920 14.292642 5.802453
v  18.227348 14.038989 5.903142
v  18.378510 14.163900 5.951589
v  18.523642 14.267750 5.976433
v  18.510508 13.948958 5.942272
v  18.249115 10.715593 6.245687
v  18.329922 10.716676 6.169427
v  18.171139 10.706282 6.161775
v  18.272768 10.706215 6.081928
v  18.076149 10.715593 6.201168
v  17.998487 10.716677 6.079247
v  18.077679 10.706282 6.026633
v  18.279026 10.705888 5.894728
v  18.377737 10.724235 5.748010
v  18.214542 10.706217 5.754894
v  18.328327 10.705797 5.604685
v  18.108675 10.706283 5.865591
v  18.072905 10.724628 5.733808
v  18.164358 10.705864 5.610882
v  18.404175 10.728708 5.484788
v  18.261303 10.704605 5.475512
v  18.343069 10.728506 5.391133
v  18.132139 10.728708 5.475973
v  18.207615 10.728506 5.370513
v  18.341724 10.888480 6.172180
v  18.256020 10.872847 6.244773
v  18.280722 10.944803 6.077789
v  18.172632 10.919491 6.154369
v  18.075018 10.860679 6.196733
v  18.076067 10.922398 6.024461
v  17.997877 10.858789 6.080896
v  18.363909 10.994667 5.782917
v  18.284348 10.965191 5.904276
v  18.297752 11.086292 5.696043
v  18.205372 11.027736 5.787518
v  18.097425 10.962078 5.868965
v  18.148195 11.086358 5.672222
v  18.058601 10.995060 5.736713
v  18.318718 10.744616 6.244541
v  18.250921 10.783150 6.291998
v  18.160805 10.743532 6.284081
v  18.062794 10.781706 6.254367
v  17.994022 10.744616 6.170858
v  17.950102 10.787609 6.082787
v  17.957245 10.752195 5.981897
v  18.007862 10.764482 5.841867
v  18.017839 10.854627 5.718731
v  18.061031 10.794409 5.587584
v  18.083212 10.898754 5.450459
v  18.142857 10.802929 5.362569
v  18.211721 10.903624 5.304211
v  18.287090 10.803566 5.310521
v  18.366396 10.903624 5.331638
v  18.411749 10.802929 5.400736
v  18.457808 10.898754 5.474420
v  18.449604 10.794342 5.585470
v  18.423431 10.854492 5.750572
v  18.379807 10.764084 5.904854
v  18.345531 10.718449 6.004781
v  18.385832 10.809464 6.011983
v  18.380894 10.752129 6.090408
v  18.161055 10.829778 6.279248
v  18.326242 10.827770 6.249157
v  17.993509 10.815602 6.171955
v  17.967278 10.806091 5.917511
v  17.997330 10.881618 5.841014
v  17.955336 10.838919 5.983225
v  18.004419 10.898621 5.923071
v  18.057814 10.980837 5.588214
v  18.154366 11.001667 5.374718
v  18.126198 11.080472 5.487105
v  18.289572 11.002514 5.328550
v  18.226770 11.081319 5.366933
v  18.416981 11.001668 5.412875
v  18.352558 11.081318 5.387051
v  18.430706 10.980771 5.615932
v  18.407917 11.080472 5.526147
v  18.385845 10.884727 5.910174
v  18.371113 10.792557 6.179582
v  18.388550 10.861322 6.089769
v  18.359917 11.121115 5.613779
v  18.295948 11.140894 5.642423
v  18.226322 11.121115 5.659829
v  18.165674 11.140895 5.623071
v  18.122604 11.121115 5.576768
v  18.139025 11.140895 5.490572
v  18.180990 11.121115 5.414818
v  18.225861 11.140894 5.378431
v  18.284760 11.121115 5.375601
v  18.347837 11.140895 5.396080
v  18.395039 11.121115 5.448440
v  18.391275 11.140894 5.527574
v  18.181881 10.706217 5.980772
v  18.014444 10.718843 5.923235
v  18.182951 10.957430 5.978155
v  18.359493 10.919255 6.003307
v  18.232485 11.159652 5.638268
v  18.348581 11.159653 5.596244
v  18.296019 11.203522 5.626088
v  18.133108 11.159653 5.569857
v  18.182590 11.203521 5.615929
v  18.166353 11.159651 5.414077
v  18.133476 11.203520 5.489950
v  18.276625 11.159652 5.373135
v  18.206144 11.203520 5.376150
v  18.392237 11.159651 5.439065
v  18.346680 11.203520 5.385563
v  18.387442 11.203520 5.509521
v  18.318605 11.474808 5.623644
v  18.290693 11.757326 5.666640
v  18.388809 11.785641 5.597197
v  18.360952 12.097635 5.691890
v  18.222244 11.474808 5.622375
v  18.194418 11.785641 5.597196
v  18.267393 12.097635 5.691890
v  18.143026 11.494070 5.488538
v  18.084587 11.896064 5.361142
v  18.104406 12.230322 5.498253
v  18.197947 11.517226 5.346027
v  18.283588 11.943836 5.240175
v  18.138039 12.381540 5.242788
v  18.376005 11.517225 5.347203
v  18.483501 11.896065 5.361142
v  18.434927 12.381542 5.242789
v  18.417446 11.494072 5.490984
v  18.494852 12.230324 5.498253
v  18.455359 13.162689 5.892524
v  18.351940 13.324547 5.937597
v  18.548441 13.284779 5.825777
v  18.482113 13.489902 5.925659
v  18.257853 13.169350 5.890671
v  18.151587 13.333573 5.812601
v  18.215506 13.541311 5.909911
v  18.160320 13.129982 5.690699
v  18.155157 13.307595 5.510688
v  18.077532 13.605795 5.639194
v  18.247581 12.987574 5.436336
v  18.346027 13.291300 5.402162
v  18.208263 13.619120 5.382605
v  18.433104 12.978737 5.438386
v  18.542311 13.247915 5.524848
v  18.489628 13.553252 5.391784
v  18.542892 13.107668 5.696322
v  18.625532 13.488520 5.664148
v  18.439241 12.682671 5.758524
v  18.358418 12.829573 5.820601
v  18.517748 12.865019 5.738171
v  18.468456 12.942585 5.834088
v  18.266577 12.682671 5.758525
v  18.195778 12.865019 5.738173
v  18.248371 12.942584 5.834089
v  18.164461 12.770432 5.615102
v  18.169640 12.952222 5.692306
v  18.519508 12.770432 5.615100
v  18.537729 12.952222 5.692304
v  18.517744 13.026747 5.799636
v  18.358410 13.055407 5.890448
v  18.195772 13.026748 5.799638
v  18.336384 12.405866 5.739510
v  18.459738 12.470558 5.667701
v  18.206198 12.470558 5.667701
v  18.115078 12.659516 5.424571
v  18.314714 12.719575 5.301239
v  18.511757 12.659516 5.424570
v  18.627884 13.770387 5.489772
v  18.607965 13.721992 5.834237
v  18.358757 13.878985 5.340057
v  18.101509 13.918580 5.489754
v  18.107328 13.852330 5.796396
v  18.355995 13.741878 5.959194
v  18.736376 14.577385 5.327956
v  18.171782 14.568335 5.495011
v  18.631414 14.380046 6.017563
v  17.854996 15.617947 5.499858
v  17.687529 15.561443 5.468896
v  17.870087 15.491795 5.557756
v  17.696857 15.399137 5.494307
v  17.713232 15.703257 5.485099
v  17.605122 15.647108 5.583946
v  17.541769 15.485193 5.526182
v  17.686268 15.747663 5.666214
v  17.676491 15.635548 5.785674
v  17.546896 15.544244 5.710977
v  17.813070 15.712337 5.797604
v  17.859219 15.575089 5.821687
v  17.710287 15.502959 5.849246
v  17.952475 15.661804 5.764540
v  17.935812 15.509898 5.722158
v  17.861626 15.408280 5.802690
v  17.971462 15.610050 5.646347
v  17.855137 15.358680 5.634784
v  17.553408 15.316190 5.514660
v  17.721676 15.264261 5.549111
v  17.601542 15.169153 5.534068
v  17.472544 15.372768 5.629006
v  17.474133 15.196786 5.595548
v  17.548069 15.402525 5.795764
v  17.451767 15.238376 5.742327
v  17.730822 15.330324 5.825525
v  17.579485 15.231544 5.817413
v  17.803032 15.271736 5.720819
v  17.707640 15.185599 5.765012
v  17.712309 15.156610 5.635279
v  17.904140 15.763271 5.384417
v  18.083336 15.687632 5.612418
v  17.954010 15.694824 5.492158
v  17.895832 16.011185 5.385058
v  17.834496 15.868091 5.386883
v  17.968487 16.188990 5.532240
v  17.866817 16.103882 5.500064
v  18.049126 16.134142 5.700574
v  17.959005 16.152891 5.669382
v  18.110342 15.904215 5.722117
v  18.070910 15.973433 5.748777
v  18.086334 15.749860 5.674346
v  17.712118 15.068714 5.606818
v  17.776297 14.971660 5.677114
v  17.546501 15.035872 5.588030
v  17.585463 14.932734 5.757172
v  17.445034 15.076074 5.738482
v  17.590647 15.036712 5.950840
v  17.538607 15.149619 5.889519
v  17.807365 15.161879 5.988674
v  17.737944 15.203776 5.829372
v  17.966290 15.179022 5.898823
v  17.790922 15.178222 5.736253
v  17.932343 15.103605 5.770976
v  18.061348 15.031019 5.855839
v  18.190748 14.973521 6.006233
v  17.925470 14.912527 5.871707
v  18.117088 14.928032 6.070570
v  17.834555 14.939877 6.007220
v  18.091703 15.005691 6.148014
v  17.912588 15.093041 6.100860
v  18.144741 15.108624 6.147263
v  18.072136 15.154858 6.038559
v  18.213770 15.129352 6.078716
v  18.122337 15.128715 5.956336
v  18.234921 15.074991 6.016465
v  17.899790 15.677176 5.497971
v  17.804815 15.693743 5.444610
v  17.963432 15.655261 5.586594
v  17.763451 15.805845 5.448492
v  17.718550 15.833653 5.546274
v  17.748854 15.975123 5.626114
v  17.760958 15.862489 5.748817
v  17.868130 15.963592 5.797479
v  17.927486 15.794806 5.811451
v  18.010498 15.813492 5.788880
v  18.005575 15.698154 5.716631
v  18.025568 15.695200 5.665513
v  17.836620 15.739923 5.419182
v  18.006981 15.685297 5.595905
v  17.789253 15.955686 5.468317
v  17.840746 16.100010 5.656440
v  17.991251 15.995324 5.786843
v  18.064579 15.796562 5.726417
v  18.569818 15.086784 6.495214
v  18.533567 15.096758 6.501490
v  18.587927 15.068090 6.462998
v  18.516283 15.113852 6.441931
v  18.497526 15.137235 6.445472
v  18.624258 15.051641 6.433517
v  18.638838 15.023330 6.402730
v  18.577497 15.050918 6.407691
v  18.664066 15.026997 6.361185
v  18.676340 15.015017 6.326787
v  18.620216 15.028312 6.338253
v  18.700314 14.997728 6.297868
v  18.699440 14.977489 6.266611
v  18.663883 15.012897 6.268278
v  18.470188 15.141389 6.418553
v  18.499262 15.092453 6.396111
v  18.421043 15.110320 6.379684
v  18.431202 15.139572 6.402383
v  18.543409 15.046752 6.332695
v  18.463530 15.081000 6.321939
v  18.590462 15.037441 6.263842
v  18.506548 15.053524 6.248997
v  18.636213 14.992821 6.217636
v  18.566898 15.029237 6.198118
v  18.541273 15.020818 6.537042
v  18.629622 15.027361 6.550450
v  18.492670 15.008014 6.509257
v  18.487396 14.984386 6.483747
v  18.589342 14.959366 6.503589
v  18.701010 14.999256 6.495811
v  18.522972 14.926683 6.415618
v  18.630247 14.918606 6.428539
v  18.727461 14.980194 6.407894
v  18.567007 14.902411 6.337493
v  18.667534 14.908870 6.347593
v  18.745096 14.952469 6.334077
v  18.615860 14.897548 6.266743
v  18.692051 14.916713 6.278231
v  18.417448 15.038589 6.487171
v  18.457834 15.013488 6.491762
v  18.382210 14.989162 6.418270
v  18.443592 14.958962 6.416107
v  18.405880 14.944028 6.335104
v  18.480875 14.915960 6.334080
v  18.452103 14.921177 6.256477
v  18.532543 14.906710 6.260203
v  18.517693 14.915928 6.201770
v  18.595114 14.915236 6.213915
v  18.721634 14.954903 6.281265
v  18.665220 14.946056 6.235154
v  18.582161 14.962124 6.186028
v  18.491144 14.976393 6.145024
v  18.462650 15.009562 6.135505
v  18.436958 14.942719 6.149365
v  18.379066 14.972414 6.130767
v  18.301245 15.056559 6.280021
v  18.330727 15.093426 6.330138
v  18.308142 15.015932 6.343039
v  18.318478 15.064150 6.370534
v  18.338282 15.103981 6.428001
v  18.348682 15.140838 6.403664
v  18.342670 15.104272 6.462257
v  18.348089 15.163404 6.435040
v  18.492224 15.084154 6.492362
v  18.570133 15.067353 6.548788
v  18.339451 15.072659 6.157268
v  18.352158 15.094593 6.234744
v  18.306995 15.081684 6.137228
v  18.301432 15.091055 6.219407
v  18.277788 15.094523 6.178058
v  18.272007 15.036185 6.243590
v  18.307880 14.981094 6.262211
v  18.245434 15.058119 6.209577
v  18.276400 15.004947 6.223933
v  18.336828 14.952645 6.203082
v  18.238255 14.985065 6.193480
v  18.300085 14.951939 6.164793
v  18.273964 14.953355 6.131811
v  18.341703 14.992741 6.118913
v  18.391245 15.048723 6.155764
v  18.311129 15.014106 6.106181
v  18.343832 15.106831 6.401375
v  18.366123 15.114966 6.381516
v  18.376629 15.144943 6.392970
v  18.598627 15.310240 6.346467
v  18.606337 15.301445 6.389027
v  18.612314 15.345293 6.358264
v  18.619974 15.336418 6.400791
v  18.413877 15.164233 6.506606
v  18.445446 15.053221 6.508097
v  18.364344 15.167271 6.474288
v  18.368309 15.080339 6.483091
v  18.327932 15.048786 6.431365
v  18.466703 15.147350 6.438168
v  18.444721 15.162997 6.410478
v  18.469404 15.058257 6.505950
v  18.466181 15.131298 6.479938
v  18.471111 15.221292 6.419918
v  18.508364 15.258720 6.452287
v  18.471647 15.206799 6.501851
v  18.476736 15.299400 6.475411
v  18.416100 15.272309 6.464376
v  18.368357 15.230191 6.437305
v  18.452839 15.311153 6.416185
v  18.420597 15.267871 6.401124
v  18.413393 15.208760 6.402062
v  18.482899 15.270992 6.394354
v  18.280716 15.100978 6.105166
v  18.287643 15.035499 6.079630
v  18.234264 15.106339 6.165340
v  18.200335 15.045116 6.193133
v  18.208691 14.958297 6.152312
v  18.257475 14.958617 6.090552
v  18.724579 15.097136 6.263456
v  18.722891 15.101418 6.282296
v  18.739017 15.086308 6.254638
v  18.734634 15.080761 6.278142
v  18.744732 15.130124 6.254055
v  18.759832 15.113985 6.249209
v  18.744450 15.129447 6.277184
v  18.768145 15.117397 6.273994
v  18.665785 15.095477 6.240154
v  18.675209 15.083716 6.237688
v  18.668591 15.095886 6.224998
v  18.678047 15.084255 6.222491
v  18.745550 15.104502 6.241313
v  18.762104 15.089373 6.256509
v  18.760742 15.086738 6.316145
v  18.738745 15.081065 6.301792
v  18.767076 15.107536 6.301232
v  18.740570 15.109104 6.295410
v  18.749559 15.057575 6.297702
v  18.739357 15.054092 6.315887
v  18.755026 15.039077 6.284826
v  18.727600 15.029795 6.297466
v  18.719557 15.098951 6.259338
v  18.718458 15.090952 6.241643
v  18.702473 15.105488 6.264834
v  18.698990 15.089157 6.250978
v  18.797136 15.061626 6.317631
v  18.795803 15.038029 6.304464
v  18.778950 15.051800 6.335353
v  18.783260 15.020378 6.327358
v  18.718824 15.131495 6.236956
v  18.698082 15.127627 6.246980
v  18.714272 15.113400 6.223778
v  18.691177 15.114720 6.228593
v  18.783405 15.050186 6.289232
v  18.765554 15.011387 6.289300
v  18.730240 15.105189 6.232033
v  18.705000 15.092580 6.225424
v  18.708885 15.125882 6.264450
v  18.685200 15.111431 6.254105
v  18.763006 15.067828 6.326477
v  18.742949 15.039505 6.333683
v  18.750195 15.065443 6.294683
v  18.750360 15.071321 6.312728
v  18.765505 15.057867 6.284841
v  18.753454 15.061349 6.298354
v  18.788733 15.091674 6.298927
v  18.795433 15.074566 6.290041
v  18.781479 15.087250 6.319062
v  18.796703 15.078184 6.309834
v  18.777971 15.067007 6.278911
v  18.784744 15.059319 6.285238
v  18.765156 15.078392 6.323642
v  18.766373 15.053966 6.287081
v  18.750950 15.068313 6.314369
v  18.784662 15.076696 6.325731
v  18.799221 15.065771 6.296278
v  18.708447 15.022546 6.318310
v  18.723263 14.995912 6.280908
v  18.762535 14.982167 6.304455
v  18.756029 15.008759 6.346760
v  18.723284 15.016087 6.341312
v  18.755436 15.068110 6.273669
v  18.782782 15.093536 6.272960
v  18.724224 15.123765 6.276026
v  18.733511 15.097031 6.246812
v  18.717304 15.111822 6.272225
v  18.723206 15.101599 6.260139
v  18.727629 15.135705 6.262831
v  18.742670 15.120893 6.236673
v  18.731741 15.133028 6.244527
v  18.738880 15.107124 6.235759
v  18.714806 15.112761 6.270173
v  18.731075 15.097787 6.244886
v  18.734991 15.121818 6.231212
v  18.718071 15.136882 6.256037
v  18.717262 15.127370 6.269742
v  18.691803 15.081446 6.232468
v  18.678308 15.093495 6.251957
v  18.671745 15.108303 6.237516
v  18.685335 15.096354 6.218042
v  18.665085 15.147653 6.305399
v  18.661278 15.154442 6.327421
v  18.681135 15.134733 6.292533
v  18.674561 15.126484 6.322072
v  18.687462 15.190697 6.290902
v  18.707594 15.170315 6.285508
v  18.687271 15.191172 6.319556
v  18.718208 15.176849 6.315804
v  18.589293 15.144245 6.275566
v  18.600760 15.129631 6.272082
v  18.593254 15.145144 6.256545
v  18.604744 15.130591 6.253045
v  18.688431 15.156366 6.275735
v  18.709019 15.138023 6.294361
v  18.708158 15.137623 6.368734
v  18.681196 15.128409 6.352106
v  18.717213 15.165067 6.350072
v  18.681936 15.163814 6.343051
v  18.708084 15.092497 6.358324
v  18.699800 15.099510 6.378660
v  18.723608 15.079697 6.342791
v  18.690790 15.075038 6.355566
v  18.657578 15.145210 6.301665
v  18.654837 15.136099 6.278013
v  18.635012 15.153466 6.307931
v  18.630251 15.134394 6.289502
v  18.763638 15.123329 6.368611
v  18.769291 15.088613 6.359003
v  18.748337 15.104756 6.398582
v  18.763933 15.070544 6.391746
v  18.654579 15.186987 6.271751
v  18.629766 15.182452 6.285106
v  18.650305 15.165037 6.255671
v  18.621851 15.167665 6.261728
v  18.748316 15.094276 6.340971
v  18.745689 15.060671 6.345811
v  18.669558 15.153308 6.266153
v  18.638388 15.139510 6.257259
v  18.642389 15.179344 6.306914
v  18.613342 15.162251 6.293869
v  18.722822 15.117749 6.387462
v  18.707905 15.084822 6.400976
v  18.696915 15.104798 6.345754
v  18.698835 15.113438 6.369035
v  18.717733 15.095438 6.334229
v  18.705259 15.098323 6.353694
v  18.744169 15.147965 6.345571
v  18.754810 15.126102 6.335909
v  18.736536 15.144497 6.370943
v  18.755823 15.137195 6.357430
v  18.731762 15.112340 6.323183
v  18.742971 15.103750 6.332354
v  18.716944 15.128438 6.379635
v  18.723206 15.091555 6.339363
v  18.703836 15.108386 6.374404
v  18.743191 15.136268 6.378678
v  18.762192 15.117818 6.344139
v  18.674723 15.059085 6.387822
v  18.697458 15.040820 6.336008
v  18.749033 15.025200 6.366447
v  18.731068 15.047891 6.419339
v  18.692448 15.042321 6.418848
v  18.699785 15.108594 6.316677
v  18.736916 15.146412 6.314814
v  18.662439 15.181830 6.319555
v  18.676613 15.145758 6.285404
v  18.656609 15.164779 6.317568
v  18.664698 15.150218 6.303524
v  18.664152 15.195374 6.301953
v  18.685045 15.176489 6.270302
v  18.669809 15.190652 6.279802
v  18.680553 15.157360 6.270162
v  18.652205 15.163578 6.315287
v  18.672863 15.144418 6.283612
v  18.674194 15.175427 6.263704
v  18.653360 15.194602 6.295258
v  18.653076 15.183228 6.312729
v  18.621416 15.125832 6.265761
v  18.604504 15.140587 6.290617
v  18.597433 15.160603 6.272557
v  18.614294 15.145252 6.247947
v  18.654381 15.169124 6.393383
v  18.651787 15.174702 6.417116
v  18.673820 15.158121 6.381769
v  18.665953 15.145556 6.411239
v  18.664230 15.214330 6.376925
v  18.693651 15.197105 6.374125
v  18.673227 15.214537 6.409998
v  18.704737 15.203514 6.405248
v  18.567474 15.160618 6.366286
v  18.579893 15.146360 6.361244
v  18.569185 15.162893 6.346960
v  18.581638 15.148842 6.341842
v  18.677971 15.180220 6.365762
v  18.701124 15.162260 6.384737
v  18.699404 15.153025 6.462085
v  18.675468 15.147837 6.443342
v  18.706322 15.184836 6.442895
v  18.671642 15.184016 6.434256
v  18.694279 15.116248 6.441671
v  18.679348 15.115211 6.463296
v  18.703323 15.095751 6.427025
v  18.663977 15.089558 6.437422
v  18.645115 15.166059 6.389505
v  18.640203 15.155551 6.366630
v  18.621605 15.171966 6.398064
v  18.614454 15.153021 6.378050
v  18.752945 15.132504 6.466486
v  18.751347 15.095520 6.453363
v  18.730820 15.115077 6.491858
v  18.741930 15.080708 6.484185
v  18.634851 15.206385 6.363792
v  18.611494 15.200346 6.378309
v  18.629881 15.184674 6.346401
v  18.600182 15.186288 6.353510
v  18.736439 15.109806 6.431980
v  18.718994 15.072061 6.431376
v  18.653677 15.173434 6.355988
v  18.618917 15.159751 6.346017
v  18.628778 15.197556 6.399430
v  18.595886 15.179214 6.385802
v  18.710428 15.131551 6.479232
v  18.683588 15.097101 6.488482
v  18.690506 15.122852 6.436109
v  18.692051 15.132255 6.459622
v  18.712029 15.116091 6.424410
v  18.697624 15.119039 6.442086
v  18.735802 15.166449 6.440614
v  18.746960 15.143163 6.430918
v  18.727152 15.160044 6.465952
v  18.747593 15.152238 6.454071
v  18.724873 15.130982 6.415891
v  18.736370 15.120791 6.425850
v  18.709211 15.143446 6.473708
v  18.714417 15.113224 6.427223
v  18.694569 15.129839 6.462257
v  18.734020 15.149182 6.475024
v  18.754215 15.131441 6.440615
v  18.635656 15.081916 6.461878
v  18.666569 15.059331 6.415426
v  18.730021 15.042851 6.456652
v  18.702230 15.062157 6.506849
v  18.648928 15.071427 6.489762
v  18.694014 15.128803 6.407356
v  18.726305 15.167502 6.406941
v  18.651279 15.202648 6.410962
v  18.665552 15.168263 6.373625
v  18.645391 15.185163 6.407006
v  18.652544 15.171843 6.391012
v  18.646952 15.215023 6.393252
v  18.664835 15.197678 6.358768
v  18.649006 15.210261 6.370105
v  18.666605 15.178192 6.360219
v  18.640535 15.183812 6.404850
v  18.660923 15.166091 6.371989
v  18.654013 15.195232 6.353684
v  18.636364 15.213382 6.387924
v  18.640764 15.202147 6.405087
v  18.601841 15.144622 6.353751
v  18.586281 15.157207 6.380732
v  18.575460 15.177549 6.364522
v  18.591002 15.164577 6.337712
v  18.587061 15.218735 6.442872
v  18.585537 15.225861 6.466216
v  18.606733 15.206900 6.431834
v  18.596323 15.195766 6.460255
v  18.609758 15.261544 6.428695
v  18.630346 15.240771 6.423777
v  18.610954 15.260360 6.459025
v  18.641382 15.246316 6.454812
v  18.511856 15.215789 6.413207
v  18.523548 15.200989 6.409955
v  18.515787 15.217031 6.394004
v  18.527382 15.202137 6.390734
v  18.612885 15.228330 6.414394
v  18.634523 15.210793 6.433316
v  18.631720 15.204980 6.509000
v  18.603449 15.197454 6.490726
v  18.641838 15.233816 6.490358
v  18.604809 15.233690 6.481675
v  18.623400 15.165615 6.490558
v  18.612753 15.161731 6.514794
v  18.634981 15.141911 6.477286
v  18.600245 15.134650 6.490708
v  18.580351 15.218394 6.438672
v  18.578102 15.208146 6.415872
v  18.557964 15.226536 6.445108
v  18.553339 15.206739 6.427107
v  18.683094 15.175910 6.513264
v  18.683531 15.142556 6.499731
v  18.662443 15.160047 6.538812
v  18.674379 15.121876 6.532080
v  18.579060 15.260759 6.409588
v  18.552774 15.255692 6.422239
v  18.573257 15.238048 6.392876
v  18.544636 15.240517 6.398898
v  18.665401 15.158134 6.478597
v  18.655678 15.112766 6.484269
v  18.592546 15.225943 6.403557
v  18.561253 15.212159 6.394576
v  18.564957 15.251451 6.444293
v  18.536032 15.234630 6.431200
v  18.641699 15.179986 6.527202
v  18.619061 15.138347 6.540422
v  18.618311 15.174014 6.483749
v  18.620327 15.182391 6.507242
v  18.638729 15.164492 6.471997
v  18.625734 15.170501 6.489702
v  18.669022 15.212554 6.487956
v  18.679274 15.189027 6.478791
v  18.659876 15.207581 6.513079
v  18.679863 15.195814 6.502105
v  18.654808 15.181541 6.462207
v  18.664856 15.170644 6.471678
v  18.639986 15.194041 6.520402
v  18.642139 15.160212 6.475959
v  18.623671 15.177525 6.511487
v  18.665600 15.194245 6.522626
v  18.684347 15.176672 6.487434
v  18.576071 15.113291 6.521081
v  18.609348 15.101060 6.473201
v  18.672073 15.080993 6.513089
v  18.628893 15.093570 6.555103
v  18.623314 15.179501 6.455230
v  18.660187 15.214305 6.454615
v  18.585533 15.253466 6.457495
v  18.598310 15.217895 6.422204
v  18.578615 15.236893 6.454579
v  18.586685 15.222929 6.440244
v  18.588488 15.267196 6.440609
v  18.607634 15.248074 6.407937
v  18.592546 15.262720 6.417309
v  18.603895 15.229680 6.407939
v  18.574532 15.236758 6.452006
v  18.595602 15.217241 6.420764
v  18.596756 15.247679 6.401010
v  18.577826 15.267710 6.433396
v  18.575958 15.255451 6.450257
v  18.544342 15.197561 6.403549
v  18.527338 15.212366 6.428323
v  18.519896 15.232605 6.409918
v  18.536703 15.216948 6.385417
v  18.568342 15.281239 6.379871
v  18.547611 15.283548 6.431429
v  18.581234 15.309723 6.434221
v  18.530716 15.330000 6.449521
v  18.571415 15.351115 6.405328
v  18.509914 15.333274 6.394599
v  18.558372 15.321376 6.350687
v  18.526731 15.286539 6.376305
v  18.733089 16.338951 5.392113
v  18.675991 16.220804 5.342955
v  18.721006 16.064531 5.318326
v  18.713078 15.408769 5.371242
v  18.666410 15.263308 5.387928
v  18.725508 15.028848 5.416446
v  18.744217 15.695517 6.114424
v  18.739092 14.605934 6.064545
v  18.685890 14.503572 6.053080
v  18.739573 14.370517 6.021669
v  18.426628 15.078712 6.237930
v  18.383072 15.098445 6.316440
v  18.472017 15.040073 6.169336
v  18.542747 15.012149 6.158770
v  18.338629 14.978411 6.334622
v  18.374554 14.941862 6.259425
v  18.428217 14.930138 6.186127
v  18.511890 14.935350 6.167300
v  18.365709 15.195839 6.407056
v  18.337570 15.012357 6.418255
v  18.517250 15.265615 6.415050
v  18.528442 15.278123 6.446417
v  18.514896 15.296227 6.472414
v  18.502560 15.325666 6.464607
v  18.477514 15.334479 6.443274
v  18.480038 15.327909 6.408328
v  18.480852 15.302296 6.387125
v  18.505772 15.280481 6.390310
v  18.527637 15.302957 6.464952
v  18.529039 15.269989 6.409474
v  18.491962 15.340633 6.437264
v  18.494045 15.306103 6.381705
v  18.354143 11.298635 5.577359
v  18.252007 11.298635 5.629117
v  18.159567 11.298635 5.568563
v  18.155346 11.298634 5.412960
v  18.280083 11.298635 5.363005
v  18.404774 11.298635 5.421289
v  18.929459 17.265562 6.177805
v  18.979633 17.299469 6.160442
v  18.966534 17.230877 6.139452
v  19.011675 17.247015 6.121900
v  19.057919 17.257055 6.085828
v  19.027260 17.207428 6.093230
v  19.063255 17.205551 6.063176
v  19.092680 17.188923 6.019933
v  19.060089 17.165590 6.051724
v  19.081347 17.145094 6.021691
v  19.080273 17.094040 6.013288
v  19.086748 17.059761 5.996386
v  19.058399 17.074055 6.038693
v  19.056717 17.041046 6.037372
v  19.050524 16.997160 6.053951
v  19.023214 17.028463 6.078792
v  19.005577 16.993002 6.101440
v  18.970980 16.959513 6.129817
v  18.955210 17.003281 6.132771
v  18.913927 16.980778 6.153242
v  18.858944 16.960960 6.173401
v  18.870852 17.012550 6.166964
v  18.823586 16.999163 6.182479
v  18.786348 16.990555 6.206680
v  18.808186 17.036888 6.188385
v  18.780264 17.037613 6.207504
v  18.763063 17.065056 6.215575
v  18.784792 17.078775 6.196585
v  18.776062 17.109245 6.203166
v  18.775061 17.150530 6.216390
v  18.801907 17.137018 6.194217
v  18.808332 17.178627 6.208840
v  18.809418 17.231882 6.233488
v  18.841919 17.188461 6.192460
v  18.855444 17.240028 6.209084
v  18.885244 17.305044 6.213336
v  18.896317 17.224625 6.176995
v  18.753891 17.019432 6.233954
v  18.752300 17.110117 6.216805
v  18.767666 17.193745 6.235722
v  18.785881 17.291100 6.248282
v  18.955011 17.174952 6.163180
v  18.977661 17.168760 6.153163
v  18.927603 17.166456 6.168203
v  18.949438 17.167683 6.143532
v  19.000967 17.168001 6.134204
v  19.011454 17.154696 6.116526
v  18.991138 17.162807 6.117730
v  19.029512 17.141378 6.095851
v  19.032377 17.125050 6.089796
v  19.016123 17.138716 6.086527
v  19.031456 17.098475 6.087311
v  19.014994 17.087019 6.104363
v  19.032495 17.111263 6.084874
v  19.018009 17.100924 6.078080
v  19.001863 17.070768 6.121508
v  18.973581 17.066826 6.141925
v  18.990664 17.076170 6.105355
v  18.941828 17.060873 6.156406
v  18.906519 17.071566 6.164268
v  18.933075 17.069881 6.136818
v  18.882454 17.074482 6.169364
v  18.868748 17.088163 6.168288
v  18.881304 17.083807 6.156600
v  18.853195 17.086802 6.171467
v  18.851395 17.091757 6.170724
v  18.860195 17.092384 6.166928
v  18.841719 17.093250 6.173690
v  18.848127 17.098555 6.171628
v  18.850613 17.095413 6.168836
v  18.848034 17.105492 6.175327
v  18.862328 17.111986 6.172164
v  18.855953 17.103422 6.168967
v  18.870573 17.132687 6.177708
v  18.888590 17.145641 6.174286
v  18.873177 17.126129 6.162062
v  18.905371 17.163719 6.174789
v  18.902658 17.155518 6.152153
v  18.966543 17.166506 6.082121
v  18.914326 17.162603 6.094266
v  18.932243 17.167027 6.019883
v  18.992739 17.154770 6.050160
v  18.971434 17.164261 5.998952
v  19.008909 17.125040 6.032298
v  18.985418 17.140579 5.975717
v  18.992579 17.088278 6.040783
v  19.008720 17.111105 6.025207
v  18.985037 17.100925 5.968057
v  18.951324 17.070526 6.072345
v  18.957703 17.076641 5.990842
v  18.885294 17.082424 6.101457
v  18.894806 17.079325 6.016690
v  18.866838 17.093241 6.154819
v  18.861719 17.096394 6.102845
v  18.855526 17.093988 6.166054
v  18.860399 17.096167 6.163078
v  18.852879 17.099586 6.167009
v  18.855042 17.097319 6.165108
v  18.862474 17.110390 6.157652
v  18.857971 17.102716 6.164378
v  18.872940 17.136532 6.108226
v  18.858122 17.115660 6.104863
v  18.873457 17.146254 6.026206
v  18.861216 17.102747 6.145002
v  19.041956 17.117867 6.076626
v  19.044701 17.128912 6.073114
v  19.044601 17.107981 6.069456
v  19.054253 17.118174 6.056519
v  19.037418 17.117735 6.081195
v  19.033442 17.116102 6.080467
v  19.033966 17.119055 6.083197
v  19.025217 17.117422 6.065843
v  19.009977 17.115788 6.017985
v  19.010462 17.118950 6.023025
v  18.996300 17.117367 5.974032
v  19.025494 17.115032 6.067464
v  19.037910 17.115974 6.079668
v  19.038401 17.119526 6.082415
v  19.026134 17.119818 6.071899
v  18.996784 17.119316 5.980341
v  18.992239 17.117365 5.965380
v  18.996365 17.115414 5.973752
v  18.929882 17.212360 6.158947
v  18.960670 17.198294 6.152087
v  18.994600 17.204786 6.123723
v  19.013140 17.184204 6.114332
v  19.036955 17.178308 6.080747
v  19.043320 17.152155 6.073549
v  19.058510 17.136974 6.050160
v  19.058084 17.100191 6.046570
v  19.042604 17.086903 6.065293
v  19.034986 17.060259 6.067012
v  19.010307 17.052166 6.103139
v  18.988129 17.026440 6.117707
v  18.947813 17.036131 6.147719
v  18.910479 17.022978 6.156417
v  18.877115 17.047094 6.168808
v  18.843935 17.042799 6.174517
v  18.832081 17.066078 6.173615
v  18.804829 17.065971 6.183605
v  18.815292 17.088501 6.178277
v  18.803097 17.106312 6.188028
v  18.827030 17.121536 6.185743
v  18.831562 17.152065 6.189167
v  18.858635 17.158812 6.188732
v  18.874046 17.189507 6.183734
v  18.902464 17.189623 6.176496
v  19.070093 17.118547 6.031593
v  19.098728 17.119576 5.988725
v  18.928736 17.183447 6.168165
v  18.985645 17.181997 6.146400
v  19.023102 17.163580 6.103888
v  19.023870 17.077330 6.092352
v  18.980303 17.052578 6.136583
v  18.908176 17.053877 6.164626
v  18.858932 17.071764 6.171165
v  18.834288 17.083557 6.172750
v  18.831539 17.101082 6.177910
v  18.850376 17.126669 6.182730
v  18.883226 17.161690 6.182544
v  18.768696 16.982933 6.237206
v  18.754990 16.966101 6.261412
v  18.755493 16.938688 6.286832
v  18.766384 16.903290 6.310616
v  18.778694 16.915257 6.282744
v  18.783119 16.915598 6.245325
v  18.793564 16.885363 6.260669
v  18.807554 16.886223 6.227611
v  18.767666 16.945789 6.260360
v  18.803251 16.913887 6.209993
v  18.779238 16.947752 6.226333
v  18.838131 17.363228 6.221550
v  18.790632 17.439848 6.205318
v  18.847698 17.516882 6.145044
v  18.797039 17.590189 6.092975
v  18.855124 17.631712 5.993499
v  18.798098 17.667707 5.904819
v  18.855045 17.664619 5.796084
v  18.800257 17.662550 5.695005
v  18.813324 17.581076 5.532668
v  18.892202 17.506083 5.494544
v  18.822275 17.429962 5.426413
v  18.822405 17.237497 5.376232
v  18.892941 17.139978 5.397491
v  18.813892 17.048304 5.386571
v  18.869833 16.972385 5.427596
v  18.800350 16.903690 5.430580
v  18.810896 16.780359 5.484916
v  18.871059 16.694462 5.515285
v  18.809801 16.625397 5.485499
v  18.805040 16.950891 6.194087
v  18.850483 16.920971 6.185059
v  18.844950 16.887316 6.198609
v  18.908480 16.893690 6.170231
v  18.914972 16.934994 6.160493
v  19.112919 17.159967 5.966659
v  19.111618 17.085127 5.955379
v  19.126493 17.123947 5.912667
v  19.123924 17.132811 5.792392
v  19.114492 17.214973 5.728579
v  19.103712 17.063919 5.707328
v  19.086622 17.144993 5.625445
v  19.008236 17.141815 5.480844
v  18.960688 17.235773 5.436105
v  18.946537 17.051632 5.442252
v  18.938208 17.360914 6.179430
v  19.034258 17.322701 6.108423
v  18.997677 17.400568 6.114160
v  18.954830 17.488274 6.097279
v  19.050018 17.420536 6.023520
v  19.009930 17.513227 5.996454
v  19.126713 17.073200 5.857855
v  19.128668 17.184397 5.872709
v  18.894547 17.433464 6.172590
v  18.907930 17.571266 6.058270
v  19.091175 17.402996 5.913329
v  19.079208 17.327299 6.028255
v  19.113491 17.306192 5.933061
v  19.118921 17.223843 5.948470
v  19.125221 17.265760 5.835048
v  19.094616 17.250572 6.022551
v  18.963503 17.585423 5.945650
v  19.053436 17.495901 5.877831
v  19.007866 17.566299 5.827907
v  18.911251 17.636795 5.880294
v  19.043680 17.057104 5.550519
v  19.058542 17.232901 5.559950
v  19.110689 17.355629 5.795344
v  19.097322 17.302740 5.673613
v  19.074505 17.448215 5.753160
v  18.899839 17.334206 5.418041
v  19.026459 17.526474 5.709294
v  19.059706 17.392914 5.627028
v  19.007696 17.479176 5.591195
v  18.961485 17.418999 5.491129
v  18.944450 17.555178 5.584929
v  19.015974 17.324938 5.513451
v  18.972681 17.583710 5.686065
v  18.869495 17.621088 5.619758
v  18.913240 17.632433 5.713513
v  18.958698 17.613205 5.780237
v  18.864954 16.842562 5.482594
v  18.925024 16.789833 5.566566
v  18.920530 16.907734 5.495066
v  18.960518 16.841896 5.578529
v  19.106251 16.966238 5.897596
v  19.087265 16.873535 5.859161
v  19.077120 16.947451 6.000632
v  19.062901 16.864902 5.984809
v  19.086817 17.010548 5.990614
v  19.030073 16.948807 6.085924
v  19.020218 16.902891 5.599355
v  19.046087 16.825739 5.688949
v  18.987164 16.775175 5.643235
v  18.989147 16.977934 5.514317
v  19.114532 17.033646 5.924630
v  19.085127 16.917984 5.743569
v  19.054369 16.770889 5.808310
v  19.113842 17.005764 5.802828
v  19.067158 16.979866 5.637966
v  18.761122 16.788881 6.247923
v  18.780685 16.775917 6.235778
v  18.758175 16.757677 6.237894
v  18.763092 16.693838 6.218470
v  18.785641 16.691118 6.201573
v  18.762199 16.677708 6.204766
v  18.788477 16.526302 6.098239
v  18.823860 16.540632 6.015700
v  18.781168 16.547171 5.969893
v  18.817183 16.591368 5.818439
v  18.880457 16.560177 5.764464
v  18.810499 16.457123 5.785731
v  18.941744 16.650679 5.738018
v  18.915247 16.512854 5.707344
v  18.936113 16.629255 5.659225
v  18.975159 16.431019 5.546510
v  18.941784 16.464876 5.641127
v  18.888777 16.535885 5.483930
v  18.915056 16.588217 5.567868
v  18.762075 16.725672 6.219635
v  18.785761 16.714558 6.210693
v  18.807547 16.732946 6.194476
v  18.812027 16.707611 6.191873
v  18.834255 16.728930 6.174774
v  18.807535 16.789322 6.221165
v  18.800982 16.760145 6.214233
v  18.830462 16.771917 6.196515
v  18.879887 16.769941 6.144447
v  18.903875 16.771719 6.126601
v  18.882280 16.760227 6.128355
v  18.892445 16.758144 6.121183
v  18.880400 16.752098 6.121809
v  18.875574 16.744650 6.129557
v  18.898996 16.749580 6.115215
v  18.782669 16.572590 6.189993
v  18.833370 16.552959 6.135941
v  18.768288 16.636246 6.196222
v  18.790340 16.666580 6.187453
v  18.759407 16.804832 6.243696
v  18.783285 16.799440 6.237141
v  18.776230 16.754583 6.221247
v  18.756908 16.749954 6.203027
v  18.783819 16.734037 6.204294
v  18.761856 16.731020 6.189658
v  18.852057 16.760502 6.166680
v  18.870081 16.759241 6.139328
v  18.824249 16.754490 6.187501
v  18.849279 16.757103 6.146242
v  18.829525 16.739981 6.171048
v  18.806585 16.737026 6.169377
v  18.868721 16.747948 6.128422
v  18.880827 16.756060 6.120255
v  18.877188 16.752207 6.110424
v  18.878593 16.758665 6.115412
v  18.862486 16.728600 6.145689
v  18.852840 16.742044 6.150781
v  18.864843 16.784050 6.170205
v  18.798420 16.754139 6.183525
v  18.851091 16.743795 6.133984
v  18.836664 16.792385 6.195447
v  18.902992 16.791447 6.143620
v  18.885059 16.807005 6.165364
v  18.812702 16.806704 6.214356
v  18.925343 16.762642 6.106659
v  18.894865 16.729252 6.113786
v  18.936514 16.740887 6.087613
v  18.944469 16.790375 6.109909
v  18.838850 16.707453 6.162951
v  18.876839 16.704466 6.124312
v  18.812845 16.688854 6.175951
v  18.756779 16.751101 6.058554
v  18.775370 16.753702 6.135499
v  18.783733 16.734545 6.127636
v  18.761856 16.731897 6.058199
v  18.823435 16.754961 6.120110
v  18.848307 16.758043 6.059094
v  18.868532 16.759600 6.097012
v  18.828840 16.740229 6.112021
v  18.806034 16.737654 6.058478
v  18.877861 16.755785 6.087620
v  18.873276 16.751879 6.057997
v  18.867170 16.747948 6.091505
v  18.874681 16.758656 6.058352
v  18.798418 16.755308 6.059183
v  18.849440 16.744013 6.058386
v  18.812159 16.612862 6.183984
v  18.867313 16.595221 6.136329
v  18.875023 16.551935 6.040481
v  18.916655 16.589376 6.042984
v  19.009773 16.691477 5.785475
v  18.985050 16.658239 5.924397
v  19.019735 16.725368 5.946829
v  18.793179 16.582689 5.878856
v  18.824257 16.566633 5.930464
v  18.946686 16.606529 5.916466
v  18.947338 16.638975 5.808640
v  18.878420 16.575186 5.917940
v  18.867432 16.607134 5.844047
v  18.986156 16.716896 5.692579
v  18.931517 16.725107 5.598548
v  18.976189 16.913429 6.129833
v  18.949335 16.827263 6.125876
v  18.983809 16.774193 6.064272
v  19.009630 16.822521 6.061144
v  18.963123 16.687519 6.045796
v  19.040213 16.788401 5.984313
v  18.988758 16.738369 6.038691
v  19.009657 16.875906 6.089303
v  18.927666 16.709606 6.085793
v  18.909822 16.677727 6.097758
v  18.856552 16.681902 6.140115
v  18.835947 16.652208 6.158370
v  18.940887 16.637974 6.048613
v  18.891893 16.640188 6.115063
v  18.942139 16.863499 6.146802
v  18.870378 16.832329 6.184209
v  18.837368 16.859251 6.205803
v  18.796564 16.835957 6.226206
v  18.784855 16.882067 6.291543
v  18.764128 16.871094 6.304182
v  18.759285 16.880775 6.268368
v  18.766766 16.878036 6.254143
v  18.749355 16.876417 6.258462
v  18.756836 16.873678 6.244238
v  18.768446 16.819021 6.239755
v  18.786026 16.858395 6.238878
v  18.767673 16.837528 6.238094
v  18.752214 16.822866 6.242655
v  18.758526 16.848158 6.238934
v  18.783279 16.864971 6.263075
v  18.749516 16.852036 6.251580
v  18.772945 16.856646 6.245596
v  18.760977 16.856119 6.243788
v  18.777187 16.865681 6.285080
v  18.776121 16.863779 6.262643
v  18.750792 16.862675 6.299541
v  18.764650 16.867523 6.293167
v  18.749506 16.859863 6.274312
v  18.750093 16.864023 6.249411
v  18.768530 16.867411 6.245922
v  18.770557 16.873768 6.272588
v  18.753271 16.872890 6.281680
v  18.806421 16.281742 5.841166
v  18.894779 16.246958 5.864540
v  18.808945 16.197800 5.916456
v  18.900570 16.183128 5.909981
v  18.814751 16.108330 5.936797
v  18.916492 16.022472 5.978119
v  18.829878 15.873219 6.062767
v  18.824480 16.450315 5.431446
v  18.868237 16.387587 5.764081
v  18.953949 16.345110 5.716578
v  18.842667 15.546655 6.140155
v  18.946447 15.485147 6.101841
v  18.842163 15.378764 6.075889
v  18.926811 15.093669 6.049292
v  18.821674 14.779171 6.064156
v  18.846567 15.720862 5.260213
v  18.971136 15.577061 5.268339
v  18.980972 15.925772 5.243810
v  19.119499 15.784994 5.234553
v  19.302874 16.148510 5.783992
v  19.400419 16.070816 5.748353
v  19.178375 16.045519 5.907389
v  19.290354 15.939325 5.870728
v  18.775639 14.289560 5.906446
v  18.795660 14.289074 5.629067
v  18.768581 14.451509 5.378659
v  19.315588 15.624538 5.511026
v  19.252037 15.481326 5.444442
v  19.247808 15.480272 5.738222
v  19.230314 15.284431 5.646055
v  19.031296 16.265539 5.783487
v  19.027489 16.216839 5.882284
v  19.160404 16.225447 5.814031
v  19.034117 16.129875 5.894387
v  19.169041 16.182537 5.842338
v  19.196554 15.066359 5.772439
v  19.231955 14.858090 5.670846
v  19.207222 15.056751 5.571582
v  18.766245 15.896006 5.286555
v  18.766413 15.537943 5.314564
v  18.850245 16.077780 5.291956
v  18.995176 16.226274 5.334183
v  19.142786 16.098627 5.282384
v  18.937805 15.703481 6.106822
v  19.050259 15.895884 6.027964
v  19.049253 15.566673 6.100399
v  19.166410 15.748554 6.018070
v  19.217457 15.650751 5.279670
v  19.156324 15.276804 5.450633
v  19.080305 15.455339 5.328103
v  18.944849 15.274988 5.365851
v  18.839468 15.038280 5.384802
v  19.058586 15.055424 5.414148
v  18.946400 14.844475 5.375757
v  19.285521 14.530003 5.788132
v  19.212681 14.373260 5.897343
v  19.187496 14.591015 5.878158
v  19.084070 14.444816 5.952746
v  19.170263 15.314190 5.869166
v  19.235600 15.613748 5.900246
v  19.130899 15.475912 6.001736
v  18.834515 14.743482 5.335564
v  18.774977 14.820061 5.392405
v  18.769773 14.682690 5.326692
v  19.236637 14.711763 5.776944
v  19.304205 14.634392 5.649612
v  19.250376 14.738092 5.545103
v  19.158672 14.864416 5.474171
v  19.195265 14.672485 5.411449
v  19.065372 14.763096 5.378634
v  19.155394 14.837459 5.876709
v  19.094749 15.080482 5.952337
v  19.437849 16.207836 5.574816
v  19.376730 16.218174 5.638937
v  19.343716 16.255238 5.512341
v  19.312061 16.264719 5.579754
v  19.037703 16.377172 5.467208
v  19.157133 16.328129 5.560270
v  19.068523 16.338226 5.635581
v  19.266279 15.970061 5.255221
v  19.339018 15.841608 5.257153
v  19.284609 16.209684 5.389033
v  19.397785 16.103741 5.345171
v  19.343773 15.795388 5.773816
v  18.842823 15.418332 5.329122
v  18.997252 14.808832 6.015239
v  19.079159 14.668836 5.957000
v  18.884142 14.626132 6.050566
v  18.965183 14.534281 6.009126
v  19.033630 15.356462 6.025682
v  18.948442 14.413822 5.243333
v  19.081429 14.566371 5.279950
v  18.827641 14.576755 5.267455
v  18.938690 14.694921 5.295943
v  18.892607 16.347286 5.386009
v  19.144585 16.295835 5.419267
v  19.272087 16.200962 5.782314
v  19.328989 16.209206 5.716727
v  19.256033 16.229746 5.732248
v  19.363356 16.196058 5.717395
v  19.252022 16.270845 5.622570
v  19.319155 16.227718 5.666946
v  19.167671 16.273420 5.701401
v  19.237226 16.300779 5.520118
v  18.849600 17.109760 6.028377
v  18.848516 14.118531 5.871260
v  18.835611 14.219062 5.407787
v  18.810547 13.972975 5.661688
v  19.098349 14.280221 5.287540
v  18.951990 14.063408 5.358867
v  19.224476 14.448566 5.339639
v  19.338192 14.349339 5.490099
v  19.253418 14.153774 5.388358
v  19.338291 14.464097 5.646649
v  19.329414 14.292497 5.802106
v  19.395090 14.153333 5.651929
v  19.101498 14.163897 5.951748
v  19.252954 14.038963 5.903140
v  18.955896 14.267749 5.976586
v  18.969809 13.948951 5.942300
v  19.150764 10.716677 6.169427
v  19.231571 10.715593 6.245688
v  19.207920 10.706216 6.081928
v  19.309547 10.706282 6.161775
v  19.404537 10.715593 6.201168
v  19.403008 10.706282 6.026634
v  19.482201 10.716677 6.079247
v  19.102953 10.724234 5.748010
v  19.201662 10.705888 5.894729
v  19.152363 10.705796 5.604686
v  19.266148 10.706216 5.754895
v  19.372013 10.706283 5.865591
v  19.316332 10.705863 5.610883
v  19.407784 10.724628 5.733808
v  19.076515 10.728707 5.484788
v  19.137621 10.728504 5.391134
v  19.219387 10.704603 5.475512
v  19.273073 10.728505 5.370514
v  19.348551 10.728707 5.475973
v  19.224667 10.872847 6.244773
v  19.138964 10.888481 6.172181
v  19.308054 10.919491 6.154370
v  19.199966 10.944803 6.077789
v  19.405668 10.860679 6.196734
v  19.482811 10.858789 6.080896
v  19.404621 10.922398 6.024461
v  19.196341 10.965189 5.904277
v  19.116779 10.994665 5.782918
v  19.275316 11.027735 5.787519
v  19.182938 11.086291 5.696044
v  19.383263 10.962076 5.868965
v  19.422089 10.995058 5.736714
v  19.332495 11.086357 5.672223
v  19.161970 10.744616 6.244541
v  19.319881 10.743532 6.284081
v  19.229767 10.783150 6.291999
v  19.486666 10.744617 6.170858
v  19.417892 10.781706 6.254367
v  19.523441 10.752195 5.981898
v  19.530584 10.787609 6.082788
v  19.472828 10.764481 5.841868
v  19.419657 10.794407 5.587584
v  19.462851 10.854626 5.718731
v  19.337831 10.802928 5.362569
v  19.397478 10.898752 5.450459
v  19.193600 10.803565 5.310522
v  19.268967 10.903623 5.304212
v  19.068941 10.802928 5.400736
v  19.114294 10.903622 5.331639
v  19.031086 10.794341 5.585470
v  19.022882 10.898753 5.474421
v  19.100883 10.764084 5.904854
v  19.057257 10.854492 5.750573
v  19.135157 10.718449 6.004781
v  19.099792 10.752129 6.090409
v  19.094856 10.809464 6.011983
v  19.319632 10.829779 6.279248
v  19.154446 10.827770 6.249157
v  19.487177 10.815602 6.171956
v  19.483360 10.881617 5.841015
v  19.513412 10.806091 5.917512
v  19.476271 10.898621 5.923072
v  19.525352 10.838917 5.983225
v  19.422876 10.980835 5.588215
v  19.326323 11.001667 5.374719
v  19.354490 11.080471 5.487105
v  19.191118 11.002514 5.328550
v  19.253918 11.081319 5.366934
v  19.063709 11.001667 5.412875
v  19.128130 11.081318 5.387052
v  19.049984 10.980770 5.615933
v  19.072771 11.080471 5.526148
v  19.094845 10.884727 5.910175
v  19.109573 10.792557 6.179583
v  19.092138 10.861322 6.089770
v  19.120771 11.121113 5.613780
v  19.254368 11.121113 5.659829
v  19.184742 11.140894 5.642424
v  19.358086 11.121113 5.576769
v  19.315016 11.140894 5.623071
v  19.299700 11.121114 5.414818
v  19.341663 11.140894 5.490572
v  19.195930 11.121113 5.375602
v  19.254827 11.140894 5.378432
v  19.085651 11.121115 5.448441
v  19.132853 11.140894 5.396080
v  19.089415 11.140894 5.527574
v  19.298805 10.706217 5.980772
v  19.466244 10.718843 5.923235
v  19.297739 10.957428 5.978156
v  19.121195 10.919255 6.003307
v  19.248205 11.159651 5.638269
v  19.184669 11.203520 5.626088
v  19.132109 11.159651 5.596245
v  19.347580 11.159651 5.569858
v  19.298098 11.203520 5.615929
v  19.314335 11.159651 5.414078
v  19.347212 11.203520 5.489950
v  19.204063 11.159652 5.373135
v  19.274546 11.203520 5.376151
v  19.088451 11.159650 5.439066
v  19.134008 11.203520 5.385564
v  19.093248 11.203520 5.509522
v  19.189997 11.757325 5.666641
v  19.162083 11.474808 5.623645
v  19.119736 12.097635 5.691891
v  19.091879 11.785641 5.597197
v  19.286270 11.785641 5.597197
v  19.258444 11.474808 5.622375
v  19.213295 12.097635 5.691891
v  19.396103 11.896064 5.361142
v  19.337662 11.494070 5.488538
v  19.376282 12.230323 5.498254
v  19.197100 11.943836 5.240175
v  19.282743 11.517225 5.346027
v  19.342648 12.381540 5.242789
v  18.997187 11.896064 5.361143
v  19.104683 11.517227 5.347204
v  19.045759 12.381542 5.242788
v  19.063242 11.494070 5.490984
v  18.985836 12.230324 5.498254
v  19.128719 13.324543 5.937599
v  19.025314 13.162685 5.892525
v  18.998512 13.489899 5.925676
v  18.932220 13.284775 5.825780
v  19.329060 13.333566 5.812594
v  19.222818 13.169346 5.890670
v  19.265112 13.541303 5.909907
v  19.325459 13.307587 5.510661
v  19.320345 13.129978 5.690695
v  19.402939 13.605766 5.639098
v  19.134575 13.291293 5.402133
v  19.233089 12.987573 5.436331
v  19.272093 13.619097 5.382450
v  18.938322 13.247911 5.524843
v  19.047565 12.978736 5.438381
v  18.990818 13.553246 5.391700
v  18.937777 13.107665 5.696320
v  18.855078 13.488516 5.664136
v  19.122269 12.829573 5.820602
v  19.041445 12.682671 5.758525
v  19.012224 12.942581 5.834088
v  18.962934 12.865019 5.738172
v  19.284908 12.865018 5.738172
v  19.214111 12.682671 5.758525
v  19.232313 12.942583 5.834089
v  19.311043 12.952221 5.692305
v  19.316225 12.770430 5.615102
v  18.961174 12.770432 5.615101
v  18.942949 12.952221 5.692303
v  18.962933 13.026745 5.799637
v  19.122267 13.055405 5.890448
v  19.284906 13.026746 5.799637
v  19.144304 12.405866 5.739511
v  19.020950 12.470560 5.667702
v  19.274490 12.470558 5.667702
v  19.365608 12.659515 5.424571
v  19.165970 12.719573 5.301237
v  18.968925 12.659517 5.424569
v  18.852465 13.770378 5.489748
v  18.872574 13.721985 5.834246
v  19.121052 13.878928 5.339877
v  19.378521 13.918498 5.489510
v  19.373112 13.852301 5.796325
v  19.124569 13.741871 5.959203
v  19.301083 14.567421 5.493313
v  18.847717 14.380062 6.017747
v  19.476591 15.496109 5.293923
v  19.413548 15.578168 5.423680
v  19.463562 15.340705 5.353728
v  19.428822 15.460378 5.503152
v  19.632769 15.567045 5.286806
v  19.511618 15.638266 5.289816
v  19.590229 15.409771 5.235781
v  19.747597 15.567781 5.469310
v  19.673853 15.681327 5.384501
v  19.746178 15.460228 5.343013
v  19.659002 15.543766 5.641152
v  19.689070 15.670740 5.569764
v  19.758366 15.442376 5.558333
v  19.525068 15.493483 5.648860
v  19.568344 15.647058 5.659663
v  19.621622 15.378647 5.666672
v  19.455250 15.596946 5.608514
v  19.482721 15.327663 5.569210
v  19.545307 15.256648 5.270569
v  19.515091 15.119385 5.342079
v  19.476797 15.210449 5.434260
v  19.691437 15.302765 5.265596
v  19.632309 15.159501 5.254926
v  19.792946 15.319245 5.424890
v  19.775854 15.170400 5.325856
v  19.706564 15.271819 5.599154
v  19.776306 15.135917 5.494968
v  19.573179 15.228154 5.603786
v  19.660715 15.095869 5.589189
v  19.542934 15.090676 5.506907
v  19.360321 15.725344 5.318713
v  19.374928 15.671144 5.458208
v  19.358749 15.690497 5.639871
v  19.437719 15.974126 5.280905
v  19.428778 15.818301 5.262771
v  19.500902 16.175806 5.461846
v  19.539900 16.067488 5.357552
v  19.486605 16.138742 5.675830
v  19.571867 16.144712 5.585778
v  19.422710 15.915793 5.732876
v  19.497299 15.981772 5.722391
v  19.410917 15.757427 5.689286
v  19.520683 14.958725 5.440996
v  19.560255 15.034103 5.268343
v  19.539795 14.834370 5.365041
v  19.743601 15.060550 5.242021
v  19.671329 14.907059 5.224694
v  19.858206 15.006941 5.405433
v  19.870518 14.883489 5.315040
v  19.752186 14.902651 5.558657
v  19.866304 14.758446 5.506955
v  19.643774 14.886172 5.564974
v  19.739700 14.668033 5.585792
v  19.612528 14.719805 5.534838
v  19.628820 14.553048 5.495626
v  19.652369 14.621140 5.334662
v  19.708681 14.366460 5.461476
v  19.812973 14.650422 5.306413
v  19.782074 14.391588 5.383174
v  19.916714 14.605495 5.457802
v  19.885099 14.409478 5.437119
v  19.827471 14.516018 5.579006
v  19.892807 14.397264 5.552581
v  19.728853 14.495135 5.588717
v  19.809216 14.368737 5.610281
v  19.728119 14.355816 5.573253
v  19.427715 15.642531 5.327143
v  19.404556 15.644572 5.434902
v  19.420435 15.637571 5.553507
v  19.587677 15.768222 5.311891
v  19.487387 15.745602 5.276989
v  19.715557 15.810314 5.480985
v  19.660179 15.916404 5.373645
v  19.639933 15.775541 5.654592
v  19.698708 15.934098 5.589918
v  19.501263 15.692985 5.665626
v  19.568331 15.811004 5.704958
v  19.446846 15.692239 5.646476
v  19.408909 15.692505 5.315786
v  19.404852 15.675745 5.583909
v  19.535089 15.902331 5.288496
v  19.655588 16.067366 5.472768
v  19.602009 15.990988 5.684470
v  19.476482 15.802743 5.706884
v  19.880108 13.851312 5.723504
v  19.888613 13.784534 5.701946
v  19.844101 13.892916 5.715248
v  19.850676 13.892222 5.689346
v  19.876080 13.817926 5.657410
v  19.892054 13.751717 5.617961
v  19.875891 13.870806 5.608981
v  19.885872 13.803950 5.569887
v  19.885170 13.750565 5.530029
v  19.866693 13.865396 5.525224
v  19.865528 13.805399 5.487107
v  19.876553 13.773293 5.448576
v  19.849541 13.855666 5.442581
v  19.874416 13.820089 5.413705
v  19.833597 13.925411 5.712599
v  19.823795 13.965482 5.724684
v  19.819597 14.014207 5.684105
v  19.844105 13.941328 5.649110
v  19.828182 14.010719 5.600835
v  19.856550 13.938003 5.560613
v  19.825182 14.006923 5.511554
v  19.837652 13.926268 5.480058
v  19.824522 13.977562 5.433262
v  19.853434 13.910138 5.405710
v  20.002352 13.794664 5.693491
v  19.968939 13.864635 5.715961
v  20.006008 13.856976 5.645341
v  19.986792 13.941504 5.675226
v  19.979988 13.921756 5.701823
v  20.018482 13.765316 5.608512
v  20.009418 13.845133 5.557189
v  20.002586 13.939406 5.594651
v  20.003569 13.765007 5.520590
v  19.986292 13.847598 5.471165
v  19.994848 13.932939 5.505702
v  19.970734 13.787472 5.440778
v  19.947504 13.850515 5.405389
v  19.969456 13.922506 5.423726
v  19.975733 13.960233 5.698418
v  19.961933 13.998670 5.713009
v  19.981834 14.007807 5.635738
v  19.959316 14.059278 5.674271
v  19.988747 14.008264 5.544629
v  19.970293 14.072209 5.587691
v  19.967867 13.994315 5.458357
v  19.960884 14.064914 5.494178
v  19.936508 13.959196 5.394661
v  19.939180 14.031267 5.417726
v  19.914196 13.791800 5.409371
v  19.904623 13.884046 5.391688
v  19.880960 13.977028 5.392484
v  19.815447 14.094564 5.415973
v  19.856670 14.070947 5.399509
v  19.845778 14.169322 5.419794
v  19.894093 14.118889 5.407898
v  19.832876 14.124843 5.676076
v  19.868645 14.182695 5.644564
v  19.876410 14.122294 5.703960
v  19.920401 14.151023 5.668489
v  19.832022 14.025124 5.779356
v  19.866823 14.056437 5.764650
v  19.867878 14.004807 5.801015
v  19.903471 14.046065 5.771605
v  19.910320 13.902161 5.722517
v  19.940191 13.803920 5.736191
v  19.796125 14.147737 5.594540
v  19.774151 14.191340 5.541278
v  19.811049 14.205526 5.622159
v  19.772490 14.235946 5.584616
v  19.902138 14.232153 5.612232
v  19.843670 14.260291 5.620564
v  19.936909 14.189820 5.580885
v  19.926128 14.233163 5.524442
v  19.913029 14.275889 5.567496
v  19.923653 14.184029 5.476459
v  19.881081 14.221485 5.433250
v  19.901371 14.267697 5.468929
v  19.796667 14.198668 5.442218
v  19.825371 14.246529 5.422679
v  19.788475 14.145559 5.490231
v  19.765621 14.229856 5.485297
v  19.816566 14.061604 5.715146
v  19.833208 14.069244 5.742745
v  19.818714 14.003798 5.760933
v  19.889826 13.690736 5.795451
v  19.849394 13.680638 5.809866
v  19.911501 13.675044 5.824893
v  19.871078 13.664946 5.839321
v  19.965939 13.957616 5.723954
v  19.940641 13.945747 5.776911
v  19.933895 14.031613 5.751018
v  19.909790 13.988015 5.798538
v  19.910482 14.091473 5.735437
v  19.853939 13.914177 5.728296
v  19.831444 13.931207 5.737768
v  19.955919 13.933370 5.717675
v  19.904127 13.912325 5.735642
v  19.862988 13.861557 5.764126
v  19.940191 13.876180 5.771104
v  19.909386 13.816766 5.778377
v  19.905615 13.892196 5.834094
v  19.930336 13.833843 5.827494
v  19.869883 13.945106 5.830624
v  19.841751 13.879027 5.824852
v  19.869255 13.835787 5.846895
v  19.831995 13.923002 5.783403
v  19.848209 13.818738 5.797649
v  19.783266 14.285995 5.610938
v  19.748045 14.269108 5.535227
v  19.875687 14.312193 5.599147
v  19.907928 14.314123 5.514914
v  19.858183 14.296988 5.425926
v  19.769024 14.271580 5.436657
v  19.944679 13.607363 5.477145
v  19.942482 13.593142 5.460804
v  19.931068 13.620659 5.458842
v  19.942289 13.603790 5.441870
v  19.982819 13.608369 5.438733
v  19.990149 13.598894 5.457083
v  19.990496 13.626547 5.454318
v  19.985220 13.611862 5.474013
v  19.968801 13.517405 5.466976
v  19.979719 13.517344 5.478503
v  19.978161 13.514822 5.454417
v  19.989088 13.514768 5.465944
v  19.964788 13.593734 5.436478
v  19.959166 13.621188 5.432339
v  19.936472 13.641460 5.474251
v  19.956781 13.659624 5.476116
v  19.962471 13.626001 5.480825
v  19.981094 13.645472 5.470894
v  19.925516 13.698200 5.470795
v  19.921204 13.681621 5.453558
v  19.905972 13.718847 5.451146
v  19.922083 13.697391 5.432878
v  19.956041 13.559256 5.447419
v  19.948799 13.573365 5.462399
v  19.955988 13.545041 5.464900
v  19.958094 13.562531 5.478915
v  19.972355 13.698912 5.429338
v  19.983076 13.684732 5.449082
v  19.980431 13.720585 5.446064
v  19.975649 13.699705 5.467251
v  19.990686 13.564247 5.476630
v  19.995087 13.577061 5.459012
v  19.994280 13.545183 5.462419
v  19.988651 13.560963 5.445136
v  19.950493 13.681445 5.428352
v  19.939453 13.722257 5.419970
v  19.970539 13.572911 5.438877
v  19.973845 13.543040 5.444017
v  19.973379 13.577438 5.482540
v  19.976419 13.547153 5.483304
v  19.953918 13.684839 5.474299
v  19.947248 13.717096 5.477259
v  19.934109 13.665977 5.471601
v  19.926281 13.655156 5.455759
v  19.925182 13.668572 5.454530
v  19.931789 13.662670 5.437238
v  19.975481 13.665843 5.434007
v  19.984106 13.659720 5.451453
v  19.984554 13.672689 5.450150
v  19.977800 13.669186 5.468369
v  19.953728 13.655228 5.431103
v  19.953310 13.668341 5.428903
v  19.956478 13.672838 5.475786
v  19.930437 13.672064 5.436430
v  19.932762 13.675344 5.470797
v  19.977732 13.678184 5.467497
v  19.975412 13.674907 5.433131
v  19.906109 13.737257 5.473348
v  19.899216 13.750381 5.425480
v  19.957642 13.752631 5.421414
v  19.972704 13.739765 5.469176
v  19.938980 13.741093 5.482650
v  19.934092 13.638004 5.439109
v  19.978695 13.642001 5.435751
v  19.967821 13.598274 5.481411
v  19.950428 13.586084 5.444019
v  19.947599 13.583967 5.461385
v  19.952635 13.589531 5.477460
v  19.986115 13.593155 5.474892
v  19.991838 13.588017 5.458076
v  19.983902 13.589795 5.441445
v  19.968260 13.583635 5.437304
v  19.954809 13.582459 5.478034
v  19.952618 13.579041 5.444593
v  19.986887 13.581968 5.442059
v  19.989061 13.585360 5.475501
v  19.971201 13.588225 5.482166
v  19.964445 13.527898 5.452735
v  19.966177 13.530663 5.479173
v  19.990030 13.529130 5.477797
v  19.988308 13.526356 5.451360
v  19.956684 13.543791 5.568050
v  19.954088 13.525787 5.547454
v  19.939516 13.560609 5.544962
v  19.953756 13.539375 5.523559
v  20.004847 13.545288 5.519591
v  20.014149 13.533462 5.542730
v  20.014492 13.568201 5.539248
v  20.007803 13.549707 5.564085
v  19.987646 13.430530 5.555237
v  20.001419 13.430460 5.569776
v  19.999462 13.427279 5.539397
v  20.013229 13.427211 5.553936
v  19.982265 13.526758 5.516760
v  19.975019 13.561379 5.511533
v  19.946308 13.586859 5.564393
v  19.971912 13.609862 5.566737
v  19.978914 13.567413 5.572675
v  20.002472 13.592048 5.560145
v  19.932062 13.657830 5.560016
v  19.926689 13.636468 5.538351
v  19.909847 13.680548 5.535184
v  19.928825 13.653363 5.512585
v  19.971579 13.483270 5.530576
v  19.962414 13.500972 5.549473
v  19.971519 13.465364 5.552623
v  19.974159 13.487413 5.570298
v  19.993645 13.656160 5.507950
v  20.005194 13.641618 5.532591
v  20.007010 13.683592 5.528437
v  19.996834 13.660605 5.555383
v  20.015238 13.489645 5.567410
v  20.020761 13.505873 5.545184
v  20.019772 13.465579 5.549488
v  20.012674 13.485497 5.527689
v  19.964010 13.636240 5.506572
v  19.955175 13.680387 5.496034
v  19.989763 13.500532 5.519794
v  19.994017 13.462866 5.526281
v  19.993376 13.506265 5.574864
v  19.997231 13.468052 5.575829
v  19.967936 13.641748 5.564382
v  19.961908 13.683716 5.567596
v  19.943249 13.617645 5.561051
v  19.933413 13.604053 5.541070
v  19.931868 13.620831 5.539519
v  19.940317 13.613457 5.517714
v  19.995419 13.617877 5.513613
v  20.006371 13.610171 5.535619
v  20.006786 13.626705 5.533956
v  19.998354 13.622158 5.556946
v  19.968065 13.604309 5.509967
v  19.967363 13.620839 5.507182
v  19.971413 13.626561 5.566310
v  19.938446 13.625085 5.516701
v  19.941349 13.629273 5.560035
v  19.998095 13.633725 5.555821
v  19.995111 13.629403 5.512489
v  19.914368 13.709308 5.561987
v  19.907761 13.713757 5.501392
v  19.986427 13.716661 5.496352
v  19.998692 13.712372 5.556081
v  19.957331 13.723799 5.571785
v  19.943270 13.582520 5.520068
v  19.999641 13.587690 5.515831
v  19.985970 13.532494 5.573424
v  19.964268 13.516907 5.526291
v  19.960789 13.514164 5.548202
v  19.967020 13.521221 5.568467
v  20.009188 13.526244 5.565195
v  20.016542 13.519803 5.543992
v  20.006454 13.522027 5.523013
v  19.986826 13.514039 5.517810
v  19.969925 13.512420 5.569191
v  19.967180 13.508065 5.527018
v  20.010376 13.512084 5.523799
v  20.013086 13.516401 5.565973
v  19.990505 13.519875 5.574387
v  19.982187 13.443759 5.537278
v  19.984343 13.447249 5.570621
v  20.014402 13.445322 5.568884
v  20.012249 13.441830 5.535541
v  19.976000 13.535363 5.655278
v  19.973984 13.515935 5.634552
v  19.957830 13.555106 5.632291
v  19.972956 13.531560 5.610735
v  20.024445 13.536331 5.606772
v  20.034576 13.522626 5.629799
v  20.033436 13.560872 5.626577
v  20.027508 13.540191 5.651309
v  20.011948 13.409615 5.641155
v  20.026081 13.408553 5.655673
v  20.023945 13.405910 5.625254
v  20.038088 13.404852 5.639771
v  20.002346 13.516706 5.603819
v  19.993608 13.555334 5.598825
v  19.963848 13.583534 5.651880
v  19.988960 13.607939 5.654350
v  19.997776 13.560602 5.660038
v  20.020634 13.587235 5.647640
v  19.947569 13.662753 5.647830
v  19.942617 13.640034 5.626071
v  19.923786 13.686799 5.623137
v  19.944221 13.658584 5.600372
v  19.993261 13.469050 5.617155
v  19.983414 13.488469 5.636281
v  19.994089 13.448770 5.638988
v  19.996149 13.472455 5.656926
v  20.007820 13.658945 5.595928
v  20.021166 13.642214 5.620434
v  20.019987 13.686413 5.616525
v  20.011261 13.662880 5.643381
v  20.037922 13.473255 5.653984
v  20.042730 13.491555 5.631934
v  20.043238 13.446938 5.635767
v  20.035141 13.469783 5.614212
v  19.979870 13.638371 5.594362
v  19.969534 13.682910 5.584172
v  20.011183 13.487507 5.606544
v  20.016922 13.445675 5.612574
v  20.015057 13.492295 5.661683
v  20.020437 13.449986 5.662184
v  19.983936 13.643409 5.652186
v  19.974331 13.690163 5.655537
v  19.959673 13.617897 5.648719
v  19.950079 13.603567 5.628661
v  19.948046 13.622359 5.627196
v  19.956705 13.614121 5.605350
v  20.012342 13.616990 5.601253
v  20.023771 13.607640 5.623217
v  20.023609 13.625842 5.621665
v  20.015293 13.620654 5.644633
v  19.985157 13.603046 5.597524
v  19.983927 13.621344 5.594851
v  19.987923 13.626446 5.654025
v  19.954508 13.627218 5.604388
v  19.957493 13.631010 5.647753
v  20.014681 13.633368 5.643584
v  20.011702 13.629718 5.600207
v  19.923147 13.718979 5.649774
v  19.920364 13.710546 5.590300
v  20.005121 13.711994 5.584358
v  20.008173 13.719900 5.644133
v  19.960314 13.739957 5.658948
v  19.960827 13.579712 5.607516
v  20.017475 13.583415 5.603285
v  20.006275 13.521593 5.660550
v  19.984554 13.506395 5.613276
v  19.981270 13.503030 5.635167
v  19.987494 13.509995 5.655508
v  20.030178 13.514225 5.652205
v  20.037806 13.507229 5.630913
v  20.027273 13.510572 5.609975
v  20.007586 13.502542 5.604726
v  19.990837 13.500179 5.656128
v  19.987865 13.496574 5.613899
v  20.031713 13.499356 5.610641
v  20.034643 13.503041 5.652867
v  20.011553 13.507452 5.661372
v  20.005678 13.424887 5.623363
v  20.008057 13.427779 5.656748
v  20.038691 13.424361 5.654937
v  20.036356 13.421457 5.621550
v  19.963400 13.579405 5.739399
v  19.960699 13.561397 5.718798
v  19.946247 13.596198 5.716314
v  19.960390 13.574944 5.694906
v  20.011267 13.580849 5.690929
v  20.020741 13.568990 5.714079
v  20.021015 13.603685 5.710595
v  20.014454 13.585239 5.735435
v  19.994207 13.466075 5.726584
v  20.007975 13.466016 5.741122
v  20.006004 13.462831 5.710743
v  20.019777 13.462774 5.725281
v  19.988733 13.562254 5.688105
v  19.981226 13.596811 5.682869
v  19.953075 13.622429 5.735749
v  19.978640 13.645348 5.738097
v  19.985748 13.602977 5.744032
v  20.009171 13.627493 5.731504
v  19.939241 13.693147 5.731462
v  19.933832 13.672270 5.709716
v  19.917599 13.715219 5.706736
v  19.935963 13.688702 5.683997
v  19.978058 13.518821 5.701919
v  19.968876 13.536571 5.720812
v  19.978010 13.500908 5.723967
v  19.980621 13.522970 5.741640
v  19.999107 13.690610 5.679510
v  20.011679 13.676475 5.704037
v  20.010609 13.717027 5.700277
v  20.002262 13.695154 5.726965
v  20.021688 13.525160 5.738755
v  20.027229 13.541371 5.716530
v  20.026260 13.501129 5.720831
v  20.019127 13.521023 5.699033
v  19.970844 13.671457 5.677978
v  19.963066 13.710334 5.668217
v  19.996311 13.536079 5.691141
v  20.000525 13.498413 5.697626
v  19.999855 13.541800 5.746208
v  20.003748 13.503603 5.747173
v  19.974796 13.676935 5.735809
v  19.965361 13.721794 5.738796
v  19.950081 13.653190 5.732417
v  19.940207 13.639622 5.712429
v  19.938747 13.656476 5.710879
v  19.947044 13.649051 5.689064
v  20.002045 13.653106 5.684979
v  20.012909 13.645400 5.706983
v  20.013519 13.661830 5.705335
v  20.005047 13.657371 5.728321
v  19.974474 13.639726 5.681312
v  19.974119 13.656203 5.678546
v  19.978222 13.661956 5.737683
v  19.945295 13.660728 5.688052
v  19.948294 13.664833 5.731408
v  20.004913 13.668776 5.727214
v  20.001953 13.664558 5.683869
v  19.919210 13.754163 5.732092
v  19.918123 13.734312 5.675213
v  20.000433 13.736226 5.669743
v  19.991512 13.756349 5.727007
v  19.949991 13.618063 5.691422
v  20.005877 13.623024 5.687174
v  19.992605 13.568043 5.744773
v  19.970779 13.552608 5.697624
v  19.967285 13.549843 5.719537
v  19.973574 13.556902 5.739805
v  20.015757 13.561734 5.736546
v  20.023056 13.555300 5.715339
v  20.012966 13.557552 5.694358
v  19.993326 13.549576 5.689155
v  19.976414 13.548031 5.740531
v  19.973631 13.543701 5.698353
v  20.016874 13.547626 5.695143
v  20.019581 13.551861 5.737323
v  19.997040 13.555411 5.745732
v  19.988714 13.479300 5.708624
v  19.990877 13.482794 5.741967
v  20.020933 13.480885 5.740228
v  20.018772 13.477386 5.706885
v  19.906349 13.763588 5.789108
v  19.865286 13.726631 5.786315
v  19.925232 13.728036 5.806033
v  19.926498 13.774803 5.837245
v  19.902626 13.717959 5.851188
v  19.869049 13.773683 5.850007
v  19.842083 13.716590 5.830380
v  19.848934 13.762665 5.801868
v  18.781473 16.221039 5.345877
v  18.770170 15.263144 5.391674
v  18.792751 14.503591 6.053233
v  19.804420 14.080430 5.549928
v  19.815847 14.083534 5.641760
v  19.808439 14.071716 5.455981
v  19.827677 14.017685 5.404812
v  19.947224 14.129740 5.631110
v  19.953533 14.131374 5.535019
v  19.926634 14.113920 5.441696
v  19.906906 14.048698 5.396291
v  19.836485 13.969877 5.806472
v  19.939875 14.094233 5.706178
v  19.877508 13.792100 5.780570
v  19.936062 13.803086 5.808785
v  19.912909 13.787874 5.788088
v  19.904552 13.816810 5.857183
v  19.930498 13.804532 5.839917
v  19.846523 13.805501 5.827930
v  19.871071 13.805857 5.851673
v  19.853462 13.789302 5.799800
v  19.934528 13.788265 5.811117
v  19.877230 13.776823 5.782200
v  19.904274 13.801798 5.858684
v  19.846508 13.790156 5.828452
v  19.126545 11.298635 5.577359
v  19.228682 11.298635 5.629117
v  19.321123 11.298634 5.568563
v  19.325342 11.298634 5.412960
v  19.200607 11.298634 5.363006
v  19.075914 11.298634 5.421289
v  18.549450 17.308733 6.190884
v  18.456692 17.280996 6.124570
v  18.479965 17.221399 6.116315
v  18.550724 17.232929 6.160418
v  18.399734 17.226686 6.049266
v  18.433872 17.188860 6.071323
v  18.383467 17.150856 5.999272
v  18.413038 17.141020 6.037469
v  18.384966 17.090677 5.987894
v  18.408979 17.028149 6.017354
v  18.436876 17.051123 6.053111
v  18.413582 17.096712 6.032525
v  18.462185 16.972410 6.095125
v  18.486282 17.010904 6.107943
v  18.565361 16.956390 6.156440
v  18.568769 17.004269 6.152651
v  18.668276 16.972567 6.187786
v  18.645487 17.024599 6.178083
v  18.711256 17.016462 6.223732
v  18.689705 17.053564 6.195382
v  18.716473 17.109900 6.210810
v  18.691967 17.108076 6.195147
v  18.689199 17.190130 6.226041
v  18.659878 17.164261 6.193440
v  18.645254 17.285866 6.234299
v  18.614073 17.208843 6.188053
v  18.740345 17.019432 6.236539
v  18.740345 17.110117 6.219390
v  18.740345 17.193577 6.238682
v  18.740345 17.289955 6.253479
v  18.499662 17.173347 6.152478
v  18.507181 17.166918 6.134397
v  18.556593 17.164186 6.148372
v  18.552618 17.172010 6.169541
v  18.464140 17.157736 6.113587
v  18.476103 17.153893 6.099713
v  18.441727 17.123913 6.082470
v  18.456778 17.124838 6.077484
v  18.461203 17.083956 6.101532
v  18.473577 17.087975 6.088296
v  18.456755 17.111212 6.072030
v  18.441816 17.112398 6.078628
v  18.504065 17.062033 6.141659
v  18.514040 17.068981 6.123461
v  18.573498 17.065590 6.165668
v  18.579739 17.075834 6.147254
v  18.615448 17.083054 6.170345
v  18.611372 17.090443 6.163582
v  18.635099 17.089083 6.172618
v  18.626738 17.092939 6.168169
v  18.638397 17.098866 6.174614
v  18.629690 17.099133 6.169058
v  18.622862 17.115856 6.176225
v  18.616817 17.111387 6.167117
v  18.594311 17.150476 6.177866
v  18.595146 17.142542 6.156256
v  19.949654 13.659172 5.732373
v  19.946579 13.654945 5.688013
v  19.947830 13.638275 5.690456
v  20.002304 13.642570 5.686372
v  20.002661 13.658959 5.683857
v  20.005705 13.663296 5.728206
v  19.972849 13.548336 5.697795
v  19.975649 13.552686 5.740231
v  18.617264 17.097147 6.146968
v  18.623892 17.095573 6.164709
v  18.625744 17.099899 6.165504
v  18.619967 17.107882 6.148653
v  20.017462 13.556684 5.737088
v  18.429068 17.132944 6.061473
v  18.429455 17.104080 6.058016
v  18.444229 17.116516 6.080253
v  18.455582 17.115923 6.065148
v  18.455069 17.118923 6.068457
v  18.443851 17.118881 6.082280
v  18.480881 17.116074 5.984646
v  18.480547 17.118658 5.989065
v  18.490189 17.193035 6.136343
v  18.551289 17.197865 6.164494
v  18.450489 17.170885 6.091563
v  18.451880 17.068859 6.079839
v  18.496437 17.040150 6.128123
v  18.571371 17.038862 6.161442
v  18.629364 17.057333 6.172103
v  18.660795 17.075686 6.175090
v  18.662870 17.103971 6.182165
v  18.639484 17.140160 6.188202
v  18.601574 17.175846 6.185455
v  18.712318 16.961361 6.249656
v  18.740345 16.966253 6.264399
v  18.740345 16.939734 6.292416
v  18.710718 16.931870 6.270871
v  18.694492 16.897980 6.291220
v  18.740345 16.904118 6.317525
v  18.675323 16.897625 6.218407
v  18.679157 16.866276 6.227992
v  18.678839 16.932034 6.201462
v  18.740345 17.438896 6.210731
v  18.638937 17.439201 6.191724
v  18.740345 17.590792 6.097669
v  18.627583 17.584856 6.079605
v  18.740345 17.669598 5.907580
v  18.625429 17.658087 5.895926
v  18.740345 17.665531 5.693121
v  18.622232 17.652040 5.701515
v  18.740345 17.583408 5.527622
v  18.740345 17.431507 5.418518
v  18.582649 17.425678 5.450487
v  18.598097 17.572268 5.550778
v  18.740345 17.237419 5.367849
v  18.740345 17.047966 5.379000
v  18.596865 17.049471 5.408062
v  18.582687 17.237144 5.399583
v  18.740345 16.903648 5.423930
v  18.620293 16.904741 5.453352
v  18.740116 16.782032 5.481310
v  18.739538 16.625917 5.487695
v  18.607985 16.615446 5.503249
v  18.596472 16.773462 5.516659
v  18.567961 16.914719 6.165168
v  18.587767 16.868887 6.180170
v  18.356033 17.171469 5.924315
v  18.357244 17.078823 5.912960
v  18.355495 17.198860 5.808557
v  18.387348 17.227922 5.642476
v  18.402981 17.060217 5.623586
v  18.360237 17.068237 5.789500
v  18.467428 17.234116 5.488620
v  18.480320 17.054327 5.489588
v  18.533548 17.421099 6.147031
v  18.437881 17.369944 6.074419
v  18.520161 17.547897 6.030157
v  18.426550 17.465511 5.957424
v  18.364281 17.333731 5.870444
v  18.375540 17.277107 5.983620
v  18.517586 17.605606 5.857697
v  18.435558 17.515095 5.792527
v  18.387770 17.374489 5.712594
v  18.486664 17.537386 5.637105
v  18.466011 17.408539 5.549567
v  18.531380 17.610733 5.725801
v  18.523954 16.800238 5.596910
v  18.505154 16.908503 5.546730
v  18.377586 16.941996 5.827631
v  18.417309 16.800282 5.907139
v  18.440279 16.911896 6.067855
v  18.381435 16.989496 5.952310
v  18.450262 16.747078 5.715528
v  18.424488 16.902264 5.661961
v  18.697577 16.791567 6.238821
v  18.702898 16.760815 6.229443
v  18.740345 16.755156 6.240429
v  18.740345 16.786304 6.250337
v  18.693993 16.698980 6.207972
v  18.694904 16.682981 6.193924
v  18.740345 16.675220 6.208404
v  18.740345 16.692139 6.222318
v  18.646475 16.536598 6.080849
v  18.670187 16.551800 5.970751
v  18.740345 16.543964 5.973073
v  18.740339 16.522427 6.101218
v  18.583761 16.619370 5.793797
v  18.609291 16.478786 5.751309
v  18.740461 16.448786 5.798276
v  18.740498 16.583464 5.828597
v  18.527224 16.687849 5.675673
v  18.547941 16.550875 5.644395
v  18.498121 16.386368 5.632849
v  18.546314 16.447096 5.444973
v  18.740345 16.724020 6.223445
v  18.696383 16.729143 6.209535
v  18.649952 16.737206 6.174783
v  18.642956 16.718046 6.170878
v  18.646009 16.785648 6.197460
v  18.654453 16.758947 6.193050
v  18.590256 16.780685 6.144790
v  18.574356 16.760300 6.116467
v  18.596819 16.756594 6.122037
v  18.608028 16.761898 6.142617
v  18.596941 16.739151 6.124428
v  18.610184 16.747124 6.130459
v  18.740345 16.569546 6.193390
v  18.655699 16.581293 6.173180
v  18.681517 16.642885 6.183645
v  18.740345 16.633598 6.199337
v  18.740345 16.804026 6.245937
v  18.698343 16.809626 6.234672
v  18.705124 16.753464 6.195247
v  18.740345 16.747490 6.205933
v  18.740345 16.729353 6.192757
v  18.696898 16.734188 6.181488
v  18.611128 16.759348 6.126739
v  18.657082 16.754509 6.167358
v  18.651371 16.740053 6.153488
v  18.612432 16.747948 6.117439
v  18.600746 16.755978 6.110546
v  18.635168 16.803989 6.190892
v  18.559334 16.805786 6.138220
v  18.529951 16.766748 6.089887
v  18.571333 16.718292 6.100089
v  18.637451 16.695841 6.152271
v  20.014706 13.552456 5.694646
v  19.872705 13.760369 5.783824
v  19.930630 13.769377 5.809553
v  19.902872 13.777021 5.855996
v  19.844568 13.767885 5.828804
v  19.936466 13.795806 5.810792
v  19.878857 13.784492 5.781233
v  19.905294 13.809424 5.859046
v  19.847313 13.797865 5.828400
v  18.573824 16.614180 6.090964
v  18.568377 16.574619 5.983823
v  18.501549 16.646147 5.847651
v  18.504465 16.672928 6.002745
v  18.638266 16.586506 5.885864
v  18.740402 16.577885 5.883664
v  18.499886 16.851946 6.108825
v  18.464329 16.782303 6.029264
v  18.534056 16.700312 6.068498
v  18.606417 16.663921 6.127405
v  18.700636 16.870356 6.288051
v  18.740345 16.866163 6.308422
v  18.714651 16.878332 6.265097
v  18.716255 16.873480 6.246887
v  18.729542 16.871571 6.249425
v  18.727427 16.877539 6.270125
v  18.717928 16.825693 6.240426
v  18.704872 16.854349 6.239625
v  18.740345 16.822735 6.243138
v  18.740345 16.848253 6.244771
v  18.728830 16.855633 6.252320
v  18.709681 16.859455 6.247601
v  18.706112 16.867123 6.280602
v  18.726887 16.865072 6.293386
v  18.588957 16.294033 5.788532
v  18.586563 16.216293 5.901707
v  18.741398 16.182383 5.916811
v  18.740803 16.271574 5.858700
v  18.578503 16.122410 5.912114
v  18.741804 16.097700 5.943798
v  18.563587 15.875307 6.033595
v  18.743900 15.870838 6.062627
v  18.737143 16.444077 5.433984
v  18.546499 15.546282 6.107894
v  18.539604 15.370741 6.044496
v  18.739674 15.376385 6.074503
v  18.743280 15.545660 6.138778
v  18.569637 14.792925 6.048379
v  18.738588 14.772371 6.064984
v  18.548645 15.550286 5.267500
v  18.207884 15.627447 5.246094
v  18.232901 15.958092 5.229455
v  18.562067 15.906519 5.249510
v  18.098398 16.173122 5.691159
v  18.143148 15.935778 5.753727
v  18.328787 15.906219 5.942779
v  18.318617 16.129240 5.838691
v  18.651457 14.247462 5.930660
v  18.659027 14.411114 5.320218
v  18.738312 14.454421 5.397843
v  18.739750 14.291656 5.906177
v  17.965343 15.711906 5.352211
v  18.193525 15.279900 5.527068
v  18.242910 15.294640 5.728899
v  18.156580 15.630058 5.669024
v  18.327518 16.240274 5.753293
v  18.328428 16.201723 5.827708
v  18.240149 14.865442 5.563892
v  18.261889 14.849056 5.775901
v  18.709711 15.893166 5.297956
v  18.707735 15.536607 5.332297
v  18.297405 16.220165 5.342333
v  18.593475 16.227394 5.329050
v  18.352091 15.576215 5.990861
v  18.342403 15.283096 5.374897
v  18.590076 15.269102 5.362649
v  18.622381 14.829770 5.369987
v  18.393518 14.860011 5.406771
v  18.176615 14.428353 5.800706
v  18.388407 14.314642 5.950681
v  18.397394 14.560522 5.953358
v  18.207117 14.618309 5.776526
v  18.365767 15.324992 5.929099
v  18.731941 14.816896 5.408740
v  18.734690 14.678806 5.350637
v  18.639191 14.689918 5.294508
v  18.187361 14.650548 5.521779
v  18.397512 14.692526 5.333663
v  18.391546 14.822975 5.950725
v  18.169964 16.237421 5.616023
v  18.177094 16.273293 5.534628
v  18.048771 16.209311 5.485360
v  18.325802 16.329027 5.481789
v  18.311064 16.299810 5.618908
v  17.959505 16.011757 5.342959
v  18.615955 14.514347 6.041326
v  18.381493 14.419291 5.253497
v  18.192616 16.215080 5.692949
v  18.176790 16.193981 5.725988
v  18.623194 13.948600 5.850417
v  18.640703 14.013981 5.467432
v  18.374075 14.112964 5.333619
v  18.116964 14.172218 5.502395
v  18.159698 14.474207 5.480311
v  18.122871 14.106258 5.799073
v  18.366894 13.977839 5.954298
v  18.302221 10.723318 6.223289
v  18.165464 10.715593 6.241621
v  18.176916 10.706264 6.067253
v  18.346878 10.717661 6.084899
v  18.018885 10.723318 6.151858
v  17.997107 10.717760 5.988653
v  18.348333 10.720241 5.901632
v  18.192326 10.706184 5.883071
v  18.240282 10.705847 5.613341
v  18.405699 10.727901 5.592775
v  18.042410 10.720832 5.849463
v  18.103594 10.728001 5.601050
v  18.277081 10.728506 5.366281
v  18.388481 10.747931 5.422990
v  18.159313 10.747931 5.398171
v  18.311707 10.863329 6.226192
v  18.358437 10.913799 6.083065
v  18.178801 10.949336 6.062175
v  18.166151 10.876701 6.233729
v  17.994316 10.880192 5.989769
v  18.018080 10.844357 6.151601
v  18.357212 10.935871 5.910670
v  18.376516 11.074610 5.644255
v  18.220249 11.087624 5.700243
v  18.190126 10.973616 5.890530
v  18.095457 11.074673 5.604900
v  18.026432 10.931204 5.849240
v  18.326065 10.784571 6.251730
v  18.158792 10.783720 6.294755
v  17.985655 10.781528 6.180492
v  17.947016 10.796833 5.986658
v  17.995884 10.822865 5.839989
v  18.043497 10.885288 5.580101
v  18.138710 10.902406 5.351324
v  18.291273 10.903624 5.300517
v  18.425701 10.902406 5.391598
v  18.458466 10.885254 5.590584
v  18.387592 10.823540 5.906875
v  18.389791 10.802418 6.093638
v  18.173800 11.081106 5.405100
v  18.286045 11.081319 5.363839
v  18.401466 11.081107 5.440008
v  18.354462 11.140894 5.605350
v  18.228697 11.140894 5.645947
v  18.128557 11.140894 5.571908
v  18.177864 11.140894 5.414325
v  18.282642 11.140894 5.374985
v  18.393396 11.140894 5.445637
v  18.346924 11.203520 5.586802
v  18.239613 11.203520 5.633692
v  18.141649 11.203519 5.569210
v  18.155750 11.203520 5.413735
v  18.273504 11.203520 5.369369
v  18.394913 11.203520 5.430393
v  18.269192 11.473677 5.636209
v  18.368639 11.480755 5.577597
v  18.418045 12.140005 5.629463
v  18.313944 12.088438 5.705908
v  18.179583 11.480755 5.575397
v  18.203485 12.140005 5.629463
v  18.140005 11.508360 5.399509
v  18.054482 12.325274 5.351586
v  18.286673 11.520303 5.328466
v  18.287411 12.400004 5.197857
v  18.431183 11.508360 5.401591
v  18.523203 12.325275 5.351586
v  18.356791 13.179049 5.911997
v  18.523941 13.129113 5.823338
v  18.583719 13.485220 5.825206
v  18.349722 13.507092 5.956810
v  18.186386 13.141313 5.820045
v  18.113438 13.578800 5.799264
v  18.188238 12.970250 5.538804
v  18.108818 13.619999 5.482657
v  18.342070 12.988142 5.414586
v  18.345367 13.598443 5.348991
v  18.499008 12.963621 5.540375
v  18.597511 13.508348 5.500373
v  18.352909 12.667086 5.775168
v  18.501770 12.727999 5.706696
v  18.540865 12.945517 5.763879
v  18.358414 12.942591 5.863224
v  18.200043 12.727999 5.706696
v  18.173092 12.945517 5.763881
v  17.771133 15.649523 5.455902
v  17.932236 15.605101 5.576549
v  17.795414 15.364906 5.546197
v  17.600185 15.441511 5.486485
v  17.682920 15.747414 5.563183
v  17.522734 15.522867 5.603897
v  17.730108 15.728071 5.756464
v  17.612055 15.541286 5.807718
v  17.899635 15.692794 5.798642
v  17.805456 15.451164 5.844228
v  17.975344 15.630720 5.709532
v  17.880388 15.376573 5.732422
v  17.668486 15.159350 5.565297
v  17.530094 15.177034 5.545599
v  17.444767 15.224792 5.665198
v  17.498556 15.248572 5.799531
v  17.660162 15.205022 5.802988
v  17.721582 15.173018 5.704837
v  18.043184 15.690296 5.601715
v  17.868336 15.756023 5.402175
v  17.843950 15.992618 5.420261
v  17.906454 16.164291 5.582477
v  18.017628 16.084156 5.733951
v  18.091389 15.852315 5.720956
v  17.871153 15.042832 5.701163
v  17.672306 14.927301 5.694636
v  17.557014 14.966671 5.857599
v  17.679249 15.113367 6.005994
v  17.918324 15.181762 5.938364
v  17.967237 15.153808 5.850178
v  18.219830 15.027027 6.003044
v  18.154316 14.933502 6.028038
v  18.091877 14.953295 6.116481
v  18.111094 15.065998 6.161479
v  18.181849 15.130134 6.116371
v  18.233736 15.110359 6.042698
v  17.814322 15.717899 5.433667
v  17.979527 15.673278 5.592024
v  17.744493 15.902033 5.515427
v  17.789211 16.000132 5.728626
v  17.954252 15.891918 5.820611
v  18.034302 15.743144 5.728319
v  18.554272 15.086040 6.521422
v  18.598541 15.079853 6.460794
v  18.552160 15.079298 6.434166
v  18.494465 15.132492 6.435729
v  18.491381 15.130664 6.460000
v  18.651321 15.039598 6.399477
v  18.598757 15.031258 6.374011
v  18.686661 15.016295 6.325210
v  18.642033 15.027320 6.302392
v  18.710133 14.978188 6.278521
v  18.674932 14.982971 6.244507
v  18.442240 15.095851 6.355759
v  18.398497 15.122979 6.391679
v  18.448830 15.148801 6.408577
v  18.485165 15.066492 6.285098
v  18.532145 15.042802 6.217954
v  18.590273 15.004091 6.188183
v  18.596701 15.045660 6.560051
v  18.492813 15.033967 6.511456
v  18.477667 15.001353 6.493849
v  18.503916 14.951324 6.452073
v  18.678736 15.030935 6.523690
v  18.544197 14.910043 6.376699
v  18.721996 15.011900 6.445926
v  18.591463 14.899364 6.300549
v  18.743708 14.981594 6.365536
v  18.640062 14.909750 6.242165
v  18.738438 14.944081 6.303351
v  18.441595 15.033863 6.496621
v  18.375303 15.020295 6.454480
v  18.389572 14.965964 6.375293
v  18.427803 14.927197 6.295940
v  18.481365 14.919344 6.222774
v  18.553783 14.925308 6.190760
v  18.499889 15.001841 6.144707
v  18.479742 14.949310 6.152456
v  18.368313 14.943530 6.157012
v  18.401924 15.010771 6.129526
v  18.328089 15.090806 6.272807
v  18.294928 15.007048 6.293102
v  18.315351 15.025860 6.387129
v  18.336710 15.100771 6.371582
v  18.344162 15.116186 6.411672
v  18.337557 15.083763 6.448727
v  18.352020 15.137474 6.467644
v  18.356266 15.167178 6.404899
v  18.375505 15.081527 6.193955
v  18.314444 15.046649 6.116211
v  18.297174 15.096042 6.153686
v  18.257603 15.081028 6.200121
v  18.237612 15.028303 6.210320
v  18.323429 14.965314 6.232644
v  18.250076 14.955683 6.165355
v  18.296436 14.972091 6.109344
v  18.592554 15.295659 6.369580
v  18.592260 15.326915 6.347212
v  18.605640 15.347428 6.387547
v  18.605862 15.315640 6.409801
v  18.456451 15.095268 6.513865
v  18.377918 15.211557 6.473997
v  18.451715 15.175393 6.422481
v  18.503166 15.255569 6.415834
v  18.499134 15.274302 6.480676
v  18.456451 15.315671 6.450284
v  18.462715 15.293881 6.391473
v  18.380825 15.230059 6.409702
v  18.719593 15.108827 6.275455
v  18.735693 15.094169 6.249587
v  18.745722 15.076329 6.263029
v  18.730484 15.092690 6.292065
v  18.749107 15.119362 6.241224
v  18.734472 15.133524 6.268273
v  18.756096 15.121258 6.288752
v  18.772036 15.105936 6.259685
v  18.672194 15.090564 6.244039
v  18.667278 15.100266 6.234146
v  18.676786 15.091852 6.220492
v  18.681650 15.082005 6.230421
v  18.747181 15.073971 6.309298
v  18.776608 15.094701 6.312325
v  18.747862 15.064458 6.314274
v  18.763906 15.049787 6.287500
v  18.740852 15.019348 6.282526
v  18.724773 15.039515 6.316869
v  18.727566 15.095740 6.244218
v  18.711231 15.110611 6.268629
v  18.690496 15.099648 6.258769
v  18.705490 15.085882 6.237178
v  18.799213 15.056452 6.300501
v  18.783659 15.066743 6.329650
v  18.768923 15.031673 6.341147
v  18.782841 15.011817 6.305380
v  18.710609 15.134789 6.251904
v  18.727903 15.120407 6.227885
v  18.699484 15.104416 6.220592
v  18.684507 15.118073 6.242247
v  18.762554 15.061591 6.281825
v  18.766621 15.055593 6.285988
v  18.751171 15.070234 6.314142
v  18.790447 15.081379 6.284300
v  18.783810 15.082375 6.323112
v  18.798231 15.070407 6.293038
v  18.716125 15.113042 6.270942
v  18.732649 15.098021 6.245578
v  18.738623 15.121426 6.233671
v  18.722530 15.136668 6.259209
v  18.657753 15.162550 6.319787
v  18.678452 15.143582 6.287640
v  18.688604 15.121581 6.302737
v  18.669834 15.142759 6.339386
v  18.694096 15.175717 6.276101
v  18.674212 15.194926 6.308662
v  18.702389 15.180391 6.334635
v  18.722483 15.159924 6.298505
v  18.597012 15.137726 6.280382
v  18.591551 15.150522 6.268120
v  18.603415 15.139846 6.250846
v  18.608889 15.127304 6.262998
v  18.692884 15.117859 6.362975
v  18.729872 15.151261 6.363349
v  18.705351 15.104006 6.377495
v  18.724932 15.087739 6.342326
v  18.711863 15.065178 6.338142
v  18.686855 15.083441 6.381424
v  18.667282 15.141188 6.282327
v  18.646749 15.159996 6.313134
v  18.619743 15.146535 6.299973
v  18.638535 15.129800 6.272369
v  18.766476 15.108908 6.350874
v  18.747290 15.127484 6.385254
v  18.741034 15.078142 6.409177
v  18.763401 15.060157 6.363883
v  18.644583 15.191235 6.290795
v  18.665251 15.172396 6.260091
v  18.631992 15.154463 6.251519
v  18.613388 15.171905 6.278911
v  18.711164 15.099567 6.328870
v  18.721186 15.093295 6.336643
v  18.701712 15.111366 6.372325
v  18.747988 15.133134 6.329056
v  18.740360 15.141003 6.375378
v  18.759367 15.122233 6.339705
v  18.654747 15.164984 6.316332
v  18.675255 15.145767 6.284255
v  18.679420 15.176006 6.266718
v  18.658676 15.195226 6.298641
v  18.647379 15.183071 6.409354
v  18.667398 15.166422 6.375373
v  18.681427 15.143180 6.392356
v  18.661816 15.162046 6.429745
v  18.674253 15.200244 6.362762
v  18.655981 15.216925 6.397737
v  18.690065 15.203074 6.425915
v  18.711023 15.184920 6.388973
v  18.576729 15.154082 6.370419
v  18.568748 15.167465 6.359255
v  18.579632 15.158334 6.340465
v  18.587641 15.145124 6.351562
v  18.686596 15.135901 6.454274
v  18.719780 15.168322 6.457339
v  18.691330 15.126075 6.462268
v  18.711935 15.108050 6.428399
v  18.685678 15.078203 6.421306
v  18.659447 15.098541 6.463703
v  18.654453 15.162060 6.370739
v  18.634731 15.179579 6.402985
v  18.604076 15.164043 6.390133
v  18.621370 15.149752 6.360161
v  18.755558 15.117385 6.448024
v  18.735962 15.137157 6.481847
v  18.719364 15.090730 6.500326
v  18.742214 15.069739 6.456061
v  18.627296 15.209589 6.383964
v  18.645185 15.191975 6.350704
v  18.610611 15.174751 6.341700
v  18.593338 15.189314 6.371556
v  18.705744 15.118970 6.419863
v  18.714294 15.114149 6.426026
v  18.694000 15.131050 6.461957
v  18.738867 15.151817 6.422666
v  18.731186 15.155407 6.471080
v  18.751719 15.137836 6.435525
v  18.643391 15.185225 6.405980
v  18.663689 15.167967 6.372522
v  18.659327 15.196241 6.356112
v  18.641571 15.214217 6.390696
v  18.581442 15.234025 6.458187
v  18.600056 15.214720 6.424845
v  18.614609 15.194469 6.441960
v  18.591511 15.211737 6.477660
v  18.616693 15.246618 6.414063
v  18.597557 15.265565 6.447232
v  18.626438 15.250510 6.473903
v  18.645584 15.229800 6.437270
v  18.519743 15.209263 6.418134
v  18.514074 15.222399 6.405578
v  18.525963 15.211661 6.388350
v  18.531668 15.198722 6.400836
v  18.614943 15.186838 6.501516
v  18.653311 15.217040 6.504274
v  18.621830 15.173584 6.512260
v  18.640423 15.157057 6.476344
v  18.624151 15.121369 6.476249
v  18.597813 15.140288 6.519098
v  18.590342 15.214046 6.419672
v  18.569492 15.233326 6.450052
v  18.542686 15.219058 6.437400
v  18.561575 15.202007 6.410008
v  18.684994 15.164201 6.493549
v  18.666353 15.181095 6.529181
v  18.651539 15.131374 6.548635
v  18.677940 15.113874 6.505282
v  18.568289 15.264625 6.428310
v  18.587965 15.245021 6.397321
v  18.554688 15.227108 6.388727
v  18.536072 15.244602 6.416089
v  18.633081 15.169024 6.467059
v  18.641363 15.162156 6.473960
v  18.622515 15.180202 6.510159
v  18.672754 15.198619 6.470941
v  18.663425 15.201726 6.518453
v  18.682814 15.183244 6.482828
v  18.577007 15.237654 6.453247
v  18.597639 15.218362 6.421285
v  18.601961 15.247987 6.404139
v  18.582972 15.267704 6.436964
v  18.541313 15.273722 6.399194
v  18.544334 15.305414 6.454152
v  18.516088 15.343717 6.426628
v  18.513222 15.310353 6.371717
v  18.729023 16.215412 5.352116
v  18.719467 15.260778 5.405051
v  18.739336 14.500448 6.053651
v  18.523466 15.267897 6.413743
v  18.521238 15.300718 6.469780
v  18.484531 15.338831 6.441146
v  18.487524 15.304568 6.385205
v  18.931242 17.308733 6.190884
v  18.929968 17.232929 6.160418
v  19.000727 17.221399 6.116315
v  19.024000 17.280996 6.124570
v  19.046818 17.188860 6.071323
v  19.080957 17.226686 6.049266
v  19.067654 17.141020 6.037469
v  19.097225 17.150856 5.999272
v  19.095726 17.090677 5.987894
v  19.067108 17.096712 6.032525
v  19.043816 17.051123 6.053111
v  19.071711 17.028149 6.017354
v  18.994408 17.010904 6.107943
v  19.018507 16.972410 6.095125
v  18.911922 17.004269 6.152651
v  18.915331 16.956390 6.156440
v  18.835203 17.024599 6.178083
v  18.812416 16.972567 6.187786
v  18.790985 17.053564 6.195382
v  18.769434 17.016462 6.223732
v  18.788725 17.108076 6.195147
v  18.764219 17.109900 6.210810
v  18.820814 17.164261 6.193440
v  18.791492 17.190130 6.226041
v  18.866619 17.208843 6.188053
v  18.835436 17.285866 6.234299
v  18.981030 17.173347 6.152478
v  18.928072 17.172010 6.169541
v  18.924097 17.164186 6.148372
v  18.973509 17.166918 6.134397
v  19.016552 17.157736 6.113587
v  19.004589 17.153893 6.099713
v  19.038963 17.123913 6.082470
v  19.023912 17.124838 6.077484
v  19.019489 17.083956 6.101532
v  19.038876 17.112398 6.078628
v  19.023937 17.111212 6.072030
v  19.007114 17.087975 6.088296
v  18.976627 17.062033 6.141659
v  18.966652 17.068981 6.123461
v  18.907194 17.065590 6.165668
v  18.900953 17.075834 6.147254
v  18.865244 17.083054 6.170345
v  18.869320 17.090443 6.163582
v  18.845592 17.089083 6.172618
v  18.853952 17.092939 6.168169
v  18.842295 17.098866 6.174614
v  18.851002 17.099133 6.169058
v  18.857830 17.115856 6.176225
v  18.863874 17.111387 6.167117
v  18.886381 17.150476 6.177866
v  18.885544 17.142542 6.156256
v  18.863426 17.097147 6.146968
v  18.856798 17.095573 6.164709
v  18.854948 17.099899 6.165504
v  18.860723 17.107882 6.148653
v  19.051235 17.104080 6.058016
v  19.051624 17.132944 6.061473
v  19.036463 17.116516 6.080253
v  19.036840 17.118881 6.082280
v  19.025621 17.118923 6.068457
v  19.025108 17.115923 6.065148
v  19.000145 17.118658 5.989065
v  18.999809 17.116074 5.984646
v  18.929403 17.197865 6.164494
v  18.990503 17.193035 6.136343
v  19.030203 17.170885 6.091563
v  19.028812 17.068859 6.079839
v  18.984255 17.040150 6.128123
v  18.909321 17.038862 6.161442
v  18.851326 17.057333 6.172103
v  18.819897 17.075686 6.175090
v  18.817820 17.103971 6.182165
v  18.841208 17.140160 6.188202
v  18.879118 17.175846 6.185455
v  18.768373 16.961361 6.249656
v  18.786200 16.897980 6.291220
v  18.769974 16.931870 6.270871
v  18.801533 16.866276 6.227992
v  18.805368 16.897625 6.218407
v  18.801851 16.932034 6.201462
v  18.841753 17.439201 6.191724
v  18.853109 17.584856 6.079605
v  18.855263 17.658089 5.895926
v  18.858459 17.652040 5.701515
v  18.882595 17.572268 5.550778
v  18.898043 17.425678 5.450487
v  18.898005 17.237144 5.399583
v  18.883825 17.049471 5.408062
v  18.860399 16.904741 5.453352
v  18.883890 16.773504 5.516737
v  18.871300 16.615583 5.503854
v  18.892923 16.868887 6.180170
v  18.912729 16.914719 6.165168
v  19.123447 17.078823 5.912960
v  19.124657 17.171469 5.924315
v  19.125196 17.198860 5.808557
v  19.120455 17.068237 5.789500
v  19.077709 17.060217 5.623586
v  19.093344 17.227922 5.642476
v  19.013264 17.234116 5.488620
v  19.000372 17.054327 5.489588
v  19.042810 17.369944 6.074419
v  18.947142 17.421099 6.147031
v  19.054142 17.465511 5.957424
v  18.960531 17.547897 6.030157
v  19.105152 17.277107 5.983620
v  19.116411 17.333731 5.870445
v  19.045134 17.515095 5.792527
v  18.963106 17.605606 5.857697
v  19.092920 17.374489 5.712594
v  19.014681 17.408539 5.549567
v  18.994028 17.537386 5.637105
v  18.949312 17.610733 5.725801
v  18.975538 16.908503 5.546730
v  18.956738 16.800238 5.596910
v  19.103106 16.941996 5.827631
v  19.099257 16.989496 5.952310
v  19.040413 16.911896 6.067855
v  19.063381 16.800282 5.907139
v  19.056202 16.902264 5.661961
v  19.030430 16.747078 5.715528
v  18.783113 16.791567 6.238821
v  18.777792 16.760815 6.229443
v  18.786699 16.698980 6.207972
v  18.785788 16.682981 6.193924
v  18.834204 16.536598 6.080848
v  18.810505 16.551800 5.970751
v  18.897358 16.619566 5.794423
v  18.871712 16.479326 5.753319
v  18.932522 16.551277 5.646075
v  18.953592 16.687971 5.676028
v  18.981371 16.387947 5.639458
v  18.927309 16.447723 5.448674
v  18.784309 16.729143 6.209535
v  18.837736 16.718046 6.170878
v  18.830740 16.737206 6.174783
v  18.826239 16.758947 6.193050
v  18.834681 16.785648 6.197460
v  18.890436 16.780685 6.144790
v  18.872663 16.761898 6.142617
v  18.883871 16.756594 6.122037
v  18.906336 16.760300 6.116467
v  18.870508 16.747124 6.130459
v  18.883749 16.739151 6.124428
v  18.824991 16.581293 6.173180
v  18.799173 16.642885 6.183645
v  18.782347 16.809626 6.234672
v  18.775566 16.753464 6.195247
v  18.783794 16.734188 6.181488
v  18.823608 16.754509 6.167358
v  18.869564 16.759348 6.126739
v  18.829321 16.740053 6.153488
v  18.879944 16.755978 6.110546
v  18.868259 16.747948 6.117439
v  18.921358 16.805786 6.138220
v  18.845524 16.803989 6.190892
v  18.909359 16.718292 6.100089
v  18.950741 16.766748 6.089887
v  18.843239 16.695843 6.152271
v  18.912205 16.574560 5.983679
v  18.906868 16.614180 6.090964
v  18.979137 16.646145 5.847646
v  18.976227 16.672928 6.002745
v  18.842485 16.586523 5.885905
v  19.016363 16.782303 6.029265
v  18.980806 16.851946 6.108825
v  18.946636 16.700312 6.068498
v  18.874273 16.663921 6.127405
v  18.780056 16.870356 6.288051
v  18.766039 16.878332 6.265097
v  18.753265 16.877539 6.270125
v  18.751150 16.871571 6.249425
v  18.764437 16.873480 6.246887
v  18.775820 16.854349 6.239625
v  18.762764 16.825693 6.240426
v  18.771011 16.859455 6.247601
v  18.751862 16.855633 6.252320
v  18.774580 16.867123 6.280602
v  18.753803 16.865072 6.293386
v  18.892508 16.295465 5.793785
v  18.897421 16.217808 5.906968
v  18.906214 16.124310 5.918767
v  18.928289 15.880728 6.052159
v  18.944218 15.551991 6.129018
v  18.941355 15.374849 6.061941
v  18.907156 14.793422 6.051162
v  18.846848 15.548926 5.283986
v  18.848719 15.906086 5.263357
v  19.130836 15.949551 5.237831
v  19.104858 15.614454 5.266237
v  19.419527 16.180313 5.688531
v  19.174351 16.134628 5.852921
v  19.177162 15.916174 5.973019
v  19.376101 15.946936 5.773706
v  18.828176 14.247441 5.930591
v  18.817179 14.411030 5.320299
v  19.308247 15.681710 5.318170
v  19.308901 15.640639 5.719230
v  19.209045 15.298600 5.758770
v  19.217989 15.275797 5.540447
v  19.163889 16.207048 5.841018
v  19.160902 16.245106 5.765972
v  19.207365 14.848922 5.779537
v  19.218964 14.863699 5.564267
v  18.861088 16.227858 5.336017
v  19.148205 16.219330 5.348732
v  19.149107 15.588428 6.032572
v  19.060692 15.279066 5.389161
v  18.839130 15.268456 5.371263
v  19.063568 14.858519 5.408429
v  18.839336 14.829346 5.371754
v  19.301682 14.428154 5.800539
v  19.268211 14.617970 5.776812
v  19.080351 14.560709 5.954979
v  19.090906 14.314688 5.951281
v  19.112242 15.332892 5.962405
v  18.829563 14.689641 5.294997
v  19.283798 14.649500 5.520056
v  19.069597 14.691563 5.333274
v  19.083006 14.823986 5.956936
v  19.411224 16.203117 5.455430
v  19.299475 16.275518 5.537879
v  19.319363 16.242020 5.622624
v  19.143866 16.331024 5.490862
v  19.169970 16.303429 5.629695
v  19.372047 15.981917 5.275900
v  18.862543 14.514393 6.041716
v  19.093336 14.418826 5.252966
v  19.327007 16.201509 5.737839
v  19.304018 16.221437 5.704159
v  18.839163 14.013962 5.467448
v  18.857130 13.948589 5.850408
v  19.104788 14.112841 5.333321
v  19.315044 14.473490 5.478872
v  19.362013 14.172007 5.501775
v  19.357157 14.106183 5.798910
v  19.113493 13.977828 5.954322
v  19.178465 10.723318 6.223289
v  19.133808 10.717661 6.084899
v  19.303772 10.706264 6.067254
v  19.315222 10.715593 6.241622
v  19.483582 10.717760 5.988654
v  19.461803 10.723320 6.151859
v  19.132355 10.720240 5.901632
v  19.074991 10.727900 5.592776
v  19.240408 10.705847 5.613342
v  19.288363 10.706182 5.883072
v  19.377096 10.727999 5.601050
v  19.438280 10.720832 5.849464
v  19.092209 10.747931 5.422990
v  19.203609 10.728504 5.366281
v  19.321375 10.747931 5.398171
v  19.168980 10.863329 6.226192
v  19.314537 10.876701 6.233730
v  19.301889 10.949335 6.062176
v  19.122252 10.913799 6.083066
v  19.462608 10.844357 6.151602
v  19.486374 10.880192 5.989769
v  19.123476 10.935870 5.910670
v  19.290562 10.973614 5.890530
v  19.260441 11.087622 5.700244
v  19.104174 11.074609 5.644256
v  19.454258 10.931202 5.849241
v  19.385233 11.074672 5.604900
v  19.321896 10.783718 6.294755
v  19.154621 10.784571 6.251731
v  19.495031 10.781529 6.180492
v  19.533672 10.796833 5.986659
v  19.437193 10.885286 5.580101
v  19.484804 10.822863 5.839990
v  19.341978 10.902405 5.351325
v  19.189415 10.903622 5.300518
v  19.054987 10.902405 5.391599
v  19.022224 10.885253 5.590585
v  19.093096 10.823539 5.906875
v  19.090897 10.802418 6.093638
v  19.306889 11.081107 5.405101
v  19.194643 11.081318 5.363839
v  19.079224 11.081106 5.440009
v  19.251993 11.140894 5.645947
v  19.126228 11.140894 5.605350
v  19.352133 11.140894 5.571909
v  19.302824 11.140894 5.414326
v  19.198046 11.140895 5.374985
v  19.087292 11.140894 5.445637
v  19.241077 11.203520 5.633693
v  19.133764 11.203520 5.586802
v  19.339041 11.203520 5.569210
v  19.324938 11.203519 5.413735
v  19.207184 11.203520 5.369370
v  19.085777 11.203520 5.430394
v  19.211496 11.473677 5.636210
v  19.166744 12.088438 5.705908
v  19.062643 12.140005 5.629464
v  19.112051 11.480754 5.577597
v  19.301105 11.480755 5.575398
v  19.277203 12.140005 5.629464
v  19.340683 11.508360 5.399510
v  19.426207 12.325274 5.351586
v  19.194017 11.520303 5.328467
v  19.193275 12.400003 5.197857
v  19.049505 11.508360 5.401592
v  18.957485 12.325274 5.351586
v  19.123880 13.179046 5.911998
v  19.130911 13.507089 5.956817
v  18.896908 13.485215 5.825210
v  18.956732 13.129111 5.823339
v  19.294285 13.141309 5.820043
v  19.367123 13.578783 5.799240
v  19.292442 12.970249 5.538802
v  19.371588 13.619970 5.482508
v  19.138599 12.988140 5.414580
v  19.134987 13.598428 5.348863
v  18.981665 12.963619 5.540372
v  18.883032 13.508345 5.500329
v  19.127777 12.667086 5.775168
v  19.122269 12.942591 5.863224
v  18.939816 12.945515 5.763880
v  18.978914 12.727999 5.706696
v  19.280643 12.727998 5.706697
v  19.307590 12.945515 5.763880
v  19.440084 15.593666 5.324419
v  19.518000 15.375009 5.266309
v  19.445553 15.320457 5.466037
v  19.422016 15.582019 5.536057
v  19.599142 15.678387 5.312855
v  19.669781 15.439840 5.261633
v  19.711874 15.670561 5.479024
v  19.786634 15.463538 5.451301
v  19.632265 15.667720 5.636590
v  19.692869 15.409756 5.638579
v  19.506344 15.619782 5.647442
v  19.549839 15.350721 5.643297
v  19.559488 15.141376 5.280026
v  19.506956 15.100245 5.423484
v  19.711615 15.170697 5.269615
v  19.804234 15.159091 5.406897
v  19.719337 15.111455 5.564374
v  19.601488 15.089218 5.569847
v  19.387468 15.713316 5.316412
v  19.384563 15.687075 5.609397
v  19.484629 15.947994 5.281725
v  19.575485 16.143444 5.466606
v  19.541523 16.086084 5.682348
v  19.449430 15.862830 5.720467
v  19.579947 14.880634 5.271682
v  19.550694 14.777725 5.466591
v  19.779652 14.909340 5.235874
v  19.910784 14.831305 5.420442
v  19.791182 14.694445 5.566098
v  19.688030 14.677360 5.573307
v  19.730970 14.377214 5.407746
v  19.709593 14.359316 5.523643
v  19.840591 14.404201 5.391850
v  19.905807 14.407295 5.497965
v  19.856972 14.383134 5.592743
v  19.762056 14.358212 5.604212
v  19.422905 15.667382 5.318744
v  19.417355 15.658511 5.565169
v  19.574364 15.841174 5.299005
v  19.712294 15.953691 5.477883
v  19.642893 15.879315 5.676672
v  19.496012 15.743743 5.689769
v  19.902725 13.797337 5.729505
v  19.861588 13.894522 5.723860
v  19.842266 13.903719 5.705987
v  19.863850 13.876170 5.651873
v  19.899321 13.754300 5.661267
v  19.879236 13.869459 5.565204
v  19.897579 13.738138 5.574357
v  19.852167 13.860280 5.485518
v  19.887108 13.753511 5.485692
v  19.865078 13.860800 5.407563
v  19.884754 13.784000 5.420826
v  19.829205 13.940501 5.724396
v  19.815737 14.015026 5.720802
v  19.825193 14.012279 5.644634
v  19.828201 14.008998 5.555566
v  19.822729 13.998447 5.470309
v  19.840590 13.963878 5.405610
v  19.980118 13.803199 5.723670
v  20.012360 13.761490 5.653530
v  19.996540 13.941081 5.637424
v  19.980970 13.942313 5.691737
v  19.960054 13.912069 5.714429
v  20.010674 13.746873 5.565988
v  20.002558 13.936721 5.549764
v  19.983067 13.762340 5.479063
v  19.982498 13.928258 5.463381
v  19.948257 13.794212 5.415544
v  19.946655 13.909745 5.396552
v  19.968998 13.971069 5.711092
v  19.964321 14.069651 5.633407
v  19.950285 14.048526 5.711480
v  19.971138 14.069704 5.540253
v  19.947491 14.053547 5.452381
v  19.921804 14.003873 5.395846
v  19.829844 14.060634 5.405812
v  19.804026 14.146962 5.437090
v  19.896593 14.172997 5.427601
v  19.887943 14.080717 5.399822
v  19.820030 14.155119 5.639572
v  19.834600 14.099277 5.709242
v  19.919130 14.123187 5.701960
v  19.920883 14.186083 5.630082
v  19.841141 14.049333 5.763736
v  19.833521 13.998219 5.793480
v  19.906319 14.017902 5.785844
v  19.895155 14.065481 5.757960
v  19.786161 14.144003 5.544724
v  19.797905 14.246137 5.614960
v  19.763218 14.230463 5.538491
v  19.888969 14.272228 5.603868
v  19.937761 14.187681 5.529620
v  19.916807 14.273518 5.519675
v  19.870014 14.259027 5.431374
v  19.784702 14.234982 5.441263
v  19.866222 13.697618 5.795094
v  19.911539 13.695557 5.807528
v  19.896563 13.681112 5.840498
v  19.850971 13.683185 5.827568
v  19.954361 13.932739 5.735394
v  19.908508 13.950364 5.815987
v  19.847286 13.912514 5.744717
v  19.936268 13.824779 5.797812
v  19.872414 13.813469 5.776029
v  19.903992 13.839001 5.849916
v  19.839226 13.934566 5.819750
v  19.844440 13.827758 5.826630
v  19.949570 13.595580 5.477187
v  19.939737 13.623198 5.476459
v  19.937273 13.619575 5.440096
v  19.947302 13.592092 5.443494
v  19.983055 13.596501 5.440696
v  19.981783 13.624012 5.436699
v  19.984320 13.627608 5.473067
v  19.985317 13.599856 5.474399
v  19.971058 13.521090 5.475853
v  19.969856 13.519148 5.457314
v  19.985945 13.517522 5.456449
v  19.987146 13.519464 5.474987
v  19.934662 13.657354 5.472102
v  19.978067 13.660844 5.468870
v  19.930233 13.683298 5.470228
v  19.917702 13.717066 5.472003
v  19.912977 13.721008 5.429027
v  19.927681 13.680729 5.435770
v  19.953508 13.572129 5.445601
v  19.959826 13.543512 5.449859
v  19.961721 13.546593 5.479322
v  19.955654 13.575501 5.478351
v  19.974092 13.683032 5.432416
v  19.967766 13.722245 5.425229
v  19.974571 13.718454 5.468176
v  19.976629 13.685585 5.466874
v  19.990358 13.578262 5.475811
v  19.990450 13.546702 5.477461
v  19.988535 13.543614 5.447997
v  19.988241 13.574887 5.443063
v  19.933796 13.670779 5.471564
v  19.931423 13.667410 5.436401
v  19.932379 13.654078 5.438342
v  19.975779 13.657529 5.435112
v  19.975958 13.670470 5.433119
v  19.978329 13.673863 5.468280
v  19.952034 13.582722 5.444151
v  19.954235 13.586185 5.477796
v  19.987415 13.589184 5.475317
v  19.985209 13.585777 5.441668
v  19.962992 13.528887 5.568113
v  19.950405 13.563807 5.567180
v  19.947363 13.559290 5.521317
v  19.960203 13.524599 5.525614
v  20.005220 13.530434 5.522064
v  20.003605 13.564984 5.517032
v  20.006615 13.569530 5.562891
v  20.008041 13.534624 5.564572
v  19.990498 13.435180 5.566433
v  19.988991 13.432731 5.543052
v  20.009270 13.430686 5.541959
v  20.010777 13.433134 5.565340
v  19.944012 13.606853 5.561683
v  19.998678 13.611502 5.557588
v  19.938002 13.639069 5.559319
v  19.924156 13.682148 5.561226
v  19.919868 13.679674 5.507452
v  19.935085 13.634906 5.515966
v  19.968361 13.499434 5.528286
v  19.976351 13.463442 5.533651
v  19.978758 13.467329 5.570811
v  19.971048 13.503719 5.569589
v  19.993921 13.638861 5.511636
v  19.992065 13.681943 5.502501
v  19.997585 13.684531 5.556038
v  19.996872 13.643164 5.554984
v  20.014790 13.507380 5.566372
v  20.014936 13.467492 5.568460
v  20.012535 13.463600 5.531300
v  20.012133 13.503103 5.525071
v  19.942778 13.623627 5.561004
v  19.939783 13.619352 5.516660
v  19.941128 13.602713 5.519104
v  19.995895 13.607328 5.515016
v  19.995928 13.623764 5.512484
v  19.998960 13.628166 5.556822
v  19.966370 13.512685 5.526459
v  19.969133 13.517049 5.568892
v  20.010935 13.521223 5.565737
v  20.008204 13.516920 5.523302
v  19.983036 13.518602 5.655232
v  19.968876 13.557800 5.654529
v  19.965755 13.553861 5.608619
v  19.980095 13.515005 5.612678
v  20.025549 13.519997 5.609115
v  20.022303 13.558186 5.604343
v  20.025581 13.562126 5.650244
v  20.028479 13.523663 5.651664
v  20.014763 13.414320 5.652405
v  20.013111 13.412290 5.628993
v  20.033819 13.409158 5.627840
v  20.035454 13.411194 5.651252
v  19.960789 13.605845 5.649290
v  20.016060 13.608922 5.645205
v  19.953945 13.642046 5.647073
v  19.937590 13.689475 5.649066
v  19.934175 13.683990 5.595545
v  19.950928 13.638208 5.603698
v  19.989372 13.487033 5.615063
v  19.998917 13.446921 5.619982
v  20.001598 13.450130 5.657189
v  19.992336 13.490553 5.656419
v  20.009876 13.639948 5.599453
v  20.006218 13.683822 5.590559
v  20.009750 13.689073 5.644152
v  20.012888 13.643614 5.642842
v  20.036766 13.492932 5.653157
v  20.038403 13.448778 5.654775
v  20.035791 13.445535 5.617566
v  20.033895 13.489326 5.611803
v  19.959044 13.624596 5.648701
v  19.956003 13.620718 5.604327
v  19.957834 13.602184 5.606678
v  20.013159 13.605299 5.602584
v  20.012676 13.623484 5.600163
v  20.015709 13.627223 5.644550
v  19.986853 13.501694 5.613395
v  19.989832 13.505310 5.655884
v  20.032225 13.508512 5.652689
v  20.029295 13.504824 5.610203
v  19.969633 13.564531 5.739457
v  19.957167 13.599404 5.738532
v  19.954010 13.594837 5.692667
v  19.966797 13.560234 5.696955
v  20.011776 13.565925 5.693414
v  20.010006 13.600472 5.688373
v  20.013275 13.605036 5.734243
v  20.014668 13.570148 5.735922
v  19.997053 13.470726 5.737780
v  19.995535 13.468275 5.714399
v  20.015808 13.466244 5.713304
v  20.017323 13.468697 5.736685
v  19.950802 13.642404 5.733043
v  20.005331 13.646805 5.728954
v  19.945059 13.674735 5.730702
v  19.930725 13.719694 5.732368
v  19.927757 13.711132 5.679487
v  19.942057 13.670570 5.687328
v  19.974821 13.535015 5.699626
v  19.982851 13.498984 5.704995
v  19.985252 13.502874 5.742156
v  19.977514 13.539301 5.740929
v  20.000517 13.673727 5.683074
v  19.998791 13.712448 5.674590
v  19.999205 13.721084 5.727571
v  20.003460 13.677896 5.726442
v  20.021231 13.542827 5.737720
v  20.021425 13.503041 5.739803
v  20.019024 13.499149 5.702643
v  20.018625 13.538650 5.696414
v  18.522522 17.166807 6.013091
v  18.579273 17.161362 6.023024
v  18.502295 17.156487 5.984237
v  18.490042 17.124788 5.970422
v  18.505976 17.088257 5.977549
v  18.490366 17.111633 5.963592
v  18.548893 17.071768 6.004902
v  18.618456 17.093821 6.024939
v  18.626463 17.127214 6.028351
v  18.705286 16.754618 6.058878
v  18.740345 16.748636 6.058388
v  18.740345 16.730228 6.058207
v  18.697035 16.735003 6.058261
v  18.613449 16.759926 6.058716
v  18.657198 16.755630 6.059309
v  18.652472 16.740454 6.058602
v  18.614923 16.747948 6.058095
v  18.605515 16.755537 6.058084
v  18.931799 17.071768 6.004902
v  18.862236 17.093821 6.024939
v  18.901419 17.161362 6.023024
v  18.775404 16.754618 6.058878
v  18.783655 16.735003 6.058261
v  18.823494 16.755630 6.059309
v  18.867241 16.759926 6.058716
v  18.828220 16.740454 6.058602
v  18.875177 16.755537 6.058084
v  18.865768 16.747948 6.058095
v  18.958170 17.166807 6.013091
v  18.978397 17.156487 5.984237
v  18.990648 17.124788 5.970422
v  18.854229 17.127214 6.028351
v  18.990324 17.111633 5.963592
v  18.974716 17.088257 5.977549
# 5099 vertices

vt 0.631677 0.880983 0.000000
vt 0.621319 0.874657 0.000000
vt 0.625405 0.866318 0.000000
vt 0.634925 0.870780 0.000000
vt 0.226721 0.854201 0.000000
vt 0.612431 0.866879 0.000000
vt 0.617196 0.860289 0.000000
vt 0.245816 0.852987 0.000000
vt 0.254673 0.863715 0.000000
vt 0.230344 0.866795 0.000000
vt 0.620779 0.855025 0.000000
vt 0.627959 0.859509 0.000000
vt 0.259311 0.850301 0.000000
vt 0.264968 0.854856 0.000000
vt 0.272712 0.857414 0.000000
vt 0.636143 0.862468 0.000000
vt 0.275862 0.863981 0.000000
vt 0.605510 0.858923 0.000000
vt 0.610926 0.854029 0.000000
vt 0.283192 0.878828 0.000000
vt 0.257747 0.881421 0.000000
vt 0.600730 0.850460 0.000000
vt 0.606550 0.847249 0.000000
vt 0.228355 0.884515 0.000000
vt 0.263567 0.899017 0.000000
vt 0.238053 0.901781 0.000000
vt 0.611294 0.844630 0.000000
vt 0.615280 0.850107 0.000000
vt 0.291002 0.895600 0.000000
vt 0.298724 0.913135 0.000000
vt 0.271067 0.916312 0.000000
vt 0.240640 0.919289 0.000000
vt 0.279183 0.933110 0.000000
vt 0.598265 0.841161 0.000000
vt 0.604021 0.839663 0.000000
vt 0.254402 0.935553 0.000000
vt 0.305791 0.930273 0.000000
vt 0.597442 0.832283 0.000000
vt 0.602984 0.832280 0.000000
vt 0.312117 0.946726 0.000000
vt 0.287532 0.948986 0.000000
vt 0.261068 0.951423 0.000000
vt 0.607375 0.832342 0.000000
vt 0.608652 0.838468 0.000000
vt 0.295731 0.963513 0.000000
vt 0.275296 0.964383 0.000000
vt 0.317617 0.962211 0.000000
vt 0.315454 0.968751 0.000000
vt 0.599200 0.818678 0.000000
vt 0.602796 0.812141 0.000000
vt 0.607821 0.814932 0.000000
vt 0.604605 0.820530 0.000000
vt 0.297948 0.970493 0.000000
vt 0.608688 0.805974 0.000000
vt 0.613027 0.809658 0.000000
vt 0.280656 0.970881 0.000000
vt 0.276832 0.847775 0.000000
vt 0.284093 0.845096 0.000000
vt 0.616669 0.812550 0.000000
vt 0.611974 0.817093 0.000000
vt 0.290442 0.859025 0.000000
vt 0.276407 0.853539 0.000000
vt 0.297491 0.843548 0.000000
vt 0.609008 0.822001 0.000000
vt 0.308966 0.856307 0.000000
vt 0.617195 0.800670 0.000000
vt 0.620512 0.805054 0.000000
vt 0.319856 0.871597 0.000000
vt 0.302222 0.874932 0.000000
vt 0.627553 0.797226 0.000000
vt 0.629609 0.802064 0.000000
vt 0.311867 0.892372 0.000000
vt 0.329447 0.889240 0.000000
vt 0.337767 0.907768 0.000000
vt 0.631492 0.806318 0.000000
vt 0.623378 0.808681 0.000000
vt 0.319831 0.910296 0.000000
vt 0.326567 0.927650 0.000000
vt 0.344842 0.925713 0.000000
vt 0.349130 0.942379 0.000000
vt 0.331590 0.944189 0.000000
vt 0.638998 0.796638 0.000000
vt 0.639653 0.801634 0.000000
vt 0.334417 0.959664 0.000000
vt 0.349090 0.957074 0.000000
vt 0.650687 0.798084 0.000000
vt 0.649925 0.803151 0.000000
vt 0.343602 0.964899 0.000000
vt 0.329983 0.966341 0.000000
vt 0.282487 0.979578 0.000000
vt 0.649382 0.808107 0.000000
vt 0.640402 0.806296 0.000000
vt 0.296705 0.978820 0.000000
vt 0.312502 0.978138 0.000000
vt 0.327580 0.976618 0.000000
vt 0.340013 0.972414 0.000000
vt 0.364673 0.964864 0.000000
vt 0.661774 0.800743 0.000000
vt 0.659709 0.806003 0.000000
vt 0.362938 0.957329 0.000000
vt 0.371521 0.951463 0.000000
vt 0.671016 0.804254 0.000000
vt 0.668163 0.809638 0.000000
vt 0.376826 0.956819 0.000000
vt 0.383135 0.940084 0.000000
vt 0.388267 0.949615 0.000000
vt 0.665050 0.814929 0.000000
vt 0.657707 0.811244 0.000000
vt 0.351984 0.854265 0.000000
vt 0.350571 0.866777 0.000000
vt 0.331504 0.853552 0.000000
vt 0.336070 0.848186 0.000000
vt 0.316463 0.842609 0.000000
vt 0.677172 0.808257 0.000000
vt 0.674445 0.813503 0.000000
vt 0.320477 0.838055 0.000000
vt 0.293307 0.816360 0.000000
vt 0.681834 0.813844 0.000000
vt 0.678398 0.819014 0.000000
vt 0.292620 0.825104 0.000000
vt 0.283514 0.824488 0.000000
vt 0.280108 0.812959 0.000000
vt 0.675100 0.822784 0.000000
vt 0.671089 0.818388 0.000000
vt 0.273551 0.820594 0.000000
vt 0.270610 0.807350 0.000000
vt 0.253791 0.847103 0.000000
vt 0.240234 0.847888 0.000000
vt 0.223946 0.848615 0.000000
vt 0.682972 0.826102 0.000000
vt 0.679866 0.827586 0.000000
vt 0.366852 0.857992 0.000000
vt 0.376825 0.859718 0.000000
vt 0.682330 0.838021 0.000000
vt 0.678779 0.837501 0.000000
vt 0.382156 0.871307 0.000000
vt 0.369092 0.871354 0.000000
vt 0.376850 0.882512 0.000000
vt 0.674998 0.836800 0.000000
vt 0.676361 0.829281 0.000000
vt 0.363273 0.883643 0.000000
vt 0.388923 0.881619 0.000000
vt 0.397909 0.900114 0.000000
vt 0.386021 0.901809 0.000000
vt 0.372561 0.903553 0.000000
vt 0.679378 0.849363 0.000000
vt 0.675068 0.847041 0.000000
vt 0.394667 0.922232 0.000000
vt 0.381387 0.924154 0.000000
vt 0.674586 0.860492 0.000000
vt 0.669503 0.856063 0.000000
vt 0.406069 0.920087 0.000000
vt 0.407529 0.931275 0.000000
vt 0.396367 0.933641 0.000000
vt 0.665721 0.851106 0.000000
vt 0.671139 0.844261 0.000000
vt 0.399590 0.945559 0.000000
vt 0.408381 0.941325 0.000000
vt 0.165022 0.835035 0.000000
vt 0.161169 0.824975 0.000000
vt 0.174320 0.825035 0.000000
vt 0.668422 0.871773 0.000000
vt 0.662855 0.864423 0.000000
vt 0.176226 0.829466 0.000000
vt 0.181669 0.837982 0.000000
vt 0.657716 0.884851 0.000000
vt 0.654828 0.870417 0.000000
vt 0.180331 0.833085 0.000000
vt 0.260660 0.840557 0.000000
vt 0.255797 0.823410 0.000000
vt 0.652749 0.860828 0.000000
vt 0.659681 0.856776 0.000000
vt 0.272712 0.831101 0.000000
vt 0.270379 0.843583 0.000000
vt 0.248980 0.807667 0.000000
vt 0.263038 0.816249 0.000000
vt 0.285673 0.831461 0.000000
vt 0.643009 0.884581 0.000000
vt 0.645126 0.872341 0.000000
vt 0.302719 0.832980 0.000000
vt 0.307229 0.825505 0.000000
vt 0.264484 0.847481 0.000000
vt 0.269026 0.850033 0.000000
vt 0.253957 0.841311 0.000000
vt 0.258968 0.844857 0.000000
vt 0.236950 0.836627 0.000000
vt 0.219115 0.832705 0.000000
vt 0.644654 0.862816 0.000000
vt 0.217361 0.824746 0.000000
vt 0.237143 0.830746 0.000000
vt 0.234457 0.820170 0.000000
vt 0.213699 0.812532 0.000000
vt 0.215234 0.807743 0.000000
vt 0.685920 0.814477 0.000000
vt 0.686080 0.825612 0.000000
vt 0.232172 0.810512 0.000000
vt 0.229856 0.802303 0.000000
vt 0.689223 0.814451 0.000000
vt 0.689190 0.825619 0.000000
vt 0.244245 0.802116 0.000000
vt 0.213886 0.802007 0.000000
vt 0.386803 0.855306 0.000000
vt 0.689152 0.838344 0.000000
vt 0.685769 0.838277 0.000000
vt 0.392555 0.867434 0.000000
vt 0.400661 0.879871 0.000000
vt 0.409842 0.898456 0.000000
vt 0.417877 0.918640 0.000000
vt 0.417075 0.930468 0.000000
vt 0.417373 0.941173 0.000000
vt 0.684135 0.850364 0.000000
vt 0.219215 0.974882 0.000000
vt 0.217201 0.969840 0.000000
vt 0.220703 0.969211 0.000000
vt 0.689116 0.850543 0.000000
vt 0.222245 0.973946 0.000000
vt 0.215074 0.964945 0.000000
vt 0.218672 0.964323 0.000000
vt 0.689079 0.863108 0.000000
vt 0.681399 0.862612 0.000000
vt 0.223331 0.963635 0.000000
vt 0.225187 0.968353 0.000000
vt 0.226746 0.973282 0.000000
vt 0.188424 0.968050 0.000000
vt 0.191744 0.969231 0.000000
vt 0.192466 0.972450 0.000000
vt 0.677780 0.875760 0.000000
vt 0.188685 0.973472 0.000000
vt 0.193673 0.975005 0.000000
vt 0.190978 0.977544 0.000000
vt 0.689038 0.876929 0.000000
vt 0.220359 0.979895 0.000000
vt 0.223639 0.980009 0.000000
vt 0.228009 0.979958 0.000000
vt 0.688989 0.893355 0.000000
vt 0.671408 0.891241 0.000000
vt 0.231943 0.957705 0.000000
vt 0.233815 0.963303 0.000000
vt 0.229038 0.963498 0.000000
vt 0.227683 0.957358 0.000000
vt 0.630120 0.846730 0.000000
vt 0.631071 0.845955 0.000000
vt 0.635516 0.847171 0.000000
vt 0.634915 0.848307 0.000000
vt 0.221538 0.957707 0.000000
vt 0.631770 0.844788 0.000000
vt 0.635943 0.845766 0.000000
vt 0.246131 0.971909 0.000000
vt 0.244018 0.967708 0.000000
vt 0.248565 0.967017 0.000000
vt 0.640351 0.845578 0.000000
vt 0.640182 0.847239 0.000000
vt 0.251179 0.972071 0.000000
vt 0.241796 0.962631 0.000000
vt 0.246066 0.961814 0.000000
vt 0.639971 0.848714 0.000000
vt 0.623017 0.840881 0.000000
vt 0.624636 0.840500 0.000000
vt 0.627462 0.843690 0.000000
vt 0.626158 0.844300 0.000000
vt 0.251611 0.960624 0.000000
vt 0.625972 0.839750 0.000000
vt 0.628481 0.842659 0.000000
vt 0.255087 0.966842 0.000000
vt 0.258372 0.971999 0.000000
vt 0.208345 0.965653 0.000000
vt 0.210391 0.970444 0.000000
vt 0.206105 0.970920 0.000000
vt 0.204169 0.966160 0.000000
vt 0.212025 0.975197 0.000000
vt 0.207480 0.975579 0.000000
vt 0.201926 0.975810 0.000000
vt 0.619271 0.831650 0.000000
vt 0.621339 0.833078 0.000000
vt 0.622537 0.836511 0.000000
vt 0.620681 0.836335 0.000000
vt 0.200802 0.971436 0.000000
vt 0.623089 0.833574 0.000000
vt 0.624138 0.836432 0.000000
vt 0.199298 0.967186 0.000000
vt 0.247643 0.979099 0.000000
vt 0.252677 0.977349 0.000000
vt 0.260468 0.977909 0.000000
vt 0.213351 0.980527 0.000000
vt 0.208551 0.980921 0.000000
vt 0.202634 0.980735 0.000000
vt 0.206796 0.961025 0.000000
vt 0.202871 0.961729 0.000000
vt 0.625882 0.821334 0.000000
vt 0.627267 0.822293 0.000000
vt 0.624155 0.824936 0.000000
vt 0.622295 0.824392 0.000000
vt 0.197991 0.962862 0.000000
vt 0.628434 0.823289 0.000000
vt 0.625777 0.825427 0.000000
vt 0.239313 0.956329 0.000000
vt 0.243351 0.955073 0.000000
vt 0.246930 0.954869 0.000000
vt 0.624159 0.827352 0.000000
vt 0.622232 0.827277 0.000000
vt 0.237131 0.972417 0.000000
vt 0.235579 0.967403 0.000000
vt 0.238258 0.967172 0.000000
vt 0.619744 0.827745 0.000000
vt 0.635676 0.817919 0.000000
vt 0.636174 0.819173 0.000000
vt 0.631293 0.820126 0.000000
vt 0.630353 0.818967 0.000000
vt 0.240094 0.972175 0.000000
vt 0.636601 0.820572 0.000000
vt 0.632071 0.821395 0.000000
vt 0.236531 0.963058 0.000000
vt 0.238073 0.963008 0.000000
vt 0.239874 0.967222 0.000000
vt 0.241806 0.971901 0.000000
vt 0.238797 0.980082 0.000000
vt 0.241686 0.979719 0.000000
vt 0.243190 0.978781 0.000000
vt 0.234133 0.957279 0.000000
vt 0.235631 0.957054 0.000000
vt 0.647601 0.820998 0.000000
vt 0.647143 0.822379 0.000000
vt 0.641852 0.820169 0.000000
vt 0.641820 0.818815 0.000000
vt 0.241420 0.967489 0.000000
vt 0.646914 0.823773 0.000000
vt 0.641939 0.821645 0.000000
vt 0.239203 0.962445 0.000000
vt 0.243725 0.972601 0.000000
vt 0.244816 0.979091 0.000000
vt 0.237156 0.956781 0.000000
vt 0.262849 0.965630 0.000000
vt 0.268049 0.971763 0.000000
vt 0.257201 0.957788 0.000000
vt 0.270298 0.977729 0.000000
vt 0.251340 0.952947 0.000000
vt 0.654996 0.826505 0.000000
vt 0.653584 0.827527 0.000000
vt 0.650864 0.825064 0.000000
vt 0.651837 0.823808 0.000000
vt 0.253938 0.951726 0.000000
vt 0.652846 0.828168 0.000000
vt 0.650350 0.826114 0.000000
vt 0.230644 0.967836 0.000000
vt 0.232182 0.972841 0.000000
vt 0.233484 0.979658 0.000000
vt 0.216548 0.958880 0.000000
vt 0.213073 0.960840 0.000000
vt 0.215119 0.970100 0.000000
vt 0.212560 0.964084 0.000000
vt 0.217166 0.974974 0.000000
vt 0.215800 0.975057 0.000000
vt 0.659346 0.829809 0.000000
vt 0.657538 0.830206 0.000000
vt 0.655874 0.829073 0.000000
vt 0.657550 0.828347 0.000000
vt 0.214142 0.971040 0.000000
vt 0.656569 0.830390 0.000000
vt 0.654996 0.829434 0.000000
vt 0.211280 0.964209 0.000000
vt 0.218491 0.979739 0.000000
vt 0.217276 0.979680 0.000000
vt 0.212923 0.971224 0.000000
vt 0.214320 0.974946 0.000000
vt 0.210514 0.965381 0.000000
vt 0.215943 0.979842 0.000000
vt 0.208865 0.961466 0.000000
vt 0.209997 0.961268 0.000000
vt 0.659992 0.833062 0.000000
vt 0.658173 0.832754 0.000000
vt 0.658378 0.831430 0.000000
vt 0.660234 0.831362 0.000000
vt 0.211153 0.961161 0.000000
vt 0.657095 0.832738 0.000000
vt 0.657335 0.831515 0.000000
vt 0.195695 0.971760 0.000000
vt 0.194157 0.967838 0.000000
vt 0.196573 0.975581 0.000000
vt 0.196173 0.979531 0.000000
vt 0.192946 0.964358 0.000000
vt 0.186296 0.950189 0.000000
vt 0.183107 0.942205 0.000000
vt 0.187776 0.941844 0.000000
vt 0.191094 0.950173 0.000000
vt 0.655848 0.837568 0.000000
vt 0.654371 0.836371 0.000000
vt 0.656705 0.834184 0.000000
vt 0.658401 0.834962 0.000000
vt 0.179378 0.933561 0.000000
vt 0.653427 0.835815 0.000000
vt 0.655649 0.833991 0.000000
vt 0.183853 0.932768 0.000000
vt 0.189801 0.931926 0.000000
vt 0.193845 0.941307 0.000000
vt 0.197265 0.949865 0.000000
vt 0.148694 0.938092 0.000000
vt 0.150067 0.939849 0.000000
vt 0.150498 0.944687 0.000000
vt 0.149569 0.944194 0.000000
vt 0.153874 0.948999 0.000000
vt 0.649014 0.845161 0.000000
vt 0.648273 0.843637 0.000000
vt 0.651569 0.839964 0.000000
vt 0.652722 0.841386 0.000000
vt 0.153641 0.949981 0.000000
vt 0.647863 0.841863 0.000000
vt 0.650862 0.838752 0.000000
vt 0.186641 0.951972 0.000000
vt 0.191392 0.951954 0.000000
vt 0.197572 0.951620 0.000000
vt 0.200931 0.927122 0.000000
vt 0.202942 0.931104 0.000000
vt 0.196831 0.931448 0.000000
vt 0.194730 0.927321 0.000000
vt 0.187620 0.927700 0.000000
vt 0.219666 0.946978 0.000000
vt 0.216451 0.938931 0.000000
vt 0.221879 0.938471 0.000000
vt 0.644456 0.846061 0.000000
vt 0.644717 0.847634 0.000000
vt 0.225415 0.947271 0.000000
vt 0.212611 0.930021 0.000000
vt 0.644342 0.844208 0.000000
vt 0.217696 0.928718 0.000000
vt 0.224476 0.926920 0.000000
vt 0.229525 0.937830 0.000000
vt 0.233922 0.946730 0.000000
vt 0.170939 0.934787 0.000000
vt 0.174409 0.943201 0.000000
vt 0.168915 0.943625 0.000000
vt 0.165650 0.935535 0.000000
vt 0.177663 0.950949 0.000000
vt 0.172118 0.951080 0.000000
vt 0.632692 0.842305 0.000000
vt 0.636590 0.843011 0.000000
vt 0.165193 0.951084 0.000000
vt 0.162101 0.944100 0.000000
vt 0.633111 0.839649 0.000000
vt 0.637346 0.839579 0.000000
vt 0.159143 0.936541 0.000000
vt 0.219904 0.948511 0.000000
vt 0.225731 0.948936 0.000000
vt 0.641580 0.839510 0.000000
vt 0.640828 0.842478 0.000000
vt 0.234426 0.948638 0.000000
vt 0.178462 0.952644 0.000000
vt 0.173103 0.952716 0.000000
vt 0.166405 0.952645 0.000000
vt 0.169497 0.931094 0.000000
vt 0.627720 0.838057 0.000000
vt 0.629827 0.840500 0.000000
vt 0.164480 0.931989 0.000000
vt 0.158337 0.933254 0.000000
vt 0.629563 0.835907 0.000000
vt 0.631337 0.837778 0.000000
vt 0.210497 0.925901 0.000000
vt 0.215440 0.924199 0.000000
vt 0.221821 0.921836 0.000000
vt 0.209871 0.947757 0.000000
vt 0.206692 0.939832 0.000000
vt 0.209946 0.939537 0.000000
vt 0.213183 0.947607 0.000000
vt 0.206131 0.930657 0.000000
vt 0.207886 0.930329 0.000000
vt 0.211793 0.939413 0.000000
vt 0.625060 0.833222 0.000000
vt 0.626095 0.835437 0.000000
vt 0.215101 0.947673 0.000000
vt 0.210169 0.949327 0.000000
vt 0.626900 0.832061 0.000000
vt 0.628231 0.833984 0.000000
vt 0.213492 0.949220 0.000000
vt 0.215406 0.949329 0.000000
vt 0.204089 0.926620 0.000000
vt 0.205785 0.926204 0.000000
vt 0.213525 0.939228 0.000000
vt 0.209693 0.930337 0.000000
vt 0.216745 0.947288 0.000000
vt 0.217002 0.948867 0.000000
vt 0.207600 0.926267 0.000000
vt 0.239108 0.936992 0.000000
vt 0.629664 0.825163 0.000000
vt 0.627324 0.826729 0.000000
vt 0.248058 0.946306 0.000000
vt 0.232476 0.925117 0.000000
vt 0.630483 0.827507 0.000000
vt 0.628833 0.828435 0.000000
vt 0.248871 0.948504 0.000000
vt 0.229032 0.919488 0.000000
vt 0.232439 0.917513 0.000000
vt 0.627184 0.829362 0.000000
vt 0.625878 0.828111 0.000000
vt 0.200738 0.940529 0.000000
vt 0.204044 0.948785 0.000000
vt 0.204346 0.950435 0.000000
vt 0.181738 0.928747 0.000000
vt 0.177418 0.929802 0.000000
vt 0.637175 0.823104 0.000000
vt 0.632959 0.823673 0.000000
vt 0.180415 0.942457 0.000000
vt 0.176772 0.933893 0.000000
vt 0.637323 0.825402 0.000000
vt 0.633903 0.826455 0.000000
vt 0.183638 0.950396 0.000000
vt 0.182066 0.950654 0.000000
vt 0.178767 0.942666 0.000000
vt 0.175158 0.934050 0.000000
vt 0.184151 0.952210 0.000000
vt 0.182750 0.952479 0.000000
vt 0.177229 0.942898 0.000000
vt 0.180527 0.950823 0.000000
vt 0.173661 0.934320 0.000000
vt 0.181266 0.952595 0.000000
vt 0.647057 0.826224 0.000000
vt 0.642276 0.824303 0.000000
vt 0.172111 0.930590 0.000000
vt 0.173539 0.930341 0.000000
vt 0.648153 0.829706 0.000000
vt 0.642738 0.827554 0.000000
vt 0.174996 0.930206 0.000000
vt 0.155319 0.944555 0.000000
vt 0.152766 0.937783 0.000000
vt 0.158195 0.950833 0.000000
vt 0.159585 0.952266 0.000000
vt 0.152347 0.934867 0.000000
vt 0.166375 0.916642 0.000000
vt 0.163128 0.908665 0.000000
vt 0.168282 0.908236 0.000000
vt 0.171665 0.916556 0.000000
vt 0.652605 0.829048 0.000000
vt 0.650309 0.827821 0.000000
vt 0.159457 0.900113 0.000000
vt 0.164424 0.899151 0.000000
vt 0.652620 0.830237 0.000000
vt 0.650503 0.829766 0.000000
vt 0.171028 0.898217 0.000000
vt 0.174998 0.907609 0.000000
vt 0.178492 0.916157 0.000000
vt 0.125555 0.904995 0.000000
vt 0.126900 0.906755 0.000000
vt 0.127142 0.911620 0.000000
vt 0.126254 0.911120 0.000000
vt 0.130707 0.915905 0.000000
vt 0.130501 0.916884 0.000000
vt 0.166894 0.918401 0.000000
vt 0.655889 0.830606 0.000000
vt 0.654518 0.829863 0.000000
vt 0.172161 0.918310 0.000000
vt 0.179022 0.917880 0.000000
vt 0.655358 0.830931 0.000000
vt 0.654337 0.830586 0.000000
vt 0.183833 0.893180 0.000000
vt 0.185621 0.897192 0.000000
vt 0.178835 0.897632 0.000000
vt 0.176961 0.893472 0.000000
vt 0.169070 0.893961 0.000000
vt 0.203353 0.912904 0.000000
vt 0.200052 0.904865 0.000000
vt 0.205895 0.904270 0.000000
vt 0.209547 0.913067 0.000000
vt 0.196298 0.895947 0.000000
vt 0.656321 0.832712 0.000000
vt 0.656561 0.831620 0.000000
vt 0.201828 0.894514 0.000000
vt 0.209249 0.892568 0.000000
vt 0.655597 0.832536 0.000000
vt 0.655687 0.831731 0.000000
vt 0.213744 0.903606 0.000000
vt 0.217771 0.913568 0.000000
vt 0.150050 0.901375 0.000000
vt 0.153446 0.909799 0.000000
vt 0.147382 0.910303 0.000000
vt 0.144193 0.902202 0.000000
vt 0.156774 0.917537 0.000000
vt 0.150661 0.917747 0.000000
vt 0.143043 0.917849 0.000000
vt 0.139873 0.910875 0.000000
vt 0.652940 0.834802 0.000000
vt 0.654959 0.833691 0.000000
vt 0.136992 0.903305 0.000000
vt 0.203848 0.914410 0.000000
vt 0.652737 0.833432 0.000000
vt 0.654553 0.833050 0.000000
vt 0.210210 0.914721 0.000000
vt 0.218478 0.915446 0.000000
vt 0.157791 0.919201 0.000000
vt 0.151873 0.919352 0.000000
vt 0.144483 0.919377 0.000000
vt 0.148825 0.897651 0.000000
vt 0.143249 0.898625 0.000000
vt 0.136416 0.899986 0.000000
vt 0.194441 0.891800 0.000000
vt 0.199919 0.889984 0.000000
vt 0.648070 0.838200 0.000000
vt 0.650728 0.836292 0.000000
vt 0.207140 0.887460 0.000000
vt 0.192549 0.913846 0.000000
vt 0.649070 0.832563 0.000000
vt 0.650796 0.833559 0.000000
vt 0.189296 0.905932 0.000000
vt 0.192898 0.905587 0.000000
vt 0.196211 0.913648 0.000000
vt 0.189159 0.896698 0.000000
vt 0.191101 0.896343 0.000000
vt 0.194933 0.905437 0.000000
vt 0.198317 0.913686 0.000000
vt 0.193071 0.915385 0.000000
vt 0.196743 0.915229 0.000000
vt 0.198848 0.915311 0.000000
vt 0.187341 0.892628 0.000000
vt 0.644712 0.840569 0.000000
vt 0.189227 0.892186 0.000000
vt 0.196858 0.905225 0.000000
vt 0.193102 0.896324 0.000000
vt 0.645325 0.836037 0.000000
vt 0.200154 0.913275 0.000000
vt 0.200639 0.914822 0.000000
vt 0.191236 0.892222 0.000000
vt 0.222954 0.903044 0.000000
vt 0.227061 0.914213 0.000000
vt 0.218115 0.890647 0.000000
vt 0.227404 0.916272 0.000000
vt 0.215578 0.884911 0.000000
vt 0.220570 0.882865 0.000000
vt 0.182666 0.906723 0.000000
vt 0.652647 0.831805 0.000000
vt 0.654347 0.831832 0.000000
vt 0.186048 0.914968 0.000000
vt 0.186578 0.916587 0.000000
vt 0.162507 0.895103 0.000000
vt 0.157670 0.896230 0.000000
vt 0.160145 0.908958 0.000000
vt 0.156561 0.900386 0.000000
vt 0.163427 0.916889 0.000000
vt 0.161669 0.917173 0.000000
vt 0.158306 0.909194 0.000000
vt 0.154761 0.900569 0.000000
vt 0.164116 0.918678 0.000000
vt 0.162544 0.918972 0.000000
vt 0.156581 0.909452 0.000000
vt 0.159947 0.917368 0.000000
vt 0.616585 0.831914 0.000000
vt 0.616308 0.828901 0.000000
vt 0.618576 0.829455 0.000000
vt 0.153081 0.900865 0.000000
vt 0.613607 0.832019 0.000000
vt 0.613488 0.828242 0.000000
vt 0.160892 0.919110 0.000000
vt 0.151737 0.897106 0.000000
vt 0.153333 0.896833 0.000000
vt 0.614740 0.824865 0.000000
vt 0.617377 0.826314 0.000000
vt 0.154962 0.896674 0.000000
vt 0.132404 0.911426 0.000000
vt 0.129926 0.904644 0.000000
vt 0.135355 0.917694 0.000000
vt 0.620806 0.829343 0.000000
vt 0.621929 0.829301 0.000000
vt 0.621841 0.830133 0.000000
vt 0.620449 0.829919 0.000000
vt 0.136968 0.919096 0.000000
vt 0.623610 0.829497 0.000000
vt 0.623452 0.830345 0.000000
vt 0.129730 0.901697 0.000000
vt 0.163763 0.881866 0.000000
vt 0.160574 0.873882 0.000000
vt 0.623212 0.831183 0.000000
vt 0.621579 0.830925 0.000000
vt 0.165243 0.873521 0.000000
vt 0.168561 0.881850 0.000000
vt 0.156846 0.865239 0.000000
vt 0.620592 0.830542 0.000000
vt 0.161320 0.864445 0.000000
vt 0.625079 0.829776 0.000000
vt 0.624901 0.830515 0.000000
vt 0.167268 0.863603 0.000000
vt 0.171312 0.872985 0.000000
vt 0.625895 0.830055 0.000000
vt 0.626023 0.830632 0.000000
vt 0.174732 0.881542 0.000000
vt 0.126161 0.869769 0.000000
vt 0.127534 0.871526 0.000000
vt 0.625705 0.831157 0.000000
vt 0.624770 0.831258 0.000000
vt 0.127965 0.876365 0.000000
vt 0.127035 0.875870 0.000000
vt 0.131341 0.880676 0.000000
vt 0.131108 0.881658 0.000000
vt 0.164108 0.883649 0.000000
vt 0.623641 0.828604 0.000000
vt 0.621775 0.828541 0.000000
vt 0.168859 0.883631 0.000000
vt 0.175039 0.883297 0.000000
vt 0.178398 0.858800 0.000000
vt 0.180409 0.862781 0.000000
vt 0.174298 0.863126 0.000000
vt 0.172197 0.858998 0.000000
vt 0.165087 0.859377 0.000000
vt 0.197087 0.878640 0.000000
vt 0.620253 0.828906 0.000000
vt 0.193866 0.870590 0.000000
vt 0.199135 0.870075 0.000000
vt 0.202697 0.878884 0.000000
vt 0.190032 0.861682 0.000000
vt 0.194979 0.860332 0.000000
vt 0.202376 0.858357 0.000000
vt 0.619659 0.829744 0.000000
vt 0.206480 0.869368 0.000000
vt 0.209956 0.879352 0.000000
vt 0.148406 0.866464 0.000000
vt 0.151875 0.874879 0.000000
vt 0.146382 0.875303 0.000000
vt 0.143117 0.867212 0.000000
vt 0.155130 0.882627 0.000000
vt 0.149585 0.882757 0.000000
vt 0.619983 0.830735 0.000000
vt 0.142660 0.882762 0.000000
vt 0.139567 0.875778 0.000000
vt 0.136610 0.868218 0.000000
vt 0.197344 0.880179 0.000000
vt 0.203093 0.880577 0.000000
vt 0.210275 0.881285 0.000000
vt 0.621216 0.831561 0.000000
vt 0.155929 0.884321 0.000000
vt 0.150570 0.884393 0.000000
vt 0.143872 0.884322 0.000000
vt 0.146964 0.862771 0.000000
vt 0.141947 0.863666 0.000000
vt 0.135805 0.864932 0.000000
vt 0.187938 0.857569 0.000000
vt 0.192801 0.855840 0.000000
vt 0.622936 0.832041 0.000000
vt 0.200174 0.853348 0.000000
vt 0.187337 0.879434 0.000000
vt 0.184158 0.871509 0.000000
vt 0.187412 0.871214 0.000000
vt 0.190650 0.879285 0.000000
vt 0.183598 0.862335 0.000000
vt 0.624720 0.831994 0.000000
vt 0.185352 0.862007 0.000000
vt 0.189259 0.871090 0.000000
vt 0.192568 0.879350 0.000000
vt 0.187636 0.881004 0.000000
vt 0.190958 0.880897 0.000000
vt 0.192872 0.881006 0.000000
vt 0.181556 0.858297 0.000000
vt 0.183251 0.857881 0.000000
vt 0.626113 0.831512 0.000000
vt 0.190992 0.870905 0.000000
vt 0.187160 0.862015 0.000000
vt 0.194212 0.878965 0.000000
vt 0.194469 0.880544 0.000000
vt 0.185066 0.857944 0.000000
vt 0.215581 0.868477 0.000000
vt 0.626655 0.830687 0.000000
vt 0.627042 0.830711 0.000000
vt 0.217780 0.879698 0.000000
vt 0.212598 0.856153 0.000000
vt 0.217451 0.881852 0.000000
vt 0.210574 0.850687 0.000000
vt 0.178205 0.872207 0.000000
vt 0.181511 0.880462 0.000000
vt 0.181813 0.882113 0.000000
vt 0.626367 0.829779 0.000000
vt 0.159204 0.860424 0.000000
vt 0.154885 0.861480 0.000000
vt 0.157882 0.874134 0.000000
vt 0.154239 0.865571 0.000000
vt 0.161105 0.882074 0.000000
vt 0.159532 0.882332 0.000000
vt 0.625267 0.829051 0.000000
vt 0.156234 0.874344 0.000000
vt 0.152624 0.865728 0.000000
vt 0.161618 0.883887 0.000000
vt 0.160217 0.884157 0.000000
vt 0.154696 0.874575 0.000000
vt 0.157993 0.882500 0.000000
vt 0.151128 0.865997 0.000000
vt 0.158732 0.884272 0.000000
vt 0.149578 0.862268 0.000000
vt 0.151006 0.862018 0.000000
vt 0.152463 0.861883 0.000000
vt 0.132785 0.876233 0.000000
vt 0.130233 0.869461 0.000000
vt 0.135662 0.882510 0.000000
vt 0.137052 0.883943 0.000000
vt 0.630205 0.855390 0.000000
vt 0.637359 0.857553 0.000000
vt 0.129814 0.866545 0.000000
vt 0.193389 0.836945 0.000000
vt 0.623739 0.851806 0.000000
vt 0.189372 0.830653 0.000000
vt 0.202607 0.833539 0.000000
vt 0.199756 0.825359 0.000000
vt 0.626238 0.849765 0.000000
vt 0.632137 0.852721 0.000000
vt 0.186133 0.824543 0.000000
vt 0.197559 0.819601 0.000000
vt 0.182655 0.819852 0.000000
vt 0.638470 0.854370 0.000000
vt 0.195693 0.813063 0.000000
vt 0.179700 0.815371 0.000000
vt 0.618558 0.847773 0.000000
vt 0.190186 0.807223 0.000000
vt 0.336979 0.868385 0.000000
vt 0.347027 0.886108 0.000000
vt 0.614660 0.843113 0.000000
vt 0.355910 0.905530 0.000000
vt 0.363947 0.924931 0.000000
vt 0.367916 0.942302 0.000000
vt 0.617439 0.842217 0.000000
vt 0.621277 0.846359 0.000000
vt 0.360692 0.951087 0.000000
vt 0.353462 0.957488 0.000000
vt 0.352336 0.967765 0.000000
vt 0.256948 0.804962 0.000000
vt 0.296245 0.832831 0.000000
vt 0.309600 0.842960 0.000000
vt 0.612039 0.837645 0.000000
vt 0.323015 0.855526 0.000000
vt 0.211617 0.831450 0.000000
vt 0.209330 0.831639 0.000000
vt 0.610726 0.832208 0.000000
vt 0.206646 0.822404 0.000000
vt 0.209059 0.822479 0.000000
vt 0.208232 0.816333 0.000000
vt 0.205460 0.816673 0.000000
vt 0.614903 0.837057 0.000000
vt 0.204024 0.810372 0.000000
vt 0.207233 0.809634 0.000000
vt 0.205926 0.803109 0.000000
vt 0.201520 0.805077 0.000000
vt 0.204529 0.822987 0.000000
vt 0.207123 0.832053 0.000000
vt 0.615046 0.819099 0.000000
vt 0.612168 0.823437 0.000000
vt 0.201760 0.810872 0.000000
vt 0.202914 0.817000 0.000000
vt 0.619476 0.815073 0.000000
vt 0.197407 0.804976 0.000000
vt 0.307776 0.660730 0.000000
vt 0.307726 0.667552 0.000000
vt 0.621801 0.817367 0.000000
vt 0.617559 0.821023 0.000000
vt 0.290161 0.664050 0.000000
vt 0.293502 0.655600 0.000000
vt 0.308821 0.685335 0.000000
vt 0.290495 0.682222 0.000000
vt 0.273327 0.680635 0.000000
vt 0.275312 0.664530 0.000000
vt 0.625554 0.811805 0.000000
vt 0.274874 0.656998 0.000000
vt 0.277926 0.655208 0.000000
vt 0.280025 0.653904 0.000000
vt 0.632855 0.809962 0.000000
vt 0.301430 0.701560 0.000000
vt 0.285842 0.700202 0.000000
vt 0.297319 0.719327 0.000000
vt 0.633915 0.813096 0.000000
vt 0.627325 0.814544 0.000000
vt 0.278527 0.717236 0.000000
vt 0.259685 0.715394 0.000000
vt 0.267242 0.698273 0.000000
vt 0.285535 0.734847 0.000000
vt 0.270876 0.732570 0.000000
vt 0.276775 0.751893 0.000000
vt 0.640954 0.810211 0.000000
vt 0.262696 0.747337 0.000000
vt 0.247180 0.744301 0.000000
vt 0.253284 0.729952 0.000000
vt 0.649011 0.812118 0.000000
vt 0.264393 0.764427 0.000000
vt 0.253791 0.762669 0.000000
vt 0.256650 0.775239 0.000000
vt 0.648651 0.815504 0.000000
vt 0.641355 0.813559 0.000000
vt 0.245463 0.775505 0.000000
vt 0.233011 0.775195 0.000000
vt 0.240513 0.760797 0.000000
vt 0.259789 0.659872 0.000000
vt 0.269791 0.652797 0.000000
vt 0.254360 0.677062 0.000000
vt 0.656183 0.815247 0.000000
vt 0.233525 0.673927 0.000000
vt 0.239940 0.658330 0.000000
vt 0.246132 0.644027 0.000000
vt 0.662386 0.818798 0.000000
vt 0.260644 0.645523 0.000000
vt 0.267587 0.647253 0.000000
vt 0.247073 0.694931 0.000000
vt 0.659883 0.821796 0.000000
vt 0.654809 0.818500 0.000000
vt 0.239440 0.712112 0.000000
vt 0.218388 0.708430 0.000000
vt 0.226137 0.690987 0.000000
vt 0.232974 0.727235 0.000000
vt 0.227714 0.742097 0.000000
vt 0.205659 0.741230 0.000000
vt 0.667536 0.821969 0.000000
vt 0.210889 0.725179 0.000000
vt 0.223702 0.758498 0.000000
vt 0.218845 0.772634 0.000000
vt 0.670977 0.825570 0.000000
vt 0.203718 0.769095 0.000000
vt 0.204714 0.756578 0.000000
vt 0.253174 0.781582 0.000000
vt 0.666602 0.827562 0.000000
vt 0.663931 0.824647 0.000000
vt 0.239012 0.782785 0.000000
vt 0.224401 0.783254 0.000000
vt 0.211051 0.780706 0.000000
vt 0.198331 0.776649 0.000000
vt 0.176604 0.763639 0.000000
vt 0.173026 0.767630 0.000000
vt 0.672053 0.830408 0.000000
vt 0.160709 0.760854 0.000000
vt 0.168753 0.757028 0.000000
vt 0.148979 0.754295 0.000000
vt 0.670869 0.836006 0.000000
vt 0.157795 0.745554 0.000000
vt 0.194641 0.670380 0.000000
vt 0.190044 0.661866 0.000000
vt 0.666746 0.835075 0.000000
vt 0.667549 0.831054 0.000000
vt 0.202313 0.655230 0.000000
vt 0.210071 0.658274 0.000000
vt 0.214943 0.649738 0.000000
vt 0.223163 0.648702 0.000000
vt 0.244590 0.631049 0.000000
vt 0.238929 0.626006 0.000000
vt 0.667527 0.841884 0.000000
vt 0.250288 0.618684 0.000000
vt 0.253397 0.627881 0.000000
vt 0.258513 0.613193 0.000000
vt 0.662810 0.847397 0.000000
vt 0.261527 0.624390 0.000000
vt 0.282740 0.651839 0.000000
vt 0.294160 0.652285 0.000000
vt 0.660354 0.844131 0.000000
vt 0.664170 0.839579 0.000000
vt 0.308951 0.656763 0.000000
vt 0.178224 0.702975 0.000000
vt 0.164251 0.701182 0.000000
vt 0.171748 0.685529 0.000000
vt 0.186534 0.684400 0.000000
vt 0.152798 0.699448 0.000000
vt 0.657501 0.851898 0.000000
vt 0.159380 0.685378 0.000000
vt 0.163129 0.675576 0.000000
vt 0.176083 0.675413 0.000000
vt 0.651474 0.855252 0.000000
vt 0.176441 0.665970 0.000000
vt 0.163928 0.665139 0.000000
vt 0.138156 0.749987 0.000000
vt 0.650618 0.851673 0.000000
vt 0.655831 0.848297 0.000000
vt 0.127428 0.747394 0.000000
vt 0.133351 0.737995 0.000000
vt 0.144039 0.740514 0.000000
vt 0.153801 0.722277 0.000000
vt 0.167768 0.724014 0.000000
vt 0.142817 0.720048 0.000000
vt 0.644604 0.857321 0.000000
vt 0.236383 0.638851 0.000000
vt 0.244992 0.637270 0.000000
vt 0.233565 0.647080 0.000000
vt 0.255855 0.632675 0.000000
vt 0.346005 0.637133 0.000000
vt 0.351915 0.633393 0.000000
vt 0.359309 0.633989 0.000000
vt 0.347840 0.640188 0.000000
vt 0.644731 0.853859 0.000000
vt 0.354941 0.626549 0.000000
vt 0.362979 0.624780 0.000000
vt 0.227523 0.635616 0.000000
vt 0.272818 0.650305 0.000000
vt 0.275727 0.649127 0.000000
vt 0.607484 0.826969 0.000000
vt 0.603086 0.826108 0.000000
vt 0.272584 0.642750 0.000000
vt 0.280072 0.642804 0.000000
vt 0.281812 0.644484 0.000000
vt 0.278940 0.648480 0.000000
vt 0.296745 0.638866 0.000000
vt 0.296135 0.642296 0.000000
vt 0.311434 0.635996 0.000000
vt 0.311766 0.642952 0.000000
vt 0.597584 0.825091 0.000000
vt 0.301629 0.608252 0.000000
vt 0.318136 0.609040 0.000000
vt 0.316406 0.617433 0.000000
vt 0.301371 0.616811 0.000000
vt 0.283701 0.607677 0.000000
vt 0.284688 0.615947 0.000000
vt 0.610749 0.827639 0.000000
vt 0.299845 0.625754 0.000000
vt 0.282842 0.627453 0.000000
vt 0.313888 0.627768 0.000000
vt 0.148428 0.683219 0.000000
vt 0.152011 0.674427 0.000000
vt 0.141453 0.697216 0.000000
vt 0.153854 0.664809 0.000000
vt 0.115984 0.745982 0.000000
vt 0.122076 0.736322 0.000000
vt 0.131556 0.718046 0.000000
vt 0.319379 0.768724 0.000000
vt 0.317200 0.773743 0.000000
vt 0.313532 0.773398 0.000000
vt 0.315381 0.769119 0.000000
vt 0.315005 0.779647 0.000000
vt 0.633748 0.850258 0.000000
vt 0.639371 0.851258 0.000000
vt 0.311314 0.779401 0.000000
vt 0.306473 0.779043 0.000000
vt 0.628436 0.848037 0.000000
vt 0.308837 0.772987 0.000000
vt 0.310530 0.768456 0.000000
vt 0.340927 0.773224 0.000000
vt 0.344386 0.772767 0.000000
vt 0.343827 0.777957 0.000000
vt 0.340276 0.775842 0.000000
vt 0.339651 0.780823 0.000000
vt 0.338470 0.778879 0.000000
vt 0.314254 0.783682 0.000000
vt 0.310546 0.783786 0.000000
vt 0.305740 0.783708 0.000000
vt 0.623953 0.845196 0.000000
vt 0.300643 0.768214 0.000000
vt 0.302404 0.762561 0.000000
vt 0.306877 0.762545 0.000000
vt 0.620421 0.841463 0.000000
vt 0.305367 0.768185 0.000000
vt 0.312674 0.762661 0.000000
vt 0.293283 0.767016 0.000000
vt 0.291633 0.770058 0.000000
vt 0.286913 0.769342 0.000000
vt 0.289704 0.765036 0.000000
vt 0.288867 0.777439 0.000000
vt 0.283608 0.777382 0.000000
vt 0.276152 0.777096 0.000000
vt 0.280549 0.768154 0.000000
vt 0.283669 0.764419 0.000000
vt 0.617960 0.836569 0.000000
vt 0.321038 0.780098 0.000000
vt 0.323501 0.773216 0.000000
vt 0.327287 0.773475 0.000000
vt 0.324967 0.780080 0.000000
vt 0.325725 0.769813 0.000000
vt 0.329138 0.770361 0.000000
vt 0.333509 0.770941 0.000000
vt 0.331776 0.774577 0.000000
vt 0.329884 0.780030 0.000000
vt 0.288203 0.782064 0.000000
vt 0.282853 0.782402 0.000000
vt 0.275058 0.782602 0.000000
vt 0.320659 0.784022 0.000000
vt 0.324748 0.783811 0.000000
vt 0.329859 0.783424 0.000000
vt 0.620036 0.822938 0.000000
vt 0.327305 0.766278 0.000000
vt 0.330639 0.766546 0.000000
vt 0.335141 0.767341 0.000000
vt 0.623998 0.819573 0.000000
vt 0.295711 0.761256 0.000000
vt 0.291387 0.762128 0.000000
vt 0.287691 0.760705 0.000000
vt 0.299200 0.771928 0.000000
vt 0.296598 0.771731 0.000000
vt 0.298114 0.767986 0.000000
vt 0.296607 0.777931 0.000000
vt 0.294089 0.777959 0.000000
vt 0.292666 0.778057 0.000000
vt 0.294911 0.772147 0.000000
vt 0.296719 0.767858 0.000000
vt 0.628978 0.817019 0.000000
vt 0.295978 0.782365 0.000000
vt 0.293442 0.782446 0.000000
vt 0.291991 0.782638 0.000000
vt 0.634890 0.815820 0.000000
vt 0.300473 0.762489 0.000000
vt 0.299301 0.762135 0.000000
vt 0.293471 0.771895 0.000000
vt 0.291406 0.777774 0.000000
vt 0.295397 0.767659 0.000000
vt 0.290747 0.782327 0.000000
vt 0.297919 0.761825 0.000000
vt 0.273178 0.766386 0.000000
vt 0.278258 0.760825 0.000000
vt 0.267023 0.776075 0.000000
vt 0.265177 0.781925 0.000000
vt 0.641649 0.816519 0.000000
vt 0.285073 0.758413 0.000000
vt 0.285162 0.757965 0.000000
vt 0.303703 0.772545 0.000000
vt 0.648143 0.818585 0.000000
vt 0.301153 0.778422 0.000000
vt 0.300481 0.783010 0.000000
vt 0.318046 0.765652 0.000000
vt 0.321008 0.765493 0.000000
vt 0.319482 0.772939 0.000000
vt 0.316878 0.779930 0.000000
vt 0.321123 0.769361 0.000000
vt 0.322357 0.769463 0.000000
vt 0.320465 0.773112 0.000000
vt 0.317883 0.780138 0.000000
vt 0.316220 0.783832 0.000000
vt 0.653256 0.821487 0.000000
vt 0.317337 0.784038 0.000000
vt 0.321516 0.773150 0.000000
vt 0.323637 0.769582 0.000000
vt 0.657259 0.824480 0.000000
vt 0.318973 0.780156 0.000000
vt 0.318503 0.784100 0.000000
vt 0.325507 0.766139 0.000000
vt 0.324321 0.766139 0.000000
vt 0.322973 0.765960 0.000000
vt 0.336509 0.774888 0.000000
vt 0.334916 0.779878 0.000000
vt 0.337913 0.771640 0.000000
vt 0.335081 0.782820 0.000000
vt 0.340405 0.768651 0.000000
vt 0.353524 0.738861 0.000000
vt 0.660419 0.826822 0.000000
vt 0.351751 0.743022 0.000000
vt 0.347245 0.742227 0.000000
vt 0.348673 0.738213 0.000000
vt 0.662546 0.828951 0.000000
vt 0.348404 0.751951 0.000000
vt 0.343749 0.751640 0.000000
vt 0.337644 0.751189 0.000000
vt 0.341223 0.741425 0.000000
vt 0.342933 0.737558 0.000000
vt 0.380485 0.743889 0.000000
vt 0.383915 0.743265 0.000000
vt 0.383582 0.748987 0.000000
vt 0.379817 0.747432 0.000000
vt 0.379489 0.753435 0.000000
vt 0.377999 0.750982 0.000000
vt 0.663449 0.831304 0.000000
vt 0.347457 0.757040 0.000000
vt 0.342780 0.757171 0.000000
vt 0.336718 0.757072 0.000000
vt 0.662985 0.833965 0.000000
vt 0.331632 0.735992 0.000000
vt 0.333255 0.731546 0.000000
vt 0.338484 0.730907 0.000000
vt 0.336715 0.736880 0.000000
vt 0.344788 0.731772 0.000000
vt 0.321080 0.735846 0.000000
vt 0.319103 0.739872 0.000000
vt 0.313675 0.739013 0.000000
vt 0.315897 0.734348 0.000000
vt 0.315742 0.749199 0.000000
vt 0.310019 0.749223 0.000000
vt 0.661009 0.837016 0.000000
vt 0.301692 0.749340 0.000000
vt 0.306175 0.737858 0.000000
vt 0.309973 0.731232 0.000000
vt 0.657939 0.840505 0.000000
vt 0.356013 0.752519 0.000000
vt 0.359119 0.743840 0.000000
vt 0.363894 0.744167 0.000000
vt 0.360968 0.752497 0.000000
vt 0.361892 0.739703 0.000000
vt 0.366629 0.739638 0.000000
vt 0.371639 0.740844 0.000000
vt 0.369832 0.744682 0.000000
vt 0.367170 0.752434 0.000000
vt 0.314936 0.755055 0.000000
vt 0.309198 0.755646 0.000000
vt 0.654191 0.844478 0.000000
vt 0.300652 0.756479 0.000000
vt 0.355535 0.757469 0.000000
vt 0.360692 0.757203 0.000000
vt 0.649797 0.848074 0.000000
vt 0.367139 0.756715 0.000000
vt 0.363922 0.734973 0.000000
vt 0.368097 0.735049 0.000000
vt 0.373877 0.736163 0.000000
vt 0.323455 0.731008 0.000000
vt 0.319544 0.728161 0.000000
vt 0.312951 0.727713 0.000000
vt 0.328501 0.740679 0.000000
vt 0.325386 0.740563 0.000000
vt 0.328276 0.735765 0.000000
vt 0.325200 0.749787 0.000000
vt 0.644788 0.850432 0.000000
vt 0.322024 0.749822 0.000000
vt 0.320229 0.749946 0.000000
vt 0.323675 0.740476 0.000000
vt 0.326096 0.735852 0.000000
vt 0.324407 0.755379 0.000000
vt 0.321208 0.755481 0.000000
vt 0.319378 0.755723 0.000000
vt 0.330273 0.731339 0.000000
vt 0.328634 0.731748 0.000000
vt 0.322008 0.740302 0.000000
vt 0.318641 0.749589 0.000000
vt 0.323912 0.736104 0.000000
vt 0.317809 0.755331 0.000000
vt 0.326449 0.731820 0.000000
vt 0.682762 0.806199 0.000000
vt 0.686140 0.806980 0.000000
vt 0.297048 0.736539 0.000000
vt 0.301883 0.729383 0.000000
vt 0.683465 0.801596 0.000000
vt 0.686513 0.802141 0.000000
vt 0.290983 0.749230 0.000000
vt 0.291006 0.757063 0.000000
vt 0.307640 0.725073 0.000000
vt 0.689345 0.802060 0.000000
vt 0.689345 0.806921 0.000000
vt 0.306667 0.723795 0.000000
vt 0.334378 0.740938 0.000000
vt 0.330934 0.750407 0.000000
vt 0.330086 0.756192 0.000000
vt 0.689345 0.796579 0.000000
vt 0.686975 0.796595 0.000000
vt 0.686938 0.794089 0.000000
vt 0.689345 0.794217 0.000000
vt 0.350173 0.733785 0.000000
vt 0.684298 0.795877 0.000000
vt 0.684326 0.793184 0.000000
vt 0.355532 0.733733 0.000000
vt 0.354051 0.743490 0.000000
vt 0.350766 0.752309 0.000000
vt 0.684368 0.790731 0.000000
vt 0.686879 0.791714 0.000000
vt 0.355994 0.739164 0.000000
vt 0.357534 0.739339 0.000000
vt 0.355291 0.743709 0.000000
vt 0.689345 0.791942 0.000000
vt 0.352034 0.752571 0.000000
vt 0.680866 0.793642 0.000000
vt 0.681178 0.790965 0.000000
vt 0.349936 0.757229 0.000000
vt 0.351346 0.757489 0.000000
vt 0.675655 0.790449 0.000000
vt 0.676874 0.788259 0.000000
vt 0.356616 0.743756 0.000000
vt 0.359114 0.739479 0.000000
vt 0.353409 0.752592 0.000000
vt 0.678107 0.785237 0.000000
vt 0.681654 0.788683 0.000000
vt 0.352815 0.757567 0.000000
vt 0.361768 0.734485 0.000000
vt 0.360139 0.734393 0.000000
vt 0.358306 0.734154 0.000000
vt 0.375482 0.746013 0.000000
vt 0.683993 0.798418 0.000000
vt 0.680448 0.796412 0.000000
vt 0.373516 0.752243 0.000000
vt 0.376985 0.742147 0.000000
vt 0.373724 0.755953 0.000000
vt 0.679811 0.799616 0.000000
vt 0.380065 0.738520 0.000000
vt 0.373438 0.706330 0.000000
vt 0.371524 0.710727 0.000000
vt 0.674096 0.796658 0.000000
vt 0.674871 0.793343 0.000000
vt 0.366467 0.709859 0.000000
vt 0.369193 0.704351 0.000000
vt 0.368235 0.719663 0.000000
vt 0.363037 0.719281 0.000000
vt 0.356223 0.718737 0.000000
vt 0.674084 0.913730 0.000000
vt 0.660413 0.910489 0.000000
vt 0.359727 0.708963 0.000000
vt 0.362639 0.703504 0.000000
vt 0.659179 0.934603 0.000000
vt 0.645125 0.930133 0.000000
vt 0.403805 0.711590 0.000000
vt 0.407777 0.709980 0.000000
vt 0.407911 0.717181 0.000000
vt 0.633667 0.921164 0.000000
vt 0.647298 0.904223 0.000000
vt 0.403140 0.715733 0.000000
vt 0.404194 0.722178 0.000000
vt 0.401205 0.719225 0.000000
vt 0.367463 0.724774 0.000000
vt 0.362267 0.724838 0.000000
vt 0.635795 0.952565 0.000000
vt 0.625878 0.946801 0.000000
vt 0.355521 0.724650 0.000000
vt 0.348843 0.703504 0.000000
vt 0.612410 0.966382 0.000000
vt 0.604485 0.959540 0.000000
vt 0.350541 0.699100 0.000000
vt 0.356840 0.698996 0.000000
vt 0.355289 0.703531 0.000000
vt 0.597295 0.946422 0.000000
vt 0.616392 0.935515 0.000000
vt 0.364072 0.701034 0.000000
vt 0.337200 0.702197 0.000000
vt 0.335057 0.707076 0.000000
vt 0.328974 0.706131 0.000000
vt 0.331819 0.700813 0.000000
vt 0.587411 0.974932 0.000000
vt 0.582764 0.967402 0.000000
vt 0.331780 0.716408 0.000000
vt 0.325422 0.716328 0.000000
vt 0.562411 0.978396 0.000000
vt 0.560822 0.970589 0.000000
vt 0.317235 0.716339 0.000000
vt 0.321123 0.704806 0.000000
vt 0.324080 0.699825 0.000000
vt 0.559324 0.955652 0.000000
vt 0.578198 0.953027 0.000000
vt 0.376728 0.720347 0.000000
vt 0.379761 0.711658 0.000000
vt 0.385086 0.712057 0.000000
vt 0.382235 0.720397 0.000000
vt 0.382103 0.707566 0.000000
vt 0.536488 0.977100 0.000000
vt 0.538767 0.969301 0.000000
vt 0.387165 0.708239 0.000000
vt 0.393763 0.708926 0.000000
vt 0.510565 0.971110 0.000000
vt 0.518182 0.963495 0.000000
vt 0.391715 0.712663 0.000000
vt 0.389129 0.720425 0.000000
vt 0.331224 0.722276 0.000000
vt 0.524196 0.949401 0.000000
vt 0.540897 0.954618 0.000000
vt 0.324914 0.722710 0.000000
vt 0.316693 0.723554 0.000000
vt 0.376468 0.725325 0.000000
vt 0.382187 0.725132 0.000000
vt 0.470470 0.954722 0.000000
vt 0.453528 0.932438 0.000000
vt 0.471380 0.920110 0.000000
vt 0.485329 0.938550 0.000000
vt 0.389327 0.724736 0.000000
vt 0.436587 0.910153 0.000000
vt 0.459137 0.897668 0.000000
vt 0.384797 0.702320 0.000000
vt 0.389732 0.703274 0.000000
vt 0.396312 0.704543 0.000000
vt 0.478829 0.888875 0.000000
vt 0.488211 0.908957 0.000000
vt 0.339359 0.698404 0.000000
vt 0.334482 0.696230 0.000000
vt 0.327498 0.694581 0.000000
vt 0.498832 0.925709 0.000000
vt 0.413506 0.845890 0.000000
vt 0.410612 0.808866 0.000000
vt 0.437836 0.809220 0.000000
vt 0.441568 0.841286 0.000000
vt 0.345548 0.708027 0.000000
vt 0.407719 0.771843 0.000000
vt 0.438076 0.777471 0.000000
vt 0.342081 0.707865 0.000000
vt 0.345233 0.702932 0.000000
vt 0.342323 0.717144 0.000000
vt 0.463180 0.781238 0.000000
vt 0.462744 0.809862 0.000000
vt 0.338794 0.717134 0.000000
vt 0.336805 0.717231 0.000000
vt 0.340174 0.707752 0.000000
vt 0.465222 0.838504 0.000000
vt 0.342912 0.702814 0.000000
vt 0.418398 0.742872 0.000000
vt 0.442627 0.748627 0.000000
vt 0.341753 0.722765 0.000000
vt 0.338203 0.722822 0.000000
vt 0.429078 0.713901 0.000000
vt 0.451358 0.723324 0.000000
vt 0.336181 0.723039 0.000000
vt 0.347237 0.699437 0.000000
vt 0.345280 0.699326 0.000000
vt 0.473604 0.730926 0.000000
vt 0.466273 0.754681 0.000000
vt 0.338312 0.707553 0.000000
vt 0.335021 0.716849 0.000000
vt 0.340710 0.702683 0.000000
vt 0.334417 0.722621 0.000000
vt 0.452715 0.672893 0.000000
vt 0.464695 0.652010 0.000000
vt 0.489447 0.655443 0.000000
vt 0.477863 0.680992 0.000000
vt 0.342896 0.699077 0.000000
vt 0.476675 0.625001 0.000000
vt 0.499311 0.627561 0.000000
vt 0.312566 0.703188 0.000000
vt 0.315532 0.696394 0.000000
vt 0.308509 0.716168 0.000000
vt 0.525693 0.631177 0.000000
vt 0.516329 0.660481 0.000000
vt 0.310091 0.723105 0.000000
vt 0.321371 0.692551 0.000000
vt 0.319280 0.690541 0.000000
vt 0.507817 0.690683 0.000000
vt 0.352092 0.708373 0.000000
vt 0.348725 0.717851 0.000000
vt 0.686813 0.798979 0.000000
vt 0.689345 0.798903 0.000000
vt 0.348105 0.723667 0.000000
vt 0.370893 0.700771 0.000000
vt 0.376190 0.700779 0.000000
vt 0.374109 0.711232 0.000000
vt 0.370883 0.720058 0.000000
vt 0.375959 0.706824 0.000000
vt 0.377562 0.707079 0.000000
vt 0.375500 0.711471 0.000000
vt 0.372308 0.720341 0.000000
vt 0.370230 0.725002 0.000000
vt 0.371811 0.725284 0.000000
vt 0.376975 0.711538 0.000000
vt 0.379258 0.707196 0.000000
vt 0.373837 0.720383 0.000000
vt 0.678840 0.803597 0.000000
vt 0.672903 0.800111 0.000000
vt 0.373450 0.725384 0.000000
vt 0.382252 0.702064 0.000000
vt 0.380735 0.702120 0.000000
vt 0.379081 0.701953 0.000000
vt 0.397830 0.714480 0.000000
vt 0.396179 0.720325 0.000000
vt 0.399973 0.710036 0.000000
vt 0.396611 0.724065 0.000000
vt 0.403149 0.706330 0.000000
vt 0.375056 0.671905 0.000000
vt 0.373867 0.676187 0.000000
vt 0.369360 0.675392 0.000000
vt 0.370774 0.671118 0.000000
vt 0.664866 0.793178 0.000000
vt 0.665960 0.789591 0.000000
vt 0.370520 0.685116 0.000000
vt 0.365865 0.684806 0.000000
vt 0.653120 0.789765 0.000000
vt 0.655029 0.785800 0.000000
vt 0.359760 0.684354 0.000000
vt 0.363339 0.674590 0.000000
vt 0.365207 0.670626 0.000000
vt 0.659418 0.781741 0.000000
vt 0.667642 0.786853 0.000000
vt 0.402548 0.676888 0.000000
vt 0.405873 0.676181 0.000000
vt 0.406034 0.682330 0.000000
vt 0.401849 0.680804 0.000000
vt 0.402551 0.687057 0.000000
vt 0.400058 0.684231 0.000000
vt 0.663481 0.796682 0.000000
vt 0.369573 0.690205 0.000000
vt 0.364896 0.690336 0.000000
vt 0.358834 0.690238 0.000000
vt 0.353024 0.669736 0.000000
vt 0.355379 0.663560 0.000000
vt 0.360723 0.663952 0.000000
vt 0.358675 0.670225 0.000000
vt 0.366948 0.663867 0.000000
vt 0.651712 0.793741 0.000000
vt 0.342796 0.668761 0.000000
vt 0.341218 0.673037 0.000000
vt 0.335791 0.672178 0.000000
vt 0.338394 0.667121 0.000000
vt 0.337862 0.682358 0.000000
vt 0.590632 0.832613 0.000000
vt 0.591011 0.823952 0.000000
vt 0.332150 0.682363 0.000000
vt 0.324914 0.682455 0.000000
vt 0.582708 0.833202 0.000000
vt 0.583291 0.822727 0.000000
vt 0.328447 0.671015 0.000000
vt 0.329954 0.666130 0.000000
vt 0.378129 0.685685 0.000000
vt 0.585734 0.812987 0.000000
vt 0.593036 0.816099 0.000000
vt 0.381235 0.677005 0.000000
vt 0.386010 0.677332 0.000000
vt 0.383084 0.685662 0.000000
vt 0.384174 0.672461 0.000000
vt 0.563084 0.834982 0.000000
vt 0.549607 0.836204 0.000000
vt 0.549283 0.818998 0.000000
vt 0.563305 0.820191 0.000000
vt 0.387947 0.673347 0.000000
vt 0.534288 0.837006 0.000000
vt 0.533551 0.817472 0.000000
vt 0.393405 0.674136 0.000000
vt 0.391948 0.677848 0.000000
vt 0.389286 0.685600 0.000000
vt 0.535913 0.796864 0.000000
vt 0.551662 0.801248 0.000000
vt 0.337067 0.688195 0.000000
vt 0.331373 0.688710 0.000000
vt 0.325488 0.689026 0.000000
vt 0.565817 0.805657 0.000000
vt 0.501252 0.836376 0.000000
vt 0.484384 0.836916 0.000000
vt 0.483022 0.811078 0.000000
vt 0.500592 0.812863 0.000000
vt 0.377651 0.690634 0.000000
vt 0.382808 0.690368 0.000000
vt 0.389254 0.689880 0.000000
vt 0.385918 0.667667 0.000000
vt 0.390307 0.667866 0.000000
vt 0.395841 0.669432 0.000000
vt 0.346548 0.661908 0.000000
vt 0.484567 0.785309 0.000000
vt 0.340324 0.660812 0.000000
vt 0.332303 0.660877 0.000000
vt 0.350617 0.673845 0.000000
vt 0.503199 0.789357 0.000000
vt 0.347502 0.673729 0.000000
vt 0.624369 0.891568 0.000000
vt 0.614475 0.883364 0.000000
vt 0.349861 0.669293 0.000000
vt 0.347316 0.682952 0.000000
vt 0.613606 0.902336 0.000000
vt 0.605008 0.892350 0.000000
vt 0.344140 0.682988 0.000000
vt 0.342345 0.683111 0.000000
vt 0.345790 0.673641 0.000000
vt 0.597491 0.881587 0.000000
vt 0.605930 0.874078 0.000000
vt 0.347467 0.669303 0.000000
vt 0.346523 0.688544 0.000000
vt 0.343323 0.688646 0.000000
vt 0.341494 0.688889 0.000000
vt 0.352658 0.663306 0.000000
vt 0.599995 0.913086 0.000000
vt 0.593051 0.901523 0.000000
vt 0.351173 0.663606 0.000000
vt 0.344124 0.673467 0.000000
vt 0.584889 0.921727 0.000000
vt 0.579645 0.909034 0.000000
vt 0.340756 0.682754 0.000000
vt 0.345469 0.669189 0.000000
vt 0.339924 0.688496 0.000000
vt 0.574920 0.895352 0.000000
vt 0.586918 0.889106 0.000000
vt 0.349329 0.663334 0.000000
vt 0.319790 0.669673 0.000000
vt 0.320347 0.663345 0.000000
vt 0.317446 0.682320 0.000000
vt 0.320236 0.689968 0.000000
vt 0.321470 0.659870 0.000000
vt 0.574348 0.821454 0.000000
vt 0.576918 0.809538 0.000000
vt 0.356493 0.674103 0.000000
vt 0.353050 0.683572 0.000000
vt 0.573821 0.833986 0.000000
vt 0.352201 0.689357 0.000000
vt 0.372998 0.664946 0.000000
vt 0.377193 0.666575 0.000000
vt 0.376167 0.676656 0.000000
vt 0.372882 0.685474 0.000000
vt 0.377729 0.672328 0.000000
vt 0.379465 0.672461 0.000000
vt 0.377407 0.676874 0.000000
vt 0.374150 0.685736 0.000000
vt 0.372052 0.690395 0.000000
vt 0.373462 0.690654 0.000000
vt 0.635297 0.898219 0.000000
vt 0.378732 0.676921 0.000000
vt 0.381183 0.672539 0.000000
vt 0.375525 0.685758 0.000000
vt 0.374931 0.690732 0.000000
vt 0.383107 0.667325 0.000000
vt 0.381467 0.667404 0.000000
vt 0.379769 0.667275 0.000000
vt 0.397397 0.679574 0.000000
vt 0.623160 0.911919 0.000000
vt 0.395632 0.685408 0.000000
vt 0.399121 0.675228 0.000000
vt 0.395840 0.689118 0.000000
vt 0.402189 0.671594 0.000000
vt 0.328815 0.636119 0.000000
vt 0.338337 0.636240 0.000000
vt 0.607770 0.924347 0.000000
vt 0.337315 0.640366 0.000000
vt 0.328296 0.641560 0.000000
vt 0.351576 0.617420 0.000000
vt 0.346477 0.622370 0.000000
vt 0.336934 0.612385 0.000000
vt 0.333048 0.619267 0.000000
vt 0.340126 0.631822 0.000000
vt 0.329128 0.630245 0.000000
vt 0.590768 0.934003 0.000000
vt 0.197126 0.705388 0.000000
vt 0.205236 0.687246 0.000000
vt 0.213253 0.670810 0.000000
vt 0.182374 0.742200 0.000000
vt 0.187976 0.724543 0.000000
vt 0.570593 0.880106 0.000000
vt 0.581574 0.875278 0.000000
vt 0.188387 0.765853 0.000000
vt 0.184910 0.755846 0.000000
vt 0.566980 0.864461 0.000000
vt 0.577415 0.860992 0.000000
vt 0.185611 0.772593 0.000000
vt 0.269639 0.609849 0.000000
vt 0.271234 0.620613 0.000000
vt 0.586460 0.857231 0.000000
vt 0.591183 0.869672 0.000000
vt 0.268416 0.632876 0.000000
vt 0.222123 0.656769 0.000000
vt 0.317371 0.635634 0.000000
vt 0.318646 0.642180 0.000000
vt 0.320237 0.635537 0.000000
vt 0.321705 0.641765 0.000000
vt 0.574838 0.847197 0.000000
vt 0.583699 0.844888 0.000000
vt 0.326736 0.609375 0.000000
vt 0.328971 0.609534 0.000000
vt 0.564393 0.849579 0.000000
vt 0.325322 0.617403 0.000000
vt 0.323217 0.616972 0.000000
vt 0.319966 0.628865 0.000000
vt 0.322048 0.629376 0.000000
vt 0.323778 0.641973 0.000000
vt 0.323595 0.635612 0.000000
vt 0.327298 0.617890 0.000000
vt 0.330885 0.610147 0.000000
vt 0.324102 0.629633 0.000000
vt 0.126118 0.209484 0.000000
vt 0.594132 0.853754 0.000000
vt 0.599045 0.864179 0.000000
vt 0.115621 0.208269 0.000000
vt 0.119345 0.185033 0.000000
vt 0.127349 0.191684 0.000000
vt 0.100408 0.211601 0.000000
vt 0.102058 0.183590 0.000000
vt 0.103540 0.157919 0.000000
vt 0.118236 0.163914 0.000000
vt 0.124704 0.166324 0.000000
vt 0.126178 0.173080 0.000000
vt 0.130632 0.178249 0.000000
vt 0.082878 0.204213 0.000000
vt 0.084625 0.178854 0.000000
vt 0.065378 0.201608 0.000000
vt 0.067289 0.171916 0.000000
vt 0.069318 0.144248 0.000000
vt 0.591500 0.842889 0.000000
vt 0.086858 0.151237 0.000000
vt 0.048768 0.188245 0.000000
vt 0.050290 0.163862 0.000000
vt 0.032536 0.180822 0.000000
vt 0.034113 0.155249 0.000000
vt 0.035399 0.130819 0.000000
vt 0.052047 0.137332 0.000000
vt 0.019308 0.166357 0.000000
vt 0.019316 0.146587 0.000000
vt 0.010589 0.159544 0.000000
vt 0.010192 0.141724 0.000000
vt 0.008772 0.123012 0.000000
vt 0.019722 0.125041 0.000000
vt 0.133833 0.161174 0.000000
vt 0.569639 0.926168 0.000000
vt 0.565829 0.913031 0.000000
vt 0.128296 0.162256 0.000000
vt 0.122384 0.148633 0.000000
vt 0.555309 0.927789 0.000000
vt 0.552437 0.914840 0.000000
vt 0.136090 0.153497 0.000000
vt 0.106437 0.138125 0.000000
vt 0.108785 0.119543 0.000000
vt 0.549129 0.901287 0.000000
vt 0.562207 0.899042 0.000000
vt 0.124137 0.129365 0.000000
vt 0.137727 0.138853 0.000000
vt 0.089033 0.129672 0.000000
vt 0.071116 0.122512 0.000000
vt 0.072653 0.103643 0.000000
vt 0.091179 0.111133 0.000000
vt 0.573793 0.939391 0.000000
vt 0.053632 0.115884 0.000000
vt 0.036944 0.110642 0.000000
vt 0.037740 0.091998 0.000000
vt 0.054546 0.096581 0.000000
vt 0.022989 0.108282 0.000000
vt 0.013672 0.109649 0.000000
vt 0.016081 0.096151 0.000000
vt 0.024457 0.092295 0.000000
vt 0.557546 0.941389 0.000000
vt 0.006400 0.142938 0.000000
vt 0.004801 0.128231 0.000000
vt 0.006727 0.156726 0.000000
vt 0.004537 0.113214 0.000000
vt 0.005945 0.099747 0.000000
vt 0.022738 0.059728 0.000000
vt 0.517378 0.815211 0.000000
vt 0.520037 0.793054 0.000000
vt 0.030787 0.048797 0.000000
vt 0.034952 0.051956 0.000000
vt 0.518029 0.836734 0.000000
vt 0.025790 0.065292 0.000000
vt 0.014942 0.072744 0.000000
vt 0.019130 0.072685 0.000000
vt 0.133542 0.092364 0.000000
vt 0.144822 0.106863 0.000000
vt 0.135998 0.115739 0.000000
vt 0.124116 0.100699 0.000000
vt 0.124420 0.080407 0.000000
vt 0.111963 0.085049 0.000000
vt 0.170783 0.150682 0.000000
vt 0.555135 0.867063 0.000000
vt 0.551845 0.851801 0.000000
vt 0.174400 0.159144 0.000000
vt 0.160450 0.157373 0.000000
vt 0.541734 0.869716 0.000000
vt 0.537492 0.853923 0.000000
vt 0.156359 0.147763 0.000000
vt 0.166769 0.138330 0.000000
vt 0.156344 0.138437 0.000000
vt 0.137195 0.194558 0.000000
vt 0.136012 0.209831 0.000000
vt 0.136385 0.185259 0.000000
vt 0.109503 0.067929 0.000000
vt 0.116076 0.071869 0.000000
vt 0.109046 0.055118 0.000000
vt 0.114290 0.059374 0.000000
vt 0.094888 0.075487 0.000000
vt 0.558616 0.883265 0.000000
vt 0.095287 0.061245 0.000000
vt 0.074974 0.067115 0.000000
vt 0.076007 0.053069 0.000000
vt 0.077044 0.040720 0.000000
vt 0.095534 0.048600 0.000000
vt 0.054126 0.058187 0.000000
vt 0.055331 0.044277 0.000000
vt 0.041014 0.038822 0.000000
vt 0.545588 0.885874 0.000000
vt 0.042790 0.027161 0.000000
vt 0.056868 0.032374 0.000000
vt 0.033504 0.037305 0.000000
vt 0.034441 0.026088 0.000000
vt 0.145654 0.248431 0.000000
vt 0.150697 0.247832 0.000000
vt 0.448934 0.871081 0.000000
vt 0.470875 0.865116 0.000000
vt 0.153009 0.253156 0.000000
vt 0.149997 0.260166 0.000000
vt 0.425046 0.878022 0.000000
vt 0.158004 0.255938 0.000000
vt 0.157161 0.263213 0.000000
vt 0.143733 0.177387 0.000000
vt 0.138559 0.167068 0.000000
vt 0.149527 0.162607 0.000000
vt 0.154672 0.177481 0.000000
vt 0.149492 0.148148 0.000000
vt 0.164828 0.167072 0.000000
vt 0.167860 0.179495 0.000000
vt 0.157095 0.122462 0.000000
vt 0.536037 0.903193 0.000000
vt 0.531455 0.889055 0.000000
vt 0.147322 0.127574 0.000000
vt 0.131864 0.168772 0.000000
vt 0.523272 0.906971 0.000000
vt 0.516999 0.893563 0.000000
vt 0.136371 0.174030 0.000000
vt 0.138540 0.181462 0.000000
vt 0.141392 0.186131 0.000000
vt 0.510870 0.877692 0.000000
vt 0.526629 0.873338 0.000000
vt 0.151591 0.196612 0.000000
vt 0.142843 0.198770 0.000000
vt 0.157266 0.214392 0.000000
vt 0.147767 0.214765 0.000000
vt 0.160002 0.197433 0.000000
vt 0.170864 0.199245 0.000000
vt 0.503001 0.900152 0.000000
vt 0.495505 0.882544 0.000000
vt 0.174625 0.215567 0.000000
vt 0.164831 0.215183 0.000000
vt 0.511175 0.914829 0.000000
vt 0.178311 0.182437 0.000000
vt 0.179807 0.199989 0.000000
vt 0.183684 0.216340 0.000000
vt 0.110078 0.042898 0.000000
vt 0.115302 0.047200 0.000000
vt 0.078136 0.028353 0.000000
vt 0.096642 0.036284 0.000000
vt 0.043799 0.015681 0.000000
vt 0.057703 0.020099 0.000000
vt 0.035304 0.014720 0.000000
vt 0.505150 0.858308 0.000000
vt 0.521633 0.856004 0.000000
vt 0.010309 0.221641 0.000000
vt 0.009063 0.217251 0.000000
vt 0.015205 0.219559 0.000000
vt 0.015059 0.223058 0.000000
vt 0.009101 0.212716 0.000000
vt 0.015474 0.215201 0.000000
vt 0.022582 0.217766 0.000000
vt 0.020828 0.221503 0.000000
vt 0.019982 0.224792 0.000000
vt 0.013153 0.248702 0.000000
vt 0.009967 0.246714 0.000000
vt 0.011190 0.245088 0.000000
vt 0.013177 0.246393 0.000000
vt 0.017277 0.248592 0.000000
vt 0.016004 0.246884 0.000000
vt 0.488922 0.861102 0.000000
vt 0.006367 0.215708 0.000000
vt 0.006141 0.210636 0.000000
vt 0.006579 0.219397 0.000000
vt 0.025941 0.212323 0.000000
vt 0.025843 0.217944 0.000000
vt 0.022756 0.212246 0.000000
vt 0.026212 0.207611 0.000000
vt 0.022461 0.207254 0.000000
vt 0.011954 0.195235 0.000000
vt 0.012011 0.190509 0.000000
vt 0.017202 0.192814 0.000000
vt 0.016792 0.197255 0.000000
vt 0.012154 0.183281 0.000000
vt 0.018147 0.186527 0.000000
vt 0.529421 0.918968 0.000000
vt 0.519789 0.927478 0.000000
vt 0.024816 0.190186 0.000000
vt 0.023535 0.195498 0.000000
vt 0.534052 0.927800 0.000000
vt 0.529941 0.936645 0.000000
vt 0.023279 0.199848 0.000000
vt 0.019340 0.231149 0.000000
vt 0.018916 0.235395 0.000000
vt 0.014363 0.234637 0.000000
vt 0.510501 0.939477 0.000000
vt 0.014973 0.230226 0.000000
vt 0.018659 0.240257 0.000000
vt 0.014277 0.239203 0.000000
vt 0.010566 0.238145 0.000000
vt 0.010387 0.232734 0.000000
vt 0.010633 0.228642 0.000000
vt 0.500650 0.953128 0.000000
vt 0.006021 0.188009 0.000000
vt 0.005472 0.179950 0.000000
vt 0.006637 0.193160 0.000000
vt 0.490517 0.960644 0.000000
vt 0.005326 0.231684 0.000000
vt 0.005150 0.227078 0.000000
vt 0.006219 0.237113 0.000000
vt 0.024094 0.236426 0.000000
vt 0.022999 0.241191 0.000000
vt 0.024807 0.232306 0.000000
vt 0.028403 0.196395 0.000000
vt 0.026770 0.200131 0.000000
vt 0.030164 0.191357 0.000000
vt 0.009939 0.202430 0.000000
vt 0.009969 0.199865 0.000000
vt 0.542727 0.940878 0.000000
vt 0.016434 0.202744 0.000000
vt 0.016275 0.205289 0.000000
vt 0.011368 0.198818 0.000000
vt 0.542961 0.927971 0.000000
vt 0.016489 0.201387 0.000000
vt 0.023058 0.203541 0.000000
vt 0.022892 0.204802 0.000000
vt 0.006724 0.199028 0.000000
vt 0.006604 0.196825 0.000000
vt 0.007948 0.200662 0.000000
vt 0.026350 0.205169 0.000000
vt 0.026597 0.203765 0.000000
vt 0.023125 0.202209 0.000000
vt 0.016551 0.200047 0.000000
vt 0.011638 0.197654 0.000000
vt 0.540302 0.915787 0.000000
vt 0.006839 0.195462 0.000000
vt 0.026516 0.202335 0.000000
vt 0.011868 0.173226 0.000000
vt 0.019042 0.178604 0.000000
vt 0.026732 0.184486 0.000000
vt 0.005953 0.169266 0.000000
vt 0.031777 0.185951 0.000000
vt 0.031441 0.185245 0.000000
vt 0.009812 0.207317 0.000000
vt 0.015925 0.209865 0.000000
vt 0.006854 0.205078 0.000000
vt 0.025177 0.222599 0.000000
vt 0.025323 0.225895 0.000000
vt 0.019812 0.226885 0.000000
vt 0.014917 0.225239 0.000000
vt 0.464135 0.702199 0.000000
vt 0.486756 0.710712 0.000000
vt 0.019891 0.228307 0.000000
vt 0.015002 0.226772 0.000000
vt 0.440897 0.693397 0.000000
vt 0.010324 0.225199 0.000000
vt 0.010490 0.223802 0.000000
vt 0.006501 0.221256 0.000000
vt 0.005458 0.222985 0.000000
vt 0.010559 0.226529 0.000000
vt 0.015068 0.227976 0.000000
vt 0.019668 0.229427 0.000000
vt 0.005221 0.224542 0.000000
vt 0.024933 0.229822 0.000000
vt 0.024870 0.228845 0.000000
vt 0.525389 0.704506 0.000000
vt 0.508142 0.718647 0.000000
vt 0.025059 0.227800 0.000000
vt 0.017356 0.244514 0.000000
vt 0.535904 0.713871 0.000000
vt 0.528130 0.725641 0.000000
vt 0.013934 0.243367 0.000000
vt 0.010813 0.242252 0.000000
vt 0.008028 0.242338 0.000000
vt 0.517636 0.746439 0.000000
vt 0.496352 0.739121 0.000000
vt 0.021080 0.245890 0.000000
vt 0.036396 0.254042 0.000000
vt 0.036272 0.249454 0.000000
vt 0.044774 0.253129 0.000000
vt 0.579642 0.778101 0.000000
vt 0.590245 0.763875 0.000000
vt 0.600664 0.776797 0.000000
vt 0.589883 0.787291 0.000000
vt 0.044534 0.257529 0.000000
vt 0.605031 0.750276 0.000000
vt 0.612202 0.768856 0.000000
vt 0.036379 0.243482 0.000000
vt 0.045125 0.247310 0.000000
vt 0.054366 0.250428 0.000000
vt 0.623569 0.783174 0.000000
vt 0.608604 0.787711 0.000000
vt 0.053724 0.256193 0.000000
vt 0.053068 0.260480 0.000000
vt 0.042573 0.289203 0.000000
vt 0.597728 0.794881 0.000000
vt 0.037484 0.285689 0.000000
vt 0.039197 0.284420 0.000000
vt 0.613670 0.795279 0.000000
vt 0.603793 0.801079 0.000000
vt 0.042376 0.286790 0.000000
vt 0.048507 0.289311 0.000000
vt 0.625672 0.791832 0.000000
vt 0.046728 0.287615 0.000000
vt 0.034037 0.247413 0.000000
vt 0.034124 0.241259 0.000000
vt 0.034212 0.252165 0.000000
vt 0.058207 0.243458 0.000000
vt 0.058107 0.250521 0.000000
vt 0.054565 0.243440 0.000000
vt 0.058173 0.237336 0.000000
vt 0.054664 0.237349 0.000000
vt 0.038420 0.221406 0.000000
vt 0.037950 0.215865 0.000000
vt 0.546560 0.731331 0.000000
vt 0.535490 0.751410 0.000000
vt 0.046965 0.219898 0.000000
vt 0.046662 0.225073 0.000000
vt 0.553280 0.713881 0.000000
vt 0.037251 0.207618 0.000000
vt 0.047374 0.212570 0.000000
vt 0.058128 0.216521 0.000000
vt 0.577443 0.719095 0.000000
vt 0.563181 0.738589 0.000000
vt 0.056552 0.223048 0.000000
vt 0.055423 0.227972 0.000000
vt 0.051516 0.268332 0.000000
vt 0.551284 0.757233 0.000000
vt 0.050215 0.272843 0.000000
vt 0.509103 0.767446 0.000000
vt 0.488752 0.761333 0.000000
vt 0.043694 0.270925 0.000000
vt 0.044054 0.266200 0.000000
vt 0.049340 0.279050 0.000000
vt 0.042854 0.277014 0.000000
vt 0.037726 0.274461 0.000000
vt 0.036656 0.268213 0.000000
vt 0.035991 0.262671 0.000000
vt 0.035709 0.213343 0.000000
vt 0.034693 0.204652 0.000000
vt 0.036365 0.219160 0.000000
vt 0.033991 0.265576 0.000000
vt 0.033894 0.260405 0.000000
vt 0.033763 0.272443 0.000000
vt 0.055349 0.273698 0.000000
vt 0.054563 0.279664 0.000000
vt 0.597105 0.808246 0.000000
vt 0.055501 0.268749 0.000000
vt 0.060511 0.222921 0.000000
vt 0.059035 0.227915 0.000000
vt 0.062585 0.216485 0.000000
vt 0.037967 0.230901 0.000000
vt 0.038012 0.227711 0.000000
vt 0.046267 0.231356 0.000000
vt 0.046074 0.234488 0.000000
vt 0.590326 0.803506 0.000000
vt 0.037903 0.225920 0.000000
vt 0.046350 0.229643 0.000000
vt 0.055293 0.232636 0.000000
vt 0.055008 0.234274 0.000000
vt 0.035910 0.225527 0.000000
vt 0.035747 0.223704 0.000000
vt 0.577747 0.750289 0.000000
vt 0.566389 0.767106 0.000000
vt 0.035909 0.228738 0.000000
vt 0.058570 0.234278 0.000000
vt 0.592005 0.735528 0.000000
vt 0.058934 0.232658 0.000000
vt 0.055217 0.230851 0.000000
vt 0.046470 0.227935 0.000000
vt 0.038222 0.224288 0.000000
vt 0.036138 0.222098 0.000000
vt 0.058799 0.230849 0.000000
vt 0.036764 0.196622 0.000000
vt 0.047885 0.203250 0.000000
vt 0.059676 0.208833 0.000000
vt 0.033841 0.193095 0.000000
vt 0.571382 0.791828 0.000000
vt 0.557528 0.784022 0.000000
vt 0.064611 0.209226 0.000000
vt 0.066440 0.205845 0.000000
vt 0.037183 0.236728 0.000000
vt 0.045626 0.240451 0.000000
vt 0.035031 0.234508 0.000000
vt 0.057305 0.256399 0.000000
vt 0.056441 0.260749 0.000000
vt 0.052831 0.263035 0.000000
vt 0.542010 0.776721 0.000000
vt 0.044370 0.260131 0.000000
vt 0.052749 0.264682 0.000000
vt 0.044236 0.261806 0.000000
vt 0.036101 0.258252 0.000000
vt 0.036284 0.256645 0.000000
vt 0.034090 0.254706 0.000000
vt 0.582033 0.798178 0.000000
vt 0.033894 0.256163 0.000000
vt 0.036012 0.259854 0.000000
vt 0.044304 0.263576 0.000000
vt 0.051839 0.265851 0.000000
vt 0.033845 0.257665 0.000000
vt 0.055908 0.266186 0.000000
vt 0.056092 0.264736 0.000000
vt 0.056153 0.263226 0.000000
vt 0.048490 0.285139 0.000000
vt 0.042916 0.282824 0.000000
vt 0.038531 0.279998 0.000000
vt 0.034672 0.280044 0.000000
vt 0.052591 0.285705 0.000000
vt 0.071328 0.274267 0.000000
vt 0.071309 0.269067 0.000000
vt 0.526361 0.771886 0.000000
vt 0.078790 0.272184 0.000000
vt 0.078615 0.277219 0.000000
vt 0.071834 0.262694 0.000000
vt 0.080448 0.265565 0.000000
vt 0.087511 0.268324 0.000000
vt 0.087876 0.275515 0.000000
vt 0.086899 0.280174 0.000000
vt 0.076282 0.312459 0.000000
vt 0.071694 0.309227 0.000000
vt 0.073635 0.307076 0.000000
vt 0.076201 0.309958 0.000000
vt 0.082198 0.312357 0.000000
vt 0.080331 0.310731 0.000000
vt 0.683152 0.772477 0.000000
vt 0.683772 0.770259 0.000000
vt 0.686733 0.770530 0.000000
vt 0.686419 0.772749 0.000000
vt 0.067026 0.266752 0.000000
vt 0.684377 0.767989 0.000000
vt 0.687045 0.768361 0.000000
vt 0.067243 0.259328 0.000000
vt 0.067438 0.271974 0.000000
vt 0.093990 0.260966 0.000000
vt 0.689345 0.768325 0.000000
vt 0.689345 0.770392 0.000000
vt 0.093084 0.269186 0.000000
vt 0.087231 0.260441 0.000000
vt 0.094110 0.254251 0.000000
vt 0.689345 0.772577 0.000000
vt 0.683295 0.741659 0.000000
vt 0.683140 0.740340 0.000000
vt 0.686451 0.739666 0.000000
vt 0.686503 0.740947 0.000000
vt 0.087665 0.253916 0.000000
vt 0.682807 0.738883 0.000000
vt 0.686340 0.738257 0.000000
vt 0.073239 0.237329 0.000000
vt 0.072885 0.231818 0.000000
vt 0.081951 0.235390 0.000000
vt 0.689345 0.737991 0.000000
vt 0.689345 0.739430 0.000000
vt 0.081170 0.241224 0.000000
vt 0.073182 0.224173 0.000000
vt 0.082599 0.227428 0.000000
vt 0.689345 0.740732 0.000000
vt 0.674589 0.710072 0.000000
vt 0.673377 0.700838 0.000000
vt 0.681580 0.701863 0.000000
vt 0.682351 0.710388 0.000000
vt 0.091078 0.230244 0.000000
vt 0.673429 0.693549 0.000000
vt 0.680071 0.692705 0.000000
vt 0.089280 0.237415 0.000000
vt 0.088126 0.243306 0.000000
vt 0.085894 0.289560 0.000000
vt 0.689584 0.692549 0.000000
vt 0.689557 0.701717 0.000000
vt 0.083762 0.294175 0.000000
vt 0.077424 0.292644 0.000000
vt 0.078612 0.287112 0.000000
vt 0.689532 0.710162 0.000000
vt 0.626870 0.671010 0.000000
vt 0.630220 0.642113 0.000000
vt 0.659155 0.635955 0.000000
vt 0.659003 0.659982 0.000000
vt 0.083086 0.300807 0.000000
vt 0.635742 0.610792 0.000000
vt 0.662334 0.604823 0.000000
vt 0.077572 0.299215 0.000000
vt 0.072910 0.296539 0.000000
vt 0.071813 0.290131 0.000000
vt 0.689851 0.602403 0.000000
vt 0.689760 0.633325 0.000000
vt 0.071191 0.283900 0.000000
vt 0.069645 0.228723 0.000000
vt 0.069156 0.220166 0.000000
vt 0.689689 0.657259 0.000000
vt 0.070917 0.235183 0.000000
vt 0.599964 0.676862 0.000000
vt 0.604640 0.649881 0.000000
vt 0.067417 0.287335 0.000000
vt 0.066942 0.281236 0.000000
vt 0.574509 0.683190 0.000000
vt 0.578397 0.656868 0.000000
vt 0.068053 0.295846 0.000000
vt 0.089057 0.294933 0.000000
vt 0.087944 0.301471 0.000000
vt 0.585264 0.626352 0.000000
vt 0.611018 0.618856 0.000000
vt 0.089851 0.289417 0.000000
vt 0.096145 0.238405 0.000000
vt 0.095155 0.243908 0.000000
vt 0.098346 0.231221 0.000000
vt 0.604388 0.566471 0.000000
vt 0.593637 0.595911 0.000000
vt 0.565231 0.601345 0.000000
vt 0.575644 0.572467 0.000000
vt 0.072551 0.248126 0.000000
vt 0.072606 0.244538 0.000000
vt 0.555584 0.630617 0.000000
vt 0.080786 0.248187 0.000000
vt 0.080580 0.251768 0.000000
vt 0.072518 0.242558 0.000000
vt 0.080880 0.246350 0.000000
vt 0.535812 0.602884 0.000000
vt 0.088711 0.248757 0.000000
vt 0.088469 0.250481 0.000000
vt 0.070077 0.242141 0.000000
vt 0.546899 0.578464 0.000000
vt 0.689345 0.744792 0.000000
vt 0.686717 0.745040 0.000000
vt 0.686622 0.743030 0.000000
vt 0.689345 0.742801 0.000000
vt 0.069914 0.240107 0.000000
vt 0.683812 0.745668 0.000000
vt 0.683584 0.743711 0.000000
vt 0.070072 0.245655 0.000000
vt 0.093867 0.251096 0.000000
vt 0.094110 0.248989 0.000000
vt 0.088573 0.246724 0.000000
vt 0.081017 0.244581 0.000000
vt 0.072798 0.240781 0.000000
vt 0.070564 0.238247 0.000000
vt 0.094110 0.247050 0.000000
vt 0.070729 0.214259 0.000000
vt 0.083199 0.218573 0.000000
vt 0.680519 0.746541 0.000000
vt 0.680096 0.744820 0.000000
vt 0.093858 0.222266 0.000000
vt 0.067922 0.211046 0.000000
vt 0.676823 0.747813 0.000000
vt 0.676140 0.746442 0.000000
vt 0.099629 0.222042 0.000000
vt 0.099871 0.220121 0.000000
vt 0.071691 0.254702 0.000000
vt 0.675208 0.744733 0.000000
vt 0.679553 0.742913 0.000000
vt 0.080273 0.258526 0.000000
vt 0.069113 0.252020 0.000000
vt 0.091475 0.275517 0.000000
vt 0.090805 0.280459 0.000000
vt 0.086672 0.283060 0.000000
vt 0.679210 0.770960 0.000000
vt 0.680132 0.768878 0.000000
vt 0.078521 0.280249 0.000000
vt 0.086584 0.284916 0.000000
vt 0.674407 0.768601 0.000000
vt 0.675802 0.766644 0.000000
vt 0.078349 0.282192 0.000000
vt 0.071426 0.279279 0.000000
vt 0.071670 0.277523 0.000000
vt 0.677016 0.764688 0.000000
vt 0.681002 0.766719 0.000000
vt 0.067367 0.274635 0.000000
vt 0.067126 0.276395 0.000000
vt 0.071223 0.280777 0.000000
vt 0.078196 0.284010 0.000000
vt 0.663321 0.762554 0.000000
vt 0.660357 0.758828 0.000000
vt 0.664081 0.757814 0.000000
vt 0.666408 0.760746 0.000000
vt 0.086367 0.286636 0.000000
vt 0.659775 0.755228 0.000000
vt 0.663629 0.755193 0.000000
vt 0.066812 0.278132 0.000000
vt 0.090161 0.286466 0.000000
vt 0.090336 0.284804 0.000000
vt 0.666223 0.755071 0.000000
vt 0.666681 0.757016 0.000000
vt 0.090427 0.283161 0.000000
vt 0.081858 0.307566 0.000000
vt 0.076730 0.305516 0.000000
vt 0.668675 0.759299 0.000000
vt 0.073360 0.302968 0.000000
vt 0.069580 0.303607 0.000000
vt 0.664892 0.753060 0.000000
vt 0.666991 0.753347 0.000000
vt 0.086230 0.308076 0.000000
vt 0.106967 0.275460 0.000000
vt 0.661685 0.752354 0.000000
vt 0.106271 0.270283 0.000000
vt 0.112677 0.272890 0.000000
vt 0.112709 0.277206 0.000000
vt 0.665389 0.749795 0.000000
vt 0.667654 0.751015 0.000000
vt 0.107006 0.265003 0.000000
vt 0.112907 0.267047 0.000000
vt 0.119466 0.269105 0.000000
vt 0.669109 0.751612 0.000000
vt 0.689494 0.722916 0.000000
vt 0.684131 0.723082 0.000000
vt 0.683238 0.717316 0.000000
vt 0.689511 0.717113 0.000000
vt 0.119246 0.274848 0.000000
vt 0.677956 0.723329 0.000000
vt 0.676218 0.717366 0.000000
vt 0.119290 0.279675 0.000000
vt 0.109807 0.309447 0.000000
vt 0.105759 0.306899 0.000000
vt 0.107338 0.304747 0.000000
vt 0.109902 0.306220 0.000000
vt 0.115003 0.309284 0.000000
vt 0.113428 0.306701 0.000000
vt 0.100047 0.268435 0.000000
vt 0.100720 0.261964 0.000000
vt 0.100291 0.273217 0.000000
vt 0.128123 0.263427 0.000000
vt 0.686042 0.735792 0.000000
vt 0.689457 0.735513 0.000000
vt 0.127980 0.270561 0.000000
vt 0.120140 0.262548 0.000000
vt 0.681986 0.736419 0.000000
vt 0.128356 0.257886 0.000000
vt 0.120570 0.256475 0.000000
vt 0.108170 0.242351 0.000000
vt 0.680829 0.732972 0.000000
vt 0.685566 0.732378 0.000000
vt 0.108013 0.236993 0.000000
vt 0.114657 0.239675 0.000000
vt 0.114556 0.244812 0.000000
vt 0.689466 0.732115 0.000000
vt 0.689345 0.775295 0.000000
vt 0.686519 0.775284 0.000000
vt 0.686318 0.774161 0.000000
vt 0.689345 0.774067 0.000000
vt 0.106886 0.229635 0.000000
vt 0.682780 0.775632 0.000000
vt 0.682931 0.773728 0.000000
vt 0.114586 0.232257 0.000000
vt 0.123225 0.234331 0.000000
vt 0.122538 0.242342 0.000000
vt 0.121464 0.247211 0.000000
vt 0.117974 0.287511 0.000000
vt 0.117340 0.292267 0.000000
vt 0.111417 0.291087 0.000000
vt 0.112283 0.285828 0.000000
vt 0.116560 0.297907 0.000000
vt 0.111155 0.296331 0.000000
vt 0.684553 0.766588 0.000000
vt 0.687140 0.767096 0.000000
vt 0.107145 0.295054 0.000000
vt 0.106686 0.288822 0.000000
vt 0.684426 0.765555 0.000000
vt 0.687072 0.766094 0.000000
vt 0.107032 0.283896 0.000000
vt 0.101579 0.234185 0.000000
vt 0.101377 0.227028 0.000000
vt 0.689345 0.766240 0.000000
vt 0.689345 0.767187 0.000000
vt 0.102123 0.239845 0.000000
vt 0.101012 0.287074 0.000000
vt 0.100615 0.281851 0.000000
vt 0.101835 0.293912 0.000000
vt 0.124094 0.293987 0.000000
vt 0.689345 0.745861 0.000000
vt 0.686693 0.746105 0.000000
vt 0.122850 0.299993 0.000000
vt 0.125014 0.289160 0.000000
vt 0.689345 0.746865 0.000000
vt 0.686646 0.747091 0.000000
vt 0.130334 0.243245 0.000000
vt 0.128991 0.248461 0.000000
vt 0.132024 0.235117 0.000000
vt 0.683707 0.747650 0.000000
vt 0.683782 0.746702 0.000000
vt 0.108134 0.252372 0.000000
vt 0.108276 0.249026 0.000000
vt 0.114468 0.251392 0.000000
vt 0.114372 0.254711 0.000000
vt 0.108411 0.247259 0.000000
vt 0.669614 0.758540 0.000000
vt 0.673138 0.761075 0.000000
vt 0.672513 0.762036 0.000000
vt 0.114603 0.249651 0.000000
vt 0.670112 0.758187 0.000000
vt 0.673384 0.760543 0.000000
vt 0.121052 0.251654 0.000000
vt 0.120918 0.253447 0.000000
vt 0.102101 0.246970 0.000000
vt 0.677387 0.762868 0.000000
vt 0.677369 0.763572 0.000000
vt 0.102392 0.244693 0.000000
vt 0.102770 0.249950 0.000000
vt 0.128522 0.254838 0.000000
vt 0.128248 0.253030 0.000000
vt 0.121125 0.250131 0.000000
vt 0.114479 0.247805 0.000000
vt 0.680518 0.747499 0.000000
vt 0.108528 0.245570 0.000000
vt 0.102665 0.242788 0.000000
vt 0.128610 0.251222 0.000000
vt 0.680426 0.748410 0.000000
vt 0.106711 0.221708 0.000000
vt 0.114128 0.222568 0.000000
vt 0.125201 0.223978 0.000000
vt 0.676904 0.749511 0.000000
vt 0.676928 0.748654 0.000000
vt 0.100224 0.221066 0.000000
vt 0.135121 0.223773 0.000000
vt 0.107420 0.257825 0.000000
vt 0.113280 0.260417 0.000000
vt 0.101737 0.255301 0.000000
vt 0.669765 0.752111 0.000000
vt 0.668009 0.753593 0.000000
vt 0.126874 0.276742 0.000000
vt 0.125884 0.281238 0.000000
vt 0.670241 0.752724 0.000000
vt 0.668685 0.753970 0.000000
vt 0.118565 0.281865 0.000000
vt 0.112450 0.279661 0.000000
vt 0.118263 0.283578 0.000000
vt 0.668236 0.755118 0.000000
vt 0.667476 0.755007 0.000000
vt 0.112222 0.281703 0.000000
vt 0.106655 0.279843 0.000000
vt 0.106782 0.278000 0.000000
vt 0.100441 0.275676 0.000000
vt 0.100519 0.277204 0.000000
vt 0.106886 0.281412 0.000000
vt 0.667869 0.756586 0.000000
vt 0.112378 0.283288 0.000000
vt 0.118224 0.285076 0.000000
vt 0.100460 0.279245 0.000000
vt 0.668554 0.756451 0.000000
vt 0.125274 0.286505 0.000000
vt 0.125359 0.285023 0.000000
vt 0.125588 0.283608 0.000000
vt 0.115322 0.303518 0.000000
vt 0.111001 0.301990 0.000000
vt 0.107035 0.301146 0.000000
vt 0.103090 0.300874 0.000000
vt 0.120868 0.306134 0.000000
vt 0.149440 0.229475 0.000000
vt 0.157730 0.230731 0.000000
vt 0.153925 0.240164 0.000000
vt 0.671698 0.748658 0.000000
vt 0.670192 0.747141 0.000000
vt 0.146030 0.237885 0.000000
vt 0.164297 0.232223 0.000000
vt 0.672702 0.749636 0.000000
vt 0.158530 0.243194 0.000000
vt 0.171882 0.234962 0.000000
vt 0.164172 0.247968 0.000000
vt 0.180239 0.238625 0.000000
vt 0.170993 0.254117 0.000000
vt 0.093325 0.092593 0.000000
vt 0.111032 0.101472 0.000000
vt 0.073898 0.084575 0.000000
vt 0.054287 0.076485 0.000000
vt 0.036780 0.072165 0.000000
vt 0.024473 0.075922 0.000000
vt 0.670771 0.763811 0.000000
vt 0.018047 0.082621 0.000000
vt 0.010084 0.086808 0.000000
vt 0.177803 0.168477 0.000000
vt 0.668557 0.765805 0.000000
vt 0.146711 0.136152 0.000000
vt 0.136429 0.124704 0.000000
vt 0.123908 0.112789 0.000000
vt 0.158802 0.222207 0.000000
vt 0.149946 0.221125 0.000000
vt 0.159330 0.224583 0.000000
vt 0.150793 0.223290 0.000000
vt 0.167181 0.223438 0.000000
vt 0.174222 0.223358 0.000000
vt 0.173592 0.226256 0.000000
vt 0.166278 0.225461 0.000000
vt 0.681235 0.765412 0.000000
vt 0.182096 0.222962 0.000000
vt 0.181137 0.225374 0.000000
vt 0.150699 0.225412 0.000000
vt 0.681133 0.764509 0.000000
vt 0.159360 0.226833 0.000000
vt 0.166101 0.227373 0.000000
vt 0.173444 0.228608 0.000000
vt 0.181985 0.229946 0.000000
vt 0.871670 0.492785 0.000000
vt 0.854791 0.493658 0.000000
vt 0.850669 0.484111 0.000000
vt 0.868951 0.481639 0.000000
vt 0.842459 0.495179 0.000000
vt 0.840393 0.493300 0.000000
vt 0.834590 0.489934 0.000000
vt 0.673040 0.750329 0.000000
vt 0.835406 0.483128 0.000000
vt 0.834017 0.468267 0.000000
vt 0.851416 0.466894 0.000000
vt 0.673245 0.751093 0.000000
vt 0.870338 0.464596 0.000000
vt 0.847128 0.449841 0.000000
vt 0.862356 0.448188 0.000000
vt 0.828517 0.451923 0.000000
vt 0.821135 0.435439 0.000000
vt 0.839889 0.433278 0.000000
vt 0.857914 0.430460 0.000000
vt 0.831784 0.417532 0.000000
vt 0.846437 0.415123 0.000000
vt 0.814104 0.420158 0.000000
vt 0.673508 0.769719 0.000000
vt 0.666516 0.767421 0.000000
vt 0.807264 0.404908 0.000000
vt 0.823088 0.402250 0.000000
vt 0.671086 0.771599 0.000000
vt 0.662997 0.769683 0.000000
vt 0.837749 0.398635 0.000000
vt 0.814075 0.387082 0.000000
vt 0.825091 0.385909 0.000000
vt 0.655170 0.766687 0.000000
vt 0.659922 0.764397 0.000000
vt 0.800459 0.388521 0.000000
vt 0.794888 0.377960 0.000000
vt 0.807188 0.377748 0.000000
vt 0.818511 0.378675 0.000000
vt 0.829201 0.493627 0.000000
vt 0.819352 0.487019 0.000000
vt 0.678820 0.772034 0.000000
vt 0.826851 0.498869 0.000000
vt 0.819823 0.500510 0.000000
vt 0.805279 0.502087 0.000000
vt 0.799314 0.488446 0.000000
vt 0.793182 0.473624 0.000000
vt 0.814485 0.471073 0.000000
vt 0.807685 0.454355 0.000000
vt 0.785938 0.457149 0.000000
vt 0.677354 0.773842 0.000000
vt 0.778188 0.440064 0.000000
vt 0.800201 0.437771 0.000000
vt 0.793281 0.422222 0.000000
vt 0.770537 0.423414 0.000000
vt 0.765145 0.407413 0.000000
vt 0.654742 0.755029 0.000000
vt 0.657339 0.750850 0.000000
vt 0.787488 0.406785 0.000000
vt 0.783382 0.390535 0.000000
vt 0.648051 0.754810 0.000000
vt 0.651773 0.749070 0.000000
vt 0.764173 0.392270 0.000000
vt 0.764834 0.383420 0.000000
vt 0.780374 0.380401 0.000000
vt 0.658505 0.744625 0.000000
vt 0.662303 0.747430 0.000000
vt 0.802295 0.368822 0.000000
vt 0.816213 0.370378 0.000000
vt 0.787419 0.368501 0.000000
vt 0.773553 0.371275 0.000000
vt 0.760181 0.375038 0.000000
vt 0.738019 0.388241 0.000000
vt 0.655800 0.759905 0.000000
vt 0.729575 0.393828 0.000000
vt 0.721722 0.391512 0.000000
vt 0.734211 0.384498 0.000000
vt 0.718056 0.404907 0.000000
vt 0.710043 0.397248 0.000000
vt 0.754497 0.479092 0.000000
vt 0.770995 0.491737 0.000000
vt 0.765002 0.494625 0.000000
vt 0.649685 0.761205 0.000000
vt 0.751022 0.485595 0.000000
vt 0.783647 0.502467 0.000000
vt 0.778323 0.504065 0.000000
vt 0.804731 0.517814 0.000000
vt 0.812874 0.519172 0.000000
vt 0.810958 0.528694 0.000000
vt 0.668350 0.744834 0.000000
vt 0.800183 0.523308 0.000000
vt 0.822168 0.523214 0.000000
vt 0.822281 0.532536 0.000000
vt 0.665899 0.742110 0.000000
vt 0.857168 0.496089 0.000000
vt 0.844744 0.497450 0.000000
vt 0.874099 0.495782 0.000000
vt 0.672894 0.740728 0.000000
vt 0.674356 0.742882 0.000000
vt 0.736789 0.443864 0.000000
vt 0.745593 0.462858 0.000000
vt 0.730962 0.463785 0.000000
vt 0.722516 0.445295 0.000000
vt 0.736185 0.476758 0.000000
vt 0.678428 0.739680 0.000000
vt 0.679197 0.741398 0.000000
vt 0.723457 0.476633 0.000000
vt 0.718667 0.464352 0.000000
vt 0.710760 0.446635 0.000000
vt 0.736779 0.480553 0.000000
vt 0.723911 0.480199 0.000000
vt 0.704036 0.410312 0.000000
vt 0.699479 0.401260 0.000000
vt 0.693330 0.412969 0.000000
vt 0.688082 0.402248 0.000000
vt 0.726483 0.423516 0.000000
vt 0.712253 0.424951 0.000000
vt 0.700960 0.426762 0.000000
vt 0.792033 0.502994 0.000000
vt 0.804443 0.512506 0.000000
vt 0.796596 0.511095 0.000000
vt 0.686892 0.764711 0.000000
vt 0.689462 0.764746 0.000000
vt 0.815724 0.516394 0.000000
vt 0.906299 0.508404 0.000000
vt 0.684124 0.764391 0.000000
vt 0.908776 0.502373 0.000000
vt 0.918620 0.509580 0.000000
vt 0.910947 0.512991 0.000000
vt 0.683713 0.763455 0.000000
vt 0.686657 0.763137 0.000000
vt 0.921351 0.518504 0.000000
vt 0.912555 0.515622 0.000000
vt 0.789187 0.514752 0.000000
vt 0.689601 0.762819 0.000000
vt 0.838439 0.499923 0.000000
vt 0.835116 0.497853 0.000000
vt 0.686671 0.748862 0.000000
vt 0.683795 0.749344 0.000000
vt 0.841199 0.505769 0.000000
vt 0.831860 0.503266 0.000000
vt 0.689345 0.748665 0.000000
vt 0.841258 0.500846 0.000000
vt 0.844110 0.502971 0.000000
vt 0.859396 0.502756 0.000000
vt 0.689345 0.750698 0.000000
vt 0.686733 0.751026 0.000000
vt 0.858163 0.511876 0.000000
vt 0.872522 0.501214 0.000000
vt 0.872635 0.510336 0.000000
vt 0.684136 0.751354 0.000000
vt 0.845426 0.538392 0.000000
vt 0.845262 0.530219 0.000000
vt 0.673992 0.760055 0.000000
vt 0.677593 0.762149 0.000000
vt 0.861171 0.529193 0.000000
vt 0.861754 0.537548 0.000000
vt 0.671055 0.757959 0.000000
vt 0.875869 0.528516 0.000000
vt 0.879976 0.536950 0.000000
vt 0.842285 0.519759 0.000000
vt 0.671583 0.757428 0.000000
vt 0.674780 0.759588 0.000000
vt 0.858882 0.519311 0.000000
vt 0.872817 0.517000 0.000000
vt 0.711368 0.477974 0.000000
vt 0.677977 0.761749 0.000000
vt 0.706688 0.465813 0.000000
vt 0.698899 0.448116 0.000000
vt 0.680578 0.749992 0.000000
vt 0.677202 0.750931 0.000000
vt 0.711776 0.481495 0.000000
vt 0.682673 0.416625 0.000000
vt 0.677125 0.405543 0.000000
vt 0.689162 0.427982 0.000000
vt 0.882438 0.384937 0.000000
vt 0.878863 0.385437 0.000000
vt 0.875952 0.379725 0.000000
vt 0.680852 0.751909 0.000000
vt 0.879510 0.379349 0.000000
vt 0.874070 0.386228 0.000000
vt 0.871187 0.380703 0.000000
vt 0.677567 0.752463 0.000000
vt 0.868885 0.374135 0.000000
vt 0.874028 0.374298 0.000000
vt 0.669755 0.754652 0.000000
vt 0.669351 0.755522 0.000000
vt 0.877693 0.373924 0.000000
vt 0.903591 0.380277 0.000000
vt 0.671156 0.753661 0.000000
vt 0.902489 0.376717 0.000000
vt 0.905394 0.375783 0.000000
vt 0.906125 0.380673 0.000000
vt 0.671742 0.754931 0.000000
vt 0.671022 0.755485 0.000000
vt 0.900792 0.373534 0.000000
vt 0.902810 0.372050 0.000000
vt 0.873698 0.369831 0.000000
vt 0.670303 0.756039 0.000000
vt 0.877420 0.369178 0.000000
vt 0.868883 0.369925 0.000000
vt 0.669646 0.756537 0.000000
vt 0.864150 0.387077 0.000000
vt 0.869074 0.387420 0.000000
vt 0.871401 0.389307 0.000000
vt 0.866664 0.389403 0.000000
vt 0.877117 0.389670 0.000000
vt 0.856669 0.387619 0.000000
vt 0.852327 0.388105 0.000000
vt 0.848796 0.382956 0.000000
vt 0.670943 0.756733 0.000000
vt 0.853211 0.382160 0.000000
vt 0.846010 0.389312 0.000000
vt 0.840752 0.383343 0.000000
vt 0.838594 0.377018 0.000000
vt 0.846115 0.376690 0.000000
vt 0.851672 0.376863 0.000000
vt 0.680997 0.763566 0.000000
vt 0.884057 0.373820 0.000000
vt 0.887977 0.373560 0.000000
vt 0.889380 0.378409 0.000000
vt 0.885585 0.378870 0.000000
vt 0.892500 0.372909 0.000000
vt 0.893899 0.377834 0.000000
vt 0.896702 0.383350 0.000000
vt 0.892319 0.384139 0.000000
vt 0.680845 0.762602 0.000000
vt 0.888292 0.384376 0.000000
vt 0.846919 0.370753 0.000000
vt 0.851898 0.371504 0.000000
vt 0.838956 0.370316 0.000000
vt 0.887571 0.368951 0.000000
vt 0.892791 0.369170 0.000000
vt 0.673850 0.752288 0.000000
vt 0.883719 0.368857 0.000000
vt 0.894491 0.385805 0.000000
vt 0.890914 0.386530 0.000000
vt 0.899084 0.384942 0.000000
vt 0.855840 0.392317 0.000000
vt 0.851658 0.394343 0.000000
vt 0.859465 0.390974 0.000000
vt 0.861850 0.387278 0.000000
vt 0.674655 0.753697 0.000000
vt 0.858945 0.381794 0.000000
vt 0.861358 0.381711 0.000000
vt 0.860575 0.387438 0.000000
vt 0.857504 0.381853 0.000000
vt 0.855611 0.376105 0.000000
vt 0.857045 0.376207 0.000000
vt 0.684918 0.728122 0.000000
vt 0.689479 0.727917 0.000000
vt 0.859214 0.375631 0.000000
vt 0.856813 0.371534 0.000000
vt 0.679489 0.728570 0.000000
vt 0.859233 0.371426 0.000000
vt 0.855551 0.371455 0.000000
vt 0.864218 0.390648 0.000000
vt 0.862955 0.390815 0.000000
vt 0.854263 0.376337 0.000000
vt 0.856133 0.381953 0.000000
vt 0.859233 0.387445 0.000000
vt 0.854306 0.371417 0.000000
vt 0.861512 0.390703 0.000000
vt 0.840576 0.391389 0.000000
vt 0.670157 0.723374 0.000000
vt 0.667707 0.716667 0.000000
vt 0.834283 0.385329 0.000000
vt 0.828972 0.377586 0.000000
vt 0.661080 0.723759 0.000000
vt 0.657055 0.715918 0.000000
vt 0.828954 0.370465 0.000000
vt 0.847252 0.396147 0.000000
vt 0.847105 0.396185 0.000000
vt 0.653884 0.705813 0.000000
vt 0.665667 0.708176 0.000000
vt 0.865760 0.381004 0.000000
vt 0.863882 0.375355 0.000000
vt 0.863545 0.370412 0.000000
vt 0.881374 0.388780 0.000000
vt 0.618822 0.705011 0.000000
vt 0.627680 0.718173 0.000000
vt 0.609563 0.724783 0.000000
vt 0.599915 0.710546 0.000000
vt 0.884777 0.388026 0.000000
vt 0.638403 0.728677 0.000000
vt 0.621349 0.736198 0.000000
vt 0.879664 0.373785 0.000000
vt 0.881416 0.379168 0.000000
vt 0.880769 0.373691 0.000000
vt 0.882527 0.379106 0.000000
vt 0.885391 0.384702 0.000000
vt 0.884381 0.384723 0.000000
vt 0.879662 0.369162 0.000000
vt 0.880724 0.369069 0.000000
vt 0.886477 0.384647 0.000000
vt 0.883718 0.379017 0.000000
vt 0.881922 0.373709 0.000000
vt 0.676967 0.683875 0.000000
vt 0.689611 0.683423 0.000000
vt 0.881707 0.368937 0.000000
vt 0.888958 0.386907 0.000000
vt 0.667583 0.687661 0.000000
vt 0.887922 0.387617 0.000000
vt 0.886671 0.387734 0.000000
vt 0.897382 0.372998 0.000000
vt 0.658431 0.681521 0.000000
vt 0.671924 0.676294 0.000000
vt 0.898613 0.377495 0.000000
vt 0.901099 0.381979 0.000000
vt 0.898168 0.369897 0.000000
vt 0.689635 0.675233 0.000000
vt 0.903680 0.383706 0.000000
vt 0.617874 0.690538 0.000000
vt 0.637124 0.690101 0.000000
vt 0.637540 0.704096 0.000000
vt 0.917391 0.415558 0.000000
vt 0.912969 0.416306 0.000000
vt 0.645198 0.677730 0.000000
vt 0.908785 0.408352 0.000000
vt 0.913220 0.407502 0.000000
vt 0.906959 0.417363 0.000000
vt 0.902759 0.409074 0.000000
vt 0.653380 0.692854 0.000000
vt 0.899858 0.400987 0.000000
vt 0.906214 0.401227 0.000000
vt 0.910864 0.400272 0.000000
vt 0.943240 0.409130 0.000000
vt 0.942467 0.404670 0.000000
vt 0.575076 0.701052 0.000000
vt 0.597552 0.695828 0.000000
vt 0.946159 0.403831 0.000000
vt 0.946894 0.409459 0.000000
vt 0.940119 0.400281 0.000000
vt 0.942198 0.398438 0.000000
vt 0.905805 0.395436 0.000000
vt 0.910713 0.395536 0.000000
vt 0.900074 0.395764 0.000000
vt 0.894108 0.417233 0.000000
vt 0.899652 0.416859 0.000000
vt 0.903470 0.421081 0.000000
vt 0.896976 0.421665 0.000000
vt 0.910141 0.420028 0.000000
vt 0.884437 0.417463 0.000000
vt 0.879389 0.418655 0.000000
vt 0.875439 0.411967 0.000000
vt 0.549361 0.701293 0.000000
vt 0.544268 0.686060 0.000000
vt 0.880564 0.411189 0.000000
vt 0.871945 0.420372 0.000000
vt 0.867700 0.412958 0.000000
vt 0.863661 0.403058 0.000000
vt 0.872145 0.402892 0.000000
vt 0.878120 0.403707 0.000000
vt 0.918778 0.400083 0.000000
vt 0.923597 0.399606 0.000000
vt 0.926072 0.406706 0.000000
vt 0.920884 0.406960 0.000000
vt 0.929390 0.399109 0.000000
vt 0.931943 0.406299 0.000000
vt 0.934744 0.411903 0.000000
vt 0.928928 0.412594 0.000000
vt 0.638731 0.791722 0.000000
vt 0.924523 0.413663 0.000000
vt 0.873130 0.398213 0.000000
vt 0.878639 0.398636 0.000000
vt 0.639861 0.787007 0.000000
vt 0.864452 0.397428 0.000000
vt 0.923709 0.395515 0.000000
vt 0.929921 0.395531 0.000000
vt 0.918617 0.394886 0.000000
vt 0.932021 0.416862 0.000000
vt 0.927792 0.417756 0.000000
vt 0.938047 0.415672 0.000000
vt 0.883302 0.423735 0.000000
vt 0.877199 0.426925 0.000000
vt 0.887990 0.423251 0.000000
vt 0.648022 0.769835 0.000000
vt 0.641286 0.762886 0.000000
vt 0.891133 0.416564 0.000000
vt 0.887963 0.410835 0.000000
vt 0.639879 0.773397 0.000000
vt 0.631776 0.764507 0.000000
vt 0.890434 0.410511 0.000000
vt 0.889068 0.417455 0.000000
vt 0.885695 0.410855 0.000000
vt 0.629399 0.754316 0.000000
vt 0.639221 0.754782 0.000000
vt 0.882949 0.402829 0.000000
vt 0.884944 0.403410 0.000000
vt 0.887848 0.403260 0.000000
vt 0.884564 0.397610 0.000000
vt 0.887753 0.397504 0.000000
vt 0.644946 0.735178 0.000000
vt 0.630123 0.742455 0.000000
vt 0.882882 0.398125 0.000000
vt 0.893846 0.421801 0.000000
vt 0.649462 0.739154 0.000000
vt 0.637453 0.745564 0.000000
vt 0.892879 0.422463 0.000000
vt 0.881246 0.403190 0.000000
vt 0.883982 0.410967 0.000000
vt 0.887509 0.417428 0.000000
vt 0.619733 0.752783 0.000000
vt 0.881420 0.398491 0.000000
vt 0.890738 0.422856 0.000000
vt 0.864958 0.423636 0.000000
vt 0.858180 0.413706 0.000000
vt 0.852889 0.403374 0.000000
vt 0.852873 0.396174 0.000000
vt 0.622327 0.765628 0.000000
vt 0.870532 0.428668 0.000000
vt 0.869586 0.430261 0.000000
vt 0.896189 0.410106 0.000000
vt 0.632137 0.776926 0.000000
vt 0.893383 0.402832 0.000000
vt 0.893225 0.396634 0.000000
vt 0.915737 0.419028 0.000000
vt 0.919976 0.418064 0.000000
vt 0.913331 0.400047 0.000000
vt 0.915758 0.407397 0.000000
vt 0.914666 0.399874 0.000000
vt 0.917165 0.407322 0.000000
vt 0.921145 0.415124 0.000000
vt 0.919791 0.415226 0.000000
vt 0.913319 0.395468 0.000000
vt 0.644907 0.747539 0.000000
vt 0.914661 0.395252 0.000000
vt 0.922157 0.413978 0.000000
vt 0.918450 0.407147 0.000000
vt 0.654103 0.742085 0.000000
vt 0.916141 0.400039 0.000000
vt 0.915938 0.394952 0.000000
vt 0.924983 0.418533 0.000000
vt 0.923529 0.418525 0.000000
vt 0.922175 0.418518 0.000000
vt 0.935574 0.398978 0.000000
vt 0.937659 0.405433 0.000000
vt 0.940201 0.410318 0.000000
vt 0.936375 0.396041 0.000000
vt 0.943362 0.412680 0.000000
vt 0.658952 0.735992 0.000000
vt 0.662568 0.739348 0.000000
vt 0.937331 0.447126 0.000000
vt 0.932133 0.447726 0.000000
vt 0.666936 0.734645 0.000000
vt 0.670137 0.738114 0.000000
vt 0.928987 0.441338 0.000000
vt 0.934317 0.440704 0.000000
vt 0.925732 0.448324 0.000000
vt 0.922197 0.442205 0.000000
vt 0.919580 0.434301 0.000000
vt 0.926070 0.433135 0.000000
vt 0.931838 0.433458 0.000000
vt 0.967378 0.440622 0.000000
vt 0.966364 0.436397 0.000000
vt 0.970262 0.434994 0.000000
vt 0.970971 0.440478 0.000000
vt 0.676647 0.737165 0.000000
vt 0.964295 0.433463 0.000000
vt 0.966486 0.431052 0.000000
vt 0.926396 0.428997 0.000000
vt 0.674424 0.733683 0.000000
vt 0.931592 0.429064 0.000000
vt 0.919259 0.428926 0.000000
vt 0.911994 0.450245 0.000000
vt 0.918260 0.449711 0.000000
vt 0.921967 0.455104 0.000000
vt 0.914991 0.454897 0.000000
vt 0.929653 0.454271 0.000000
vt 0.901515 0.452424 0.000000
vt 0.895471 0.452530 0.000000
vt 0.892644 0.444933 0.000000
vt 0.897675 0.444598 0.000000
vt 0.643611 0.715819 0.000000
vt 0.887372 0.454734 0.000000
vt 0.883281 0.446891 0.000000
vt 0.880024 0.437778 0.000000
vt 0.651071 0.725029 0.000000
vt 0.889618 0.438167 0.000000
vt 0.895089 0.437522 0.000000
vt 0.940474 0.433095 0.000000
vt 0.945721 0.432555 0.000000
vt 0.948078 0.439566 0.000000
vt 0.942758 0.439812 0.000000
vt 0.953118 0.433092 0.000000
vt 0.954548 0.438841 0.000000
vt 0.958501 0.444376 0.000000
vt 0.951362 0.445887 0.000000
vt 0.946154 0.446965 0.000000
vt 0.664597 0.670879 0.000000
vt 0.689654 0.668870 0.000000
vt 0.889125 0.430663 0.000000
vt 0.895843 0.431658 0.000000
vt 0.881734 0.429947 0.000000
vt 0.946064 0.427706 0.000000
vt 0.953207 0.427773 0.000000
vt 0.940152 0.427844 0.000000
vt 0.954909 0.449480 0.000000
vt 0.949819 0.450254 0.000000
vt 0.961171 0.447765 0.000000
vt 0.899463 0.456267 0.000000
vt 0.893473 0.460236 0.000000
vt 0.905194 0.455203 0.000000
vt 0.909186 0.450936 0.000000
vt 0.904865 0.444092 0.000000
vt 0.664721 0.697134 0.000000
vt 0.909051 0.444216 0.000000
vt 0.907102 0.452012 0.000000
vt 0.902853 0.444109 0.000000
vt 0.901032 0.437100 0.000000
vt 0.902758 0.437238 0.000000
vt 0.905934 0.437203 0.000000
vt 0.902166 0.430781 0.000000
vt 0.905878 0.430581 0.000000
vt 0.900539 0.431077 0.000000
vt 0.911289 0.454098 0.000000
vt 0.910344 0.454911 0.000000
vt 0.898731 0.437089 0.000000
vt 0.901018 0.444226 0.000000
vt 0.905027 0.451974 0.000000
vt 0.898910 0.431493 0.000000
vt 0.655653 0.731486 0.000000
vt 0.908348 0.454903 0.000000
vt 0.879368 0.458071 0.000000
vt 0.873092 0.446803 0.000000
vt 0.870794 0.436378 0.000000
vt 0.873225 0.429788 0.000000
vt 0.883912 0.461140 0.000000
vt 0.878666 0.462983 0.000000
vt 0.914111 0.442874 0.000000
vt 0.664145 0.729931 0.000000
vt 0.912070 0.435324 0.000000
vt 0.912214 0.430177 0.000000
vt 0.936312 0.453076 0.000000
vt 0.940832 0.451389 0.000000
vt 0.934566 0.433174 0.000000
vt 0.937097 0.440516 0.000000
vt 0.672328 0.729066 0.000000
vt 0.935521 0.432352 0.000000
vt 0.938555 0.440453 0.000000
vt 0.942094 0.447655 0.000000
vt 0.940272 0.447210 0.000000
vt 0.934398 0.428875 0.000000
vt 0.936002 0.428623 0.000000
vt 0.943606 0.447498 0.000000
vt 0.939982 0.440289 0.000000
vt 0.937049 0.432310 0.000000
vt 0.937633 0.428450 0.000000
vt 0.946736 0.450852 0.000000
vt 0.945225 0.450936 0.000000
vt 0.943510 0.451012 0.000000
vt 0.959829 0.432851 0.000000
vt 0.649003 0.778249 0.000000
vt 0.643396 0.782615 0.000000
vt 0.961031 0.438438 0.000000
vt 0.963679 0.442793 0.000000
vt 0.960642 0.428550 0.000000
vt 0.967735 0.445348 0.000000
vt 0.940140 0.482164 0.000000
vt 0.935689 0.483080 0.000000
vt 0.931541 0.474802 0.000000
vt 0.936215 0.474242 0.000000
vt 0.929748 0.484012 0.000000
vt 0.925420 0.475496 0.000000
vt 0.922220 0.466540 0.000000
vt 0.928387 0.466129 0.000000
vt 0.933163 0.465971 0.000000
vt 0.966600 0.475516 0.000000
vt 0.965402 0.471035 0.000000
vt 0.656348 0.773615 0.000000
vt 0.968664 0.470499 0.000000
vt 0.969658 0.476435 0.000000
vt 0.962760 0.466605 0.000000
vt 0.964669 0.464856 0.000000
vt 0.928659 0.462711 0.000000
vt 0.933311 0.462748 0.000000
vt 0.922597 0.462609 0.000000
vt 0.916997 0.484652 0.000000
vt 0.665123 0.775839 0.000000
vt 0.922875 0.484415 0.000000
vt 0.925814 0.486568 0.000000
vt 0.919857 0.486712 0.000000
vt 0.932694 0.486267 0.000000
vt 0.907755 0.485773 0.000000
vt 0.902588 0.487182 0.000000
vt 0.673203 0.778121 0.000000
vt 0.898014 0.478398 0.000000
vt 0.903595 0.477744 0.000000
vt 0.895028 0.489145 0.000000
vt 0.679438 0.779910 0.000000
vt 0.890438 0.479246 0.000000
vt 0.887381 0.468799 0.000000
vt 0.894804 0.469114 0.000000
vt 0.900640 0.469258 0.000000
vt 0.669853 0.782822 0.000000
vt 0.940802 0.465376 0.000000
vt 0.945667 0.465198 0.000000
vt 0.948334 0.472945 0.000000
vt 0.943627 0.473429 0.000000
vt 0.951797 0.465075 0.000000
vt 0.954240 0.472320 0.000000
vt 0.670793 0.785895 0.000000
vt 0.957899 0.479238 0.000000
vt 0.952189 0.480338 0.000000
vt 0.947583 0.481116 0.000000
vt 0.895553 0.465351 0.000000
vt 0.901261 0.465819 0.000000
vt 0.888481 0.464575 0.000000
vt 0.946361 0.462144 0.000000
vt 0.952604 0.462224 0.000000
vt 0.941368 0.462204 0.000000
vt 0.955057 0.482330 0.000000
vt 0.684717 0.788907 0.000000
vt 0.686978 0.789719 0.000000
vt 0.950410 0.483192 0.000000
vt 0.960740 0.481109 0.000000
vt 0.685126 0.787709 0.000000
vt 0.687039 0.788281 0.000000
vt 0.905932 0.489443 0.000000
vt 0.898529 0.491726 0.000000
vt 0.910747 0.487839 0.000000
vt 0.689345 0.787814 0.000000
vt 0.689345 0.789880 0.000000
vt 0.914037 0.485090 0.000000
vt 0.909914 0.477052 0.000000
vt 0.912938 0.476758 0.000000
vt 0.912453 0.485445 0.000000
vt 0.685970 0.785908 0.000000
vt 0.685826 0.785506 0.000000
vt 0.686281 0.785401 0.000000
vt 0.686351 0.785881 0.000000
vt 0.908241 0.477219 0.000000
vt 0.685758 0.785143 0.000000
vt 0.686201 0.785006 0.000000
vt 0.905176 0.468554 0.000000
vt 0.906925 0.468582 0.000000
vt 0.910010 0.468433 0.000000
vt 0.686631 0.785000 0.000000
vt 0.686726 0.785381 0.000000
vt 0.907441 0.465184 0.000000
vt 0.910540 0.465087 0.000000
vt 0.905683 0.465081 0.000000
vt 0.686725 0.785854 0.000000
vt 0.916924 0.487195 0.000000
vt 0.684888 0.777582 0.000000
vt 0.682676 0.780656 0.000000
vt 0.915386 0.487602 0.000000
vt 0.903589 0.468926 0.000000
vt 0.685671 0.778780 0.000000
vt 0.684594 0.780787 0.000000
vt 0.906570 0.477401 0.000000
vt 0.910701 0.485434 0.000000
vt 0.904130 0.465510 0.000000
vt 0.683260 0.783782 0.000000
vt 0.681544 0.784335 0.000000
vt 0.913613 0.487521 0.000000
vt 0.884902 0.491147 0.000000
vt 0.881479 0.480171 0.000000
vt 0.879672 0.468620 0.000000
vt 0.881521 0.463956 0.000000
vt 0.687442 0.778392 0.000000
vt 0.686869 0.780735 0.000000
vt 0.887902 0.494084 0.000000
vt 0.918663 0.476193 0.000000
vt 0.689345 0.778432 0.000000
vt 0.689345 0.780667 0.000000
vt 0.915601 0.467531 0.000000
vt 0.916115 0.464056 0.000000
vt 0.938396 0.485312 0.000000
vt 0.689345 0.783113 0.000000
vt 0.686108 0.782822 0.000000
vt 0.942613 0.484340 0.000000
vt 0.935615 0.465739 0.000000
vt 0.938630 0.473943 0.000000
vt 0.936924 0.465533 0.000000
vt 0.939915 0.473789 0.000000
vt 0.943891 0.481704 0.000000
vt 0.687109 0.776634 0.000000
vt 0.942540 0.481812 0.000000
vt 0.935805 0.462559 0.000000
vt 0.937239 0.462328 0.000000
vt 0.945194 0.481522 0.000000
vt 0.941201 0.473664 0.000000
vt 0.938270 0.465449 0.000000
vt 0.938710 0.462237 0.000000
vt 0.947942 0.483667 0.000000
vt 0.689345 0.776695 0.000000
vt 0.946528 0.483889 0.000000
vt 0.945037 0.483989 0.000000
vt 0.958124 0.465164 0.000000
vt 0.960261 0.471662 0.000000
vt 0.963599 0.477873 0.000000
vt 0.959011 0.462613 0.000000
vt 0.682565 0.787099 0.000000
vt 0.683550 0.786172 0.000000
vt 0.966311 0.479558 0.000000
vt 0.888817 0.509897 0.000000
vt 0.886622 0.501529 0.000000
vt 0.896377 0.500969 0.000000
vt 0.898176 0.509320 0.000000
vt 0.896289 0.532581 0.000000
vt 0.891213 0.523920 0.000000
vt 0.903991 0.519665 0.000000
vt 0.910314 0.526465 0.000000
vt 0.889920 0.517025 0.000000
vt 0.900614 0.514880 0.000000
vt 0.764579 0.460314 0.000000
vt 0.756198 0.442108 0.000000
vt 0.687783 0.784054 0.000000
vt 0.685872 0.783811 0.000000
vt 0.772884 0.476871 0.000000
vt 0.747091 0.423425 0.000000
vt 0.687225 0.784423 0.000000
vt 0.685935 0.784234 0.000000
vt 0.741623 0.406325 0.000000
vt 0.744160 0.392869 0.000000
vt 0.749765 0.386883 0.000000
vt 0.684814 0.784772 0.000000
vt 0.684209 0.784509 0.000000
vt 0.746782 0.378900 0.000000
vt 0.832747 0.526574 0.000000
vt 0.832461 0.535284 0.000000
vt 0.828236 0.515336 0.000000
vt 0.781762 0.490606 0.000000
vt 0.878445 0.500738 0.000000
vt 0.684251 0.785861 0.000000
vt 0.878956 0.509549 0.000000
vt 0.880552 0.500693 0.000000
vt 0.881434 0.509578 0.000000
vt 0.684799 0.785810 0.000000
vt 0.881859 0.527058 0.000000
vt 0.886552 0.536401 0.000000
vt 0.883924 0.526546 0.000000
vt 0.685522 0.786787 0.000000
vt 0.685351 0.787129 0.000000
vt 0.888744 0.536152 0.000000
vt 0.879094 0.517127 0.000000
vt 0.881679 0.517953 0.000000
vt 0.883940 0.509850 0.000000
vt 0.882368 0.501120 0.000000
vt 0.890544 0.535344 0.000000
vt 0.686863 0.787573 0.000000
vt 0.885783 0.525857 0.000000
vt 0.884259 0.517940 0.000000
vt 0.627964 0.384265 0.000000
vt 0.686614 0.787138 0.000000
vt 0.628668 0.395801 0.000000
vt 0.612347 0.393158 0.000000
vt 0.613709 0.381576 0.000000
vt 0.687535 0.786763 0.000000
vt 0.688128 0.787077 0.000000
vt 0.630612 0.408688 0.000000
vt 0.612119 0.404748 0.000000
vt 0.593186 0.401155 0.000000
vt 0.594395 0.390115 0.000000
vt 0.596798 0.378467 0.000000
vt 0.619164 0.493257 0.000000
vt 0.688485 0.785523 0.000000
vt 0.689345 0.785474 0.000000
vt 0.613429 0.505197 0.000000
vt 0.599245 0.500114 0.000000
vt 0.687749 0.785562 0.000000
vt 0.603764 0.489262 0.000000
vt 0.583040 0.494870 0.000000
vt 0.587236 0.485118 0.000000
vt 0.622399 0.469912 0.000000
vt 0.621154 0.480943 0.000000
vt 0.606088 0.477337 0.000000
vt 0.607586 0.466516 0.000000
vt 0.591195 0.474113 0.000000
vt 0.594080 0.464337 0.000000
vt 0.631038 0.450345 0.000000
vt 0.686878 0.784738 0.000000
vt 0.686065 0.784625 0.000000
vt 0.626478 0.460563 0.000000
vt 0.610606 0.456716 0.000000
vt 0.613619 0.445822 0.000000
vt 0.595546 0.454353 0.000000
vt 0.596040 0.442937 0.000000
vt 0.633002 0.429130 0.000000
vt 0.632877 0.439922 0.000000
vt 0.614424 0.435681 0.000000
vt 0.685349 0.784984 0.000000
vt 0.614003 0.425577 0.000000
vt 0.595730 0.432908 0.000000
vt 0.594897 0.423033 0.000000
vt 0.632198 0.418987 0.000000
vt 0.613028 0.415042 0.000000
vt 0.593763 0.411849 0.000000
vt 0.685328 0.785667 0.000000
vt 0.579092 0.388749 0.000000
vt 0.580856 0.378524 0.000000
vt 0.577868 0.398514 0.000000
vt 0.561725 0.397240 0.000000
vt 0.563740 0.388609 0.000000
vt 0.565457 0.379669 0.000000
vt 0.566905 0.491107 0.000000
vt 0.570178 0.481352 0.000000
vt 0.685773 0.786302 0.000000
vt 0.550566 0.488304 0.000000
vt 0.552368 0.477563 0.000000
vt 0.573594 0.471057 0.000000
vt 0.576264 0.461749 0.000000
vt 0.553503 0.467182 0.000000
vt 0.554045 0.457880 0.000000
vt 0.686452 0.786517 0.000000
vt 0.577444 0.451499 0.000000
vt 0.578053 0.439942 0.000000
vt 0.554785 0.447252 0.000000
vt 0.555678 0.435592 0.000000
vt 0.578286 0.430007 0.000000
vt 0.578147 0.420283 0.000000
vt 0.556565 0.426406 0.000000
vt 0.557829 0.417671 0.000000
vt 0.687035 0.786259 0.000000
vt 0.577772 0.409069 0.000000
vt 0.559734 0.407191 0.000000
vt 0.652024 0.398030 0.000000
vt 0.659354 0.415834 0.000000
vt 0.654029 0.415370 0.000000
vt 0.647523 0.396810 0.000000
vt 0.687189 0.785475 0.000000
vt 0.651122 0.378594 0.000000
vt 0.646640 0.378823 0.000000
vt 0.640417 0.520121 0.000000
vt 0.637462 0.515873 0.000000
vt 0.657418 0.513316 0.000000
vt 0.653090 0.508051 0.000000
vt 0.672613 0.503808 0.000000
vt 0.666252 0.497993 0.000000
vt 0.682350 0.492727 0.000000
vt 0.674005 0.488354 0.000000
vt 0.686440 0.482915 0.000000
vt 0.677689 0.480375 0.000000
vt 0.686950 0.472075 0.000000
vt 0.560083 0.235223 0.000000
vt 0.583822 0.218041 0.000000
vt 0.599762 0.238146 0.000000
vt 0.585756 0.246379 0.000000
vt 0.678211 0.470178 0.000000
vt 0.598340 0.211484 0.000000
vt 0.612222 0.230658 0.000000
vt 0.682750 0.459327 0.000000
vt 0.674592 0.457378 0.000000
vt 0.675010 0.445322 0.000000
vt 0.626468 0.243156 0.000000
vt 0.617159 0.250547 0.000000
vt 0.667863 0.443153 0.000000
vt 0.666246 0.430250 0.000000
vt 0.660620 0.429302 0.000000
vt 0.611430 0.257536 0.000000
vt 0.542274 0.397618 0.000000
vt 0.609457 0.205630 0.000000
vt 0.621590 0.224662 0.000000
vt 0.547149 0.388966 0.000000
vt 0.519780 0.398552 0.000000
vt 0.623023 0.199579 0.000000
vt 0.633185 0.218330 0.000000
vt 0.525955 0.389804 0.000000
vt 0.529664 0.379068 0.000000
vt 0.550518 0.379191 0.000000
vt 0.643403 0.231794 0.000000
vt 0.633730 0.237733 0.000000
vt 0.535893 0.486030 0.000000
vt 0.517323 0.482108 0.000000
vt 0.518556 0.469902 0.000000
vt 0.536550 0.474150 0.000000
vt 0.535350 0.462964 0.000000
vt 0.644885 0.192432 0.000000
vt 0.652323 0.209835 0.000000
vt 0.516884 0.458412 0.000000
vt 0.513047 0.449050 0.000000
vt 0.670382 0.185783 0.000000
vt 0.675143 0.201024 0.000000
vt 0.532822 0.453391 0.000000
vt 0.530538 0.442347 0.000000
vt 0.507919 0.439039 0.000000
vt 0.680245 0.212943 0.000000
vt 0.659945 0.222858 0.000000
vt 0.503706 0.427460 0.000000
vt 0.528835 0.430411 0.000000
vt 0.528642 0.422613 0.000000
vt 0.502478 0.420384 0.000000
vt 0.505020 0.414545 0.000000
vt 0.531015 0.415823 0.000000
vt 0.507877 0.599356 0.000000
vt 0.536314 0.406682 0.000000
vt 0.511838 0.406411 0.000000
vt 0.491786 0.400807 0.000000
vt 0.480683 0.596596 0.000000
vt 0.495212 0.393101 0.000000
vt 0.466527 0.403565 0.000000
vt 0.466465 0.397804 0.000000
vt 0.484691 0.563516 0.000000
vt 0.515795 0.570990 0.000000
vt 0.465751 0.391916 0.000000
vt 0.496519 0.384283 0.000000
vt 0.487543 0.471536 0.000000
vt 0.459229 0.457566 0.000000
vt 0.462559 0.450780 0.000000
vt 0.490549 0.461596 0.000000
vt 0.665820 0.572607 0.000000
vt 0.689948 0.569827 0.000000
vt 0.491027 0.451889 0.000000
vt 0.464799 0.444163 0.000000
vt 0.641931 0.579212 0.000000
vt 0.465920 0.438036 0.000000
vt 0.489213 0.443463 0.000000
vt 0.485363 0.435635 0.000000
vt 0.648862 0.546767 0.000000
vt 0.669460 0.539851 0.000000
vt 0.465810 0.432480 0.000000
vt 0.465483 0.426231 0.000000
vt 0.482204 0.426460 0.000000
vt 0.690057 0.532934 0.000000
vt 0.481213 0.419668 0.000000
vt 0.465333 0.419652 0.000000
vt 0.618537 0.587756 0.000000
vt 0.465477 0.413565 0.000000
vt 0.482655 0.413786 0.000000
vt 0.486850 0.407185 0.000000
vt 0.466033 0.408564 0.000000
vt 0.638183 0.380994 0.000000
vt 0.639906 0.395365 0.000000
vt 0.636786 0.395815 0.000000
vt 0.634887 0.382948 0.000000
vt 0.626625 0.556619 0.000000
vt 0.644463 0.412405 0.000000
vt 0.640444 0.410901 0.000000
vt 0.639731 0.498002 0.000000
vt 0.627899 0.508607 0.000000
vt 0.622131 0.507243 0.000000
vt 0.630909 0.495615 0.000000
vt 0.547469 0.660679 0.000000
vt 0.653876 0.480124 0.000000
vt 0.648691 0.487797 0.000000
vt 0.636497 0.484462 0.000000
vt 0.640067 0.475393 0.000000
vt 0.655282 0.462603 0.000000
vt 0.655397 0.472506 0.000000
vt 0.642560 0.467050 0.000000
vt 0.644476 0.457034 0.000000
vt 0.651357 0.437675 0.000000
vt 0.653699 0.450908 0.000000
vt 0.644684 0.445926 0.000000
vt 0.644093 0.433825 0.000000
vt 0.648327 0.425608 0.000000
vt 0.713948 0.178427 0.000000
vt 0.723308 0.177034 0.000000
vt 0.724010 0.185970 0.000000
vt 0.715620 0.188542 0.000000
vt 0.642805 0.422811 0.000000
vt 0.730938 0.176897 0.000000
vt 0.731122 0.184591 0.000000
vt 0.643482 0.395830 0.000000
vt 0.642233 0.379629 0.000000
vt 0.648977 0.414070 0.000000
vt 0.733034 0.192110 0.000000
vt 0.726121 0.194378 0.000000
vt 0.633125 0.511797 0.000000
vt 0.647007 0.502599 0.000000
vt 0.658005 0.492488 0.000000
vt 0.718059 0.197471 0.000000
vt 0.664234 0.484274 0.000000
vt 0.744840 0.177865 0.000000
vt 0.745119 0.182967 0.000000
vt 0.666824 0.476638 0.000000
vt 0.666928 0.466581 0.000000
vt 0.761839 0.179551 0.000000
vt 0.762560 0.181221 0.000000
vt 0.664281 0.454399 0.000000
vt 0.659691 0.440596 0.000000
vt 0.654488 0.427700 0.000000
vt 0.763281 0.182891 0.000000
vt 0.746455 0.187982 0.000000
vt 0.455523 0.409360 0.000000
vt 0.454487 0.404852 0.000000
vt 0.456231 0.413812 0.000000
vt 0.456519 0.419937 0.000000
vt 0.812781 0.154749 0.000000
vt 0.808457 0.139890 0.000000
vt 0.829834 0.129151 0.000000
vt 0.833720 0.147527 0.000000
vt 0.456372 0.426247 0.000000
vt 0.802562 0.122478 0.000000
vt 0.824614 0.107484 0.000000
vt 0.455734 0.431114 0.000000
vt 0.454520 0.435574 0.000000
vt 0.452520 0.440492 0.000000
vt 0.851079 0.094242 0.000000
vt 0.856197 0.119282 0.000000
vt 0.449984 0.445573 0.000000
vt 0.446923 0.450954 0.000000
vt 0.443965 0.455963 0.000000
vt 0.859947 0.140686 0.000000
vt 0.598904 0.058441 0.000000
vt 0.630802 0.073551 0.000000
vt 0.629699 0.101596 0.000000
vt 0.607022 0.097342 0.000000
vt 0.453330 0.399852 0.000000
vt 0.660729 0.086099 0.000000
vt 0.658860 0.110146 0.000000
vt 0.425907 0.238574 0.000000
vt 0.440411 0.238390 0.000000
vt 0.439749 0.250033 0.000000
vt 0.661561 0.139090 0.000000
vt 0.633549 0.135461 0.000000
vt 0.423217 0.249813 0.000000
vt 0.457604 0.238253 0.000000
vt 0.457956 0.250141 0.000000
vt 0.610447 0.134349 0.000000
vt 0.057097 0.336337 0.000000
vt 0.036865 0.329470 0.000000
vt 0.038012 0.324499 0.000000
vt 0.057691 0.333615 0.000000
vt 0.457238 0.261223 0.000000
vt 0.015323 0.317077 0.000000
vt 0.018333 0.315384 0.000000
vt 0.437970 0.261487 0.000000
vt 0.419074 0.262170 0.000000
vt 0.415732 0.347448 0.000000
vt 0.021343 0.313690 0.000000
vt 0.039815 0.322291 0.000000
vt 0.431591 0.346173 0.000000
vt 0.434167 0.357643 0.000000
vt 0.419318 0.360199 0.000000
vt 0.058286 0.330893 0.000000
vt 0.783410 0.091039 0.000000
vt 0.770648 0.123219 0.000000
vt 0.756212 0.125148 0.000000
vt 0.755971 0.102236 0.000000
vt 0.448586 0.344948 0.000000
vt 0.764630 0.148135 0.000000
vt 0.757058 0.148499 0.000000
vt 0.451034 0.355277 0.000000
vt 0.416580 0.323893 0.000000
vt 0.431757 0.323109 0.000000
vt 0.749865 0.151050 0.000000
vt 0.742120 0.132796 0.000000
vt 0.431362 0.334026 0.000000
vt 0.415900 0.334974 0.000000
vt 0.445437 0.323296 0.000000
vt 0.727851 0.110339 0.000000
vt 0.446588 0.333424 0.000000
vt 0.561563 0.179122 0.000000
vt 0.578266 0.180142 0.000000
vt 0.411452 0.303127 0.000000
vt 0.429391 0.301683 0.000000
vt 0.566374 0.135027 0.000000
vt 0.578926 0.138006 0.000000
vt 0.430476 0.312934 0.000000
vt 0.414177 0.313980 0.000000
vt 0.447205 0.301880 0.000000
vt 0.588415 0.137850 0.000000
vt 0.590981 0.177092 0.000000
vt 0.445717 0.313210 0.000000
vt 0.413185 0.281891 0.000000
vt 0.432513 0.281677 0.000000
vt 0.430351 0.291556 0.000000
vt 0.411442 0.292543 0.000000
vt 0.451771 0.282474 0.000000
vt 0.601581 0.173594 0.000000
vt 0.449243 0.292056 0.000000
vt 0.435294 0.271469 0.000000
vt 0.415731 0.272040 0.000000
vt 0.597162 0.135888 0.000000
vt 0.454821 0.271654 0.000000
vt 0.473293 0.241066 0.000000
vt 0.473263 0.251440 0.000000
vt 0.488212 0.244846 0.000000
vt 0.615612 0.170007 0.000000
vt 0.488406 0.253956 0.000000
vt 0.488900 0.262805 0.000000
vt 0.472781 0.261270 0.000000
vt 0.466037 0.344186 0.000000
vt 0.467575 0.354358 0.000000
vt 0.484234 0.343532 0.000000
vt 0.759576 0.162217 0.000000
vt 0.756281 0.163025 0.000000
vt 0.484152 0.354423 0.000000
vt 0.463431 0.323826 0.000000
vt 0.763234 0.162334 0.000000
vt 0.464453 0.333455 0.000000
vt 0.485983 0.323856 0.000000
vt 0.484909 0.333112 0.000000
vt 0.763920 0.170686 0.000000
vt 0.762929 0.171120 0.000000
vt 0.465438 0.302040 0.000000
vt 0.464040 0.313527 0.000000
vt 0.488227 0.301622 0.000000
vt 0.761938 0.171555 0.000000
vt 0.487092 0.313261 0.000000
vt 0.861717 0.153628 0.000000
vt 0.835763 0.158802 0.000000
vt 0.468744 0.282661 0.000000
vt 0.466925 0.292214 0.000000
vt 0.862719 0.162275 0.000000
vt 0.836995 0.166479 0.000000
vt 0.489206 0.283600 0.000000
vt 0.488941 0.292421 0.000000
vt 0.471051 0.271681 0.000000
vt 0.816184 0.170311 0.000000
vt 0.814979 0.163962 0.000000
vt 0.489141 0.272949 0.000000
vt 0.404078 0.228982 0.000000
vt 0.408452 0.229982 0.000000
vt 0.404471 0.247547 0.000000
vt 0.399827 0.247969 0.000000
vt 0.394854 0.264703 0.000000
vt 0.884639 0.111251 0.000000
vt 0.888930 0.135468 0.000000
vt 0.389528 0.264238 0.000000
vt 0.374583 0.360597 0.000000
vt 0.878401 0.083098 0.000000
vt 0.379756 0.356158 0.000000
vt 0.393801 0.366563 0.000000
vt 0.390155 0.370238 0.000000
vt 0.903335 0.074250 0.000000
vt 0.911735 0.103416 0.000000
vt 0.353583 0.336006 0.000000
vt 0.362559 0.333141 0.000000
vt 0.368530 0.343976 0.000000
vt 0.917553 0.129190 0.000000
vt 0.361259 0.348604 0.000000
vt 0.665628 0.164721 0.000000
vt 0.691664 0.165174 0.000000
vt 0.694854 0.181229 0.000000
vt 0.352621 0.314867 0.000000
vt 0.361557 0.314509 0.000000
vt 0.689572 0.145101 0.000000
vt 0.360309 0.324643 0.000000
vt 0.351249 0.325633 0.000000
vt 0.369008 0.290578 0.000000
vt 0.713028 0.151670 0.000000
vt 0.712599 0.166616 0.000000
vt 0.376423 0.289677 0.000000
vt 0.367335 0.302525 0.000000
vt 0.358962 0.303035 0.000000
vt 0.385952 0.277286 0.000000
vt 0.380247 0.277247 0.000000
vt 0.795655 0.105609 0.000000
vt 0.780891 0.128784 0.000000
vt 0.504685 0.257175 0.000000
vt 0.507992 0.266538 0.000000
vt 0.503056 0.246966 0.000000
vt 0.788484 0.138878 0.000000
vt 0.523616 0.250447 0.000000
vt 0.525414 0.261663 0.000000
vt 0.529984 0.271345 0.000000
vt 0.779581 0.153966 0.000000
vt 0.772325 0.149915 0.000000
vt 0.498996 0.354718 0.000000
vt 0.500402 0.342905 0.000000
vt 0.518860 0.341830 0.000000
vt 0.517964 0.354066 0.000000
vt 0.790343 0.167049 0.000000
vt 0.780784 0.172988 0.000000
vt 0.777528 0.168881 0.000000
vt 0.785837 0.160417 0.000000
vt 0.503518 0.332094 0.000000
vt 0.771537 0.179548 0.000000
vt 0.769630 0.176635 0.000000
vt 0.507662 0.323103 0.000000
vt 0.527889 0.322245 0.000000
vt 0.522492 0.330803 0.000000
vt 0.767724 0.173722 0.000000
vt 0.773058 0.165026 0.000000
vt 0.511820 0.312620 0.000000
vt 0.515561 0.301158 0.000000
vt 0.540821 0.302595 0.000000
vt 0.534670 0.313271 0.000000
vt 0.407203 0.106254 0.000000
vt 0.390679 0.114814 0.000000
vt 0.390393 0.100924 0.000000
vt 0.406674 0.094890 0.000000
vt 0.517098 0.293512 0.000000
vt 0.374155 0.123374 0.000000
vt 0.373232 0.106575 0.000000
vt 0.515934 0.286414 0.000000
vt 0.541759 0.289647 0.000000
vt 0.543253 0.295837 0.000000
vt 0.373214 0.090789 0.000000
vt 0.389698 0.087043 0.000000
vt 0.512295 0.276495 0.000000
vt 0.536448 0.280458 0.000000
vt 0.555124 0.270221 0.000000
vt 0.405143 0.082922 0.000000
vt 0.557167 0.278403 0.000000
vt 0.743307 0.155835 0.000000
vt 0.732911 0.144386 0.000000
vt 0.555360 0.261311 0.000000
vt 0.584346 0.274145 0.000000
vt 0.737698 0.162150 0.000000
vt 0.727375 0.156973 0.000000
vt 0.582625 0.279821 0.000000
vt 0.581568 0.285484 0.000000
vt 0.549122 0.348800 0.000000
vt 0.547880 0.338490 0.000000
vt 0.716690 0.132146 0.000000
vt 0.577318 0.332674 0.000000
vt 0.579425 0.339934 0.000000
vt 0.549096 0.328798 0.000000
vt 0.552330 0.320861 0.000000
vt 0.470622 0.015840 0.000000
vt 0.474614 0.010297 0.000000
vt 0.478270 0.013918 0.000000
vt 0.472361 0.020760 0.000000
vt 0.576209 0.319541 0.000000
vt 0.478605 0.004754 0.000000
vt 0.481870 0.008388 0.000000
vt 0.576255 0.325769 0.000000
vt 0.557474 0.313816 0.000000
vt 0.562172 0.305326 0.000000
vt 0.485135 0.012021 0.000000
vt 0.484552 0.019136 0.000000
vt 0.578680 0.307989 0.000000
vt 0.577278 0.314088 0.000000
vt 0.564321 0.298807 0.000000
vt 0.479122 0.026233 0.000000
vt 0.398497 0.057031 0.000000
vt 0.409177 0.052969 0.000000
vt 0.414238 0.066294 0.000000
vt 0.402023 0.069995 0.000000
vt 0.563917 0.292765 0.000000
vt 0.419856 0.048907 0.000000
vt 0.425711 0.060658 0.000000
vt 0.580875 0.295515 0.000000
vt 0.579965 0.301535 0.000000
vt 0.560926 0.285538 0.000000
vt 0.431366 0.072021 0.000000
vt 0.418692 0.078609 0.000000
vt 0.581191 0.290493 0.000000
vt 0.416407 0.233584 0.000000
vt 0.419315 0.236079 0.000000
vt 0.415219 0.248424 0.000000
vt 0.412224 0.247441 0.000000
vt 0.431545 0.043261 0.000000
vt 0.437319 0.051672 0.000000
vt 0.409007 0.262650 0.000000
vt 0.404789 0.263436 0.000000
vt 0.443233 0.037614 0.000000
vt 0.449286 0.040981 0.000000
vt 0.394653 0.348567 0.000000
vt 0.403755 0.347741 0.000000
vt 0.410393 0.360711 0.000000
vt 0.456895 0.048334 0.000000
vt 0.444189 0.061078 0.000000
vt 0.404476 0.361058 0.000000
vt 0.383809 0.328512 0.000000
vt 0.398230 0.326239 0.000000
vt 0.400178 0.335789 0.000000
vt 0.387591 0.336966 0.000000
vt 0.761319 0.173213 0.000000
vt 0.752591 0.165076 0.000000
vt 0.385453 0.311011 0.000000
vt 0.397060 0.307393 0.000000
vt 0.760700 0.174871 0.000000
vt 0.749082 0.168342 0.000000
vt 0.397215 0.317590 0.000000
vt 0.383628 0.320746 0.000000
vt 0.393628 0.287135 0.000000
vt 0.401449 0.284598 0.000000
vt 0.398775 0.296415 0.000000
vt 0.389034 0.299764 0.000000
vt 0.404622 0.273973 0.000000
vt 0.398700 0.275773 0.000000
vt 0.412654 0.231539 0.000000
vt 0.408621 0.247280 0.000000
vt 0.576487 0.060019 0.000000
vt 0.564190 0.051072 0.000000
vt 0.579412 0.037230 0.000000
vt 0.400055 0.264296 0.000000
vt 0.559985 0.071582 0.000000
vt 0.546726 0.067237 0.000000
vt 0.386691 0.351839 0.000000
vt 0.398776 0.363298 0.000000
vt 0.372888 0.330809 0.000000
vt 0.535978 0.063827 0.000000
vt 0.548752 0.041949 0.000000
vt 0.377605 0.339978 0.000000
vt 0.373293 0.312916 0.000000
vt 0.371658 0.322841 0.000000
vt 0.561525 0.020072 0.000000
vt 0.478888 0.107204 0.000000
vt 0.501567 0.116151 0.000000
vt 0.474804 0.157759 0.000000
vt 0.436099 0.157656 0.000000
vt 0.384915 0.288571 0.000000
vt 0.526405 0.119887 0.000000
vt 0.510206 0.160975 0.000000
vt 0.378007 0.301373 0.000000
vt 0.392270 0.276767 0.000000
vt 0.589939 0.297356 0.000000
vt 0.500138 0.203537 0.000000
vt 0.446724 0.205823 0.000000
vt 0.591406 0.293093 0.000000
vt 0.593205 0.288832 0.000000
vt 0.587651 0.309579 0.000000
vt 0.393310 0.208108 0.000000
vt 0.588598 0.303338 0.000000
vt 0.587864 0.319086 0.000000
vt 0.818564 0.086334 0.000000
vt 0.845208 0.070388 0.000000
vt 0.587439 0.314484 0.000000
vt 0.590604 0.329719 0.000000
vt 0.588984 0.324276 0.000000
vt 0.594737 0.340992 0.000000
vt 0.592689 0.335548 0.000000
vt 0.595208 0.284107 0.000000
vt 0.812458 0.069185 0.000000
vt 0.838930 0.051178 0.000000
vt 0.638619 0.166690 0.000000
vt 0.871178 0.057200 0.000000
vt 0.894359 0.048286 0.000000
vt 0.863627 0.036076 0.000000
vt 0.886790 0.019539 0.000000
vt 0.689932 0.120531 0.000000
vt 0.693273 0.099020 0.000000
vt 0.794969 0.150532 0.000000
vt 0.799666 0.161113 0.000000
vt 0.768010 0.163057 0.000000
vt 0.765822 0.172204 0.000000
vt 0.374027 0.061607 0.000000
vt 0.373467 0.076041 0.000000
vt 0.358613 0.078790 0.000000
vt 0.361100 0.064713 0.000000
vt 0.356551 0.093983 0.000000
vt 0.342183 0.096390 0.000000
vt 0.345130 0.081199 0.000000
vt 0.348172 0.067820 0.000000
vt 0.724302 0.167611 0.000000
vt 0.733353 0.169294 0.000000
vt 0.484899 0.079594 0.000000
vt 0.468620 0.061038 0.000000
vt 0.481575 0.047676 0.000000
vt 0.496411 0.061621 0.000000
vt 0.469221 0.036343 0.000000
vt 0.491075 0.035482 0.000000
vt 0.507923 0.043648 0.000000
vt 0.746329 0.172797 0.000000
vt 0.761269 0.177211 0.000000
vt 0.970971 0.107241 0.000000
vt 0.942702 0.119167 0.000000
vt 0.934058 0.094137 0.000000
vt 0.953994 0.084136 0.000000
vt 0.922636 0.067894 0.000000
vt 0.937016 0.061031 0.000000
vt 0.581637 0.105191 0.000000
vt 0.588913 0.104126 0.000000
vt 0.572133 0.102877 0.000000
vt 0.575760 0.086598 0.000000
vt 0.583721 0.081970 0.000000
vt 0.588760 0.085385 0.000000
vt 0.595401 0.099847 0.000000
vt 0.591960 0.074435 0.000000
vt 0.570382 0.077704 0.000000
vt 0.558962 0.097020 0.000000
vt 0.543144 0.090814 0.000000
vt 0.548437 0.127583 0.000000
vt 0.525696 0.087453 0.000000
vt 0.507433 0.085515 0.000000
vt 0.582501 0.068615 0.000000
vt 0.530110 0.219380 0.000000
vt 0.539001 0.170414 0.000000
vt 0.912634 0.045164 0.000000
vt 0.928455 0.044938 0.000000
vt 0.903342 0.024192 0.000000
vt 0.919894 0.028845 0.000000
vt 0.648612 0.831134 0.000000
vt 0.650693 0.831531 0.000000
vt 0.052583 0.345029 0.000000
vt 0.037027 0.339965 0.000000
vt 0.050081 0.358306 0.000000
vt 0.037109 0.354944 0.000000
vt 0.025169 0.350186 0.000000
vt 0.020246 0.333632 0.000000
vt 0.173718 0.351477 0.000000
vt 0.169216 0.368161 0.000000
vt 0.157840 0.362249 0.000000
vt 0.161615 0.348835 0.000000
vt 0.164714 0.384846 0.000000
vt 0.153095 0.377084 0.000000
vt 0.141996 0.369437 0.000000
vt 0.146282 0.356356 0.000000
vt 0.149513 0.346193 0.000000
vt 0.134364 0.350501 0.000000
vt 0.137798 0.340088 0.000000
vt 0.130277 0.363290 0.000000
vt 0.118839 0.359344 0.000000
vt 0.122698 0.346134 0.000000
vt 0.126084 0.333983 0.000000
vt 0.111899 0.344705 0.000000
vt 0.114668 0.333387 0.000000
vt 0.108585 0.358298 0.000000
vt 0.098196 0.359149 0.000000
vt 0.101129 0.345243 0.000000
vt 0.103251 0.332791 0.000000
vt 0.089552 0.346778 0.000000
vt 0.092289 0.334433 0.000000
vt 0.086356 0.360892 0.000000
vt 0.074024 0.361986 0.000000
vt 0.077597 0.347988 0.000000
vt 0.081327 0.336075 0.000000
vt 0.065690 0.347555 0.000000
vt 0.069212 0.336206 0.000000
vt 0.062159 0.360889 0.000000
vt 0.893081 0.344393 0.000000
vt 0.890313 0.335761 0.000000
vt 0.898487 0.336372 0.000000
vt 0.900820 0.346478 0.000000
vt 0.887545 0.327130 0.000000
vt 0.897468 0.325730 0.000000
vt 0.905593 0.324979 0.000000
vt 0.906344 0.336395 0.000000
vt 0.908559 0.348564 0.000000
vt 0.890573 0.315957 0.000000
vt 0.899074 0.314014 0.000000
vt 0.893601 0.304784 0.000000
vt 0.901993 0.301763 0.000000
vt 0.910385 0.298741 0.000000
vt 0.906969 0.312775 0.000000
vt 0.920838 0.343574 0.000000
vt 0.922329 0.334303 0.000000
vt 0.934810 0.334965 0.000000
vt 0.937320 0.345741 0.000000
vt 0.921512 0.324000 0.000000
vt 0.932830 0.324661 0.000000
vt 0.945354 0.325532 0.000000
vt 0.947919 0.335685 0.000000
vt 0.953802 0.347908 0.000000
vt 0.921252 0.313966 0.000000
vt 0.931910 0.315300 0.000000
vt 0.919347 0.304193 0.000000
vt 0.931521 0.306411 0.000000
vt 0.943695 0.308630 0.000000
vt 0.943982 0.316627 0.000000
vt 0.958566 0.334918 0.000000
vt 0.959398 0.344293 0.000000
vt 0.957466 0.325907 0.000000
vt 0.970971 0.326134 0.000000
vt 0.967983 0.333407 0.000000
vt 0.964995 0.340679 0.000000
vt 0.955827 0.317627 0.000000
vt 0.953919 0.309711 0.000000
vt 0.964143 0.310793 0.000000
vt 0.967557 0.318464 0.000000
vt 0.374680 0.523771 0.000000
vt 0.375488 0.519159 0.000000
vt 0.381565 0.522385 0.000000
vt 0.378115 0.527312 0.000000
vt 0.377592 0.513079 0.000000
vt 0.385052 0.516807 0.000000
vt 0.392881 0.522898 0.000000
vt 0.388162 0.527701 0.000000
vt 0.383812 0.532229 0.000000
vt 0.394939 0.534357 0.000000
vt 0.389892 0.537724 0.000000
vt 0.400536 0.530833 0.000000
vt 0.406062 0.538603 0.000000
vt 0.399876 0.540768 0.000000
vt 0.394629 0.541304 0.000000
vt 0.384316 0.499094 0.000000
vt 0.394224 0.487169 0.000000
vt 0.403623 0.494062 0.000000
vt 0.394018 0.504518 0.000000
vt 0.405981 0.473124 0.000000
vt 0.413049 0.484486 0.000000
vt 0.420432 0.492852 0.000000
vt 0.412180 0.502151 0.000000
vt 0.403393 0.511973 0.000000
vt 0.420328 0.510134 0.000000
vt 0.411160 0.520755 0.000000
vt 0.428859 0.499810 0.000000
vt 0.439602 0.506160 0.000000
vt 0.426603 0.518818 0.000000
vt 0.416667 0.529699 0.000000
vt 0.358727 0.531722 0.000000
vt 0.363397 0.528944 0.000000
vt 0.368016 0.536103 0.000000
vt 0.364574 0.538914 0.000000
vt 0.367336 0.526752 0.000000
vt 0.371423 0.533344 0.000000
vt 0.377334 0.539416 0.000000
vt 0.374374 0.542693 0.000000
vt 0.370420 0.546107 0.000000
vt 0.382546 0.548523 0.000000
vt 0.380340 0.552536 0.000000
vt 0.384719 0.544664 0.000000
vt 0.392675 0.548268 0.000000
vt 0.391452 0.552677 0.000000
vt 0.390261 0.558965 0.000000
vt 0.400014 0.554240 0.000000
vt 0.399920 0.559461 0.000000
vt 0.400297 0.549408 0.000000
vt 0.407259 0.548975 0.000000
vt 0.407723 0.554284 0.000000
vt 0.409578 0.559957 0.000000
vt 0.420599 0.560165 0.000000
vt 0.421433 0.552448 0.000000
vt 0.432186 0.549412 0.000000
vt 0.433557 0.558871 0.000000
vt 0.420376 0.545062 0.000000
vt 0.430839 0.539581 0.000000
vt 0.442936 0.534042 0.000000
vt 0.444364 0.546080 0.000000
vt 0.446515 0.557577 0.000000
vt 0.456002 0.543760 0.000000
vt 0.457143 0.555844 0.000000
vt 0.454978 0.531069 0.000000
vt 0.466437 0.529618 0.000000
vt 0.466952 0.542258 0.000000
vt 0.467770 0.554112 0.000000
vt 0.477069 0.541380 0.000000
vt 0.476836 0.553965 0.000000
vt 0.476786 0.528644 0.000000
vt 0.487636 0.527812 0.000000
vt 0.486770 0.540815 0.000000
vt 0.485903 0.553818 0.000000
vt 0.352489 0.427021 0.000000
vt 0.366183 0.425166 0.000000
vt 0.366768 0.434950 0.000000
vt 0.353228 0.435876 0.000000
vt 0.379879 0.423312 0.000000
vt 0.380442 0.434714 0.000000
vt 0.380543 0.444768 0.000000
vt 0.367095 0.444295 0.000000
vt 0.353968 0.444732 0.000000
vt 0.366909 0.452762 0.000000
vt 0.354134 0.452381 0.000000
vt 0.380099 0.453946 0.000000
vt 0.377865 0.464914 0.000000
vt 0.365546 0.463418 0.000000
vt 0.354300 0.460030 0.000000
vt 0.362346 0.479332 0.000000
vt 0.352452 0.479044 0.000000
vt 0.372595 0.480335 0.000000
vt 0.367352 0.495453 0.000000
vt 0.359270 0.495215 0.000000
vt 0.350603 0.498059 0.000000
vt 0.358277 0.505779 0.000000
vt 0.351348 0.506185 0.000000
vt 0.365199 0.505508 0.000000
vt 0.364949 0.512879 0.000000
vt 0.358845 0.513640 0.000000
vt 0.352092 0.514310 0.000000
vt 0.374762 0.530689 0.000000
vt 0.380341 0.536031 0.000000
vt 0.371076 0.524974 0.000000
vt 0.386826 0.541112 0.000000
vt 0.393828 0.544647 0.000000
vt 0.413234 0.547859 0.000000
vt 0.412762 0.542166 0.000000
vt 0.419263 0.537640 0.000000
vt 0.407504 0.544199 0.000000
vt 0.410739 0.535604 0.000000
vt 0.429542 0.529009 0.000000
vt 0.441788 0.520707 0.000000
vt 0.454187 0.517169 0.000000
vt 0.465746 0.516199 0.000000
vt 0.453798 0.505530 0.000000
vt 0.465191 0.505102 0.000000
vt 0.475470 0.515604 0.000000
vt 0.484276 0.515195 0.000000
vt 0.474112 0.505014 0.000000
vt 0.480915 0.502578 0.000000
vt 0.394386 0.435858 0.000000
vt 0.394347 0.446456 0.000000
vt 0.394331 0.425101 0.000000
vt 0.408783 0.426890 0.000000
vt 0.405676 0.437230 0.000000
vt 0.405600 0.448146 0.000000
vt 0.394121 0.456737 0.000000
vt 0.391319 0.468307 0.000000
vt 0.405713 0.459331 0.000000
vt 0.383551 0.482771 0.000000
vt 0.375564 0.496409 0.000000
vt 0.365420 0.519945 0.000000
vt 0.370270 0.518771 0.000000
vt 0.371045 0.512231 0.000000
vt 0.413379 0.470725 0.000000
vt 0.418015 0.480166 0.000000
vt 0.416236 0.469829 0.000000
vt 0.420583 0.478511 0.000000
vt 0.426877 0.485725 0.000000
vt 0.424760 0.488124 0.000000
vt 0.432855 0.494478 0.000000
vt 0.434349 0.491738 0.000000
vt 0.443312 0.495585 0.000000
vt 0.442520 0.498541 0.000000
vt 0.453977 0.499626 0.000000
vt 0.454083 0.496578 0.000000
vt 0.464750 0.496410 0.000000
vt 0.465085 0.499425 0.000000
vt 0.473703 0.499628 0.000000
vt 0.473399 0.496821 0.000000
vt 0.481234 0.497490 0.000000
vt 0.481075 0.500034 0.000000
vt 0.411495 0.426913 0.000000
vt 0.411390 0.437677 0.000000
vt 0.414208 0.426937 0.000000
vt 0.414250 0.437445 0.000000
vt 0.414380 0.448347 0.000000
vt 0.411394 0.448621 0.000000
vt 0.411614 0.459923 0.000000
vt 0.414605 0.459458 0.000000
vt 0.913566 0.335242 0.000000
vt 0.914699 0.346069 0.000000
vt 0.913020 0.324254 0.000000
vt 0.913650 0.312942 0.000000
vt 0.914866 0.301467 0.000000
vt 0.388516 0.511475 0.000000
vt 0.397459 0.518272 0.000000
vt 0.379653 0.507061 0.000000
vt 0.405253 0.526977 0.000000
vt 0.414070 0.553879 0.000000
vt 0.415089 0.560061 0.000000
vt 0.360446 0.521409 0.000000
vt 0.355409 0.523016 0.000000
vt 0.400957 0.545351 0.000000
vt 0.372102 0.505503 0.000000
vt 0.422813 0.476931 0.000000
vt 0.428494 0.483410 0.000000
vt 0.418936 0.468957 0.000000
vt 0.420546 0.469376 0.000000
vt 0.424875 0.475389 0.000000
vt 0.429204 0.481403 0.000000
vt 0.435374 0.489001 0.000000
vt 0.443639 0.492701 0.000000
vt 0.436165 0.486359 0.000000
vt 0.443126 0.491315 0.000000
vt 0.453475 0.493507 0.000000
vt 0.463507 0.493302 0.000000
vt 0.452510 0.490424 0.000000
vt 0.461895 0.489533 0.000000
vt 0.472359 0.493969 0.000000
vt 0.480619 0.495073 0.000000
vt 0.470950 0.491095 0.000000
vt 0.480004 0.492656 0.000000
vt 0.416979 0.436779 0.000000
vt 0.417213 0.447793 0.000000
vt 0.416754 0.425802 0.000000
vt 0.419300 0.424667 0.000000
vt 0.419642 0.435895 0.000000
vt 0.419984 0.447124 0.000000
vt 0.417467 0.458882 0.000000
vt 0.420265 0.458250 0.000000
vt 0.030069 0.562340 0.000000
vt 0.025840 0.561145 0.000000
vt 0.029600 0.537832 0.000000
vt 0.033436 0.539151 0.000000
vt 0.020879 0.559534 0.000000
vt 0.024412 0.534882 0.000000
vt 0.028477 0.505829 0.000000
vt 0.034008 0.510324 0.000000
vt 0.037955 0.512108 0.000000
vt 0.038950 0.564353 0.000000
vt 0.034172 0.563412 0.000000
vt 0.037297 0.539848 0.000000
vt 0.042701 0.539844 0.000000
vt 0.042233 0.512591 0.000000
vt 0.048740 0.511681 0.000000
vt 0.052165 0.566264 0.000000
vt 0.045203 0.565153 0.000000
vt 0.051166 0.539061 0.000000
vt 0.060886 0.538587 0.000000
vt 0.059381 0.509287 0.000000
vt 0.071471 0.507199 0.000000
vt 0.065931 0.570615 0.000000
vt 0.059071 0.568141 0.000000
vt 0.070056 0.539508 0.000000
vt 0.079129 0.541888 0.000000
vt 0.082323 0.507208 0.000000
vt 0.092875 0.509369 0.000000
vt 0.074844 0.582605 0.000000
vt 0.072754 0.573521 0.000000
vt 0.088560 0.545789 0.000000
vt 0.098169 0.550451 0.000000
vt 0.104061 0.513736 0.000000
vt 0.121494 0.518297 0.000000
vt 0.014583 0.557215 0.000000
vt 0.016497 0.529292 0.000000
vt 0.008159 0.562172 0.000000
vt 0.007216 0.522382 0.000000
vt 0.006274 0.482593 0.000000
vt 0.019450 0.497215 0.000000
vt 0.060751 0.422606 0.000000
vt 0.052294 0.422119 0.000000
vt 0.053857 0.410397 0.000000
vt 0.063404 0.410973 0.000000
vt 0.043481 0.423427 0.000000
vt 0.044034 0.410641 0.000000
vt 0.044895 0.394420 0.000000
vt 0.055641 0.395892 0.000000
vt 0.066510 0.396851 0.000000
vt 0.076848 0.430647 0.000000
vt 0.068828 0.425526 0.000000
vt 0.072796 0.412450 0.000000
vt 0.082160 0.415300 0.000000
vt 0.077590 0.396733 0.000000
vt 0.088427 0.396606 0.000000
vt 0.090632 0.453116 0.000000
vt 0.085131 0.437738 0.000000
vt 0.091622 0.419991 0.000000
vt 0.100906 0.424956 0.000000
vt 0.098563 0.397539 0.000000
vt 0.108335 0.399569 0.000000
vt 0.108914 0.457993 0.000000
vt 0.100776 0.455527 0.000000
vt 0.109736 0.428627 0.000000
vt 0.118257 0.432224 0.000000
vt 0.118074 0.402738 0.000000
vt 0.127826 0.407637 0.000000
vt 0.120707 0.461268 0.000000
vt 0.116715 0.460749 0.000000
vt 0.126612 0.436969 0.000000
vt 0.134886 0.442288 0.000000
vt 0.137637 0.414860 0.000000
vt 0.149065 0.423308 0.000000
vt 0.034337 0.425891 0.000000
vt 0.033811 0.411625 0.000000
vt 0.023590 0.434613 0.000000
vt 0.023388 0.412978 0.000000
vt 0.023185 0.391344 0.000000
vt 0.034181 0.393001 0.000000
vt 0.049428 0.465031 0.000000
vt 0.042287 0.461566 0.000000
vt 0.045072 0.448392 0.000000
vt 0.053296 0.451462 0.000000
vt 0.035630 0.456203 0.000000
vt 0.038003 0.444852 0.000000
vt 0.039416 0.438084 0.000000
vt 0.047422 0.439778 0.000000
vt 0.056074 0.441891 0.000000
vt 0.066617 0.465686 0.000000
vt 0.057439 0.466308 0.000000
vt 0.062133 0.453495 0.000000
vt 0.070805 0.454556 0.000000
vt 0.064895 0.444641 0.000000
vt 0.073563 0.447606 0.000000
vt 0.077260 0.463451 0.000000
vt 0.078534 0.454712 0.000000
vt 0.081756 0.450363 0.000000
vt 0.029069 0.449233 0.000000
vt 0.032633 0.441407 0.000000
vt 0.032531 0.436589 0.000000
vt 0.049989 0.431467 0.000000
vt 0.042088 0.431668 0.000000
vt 0.058434 0.432592 0.000000
vt 0.066661 0.435787 0.000000
vt 0.074272 0.440134 0.000000
vt 0.080869 0.444717 0.000000
vt 0.035488 0.432455 0.000000
vt 0.038418 0.483556 0.000000
vt 0.043800 0.486324 0.000000
vt 0.032335 0.478065 0.000000
vt 0.049876 0.487043 0.000000
vt 0.057987 0.485845 0.000000
vt 0.069478 0.482863 0.000000
vt 0.081724 0.480327 0.000000
vt 0.092101 0.480467 0.000000
vt 0.101628 0.482556 0.000000
vt 0.111323 0.485864 0.000000
vt 0.121100 0.489783 0.000000
vt 0.024157 0.469182 0.000000
vt 0.014932 0.458603 0.000000
vt 0.035720 0.373365 0.000000
vt 0.024177 0.370765 0.000000
vt 0.047214 0.375873 0.000000
vt 0.146412 0.394760 0.000000
vt 0.135792 0.386619 0.000000
vt 0.156890 0.404077 0.000000
vt 0.124884 0.380831 0.000000
vt 0.114182 0.377427 0.000000
vt 0.104179 0.376442 0.000000
vt 0.093867 0.377079 0.000000
vt 0.082239 0.378545 0.000000
vt 0.070189 0.379398 0.000000
vt 0.058609 0.378195 0.000000
vt 0.388184 0.073177 0.000000
vt 0.386263 0.059319 0.000000
vt 0.496082 0.027549 0.000000
vt 0.498843 0.021747 0.000000
vt 0.512551 0.031473 0.000000
vt 0.510237 0.037560 0.000000
vt 0.421929 0.088905 0.000000
vt 0.437130 0.081816 0.000000
vt 0.441914 0.090128 0.000000
vt 0.424559 0.098191 0.000000
vt 0.453250 0.072472 0.000000
vt 0.463407 0.084861 0.000000
vt 0.355337 0.111410 0.000000
vt 0.340181 0.114780 0.000000
vt 0.354547 0.129954 0.000000
vt 0.334939 0.136535 0.000000
vt 0.461833 0.030229 0.000000
vt 0.456928 0.026727 0.000000
vt 0.755272 0.089832 0.000000
vt 0.780926 0.077229 0.000000
vt 0.728780 0.094429 0.000000
vt 0.807069 0.059519 0.000000
vt 0.832596 0.040067 0.000000
vt 0.856402 0.022244 0.000000
vt 0.879348 0.005235 0.000000
vt 0.593709 0.023983 0.000000
vt 0.613974 0.042549 0.000000
vt 0.576619 0.004754 0.000000
vt 0.640589 0.059786 0.000000
vt 0.670367 0.075157 0.000000
vt 0.700121 0.088121 0.000000
vt 0.966068 0.153697 0.000000
vt 0.943277 0.153883 0.000000
vt 0.944370 0.138257 0.000000
vt 0.968520 0.130469 0.000000
vt 0.918412 0.155566 0.000000
vt 0.918780 0.144976 0.000000
vt 0.890708 0.158500 0.000000
vt 0.890309 0.149559 0.000000
vt 0.802937 0.172973 0.000000
vt 0.801894 0.167984 0.000000
vt 0.793139 0.175203 0.000000
vt 0.792351 0.171644 0.000000
vt 0.782675 0.177740 0.000000
vt 0.782189 0.175713 0.000000
vt 0.771898 0.180428 0.000000
vt 0.771716 0.180018 0.000000
vt 0.701192 0.204070 0.000000
vt 0.697787 0.193743 0.000000
vt 0.325279 0.098217 0.000000
vt 0.325279 0.083833 0.000000
vt 0.334524 0.083044 0.000000
vt 0.332587 0.097775 0.000000
vt 0.325279 0.072334 0.000000
vt 0.336755 0.070077 0.000000
vt 0.325433 0.135568 0.000000
vt 0.325404 0.116132 0.000000
vt 0.331239 0.116031 0.000000
vt 0.330186 0.136051 0.000000
vt 0.017413 0.583666 0.000000
vt 0.018616 0.574098 0.000000
vt 0.023372 0.575329 0.000000
vt 0.021552 0.584949 0.000000
vt 0.027682 0.576564 0.000000
vt 0.025691 0.586232 0.000000
vt 0.031962 0.577885 0.000000
vt 0.030208 0.587811 0.000000
vt 0.036570 0.579227 0.000000
vt 0.034725 0.589390 0.000000
vt 0.041867 0.580527 0.000000
vt 0.039843 0.590544 0.000000
vt 0.047506 0.582005 0.000000
vt 0.044961 0.591697 0.000000
vt 0.053143 0.583878 0.000000
vt 0.049743 0.593167 0.000000
vt 0.058820 0.586052 0.000000
vt 0.054525 0.594637 0.000000
vt 0.064581 0.588431 0.000000
vt 0.060224 0.596929 0.000000
vt 0.070384 0.590913 0.000000
vt 0.065924 0.599221 0.000000
vt 0.005730 0.580699 0.000000
vt 0.006944 0.571436 0.000000
vt 0.012996 0.572786 0.000000
vt 0.011571 0.582183 0.000000
vt 0.746373 0.881322 0.000000
vt 0.743186 0.871101 0.000000
vt 0.752732 0.866695 0.000000
vt 0.756768 0.875058 0.000000
vt 0.742018 0.862782 0.000000
vt 0.750219 0.859870 0.000000
vt 0.757425 0.855430 0.000000
vt 0.760977 0.860715 0.000000
vt 0.765702 0.867333 0.000000
vt 0.767284 0.854491 0.000000
vt 0.772671 0.859418 0.000000
vt 0.762953 0.850544 0.000000
vt 0.766972 0.845090 0.000000
vt 0.771699 0.847737 0.000000
vt 0.777501 0.850983 0.000000
vt 0.774273 0.840167 0.000000
vt 0.780020 0.841698 0.000000
vt 0.769650 0.838945 0.000000
vt 0.770963 0.832826 0.000000
vt 0.775354 0.832790 0.000000
vt 0.780896 0.832827 0.000000
vt 0.779218 0.819211 0.000000
vt 0.773803 0.821031 0.000000
vt 0.770620 0.815414 0.000000
vt 0.775662 0.812653 0.000000
vt 0.769391 0.822476 0.000000
vt 0.766454 0.817550 0.000000
vt 0.761786 0.812980 0.000000
vt 0.765446 0.810109 0.000000
vt 0.769806 0.806451 0.000000
vt 0.757988 0.805461 0.000000
vt 0.761331 0.801097 0.000000
vt 0.755100 0.809071 0.000000
vt 0.747001 0.806660 0.000000
vt 0.748909 0.802417 0.000000
vt 0.750993 0.797592 0.000000
vt 0.738868 0.801928 0.000000
vt 0.739552 0.796936 0.000000
vt 0.738091 0.806585 0.000000
vt 0.729100 0.808343 0.000000
vt 0.728586 0.803384 0.000000
vt 0.727855 0.798312 0.000000
vt 0.718786 0.806178 0.000000
vt 0.716753 0.800905 0.000000
vt 0.720758 0.811430 0.000000
vt 0.713392 0.815072 0.000000
vt 0.710311 0.809762 0.000000
vt 0.707490 0.804362 0.000000
vt 0.704006 0.813590 0.000000
vt 0.701310 0.808329 0.000000
vt 0.707333 0.818496 0.000000
vt 0.703296 0.822867 0.000000
vt 0.700020 0.819078 0.000000
vt 0.696615 0.813888 0.000000
vt 0.698501 0.827641 0.000000
vt 0.695404 0.826139 0.000000
vt 0.701997 0.829357 0.000000
vt 0.703314 0.836884 0.000000
vt 0.699530 0.837562 0.000000
vt 0.695976 0.838062 0.000000
vt 0.703184 0.847124 0.000000
vt 0.698860 0.849420 0.000000
vt 0.707129 0.844367 0.000000
vt 0.712507 0.851244 0.000000
vt 0.708696 0.856179 0.000000
vt 0.703587 0.860577 0.000000
vt 0.715294 0.864578 0.000000
vt 0.709684 0.871895 0.000000
vt 0.718513 0.856950 0.000000
vt 0.725421 0.861042 0.000000
vt 0.723285 0.870619 0.000000
vt 0.720312 0.885036 0.000000
vt 0.732976 0.872601 0.000000
vt 0.735020 0.884852 0.000000
vt 0.733504 0.863079 0.000000
vt 0.692299 0.825630 0.000000
vt 0.692525 0.814496 0.000000
vt 0.692535 0.838297 0.000000
vt 0.694097 0.850394 0.000000
vt 0.696761 0.862658 0.000000
vt 0.700302 0.875826 0.000000
vt 0.706582 0.891344 0.000000
vt 0.748134 0.847079 0.000000
vt 0.743330 0.848628 0.000000
vt 0.742735 0.847488 0.000000
vt 0.747186 0.846299 0.000000
vt 0.738271 0.849005 0.000000
vt 0.738069 0.847528 0.000000
vt 0.738017 0.845769 0.000000
vt 0.742375 0.845933 0.000000
vt 0.746519 0.844992 0.000000
vt 0.755272 0.841272 0.000000
vt 0.752109 0.844673 0.000000
vt 0.750808 0.844055 0.000000
vt 0.753657 0.840882 0.000000
vt 0.749831 0.842925 0.000000
vt 0.752377 0.840086 0.000000
vt 0.759106 0.832063 0.000000
vt 0.757636 0.836740 0.000000
vt 0.755787 0.836905 0.000000
vt 0.757068 0.833480 0.000000
vt 0.754223 0.836830 0.000000
vt 0.755325 0.834014 0.000000
vt 0.752527 0.821709 0.000000
vt 0.756113 0.824787 0.000000
vt 0.754318 0.825314 0.000000
vt 0.751154 0.822658 0.000000
vt 0.758682 0.828154 0.000000
vt 0.756338 0.827664 0.000000
vt 0.754433 0.827814 0.000000
vt 0.752717 0.825776 0.000000
vt 0.749971 0.823543 0.000000
vt 0.742748 0.818235 0.000000
vt 0.748065 0.819316 0.000000
vt 0.747118 0.820469 0.000000
vt 0.742242 0.819487 0.000000
vt 0.746263 0.821671 0.000000
vt 0.741702 0.820920 0.000000
vt 0.730841 0.821329 0.000000
vt 0.736599 0.819096 0.000000
vt 0.736559 0.820450 0.000000
vt 0.731300 0.822703 0.000000
vt 0.736397 0.822053 0.000000
vt 0.731531 0.824246 0.000000
vt 0.723596 0.827214 0.000000
vt 0.726698 0.824365 0.000000
vt 0.727700 0.825590 0.000000
vt 0.725061 0.828199 0.000000
vt 0.728285 0.826674 0.000000
vt 0.725907 0.828762 0.000000
vt 0.719051 0.830087 0.000000
vt 0.720962 0.828882 0.000000
vt 0.722684 0.829616 0.000000
vt 0.720886 0.830538 0.000000
vt 0.723647 0.829939 0.000000
vt 0.721896 0.830760 0.000000
vt 0.718346 0.833247 0.000000
vt 0.718116 0.831545 0.000000
vt 0.719984 0.831659 0.000000
vt 0.720176 0.832984 0.000000
vt 0.721043 0.831784 0.000000
vt 0.721278 0.833022 0.000000
vt 0.722472 0.837820 0.000000
vt 0.719931 0.835181 0.000000
vt 0.721656 0.834518 0.000000
vt 0.723994 0.836790 0.000000
vt 0.722792 0.834484 0.000000
vt 0.725079 0.836499 0.000000
vt 0.729251 0.845407 0.000000
vt 0.725572 0.841639 0.000000
vt 0.726758 0.840329 0.000000
vt 0.730007 0.843914 0.000000
vt 0.727633 0.839392 0.000000
vt 0.730585 0.842339 0.000000
vt 0.733531 0.847897 0.000000
vt 0.733801 0.846325 0.000000
vt 0.734067 0.844518 0.000000
vt 0.741922 0.842729 0.000000
vt 0.745683 0.842095 0.000000
vt 0.737884 0.842372 0.000000
vt 0.737651 0.838633 0.000000
vt 0.741423 0.838700 0.000000
vt 0.745194 0.838768 0.000000
vt 0.748600 0.840479 0.000000
vt 0.750788 0.838273 0.000000
vt 0.747244 0.837376 0.000000
vt 0.749293 0.835984 0.000000
vt 0.752360 0.835864 0.000000
vt 0.753331 0.833800 0.000000
vt 0.750348 0.834453 0.000000
vt 0.751403 0.832922 0.000000
vt 0.751051 0.827019 0.000000
vt 0.748656 0.825103 0.000000
vt 0.752496 0.828844 0.000000
vt 0.750791 0.830777 0.000000
vt 0.749354 0.828653 0.000000
vt 0.747917 0.826529 0.000000
vt 0.745152 0.823757 0.000000
vt 0.740796 0.823561 0.000000
vt 0.743912 0.826284 0.000000
vt 0.739907 0.826040 0.000000
vt 0.735849 0.825095 0.000000
vt 0.731391 0.827198 0.000000
vt 0.735107 0.828857 0.000000
vt 0.730308 0.831675 0.000000
vt 0.728501 0.828705 0.000000
vt 0.726399 0.829729 0.000000
vt 0.728534 0.831063 0.000000
vt 0.726616 0.831120 0.000000
vt 0.724304 0.830381 0.000000
vt 0.722641 0.830995 0.000000
vt 0.724627 0.831174 0.000000
vt 0.723305 0.831370 0.000000
vt 0.721834 0.831903 0.000000
vt 0.722098 0.833047 0.000000
vt 0.722851 0.832122 0.000000
vt 0.722968 0.833021 0.000000
vt 0.723652 0.834366 0.000000
vt 0.725887 0.835844 0.000000
vt 0.724248 0.833831 0.000000
vt 0.726409 0.834703 0.000000
vt 0.728195 0.837463 0.000000
vt 0.730853 0.839196 0.000000
vt 0.728491 0.835167 0.000000
vt 0.730577 0.834686 0.000000
vt 0.734139 0.841013 0.000000
vt 0.734114 0.836659 0.000000
vt 0.724591 0.832545 0.000000
vt 0.726635 0.832953 0.000000
vt 0.759833 0.829873 0.000000
vt 0.762050 0.829332 0.000000
vt 0.761756 0.832344 0.000000
vt 0.760997 0.826739 0.000000
vt 0.763642 0.825305 0.000000
vt 0.764874 0.828690 0.000000
vt 0.764733 0.832466 0.000000
vt 0.757939 0.829746 0.000000
vt 0.758298 0.830325 0.000000
vt 0.757007 0.830531 0.000000
vt 0.756905 0.829697 0.000000
vt 0.758102 0.830947 0.000000
vt 0.757183 0.831324 0.000000
vt 0.755523 0.831641 0.000000
vt 0.755340 0.830823 0.000000
vt 0.755161 0.829993 0.000000
vt 0.753598 0.831250 0.000000
vt 0.753387 0.830596 0.000000
vt 0.753725 0.831914 0.000000
vt 0.752596 0.832005 0.000000
vt 0.752174 0.831634 0.000000
vt 0.752346 0.831085 0.000000
vt 0.756941 0.828933 0.000000
vt 0.755053 0.829105 0.000000
vt 0.758374 0.829312 0.000000
vt 0.758911 0.830155 0.000000
vt 0.758570 0.831144 0.000000
vt 0.757369 0.831963 0.000000
vt 0.755638 0.832495 0.000000
vt 0.753710 0.832623 0.000000
vt 0.752134 0.832380 0.000000
vt 0.751097 0.831849 0.000000
vt 0.751458 0.831797 0.000000
vt 0.751768 0.830950 0.000000
vt 0.753147 0.829915 0.000000
vt 0.740830 0.857859 0.000000
vt 0.747997 0.855739 0.000000
vt 0.739738 0.854670 0.000000
vt 0.746081 0.853058 0.000000
vt 0.751998 0.850137 0.000000
vt 0.754484 0.852193 0.000000
vt 0.759688 0.848191 0.000000
vt 0.756978 0.846760 0.000000
vt 0.760841 0.842641 0.000000
vt 0.763615 0.843553 0.000000
vt 0.766267 0.838101 0.000000
vt 0.763407 0.837497 0.000000
vt 0.767612 0.832672 0.000000
vt 0.766222 0.823893 0.000000
vt 0.763371 0.819538 0.000000
vt 0.760847 0.821447 0.000000
vt 0.756626 0.817766 0.000000
vt 0.758965 0.815486 0.000000
vt 0.752906 0.812182 0.000000
vt 0.751118 0.814911 0.000000
vt 0.744537 0.813423 0.000000
vt 0.745616 0.810296 0.000000
vt 0.737515 0.810497 0.000000
vt 0.737095 0.813842 0.000000
vt 0.729792 0.815757 0.000000
vt 0.729448 0.812356 0.000000
vt 0.722258 0.815443 0.000000
vt 0.723632 0.818755 0.000000
vt 0.718548 0.822048 0.000000
vt 0.716034 0.818956 0.000000
vt 0.710865 0.822098 0.000000
vt 0.714474 0.824849 0.000000
vt 0.711770 0.827709 0.000000
vt 0.707402 0.825678 0.000000
vt 0.706297 0.830510 0.000000
vt 0.710798 0.831182 0.000000
vt 0.711577 0.835208 0.000000
vt 0.707449 0.836114 0.000000
vt 0.710756 0.842012 0.000000
vt 0.714126 0.839728 0.000000
vt 0.717915 0.844302 0.000000
vt 0.715440 0.847552 0.000000
vt 0.720722 0.852085 0.000000
vt 0.722413 0.848494 0.000000
vt 0.727606 0.851900 0.000000
vt 0.726729 0.855474 0.000000
vt 0.733587 0.857585 0.000000
vt 0.733481 0.854122 0.000000
vt 0.775289 0.826618 0.000000
vt 0.770886 0.827452 0.000000
vt 0.780796 0.825633 0.000000
vt 0.767617 0.828104 0.000000
vt 0.738856 0.851552 0.000000
vt 0.744485 0.850586 0.000000
vt 0.749809 0.848396 0.000000
vt 0.754309 0.845581 0.000000
vt 0.757863 0.841870 0.000000
vt 0.760353 0.836990 0.000000
vt 0.758358 0.823347 0.000000
vt 0.754416 0.819959 0.000000
vt 0.749452 0.817376 0.000000
vt 0.743547 0.816142 0.000000
vt 0.736783 0.816801 0.000000
vt 0.730298 0.818880 0.000000
vt 0.725227 0.821908 0.000000
vt 0.721247 0.824982 0.000000
vt 0.718033 0.827201 0.000000
vt 0.715833 0.829161 0.000000
vt 0.714896 0.831457 0.000000
vt 0.715345 0.834120 0.000000
vt 0.717303 0.837184 0.000000
vt 0.720352 0.840691 0.000000
vt 0.724077 0.844686 0.000000
vt 0.728449 0.848307 0.000000
vt 0.733443 0.850694 0.000000
vt 0.692350 0.806998 0.000000
vt 0.695732 0.806238 0.000000
vt 0.692005 0.802158 0.000000
vt 0.695057 0.801630 0.000000
vt 0.691628 0.794103 0.000000
vt 0.691576 0.796609 0.000000
vt 0.691701 0.791728 0.000000
vt 0.694218 0.790760 0.000000
vt 0.694246 0.793213 0.000000
vt 0.694258 0.795906 0.000000
vt 0.697407 0.791013 0.000000
vt 0.697703 0.793692 0.000000
vt 0.696944 0.788728 0.000000
vt 0.700512 0.785303 0.000000
vt 0.701727 0.788333 0.000000
vt 0.702933 0.790529 0.000000
vt 0.698104 0.796464 0.000000
vt 0.694547 0.798449 0.000000
vt 0.703699 0.793428 0.000000
vt 0.704454 0.796748 0.000000
vt 0.698723 0.799672 0.000000
vt 0.717464 0.910658 0.000000
vt 0.703754 0.913774 0.000000
vt 0.730615 0.904470 0.000000
vt 0.744146 0.921491 0.000000
vt 0.732635 0.930392 0.000000
vt 0.718520 0.934691 0.000000
vt 0.751783 0.947173 0.000000
vt 0.741799 0.952722 0.000000
vt 0.761335 0.935944 0.000000
vt 0.780367 0.946964 0.000000
vt 0.773100 0.960039 0.000000
vt 0.765078 0.966608 0.000000
vt 0.794774 0.968030 0.000000
vt 0.790040 0.975232 0.000000
vt 0.799425 0.953682 0.000000
vt 0.818283 0.956418 0.000000
vt 0.816697 0.971345 0.000000
vt 0.815003 0.978770 0.000000
vt 0.838759 0.970188 0.000000
vt 0.840948 0.977550 0.000000
vt 0.836716 0.955493 0.000000
vt 0.853448 0.950375 0.000000
vt 0.859378 0.964504 0.000000
vt 0.866894 0.971637 0.000000
vt 0.907141 0.956013 0.000000
vt 0.892377 0.939754 0.000000
vt 0.906435 0.921397 0.000000
vt 0.924214 0.933830 0.000000
vt 0.878951 0.926834 0.000000
vt 0.889670 0.910145 0.000000
vt 0.899172 0.890118 0.000000
vt 0.918811 0.899028 0.000000
vt 0.941286 0.911647 0.000000
vt 0.964746 0.847521 0.000000
vt 0.936712 0.842752 0.000000
vt 0.940634 0.810709 0.000000
vt 0.967859 0.810516 0.000000
vt 0.913075 0.839829 0.000000
vt 0.915723 0.811203 0.000000
vt 0.915456 0.782578 0.000000
vt 0.940582 0.778960 0.000000
vt 0.970971 0.773511 0.000000
vt 0.936202 0.750089 0.000000
vt 0.960464 0.744478 0.000000
vt 0.912521 0.756003 0.000000
vt 0.905331 0.732206 0.000000
vt 0.927622 0.724735 0.000000
vt 0.949956 0.715445 0.000000
vt 0.926564 0.674298 0.000000
vt 0.901368 0.682247 0.000000
vt 0.889936 0.656631 0.000000
vt 0.914732 0.652678 0.000000
vt 0.871358 0.691760 0.000000
vt 0.863025 0.661510 0.000000
vt 0.853835 0.632151 0.000000
vt 0.880238 0.628691 0.000000
vt 0.902901 0.625633 0.000000
vt 0.691724 0.798994 0.000000
vt 0.705627 0.800208 0.000000
vt 0.699670 0.803659 0.000000
vt 0.712633 0.789729 0.000000
vt 0.713705 0.793323 0.000000
vt 0.710967 0.786981 0.000000
vt 0.719221 0.781918 0.000000
vt 0.723586 0.786003 0.000000
vt 0.725471 0.789979 0.000000
vt 0.715069 0.796834 0.000000
vt 0.726855 0.793963 0.000000
vt 0.787376 0.824533 0.000000
vt 0.787704 0.833196 0.000000
vt 0.785398 0.816668 0.000000
vt 0.792718 0.813601 0.000000
vt 0.795104 0.823354 0.000000
vt 0.795624 0.833832 0.000000
vt 0.815237 0.835728 0.000000
vt 0.815104 0.820936 0.000000
vt 0.829132 0.819827 0.000000
vt 0.828707 0.837031 0.000000
vt 0.812677 0.806388 0.000000
vt 0.826859 0.802063 0.000000
vt 0.842633 0.797773 0.000000
vt 0.844873 0.818394 0.000000
vt 0.844020 0.837922 0.000000
vt 0.877059 0.837489 0.000000
vt 0.877859 0.813980 0.000000
vt 0.895439 0.812299 0.000000
vt 0.893924 0.838129 0.000000
vt 0.875391 0.790459 0.000000
vt 0.894046 0.786522 0.000000
vt 0.763561 0.883806 0.000000
vt 0.753619 0.891950 0.000000
vt 0.772161 0.874570 0.000000
vt 0.780555 0.882128 0.000000
vt 0.772975 0.892847 0.000000
vt 0.764318 0.902782 0.000000
vt 0.784877 0.902091 0.000000
vt 0.777865 0.913612 0.000000
vt 0.791084 0.889709 0.000000
vt 0.803045 0.896027 0.000000
vt 0.798238 0.909681 0.000000
vt 0.792920 0.922342 0.000000
vt 0.801554 0.810204 0.000000
vt 0.804053 0.822134 0.000000
vt 0.804506 0.834669 0.000000
vt 0.742652 0.898536 0.000000
vt 0.754707 0.912308 0.000000
vt 0.770023 0.924827 0.000000
vt 0.786968 0.934584 0.000000
vt 0.796509 0.875914 0.000000
vt 0.807461 0.880807 0.000000
vt 0.786934 0.870251 0.000000
vt 0.791731 0.857839 0.000000
vt 0.800752 0.861653 0.000000
vt 0.811166 0.865184 0.000000
vt 0.794564 0.845513 0.000000
vt 0.803412 0.847873 0.000000
vt 0.813842 0.850317 0.000000
vt 0.779104 0.864712 0.000000
vt 0.784079 0.854316 0.000000
vt 0.786775 0.843467 0.000000
vt 0.812030 0.913759 0.000000
vt 0.808143 0.926874 0.000000
vt 0.815736 0.899793 0.000000
vt 0.828799 0.902114 0.000000
vt 0.825412 0.915647 0.000000
vt 0.822463 0.928580 0.000000
vt 0.803911 0.940072 0.000000
vt 0.820146 0.942167 0.000000
vt 0.858532 0.794057 0.000000
vt 0.861059 0.816228 0.000000
vt 0.860281 0.837748 0.000000
vt 0.826377 0.852614 0.000000
vt 0.822996 0.867856 0.000000
vt 0.840717 0.854821 0.000000
vt 0.836381 0.870588 0.000000
vt 0.819420 0.884037 0.000000
vt 0.832432 0.886723 0.000000
vt 0.907266 0.866407 0.000000
vt 0.929171 0.872502 0.000000
vt 0.953016 0.879584 0.000000
vt 0.846546 0.889988 0.000000
vt 0.841880 0.904098 0.000000
vt 0.851464 0.874299 0.000000
vt 0.867197 0.878747 0.000000
vt 0.860974 0.894581 0.000000
vt 0.854623 0.907951 0.000000
vt 0.882533 0.883689 0.000000
vt 0.874933 0.901253 0.000000
vt 0.866673 0.915881 0.000000
vt 0.856562 0.856995 0.000000
vt 0.873032 0.859397 0.000000
vt 0.889243 0.862287 0.000000
vt 0.857984 0.928479 0.000000
vt 0.848403 0.919912 0.000000
vt 0.867201 0.940533 0.000000
vt 0.847778 0.937585 0.000000
vt 0.843719 0.928716 0.000000
vt 0.876971 0.954241 0.000000
vt 0.887017 0.961231 0.000000
vt 0.834967 0.941743 0.000000
vt 0.834809 0.928835 0.000000
vt 0.837541 0.916667 0.000000
vt 0.892300 0.711914 0.000000
vt 0.914970 0.703535 0.000000
vt 0.938260 0.694872 0.000000
vt 0.870867 0.719722 0.000000
vt 0.853704 0.705479 0.000000
vt 0.882535 0.740266 0.000000
vt 0.861209 0.747457 0.000000
vt 0.850838 0.726598 0.000000
vt 0.843134 0.714782 0.000000
vt 0.799016 0.778751 0.000000
vt 0.788721 0.787880 0.000000
vt 0.778003 0.777322 0.000000
vt 0.788498 0.764463 0.000000
vt 0.780832 0.795423 0.000000
vt 0.769998 0.788189 0.000000
vt 0.755061 0.783564 0.000000
vt 0.766513 0.769312 0.000000
vt 0.773793 0.750777 0.000000
vt 0.774731 0.801585 0.000000
vt 0.764887 0.795727 0.000000
vt 0.752906 0.792209 0.000000
vt 0.843326 0.752322 0.000000
vt 0.832376 0.732178 0.000000
vt 0.827498 0.758051 0.000000
vt 0.815711 0.739338 0.000000
vt 0.801565 0.719759 0.000000
vt 0.825758 0.714689 0.000000
vt 0.890003 0.762521 0.000000
vt 0.869617 0.768515 0.000000
vt 0.781375 0.808792 0.000000
vt 0.788183 0.804092 0.000000
vt 0.812335 0.767835 0.000000
vt 0.801076 0.750951 0.000000
vt 0.786906 0.736106 0.000000
vt 0.821094 0.784802 0.000000
vt 0.807195 0.792526 0.000000
vt 0.836656 0.777594 0.000000
vt 0.796507 0.798813 0.000000
vt 0.852333 0.772851 0.000000
vt 0.695542 0.772514 0.000000
vt 0.692274 0.772766 0.000000
vt 0.691973 0.770545 0.000000
vt 0.694936 0.770292 0.000000
vt 0.691674 0.768374 0.000000
vt 0.694344 0.768019 0.000000
vt 0.695540 0.741668 0.000000
vt 0.692379 0.740965 0.000000
vt 0.692438 0.739684 0.000000
vt 0.695717 0.740359 0.000000
vt 0.692557 0.738276 0.000000
vt 0.696079 0.738918 0.000000
vt 0.704475 0.710161 0.000000
vt 0.696711 0.710430 0.000000
vt 0.697532 0.701910 0.000000
vt 0.705742 0.700934 0.000000
vt 0.699095 0.692761 0.000000
vt 0.705733 0.693645 0.000000
vt 0.752425 0.671382 0.000000
vt 0.720358 0.660164 0.000000
vt 0.720348 0.636137 0.000000
vt 0.749246 0.642466 0.000000
vt 0.717354 0.604986 0.000000
vt 0.743909 0.611113 0.000000
vt 0.774779 0.650386 0.000000
vt 0.779295 0.677393 0.000000
vt 0.768585 0.619324 0.000000
vt 0.794294 0.626972 0.000000
vt 0.800980 0.657528 0.000000
vt 0.804712 0.683872 0.000000
vt 0.775526 0.566978 0.000000
vt 0.804234 0.573146 0.000000
vt 0.814476 0.602084 0.000000
vt 0.786103 0.596482 0.000000
vt 0.832943 0.579312 0.000000
vt 0.843884 0.603798 0.000000
vt 0.823949 0.631413 0.000000
vt 0.692246 0.743047 0.000000
vt 0.692140 0.745056 0.000000
vt 0.695253 0.743727 0.000000
vt 0.695035 0.745696 0.000000
vt 0.698651 0.744802 0.000000
vt 0.698301 0.746576 0.000000
vt 0.699149 0.742861 0.000000
vt 0.703400 0.744651 0.000000
vt 0.702542 0.746410 0.000000
vt 0.701976 0.747860 0.000000
vt 0.698584 0.768933 0.000000
vt 0.699494 0.771020 0.000000
vt 0.697726 0.766769 0.000000
vt 0.701743 0.764817 0.000000
vt 0.702946 0.766756 0.000000
vt 0.704316 0.768697 0.000000
vt 0.715461 0.762755 0.000000
vt 0.712473 0.761070 0.000000
vt 0.714778 0.758089 0.000000
vt 0.718437 0.759031 0.000000
vt 0.710209 0.759755 0.000000
vt 0.712178 0.757373 0.000000
vt 0.712592 0.755264 0.000000
vt 0.715187 0.755377 0.000000
vt 0.719026 0.755411 0.000000
vt 0.711817 0.753480 0.000000
vt 0.713917 0.753205 0.000000
vt 0.709702 0.751728 0.000000
vt 0.711139 0.751125 0.000000
vt 0.713397 0.749910 0.000000
vt 0.717128 0.752518 0.000000
vt 0.695783 0.717353 0.000000
vt 0.694856 0.723114 0.000000
vt 0.702802 0.717445 0.000000
vt 0.701030 0.723398 0.000000
vt 0.692869 0.735812 0.000000
vt 0.693366 0.732401 0.000000
vt 0.698099 0.733023 0.000000
vt 0.696922 0.736463 0.000000
vt 0.692366 0.774179 0.000000
vt 0.692159 0.775300 0.000000
vt 0.695756 0.773766 0.000000
vt 0.695896 0.775670 0.000000
vt 0.691586 0.767110 0.000000
vt 0.694176 0.766617 0.000000
vt 0.691696 0.766106 0.000000
vt 0.694330 0.765582 0.000000
vt 0.692157 0.746122 0.000000
vt 0.695064 0.746736 0.000000
vt 0.695203 0.747682 0.000000
vt 0.692245 0.747105 0.000000
vt 0.706317 0.762358 0.000000
vt 0.705528 0.761433 0.000000
vt 0.709020 0.759051 0.000000
vt 0.701354 0.763709 0.000000
vt 0.701317 0.763016 0.000000
vt 0.705122 0.760927 0.000000
vt 0.708252 0.758743 0.000000
vt 0.698324 0.747552 0.000000
vt 0.701908 0.748728 0.000000
vt 0.701857 0.749605 0.000000
vt 0.698415 0.748466 0.000000
vt 0.710797 0.753720 0.000000
vt 0.709050 0.752228 0.000000
vt 0.711297 0.755202 0.000000
vt 0.710419 0.755410 0.000000
vt 0.710054 0.754198 0.000000
vt 0.708518 0.752926 0.000000
vt 0.710823 0.756976 0.000000
vt 0.709918 0.756914 0.000000
vt 0.708485 0.747145 0.000000
vt 0.707026 0.748689 0.000000
vt 0.706099 0.749717 0.000000
vt 0.708053 0.764047 0.000000
vt 0.710196 0.765960 0.000000
vt 0.697501 0.765460 0.000000
vt 0.697628 0.764560 0.000000
vt 0.705785 0.750426 0.000000
vt 0.705505 0.751243 0.000000
vt 0.712207 0.767556 0.000000
vt 0.705203 0.769813 0.000000
vt 0.718819 0.764571 0.000000
vt 0.723558 0.766890 0.000000
vt 0.715713 0.769839 0.000000
vt 0.707613 0.771707 0.000000
vt 0.699876 0.772097 0.000000
vt 0.701332 0.773913 0.000000
vt 0.721483 0.751040 0.000000
vt 0.724055 0.755234 0.000000
vt 0.716511 0.747573 0.000000
vt 0.720347 0.744804 0.000000
vt 0.727059 0.749293 0.000000
vt 0.730747 0.755054 0.000000
vt 0.722968 0.760104 0.000000
vt 0.729075 0.761441 0.000000
vt 0.710397 0.744885 0.000000
vt 0.704347 0.742860 0.000000
vt 0.705946 0.740799 0.000000
vt 0.712947 0.742232 0.000000
vt 0.699570 0.741384 0.000000
vt 0.700433 0.739727 0.000000
vt 0.691991 0.764717 0.000000
vt 0.692378 0.763135 0.000000
vt 0.695155 0.763452 0.000000
vt 0.694704 0.764413 0.000000
vt 0.695311 0.749369 0.000000
vt 0.692346 0.748869 0.000000
vt 0.695581 0.751351 0.000000
vt 0.692455 0.751024 0.000000
vt 0.701169 0.762324 0.000000
vt 0.704533 0.760491 0.000000
vt 0.700976 0.761885 0.000000
vt 0.703852 0.760091 0.000000
vt 0.706727 0.758297 0.000000
vt 0.707252 0.758619 0.000000
vt 0.701346 0.751082 0.000000
vt 0.698267 0.750056 0.000000
vt 0.700417 0.752618 0.000000
vt 0.697999 0.751984 0.000000
vt 0.709075 0.756107 0.000000
vt 0.708786 0.755187 0.000000
vt 0.707751 0.757046 0.000000
vt 0.707256 0.756431 0.000000
vt 0.706760 0.755852 0.000000
vt 0.707441 0.754123 0.000000
vt 0.708665 0.757205 0.000000
vt 0.707239 0.757672 0.000000
vt 0.697829 0.763624 0.000000
vt 0.698066 0.762668 0.000000
vt 0.704683 0.752596 0.000000
vt 0.703588 0.754217 0.000000
vt 0.694039 0.728149 0.000000
vt 0.699465 0.728629 0.000000
vt 0.711317 0.716796 0.000000
vt 0.708828 0.723489 0.000000
vt 0.713408 0.708318 0.000000
vt 0.725205 0.706025 0.000000
vt 0.721974 0.716110 0.000000
vt 0.717903 0.723928 0.000000
vt 0.760271 0.705430 0.000000
vt 0.779144 0.711078 0.000000
vt 0.769412 0.725256 0.000000
vt 0.751335 0.718539 0.000000
vt 0.757559 0.736602 0.000000
vt 0.740550 0.728979 0.000000
vt 0.702252 0.683950 0.000000
vt 0.707340 0.676399 0.000000
vt 0.720802 0.681706 0.000000
vt 0.711613 0.687791 0.000000
vt 0.741558 0.704404 0.000000
vt 0.742058 0.690412 0.000000
vt 0.761305 0.690964 0.000000
vt 0.725785 0.693069 0.000000
vt 0.734057 0.677994 0.000000
vt 0.781594 0.696374 0.000000
vt 0.804039 0.701731 0.000000
vt 0.834935 0.686922 0.000000
vt 0.829752 0.702124 0.000000
vt 0.739848 0.792021 0.000000
vt 0.738746 0.787300 0.000000
vt 0.737464 0.763171 0.000000
vt 0.730687 0.770080 0.000000
vt 0.739577 0.755079 0.000000
vt 0.749402 0.754672 0.000000
vt 0.746964 0.764848 0.000000
vt 0.738809 0.773690 0.000000
vt 0.748748 0.742806 0.000000
vt 0.733968 0.735442 0.000000
vt 0.759077 0.753195 0.000000
vt 0.741400 0.745872 0.000000
vt 0.729429 0.739391 0.000000
vt 0.756407 0.766025 0.000000
vt 0.746530 0.777265 0.000000
vt 0.733934 0.747803 0.000000
vt 0.724771 0.742294 0.000000
vt 0.716323 0.739508 0.000000
vt 0.719957 0.736173 0.000000
vt 0.708760 0.738228 0.000000
vt 0.711982 0.734779 0.000000
vt 0.702256 0.737241 0.000000
vt 0.704500 0.733772 0.000000
vt 0.735418 0.716091 0.000000
vt 0.727904 0.725256 0.000000
vt 0.714698 0.671027 0.000000
vt 0.714420 0.697281 0.000000
vt 0.723284 0.731686 0.000000
vt 0.714800 0.730081 0.000000
vt 0.706623 0.729168 0.000000
vt 0.735237 0.782886 0.000000
vt 0.729656 0.778488 0.000000
vt 0.722338 0.773811 0.000000
vt 0.713551 0.775982 0.000000
vt 0.705458 0.778216 0.000000
vt 0.708779 0.782938 0.000000
vt 0.699212 0.779969 0.000000
vt 0.707822 0.786005 0.000000
vt 0.691613 0.789733 0.000000
vt 0.693880 0.788935 0.000000
vt 0.691562 0.788294 0.000000
vt 0.693478 0.787733 0.000000
vt 0.692644 0.785928 0.000000
vt 0.692264 0.785898 0.000000
vt 0.692336 0.785419 0.000000
vt 0.692792 0.785526 0.000000
vt 0.691890 0.785870 0.000000
vt 0.691892 0.785396 0.000000
vt 0.691989 0.785016 0.000000
vt 0.692419 0.785024 0.000000
vt 0.692861 0.785165 0.000000
vt 0.695970 0.780695 0.000000
vt 0.693776 0.777608 0.000000
vt 0.697080 0.784381 0.000000
vt 0.695367 0.783818 0.000000
vt 0.694051 0.780815 0.000000
vt 0.692986 0.778802 0.000000
vt 0.691776 0.780750 0.000000
vt 0.691218 0.778403 0.000000
vt 0.692525 0.782841 0.000000
vt 0.691561 0.776648 0.000000
vt 0.695063 0.786207 0.000000
vt 0.696043 0.787139 0.000000
vt 0.692755 0.783831 0.000000
vt 0.690842 0.784063 0.000000
vt 0.694414 0.784539 0.000000
vt 0.693808 0.784798 0.000000
vt 0.692690 0.784254 0.000000
vt 0.691398 0.784435 0.000000
vt 0.694364 0.785891 0.000000
vt 0.693257 0.787152 0.000000
vt 0.693087 0.786809 0.000000
vt 0.693816 0.785837 0.000000
vt 0.691742 0.787588 0.000000
vt 0.690480 0.787084 0.000000
vt 0.691074 0.786773 0.000000
vt 0.691994 0.787154 0.000000
vt 0.690132 0.785528 0.000000
vt 0.690868 0.785571 0.000000
vt 0.692558 0.784644 0.000000
vt 0.691744 0.784753 0.000000
vt 0.693272 0.785008 0.000000
vt 0.693288 0.785691 0.000000
vt 0.692840 0.786323 0.000000
vt 0.692159 0.786534 0.000000
vt 0.691578 0.786272 0.000000
vt 0.691428 0.785487 0.000000
vt 0.625960 0.290942 0.000000
vt 0.618695 0.274239 0.000000
vt 0.627087 0.265337 0.000000
vt 0.637560 0.280590 0.000000
vt 0.634917 0.257523 0.000000
vt 0.644336 0.272792 0.000000
vt 0.641626 0.251886 0.000000
vt 0.650772 0.267032 0.000000
vt 0.650984 0.245504 0.000000
vt 0.660010 0.260142 0.000000
vt 0.666765 0.235455 0.000000
vt 0.675196 0.248952 0.000000
vt 0.686020 0.224041 0.000000
vt 0.693408 0.235925 0.000000
vt 0.871840 0.600437 0.000000
vt 0.864091 0.572024 0.000000
vt 0.895238 0.564735 0.000000
vt 0.899069 0.597217 0.000000
vt 0.714059 0.572751 0.000000
vt 0.710614 0.539973 0.000000
vt 0.731170 0.547012 0.000000
vt 0.737908 0.579496 0.000000
vt 0.761251 0.588180 0.000000
vt 0.753348 0.556995 0.000000
vt 0.831885 0.661522 0.000000
vt 0.726441 0.213944 0.000000
vt 0.721708 0.205720 0.000000
vt 0.729353 0.202214 0.000000
vt 0.733835 0.209380 0.000000
vt 0.735805 0.199188 0.000000
vt 0.739896 0.205246 0.000000
vt 0.748134 0.192787 0.000000
vt 0.750612 0.196958 0.000000
vt 0.763402 0.184697 0.000000
vt 0.763523 0.186502 0.000000
vt 0.818982 0.185541 0.000000
vt 0.840247 0.184831 0.000000
vt 0.842547 0.202100 0.000000
vt 0.820487 0.199940 0.000000
vt 0.866037 0.183020 0.000000
vt 0.868319 0.202795 0.000000
vt 0.870471 0.225548 0.000000
vt 0.844709 0.222162 0.000000
vt 0.821508 0.216719 0.000000
vt 0.717777 0.333133 0.000000
vt 0.706104 0.312009 0.000000
vt 0.715381 0.300342 0.000000
vt 0.727776 0.314042 0.000000
vt 0.691109 0.293822 0.000000
vt 0.701815 0.282005 0.000000
vt 0.714892 0.266192 0.000000
vt 0.727080 0.283208 0.000000
vt 0.738754 0.295702 0.000000
vt 0.317764 0.169099 0.000000
vt 0.317882 0.166315 0.000000
vt 0.339234 0.162510 0.000000
vt 0.339078 0.167609 0.000000
vt 0.318001 0.163531 0.000000
vt 0.338054 0.159916 0.000000
vt 0.358106 0.156301 0.000000
vt 0.360586 0.158706 0.000000
vt 0.363066 0.161110 0.000000
vt 0.816904 0.248469 0.000000
vt 0.792236 0.249543 0.000000
vt 0.783058 0.232058 0.000000
vt 0.794904 0.227900 0.000000
vt 0.769149 0.254000 0.000000
vt 0.769294 0.232026 0.000000
vt 0.767185 0.214926 0.000000
vt 0.773978 0.213661 0.000000
vt 0.780245 0.210676 0.000000
vt 0.656591 0.294385 0.000000
vt 0.652944 0.303005 0.000000
vt 0.661487 0.287996 0.000000
vt 0.680556 0.302518 0.000000
vt 0.677205 0.306766 0.000000
vt 0.674296 0.313085 0.000000
vt 0.666661 0.283081 0.000000
vt 0.674564 0.276390 0.000000
vt 0.684606 0.299431 0.000000
vt 0.766853 0.202534 0.000000
vt 0.769996 0.201561 0.000000
vt 0.767466 0.192782 0.000000
vt 0.768562 0.192611 0.000000
vt 0.769657 0.192440 0.000000
vt 0.773063 0.199735 0.000000
vt 0.838443 0.174056 0.000000
vt 0.864165 0.170793 0.000000
vt 0.817533 0.176585 0.000000
vt 0.893717 0.180422 0.000000
vt 0.895044 0.202529 0.000000
vt 0.920389 0.180167 0.000000
vt 0.919768 0.203445 0.000000
vt 0.918290 0.229589 0.000000
vt 0.895890 0.227886 0.000000
vt 0.711728 0.223524 0.000000
vt 0.719099 0.235259 0.000000
vt 0.703350 0.250202 0.000000
vt 0.732134 0.222799 0.000000
vt 0.740160 0.232651 0.000000
vt 0.728503 0.248590 0.000000
vt 0.801122 0.219429 0.000000
vt 0.821503 0.232814 0.000000
vt 0.785886 0.205890 0.000000
vt 0.790339 0.199380 0.000000
vt 0.803768 0.208210 0.000000
vt 0.794188 0.183607 0.000000
vt 0.793039 0.191222 0.000000
vt 0.782181 0.187695 0.000000
vt 0.783179 0.182740 0.000000
vt 0.780067 0.192973 0.000000
vt 0.771539 0.188074 0.000000
vt 0.771823 0.184699 0.000000
vt 0.772106 0.181324 0.000000
vt 0.243576 0.106499 0.000000
vt 0.244071 0.095134 0.000000
vt 0.260370 0.101119 0.000000
vt 0.260125 0.115010 0.000000
vt 0.245566 0.083162 0.000000
vt 0.261023 0.087236 0.000000
vt 0.277518 0.090933 0.000000
vt 0.277547 0.106718 0.000000
vt 0.276675 0.123520 0.000000
vt 0.757320 0.227927 0.000000
vt 0.759964 0.214553 0.000000
vt 0.751890 0.243868 0.000000
vt 0.747374 0.221824 0.000000
vt 0.752697 0.212744 0.000000
vt 0.179886 0.016278 0.000000
vt 0.178162 0.021204 0.000000
vt 0.172232 0.014379 0.000000
vt 0.175878 0.010747 0.000000
vt 0.171418 0.026697 0.000000
vt 0.165967 0.019616 0.000000
vt 0.165362 0.012504 0.000000
vt 0.168616 0.008860 0.000000
vt 0.171869 0.005217 0.000000
vt 0.252133 0.057251 0.000000
vt 0.248647 0.070225 0.000000
vt 0.236421 0.066561 0.000000
vt 0.241442 0.053221 0.000000
vt 0.232004 0.078889 0.000000
vt 0.219310 0.072339 0.000000
vt 0.224932 0.060960 0.000000
vt 0.230750 0.049191 0.000000
vt 0.213297 0.052009 0.000000
vt 0.219045 0.043580 0.000000
vt 0.206455 0.061435 0.000000
vt 0.193711 0.048730 0.000000
vt 0.201298 0.041354 0.000000
vt 0.207340 0.037969 0.000000
vt 0.762966 0.202780 0.000000
vt 0.766147 0.191809 0.000000
vt 0.758680 0.202045 0.000000
vt 0.764827 0.190836 0.000000
vt 0.715339 0.349265 0.000000
vt 0.704091 0.346943 0.000000
vt 0.706980 0.339108 0.000000
vt 0.711544 0.362785 0.000000
vt 0.699639 0.355713 0.000000
vt 0.687734 0.348641 0.000000
vt 0.691931 0.344767 0.000000
vt 0.696020 0.338975 0.000000
vt 0.657018 0.349016 0.000000
vt 0.634503 0.348908 0.000000
vt 0.642853 0.338313 0.000000
vt 0.662081 0.341060 0.000000
vt 0.611988 0.348799 0.000000
vt 0.622061 0.335167 0.000000
vt 0.632134 0.321534 0.000000
vt 0.649194 0.327091 0.000000
vt 0.667880 0.332451 0.000000
vt 0.871953 0.246711 0.000000
vt 0.846099 0.241313 0.000000
vt 0.872032 0.263776 0.000000
vt 0.846295 0.256829 0.000000
vt 0.687649 0.264672 0.000000
vt 0.916667 0.252602 0.000000
vt 0.896108 0.250792 0.000000
vt 0.917378 0.277027 0.000000
vt 0.895286 0.269478 0.000000
vt 0.740530 0.263339 0.000000
vt 0.752323 0.275009 0.000000
vt 0.804896 0.195809 0.000000
vt 0.804876 0.184837 0.000000
vt 0.776724 0.196929 0.000000
vt 0.770598 0.190257 0.000000
vt 0.276617 0.061753 0.000000
vt 0.289554 0.064821 0.000000
vt 0.292083 0.078890 0.000000
vt 0.277221 0.076186 0.000000
vt 0.302491 0.067888 0.000000
vt 0.305573 0.081258 0.000000
vt 0.308566 0.096440 0.000000
vt 0.294190 0.094077 0.000000
vt 0.739693 0.215779 0.000000
vt 0.745767 0.209703 0.000000
vt 0.165802 0.080073 0.000000
vt 0.154236 0.062135 0.000000
vt 0.169030 0.048147 0.000000
vt 0.182024 0.061469 0.000000
vt 0.142670 0.044198 0.000000
vt 0.159493 0.035982 0.000000
vt 0.181349 0.036776 0.000000
vt 0.754345 0.200075 0.000000
vt 0.764175 0.188669 0.000000
vt 0.966412 0.193172 0.000000
vt 0.956828 0.213590 0.000000
vt 0.939536 0.207687 0.000000
vt 0.943157 0.185386 0.000000
vt 0.947243 0.234009 0.000000
vt 0.934990 0.231071 0.000000
vt 0.695726 0.315743 0.000000
vt 0.692424 0.317780 0.000000
vt 0.703041 0.323900 0.000000
vt 0.702264 0.326786 0.000000
vt 0.697124 0.327479 0.000000
vt 0.689585 0.322035 0.000000
vt 0.699920 0.315481 0.000000
vt 0.708624 0.327846 0.000000
vt 0.683238 0.336584 0.000000
vt 0.686780 0.328948 0.000000
vt 0.698167 0.332974 0.000000
vt 0.671569 0.322386 0.000000
vt 0.672376 0.348828 0.000000
vt 0.678185 0.343009 0.000000
vt 0.706744 0.333142 0.000000
vt 0.651518 0.314615 0.000000
vt 0.629047 0.306238 0.000000
vt 0.944055 0.248159 0.000000
vt 0.931734 0.251187 0.000000
vt 0.940867 0.262309 0.000000
vt 0.929123 0.269668 0.000000
vt 0.728567 0.833125 0.000000
vt 0.730443 0.833180 0.000000
vt 0.336249 0.177718 0.000000
vt 0.319916 0.178654 0.000000
vt 0.354089 0.175866 0.000000
vt 0.345113 0.190621 0.000000
vt 0.332356 0.192182 0.000000
vt 0.318955 0.192130 0.000000
vt 0.201131 0.154046 0.000000
vt 0.213508 0.154572 0.000000
vt 0.213743 0.168506 0.000000
vt 0.201237 0.171327 0.000000
vt 0.225884 0.155099 0.000000
vt 0.226420 0.165750 0.000000
vt 0.227235 0.179491 0.000000
vt 0.214555 0.184060 0.000000
vt 0.201342 0.188607 0.000000
vt 0.238767 0.152177 0.000000
vt 0.239437 0.163122 0.000000
vt 0.251650 0.149256 0.000000
vt 0.251830 0.161869 0.000000
vt 0.252199 0.175627 0.000000
vt 0.240133 0.176531 0.000000
vt 0.262841 0.151587 0.000000
vt 0.262637 0.163237 0.000000
vt 0.274033 0.153918 0.000000
vt 0.272915 0.166500 0.000000
vt 0.272211 0.180694 0.000000
vt 0.262382 0.177226 0.000000
vt 0.284216 0.158296 0.000000
vt 0.283720 0.170931 0.000000
vt 0.294399 0.162675 0.000000
vt 0.294973 0.175146 0.000000
vt 0.294865 0.189592 0.000000
vt 0.283217 0.185394 0.000000
vt 0.306082 0.165887 0.000000
vt 0.306598 0.177758 0.000000
vt 0.306618 0.191552 0.000000
vt 0.857324 0.346995 0.000000
vt 0.849320 0.347424 0.000000
vt 0.853705 0.338025 0.000000
vt 0.861828 0.339128 0.000000
vt 0.841316 0.347853 0.000000
vt 0.846015 0.336412 0.000000
vt 0.849127 0.325402 0.000000
vt 0.856917 0.327828 0.000000
vt 0.866332 0.331262 0.000000
vt 0.857785 0.316034 0.000000
vt 0.865696 0.319704 0.000000
vt 0.850321 0.313179 0.000000
vt 0.849901 0.298741 0.000000
vt 0.857480 0.303444 0.000000
vt 0.865060 0.308146 0.000000
vt 0.830345 0.340416 0.000000
vt 0.813773 0.339105 0.000000
vt 0.818471 0.329088 0.000000
vt 0.830817 0.331038 0.000000
vt 0.797201 0.337793 0.000000
vt 0.805499 0.327063 0.000000
vt 0.810121 0.317666 0.000000
vt 0.822553 0.319421 0.000000
vt 0.833760 0.321131 0.000000
vt 0.825400 0.310457 0.000000
vt 0.836103 0.311370 0.000000
vt 0.813317 0.309242 0.000000
vt 0.815262 0.301480 0.000000
vt 0.827631 0.301844 0.000000
vt 0.840000 0.302208 0.000000
vt 0.792479 0.333093 0.000000
vt 0.795245 0.324096 0.000000
vt 0.787758 0.328393 0.000000
vt 0.786349 0.320658 0.000000
vt 0.784940 0.312923 0.000000
vt 0.798197 0.315512 0.000000
vt 0.801524 0.307754 0.000000
vt 0.789876 0.306131 0.000000
vt 0.794812 0.299339 0.000000
vt 0.805037 0.300409 0.000000
vt 0.165331 0.473453 0.000000
vt 0.168865 0.470008 0.000000
vt 0.172175 0.475030 0.000000
vt 0.166010 0.478085 0.000000
vt 0.174698 0.465254 0.000000
vt 0.178919 0.469902 0.000000
vt 0.183501 0.474836 0.000000
vt 0.175504 0.480705 0.000000
vt 0.167943 0.484222 0.000000
vt 0.180929 0.459932 0.000000
vt 0.185879 0.463440 0.000000
vt 0.185765 0.456486 0.000000
vt 0.190995 0.457169 0.000000
vt 0.197118 0.459507 0.000000
vt 0.191376 0.467119 0.000000
vt 0.174270 0.498389 0.000000
vt 0.184122 0.493241 0.000000
vt 0.193429 0.503962 0.000000
vt 0.183840 0.510588 0.000000
vt 0.193702 0.486051 0.000000
vt 0.202214 0.496117 0.000000
vt 0.210197 0.505609 0.000000
vt 0.202582 0.513799 0.000000
vt 0.195198 0.524958 0.000000
vt 0.201712 0.477491 0.000000
vt 0.210579 0.488365 0.000000
vt 0.207468 0.468705 0.000000
vt 0.217095 0.479861 0.000000
vt 0.229734 0.492879 0.000000
vt 0.218816 0.498925 0.000000
vt 0.149608 0.465056 0.000000
vt 0.155655 0.458031 0.000000
vt 0.159017 0.460938 0.000000
vt 0.154199 0.467964 0.000000
vt 0.161701 0.451006 0.000000
vt 0.165558 0.454529 0.000000
vt 0.168424 0.457888 0.000000
vt 0.162345 0.463792 0.000000
vt 0.158074 0.470266 0.000000
vt 0.171798 0.444858 0.000000
vt 0.173890 0.448931 0.000000
vt 0.181895 0.438710 0.000000
vt 0.182909 0.445028 0.000000
vt 0.184007 0.449470 0.000000
vt 0.175953 0.452849 0.000000
vt 0.191563 0.438485 0.000000
vt 0.191511 0.443706 0.000000
vt 0.201233 0.438261 0.000000
vt 0.199218 0.443880 0.000000
vt 0.198606 0.449173 0.000000
vt 0.191658 0.448545 0.000000
vt 0.212254 0.438362 0.000000
vt 0.225171 0.440019 0.000000
vt 0.223535 0.449436 0.000000
vt 0.212871 0.446100 0.000000
vt 0.238088 0.441676 0.000000
vt 0.235615 0.453109 0.000000
vt 0.233849 0.465101 0.000000
vt 0.221913 0.459225 0.000000
vt 0.211608 0.453453 0.000000
vt 0.248662 0.443707 0.000000
vt 0.247183 0.455755 0.000000
vt 0.259237 0.445737 0.000000
vt 0.258087 0.457564 0.000000
vt 0.257217 0.470184 0.000000
vt 0.245803 0.468411 0.000000
vt 0.268296 0.446138 0.000000
vt 0.268175 0.458725 0.000000
vt 0.277355 0.446539 0.000000
vt 0.277856 0.459562 0.000000
vt 0.278357 0.472585 0.000000
vt 0.267535 0.471448 0.000000
vt 0.140432 0.569541 0.000000
vt 0.141420 0.560710 0.000000
vt 0.154928 0.562016 0.000000
vt 0.154070 0.571779 0.000000
vt 0.142409 0.551879 0.000000
vt 0.155518 0.552684 0.000000
vt 0.168974 0.552589 0.000000
vt 0.168591 0.562636 0.000000
vt 0.167707 0.574017 0.000000
vt 0.142789 0.544237 0.000000
vt 0.155569 0.544215 0.000000
vt 0.143170 0.536596 0.000000
vt 0.154507 0.533524 0.000000
vt 0.166862 0.532375 0.000000
vt 0.168788 0.543401 0.000000
vt 0.141856 0.517536 0.000000
vt 0.151755 0.517527 0.000000
vt 0.140542 0.498477 0.000000
vt 0.149126 0.501564 0.000000
vt 0.157212 0.501553 0.000000
vt 0.162028 0.516812 0.000000
vt 0.141515 0.490376 0.000000
vt 0.148430 0.490976 0.000000
vt 0.142487 0.482275 0.000000
vt 0.149218 0.483135 0.000000
vt 0.155299 0.484066 0.000000
vt 0.155341 0.491442 0.000000
vt 0.171335 0.461356 0.000000
vt 0.165608 0.466539 0.000000
vt 0.161763 0.472149 0.000000
vt 0.185058 0.453122 0.000000
vt 0.177960 0.456459 0.000000
vt 0.210287 0.460840 0.000000
vt 0.203915 0.456134 0.000000
vt 0.204547 0.450456 0.000000
vt 0.201709 0.462637 0.000000
vt 0.198717 0.453954 0.000000
vt 0.232327 0.478399 0.000000
vt 0.220319 0.469757 0.000000
vt 0.256149 0.483578 0.000000
vt 0.244622 0.482284 0.000000
vt 0.255283 0.494656 0.000000
vt 0.243906 0.493908 0.000000
vt 0.274644 0.485102 0.000000
vt 0.265853 0.484446 0.000000
vt 0.270930 0.497619 0.000000
vt 0.264198 0.494994 0.000000
vt 0.182820 0.551288 0.000000
vt 0.182561 0.561884 0.000000
vt 0.194116 0.549916 0.000000
vt 0.193886 0.560830 0.000000
vt 0.196700 0.571253 0.000000
vt 0.182204 0.572635 0.000000
vt 0.180406 0.529362 0.000000
vt 0.182883 0.541005 0.000000
vt 0.194543 0.538738 0.000000
vt 0.165447 0.500828 0.000000
vt 0.173048 0.514685 0.000000
vt 0.160783 0.478326 0.000000
vt 0.155968 0.477016 0.000000
vt 0.161374 0.484886 0.000000
vt 0.207425 0.518257 0.000000
vt 0.202526 0.527564 0.000000
vt 0.214391 0.510491 0.000000
vt 0.216440 0.512949 0.000000
vt 0.209945 0.519983 0.000000
vt 0.205356 0.528540 0.000000
vt 0.222661 0.504367 0.000000
vt 0.232436 0.500577 0.000000
vt 0.233145 0.503554 0.000000
vt 0.224076 0.507194 0.000000
vt 0.243919 0.499814 0.000000
vt 0.255018 0.500328 0.000000
vt 0.254597 0.503331 0.000000
vt 0.243940 0.502864 0.000000
vt 0.263637 0.500366 0.000000
vt 0.271018 0.500167 0.000000
vt 0.271106 0.502715 0.000000
vt 0.263256 0.503163 0.000000
vt 0.199609 0.560543 0.000000
vt 0.199412 0.571305 0.000000
vt 0.199920 0.549604 0.000000
vt 0.202898 0.549961 0.000000
vt 0.202462 0.560855 0.000000
vt 0.202214 0.571358 0.000000
vt 0.200458 0.538312 0.000000
vt 0.203435 0.538861 0.000000
vt 0.835831 0.344134 0.000000
vt 0.839192 0.333781 0.000000
vt 0.842013 0.323147 0.000000
vt 0.843752 0.311951 0.000000
vt 0.844951 0.300474 0.000000
vt 0.187947 0.479588 0.000000
vt 0.178817 0.486132 0.000000
vt 0.169834 0.490295 0.000000
vt 0.195982 0.471106 0.000000
vt 0.206743 0.438312 0.000000
vt 0.205552 0.444462 0.000000
vt 0.146048 0.473665 0.000000
vt 0.151037 0.475414 0.000000
vt 0.192204 0.452618 0.000000
vt 0.162242 0.491640 0.000000
vt 0.217991 0.515308 0.000000
vt 0.212130 0.521625 0.000000
vt 0.218644 0.517335 0.000000
vt 0.214148 0.523224 0.000000
vt 0.209651 0.529114 0.000000
vt 0.208031 0.529487 0.000000
vt 0.233391 0.506446 0.000000
vt 0.225025 0.509912 0.000000
vt 0.232839 0.507818 0.000000
vt 0.225742 0.512576 0.000000
vt 0.253269 0.506404 0.000000
vt 0.243246 0.505917 0.000000
vt 0.251551 0.510126 0.000000
vt 0.242195 0.508972 0.000000
vt 0.270423 0.505114 0.000000
vt 0.262135 0.505985 0.000000
vt 0.269741 0.507513 0.000000
vt 0.260646 0.508819 0.000000
vt 0.205714 0.550595 0.000000
vt 0.205171 0.561598 0.000000
vt 0.208465 0.551341 0.000000
vt 0.207808 0.562556 0.000000
vt 0.207151 0.573770 0.000000
vt 0.204638 0.572564 0.000000
vt 0.206280 0.539517 0.000000
vt 0.209058 0.540228 0.000000
vt 0.286359 0.394534 0.000000
vt 0.289007 0.371252 0.000000
vt 0.293053 0.370953 0.000000
vt 0.290754 0.394455 0.000000
vt 0.291522 0.343950 0.000000
vt 0.295794 0.343229 0.000000
vt 0.302286 0.340291 0.000000
vt 0.298821 0.369421 0.000000
vt 0.295961 0.394161 0.000000
vt 0.277259 0.394219 0.000000
vt 0.279871 0.369564 0.000000
vt 0.285096 0.370943 0.000000
vt 0.282098 0.394526 0.000000
vt 0.281201 0.340791 0.000000
vt 0.287263 0.343328 0.000000
vt 0.263992 0.392704 0.000000
vt 0.262606 0.363718 0.000000
vt 0.271885 0.366652 0.000000
vt 0.271008 0.393401 0.000000
vt 0.260361 0.330670 0.000000
vt 0.271520 0.335767 0.000000
vt 0.249573 0.393407 0.000000
vt 0.244123 0.362266 0.000000
vt 0.253504 0.362274 0.000000
vt 0.256837 0.392760 0.000000
vt 0.239109 0.327318 0.000000
vt 0.249864 0.327915 0.000000
vt 0.237900 0.402732 0.000000
vt 0.223530 0.365699 0.000000
vt 0.234010 0.363637 0.000000
vt 0.242234 0.394480 0.000000
vt 0.209160 0.328667 0.000000
vt 0.227180 0.328694 0.000000
vt 0.307899 0.366031 0.000000
vt 0.302640 0.393520 0.000000
vt 0.313209 0.334260 0.000000
vt 0.329674 0.323474 0.000000
vt 0.318632 0.361712 0.000000
vt 0.307590 0.399949 0.000000
vt 0.292265 0.251594 0.000000
vt 0.292662 0.239669 0.000000
vt 0.302040 0.241542 0.000000
vt 0.300567 0.253276 0.000000
vt 0.293254 0.225221 0.000000
vt 0.304008 0.227061 0.000000
vt 0.314775 0.228374 0.000000
vt 0.311478 0.244280 0.000000
vt 0.308756 0.256784 0.000000
vt 0.274652 0.255271 0.000000
vt 0.273422 0.239077 0.000000
vt 0.283203 0.238706 0.000000
vt 0.283711 0.252361 0.000000
vt 0.272121 0.219404 0.000000
vt 0.282568 0.222286 0.000000
vt 0.255601 0.273491 0.000000
vt 0.252835 0.243643 0.000000
vt 0.263077 0.241205 0.000000
vt 0.264836 0.260020 0.000000
vt 0.252115 0.217201 0.000000
vt 0.262081 0.217725 0.000000
vt 0.236680 0.273552 0.000000
vt 0.234206 0.246254 0.000000
vt 0.243361 0.244944 0.000000
vt 0.245177 0.273239 0.000000
vt 0.231212 0.220040 0.000000
vt 0.241890 0.217785 0.000000
vt 0.224442 0.273716 0.000000
vt 0.215562 0.251752 0.000000
vt 0.224917 0.248714 0.000000
vt 0.228433 0.274231 0.000000
vt 0.206683 0.229787 0.000000
vt 0.219885 0.224527 0.000000
vt 0.321113 0.247834 0.000000
vt 0.316972 0.261496 0.000000
vt 0.325497 0.229729 0.000000
vt 0.336553 0.230927 0.000000
vt 0.330848 0.251796 0.000000
vt 0.325144 0.272666 0.000000
vt 0.292413 0.295504 0.000000
vt 0.292128 0.281397 0.000000
vt 0.300862 0.280522 0.000000
vt 0.300201 0.293970 0.000000
vt 0.291878 0.271434 0.000000
vt 0.300782 0.271594 0.000000
vt 0.308956 0.271994 0.000000
vt 0.308599 0.278899 0.000000
vt 0.308004 0.290480 0.000000
vt 0.275624 0.291760 0.000000
vt 0.274407 0.279931 0.000000
vt 0.283064 0.281113 0.000000
vt 0.284341 0.294699 0.000000
vt 0.273510 0.272508 0.000000
vt 0.282647 0.271847 0.000000
vt 0.264885 0.273088 0.000000
vt 0.266894 0.278114 0.000000
vt 0.265900 0.286889 0.000000
vt 0.314669 0.276935 0.000000
vt 0.316123 0.285410 0.000000
vt 0.315995 0.272301 0.000000
vt 0.308006 0.265110 0.000000
vt 0.300416 0.262903 0.000000
vt 0.291964 0.261841 0.000000
vt 0.283194 0.262836 0.000000
vt 0.274727 0.265102 0.000000
vt 0.267181 0.267854 0.000000
vt 0.314188 0.267551 0.000000
vt 0.292434 0.317527 0.000000
vt 0.298344 0.316220 0.000000
vt 0.305624 0.312460 0.000000
vt 0.278837 0.313452 0.000000
vt 0.286376 0.316676 0.000000
vt 0.257287 0.302073 0.000000
vt 0.268484 0.307643 0.000000
vt 0.237471 0.299160 0.000000
vt 0.247216 0.299566 0.000000
vt 0.216801 0.301191 0.000000
vt 0.227254 0.299891 0.000000
vt 0.315794 0.305952 0.000000
vt 0.327409 0.298070 0.000000
vt 0.340833 0.210774 0.000000
vt 0.329008 0.210349 0.000000
vt 0.317255 0.209847 0.000000
vt 0.228860 0.197687 0.000000
vt 0.216517 0.202855 0.000000
vt 0.204012 0.209197 0.000000
vt 0.252098 0.194300 0.000000
vt 0.240882 0.194866 0.000000
vt 0.271832 0.199136 0.000000
vt 0.262023 0.195894 0.000000
vt 0.294140 0.207407 0.000000
vt 0.282703 0.203514 0.000000
vt 0.305644 0.209192 0.000000
vt 0.262495 0.073365 0.000000
vt 0.264375 0.059502 0.000000
vt 0.154462 0.028064 0.000000
vt 0.140338 0.038117 0.000000
vt 0.138007 0.032038 0.000000
vt 0.151684 0.022271 0.000000
vt 0.228798 0.089194 0.000000
vt 0.226197 0.098488 0.000000
vt 0.208817 0.090477 0.000000
vt 0.213576 0.082151 0.000000
vt 0.197429 0.072856 0.000000
vt 0.187310 0.085275 0.000000
vt 0.310622 0.114824 0.000000
vt 0.295457 0.111500 0.000000
vt 0.315929 0.136563 0.000000
vt 0.296302 0.130041 0.000000
vt 0.188718 0.030641 0.000000
vt 0.193613 0.027123 0.000000
vt 0.819726 0.260006 0.000000
vt 0.796514 0.258906 0.000000
vt 0.869974 0.274239 0.000000
vt 0.915034 0.289960 0.000000
vt 0.730729 0.335721 0.000000
vt 0.726349 0.351464 0.000000
vt 0.748755 0.298121 0.000000
vt 0.761027 0.279101 0.000000
vt 0.966240 0.173435 0.000000
vt 0.943638 0.168522 0.000000
vt 0.919442 0.165752 0.000000
vt 0.892058 0.167267 0.000000
vt 0.804077 0.177908 0.000000
vt 0.793986 0.178729 0.000000
vt 0.783175 0.179752 0.000000
vt 0.772002 0.180876 0.000000
vt 0.705799 0.213562 0.000000
vt 0.318165 0.097796 0.000000
vt 0.316184 0.083072 0.000000
vt 0.313914 0.070111 0.000000
vt 0.320681 0.136065 0.000000
vt 0.319568 0.116049 0.000000
vt 0.293169 0.418379 0.000000
vt 0.288840 0.418566 0.000000
vt 0.289528 0.408800 0.000000
vt 0.294442 0.408820 0.000000
vt 0.284511 0.418753 0.000000
vt 0.285046 0.408897 0.000000
vt 0.279741 0.419130 0.000000
vt 0.280572 0.409085 0.000000
vt 0.274971 0.419507 0.000000
vt 0.275774 0.409209 0.000000
vt 0.269727 0.419320 0.000000
vt 0.270321 0.409118 0.000000
vt 0.264484 0.419132 0.000000
vt 0.264491 0.409111 0.000000
vt 0.259486 0.419336 0.000000
vt 0.258563 0.409488 0.000000
vt 0.254487 0.419541 0.000000
vt 0.252519 0.410145 0.000000
vt 0.248392 0.420306 0.000000
vt 0.246342 0.410979 0.000000
vt 0.242297 0.421072 0.000000
vt 0.240099 0.411902 0.000000
vt 0.305223 0.418485 0.000000
vt 0.299196 0.418432 0.000000
vt 0.300211 0.408983 0.000000
vt 0.306406 0.409217 0.000000
vt 0.607757 0.515280 0.000000
vt 0.594642 0.510217 0.000000
vt 0.578646 0.504436 0.000000
vt 0.563401 0.500435 0.000000
vt 0.548263 0.498317 0.000000
vt 0.625341 0.525312 0.000000
vt 0.623613 0.521858 0.000000
vt 0.512868 0.493743 0.000000
vt 0.533204 0.497567 0.000000
vt 0.455524 0.463660 0.000000
vt 0.482524 0.480350 0.000000
vt 0.617460 0.517312 0.000000
vt 0.614118 0.516842 0.000000
vt 0.620823 0.519100 0.000000
vt 0.452093 0.395036 0.000000
vt 0.776521 0.264624 0.000000
vt 0.844878 0.265983 0.000000
vt 0.893017 0.282179 0.000000
vt 0.723628 0.365951 0.000000
vt 0.738427 0.317467 0.000000
vt 0.423163 0.371110 0.000000
vt 0.436956 0.368389 0.000000
vt 0.453708 0.365457 0.000000
vt 0.469414 0.364152 0.000000
vt 0.484689 0.364682 0.000000
vt 0.404109 0.377955 0.000000
vt 0.406408 0.374852 0.000000
vt 0.499651 0.366547 0.000000
vt 0.520341 0.366295 0.000000
vt 0.552543 0.358349 0.000000
vt 0.582021 0.346577 0.000000
vt 0.413254 0.371436 0.000000
vt 0.416628 0.371550 0.000000
vt 0.409633 0.372617 0.000000
vt 0.597259 0.279577 0.000000
# 5839 texture coords

o 2?_????___???
g 2?_????___???
f 3817/1 1267/2 1/3 1268/4 
f 1267/2 3818/6 1269/7 1/3 
f 1/3 1269/7 3819/11 1270/12 
f 1268/4 1/3 1270/12 3820/16 
f 3818/6 1271/18 6/19 1269/7 
f 1271/18 3821/22 1272/23 6/19 
f 6/19 1272/23 3822/27 1273/28 
f 1269/7 6/19 1273/28 3819/11 
f 3821/22 1274/34 11/35 1272/23 
f 1274/34 3823/38 1275/39 11/35 
f 11/35 1275/39 3824/43 1276/44 
f 1272/23 11/35 1276/44 3822/27 
f 3825/49 1277/50 16/51 1278/52 
f 1277/50 3826/54 1279/55 16/51 
f 16/51 1279/55 3827/59 1280/60 
f 1278/52 16/51 1280/60 3828/64 
f 3826/54 1281/66 19/67 1279/55 
f 1281/66 3829/70 1282/71 19/67 
f 19/67 1282/71 3830/75 1283/76 
f 1279/55 19/67 1283/76 3827/59 
f 3829/70 1284/82 23/83 1282/71 
f 1284/82 3831/86 1285/87 23/83 
f 23/83 1285/87 3832/91 1286/92 
f 1282/71 23/83 1286/92 3830/75 
f 3831/86 1287/98 26/99 1285/87 
f 1287/98 3833/102 1288/103 26/99 
f 26/99 1288/103 3834/107 1289/108 
f 1285/87 26/99 1289/108 3832/91 
f 3833/102 1290/114 29/115 1288/103 
f 1290/114 3835/118 1291/119 29/115 
f 29/115 1291/119 3836/123 1292/124 
f 1288/103 29/115 1292/124 3834/107 
f 3835/118 1293/130 33/131 1291/119 
f 1293/130 3837/134 1294/135 33/131 
f 33/131 1294/135 3838/139 1295/140 
f 1291/119 33/131 1295/140 3836/123 
f 3837/134 1296/146 36/147 1294/135 
f 1296/146 3839/150 1297/151 36/147 
f 36/147 1297/151 3840/155 1298/156 
f 1294/135 36/147 1298/156 3838/139 
f 3839/150 1299/162 39/163 1297/151 
f 1299/162 3841/166 1300/167 39/163 
f 39/163 1300/167 3842/171 1301/172 
f 1297/151 39/163 1301/172 3840/155 
f 3841/166 1302/178 2/179 1300/167 
f 1302/178 3817/1 1268/4 2/179 
f 2/179 1268/4 3820/16 1303/188 
f 1300/167 2/179 1303/188 3842/171 
f 3835/118 1304/194 32/195 1293/130 
f 1304/194 3843/198 1305/199 32/195 
f 32/195 1305/199 3844/203 1306/204 
f 1293/130 32/195 1306/204 3837/134 
f 3837/134 1306/204 35/211 1296/146 
f 1306/204 3844/203 1307/215 35/211 
f 35/211 1307/215 3845/219 1308/220 
f 1296/146 35/211 1308/220 3839/150 
f 3839/150 1308/220 38/227 1299/162 
f 1308/220 3845/219 1309/231 38/227 
f 38/227 1309/231 3846/235 1310/236 
f 1299/162 38/227 1310/236 3841/166 
f 3847/241 1311/242 47/243 1312/244 
f 1311/242 3848/246 1313/247 47/243 
f 47/243 1313/247 3849/251 1314/252 
f 1312/244 47/243 1314/252 3850/256 
f 3851/257 1315/258 50/259 1316/260 
f 1315/258 3852/262 1317/263 50/259 
f 50/259 1317/263 3848/246 1311/242 
f 1316/260 50/259 1311/242 3847/241 
f 3853/273 1318/274 57/275 1319/276 
f 1318/274 3854/278 1320/279 57/275 
f 57/275 1320/279 3852/262 1315/258 
f 1319/276 57/275 1315/258 3851/257 
f 3855/289 1321/290 63/291 1322/292 
f 1321/290 3856/294 1323/295 63/291 
f 63/291 1323/295 3857/299 1324/300 
f 1322/292 63/291 1324/300 3858/304 
f 3859/305 1325/306 66/307 1326/308 
f 1325/306 3860/310 1327/311 66/307 
f 66/307 1327/311 3856/294 1321/290 
f 1326/308 66/307 1321/290 3855/289 
f 3861/321 1328/322 72/323 1329/324 
f 1328/322 3862/326 1330/327 72/323 
f 72/323 1330/327 3860/310 1325/306 
f 1329/324 72/323 1325/306 3859/305 
f 3863/337 1331/338 75/339 1332/340 
f 1331/338 3864/342 1333/343 75/339 
f 75/339 1333/343 3862/326 1328/322 
f 1332/340 75/339 1328/322 3861/321 
f 3865/353 1334/354 78/355 1335/356 
f 1334/354 3866/358 1336/359 78/355 
f 78/355 1336/359 3864/342 1331/338 
f 1335/356 78/355 1331/338 3863/337 
f 3867/369 1337/370 81/371 1338/372 
f 1337/370 3868/374 1339/375 81/371 
f 81/371 1339/375 3866/358 1334/354 
f 1338/372 81/371 1334/354 3865/353 
f 3869/385 1340/386 84/387 1341/388 
f 1340/386 3870/390 1342/391 84/387 
f 84/387 1342/391 3868/374 1337/370 
f 1341/388 84/387 1337/370 3867/369 
f 3871/401 1343/402 87/403 1344/404 
f 1343/402 3872/406 1345/407 87/403 
f 87/403 1345/407 3870/390 1340/386 
f 1344/404 87/403 1340/386 3869/385 
f 3850/256 1314/252 54/419 1346/420 
f 1314/252 3849/251 1347/423 54/419 
f 54/419 1347/423 3872/406 1343/402 
f 1346/420 54/419 1343/402 3871/401 
f 3848/246 1348/434 52/435 1313/247 
f 1348/434 5066/438 1349/439 52/435 
f 52/435 1349/439 5067/443 1350/444 
f 1313/247 52/435 1350/444 3849/251 
f 3852/262 1351/450 51/451 1317/263 
f 1351/450 5068/454 1352/455 51/451 
f 51/451 1352/455 5066/438 1348/434 
f 1317/263 51/451 1348/434 3848/246 
f 3854/278 1353/466 58/467 1320/279 
f 1353/466 5069/470 1354/471 58/467 
f 58/467 1354/471 5068/454 1351/450 
f 1320/279 58/467 1351/450 3852/262 
f 3856/294 1355/482 68/483 1323/295 
f 1355/482 5070/486 1356/487 68/483 
f 68/483 1356/487 5071/491 1357/492 
f 1323/295 68/483 1357/492 3857/299 
f 3860/310 1358/498 67/499 1327/311 
f 1358/498 5072/502 1359/503 67/499 
f 67/499 1359/503 5070/486 1355/482 
f 1327/311 67/499 1355/482 3856/294 
f 3862/326 1360/514 73/515 1330/327 
f 1360/514 5073/518 1361/519 73/515 
f 73/515 1361/519 5072/502 1358/498 
f 1330/327 73/515 1358/498 3860/310 
f 3864/342 1362/530 76/531 1333/343 
f 1362/530 3881/534 1363/535 76/531 
f 76/531 1363/535 5073/518 1360/514 
f 1333/343 76/531 1360/514 3862/326 
f 3866/358 1364/546 79/547 1336/359 
f 1364/546 3882/550 1365/551 79/547 
f 79/547 1365/551 3881/534 1362/530 
f 1336/359 79/547 1362/530 3864/342 
f 3868/374 1366/562 82/563 1339/375 
f 1366/562 3883/566 1367/567 82/563 
f 82/563 1367/567 3882/550 1364/546 
f 1339/375 82/563 1364/546 3866/358 
f 3870/390 1368/578 85/579 1342/391 
f 1368/578 3884/582 1369/583 85/579 
f 85/579 1369/583 3883/566 1366/562 
f 1342/391 85/579 1366/562 3868/374 
f 3872/406 1370/594 88/595 1345/407 
f 1370/594 5074/598 1371/599 88/595 
f 88/595 1371/599 3884/582 1368/578 
f 1345/407 88/595 1368/578 3870/390 
f 3849/251 1350/444 53/611 1347/423 
f 1350/444 5067/443 1372/615 53/611 
f 53/611 1372/615 5074/598 1370/594 
f 1347/423 53/611 1370/594 3872/406 
f 3884/582 1373/626 89/627 1369/583 
f 1373/626 3881/534 1365/551 89/627 
f 89/627 1365/551 3882/550 1367/567 
f 1369/583 89/627 1367/567 3883/566 
f 3853/273 1374/642 59/643 1375/644 
f 1374/642 3886/646 1376/647 59/643 
f 59/643 1376/647 3887/651 1377/652 
f 1375/644 59/643 1377/652 3858/304 
f 3888/657 1378/658 91/659 1379/660 
f 1378/658 3889/662 1380/663 91/659 
f 91/659 1380/663 3890/667 1381/668 
f 1379/660 91/659 1381/668 3891/672 
f 3889/662 1382/674 92/675 1380/663 
f 1382/674 3892/678 1383/679 92/675 
f 92/675 1383/679 3893/683 1384/684 
f 1380/663 92/675 1384/684 3890/667 
f 3857/299 1385/690 70/691 1324/300 
f 1385/690 3889/662 1378/658 70/691 
f 70/691 1378/658 3888/657 1386/700 
f 1324/300 70/691 1386/700 3858/304 
f 3858/304 1386/700 60/707 1375/644 
f 1386/700 3888/657 1379/660 60/707 
f 60/707 1379/660 3891/672 1387/716 
f 1375/644 60/707 1387/716 3853/273 
f 3853/273 1387/716 61/723 1318/274 
f 1387/716 3891/672 1381/668 61/723 
f 61/723 1381/668 3890/667 1388/732 
f 1318/274 61/723 1388/732 3854/278 
f 3854/278 1388/732 62/739 1353/466 
f 1388/732 3890/667 1384/684 62/739 
f 62/739 1384/684 3893/683 1389/748 
f 1353/466 62/739 1389/748 5069/470 
f 5069/470 1389/748 93/755 1390/756 
f 1389/748 3893/683 1383/679 93/755 
f 93/755 1383/679 3892/678 1391/764 
f 1390/756 93/755 1391/764 5071/491 
f 5071/491 1391/764 69/771 1357/492 
f 1391/764 3892/678 1382/674 69/771 
f 69/771 1382/674 3889/662 1385/690 
f 1357/492 69/771 1385/690 3857/299 
f 3820/16 1270/12 8/787 1392/788 
f 1270/12 3819/11 1393/791 8/787 
f 8/787 1393/791 3894/795 1394/796 
f 1392/788 8/787 1394/796 3895/800 
f 3819/11 1273/28 7/803 1393/791 
f 1273/28 3822/27 1395/807 7/803 
f 7/803 1395/807 3896/811 1396/812 
f 1393/791 7/803 1396/812 3894/795 
f 3822/27 1276/44 12/819 1395/807 
f 1276/44 3824/43 1397/823 12/819 
f 12/819 1397/823 3886/646 1398/828 
f 1395/807 12/819 1398/828 3896/811 
f 3828/64 1280/60 21/835 1399/836 
f 1280/60 3827/59 1400/839 21/835 
f 21/835 1400/839 3897/843 1401/844 
f 1399/836 21/835 1401/844 3887/651 
f 3827/59 1283/76 20/851 1400/839 
f 1283/76 3830/75 1402/855 20/851 
f 20/851 1402/855 3898/859 1403/860 
f 1400/839 20/851 1403/860 3897/843 
f 3830/75 1286/92 24/867 1402/855 
f 1286/92 3832/91 1404/871 24/867 
f 24/867 1404/871 3899/875 1405/876 
f 1402/855 24/867 1405/876 3898/859 
f 3832/91 1289/108 27/883 1404/871 
f 1289/108 3834/107 1406/887 27/883 
f 27/883 1406/887 3900/891 1407/892 
f 1404/871 27/883 1407/892 3899/875 
f 3834/107 1292/124 30/899 1406/887 
f 1292/124 3836/123 1408/903 30/899 
f 30/899 1408/903 3901/907 1409/908 
f 1406/887 30/899 1409/908 3900/891 
f 3836/123 1295/140 34/915 1408/903 
f 1295/140 3838/139 1410/919 34/915 
f 34/915 1410/919 3902/923 1411/924 
f 1408/903 34/915 1411/924 3901/907 
f 3838/139 1298/156 37/931 1410/919 
f 1298/156 3840/155 1412/935 37/931 
f 37/931 1412/935 3903/939 1413/940 
f 1410/919 37/931 1413/940 3902/923 
f 3840/155 1301/172 40/947 1412/935 
f 1301/172 3842/171 1414/951 40/947 
f 40/947 1414/951 3904/955 1415/956 
f 1412/935 40/947 1415/956 3903/939 
f 3842/171 1303/188 9/963 1414/951 
f 1303/188 3820/16 1392/788 9/963 
f 9/963 1392/788 3895/800 1416/972 
f 1414/951 9/963 1416/972 3904/955 
f 3828/64 1417/978 14/979 1278/52 
f 1417/978 3824/43 1275/39 14/979 
f 14/979 1275/39 3823/38 1418/988 
f 1278/52 14/979 1418/988 3825/49 
f 3887/651 1376/647 15/995 1399/836 
f 1376/647 3886/646 1397/823 15/995 
f 15/995 1397/823 3824/43 1417/978 
f 1399/836 15/995 1417/978 3828/64 
f 3895/800 1394/796 48/1011 1419/1012 
f 1394/796 3894/795 1420/1015 48/1011 
f 48/1011 1420/1015 3847/241 1312/244 
f 1419/1012 48/1011 1312/244 3850/256 
f 3894/795 1396/812 49/1027 1420/1015 
f 1396/812 3896/811 1421/1031 49/1027 
f 49/1027 1421/1031 3851/257 1316/260 
f 1420/1015 49/1027 1316/260 3847/241 
f 3896/811 1398/828 56/1043 1421/1031 
f 1398/828 3886/646 1374/642 56/1043 
f 56/1043 1374/642 3853/273 1319/276 
f 1421/1031 56/1043 1319/276 3851/257 
f 3887/651 1401/844 64/1059 1377/652 
f 1401/844 3897/843 1422/1063 64/1059 
f 64/1059 1422/1063 3855/289 1322/292 
f 1377/652 64/1059 1322/292 3858/304 
f 3897/843 1403/860 65/1075 1422/1063 
f 1403/860 3898/859 1423/1079 65/1075 
f 65/1075 1423/1079 3859/305 1326/308 
f 1422/1063 65/1075 1326/308 3855/289 
f 3898/859 1405/876 71/1091 1423/1079 
f 1405/876 3899/875 1424/1095 71/1091 
f 71/1091 1424/1095 3861/321 1329/324 
f 1423/1079 71/1091 1329/324 3859/305 
f 3899/875 1407/892 74/1107 1424/1095 
f 1407/892 3900/891 1425/1111 74/1107 
f 74/1107 1425/1111 3863/337 1332/340 
f 1424/1095 74/1107 1332/340 3861/321 
f 3900/891 1409/908 77/1123 1425/1111 
f 1409/908 3901/907 1426/1127 77/1123 
f 77/1123 1426/1127 3865/353 1335/356 
f 1425/1111 77/1123 1335/356 3863/337 
f 3901/907 1411/924 80/1139 1426/1127 
f 1411/924 3902/923 1427/1143 80/1139 
f 80/1139 1427/1143 3867/369 1338/372 
f 1426/1127 80/1139 1338/372 3865/353 
f 3902/923 1413/940 83/1155 1427/1143 
f 1413/940 3903/939 1428/1159 83/1155 
f 83/1155 1428/1159 3869/385 1341/388 
f 1427/1143 83/1155 1341/388 3867/369 
f 3903/939 1415/956 86/1171 1428/1159 
f 1415/956 3904/955 1429/1175 86/1171 
f 86/1171 1429/1175 3871/401 1344/404 
f 1428/1159 86/1171 1344/404 3869/385 
f 3904/955 1416/972 55/1187 1429/1175 
f 1416/972 3895/800 1419/1012 55/1187 
f 55/1187 1419/1012 3850/256 1346/420 
f 1429/1175 55/1187 1346/420 3871/401 
f 3835/118 1430/1202 31/1203 1304/194 
f 1430/1202 3905/1206 1431/1207 31/1203 
f 31/1203 1431/1207 3906/1211 1432/1212 
f 1304/194 31/1203 1432/1212 3843/198 
f 3907/1217 1433/1218 97/1219 1434/1220 
f 1433/1218 3908/1222 1435/1223 97/1219 
f 97/1219 1435/1223 3909/1227 1436/1228 
f 1434/1220 97/1219 1436/1228 3910/1232 
f 3908/1222 1437/1234 99/1235 1435/1223 
f 1437/1234 3911/1238 1438/1239 99/1235 
f 99/1235 1438/1239 3912/1243 1439/1244 
f 1435/1223 99/1235 1439/1244 3909/1227 
f 3908/1222 1440/1250 94/1251 1437/1234 
f 1440/1250 3905/1206 1441/1255 94/1251 
f 94/1251 1441/1255 3913/1259 1442/1260 
f 1437/1234 94/1251 1442/1260 3911/1238 
f 3846/235 1443/1266 41/1267 1310/236 
f 1443/1266 3914/1270 1444/1271 41/1267 
f 41/1267 1444/1271 3915/1275 1445/1276 
f 1310/236 41/1267 1445/1276 3841/166 
f 3914/1270 1446/1282 108/1283 1444/1271 
f 1446/1282 3916/1286 1447/1287 108/1283 
f 108/1283 1447/1287 3917/1291 1448/1292 
f 1444/1271 108/1283 1448/1292 3915/1275 
f 3916/1286 1449/1298 111/1299 1447/1287 
f 1449/1298 3918/1302 1450/1303 111/1299 
f 111/1299 1450/1303 3919/1307 1451/1308 
f 1447/1287 111/1299 1451/1308 3917/1291 
f 3918/1302 1452/1314 114/1315 1450/1303 
f 1452/1314 3920/1318 1453/1319 114/1315 
f 114/1315 1453/1319 3921/1323 1454/1324 
f 1450/1303 114/1315 1454/1324 3919/1307 
f 3922/1329 1455/1330 119/1331 1456/1332 
f 1455/1330 3923/1334 1457/1335 119/1331 
f 119/1331 1457/1335 3924/1339 1458/1340 
f 1456/1332 119/1331 1458/1340 3925/1344 
f 3926/1345 1459/1346 125/1347 1460/1348 
f 1459/1346 3927/1350 1461/1351 125/1347 
f 125/1347 1461/1351 3928/1355 1462/1356 
f 1460/1348 125/1347 1462/1356 3929/1360 
f 3927/1350 1463/1362 128/1363 1461/1351 
f 1463/1362 3930/1366 1464/1367 128/1363 
f 128/1363 1464/1367 3931/1371 1465/1372 
f 1461/1351 128/1363 1465/1372 3928/1355 
f 3932/1377 1466/1378 134/1379 1467/1380 
f 1466/1378 3933/1382 1468/1383 134/1379 
f 134/1379 1468/1383 3934/1387 1469/1388 
f 1467/1380 134/1379 1469/1388 3935/1392 
f 3906/1211 1431/1207 95/1395 1470/1396 
f 1431/1207 3905/1206 1440/1250 95/1395 
f 95/1395 1440/1250 3908/1222 1433/1218 
f 1470/1396 95/1395 1433/1218 3907/1217 
f 3913/1259 1441/1255 28/1411 1471/1412 
f 1441/1255 3905/1206 1430/1202 28/1411 
f 28/1411 1430/1202 3835/118 1290/114 
f 1471/1412 28/1411 1290/114 3833/102 
f 3913/1259 1472/1426 103/1427 1442/1260 
f 1472/1426 3936/1430 1473/1431 103/1427 
f 103/1427 1473/1431 3937/1435 1474/1436 
f 1442/1260 103/1427 1474/1436 3911/1238 
f 3913/1259 1471/1412 25/1443 1472/1426 
f 1471/1412 3833/102 1287/98 25/1443 
f 25/1443 1287/98 3831/86 1475/1452 
f 1472/1426 25/1443 1475/1452 3936/1430 
f 3823/38 1476/1458 13/1459 1418/988 
f 1476/1458 3938/1462 1477/1463 13/1459 
f 13/1459 1477/1463 3939/1467 1478/1468 
f 1418/988 13/1459 1478/1468 3825/49 
f 3940/1473 1479/1474 146/1475 1480/1476 
f 1479/1474 3941/1478 1481/1479 146/1475 
f 146/1475 1481/1479 3942/1483 1482/1484 
f 1480/1476 146/1475 1482/1484 3943/1488 
f 3944/1489 1483/1490 130/1491 1484/1492 
f 1483/1490 3929/1360 1462/1356 130/1491 
f 130/1491 1462/1356 3928/1355 1485/1500 
f 1484/1492 130/1491 1485/1500 3945/1504 
f 3817/1 1486/1506 4/1507 1267/2 
f 1486/1506 3946/1510 1487/1511 4/1507 
f 4/1507 1487/1511 3947/1515 1488/1516 
f 1267/2 4/1507 1488/1516 3818/6 
f 3946/1510 1489/1522 152/1523 1487/1511 
f 1489/1522 3948/1526 1490/1527 152/1523 
f 152/1523 1490/1527 3949/1531 1491/1532 
f 1487/1511 152/1523 1491/1532 3947/1515 
f 3939/1467 1477/1463 144/1539 1492/1540 
f 1477/1463 3938/1462 1493/1543 144/1539 
f 144/1539 1493/1543 3940/1473 1480/1476 
f 1492/1540 144/1539 1480/1476 3943/1488 
f 3817/1 1302/178 3/1555 1486/1506 
f 1302/178 3841/166 1445/1276 3/1555 
f 3/1555 1445/1276 3915/1275 1494/1564 
f 1486/1506 3/1555 1494/1564 3946/1510 
f 3946/1510 1494/1564 109/1571 1489/1522 
f 1494/1564 3915/1275 1448/1292 109/1571 
f 109/1571 1448/1292 3917/1291 1495/1580 
f 1489/1522 109/1571 1495/1580 3948/1526 
f 3949/1531 1496/1586 153/1587 1491/1532 
f 1496/1586 3950/1590 1497/1591 153/1587 
f 153/1587 1497/1591 3951/1595 1498/1596 
f 1491/1532 153/1587 1498/1596 3947/1515 
f 3951/1595 1497/1591 143/1603 1499/1604 
f 1497/1591 3950/1590 1500/1607 143/1603 
f 143/1603 1500/1607 3940/1473 1493/1543 
f 1499/1604 143/1603 1493/1543 3938/1462 
f 3951/1595 1501/1618 5/1619 1498/1596 
f 1501/1618 3821/22 1271/18 5/1619 
f 5/1619 1271/18 3818/6 1488/1516 
f 1498/1596 5/1619 1488/1516 3947/1515 
f 3938/1462 1476/1458 10/1635 1499/1604 
f 1476/1458 3823/38 1274/34 10/1635 
f 10/1635 1274/34 3821/22 1501/1618 
f 1499/1604 10/1635 1501/1618 3951/1595 
f 3948/1526 1502/1650 154/1651 1490/1527 
f 1502/1650 3952/1654 1503/1655 154/1651 
f 154/1651 1503/1655 3953/1659 1504/1660 
f 1490/1527 154/1651 1504/1660 3949/1531 
f 3948/1526 1495/1580 112/1667 1502/1650 
f 1495/1580 3917/1291 1451/1308 112/1667 
f 112/1667 1451/1308 3919/1307 1505/1676 
f 1502/1650 112/1667 1505/1676 3952/1654 
f 3942/1483 1481/1479 149/1683 1506/1684 
f 1481/1479 3941/1478 1507/1687 149/1683 
f 149/1683 1507/1687 3944/1489 1484/1492 
f 1506/1684 149/1683 1484/1492 3945/1504 
f 3950/1590 1508/1698 147/1699 1500/1607 
f 1508/1698 3954/1702 1509/1703 147/1699 
f 147/1699 1509/1703 3941/1478 1479/1474 
f 1500/1607 147/1699 1479/1474 3940/1473 
f 3950/1590 1496/1586 155/1715 1508/1698 
f 1496/1586 3949/1531 1504/1660 155/1715 
f 155/1715 1504/1660 3953/1659 1510/1724 
f 1508/1698 155/1715 1510/1724 3954/1702 
f 3924/1339 1457/1335 122/1731 1511/1732 
f 1457/1335 3923/1334 1512/1735 122/1731 
f 122/1731 1512/1735 3926/1345 1460/1348 
f 1511/1732 122/1731 1460/1348 3929/1360 
f 3953/1659 1513/1746 157/1747 1510/1724 
f 1513/1746 3955/1750 1514/1751 157/1747 
f 157/1747 1514/1751 3956/1755 1515/1756 
f 1510/1724 157/1747 1515/1756 3954/1702 
f 3956/1755 1514/1751 124/1763 1516/1764 
f 1514/1751 3955/1750 1517/1767 124/1763 
f 124/1763 1517/1767 3925/1344 1458/1340 
f 1516/1764 124/1763 1458/1340 3924/1339 
f 3956/1755 1518/1778 148/1779 1515/1756 
f 1518/1778 3944/1489 1507/1687 148/1779 
f 148/1779 1507/1687 3941/1478 1509/1703 
f 1515/1756 148/1779 1509/1703 3954/1702 
f 3956/1755 1516/1764 123/1795 1518/1778 
f 1516/1764 3924/1339 1511/1732 123/1795 
f 123/1795 1511/1732 3929/1360 1483/1490 
f 1518/1778 123/1795 1483/1490 3944/1489 
f 3955/1750 1519/1810 118/1811 1517/1767 
f 1519/1810 3957/1814 1520/1815 118/1811 
f 118/1811 1520/1815 3921/1323 1521/1820 
f 1517/1767 118/1811 1521/1820 3925/1344 
f 3921/1323 1453/1319 117/1827 1521/1820 
f 1453/1319 3920/1318 1522/1831 117/1827 
f 117/1827 1522/1831 3922/1329 1456/1332 
f 1521/1820 117/1827 1456/1332 3925/1344 
f 3921/1323 1520/1815 115/1843 1454/1324 
f 1520/1815 3957/1814 1523/1847 115/1843 
f 115/1843 1523/1847 3952/1654 1505/1676 
f 1454/1324 115/1843 1505/1676 3919/1307 
f 3957/1814 1519/1810 156/1859 1523/1847 
f 1519/1810 3955/1750 1513/1746 156/1859 
f 156/1859 1513/1746 3953/1659 1503/1655 
f 1523/1847 156/1859 1503/1655 3952/1654 
f 3931/1371 1464/1367 132/1875 1524/1876 
f 1464/1367 3930/1366 1525/1879 132/1875 
f 132/1875 1525/1879 3932/1377 1467/1380 
f 1524/1876 132/1875 1467/1380 3935/1392 
f 3935/1392 1526/1890 133/1891 1524/1876 
f 1526/1890 3958/1894 1527/1895 133/1891 
f 133/1891 1527/1895 3959/1899 1528/1900 
f 1524/1876 133/1891 1528/1900 3931/1371 
f 3960/1905 1529/1906 159/1907 1530/1908 
f 1529/1906 3961/1910 1531/1911 159/1907 
f 159/1907 1531/1911 3962/1915 1532/1916 
f 1530/1908 159/1907 1532/1916 3963/1920 
f 3963/1920 1532/1916 18/1923 1533/1924 
f 1532/1916 3962/1915 1534/1927 18/1923 
f 18/1923 1534/1927 3829/70 1281/66 
f 1533/1924 18/1923 1281/66 3826/54 
f 3959/1899 1527/1895 158/1939 1535/1940 
f 1527/1895 3958/1894 1536/1943 158/1939 
f 158/1939 1536/1943 3964/1947 1537/1948 
f 1535/1940 158/1939 1537/1948 3965/1952 
f 3959/1899 1538/1954 129/1955 1528/1900 
f 1538/1954 3945/1504 1485/1500 129/1955 
f 129/1955 1485/1500 3928/1355 1465/1372 
f 1528/1900 129/1955 1465/1372 3931/1371 
f 3826/54 1277/50 17/1971 1533/1924 
f 1277/50 3825/49 1478/1468 17/1971 
f 17/1971 1478/1468 3939/1467 1539/1980 
f 1533/1924 17/1971 1539/1980 3963/1920 
f 3965/1952 1537/1948 160/1987 1540/1988 
f 1537/1948 3964/1947 1541/1991 160/1987 
f 160/1987 1541/1991 3961/1910 1529/1906 
f 1540/1988 160/1987 1529/1906 3960/1905 
f 3960/1905 1542/2002 151/2003 1540/1988 
f 1542/2002 3943/1488 1482/1484 151/2003 
f 151/2003 1482/1484 3942/1483 1543/2012 
f 1540/1988 151/2003 1543/2012 3965/1952 
f 3960/1905 1530/1908 145/2019 1542/2002 
f 1530/1908 3963/1920 1539/1980 145/2019 
f 145/2019 1539/1980 3939/1467 1492/1540 
f 1542/2002 145/2019 1492/1540 3943/1488 
f 3942/1483 1506/1684 150/2035 1543/2012 
f 1506/1684 3945/1504 1538/1954 150/2035 
f 150/2035 1538/1954 3959/1899 1535/1940 
f 1543/2012 150/2035 1535/1940 3965/1952 
f 3966/2049 1544/2050 165/2051 1545/2052 
f 1544/2050 3967/2054 1546/2055 165/2051 
f 165/2051 1546/2055 3968/2059 1547/2060 
f 1545/2052 165/2051 1547/2060 3969/2064 
f 3970/2065 1548/2066 174/2067 1549/2068 
f 1548/2066 3971/2070 1550/2071 174/2067 
f 174/2067 1550/2071 3972/2075 1551/2076 
f 1549/2068 174/2067 1551/2076 3973/2080 
f 3974/2081 1552/2082 183/2083 1553/2084 
f 1552/2082 3975/2086 1554/2087 183/2083 
f 183/2083 1554/2087 3976/2091 1555/2092 
f 1553/2084 183/2083 1555/2092 3977/2096 
f 3978/2097 1556/2098 191/2099 1557/2100 
f 1556/2098 3979/2102 1558/2103 191/2099 
f 191/2099 1558/2103 3980/2107 1559/2108 
f 1557/2100 191/2099 1559/2108 3981/2112 
f 3978/2097 1560/2114 194/2115 1556/2098 
f 1560/2114 3982/2118 1561/2119 194/2115 
f 194/2115 1561/2119 3983/2123 1562/2124 
f 1556/2098 194/2115 1562/2124 3979/2102 
f 3984/2129 1563/2130 138/2131 1564/2132 
f 1563/2130 3983/2123 1565/2135 138/2131 
f 138/2131 1565/2135 3934/1387 1566/2140 
f 1564/2132 138/2131 1566/2140 3985/2144 
f 3986/2145 1567/2146 175/2147 1568/2148 
f 1567/2146 3987/2150 1569/2151 175/2147 
f 175/2147 1569/2151 3970/2065 1549/2068 
f 1568/2148 175/2147 1549/2068 3973/2080 
f 3987/2150 1570/2162 176/2163 1569/2151 
f 1570/2162 3988/2166 1571/2167 176/2163 
f 176/2163 1571/2167 3989/2171 1572/2172 
f 1569/2151 176/2163 1572/2172 3970/2065 
f 3966/2049 1573/2178 168/2179 1544/2050 
f 1573/2178 3990/2182 1574/2183 168/2179 
f 168/2179 1574/2183 3991/2187 1575/2188 
f 1544/2050 168/2179 1575/2188 3967/2054 
f 3992/2193 1576/2194 213/2195 1577/2196 
f 1576/2194 3993/2198 1578/2199 213/2195 
f 213/2195 1578/2199 3994/2203 1579/2204 
f 1577/2196 213/2195 1579/2204 3995/2208 
f 3994/2203 1578/2199 216/2211 1580/2212 
f 1578/2199 3993/2198 1581/2215 216/2211 
f 216/2211 1581/2215 3996/2219 1582/2220 
f 1580/2212 216/2211 1582/2220 3997/2224 
f 3998/2225 1583/2226 184/2227 1584/2228 
f 1583/2226 3999/2230 1585/2231 184/2227 
f 184/2227 1585/2231 3974/2081 1553/2084 
f 1584/2228 184/2227 1553/2084 3977/2096 
f 3972/2075 1550/2071 179/2243 1586/2244 
f 1550/2071 3971/2070 1587/2247 179/2243 
f 179/2243 1587/2247 4000/2251 1588/2252 
f 1586/2244 179/2243 1588/2252 4001/2256 
f 4002/2257 1589/2258 166/2259 1590/2260 
f 1589/2258 4003/2262 1591/2263 166/2259 
f 166/2259 1591/2263 3966/2049 1545/2052 
f 1590/2260 166/2259 1545/2052 3969/2064 
f 3967/2054 1592/2274 170/2275 1546/2055 
f 1592/2274 4004/2278 1593/2279 170/2275 
f 170/2275 1593/2279 4005/2283 1594/2284 
f 1546/2055 170/2275 1594/2284 3968/2059 
f 3986/2145 1595/2290 205/2291 1567/2146 
f 1595/2290 4006/2294 1596/2295 205/2291 
f 205/2291 1596/2295 4007/2299 1597/2300 
f 1567/2146 205/2291 1597/2300 3987/2150 
f 3995/2208 1598/2306 212/2307 1599/2308 
f 1598/2306 4008/2310 1600/2311 212/2307 
f 212/2307 1600/2311 4009/2315 1601/2316 
f 1599/2308 212/2307 1601/2316 3991/2187 
f 3987/2150 1597/2300 206/2323 1570/2162 
f 1597/2300 4007/2299 1602/2327 206/2323 
f 206/2323 1602/2327 4010/2331 1603/2332 
f 1570/2162 206/2323 1603/2332 3988/2166 
f 3997/2224 1604/2338 217/2339 1580/2212 
f 1604/2338 4011/2342 1605/2343 217/2339 
f 217/2339 1605/2343 4012/2347 1606/2348 
f 1580/2212 217/2339 1606/2348 3994/2203 
f 3994/2203 1606/2348 218/2355 1579/2204 
f 1606/2348 4012/2347 1607/2359 218/2355 
f 218/2355 1607/2359 4008/2310 1598/2306 
f 1579/2204 218/2355 1598/2306 3995/2208 
f 3989/2171 1571/2167 208/2371 1608/2372 
f 1571/2167 3988/2166 1609/2375 208/2371 
f 208/2371 1609/2375 3997/2224 1582/2220 
f 1608/2372 208/2371 1582/2220 3996/2219 
f 3991/2187 1574/2183 211/2387 1599/2308 
f 1574/2183 3990/2182 1610/2391 211/2387 
f 211/2387 1610/2391 3992/2193 1577/2196 
f 1599/2308 211/2387 1577/2196 3995/2208 
f 3991/2187 1601/2316 169/2403 1575/2188 
f 1601/2316 4009/2315 1611/2407 169/2403 
f 169/2403 1611/2407 4004/2278 1592/2274 
f 1575/2188 169/2403 1592/2274 3967/2054 
f 3988/2166 1603/2332 207/2419 1609/2375 
f 1603/2332 4010/2331 1612/2423 207/2419 
f 207/2419 1612/2423 4011/2342 1604/2338 
f 1609/2375 207/2419 1604/2338 3997/2224 
f 3990/2182 1613/2434 210/2435 1610/2391 
f 1613/2434 4013/2438 1614/2439 210/2435 
f 210/2435 1614/2439 4014/2443 1615/2444 
f 1610/2391 210/2435 1615/2444 3992/2193 
f 3990/2182 1573/2178 167/2451 1613/2434 
f 1573/2178 3966/2049 1591/2263 167/2451 
f 167/2451 1591/2263 4003/2262 1616/2460 
f 1613/2434 167/2451 1616/2460 4013/2438 
f 3993/2198 1617/2466 215/2467 1581/2215 
f 1617/2466 4015/2470 1618/2471 215/2467 
f 215/2467 1618/2471 4016/2475 1619/2476 
f 1581/2215 215/2467 1619/2476 3996/2219 
f 3993/2198 1576/2194 214/2483 1617/2466 
f 1576/2194 3992/2193 1615/2444 214/2483 
f 214/2483 1615/2444 4014/2443 1620/2492 
f 1617/2466 214/2483 1620/2492 4015/2470 
f 3996/2219 1619/2476 209/2499 1608/2372 
f 1619/2476 4016/2475 1621/2503 209/2499 
f 209/2499 1621/2503 4017/2507 1622/2508 
f 1608/2372 209/2499 1622/2508 3989/2171 
f 4017/2507 1623/2514 177/2515 1622/2508 
f 1623/2514 3971/2070 1548/2066 177/2515 
f 177/2515 1548/2066 3970/2065 1572/2172 
f 1622/2508 177/2515 1572/2172 3989/2171 
f 4005/2283 1593/2279 225/2531 1624/2532 
f 1593/2279 4004/2278 1625/2535 225/2531 
f 225/2531 1625/2535 5075/2539 1626/2540 
f 1624/2532 225/2531 1626/2540 5076/2544 
f 4007/2299 1596/2295 228/2547 1627/2548 
f 1596/2295 4006/2294 1628/2551 228/2547 
f 228/2547 1628/2551 5077/2555 1629/2556 
f 1627/2548 228/2547 1629/2556 5078/2560 
f 4009/2315 1600/2311 231/2563 1630/2564 
f 1600/2311 4008/2310 1631/2567 231/2563 
f 231/2563 1631/2567 5079/2571 1632/2572 
f 1630/2564 231/2563 1632/2572 5080/2576 
f 4010/2331 1602/2327 229/2579 1633/2580 
f 1602/2327 4007/2299 1627/2548 229/2579 
f 229/2579 1627/2548 5078/2560 1634/2588 
f 1633/2580 229/2579 1634/2588 5081/2592 
f 4012/2347 1605/2343 233/2595 1635/2596 
f 1605/2343 4011/2342 1636/2599 233/2595 
f 233/2595 1636/2599 5082/2603 1637/2604 
f 1635/2596 233/2595 1637/2604 5083/2608 
f 4008/2310 1607/2359 230/2611 1631/2567 
f 1607/2359 4012/2347 1635/2596 230/2611 
f 230/2611 1635/2596 5083/2608 1638/2620 
f 1631/2567 230/2611 1638/2620 5079/2571 
f 4004/2278 1611/2407 224/2627 1625/2535 
f 1611/2407 4009/2315 1630/2564 224/2627 
f 224/2627 1630/2564 5080/2576 1639/2636 
f 1625/2535 224/2627 1639/2636 5075/2539 
f 4011/2342 1612/2423 232/2643 1636/2599 
f 1612/2423 4010/2331 1633/2580 232/2643 
f 232/2643 1633/2580 5081/2592 1640/2652 
f 1636/2599 232/2643 1640/2652 5082/2603 
f 4001/2256 1588/2252 220/2659 1641/2660 
f 1588/2252 4000/2251 1642/2663 220/2659 
f 220/2659 1642/2663 3999/2230 1583/2226 
f 1641/2660 220/2659 1583/2226 3998/2225 
f 3999/2230 1643/2674 185/2675 1585/2231 
f 1643/2674 4027/2678 1644/2679 185/2675 
f 185/2675 1644/2679 4028/2683 1645/2684 
f 1585/2231 185/2675 1645/2684 3974/2081 
f 4029/2689 1646/2690 161/2691 1647/2692 
f 1646/2690 4030/2694 1648/2695 161/2691 
f 161/2691 1648/2695 3961/1910 1541/1991 
f 1647/2692 161/2691 1541/1991 3964/1947 
f 3976/2091 1554/2087 187/2707 1649/2708 
f 1554/2087 3975/2086 1650/2711 187/2707 
f 187/2707 1650/2711 4031/2715 1651/2716 
f 1649/2708 187/2707 1651/2716 4032/2720 
f 4029/2689 1652/2722 193/2723 1653/2724 
f 1652/2722 3978/2097 1654/2727 193/2723 
f 193/2723 1654/2727 4031/2715 1655/2732 
f 1653/2724 193/2723 1655/2732 4028/2683 
f 3964/1947 1656/2738 164/2739 1647/2692 
f 1656/2738 3982/2118 1560/2114 164/2739 
f 164/2739 1560/2114 3978/2097 1652/2722 
f 1647/2692 164/2739 1652/2722 4029/2689 
f 3982/2118 1656/2738 140/2755 1657/2756 
f 1656/2738 3964/1947 1536/1943 140/2755 
f 140/2755 1536/1943 3958/1894 1526/1890 
f 1657/2756 140/2755 1526/1890 3935/1392 
f 3829/70 1534/1927 22/2771 1284/82 
f 1534/1927 3962/1915 1658/2775 22/2771 
f 22/2771 1658/2775 3936/1430 1475/1452 
f 1284/82 22/2771 1475/1452 3831/86 
f 4014/2443 1659/2786 234/2787 1620/2492 
f 1659/2786 4033/2790 1660/2791 234/2787 
f 234/2787 1660/2791 4034/2795 1661/2796 
f 1620/2492 234/2787 1661/2796 4015/2470 
f 4030/2694 1662/2802 162/2803 1648/2695 
f 1662/2802 4035/2806 1663/2807 162/2803 
f 162/2803 1663/2807 4034/2795 1664/2812 
f 1648/2695 162/2803 1664/2812 3961/1910 
f 4034/2795 1660/2791 163/2819 1664/2812 
f 1660/2791 4033/2790 1665/2823 163/2819 
f 163/2819 1665/2823 3962/1915 1531/1911 
f 1664/2812 163/2819 1531/1911 3961/1910 
f 4034/2795 1663/2807 235/2835 1661/2796 
f 1663/2807 4035/2806 1666/2839 235/2835 
f 235/2835 1666/2839 4016/2475 1618/2471 
f 1661/2796 235/2835 1618/2471 4015/2470 
f 4035/2806 1667/2850 236/2851 1666/2839 
f 1667/2850 4036/2854 1668/2855 236/2851 
f 236/2851 1668/2855 4017/2507 1621/2503 
f 1666/2839 236/2851 1621/2503 4016/2475 
f 4017/2507 1668/2855 178/2867 1623/2514 
f 1668/2855 4036/2854 1669/2871 178/2867 
f 178/2867 1669/2871 4000/2251 1587/2247 
f 1623/2514 178/2867 1587/2247 3971/2070 
f 4028/2683 1644/2679 238/2883 1653/2724 
f 1644/2679 4027/2678 1670/2887 238/2883 
f 238/2883 1670/2887 4030/2694 1646/2690 
f 1653/2724 238/2883 1646/2690 4029/2689 
f 4032/2720 1651/2716 192/2899 1671/2900 
f 1651/2716 4031/2715 1654/2727 192/2899 
f 192/2899 1654/2727 3978/2097 1557/2100 
f 1671/2900 192/2899 1557/2100 3981/2112 
f 4028/2683 1655/2732 186/2915 1645/2684 
f 1655/2732 4031/2715 1650/2711 186/2915 
f 186/2915 1650/2711 3975/2086 1552/2082 
f 1645/2684 186/2915 1552/2082 3974/2081 
f 4035/2806 1662/2802 237/2931 1667/2850 
f 1662/2802 4030/2694 1670/2887 237/2931 
f 237/2931 1670/2887 4027/2678 1672/2940 
f 1667/2850 237/2931 1672/2940 4036/2854 
f 3999/2230 1642/2663 221/2947 1643/2674 
f 1642/2663 4000/2251 1669/2871 221/2947 
f 221/2947 1669/2871 4036/2854 1672/2940 
f 1643/2674 221/2947 1672/2940 4027/2678 
f 4033/2790 1673/2962 141/2963 1665/2823 
f 1673/2962 3937/1435 1473/1431 141/2963 
f 141/2963 1473/1431 3936/1430 1658/2775 
f 1665/2823 141/2963 1658/2775 3962/1915 
f 4033/2790 1659/2786 142/2979 1673/2962 
f 1659/2786 4014/2443 1614/2439 142/2979 
f 142/2979 1614/2439 4013/2438 1674/2988 
f 1673/2962 142/2979 1674/2988 3937/1435 
f 4013/2438 1616/2460 105/2995 1674/2988 
f 1616/2460 4003/2262 1675/2999 105/2995 
f 105/2995 1675/2999 3912/1243 1676/3004 
f 1674/2988 105/2995 1676/3004 3937/1435 
f 3912/1243 1438/1239 104/3011 1676/3004 
f 3911/1238 1474/1436 104/3011 1438/1239 
f 3937/1435 1676/3004 104/3011 1474/1436 
f 3909/1227 1677/3022 101/3023 1436/1228 
f 1677/3022 4037/3026 1678/3027 101/3023 
f 101/3023 1678/3027 4038/3031 1679/3032 
f 1436/1228 101/3023 1679/3032 3910/1232 
f 4039/3037 1680/3038 244/3039 1681/3040 
f 1680/3038 4040/3042 1682/3043 244/3039 
f 244/3039 1682/3043 4041/3047 1683/3048 
f 1681/3040 244/3039 1683/3048 4042/3052 
f 4003/2262 1684/3054 106/3055 1675/2999 
f 1684/3054 4043/3058 1685/3059 106/3055 
f 106/3055 1685/3059 4044/3063 1686/3064 
f 1675/2999 106/3055 1686/3064 3912/1243 
f 4043/3058 1687/3070 249/3071 1685/3059 
f 1687/3070 4045/3074 1688/3075 249/3071 
f 249/3071 1688/3075 4046/3079 1689/3080 
f 1685/3059 249/3071 1689/3080 4044/3063 
f 4043/3058 1684/3054 223/3087 1687/3070 
f 1684/3054 4003/2262 1589/2258 223/3087 
f 223/3087 1589/2258 4002/2257 1690/3096 
f 1687/3070 223/3087 1690/3096 4045/3074 
f 4037/3026 1677/3022 100/3103 1691/3104 
f 1677/3022 3909/1227 1439/1244 100/3103 
f 100/3103 1439/1244 3912/1243 1686/3064 
f 1691/3104 100/3103 1686/3064 4044/3063 
f 4046/3079 1692/3118 250/3119 1689/3080 
f 1692/3118 4047/3122 1693/3123 250/3119 
f 250/3119 1693/3123 4048/3127 1694/3128 
f 1689/3080 250/3119 1694/3128 4044/3063 
f 4044/3063 1694/3128 239/3135 1691/3104 
f 1694/3128 4048/3127 1695/3139 239/3135 
f 239/3135 1695/3139 4049/3143 1696/3144 
f 1691/3104 239/3135 1696/3144 4037/3026 
f 4037/3026 1696/3144 240/3151 1678/3027 
f 1696/3144 4049/3143 1697/3155 240/3151 
f 240/3151 1697/3155 4050/3159 1698/3160 
f 1678/3027 240/3151 1698/3160 4038/3031 
f 4038/3031 1698/3160 241/3167 1699/3168 
f 1698/3160 4050/3159 1700/3171 241/3167 
f 241/3167 1700/3171 4047/3122 1692/3118 
f 1699/3168 241/3167 1692/3118 4046/3079 
f 4047/3122 1701/3182 247/3183 1693/3123 
f 1701/3182 4041/3047 1682/3043 247/3183 
f 247/3183 1682/3043 4040/3042 1702/3192 
f 1693/3123 247/3183 1702/3192 4048/3127 
f 4048/3127 1702/3192 246/3199 1695/3139 
f 1702/3192 4040/3042 1680/3038 246/3199 
f 246/3199 1680/3038 4039/3037 1703/3208 
f 1695/3139 246/3199 1703/3208 4049/3143 
f 4049/3143 1703/3208 245/3215 1697/3155 
f 1703/3208 4039/3037 1681/3040 245/3215 
f 245/3215 1681/3040 4042/3052 1704/3224 
f 1697/3155 245/3215 1704/3224 4050/3159 
f 4050/3159 1704/3224 248/3231 1700/3171 
f 1704/3224 4042/3052 1683/3048 248/3231 
f 248/3231 1683/3048 4041/3047 1701/3182 
f 1700/3171 248/3231 1701/3182 4047/3122 
f 4051/3245 1705/3246 253/3247 1706/3248 
f 1705/3246 4052/3250 1707/3251 253/3247 
f 253/3247 1707/3251 4053/3255 1708/3256 
f 1706/3248 253/3247 1708/3256 4054/3260 
f 4052/3250 1709/3262 256/3263 1707/3251 
f 1709/3262 4055/3266 1710/3267 256/3263 
f 256/3263 1710/3267 4056/3271 1711/3272 
f 1707/3251 256/3263 1711/3272 4053/3255 
f 4055/3266 1712/3278 260/3279 1710/3267 
f 1712/3278 4057/3282 1713/3283 260/3279 
f 260/3279 1713/3283 4058/3287 1714/3288 
f 1710/3267 260/3279 1714/3288 4056/3271 
f 3934/1387 1468/1383 137/3295 1566/2140 
f 1468/1383 3933/1382 1715/3299 137/3295 
f 137/3295 1715/3299 4059/3303 1716/3304 
f 1566/2140 137/3295 1716/3304 3985/2144 
f 3980/2107 1558/2103 196/3311 1717/3312 
f 1558/2103 3979/2102 1718/3315 196/3311 
f 196/3311 1718/3315 4051/3319 1706/3320 
f 1717/3312 196/3311 1706/3320 4054/3324 
f 3979/2102 1562/2124 195/3327 1718/3315 
f 1562/2124 3983/2123 1563/2130 195/3327 
f 195/3327 1563/2130 3984/2129 1719/3336 
f 1718/3315 195/3327 1719/3336 4051/3319 
f 3934/1387 1565/2135 139/3343 1469/1388 
f 1565/2135 3983/2123 1561/2119 139/3343 
f 139/3343 1561/2119 3982/2118 1657/2756 
f 1469/1388 139/3343 1657/2756 3935/1392 
f 4060/3357 1720/3358 266/3359 1721/3360 
f 1720/3358 4061/3362 1722/3363 266/3359 
f 266/3359 1722/3363 4062/3367 1723/3368 
f 1721/3360 266/3359 1723/3368 4063/3372 
f 4061/3362 1724/3374 269/3375 1722/3363 
f 1724/3374 4064/3378 1725/3379 269/3375 
f 269/3375 1725/3379 4065/3383 1726/3384 
f 1722/3363 269/3375 1726/3384 4062/3367 
f 4066/3389 1727/3390 275/3391 1728/3392 
f 1727/3390 4067/3394 1729/3395 275/3391 
f 275/3391 1729/3395 4068/3399 1730/3400 
f 1728/3392 275/3391 1730/3400 4069/3404 
f 4070/3405 1731/3406 284/3407 1732/3408 
f 1731/3406 4071/3410 1733/3411 284/3407 
f 284/3407 1733/3411 4072/3415 1734/3416 
f 1732/3408 284/3407 1734/3416 4073/3420 
f 4074/3421 1735/3422 292/3423 1736/3424 
f 1735/3422 4075/3426 1737/3427 292/3423 
f 292/3423 1737/3427 4076/3431 1738/3432 
f 1736/3424 292/3423 1738/3432 4077/3436 
f 4078/3437 1739/3438 303/3439 1740/3440 
f 1739/3438 4079/3442 1741/3443 303/3439 
f 303/3439 1741/3443 4080/3447 1742/3448 
f 1740/3440 303/3439 1742/3448 4081/3452 
f 4051/3245 1743/3454 254/3455 1705/3246 
f 1743/3454 4082/3458 1744/3459 254/3455 
f 254/3455 1744/3459 4083/3463 1745/3464 
f 1705/3246 254/3455 1745/3464 4052/3250 
f 4052/3250 1745/3464 255/3471 1709/3262 
f 1745/3464 4083/3463 1746/3475 255/3471 
f 255/3471 1746/3475 4073/3420 1747/3480 
f 1709/3262 255/3471 1747/3480 4055/3266 
f 4080/3447 1741/3443 307/3487 1748/3488 
f 1741/3443 4079/3442 1749/3491 307/3487 
f 307/3487 1749/3491 4084/3495 1750/3496 
f 1748/3488 307/3487 1750/3496 4085/3500 
f 4069/3404 1751/3502 276/3503 1728/3392 
f 1751/3502 4086/3506 1752/3507 276/3503 
f 276/3503 1752/3507 4087/3511 1753/3512 
f 1728/3392 276/3503 1753/3512 4066/3389 
f 4069/3404 1730/3400 282/3519 1754/3520 
f 1730/3400 4068/3399 1755/3523 282/3519 
f 282/3519 1755/3523 4088/3527 1756/3528 
f 1754/3520 282/3519 1756/3528 4089/3532 
f 4057/3282 1757/3534 262/3535 1758/3536 
f 1757/3534 4072/3415 1759/3539 262/3535 
f 262/3535 1759/3539 4090/3543 1760/3544 
f 1758/3536 262/3535 1760/3544 4060/3357 
f 4078/3437 1761/3550 279/3551 1739/3438 
f 1761/3550 4067/3394 1762/3555 279/3551 
f 279/3551 1762/3555 4091/3559 1763/3560 
f 1739/3438 279/3551 1763/3560 4079/3442 
f 4092/3565 1764/3566 319/3567 1765/3568 
f 1764/3566 4093/3570 1766/3571 319/3567 
f 319/3567 1766/3571 4094/3575 1767/3576 
f 1765/3568 319/3567 1767/3576 4091/3559 
f 4095/3581 1768/3582 323/3583 1769/3584 
f 1768/3582 4096/3586 1770/3587 323/3583 
f 323/3583 1770/3587 4097/3591 1771/3592 
f 1769/3584 323/3583 1771/3592 4098/3596 
f 4080/3447 1772/3598 309/3599 1742/3448 
f 1772/3598 4099/3602 1773/3603 309/3599 
f 309/3599 1773/3603 4090/3543 1774/3608 
f 1742/3448 309/3599 1774/3608 4081/3452 
f 4093/3613 1775/3614 321/3615 1776/3616 
f 1775/3614 4100/3618 1777/3619 321/3615 
f 321/3615 1777/3619 4101/3623 1778/3624 
f 1776/3616 321/3615 1778/3624 4102/3628 
f 4085/3629 1750/3630 313/3631 1779/3632 
f 1750/3630 4084/3634 1780/3635 313/3631 
f 313/3631 1780/3635 4103/3639 1781/3640 
f 1779/3632 313/3631 1781/3640 4098/3596 
f 4084/3634 1782/3646 312/3647 1780/3635 
f 1782/3646 4094/3650 1783/3651 312/3647 
f 312/3647 1783/3651 4104/3655 1784/3656 
f 1780/3635 312/3647 1784/3656 4103/3639 
f 4085/3500 1785/3662 308/3663 1748/3488 
f 1785/3662 4105/3666 1786/3667 308/3663 
f 308/3663 1786/3667 4099/3602 1772/3598 
f 1748/3488 308/3663 1772/3598 4080/3447 
f 4070/3405 1787/3678 287/3679 1788/3680 
f 1787/3678 4106/3682 1789/3683 287/3679 
f 287/3679 1789/3683 4107/3687 1790/3688 
f 1788/3680 287/3679 1790/3688 4108/3692 
f 4109/3693 1791/3694 200/3695 1792/3696 
f 1791/3694 4110/3698 1793/3699 200/3695 
f 200/3695 1793/3699 3984/3703 1564/3704 
f 1792/3696 200/3695 1564/3704 3985/3708 
f 4068/3399 1729/3395 280/3711 1794/3712 
f 1729/3395 4067/3394 1761/3550 280/3711 
f 280/3711 1761/3550 4078/3437 1795/3719 
f 1794/3712 280/3711 1795/3719 4111/3720 
f 4073/3420 1734/3416 259/3721 1747/3480 
f 1734/3416 4072/3415 1757/3534 259/3721 
f 259/3721 1757/3534 4057/3282 1712/3278 
f 1747/3480 259/3721 1712/3278 4055/3266 
f 4088/3527 1755/3523 281/3722 1796/3723 
f 1755/3523 4068/3399 1794/3712 281/3722 
f 281/3722 1794/3712 4111/3720 1797/3724 
f 1796/3723 281/3722 1797/3724 4108/3725 
f 4090/3543 1759/3539 291/3726 1774/3608 
f 1759/3539 4072/3415 1733/3411 291/3726 
f 291/3726 1733/3411 4071/3410 1798/3727 
f 1774/3608 291/3726 1798/3727 4081/3452 
f 4091/3559 1762/3555 278/3728 1765/3568 
f 1762/3555 4067/3394 1727/3390 278/3728 
f 278/3728 1727/3390 4066/3389 1799/3729 
f 1765/3568 278/3728 1799/3729 4092/3565 
f 4091/3559 1767/3576 306/3730 1763/3560 
f 1767/3576 4094/3575 1782/3731 306/3730 
f 306/3730 1782/3731 4084/3495 1749/3491 
f 1763/3560 306/3730 1749/3491 4079/3442 
f 4105/3732 1800/3733 272/3734 1801/3735 
f 1800/3733 4097/3591 1802/3736 272/3734 
f 272/3734 1802/3736 4112/3737 1803/3738 
f 1801/3735 272/3734 1803/3738 4064/3739 
f 4090/3543 1773/3603 267/3740 1760/3544 
f 1773/3603 4099/3602 1804/3741 267/3740 
f 267/3740 1804/3741 4061/3362 1720/3358 
f 1760/3544 267/3740 1720/3358 4060/3357 
f 4113/3742 1805/3743 298/3744 1806/3745 
f 1805/3743 4104/3655 1807/3746 298/3744 
f 298/3744 1807/3746 4102/3628 1808/3747 
f 1806/3745 298/3744 1808/3747 4075/3748 
f 4099/3602 1786/3667 268/3749 1804/3741 
f 1786/3667 4105/3666 1801/3750 268/3749 
f 268/3749 1801/3750 4064/3378 1724/3374 
f 1804/3741 268/3749 1724/3374 4061/3362 
f 3985/3751 1809/3752 203/3753 1792/3754 
f 1809/3752 4089/3532 1756/3528 203/3753 
f 203/3753 1756/3528 4088/3527 1810/3755 
f 1792/3754 203/3753 1810/3755 4109/3756 
f 4083/3463 1744/3459 311/3757 1811/3758 
f 1744/3459 4082/3458 1812/3759 311/3757 
f 311/3757 1812/3759 4114/3760 1813/3761 
f 1811/3758 311/3757 1813/3761 4115/3762 
f 4073/3420 1746/3475 285/3763 1732/3408 
f 1746/3475 4083/3463 1811/3758 285/3763 
f 285/3763 1811/3758 4115/3762 1814/3764 
f 1732/3408 285/3763 1814/3764 4070/3405 
f 4106/3682 1815/3765 310/3766 1816/3767 
f 1815/3765 4114/3760 1812/3759 310/3766 
f 310/3766 1812/3759 4082/3458 1817/3768 
f 1816/3767 310/3766 1817/3768 4110/3698 
f 4107/3687 1789/3683 330/3769 1818/3770 
f 1789/3683 4106/3682 1816/3767 330/3769 
f 330/3769 1816/3767 4110/3698 1791/3694 
f 1818/3770 330/3769 1791/3694 4109/3693 
f 4114/3760 1815/3765 286/3771 1813/3761 
f 1815/3765 4106/3682 1787/3678 286/3771 
f 286/3771 1787/3678 4070/3405 1814/3764 
f 1813/3761 286/3771 1814/3764 4115/3762 
f 4051/3245 1719/3772 201/3773 1743/3454 
f 1719/3772 3984/3703 1793/3699 201/3773 
f 201/3773 1793/3699 4110/3698 1817/3768 
f 1743/3454 201/3773 1817/3768 4082/3458 
f 4109/3756 1810/3755 318/3774 1818/3775 
f 1810/3755 4088/3527 1796/3723 318/3774 
f 318/3774 1796/3723 4108/3725 1790/3776 
f 1818/3775 318/3774 1790/3776 4107/3777 
f 5074/598 1819/3778 90/3779 1371/599 
f 1819/3778 5073/518 1363/535 90/3779 
f 90/3779 1363/535 3881/534 1373/626 
f 1371/599 90/3779 1373/626 3884/582 
f 4074/3421 1820/3780 296/3781 1735/3422 
f 1820/3780 4116/3782 1821/3783 296/3781 
f 296/3781 1821/3783 4117/3784 1822/3785 
f 1735/3422 296/3781 1822/3785 4075/3426 
f 4075/3786 1822/3787 297/3788 1806/3789 
f 1822/3787 4117/3790 1823/3791 297/3788 
f 297/3788 1823/3791 4118/3792 1824/3793 
f 1806/3789 297/3788 1824/3793 4113/3794 
f 4113/3794 1824/3793 332/3795 1825/3796 
f 1824/3793 4118/3792 1826/3797 332/3795 
f 332/3795 1826/3797 4119/3798 1827/3799 
f 1825/3796 332/3795 1827/3799 4120/3800 
f 4120/3800 1827/3799 325/3801 1828/3802 
f 1827/3799 4119/3798 1829/3803 325/3801 
f 325/3801 1829/3803 4121/3804 1830/3805 
f 1828/3802 325/3801 1830/3805 4095/3806 
f 4095/3806 1830/3805 326/3807 1768/3808 
f 1830/3805 4121/3804 1831/3809 326/3807 
f 326/3807 1831/3809 4122/3810 1832/3811 
f 1768/3808 326/3807 1832/3811 4096/3812 
f 4096/3812 1832/3811 295/3813 1833/3814 
f 1832/3811 4122/3810 1834/3815 295/3813 
f 295/3813 1834/3815 4116/3782 1820/3780 
f 1833/3814 295/3813 1820/3780 4074/3421 
f 4123/3816 1835/3817 339/3818 1836/3819 
f 1835/3817 4124/3820 1837/3821 339/3818 
f 339/3818 1837/3821 4125/3822 1838/3823 
f 1836/3819 339/3818 1838/3823 4126/3824 
f 4124/3820 1839/3825 343/3826 1837/3821 
f 1839/3825 4127/3827 1840/3828 343/3826 
f 343/3826 1840/3828 4128/3829 1841/3830 
f 1837/3821 343/3826 1841/3830 4125/3822 
f 4129/3831 1842/3832 349/3833 1843/3834 
f 1842/3832 4130/3835 1844/3836 349/3833 
f 349/3833 1844/3836 4131/3837 1845/3838 
f 1843/3834 349/3833 1845/3838 4132/3839 
f 4130/3835 1846/3840 351/3841 1844/3836 
f 1846/3840 4133/3842 1847/3843 351/3841 
f 351/3841 1847/3843 4134/3844 1848/3845 
f 1844/3836 351/3841 1848/3845 4131/3837 
f 4132/3839 1845/3838 353/3846 1849/3847 
f 1845/3838 4131/3837 1850/3848 353/3846 
f 353/3846 1850/3848 4135/3849 1851/3850 
f 1849/3847 353/3846 1851/3850 4136/3851 
f 4131/3837 1848/3845 352/3852 1850/3848 
f 1848/3845 4134/3844 1852/3853 352/3852 
f 352/3852 1852/3853 4137/3854 1853/3855 
f 1850/3848 352/3852 1853/3855 4135/3849 
f 4138/3856 1854/3857 359/3858 1855/3859 
f 1854/3857 4139/3860 1856/3861 359/3858 
f 359/3858 1856/3861 4140/3862 1857/3863 
f 1855/3859 359/3858 1857/3863 4141/3864 
f 4141/3864 1857/3863 365/3865 1858/3866 
f 1857/3863 4140/3862 1859/3867 365/3865 
f 365/3865 1859/3867 4142/3868 1860/3869 
f 1858/3866 365/3865 1860/3869 4143/3870 
f 4144/3871 1861/3872 369/3873 1862/3874 
f 1861/3872 4145/3875 1863/3876 369/3873 
f 369/3873 1863/3876 4146/3877 1864/3878 
f 1862/3874 369/3873 1864/3878 4147/3879 
f 4147/3879 1864/3878 375/3880 1865/3881 
f 1864/3878 4146/3877 1866/3882 375/3880 
f 375/3880 1866/3882 4148/3883 1867/3884 
f 1865/3881 375/3880 1867/3884 4149/3885 
f 4123/3886 1868/3887 341/3888 1835/3889 
f 1868/3887 4150/3890 1869/3891 341/3888 
f 341/3888 1869/3891 4151/3892 1870/3893 
f 1835/3889 341/3888 1870/3893 4124/3894 
f 4124/3894 1870/3893 342/3895 1839/3896 
f 1870/3893 4151/3892 1871/3897 342/3895 
f 342/3895 1871/3897 4152/3898 1872/3899 
f 1839/3896 342/3895 1872/3899 4127/3900 
f 4127/3900 1872/3899 347/3901 1840/3902 
f 1872/3899 4152/3898 1873/3903 347/3901 
f 347/3901 1873/3903 4153/3904 1874/3905 
f 1840/3902 347/3901 1874/3905 4128/3906 
f 4133/3907 1875/3908 355/3909 1847/3910 
f 1875/3908 4154/3911 1876/3912 355/3909 
f 355/3909 1876/3912 4155/3913 1877/3914 
f 1847/3910 355/3909 1877/3914 4134/3915 
f 4134/3915 1877/3914 356/3916 1852/3917 
f 1877/3914 4155/3913 1878/3918 356/3916 
f 356/3916 1878/3918 4156/3919 1879/3920 
f 1852/3917 356/3916 1879/3920 4137/3921 
f 4137/3921 1879/3920 357/3922 1853/3923 
f 1879/3920 4156/3919 1880/3924 357/3922 
f 357/3922 1880/3924 4157/3925 1881/3926 
f 1853/3923 357/3922 1881/3926 4135/3927 
f 4135/3928 1881/3929 358/3930 1851/3931 
f 1881/3929 4157/3932 1882/3933 358/3930 
f 358/3930 1882/3933 4158/3934 1883/3935 
f 1851/3931 358/3930 1883/3935 4136/3936 
f 4136/3936 1883/3935 354/3937 1849/3938 
f 1883/3935 4158/3934 1884/3939 354/3937 
f 354/3937 1884/3939 4159/3940 1885/3941 
f 1849/3938 354/3937 1885/3941 4132/3942 
f 4132/3942 1885/3941 350/3943 1843/3944 
f 1885/3941 4159/3940 1886/3945 350/3943 
f 350/3943 1886/3945 4160/3946 1887/3947 
f 1843/3944 350/3943 1887/3947 4129/3948 
f 4129/3948 1887/3947 346/3949 1888/3950 
f 1887/3947 4160/3946 1889/3951 346/3949 
f 346/3949 1889/3951 4161/3952 1890/3953 
f 1888/3950 346/3949 1890/3953 4126/3954 
f 4151/3892 1869/3891 360/3955 1891/3956 
f 1869/3891 4150/3890 1892/3957 360/3955 
f 360/3955 1892/3957 4138/3856 1855/3859 
f 1891/3956 360/3955 1855/3859 4141/3864 
f 4152/3898 1871/3897 366/3958 1893/3959 
f 1871/3897 4151/3892 1891/3956 366/3958 
f 366/3958 1891/3956 4141/3864 1858/3866 
f 1893/3959 366/3958 1858/3866 4143/3870 
f 4154/3911 1894/3960 367/3961 1895/3962 
f 1894/3960 4153/3904 1896/3963 367/3961 
f 367/3961 1896/3963 4142/3868 1897/3964 
f 1895/3962 367/3961 1897/3964 4149/3885 
f 4155/3913 1876/3912 378/3965 1898/3966 
f 1876/3912 4154/3911 1895/3962 378/3965 
f 378/3965 1895/3962 4149/3885 1867/3884 
f 1898/3966 378/3965 1867/3884 4148/3883 
f 4156/3919 1878/3918 377/3967 1899/3968 
f 1878/3918 4155/3913 1898/3966 377/3967 
f 377/3967 1898/3966 4148/3883 1900/3969 
f 1899/3968 377/3967 1900/3969 4162/3970 
f 4157/3925 1880/3924 379/3971 1901/3972 
f 1880/3924 4156/3919 1899/3968 379/3971 
f 379/3971 1899/3968 4162/3970 1902/3973 
f 1901/3972 379/3971 1902/3973 4163/3974 
f 4158/3934 1882/3933 380/3975 1903/3976 
f 1882/3933 4157/3932 1901/3977 380/3975 
f 380/3975 1901/3977 4163/3978 1904/3979 
f 1903/3976 380/3975 1904/3979 4164/3980 
f 4159/3940 1884/3939 371/3981 1905/3982 
f 1884/3939 4158/3934 1903/3976 371/3981 
f 371/3981 1903/3976 4164/3980 1906/3983 
f 1905/3982 371/3981 1906/3983 4145/3875 
f 4160/3946 1886/3945 370/3984 1907/3985 
f 1886/3945 4159/3940 1905/3982 370/3984 
f 370/3984 1905/3982 4145/3875 1861/3872 
f 1907/3985 370/3984 1861/3872 4144/3871 
f 4150/3890 1908/3986 361/3987 1892/3957 
f 1908/3986 4161/3952 1909/3988 361/3987 
f 361/3987 1909/3988 4139/3860 1854/3857 
f 1892/3957 361/3987 1854/3857 4138/3856 
f 4145/3875 1910/3989 373/3990 1863/3876 
f 1910/3989 4165/3991 1911/3992 373/3990 
f 373/3990 1911/3992 4166/3993 1912/3994 
f 1863/3876 373/3990 1912/3994 4146/3877 
f 4146/3877 1912/3994 374/3995 1866/3882 
f 1912/3994 4166/3993 1913/3996 374/3995 
f 374/3995 1913/3996 4167/3997 1914/3998 
f 1866/3882 374/3995 1914/3998 4148/3883 
f 4148/3883 1914/3998 376/3999 1900/3969 
f 1914/3998 4167/3997 1915/4000 376/3999 
f 376/3999 1915/4000 4168/4001 1916/4002 
f 1900/3969 376/3999 1916/4002 4162/3970 
f 4162/3970 1916/4002 381/4003 1902/3973 
f 1916/4002 4168/4001 1917/4004 381/4003 
f 381/4003 1917/4004 4169/4005 1918/4006 
f 1902/3973 381/4003 1918/4006 4163/3974 
f 4163/3978 1918/4007 382/4008 1904/3979 
f 1918/4007 4169/4009 1919/4010 382/4008 
f 382/4008 1919/4010 4170/4011 1920/4012 
f 1904/3979 382/4008 1920/4012 4164/3980 
f 4164/3980 1920/4012 372/4013 1906/3983 
f 1920/4012 4170/4011 1921/4014 372/4013 
f 372/4013 1921/4014 4165/3991 1910/3989 
f 1906/3983 372/4013 1910/3989 4145/3875 
f 4126/3824 1838/3823 345/4015 1888/4016 
f 1838/3823 4125/3822 1922/4017 345/4015 
f 345/4015 1922/4017 4130/3835 1842/3832 
f 1888/4016 345/4015 1842/3832 4129/3831 
f 4125/3822 1841/3830 344/4018 1922/4017 
f 1841/3830 4128/3829 1923/4019 344/4018 
f 344/4018 1923/4019 4133/3842 1846/3840 
f 1922/4017 344/4018 1846/3840 4130/3835 
f 4140/3862 1856/3861 363/4020 1924/4021 
f 1856/3861 4139/3860 1925/4022 363/4020 
f 363/4020 1925/4022 4144/3871 1862/3874 
f 1924/4021 363/4020 1862/3874 4147/3879 
f 4142/3868 1859/3867 364/4023 1897/3964 
f 1859/3867 4140/3862 1924/4021 364/4023 
f 364/4023 1924/4021 4147/3879 1865/3881 
f 1897/3964 364/4023 1865/3881 4149/3885 
f 4128/3906 1874/3905 348/4024 1923/4025 
f 1874/3905 4153/3904 1894/3960 348/4024 
f 348/4024 1894/3960 4154/3911 1875/3908 
f 1923/4025 348/4024 1875/3908 4133/3907 
f 4126/3954 1890/3953 340/4026 1836/4027 
f 1890/3953 4161/3952 1908/3986 340/4026 
f 340/4026 1908/3986 4150/3890 1868/3887 
f 1836/4027 340/4026 1868/3887 4123/3886 
f 4142/3868 1896/3963 368/4028 1860/3869 
f 1896/3963 4153/3904 1873/3903 368/4028 
f 368/4028 1873/3903 4152/3898 1893/3959 
f 1860/3869 368/4028 1893/3959 4143/3870 
f 4139/3860 1909/3988 362/4029 1925/4022 
f 1909/3988 4161/3952 1889/3951 362/4029 
f 362/4029 1889/3951 4160/3946 1907/3985 
f 1925/4022 362/4029 1907/3985 4144/3871 
f 4166/3993 1911/3992 384/4030 1926/4031 
f 1911/3992 4165/3991 1927/4032 384/4030 
f 384/4030 1927/4032 4171/4033 1928/4034 
f 1926/4031 384/4030 1928/4034 4172/4035 
f 4167/3997 1913/3996 385/4036 1929/4037 
f 1913/3996 4166/3993 1926/4031 385/4036 
f 385/4036 1926/4031 4172/4035 1930/4038 
f 1929/4037 385/4036 1930/4038 4173/4039 
f 4168/4001 1915/4000 386/4040 1931/4041 
f 1915/4000 4167/3997 1929/4037 386/4040 
f 386/4040 1929/4037 4173/4039 1932/4042 
f 1931/4041 386/4040 1932/4042 4174/4043 
f 4169/4005 1917/4004 387/4044 1933/4045 
f 1917/4004 4168/4001 1931/4041 387/4044 
f 387/4044 1931/4041 4174/4043 1934/4046 
f 1933/4045 387/4044 1934/4046 4175/4047 
f 4170/4011 1919/4010 388/4048 1935/4049 
f 1919/4010 4169/4009 1933/4050 388/4048 
f 388/4048 1933/4050 4175/4051 1936/4052 
f 1935/4049 388/4048 1936/4052 4176/4053 
f 4165/3991 1921/4014 383/4054 1927/4032 
f 1921/4014 4170/4011 1935/4049 383/4054 
f 383/4054 1935/4049 4176/4053 1937/4055 
f 1927/4032 383/4054 1937/4055 4171/4033 
f 4177/4056 1938/4057 395/4058 1939/4059 
f 1938/4057 4178/4060 1940/4061 395/4058 
f 395/4058 1940/4061 4179/4062 1941/4063 
f 1939/4059 395/4058 1941/4063 4180/4064 
f 4181/4065 1942/4066 396/4067 1943/4068 
f 1942/4066 4177/4056 1939/4059 396/4067 
f 396/4067 1939/4059 4180/4064 1944/4069 
f 1943/4068 396/4067 1944/4069 4182/4070 
f 4183/4071 1945/4072 401/4073 1946/4074 
f 1945/4072 4181/4065 1943/4068 401/4073 
f 401/4073 1943/4068 4182/4070 1947/4075 
f 1946/4074 401/4073 1947/4075 4184/4076 
f 4185/4077 1948/4078 403/4079 1949/4080 
f 1948/4078 4183/4071 1946/4074 403/4079 
f 403/4079 1946/4074 4184/4076 1950/4081 
f 1949/4080 403/4079 1950/4081 4186/4082 
f 4187/4083 1951/4084 405/4085 1952/4086 
f 1951/4084 4185/4077 1949/4080 405/4085 
f 405/4085 1949/4080 4186/4082 1953/4087 
f 1952/4086 405/4085 1953/4087 4188/4088 
f 4178/4060 1954/4089 397/4090 1940/4061 
f 1954/4089 4187/4091 1952/4092 397/4090 
f 397/4090 1952/4092 4188/4093 1955/4094 
f 1940/4061 397/4090 1955/4094 4179/4062 
f 4189/4095 1956/4096 407/4097 1957/4098 
f 1956/4096 4190/4099 1958/4100 407/4097 
f 407/4097 1958/4100 4191/4101 1959/4102 
f 1957/4098 407/4097 1959/4102 4192/4103 
f 4193/4104 1960/4105 408/4106 1961/4107 
f 1960/4105 4189/4095 1957/4098 408/4106 
f 408/4106 1957/4098 4192/4103 1962/4108 
f 1961/4107 408/4106 1962/4108 4194/4109 
f 4195/4110 1963/4111 413/4112 1964/4113 
f 1963/4111 4193/4104 1961/4107 413/4112 
f 413/4112 1961/4107 4194/4109 1965/4114 
f 1964/4113 413/4112 1965/4114 4196/4115 
f 4197/4116 1966/4117 415/4118 1967/4119 
f 1966/4117 4195/4110 1964/4113 415/4118 
f 415/4118 1964/4113 4196/4115 1968/4120 
f 1967/4119 415/4118 1968/4120 4198/4121 
f 4199/4122 1969/4123 417/4124 1970/4125 
f 1969/4123 4197/4116 1967/4119 417/4124 
f 417/4124 1967/4119 4198/4121 1971/4126 
f 1970/4125 417/4124 1971/4126 4200/4127 
f 4190/4099 1972/4128 412/4129 1958/4100 
f 1972/4128 4199/4130 1970/4131 412/4129 
f 412/4129 1970/4131 4200/4132 1973/4133 
f 1958/4100 412/4129 1973/4133 4191/4101 
f 4201/4134 1974/4135 419/4136 1975/4137 
f 1974/4135 4202/4138 1976/4139 419/4136 
f 419/4136 1976/4139 4203/4140 1977/4141 
f 1975/4137 419/4136 1977/4141 4204/4142 
f 4205/4143 1978/4144 420/4145 1979/4146 
f 1978/4144 4201/4134 1975/4137 420/4145 
f 420/4145 1975/4137 4204/4142 1980/4147 
f 1979/4146 420/4145 1980/4147 4206/4148 
f 4195/4110 1981/4149 416/4150 1982/4151 
f 4205/4143 1979/4146 416/4150 1981/4149 
f 4206/4148 1982/4151 416/4150 1979/4146 
f 4202/4138 1983/4152 418/4153 1976/4139 
f 4199/4130 1984/4154 418/4153 1983/4152 
f 4203/4140 1976/4139 418/4153 1984/4154 
f 4190/4099 1956/4096 410/4155 1985/4156 
f 1956/4096 4189/4095 1986/4157 410/4155 
f 410/4155 1986/4157 4204/4142 1977/4141 
f 1985/4156 410/4155 1977/4141 4203/4140 
f 4189/4095 1960/4105 409/4158 1986/4157 
f 1960/4105 4193/4104 1987/4159 409/4158 
f 409/4158 1987/4159 4206/4148 1980/4147 
f 1986/4157 409/4158 1980/4147 4204/4142 
f 4193/4104 1963/4111 414/4160 1987/4159 
f 4195/4110 1982/4151 414/4160 1963/4111 
f 4206/4148 1987/4159 414/4160 1982/4151 
f 4199/4130 1972/4128 411/4161 1984/4154 
f 4190/4099 1985/4156 411/4161 1972/4128 
f 4203/4140 1984/4154 411/4161 1985/4156 
f 4180/4064 1941/4063 399/4162 1988/4163 
f 1941/4063 4179/4062 1989/4164 399/4162 
f 399/4162 1989/4164 4202/4138 1974/4135 
f 1988/4163 399/4162 1974/4135 4201/4134 
f 4182/4070 1944/4069 400/4165 1990/4166 
f 1944/4069 4180/4064 1988/4163 400/4165 
f 400/4165 1988/4163 4201/4134 1978/4144 
f 1990/4166 400/4165 1978/4144 4205/4143 
f 4184/4076 1947/4075 402/4167 1991/4168 
f 1947/4075 4182/4070 1990/4166 402/4167 
f 402/4167 1990/4166 4205/4143 1981/4149 
f 1991/4168 402/4167 1981/4149 4195/4110 
f 4186/4082 1950/4081 404/4169 1992/4170 
f 1950/4081 4184/4076 1991/4168 404/4169 
f 404/4169 1991/4168 4195/4110 1966/4117 
f 1992/4170 404/4169 1966/4117 4197/4116 
f 4188/4088 1953/4087 406/4171 1993/4172 
f 1953/4087 4186/4082 1992/4170 406/4171 
f 406/4171 1992/4170 4197/4116 1969/4123 
f 1993/4172 406/4171 1969/4123 4199/4122 
f 4179/4062 1955/4094 398/4173 1989/4164 
f 1955/4094 4188/4093 1993/4174 398/4173 
f 398/4173 1993/4174 4199/4130 1983/4152 
f 1989/4164 398/4173 1983/4152 4202/4138 
f 4117/3784 1821/3783 334/4175 1994/4176 
f 1821/3783 4116/3782 1995/4177 334/4175 
f 334/4175 1995/4177 4191/4101 1973/4133 
f 1994/4176 334/4175 1973/4133 4200/4132 
f 4118/3792 1823/3791 335/4178 1996/4179 
f 1823/3791 4117/3790 1994/4180 335/4178 
f 335/4178 1994/4180 4200/4127 1971/4126 
f 1996/4179 335/4178 1971/4126 4198/4121 
f 4119/3798 1826/3797 336/4181 1997/4182 
f 1826/3797 4118/3792 1996/4179 336/4181 
f 336/4181 1996/4179 4198/4121 1968/4120 
f 1997/4182 336/4181 1968/4120 4196/4115 
f 4121/3804 1829/3803 337/4183 1998/4184 
f 1829/3803 4119/3798 1997/4182 337/4183 
f 337/4183 1997/4182 4196/4115 1965/4114 
f 1998/4184 337/4183 1965/4114 4194/4109 
f 4122/3810 1831/3809 338/4185 1999/4186 
f 1831/3809 4121/3804 1998/4184 338/4185 
f 338/4185 1998/4184 4194/4109 1962/4108 
f 1999/4186 338/4185 1962/4108 4192/4103 
f 4116/3782 1834/3815 333/4187 1995/4177 
f 1834/3815 4122/3810 1999/4186 333/4187 
f 333/4187 1999/4186 4192/4103 1959/4102 
f 1995/4177 333/4187 1959/4102 4191/4101 
f 4098/3596 1771/3592 314/4188 1779/3632 
f 1771/3592 4097/3591 1800/3733 314/4188 
f 314/4188 1800/3733 4105/3732 1785/4189 
f 1779/3632 314/4188 1785/4189 4085/3629 
f 4102/3628 1778/3624 299/4190 1808/3747 
f 1778/3624 4101/3623 2000/4191 299/4190 
f 299/4190 2000/4191 4076/4192 1737/4193 
f 1808/3747 299/4190 1737/4193 4075/3748 
f 4098/3596 1781/3640 324/4194 1769/3584 
f 1781/3640 4103/3639 2001/4195 324/4194 
f 324/4194 2001/4195 4120/4196 1828/4197 
f 1769/3584 324/4194 1828/4197 4095/3581 
f 4103/3639 1784/3656 329/4198 2001/4195 
f 1784/3656 4104/3655 1805/3743 329/4198 
f 329/4198 1805/3743 4113/3742 1825/4199 
f 2001/4195 329/4198 1825/4199 4120/4196 
f 4112/3737 1802/3736 294/4200 2002/4201 
f 1802/3736 4097/3591 1770/3587 294/4200 
f 294/4200 1770/3587 4096/3586 1833/4202 
f 2002/4201 294/4200 1833/4202 4074/4203 
f 4102/3628 1807/3746 322/4204 1776/3616 
f 1807/3746 4104/3655 1783/3651 322/4204 
f 322/4204 1783/3651 4094/3650 1766/4205 
f 1776/3616 322/4204 1766/4205 4093/3613 
f 4207/3154 2003/3156 421/3157 2004/3158 
f 2003/3156 4208/3161 2005/3162 421/3157 
f 421/3157 2005/3162 4209/3163 2006/3164 
f 2004/3158 421/3157 2006/3164 4210/3165 
f 4211/3166 2007/3169 422/3170 2008/3172 
f 2007/3169 4207/5805 2004/5806 422/3170 
f 422/3170 2004/5806 4210/5807 2009/3173 
f 2008/3172 422/3170 2009/3173 4212/3174 
f 4213/3175 2010/3176 430/3177 2011/3178 
f 2010/3176 4211/3166 2008/3172 430/3177 
f 430/3177 2008/3172 4212/3174 2012/3179 
f 2011/3178 430/3177 2012/3179 4214/3180 
f 4215/3181 2013/3184 433/3185 2014/3186 
f 2013/3184 4213/3175 2011/3178 433/3185 
f 433/3185 2011/3178 4214/3180 2015/3187 
f 2014/3186 433/3185 2015/3187 4216/3188 
f 4217/3189 2016/3190 436/3191 2017/3193 
f 2016/3190 4215/3181 2014/3186 436/3191 
f 436/3191 2014/3186 4216/3188 2018/3194 
f 2017/3193 436/3191 2018/3194 4218/3195 
f 4208/3161 2019/3196 426/3197 2005/3162 
f 2019/3196 4217/3189 2017/3193 426/3197 
f 426/3197 2017/3193 4218/3195 2020/3198 
f 2005/3162 426/3197 2020/3198 4209/3163 
f 4210/3165 2006/3164 428/3200 2021/3201 
f 2006/3164 4209/3163 2022/3202 428/3200 
f 428/3200 2022/3202 4219/3203 2023/3204 
f 2021/3201 428/3200 2023/3204 4220/3205 
f 4212/3174 2009/3173 429/3206 2024/3207 
f 2009/3173 4210/5807 2021/5808 429/3206 
f 429/3206 2021/5808 4220/5809 2025/3209 
f 2024/3207 429/3206 2025/3209 4221/3210 
f 4214/3180 2012/3179 432/3211 2026/3212 
f 2012/3179 4212/3174 2024/3207 432/3211 
f 432/3211 2024/3207 4221/3210 2027/3213 
f 2026/3212 432/3211 2027/3213 4222/3214 
f 4216/3188 2015/3187 435/3216 2028/3217 
f 2015/3187 4214/3180 2026/3212 435/3216 
f 435/3216 2026/3212 4222/3214 2029/3218 
f 2028/3217 435/3216 2029/3218 4223/3219 
f 4218/3195 2018/3194 438/3220 2030/3221 
f 2018/3194 4216/3188 2028/3217 438/3220 
f 438/3220 2028/3217 4223/3219 2031/3222 
f 2030/3221 438/3220 2031/3222 4224/3223 
f 4209/3163 2020/3198 427/3225 2022/3202 
f 2020/3198 4218/3195 2030/3221 427/3225 
f 427/3225 2030/3221 4224/3223 2032/3226 
f 2022/3202 427/3225 2032/3226 4219/3203 
f 4078/3437 1740/3440 304/4206 2033/4207 
f 1740/3440 4081/3452 2034/4208 304/4206 
f 304/3227 2034/3228 4225/3229 2035/3230 
f 2033/3232 304/3227 2035/3230 4226/3233 
f 4111/3720 1795/3719 305/4209 2036/4210 
f 1795/3719 4078/3437 2033/4207 305/4209 
f 305/3234 2033/5810 4226/5811 2037/3235 
f 2036/3236 305/3234 2037/3235 4227/3237 
f 4108/3725 1797/3724 331/4211 2038/4212 
f 1797/3724 4111/3720 2036/4210 331/4211 
f 331/3238 2036/3236 4227/3237 2039/3239 
f 2038/3240 331/3238 2039/3239 4228/3241 
f 4070/3405 1788/3680 288/4213 2040/4214 
f 1788/3680 4108/3692 2038/4215 288/4213 
f 288/3242 2038/3240 4228/3241 2041/3243 
f 2040/3244 288/3242 2041/3243 4229/3249 
f 4071/3410 1731/3406 289/4216 2042/4217 
f 1731/3406 4070/3405 2040/4214 289/4216 
f 289/3252 2040/3244 4229/3249 2043/3253 
f 2042/3254 289/3252 2043/3253 4230/3257 
f 4081/3452 1798/3727 290/4218 2034/4208 
f 1798/3727 4071/3410 2042/4217 290/4218 
f 290/3258 2042/3254 4230/3257 2044/3259 
f 2034/3228 290/3258 2044/3259 4225/3229 
f 4219/3203 2045/3261 440/3264 2023/3204 
f 2045/3261 4231/3265 2046/3268 440/3264 
f 440/3264 2046/3268 4232/3269 2047/3270 
f 2023/3204 440/3264 2047/3270 4220/3205 
f 4220/5809 2047/5813 441/3273 2025/3209 
f 2047/5813 4232/5812 2048/3274 441/3273 
f 441/3273 2048/3274 4233/3275 2049/3276 
f 2025/3209 441/3273 2049/3276 4221/3210 
f 4221/3210 2049/3276 442/3277 2027/3213 
f 2049/3276 4233/3275 2050/3280 442/3277 
f 442/3277 2050/3280 4234/3281 2051/3284 
f 2027/3213 442/3277 2051/3284 4222/3214 
f 4222/3214 2051/3284 443/3285 2029/3218 
f 2051/3284 4234/3281 2052/3286 443/3285 
f 443/3285 2052/3286 4235/3289 2053/3290 
f 2029/3218 443/3285 2053/3290 4223/3219 
f 4223/3219 2053/3290 444/3291 2031/3222 
f 2053/3290 4235/3289 2054/3292 444/3291 
f 444/3291 2054/3292 4236/3293 2055/3294 
f 2031/3222 444/3291 2055/3294 4224/3223 
f 4224/3223 2055/3294 439/3296 2032/3226 
f 2055/3294 4236/3293 2056/3297 439/3296 
f 439/3296 2056/3297 4231/3265 2045/3261 
f 2032/3226 439/3296 2045/3261 4219/3203 
f 4231/3265 2057/3298 452/3300 2046/3268 
f 2057/3298 4237/3301 2058/3302 452/3300 
f 452/3300 2058/3302 4238/3305 2059/3306 
f 2046/3268 452/3300 2059/3306 4232/3269 
f 4232/5812 2059/5815 453/3307 2048/3274 
f 2059/5815 4238/5814 2060/3308 453/3307 
f 453/3307 2060/3308 4239/3309 2061/3310 
f 2048/3274 453/3307 2061/3310 4233/3275 
f 4233/3275 2061/3310 454/3313 2050/3280 
f 2061/3310 4239/3309 2062/3314 454/3313 
f 454/3313 2062/3314 4240/3316 2063/3317 
f 2050/3280 454/3313 2063/3317 4234/3281 
f 4234/3281 2063/3317 455/3318 2052/3286 
f 2063/3317 4240/3316 2064/3321 455/3318 
f 455/3318 2064/3321 4241/3322 2065/3323 
f 2052/3286 455/3318 2065/3323 4235/3289 
f 4235/3289 2065/3323 456/3325 2054/3292 
f 2065/3323 4241/3322 2066/3326 456/3325 
f 456/3325 2066/3326 4242/3328 2067/3329 
f 2054/3292 456/3325 2067/3329 4236/3293 
f 4236/3293 2067/3329 451/3330 2056/3297 
f 2067/3329 4242/3328 2068/3331 451/3330 
f 451/3330 2068/3331 4237/3301 2057/3298 
f 2056/3297 451/3330 2057/3298 4231/3265 
f 4243/3332 2069/3333 424/3334 2070/3335 
f 2069/3333 4244/3337 2071/3338 424/3334 
f 424/3334 2071/3338 4208/3161 2003/3156 
f 2070/3335 424/3334 2003/3156 4207/3154 
f 4245/3339 2072/3340 423/3341 2073/3342 
f 2072/3340 4243/5816 2070/5817 423/3341 
f 423/3341 2070/5817 4207/5805 2007/3169 
f 2073/3342 423/3341 2007/3169 4211/3166 
f 4246/3344 2074/3345 431/3346 2075/3347 
f 2074/3345 4245/3339 2073/3342 431/3346 
f 431/3346 2073/3342 4211/3166 2010/3176 
f 2075/3347 431/3346 2010/3176 4213/3175 
f 4247/3348 2076/3349 434/3350 2077/3351 
f 2076/3349 4246/3344 2075/3347 434/3350 
f 434/3350 2075/3347 4213/3175 2013/3184 
f 2077/3351 434/3350 2013/3184 4215/3181 
f 4248/3352 2078/3353 437/3354 2079/3355 
f 2078/3353 4247/3348 2077/3351 437/3354 
f 437/3354 2077/3351 4215/3181 2016/3190 
f 2079/3355 437/3354 2016/3190 4217/3189 
f 4244/3337 2080/3356 425/3361 2071/3338 
f 2080/3356 4248/3352 2079/3355 425/3361 
f 425/3361 2079/3355 4217/3189 2019/3196 
f 2071/3338 425/3361 2019/3196 4208/3161 
f 4226/3233 2035/3230 446/3364 2081/3365 
f 2035/3230 4225/3229 2082/3366 446/3364 
f 446/3364 2082/3366 4244/3337 2069/3333 
f 2081/3365 446/3364 2069/3333 4243/3332 
f 4227/3237 2037/3235 447/3369 2083/3370 
f 2037/3235 4226/5811 2081/5818 447/3369 
f 447/3369 2081/5818 4243/5816 2072/3340 
f 2083/3370 447/3369 2072/3340 4245/3339 
f 4228/3241 2039/3239 448/3371 2084/3373 
f 2039/3239 4227/3237 2083/3370 448/3371 
f 448/3371 2083/3370 4245/3339 2074/3345 
f 2084/3373 448/3371 2074/3345 4246/3344 
f 4229/3249 2041/3243 449/3376 2085/3377 
f 2041/3243 4228/3241 2084/3373 449/3376 
f 449/3376 2084/3373 4246/3344 2076/3349 
f 2085/3377 449/3376 2076/3349 4247/3348 
f 4230/3257 2043/3253 450/3380 2086/3381 
f 2043/3253 4229/3249 2085/3377 450/3380 
f 450/3380 2085/3377 4247/3348 2078/3353 
f 2086/3381 450/3380 2078/3353 4248/3352 
f 4225/3229 2044/3259 445/3382 2082/3366 
f 2044/3259 4230/3257 2086/3381 445/3382 
f 445/3382 2086/3381 4248/3352 2080/3356 
f 2082/3366 445/3382 2080/3356 4244/3337 
f 4249/841 2087/842 463/845 2088/846 
f 4250/847 2089/848 463/845 2087/842 
f 4251/849 2090/850 463/845 2089/848 
f 4252/852 2091/853 463/845 2090/850 
f 4253/854 2088/846 463/845 2091/853 
f 4250/847 2092/856 470/857 2089/848 
f 2092/856 4254/858 2093/861 470/857 
f 470/857 2093/861 4255/862 2094/863 
f 2089/848 470/857 2094/863 4251/849 
f 4254/858 2095/864 478/865 2093/861 
f 2095/864 4256/866 2096/868 478/865 
f 478/865 2096/868 4257/869 2097/870 
f 2093/861 478/865 2097/870 4255/862 
f 4256/866 2098/872 483/873 2096/868 
f 2098/872 4258/874 2099/877 483/873 
f 483/873 2099/877 4259/878 2100/879 
f 2096/868 483/873 2100/879 4257/869 
f 4252/852 2090/850 472/880 2101/881 
f 4251/849 2102/882 472/880 2090/850 
f 4260/884 2103/885 472/880 2102/882 
f 4261/886 2104/888 472/880 2103/885 
f 4262/889 2101/881 472/880 2104/888 
f 4251/849 2094/863 471/890 2102/882 
f 2094/863 4255/862 2105/893 471/890 
f 471/890 2105/893 4263/894 2106/895 
f 2102/882 471/890 2106/895 4260/884 
f 4255/862 2097/870 479/896 2105/893 
f 2097/870 4257/869 2107/897 479/896 
f 479/896 2107/897 4264/898 2108/900 
f 2105/893 479/896 2108/900 4263/894 
f 4257/869 2100/879 484/901 2107/897 
f 2100/879 4259/878 2109/902 484/901 
f 484/901 2109/902 4265/904 2110/905 
f 2107/897 484/901 2110/905 4264/898 
f 4266/5 2111/8 495/9 2112/10 
f 4267/13 2113/14 495/9 2111/8 
f 4268/15 2114/17 495/9 2113/14 
f 4269/20 2115/21 495/9 2114/17 
f 4270/24 2112/10 495/9 2115/21 
f 4270/24 2115/21 500/25 2116/26 
f 2115/21 4269/20 2117/29 500/25 
f 500/25 2117/29 4271/30 2118/31 
f 2116/26 500/25 2118/31 4272/32 
f 4272/32 2118/31 503/33 2119/36 
f 2118/31 4271/30 2120/37 503/33 
f 503/33 2120/37 4273/40 2121/41 
f 2119/36 503/33 2121/41 4274/42 
f 4274/42 2121/41 506/45 2122/46 
f 2121/41 4273/40 2123/47 506/45 
f 506/45 2123/47 4275/48 2124/53 
f 2122/46 506/45 2124/53 4276/56 
f 4277/57 2125/58 498/61 2126/62 
f 4278/63 2127/65 498/61 2125/58 
f 4279/68 2128/69 498/61 2127/65 
f 4269/20 2114/17 498/61 2128/69 
f 4268/15 2126/62 498/61 2114/17 
f 4269/20 2128/69 499/72 2117/29 
f 2128/69 4279/68 2129/73 499/72 
f 499/72 2129/73 4280/74 2130/77 
f 2117/29 499/72 2130/77 4271/30 
f 4271/30 2130/77 502/78 2120/37 
f 2130/77 4280/74 2131/79 502/78 
f 502/78 2131/79 4281/80 2132/81 
f 2120/37 502/78 2132/81 4273/40 
f 4273/40 2132/81 505/84 2123/47 
f 2132/81 4281/80 2133/85 505/84 
f 505/84 2133/85 4282/88 2134/89 
f 2123/47 505/84 2134/89 4275/48 
f 4258/874 2135/906 486/909 2099/877 
f 2135/90 4276/56 2124/53 486/93 
f 486/93 2124/53 4275/48 2136/94 
f 2099/877 486/909 2136/910 4259/878 
f 4259/878 2136/910 487/911 2109/902 
f 2136/94 4275/48 2134/89 487/95 
f 487/95 2134/89 4282/88 2137/96 
f 2109/902 487/911 2137/912 4265/904 
f 4283/913 2138/914 514/916 2139/917 
f 2138/97 4284/100 2140/101 514/104 
f 514/104 2140/101 4285/105 2141/106 
f 2139/917 514/916 2141/918 4286/920 
f 4287/921 2142/922 518/925 2143/926 
f 2142/109 4288/110 2144/111 518/112 
f 518/112 2144/111 4289/113 2145/116 
f 2143/926 518/925 2145/927 4290/928 
f 4291/929 2146/930 523/932 2147/933 
f 2146/117 4292/120 2148/121 523/122 
f 523/122 2148/121 4293/125 2149/126 
f 2147/933 523/932 2149/934 4294/936 
f 4253/854 2150/937 464/938 2088/846 
f 2150/127 4267/13 2111/8 464/128 
f 464/128 2111/8 4266/5 2151/129 
f 2088/846 464/938 2151/941 4249/841 
f 4295/942 2152/943 519/944 2153/945 
f 2152/943 4296/946 2154/948 519/944 
f 519/944 2154/948 4297/949 2155/950 
f 2153/945 519/944 2155/950 4287/921 
f 4287/921 2155/950 520/952 2142/922 
f 2155/950 4297/949 2156/953 520/952 
f 520/132 2156/133 4298/136 2157/137 
f 2142/109 520/132 2157/137 4288/110 
f 4288/110 2157/137 521/138 2158/141 
f 2157/137 4298/136 2159/142 521/138 
f 521/138 2159/142 4299/143 2160/144 
f 2158/141 521/138 2160/144 4300/145 
f 4300/145 2160/144 515/148 2161/149 
f 2160/144 4299/143 2162/152 515/148 
f 515/148 2162/152 4301/153 2163/154 
f 2161/149 515/148 2163/154 4285/105 
f 4285/105 2163/154 516/157 2141/106 
f 2163/154 4301/153 2164/158 516/157 
f 516/954 2164/957 4302/958 2165/959 
f 2141/918 516/954 2165/959 4286/920 
f 4286/920 2165/959 517/960 2166/961 
f 2165/959 4302/958 2167/962 517/960 
f 517/960 2167/962 4296/946 2152/943 
f 2166/961 517/960 2152/943 4295/942 
f 4290/928 2168/964 490/965 2169/966 
f 2168/964 4291/929 2147/933 490/965 
f 490/965 2147/933 4294/936 2170/967 
f 2169/966 490/965 2170/967 4261/886 
f 4303/968 2171/969 525/970 2172/971 
f 2171/969 4304/973 2173/974 525/970 
f 525/159 2173/160 4305/161 2174/164 
f 2172/165 525/159 2174/164 4306/168 
f 4307/169 2175/170 508/173 2176/174 
f 4308/175 2177/176 508/173 2175/170 
f 4293/125 2178/177 508/173 2177/176 
f 4278/63 2125/58 508/173 2178/177 
f 4277/57 2176/174 508/173 2125/58 
f 4289/113 2179/180 522/181 2145/116 
f 2179/180 4292/120 2146/117 522/181 
f 522/975 2146/930 4291/929 2168/964 
f 2145/927 522/975 2168/964 4290/928 
f 4253/854 2091/853 473/976 2180/977 
f 2091/853 4252/852 2101/881 473/976 
f 473/976 2101/881 4262/889 2181/980 
f 2180/977 473/976 2181/980 4309/981 
f 4267/13 2182/182 497/183 2113/14 
f 2182/182 4307/169 2176/174 497/183 
f 497/183 2176/174 4277/57 2126/62 
f 2113/14 497/183 2126/62 4268/15 
f 4309/981 2183/982 474/983 2180/977 
f 2183/184 4307/169 2182/182 474/185 
f 474/185 2182/182 4267/13 2150/127 
f 2180/977 474/983 2150/937 4253/854 
f 4309/981 2184/984 530/985 2183/982 
f 2184/984 4310/986 2185/987 530/985 
f 530/186 2185/187 4311/189 2186/190 
f 2183/184 530/186 2186/190 4307/169 
f 4307/169 2186/190 531/191 2175/170 
f 2186/190 4311/189 2187/192 531/191 
f 531/191 2187/192 4312/193 2188/196 
f 2175/170 531/191 2188/196 4308/175 
f 4308/175 2188/196 532/197 2189/200 
f 2188/196 4312/193 2190/201 532/197 
f 532/989 2190/990 4313/991 2191/992 
f 2189/993 532/989 2191/992 4314/994 
f 4314/994 2191/992 533/996 2192/997 
f 2191/992 4313/991 2193/998 533/996 
f 533/996 2193/998 4310/986 2184/984 
f 2192/997 533/996 2184/984 4309/981 
f 4297/949 2154/948 457/999 2194/1000 
f 2154/948 4296/946 2195/1001 457/999 
f 457/3385 2195/3386 4237/3301 2068/3331 
f 2194/3387 457/3385 2068/3331 4242/3328 
f 4298/136 2156/133 462/202 2196/205 
f 2156/953 4297/949 2194/1000 462/1002 
f 462/3388 2194/3387 4242/3328 2066/3326 
f 2196/3393 462/3388 2066/3326 4241/3322 
f 4299/143 2159/142 461/206 2197/207 
f 2159/142 4298/136 2196/205 461/206 
f 461/3396 2196/3393 4241/3322 2064/3321 
f 2197/3397 461/3396 2064/3321 4240/3316 
f 4301/153 2162/152 460/208 2198/209 
f 2162/152 4299/143 2197/207 460/208 
f 460/3398 2197/3397 4240/3316 2062/3314 
f 2198/3401 460/3398 2062/3314 4239/3309 
f 4302/958 2164/957 459/1003 2199/1004 
f 2164/158 4301/153 2198/209 459/210 
f 459/3402 2198/3401 4239/3309 2060/3308 
f 2199/3403 459/3402 2060/3308 4238/5814 
f 4296/946 2167/962 458/1005 2195/1001 
f 2167/962 4302/958 2199/1004 458/1005 
f 458/3409 2199/5819 4238/3305 2058/3302 
f 2195/3386 458/3409 2058/3302 4237/3301 
f 4315/1006 2200/1007 538/1008 2201/1009 
f 2200/1007 4316/1010 2202/1013 538/1008 
f 538/1008 2202/1013 4317/1014 2203/1016 
f 2201/1009 538/1008 2203/1016 4318/1017 
f 4319/212 2204/213 547/214 2205/216 
f 2204/213 4320/217 2206/218 547/214 
f 547/214 2206/218 4321/221 2207/222 
f 2205/216 547/214 2207/222 4322/223 
f 4323/1018 2208/1019 550/1020 2209/1021 
f 2208/224 4324/225 2210/226 550/228 
f 550/228 2210/226 4325/229 2211/230 
f 2209/1021 550/1020 2211/1022 4326/1023 
f 4316/1010 2212/1024 543/1025 2202/1013 
f 2212/232 4319/212 2205/216 543/233 
f 543/233 2205/216 4322/223 2213/234 
f 2202/1013 543/1025 2213/1026 4317/1014 
f 4327/1028 2214/1029 546/1030 2215/1032 
f 2214/237 4328/238 2216/239 546/240 
f 546/240 2216/239 4321/221 2217/245 
f 2215/1032 546/1030 2217/1033 4318/1017 
f 4329/1034 2218/1035 558/1036 2219/1037 
f 2218/1035 4330/1038 2220/1039 558/1036 
f 558/1036 2220/1039 4331/1040 2221/1041 
f 2219/1037 558/1036 2221/1041 4332/1042 
f 4333/1044 2222/1045 564/1046 2223/1047 
f 2222/1045 4334/1048 2224/1049 564/1046 
f 564/1046 2224/1049 4335/1050 2225/1051 
f 2223/1047 564/1046 2225/1051 4336/1052 
f 4337/248 2226/249 570/250 2227/253 
f 2226/249 4338/254 2228/255 570/250 
f 570/250 2228/255 4339/261 2229/264 
f 2227/253 570/250 2229/264 4340/265 
f 4341/266 2230/267 572/268 2231/269 
f 2230/267 4342/270 2232/271 572/268 
f 572/268 2232/271 4343/272 2233/277 
f 2231/269 572/268 2233/277 4344/280 
f 4330/1038 2234/1053 563/1054 2220/1039 
f 2234/281 4337/248 2227/253 563/282 
f 563/282 2227/253 4340/265 2235/283 
f 2220/1039 563/1054 2235/1055 4331/1040 
f 4342/270 2236/284 565/285 2232/271 
f 2236/1056 4333/1044 2223/1047 565/1057 
f 565/1057 2223/1047 4336/1052 2237/1058 
f 2232/271 565/285 2237/286 4343/272 
f 4334/1048 2238/1060 569/1061 2224/1049 
f 2238/287 4341/266 2231/269 569/288 
f 569/288 2231/269 4344/280 2239/293 
f 2224/1049 569/1061 2239/1062 4335/1050 
f 4338/254 2240/296 559/297 2228/255 
f 2240/1064 4329/1034 2219/1037 559/1065 
f 559/1065 2219/1037 4332/1042 2241/1066 
f 2228/255 559/297 2241/298 4339/261 
f 4327/1028 2242/1067 555/1068 2243/1069 
f 2242/1067 4345/1070 2244/1071 555/1068 
f 555/1068 2244/1071 4346/1072 2245/1073 
f 2243/1069 555/1068 2245/1073 4347/1074 
f 4348/301 2246/302 557/303 2247/309 
f 2246/302 4328/238 2248/312 557/303 
f 557/303 2248/312 4349/313 2249/314 
f 2247/309 557/303 2249/314 4350/315 
f 4345/1070 2250/1076 574/1077 2244/1071 
f 2250/316 4348/301 2247/309 574/317 
f 574/317 2247/309 4350/315 2251/318 
f 2244/1071 574/1077 2251/1078 4346/1072 
f 4328/238 2214/237 556/319 2248/312 
f 2214/1029 4327/1028 2243/1069 556/1080 
f 556/1080 2243/1069 4347/1074 2252/1081 
f 2248/312 556/319 2252/320 4349/313 
f 4330/1038 2218/1035 561/1082 2253/1083 
f 2218/1035 4329/1034 2254/1084 561/1082 
f 561/1082 2254/1084 4347/1074 2245/1073 
f 2253/1083 561/1082 2245/1073 4346/1072 
f 4338/254 2226/249 571/325 2255/328 
f 2226/249 4337/248 2256/329 571/325 
f 571/325 2256/329 4350/315 2249/314 
f 2255/328 571/325 2249/314 4349/313 
f 4337/248 2234/281 562/330 2256/329 
f 2234/1053 4330/1038 2253/1083 562/1085 
f 562/1085 2253/1083 4346/1072 2251/1078 
f 2256/329 562/330 2251/318 4350/315 
f 4329/1034 2240/1064 560/1086 2254/1084 
f 2240/296 4338/254 2255/328 560/331 
f 560/331 2255/328 4349/313 2252/320 
f 2254/1084 560/1086 2252/1081 4347/1074 
f 4332/1042 2221/1041 482/1087 2257/1088 
f 2221/1041 4331/1040 2258/1089 482/1087 
f 482/1087 2258/1089 4258/874 2098/872 
f 2257/1088 482/1087 2098/872 4256/866 
f 4340/265 2229/264 507/332 2259/333 
f 2229/264 4339/261 2260/334 507/332 
f 507/332 2260/334 4274/42 2122/46 
f 2259/333 507/332 2122/46 4276/56 
f 4331/1040 2235/1055 485/1090 2258/1089 
f 2235/283 4340/265 2259/333 485/335 
f 485/335 2259/333 4276/56 2135/90 
f 2258/1089 485/1090 2135/906 4258/874 
f 4339/261 2241/298 481/336 2260/334 
f 2241/1066 4332/1042 2257/1088 481/1092 
f 481/1092 2257/1088 4256/866 2261/1093 
f 2260/334 481/336 2261/341 4274/42 
f 4318/1017 2203/1016 545/1094 2215/1032 
f 2203/1016 4317/1014 2262/1096 545/1094 
f 545/1094 2262/1096 4345/1070 2242/1067 
f 2215/1032 545/1094 2242/1067 4327/1028 
f 4322/223 2207/222 549/344 2263/345 
f 2207/222 4321/221 2216/239 549/344 
f 549/344 2216/239 4328/238 2246/302 
f 2263/345 549/344 2246/302 4348/301 
f 4317/1014 2213/1026 544/1097 2262/1096 
f 2213/234 4322/223 2263/345 544/346 
f 544/346 2263/345 4348/301 2250/316 
f 2262/1096 544/1097 2250/1076 4345/1070 
f 4318/1017 2217/1033 539/1098 2201/1009 
f 2217/245 4321/221 2206/218 539/347 
f 539/347 2206/218 4320/217 2264/348 
f 2201/1009 539/1098 2264/1099 4315/1006 
f 4316/1010 2200/1007 541/1100 2265/1101 
f 2200/1007 4315/1006 2266/1102 541/1100 
f 541/1100 2266/1102 4351/1103 2267/1104 
f 2265/1101 541/1100 2267/1104 4352/1105 
f 4320/217 2204/213 548/349 2268/350 
f 2204/213 4319/212 2269/351 548/349 
f 548/349 2269/351 4353/352 2270/357 
f 2268/350 548/349 2270/357 4354/360 
f 4319/212 2212/232 542/361 2269/351 
f 2212/1024 4316/1010 2265/1101 542/1106 
f 542/1106 2265/1101 4352/1105 2271/1108 
f 2269/351 542/361 2271/362 4353/352 
f 4334/1048 2222/1045 567/1109 2272/1110 
f 2222/1045 4333/1044 2273/1112 567/1109 
f 567/1109 2273/1112 4352/1105 2267/1104 
f 2272/1110 567/1109 2267/1104 4351/1103 
f 4342/270 2230/267 573/363 2274/364 
f 2230/267 4341/266 2275/365 573/363 
f 573/363 2275/365 4354/360 2270/357 
f 2274/364 573/363 2270/357 4353/352 
f 4333/1044 2236/1056 566/1113 2273/1112 
f 2236/284 4342/270 2274/364 566/366 
f 566/366 2274/364 4353/352 2271/362 
f 2273/1112 566/1113 2271/1108 4352/1105 
f 4341/266 2238/287 568/367 2275/365 
f 2238/1060 4334/1048 2272/1110 568/1114 
f 568/1114 2272/1110 4351/1103 2276/1115 
f 2275/365 568/367 2276/368 4354/360 
f 4315/1006 2264/1099 540/1116 2266/1102 
f 2264/348 4320/217 2268/350 540/373 
f 540/373 2268/350 4354/360 2276/368 
f 2266/1102 540/1116 2276/1115 4351/1103 
f 4336/1052 2225/1051 551/1117 2277/1118 
f 2225/1051 4335/1050 2278/1119 551/1117 
f 551/1117 2278/1119 4323/1018 2209/1021 
f 2277/1118 551/1117 2209/1021 4326/1023 
f 4344/280 2233/277 553/376 2279/377 
f 2233/277 4343/272 2280/378 553/376 
f 553/376 2280/378 4325/229 2210/226 
f 2279/377 553/376 2210/226 4324/225 
f 4343/272 2237/286 554/379 2280/378 
f 2237/1058 4336/1052 2277/1118 554/1120 
f 554/1120 2277/1118 4326/1023 2211/1022 
f 2280/378 554/379 2211/230 4325/229 
f 4335/1050 2239/1062 552/1121 2278/1119 
f 2239/293 4344/280 2279/377 552/380 
f 552/380 2279/377 4324/225 2208/224 
f 2278/1119 552/1121 2208/1019 4323/1018 
f 4355/1122 2281/1124 575/1125 2282/1126 
f 2281/1124 4356/1128 2283/1129 575/1125 
f 575/1125 2283/1129 4357/1130 2284/1131 
f 2282/1126 575/1125 2284/1131 4358/1132 
f 4359/381 2285/382 584/383 2286/384 
f 2285/382 4360/389 2287/392 584/383 
f 584/383 2287/392 4361/393 2288/394 
f 2286/384 584/383 2288/394 4362/395 
f 4363/1133 2289/1134 587/1135 2290/1136 
f 2289/396 4364/397 2291/398 587/399 
f 587/399 2291/398 4365/400 2292/405 
f 2290/1136 587/1135 2292/1137 4366/1138 
f 4356/1128 2293/1140 580/1141 2283/1129 
f 2293/408 4359/381 2286/384 580/409 
f 580/409 2286/384 4362/395 2294/410 
f 2283/1129 580/1141 2294/1142 4357/1130 
f 4367/1144 2295/1145 583/1146 2296/1147 
f 2295/411 4368/412 2297/413 583/414 
f 583/414 2297/413 4361/393 2298/415 
f 2296/1147 583/1146 2298/1148 4358/1132 
f 4369/1149 2299/1150 595/1151 2300/1152 
f 2299/1150 4370/1153 2301/1154 595/1151 
f 595/1151 2301/1154 4371/1156 2302/1157 
f 2300/1152 595/1151 2302/1157 4372/1158 
f 4373/1160 2303/1161 601/1162 2304/1163 
f 2303/1161 4374/1164 2305/1165 601/1162 
f 601/1162 2305/1165 4375/1166 2306/1167 
f 2304/1163 601/1162 2306/1167 4376/1168 
f 4377/416 2307/417 607/418 2308/421 
f 2307/417 4378/422 2309/424 607/418 
f 607/418 2309/424 4379/425 2310/426 
f 2308/421 607/418 2310/426 4380/427 
f 4381/428 2311/429 609/430 2312/431 
f 2311/429 4382/432 2313/433 609/430 
f 609/430 2313/433 4383/436 2314/437 
f 2312/431 609/430 2314/437 4384/440 
f 4370/1153 2315/1169 600/1170 2301/1154 
f 2315/441 4377/416 2308/421 600/442 
f 600/442 2308/421 4380/427 2316/445 
f 2301/1154 600/1170 2316/1172 4371/1156 
f 4382/432 2317/446 602/447 2313/433 
f 2317/1173 4373/1160 2304/1163 602/1174 
f 602/1174 2304/1163 4376/1168 2318/1176 
f 2313/433 602/447 2318/448 4383/436 
f 4374/1164 2319/1177 606/1178 2305/1165 
f 2319/449 4381/428 2312/431 606/452 
f 606/452 2312/431 4384/440 2320/453 
f 2305/1165 606/1178 2320/1179 4375/1166 
f 4378/422 2321/456 596/457 2309/424 
f 2321/1180 4369/1149 2300/1152 596/1181 
f 596/1181 2300/1152 4372/1158 2322/1182 
f 2309/424 596/457 2322/458 4379/425 
f 4367/1144 2323/1183 592/1184 2324/1185 
f 2323/1183 4385/1186 2325/1188 592/1184 
f 592/1184 2325/1188 4386/1189 2326/1190 
f 2324/1185 592/1184 2326/1190 4387/1191 
f 4388/459 2327/460 594/461 2328/462 
f 2327/460 4368/412 2329/463 594/461 
f 594/461 2329/463 4389/464 2330/465 
f 2328/462 594/461 2330/465 4390/468 
f 4385/1186 2331/1192 611/1193 2325/1188 
f 2331/469 4388/459 2328/462 611/472 
f 611/472 2328/462 4390/468 2332/473 
f 2325/1188 611/1193 2332/1194 4386/1189 
f 4368/412 2295/411 593/474 2329/463 
f 2295/1145 4367/1144 2324/1185 593/1195 
f 593/1195 2324/1185 4387/1191 2333/1196 
f 2329/463 593/474 2333/475 4389/464 
f 4370/1153 2299/1150 598/1197 2334/1198 
f 2299/1150 4369/1149 2335/1199 598/1197 
f 598/1197 2335/1199 4387/1191 2326/1190 
f 2334/1198 598/1197 2326/1190 4386/1189 
f 4378/422 2307/417 608/476 2336/477 
f 2307/417 4377/416 2337/478 608/476 
f 608/476 2337/478 4390/468 2330/465 
f 2336/477 608/476 2330/465 4389/464 
f 4377/416 2315/441 599/479 2337/478 
f 2315/1169 4370/1153 2334/1198 599/1200 
f 599/1200 2334/1198 4386/1189 2332/1194 
f 2337/478 599/479 2332/473 4390/468 
f 4369/1149 2321/1180 597/1201 2335/1199 
f 2321/456 4378/422 2336/477 597/480 
f 597/480 2336/477 4389/464 2333/475 
f 2335/1199 597/1201 2333/1196 4387/1191 
f 4372/1158 2302/1157 477/1204 2338/1205 
f 2302/1157 4371/1156 2339/1208 477/1204 
f 477/1204 2339/1208 4256/866 2095/864 
f 2338/1205 477/1204 2095/864 4254/858 
f 4380/427 2310/426 504/481 2340/484 
f 2310/426 4379/425 2341/485 504/481 
f 504/481 2341/485 4272/32 2119/36 
f 2340/484 504/481 2119/36 4274/42 
f 4371/1156 2316/1172 480/1209 2339/1208 
f 2316/445 4380/427 2340/484 480/488 
f 480/488 2340/484 4274/42 2261/341 
f 2339/1208 480/1209 2261/1093 4256/866 
f 4379/425 2322/458 476/489 2341/485 
f 2322/1182 4372/1158 2338/1205 476/1210 
f 476/1210 2338/1205 4254/858 2342/1213 
f 2341/485 476/489 2342/490 4272/32 
f 4358/1132 2284/1131 582/1214 2296/1147 
f 2284/1131 4357/1130 2343/1215 582/1214 
f 582/1214 2343/1215 4385/1186 2323/1183 
f 2296/1147 582/1214 2323/1183 4367/1144 
f 4362/395 2288/394 586/493 2344/494 
f 2288/394 4361/393 2297/413 586/493 
f 586/493 2297/413 4368/412 2327/460 
f 2344/494 586/493 2327/460 4388/459 
f 4357/1130 2294/1142 581/1216 2343/1215 
f 2294/410 4362/395 2344/494 581/495 
f 581/495 2344/494 4388/459 2331/469 
f 2343/1215 581/1216 2331/1192 4385/1186 
f 4358/1132 2298/1148 576/1221 2282/1126 
f 2298/415 4361/393 2287/392 576/496 
f 576/496 2287/392 4360/389 2345/497 
f 2282/1126 576/1221 2345/1224 4355/1122 
f 4356/1128 2281/1124 578/1225 2346/1226 
f 2281/1124 4355/1122 2347/1229 578/1225 
f 578/1225 2347/1229 4391/1230 2348/1231 
f 2346/1226 578/1225 2348/1231 4392/1233 
f 4360/389 2285/382 585/500 2349/501 
f 2285/382 4359/381 2350/504 585/500 
f 585/500 2350/504 4393/505 2351/506 
f 2349/501 585/500 2351/506 4394/507 
f 4359/381 2293/408 579/508 2350/504 
f 2293/1140 4356/1128 2346/1226 579/1236 
f 579/1236 2346/1226 4392/1233 2352/1237 
f 2350/504 579/508 2352/509 4393/505 
f 4374/1164 2303/1161 604/1240 2353/1241 
f 2303/1161 4373/1160 2354/1242 604/1240 
f 604/1240 2354/1242 4392/1233 2348/1231 
f 2353/1241 604/1240 2348/1231 4391/1230 
f 4382/432 2311/429 610/510 2355/511 
f 2311/429 4381/428 2356/512 610/510 
f 610/510 2356/512 4394/507 2351/506 
f 2355/511 610/510 2351/506 4393/505 
f 4373/1160 2317/1173 603/1245 2354/1242 
f 2317/446 4382/432 2355/511 603/513 
f 603/513 2355/511 4393/505 2352/509 
f 2354/1242 603/1245 2352/1237 4392/1233 
f 4381/428 2319/449 605/516 2356/512 
f 2319/1177 4374/1164 2353/1241 605/1246 
f 605/1246 2353/1241 4391/1230 2357/1247 
f 2356/512 605/516 2357/517 4394/507 
f 4355/1122 2345/1224 577/1248 2347/1229 
f 2345/497 4360/389 2349/501 577/520 
f 577/520 2349/501 4394/507 2357/517 
f 2347/1229 577/1248 2357/1247 4391/1230 
f 4376/1168 2306/1167 588/1249 2358/1252 
f 2306/1167 4375/1166 2359/1253 588/1249 
f 588/1249 2359/1253 4363/1133 2290/1136 
f 2358/1252 588/1249 2290/1136 4366/1138 
f 4384/440 2314/437 590/521 2360/522 
f 2314/437 4383/436 2361/523 590/521 
f 590/521 2361/523 4365/400 2291/398 
f 2360/522 590/521 2291/398 4364/397 
f 4383/436 2318/448 591/524 2361/523 
f 2318/1176 4376/1168 2358/1252 591/1254 
f 591/1254 2358/1252 4366/1138 2292/1137 
f 2361/523 591/524 2292/405 4365/400 
f 4375/1166 2320/1179 589/1256 2359/1253 
f 2320/453 4384/440 2360/522 589/525 
f 589/525 2360/522 4364/397 2289/396 
f 2359/1253 589/1256 2289/1134 4363/1133 
f 4395/1257 2362/1258 612/1261 2363/1262 
f 2362/1258 4396/1263 2364/1264 612/1261 
f 612/1261 2364/1264 4397/1265 2365/1268 
f 2363/1262 612/1261 2365/1268 4398/1269 
f 4399/526 2366/527 621/528 2367/529 
f 2366/527 4400/532 2368/533 621/528 
f 621/528 2368/533 4401/536 2369/537 
f 2367/529 621/528 2369/537 4402/538 
f 4403/1272 2370/1273 624/1274 2371/1277 
f 2370/539 4404/540 2372/541 624/542 
f 624/542 2372/541 4405/543 2373/544 
f 2371/1277 624/1274 2373/1278 4406/1279 
f 4396/1263 2374/1280 617/1281 2364/1264 
f 2374/545 4399/526 2367/529 617/548 
f 617/548 2367/529 4402/538 2375/549 
f 2364/1264 617/1281 2375/1284 4397/1265 
f 4407/1285 2376/1288 620/1289 2377/1290 
f 2376/552 4408/553 2378/554 620/555 
f 620/555 2378/554 4401/536 2379/556 
f 2377/1290 620/1289 2379/1293 4398/1269 
f 4409/1294 2380/1295 632/1296 2381/1297 
f 2380/1295 4410/1300 2382/1301 632/1296 
f 632/1296 2382/1301 4411/1304 2383/1305 
f 2381/1297 632/1296 2383/1305 4412/1306 
f 4413/1309 2384/1310 638/1311 2385/1312 
f 2384/1310 4414/1313 2386/1316 638/1311 
f 638/1311 2386/1316 4415/1317 2387/1320 
f 2385/1312 638/1311 2387/1320 4416/1321 
f 4417/557 2388/558 644/559 2389/560 
f 2388/558 4418/561 2390/564 644/559 
f 644/559 2390/564 4419/565 2391/568 
f 2389/560 644/559 2391/568 4420/569 
f 4421/570 2392/571 646/572 2393/573 
f 2392/571 4422/574 2394/575 646/572 
f 646/572 2394/575 4423/576 2395/577 
f 2393/573 646/572 2395/577 4424/580 
f 4410/1300 2396/1322 637/1325 2382/1301 
f 2396/581 4417/557 2389/560 637/584 
f 637/584 2389/560 4420/569 2397/585 
f 2382/1301 637/1325 2397/1326 4411/1304 
f 4422/574 2398/586 639/587 2394/575 
f 2398/1327 4413/1309 2385/1312 639/1328 
f 639/1328 2385/1312 4416/1321 2399/1333 
f 2394/575 639/587 2399/588 4423/576 
f 4414/1313 2400/1336 643/1337 2386/1316 
f 2400/589 4421/570 2393/573 643/590 
f 643/590 2393/573 4424/580 2401/591 
f 2386/1316 643/1337 2401/1338 4415/1317 
f 4418/561 2402/592 633/593 2390/564 
f 2402/1341 4409/1294 2381/1297 633/1342 
f 633/1342 2381/1297 4412/1306 2403/1343 
f 2390/564 633/593 2403/596 4419/565 
f 4407/1285 2404/1349 629/1352 2405/1353 
f 2404/1349 4425/1354 2406/1357 629/1352 
f 629/1352 2406/1357 4426/1358 2407/1359 
f 2405/1353 629/1352 2407/1359 4427/1361 
f 4428/597 2408/600 631/601 2409/602 
f 2408/600 4408/553 2410/603 631/601 
f 631/601 2410/603 4429/604 2411/605 
f 2409/602 631/601 2411/605 4430/606 
f 4425/1354 2412/1364 648/1365 2406/1357 
f 2412/607 4428/597 2409/602 648/608 
f 648/608 2409/602 4430/606 2413/609 
f 2406/1357 648/1365 2413/1368 4426/1358 
f 4408/553 2376/552 630/610 2410/603 
f 2376/1288 4407/1285 2405/1353 630/1369 
f 630/1369 2405/1353 4427/1361 2414/1370 
f 2410/603 630/610 2414/612 4429/604 
f 4410/1300 2380/1295 635/1373 2415/1374 
f 2380/1295 4409/1294 2416/1375 635/1373 
f 635/1373 2416/1375 4427/1361 2407/1359 
f 2415/1374 635/1373 2407/1359 4426/1358 
f 4418/561 2388/558 645/613 2417/614 
f 2388/558 4417/557 2418/616 645/613 
f 645/613 2418/616 4430/606 2411/605 
f 2417/614 645/613 2411/605 4429/604 
f 4417/557 2396/581 636/617 2418/616 
f 2396/1322 4410/1300 2415/1374 636/1376 
f 636/1376 2415/1374 4426/1358 2413/1368 
f 2418/616 636/617 2413/609 4430/606 
f 4409/1294 2402/1341 634/1381 2416/1375 
f 2402/592 4418/561 2417/614 634/618 
f 634/618 2417/614 4429/604 2414/612 
f 2416/1375 634/1381 2414/1370 4427/1361 
f 4412/1306 2383/1305 469/1384 2419/1385 
f 2383/1305 4411/1304 2420/1386 469/1384 
f 469/1384 2420/1386 4254/858 2092/856 
f 2419/1385 469/1384 2092/856 4250/847 
f 4420/569 2391/568 501/619 2421/620 
f 2391/568 4419/565 2422/621 501/619 
f 501/619 2422/621 4270/24 2116/26 
f 2421/620 501/619 2116/26 4272/32 
f 4411/1304 2397/1326 475/1389 2420/1386 
f 2397/585 4420/569 2421/620 475/622 
f 475/622 2421/620 4272/32 2342/490 
f 2420/1386 475/1389 2342/1213 4254/858 
f 4419/565 2403/596 468/623 2422/621 
f 2403/1343 4412/1306 2419/1385 468/1390 
f 468/1390 2419/1385 4250/847 2423/1391 
f 2422/621 468/623 2423/624 4270/24 
f 4398/1269 2365/1268 619/1393 2377/1290 
f 2365/1268 4397/1265 2424/1394 619/1393 
f 619/1393 2424/1394 4425/1354 2404/1349 
f 2377/1290 619/1393 2404/1349 4407/1285 
f 4402/538 2369/537 623/625 2425/628 
f 2369/537 4401/536 2378/554 623/625 
f 623/625 2378/554 4408/553 2408/600 
f 2425/628 623/625 2408/600 4428/597 
f 4397/1265 2375/1284 618/1397 2424/1394 
f 2375/549 4402/538 2425/628 618/629 
f 618/629 2425/628 4428/597 2412/607 
f 2424/1394 618/1397 2412/1364 4425/1354 
f 4398/1269 2379/1293 613/1398 2363/1262 
f 2379/556 4401/536 2368/533 613/630 
f 613/630 2368/533 4400/532 2426/631 
f 2363/1262 613/1398 2426/1399 4395/1257 
f 4396/1263 2362/1258 615/1400 2427/1401 
f 2362/1258 4395/1257 2428/1402 615/1400 
f 615/1400 2428/1402 4431/1403 2429/1404 
f 2427/1401 615/1400 2429/1404 4432/1405 
f 4400/532 2366/527 622/632 2430/633 
f 2366/527 4399/526 2431/634 622/632 
f 622/632 2431/634 4433/635 2432/636 
f 2430/633 622/632 2432/636 4434/637 
f 4399/526 2374/545 616/638 2431/634 
f 2374/1280 4396/1263 2427/1401 616/1406 
f 616/1406 2427/1401 4432/1405 2433/1407 
f 2431/634 616/638 2433/639 4433/635 
f 4414/1313 2384/1310 641/1408 2434/1409 
f 2384/1310 4413/1309 2435/1410 641/1408 
f 641/1408 2435/1410 4432/1405 2429/1404 
f 2434/1409 641/1408 2429/1404 4431/1403 
f 4422/574 2392/571 647/640 2436/641 
f 2392/571 4421/570 2437/645 647/640 
f 647/640 2437/645 4434/637 2432/636 
f 2436/641 647/640 2432/636 4433/635 
f 4413/1309 2398/1327 640/1413 2435/1410 
f 2398/586 4422/574 2436/641 640/648 
f 640/648 2436/641 4433/635 2433/639 
f 2435/1410 640/1413 2433/1407 4432/1405 
f 4421/570 2400/589 642/649 2437/645 
f 2400/1336 4414/1313 2434/1409 642/1414 
f 642/1414 2434/1409 4431/1403 2438/1415 
f 2437/645 642/649 2438/650 4434/637 
f 4395/1257 2426/1399 614/1416 2428/1402 
f 2426/631 4400/532 2430/633 614/653 
f 614/653 2430/633 4434/637 2438/650 
f 2428/1402 614/1416 2438/1415 4431/1403 
f 4416/1321 2387/1320 625/1417 2439/1418 
f 2387/1320 4415/1317 2440/1419 625/1417 
f 625/1417 2440/1419 4403/1272 2371/1277 
f 2439/1418 625/1417 2371/1277 4406/1279 
f 4424/580 2395/577 627/654 2441/655 
f 2395/577 4423/576 2442/656 627/654 
f 627/654 2442/656 4405/543 2372/541 
f 2441/655 627/654 2372/541 4404/540 
f 4423/576 2399/588 628/661 2442/656 
f 2399/1333 4416/1321 2439/1418 628/1420 
f 628/1420 2439/1418 4406/1279 2373/1278 
f 2442/656 628/661 2373/544 4405/543 
f 4415/1317 2401/1338 626/1421 2440/1419 
f 2401/591 4424/580 2441/655 626/664 
f 626/664 2441/655 4404/540 2370/539 
f 2440/1419 626/1421 2370/1273 4403/1272 
f 4435/1422 2443/1423 649/1424 2444/1425 
f 2443/1423 4436/1428 2445/1429 649/1424 
f 649/1424 2445/1429 4437/1432 2446/1433 
f 2444/1425 649/1424 2446/1433 4438/1434 
f 4439/665 2447/666 658/669 2448/670 
f 2447/666 4440/671 2449/673 658/669 
f 658/669 2449/673 4441/676 2450/677 
f 2448/670 658/669 2450/677 4442/680 
f 4443/1437 2451/1438 661/1439 2452/1440 
f 2451/681 4444/682 2453/685 661/686 
f 661/686 2453/685 4445/687 2454/688 
f 2452/1440 661/1439 2454/1441 4446/1442 
f 4436/1428 2455/1444 654/1445 2445/1429 
f 2455/689 4439/665 2448/670 654/692 
f 654/692 2448/670 4442/680 2456/693 
f 2445/1429 654/1445 2456/1446 4437/1432 
f 4447/1447 2457/1448 657/1449 2458/1450 
f 2457/694 4448/695 2459/696 657/697 
f 657/697 2459/696 4441/676 2460/698 
f 2458/1450 657/1449 2460/1451 4438/1434 
f 4449/1453 2461/1454 669/1455 2462/1456 
f 2461/1454 4450/1457 2463/1460 669/1455 
f 669/1455 2463/1460 4451/1461 2464/1464 
f 2462/1456 669/1455 2464/1464 4452/1465 
f 4453/1466 2465/1469 675/1470 2466/1471 
f 2465/1469 4454/1472 2467/1477 675/1470 
f 675/1470 2467/1477 4455/1480 2468/1481 
f 2466/1471 675/1470 2468/1481 4456/1482 
f 4457/699 2469/701 681/702 2470/703 
f 2469/701 4458/704 2471/705 681/702 
f 681/702 2471/705 4459/706 2472/708 
f 2470/703 681/702 2472/708 4460/709 
f 4461/710 2473/711 683/712 2474/713 
f 2473/711 4462/714 2475/715 683/712 
f 683/712 2475/715 4463/717 2476/718 
f 2474/713 683/712 2476/718 4464/719 
f 4450/1457 2477/1485 674/1486 2463/1460 
f 2477/720 4457/699 2470/703 674/721 
f 674/721 2470/703 4460/709 2478/722 
f 2463/1460 674/1486 2478/1487 4451/1461 
f 4462/714 2479/724 676/725 2475/715 
f 2479/1493 4453/1466 2466/1471 676/1494 
f 676/1494 2466/1471 4456/1482 2480/1495 
f 2475/715 676/725 2480/726 4463/717 
f 4454/1472 2481/1496 680/1497 2467/1477 
f 2481/727 4461/710 2474/713 680/728 
f 680/728 2474/713 4464/719 2482/729 
f 2467/1477 680/1497 2482/1498 4455/1480 
f 4458/704 2483/730 670/731 2471/705 
f 2483/1499 4449/1453 2462/1456 670/1501 
f 670/1501 2462/1456 4452/1465 2484/1502 
f 2471/705 670/731 2484/733 4459/706 
f 4447/1447 2485/1503 666/1505 2486/1508 
f 2485/1503 4465/1509 2487/1512 666/1505 
f 666/1505 2487/1512 4466/1513 2488/1514 
f 2486/1508 666/1505 2488/1514 4467/1517 
f 4468/734 2489/735 668/736 2490/737 
f 2489/735 4448/695 2491/738 668/736 
f 668/736 2491/738 4469/740 2492/741 
f 2490/737 668/736 2492/741 4470/742 
f 4465/1509 2493/1518 685/1519 2487/1512 
f 2493/743 4468/734 2490/737 685/744 
f 685/744 2490/737 4470/742 2494/745 
f 2487/1512 685/1519 2494/1520 4466/1513 
f 4448/695 2457/694 667/746 2491/738 
f 2457/1448 4447/1447 2486/1508 667/1521 
f 667/1521 2486/1508 4467/1517 2495/1524 
f 2491/738 667/746 2495/747 4469/740 
f 4450/1457 2461/1454 672/1525 2496/1528 
f 2461/1454 4449/1453 2497/1529 672/1525 
f 672/1525 2497/1529 4467/1517 2488/1514 
f 2496/1528 672/1525 2488/1514 4466/1513 
f 4458/704 2469/701 682/749 2498/750 
f 2469/701 4457/699 2499/751 682/749 
f 682/749 2499/751 4470/742 2492/741 
f 2498/750 682/749 2492/741 4469/740 
f 4457/699 2477/720 673/752 2499/751 
f 2477/1485 4450/1457 2496/1528 673/1530 
f 673/1530 2496/1528 4466/1513 2494/1520 
f 2499/751 673/752 2494/745 4470/742 
f 4449/1453 2483/1499 671/1533 2497/1529 
f 2483/730 4458/704 2498/750 671/753 
f 671/753 2498/750 4469/740 2495/747 
f 2497/1529 671/1533 2495/1524 4467/1517 
f 4452/1465 2464/1464 466/1534 2500/1535 
f 2464/1464 4451/1461 2501/1536 466/1534 
f 466/1534 2501/1536 4250/847 2087/842 
f 2500/1535 466/1534 2087/842 4249/841 
f 4460/709 2472/708 496/754 2502/757 
f 2472/708 4459/706 2503/758 496/754 
f 496/754 2503/758 4266/5 2112/10 
f 2502/757 496/754 2112/10 4270/24 
f 4451/1461 2478/1487 467/1537 2501/1536 
f 2478/722 4460/709 2502/757 467/759 
f 467/759 2502/757 4270/24 2423/624 
f 2501/1536 467/1537 2423/1391 4250/847 
f 4459/706 2484/733 465/760 2503/758 
f 2484/1502 4452/1465 2500/1535 465/1538 
f 465/1538 2500/1535 4249/841 2151/941 
f 2503/758 465/760 2151/129 4266/5 
f 4438/1434 2446/1433 656/1541 2458/1450 
f 2446/1433 4437/1432 2504/1542 656/1541 
f 656/1541 2504/1542 4465/1509 2485/1503 
f 2458/1450 656/1541 2485/1503 4447/1447 
f 4442/680 2450/677 660/761 2505/762 
f 2450/677 4441/676 2459/696 660/761 
f 660/761 2459/696 4448/695 2489/735 
f 2505/762 660/761 2489/735 4468/734 
f 4437/1432 2456/1446 655/1544 2504/1542 
f 2456/693 4442/680 2505/762 655/763 
f 655/763 2505/762 4468/734 2493/743 
f 2504/1542 655/1544 2493/1518 4465/1509 
f 4438/1434 2460/1451 650/1545 2444/1425 
f 2460/698 4441/676 2449/673 650/765 
f 650/765 2449/673 4440/671 2506/766 
f 2444/1425 650/1545 2506/1546 4435/1422 
f 4436/1428 2443/1423 652/1547 2507/1548 
f 2443/1423 4435/1422 2508/1549 652/1547 
f 652/1547 2508/1549 4471/1550 2509/1551 
f 2507/1548 652/1547 2509/1551 4472/1552 
f 4440/671 2447/666 659/767 2510/768 
f 2447/666 4439/665 2511/769 659/767 
f 659/767 2511/769 4473/770 2512/772 
f 2510/768 659/767 2512/772 4474/773 
f 4439/665 2455/689 653/774 2511/769 
f 2455/1444 4436/1428 2507/1548 653/1553 
f 653/1553 2507/1548 4472/1552 2513/1554 
f 2511/769 653/774 2513/775 4473/770 
f 4454/1472 2465/1469 678/1556 2514/1557 
f 2465/1469 4453/1466 2515/1558 678/1556 
f 678/1556 2515/1558 4472/1552 2509/1551 
f 2514/1557 678/1556 2509/1551 4471/1550 
f 4462/714 2473/711 684/776 2516/777 
f 2473/711 4461/710 2517/778 684/776 
f 684/776 2517/778 4474/773 2512/772 
f 2516/777 684/776 2512/772 4473/770 
f 4453/1466 2479/1493 677/1559 2515/1558 
f 2479/724 4462/714 2516/777 677/779 
f 677/779 2516/777 4473/770 2513/775 
f 2515/1558 677/1559 2513/1554 4472/1552 
f 4461/710 2481/727 679/780 2517/778 
f 2481/1496 4454/1472 2514/1557 679/1560 
f 679/1560 2514/1557 4471/1550 2518/1561 
f 2517/778 679/780 2518/781 4474/773 
f 4435/1422 2506/1546 651/1562 2508/1549 
f 2506/766 4440/671 2510/768 651/782 
f 651/782 2510/768 4474/773 2518/781 
f 2508/1549 651/1562 2518/1561 4471/1550 
f 4456/1482 2468/1481 662/1563 2519/1565 
f 2468/1481 4455/1480 2520/1566 662/1563 
f 662/1563 2520/1566 4443/1437 2452/1440 
f 2519/1565 662/1563 2452/1440 4446/1442 
f 4464/719 2476/718 664/783 2521/784 
f 2476/718 4463/717 2522/785 664/783 
f 664/783 2522/785 4445/687 2453/685 
f 2521/784 664/783 2453/685 4444/682 
f 4463/717 2480/726 665/786 2522/785 
f 2480/1495 4456/1482 2519/1565 665/1567 
f 665/1567 2519/1565 4446/1442 2454/1441 
f 2522/785 665/786 2454/688 4445/687 
f 4455/1480 2482/1498 663/1568 2520/1566 
f 2482/729 4464/719 2521/784 663/789 
f 663/789 2521/784 4444/682 2451/681 
f 2520/1566 663/1568 2451/1438 4443/1437 
f 4475/1569 2523/1570 526/1572 2524/1573 
f 2523/1570 4303/968 2172/971 526/1572 
f 526/790 2172/165 4306/168 2525/792 
f 2524/793 526/790 2525/792 4476/794 
f 4476/794 2525/792 529/797 2526/798 
f 2525/792 4306/168 2174/164 529/797 
f 529/797 2174/164 4305/161 2527/799 
f 2526/798 529/797 2527/799 4477/801 
f 4477/801 2527/799 528/802 2528/804 
f 2527/799 4305/161 2173/160 528/802 
f 528/1574 2173/974 4304/973 2529/1575 
f 2528/1576 528/1574 2529/1575 4478/1577 
f 4478/1577 2529/1575 527/1578 2530/1579 
f 2529/1575 4304/973 2171/969 527/1578 
f 527/1578 2171/969 4303/968 2523/1570 
f 2530/1579 527/1578 2523/1570 4475/1569 
f 4059/4219 2531/4220 202/4221 1716/4222 
f 2531/4220 4479/4223 2532/4224 202/4221 
f 202/4221 2532/4224 4089/3532 1809/3752 
f 1716/4222 202/4221 1809/3752 3985/3751 
f 4479/4223 2533/4225 283/4226 2532/4224 
f 2533/4225 4086/3506 1751/3502 283/4226 
f 283/4226 1751/3502 4069/3404 1754/3520 
f 2532/4224 283/4226 1754/3520 4089/3532 
f 4087/3511 2534/4227 277/4228 1753/3512 
f 2534/4227 4480/4229 2535/4230 277/4228 
f 277/4228 2535/4230 4092/3565 1799/3729 
f 1753/3512 277/4228 1799/3729 4066/3389 
f 4480/4229 2536/4231 320/4232 2535/4230 
f 2536/4231 4100/4233 1775/4234 320/4232 
f 320/4232 1775/4234 4093/3570 1764/3566 
f 2535/4230 320/4232 1764/3566 4092/3565 
f 4063/3372 2537/4235 263/4236 1721/3360 
f 2537/4235 4058/3287 1713/3283 263/4236 
f 263/4236 1713/3283 4057/3282 1758/3536 
f 1721/3360 263/4236 1758/3536 4060/3357 
f 4481/4237 2538/4238 273/4239 2539/4240 
f 2538/4238 4065/4241 1725/4242 273/4239 
f 273/4239 1725/4242 4064/3739 1803/3738 
f 2539/4240 273/4239 1803/3738 4112/3737 
f 4077/4243 2540/4244 293/4245 1736/4246 
f 2540/4244 4481/4237 2539/4240 293/4245 
f 293/4245 2539/4240 4112/3737 2002/4201 
f 1736/4246 293/4245 2002/4201 4074/4203 
f 4263/894 2541/1581 488/1582 2106/895 
f 2541/1581 4295/942 2153/945 488/1582 
f 488/1582 2153/945 4287/921 2542/1583 
f 2106/895 488/1582 2542/1583 4260/884 
f 4264/898 2543/1584 492/1585 2108/900 
f 2543/1584 4286/920 2166/961 492/1585 
f 492/1585 2166/961 4295/942 2541/1581 
f 2108/900 492/1585 2541/1581 4263/894 
f 4265/904 2544/1588 493/1589 2110/905 
f 2544/1588 4283/913 2139/917 493/1589 
f 493/1589 2139/917 4286/920 2543/1584 
f 2110/905 493/1589 2543/1584 4264/898 
f 4279/68 2545/805 511/806 2129/73 
f 2545/805 4288/110 2158/141 511/806 
f 511/806 2158/141 4300/145 2546/808 
f 2129/73 511/806 2546/808 4280/74 
f 4280/74 2546/808 512/809 2131/79 
f 2546/808 4300/145 2161/149 512/809 
f 512/809 2161/149 4285/105 2547/810 
f 2131/79 512/809 2547/810 4281/80 
f 4281/80 2547/810 513/813 2133/85 
f 2547/810 4285/105 2140/101 513/813 
f 513/813 2140/101 4284/100 2548/814 
f 2133/85 513/813 2548/814 4282/88 
f 4282/88 2548/814 494/815 2137/96 
f 2548/814 4284/100 2138/97 494/815 
f 494/1592 2138/914 4283/913 2544/1588 
f 2137/912 494/1592 2544/1588 4265/904 
f 4293/125 2177/176 524/816 2149/126 
f 2177/176 4308/175 2189/200 524/816 
f 524/1593 2189/993 4314/994 2549/1594 
f 2149/934 524/1593 2549/1594 4294/936 
f 4294/936 2549/1594 491/1597 2170/967 
f 4314/994 2192/997 491/1597 2549/1594 
f 4309/981 2181/980 491/1597 2192/997 
f 4262/889 2104/888 491/1597 2181/980 
f 4261/886 2170/967 491/1597 2104/888 
f 4293/125 2148/121 509/817 2178/177 
f 2148/121 4292/120 2179/180 509/817 
f 509/817 2179/180 4289/113 2550/818 
f 2178/177 509/817 2550/818 4278/63 
f 4278/63 2550/818 510/820 2127/65 
f 2550/818 4289/113 2144/111 510/820 
f 510/820 2144/111 4288/110 2545/805 
f 2127/65 510/820 2545/805 4279/68 
f 4260/884 2542/1583 489/1598 2103/885 
f 2542/1583 4287/921 2143/926 489/1598 
f 489/1598 2143/926 4290/928 2169/966 
f 2103/885 489/1598 2169/966 4261/886 
f 4310/986 2551/1599 535/1600 2185/987 
f 2551/1599 4482/1601 2552/1602 535/1600 
f 535/821 2552/822 4483/824 2553/825 
f 2185/187 535/821 2553/825 4311/189 
f 4311/189 2553/825 536/826 2187/192 
f 2553/825 4483/824 2554/827 536/826 
f 536/826 2554/827 4484/829 2555/830 
f 2187/192 536/826 2555/830 4312/193 
f 4312/193 2555/830 537/831 2190/201 
f 2555/830 4484/829 2556/832 537/831 
f 537/1605 2556/1606 4485/1608 2557/1609 
f 2190/990 537/1605 2557/1609 4313/991 
f 4313/991 2557/1609 534/1610 2193/998 
f 2557/1609 4485/1608 2558/1611 534/1610 
f 534/1610 2558/1611 4482/1601 2551/1599 
f 2193/998 534/1610 2551/1599 4310/986 
f 4476/794 2559/833 686/834 2524/793 
f 2559/833 4483/824 2552/822 686/834 
f 686/1612 2552/1602 4482/1601 2560/1613 
f 2524/1573 686/1612 2560/1613 4475/1569 
f 4477/801 2561/837 688/838 2526/798 
f 2561/837 4484/829 2554/827 688/838 
f 688/838 2554/827 4483/824 2559/833 
f 2526/798 688/838 2559/833 4476/794 
f 4478/1577 2562/1614 689/1615 2528/1576 
f 2562/1614 4485/1608 2556/1606 689/1615 
f 689/840 2556/832 4484/829 2561/837 
f 2528/804 689/840 2561/837 4477/801 
f 4475/1569 2560/1613 687/1616 2530/1579 
f 2560/1613 4482/1601 2558/1611 687/1616 
f 687/1616 2558/1611 4485/1608 2562/1614 
f 2530/1579 687/1616 2562/1614 4478/1577 
f 4171/4247 2563/4248 390/4249 1928/4250 
f 2563/4248 4178/4060 1938/4057 390/4249 
f 390/4249 1938/4057 4177/4056 2564/4251 
f 1928/4250 390/4249 2564/4251 4172/4252 
f 4172/4252 2564/4251 391/4253 1930/4254 
f 2564/4251 4177/4056 1942/4066 391/4253 
f 391/4253 1942/4066 4181/4065 2565/4255 
f 1930/4254 391/4253 2565/4255 4173/4256 
f 4173/4256 2565/4255 392/4257 1932/4258 
f 2565/4255 4181/4065 1945/4072 392/4257 
f 392/4257 1945/4072 4183/4071 2566/4259 
f 1932/4258 392/4257 2566/4259 4174/4260 
f 4174/4260 2566/4259 393/4261 1934/4262 
f 2566/4259 4183/4071 1948/4078 393/4261 
f 393/4261 1948/4078 4185/4077 2567/4263 
f 1934/4262 393/4261 2567/4263 4175/4264 
f 4175/4264 2567/4263 394/4265 1936/4266 
f 2567/4263 4185/4077 1951/4084 394/4265 
f 394/4265 1951/4084 4187/4083 2568/4267 
f 1936/4266 394/4265 2568/4267 4176/4268 
f 4176/4269 2568/4270 389/4271 1937/4272 
f 2568/4270 4187/4091 1954/4089 389/4271 
f 389/4271 1954/4089 4178/4060 2563/4248 
f 1937/4272 389/4271 2563/4248 4171/4247 
f 4486/4273 2569/4274 690/4275 2570/4276 
f 2569/4274 4487/4277 2571/4278 690/4275 
f 690/4275 2571/4278 4488/4279 2572/4280 
f 2570/4276 690/4275 2572/4280 4489/4281 
f 4489/4281 2572/4280 697/4282 2573/4283 
f 2572/4280 4488/4279 2574/4284 697/4282 
f 697/4282 2574/4284 4490/4285 2575/4286 
f 2573/4283 697/4282 2575/4286 4491/4287 
f 4491/4287 2575/4286 700/4288 2576/4289 
f 2575/4286 4490/4285 2577/4290 700/4288 
f 700/4288 2577/4290 4492/4291 2578/4292 
f 2576/4289 700/4288 2578/4292 4493/4293 
f 4494/4294 2579/4295 705/4296 2580/4297 
f 2579/4295 4495/4298 2581/4299 705/4296 
f 705/4296 2581/4299 4496/4300 2582/4301 
f 2580/4297 705/4296 2582/4301 4497/4302 
f 4497/4302 2582/4301 709/4303 2583/4304 
f 2582/4301 4496/4300 2584/4305 709/4303 
f 709/4303 2584/4305 4498/4306 2585/4307 
f 2583/4304 709/4303 2585/4307 4499/4308 
f 4499/4308 2585/4307 712/4309 2586/4310 
f 2585/4307 4498/4306 2587/4311 712/4309 
f 712/4309 2587/4311 4500/4312 2588/4313 
f 2586/4310 712/4309 2588/4313 4501/4314 
f 4501/4314 2588/4313 715/4315 2589/4316 
f 2588/4313 4500/4312 2590/4317 715/4315 
f 715/4315 2590/4317 4502/4318 2591/4319 
f 2589/4316 715/4315 2591/4319 4503/4320 
f 4503/4320 2591/4319 718/4321 2592/4322 
f 2591/4319 4502/4318 2593/4323 718/4321 
f 718/4321 2593/4323 4504/4324 2594/4325 
f 2592/4322 718/4321 2594/4325 4505/4326 
f 4505/4326 2594/4325 721/4327 2595/4328 
f 2594/4325 4504/4324 2596/4329 721/4327 
f 721/4327 2596/4329 4506/4330 2597/4331 
f 2595/4328 721/4327 2597/4331 4507/4332 
f 4507/4332 2597/4331 723/4333 2598/4334 
f 2597/4331 4506/4330 2599/4335 723/4333 
f 723/4333 2599/4335 4508/4336 2600/4337 
f 2598/4334 723/4333 2600/4337 4509/4338 
f 4509/4338 2600/4337 725/4339 2601/4340 
f 2600/4337 4508/4336 2602/4341 725/4339 
f 725/4339 2602/4341 4510/4342 2603/4343 
f 2601/4340 725/4339 2603/4343 4511/4344 
f 4511/4344 2603/4343 693/4345 2604/4346 
f 2603/4343 4510/4342 2605/4347 693/4345 
f 693/4345 2605/4347 4487/4277 2569/4274 
f 2604/4346 693/4345 2569/4274 4486/4273 
f 4505/4326 2595/4328 43/4348 2606/4349 
f 2595/4328 4507/4332 2607/4350 43/4348 
f 43/4348 2607/4350 3844/203 1305/199 
f 2606/4349 43/4348 1305/199 3843/198 
f 4507/4332 2598/4334 44/4351 2607/4350 
f 2598/4334 4509/4338 2608/4352 44/4351 
f 44/4351 2608/4352 3845/219 1307/215 
f 2607/4350 44/4351 1307/215 3844/203 
f 4509/4338 2601/4340 45/4353 2608/4352 
f 2601/4340 4511/4344 2609/4354 45/4353 
f 45/4353 2609/4354 3846/235 1309/231 
f 2608/4352 45/4353 1309/231 3845/219 
f 4512/4355 2610/4356 726/4357 2611/4358 
f 2610/4356 4513/4359 2612/4360 726/4357 
f 726/4357 2612/4360 4514/4361 2613/4362 
f 2611/4358 726/4357 2613/4362 4515/4363 
f 4516/4364 2614/4365 727/4366 2615/4367 
f 2614/4365 4512/4355 2611/4358 727/4366 
f 727/4366 2611/4358 4515/4363 2616/4368 
f 2615/4367 727/4366 2616/4368 4517/4369 
f 4518/4370 2617/4371 735/4372 2618/4373 
f 2617/4371 4516/4364 2615/4367 735/4372 
f 735/4372 2615/4367 4517/4369 2619/4374 
f 2618/4373 735/4372 2619/4374 4519/4375 
f 4520/4376 2620/4377 742/4378 2621/4379 
f 2620/4377 4521/4380 2622/4381 742/4378 
f 742/4378 2622/4381 4522/4382 2623/4383 
f 2621/4379 742/4378 2623/4383 4523/4384 
f 4524/4385 2624/4386 743/4387 2625/4388 
f 2624/4386 4520/4376 2621/4379 743/4387 
f 743/4387 2621/4379 4523/4384 2626/4389 
f 2625/4388 743/4387 2626/4389 4525/4390 
f 4526/4391 2627/4392 750/4393 2628/4394 
f 2627/4392 4524/4385 2625/4388 750/4393 
f 750/4393 2625/4388 4525/4390 2629/4395 
f 2628/4394 750/4393 2629/4395 4527/4396 
f 4528/4397 2630/4398 753/4399 2631/4400 
f 2630/4398 4526/4391 2628/4394 753/4399 
f 753/4399 2628/4394 4527/4396 2632/4401 
f 2631/4400 753/4399 2632/4401 4529/4402 
f 4530/4403 2633/4404 756/4405 2634/4406 
f 2633/4404 4528/4397 2631/4400 756/4405 
f 756/4405 2631/4400 4529/4402 2635/4407 
f 2634/4406 756/4405 2635/4407 4531/4408 
f 4532/4409 2636/4410 759/4411 2637/4412 
f 2636/4410 4530/4403 2634/4406 759/4411 
f 759/4411 2634/4406 4531/4408 2638/4413 
f 2637/4412 759/4411 2638/4413 4533/4414 
f 4534/4415 2639/4416 762/4417 2640/4418 
f 2639/4416 4532/4409 2637/4412 762/4417 
f 762/4417 2637/4412 4533/4414 2641/4419 
f 2640/4418 762/4417 2641/4419 4535/4420 
f 4536/4421 2642/4422 765/4423 2643/4424 
f 2642/4422 4534/4415 2640/4418 765/4423 
f 765/4423 2640/4418 4535/4420 2644/4425 
f 2643/4424 765/4423 2644/4425 4537/4426 
f 4513/4359 2645/4427 731/4428 2612/4360 
f 2645/4427 4536/4421 2643/4424 731/4428 
f 731/4428 2643/4424 4537/4426 2646/4429 
f 2612/4360 731/4428 2646/4429 4514/4361 
f 4515/4363 2613/4362 733/4430 2647/4431 
f 2613/4362 4514/4361 2648/4432 733/4430 
f 733/4430 2648/4432 5086/4433 2649/4434 
f 2647/4431 733/4430 2649/4434 5094/4435 
f 4517/4369 2616/4368 734/4436 2650/4437 
f 2616/4368 4515/4363 2647/4431 734/4436 
f 734/4436 2647/4431 5094/4435 2651/4438 
f 2650/4437 734/4436 2651/4438 5095/4439 
f 4519/4375 2619/4374 737/4440 2652/4441 
f 2619/4374 4517/4369 2650/4437 737/4440 
f 737/4440 2650/4437 5095/4439 2653/4442 
f 2652/4441 737/4440 2653/4442 5096/4443 
f 4523/4384 2623/4383 748/4444 2654/4445 
f 2623/4383 4522/4382 2655/4446 748/4444 
f 748/4444 2655/4446 5098/4447 2656/4448 
f 2654/4445 748/4444 2656/4448 5099/4449 
f 4525/4390 2626/4389 749/4450 2657/4451 
f 2626/4389 4523/4384 2654/4445 749/4450 
f 749/4450 2654/4445 5099/4449 2658/4452 
f 2657/4451 749/4450 2658/4452 5084/4453 
f 4527/4396 2629/4395 752/4454 2659/4455 
f 2629/4395 4525/4390 2657/4451 752/4454 
f 752/4454 2657/4451 5084/4453 2660/4456 
f 2659/4455 752/4454 2660/4456 5085/4457 
f 4529/4402 2632/4401 755/4458 2661/4459 
f 2632/4401 4527/4396 2659/4455 755/4458 
f 755/4458 2659/4455 5085/4457 2662/4460 
f 2661/4459 755/4458 2662/4460 4538/4461 
f 4531/4408 2635/4407 758/4462 2663/4463 
f 2635/4407 4529/4402 2661/4459 758/4462 
f 758/4462 2661/4459 4538/4461 2664/4464 
f 2663/4463 758/4462 2664/4464 4539/4465 
f 4533/4414 2638/4413 761/4466 2665/4467 
f 2638/4413 4531/4408 2663/4463 761/4466 
f 761/4466 2663/4463 4539/4465 2666/4468 
f 2665/4467 761/4466 2666/4468 4540/4469 
f 4535/4420 2641/4419 764/4470 2667/4471 
f 2641/4419 4533/4414 2665/4467 764/4470 
f 764/4470 2665/4467 4540/4469 2668/4472 
f 2667/4471 764/4470 2668/4472 4541/4473 
f 4537/4426 2644/4425 767/4474 2669/4475 
f 2644/4425 4535/4420 2667/4471 767/4474 
f 767/4474 2667/4471 4541/4473 2670/4476 
f 2669/4475 767/4474 2670/4476 5097/4477 
f 4514/4361 2646/4429 732/4478 2648/4432 
f 2646/4429 4537/4426 2669/4475 732/4478 
f 732/4478 2669/4475 5097/4477 2671/4479 
f 2648/4432 732/4478 2671/4479 5086/4433 
f 4541/4473 2668/4472 769/4480 2672/4481 
f 2668/4472 4540/4469 2666/4468 769/4480 
f 769/4480 2666/4468 4539/4465 2664/4464 
f 2672/4481 769/4480 2664/4464 4538/4461 
f 4518/4370 2673/4482 740/4483 2674/4484 
f 2673/4482 4521/4380 2675/4485 740/4483 
f 740/4483 2675/4485 4542/4486 2676/4487 
f 2674/4484 740/4483 2676/4487 4543/4488 
f 4544/4489 2677/4490 770/4491 2678/4492 
f 2677/4490 4545/4493 2679/4494 770/4491 
f 770/4491 2679/4494 4546/4495 2680/4496 
f 2678/4492 770/4491 2680/4496 4547/4497 
f 4547/4497 2680/4496 771/4498 2681/4499 
f 2680/4496 4546/4495 2682/4500 771/4498 
f 771/4498 2682/4500 4548/4501 2683/4502 
f 2681/4499 771/4498 2683/4502 4549/4503 
f 4522/4382 2622/4381 746/4504 2684/4505 
f 2622/4381 4521/4380 2685/4506 746/4504 
f 746/4504 2685/4506 4544/4489 2678/4492 
f 2684/4505 746/4504 2678/4492 4547/4497 
f 4521/4380 2673/4482 739/4507 2685/4506 
f 2673/4482 4518/4370 2686/4508 739/4507 
f 739/4507 2686/4508 4545/4493 2677/4490 
f 2685/4506 739/4507 2677/4490 4544/4489 
f 4518/4370 2618/4373 738/4509 2686/4508 
f 2618/4373 4519/4375 2687/4510 738/4509 
f 738/4509 2687/4510 4546/4495 2679/4494 
f 2686/4508 738/4509 2679/4494 4545/4493 
f 4519/4375 2652/4441 741/4511 2687/4510 
f 2652/4441 5096/4443 2688/4512 741/4511 
f 741/4511 2688/4512 4548/4501 2682/4500 
f 2687/4510 741/4511 2682/4500 4546/4495 
f 5096/4443 2689/4513 772/4514 2688/4512 
f 2689/4513 5098/4447 2690/4515 772/4514 
f 772/4514 2690/4515 4549/4503 2683/4502 
f 2688/4512 772/4514 2683/4502 4548/4501 
f 5098/4447 2655/4446 747/4516 2690/4515 
f 2655/4446 4522/4382 2684/4505 747/4516 
f 747/4516 2684/4505 4547/4497 2681/4499 
f 2690/4515 747/4516 2681/4499 4549/4503 
f 4487/4277 2691/4517 695/4518 2571/4278 
f 2691/4517 4550/4519 2692/4520 695/4518 
f 695/4518 2692/4520 4551/4521 2693/4522 
f 2571/4278 695/4518 2693/4522 4488/4279 
f 4488/4279 2693/4522 696/4523 2574/4284 
f 2693/4522 4551/4521 2694/4524 696/4523 
f 696/4523 2694/4524 4552/4525 2695/4526 
f 2574/4284 696/4523 2695/4526 4490/4285 
f 4490/4285 2695/4526 699/4527 2577/4290 
f 2695/4526 4552/4525 2696/4528 699/4527 
f 699/4527 2696/4528 4543/4488 2697/4529 
f 2577/4290 699/4527 2697/4529 4492/4291 
f 4495/4298 2698/4530 707/4531 2581/4299 
f 2698/4530 4542/4486 2699/4532 707/4531 
f 707/4531 2699/4532 4553/4533 2700/4534 
f 2581/4299 707/4531 2700/4534 4496/4300 
f 4496/4300 2700/4534 708/4535 2584/4305 
f 2700/4534 4553/4533 2701/4536 708/4535 
f 708/4535 2701/4536 4554/4537 2702/4538 
f 2584/4305 708/4535 2702/4538 4498/4306 
f 4498/4306 2702/4538 711/4539 2587/4311 
f 2702/4538 4554/4537 2703/4540 711/4539 
f 711/4539 2703/4540 4555/4541 2704/4542 
f 2587/4311 711/4539 2704/4542 4500/4312 
f 4500/4312 2704/4542 714/4543 2590/4317 
f 2704/4542 4555/4541 2705/4544 714/4543 
f 714/4543 2705/4544 4556/4545 2706/4546 
f 2590/4317 714/4543 2706/4546 4502/4318 
f 4502/4318 2706/4546 717/4547 2593/4323 
f 2706/4546 4556/4545 2707/4548 717/4547 
f 717/4547 2707/4548 4557/4549 2708/4550 
f 2593/4323 717/4547 2708/4550 4504/4324 
f 4504/4324 2708/4550 720/4551 2596/4329 
f 2708/4550 4557/4549 2709/4552 720/4551 
f 720/4551 2709/4552 4558/4553 2710/4554 
f 2596/4329 720/4551 2710/4554 4506/4330 
f 4506/4330 2710/4554 722/4555 2599/4335 
f 2710/4554 4558/4553 2711/4556 722/4555 
f 722/4555 2711/4556 4559/4557 2712/4558 
f 2599/4335 722/4555 2712/4558 4508/4336 
f 4508/4336 2712/4558 724/4559 2602/4341 
f 2712/4558 4559/4557 2713/4560 724/4559 
f 724/4559 2713/4560 4560/4561 2714/4562 
f 2602/4341 724/4559 2714/4562 4510/4342 
f 4510/4342 2714/4562 694/4563 2605/4347 
f 2714/4562 4560/4561 2715/4564 694/4563 
f 694/4563 2715/4564 4550/4519 2691/4517 
f 2605/4347 694/4563 2691/4517 4487/4277 
f 4495/4298 2579/4295 703/4565 2716/4566 
f 2579/4295 4494/4294 2717/4567 703/4565 
f 703/4565 2717/4567 4493/4293 2578/4292 
f 2716/4566 703/4565 2578/4292 4492/4291 
f 4542/4486 2698/4530 702/4568 2676/4487 
f 2698/4530 4495/4298 2716/4566 702/4568 
f 702/4568 2716/4566 4492/4291 2697/4529 
f 2676/4487 702/4568 2697/4529 4543/4488 
f 4550/4519 2718/4569 729/4570 2692/4520 
f 2718/4569 4513/4359 2610/4356 729/4570 
f 729/4570 2610/4356 4512/4355 2719/4571 
f 2692/4520 729/4570 2719/4571 4551/4521 
f 4551/4521 2719/4571 728/4572 2694/4524 
f 2719/4571 4512/4355 2614/4365 728/4572 
f 728/4572 2614/4365 4516/4364 2720/4573 
f 2694/4524 728/4572 2720/4573 4552/4525 
f 4552/4525 2720/4573 736/4574 2696/4528 
f 2720/4573 4516/4364 2617/4371 736/4574 
f 736/4574 2617/4371 4518/4370 2674/4484 
f 2696/4528 736/4574 2674/4484 4543/4488 
f 4542/4486 2675/4485 745/4575 2699/4532 
f 2675/4485 4521/4380 2620/4377 745/4575 
f 745/4575 2620/4377 4520/4376 2721/4576 
f 2699/4532 745/4575 2721/4576 4553/4533 
f 4553/4533 2721/4576 744/4577 2701/4536 
f 2721/4576 4520/4376 2624/4386 744/4577 
f 744/4577 2624/4386 4524/4385 2722/4578 
f 2701/4536 744/4577 2722/4578 4554/4537 
f 4554/4537 2722/4578 751/4579 2703/4540 
f 2722/4578 4524/4385 2627/4392 751/4579 
f 751/4579 2627/4392 4526/4391 2723/4580 
f 2703/4540 751/4579 2723/4580 4555/4541 
f 4555/4541 2723/4580 754/4581 2705/4544 
f 2723/4580 4526/4391 2630/4398 754/4581 
f 754/4581 2630/4398 4528/4397 2724/4582 
f 2705/4544 754/4581 2724/4582 4556/4545 
f 4556/4545 2724/4582 757/4583 2707/4548 
f 2724/4582 4528/4397 2633/4404 757/4583 
f 757/4583 2633/4404 4530/4403 2725/4584 
f 2707/4548 757/4583 2725/4584 4557/4549 
f 4557/4549 2725/4584 760/4585 2709/4552 
f 2725/4584 4530/4403 2636/4410 760/4585 
f 760/4585 2636/4410 4532/4409 2726/4586 
f 2709/4552 760/4585 2726/4586 4558/4553 
f 4558/4553 2726/4586 763/4587 2711/4556 
f 2726/4586 4532/4409 2639/4416 763/4587 
f 763/4587 2639/4416 4534/4415 2727/4588 
f 2711/4556 763/4587 2727/4588 4559/4557 
f 4559/4557 2727/4588 766/4589 2713/4560 
f 2727/4588 4534/4415 2642/4422 766/4589 
f 766/4589 2642/4422 4536/4421 2728/4590 
f 2713/4560 766/4589 2728/4590 4560/4561 
f 4560/4561 2728/4590 730/4591 2715/4564 
f 2728/4590 4536/4421 2645/4427 730/4591 
f 730/4591 2645/4427 4513/4359 2718/4569 
f 2715/4564 730/4591 2718/4569 4550/4519 
f 4505/4326 2606/4349 42/4592 2729/4593 
f 2606/4349 3843/198 1432/1212 42/4592 
f 42/4592 1432/1212 3906/1211 2730/4594 
f 2729/4593 42/4592 2730/4594 4561/4595 
f 3907/1217 1434/1220 98/4596 2731/4597 
f 1434/1220 3910/1232 2732/4598 98/4596 
f 98/4596 2732/4598 4562/4599 2733/4600 
f 2731/4597 98/4596 2733/4600 4563/4601 
f 4563/4601 2733/4600 775/4602 2734/4603 
f 2733/4600 4562/4599 2735/4604 775/4602 
f 775/4602 2735/4604 4564/4605 2736/4606 
f 2734/4603 775/4602 2736/4606 4565/4607 
f 4563/4601 2734/4603 773/4608 2737/4609 
f 2734/4603 4565/4607 2738/4610 773/4608 
f 773/4608 2738/4610 4566/4611 2739/4612 
f 2737/4609 773/4608 2739/4612 4561/4595 
f 3846/235 2609/4354 46/4613 1443/4614 
f 2609/4354 4511/4344 2740/4615 46/4613 
f 46/4613 2740/4615 4567/4616 2741/4617 
f 1443/4614 46/4613 2741/4617 3914/4618 
f 3914/4618 2741/4617 107/4619 1446/4620 
f 2741/4617 4567/4616 2742/4621 107/4619 
f 107/4619 2742/4621 4568/4622 2743/4623 
f 1446/4620 107/4619 2743/4623 3916/4624 
f 3916/4624 2743/4623 110/4625 1449/4626 
f 2743/4623 4568/4622 2744/4627 110/4625 
f 110/4625 2744/4627 4569/4628 2745/4629 
f 1449/4626 110/4625 2745/4629 3918/4630 
f 3918/4630 2745/4629 113/4631 1452/4632 
f 2745/4629 4569/4628 2746/4633 113/4631 
f 113/4631 2746/4633 4570/4634 2747/4635 
f 1452/4632 113/4631 2747/4635 3920/4636 
f 3922/4637 2748/4638 120/4639 1455/4640 
f 2748/4638 4571/4641 2749/4642 120/4639 
f 120/4639 2749/4642 4572/4643 2750/4644 
f 1455/4640 120/4639 2750/4644 3923/4645 
f 3926/4646 2751/4647 126/4648 1459/4649 
f 2751/4647 4573/4650 2752/4651 126/4648 
f 126/4648 2752/4651 4574/4652 2753/4653 
f 1459/4649 126/4648 2753/4653 3927/4654 
f 3927/4654 2753/4653 127/4655 1463/4656 
f 2753/4653 4574/4652 2754/4657 127/4655 
f 127/4655 2754/4657 4575/4658 2755/4659 
f 1463/4656 127/4655 2755/4659 3930/4660 
f 3932/4661 2756/4662 135/4663 1466/4664 
f 2756/4662 4576/4665 2757/4666 135/4663 
f 135/4663 2757/4666 4577/4667 2758/4668 
f 1466/4664 135/4663 2758/4668 3933/4669 
f 3906/1211 1470/1396 96/4670 2730/4594 
f 1470/1396 3907/1217 2731/4597 96/4670 
f 96/4670 2731/4597 4563/4601 2737/4609 
f 2730/4594 96/4670 2737/4609 4561/4595 
f 4566/4611 2759/4671 719/4672 2739/4612 
f 2759/4671 4503/4320 2592/4322 719/4672 
f 719/4672 2592/4322 4505/4326 2729/4593 
f 2739/4612 719/4672 2729/4593 4561/4595 
f 4566/4611 2738/4610 779/4673 2760/4674 
f 2738/4610 4565/4607 2761/4675 779/4673 
f 779/4673 2761/4675 4578/4676 2762/4677 
f 2760/4674 779/4673 2762/4677 4579/4678 
f 4566/4611 2760/4674 716/4679 2759/4671 
f 2760/4674 4579/4678 2763/4680 716/4679 
f 716/4679 2763/4680 4501/4314 2589/4316 
f 2759/4671 716/4679 2589/4316 4503/4320 
f 4493/4293 2717/4567 704/4681 2764/4682 
f 2717/4567 4494/4294 2765/4683 704/4681 
f 704/4681 2765/4683 4580/4684 2766/4685 
f 2764/4682 704/4681 2766/4685 4581/4686 
f 4582/4687 2767/4688 797/4689 2768/4690 
f 2767/4688 4583/4691 2769/4692 797/4689 
f 797/4689 2769/4692 4584/4693 2770/4694 
f 2768/4690 797/4689 2770/4694 4585/4695 
f 4586/4696 2771/4697 786/4698 2772/4699 
f 2771/4697 4587/4700 2773/4701 786/4698 
f 786/4698 2773/4701 4574/4652 2752/4651 
f 2772/4699 786/4698 2752/4651 4573/4650 
f 4486/4273 2570/4276 691/4702 2774/4703 
f 2570/4276 4489/4281 2775/4704 691/4702 
f 691/4702 2775/4704 4588/4705 2776/4706 
f 2774/4703 691/4702 2776/4706 4589/4707 
f 4589/4707 2776/4706 804/4708 2777/4709 
f 2776/4706 4588/4705 2778/4710 804/4708 
f 804/4708 2778/4710 4590/4711 2779/4712 
f 2777/4709 804/4708 2779/4712 4591/4713 
f 4580/4684 2780/4714 795/4715 2766/4685 
f 2780/4714 4583/4691 2767/4688 795/4715 
f 795/4715 2767/4688 4582/4687 2781/4716 
f 2766/4685 795/4715 2781/4716 4581/4686 
f 4486/4273 2774/4703 692/4717 2604/4346 
f 2774/4703 4589/4707 2782/4718 692/4717 
f 692/4717 2782/4718 4567/4616 2740/4615 
f 2604/4346 692/4717 2740/4615 4511/4344 
f 4589/4707 2777/4709 780/4719 2782/4718 
f 2777/4709 4591/4713 2783/4720 780/4719 
f 780/4719 2783/4720 4568/4622 2742/4621 
f 2782/4718 780/4719 2742/4621 4567/4616 
f 4590/4711 2778/4710 803/4721 2784/4722 
f 2778/4710 4588/4705 2785/4723 803/4721 
f 803/4721 2785/4723 4592/4724 2786/4725 
f 2784/4722 803/4721 2786/4725 4593/4726 
f 4592/4724 2787/4727 796/4728 2786/4725 
f 2787/4727 4581/4686 2781/4716 796/4728 
f 796/4728 2781/4716 4582/4687 2788/4729 
f 2786/4725 796/4728 2788/4729 4593/4726 
f 4592/4724 2785/4723 698/4730 2789/4731 
f 2785/4723 4588/4705 2775/4704 698/4730 
f 698/4730 2775/4704 4489/4281 2573/4283 
f 2789/4731 698/4730 2573/4283 4491/4287 
f 4581/4686 2787/4727 701/4732 2764/4682 
f 2787/4727 4592/4724 2789/4731 701/4732 
f 701/4732 2789/4731 4491/4287 2576/4289 
f 2764/4682 701/4732 2576/4289 4493/4293 
f 4591/4713 2779/4712 806/4733 2790/4734 
f 2779/4712 4590/4711 2791/4735 806/4733 
f 806/4733 2791/4735 4594/4736 2792/4737 
f 2790/4734 806/4733 2792/4737 4595/4738 
f 4591/4713 2790/4734 781/4739 2783/4720 
f 2790/4734 4595/4738 2793/4740 781/4739 
f 781/4739 2793/4740 4569/4628 2744/4627 
f 2783/4720 781/4739 2744/4627 4568/4622 
f 4584/4693 2794/4741 801/4742 2770/4694 
f 2794/4741 4587/4700 2771/4697 801/4742 
f 801/4742 2771/4697 4586/4696 2795/4743 
f 2770/4694 801/4742 2795/4743 4585/4695 
f 4593/4726 2788/4729 798/4744 2796/4745 
f 2788/4729 4582/4687 2768/4690 798/4744 
f 798/4744 2768/4690 4585/4695 2797/4746 
f 2796/4745 798/4744 2797/4746 4596/4747 
f 4593/4726 2796/4745 805/4748 2784/4722 
f 2796/4745 4596/4747 2798/4749 805/4748 
f 805/4748 2798/4749 4594/4736 2791/4735 
f 2784/4722 805/4748 2791/4735 4590/4711 
f 4572/4643 2799/4750 121/4751 2750/4644 
f 2799/4750 4573/4650 2751/4647 121/4751 
f 121/4751 2751/4647 3926/4646 1512/4752 
f 2750/4644 121/4751 1512/4752 3923/4645 
f 4594/4736 2798/4749 807/4753 2800/4754 
f 2798/4749 4596/4747 2801/4755 807/4753 
f 807/4753 2801/4755 4597/4756 2802/4757 
f 2800/4754 807/4753 2802/4757 4598/4758 
f 4597/4756 2803/4759 784/4760 2802/4757 
f 2803/4759 4572/4643 2749/4642 784/4760 
f 784/4760 2749/4642 4571/4641 2804/4761 
f 2802/4757 784/4760 2804/4761 4598/4758 
f 4597/4756 2801/4755 802/4762 2805/4763 
f 2801/4755 4596/4747 2797/4746 802/4762 
f 802/4762 2797/4746 4585/4695 2795/4743 
f 2805/4763 802/4762 2795/4743 4586/4696 
f 4597/4756 2805/4763 785/4764 2803/4759 
f 2805/4763 4586/4696 2772/4699 785/4764 
f 785/4764 2772/4699 4573/4650 2799/4750 
f 2803/4759 785/4764 2799/4750 4572/4643 
f 4598/4758 2804/4761 783/4765 2806/4766 
f 2804/4761 4571/4641 2807/4767 783/4765 
f 783/4765 2807/4767 4570/4634 2808/4768 
f 2806/4766 783/4765 2808/4768 4599/4769 
f 4570/4634 2807/4767 116/4770 2747/4635 
f 2807/4767 4571/4641 2748/4638 116/4770 
f 116/4770 2748/4638 3922/4637 1522/4771 
f 2747/4635 116/4770 1522/4771 3920/4636 
f 4570/4634 2746/4633 782/4772 2808/4768 
f 2746/4633 4569/4628 2793/4740 782/4772 
f 782/4772 2793/4740 4595/4738 2809/4773 
f 2808/4768 782/4772 2809/4773 4599/4769 
f 4599/4769 2809/4773 808/4774 2806/4766 
f 2809/4773 4595/4738 2792/4737 808/4774 
f 808/4774 2792/4737 4594/4736 2800/4754 
f 2806/4766 808/4774 2800/4754 4598/4758 
f 4575/4658 2810/4775 131/4776 2755/4659 
f 2810/4775 4576/4665 2756/4662 131/4776 
f 131/4776 2756/4662 3932/4661 1525/4777 
f 2755/4659 131/4776 1525/4777 3930/4660 
f 4576/4665 2810/4775 788/4778 2811/4779 
f 2810/4775 4575/4658 2812/4780 788/4778 
f 788/4778 2812/4780 4600/4781 2813/4782 
f 2811/4779 788/4778 2813/4782 4601/4783 
f 4602/4784 2814/4785 810/4786 2815/4787 
f 2814/4785 4603/4788 2816/4789 810/4786 
f 810/4786 2816/4789 4604/4790 2817/4791 
f 2815/4787 810/4786 2817/4791 4605/4792 
f 4603/4788 2818/4793 710/4794 2816/4789 
f 2818/4793 4497/4302 2583/4304 710/4794 
f 710/4794 2583/4304 4499/4308 2819/4795 
f 2816/4789 710/4794 2819/4795 4604/4790 
f 4600/4781 2820/4796 809/4797 2813/4782 
f 2820/4796 4606/4798 2821/4799 809/4797 
f 809/4797 2821/4799 4607/4800 2822/4801 
f 2813/4782 809/4797 2822/4801 4601/4783 
f 4600/4781 2812/4780 787/4802 2823/4803 
f 2812/4780 4575/4658 2754/4657 787/4802 
f 787/4802 2754/4657 4574/4652 2773/4701 
f 2823/4803 787/4802 2773/4701 4587/4700 
f 4497/4302 2818/4793 706/4804 2580/4297 
f 2818/4793 4603/4788 2824/4805 706/4804 
f 706/4804 2824/4805 4580/4684 2765/4683 
f 2580/4297 706/4804 2765/4683 4494/4294 
f 4606/4798 2825/4806 811/4807 2821/4799 
f 2825/4806 4602/4784 2815/4787 811/4807 
f 811/4807 2815/4787 4605/4792 2826/4808 
f 2821/4799 811/4807 2826/4808 4607/4800 
f 4602/4784 2825/4806 799/4809 2827/4810 
f 2825/4806 4606/4798 2828/4811 799/4809 
f 799/4809 2828/4811 4584/4693 2769/4692 
f 2827/4810 799/4809 2769/4692 4583/4691 
f 4602/4784 2827/4810 794/4812 2814/4785 
f 2827/4810 4583/4691 2780/4714 794/4812 
f 794/4812 2780/4714 4580/4684 2824/4805 
f 2814/4785 794/4812 2824/4805 4603/4788 
f 4584/4693 2828/4811 800/4813 2794/4741 
f 2828/4811 4606/4798 2820/4796 800/4813 
f 800/4813 2820/4796 4600/4781 2823/4803 
f 2794/4741 800/4813 2823/4803 4587/4700 
f 4608/4814 2829/4815 172/4816 2830/4817 
f 2829/4815 3969/2064 1547/2060 172/4816 
f 172/4816 1547/2060 3968/2059 2831/4818 
f 2830/4817 172/4816 2831/4818 4609/4819 
f 4610/4820 2832/4821 181/4822 2833/4823 
f 2832/4821 3973/2080 1551/2076 181/4822 
f 181/4822 1551/2076 3972/2075 2834/4824 
f 2833/4823 181/4822 2834/4824 4611/4825 
f 4612/4826 2835/4827 189/4828 2836/4829 
f 2835/4827 3977/2096 1555/2092 189/4828 
f 189/4828 1555/2092 3976/2091 2837/4830 
f 2836/4829 189/4828 2837/4830 4613/4831 
f 4614/4832 2838/4833 198/4834 2839/4835 
f 2838/4833 3981/2112 1559/2108 198/4834 
f 198/4834 1559/2108 3980/2107 2840/4836 
f 2839/4835 198/4834 2840/4836 4615/4837 
f 4614/4832 2839/4835 824/4838 2841/4839 
f 2839/4835 4615/4837 2842/4840 824/4838 
f 824/4838 2842/4840 4616/4841 2843/4842 
f 2841/4839 824/4838 2843/4842 4617/4843 
f 4618/4844 2844/4845 791/4846 2845/4847 
f 2844/4845 4619/4848 2846/4849 791/4846 
f 791/4846 2846/4849 4577/4667 2847/4850 
f 2845/4847 791/4846 2847/4850 4616/4841 
f 3986/2145 1568/2148 182/4851 2848/4852 
f 1568/2148 3973/2080 2832/4821 182/4851 
f 182/4851 2832/4821 4610/4820 2849/4853 
f 2848/4852 182/4851 2849/4853 4620/4854 
f 4620/4854 2849/4853 820/4855 2850/4856 
f 2849/4853 4610/4820 2851/4857 820/4855 
f 820/4855 2851/4857 4621/4858 2852/4859 
f 2850/4856 820/4855 2852/4859 4622/4860 
f 4608/4814 2830/4817 816/4861 2853/4862 
f 2830/4817 4609/4819 2854/4863 816/4861 
f 816/4861 2854/4863 4623/4864 2855/4865 
f 2853/4862 816/4861 2855/4865 4624/4866 
f 4625/4867 2856/4868 837/4869 2857/4870 
f 2856/4868 4626/4871 2858/4872 837/4869 
f 837/4869 2858/4872 4627/4873 2859/4874 
f 2857/4870 837/4869 2859/4874 4628/4875 
f 4627/4873 2860/4876 841/4877 2859/4874 
f 2860/4876 4629/4878 2861/4879 841/4877 
f 841/4877 2861/4879 4630/4880 2862/4881 
f 2859/4874 841/4877 2862/4881 4628/4875 
f 3998/2225 1584/2228 190/4882 2863/4883 
f 1584/2228 3977/2096 2835/4827 190/4882 
f 190/4882 2835/4827 4612/4826 2864/4884 
f 2863/4883 190/4882 2864/4884 4631/4885 
f 3972/2075 1586/2244 180/4886 2834/4824 
f 1586/2244 4001/2256 2865/4887 180/4886 
f 180/4886 2865/4887 4632/4888 2866/4889 
f 2834/4824 180/4886 2866/4889 4611/4825 
f 4002/2257 1590/2260 173/4890 2867/4891 
f 1590/2260 3969/2064 2829/4815 173/4890 
f 173/4890 2829/4815 4608/4814 2868/4892 
f 2867/4891 173/4890 2868/4892 4633/4893 
f 4609/4819 2831/4818 171/4894 2869/4895 
f 2831/4818 3968/2059 1594/2284 171/4894 
f 171/4894 1594/2284 4005/2283 2870/4896 
f 2869/4895 171/4894 2870/4896 4634/4897 
f 3986/2145 2848/4852 204/4898 1595/2290 
f 2848/4852 4620/4854 2871/4899 204/4898 
f 204/4898 2871/4899 4635/4900 2872/4901 
f 1595/2290 204/4898 2872/4901 4006/2294 
f 4626/4871 2873/4902 834/4903 2874/4904 
f 2873/4902 4623/4864 2875/4905 834/4903 
f 834/4903 2875/4905 4636/4906 2876/4907 
f 2874/4904 834/4903 2876/4907 4637/4908 
f 4620/4854 2850/4856 830/4909 2871/4899 
f 2850/4856 4622/4860 2877/4910 830/4909 
f 830/4909 2877/4910 4638/4911 2878/4912 
f 2871/4899 830/4909 2878/4912 4635/4900 
f 4629/4878 2860/4876 840/4913 2879/4914 
f 2860/4876 4627/4873 2880/4915 840/4913 
f 840/4913 2880/4915 4639/4916 2881/4917 
f 2879/4914 840/4913 2881/4917 4640/4918 
f 4627/4873 2858/4872 839/4919 2880/4915 
f 2858/4872 4626/4871 2874/4904 839/4919 
f 839/4919 2874/4904 4637/4908 2882/4920 
f 2880/4915 839/4919 2882/4920 4639/4916 
f 4621/4858 2883/4921 832/4922 2852/4859 
f 2883/4921 4630/4880 2861/4879 832/4922 
f 832/4922 2861/4879 4629/4878 2884/4923 
f 2852/4859 832/4922 2884/4923 4622/4860 
f 4623/4864 2873/4902 835/4924 2855/4865 
f 2873/4902 4626/4871 2856/4868 835/4924 
f 835/4924 2856/4868 4625/4867 2885/4925 
f 2855/4865 835/4924 2885/4925 4624/4866 
f 4623/4864 2854/4863 818/4926 2875/4905 
f 2854/4863 4609/4819 2869/4895 818/4926 
f 818/4926 2869/4895 4634/4897 2886/4927 
f 2875/4905 818/4926 2886/4927 4636/4906 
f 4622/4860 2884/4923 833/4928 2877/4910 
f 2884/4923 4629/4878 2879/4914 833/4928 
f 833/4928 2879/4914 4640/4918 2887/4929 
f 2877/4910 833/4928 2887/4929 4638/4911 
f 4624/4866 2885/4925 836/4930 2888/4931 
f 2885/4925 4625/4867 2889/4932 836/4930 
f 836/4930 2889/4932 4641/4933 2890/4934 
f 2888/4931 836/4930 2890/4934 4642/4935 
f 4624/4866 2888/4931 817/4936 2853/4862 
f 2888/4931 4642/4935 2891/4937 817/4936 
f 817/4936 2891/4937 4633/4893 2868/4892 
f 2853/4862 817/4936 2868/4892 4608/4814 
f 4628/4875 2862/4881 842/4938 2892/4939 
f 2862/4881 4630/4880 2893/4940 842/4938 
f 842/4938 2893/4940 4643/4941 2894/4942 
f 2892/4939 842/4938 2894/4942 4644/4943 
f 4628/4875 2892/4939 838/4944 2857/4870 
f 2892/4939 4644/4943 2895/4945 838/4944 
f 838/4944 2895/4945 4641/4933 2889/4932 
f 2857/4870 838/4944 2889/4932 4625/4867 
f 4630/4880 2883/4921 831/4946 2893/4940 
f 2883/4921 4621/4858 2896/4947 831/4946 
f 831/4946 2896/4947 4645/4948 2897/4949 
f 2893/4940 831/4946 2897/4949 4643/4941 
f 4645/4948 2896/4947 819/4950 2898/4951 
f 2896/4947 4621/4858 2851/4857 819/4950 
f 819/4950 2851/4857 4610/4820 2833/4823 
f 2898/4951 819/4950 2833/4823 4611/4825 
f 4005/2283 1624/2532 226/4952 2870/4896 
f 1624/2532 5076/2544 2899/4953 226/4952 
f 226/4952 2899/4953 5087/4954 2900/4955 
f 2870/4896 226/4952 2900/4955 4634/4897 
f 4635/4900 2901/4956 227/4957 2872/4901 
f 2901/4956 5088/4958 2902/4959 227/4957 
f 227/4957 2902/4959 5077/2555 1628/2551 
f 2872/4901 227/4957 1628/2551 4006/2294 
f 4636/4906 2903/4960 846/4961 2876/4907 
f 2903/4960 5089/4962 2904/4963 846/4961 
f 846/4961 2904/4963 5090/4964 2905/4965 
f 2876/4907 846/4961 2905/4965 4637/4908 
f 4638/4911 2906/4966 845/4967 2878/4912 
f 2906/4966 5091/4968 2907/4969 845/4967 
f 845/4967 2907/4969 5088/4958 2901/4956 
f 2878/4912 845/4967 2901/4956 4635/4900 
f 4639/4916 2908/4970 849/4971 2881/4917 
f 2908/4970 5092/4972 2909/4973 849/4971 
f 849/4971 2909/4973 5093/4974 2910/4975 
f 2881/4917 849/4971 2910/4975 4640/4918 
f 4637/4908 2905/4965 847/4976 2882/4920 
f 2905/4965 5090/4964 2911/4977 847/4976 
f 847/4976 2911/4977 5092/4972 2908/4970 
f 2882/4920 847/4976 2908/4970 4639/4916 
f 4634/4897 2900/4955 844/4978 2886/4927 
f 2900/4955 5087/4954 2912/4979 844/4978 
f 844/4978 2912/4979 5089/4962 2903/4960 
f 2886/4927 844/4978 2903/4960 4636/4906 
f 4640/4918 2910/4975 848/4980 2887/4929 
f 2910/4975 5093/4974 2913/4981 848/4980 
f 848/4980 2913/4981 5091/4968 2906/4966 
f 2887/4929 848/4980 2906/4966 4638/4911 
f 4001/2256 1641/2660 219/4982 2865/4887 
f 1641/2660 3998/2225 2863/4883 219/4982 
f 219/4982 2863/4883 4631/4885 2914/4983 
f 2865/4887 219/4982 2914/4983 4632/4888 
f 4631/4885 2864/4884 823/4984 2915/4985 
f 2864/4884 4612/4826 2916/4986 823/4984 
f 823/4984 2916/4986 4646/4987 2917/4988 
f 2915/4985 823/4984 2917/4988 4647/4989 
f 4648/4990 2918/4991 814/4992 2919/4993 
f 2918/4991 4607/4800 2826/4808 814/4992 
f 814/4992 2826/4808 4605/4792 2920/4994 
f 2919/4993 814/4992 2920/4994 4649/4995 
f 3976/2091 1649/2708 188/4996 2837/4830 
f 1649/2708 4032/2720 2921/4997 188/4996 
f 188/4996 2921/4997 4650/4998 2922/4999 
f 2837/4830 188/4996 2922/4999 4613/4831 
f 4648/4990 2923/5000 825/5001 2924/5002 
f 2923/5000 4646/4987 2925/5003 825/5001 
f 825/5001 2925/5003 4650/4998 2926/5004 
f 2924/5002 825/5001 2926/5004 4614/4832 
f 4607/4800 2918/4991 815/5005 2927/5006 
f 2918/4991 4648/4990 2924/5002 815/5005 
f 815/5005 2924/5002 4614/4832 2841/4839 
f 2927/5006 815/5005 2841/4839 4617/4843 
f 4617/4843 2928/5007 789/5008 2927/5006 
f 2928/5007 4576/4665 2811/4779 789/5008 
f 789/5008 2811/4779 4601/4783 2822/4801 
f 2927/5006 789/5008 2822/4801 4607/4800 
f 4499/4308 2586/4310 713/5009 2819/4795 
f 2586/4310 4501/4314 2763/4680 713/5009 
f 713/5009 2763/4680 4579/4678 2929/5010 
f 2819/4795 713/5009 2929/5010 4604/4790 
f 4641/4933 2895/4945 850/5011 2930/5012 
f 2895/4945 4644/4943 2931/5013 850/5011 
f 850/5011 2931/5013 4651/5014 2932/5015 
f 2930/5012 850/5011 2932/5015 4652/5016 
f 4649/4995 2920/4994 813/5017 2933/5018 
f 2920/4994 4605/4792 2934/5019 813/5017 
f 813/5017 2934/5019 4651/5014 2935/5020 
f 2933/5018 813/5017 2935/5020 4653/5021 
f 4651/5014 2934/5019 812/5022 2932/5015 
f 2934/5019 4605/4792 2817/4791 812/5022 
f 812/5022 2817/4791 4604/4790 2936/5023 
f 2932/5015 812/5022 2936/5023 4652/5016 
f 4651/5014 2931/5013 852/5024 2935/5020 
f 2931/5013 4644/4943 2894/4942 852/5024 
f 852/5024 2894/4942 4643/4941 2937/5025 
f 2935/5020 852/5024 2937/5025 4653/5021 
f 4653/5021 2937/5025 851/5026 2938/5027 
f 2937/5025 4643/4941 2897/4949 851/5026 
f 851/5026 2897/4949 4645/4948 2939/5028 
f 2938/5027 851/5026 2939/5028 4654/5029 
f 4645/4948 2898/4951 821/5030 2939/5028 
f 2898/4951 4611/4825 2866/4889 821/5030 
f 821/5030 2866/4889 4632/4888 2940/5031 
f 2939/5028 821/5030 2940/5031 4654/5029 
f 4646/4987 2923/5000 853/5032 2917/4988 
f 2923/5000 4648/4990 2919/4993 853/5032 
f 853/5032 2919/4993 4649/4995 2941/5033 
f 2917/4988 853/5032 2941/5033 4647/4989 
f 4032/2720 1671/2900 199/5034 2921/4997 
f 1671/2900 3981/2112 2838/4833 199/5034 
f 199/5034 2838/4833 4614/4832 2926/5004 
f 2921/4997 199/5034 2926/5004 4650/4998 
f 4646/4987 2916/4986 822/5035 2925/5003 
f 2916/4986 4612/4826 2836/4829 822/5035 
f 822/5035 2836/4829 4613/4831 2922/4999 
f 2925/5003 822/5035 2922/4999 4650/4998 
f 4653/5021 2938/5027 854/5036 2933/5018 
f 2938/5027 4654/5029 2942/5037 854/5036 
f 854/5036 2942/5037 4647/4989 2941/5033 
f 2933/5018 854/5036 2941/5033 4649/4995 
f 4631/4885 2915/4985 843/5038 2914/4983 
f 2915/4985 4647/4989 2942/5037 843/5038 
f 843/5038 2942/5037 4654/5029 2940/5031 
f 2914/4983 843/5038 2940/5031 4632/4888 
f 4652/5016 2936/5023 793/5039 2943/5040 
f 2936/5023 4604/4790 2929/5010 793/5039 
f 793/5039 2929/5010 4579/4678 2762/4677 
f 2943/5040 793/5039 2762/4677 4578/4676 
f 4652/5016 2943/5040 792/5041 2930/5012 
f 2943/5040 4578/4676 2944/5042 792/5041 
f 792/5041 2944/5042 4642/4935 2890/4934 
f 2930/5012 792/5041 2890/4934 4641/4933 
f 4642/4935 2944/5042 777/5043 2891/4937 
f 2944/5042 4578/4676 2945/5044 777/5043 
f 777/5043 2945/5044 4564/4605 2946/5045 
f 2891/4937 777/5043 2946/5045 4633/4893 
f 4564/4605 2945/5044 778/5046 2736/4606 
f 4578/4676 2761/4675 778/5046 2945/5044 
f 4565/4607 2736/4606 778/5046 2761/4675 
f 4562/4599 2732/4598 102/5047 2947/5048 
f 2732/4598 3910/1232 1679/3032 102/5047 
f 102/5047 1679/3032 4038/3031 2948/5049 
f 2947/5048 102/5047 2948/5049 4655/5050 
f 4656/5051 2949/5052 856/5053 2950/5054 
f 2949/5052 4657/5055 2951/5056 856/5053 
f 856/5053 2951/5056 4658/5057 2952/5058 
f 2950/5054 856/5053 2952/5058 4659/5059 
f 4633/4893 2946/5045 776/5060 2953/5061 
f 2946/5045 4564/4605 2954/5062 776/5060 
f 776/5060 2954/5062 4660/5063 2955/5064 
f 2953/5061 776/5060 2955/5064 4661/5065 
f 4661/5065 2955/5064 251/5066 2956/5067 
f 2955/5064 4660/5063 2957/5068 251/5066 
f 251/5066 2957/5068 4046/3079 1688/3075 
f 2956/5067 251/5066 1688/3075 4045/3074 
f 4661/5065 2956/5067 222/5069 2953/5061 
f 2956/5067 4045/3074 1690/3096 222/5069 
f 222/5069 1690/3096 4002/2257 2867/4891 
f 2953/5061 222/5069 2867/4891 4633/4893 
f 4655/5050 2958/5070 774/5071 2947/5048 
f 2958/5070 4660/5063 2954/5062 774/5071 
f 774/5071 2954/5062 4564/4605 2735/4604 
f 2947/5048 774/5071 2735/4604 4562/4599 
f 4046/3079 2957/5068 252/5072 2959/5073 
f 2957/5068 4660/5063 2960/5074 252/5072 
f 252/5072 2960/5074 4662/5075 2961/5076 
f 2959/5073 252/5072 2961/5076 4663/5077 
f 4660/5063 2958/5070 855/5078 2960/5074 
f 2958/5070 4655/5050 2962/5079 855/5078 
f 855/5078 2962/5079 4664/5080 2963/5081 
f 2960/5074 855/5078 2963/5081 4662/5075 
f 4655/5050 2948/5049 243/5082 2962/5079 
f 2948/5049 4038/3031 2964/5083 243/5082 
f 243/5082 2964/5083 4665/5084 2965/5085 
f 2962/5079 243/5082 2965/5085 4664/5080 
f 4038/3031 1699/3168 242/5086 2964/5083 
f 1699/3168 4046/3079 2959/5073 242/5086 
f 242/5086 2959/5073 4663/5077 2966/5087 
f 2964/5083 242/5086 2966/5087 4665/5084 
f 4663/5077 2961/5076 860/5088 2967/5089 
f 2961/5076 4662/5075 2968/5090 860/5088 
f 860/5088 2968/5090 4659/5059 2952/5058 
f 2967/5089 860/5088 2952/5058 4658/5057 
f 4662/5075 2963/5081 857/5091 2968/5090 
f 2963/5081 4664/5080 2969/5092 857/5091 
f 857/5091 2969/5092 4656/5051 2950/5054 
f 2968/5090 857/5091 2950/5054 4659/5059 
f 4664/5080 2965/5085 858/5093 2969/5092 
f 2965/5085 4665/5084 2970/5094 858/5093 
f 858/5093 2970/5094 4657/5055 2949/5052 
f 2969/5092 858/5093 2949/5052 4656/5051 
f 4665/5084 2966/5087 859/5095 2970/5094 
f 2966/5087 4663/5077 2967/5089 859/5095 
f 859/5095 2967/5089 4658/5057 2951/5056 
f 2970/5094 859/5095 2951/5056 4657/5055 
f 4666/5096 2971/5097 258/5098 2972/5099 
f 2971/5097 4054/3260 1708/3256 258/5098 
f 258/5098 1708/3256 4053/3255 2973/5100 
f 2972/5099 258/5098 2973/5100 4667/5101 
f 4667/5101 2973/5100 257/5102 2974/5103 
f 2973/5100 4053/3255 1711/3272 257/5102 
f 257/5102 1711/3272 4056/3271 2975/5104 
f 2974/5103 257/5102 2975/5104 4668/5105 
f 4668/5105 2975/5104 261/5106 2976/5107 
f 2975/5104 4056/3271 1714/3288 261/5106 
f 261/5106 1714/3288 4058/3287 2977/5108 
f 2976/5107 261/5106 2977/5108 4669/5109 
f 4577/4667 2846/4849 136/5110 2758/4668 
f 2846/4849 4619/4848 2978/5111 136/5110 
f 136/5110 2978/5111 4059/5112 1715/5113 
f 2758/4668 136/5110 1715/5113 3933/4669 
f 3980/2107 1717/3312 197/5114 2840/4836 
f 1717/3312 4054/3324 2971/5115 197/5114 
f 197/5114 2971/5115 4666/5116 2979/5117 
f 2840/4836 197/5114 2979/5117 4615/4837 
f 4615/4837 2979/5117 826/5118 2842/4840 
f 2979/5117 4666/5116 2980/5119 826/5118 
f 826/5118 2980/5119 4618/4844 2845/4847 
f 2842/4840 826/5118 2845/4847 4616/4841 
f 4577/4667 2757/4666 790/5120 2847/4850 
f 2757/4666 4576/4665 2928/5007 790/5120 
f 790/5120 2928/5007 4617/4843 2843/4842 
f 2847/4850 790/5120 2843/4842 4616/4841 
f 4670/5121 2981/5122 271/5123 2982/5124 
f 2981/5122 4063/3372 1723/3368 271/5123 
f 271/5123 1723/3368 4062/3367 2983/5125 
f 2982/5124 271/5123 2983/5125 4671/5126 
f 4671/5126 2983/5125 270/5127 2984/5128 
f 2983/5125 4062/3367 1726/3384 270/5127 
f 270/5127 1726/3384 4065/3383 2985/5129 
f 2984/5128 270/5127 2985/5129 4672/5130 
f 4673/5131 2986/5132 868/5133 2987/5134 
f 2986/5132 4674/5135 2988/5136 868/5133 
f 868/5133 2988/5136 4675/5137 2989/5138 
f 2987/5134 868/5133 2989/5138 4676/5139 
f 4677/5140 2990/5141 874/5142 2991/5143 
f 2990/5141 4678/5144 2992/5145 874/5142 
f 874/5142 2992/5145 4679/5146 2993/5147 
f 2991/5143 874/5142 2993/5147 4680/5148 
f 4681/5149 2994/5150 301/5151 2995/5152 
f 2994/5150 4077/5153 1738/5154 301/5151 
f 301/5151 1738/5154 4076/5155 2996/5156 
f 2995/5152 301/5151 2996/5156 4682/5157 
f 4683/5158 2997/5159 887/5160 2998/5161 
f 2997/5159 4684/5162 2999/5163 887/5160 
f 887/5160 2999/5163 4685/5164 3000/5165 
f 2998/5161 887/5160 3000/5165 4686/5166 
f 4666/5096 2972/5099 861/5167 3001/5168 
f 2972/5099 4667/5101 3002/5169 861/5167 
f 861/5167 3002/5169 4687/5170 3003/5171 
f 3001/5168 861/5167 3003/5171 4688/5172 
f 4667/5101 2974/5103 862/5173 3002/5169 
f 2974/5103 4668/5105 3004/5174 862/5173 
f 862/5173 3004/5174 4678/5144 3005/5175 
f 3002/5169 862/5173 3005/5175 4687/5170 
f 4685/5164 3006/5176 892/5177 3000/5165 
f 3006/5176 4689/5178 3007/5179 892/5177 
f 892/5177 3007/5179 4690/5180 3008/5181 
f 3000/5165 892/5177 3008/5181 4686/5166 
f 4674/5135 2986/5132 316/5182 3009/5183 
f 2986/5132 4673/5131 3010/5184 316/5182 
f 316/5182 3010/5184 4087/3511 1752/3507 
f 3009/5183 316/5182 1752/3507 4086/3506 
f 4674/5135 3011/5185 870/5186 2988/5136 
f 3011/5185 4691/5187 3012/5188 870/5186 
f 870/5186 3012/5188 4692/5189 3013/5190 
f 2988/5136 870/5186 3013/5190 4675/5137 
f 4669/5109 3014/5191 864/5192 3015/5193 
f 3014/5191 4670/5121 3016/5194 864/5192 
f 864/5192 3016/5194 4693/5195 3017/5196 
f 3015/5193 864/5192 3017/5196 4679/5146 
f 4683/5158 2998/5161 873/5197 3018/5198 
f 2998/5161 4686/5166 3019/5199 873/5197 
f 873/5197 3019/5199 4694/5200 3020/5201 
f 3018/5198 873/5197 3020/5201 4676/5139 
f 4695/5202 3021/5203 900/5204 3022/5205 
f 3021/5203 4694/5200 3023/5206 900/5204 
f 900/5204 3023/5206 4696/5207 3024/5208 
f 3022/5205 900/5204 3024/5208 4697/5209 
f 4698/5210 3025/5211 902/5212 3026/5213 
f 3025/5211 4699/5214 3027/5215 902/5212 
f 902/5212 3027/5215 4700/5216 3028/5217 
f 3026/5213 902/5212 3028/5217 4701/5218 
f 4685/5164 2999/5163 890/5219 3029/5220 
f 2999/5163 4684/5162 3030/5221 890/5219 
f 890/5219 3030/5221 4693/5195 3031/5222 
f 3029/5220 890/5219 3031/5222 4702/5223 
f 4697/5224 3032/5225 328/5226 3033/5227 
f 3032/5225 4703/5228 3034/5229 328/5226 
f 328/5226 3034/5229 4101/5230 1777/5231 
f 3033/5227 328/5226 1777/5231 4100/5232 
f 4689/5233 3035/5234 897/5235 3007/5236 
f 3035/5234 4699/5214 3036/5237 897/5235 
f 897/5235 3036/5237 4704/5238 3037/5239 
f 3007/5236 897/5235 3037/5239 4690/5240 
f 4690/5240 3037/5239 898/5241 3038/5242 
f 3037/5239 4704/5238 3039/5243 898/5241 
f 898/5241 3039/5243 4705/5244 3040/5245 
f 3038/5242 898/5241 3040/5245 4696/5246 
f 4689/5178 3006/5176 891/5247 3041/5248 
f 3006/5176 4685/5164 3029/5220 891/5247 
f 891/5247 3029/5220 4702/5223 3042/5249 
f 3041/5248 891/5247 3042/5249 4706/5250 
f 4677/5140 3043/5251 877/5252 3044/5253 
f 3043/5251 4707/5254 3045/5255 877/5252 
f 877/5252 3045/5255 4708/5256 3046/5257 
f 3044/5253 877/5252 3046/5257 4709/5258 
f 4710/5259 3047/5260 828/5261 3048/5262 
f 3047/5260 4619/5263 2844/5264 828/5261 
f 828/5261 2844/5264 4618/5265 3049/5266 
f 3048/5262 828/5261 3049/5266 4711/5267 
f 4675/5137 3050/5268 872/5269 2989/5138 
f 3050/5268 4712/5270 3051/5271 872/5269 
f 872/5269 3051/5271 4683/5158 3018/5198 
f 2989/5138 872/5269 3018/5198 4676/5139 
f 4678/5144 3004/5174 863/5272 2992/5145 
f 3004/5174 4668/5105 2976/5107 863/5272 
f 863/5272 2976/5107 4669/5109 3015/5193 
f 2992/5145 863/5272 3015/5193 4679/5146 
f 4692/5189 3052/5273 871/5274 3013/5190 
f 3052/5273 4707/5275 3053/5276 871/5274 
f 871/5274 3053/5276 4712/5270 3050/5268 
f 3013/5190 871/5274 3050/5268 4675/5137 
f 4693/5195 3030/5221 880/5277 3017/5196 
f 3030/5221 4684/5162 3054/5278 880/5277 
f 880/5277 3054/5278 4680/5148 2993/5147 
f 3017/5196 880/5277 2993/5147 4679/5146 
f 4694/5200 3021/5203 869/5279 3020/5201 
f 3021/5203 4695/5202 3055/5280 869/5279 
f 869/5279 3055/5280 4673/5131 2987/5134 
f 3020/5201 869/5279 2987/5134 4676/5139 
f 4694/5200 3019/5199 893/5281 3023/5206 
f 3019/5199 4686/5166 3008/5181 893/5281 
f 893/5281 3008/5181 4690/5180 3038/5282 
f 3023/5206 893/5281 3038/5282 4696/5207 
f 4706/5283 3056/5284 867/5285 3057/5286 
f 3056/5284 4672/5287 3058/5288 867/5285 
f 867/5285 3058/5288 4713/5289 3059/5290 
f 3057/5286 867/5285 3059/5290 4700/5216 
f 4693/5195 3016/5194 865/5291 3031/5222 
f 3016/5194 4670/5121 2982/5124 865/5291 
f 865/5291 2982/5124 4671/5126 3060/5292 
f 3031/5222 865/5291 3060/5292 4702/5223 
f 4714/5293 3061/5294 885/5295 3062/5296 
f 3061/5294 4682/5297 3063/5298 885/5295 
f 885/5295 3063/5298 4703/5228 3064/5299 
f 3062/5296 885/5295 3064/5299 4705/5244 
f 4702/5223 3060/5292 866/5300 3042/5249 
f 3060/5292 4671/5126 2984/5128 866/5300 
f 866/5300 2984/5128 4672/5130 3056/5301 
f 3042/5249 866/5300 3056/5301 4706/5250 
f 4619/5302 3047/5303 829/5304 3065/5305 
f 3047/5303 4710/5306 3066/5307 829/5304 
f 829/5304 3066/5307 4692/5189 3012/5188 
f 3065/5305 829/5304 3012/5188 4691/5187 
f 4687/5170 3067/5308 894/5309 3003/5171 
f 3067/5308 4715/5310 3068/5311 894/5309 
f 894/5309 3068/5311 4716/5312 3069/5313 
f 3003/5171 894/5309 3069/5313 4688/5172 
f 4678/5144 2990/5141 879/5314 3005/5175 
f 2990/5141 4677/5140 3070/5315 879/5314 
f 879/5314 3070/5315 4715/5310 3067/5308 
f 3005/5175 879/5314 3067/5308 4687/5170 
f 4709/5258 3071/5316 895/5317 3072/5318 
f 3071/5316 4711/5267 3073/5319 895/5317 
f 895/5317 3073/5319 4688/5172 3069/5313 
f 3072/5318 895/5317 3069/5313 4716/5312 
f 4708/5256 3074/5320 908/5321 3046/5257 
f 3074/5320 4710/5259 3048/5262 908/5321 
f 908/5321 3048/5262 4711/5267 3071/5316 
f 3046/5257 908/5321 3071/5316 4709/5258 
f 4716/5312 3068/5311 878/5322 3072/5318 
f 3068/5311 4715/5310 3070/5315 878/5322 
f 878/5322 3070/5315 4677/5140 3044/5253 
f 3072/5318 878/5322 3044/5253 4709/5258 
f 4666/5096 3001/5168 827/5323 2980/5324 
f 3001/5168 4688/5172 3073/5319 827/5323 
f 827/5323 3073/5319 4711/5267 3049/5266 
f 2980/5324 827/5323 3049/5266 4618/5265 
f 4710/5306 3074/5325 899/5326 3066/5307 
f 3074/5325 4708/5327 3045/5328 899/5326 
f 899/5326 3045/5328 4707/5275 3052/5273 
f 3066/5307 899/5326 3052/5273 4692/5189 
f 5097/4477 2670/4476 768/5329 3075/5330 
f 2670/4476 4541/4473 2672/4481 768/5329 
f 768/5329 2672/4481 4538/4461 2662/4460 
f 3075/5330 768/5329 2662/4460 5085/4457 
f 4681/5149 2995/5152 882/5331 3076/5332 
f 2995/5152 4682/5157 3077/5333 882/5331 
f 882/5331 3077/5333 4717/5334 3078/5335 
f 3076/5332 882/5331 3078/5335 4718/5336 
f 4682/5337 3061/5338 886/5339 3077/5340 
f 3061/5338 4714/5341 3079/5342 886/5339 
f 886/5339 3079/5342 4719/5343 3080/5344 
f 3077/5340 886/5339 3080/5344 4717/5345 
f 4714/5341 3081/5346 909/5347 3079/5342 
f 3081/5346 4720/5348 3082/5349 909/5347 
f 909/5347 3082/5349 4721/5350 3083/5351 
f 3079/5342 909/5347 3083/5351 4719/5343 
f 4720/5348 3084/5352 904/5353 3082/5349 
f 3084/5352 4698/5354 3085/5355 904/5353 
f 904/5353 3085/5355 4722/5356 3086/5357 
f 3082/5349 904/5353 3086/5357 4721/5350 
f 4698/5354 3026/5358 903/5359 3085/5355 
f 3026/5358 4701/5360 3087/5361 903/5359 
f 903/5359 3087/5361 4723/5362 3088/5363 
f 3085/5355 903/5359 3088/5363 4722/5356 
f 4701/5360 3089/5364 883/5365 3087/5361 
f 3089/5364 4681/5149 3076/5332 883/5365 
f 883/5365 3076/5332 4718/5336 3090/5366 
f 3087/5361 883/5365 3090/5366 4723/5362 
f 4724/5367 3091/5368 916/5369 3092/5370 
f 3091/5368 4725/5371 3093/5372 916/5369 
f 916/5369 3093/5372 4726/5373 3094/5374 
f 3092/5370 916/5369 3094/5374 4727/5375 
f 4727/5375 3094/5374 922/5376 3095/5377 
f 3094/5374 4726/5373 3096/5378 922/5376 
f 922/5376 3096/5378 4728/5379 3097/5380 
f 3095/5377 922/5376 3097/5380 4729/5381 
f 4730/5382 3098/5383 926/5384 3099/5385 
f 3098/5383 4731/5386 3100/5387 926/5384 
f 926/5384 3100/5387 4732/5388 3101/5389 
f 3099/5385 926/5384 3101/5389 4733/5390 
f 4733/5390 3101/5389 931/5391 3102/5392 
f 3101/5389 4732/5388 3103/5393 931/5391 
f 931/5391 3103/5393 4734/5394 3104/5395 
f 3102/5392 931/5391 3104/5395 4735/5396 
f 4731/5386 3105/5397 929/5398 3100/5387 
f 3105/5397 4736/5399 3106/5400 929/5398 
f 929/5398 3106/5400 4737/5401 3107/5402 
f 3100/5387 929/5398 3107/5402 4732/5388 
f 4732/5388 3107/5402 930/5403 3103/5393 
f 3107/5402 4737/5401 3108/5404 930/5403 
f 930/5403 3108/5404 4738/5405 3109/5406 
f 3103/5393 930/5403 3109/5406 4734/5394 
f 4739/5407 3110/5408 936/5409 3111/5410 
f 3110/5408 4740/5411 3112/5412 936/5409 
f 936/5409 3112/5412 4741/5413 3113/5414 
f 3111/5410 936/5409 3113/5414 4742/5415 
f 4740/5411 3114/5416 940/5417 3112/5412 
f 3114/5416 4743/5418 3115/5419 940/5417 
f 940/5417 3115/5419 4744/5420 3116/5421 
f 3112/5412 940/5417 3116/5421 4741/5413 
f 4745/5422 3117/5423 946/5424 3118/5425 
f 3117/5423 4746/5426 3119/5427 946/5424 
f 946/5424 3119/5427 4747/5428 3120/5429 
f 3118/5425 946/5424 3120/5429 4748/5430 
f 4746/5426 3121/5431 948/5432 3119/5427 
f 3121/5431 4749/5433 3122/5434 948/5432 
f 948/5432 3122/5434 4750/5435 3123/5436 
f 3119/5427 948/5432 3123/5436 4747/5428 
f 4724/5437 3092/5438 917/5439 3124/5440 
f 3092/5438 4727/5441 3125/5442 917/5439 
f 917/5439 3125/5442 4751/5443 3126/5444 
f 3124/5440 917/5439 3126/5444 4752/5445 
f 4727/5441 3095/5446 923/5447 3125/5442 
f 3095/5446 4729/5448 3127/5449 923/5447 
f 923/5447 3127/5449 4753/5450 3128/5451 
f 3125/5442 923/5447 3128/5451 4751/5443 
f 4729/5448 3097/5452 925/5453 3127/5449 
f 3097/5452 4728/5454 3129/5455 925/5453 
f 925/5453 3129/5455 4754/5456 3130/5457 
f 3127/5449 925/5453 3130/5457 4753/5450 
f 4735/5458 3104/5459 933/5460 3131/5461 
f 3104/5459 4734/5462 3132/5463 933/5460 
f 933/5460 3132/5463 4755/5464 3133/5465 
f 3131/5461 933/5460 3133/5465 4756/5466 
f 4734/5462 3109/5467 932/5468 3132/5463 
f 3109/5467 4738/5469 3134/5470 932/5468 
f 932/5468 3134/5470 4757/5471 3135/5472 
f 3132/5463 932/5468 3135/5472 4755/5464 
f 4738/5469 3108/5473 935/5474 3134/5470 
f 3108/5473 4737/5475 3136/5476 935/5474 
f 935/5474 3136/5476 4758/5477 3137/5478 
f 3134/5470 935/5474 3137/5478 4757/5471 
f 4737/5479 3106/5480 934/5481 3136/5482 
f 3106/5480 4736/5483 3138/5484 934/5481 
f 934/5481 3138/5484 4759/5485 3139/5486 
f 3136/5482 934/5481 3139/5486 4758/5487 
f 4736/5483 3105/5488 928/5489 3138/5484 
f 3105/5488 4731/5490 3140/5491 928/5489 
f 928/5489 3140/5491 4760/5492 3141/5493 
f 3138/5484 928/5489 3141/5493 4759/5485 
f 4731/5490 3098/5494 927/5495 3140/5491 
f 3098/5494 4730/5496 3142/5497 927/5495 
f 927/5495 3142/5497 4761/5498 3143/5499 
f 3140/5491 927/5495 3143/5499 4760/5492 
f 4730/5496 3144/5500 919/5501 3142/5497 
f 3144/5500 4725/5502 3145/5503 919/5501 
f 919/5501 3145/5503 4762/5504 3146/5505 
f 3142/5497 919/5501 3146/5505 4761/5498 
f 4751/5443 3147/5506 938/5507 3126/5444 
f 3147/5506 4740/5411 3110/5408 938/5507 
f 938/5507 3110/5408 4739/5407 3148/5508 
f 3126/5444 938/5507 3148/5508 4752/5445 
f 4753/5450 3149/5509 939/5510 3128/5451 
f 3149/5509 4743/5418 3114/5416 939/5510 
f 939/5510 3114/5416 4740/5411 3147/5506 
f 3128/5451 939/5510 3147/5506 4751/5443 
f 4756/5466 3150/5511 945/5512 3151/5513 
f 3150/5511 4749/5433 3152/5514 945/5512 
f 945/5512 3152/5514 4744/5420 3153/5515 
f 3151/5513 945/5512 3153/5515 4754/5456 
f 4755/5464 3154/5516 953/5517 3133/5465 
f 3154/5516 4750/5435 3122/5434 953/5517 
f 953/5517 3122/5434 4749/5433 3150/5511 
f 3133/5465 953/5517 3150/5511 4756/5466 
f 4757/5471 3155/5518 954/5519 3135/5472 
f 3155/5518 4763/5520 3156/5521 954/5519 
f 954/5519 3156/5521 4750/5435 3154/5516 
f 3135/5472 954/5519 3154/5516 4755/5464 
f 4758/5477 3157/5522 956/5523 3137/5478 
f 3157/5522 4764/5524 3158/5525 956/5523 
f 956/5523 3158/5525 4763/5520 3155/5518 
f 3137/5478 956/5523 3155/5518 4757/5471 
f 4759/5485 3159/5526 957/5527 3139/5486 
f 3159/5526 4765/5528 3160/5529 957/5527 
f 957/5527 3160/5529 4764/5530 3157/5531 
f 3139/5486 957/5527 3157/5531 4758/5487 
f 4760/5492 3161/5532 952/5533 3141/5493 
f 3161/5532 4748/5430 3162/5534 952/5533 
f 952/5533 3162/5534 4765/5528 3159/5526 
f 3141/5493 952/5533 3159/5526 4759/5485 
f 4761/5498 3163/5535 947/5536 3143/5499 
f 3163/5535 4745/5422 3118/5425 947/5536 
f 947/5536 3118/5425 4748/5430 3161/5532 
f 3143/5499 947/5536 3161/5532 4760/5492 
f 4752/5445 3148/5508 937/5537 3164/5538 
f 3148/5508 4739/5407 3111/5410 937/5537 
f 937/5537 3111/5410 4742/5415 3165/5539 
f 3164/5538 937/5537 3165/5539 4762/5504 
f 4748/5430 3120/5429 950/5540 3166/5541 
f 3120/5429 4747/5428 3167/5542 950/5540 
f 950/5540 3167/5542 4766/5543 3168/5544 
f 3166/5541 950/5540 3168/5544 4767/5545 
f 4747/5428 3123/5436 949/5546 3167/5542 
f 3123/5436 4750/5435 3169/5547 949/5546 
f 949/5546 3169/5547 4768/5548 3170/5549 
f 3167/5542 949/5546 3170/5549 4766/5543 
f 4750/5435 3156/5521 955/5550 3169/5547 
f 3156/5521 4763/5520 3171/5551 955/5550 
f 955/5550 3171/5551 4769/5552 3172/5553 
f 3169/5547 955/5550 3172/5553 4768/5548 
f 4763/5520 3158/5525 958/5554 3171/5551 
f 3158/5525 4764/5524 3173/5555 958/5554 
f 958/5554 3173/5555 4770/5556 3174/5557 
f 3171/5551 958/5554 3174/5557 4769/5552 
f 4764/5530 3160/5529 959/5558 3173/5559 
f 3160/5529 4765/5528 3175/5560 959/5558 
f 959/5558 3175/5560 4771/5561 3176/5562 
f 3173/5559 959/5558 3176/5562 4770/5563 
f 4765/5528 3162/5534 951/5564 3175/5560 
f 3162/5534 4748/5430 3166/5541 951/5564 
f 951/5564 3166/5541 4767/5545 3177/5565 
f 3175/5560 951/5564 3177/5565 4771/5561 
f 4725/5371 3144/5566 920/5567 3093/5372 
f 3144/5566 4730/5382 3099/5385 920/5567 
f 920/5567 3099/5385 4733/5390 3178/5568 
f 3093/5372 920/5567 3178/5568 4726/5373 
f 4726/5373 3178/5568 921/5569 3096/5378 
f 3178/5568 4733/5390 3102/5392 921/5569 
f 921/5569 3102/5392 4735/5396 3179/5570 
f 3096/5378 921/5569 3179/5570 4728/5379 
f 4741/5413 3180/5571 942/5572 3113/5414 
f 3180/5571 4746/5426 3117/5423 942/5572 
f 942/5572 3117/5423 4745/5422 3181/5573 
f 3113/5414 942/5572 3181/5573 4742/5415 
f 4744/5420 3152/5514 941/5574 3116/5421 
f 3152/5514 4749/5433 3121/5431 941/5574 
f 941/5574 3121/5431 4746/5426 3180/5571 
f 3116/5421 941/5574 3180/5571 4741/5413 
f 4728/5454 3179/5575 924/5576 3129/5455 
f 3179/5575 4735/5458 3131/5461 924/5576 
f 924/5576 3131/5461 4756/5466 3151/5513 
f 3129/5455 924/5576 3151/5513 4754/5456 
f 4725/5502 3091/5577 918/5578 3145/5503 
f 3091/5577 4724/5437 3124/5440 918/5578 
f 918/5578 3124/5440 4752/5445 3164/5538 
f 3145/5503 918/5578 3164/5538 4762/5504 
f 4744/5420 3115/5419 944/5579 3153/5515 
f 3115/5419 4743/5418 3149/5509 944/5579 
f 944/5579 3149/5509 4753/5450 3130/5457 
f 3153/5515 944/5579 3130/5457 4754/5456 
f 4742/5415 3181/5573 943/5580 3165/5539 
f 3181/5573 4745/5422 3163/5535 943/5580 
f 943/5580 3163/5535 4761/5498 3146/5505 
f 3165/5539 943/5580 3146/5505 4762/5504 
f 4766/5543 3182/5581 961/5582 3168/5544 
f 3182/5581 4772/5583 3183/5584 961/5582 
f 961/5582 3183/5584 4773/5585 3184/5586 
f 3168/5544 961/5582 3184/5586 4767/5545 
f 4768/5548 3185/5587 960/5588 3170/5549 
f 3185/5587 4774/5589 3186/5590 960/5588 
f 960/5588 3186/5590 4772/5583 3182/5581 
f 3170/5549 960/5588 3182/5581 4766/5543 
f 4769/5552 3187/5591 963/5592 3172/5553 
f 3187/5591 4775/5593 3188/5594 963/5592 
f 963/5592 3188/5594 4774/5589 3185/5587 
f 3172/5553 963/5592 3185/5587 4768/5548 
f 4770/5556 3189/5595 964/5596 3174/5557 
f 3189/5595 4776/5597 3190/5598 964/5596 
f 964/5596 3190/5598 4775/5593 3187/5591 
f 3174/5557 964/5596 3187/5591 4769/5552 
f 4771/5561 3191/5599 965/5600 3176/5562 
f 3191/5599 4777/5601 3192/5602 965/5600 
f 965/5600 3192/5602 4776/5603 3189/5604 
f 3176/5562 965/5600 3189/5604 4770/5563 
f 4767/5545 3184/5586 962/5605 3177/5565 
f 3184/5586 4773/5585 3193/5606 962/5605 
f 962/5605 3193/5606 4777/5601 3191/5599 
f 3177/5565 962/5605 3191/5599 4771/5561 
f 4778/5607 3194/5608 972/5609 3195/5610 
f 3194/5608 4779/5611 3196/5612 972/5609 
f 972/5609 3196/5612 4780/5613 3197/5614 
f 3195/5610 972/5609 3197/5614 4781/5615 
f 4782/5616 3198/5617 973/5618 3199/5619 
f 3198/5617 4783/5620 3200/5621 973/5618 
f 973/5618 3200/5621 4779/5611 3194/5608 
f 3199/5619 973/5618 3194/5608 4778/5607 
f 4784/5622 3201/5623 978/5624 3202/5625 
f 3201/5623 4785/5626 3203/5627 978/5624 
f 978/5624 3203/5627 4783/5620 3198/5617 
f 3202/5625 978/5624 3198/5617 4782/5616 
f 4786/5628 3204/5629 980/5630 3205/5631 
f 3204/5629 4787/5632 3206/5633 980/5630 
f 980/5630 3206/5633 4785/5626 3201/5623 
f 3205/5631 980/5630 3201/5623 4784/5622 
f 4788/5634 3207/5635 982/5636 3208/5637 
f 3207/5635 4789/5638 3209/5639 982/5636 
f 982/5636 3209/5639 4787/5632 3204/5629 
f 3208/5637 982/5636 3204/5629 4786/5628 
f 4781/5615 3197/5614 977/5640 3210/5641 
f 3197/5614 4780/5613 3211/5642 977/5640 
f 977/5640 3211/5642 4789/5643 3207/5644 
f 3210/5641 977/5640 3207/5644 4788/5645 
f 4790/5646 3212/5647 984/5648 3213/5649 
f 3212/5647 4791/5650 3214/5651 984/5648 
f 984/5648 3214/5651 4792/5652 3215/5653 
f 3213/5649 984/5648 3215/5653 4793/5654 
f 4794/5655 3216/5656 987/5657 3217/5658 
f 3216/5656 4795/5659 3218/5660 987/5657 
f 987/5657 3218/5660 4791/5650 3212/5647 
f 3217/5658 987/5657 3212/5647 4790/5646 
f 4796/5661 3219/5662 991/5663 3220/5664 
f 3219/5662 4797/5665 3221/5666 991/5663 
f 991/5663 3221/5666 4795/5659 3216/5656 
f 3220/5664 991/5663 3216/5656 4794/5655 
f 4798/5667 3222/5668 993/5669 3223/5670 
f 3222/5668 4799/5671 3224/5672 993/5669 
f 993/5669 3224/5672 4797/5665 3219/5662 
f 3223/5670 993/5669 3219/5662 4796/5661 
f 4800/5673 3225/5674 994/5675 3226/5676 
f 3225/5674 4801/5677 3227/5678 994/5675 
f 994/5675 3227/5678 4799/5671 3222/5668 
f 3226/5676 994/5675 3222/5668 4798/5667 
f 4793/5654 3215/5653 988/5679 3228/5680 
f 3215/5653 4792/5652 3229/5681 988/5679 
f 988/5679 3229/5681 4801/5682 3225/5683 
f 3228/5680 988/5679 3225/5683 4800/5684 
f 4802/5685 3230/5686 996/5687 3231/5688 
f 3230/5686 4803/5689 3232/5690 996/5687 
f 996/5687 3232/5690 4804/5691 3233/5692 
f 3231/5688 996/5687 3233/5692 4805/5693 
f 4806/5694 3234/5695 997/5696 3235/5697 
f 3234/5695 4807/5698 3236/5699 997/5696 
f 997/5696 3236/5699 4803/5689 3230/5686 
f 3235/5697 997/5696 3230/5686 4802/5685 
f 4796/5661 3237/5700 992/5701 3238/5702 
f 4807/5698 3234/5695 992/5701 3237/5700 
f 4806/5694 3238/5702 992/5701 3234/5695 
f 4805/5693 3233/5692 995/5703 3239/5704 
f 4804/5691 3240/5705 995/5703 3233/5692 
f 4800/5684 3239/5704 995/5703 3240/5705 
f 4793/5654 3241/5706 985/5707 3213/5649 
f 3241/5706 4804/5691 3232/5690 985/5707 
f 985/5707 3232/5690 4803/5689 3242/5708 
f 3213/5649 985/5707 3242/5708 4790/5646 
f 4790/5646 3242/5708 986/5709 3217/5658 
f 3242/5708 4803/5689 3236/5699 986/5709 
f 986/5709 3236/5699 4807/5698 3243/5710 
f 3217/5658 986/5709 3243/5710 4794/5655 
f 4794/5655 3243/5710 990/5711 3220/5664 
f 4807/5698 3237/5700 990/5711 3243/5710 
f 4796/5661 3220/5664 990/5711 3237/5700 
f 4800/5684 3240/5705 989/5712 3228/5680 
f 4804/5691 3241/5706 989/5712 3240/5705 
f 4793/5654 3228/5680 989/5712 3241/5706 
f 4779/5611 3244/5713 975/5714 3196/5612 
f 3244/5713 4802/5685 3231/5688 975/5714 
f 975/5714 3231/5688 4805/5693 3245/5715 
f 3196/5612 975/5714 3245/5715 4780/5613 
f 4783/5620 3246/5716 974/5717 3200/5621 
f 3246/5716 4806/5694 3235/5697 974/5717 
f 974/5717 3235/5697 4802/5685 3244/5713 
f 3200/5621 974/5717 3244/5713 4779/5611 
f 4785/5626 3247/5718 979/5719 3203/5627 
f 3247/5718 4796/5661 3238/5702 979/5719 
f 979/5719 3238/5702 4806/5694 3246/5716 
f 3203/5627 979/5719 3246/5716 4783/5620 
f 4787/5632 3248/5720 981/5721 3206/5633 
f 3248/5720 4798/5667 3223/5670 981/5721 
f 981/5721 3223/5670 4796/5661 3247/5718 
f 3206/5633 981/5721 3247/5718 4785/5626 
f 4789/5638 3249/5722 983/5723 3209/5639 
f 3249/5722 4800/5673 3226/5676 983/5723 
f 983/5723 3226/5676 4798/5667 3248/5720 
f 3209/5639 983/5723 3248/5720 4787/5632 
f 4780/5613 3245/5715 976/5724 3211/5642 
f 3245/5715 4805/5693 3239/5704 976/5724 
f 976/5724 3239/5704 4800/5684 3249/5725 
f 3211/5642 976/5724 3249/5725 4789/5643 
f 4717/5334 3250/5726 911/5727 3078/5335 
f 3250/5726 4801/5682 3229/5681 911/5727 
f 911/5727 3229/5681 4792/5652 3251/5728 
f 3078/5335 911/5727 3251/5728 4718/5336 
f 4719/5343 3252/5729 910/5730 3080/5344 
f 3252/5729 4799/5671 3227/5678 910/5730 
f 910/5730 3227/5678 4801/5677 3250/5731 
f 3080/5344 910/5730 3250/5731 4717/5345 
f 4721/5350 3253/5732 913/5733 3083/5351 
f 3253/5732 4797/5665 3224/5672 913/5733 
f 913/5733 3224/5672 4799/5671 3252/5729 
f 3083/5351 913/5733 3252/5729 4719/5343 
f 4722/5356 3254/5734 914/5735 3086/5357 
f 3254/5734 4795/5659 3221/5666 914/5735 
f 914/5735 3221/5666 4797/5665 3253/5732 
f 3086/5357 914/5735 3253/5732 4721/5350 
f 4723/5362 3255/5736 915/5737 3088/5363 
f 3255/5736 4791/5650 3218/5660 915/5737 
f 915/5737 3218/5660 4795/5659 3254/5734 
f 3088/5363 915/5737 3254/5734 4722/5356 
f 4718/5336 3251/5728 912/5738 3090/5366 
f 3251/5728 4792/5652 3214/5651 912/5738 
f 912/5738 3214/5651 4791/5650 3255/5736 
f 3090/5366 912/5738 3255/5736 4723/5362 
f 4699/5214 3035/5234 896/5739 3027/5215 
f 3035/5234 4689/5233 3041/5740 896/5739 
f 896/5739 3041/5740 4706/5283 3057/5286 
f 3027/5215 896/5739 3057/5286 4700/5216 
f 4703/5228 3063/5298 300/5741 3034/5229 
f 3063/5298 4682/5297 2996/5742 300/5741 
f 300/5741 2996/5742 4076/5743 2000/5744 
f 3034/5229 300/5741 2000/5744 4101/5230 
f 4699/5214 3025/5211 905/5745 3036/5237 
f 3025/5211 4698/5210 3084/5746 905/5745 
f 905/5745 3084/5746 4720/5747 3256/5748 
f 3036/5237 905/5745 3256/5748 4704/5238 
f 4704/5238 3256/5748 906/5749 3039/5243 
f 3256/5748 4720/5747 3081/5750 906/5749 
f 906/5749 3081/5750 4714/5293 3062/5296 
f 3039/5243 906/5749 3062/5296 4705/5244 
f 4713/5289 3257/5751 884/5752 3059/5290 
f 3257/5751 4681/5753 3089/5754 884/5752 
f 884/5752 3089/5754 4701/5218 3028/5217 
f 3059/5290 884/5752 3028/5217 4700/5216 
f 4703/5228 3032/5225 901/5755 3064/5299 
f 3032/5225 4697/5224 3024/5756 901/5755 
f 901/5755 3024/5756 4696/5246 3040/5245 
f 3064/5299 901/5755 3040/5245 4705/5244 
f 4808/3412 3258/3413 998/3414 3259/3417 
f 3258/3413 4809/3418 3260/3419 998/3414 
f 998/3414 3260/3419 4810/3425 3261/3428 
f 3259/3417 998/3414 3261/3428 4811/3429 
f 4812/3430 3262/3433 1001/3434 3263/3435 
f 3262/3433 4813/3441 3264/3444 1001/3434 
f 1001/3434 3264/3444 4809/5827 3258/5826 
f 3263/3435 1001/3434 3258/5826 4808/5825 
f 4814/3445 3265/3446 1008/3449 3266/3450 
f 3265/3446 4815/3451 3267/3453 1008/3449 
f 1008/3449 3267/3453 4813/3441 3262/3433 
f 3266/3450 1008/3449 3262/3433 4812/3430 
f 4816/3456 3268/3457 1011/3460 3269/3461 
f 3268/3457 4817/3462 3270/3465 1011/3460 
f 1011/3460 3270/3465 4815/3451 3265/3446 
f 3269/3461 1011/3460 3265/3446 4814/3445 
f 4818/3466 3271/3467 1014/3468 3272/3469 
f 3271/3467 4819/3470 3273/3472 1014/3468 
f 1014/3468 3273/3472 4817/3462 3268/3457 
f 3272/3469 1014/3468 3268/3457 4816/3456 
f 4811/3429 3261/3428 1005/3473 3274/3474 
f 3261/3428 4810/3425 3275/3476 1005/3473 
f 1005/3473 3275/3476 4819/3470 3271/3467 
f 3274/3474 1005/3473 3271/3467 4818/3466 
f 4809/3418 3276/3477 1003/3478 3260/3419 
f 3276/3477 4820/3479 3277/3481 1003/3478 
f 1003/3478 3277/3481 4821/3482 3278/3483 
f 3260/3419 1003/3478 3278/3483 4810/3425 
f 4813/3441 3279/3484 1002/3485 3264/3444 
f 3279/3484 4822/3486 3280/3489 1002/3485 
f 1002/3485 3280/3489 4820/5829 3276/5828 
f 3264/3444 1002/3485 3276/5828 4809/5827 
f 4815/3451 3281/3490 1009/3492 3267/3453 
f 3281/3490 4823/3493 3282/3494 1009/3492 
f 1009/3492 3282/3494 4822/3486 3279/3484 
f 3267/3453 1009/3492 3279/3484 4813/3441 
f 4817/3462 3283/3497 1012/3498 3270/3465 
f 3283/3497 4824/3499 3284/3501 1012/3498 
f 1012/3498 3284/3501 4823/3493 3281/3490 
f 3270/3465 1012/3498 3281/3490 4815/3451 
f 4819/3470 3285/3504 1015/3505 3273/3472 
f 3285/3504 4825/3508 3286/3509 1015/3505 
f 1015/3505 3286/3509 4824/3499 3283/3497 
f 3273/3472 1015/3505 3283/3497 4817/3462 
f 4810/3425 3278/3483 1004/3510 3275/3476 
f 3278/3483 4821/3482 3287/3513 1004/3510 
f 1004/3510 3287/3513 4825/3508 3285/3504 
f 3275/3476 1004/3510 3285/3504 4819/3470 
f 4683/5158 3288/5757 889/5758 2997/5159 
f 3288/3514 4826/3515 3289/3516 889/3517 
f 889/3517 3289/3516 4827/3518 3290/3521 
f 2997/5159 889/5758 3290/5820 4684/5162 
f 4712/5270 3291/5759 888/5821 3051/5271 
f 3291/3522 4828/3524 3292/3525 888/3526 
f 888/3526 3292/3525 4826/5831 3288/5830 
f 3051/5271 888/5821 3288/5757 4683/5158 
f 4707/5275 3293/5760 907/5822 3053/5276 
f 3293/3529 4829/3530 3294/3531 907/3533 
f 907/3533 3294/3531 4828/3524 3291/3522 
f 3053/5276 907/5822 3291/5759 4712/5270 
f 4677/5140 3295/5761 876/5762 3043/5251 
f 3295/3537 4830/3538 3296/3540 876/3541 
f 876/3541 3296/3540 4829/3530 3293/3529 
f 3043/5251 876/5762 3293/5823 4707/5254 
f 4680/5148 3297/5763 875/5824 2991/5143 
f 3297/3542 4831/3545 3298/3546 875/3547 
f 875/3547 3298/3546 4830/3538 3295/3537 
f 2991/5143 875/5824 3295/5761 4677/5140 
f 4684/5162 3290/5820 881/5764 3054/5278 
f 3290/3521 4827/3518 3299/3548 881/3549 
f 881/3549 3299/3548 4831/3545 3297/3542 
f 3054/5278 881/5764 3297/5763 4680/5148 
f 4821/3482 3277/3481 1017/3552 3300/3553 
f 3277/3481 4820/3479 3301/3554 1017/3552 
f 1017/3552 3301/3554 4832/3556 3302/3557 
f 3300/3553 1017/3552 3302/3557 4833/3558 
f 4820/5829 3280/3489 1016/3561 3301/5832 
f 3280/3489 4822/3486 3303/3562 1016/3561 
f 1016/3561 3303/3562 4834/3563 3304/3564 
f 3301/5832 1016/3561 3304/3564 4832/5833 
f 4822/3486 3282/3494 1019/3569 3303/3562 
f 3282/3494 4823/3493 3305/3572 1019/3569 
f 1019/3569 3305/3572 4835/3573 3306/3574 
f 3303/3562 1019/3569 3306/3574 4834/3563 
f 4823/3493 3284/3501 1020/3577 3305/3572 
f 3284/3501 4824/3499 3307/3578 1020/3577 
f 1020/3577 3307/3578 4836/3579 3308/3580 
f 3305/3572 1020/3577 3308/3580 4835/3573 
f 4824/3499 3286/3509 1021/3585 3307/3578 
f 3286/3509 4825/3508 3309/3588 1021/3585 
f 1021/3585 3309/3588 4837/3589 3310/3590 
f 3307/3578 1021/3585 3310/3590 4836/3579 
f 4825/3508 3287/3513 1018/3593 3309/3588 
f 3287/3513 4821/3482 3300/3553 1018/3593 
f 1018/3593 3300/3553 4833/3558 3311/3594 
f 3309/3588 1018/3593 3311/3594 4837/3589 
f 4833/3558 3302/3557 1029/3595 3312/3597 
f 3302/3557 4832/3556 3313/3600 1029/3595 
f 1029/3595 3313/3600 4838/3601 3314/3604 
f 3312/3597 1029/3595 3314/3604 4839/3605 
f 4832/5833 3304/3564 1028/3606 3313/5834 
f 3304/3564 4834/3563 3315/3607 1028/3606 
f 1028/3606 3315/3607 4840/3609 3316/3610 
f 3313/5834 1028/3606 3316/3610 4838/5835 
f 4834/3563 3306/3574 1031/3611 3315/3607 
f 3306/3574 4835/3573 3317/3612 1031/3611 
f 1031/3611 3317/3612 4841/3617 3318/3620 
f 3315/3607 1031/3611 3318/3620 4840/3609 
f 4835/3573 3308/3580 1032/3621 3317/3612 
f 3308/3580 4836/3579 3319/3622 1032/3621 
f 1032/3621 3319/3622 4842/3625 3320/3626 
f 3317/3612 1032/3621 3320/3626 4841/3617 
f 4836/3579 3310/3590 1033/3627 3319/3622 
f 3310/3590 4837/3589 3321/3633 1033/3627 
f 1033/3627 3321/3633 4843/3636 3322/3637 
f 3319/3622 1033/3627 3322/3637 4842/3625 
f 4837/3589 3311/3594 1030/3638 3321/3633 
f 3311/3594 4833/3558 3312/3597 1030/3638 
f 1030/3638 3312/3597 4839/3605 3323/3641 
f 3321/3633 1030/3638 3323/3641 4843/3636 
f 4844/3642 3324/3643 999/3644 3325/3645 
f 3324/3643 4808/3412 3259/3417 999/3644 
f 999/3644 3259/3417 4811/3429 3326/3648 
f 3325/3645 999/3644 3326/3648 4845/3649 
f 4846/3652 3327/3653 1000/3654 3328/3657 
f 3327/3653 4812/3430 3263/3435 1000/3654 
f 1000/3654 3263/3435 4808/5825 3324/5837 
f 3328/3657 1000/3654 3324/5837 4844/5836 
f 4847/3658 3329/3659 1007/3660 3330/3661 
f 3329/3659 4814/3445 3266/3450 1007/3660 
f 1007/3660 3266/3450 4812/3430 3327/3653 
f 3330/3661 1007/3660 3327/3653 4846/3652 
f 4848/3664 3331/3665 1010/3668 3332/3669 
f 3331/3665 4816/3456 3269/3461 1010/3668 
f 1010/3668 3269/3461 4814/3445 3329/3659 
f 3332/3669 1010/3668 3329/3659 4847/3658 
f 4849/3670 3333/3671 1013/3672 3334/3673 
f 3333/3671 4818/3466 3272/3469 1013/3672 
f 1013/3672 3272/3469 4816/3456 3331/3665 
f 3334/3673 1013/3672 3331/3665 4848/3664 
f 4845/3649 3326/3648 1006/3674 3335/3675 
f 3326/3648 4811/3429 3274/3474 1006/3674 
f 1006/3674 3274/3474 4818/3466 3333/3671 
f 3335/3675 1006/3674 3333/3671 4849/3670 
f 4826/3515 3336/3676 1023/3677 3289/3516 
f 3336/3676 4844/3642 3325/3645 1023/3677 
f 1023/3677 3325/3645 4845/3649 3337/3681 
f 3289/3516 1023/3677 3337/3681 4827/3518 
f 4828/3524 3338/3684 1022/3685 3292/3525 
f 3338/3684 4846/3652 3328/3657 1022/3685 
f 1022/3685 3328/3657 4844/5836 3336/5838 
f 3292/3525 1022/3685 3336/5838 4826/5831 
f 4829/3530 3339/3686 1025/3689 3294/3531 
f 3339/3686 4847/3658 3330/3661 1025/3689 
f 1025/3689 3330/3661 4846/3652 3338/3684 
f 3294/3531 1025/3689 3338/3684 4828/3524 
f 4830/3538 3340/3690 1026/3691 3296/3540 
f 3340/3690 4848/3664 3332/3669 1026/3691 
f 1026/3691 3332/3669 4847/3658 3339/3686 
f 3296/3540 1026/3691 3339/3686 4829/3530 
f 4831/3545 3341/3697 1027/3700 3298/3546 
f 3341/3697 4849/3670 3334/3673 1027/3700 
f 1027/3700 3334/3673 4848/3664 3340/3690 
f 3298/3546 1027/3700 3340/3690 4830/3538 
f 4827/3518 3337/3681 1024/3701 3299/3548 
f 3337/3681 4845/3649 3335/3675 1024/3701 
f 1024/3701 3335/3675 4849/3670 3341/3697 
f 3299/3548 1024/3701 3341/3697 4831/3545 
f 4850/2412 3342/2413 1040/2414 3343/2415 
f 4851/2416 3344/2417 1040/2414 3342/2413 
f 4852/2418 3345/2420 1040/2414 3344/2417 
f 4853/2421 3346/2422 1040/2414 3345/2420 
f 4854/2424 3343/2415 1040/2414 3346/2422 
f 4854/2424 3346/2422 1048/2425 3347/2426 
f 3346/2422 4853/2421 3348/2427 1048/2425 
f 1048/2425 3348/2427 4855/2428 3349/2429 
f 3347/2426 1048/2425 3349/2429 4856/2430 
f 4856/2430 3349/2429 1053/2431 3350/2432 
f 3349/2429 4855/2428 3351/2433 1053/2431 
f 1053/2431 3351/2433 4857/2436 3352/2437 
f 3350/2432 1053/2431 3352/2437 4858/2440 
f 4858/2440 3352/2437 1058/2441 3353/2442 
f 3352/2437 4857/2436 3354/2445 1058/2441 
f 1058/2441 3354/2445 4859/2446 3355/2447 
f 3353/2442 1058/2441 3355/2447 4860/2448 
f 4852/2418 3356/2449 1046/2450 3345/2420 
f 4861/2452 3357/2453 1046/2450 3356/2449 
f 4862/2454 3358/2455 1046/2450 3357/2453 
f 4863/2456 3359/2457 1046/2450 3358/2455 
f 4853/2421 3345/2420 1046/2450 3359/2457 
f 4853/2421 3359/2457 1047/2458 3348/2427 
f 3359/2457 4863/2456 3360/2459 1047/2458 
f 1047/2458 3360/2459 4864/2461 3361/2462 
f 3348/2427 1047/2458 3361/2462 4855/2428 
f 4855/2428 3361/2462 1052/2463 3351/2433 
f 3361/2462 4864/2461 3362/2464 1052/2463 
f 1052/2463 3362/2464 4865/2465 3363/2468 
f 3351/2433 1052/2463 3363/2468 4857/2436 
f 4857/2436 3363/2468 1057/2469 3354/2445 
f 3363/2468 4865/2465 3364/2472 1057/2469 
f 1057/2469 3364/2472 4866/2473 3365/2474 
f 3354/2445 1057/2469 3365/2474 4859/2446 
f 4867/1617 3366/1620 1072/1621 3367/1622 
f 4868/1623 3368/1624 1072/1621 3366/1620 
f 4869/1625 3369/1626 1072/1621 3368/1624 
f 4870/1627 3370/1628 1072/1621 3369/1626 
f 4871/1629 3367/1622 1072/1621 3370/1628 
f 4868/1623 3371/1630 1075/1631 3368/1624 
f 3371/1630 4872/1632 3372/1633 1075/1631 
f 1075/1631 3372/1633 4873/1634 3373/1636 
f 3368/1624 1075/1631 3373/1636 4869/1625 
f 4872/1632 3374/1637 1080/1638 3372/1633 
f 3374/1637 4874/1639 3375/1640 1080/1638 
f 1080/1638 3375/1640 4875/1641 3376/1642 
f 3372/1633 1080/1638 3376/1642 4873/1634 
f 4874/1639 3377/1643 1083/1644 3375/1640 
f 3377/1643 4876/1645 3378/1646 1083/1644 
f 1083/1644 3378/1646 4877/1647 3379/1648 
f 3375/1640 1083/1644 3379/1648 4875/1641 
f 4878/1649 3380/1652 1077/1653 3381/1656 
f 4870/1627 3369/1626 1077/1653 3380/1652 
f 4869/1625 3382/1657 1077/1653 3369/1626 
f 4879/1658 3383/1661 1077/1653 3382/1657 
f 4880/1662 3381/1656 1077/1653 3383/1661 
f 4869/1625 3373/1636 1076/1663 3382/1657 
f 3373/1636 4873/1634 3384/1664 1076/1663 
f 1076/1663 3384/1664 4881/1665 3385/1666 
f 3382/1657 1076/1663 3385/1666 4879/1658 
f 4873/1634 3376/1642 1081/1668 3384/1664 
f 3376/1642 4875/1641 3386/1669 1081/1668 
f 1081/1668 3386/1669 4882/1670 3387/1671 
f 3384/1664 1081/1668 3387/1671 4881/1665 
f 4875/1641 3379/1648 1084/1672 3386/1669 
f 3379/1648 4877/1647 3388/1673 1084/1672 
f 1084/1672 3388/1673 4883/1674 3389/1675 
f 3386/1669 1084/1672 3389/1675 4882/1670 
f 4860/2448 3355/2447 1063/2477 3390/2478 
f 3355/2447 4859/2446 3391/2479 1063/2477 
f 1063/1677 3391/1678 4877/1647 3378/1646 
f 3390/1679 1063/1677 3378/1646 4876/1645 
f 4859/2446 3365/2474 1062/2480 3391/2479 
f 3365/2474 4866/2473 3392/2481 1062/2480 
f 1062/1680 3392/1681 4883/1674 3388/1673 
f 3391/1678 1062/1680 3388/1673 4877/1647 
f 4884/2482 3393/2484 1091/2485 3394/2486 
f 3393/2484 4885/2487 3395/2488 1091/2485 
f 1091/1682 3395/1685 4886/1686 3396/1688 
f 3394/1689 1091/1682 3396/1688 4887/1690 
f 4888/2489 3397/2490 1095/2491 3398/2493 
f 3397/2490 4889/2494 3399/2495 1095/2491 
f 1095/1691 3399/1692 4890/1693 3400/1694 
f 3398/1695 1095/1691 3400/1694 4891/1696 
f 4892/2496 3401/2497 1100/2498 3402/2500 
f 3401/2497 4893/2501 3403/2502 1100/2498 
f 1100/1697 3403/1700 4894/1701 3404/1704 
f 3402/1705 1100/1697 3404/1704 4895/1706 
f 4851/2416 3342/2413 1043/2504 3405/2505 
f 3342/2413 4850/2412 3406/2506 1043/2504 
f 1043/1707 3406/1708 4867/1617 3367/1622 
f 3405/1709 1043/1707 3367/1622 4871/1629 
f 4896/2509 3407/2510 1097/2511 3408/2512 
f 3407/2510 4888/2489 3409/2513 1097/2511 
f 1097/2511 3409/2513 4897/2516 3410/2517 
f 3408/2512 1097/2511 3410/2517 4898/2518 
f 4888/2489 3398/2493 1096/2519 3409/2513 
f 3398/1695 4891/1696 3411/1710 1096/1711 
f 1096/1711 3411/1710 4899/1712 3412/1713 
f 3409/2513 1096/2519 3412/2520 4897/2516 
f 4891/1696 3413/1714 1099/1716 3411/1710 
f 3413/1714 4900/1717 3414/1718 1099/1716 
f 1099/1716 3414/1718 4901/1719 3415/1720 
f 3411/1710 1099/1716 3415/1720 4899/1712 
f 4900/1717 3416/1721 1094/1722 3414/1718 
f 3416/1721 4886/1686 3417/1723 1094/1722 
f 1094/1722 3417/1723 4902/1725 3418/1726 
f 3414/1718 1094/1722 3418/1726 4901/1719 
f 4886/1686 3395/1685 1093/1727 3417/1723 
f 3395/2488 4885/2487 3419/2521 1093/2522 
f 1093/2522 3419/2521 4903/2523 3420/2524 
f 3417/1723 1093/1727 3420/1728 4902/1725 
f 4885/2487 3421/2525 1092/2526 3419/2521 
f 3421/2525 4896/2509 3408/2512 1092/2526 
f 1092/2526 3408/2512 4898/2518 3422/2527 
f 3419/2521 1092/2526 3422/2527 4903/2523 
f 4889/2494 3423/2528 1066/2529 3424/2530 
f 3423/2528 4862/2454 3425/2533 1066/2529 
f 1066/2529 3425/2533 4893/2501 3401/2497 
f 3424/2530 1066/2529 3401/2497 4892/2496 
f 4904/2534 3426/2536 1102/2537 3427/2538 
f 3426/1729 4905/1730 3428/1733 1102/1734 
f 1102/1734 3428/1733 4906/1736 3429/1737 
f 3427/2538 1102/2537 3429/2541 4907/2542 
f 4908/1738 3430/1739 1085/1740 3431/1741 
f 4878/1649 3381/1656 1085/1740 3430/1739 
f 4880/1662 3432/1742 1085/1740 3381/1656 
f 4894/1701 3433/1743 1085/1740 3432/1742 
f 4909/1744 3431/1741 1085/1740 3433/1743 
f 4890/1693 3399/1692 1098/1745 3434/1748 
f 3399/2495 4889/2494 3424/2530 1098/2543 
f 1098/2543 3424/2530 4892/2496 3402/2500 
f 3434/1748 1098/1745 3402/1705 4895/1706 
f 4851/2416 3435/2545 1045/2546 3344/2417 
f 3435/2545 4910/2549 3436/2550 1045/2546 
f 1045/2546 3436/2550 4861/2452 3356/2449 
f 3344/2417 1045/2546 3356/2449 4852/2418 
f 4871/1629 3370/1628 1078/1749 3437/1752 
f 3370/1628 4870/1627 3380/1652 1078/1749 
f 1078/1749 3380/1652 4878/1649 3430/1739 
f 3437/1752 1078/1749 3430/1739 4908/1738 
f 4910/2549 3435/2545 1044/2552 3438/2553 
f 3435/2545 4851/2416 3405/2505 1044/2552 
f 1044/1753 3405/1709 4871/1629 3437/1752 
f 3438/1754 1044/1753 3437/1752 4908/1738 
f 4910/2549 3438/2553 1108/2554 3439/2557 
f 3438/1754 4908/1738 3440/1757 1108/1758 
f 1108/1758 3440/1757 4911/1759 3441/1760 
f 3439/2557 1108/2554 3441/2558 4912/2559 
f 4908/1738 3431/1741 1107/1761 3440/1757 
f 3431/1741 4909/1744 3442/1762 1107/1761 
f 1107/1761 3442/1762 4913/1765 3443/1766 
f 3440/1757 1107/1761 3443/1766 4911/1759 
f 4909/1744 3444/1768 1109/1769 3442/1762 
f 3444/2561 4914/2562 3445/2565 1109/2566 
f 1109/2566 3445/2565 4915/2568 3446/2569 
f 3442/1762 1109/1769 3446/1770 4913/1765 
f 4914/2562 3447/2570 1110/2573 3445/2565 
f 3447/2570 4910/2549 3439/2557 1110/2573 
f 1110/2573 3439/2557 4912/2559 3448/2574 
f 3445/2565 1110/2573 3448/2574 4915/2568 
f 4897/2516 3449/2575 1036/2577 3410/2517 
f 3449/3702 4843/3636 3323/3641 1036/3705 
f 1036/3705 3323/3641 4839/3605 3450/3706 
f 3410/2517 1036/2577 3450/2578 4898/2518 
f 4899/1712 3451/1771 1039/1772 3412/1713 
f 3451/3707 4842/3625 3322/3637 1039/3709 
f 1039/3709 3322/3637 4843/3636 3449/3702 
f 3412/2520 1039/2581 3449/2575 4897/2516 
f 4901/1719 3452/1773 1038/1774 3415/1720 
f 3452/3710 4841/3617 3320/3626 1038/3713 
f 1038/3713 3320/3626 4842/3625 3451/3707 
f 3415/1720 1038/1774 3451/1771 4899/1712 
f 4902/1725 3453/1775 1037/1776 3418/1726 
f 3453/3714 4840/3609 3318/3620 1037/3715 
f 1037/3715 3318/3620 4841/3617 3452/3710 
f 3418/1726 1037/1776 3452/1773 4901/1719 
f 4903/2523 3454/2582 1034/2583 3420/2524 
f 3454/3716 4838/5835 3316/3610 1034/3717 
f 1034/3717 3316/3610 4840/3609 3453/3714 
f 3420/1728 1034/1777 3453/1775 4902/1725 
f 4898/2518 3450/2578 1035/2584 3422/2527 
f 3450/3706 4839/3605 3314/3604 1035/3718 
f 1035/3718 3314/3604 4838/3601 3454/5839 
f 3422/2527 1035/2584 3454/2582 4903/2523 
f 4916/2585 3455/2586 1115/2587 3456/2589 
f 3455/2586 4917/2590 3457/2591 1115/2587 
f 1115/2587 3457/2591 4918/2593 3458/2594 
f 3456/2589 1115/2587 3458/2594 4919/2597 
f 4920/1780 3459/1781 1124/1782 3460/1783 
f 3459/1781 4921/1784 3461/1785 1124/1782 
f 1124/1782 3461/1785 4922/1786 3462/1787 
f 3460/1783 1124/1782 3462/1787 4923/1788 
f 4924/2598 3463/2600 1127/2601 3464/2602 
f 3463/2600 4925/2605 3465/2606 1127/2601 
f 1127/1789 3465/1790 4926/1791 3466/1792 
f 3464/1793 1127/1789 3466/1792 4927/1794 
f 4919/2597 3458/2594 1122/2607 3467/2609 
f 3458/2594 4918/2593 3468/2610 1122/2607 
f 1122/1796 3468/1797 4921/1784 3459/1781 
f 3467/1798 1122/1796 3459/1781 4920/1780 
f 4928/2612 3469/2613 1119/2614 3470/2615 
f 3469/2613 4917/2590 3471/2616 1119/2614 
f 1119/1799 3471/1800 4922/1786 3472/1801 
f 3470/1802 1119/1799 3472/1801 4929/1803 
f 4930/2617 3473/2618 1135/2619 3474/2621 
f 3473/2618 4931/2622 3475/2623 1135/2619 
f 1135/2619 3475/2623 4932/2624 3476/2625 
f 3474/2621 1135/2619 3476/2625 4933/2626 
f 4934/2628 3477/2629 1141/2630 3478/2631 
f 3477/2629 4935/2632 3479/2633 1141/2630 
f 1141/2630 3479/2633 4936/2634 3480/2635 
f 3478/2631 1141/2630 3480/2635 4937/2637 
f 4938/1804 3481/1805 1147/1806 3482/1807 
f 3481/1805 4939/1808 3483/1809 1147/1806 
f 1147/1806 3483/1809 4940/1812 3484/1813 
f 3482/1807 1147/1806 3484/1813 4941/1816 
f 4942/1817 3485/1818 1149/1819 3486/1821 
f 3485/1818 4943/1822 3487/1823 1149/1819 
f 1149/1819 3487/1823 4944/1824 3488/1825 
f 3486/1821 1149/1819 3488/1825 4945/1826 
f 4933/2626 3476/2625 1139/2638 3489/2639 
f 3476/2625 4932/2624 3490/2640 1139/2638 
f 1139/1828 3490/1829 4939/1808 3481/1805 
f 3489/1830 1139/1828 3481/1805 4938/1804 
f 4945/1826 3488/1825 1144/1832 3491/1833 
f 3488/1825 4944/1824 3492/1834 1144/1832 
f 1144/2641 3492/2642 4935/2632 3477/2629 
f 3491/2644 1144/2641 3477/2629 4934/2628 
f 4937/2637 3480/2635 1145/2645 3493/2646 
f 3480/2635 4936/2634 3494/2647 1145/2645 
f 1145/1835 3494/1836 4943/1822 3485/1818 
f 3493/1837 1145/1835 3485/1818 4942/1817 
f 4941/1816 3484/1813 1138/1838 3495/1839 
f 3484/1813 4940/1812 3496/1840 1138/1838 
f 1138/2648 3496/2649 4931/2622 3473/2618 
f 3495/2650 1138/2648 3473/2618 4930/2617 
f 4928/2612 3497/2651 1133/2653 3498/2654 
f 3497/2651 4946/2655 3499/2656 1133/2653 
f 1133/2653 3499/2656 4947/2657 3500/2658 
f 3498/2654 1133/2653 3500/2658 4948/2661 
f 4949/1841 3501/1842 1134/1844 3502/1845 
f 3501/1842 4950/1846 3503/1848 1134/1844 
f 1134/1844 3503/1848 4951/1849 3504/1850 
f 3502/1845 1134/1844 3504/1850 4929/1803 
f 4948/2661 3500/2658 1151/2662 3505/2664 
f 3500/2658 4947/2657 3506/2665 1151/2662 
f 1151/1851 3506/1852 4950/1846 3501/1842 
f 3505/1853 1151/1851 3501/1842 4949/1841 
f 4929/1803 3504/1850 1132/1854 3470/1802 
f 3504/1850 4951/1849 3507/1855 1132/1854 
f 1132/2666 3507/2667 4946/2655 3497/2651 
f 3470/2615 1132/2666 3497/2651 4928/2612 
f 4933/2626 3508/2668 1136/2669 3474/2621 
f 3508/2668 4947/2657 3499/2656 1136/2669 
f 1136/2669 3499/2656 4946/2655 3509/2670 
f 3474/2621 1136/2669 3509/2670 4930/2617 
f 4941/1816 3510/1856 1148/1857 3482/1807 
f 3510/1856 4951/1849 3503/1848 1148/1857 
f 1148/1857 3503/1848 4950/1846 3511/1858 
f 3482/1807 1148/1857 3511/1858 4938/1804 
f 4938/1804 3511/1858 1140/1860 3489/1830 
f 3511/1858 4950/1846 3506/1852 1140/1860 
f 1140/2671 3506/2665 4947/2657 3508/2668 
f 3489/2639 1140/2671 3508/2668 4933/2626 
f 4930/2617 3509/2670 1137/2672 3495/2650 
f 3509/2670 4946/2655 3507/2667 1137/2672 
f 1137/1861 3507/1855 4951/1849 3510/1856 
f 3495/1839 1137/1861 3510/1856 4941/1816 
f 4931/2622 3512/2673 1059/2676 3475/2623 
f 3512/2673 4858/2440 3353/2442 1059/2676 
f 1059/2676 3353/2442 4860/2448 3513/2677 
f 3475/2623 1059/2676 3513/2677 4932/2624 
f 4939/1808 3514/1862 1082/1863 3483/1809 
f 3514/1862 4876/1645 3377/1643 1082/1863 
f 1082/1863 3377/1643 4874/1639 3515/1864 
f 3483/1809 1082/1863 3515/1864 4940/1812 
f 4932/2624 3513/2677 1064/2680 3490/2640 
f 3513/2677 4860/2448 3390/2478 1064/2680 
f 1064/1865 3390/1679 4876/1645 3514/1862 
f 3490/1829 1064/1865 3514/1862 4939/1808 
f 4940/1812 3515/1864 1060/1866 3496/1840 
f 3515/1864 4874/1639 3516/1867 1060/1866 
f 1060/2681 3516/2682 4858/2440 3512/2673 
f 3496/2649 1060/2681 3512/2673 4931/2622 
f 4917/2590 3469/2613 1120/2685 3457/2591 
f 3469/2613 4928/2612 3498/2654 1120/2685 
f 1120/2685 3498/2654 4948/2661 3517/2686 
f 3457/2591 1120/2685 3517/2686 4918/2593 
f 4921/1784 3518/1868 1126/1869 3461/1785 
f 3518/1868 4949/1841 3502/1845 1126/1869 
f 1126/1869 3502/1845 4929/1803 3472/1801 
f 3461/1785 1126/1869 3472/1801 4922/1786 
f 4918/2593 3517/2686 1121/2687 3468/2610 
f 3517/2686 4948/2661 3505/2664 1121/2687 
f 1121/1870 3505/1853 4949/1841 3518/1868 
f 3468/1797 1121/1870 3518/1868 4921/1784 
f 4917/2590 3455/2586 1118/2688 3471/2616 
f 3455/2586 4916/2585 3519/2693 1118/2688 
f 1118/1871 3519/1872 4923/1788 3462/1787 
f 3471/1800 1118/1871 3462/1787 4922/1786 
f 4919/2597 3520/2696 1116/2697 3456/2589 
f 3520/2696 4952/2698 3521/2699 1116/2697 
f 1116/2697 3521/2699 4953/2700 3522/2701 
f 3456/2589 1116/2697 3522/2701 4916/2585 
f 4923/1788 3523/1873 1125/1874 3460/1783 
f 3523/1873 4954/1877 3524/1878 1125/1874 
f 1125/1874 3524/1878 4955/1880 3525/1881 
f 3460/1783 1125/1874 3525/1881 4920/1780 
f 4920/1780 3525/1881 1123/1882 3467/1798 
f 3525/1881 4955/1880 3526/1883 1123/1882 
f 1123/2702 3526/2703 4952/2698 3520/2696 
f 3467/2609 1123/2702 3520/2696 4919/2597 
f 4937/2637 3527/2704 1142/2705 3478/2631 
f 3527/2704 4953/2700 3521/2699 1142/2705 
f 1142/2705 3521/2699 4952/2698 3528/2706 
f 3478/2631 1142/2705 3528/2706 4934/2628 
f 4945/1826 3529/1884 1150/1885 3486/1821 
f 3529/1884 4955/1880 3524/1878 1150/1885 
f 1150/1885 3524/1878 4954/1877 3530/1886 
f 3486/1821 1150/1885 3530/1886 4942/1817 
f 4934/2628 3528/2706 1143/2709 3491/2644 
f 3528/2706 4952/2698 3526/2703 1143/2709 
f 1143/1887 3526/1883 4955/1880 3529/1884 
f 3491/1833 1143/1887 3529/1884 4945/1826 
f 4942/1817 3530/1886 1146/1888 3493/1837 
f 3530/1886 4954/1877 3531/1889 1146/1888 
f 1146/2710 3531/2712 4953/2700 3527/2704 
f 3493/2646 1146/2710 3527/2704 4937/2637 
f 4916/2585 3522/2701 1117/2713 3519/2693 
f 3522/2701 4953/2700 3531/2712 1117/2713 
f 1117/1892 3531/1889 4954/1877 3523/1873 
f 3519/1872 1117/1892 3523/1873 4923/1788 
f 4935/2632 3532/2714 1129/2717 3479/2633 
f 3532/2714 4925/2605 3463/2600 1129/2717 
f 1129/2717 3463/2600 4924/2598 3533/2718 
f 3479/2633 1129/2717 3533/2718 4936/2634 
f 4943/1822 3534/1893 1131/1896 3487/1823 
f 3534/1893 4927/1794 3466/1792 1131/1896 
f 1131/1896 3466/1792 4926/1791 3535/1897 
f 3487/1823 1131/1896 3535/1897 4944/1824 
f 4944/1824 3535/1897 1130/1898 3492/1834 
f 3535/1897 4926/1791 3465/1790 1130/1898 
f 1130/2719 3465/2606 4925/2605 3532/2714 
f 3492/2642 1130/2719 3532/2714 4935/2632 
f 4936/2634 3533/2718 1128/2721 3494/2647 
f 3533/2718 4924/2598 3464/2602 1128/2721 
f 1128/1901 3464/1793 4927/1794 3534/1893 
f 3494/1836 1128/1901 3534/1893 4943/1822 
f 4956/2725 3536/2726 1152/2728 3537/2729 
f 3536/2726 4957/2730 3538/2731 1152/2728 
f 1152/2728 3538/2731 4958/2733 3539/2734 
f 3537/2729 1152/2728 3539/2734 4959/2735 
f 4960/1902 3540/1903 1161/1904 3541/1909 
f 3540/1903 4961/1912 3542/1913 1161/1904 
f 1161/1904 3542/1913 4962/1914 3543/1917 
f 3541/1909 1161/1904 3543/1917 4963/1918 
f 4964/2736 3544/2737 1164/2740 3545/2741 
f 3544/2737 4965/2742 3546/2743 1164/2740 
f 1164/1919 3546/1921 4966/1922 3547/1925 
f 3545/1926 1164/1919 3547/1925 4967/1928 
f 4959/2735 3539/2734 1159/2744 3548/2745 
f 3539/2734 4958/2733 3549/2746 1159/2744 
f 1159/1929 3549/1930 4961/1912 3540/1903 
f 3548/1931 1159/1929 3540/1903 4960/1902 
f 4968/2747 3550/2748 1156/2749 3551/2750 
f 3550/2748 4957/2730 3552/2751 1156/2749 
f 1156/1932 3552/1933 4962/1914 3553/1934 
f 3551/1935 1156/1932 3553/1934 4969/1936 
f 4970/2752 3554/2753 1172/2754 3555/2757 
f 3554/2753 4971/2758 3556/2759 1172/2754 
f 1172/2754 3556/2759 4972/2760 3557/2761 
f 3555/2757 1172/2754 3557/2761 4973/2762 
f 4974/2763 3558/2764 1178/2765 3559/2766 
f 3558/2764 4975/2767 3560/2768 1178/2765 
f 1178/2765 3560/2768 4976/2769 3561/2770 
f 3559/2766 1178/2765 3561/2770 4977/2772 
f 4978/1937 3562/1938 1184/1941 3563/1942 
f 3562/1938 4979/1944 3564/1945 1184/1941 
f 1184/1941 3564/1945 4980/1946 3565/1949 
f 3563/1942 1184/1941 3565/1949 4981/1950 
f 4982/1951 3566/1953 1186/1956 3567/1957 
f 3566/1953 4983/1958 3568/1959 1186/1956 
f 1186/1956 3568/1959 4984/1960 3569/1961 
f 3567/1957 1186/1956 3569/1961 4985/1962 
f 4973/2762 3557/2761 1176/2773 3570/2774 
f 3557/2761 4972/2760 3571/2776 1176/2773 
f 1176/1963 3571/1964 4979/1944 3562/1938 
f 3570/1965 1176/1963 3562/1938 4978/1937 
f 4985/1962 3569/1961 1181/1966 3572/1967 
f 3569/1961 4984/1960 3573/1968 1181/1966 
f 1181/2777 3573/2778 4975/2767 3558/2764 
f 3572/2779 1181/2777 3558/2764 4974/2763 
f 4977/2772 3561/2770 1182/2780 3574/2781 
f 3561/2770 4976/2769 3575/2782 1182/2780 
f 1182/1969 3575/1970 4983/1958 3566/1953 
f 3574/1972 1182/1969 3566/1953 4982/1951 
f 4981/1950 3565/1949 1175/1973 3576/1974 
f 3565/1949 4980/1946 3577/1975 1175/1973 
f 1175/2783 3577/2784 4971/2758 3554/2753 
f 3576/2785 1175/2783 3554/2753 4970/2752 
f 4968/2747 3578/2788 1170/2789 3579/2792 
f 3578/2788 4986/2793 3580/2794 1170/2789 
f 1170/2789 3580/2794 4987/2797 3581/2798 
f 3579/2792 1170/2789 3581/2798 4988/2799 
f 4989/1976 3582/1977 1171/1978 3583/1979 
f 3582/1977 4990/1981 3584/1982 1171/1978 
f 1171/1978 3584/1982 4991/1983 3585/1984 
f 3583/1979 1171/1978 3585/1984 4969/1936 
f 4988/2799 3581/2798 1188/2800 3586/2801 
f 3581/2798 4987/2797 3587/2804 1188/2800 
f 1188/1985 3587/1986 4990/1981 3582/1977 
f 3586/1989 1188/1985 3582/1977 4989/1976 
f 4969/1936 3585/1984 1169/1990 3551/1935 
f 3585/1984 4991/1983 3588/1992 1169/1990 
f 1169/2805 3588/2808 4986/2793 3578/2788 
f 3551/2750 1169/2805 3578/2788 4968/2747 
f 4973/2762 3589/2809 1173/2810 3555/2757 
f 3589/2809 4987/2797 3580/2794 1173/2810 
f 1173/2810 3580/2794 4986/2793 3590/2811 
f 3555/2757 1173/2810 3590/2811 4970/2752 
f 4981/1950 3591/1993 1185/1994 3563/1942 
f 3591/1993 4991/1983 3584/1982 1185/1994 
f 1185/1994 3584/1982 4990/1981 3592/1995 
f 3563/1942 1185/1994 3592/1995 4978/1937 
f 4978/1937 3592/1995 1177/1996 3570/1965 
f 3592/1995 4990/1981 3587/1986 1177/1996 
f 1177/2813 3587/2804 4987/2797 3589/2809 
f 3570/2774 1177/2813 3589/2809 4973/2762 
f 4970/2752 3590/2811 1174/2814 3576/2785 
f 3590/2811 4986/2793 3588/2808 1174/2814 
f 1174/1997 3588/1992 4991/1983 3591/1993 
f 3576/1974 1174/1997 3591/1993 4981/1950 
f 4971/2758 3593/2815 1054/2816 3556/2759 
f 3593/2815 4856/2430 3350/2432 1054/2816 
f 1054/2816 3350/2432 4858/2440 3594/2817 
f 3556/2759 1054/2816 3594/2817 4972/2760 
f 4979/1944 3595/1998 1079/1999 3564/1945 
f 3595/1998 4874/1639 3374/1637 1079/1999 
f 1079/1999 3374/1637 4872/1632 3596/2000 
f 3564/1945 1079/1999 3596/2000 4980/1946 
f 4972/2760 3594/2817 1061/2818 3571/2776 
f 3594/2817 4858/2440 3516/2682 1061/2818 
f 1061/2001 3516/1867 4874/1639 3595/1998 
f 3571/1964 1061/2001 3595/1998 4979/1944 
f 4980/1946 3596/2000 1055/2004 3577/1975 
f 3596/2000 4872/1632 3597/2005 1055/2004 
f 1055/2820 3597/2821 4856/2430 3593/2815 
f 3577/2784 1055/2820 3593/2815 4971/2758 
f 4957/2730 3550/2748 1157/2822 3538/2731 
f 3550/2748 4968/2747 3579/2792 1157/2822 
f 1157/2822 3579/2792 4988/2799 3598/2824 
f 3538/2731 1157/2822 3598/2824 4958/2733 
f 4961/1912 3599/2006 1163/2007 3542/1913 
f 3599/2006 4989/1976 3583/1979 1163/2007 
f 1163/2007 3583/1979 4969/1936 3553/1934 
f 3542/1913 1163/2007 3553/1934 4962/1914 
f 4958/2733 3598/2824 1158/2825 3549/2746 
f 3598/2824 4988/2799 3586/2801 1158/2825 
f 1158/2008 3586/1989 4989/1976 3599/2006 
f 3549/1930 1158/2008 3599/2006 4961/1912 
f 4957/2730 3536/2726 1155/2826 3552/2751 
f 3536/2726 4956/2725 3600/2827 1155/2826 
f 1155/2009 3600/2010 4963/1918 3543/1917 
f 3552/1933 1155/2009 3543/1917 4962/1914 
f 4959/2735 3601/2828 1153/2829 3537/2729 
f 3601/2828 4992/2830 3602/2831 1153/2829 
f 1153/2829 3602/2831 4993/2832 3603/2833 
f 3537/2729 1153/2829 3603/2833 4956/2725 
f 4963/1918 3604/2011 1162/2013 3541/1909 
f 3604/2011 4994/2014 3605/2015 1162/2013 
f 1162/2013 3605/2015 4995/2016 3606/2017 
f 3541/1909 1162/2013 3606/2017 4960/1902 
f 4960/1902 3606/2017 1160/2018 3548/1931 
f 3606/2017 4995/2016 3607/2020 1160/2018 
f 1160/2834 3607/2836 4992/2830 3601/2828 
f 3548/2745 1160/2834 3601/2828 4959/2735 
f 4977/2772 3608/2837 1179/2838 3559/2766 
f 3608/2837 4993/2832 3602/2831 1179/2838 
f 1179/2838 3602/2831 4992/2830 3609/2840 
f 3559/2766 1179/2838 3609/2840 4974/2763 
f 4985/1962 3610/2021 1187/2022 3567/1957 
f 3610/2021 4995/2016 3605/2015 1187/2022 
f 1187/2022 3605/2015 4994/2014 3611/2023 
f 3567/1957 1187/2022 3611/2023 4982/1951 
f 4974/2763 3609/2840 1180/2841 3572/2779 
f 3609/2840 4992/2830 3607/2836 1180/2841 
f 1180/2024 3607/2020 4995/2016 3610/2021 
f 3572/1967 1180/2024 3610/2021 4985/1962 
f 4982/1951 3611/2023 1183/2025 3574/1972 
f 3611/2023 4994/2014 3612/2026 1183/2025 
f 1183/2842 3612/2843 4993/2832 3608/2837 
f 3574/2781 1183/2842 3608/2837 4977/2772 
f 4956/2725 3603/2833 1154/2844 3600/2827 
f 3603/2833 4993/2832 3612/2843 1154/2844 
f 1154/2027 3612/2026 4994/2014 3604/2011 
f 3600/2010 1154/2027 3604/2011 4963/1918 
f 4975/2767 3613/2845 1166/2846 3560/2768 
f 3613/2845 4965/2742 3544/2737 1166/2846 
f 1166/2846 3544/2737 4964/2736 3614/2847 
f 3560/2768 1166/2846 3614/2847 4976/2769 
f 4983/1958 3615/2028 1168/2029 3568/1959 
f 3615/2028 4967/1928 3547/1925 1168/2029 
f 1168/2029 3547/1925 4966/1922 3616/2030 
f 3568/1959 1168/2029 3616/2030 4984/1960 
f 4984/1960 3616/2030 1167/2031 3573/1968 
f 3616/2030 4966/1922 3546/1921 1167/2031 
f 1167/2848 3546/2743 4965/2742 3613/2845 
f 3573/2778 1167/2848 3613/2845 4975/2767 
f 4976/2769 3614/2847 1165/2849 3575/2782 
f 3614/2847 4964/2736 3545/2741 1165/2849 
f 1165/2032 3545/1926 4967/1928 3615/2028 
f 3575/1970 1165/2032 3615/2028 4983/1958 
f 4996/2852 3617/2853 1189/2856 3618/2857 
f 3617/2853 4997/2858 3619/2859 1189/2856 
f 1189/2856 3619/2859 4998/2860 3620/2861 
f 3618/2857 1189/2856 3620/2861 4999/2862 
f 5000/2033 3621/2034 1198/2036 3622/2037 
f 3621/2034 5001/2038 3623/2039 1198/2036 
f 1198/2036 3623/2039 5002/2040 3624/2041 
f 3622/2037 1198/2036 3624/2041 5003/2042 
f 5004/2863 3625/2864 1201/2865 3626/2866 
f 3625/2864 5005/2868 3627/2869 1201/2865 
f 1201/2043 3627/2044 5006/2045 3628/2046 
f 3626/2047 1201/2043 3628/2046 5007/2048 
f 4999/2862 3620/2861 1196/2870 3629/2872 
f 3620/2861 4998/2860 3630/2873 1196/2870 
f 1196/2053 3630/2056 5001/2038 3621/2034 
f 3629/2057 1196/2053 3621/2034 5000/2033 
f 5008/2874 3631/2875 1193/2876 3632/2877 
f 3631/2875 4997/2858 3633/2878 1193/2876 
f 1193/2058 3633/2061 5002/2040 3634/2062 
f 3632/2063 1193/2058 3634/2062 5009/2069 
f 5010/2879 3635/2880 1209/2881 3636/2882 
f 3635/2880 5011/2884 3637/2885 1209/2881 
f 1209/2881 3637/2885 5012/2886 3638/2888 
f 3636/2882 1209/2881 3638/2888 5013/2889 
f 5014/2890 3639/2891 1215/2892 3640/2893 
f 3639/2891 5015/2894 3641/2895 1215/2892 
f 1215/2892 3641/2895 5016/2896 3642/2897 
f 3640/2893 1215/2892 3642/2897 5017/2898 
f 5018/2072 3643/2073 1221/2074 3644/2077 
f 3643/2073 5019/2078 3645/2079 1221/2074 
f 1221/2074 3645/2079 5020/2085 3646/2088 
f 3644/2077 1221/2074 3646/2088 5021/2089 
f 5022/2090 3647/2093 1223/2094 3648/2095 
f 3647/2093 5023/2101 3649/2104 1223/2094 
f 1223/2094 3649/2104 5024/2105 3650/2106 
f 3648/2095 1223/2094 3650/2106 5025/2109 
f 5013/2889 3638/2888 1213/2901 3651/2902 
f 3638/2888 5012/2886 3652/2903 1213/2901 
f 1213/2110 3652/2111 5019/2078 3643/2073 
f 3651/2113 1213/2110 3643/2073 5018/2072 
f 5025/2109 3650/2106 1218/2116 3653/2117 
f 3650/2106 5024/2105 3654/2120 1218/2116 
f 1218/2904 3654/2905 5015/2894 3639/2891 
f 3653/2906 1218/2904 3639/2891 5014/2890 
f 5017/2898 3642/2897 1219/2907 3655/2908 
f 3642/2897 5016/2896 3656/2909 1219/2907 
f 1219/2121 3656/2122 5023/2101 3647/2093 
f 3655/2125 1219/2121 3647/2093 5022/2090 
f 5021/2089 3646/2088 1212/2126 3657/2127 
f 3646/2088 5020/2085 3658/2128 1212/2126 
f 1212/2910 3658/2911 5011/2884 3635/2880 
f 3657/2912 1212/2910 3635/2880 5010/2879 
f 5008/2874 3659/2913 1207/2914 3660/2916 
f 3659/2913 5026/2917 3661/2918 1207/2914 
f 1207/2914 3661/2918 5027/2919 3662/2920 
f 3660/2916 1207/2914 3662/2920 5028/2921 
f 5029/2133 3663/2134 1208/2136 3664/2137 
f 3663/2134 5030/2138 3665/2139 1208/2136 
f 1208/2136 3665/2139 5031/2141 3666/2142 
f 3664/2137 1208/2136 3666/2142 5009/2069 
f 5028/2921 3662/2920 1225/2922 3667/2923 
f 3662/2920 5027/2919 3668/2924 1225/2922 
f 1225/2143 3668/2149 5030/2138 3663/2134 
f 3667/2152 1225/2143 3663/2134 5029/2133 
f 5009/2069 3666/2142 1206/2153 3632/2063 
f 3666/2142 5031/2141 3669/2154 1206/2153 
f 1206/2925 3669/2926 5026/2917 3659/2913 
f 3632/2877 1206/2925 3659/2913 5008/2874 
f 5013/2889 3670/2927 1210/2928 3636/2882 
f 3670/2927 5027/2919 3661/2918 1210/2928 
f 1210/2928 3661/2918 5026/2917 3671/2929 
f 3636/2882 1210/2928 3671/2929 5010/2879 
f 5021/2089 3672/2155 1222/2156 3644/2077 
f 3672/2155 5031/2141 3665/2139 1222/2156 
f 1222/2156 3665/2139 5030/2138 3673/2157 
f 3644/2077 1222/2156 3673/2157 5018/2072 
f 5018/2072 3673/2157 1214/2158 3651/2113 
f 3673/2157 5030/2138 3668/2149 1214/2158 
f 1214/2930 3668/2924 5027/2919 3670/2927 
f 3651/2902 1214/2930 3670/2927 5013/2889 
f 5010/2879 3671/2929 1211/2932 3657/2912 
f 3671/2929 5026/2917 3669/2926 1211/2932 
f 1211/2159 3669/2154 5031/2141 3672/2155 
f 3657/2127 1211/2159 3672/2155 5021/2089 
f 5011/2884 3674/2933 1049/2934 3637/2885 
f 3674/2933 4854/2424 3347/2426 1049/2934 
f 1049/2934 3347/2426 4856/2430 3675/2935 
f 3637/2885 1049/2934 3675/2935 5012/2886 
f 5019/2078 3676/2160 1074/2161 3645/2079 
f 3676/2160 4872/1632 3371/1630 1074/2161 
f 1074/2161 3371/1630 4868/1623 3677/2164 
f 3645/2079 1074/2161 3677/2164 5020/2085 
f 5012/2886 3675/2935 1056/2936 3652/2903 
f 3675/2935 4856/2430 3597/2821 1056/2936 
f 1056/2165 3597/2005 4872/1632 3676/2160 
f 3652/2111 1056/2165 3676/2160 5019/2078 
f 5020/2085 3677/2164 1050/2168 3658/2128 
f 3677/2164 4868/1623 3678/2169 1050/2168 
f 1050/2937 3678/2938 4854/2424 3674/2933 
f 3658/2911 1050/2937 3674/2933 5011/2884 
f 4997/2858 3631/2875 1194/2939 3619/2859 
f 3631/2875 5008/2874 3660/2916 1194/2939 
f 1194/2939 3660/2916 5028/2921 3679/2941 
f 3619/2859 1194/2939 3679/2941 4998/2860 
f 5001/2038 3680/2170 1200/2173 3623/2039 
f 3680/2170 5029/2133 3664/2137 1200/2173 
f 1200/2173 3664/2137 5009/2069 3634/2062 
f 3623/2039 1200/2173 3634/2062 5002/2040 
f 4998/2860 3679/2941 1195/2942 3630/2873 
f 3679/2941 5028/2921 3667/2923 1195/2942 
f 1195/2174 3667/2152 5029/2133 3680/2170 
f 3630/2056 1195/2174 3680/2170 5001/2038 
f 4997/2858 3617/2853 1192/2943 3633/2878 
f 3617/2853 4996/2852 3681/2944 1192/2943 
f 1192/2175 3681/2176 5003/2042 3624/2041 
f 3633/2061 1192/2175 3624/2041 5002/2040 
f 4999/2862 3682/2945 1190/2946 3618/2857 
f 3682/2945 5032/2948 3683/2949 1190/2946 
f 1190/2946 3683/2949 5033/2950 3684/2951 
f 3618/2857 1190/2946 3684/2951 4996/2852 
f 5003/2042 3685/2177 1199/2180 3622/2037 
f 3685/2177 5034/2181 3686/2184 1199/2180 
f 1199/2180 3686/2184 5035/2185 3687/2186 
f 3622/2037 1199/2180 3687/2186 5000/2033 
f 5000/2033 3687/2186 1197/2189 3629/2057 
f 3687/2186 5035/2185 3688/2190 1197/2189 
f 1197/2952 3688/2953 5032/2948 3682/2945 
f 3629/2872 1197/2952 3682/2945 4999/2862 
f 5017/2898 3689/2954 1216/2955 3640/2893 
f 3689/2954 5033/2950 3683/2949 1216/2955 
f 1216/2955 3683/2949 5032/2948 3690/2956 
f 3640/2893 1216/2955 3690/2956 5014/2890 
f 5025/2109 3691/2191 1224/2192 3648/2095 
f 3691/2191 5035/2185 3686/2184 1224/2192 
f 1224/2192 3686/2184 5034/2181 3692/2197 
f 3648/2095 1224/2192 3692/2197 5022/2090 
f 5014/2890 3690/2956 1217/2957 3653/2906 
f 3690/2956 5032/2948 3688/2953 1217/2957 
f 1217/2200 3688/2190 5035/2185 3691/2191 
f 3653/2117 1217/2200 3691/2191 5025/2109 
f 5022/2090 3692/2197 1220/2201 3655/2125 
f 3692/2197 5034/2181 3693/2202 1220/2201 
f 1220/2958 3693/2959 5033/2950 3689/2954 
f 3655/2908 1220/2958 3689/2954 5017/2898 
f 4996/2852 3684/2951 1191/2960 3681/2944 
f 3684/2951 5033/2950 3693/2959 1191/2960 
f 1191/2205 3693/2202 5034/2181 3685/2177 
f 3681/2176 1191/2205 3685/2177 5003/2042 
f 5015/2894 3694/2961 1203/2964 3641/2895 
f 3694/2961 5005/2868 3625/2864 1203/2964 
f 1203/2964 3625/2864 5004/2863 3695/2965 
f 3641/2895 1203/2964 3695/2965 5016/2896 
f 5023/2101 3696/2206 1205/2207 3649/2104 
f 3696/2206 5007/2048 3628/2046 1205/2207 
f 1205/2207 3628/2046 5006/2045 3697/2209 
f 3649/2104 1205/2207 3697/2209 5024/2105 
f 5024/2105 3697/2209 1204/2210 3654/2120 
f 3697/2209 5006/2045 3627/2044 1204/2210 
f 1204/2966 3627/2869 5005/2868 3694/2961 
f 3654/2905 1204/2966 3694/2961 5015/2894 
f 5016/2896 3695/2965 1202/2967 3656/2909 
f 3695/2965 5004/2863 3626/2866 1202/2967 
f 1202/2213 3626/2047 5007/2048 3696/2206 
f 3656/2122 1202/2213 3696/2206 5023/2101 
f 5036/2968 3698/2969 1226/2970 3699/2971 
f 3698/2969 5037/2972 3700/2973 1226/2970 
f 1226/2970 3700/2973 5038/2974 3701/2975 
f 3699/2971 1226/2970 3701/2975 5039/2976 
f 5040/2214 3702/2216 1235/2217 3703/2218 
f 3702/2216 5041/2221 3704/2222 1235/2217 
f 1235/2217 3704/2222 5042/2223 3705/2229 
f 3703/2218 1235/2217 3705/2229 5043/2232 
f 5044/2977 3706/2978 1238/2980 3707/2981 
f 3706/2978 5045/2982 3708/2983 1238/2980 
f 1238/2233 3708/2234 5046/2235 3709/2236 
f 3707/2237 1238/2233 3709/2236 5047/2238 
f 5039/2976 3701/2975 1233/2984 3710/2985 
f 3701/2975 5038/2974 3711/2986 1233/2984 
f 1233/2239 3711/2240 5041/2221 3702/2216 
f 3710/2241 1233/2239 3702/2216 5040/2214 
f 5048/2987 3712/2989 1230/2990 3713/2991 
f 3712/2989 5037/2972 3714/2992 1230/2990 
f 1230/2242 3714/2245 5042/2223 3715/2246 
f 3713/2248 1230/2242 3715/2246 5049/2249 
f 5050/2993 3716/2994 1246/2996 3717/2997 
f 3716/2994 5051/2998 3718/3000 1246/2996 
f 1246/2996 3718/3000 5052/3001 3719/3002 
f 3717/2997 1246/2996 3719/3002 5053/3003 
f 5054/3005 3720/3006 1252/3007 3721/3008 
f 3720/3006 5055/3009 3722/3010 1252/3007 
f 1252/3007 3722/3010 5056/3012 3723/3013 
f 3721/3008 1252/3007 3723/3013 5057/3014 
f 5058/2250 3724/2253 1258/2254 3725/2255 
f 3724/2253 5059/2261 3726/2264 1258/2254 
f 1258/2254 3726/2264 5060/2265 3727/2266 
f 3725/2255 1258/2254 3727/2266 5061/2267 
f 5062/2268 3728/2269 1260/2270 3729/2271 
f 3728/2269 5063/2272 3730/2273 1260/2270 
f 1260/2270 3730/2273 5064/2276 3731/2277 
f 3729/2271 1260/2270 3731/2277 5065/2280 
f 5053/3003 3719/3002 1250/3015 3732/3016 
f 3719/3002 5052/3001 3733/3017 1250/3015 
f 1250/2281 3733/2282 5059/2261 3724/2253 
f 3732/2285 1250/2281 3724/2253 5058/2250 
f 5065/2280 3731/2277 1255/2286 3734/2287 
f 3731/2277 5064/2276 3735/2288 1255/2286 
f 1255/3018 3735/3019 5055/3009 3720/3006 
f 3734/3020 1255/3018 3720/3006 5054/3005 
f 5057/3014 3723/3013 1256/3021 3736/3024 
f 3723/3013 5056/3012 3737/3025 1256/3021 
f 1256/2289 3737/2292 5063/2272 3728/2269 
f 3736/2293 1256/2289 3728/2269 5062/2268 
f 5061/2267 3727/2266 1249/2296 3738/2297 
f 3727/2266 5060/2265 3739/2298 1249/2296 
f 1249/3028 3739/3029 5051/2998 3716/2994 
f 3738/3030 1249/3028 3716/2994 5050/2993 
f 5048/2987 3740/3033 1244/3034 3741/3035 
f 3740/3033 3873/3036 3742/3041 1244/3034 
f 1244/3034 3742/3041 3874/3044 3743/3045 
f 3741/3035 1244/3034 3743/3045 3875/3046 
f 3876/2301 3744/2302 1245/2303 3745/2304 
f 3744/2302 3877/2305 3746/2309 1245/2303 
f 1245/2303 3746/2309 3878/2312 3747/2313 
f 3745/2304 1245/2303 3747/2313 5049/2249 
f 3875/3046 3743/3045 1262/3049 3748/3050 
f 3743/3045 3874/3044 3749/3051 1262/3049 
f 1262/2314 3749/2317 3877/2305 3744/2302 
f 3748/2318 1262/2314 3744/2302 3876/2301 
f 5049/2249 3747/2313 1243/2319 3713/2248 
f 3747/2313 3878/2312 3750/2320 1243/2319 
f 1243/3053 3750/3056 3873/3036 3740/3033 
f 3713/2991 1243/3053 3740/3033 5048/2987 
f 5053/3003 3751/3057 1247/3060 3717/2997 
f 3751/3057 3874/3044 3742/3041 1247/3060 
f 1247/3060 3742/3041 3873/3036 3752/3061 
f 3717/2997 1247/3060 3752/3061 5050/2993 
f 5061/2267 3753/2321 1259/2322 3725/2255 
f 3753/2321 3878/2312 3746/2309 1259/2322 
f 1259/2322 3746/2309 3877/2305 3754/2324 
f 3725/2255 1259/2322 3754/2324 5058/2250 
f 5058/2250 3754/2324 1251/2325 3732/2285 
f 3754/2324 3877/2305 3749/2317 1251/2325 
f 1251/3062 3749/3051 3874/3044 3751/3057 
f 3732/3016 1251/3062 3751/3057 5053/3003 
f 5050/2993 3752/3061 1248/3065 3738/3030 
f 3752/3061 3873/3036 3750/3056 1248/3065 
f 1248/2326 3750/2320 3878/2312 3753/2321 
f 3738/2297 1248/2326 3753/2321 5061/2267 
f 5051/2998 3755/3066 1041/3067 3718/3000 
f 3755/3066 4850/2412 3343/2415 1041/3067 
f 1041/3067 3343/2415 4854/2424 3756/3068 
f 3718/3000 1041/3067 3756/3068 5052/3001 
f 5059/2261 3757/2328 1073/2329 3726/2264 
f 3757/2328 4868/1623 3366/1620 1073/2329 
f 1073/2329 3366/1620 4867/1617 3758/2330 
f 3726/2264 1073/2329 3758/2330 5060/2265 
f 5052/3001 3756/3068 1051/3069 3733/3017 
f 3756/3068 4854/2424 3678/2938 1051/3069 
f 1051/2333 3678/2169 4868/1623 3757/2328 
f 3733/2282 1051/2333 3757/2328 5059/2261 
f 5060/2265 3758/2330 1042/2334 3739/2298 
f 3758/2330 4867/1617 3406/1708 1042/2334 
f 1042/3072 3406/2506 4850/2412 3755/3066 
f 3739/3029 1042/3072 3755/3066 5051/2998 
f 5037/2972 3712/2989 1231/3073 3700/2973 
f 3712/2989 5048/2987 3741/3035 1231/3073 
f 1231/3073 3741/3035 3875/3046 3759/3076 
f 3700/2973 1231/3073 3759/3076 5038/2974 
f 5041/2221 3760/2335 1237/2336 3704/2222 
f 3760/2335 3876/2301 3745/2304 1237/2336 
f 1237/2336 3745/2304 5049/2249 3715/2246 
f 3704/2222 1237/2336 3715/2246 5042/2223 
f 5038/2974 3759/3076 1232/3077 3711/2986 
f 3759/3076 3875/3046 3748/3050 1232/3077 
f 1232/2337 3748/2318 3876/2301 3760/2335 
f 3711/2240 1232/2337 3760/2335 5041/2221 
f 5037/2972 3698/2969 1229/3078 3714/2992 
f 3698/2969 5036/2968 3761/3081 1229/3078 
f 1229/2340 3761/2341 5043/2232 3705/2229 
f 3714/2245 1229/2340 3705/2229 5042/2223 
f 5039/2976 3762/3082 1227/3083 3699/2971 
f 3762/3082 3879/3084 3763/3085 1227/3083 
f 1227/3083 3763/3085 3880/3086 3764/3088 
f 3699/2971 1227/3083 3764/3088 5036/2968 
f 5043/2232 3765/2344 1236/2345 3703/2218 
f 3765/2344 3885/2346 3766/2349 1236/2345 
f 1236/2345 3766/2349 4018/2350 3767/2351 
f 3703/2218 1236/2345 3767/2351 5040/2214 
f 5040/2214 3767/2351 1234/2352 3710/2241 
f 3767/2351 4018/2350 3768/2353 1234/2352 
f 1234/3089 3768/3090 3879/3084 3762/3082 
f 3710/2985 1234/3089 3762/3082 5039/2976 
f 5057/3014 3769/3091 1253/3092 3721/3008 
f 3769/3091 3880/3086 3763/3085 1253/3092 
f 1253/3092 3763/3085 3879/3084 3770/3093 
f 3721/3008 1253/3092 3770/3093 5054/3005 
f 5065/2280 3771/2354 1261/2356 3729/2271 
f 3771/2354 4018/2350 3766/2349 1261/2356 
f 1261/2356 3766/2349 3885/2346 3772/2357 
f 3729/2271 1261/2356 3772/2357 5062/2268 
f 5054/3005 3770/3093 1254/3094 3734/3020 
f 3770/3093 3879/3084 3768/3090 1254/3094 
f 1254/2358 3768/2353 4018/2350 3771/2354 
f 3734/2287 1254/2358 3771/2354 5065/2280 
f 5062/2268 3772/2357 1257/2360 3736/2293 
f 3772/2357 3885/2346 3773/2361 1257/2360 
f 1257/3095 3773/3097 3880/3086 3769/3091 
f 3736/3024 1257/3095 3769/3091 5057/3014 
f 5036/2968 3764/3088 1228/3098 3761/3081 
f 3764/3088 3880/3086 3773/3097 1228/3098 
f 1228/2362 3773/2361 3885/2346 3765/2344 
f 3761/2341 1228/2362 3765/2344 5043/2232 
f 5055/3009 3774/3099 1240/3100 3722/3010 
f 3774/3099 5045/2982 3706/2978 1240/3100 
f 1240/3100 3706/2978 5044/2977 3775/3101 
f 3722/3010 1240/3100 3775/3101 5056/3012 
f 5063/2272 3776/2363 1242/2364 3730/2273 
f 3776/2363 5047/2238 3709/2236 1242/2364 
f 1242/2364 3709/2236 5046/2235 3777/2365 
f 3730/2273 1242/2364 3777/2365 5064/2276 
f 5064/2276 3777/2365 1241/2366 3735/2288 
f 3777/2365 5046/2235 3708/2234 1241/2366 
f 1241/3102 3708/2983 5045/2982 3774/3099 
f 3735/3019 1241/3102 3774/3099 5055/3009 
f 5056/3012 3775/3101 1239/3105 3737/3025 
f 3775/3101 5044/2977 3707/2981 1239/3105 
f 1239/2367 3707/2237 5047/2238 3776/2363 
f 3737/2292 1239/2367 3776/2363 5063/2272 
f 4019/3106 3778/3107 1104/3108 3779/3109 
f 3778/2368 4020/2369 3780/2370 1104/2373 
f 1104/2373 3780/2370 4905/1730 3426/1729 
f 3779/3109 1104/3108 3426/2536 4904/2534 
f 4020/2369 3781/2374 1105/2376 3780/2370 
f 3781/2374 4021/2377 3782/2378 1105/2376 
f 1105/2376 3782/2378 4906/1736 3428/1733 
f 3780/2370 1105/2376 3428/1733 4905/1730 
f 4021/2377 3783/2379 1106/2380 3782/2378 
f 3783/3110 4022/3111 3784/3112 1106/3113 
f 1106/3113 3784/3112 4907/2542 3429/2541 
f 3782/2378 1106/2380 3429/1737 4906/1736 
f 4022/3111 3785/3114 1103/3115 3784/3112 
f 3785/3114 4019/3106 3779/3109 1103/3115 
f 1103/3115 3779/3109 4904/2534 3427/2538 
f 3784/3112 1103/3115 3427/2538 4907/2542 
f 4059/4219 2978/5765 265/5766 2531/4220 
f 2978/5765 4619/5302 3065/5305 265/5766 
f 265/5766 3065/5305 4691/5187 3786/5767 
f 2531/4220 265/5766 3786/5767 4479/4223 
f 4479/4223 3786/5767 315/5768 2533/4225 
f 3786/5767 4691/5187 3011/5185 315/5768 
f 315/5768 3011/5185 4674/5135 3009/5183 
f 2533/4225 315/5768 3009/5183 4086/3506 
f 4087/3511 3010/5184 317/5769 2534/4227 
f 3010/5184 4673/5131 3055/5280 317/5769 
f 317/5769 3055/5280 4695/5202 3787/5770 
f 2534/4227 317/5769 3787/5770 4480/4229 
f 4480/4229 3787/5770 327/5771 2536/4231 
f 3787/5770 4695/5202 3022/5205 327/5771 
f 327/5771 3022/5205 4697/5209 3033/5772 
f 2536/4231 327/5771 3033/5772 4100/4233 
f 4063/3372 2981/5122 264/5773 2537/4235 
f 2981/5122 4670/5121 3014/5191 264/5773 
f 264/5773 3014/5191 4669/5109 2977/5108 
f 2537/4235 264/5773 2977/5108 4058/3287 
f 4481/4237 3788/5774 274/5775 2538/4238 
f 3788/5774 4713/5289 3058/5288 274/5775 
f 274/5775 3058/5288 4672/5287 2985/5776 
f 2538/4238 274/5775 2985/5776 4065/4241 
f 4077/4243 2994/5777 302/5778 2540/4244 
f 2994/5777 4681/5753 3257/5751 302/5778 
f 302/5778 3257/5751 4713/5289 3788/5774 
f 2540/4244 302/5778 3788/5774 4481/4237 
f 4864/2461 3360/2459 1068/3116 3789/3117 
f 3360/2459 4863/2456 3790/3120 1068/3116 
f 1068/3116 3790/3120 4888/2489 3407/2510 
f 3789/3117 1068/3116 3407/2510 4896/2509 
f 4865/2465 3362/2464 1069/3121 3791/3124 
f 3362/2464 4864/2461 3789/3117 1069/3121 
f 1069/3121 3789/3117 4896/2509 3421/2525 
f 3791/3124 1069/3121 3421/2525 4885/2487 
f 4866/2473 3364/2472 1070/3125 3792/3126 
f 3364/2472 4865/2465 3791/3124 1070/3125 
f 1070/3125 3791/3124 4885/2487 3393/2484 
f 3792/3126 1070/3125 3393/2484 4884/2482 
f 4879/1658 3385/1666 1086/2381 3793/2382 
f 3385/1666 4881/1665 3794/2383 1086/2381 
f 1086/2381 3794/2383 4900/1717 3413/1714 
f 3793/2382 1086/2381 3413/1714 4891/1696 
f 4881/1665 3387/1671 1089/2384 3794/2383 
f 3387/1671 4882/1670 3795/2385 1089/2384 
f 1089/2384 3795/2385 4886/1686 3416/1721 
f 3794/2383 1089/2384 3416/1721 4900/1717 
f 4882/1670 3389/1675 1090/2386 3795/2385 
f 3389/1675 4883/1674 3796/2388 1090/2386 
f 1090/2386 3796/2388 4887/1690 3396/1688 
f 3795/2385 1090/2386 3396/1688 4886/1686 
f 4883/1674 3392/1681 1071/2389 3796/2388 
f 3392/2481 4866/2473 3792/3126 1071/3129 
f 1071/3129 3792/3126 4884/2482 3394/2486 
f 3796/2388 1071/2389 3394/1689 4887/1690 
f 4894/1701 3403/1700 1101/2390 3433/1743 
f 3403/2502 4893/2501 3797/3130 1101/3131 
f 1101/3131 3797/3130 4914/2562 3444/2561 
f 3433/1743 1101/2390 3444/1768 4909/1744 
f 4893/2501 3425/2533 1065/3132 3797/3130 
f 4862/2454 3357/2453 1065/3132 3425/2533 
f 4861/2452 3436/2550 1065/3132 3357/2453 
f 4910/2549 3447/2570 1065/3132 3436/2550 
f 4914/2562 3797/3130 1065/3132 3447/2570 
f 4894/1701 3432/1742 1088/2392 3404/1704 
f 3432/1742 4880/1662 3798/2393 1088/2392 
f 1088/2392 3798/2393 4890/1693 3434/1748 
f 3404/1704 1088/2392 3434/1748 4895/1706 
f 4880/1662 3383/1661 1087/2394 3798/2393 
f 3383/1661 4879/1658 3793/2382 1087/2394 
f 1087/2394 3793/2382 4891/1696 3400/1694 
f 3798/2393 1087/2394 3400/1694 4890/1693 
f 4863/2456 3358/2455 1067/3133 3790/3120 
f 3358/2455 4862/2454 3423/2528 1067/3133 
f 1067/3133 3423/2528 4889/2494 3397/2490 
f 3790/3120 1067/3133 3397/2490 4888/2489 
f 4912/2559 3441/2558 1112/3134 3799/3136 
f 3441/1760 4911/1759 3800/2395 1112/2396 
f 1112/2396 3800/2395 4023/2397 3801/2398 
f 3799/3136 1112/3134 3801/3137 4024/3138 
f 4911/1759 3443/1766 1111/2399 3800/2395 
f 3443/1766 4913/1765 3802/2400 1111/2399 
f 1111/2399 3802/2400 4025/2401 3803/2402 
f 3800/2395 1111/2399 3803/2402 4023/2397 
f 4913/1765 3446/1770 1114/2404 3802/2400 
f 3446/2569 4915/2568 3804/3140 1114/3141 
f 1114/3141 3804/3140 4026/3142 3805/3145 
f 3802/2400 1114/2404 3805/2405 4025/2401 
f 4915/2568 3448/2574 1113/3146 3804/3140 
f 3448/2574 4912/2559 3799/3136 1113/3146 
f 1113/3146 3799/3136 4024/3138 3806/3147 
f 3804/3140 1113/3146 3806/3147 4026/3142 
f 4020/2369 3778/2368 1264/2406 3807/2408 
f 3778/3107 4019/3106 3808/3148 1264/3149 
f 1264/3149 3808/3148 4024/3138 3801/3137 
f 3807/2408 1264/2406 3801/2398 4023/2397 
f 4021/2377 3781/2374 1265/2409 3809/2410 
f 3781/2374 4020/2369 3807/2408 1265/2409 
f 1265/2409 3807/2408 4023/2397 3803/2402 
f 3809/2410 1265/2409 3803/2402 4025/2401 
f 4022/3111 3783/3110 1266/3150 3810/3152 
f 3783/2379 4021/2377 3809/2410 1266/2411 
f 1266/2411 3809/2410 4025/2401 3805/2405 
f 3810/3152 1266/3150 3805/3145 4026/3142 
f 4019/3106 3785/3114 1263/3153 3808/3148 
f 3785/3114 4022/3111 3810/3152 1263/3153 
f 1263/3153 3810/3152 4026/3142 3806/3147 
f 3808/3148 1263/3153 3806/3147 4024/3138 
f 4773/5779 3183/5780 967/5781 3811/5782 
f 3183/5780 4772/5783 3812/5784 967/5781 
f 967/5781 3812/5784 4778/5607 3195/5610 
f 3811/5782 967/5781 3195/5610 4781/5615 
f 4772/5783 3186/5785 966/5786 3812/5784 
f 3186/5785 4774/5787 3813/5788 966/5786 
f 966/5786 3813/5788 4782/5616 3199/5619 
f 3812/5784 966/5786 3199/5619 4778/5607 
f 4774/5787 3188/5789 969/5790 3813/5788 
f 3188/5789 4775/5791 3814/5792 969/5790 
f 969/5790 3814/5792 4784/5622 3202/5625 
f 3813/5788 969/5790 3202/5625 4782/5616 
f 4775/5791 3190/5793 970/5794 3814/5792 
f 3190/5793 4776/5795 3815/5796 970/5794 
f 970/5794 3815/5796 4786/5628 3205/5631 
f 3814/5792 970/5794 3205/5631 4784/5622 
f 4776/5795 3192/5797 971/5798 3815/5796 
f 3192/5797 4777/5799 3816/5800 971/5798 
f 971/5798 3816/5800 4788/5634 3208/5637 
f 3815/5796 971/5798 3208/5637 4786/5628 
f 4777/5801 3193/5802 968/5803 3816/5804 
f 3193/5802 4773/5779 3811/5782 968/5803 
f 968/5803 3811/5782 4781/5615 3210/5641 
f 3816/5804 968/5803 3210/5641 4788/5645 
# 5066 polygons

#
# object 2?_????___???_?
#

v  18.834515 16.995552 6.075240
v  18.834515 17.070047 6.149735
v  18.760019 17.070047 6.075240
v  18.760019 17.070047 5.964088
v  18.834515 16.995552 5.964088
v  18.945667 16.995552 5.964088
v  18.945667 16.995552 6.075240
v  18.945667 17.070047 6.149735
v  18.834515 17.070047 5.889593
v  18.945667 17.070047 5.889593
v  19.020163 17.070047 5.964089
v  19.020163 17.070047 6.075241
v  18.834515 17.255695 6.075240
v  18.760019 17.181200 6.075240
v  18.834515 17.181200 6.149735
v  18.945667 17.181200 6.149735
v  18.945667 17.255695 6.075240
v  18.945667 17.255695 5.964088
v  18.834515 17.255695 5.964088
v  18.760019 17.181200 5.964088
v  19.020163 17.181200 6.075241
v  19.020163 17.181200 5.964089
v  18.945667 17.181200 5.889593
v  18.834515 17.181200 5.889593
v  18.788103 17.023636 6.071101
v  18.838654 17.023636 6.121652
v  18.830376 16.986094 6.019664
v  18.890091 16.986094 6.079379
v  18.788103 17.023636 5.968227
v  18.838654 17.023636 5.917676
v  18.890091 16.986094 5.959950
v  18.949806 16.986094 6.019664
v  18.941528 17.023636 5.917677
v  18.992079 17.023636 5.968227
v  18.941528 17.023636 6.121652
v  18.992079 17.023636 6.071102
v  18.838654 17.227612 6.121652
v  18.788103 17.227612 6.071101
v  18.890091 17.265156 6.079379
v  18.830376 17.265156 6.019664
v  18.941528 17.227612 6.121652
v  18.992079 17.227612 6.071102
v  18.949806 17.265156 6.019664
v  18.890091 17.265156 5.959950
v  18.992079 17.227612 5.968227
v  18.941528 17.227612 5.917677
v  18.788103 17.227612 5.968227
v  18.838654 17.227612 5.917676
v  18.788103 17.074186 6.121652
v  18.890091 17.065910 6.159195
v  18.830376 17.125624 6.159195
v  18.992079 17.074186 6.121652
v  18.949804 17.125624 6.159195
v  18.890091 17.185339 6.159195
v  18.992079 17.177061 6.121652
v  18.788103 17.177061 6.121652
v  19.029621 17.065910 6.019665
v  19.029621 17.125624 6.079379
v  18.992079 17.074186 5.917677
v  19.029623 17.125624 5.959950
v  19.029621 17.185339 6.019665
v  18.992079 17.177061 5.917677
v  18.890091 17.065910 5.880133
v  18.949806 17.125624 5.880134
v  18.788103 17.074186 5.917676
v  18.830378 17.125624 5.880133
v  18.890091 17.185339 5.880133
v  18.788103 17.177061 5.917676
v  18.750561 17.065910 6.019664
v  18.750561 17.125624 5.959949
v  18.750561 17.125624 6.079379
v  18.750561 17.185339 6.019664
v  18.803377 17.038910 6.106378
v  18.780565 17.016098 6.019664
v  18.890091 16.976042 6.019664
v  18.890091 17.016098 6.129190
v  18.803377 17.038910 5.932950
v  18.890091 17.016098 5.910139
v  18.976805 17.038910 5.932950
v  18.999617 17.016098 6.019665
v  18.976805 17.038910 6.106379
v  18.803377 17.212337 6.106378
v  18.890091 17.235149 6.129190
v  18.890091 17.275206 6.019664
v  18.780565 17.235149 6.019664
v  18.976805 17.212337 6.106379
v  18.999617 17.235149 6.019665
v  18.976805 17.212337 5.932950
v  18.890091 17.235149 5.910139
v  18.803377 17.212337 5.932950
v  18.890091 17.125624 6.169246
v  18.780565 17.125624 6.129190
v  18.999617 17.125624 6.129190
v  19.039673 17.125624 6.019665
v  18.999617 17.125624 5.910139
v  18.890091 17.125624 5.870082
v  18.780565 17.125624 5.910138
v  18.740509 17.125624 6.019664
v  18.645559 16.995552 6.075240
v  18.645559 17.070047 6.149735
v  18.720055 17.070047 6.075240
v  18.720055 17.070047 5.964088
v  18.645559 16.995552 5.964088
v  18.534407 16.995552 5.964087
v  18.534407 16.995552 6.075239
v  18.534407 17.070047 6.149734
v  18.645559 17.070047 5.889593
v  18.534409 17.070049 5.889592
v  18.459911 17.070049 5.964087
v  18.459911 17.070049 6.075239
v  18.645559 17.255695 6.075240
v  18.720055 17.181200 6.075240
v  18.645559 17.181200 6.149735
v  18.534407 17.181200 6.149734
v  18.534407 17.255695 6.075239
v  18.534407 17.255695 5.964087
v  18.645559 17.255695 5.964088
v  18.720055 17.181200 5.964088
v  18.459911 17.181200 6.075239
v  18.459911 17.181200 5.964087
v  18.534409 17.181200 5.889592
v  18.645559 17.181200 5.889593
v  18.691971 17.023636 6.071101
v  18.641420 17.023636 6.121651
v  18.649698 16.986094 6.019664
v  18.589983 16.986094 6.079378
v  18.691971 17.023636 5.968226
v  18.641420 17.023636 5.917676
v  18.589983 16.986094 5.959949
v  18.530268 16.986094 6.019663
v  18.538546 17.023636 5.917675
v  18.487995 17.023636 5.968226
v  18.538546 17.023636 6.121651
v  18.487995 17.023636 6.071101
v  18.641420 17.227612 6.121651
v  18.691971 17.227612 6.071101
v  18.589983 17.265156 6.079378
v  18.649698 17.265156 6.019664
v  18.538546 17.227612 6.121651
v  18.487995 17.227612 6.071101
v  18.530270 17.265156 6.019663
v  18.589983 17.265156 5.959949
v  18.487995 17.227612 5.968226
v  18.538546 17.227612 5.917675
v  18.691971 17.227612 5.968226
v  18.641420 17.227612 5.917676
v  18.691971 17.074186 6.121652
v  18.589983 17.065910 6.159194
v  18.649696 17.125624 6.159194
v  18.487995 17.074186 6.121651
v  18.530268 17.125624 6.159194
v  18.589983 17.185339 6.159194
v  18.487995 17.177061 6.121651
v  18.691971 17.177061 6.121652
v  18.450453 17.065910 6.019663
v  18.450453 17.125624 6.079378
v  18.487995 17.074186 5.917675
v  18.450453 17.125624 5.959949
v  18.450453 17.185339 6.019663
v  18.487995 17.177061 5.917675
v  18.589983 17.065910 5.880133
v  18.530270 17.125624 5.880132
v  18.691971 17.074186 5.917676
v  18.649698 17.125624 5.880133
v  18.589983 17.185339 5.880133
v  18.691971 17.177061 5.917676
v  18.729513 17.065910 6.019664
v  18.729515 17.125624 5.959949
v  18.729513 17.125624 6.079379
v  18.729513 17.185339 6.019664
v  18.676697 17.038910 6.106378
v  18.699509 17.016098 6.019664
v  18.589983 16.976042 6.019663
v  18.589983 17.016098 6.129189
v  18.676697 17.038910 5.932950
v  18.589983 17.016098 5.910138
v  18.503269 17.038910 5.932949
v  18.480457 17.016098 6.019663
v  18.503269 17.038910 6.106378
v  18.676697 17.212337 6.106378
v  18.589983 17.235149 6.129189
v  18.589983 17.275206 6.019663
v  18.699509 17.235149 6.019664
v  18.503269 17.212337 6.106378
v  18.480457 17.235149 6.019663
v  18.503269 17.212337 5.932949
v  18.589983 17.235149 5.910138
v  18.676697 17.212337 5.932950
v  18.589983 17.125624 6.169245
v  18.699509 17.125624 6.129189
v  18.480457 17.125624 6.129189
v  18.440401 17.125624 6.019663
v  18.480457 17.125624 5.910137
v  18.589983 17.125624 5.870081
v  18.699509 17.125624 5.910138
v  18.739565 17.125624 6.019664
# 196 vertices

vt 1.000000 0.000000 0.000000
vt 1.000000 0.250000 0.000000
vt 0.750000 0.312500 0.000000
vt 0.750000 0.218750 0.000000
vt 1.000000 0.500000 0.000000
vt 0.750000 0.515625 0.000000
vt 0.500000 0.523438 0.000000
vt 0.500000 0.343750 0.000000
vt 0.500000 0.265625 0.000000
vt 1.000000 0.750000 0.000000
vt 0.750000 0.750000 0.000000
vt 1.000000 1.000000 0.000000
vt 0.750000 1.000000 0.000000
vt 0.500000 1.000000 0.000000
vt 0.500000 0.750000 0.000000
vt 0.250000 0.750000 0.000000
vt 0.250000 0.515625 0.000000
vt 0.250000 1.000000 0.000000
vt 0.000000 1.000000 0.000000
vt 0.000000 0.750000 0.000000
vt 0.000000 0.500000 0.000000
vt 0.250000 0.312500 0.000000
vt 0.250000 0.218750 0.000000
vt 0.000000 0.250000 0.000000
vt 0.000000 0.000000 0.000000
vt 0.000000 0.000000 0.000000
vt 0.250000 0.000000 0.000000
vt 0.250000 0.250000 0.000000
vt 0.000000 0.250000 0.000000
vt 0.500000 0.000000 0.000000
vt 0.500000 0.250000 0.000000
vt 0.500000 0.476563 0.000000
vt 0.250000 0.484375 0.000000
vt 0.000000 0.500000 0.000000
vt 0.750000 0.000000 0.000000
vt 0.750000 0.250000 0.000000
vt 1.000000 0.000000 0.000000
vt 1.000000 0.250000 0.000000
vt 1.000000 0.500000 0.000000
vt 0.750000 0.484375 0.000000
vt 0.750000 0.687500 0.000000
vt 0.500000 0.656250 0.000000
vt 1.000000 0.750000 0.000000
vt 1.000000 1.000000 0.000000
vt 0.750000 0.781250 0.000000
vt 0.500000 0.734375 0.000000
vt 0.250000 0.687500 0.000000
vt 0.000000 0.750000 0.000000
vt 0.250000 0.781250 0.000000
vt 0.000000 1.000000 0.000000
vt 0.000000 0.000000 0.000000
vt 0.250000 0.218750 0.000000
vt 0.250000 0.312500 0.000000
vt 0.000000 0.265625 0.000000
vt 0.500000 0.343750 0.000000
vt 0.500000 0.523438 0.000000
vt 0.250000 0.515625 0.000000
vt 0.000000 0.503906 0.000000
vt 0.750000 0.218750 0.000000
vt 0.750000 0.312500 0.000000
vt 1.000000 0.000000 0.000000
vt 1.000000 0.265625 0.000000
vt 1.000000 0.503906 0.000000
vt 0.750000 0.515625 0.000000
vt 0.750000 0.750000 0.000000
vt 0.500000 0.750000 0.000000
vt 1.000000 0.750000 0.000000
vt 1.000000 1.000000 0.000000
vt 0.750000 1.000000 0.000000
vt 0.500000 1.000000 0.000000
vt 0.250000 0.750000 0.000000
vt 0.000000 0.750000 0.000000
vt 0.250000 1.000000 0.000000
vt 0.000000 1.000000 0.000000
vt 0.250000 0.000000 0.000000
vt 0.250000 0.250000 0.000000
vt 0.000000 0.265625 0.000000
vt 0.500000 0.000000 0.000000
vt 0.500000 0.250000 0.000000
vt 0.500000 0.500000 0.000000
vt 0.250000 0.500000 0.000000
vt 0.000000 0.503906 0.000000
vt 0.750000 0.000000 0.000000
vt 0.750000 0.250000 0.000000
vt 1.000000 0.000000 0.000000
vt 1.000000 0.250000 0.000000
vt 1.000000 0.496094 0.000000
vt 0.750000 0.500000 0.000000
vt 0.750000 0.750000 0.000000
vt 0.500000 0.750000 0.000000
vt 1.000000 0.734375 0.000000
vt 0.750000 1.000000 0.000000
vt 0.500000 1.000000 0.000000
vt 0.250000 0.750000 0.000000
vt 0.000000 0.750000 0.000000
vt 0.250000 1.000000 0.000000
vt 0.000000 1.000000 0.000000
vt 0.000000 0.000000 0.000000
vt 0.250000 0.000000 0.000000
vt 0.250000 0.250000 0.000000
vt 0.000000 0.250000 0.000000
vt 0.500000 0.000000 0.000000
vt 0.500000 0.250000 0.000000
vt 0.500000 0.476563 0.000000
vt 0.250000 0.484375 0.000000
vt 0.000000 0.496094 0.000000
vt 0.750000 0.000000 0.000000
vt 0.750000 0.250000 0.000000
vt 1.000000 0.000000 0.000000
vt 1.000000 0.250000 0.000000
vt 1.000000 0.496094 0.000000
vt 0.750000 0.484375 0.000000
vt 0.750000 0.687500 0.000000
vt 0.500000 0.656250 0.000000
vt 1.000000 0.734375 0.000000
vt 1.000000 1.000000 0.000000
vt 0.750000 0.781250 0.000000
vt 0.250000 0.687500 0.000000
vt 0.000000 0.734375 0.000000
vt 0.250000 0.781250 0.000000
vt 0.000000 1.000000 0.000000
vt 0.000000 0.000000 0.000000
vt 0.250000 0.000000 0.000000
vt 0.250000 0.250000 0.000000
vt 0.000000 0.250000 0.000000
vt 0.500000 0.000000 0.000000
vt 0.500000 0.250000 0.000000
vt 0.500000 0.500000 0.000000
vt 0.250000 0.500000 0.000000
vt 0.000000 0.496094 0.000000
vt 0.750000 0.000000 0.000000
vt 0.750000 0.250000 0.000000
vt 1.000000 0.265625 0.000000
vt 1.000000 0.503906 0.000000
vt 0.750000 0.500000 0.000000
vt 0.750000 0.750000 0.000000
vt 0.500000 0.750000 0.000000
vt 1.000000 0.750000 0.000000
vt 1.000000 1.000000 0.000000
vt 0.750000 1.000000 0.000000
vt 0.500000 1.000000 0.000000
vt 0.250000 0.750000 0.000000
vt 0.000000 0.734375 0.000000
vt 0.250000 1.000000 0.000000
vt 1.000000 0.000000 0.000000
vt 1.000000 0.250000 0.000000
vt 0.750000 0.312500 0.000000
vt 0.750000 0.218750 0.000000
vt 1.000000 0.500000 0.000000
vt 0.750000 0.515625 0.000000
vt 0.500000 0.523438 0.000000
vt 0.500000 0.343750 0.000000
vt 0.500000 0.265625 0.000000
vt 1.000000 0.750000 0.000000
vt 0.750000 0.750000 0.000000
vt 1.000000 1.000000 0.000000
vt 0.750000 1.000000 0.000000
vt 0.500000 1.000000 0.000000
vt 0.500000 0.750000 0.000000
vt 0.250000 0.750000 0.000000
vt 0.250000 0.515625 0.000000
vt 0.250000 1.000000 0.000000
vt 0.000000 1.000000 0.000000
vt 0.000000 0.750000 0.000000
vt 0.000000 0.500000 0.000000
vt 0.250000 0.312500 0.000000
vt 0.250000 0.218750 0.000000
vt 0.000000 0.250000 0.000000
vt 0.000000 0.000000 0.000000
vt 0.000000 0.000000 0.000000
vt 0.250000 0.000000 0.000000
vt 0.250000 0.250000 0.000000
vt 0.000000 0.250000 0.000000
vt 0.500000 0.000000 0.000000
vt 0.500000 0.250000 0.000000
vt 0.500000 0.476563 0.000000
vt 0.250000 0.484375 0.000000
vt 0.000000 0.500000 0.000000
vt 0.750000 0.000000 0.000000
vt 0.750000 0.250000 0.000000
vt 1.000000 0.000000 0.000000
vt 1.000000 0.250000 0.000000
vt 1.000000 0.500000 0.000000
vt 0.750000 0.484375 0.000000
vt 0.750000 0.687500 0.000000
vt 0.500000 0.656250 0.000000
vt 1.000000 0.750000 0.000000
vt 1.000000 1.000000 0.000000
vt 0.750000 0.781250 0.000000
vt 0.500000 0.734375 0.000000
vt 0.250000 0.687500 0.000000
vt 0.000000 0.750000 0.000000
vt 0.250000 0.781250 0.000000
vt 0.000000 1.000000 0.000000
vt 0.000000 0.000000 0.000000
vt 0.250000 0.218750 0.000000
vt 0.250000 0.312500 0.000000
vt 0.000000 0.265625 0.000000
vt 0.500000 0.343750 0.000000
vt 0.500000 0.523438 0.000000
vt 0.250000 0.515625 0.000000
vt 0.000000 0.503906 0.000000
vt 0.750000 0.218750 0.000000
vt 0.750000 0.312500 0.000000
vt 1.000000 0.000000 0.000000
vt 1.000000 0.265625 0.000000
vt 1.000000 0.503906 0.000000
vt 0.750000 0.515625 0.000000
vt 0.750000 0.750000 0.000000
vt 0.500000 0.750000 0.000000
vt 1.000000 0.750000 0.000000
vt 1.000000 1.000000 0.000000
vt 0.750000 1.000000 0.000000
vt 0.500000 1.000000 0.000000
vt 0.250000 0.750000 0.000000
vt 0.000000 0.750000 0.000000
vt 0.250000 1.000000 0.000000
vt 0.000000 1.000000 0.000000
vt 0.250000 0.000000 0.000000
vt 0.250000 0.250000 0.000000
vt 0.000000 0.265625 0.000000
vt 0.500000 0.000000 0.000000
vt 0.500000 0.250000 0.000000
vt 0.500000 0.500000 0.000000
vt 0.250000 0.500000 0.000000
vt 0.000000 0.503906 0.000000
vt 0.750000 0.000000 0.000000
vt 0.750000 0.250000 0.000000
vt 1.000000 0.000000 0.000000
vt 1.000000 0.250000 0.000000
vt 1.000000 0.496094 0.000000
vt 0.750000 0.500000 0.000000
vt 0.750000 0.750000 0.000000
vt 0.500000 0.750000 0.000000
vt 1.000000 0.734375 0.000000
vt 0.750000 1.000000 0.000000
vt 0.500000 1.000000 0.000000
vt 0.250000 0.750000 0.000000
vt 0.000000 0.750000 0.000000
vt 0.250000 1.000000 0.000000
vt 0.000000 1.000000 0.000000
vt 0.000000 0.000000 0.000000
vt 0.250000 0.000000 0.000000
vt 0.250000 0.250000 0.000000
vt 0.000000 0.250000 0.000000
vt 0.500000 0.000000 0.000000
vt 0.500000 0.250000 0.000000
vt 0.500000 0.476563 0.000000
vt 0.250000 0.484375 0.000000
vt 0.000000 0.496094 0.000000
vt 0.750000 0.000000 0.000000
vt 0.750000 0.250000 0.000000
vt 1.000000 0.000000 0.000000
vt 1.000000 0.250000 0.000000
vt 1.000000 0.496094 0.000000
vt 0.750000 0.484375 0.000000
vt 0.750000 0.687500 0.000000
vt 0.500000 0.656250 0.000000
vt 1.000000 0.734375 0.000000
vt 1.000000 1.000000 0.000000
vt 0.750000 0.781250 0.000000
vt 0.250000 0.687500 0.000000
vt 0.000000 0.734375 0.000000
vt 0.250000 0.781250 0.000000
vt 0.000000 1.000000 0.000000
vt 0.000000 0.000000 0.000000
vt 0.250000 0.000000 0.000000
vt 0.250000 0.250000 0.000000
vt 0.000000 0.250000 0.000000
vt 0.500000 0.000000 0.000000
vt 0.500000 0.250000 0.000000
vt 0.500000 0.500000 0.000000
vt 0.250000 0.500000 0.000000
vt 0.000000 0.496094 0.000000
vt 0.750000 0.000000 0.000000
vt 0.750000 0.250000 0.000000
vt 1.000000 0.265625 0.000000
vt 1.000000 0.503906 0.000000
vt 0.750000 0.500000 0.000000
vt 0.750000 0.750000 0.000000
vt 0.500000 0.750000 0.000000
vt 1.000000 0.750000 0.000000
vt 1.000000 1.000000 0.000000
vt 0.750000 1.000000 0.000000
vt 0.500000 1.000000 0.000000
vt 0.250000 0.750000 0.000000
vt 0.000000 0.734375 0.000000
vt 0.250000 1.000000 0.000000
# 288 texture coords

o 2?_????___???_?
g 2?_????___???_?
f 5172/5840 5124/5841 5100/5842 5125/5843 
f 5124/5841 5173/5844 5126/5845 5100/5842 
f 5100/5842 5126/5845 5174/5846 5127/5847 
f 5125/5843 5100/5842 5127/5847 5175/5848 
f 5173/5844 5128/5849 5104/5850 5126/5845 
f 5128/5849 5176/5851 5129/5852 5104/5850 
f 5104/5850 5129/5852 5177/5853 5130/5854 
f 5126/5845 5104/5850 5130/5854 5174/5846 
f 5174/5846 5130/5854 5105/5855 5131/5856 
f 5130/5854 5177/5853 5132/5857 5105/5855 
f 5105/5855 5132/5857 5178/5858 5133/5859 
f 5131/5856 5105/5855 5133/5859 5179/5860 
f 5175/5848 5127/5847 5106/5861 5134/5862 
f 5127/5847 5174/5846 5131/5856 5106/5861 
f 5106/5861 5131/5856 5179/5860 5135/5863 
f 5134/5862 5106/5861 5135/5863 5180/5864 
f 5181/5865 5136/5866 5112/5867 5137/5868 
f 5136/5866 5182/5869 5138/5870 5112/5867 
f 5112/5867 5138/5870 5183/5871 5139/5872 
f 5137/5868 5112/5867 5139/5872 5184/5873 
f 5182/5869 5140/5874 5116/5875 5138/5870 
f 5140/5874 5185/5876 5141/5877 5116/5875 
f 5116/5875 5141/5877 5186/5878 5142/5879 
f 5138/5870 5116/5875 5142/5879 5183/5871 
f 5183/5871 5142/5879 5117/5880 5143/5881 
f 5142/5879 5186/5878 5144/5882 5117/5880 
f 5117/5880 5144/5882 5187/5883 5145/5884 
f 5143/5881 5117/5880 5145/5884 5188/5885 
f 5184/5873 5139/5872 5118/5886 5146/5887 
f 5139/5872 5183/5871 5143/5881 5118/5886 
f 5118/5886 5143/5881 5188/5885 5147/5888 
f 5146/5887 5118/5886 5147/5888 5189/5889 
f 5172/5890 5125/5891 5101/5892 5148/5893 
f 5125/5891 5175/5848 5149/5894 5101/5892 
f 5101/5892 5149/5894 5190/5895 5150/5896 
f 5148/5893 5101/5892 5150/5896 5191/5897 
f 5175/5848 5134/5898 5107/5899 5149/5894 
f 5134/5898 5180/5900 5151/5901 5107/5899 
f 5107/5899 5151/5901 5192/5902 5152/5903 
f 5149/5894 5107/5899 5152/5903 5190/5895 
f 5190/5895 5152/5903 5115/5904 5153/5905 
f 5152/5903 5192/5902 5154/5906 5115/5904 
f 5115/5904 5154/5906 5185/5907 5140/5908 
f 5153/5905 5115/5904 5140/5908 5182/5909 
f 5191/5897 5150/5896 5114/5910 5155/5911 
f 5150/5896 5190/5895 5153/5905 5114/5910 
f 5114/5910 5153/5905 5182/5909 5136/5912 
f 5155/5911 5114/5910 5136/5912 5181/5913 
f 5180/5864 5135/5914 5111/5915 5151/5916 
f 5135/5914 5179/5917 5156/5918 5111/5915 
f 5111/5915 5156/5918 5193/5919 5157/5920 
f 5151/5916 5111/5915 5157/5920 5192/5921 
f 5179/5917 5133/5922 5110/5923 5156/5918 
f 5133/5922 5178/5924 5158/5925 5110/5923 
f 5110/5923 5158/5925 5194/5926 5159/5927 
f 5156/5918 5110/5923 5159/5927 5193/5919 
f 5193/5919 5159/5927 5121/5928 5160/5929 
f 5159/5927 5194/5926 5161/5930 5121/5928 
f 5121/5928 5161/5930 5187/5883 5144/5931 
f 5160/5929 5121/5928 5144/5931 5186/5932 
f 5192/5921 5157/5920 5120/5933 5154/5934 
f 5157/5920 5193/5919 5160/5929 5120/5933 
f 5120/5933 5160/5929 5186/5932 5141/5935 
f 5154/5934 5120/5933 5141/5935 5185/5936 
f 5178/5937 5132/5938 5109/5939 5158/5940 
f 5132/5938 5177/5941 5162/5942 5109/5939 
f 5109/5939 5162/5942 5195/5943 5163/5944 
f 5158/5940 5109/5939 5163/5944 5194/5945 
f 5177/5941 5129/5946 5108/5947 5162/5942 
f 5129/5946 5176/5948 5164/5949 5108/5947 
f 5108/5947 5164/5949 5196/5950 5165/5951 
f 5162/5942 5108/5947 5165/5951 5195/5943 
f 5195/5943 5165/5951 5123/5952 5166/5953 
f 5165/5951 5196/5950 5167/5954 5123/5952 
f 5123/5952 5167/5954 5189/5955 5147/5956 
f 5166/5953 5123/5952 5147/5956 5188/5885 
f 5194/5945 5163/5944 5122/5957 5161/5958 
f 5163/5944 5195/5943 5166/5953 5122/5957 
f 5122/5957 5166/5953 5188/5885 5145/5959 
f 5161/5958 5122/5957 5145/5959 5187/5960 
f 5176/5961 5128/5962 5103/5963 5164/5964 
f 5128/5962 5173/5965 5168/5966 5103/5963 
f 5103/5963 5168/5966 5197/5967 5169/5968 
f 5164/5964 5103/5963 5169/5968 5196/5969 
f 5173/5965 5124/5970 5102/5971 5168/5966 
f 5124/5970 5172/5840 5148/5972 5102/5971 
f 5102/5971 5148/5972 5191/5973 5170/5974 
f 5168/5966 5102/5971 5170/5974 5197/5967 
f 5197/5967 5170/5974 5113/5975 5171/5976 
f 5170/5974 5191/5973 5155/5977 5113/5975 
f 5113/5975 5155/5977 5181/5978 5137/5979 
f 5171/5976 5113/5975 5137/5979 5184/5980 
f 5196/5969 5169/5968 5119/5981 5167/5982 
f 5169/5968 5197/5967 5171/5976 5119/5981 
f 5119/5981 5171/5976 5184/5980 5146/5983 
f 5167/5982 5119/5981 5146/5983 5189/5889 
f 5270/5984 5223/5987 5198/5986 5222/5985 
f 5222/5985 5198/5986 5224/5989 5271/5988 
f 5198/5986 5225/5991 5272/5990 5224/5989 
f 5223/5987 5273/5992 5225/5991 5198/5986 
f 5271/5988 5224/5989 5202/5994 5226/5993 
f 5226/5993 5202/5994 5227/5996 5274/5995 
f 5202/5994 5228/5998 5275/5997 5227/5996 
f 5224/5989 5272/5990 5228/5998 5202/5994 
f 5272/5990 5229/6000 5203/5999 5228/5998 
f 5228/5998 5203/5999 5230/6001 5275/5997 
f 5203/5999 5231/6003 5276/6002 5230/6001 
f 5229/6000 5277/6004 5231/6003 5203/5999 
f 5273/5992 5232/6006 5204/6005 5225/5991 
f 5225/5991 5204/6005 5229/6000 5272/5990 
f 5204/6005 5233/6007 5277/6004 5229/6000 
f 5232/6006 5278/6008 5233/6007 5204/6005 
f 5279/6009 5235/6012 5210/6011 5234/6010 
f 5234/6010 5210/6011 5236/6014 5280/6013 
f 5210/6011 5237/6016 5281/6015 5236/6014 
f 5235/6012 5282/6017 5237/6016 5210/6011 
f 5280/6013 5236/6014 5214/6019 5238/6018 
f 5238/6018 5214/6019 5239/6021 5283/6020 
f 5214/6019 5240/6023 5284/6022 5239/6021 
f 5236/6014 5281/6015 5240/6023 5214/6019 
f 5281/6015 5241/6025 5215/6024 5240/6023 
f 5240/6023 5215/6024 5242/6026 5284/6022 
f 5215/6024 5243/6028 5285/6027 5242/6026 
f 5241/6025 5286/6029 5243/6028 5215/6024 
f 5282/6017 5244/6031 5216/6030 5237/6016 
f 5237/6016 5216/6030 5241/6025 5281/6015 
f 5216/6030 5245/6032 5286/6029 5241/6025 
f 5244/6031 5287/6033 5245/6032 5216/6030 
f 5270/6034 5246/6037 5199/6036 5223/6035 
f 5223/6035 5199/6036 5247/6038 5273/5992 
f 5199/6036 5248/6040 5288/6039 5247/6038 
f 5246/6037 5289/6041 5248/6040 5199/6036 
f 5273/5992 5247/6038 5205/6043 5232/6042 
f 5232/6042 5205/6043 5249/6045 5278/6044 
f 5205/6043 5250/6047 5290/6046 5249/6045 
f 5247/6038 5288/6039 5250/6047 5205/6043 
f 5288/6039 5251/6049 5213/6048 5250/6047 
f 5250/6047 5213/6048 5252/6050 5290/6046 
f 5213/6048 5238/6052 5283/6051 5252/6050 
f 5251/6049 5280/6053 5238/6052 5213/6048 
f 5289/6041 5253/6055 5212/6054 5248/6040 
f 5248/6040 5212/6054 5251/6049 5288/6039 
f 5212/6054 5234/6056 5280/6053 5251/6049 
f 5253/6055 5279/6057 5234/6056 5212/6054 
f 5278/6008 5249/6060 5209/6059 5233/6058 
f 5233/6058 5209/6059 5254/6062 5277/6061 
f 5209/6059 5255/6064 5291/6063 5254/6062 
f 5249/6060 5290/6065 5255/6064 5209/6059 
f 5277/6061 5254/6062 5208/6067 5231/6066 
f 5231/6066 5208/6067 5256/6069 5276/6068 
f 5208/6067 5257/6071 5292/6070 5256/6069 
f 5254/6062 5291/6063 5257/6071 5208/6067 
f 5291/6063 5258/6073 5219/6072 5257/6071 
f 5257/6071 5219/6072 5259/6074 5292/6070 
f 5219/6072 5242/6075 5285/6027 5259/6074 
f 5258/6073 5284/6076 5242/6075 5219/6072 
f 5290/6065 5252/6078 5218/6077 5255/6064 
f 5255/6064 5218/6077 5258/6073 5291/6063 
f 5218/6077 5239/6079 5284/6076 5258/6073 
f 5252/6078 5283/6080 5239/6079 5218/6077 
f 5276/6081 5256/6084 5207/6083 5230/6082 
f 5230/6082 5207/6083 5260/6086 5275/6085 
f 5207/6083 5261/6088 5293/6087 5260/6086 
f 5256/6084 5292/6089 5261/6088 5207/6083 
f 5275/6085 5260/6086 5206/6091 5227/6090 
f 5227/6090 5206/6091 5262/6093 5274/6092 
f 5206/6091 5263/6095 5294/6094 5262/6093 
f 5260/6086 5293/6087 5263/6095 5206/6091 
f 5293/6087 5264/6097 5221/6096 5263/6095 
f 5263/6095 5221/6096 5265/6098 5294/6094 
f 5221/6096 5245/6100 5287/6099 5265/6098 
f 5264/6097 5286/6029 5245/6100 5221/6096 
f 5292/6089 5259/6102 5220/6101 5261/6088 
f 5261/6088 5220/6101 5264/6097 5293/6087 
f 5220/6101 5243/6103 5286/6029 5264/6097 
f 5259/6102 5285/6104 5243/6103 5220/6101 
f 5274/6105 5262/6108 5201/6107 5226/6106 
f 5226/6106 5201/6107 5266/6110 5271/6109 
f 5201/6107 5267/6112 5295/6111 5266/6110 
f 5262/6108 5294/6113 5267/6112 5201/6107 
f 5271/6109 5266/6110 5200/6115 5222/6114 
f 5222/6114 5200/6115 5246/6116 5270/5984 
f 5200/6115 5268/6118 5289/6117 5246/6116 
f 5266/6110 5295/6111 5268/6118 5200/6115 
f 5295/6111 5269/6120 5211/6119 5268/6118 
f 5268/6118 5211/6119 5253/6121 5289/6117 
f 5211/6119 5235/6123 5279/6122 5253/6121 
f 5269/6120 5282/6124 5235/6123 5211/6119 
f 5294/6113 5265/6126 5217/6125 5267/6112 
f 5267/6112 5217/6125 5269/6120 5295/6111 
f 5217/6125 5244/6127 5282/6124 5269/6120 
f 5265/6126 5287/6033 5244/6127 5217/6125 
# 192 polygons

