# 3ds Max Wavefront OBJ Exporter v0.97b - (c)2007 guruware
# File Created: 03.08.2021 15:22:11

#
# object ??___??
#

v  23.483555 0.349106 12.126861
v  23.868219 0.349106 13.577797
v  24.975813 0.349106 14.853728
v  26.672747 0.349106 15.800760
v  28.754343 0.349106 16.304665
v  30.969532 0.349106 16.304665
v  33.051128 0.349106 15.800760
v  34.748058 0.349106 14.853729
v  35.855652 0.349106 13.577798
v  36.240318 0.349106 12.126863
v  35.855656 0.349106 10.675927
v  34.748062 0.349106 9.399996
v  33.051128 0.349106 8.452965
v  30.969534 0.349106 7.949059
v  28.754345 0.349106 7.949058
v  26.672749 0.349106 8.452962
v  24.975817 0.349106 9.399992
v  23.868221 0.349106 10.675922
v  23.483555 0.403053 12.126861
v  23.868219 0.403053 13.577797
v  24.975813 0.403053 14.853728
v  26.672747 0.403053 15.800760
v  28.754343 0.403053 16.304665
v  30.969532 0.403053 16.304665
v  33.051128 0.403053 15.800760
v  34.748058 0.403053 14.853729
v  35.855652 0.403053 13.577798
v  36.240318 0.403053 12.126863
v  35.855656 0.403053 10.675927
v  34.748062 0.403053 9.399996
v  33.051128 0.403053 8.452965
v  30.969534 0.403053 7.949059
v  28.754345 0.403053 7.949058
v  26.672749 0.403053 8.452962
v  24.975817 0.403053 9.399992
v  23.868221 0.403053 10.675922
v  26.188845 0.403053 12.126862
v  26.410358 0.403053 12.962406
v  27.048185 0.403053 13.697171
v  28.025391 0.403053 14.242535
v  29.224110 0.403053 14.532716
v  30.499763 0.403053 14.532716
v  31.698483 0.403053 14.242535
v  32.675690 0.403053 13.697172
v  33.313515 0.403053 12.962406
v  33.535030 0.403053 12.126863
v  33.313515 0.403053 11.291318
v  32.675690 0.403053 10.556552
v  31.698484 0.403053 10.011189
v  30.499763 0.403053 9.721007
v  29.224113 0.403053 9.721006
v  28.025393 0.403053 10.011188
v  27.048187 0.403053 10.556550
v  26.410360 0.403053 11.291315
v  29.861937 0.403053 12.126862
# 55 vertices

vt 0.503829 0.021069 0.000000
vt 0.550171 0.004452 0.000000
vt 0.552682 0.016707 0.000000
vt 0.510120 0.031292 0.000000
vt 0.601009 0.004486 0.000000
vt 0.599027 0.017249 0.000000
vt 0.649730 0.021689 0.000000
vt 0.643340 0.033023 0.000000
vt 0.689795 0.053872 0.000000
vt 0.680042 0.062071 0.000000
vt 0.716104 0.096518 0.000000
vt 0.704575 0.100672 0.000000
vt 0.725898 0.143882 0.000000
vt 0.714109 0.143883 0.000000
vt 0.718751 0.190307 0.000000
vt 0.707862 0.186464 0.000000
vt 0.695826 0.230928 0.000000
vt 0.686761 0.223641 0.000000
vt 0.659371 0.261472 0.000000
vt 0.653080 0.251250 0.000000
vt 0.613029 0.278090 0.000000
vt 0.610518 0.265835 0.000000
vt 0.562191 0.278056 0.000000
vt 0.564173 0.265293 0.000000
vt 0.513470 0.260852 0.000000
vt 0.519860 0.249519 0.000000
vt 0.473405 0.228670 0.000000
vt 0.483158 0.220470 0.000000
vt 0.447096 0.186024 0.000000
vt 0.458625 0.181869 0.000000
vt 0.437302 0.138660 0.000000
vt 0.449091 0.138659 0.000000
vt 0.444449 0.092234 0.000000
vt 0.455338 0.096078 0.000000
vt 0.467374 0.051613 0.000000
vt 0.476439 0.058900 0.000000
vt 0.565142 0.071554 0.000000
vt 0.541273 0.079697 0.000000
vt 0.591204 0.071880 0.000000
vt 0.616165 0.080769 0.000000
vt 0.636835 0.097113 0.000000
vt 0.650635 0.118774 0.000000
vt 0.656006 0.142947 0.000000
vt 0.652541 0.166713 0.000000
vt 0.640765 0.187444 0.000000
vt 0.621927 0.202844 0.000000
vt 0.598058 0.210988 0.000000
vt 0.571996 0.210662 0.000000
vt 0.547035 0.201773 0.000000
vt 0.526365 0.185428 0.000000
vt 0.512565 0.163768 0.000000
vt 0.507195 0.139595 0.000000
vt 0.510659 0.115828 0.000000
vt 0.522434 0.095097 0.000000
vt 0.581600 0.141271 0.000000
# 55 texture coords

o ??___??
g ??___??
f 1/1 2/2 20/3 19/4 
f 2/2 3/5 21/6 20/3 
f 3/5 4/7 22/8 21/6 
f 4/7 5/9 23/10 22/8 
f 5/9 6/11 24/12 23/10 
f 6/11 7/13 25/14 24/12 
f 7/13 8/15 26/16 25/14 
f 8/15 9/17 27/18 26/16 
f 9/17 10/19 28/20 27/18 
f 10/19 11/21 29/22 28/20 
f 11/21 12/23 30/24 29/22 
f 12/23 13/25 31/26 30/24 
f 13/25 14/27 32/28 31/26 
f 14/27 15/29 33/30 32/28 
f 15/29 16/31 34/32 33/30 
f 16/31 17/33 35/34 34/32 
f 17/33 18/35 36/36 35/34 
f 18/35 1/1 19/4 36/36 
f 19/4 20/3 38/37 37/38 
f 20/3 21/6 39/39 38/37 
f 21/6 22/8 40/40 39/39 
f 22/8 23/10 41/41 40/40 
f 23/10 24/12 42/42 41/41 
f 24/12 25/14 43/43 42/42 
f 25/14 26/16 44/44 43/43 
f 26/16 27/18 45/45 44/44 
f 27/18 28/20 46/46 45/45 
f 28/20 29/22 47/47 46/46 
f 29/22 30/24 48/48 47/47 
f 30/24 31/26 49/49 48/48 
f 31/26 32/28 50/50 49/49 
f 32/28 33/30 51/51 50/50 
f 33/30 34/32 52/52 51/51 
f 34/32 35/34 53/53 52/52 
f 35/34 36/36 54/54 53/53 
f 36/36 19/4 37/38 54/54 
f 37/38 38/37 55/55 
f 38/37 39/39 55/55 
f 39/39 40/40 55/55 
f 40/40 41/41 55/55 
f 41/41 42/42 55/55 
f 42/42 43/43 55/55 
f 43/43 44/44 55/55 
f 44/44 45/45 55/55 
f 45/45 46/46 55/55 
f 46/46 47/47 55/55 
f 47/47 48/48 55/55 
f 48/48 49/49 55/55 
f 49/49 50/50 55/55 
f 50/50 51/51 55/55 
f 51/51 52/52 55/55 
f 52/52 53/53 55/55 
f 53/53 54/54 55/55 
f 54/54 37/38 55/55 
# 36 polygons - 18 triangles

#
# object ??___????
#

v  34.517300 0.386723 1.314162
v  24.810001 0.386723 1.314161
v  34.517300 0.386723 5.536544
v  24.810001 0.386723 5.536543
v  34.517300 3.563450 1.314162
v  24.810001 3.563450 1.314161
v  34.517300 3.563450 5.536544
v  24.810001 3.563450 5.536543
v  31.610691 0.386723 5.536544
v  27.716610 0.386723 5.536543
v  27.716610 0.386723 1.314162
v  31.610691 0.386723 1.314162
v  31.610691 3.563450 1.314162
v  27.716610 3.563450 1.314162
v  27.716610 3.563450 5.536543
v  31.610691 3.563450 5.536544
v  24.810001 1.445632 1.314161
v  24.810001 2.504541 1.314161
v  34.517300 2.504541 1.314162
v  34.517300 1.445632 1.314162
v  24.810001 1.445632 5.536543
v  24.810001 2.504541 5.536543
v  34.517300 1.445632 5.536544
v  34.517300 2.504541 5.536544
v  27.716610 1.445632 1.314162
v  27.716610 2.504541 1.314162
v  31.610691 2.504541 1.314162
v  31.610691 1.445632 1.314162
v  31.610691 1.445632 5.536544
v  31.610691 2.504541 5.536544
v  27.716610 2.504541 5.536543
v  27.716610 1.445632 5.536543
v  34.380856 1.539034 5.536544
v  34.380856 2.411138 5.536544
v  31.747135 2.411138 5.536544
v  31.747135 1.539034 5.536544
v  24.946445 2.411138 5.536543
v  24.946445 1.539034 5.536543
v  27.580164 1.539034 5.536543
v  27.580164 2.411138 5.536543
v  34.380856 2.597943 5.536544
v  34.380856 3.470047 5.536544
v  31.747135 3.470047 5.536544
v  31.747135 2.597943 5.536544
v  31.747135 1.352229 5.536544
v  31.747135 0.480125 5.536544
v  34.380856 0.480125 5.536544
v  34.380856 1.352229 5.536544
v  24.946445 1.352229 5.536543
v  24.946445 0.480125 5.536543
v  27.580164 0.480125 5.536543
v  27.580164 1.352229 5.536543
v  27.580164 2.597943 5.536543
v  27.580164 3.470047 5.536543
v  24.946445 3.470047 5.536543
v  24.946445 2.597943 5.536543
v  31.474247 0.480125 5.536544
v  31.474247 1.352229 5.536544
v  27.853054 1.352229 5.536543
v  27.853054 0.480125 5.536543
v  27.865215 3.462044 5.536543
v  27.865215 2.504541 5.536543
v  27.865215 1.547038 5.536543
v  31.462086 1.547038 5.536543
v  31.462086 2.504541 5.536543
v  31.462086 3.462044 5.536543
v  34.380856 1.539034 5.383607
v  34.380856 2.411138 5.383607
v  31.747135 2.411138 5.383607
v  31.747135 1.539034 5.383607
v  24.946445 2.411138 5.383606
v  24.946445 1.539034 5.383606
v  27.580164 1.539034 5.383606
v  27.580164 2.411138 5.383606
v  34.380856 2.597943 5.383607
v  34.380856 3.470047 5.383607
v  31.747135 3.470047 5.383607
v  31.747135 2.597943 5.383607
v  31.747135 1.352229 5.383607
v  31.747135 0.480125 5.383607
v  34.380856 0.480125 5.383607
v  34.380856 1.352229 5.383607
v  24.946445 1.352229 5.383606
v  24.946445 0.480125 5.383606
v  27.580164 0.480125 5.383606
v  27.580164 1.352229 5.383606
v  27.580164 2.597943 5.383606
v  27.580164 3.470047 5.383606
v  24.946445 3.470047 5.383606
v  24.946445 2.597943 5.383606
v  31.474247 0.480125 5.383606
v  31.474247 1.352229 5.383606
v  27.853054 1.352229 5.383606
v  27.853054 0.480125 5.383606
v  27.865215 3.462044 5.383606
v  27.865215 2.504541 5.383606
v  27.865215 1.547038 5.383606
v  31.462086 1.547038 5.383606
v  31.462086 2.504541 5.383606
v  31.462086 3.462044 5.383606
v  34.264687 1.577501 5.383607
v  34.264687 2.372672 5.383607
v  31.863302 2.372672 5.383607
v  31.863302 1.577501 5.383607
v  25.062613 2.372672 5.383606
v  25.062613 1.577501 5.383606
v  27.463997 1.577501 5.383606
v  27.463997 2.372672 5.383606
v  34.264687 2.636410 5.383607
v  34.264687 3.431581 5.383607
v  31.863302 3.431581 5.383607
v  31.863302 2.636410 5.383607
v  31.863302 1.313763 5.383607
v  31.863302 0.518592 5.383607
v  34.264687 0.518592 5.383607
v  34.264687 1.313763 5.383607
v  25.062613 1.313763 5.383606
v  25.062613 0.518592 5.383606
v  27.463997 0.518592 5.383606
v  27.463997 1.313763 5.383606
v  27.463997 2.636410 5.383606
v  27.463997 3.431581 5.383606
v  25.062613 3.431581 5.383606
v  25.062613 2.636410 5.383606
v  31.314526 0.518592 5.383606
v  31.314526 1.313763 5.383606
v  28.012775 1.313763 5.383606
v  28.012775 0.518592 5.383606
v  28.023865 3.377577 5.383606
v  28.023865 2.504541 5.383606
v  28.023865 1.631504 5.383606
v  31.303436 1.631504 5.383606
v  31.303436 2.504541 5.383606
v  31.303436 3.377577 5.383606
v  34.264687 1.577501 2.096241
v  34.264687 2.372672 2.096241
v  31.863302 2.372672 2.096241
v  31.863302 1.577501 2.096241
v  25.062613 2.372672 2.096240
v  25.062613 1.577501 2.096240
v  27.463997 1.577501 2.096241
v  27.463997 2.372672 2.096241
v  34.264687 2.636410 2.096241
v  34.264687 3.431581 2.096241
v  31.863302 3.431581 2.096241
v  31.863302 2.636410 2.096241
v  31.863302 1.313763 2.096241
v  31.863302 0.518592 2.096241
v  34.264687 0.518592 2.096241
v  34.264687 1.313763 2.096241
v  25.062613 1.313763 2.096240
v  25.062613 0.518592 2.096240
v  27.463997 0.518592 2.096241
v  27.463997 1.313763 2.096241
v  27.463997 2.636410 2.096241
v  27.463997 3.431581 2.096241
v  25.062613 3.431581 2.096240
v  25.062613 2.636410 2.096240
v  31.314526 0.518592 2.096240
v  31.314526 1.313763 2.096240
v  28.012775 1.313763 2.096240
v  28.012775 0.518592 2.096240
v  28.023865 3.377577 2.096240
v  28.023865 2.504541 2.096240
v  28.023865 1.631504 2.096240
v  31.303436 1.631504 2.096240
v  31.303436 2.504541 2.096240
v  31.303436 3.377577 2.096240
# 168 vertices

vt 0.120001 0.004941 0.000000
vt 0.295189 0.004452 0.000000
vt 0.258770 0.129069 0.000000
vt 0.169824 0.130198 0.000000
vt 0.172721 0.234048 0.000000
vt 0.261666 0.232919 0.000000
vt 0.311490 0.358176 0.000000
vt 0.136301 0.358665 0.000000
vt 0.257517 0.163733 0.000000
vt 0.258245 0.196938 0.000000
vt 0.173973 0.199383 0.000000
vt 0.173245 0.166179 0.000000
vt 0.427899 0.140800 0.000000
vt 0.431490 0.203189 0.000000
vt 0.314493 0.194894 0.000000
vt 0.314118 0.166611 0.000000
vt 0.004753 0.676682 0.000000
vt 0.005917 0.633626 0.000000
vt 0.008690 0.636826 0.000000
vt 0.007963 0.673670 0.000000
vt 0.116997 0.168223 0.000000
vt 0.117372 0.196506 0.000000
vt 0.003591 0.222317 0.000000
vt 0.000000 0.159927 0.000000
vt 0.400174 0.073291 0.000000
vt 0.312528 0.140955 0.000000
vt 0.084650 0.633272 0.000000
vt 0.081566 0.636408 0.000000
vt 0.120692 0.142827 0.000000
vt 0.013567 0.099004 0.000000
vt 0.310798 0.220290 0.000000
vt 0.417923 0.264112 0.000000
vt 0.031315 0.289825 0.000000
vt 0.118962 0.222161 0.000000
vt 0.088461 0.674792 0.000000
vt 0.084778 0.671384 0.000000
vt 0.292613 0.634060 0.000000
vt 0.287303 0.677476 0.000000
vt 0.284723 0.673943 0.000000
vt 0.289057 0.636740 0.000000
vt 0.202551 0.671800 0.000000
vt 0.206840 0.668602 0.000000
vt 0.209117 0.625949 0.000000
vt 0.212023 0.629835 0.000000
vt 0.860322 0.598590 0.000000
vt 0.746265 0.598590 0.000000
vt 0.772342 0.572514 0.000000
vt 0.834246 0.572514 0.000000
vt 0.746265 0.484533 0.000000
vt 0.772342 0.510610 0.000000
vt 0.860322 0.484533 0.000000
vt 0.834246 0.510610 0.000000
vt 0.632165 0.841008 0.000000
vt 0.518108 0.841007 0.000000
vt 0.544184 0.814931 0.000000
vt 0.606088 0.814931 0.000000
vt 0.006411 0.592041 0.000000
vt 0.009260 0.595182 0.000000
vt 0.008989 0.630749 0.000000
vt 0.087972 0.590848 0.000000
vt 0.084684 0.593642 0.000000
vt 0.081703 0.629797 0.000000
vt 0.089845 0.718471 0.000000
vt 0.086786 0.715369 0.000000
vt 0.084812 0.678442 0.000000
vt 0.006552 0.719171 0.000000
vt 0.009657 0.716114 0.000000
vt 0.007741 0.679803 0.000000
vt 0.284413 0.719698 0.000000
vt 0.281693 0.716350 0.000000
vt 0.283929 0.680259 0.000000
vt 0.201588 0.716508 0.000000
vt 0.204902 0.713667 0.000000
vt 0.205939 0.675838 0.000000
vt 0.212091 0.584352 0.000000
vt 0.214741 0.587689 0.000000
vt 0.212781 0.623037 0.000000
vt 0.294887 0.591620 0.000000
vt 0.291507 0.594360 0.000000
vt 0.289943 0.630628 0.000000
vt 0.518108 0.726951 0.000000
vt 0.092049 0.678451 0.000000
vt 0.093019 0.715500 0.000000
vt 0.544185 0.753027 0.000000
vt 0.198702 0.675425 0.000000
vt 0.198564 0.713338 0.000000
vt 0.632165 0.726951 0.000000
vt 0.205316 0.625491 0.000000
vt 0.208129 0.588131 0.000000
vt 0.198345 0.667181 0.000000
vt 0.606089 0.753027 0.000000
vt 0.092353 0.670895 0.000000
vt 0.087828 0.633305 0.000000
vt 0.091870 0.594742 0.000000
vt 0.822296 0.475005 0.000000
vt 0.708239 0.475005 0.000000
vt 0.734316 0.448928 0.000000
vt 0.796220 0.448928 0.000000
vt 0.708239 0.360948 0.000000
vt 0.734316 0.387025 0.000000
vt 0.822296 0.360948 0.000000
vt 0.796220 0.387025 0.000000
vt 0.708239 0.237363 0.000000
vt 0.822296 0.237363 0.000000
vt 0.796220 0.263439 0.000000
vt 0.734316 0.263439 0.000000
vt 0.822296 0.351419 0.000000
vt 0.796220 0.325343 0.000000
vt 0.708239 0.351419 0.000000
vt 0.734316 0.325343 0.000000
vt 0.746265 0.722175 0.000000
vt 0.746265 0.608119 0.000000
vt 0.772342 0.634195 0.000000
vt 0.772342 0.696099 0.000000
vt 0.860322 0.608119 0.000000
vt 0.834246 0.634195 0.000000
vt 0.860322 0.722175 0.000000
vt 0.834246 0.696099 0.000000
vt 0.646425 0.603365 0.000000
vt 0.646425 0.717422 0.000000
vt 0.620348 0.691346 0.000000
vt 0.620348 0.629441 0.000000
vt 0.532368 0.717422 0.000000
vt 0.558444 0.691345 0.000000
vt 0.532368 0.603365 0.000000
vt 0.558444 0.629441 0.000000
vt 0.380263 0.873622 0.000000
vt 0.380263 0.745964 0.000000
vt 0.409449 0.775150 0.000000
vt 0.409449 0.844436 0.000000
vt 0.507921 0.745964 0.000000
vt 0.478735 0.775150 0.000000
vt 0.012433 0.639818 0.000000
vt 0.010792 0.669638 0.000000
vt 0.078848 0.640667 0.000000
vt 0.080161 0.668302 0.000000
vt 0.281134 0.670508 0.000000
vt 0.285763 0.640505 0.000000
vt 0.210824 0.664149 0.000000
vt 0.216012 0.633552 0.000000
vt 0.013061 0.598111 0.000000
vt 0.011707 0.626880 0.000000
vt 0.081703 0.597478 0.000000
vt 0.077684 0.626527 0.000000
vt 0.082846 0.712549 0.000000
vt 0.081660 0.683299 0.000000
vt 0.012379 0.711981 0.000000
vt 0.011661 0.682691 0.000000
vt 0.277997 0.713163 0.000000
vt 0.280867 0.684101 0.000000
vt 0.207981 0.709752 0.000000
vt 0.210368 0.679641 0.000000
vt 0.218302 0.590868 0.000000
vt 0.216111 0.618902 0.000000
vt 0.288407 0.598210 0.000000
vt 0.286316 0.627341 0.000000
vt 0.096731 0.681870 0.000000
vt 0.507921 0.873623 0.000000
vt 0.095926 0.711449 0.000000
vt 0.478735 0.844436 0.000000
vt 0.195321 0.680246 0.000000
vt 0.194549 0.710392 0.000000
vt 0.201812 0.625070 0.000000
vt 0.831824 0.255195 0.000000
vt 0.204429 0.587885 0.000000
vt 0.194714 0.663568 0.000000
vt 0.911177 0.237363 0.000000
vt 0.095938 0.666006 0.000000
vt 0.091581 0.633171 0.000000
vt 0.095310 0.598313 0.000000
vt 0.015161 0.641230 0.000000
vt 0.013847 0.668481 0.000000
vt 0.075956 0.642098 0.000000
vt 0.077231 0.666682 0.000000
vt 0.278441 0.668790 0.000000
vt 0.282551 0.641332 0.000000
vt 0.214323 0.662890 0.000000
vt 0.218760 0.635531 0.000000
vt 0.015811 0.599479 0.000000
vt 0.014644 0.625785 0.000000
vt 0.078657 0.598467 0.000000
vt 0.074955 0.624831 0.000000
vt 0.080028 0.711259 0.000000
vt 0.078508 0.685004 0.000000
vt 0.015419 0.710739 0.000000
vt 0.014475 0.684021 0.000000
vt 0.275282 0.711618 0.000000
vt 0.277749 0.685073 0.000000
vt 0.211126 0.708728 0.000000
vt 0.213247 0.681668 0.000000
vt 0.220924 0.592436 0.000000
vt 0.219281 0.617773 0.000000
vt 0.285266 0.599152 0.000000
vt 0.283645 0.625723 0.000000
vt 0.100962 0.683822 0.000000
vt 0.911177 0.283421 0.000000
vt 0.100277 0.710312 0.000000
vt 0.864091 0.286949 0.000000
vt 0.190782 0.682062 0.000000
vt 0.190461 0.709066 0.000000
vt 0.197477 0.624417 0.000000
vt 0.990530 0.255195 0.000000
vt 0.200013 0.590793 0.000000
vt 0.190518 0.659060 0.000000
vt 0.958264 0.286949 0.000000
vt 0.099542 0.662537 0.000000
vt 0.095512 0.633186 0.000000
vt 0.099069 0.601417 0.000000
vt 0.990530 0.411179 0.000000
vt 0.958264 0.379425 0.000000
vt 0.911177 0.429011 0.000000
vt 0.911177 0.382952 0.000000
vt 0.831824 0.411179 0.000000
vt 0.864091 0.379425 0.000000
vt 0.208370 0.593925 0.000000
vt 0.203449 0.598017 0.000000
vt 0.632165 0.841008 0.000000
vt 0.831824 0.255195 0.000000
# 218 texture coords

o ??___????
g ??___????
f 64/56 65/57 66/58 67/59 
f 68/60 69/61 70/62 71/63 
f 80/64 81/65 82/66 83/67 
f 76/68 77/69 73/70 72/71 
f 75/76 74/77 79/78 78/79 
f 65/57 59/80 57/81 66/58 
f 67/59 56/84 58/85 64/56 
f 69/61 61/86 63/87 70/62 
f 71/63 62/88 60/89 68/60 
f 72/71 73/70 81/65 80/64 
f 74/77 75/76 83/67 82/66 
f 81/65 69/61 68/60 82/66 
f 83/67 67/59 66/58 80/64 
f 77/69 63/87 61/86 73/70 
f 72/71 57/81 59/80 76/68 
f 74/77 60/89 62/88 79/78 
f 78/79 58/85 56/84 75/76 
f 73/70 61/86 69/61 81/65 
f 80/64 66/58 57/81 72/71 
f 75/76 56/84 67/59 83/67 
f 82/66 68/60 60/89 74/77 
f 78/72 79/73 89/74 88/75 
f 79/73 85/82 90/83 89/74 
f 85/82 84/90 91/91 90/83 
f 84/90 78/72 88/75 91/91 
f 77/92 76/93 93/94 92/95 
f 76/93 87/96 94/97 93/94 
f 87/96 86/98 95/99 94/97 
f 86/98 77/92 92/95 95/99 
f 79/73 62/112 97/113 96/114 
f 62/112 71/115 98/116 97/113 
f 71/115 85/82 99/117 98/116 
f 85/82 79/73 96/114 99/117 
f 84/90 64/118 101/119 100/120 
f 64/118 58/121 102/122 101/119 
f 58/121 78/72 103/123 102/122 
f 78/72 84/90 100/120 103/123 
f 76/93 59/124 105/125 104/126 
f 59/124 65/127 106/128 105/125 
f 65/127 87/96 107/129 106/128 
f 87/96 76/93 104/126 107/129 
f 86/98 70/130 109/131 108/132 
f 70/130 63/133 110/134 109/131 
f 63/133 77/92 111/135 110/134 
f 77/92 86/98 108/132 111/135 
f 64/118 84/90 113/137 112/138 
f 84/90 87/96 114/140 113/137 
f 87/96 65/127 115/141 114/140 
f 65/127 64/118 112/138 115/141 
f 70/130 86/98 117/143 116/144 
f 86/98 87/96 118/145 117/143 
f 87/96 84/90 119/147 118/145 
f 84/90 85/82 120/148 119/147 
f 85/82 71/115 121/149 120/148 
f 71/115 70/130 116/144 121/149 
f 88/75 89/74 123/188 122/189 
f 89/74 90/83 124/190 123/188 
f 90/83 91/91 125/191 124/190 
f 91/91 88/75 122/189 125/191 
f 92/95 93/94 127/192 126/193 
f 93/94 94/97 128/194 127/192 
f 94/97 95/99 129/195 128/194 
f 95/99 92/95 126/193 129/195 
f 96/114 97/113 131/196 130/197 
f 97/113 98/116 132/198 131/196 
f 98/116 99/117 133/199 132/198 
f 99/117 96/114 130/197 133/199 
f 100/120 101/119 135/200 134/201 
f 101/119 102/122 136/202 135/200 
f 102/122 103/123 137/203 136/202 
f 103/123 100/120 134/201 137/203 
f 104/126 105/125 139/204 138/205 
f 105/125 106/128 140/206 139/204 
f 106/128 107/129 141/207 140/206 
f 107/129 104/126 138/205 141/207 
f 108/132 109/131 143/208 142/209 
f 109/131 110/134 144/210 143/208 
f 110/134 111/135 145/211 144/210 
f 111/135 108/132 142/209 145/211 
f 112/138 113/137 147/212 146/214 
f 113/137 114/140 148/216 147/212 
f 114/140 115/141 149/217 148/216 
f 115/141 112/138 146/214 149/217 
f 116/144 117/143 151/218 150/220 
f 117/143 118/145 152/221 151/218 
f 118/145 119/147 153/223 152/221 
f 119/147 120/148 154/224 153/223 
f 120/148 121/149 155/225 154/224 
f 121/149 116/144 150/270 155/225 
f 122/189 123/188 157/226 156/227 
f 123/188 124/190 158/228 157/226 
f 124/190 125/191 159/229 158/228 
f 125/191 122/189 156/227 159/229 
f 126/193 127/192 161/230 160/231 
f 127/192 128/194 162/232 161/230 
f 128/194 129/195 163/233 162/232 
f 129/195 126/193 160/231 163/233 
f 130/197 131/196 165/234 164/235 
f 131/196 132/198 166/236 165/234 
f 132/198 133/199 167/237 166/236 
f 133/199 130/197 164/235 167/237 
f 134/201 135/200 169/238 168/239 
f 135/200 136/202 170/240 169/238 
f 136/202 137/203 171/241 170/240 
f 137/203 134/201 168/239 171/241 
f 138/205 139/204 173/242 172/243 
f 139/204 140/206 174/244 173/242 
f 140/206 141/207 175/245 174/244 
f 141/207 138/205 172/243 175/245 
f 142/209 143/208 177/246 176/247 
f 143/208 144/210 178/248 177/246 
f 144/210 145/211 179/249 178/248 
f 145/211 142/209 176/247 179/249 
f 146/214 147/212 181/250 180/252 
f 147/212 148/216 182/254 181/250 
f 148/216 149/217 183/255 182/254 
f 149/217 146/214 180/252 183/255 
f 150/220 151/218 185/256 184/258 
f 151/218 152/221 186/259 185/256 
f 152/221 153/223 187/261 186/259 
f 153/223 154/224 188/262 187/261 
f 154/224 155/225 189/263 188/262 
f 155/225 150/270 184/271 189/263 
f 156/166 157/167 191/168 190/169 
f 157/167 158/170 192/171 191/168 
f 158/170 159/172 193/173 192/171 
f 159/172 156/166 190/169 193/173 
f 160/108 161/109 195/110 194/111 
f 161/109 162/136 196/139 195/110 
f 162/136 163/142 197/146 196/139 
f 163/142 160/272 194/111 197/146 
f 164/174 165/175 199/176 198/177 
f 165/175 166/178 200/179 199/176 
f 166/178 167/180 201/181 200/179 
f 167/180 164/174 198/177 201/181 
f 168/158 169/159 203/160 202/161 
f 169/159 170/162 204/163 203/160 
f 170/162 171/164 205/165 204/163 
f 171/164 168/158 202/161 205/165 
f 172/150 173/151 207/152 206/153 
f 173/151 174/154 208/155 207/152 
f 174/154 175/156 209/157 208/155 
f 175/156 172/150 206/153 209/157 
f 176/100 177/101 211/102 210/103 
f 177/101 178/104 212/105 211/102 
f 178/104 179/106 213/107 212/105 
f 179/106 176/100 210/103 213/107 
f 180/182 181/183 215/184 214/185 
f 181/183 182/186 216/187 215/184 
f 182/186 183/213 217/215 216/187 
f 183/213 180/182 214/185 217/215 
f 184/219 185/222 219/251 218/253 
f 185/222 186/257 220/260 219/251 
f 186/257 187/264 221/265 220/260 
f 187/264 188/266 222/267 221/265 
f 188/266 189/268 223/269 222/267 
f 189/268 184/273 218/253 223/269 
f 191/168 192/171 193/173 190/169 
f 195/110 196/139 197/146 194/111 
f 199/176 200/179 201/181 198/177 
f 203/160 204/163 205/165 202/161 
f 207/152 208/155 209/157 206/153 
f 211/102 212/105 213/107 210/103 
f 214/185 215/184 216/187 217/215 
f 218/253 219/251 222/267 223/269 
f 219/251 220/260 221/265 222/267 
# 166 polygons

#
# object ??___??
#

v  31.515297 3.562665 3.129626
v  27.812702 3.562665 3.129626
v  31.515297 3.562665 4.446450
v  27.812702 3.562665 4.446449
v  31.515297 6.418259 3.129626
v  27.812702 6.418259 3.129626
v  31.515297 6.418259 4.446450
v  27.812702 6.418259 4.446449
v  31.234955 3.793085 2.357579
v  28.093044 3.793085 2.357579
v  28.093044 6.187839 2.357579
v  31.234955 6.187839 2.357579
v  28.082066 3.784061 4.446450
v  31.245934 3.784061 4.446450
v  31.245934 6.196862 4.446450
v  28.082066 6.196862 4.446450
v  28.129814 3.823307 4.258344
v  31.198185 3.823307 4.258344
v  31.198185 6.157617 4.258344
v  28.129814 6.157617 4.258344
# 20 vertices

vt 0.429622 0.425125 0.000000
vt 0.384815 0.470588 0.000000
vt 0.384815 0.356664 0.000000
vt 0.429622 0.404378 0.000000
vt 0.449483 0.425125 0.000000
vt 0.449483 0.404378 0.000000
vt 0.495072 0.356664 0.000000
vt 0.495072 0.470589 0.000000
vt 0.435630 0.419213 0.000000
vt 0.435630 0.410862 0.000000
vt 0.443545 0.410862 0.000000
vt 0.443545 0.419213 0.000000
vt 0.372988 0.482781 0.000000
vt 0.372988 0.344550 0.000000
vt 0.506887 0.482781 0.000000
vt 0.506887 0.344550 0.000000
vt 0.356496 0.499768 0.000000
vt 0.356496 0.327675 0.000000
vt 0.523355 0.499768 0.000000
vt 0.523355 0.327675 0.000000
vt 0.655953 0.850536 0.000000
vt 0.731219 0.850536 0.000000
vt 0.731219 0.920201 0.000000
vt 0.655953 0.920201 0.000000
# 24 texture coords

o ??___??
g ??___??
f 224/274 226/275 227/276 225/277 
f 228/278 229/279 231/280 230/281 
f 232/282 233/283 234/284 235/285 
f 225/277 227/276 231/280 229/279 
f 240/294 241/295 242/296 243/297 
f 226/275 224/274 228/278 230/281 
f 224/274 225/277 233/283 232/282 
f 225/277 229/279 234/284 233/283 
f 229/279 228/278 235/285 234/284 
f 228/278 224/274 232/282 235/285 
f 227/276 226/275 237/286 236/287 
f 226/275 230/281 238/288 237/286 
f 230/281 231/280 239/289 238/288 
f 231/280 227/276 236/287 239/289 
f 236/287 237/286 241/290 240/291 
f 237/286 238/288 242/292 241/290 
f 238/288 239/289 243/293 242/292 
f 239/289 236/287 240/291 243/293 
# 18 polygons

#
# object ??___??
#

v  27.162786 1.968174 13.618245
v  32.585815 1.968174 13.618245
v  27.162786 1.968174 10.278811
v  32.585815 1.968174 10.278811
v  27.162786 2.571787 13.618245
v  32.585815 2.571787 13.618245
v  27.162786 2.571787 10.278811
v  32.585815 2.571787 10.278811
v  27.507227 1.968174 10.278811
v  27.507227 1.968174 13.618245
v  27.507227 2.571787 13.618245
v  27.507227 2.571787 10.278811
v  32.241379 1.968174 10.278811
v  32.241379 1.968174 13.618245
v  32.241379 2.571787 13.618245
v  32.241379 2.571787 10.278811
v  27.162786 1.968174 13.281796
v  32.585815 1.968174 13.281796
v  32.585815 2.571787 13.281796
v  27.162786 2.571787 13.281796
v  27.507227 1.968174 10.615261
v  27.507227 2.571787 13.281796
v  32.241379 1.968174 10.615261
v  32.241379 2.571787 13.281796
v  27.162786 1.968174 10.615261
v  32.585815 1.968174 10.615261
v  32.585815 2.571787 10.615261
v  27.162786 2.571787 10.615261
v  27.507227 1.968174 13.281796
v  27.507227 2.571787 10.615261
v  32.241379 1.968174 13.281796
v  32.241379 2.571787 10.615261
v  27.162786 0.443818 13.618245
v  27.162786 0.443818 13.281796
v  27.507227 0.443818 13.281796
v  27.507227 0.443818 13.618245
v  32.585815 0.443818 10.278811
v  32.585815 0.443818 10.615261
v  32.241379 0.443818 10.615261
v  32.241379 0.443818 10.278811
v  27.162786 0.443818 10.278811
v  27.507227 0.443818 10.278811
v  27.507227 0.443818 10.615261
v  27.162786 0.443818 10.615261
v  32.585815 0.443818 13.618245
v  32.241379 0.443818 13.618245
v  32.241379 0.443818 13.281796
v  32.585815 0.443818 13.281796
v  32.585815 2.269980 13.618245
v  27.162786 2.269980 13.618245
v  32.585815 2.269980 10.278811
v  27.162786 2.269980 10.278811
v  27.507227 2.269980 13.618245
v  32.241379 2.269980 10.278811
v  32.241379 2.269980 13.618245
v  27.507227 2.269980 10.278811
v  32.585815 2.269980 13.281796
v  27.162786 2.269980 10.615261
v  32.585815 2.269980 10.615261
v  27.162786 2.269980 13.281796
v  27.507227 2.571787 13.812224
v  26.968809 2.571787 13.812224
v  26.968809 2.571787 13.281796
v  26.968809 2.571787 10.615261
v  26.968809 2.571787 10.084832
v  27.507227 2.571787 10.084832
v  32.241379 2.571787 10.084832
v  32.779797 2.571787 10.084832
v  32.779797 2.571787 10.615261
v  32.779797 2.571787 13.281796
v  32.779797 2.571787 13.812224
v  32.241379 2.571787 13.812224
v  26.968809 2.269980 13.812224
v  27.507227 2.269980 13.812224
v  32.241379 2.269980 13.812224
v  32.779797 2.269980 13.812224
v  32.779797 2.269980 13.281796
v  32.779797 2.269980 10.615261
v  32.779797 2.269980 10.084832
v  32.241379 2.269980 10.084832
v  27.507227 2.269980 10.084832
v  26.968809 2.269980 10.084832
v  26.968809 2.269980 10.615261
v  26.968809 2.269980 13.281796
v  27.507227 2.162153 10.615261
v  32.241379 2.162153 10.615261
v  32.241379 2.162153 13.281796
v  27.507227 2.162153 13.281796
# 88 vertices

vt 0.674081 0.578986 0.000000
vt 0.685860 0.941329 0.000000
vt 0.692575 0.538207 0.000000
vt 0.618319 0.446294 0.000000
vt 0.884357 0.604955 0.000000
vt 0.883616 0.596391 0.000000
vt 0.892712 0.596325 0.000000
vt 0.892617 0.605586 0.000000
vt 0.975120 0.789091 0.000000
vt 0.978449 0.782560 0.000000
vt 0.985761 0.784568 0.000000
vt 0.981243 0.797072 0.000000
vt 0.974874 0.652462 0.000000
vt 0.968878 0.649710 0.000000
vt 0.970657 0.642020 0.000000
vt 0.982379 0.645965 0.000000
vt 0.885460 0.648637 0.000000
vt 0.882397 0.654976 0.000000
vt 0.875294 0.653205 0.000000
vt 0.879254 0.641191 0.000000
vt 0.885637 0.783237 0.000000
vt 0.891401 0.786193 0.000000
vt 0.889356 0.793652 0.000000
vt 0.878167 0.789198 0.000000
vt 0.688933 0.529613 0.000000
vt 0.884722 0.464810 0.000000
vt 0.668322 0.586432 0.000000
vt 0.885466 0.456424 0.000000
vt 0.893742 0.455676 0.000000
vt 0.893871 0.465035 0.000000
vt 0.978027 0.659811 0.000000
vt 0.986131 0.657992 0.000000
vt 0.882812 0.776077 0.000000
vt 0.874948 0.777633 0.000000
vt 0.677266 0.944972 0.000000
vt 0.891138 0.655206 0.000000
vt 0.891665 0.776116 0.000000
vt 0.966524 0.596934 0.000000
vt 0.975598 0.597060 0.000000
vt 0.974931 0.605517 0.000000
vt 0.660706 0.577696 0.000000
vt 0.966559 0.606223 0.000000
vt 0.669319 0.940120 0.000000
vt 0.892157 0.645637 0.000000
vt 0.890797 0.637392 0.000000
vt 0.968133 0.791884 0.000000
vt 0.969192 0.800380 0.000000
vt 0.967472 0.456337 0.000000
vt 0.975653 0.457027 0.000000
vt 0.976458 0.465501 0.000000
vt 0.967287 0.465676 0.000000
vt 0.968937 0.660006 0.000000
vt 0.693785 0.521665 0.000000
vt 0.969469 0.782095 0.000000
vt 0.897066 0.660906 0.000000
vt 0.963996 0.666487 0.000000
vt 0.963550 0.776065 0.000000
vt 0.896623 0.769952 0.000000
vt 0.991081 0.785249 0.000000
vt 0.869851 0.598252 0.000000
vt 0.878203 0.596810 0.000000
vt 0.988297 0.804850 0.000000
vt 0.991446 0.657478 0.000000
vt 0.880771 0.608607 0.000000
vt 0.669239 0.570257 0.000000
vt 0.711079 0.579229 0.000000
vt 0.710504 0.590597 0.000000
vt 0.709563 0.600129 0.000000
vt 0.622034 0.455098 0.000000
vt 0.617281 0.462868 0.000000
vt 0.608420 0.453856 0.000000
vt 0.659768 0.455499 0.000000
vt 0.702563 0.530403 0.000000
vt 0.651200 0.529251 0.000000
vt 0.651815 0.517563 0.000000
vt 0.652720 0.508300 0.000000
vt 0.678056 0.931342 0.000000
vt 0.676904 0.982705 0.000000
vt 0.665217 0.982090 0.000000
vt 0.655953 0.981184 0.000000
vt 0.874462 0.613546 0.000000
vt 0.989498 0.638741 0.000000
vt 0.971273 0.636529 0.000000
vt 0.891903 0.441934 0.000000
vt 0.893337 0.450308 0.000000
vt 0.890430 0.631885 0.000000
vt 0.872193 0.634217 0.000000
vt 0.881818 0.452834 0.000000
vt 0.876906 0.446537 0.000000
vt 0.870186 0.652673 0.000000
vt 0.990142 0.463617 0.000000
vt 0.869851 0.777998 0.000000
vt 0.981832 0.465072 0.000000
vt 0.871027 0.795619 0.000000
vt 0.979233 0.453374 0.000000
vt 0.888490 0.798998 0.000000
vt 0.985498 0.448455 0.000000
vt 0.969301 0.806034 0.000000
vt 0.968422 0.620062 0.000000
vt 0.966970 0.611638 0.000000
vt 0.978589 0.609101 0.000000
vt 0.983541 0.615425 0.000000
vt 0.879421 0.464355 0.000000
vt 0.870151 0.462190 0.000000
vt 0.980933 0.597499 0.000000
vt 0.990239 0.599644 0.000000
vt 0.967912 0.451049 0.000000
vt 0.970040 0.441754 0.000000
vt 0.892179 0.610919 0.000000
vt 0.890040 0.620266 0.000000
vt 0.659169 0.466911 0.000000
vt 0.658255 0.476376 0.000000
vt 0.659733 0.446141 0.000000
vt 0.618286 0.437153 0.000000
vt 0.616367 0.472333 0.000000
vt 0.659700 0.437000 0.000000
vt 0.686029 0.982668 0.000000
vt 0.651237 0.538375 0.000000
vt 0.710976 0.569798 0.000000
vt 0.695201 0.941291 0.000000
vt 0.660055 0.939214 0.000000
vt 0.695369 0.982630 0.000000
vt 0.692613 0.547548 0.000000
vt 0.694690 0.512402 0.000000
vt 0.651275 0.547716 0.000000
vt 0.667381 0.595963 0.000000
vt 0.669137 0.561045 0.000000
vt 0.710874 0.560586 0.000000
# 128 texture coords

o ??___??
g ??___??
f 276/298 277/324 278/338 279/362 
f 248/302 254/303 265/304 263/305 
f 244/306 253/307 296/308 293/309 
f 245/310 261/311 300/312 292/313 
f 247/314 256/315 297/316 294/317 
f 246/318 268/319 301/320 295/321 
f 283/301 280/366 281/367 282/368 
f 258/323 249/325 262/326 267/327 
f 257/328 245/310 292/313 298/329 
f 252/330 246/318 295/321 299/331 
f 252/330 256/315 266/333 264/334 
f 254/303 258/323 267/327 265/304 
f 253/307 257/328 298/329 296/308 
f 256/315 252/330 299/331 297/316 
f 287/300 284/322 285/350 286/370 
f 273/335 255/336 250/337 271/339 
f 269/341 247/314 294/317 302/342 
f 260/343 244/306 293/309 303/344 
f 291/299 288/332 289/340 290/374 
f 270/345 251/346 259/347 275/348 
f 274/349 257/328 253/307 272/351 
f 275/348 259/347 255/336 273/335 
f 260/343 268/319 264/334 272/351 
f 265/304 273/335 271/339 263/305 
f 261/311 269/341 302/342 300/312 
f 268/319 260/343 303/344 301/320 
f 269/341 261/311 274/349 266/333 
f 262/326 270/345 275/348 267/327 
f 329/352 330/353 331/354 328/355 
f 267/327 275/348 273/335 265/304 
f 244/363 260/364 277/324 276/298 
f 260/364 272/365 278/423 277/324 
f 272/425 253/416 279/362 278/424 
f 253/416 244/363 276/298 279/362 
f 247/369 269/408 281/367 280/366 
f 269/408 266/409 282/412 281/367 
f 266/413 256/410 283/301 282/411 
f 256/410 247/369 280/366 283/301 
f 246/371 252/372 285/350 284/322 
f 252/372 264/373 286/421 285/350 
f 264/422 268/415 287/300 286/420 
f 268/415 246/371 284/322 287/300 
f 245/375 257/376 289/340 288/332 
f 257/376 274/377 290/418 289/340 
f 274/419 261/414 291/299 290/417 
f 261/414 245/375 288/332 291/299 
f 317/357 304/358 305/361 316/378 
f 320/381 313/382 314/385 319/386 
f 323/388 310/390 311/392 322/394 
f 326/396 307/397 308/398 325/399 
f 319/386 314/385 315/400 318/401 
f 325/399 308/398 309/402 324/403 
f 318/401 315/400 304/358 317/357 
f 324/403 309/402 310/390 323/388 
f 322/394 311/392 312/404 321/405 
f 316/378 305/361 306/406 327/407 
f 321/405 312/404 313/382 320/381 
f 327/407 306/406 307/397 326/396 
f 254/303 248/302 305/361 304/358 
f 248/302 263/305 306/406 305/361 
f 263/305 271/339 307/397 306/406 
f 271/339 250/337 308/398 307/397 
f 250/337 255/336 309/402 308/398 
f 255/336 259/347 310/390 309/402 
f 259/347 251/346 311/392 310/390 
f 251/346 270/345 312/404 311/392 
f 270/345 262/326 313/382 312/404 
f 262/326 249/325 314/385 313/382 
f 249/325 258/323 315/400 314/385 
f 258/323 254/303 304/358 315/400 
f 293/309 296/308 317/356 316/359 
f 296/308 298/329 318/360 317/356 
f 298/329 292/313 319/379 318/360 
f 292/313 300/312 320/380 319/379 
f 300/312 302/342 321/383 320/380 
f 302/342 294/317 322/384 321/383 
f 294/317 297/316 323/387 322/384 
f 297/316 299/331 324/389 323/387 
f 299/331 295/321 325/391 324/389 
f 295/321 301/320 326/393 325/391 
f 301/320 303/344 327/395 326/393 
f 303/344 293/309 316/359 327/395 
f 264/334 266/333 329/352 328/355 
f 266/333 274/349 330/353 329/352 
f 274/349 272/351 331/354 330/353 
f 272/351 264/334 328/355 331/354 
# 86 polygons

#
# object ??___???_?
#

v  19.193390 0.364409 2.966779
v  22.047588 0.443641 2.893713
v  22.107317 0.443641 5.820647
v  19.180384 0.364409 5.820646
v  22.107317 3.538298 5.820647
v  22.047588 3.538299 2.893713
v  19.120323 3.538298 2.966778
v  19.159077 3.561972 5.893713
v  19.402842 2.483781 5.893713
v  21.811123 3.302005 5.893713
v  19.402836 3.302005 5.893713
v  21.811123 2.483785 5.893713
v  19.416508 2.483781 3.049246
v  21.824795 2.483781 3.049246
v  21.824795 3.302005 3.049246
v  19.416508 3.302005 3.049246
v  19.402842 1.538957 5.893713
v  21.811123 2.357181 5.893713
v  19.402836 2.357181 5.893713
v  21.811123 1.538961 5.893713
v  19.416508 2.357181 3.049246
v  21.824795 2.357181 3.049246
v  19.416508 1.538957 3.049246
v  21.824795 1.538957 3.049246
v  19.402842 0.594133 5.893713
v  21.811123 1.412356 5.893713
v  19.402836 1.412356 5.893713
v  21.811123 0.594137 5.893713
v  19.402836 1.412356 3.049246
v  21.811123 1.412356 3.049246
v  19.402836 0.594133 3.049246
v  21.811123 0.594133 3.049246
v  19.120323 0.443641 2.966778
v  19.193722 0.443641 2.893713
v  22.120323 0.443641 2.966778
v  22.047255 0.364409 2.966779
v  22.047577 0.410537 5.893713
v  22.034248 0.364409 5.820646
v  19.166391 0.410537 5.893713
v  19.107317 0.443641 5.820647
v  22.034248 3.617530 5.820646
v  22.071924 3.551360 5.893713
v  22.047255 3.617530 2.966779
v  22.120323 3.538299 2.966778
v  19.193390 3.617530 2.966779
v  19.193722 3.538299 2.893713
v  19.180384 3.617530 5.820646
v  19.107317 3.538299 5.820647
v  22.107317 2.480307 5.820647
v  22.107317 1.426093 5.820647
v  22.047588 2.480308 2.893713
v  22.047588 1.426092 2.893713
v  19.120323 2.480308 2.966778
v  19.120323 1.426092 2.966778
v  19.107317 1.426093 5.820647
v  19.107317 2.480307 5.820647
v  22.074394 2.363304 5.893713
v  22.060553 1.423131 5.893713
v  22.120323 2.480308 2.966778
v  22.120323 1.426092 2.966778
v  19.193722 2.480308 2.893713
v  19.193722 1.426092 2.893713
v  19.163816 1.539808 5.893713
v  19.161390 2.480970 5.893713
v  22.107317 2.364612 5.820647
v  22.107317 1.541789 5.820647
v  22.047588 2.364612 2.893713
v  22.047588 1.541788 2.893713
v  19.120323 2.364612 2.966778
v  19.120323 1.541788 2.966778
v  19.107317 1.541789 5.820647
v  19.107317 2.364612 5.820647
v  22.075878 2.478989 5.893713
v  22.062141 1.538814 5.893713
v  22.120323 2.364612 2.966778
v  22.120323 1.541788 2.966778
v  19.193722 2.364612 2.893713
v  19.193722 1.541788 2.893713
v  19.164097 1.424112 5.893713
v  19.161652 2.365275 5.893713
# 80 vertices

vt 0.826196 0.217040 0.000000
vt 0.958452 0.216961 0.000000
vt 0.961855 0.223497 0.000000
vt 0.822797 0.223582 0.000000
vt 0.961783 0.004452 0.000000
vt 0.958380 0.011185 0.000000
vt 0.826123 0.011258 0.000000
vt 0.822715 0.004526 0.000000
vt 0.977121 0.141914 0.000000
vt 0.977273 0.090564 0.000000
vt 0.990751 0.089176 0.000000
vt 0.990467 0.143473 0.000000
vt 0.823058 0.141196 0.000000
vt 0.822985 0.091361 0.000000
vt 0.961587 0.091283 0.000000
vt 0.306594 0.883076 0.000000
vt 0.306775 0.885953 0.000000
vt 0.304308 0.885700 0.000000
vt 0.304210 0.970307 0.000000
vt 0.307019 0.970042 0.000000
vt 0.764629 0.947468 0.000000
vt 0.838963 0.947633 0.000000
vt 0.857246 0.965905 0.000000
vt 0.746265 0.965658 0.000000
vt 0.306814 0.973191 0.000000
vt 0.393607 0.886146 0.000000
vt 0.395874 0.888827 0.000000
vt 0.392873 0.888455 0.000000
vt 0.746513 0.855289 0.000000
vt 0.839240 0.750246 0.000000
vt 0.857625 0.732088 0.000000
vt 0.857246 0.842456 0.000000
vt 0.838985 0.824162 0.000000
vt 0.764652 0.823905 0.000000
vt 0.746265 0.842072 0.000000
vt 0.746649 0.731704 0.000000
vt 0.394276 0.966993 0.000000
vt 0.764908 0.749989 0.000000
vt 0.396720 0.966958 0.000000
vt 0.550485 0.868653 0.000000
vt 0.532368 0.850536 0.000000
vt 0.394762 0.969444 0.000000
vt 0.361106 0.882358 0.000000
vt 0.642980 0.850536 0.000000
vt 0.624863 0.868653 0.000000
vt 0.624863 0.943032 0.000000
vt 0.642979 0.961148 0.000000
vt 0.532368 0.961147 0.000000
vt 0.550484 0.943031 0.000000
vt 0.337265 0.881816 0.000000
vt 0.337275 0.879056 0.000000
vt 0.361357 0.879782 0.000000
vt 0.339741 0.974107 0.000000
vt 0.363856 0.972993 0.000000
vt 0.364162 0.975869 0.000000
vt 0.339797 0.977167 0.000000
vt 0.336255 0.966439 0.000000
vt 0.333894 0.889633 0.000000
vt 0.337350 0.889549 0.000000
vt 0.339767 0.966497 0.000000
vt 0.362988 0.965611 0.000000
vt 0.961550 0.141116 0.000000
vt 0.794120 0.143587 0.000000
vt 0.793798 0.089287 0.000000
vt 0.807278 0.090660 0.000000
vt 0.807466 0.142013 0.000000
vt 0.360272 0.890512 0.000000
vt 0.363673 0.890619 0.000000
vt 0.366394 0.965454 0.000000
vt 0.764794 0.873551 0.000000
vt 0.839127 0.873717 0.000000
vt 0.857489 0.855536 0.000000
vt 0.311452 0.892073 0.000000
vt 0.312234 0.963308 0.000000
vt 0.387711 0.961589 0.000000
vt 0.386044 0.894982 0.000000
vt 0.333755 0.882013 0.000000
vt 0.333628 0.879285 0.000000
vt 0.364991 0.880193 0.000000
vt 0.364612 0.882656 0.000000
vt 0.819307 0.211388 0.000000
vt 0.826758 0.209336 0.000000
vt 0.957896 0.209260 0.000000
vt 0.965332 0.211299 0.000000
vt 0.367255 0.972546 0.000000
vt 0.367672 0.975268 0.000000
vt 0.335984 0.977114 0.000000
vt 0.336107 0.974061 0.000000
vt 0.957821 0.019012 0.000000
vt 0.965238 0.016961 0.000000
vt 0.819264 0.017039 0.000000
vt 0.826698 0.019085 0.000000
vt 0.812800 0.216428 0.000000
vt 0.812752 0.011895 0.000000
vt 0.971844 0.216331 0.000000
vt 0.971749 0.011811 0.000000
vt 0.976263 0.076800 0.000000
vt 0.989041 0.073601 0.000000
vt 0.988643 0.158879 0.000000
vt 0.976045 0.155572 0.000000
vt 0.823294 0.078879 0.000000
vt 0.961270 0.078801 0.000000
vt 0.961217 0.153521 0.000000
vt 0.823400 0.153601 0.000000
vt 0.795498 0.073707 0.000000
vt 0.808279 0.076891 0.000000
vt 0.808552 0.155672 0.000000
vt 0.795957 0.158993 0.000000
# 108 texture coords

o ??___???_?
g ??___???_?
f 332/426 367/427 369/428 335/429 
f 372/430 374/431 376/432 378/433 
f 407/434 406/435 396/436 397/437 
f 409/438 408/439 398/440 399/487 
f 402/488 403/489 400/490 401/491 
f 344/446 347/447 342/448 340/449 
f 343/454 345/495 344/446 340/449 
f 346/496 345/495 343/454 341/497 
f 346/496 341/497 342/448 347/447 
f 353/455 349/456 350/457 352/458 
f 354/459 352/458 350/457 348/460 
f 351/461 355/463 354/459 348/460 
f 353/455 355/463 351/461 349/456 
f 352/458 354/459 355/463 353/455 
f 361/465 357/466 358/469 360/470 
f 362/471 360/470 358/469 356/472 
f 359/473 363/474 362/471 356/472 
f 361/465 363/474 359/473 357/466 
f 360/470 362/471 363/474 361/465 
f 347/447 344/446 345/495 346/496 
f 332/426 364/506 365/507 
f 333/508 366/509 367/427 
f 334/441 368/442 369/443 
f 335/444 370/445 371/450 
f 336/451 372/452 373/453 
f 337/514 374/431 375/515 
f 338/516 376/432 377/517 
f 339/462 378/464 379/467 
f 369/443 368/442 370/445 335/444 
f 335/429 371/518 364/506 332/426 
f 376/432 338/516 379/519 378/433 
f 378/464 339/462 373/453 372/452 
f 388/468 405/475 397/476 396/477 
f 334/520 369/428 367/427 366/509 
f 406/435 407/434 399/487 398/440 
f 333/508 367/427 332/426 365/507 
f 408/439 409/438 401/491 400/490 
f 372/430 336/521 375/515 374/431 
f 374/431 337/514 377/517 376/432 
f 394/478 411/479 403/480 402/481 
f 358/482 357/483 351/484 348/485 
f 350/486 349/492 343/493 340/494 
f 370/445 368/442 359/498 356/499 
f 373/453 339/462 342/500 341/501 
f 390/522 375/515 336/521 380/523 
f 381/524 334/520 366/509 391/525 
f 392/526 377/517 337/514 382/527 
f 383/528 333/508 365/507 393/529 
f 387/530 379/519 338/516 384/531 
f 385/532 364/506 371/518 386/533 
f 389/502 368/442 334/441 381/503 
f 380/504 336/451 373/453 404/505 
f 391/525 366/509 333/508 383/528 
f 382/527 337/514 375/515 390/522 
f 393/529 365/507 364/506 385/532 
f 384/531 338/516 377/517 392/526 
f 395/510 339/462 379/467 387/511 
f 386/512 371/450 370/445 410/513 
f 406/435 390/522 380/523 396/436 
f 397/437 381/524 391/525 407/434 
f 408/439 392/526 382/527 398/440 
f 399/487 383/528 393/529 409/438 
f 403/489 387/530 384/531 400/490 
f 401/491 385/532 386/533 402/488 
f 405/475 389/502 381/503 397/476 
f 396/477 380/504 404/505 388/468 
f 407/434 391/525 383/528 399/487 
f 398/440 382/527 390/522 406/435 
f 409/438 393/529 385/532 401/491 
f 400/490 384/531 392/526 408/439 
f 411/479 395/510 387/511 403/480 
f 402/481 386/512 410/513 394/478 
f 394/478 410/513 358/482 348/485 
f 395/510 411/479 350/486 340/494 
f 388/468 404/505 343/493 349/492 
f 389/502 405/475 351/484 357/483 
f 339/462 395/510 340/494 342/500 
f 404/505 373/453 341/501 343/493 
f 351/484 405/475 388/468 349/492 
f 350/486 411/479 394/478 348/485 
f 368/442 389/502 357/483 359/498 
f 410/513 370/445 356/499 358/482 
# 74 polygons - 8 triangles

#
# object ??___???_??
#

v  19.514000 3.617396 5.494000
v  21.714001 3.617396 5.494000
v  19.514000 3.617396 3.294000
v  21.714001 3.617396 3.294000
v  19.514000 4.117396 5.494000
v  21.714001 4.117396 5.494000
v  19.514000 4.117396 3.294000
v  21.714001 4.117396 3.294000
# 8 vertices

vt 0.312011 0.734487 0.000000
vt 0.312750 0.675257 0.000000
vt 0.371980 0.675996 0.000000
vt 0.371240 0.735226 0.000000
vt 0.313657 0.602567 0.000000
vt 0.372886 0.603305 0.000000
vt 0.372147 0.662535 0.000000
vt 0.312918 0.661796 0.000000
vt 0.300196 0.602399 0.000000
vt 0.313825 0.589105 0.000000
vt 0.299457 0.661628 0.000000
vt 0.385608 0.662703 0.000000
vt 0.373054 0.589844 0.000000
vt 0.386348 0.603473 0.000000
# 14 texture coords

o ??___???_??
g ??___???_??
f 412/534 414/535 415/536 413/537 
f 416/538 417/539 419/540 418/541 
f 412/543 413/546 417/539 416/538 
f 413/547 415/545 419/540 417/539 
f 415/536 414/535 418/541 419/540 
f 414/544 412/542 416/538 418/541 
# 6 polygons

#
# object ??___???
#

v  20.631546 4.250257 4.363612
v  20.620094 4.250257 4.359444
v  20.607906 4.250257 4.359444
v  20.596455 4.250257 4.363612
v  20.587120 4.250257 4.371445
v  20.581026 4.250257 4.381999
v  20.578911 4.250257 4.394001
v  20.581026 4.250257 4.406002
v  20.587120 4.250257 4.416556
v  20.596455 4.250257 4.424389
v  20.607906 4.250257 4.428557
v  20.620094 4.250257 4.428557
v  20.631546 4.250257 4.424389
v  20.640881 4.250257 4.416556
v  20.646975 4.250257 4.406002
v  20.649090 4.250257 4.394001
v  20.646975 4.250257 4.381999
v  20.640881 4.250257 4.371445
v  21.118727 4.250257 3.519787
v  20.789289 4.250257 3.399882
v  20.438711 4.250257 3.399882
v  20.109272 4.250257 3.519787
v  19.840714 4.250257 3.745136
v  19.665422 4.250257 4.048747
v  19.604546 4.250257 4.394001
v  19.665422 4.250257 4.739254
v  19.840714 4.250257 5.042865
v  20.109272 4.250257 5.268214
v  20.438709 4.250257 5.388119
v  20.789289 4.250257 5.388119
v  21.118727 4.250257 5.268214
v  21.387287 4.250257 5.042866
v  21.562576 4.250257 4.739255
v  21.623455 4.250257 4.394001
v  21.562578 4.250257 4.048747
v  21.387287 4.250257 3.745136
v  21.118727 4.277675 3.519787
v  20.789289 4.277675 3.399882
v  20.438711 4.277675 3.399882
v  20.109272 4.277675 3.519787
v  19.840714 4.277675 3.745136
v  19.665422 4.277675 4.048747
v  19.604546 4.277675 4.394001
v  19.665422 4.277675 4.739254
v  19.840714 4.277675 5.042865
v  20.109272 4.277675 5.268214
v  20.438709 4.277675 5.388119
v  20.789289 4.277675 5.388119
v  21.118727 4.277675 5.268214
v  21.387287 4.277675 5.042866
v  21.562576 4.277675 4.739255
v  21.623455 4.277675 4.394001
v  21.562578 4.277675 4.048747
v  21.387287 4.277675 3.745136
v  20.631546 4.277675 4.363612
v  20.620094 4.277675 4.359444
v  20.607906 4.277675 4.359444
v  20.596455 4.277675 4.363612
v  20.587120 4.277675 4.371445
v  20.581026 4.277675 4.381999
v  20.578911 4.277675 4.394001
v  20.581026 4.277675 4.406002
v  20.587120 4.277675 4.416556
v  20.596455 4.277675 4.424389
v  20.607906 4.277675 4.428557
v  20.620094 4.277675 4.428557
v  20.631546 4.277675 4.424389
v  20.640881 4.277675 4.416556
v  20.646975 4.277675 4.406002
v  20.649090 4.277675 4.394001
v  20.646975 4.277675 4.381999
v  20.640881 4.277675 4.371445
v  20.757963 4.250257 4.144650
v  20.663998 4.250257 4.110449
v  20.564003 4.250257 4.110449
v  20.470037 4.250257 4.144650
v  20.393436 4.250257 4.208926
v  20.343439 4.250257 4.295524
v  20.326075 4.250257 4.394001
v  20.343439 4.250257 4.492477
v  20.393436 4.250257 4.579075
v  20.470037 4.250257 4.643352
v  20.564003 4.250257 4.677552
v  20.663998 4.250257 4.677552
v  20.757963 4.250257 4.643352
v  20.834564 4.250257 4.579076
v  20.884562 4.250257 4.492477
v  20.901926 4.250257 4.394001
v  20.884562 4.250257 4.295524
v  20.834564 4.250257 4.208926
v  20.767963 4.277675 4.127329
v  20.667471 4.277675 4.090753
v  20.560530 4.277675 4.090753
v  20.460037 4.277675 4.127329
v  20.378115 4.277675 4.196070
v  20.324644 4.277675 4.288684
v  20.306074 4.277675 4.394001
v  20.324644 4.277675 4.499317
v  20.378115 4.277675 4.591931
v  20.460037 4.277675 4.660672
v  20.560530 4.277675 4.697248
v  20.667471 4.277675 4.697248
v  20.767963 4.277675 4.660672
v  20.849884 4.277675 4.591931
v  20.903357 4.277675 4.499318
v  20.921926 4.277675 4.394001
v  20.903357 4.277675 4.288684
v  20.849886 4.277675 4.196070
v  20.767963 4.250257 4.127329
v  20.667471 4.250257 4.090753
v  20.560530 4.250257 4.090753
v  20.460037 4.250257 4.127329
v  20.378115 4.250257 4.196070
v  20.324644 4.250257 4.288684
v  20.306074 4.250257 4.394001
v  20.324644 4.250257 4.499317
v  20.378115 4.250257 4.591931
v  20.460037 4.250257 4.660672
v  20.560530 4.250257 4.697248
v  20.667471 4.250257 4.697248
v  20.767963 4.250257 4.660672
v  20.849884 4.250257 4.591931
v  20.903357 4.250257 4.499317
v  20.921926 4.250257 4.394001
v  20.903357 4.250257 4.288684
v  20.849886 4.250257 4.196070
v  20.757963 4.277675 4.144650
v  20.663998 4.277675 4.110449
v  20.564003 4.277675 4.110449
v  20.470037 4.277675 4.144650
v  20.393436 4.277675 4.208926
v  20.343439 4.277675 4.295524
v  20.326075 4.277675 4.394001
v  20.343439 4.277675 4.492477
v  20.393436 4.277675 4.579075
v  20.470037 4.277675 4.643352
v  20.564003 4.277675 4.677552
v  20.663998 4.277675 4.677552
v  20.757963 4.277675 4.643352
v  20.834564 4.277675 4.579076
v  20.884562 4.277675 4.492477
v  20.901926 4.277675 4.394001
v  20.884562 4.277675 4.295524
v  20.834564 4.277675 4.208926
v  20.757963 4.259578 4.144650
v  20.663998 4.259578 4.110449
v  20.564003 4.259578 4.110449
v  20.470037 4.259578 4.144650
v  20.393436 4.259578 4.208926
v  20.343439 4.259578 4.295524
v  20.326075 4.259578 4.394001
v  20.343439 4.259578 4.492477
v  20.393436 4.259578 4.579075
v  20.470037 4.259578 4.643352
v  20.564003 4.259578 4.677552
v  20.663998 4.259578 4.677552
v  20.757963 4.259578 4.643352
v  20.834564 4.259578 4.579076
v  20.884562 4.259578 4.492477
v  20.901926 4.259578 4.394001
v  20.884562 4.259578 4.295524
v  20.834564 4.259578 4.208926
v  20.667471 4.259578 4.090753
v  20.767963 4.259578 4.127329
v  20.849886 4.259578 4.196070
v  20.903357 4.259578 4.288684
v  20.921926 4.259578 4.394001
v  20.903357 4.259578 4.499317
v  20.849884 4.259578 4.591931
v  20.767963 4.259578 4.660672
v  20.667471 4.259578 4.697248
v  20.560530 4.259578 4.697248
v  20.460037 4.259578 4.660672
v  20.378115 4.259578 4.591931
v  20.324644 4.259578 4.499317
v  20.306074 4.259578 4.394001
v  20.324644 4.259578 4.288684
v  20.378115 4.259578 4.196070
v  20.460037 4.259578 4.127329
v  20.560530 4.259578 4.090753
v  20.767963 4.268354 4.127329
v  20.667471 4.268354 4.090753
v  20.560530 4.268354 4.090753
v  20.460037 4.268354 4.127329
v  20.378115 4.268354 4.196070
v  20.324644 4.268354 4.288684
v  20.306074 4.268354 4.394001
v  20.324644 4.268354 4.499317
v  20.378115 4.268354 4.591931
v  20.460037 4.268354 4.660672
v  20.560530 4.268354 4.697248
v  20.667471 4.268354 4.697248
v  20.767963 4.268354 4.660672
v  20.849884 4.268354 4.591931
v  20.903357 4.268354 4.499318
v  20.921926 4.268354 4.394001
v  20.903357 4.268354 4.288684
v  20.849886 4.268354 4.196070
v  20.663998 4.268354 4.110449
v  20.757963 4.268354 4.144650
v  20.834564 4.268354 4.208926
v  20.884562 4.268354 4.295524
v  20.901926 4.268354 4.394001
v  20.884562 4.268354 4.492477
v  20.834564 4.268354 4.579076
v  20.757963 4.268354 4.643352
v  20.663998 4.268354 4.677552
v  20.564003 4.268354 4.677552
v  20.470037 4.268354 4.643352
v  20.393436 4.268354 4.579075
v  20.343439 4.268354 4.492477
v  20.326075 4.268354 4.394001
v  20.343439 4.268354 4.295524
v  20.393436 4.268354 4.208926
v  20.470037 4.268354 4.144650
v  20.564003 4.268354 4.110449
# 216 vertices

vt 0.028105 0.030619 0.000000
vt 0.027495 0.030836 0.000000
vt 0.024653 0.025853 0.000000
vt 0.027141 0.024962 0.000000
vt 0.026998 0.031250 0.000000
vt 0.022620 0.027541 0.000000
vt 0.026673 0.031809 0.000000
vt 0.021287 0.029822 0.000000
vt 0.026559 0.032456 0.000000
vt 0.020816 0.032456 0.000000
vt 0.026670 0.033083 0.000000
vt 0.021261 0.035023 0.000000
vt 0.026990 0.033644 0.000000
vt 0.022569 0.037315 0.000000
vt 0.027483 0.034063 0.000000
vt 0.024581 0.039021 0.000000
vt 0.028089 0.034289 0.000000
vt 0.027058 0.039937 0.000000
vt 0.028736 0.034294 0.000000
vt 0.029699 0.039951 0.000000
vt 0.029345 0.034076 0.000000
vt 0.032187 0.039060 0.000000
vt 0.029842 0.033663 0.000000
vt 0.034220 0.037371 0.000000
vt 0.030167 0.033104 0.000000
vt 0.035553 0.035090 0.000000
vt 0.030281 0.032456 0.000000
vt 0.036024 0.032456 0.000000
vt 0.030171 0.031830 0.000000
vt 0.035579 0.029890 0.000000
vt 0.029850 0.031269 0.000000
vt 0.034272 0.027598 0.000000
vt 0.029358 0.030850 0.000000
vt 0.032259 0.025891 0.000000
vt 0.028751 0.030624 0.000000
vt 0.029783 0.024975 0.000000
vt 0.023960 0.006298 0.000000
vt 0.015275 0.009410 0.000000
vt 0.014346 0.007783 0.000000
vt 0.023644 0.004452 0.000000
vt 0.008176 0.015304 0.000000
vt 0.006747 0.014093 0.000000
vt 0.003522 0.023267 0.000000
vt 0.001765 0.022618 0.000000
vt 0.001872 0.032337 0.000000
vt 0.000000 0.032328 0.000000
vt 0.003423 0.041419 0.000000
vt 0.001662 0.042050 0.000000
vt 0.007987 0.049419 0.000000
vt 0.006548 0.050614 0.000000
vt 0.015014 0.055376 0.000000
vt 0.014070 0.056991 0.000000
vt 0.023659 0.058570 0.000000
vt 0.023324 0.060412 0.000000
vt 0.032881 0.058614 0.000000
vt 0.033196 0.060461 0.000000
vt 0.041566 0.055502 0.000000
vt 0.042494 0.057130 0.000000
vt 0.048664 0.049608 0.000000
vt 0.050093 0.050820 0.000000
vt 0.053318 0.041645 0.000000
vt 0.055075 0.042294 0.000000
vt 0.054969 0.032576 0.000000
vt 0.056840 0.032585 0.000000
vt 0.053417 0.023494 0.000000
vt 0.055178 0.022863 0.000000
vt 0.048853 0.015493 0.000000
vt 0.050292 0.014299 0.000000
vt 0.041826 0.009537 0.000000
vt 0.042770 0.007922 0.000000
vt 0.033181 0.006343 0.000000
vt 0.033516 0.004501 0.000000
vt 0.762611 0.159423 0.000000
vt 0.774816 0.161793 0.000000
vt 0.767145 0.181784 0.000000
vt 0.762240 0.180832 0.000000
vt 0.785474 0.168195 0.000000
vt 0.771428 0.184358 0.000000
vt 0.793299 0.177856 0.000000
vt 0.774573 0.188240 0.000000
vt 0.797349 0.189611 0.000000
vt 0.776200 0.192964 0.000000
vt 0.797134 0.202042 0.000000
vt 0.776114 0.197959 0.000000
vt 0.792680 0.213650 0.000000
vt 0.774324 0.202624 0.000000
vt 0.784524 0.223034 0.000000
vt 0.771047 0.206395 0.000000
vt 0.773651 0.229063 0.000000
vt 0.766677 0.208818 0.000000
vt 0.027081 0.033569 0.000000
vt 0.027542 0.033961 0.000000
vt 0.029759 0.031344 0.000000
vt 0.029298 0.030952 0.000000
vt 0.027554 0.030939 0.000000
vt 0.028125 0.030736 0.000000
vt 0.026781 0.033043 0.000000
vt 0.026678 0.032456 0.000000
vt 0.026784 0.031850 0.000000
vt 0.027089 0.031326 0.000000
vt 0.028730 0.030740 0.000000
vt 0.028110 0.034172 0.000000
vt 0.028715 0.034177 0.000000
vt 0.029286 0.033973 0.000000
vt 0.029752 0.033586 0.000000
vt 0.030056 0.033063 0.000000
vt 0.030163 0.032456 0.000000
vt 0.030060 0.031870 0.000000
vt 0.023467 0.023773 0.000000
vt 0.026738 0.022603 0.000000
vt 0.020794 0.025993 0.000000
vt 0.019044 0.028993 0.000000
vt 0.018426 0.032456 0.000000
vt 0.019013 0.035828 0.000000
vt 0.020731 0.038840 0.000000
vt 0.023376 0.041084 0.000000
vt 0.026630 0.042290 0.000000
vt 0.030102 0.042310 0.000000
vt 0.033373 0.041139 0.000000
vt 0.036046 0.038919 0.000000
vt 0.037796 0.035919 0.000000
vt 0.038414 0.032456 0.000000
vt 0.037828 0.029085 0.000000
vt 0.036109 0.026073 0.000000
vt 0.033464 0.023829 0.000000
vt 0.030210 0.022623 0.000000
vt 0.761371 0.231009 0.000000
vt 0.761742 0.209601 0.000000
vt 0.749166 0.228639 0.000000
vt 0.756837 0.208648 0.000000
vt 0.738508 0.222237 0.000000
vt 0.752554 0.206075 0.000000
vt 0.730683 0.212576 0.000000
vt 0.749409 0.202193 0.000000
vt 0.726634 0.200821 0.000000
vt 0.747782 0.197469 0.000000
vt 0.726849 0.188390 0.000000
vt 0.747868 0.192473 0.000000
vt 0.731303 0.176783 0.000000
vt 0.749658 0.187808 0.000000
vt 0.739458 0.167398 0.000000
vt 0.752936 0.184037 0.000000
vt 0.750331 0.161369 0.000000
vt 0.757305 0.181614 0.000000
vt 0.024448 0.025492 0.000000
vt 0.023921 0.024570 0.000000
vt 0.026892 0.023506 0.000000
vt 0.027071 0.024553 0.000000
vt 0.022303 0.027273 0.000000
vt 0.021494 0.026586 0.000000
vt 0.020899 0.029679 0.000000
vt 0.019903 0.029311 0.000000
vt 0.020402 0.032456 0.000000
vt 0.019341 0.032456 0.000000
vt 0.020872 0.035162 0.000000
vt 0.019873 0.035520 0.000000
vt 0.022251 0.037578 0.000000
vt 0.021435 0.038256 0.000000
vt 0.024373 0.039378 0.000000
vt 0.023838 0.040294 0.000000
vt 0.026984 0.040345 0.000000
vt 0.026794 0.041389 0.000000
vt 0.029769 0.040360 0.000000
vt 0.029948 0.041406 0.000000
vt 0.032393 0.039420 0.000000
vt 0.032919 0.040343 0.000000
vt 0.034537 0.037640 0.000000
vt 0.035347 0.038326 0.000000
vt 0.035942 0.035234 0.000000
vt 0.036937 0.035602 0.000000
vt 0.036438 0.032456 0.000000
vt 0.037499 0.032456 0.000000
vt 0.035968 0.029751 0.000000
vt 0.036967 0.029393 0.000000
vt 0.034590 0.027334 0.000000
vt 0.035406 0.026657 0.000000
vt 0.032467 0.025534 0.000000
vt 0.033003 0.024618 0.000000
vt 0.029857 0.024568 0.000000
vt 0.030046 0.023524 0.000000
vt 0.765790 0.185317 0.000000
vt 0.763215 0.192027 0.000000
vt 0.762050 0.191801 0.000000
vt 0.762175 0.184614 0.000000
vt 0.768947 0.187213 0.000000
vt 0.764232 0.192638 0.000000
vt 0.771264 0.190074 0.000000
vt 0.764979 0.193560 0.000000
vt 0.772464 0.193556 0.000000
vt 0.765365 0.194681 0.000000
vt 0.772400 0.197238 0.000000
vt 0.765345 0.195868 0.000000
vt 0.771081 0.200676 0.000000
vt 0.764920 0.196975 0.000000
vt 0.768665 0.203456 0.000000
vt 0.764141 0.197871 0.000000
vt 0.765445 0.205241 0.000000
vt 0.763104 0.198446 0.000000
vt 0.761808 0.205818 0.000000
vt 0.761932 0.198632 0.000000
vt 0.758193 0.205116 0.000000
vt 0.760767 0.198406 0.000000
vt 0.755036 0.203220 0.000000
vt 0.759750 0.197795 0.000000
vt 0.752718 0.200358 0.000000
vt 0.759003 0.196873 0.000000
vt 0.751519 0.196876 0.000000
vt 0.758617 0.195751 0.000000
vt 0.751582 0.193194 0.000000
vt 0.758638 0.194565 0.000000
vt 0.752902 0.189756 0.000000
vt 0.759063 0.193457 0.000000
vt 0.755317 0.186977 0.000000
vt 0.759841 0.192562 0.000000
vt 0.758538 0.185191 0.000000
vt 0.760878 0.191986 0.000000
vt 0.766582 0.183251 0.000000
vt 0.766015 0.184729 0.000000
vt 0.762186 0.183985 0.000000
vt 0.762213 0.182403 0.000000
vt 0.770397 0.185543 0.000000
vt 0.769359 0.186738 0.000000
vt 0.773199 0.189002 0.000000
vt 0.771815 0.189769 0.000000
vt 0.774648 0.193210 0.000000
vt 0.773085 0.193457 0.000000
vt 0.774571 0.197660 0.000000
vt 0.773018 0.197358 0.000000
vt 0.772977 0.201815 0.000000
vt 0.771620 0.201000 0.000000
vt 0.770057 0.205174 0.000000
vt 0.769061 0.203945 0.000000
vt 0.766165 0.207333 0.000000
vt 0.765650 0.205836 0.000000
vt 0.761769 0.208030 0.000000
vt 0.761797 0.206447 0.000000
vt 0.757400 0.207181 0.000000
vt 0.757967 0.205703 0.000000
vt 0.753585 0.204889 0.000000
vt 0.754623 0.203695 0.000000
vt 0.750783 0.201431 0.000000
vt 0.752168 0.200663 0.000000
vt 0.749334 0.197223 0.000000
vt 0.750897 0.196975 0.000000
vt 0.749411 0.192773 0.000000
vt 0.750965 0.193075 0.000000
vt 0.751005 0.188617 0.000000
vt 0.752362 0.189433 0.000000
vt 0.753925 0.185258 0.000000
vt 0.754921 0.186488 0.000000
vt 0.757817 0.183100 0.000000
vt 0.758333 0.184596 0.000000
# 252 texture coords

o ??___???
g ??___???
f 420/548 421/549 493/550 492/551 
f 421/549 422/552 494/553 493/550 
f 422/552 423/554 495/555 494/553 
f 423/554 424/556 496/557 495/555 
f 424/556 425/558 497/559 496/557 
f 425/558 426/560 498/561 497/559 
f 426/560 427/562 499/563 498/561 
f 427/562 428/564 500/565 499/563 
f 428/564 429/566 501/567 500/565 
f 429/566 430/568 502/569 501/567 
f 430/568 431/570 503/571 502/569 
f 431/570 432/572 504/573 503/571 
f 432/572 433/574 505/575 504/573 
f 433/574 434/576 506/577 505/575 
f 434/576 435/578 507/579 506/577 
f 435/578 436/580 508/581 507/579 
f 436/580 437/582 509/583 508/581 
f 437/582 420/548 492/551 509/583 
f 438/584 439/585 457/586 456/587 
f 439/585 440/588 458/589 457/586 
f 440/588 441/590 459/591 458/589 
f 441/590 442/592 460/593 459/591 
f 442/592 443/594 461/595 460/593 
f 443/594 444/596 462/597 461/595 
f 444/596 445/598 463/599 462/597 
f 445/598 446/600 464/601 463/599 
f 446/600 447/602 465/603 464/601 
f 447/602 448/604 466/605 465/603 
f 448/604 449/606 467/607 466/605 
f 449/606 450/608 468/609 467/607 
f 450/608 451/610 469/611 468/609 
f 451/610 452/612 470/613 469/611 
f 452/612 453/614 471/615 470/613 
f 453/614 454/616 472/617 471/615 
f 454/616 455/618 473/619 472/617 
f 455/618 438/584 456/587 473/619 
f 456/620 457/621 511/622 510/623 
f 457/621 458/624 512/625 511/622 
f 458/624 459/626 513/627 512/625 
f 459/626 460/628 514/629 513/627 
f 460/628 461/630 515/631 514/629 
f 461/630 462/632 516/633 515/631 
f 462/632 463/634 517/635 516/633 
f 463/634 464/636 518/637 517/635 
f 464/636 465/674 519/675 518/637 
f 465/674 466/676 520/677 519/675 
f 466/676 467/678 521/679 520/677 
f 467/678 468/680 522/681 521/679 
f 468/680 469/682 523/683 522/681 
f 469/682 470/684 524/685 523/683 
f 470/684 471/686 525/687 524/685 
f 471/686 472/688 526/689 525/687 
f 472/688 473/690 527/691 526/689 
f 473/690 456/620 510/623 527/691 
f 427/562 426/560 480/638 481/639 
f 436/580 435/578 489/640 490/641 
f 475/642 421/549 420/548 474/643 
f 479/644 480/638 426/560 425/558 
f 478/645 479/644 425/558 424/556 
f 477/646 478/645 424/556 423/554 
f 476/647 477/646 423/554 422/552 
f 475/642 476/647 422/552 421/549 
f 420/548 437/582 491/648 474/643 
f 437/582 436/580 490/641 491/648 
f 482/649 428/564 427/562 481/639 
f 482/649 483/650 429/566 428/564 
f 483/650 484/651 430/568 429/566 
f 484/651 485/652 431/570 430/568 
f 485/652 486/653 432/572 431/570 
f 486/653 487/654 433/574 432/572 
f 487/654 488/655 434/576 433/574 
f 488/655 489/640 435/578 434/576 
f 529/656 439/585 438/584 528/657 
f 530/658 440/588 439/585 529/656 
f 531/659 441/590 440/588 530/658 
f 532/660 442/592 441/590 531/659 
f 533/661 443/594 442/592 532/660 
f 534/662 444/596 443/594 533/661 
f 535/663 445/598 444/596 534/662 
f 536/664 446/600 445/598 535/663 
f 537/665 447/602 446/600 536/664 
f 538/666 448/604 447/602 537/665 
f 539/667 449/606 448/604 538/666 
f 540/668 450/608 449/606 539/667 
f 541/669 451/610 450/608 540/668 
f 542/670 452/612 451/610 541/669 
f 543/671 453/614 452/612 542/670 
f 544/672 454/616 453/614 543/671 
f 545/673 455/618 454/616 544/672 
f 528/657 438/584 455/618 545/673 
f 547/728 475/729 474/730 546/731 
f 548/732 476/733 475/729 547/728 
f 549/734 477/735 476/733 548/732 
f 550/736 478/737 477/735 549/734 
f 551/738 479/739 478/737 550/736 
f 552/740 480/741 479/739 551/738 
f 553/742 481/743 480/741 552/740 
f 554/744 482/745 481/743 553/742 
f 555/746 483/747 482/745 554/744 
f 556/748 484/749 483/747 555/746 
f 557/750 485/751 484/749 556/748 
f 558/752 486/753 485/751 557/750 
f 559/754 487/755 486/753 558/752 
f 560/756 488/757 487/755 559/754 
f 561/758 489/759 488/757 560/756 
f 562/760 490/761 489/759 561/758 
f 563/762 491/763 490/761 562/760 
f 546/731 474/730 491/763 563/762 
f 565/692 582/693 583/694 564/695 
f 566/696 599/697 582/693 565/692 
f 567/698 598/699 599/697 566/696 
f 568/700 597/701 598/699 567/698 
f 569/702 596/703 597/701 568/700 
f 570/704 595/705 596/703 569/702 
f 571/706 594/707 595/705 570/704 
f 572/708 593/709 594/707 571/706 
f 573/710 592/711 593/709 572/708 
f 574/712 591/713 592/711 573/710 
f 575/714 590/715 591/713 574/712 
f 576/716 589/717 590/715 575/714 
f 577/718 588/719 589/717 576/716 
f 578/720 587/721 588/719 577/718 
f 579/722 586/723 587/721 578/720 
f 580/724 585/725 586/723 579/722 
f 581/726 584/727 585/725 580/724 
f 564/695 583/694 584/727 581/726 
f 601/764 618/765 619/766 600/767 
f 602/768 635/769 618/765 601/764 
f 603/770 634/771 635/769 602/768 
f 604/772 633/773 634/771 603/770 
f 605/774 632/775 633/773 604/772 
f 606/776 631/777 632/775 605/774 
f 607/778 630/779 631/777 606/776 
f 608/780 629/781 630/779 607/778 
f 609/782 628/783 629/781 608/780 
f 610/784 627/785 628/783 609/782 
f 611/786 626/787 627/785 610/784 
f 612/788 625/789 626/787 611/786 
f 613/790 624/791 625/789 612/788 
f 614/792 623/793 624/791 613/790 
f 615/794 622/795 623/793 614/792 
f 616/796 621/797 622/795 615/794 
f 617/798 620/799 621/797 616/796 
f 600/767 619/766 620/799 617/798 
f 492/551 493/550 565/692 564/695 
f 493/550 494/553 566/696 565/692 
f 494/553 495/555 567/698 566/696 
f 495/555 496/557 568/700 567/698 
f 496/557 497/559 569/702 568/700 
f 497/559 498/561 570/704 569/702 
f 498/561 499/563 571/706 570/704 
f 499/563 500/565 572/708 571/706 
f 500/565 501/567 573/710 572/708 
f 501/567 502/569 574/712 573/710 
f 502/569 503/571 575/714 574/712 
f 503/571 504/573 576/716 575/714 
f 504/573 505/575 577/718 576/716 
f 505/575 506/577 578/720 577/718 
f 506/577 507/579 579/722 578/720 
f 507/579 508/581 580/724 579/722 
f 508/581 509/583 581/726 580/724 
f 509/583 492/551 564/695 581/726 
f 529/656 528/657 583/694 582/693 
f 528/657 545/673 584/727 583/694 
f 545/673 544/672 585/725 584/727 
f 544/672 543/671 586/723 585/725 
f 543/671 542/670 587/721 586/723 
f 542/670 541/669 588/719 587/721 
f 541/669 540/668 589/717 588/719 
f 540/668 539/667 590/715 589/717 
f 539/667 538/666 591/713 590/715 
f 538/666 537/665 592/711 591/713 
f 537/665 536/664 593/709 592/711 
f 536/664 535/663 594/707 593/709 
f 535/663 534/662 595/705 594/707 
f 534/662 533/661 596/703 595/705 
f 533/661 532/660 597/701 596/703 
f 532/660 531/659 598/699 597/701 
f 531/659 530/658 599/697 598/699 
f 530/658 529/656 582/693 599/697 
f 510/623 511/622 601/764 600/767 
f 511/622 512/625 602/768 601/764 
f 512/625 513/627 603/770 602/768 
f 513/627 514/629 604/772 603/770 
f 514/629 515/631 605/774 604/772 
f 515/631 516/633 606/776 605/774 
f 516/633 517/635 607/778 606/776 
f 517/635 518/637 608/780 607/778 
f 518/637 519/675 609/782 608/780 
f 519/675 520/677 610/784 609/782 
f 520/677 521/679 611/786 610/784 
f 521/679 522/681 612/788 611/786 
f 522/681 523/683 613/790 612/788 
f 523/683 524/685 614/792 613/790 
f 524/685 525/687 615/794 614/792 
f 525/687 526/689 616/796 615/794 
f 526/689 527/691 617/798 616/796 
f 527/691 510/623 600/767 617/798 
f 547/728 546/731 619/766 618/765 
f 546/731 563/762 620/799 619/766 
f 563/762 562/760 621/797 620/799 
f 562/760 561/758 622/795 621/797 
f 561/758 560/756 623/793 622/795 
f 560/756 559/754 624/791 623/793 
f 559/754 558/752 625/789 624/791 
f 558/752 557/750 626/787 625/789 
f 557/750 556/748 627/785 626/787 
f 556/748 555/746 628/783 627/785 
f 555/746 554/744 629/781 628/783 
f 554/744 553/742 630/779 629/781 
f 553/742 552/740 631/777 630/779 
f 552/740 551/738 632/775 631/777 
f 551/738 550/736 633/773 632/775 
f 550/736 549/734 634/771 633/773 
f 549/734 548/732 635/769 634/771 
f 548/732 547/728 618/765 635/769 
# 216 polygons

#
# object 1?_??___??
#

v  26.085215 1.607735 18.111477
v  34.145546 1.607735 18.201332
v  25.995358 1.974151 18.201332
v  34.055691 1.974151 18.111477
v  26.359219 1.607735 18.111477
v  33.781685 1.517879 18.201332
v  33.781685 1.607735 21.896355
v  26.359219 1.517879 21.806499
v  26.359219 1.974151 21.896355
v  33.807049 2.153073 21.908243
v  33.781685 1.974151 18.111477
v  26.333845 2.153097 18.099771
v  25.995358 1.607735 21.553024
v  34.055691 1.517879 21.553024
v  34.145546 1.974151 21.553024
v  25.970715 2.150417 21.562382
v  33.781685 1.517879 21.373314
v  26.538929 1.517879 21.373314
v  26.505985 2.108128 21.400217
v  26.087725 3.855345 22.135481
v  34.238476 3.855345 22.135479
v  34.657181 3.858001 21.557964
v  34.563038 3.855321 17.876112
v  34.146324 3.857309 17.966431
v  25.902433 3.855321 17.876112
v  25.483725 3.858001 17.966330
v  25.483725 3.858001 21.738558
v  26.085215 1.517879 21.806499
v  26.040287 1.607735 21.851427
v  34.055691 1.517879 21.806499
v  34.100616 1.607735 21.851427
v  26.085215 1.517879 18.201332
v  25.995358 1.607735 18.201332
v  34.055691 1.517879 18.201332
v  34.055691 1.607735 18.111477
v  26.017025 2.151745 21.862770
v  26.040287 1.974151 21.851427
v  34.123878 2.151745 21.862770
v  34.100616 1.974151 21.851427
v  25.970715 2.150417 18.190693
v  26.063330 2.153097 18.099771
v  26.085215 1.974151 18.111477
v  34.077576 2.153097 18.099771
v  34.170189 2.150417 18.190693
v  34.145546 1.974151 18.201332
v  26.538929 1.607735 18.111477
v  26.538929 1.517879 18.201332
v  26.359219 1.517879 18.201332
v  33.601974 1.517879 18.201332
v  33.601974 1.607735 18.111477
v  33.781685 1.607735 18.111477
v  33.601974 1.607735 21.896355
v  33.601974 1.517879 21.806499
v  33.781685 1.517879 21.806499
v  26.538929 1.517879 21.806499
v  26.538929 1.607735 21.896355
v  26.359219 1.607735 21.896355
v  26.538929 1.974151 21.896355
v  26.519148 2.153073 21.908243
v  26.333853 2.153072 21.908243
v  33.621754 2.153073 21.908243
v  33.601974 1.974151 21.896355
v  33.781685 1.974151 21.896355
v  33.601974 1.974151 18.111477
v  33.657940 2.107558 18.195972
v  33.807056 2.153097 18.099771
v  26.482964 2.107558 18.195972
v  26.538929 1.974151 18.111477
v  26.359219 1.974151 18.111477
v  25.995358 1.607735 21.373314
v  26.085215 1.517879 21.373314
v  26.085215 1.517879 21.553024
v  34.055691 1.517879 21.373314
v  34.145546 1.607735 21.373314
v  34.145546 1.607735 21.553024
v  34.145546 1.974151 21.373314
v  34.170189 2.150417 21.381788
v  34.170189 2.150417 21.562382
v  25.970715 2.150417 21.381788
v  25.995358 1.974151 21.373314
v  25.995358 1.974151 21.553024
v  33.781685 1.517879 21.553024
v  33.601974 1.517879 21.553024
v  33.601974 1.517879 21.373314
v  26.538929 1.517879 21.553024
v  26.359219 1.517879 21.553024
v  26.359219 1.517879 21.373314
v  33.634918 2.108128 21.400217
v  25.548937 3.944411 22.057514
v  25.493807 3.856673 22.118553
v  26.062359 3.944411 22.057514
v  25.882648 3.944411 22.057514
v  25.902430 3.855345 22.135479
v  34.258255 3.944411 22.057514
v  34.078545 3.944411 22.057514
v  34.053181 3.855345 22.135479
v  34.591969 3.944411 22.057514
v  34.650848 3.856673 22.098789
v  34.591969 3.944411 21.567322
v  34.591969 3.944411 21.747032
v  34.657181 3.858001 21.738558
v  34.591969 3.944411 17.954262
v  34.657181 3.858001 17.966330
v  34.258255 3.944411 17.954262
v  34.238472 3.855321 17.876112
v  34.078545 3.944411 21.747032
v  34.258255 3.944411 21.747032
v  34.258255 3.944411 21.567322
v  34.099701 3.856169 21.602921
v  25.882648 3.944411 21.567322
v  25.882648 3.944411 21.747032
v  26.062359 3.944411 21.747032
v  26.041201 3.856169 21.602921
v  25.882648 3.944411 17.954262
v  25.994579 3.857309 17.966431
v  25.548937 3.944411 17.954262
v  25.577868 3.855321 17.876112
v  25.548937 3.944411 21.747032
v  25.548937 3.944411 21.567322
v  25.483725 3.858001 21.557964
v  25.646936 3.992411 21.959515
v  25.882648 3.992411 21.959515
v  26.062359 3.992411 21.959515
v  34.078545 3.992411 21.959515
v  34.258255 3.992411 21.959515
v  34.493965 3.992411 21.959515
v  34.493965 3.992411 21.747032
v  34.493965 3.992411 21.567322
v  34.493965 3.992411 18.052261
v  34.356255 3.992411 18.052261
v  34.356255 3.992411 21.567322
v  34.356255 3.992411 21.845032
v  34.078545 3.992411 21.845032
v  26.062359 3.992411 21.845032
v  25.784649 3.992411 21.845032
v  25.784649 3.992411 21.567322
v  25.784649 3.992411 18.052261
v  25.646936 3.992411 18.052261
v  25.646936 3.992411 21.567322
v  25.646936 3.992411 21.747032
v  29.044748 1.795223 18.959366
v  27.253862 1.795223 18.959366
v  27.253862 2.366782 18.149658
v  29.044748 2.366782 18.149658
v  31.096148 2.366782 18.149658
v  31.096148 1.795223 18.959366
v  31.096148 1.795223 20.578785
v  29.044748 1.795223 20.578785
v  27.253862 1.795223 20.578785
v  29.044748 2.999803 20.578785
v  27.253862 2.999803 20.578785
v  27.253862 2.366782 21.388493
v  29.044748 2.366782 21.388493
v  31.096148 2.366782 21.388493
v  31.096148 2.999803 20.578785
v  31.096148 2.999803 18.959366
v  29.044748 2.999803 18.959366
v  27.253862 2.999803 18.959366
v  33.652218 2.366782 20.578785
v  32.887032 2.366782 21.388493
v  32.887032 1.795223 20.578785
v  32.887032 1.795223 18.959366
v  33.652218 2.366782 18.959366
v  32.887032 2.999803 18.959366
v  32.887032 2.999803 20.578785
v  32.887032 2.366782 18.149658
v  26.488678 2.366782 18.959366
v  26.488678 2.366782 20.578785
v  29.044748 1.938112 18.352085
v  28.084177 1.795223 18.959366
v  30.070448 1.795223 18.959366
v  29.044748 1.795223 19.769075
v  29.044748 2.810817 21.186066
v  28.084177 3.030534 20.578785
v  30.070448 2.969072 20.578785
v  29.044748 3.030534 19.769075
v  29.044748 1.938112 21.186066
v  28.084177 2.366782 21.388493
v  30.070448 2.366782 21.388493
v  33.460922 1.938112 20.578785
v  33.460922 2.366782 21.186066
v  33.652218 2.366782 19.769075
v  33.460922 2.810817 20.578785
v  31.096148 1.938112 18.352085
v  32.056717 2.366782 18.149658
v  30.070448 2.366782 18.149658
v  31.096148 2.810817 18.352085
v  26.679974 1.938112 18.959366
v  26.679974 2.366782 18.352085
v  26.488678 2.366782 19.769075
v  26.679974 2.810817 18.959366
v  32.887032 1.938112 18.352085
v  32.056717 1.795223 18.959366
v  33.460922 1.938112 18.959366
v  32.887032 1.795223 19.769075
v  27.253862 1.938112 21.186066
v  28.084177 1.795223 20.578785
v  26.679974 1.938112 20.578785
v  27.253862 1.795223 19.769075
v  32.887032 2.810817 21.186066
v  32.056717 3.030534 20.578785
v  32.887032 3.030534 19.769075
v  27.253862 2.810817 18.352085
v  28.084177 3.030534 18.959366
v  27.253862 3.030534 19.769075
v  32.887032 1.938112 21.186066
v  32.056717 2.366782 21.388493
v  27.253862 2.810817 21.186066
v  26.679974 2.366782 21.186066
v  27.253862 1.938112 18.352085
v  28.084177 2.366782 18.149658
v  32.887032 2.810817 18.352085
v  33.460922 2.366782 18.352085
v  32.056717 1.795223 20.578785
v  31.096148 1.795223 19.769075
v  31.096148 1.938112 21.186066
v  30.070448 1.795223 20.578785
v  32.056717 3.030534 18.959366
v  31.096148 3.030534 19.769075
v  30.070448 2.969072 18.959366
v  33.460922 2.810817 18.959366
v  26.679974 2.810817 20.578785
v  31.096148 2.810817 21.186066
v  29.044748 2.810817 18.352085
v  28.084177 1.938112 18.352085
v  30.070448 1.938112 18.352085
v  30.070448 1.795223 19.769075
v  28.084177 1.795223 19.769075
v  28.084177 2.818500 21.186066
v  30.070448 2.803134 21.186066
v  30.070448 2.984437 19.769075
v  28.084177 3.076631 19.769075
v  28.084177 1.938112 21.186066
v  30.070448 1.938112 21.186066
v  33.312138 2.049249 21.028622
v  33.460922 1.938112 19.769075
v  33.460922 2.818500 19.769075
v  33.312138 2.691144 21.028622
v  32.056717 1.938112 18.352085
v  30.070448 2.803134 18.352085
v  32.056717 2.818500 18.352085
v  26.828760 2.049249 18.509529
v  26.679974 1.938112 19.769075
v  26.679974 2.818500 19.769075
v  26.828760 2.691144 18.509529
v  33.312138 2.049249 18.509529
v  32.056717 1.795223 19.769075
v  26.828760 2.049249 21.028622
v  32.056717 2.818500 21.186066
v  32.056717 3.076631 19.769075
v  28.084177 2.818500 18.352085
v  32.056717 1.938112 21.186066
v  26.828760 2.691144 21.028622
v  33.312138 2.691144 18.509529
v  33.415184 0.463136 18.841599
v  33.331142 0.463136 18.633183
v  33.128246 0.463136 18.546854
v  32.925350 0.463136 18.633183
v  32.841309 0.463136 18.841599
v  32.925350 0.463136 19.050014
v  33.128246 0.463136 19.136343
v  33.331142 0.463136 19.050014
v  33.460819 1.524916 18.841599
v  33.363411 1.524916 18.600037
v  33.128246 1.524916 18.499979
v  32.893082 1.524916 18.600037
v  32.795673 1.524916 18.841599
v  32.893082 1.524916 19.083160
v  33.128246 1.524916 19.183218
v  33.363411 1.524916 19.083160
v  33.342598 1.342766 18.841599
v  33.279816 1.342766 18.685905
v  33.128246 1.342766 18.621414
v  32.976677 1.342766 18.685905
v  32.913895 1.342766 18.841599
v  32.976677 1.342766 18.997292
v  33.128246 1.342766 19.061783
v  33.279816 1.342766 18.997292
v  33.279816 0.590634 18.685905
v  33.128246 0.590634 18.621414
v  32.976677 0.590634 18.685905
v  32.913895 0.590634 18.841599
v  32.976677 0.590634 18.997292
v  33.128246 0.590634 19.061783
v  33.279816 0.590634 18.997292
v  33.342598 0.590634 18.841599
v  33.331142 0.387876 18.633183
v  33.415184 0.387876 18.841599
v  33.331142 0.387876 19.050014
v  33.128246 0.387876 19.136343
v  32.925350 0.387876 19.050014
v  32.841309 0.387876 18.841599
v  32.925350 0.387876 18.633183
v  33.128246 0.387876 18.546854
v  33.280663 0.966700 18.841599
v  33.236023 0.966700 18.730890
v  33.128246 0.966700 18.685034
v  33.020470 0.966700 18.730890
v  32.975830 0.966700 18.841599
v  33.020470 0.966700 18.952307
v  33.128246 0.966700 18.998163
v  33.236023 0.966700 18.952307
v  33.471180 1.540878 18.841599
v  33.370735 1.540878 18.592512
v  33.128246 1.540878 18.489338
v  32.885757 1.540878 18.592512
v  32.785313 1.540878 18.841599
v  32.885757 1.540878 19.090685
v  33.128246 1.540878 19.193861
v  33.370735 1.540878 19.090685
v  33.331142 0.367876 18.633183
v  33.415184 0.367876 18.841599
v  33.331142 0.367876 19.050014
v  33.128246 0.367876 19.136343
v  32.925350 0.367876 19.050014
v  32.841309 0.367876 18.841599
v  32.925350 0.367876 18.633183
v  33.128246 0.367876 18.546854
v  33.957279 0.463136 21.373310
v  33.859528 0.463136 21.137316
v  33.623535 0.463136 21.039564
v  33.387543 0.463136 21.137316
v  33.289791 0.463136 21.373310
v  33.387543 0.463136 21.609304
v  33.623535 0.463136 21.707056
v  33.859528 0.463136 21.609304
v  34.010361 1.524916 21.373310
v  33.897060 1.524916 21.099785
v  33.623535 1.524916 20.986486
v  33.350010 1.524916 21.099785
v  33.236710 1.524916 21.373310
v  33.350010 1.524916 21.646835
v  33.623535 1.524916 21.760134
v  33.897060 1.524916 21.646835
v  33.872856 1.342766 21.373310
v  33.799831 1.342766 21.197014
v  33.623535 1.342766 21.123991
v  33.447239 1.342766 21.197014
v  33.374214 1.342766 21.373310
v  33.447239 1.342766 21.549606
v  33.623535 1.342766 21.622629
v  33.799831 1.342766 21.549606
v  33.799831 0.590634 21.197014
v  33.623535 0.590634 21.123991
v  33.447239 0.590634 21.197014
v  33.374214 0.590634 21.373310
v  33.447239 0.590634 21.549606
v  33.623535 0.590634 21.622629
v  33.799831 0.590634 21.549606
v  33.872856 0.590634 21.373310
v  33.859528 0.387876 21.137316
v  33.957279 0.387876 21.373310
v  33.859528 0.387876 21.609304
v  33.623535 0.387876 21.707056
v  33.387543 0.387876 21.609304
v  33.289791 0.387876 21.373310
v  33.387543 0.387876 21.137316
v  33.623535 0.387876 21.039564
v  33.800816 0.966700 21.373310
v  33.748894 0.966700 21.247953
v  33.623535 0.966700 21.196030
v  33.498177 0.966700 21.247953
v  33.446255 0.966700 21.373310
v  33.498177 0.966700 21.498667
v  33.623535 0.966700 21.550591
v  33.748894 0.966700 21.498667
v  34.022408 1.540878 21.373310
v  33.905582 1.540878 21.091263
v  33.623535 1.540878 20.974436
v  33.341488 1.540878 21.091263
v  33.224663 1.540878 21.373310
v  33.341488 1.540878 21.655357
v  33.623535 1.540878 21.772184
v  33.905582 1.540878 21.655357
v  33.859528 0.367876 21.137316
v  33.957279 0.367876 21.373310
v  33.859528 0.367876 21.609304
v  33.623535 0.367876 21.707056
v  33.387543 0.367876 21.609304
v  33.289791 0.367876 21.373310
v  33.387543 0.367876 21.137316
v  33.623535 0.367876 21.039564
v  26.768810 0.463136 18.841599
v  26.852852 0.463136 18.633183
v  27.055748 0.463136 18.546854
v  27.258644 0.463136 18.633183
v  27.342686 0.463136 18.841599
v  27.258644 0.463136 19.050014
v  27.055748 0.463136 19.136343
v  26.852852 0.463136 19.050014
v  26.723175 1.524916 18.841599
v  26.820583 1.524916 18.600037
v  27.055748 1.524916 18.499979
v  27.290913 1.524916 18.600037
v  27.388321 1.524916 18.841599
v  27.290913 1.524916 19.083160
v  27.055748 1.524916 19.183218
v  26.820583 1.524916 19.083160
v  26.841394 1.342766 18.841599
v  26.904177 1.342766 18.685905
v  27.055748 1.342766 18.621414
v  27.207319 1.342766 18.685905
v  27.270102 1.342766 18.841599
v  27.207319 1.342766 18.997292
v  27.055748 1.342766 19.061783
v  26.904177 1.342766 18.997292
v  26.904177 0.590634 18.685905
v  27.055748 0.590634 18.621414
v  27.207319 0.590634 18.685905
v  27.270102 0.590634 18.841599
v  27.207319 0.590634 18.997292
v  27.055748 0.590634 19.061783
v  26.904177 0.590634 18.997292
v  26.841394 0.590634 18.841599
v  26.852852 0.387876 18.633183
v  26.768810 0.387876 18.841599
v  26.852852 0.387876 19.050014
v  27.055748 0.387876 19.136343
v  27.258644 0.387876 19.050014
v  27.342686 0.387876 18.841599
v  27.258644 0.387876 18.633183
v  27.055748 0.387876 18.546854
v  26.903330 0.966700 18.841599
v  26.947971 0.966700 18.730890
v  27.055748 0.966700 18.685034
v  27.163525 0.966700 18.730890
v  27.208166 0.966700 18.841599
v  27.163525 0.966700 18.952307
v  27.055748 0.966700 18.998163
v  26.947971 0.966700 18.952307
v  26.712814 1.540878 18.841599
v  26.813257 1.540878 18.592512
v  27.055748 1.540878 18.489338
v  27.298239 1.540878 18.592512
v  27.398682 1.540878 18.841599
v  27.298239 1.540878 19.090685
v  27.055748 1.540878 19.193861
v  26.813257 1.540878 19.090685
v  26.852852 0.367876 18.633183
v  26.768810 0.367876 18.841599
v  26.852852 0.367876 19.050014
v  27.055748 0.367876 19.136343
v  27.258644 0.367876 19.050014
v  27.342686 0.367876 18.841599
v  27.258644 0.367876 18.633183
v  27.055748 0.367876 18.546854
v  26.226713 0.463136 21.373310
v  26.324465 0.463136 21.137316
v  26.560459 0.463136 21.039564
v  26.796453 0.463136 21.137316
v  26.894205 0.463136 21.373310
v  26.796453 0.463136 21.609304
v  26.560459 0.463136 21.707056
v  26.324465 0.463136 21.609304
v  26.173635 1.524916 21.373310
v  26.286934 1.524916 21.099785
v  26.560459 1.524916 20.986486
v  26.833984 1.524916 21.099785
v  26.947283 1.524916 21.373310
v  26.833984 1.524916 21.646835
v  26.560459 1.524916 21.760134
v  26.286934 1.524916 21.646835
v  26.311140 1.342766 21.373310
v  26.384163 1.342766 21.197014
v  26.560459 1.342766 21.123991
v  26.736755 1.342766 21.197014
v  26.809778 1.342766 21.373310
v  26.736755 1.342766 21.549606
v  26.560459 1.342766 21.622629
v  26.384163 1.342766 21.549606
v  26.384163 0.590634 21.197014
v  26.560459 0.590634 21.123991
v  26.736755 0.590634 21.197014
v  26.809778 0.590634 21.373310
v  26.736755 0.590634 21.549606
v  26.560459 0.590634 21.622629
v  26.384163 0.590634 21.549606
v  26.311140 0.590634 21.373310
v  26.324465 0.387876 21.137316
v  26.226713 0.387876 21.373310
v  26.324465 0.387876 21.609304
v  26.560459 0.387876 21.707056
v  26.796453 0.387876 21.609304
v  26.894205 0.387876 21.373310
v  26.796453 0.387876 21.137316
v  26.560459 0.387876 21.039564
v  26.383179 0.966700 21.373310
v  26.435102 0.966700 21.247953
v  26.560459 0.966700 21.196030
v  26.685816 0.966700 21.247953
v  26.737740 0.966700 21.373310
v  26.685816 0.966700 21.498667
v  26.560459 0.966700 21.550591
v  26.435102 0.966700 21.498667
v  26.161585 1.540878 21.373310
v  26.278412 1.540878 21.091263
v  26.560459 1.540878 20.974436
v  26.842506 1.540878 21.091263
v  26.959333 1.540878 21.373310
v  26.842506 1.540878 21.655357
v  26.560459 1.540878 21.772184
v  26.278412 1.540878 21.655357
v  26.324465 0.367876 21.137316
v  26.226713 0.367876 21.373310
v  26.324465 0.367876 21.609304
v  26.560459 0.367876 21.707056
v  26.796453 0.367876 21.609304
v  26.894205 0.367876 21.373310
v  26.796453 0.367876 21.137316
v  26.560459 0.367876 21.039564
# 510 vertices

vt 0.560443 0.412668 0.000000
vt 0.273688 0.854090 0.000000
vt 0.558067 0.323238 0.000000
vt 0.272968 0.846417 0.000000
vt 0.568671 0.323706 0.000000
vt 0.283883 0.845701 0.000000
vt 0.572411 0.412247 0.000000
vt 0.284202 0.855539 0.000000
vt 0.551379 0.306675 0.000000
vt 0.236684 0.372288 0.000000
vt 0.556902 0.311562 0.000000
vt 0.257984 0.742792 0.000000
vt 0.263998 0.749528 0.000000
vt 0.267978 0.841650 0.000000
vt 0.239034 0.565348 0.000000
vt 0.258486 0.844221 0.000000
vt 0.353326 0.841133 0.000000
vt 0.555192 0.317367 0.000000
vt 0.345280 0.838585 0.000000
vt 0.546878 0.314323 0.000000
vt 0.608077 0.364000 0.000000
vt 0.152332 0.566404 0.000000
vt 0.605445 0.365664 0.000000
vt 0.616136 0.333945 0.000000
vt 0.617352 0.339075 0.000000
vt 0.344836 0.832164 0.000000
vt 0.565915 0.298038 0.000000
vt 0.350115 0.835390 0.000000
vt 0.268482 0.861497 0.000000
vt 0.568920 0.308852 0.000000
vt 0.281268 0.867512 0.000000
vt 0.559339 0.310974 0.000000
vt 0.554395 0.303586 0.000000
vt 0.277498 0.740795 0.000000
vt 0.550333 0.427233 0.000000
vt 0.274257 0.747468 0.000000
vt 0.266273 0.747786 0.000000
vt 0.559070 0.417179 0.000000
vt 0.262809 0.739994 0.000000
vt 0.573717 0.418724 0.000000
vt 0.574781 0.439072 0.000000
vt 0.558644 0.318113 0.000000
vt 0.272240 0.841123 0.000000
vt 0.266351 0.750485 0.000000
vt 0.273592 0.749082 0.000000
vt 0.283421 0.840112 0.000000
vt 0.568997 0.318403 0.000000
vt 0.554040 0.322672 0.000000
vt 0.269273 0.847243 0.000000
vt 0.555565 0.413915 0.000000
vt 0.149981 0.373344 0.000000
vt 0.545871 0.421445 0.000000
vt 0.065008 0.361353 0.000000
vt 0.544909 0.320301 0.000000
vt 0.271106 0.853402 0.000000
vt 0.067675 0.580590 0.000000
vt 0.265345 0.858345 0.000000
vt 0.260610 0.850477 0.000000
vt 0.343256 0.826045 0.000000
vt 0.063849 0.580647 0.000000
vt 0.061182 0.361410 0.000000
vt 0.620989 0.330230 0.000000
vt 0.624336 0.324967 0.000000
vt 0.633430 0.326058 0.000000
vt 0.134667 0.373530 0.000000
vt 0.626890 0.330689 0.000000
vt 0.137018 0.566590 0.000000
vt 0.297711 0.761878 0.000000
vt 0.574815 0.308718 0.000000
vt 0.572673 0.297030 0.000000
vt 0.297474 0.759204 0.000000
vt 0.347911 0.824688 0.000000
vt 0.127002 0.566712 0.000000
vt 0.124652 0.373652 0.000000
vt 0.242508 0.565306 0.000000
vt 0.240157 0.372246 0.000000
vt 0.250173 0.372124 0.000000
vt 0.252523 0.565184 0.000000
vt 0.631626 0.313053 0.000000
vt 0.621595 0.320056 0.000000
vt 0.651404 0.389802 0.000000
vt 0.288566 0.868282 0.000000
vt 0.290529 0.855628 0.000000
vt 0.340680 0.841615 0.000000
vt 0.593368 0.451242 0.000000
vt 0.616567 0.361497 0.000000
vt 0.620332 0.353207 0.000000
vt 0.589399 0.433146 0.000000
vt 0.349253 0.850280 0.000000
vt 0.289530 0.845424 0.000000
vt 0.338477 0.833422 0.000000
vt 0.288934 0.839924 0.000000
vt 0.275552 0.748887 0.000000
vt 0.296715 0.766748 0.000000
vt 0.336043 0.828053 0.000000
vt 0.277527 0.748674 0.000000
vt 0.582730 0.415228 0.000000
vt 0.605230 0.369930 0.000000
vt 0.612774 0.366630 0.000000
vt 0.579430 0.408852 0.000000
vt 0.573927 0.324026 0.000000
vt 0.615687 0.326931 0.000000
vt 0.601617 0.372369 0.000000
vt 0.574317 0.318506 0.000000
vt 0.281511 0.745656 0.000000
vt 0.292486 0.755960 0.000000
vt 0.294020 0.762443 0.000000
vt 0.287134 0.744303 0.000000
vt 0.369923 0.772939 0.000000
vt 0.147420 0.566463 0.000000
vt 0.358914 0.821465 0.000000
vt 0.291961 0.750810 0.000000
vt 0.252089 0.736680 0.000000
vt 0.618415 0.325656 0.000000
vt 0.140491 0.566548 0.000000
vt 0.539850 0.435988 0.000000
vt 0.537121 0.426070 0.000000
vt 0.546116 0.302114 0.000000
vt 0.550015 0.298254 0.000000
vt 0.563386 0.291427 0.000000
vt 0.570987 0.289649 0.000000
vt 0.570762 0.459372 0.000000
vt 0.259334 0.731704 0.000000
vt 0.263670 0.867144 0.000000
vt 0.259752 0.862920 0.000000
vt 0.287069 0.876177 0.000000
vt 0.278643 0.874906 0.000000
vt 0.281155 0.732222 0.000000
vt 0.254262 0.853219 0.000000
vt 0.251924 0.845984 0.000000
vt 0.538518 0.318783 0.000000
vt 0.540357 0.311504 0.000000
vt 0.639689 0.303798 0.000000
vt 0.646022 0.314953 0.000000
vt 0.351497 0.845734 0.000000
vt 0.359992 0.851155 0.000000
vt 0.355098 0.858440 0.000000
vt 0.633046 0.319450 0.000000
vt 0.618199 0.344377 0.000000
vt 0.626971 0.338784 0.000000
vt 0.339730 0.827076 0.000000
vt 0.138141 0.373488 0.000000
vt 0.145069 0.373404 0.000000
vt 0.344435 0.564965 0.000000
vt 0.635433 0.348617 0.000000
vt 0.611419 0.363481 0.000000
vt 0.603450 0.368764 0.000000
vt 0.619535 0.327725 0.000000
vt 0.615745 0.330084 0.000000
vt 0.341507 0.832799 0.000000
vt 0.296807 0.763361 0.000000
vt 0.294877 0.755539 0.000000
vt 0.362947 0.829656 0.000000
vt 0.353987 0.830692 0.000000
vt 0.351525 0.823343 0.000000
vt 0.363004 0.844144 0.000000
vt 0.364015 0.836497 0.000000
vt 0.342657 0.840503 0.000000
vt 0.043095 0.908547 0.000000
vt 0.037823 0.881755 0.000000
vt 0.056139 0.879549 0.000000
vt 0.059702 0.905335 0.000000
vt 0.034983 0.851002 0.000000
vt 0.053742 0.850078 0.000000
vt 0.077248 0.848883 0.000000
vt 0.643466 0.339537 0.000000
vt 0.647201 0.327352 0.000000
vt 0.622796 0.322048 0.000000
vt 0.078748 0.877761 0.000000
vt 0.080151 0.903486 0.000000
vt 0.014934 0.918036 0.000000
vt 0.007746 0.886317 0.000000
vt 0.023036 0.883930 0.000000
vt 0.029322 0.912701 0.000000
vt 0.004753 0.852368 0.000000
vt 0.020119 0.851698 0.000000
vt 0.030760 0.749979 0.000000
vt 0.043887 0.738740 0.000000
vt 0.050350 0.750955 0.000000
vt 0.038589 0.758747 0.000000
vt 0.070511 0.731704 0.000000
vt 0.071472 0.746477 0.000000
vt 0.072315 0.759774 0.000000
vt 0.053984 0.761776 0.000000
vt 0.044094 0.764449 0.000000
vt 0.139560 0.779725 0.000000
vt 0.146749 0.811444 0.000000
vt 0.131458 0.813832 0.000000
vt 0.125172 0.785061 0.000000
vt 0.149743 0.845394 0.000000
vt 0.134376 0.846065 0.000000
vt 0.119512 0.846761 0.000000
vt 0.256858 0.566661 0.000000
vt 0.116672 0.816008 0.000000
vt 0.254471 0.370542 0.000000
vt 0.342062 0.370104 0.000000
vt 0.111399 0.789216 0.000000
vt 0.123735 0.947787 0.000000
vt 0.110607 0.959027 0.000000
vt 0.104144 0.946811 0.000000
vt 0.119744 0.373171 0.000000
vt 0.122108 0.567313 0.000000
vt 0.115906 0.939020 0.000000
vt 0.083982 0.966062 0.000000
vt 0.075308 0.579677 0.000000
vt 0.072658 0.361950 0.000000
vt 0.083021 0.951289 0.000000
vt 0.082178 0.937991 0.000000
vt 0.052727 0.360948 0.000000
vt 0.055407 0.581342 0.000000
vt 0.100510 0.935990 0.000000
vt 0.110401 0.933317 0.000000
vt 0.068835 0.361293 0.000000
vt 0.071502 0.580530 0.000000
vt 0.037157 0.793398 0.000000
vt 0.040813 0.773756 0.000000
vt 0.054702 0.775037 0.000000
vt 0.053898 0.794722 0.000000
vt 0.073199 0.774377 0.000000
vt 0.074344 0.794277 0.000000
vt 0.117339 0.904366 0.000000
vt 0.113682 0.924009 0.000000
vt 0.099792 0.922728 0.000000
vt 0.100596 0.903042 0.000000
vt 0.081295 0.923387 0.000000
vt 0.008754 0.787258 0.000000
vt 0.018501 0.761349 0.000000
vt 0.030394 0.769300 0.000000
vt 0.023128 0.790834 0.000000
vt 0.048964 0.927823 0.000000
vt 0.038956 0.933636 0.000000
vt 0.053384 0.936723 0.000000
vt 0.048598 0.943133 0.000000
vt 0.041868 0.952908 0.000000
vt 0.028525 0.942970 0.000000
vt 0.145742 0.910507 0.000000
vt 0.135995 0.936417 0.000000
vt 0.124102 0.928466 0.000000
vt 0.131367 0.906931 0.000000
vt 0.105529 0.769940 0.000000
vt 0.115537 0.764126 0.000000
vt 0.101108 0.761041 0.000000
vt 0.105894 0.754630 0.000000
vt 0.112623 0.744855 0.000000
vt 0.235953 0.769494 0.000000
vt 0.237203 0.795843 0.000000
vt 0.220105 0.796618 0.000000
vt 0.218911 0.770351 0.000000
vt 0.060022 0.580707 0.000000
vt 0.238442 0.823986 0.000000
vt 0.221334 0.824724 0.000000
vt 0.057355 0.361470 0.000000
vt 0.125967 0.754792 0.000000
vt 0.094792 0.792428 0.000000
vt 0.199144 0.825692 0.000000
vt 0.197932 0.797595 0.000000
vt 0.098356 0.818214 0.000000
vt 0.075747 0.820002 0.000000
vt 0.100753 0.847686 0.000000
vt 0.196795 0.771350 0.000000
vt 0.098037 0.734774 0.000000
vt 0.093092 0.748437 0.000000
vt 0.090859 0.759598 0.000000
vt 0.056454 0.962990 0.000000
vt 0.061400 0.949327 0.000000
vt 0.063633 0.938166 0.000000
vt 0.091744 0.772880 0.000000
vt 0.062749 0.924884 0.000000
vt 0.034774 0.820267 0.000000
vt 0.053117 0.820582 0.000000
vt 0.004838 0.818620 0.000000
vt 0.019981 0.819570 0.000000
vt 0.149659 0.879143 0.000000
vt 0.134515 0.878194 0.000000
vt 0.119722 0.877496 0.000000
vt 0.101378 0.877182 0.000000
vt 0.240674 0.878479 0.000000
vt 0.241430 0.901249 0.000000
vt 0.224401 0.901664 0.000000
vt 0.223606 0.879105 0.000000
vt 0.238135 0.913717 0.000000
vt 0.225322 0.917778 0.000000
vt 0.203141 0.918830 0.000000
vt 0.202450 0.902704 0.000000
vt 0.201477 0.880022 0.000000
vt 0.157621 0.772906 0.000000
vt 0.156858 0.750152 0.000000
vt 0.173874 0.749731 0.000000
vt 0.174677 0.772275 0.000000
vt 0.160145 0.737693 0.000000
vt 0.172947 0.733629 0.000000
vt 0.195109 0.732567 0.000000
vt 0.195809 0.748681 0.000000
vt 0.179352 0.881003 0.000000
vt 0.178174 0.854734 0.000000
vt 0.200350 0.853764 0.000000
vt 0.162295 0.881840 0.000000
vt 0.161080 0.855499 0.000000
vt 0.159855 0.827366 0.000000
vt 0.176954 0.826633 0.000000
vt 0.180953 0.919680 0.000000
vt 0.180491 0.903546 0.000000
vt 0.167840 0.916730 0.000000
vt 0.163490 0.904591 0.000000
vt 0.217279 0.731704 0.000000
vt 0.217752 0.747824 0.000000
vt 0.230382 0.734641 0.000000
vt 0.234737 0.746766 0.000000
vt 0.239631 0.852128 0.000000
vt 0.222530 0.852830 0.000000
vt 0.158668 0.799238 0.000000
vt 0.175759 0.798535 0.000000
vt 0.153904 0.933683 0.000000
vt 0.158676 0.933454 0.000000
vt 0.158687 0.937101 0.000000
vt 0.154170 0.937092 0.000000
vt 0.163449 0.933512 0.000000
vt 0.163247 0.937378 0.000000
vt 0.168227 0.933935 0.000000
vt 0.167830 0.937593 0.000000
vt 0.173024 0.934658 0.000000
vt 0.172379 0.938089 0.000000
vt 0.177924 0.935717 0.000000
vt 0.176829 0.939232 0.000000
vt 0.183008 0.937433 0.000000
vt 0.180982 0.940777 0.000000
vt 0.149062 0.934177 0.000000
vt 0.149719 0.937701 0.000000
vt 0.156315 0.962728 0.000000
vt 0.154888 0.969029 0.000000
vt 0.148820 0.967213 0.000000
vt 0.151078 0.961519 0.000000
vt 0.161687 0.963215 0.000000
vt 0.161247 0.969936 0.000000
vt 0.167082 0.963428 0.000000
vt 0.167678 0.969873 0.000000
vt 0.172448 0.962907 0.000000
vt 0.173949 0.968865 0.000000
vt 0.177345 0.961184 0.000000
vt 0.180131 0.966622 0.000000
vt 0.181326 0.958883 0.000000
vt 0.185470 0.962589 0.000000
vt 0.146465 0.959185 0.000000
vt 0.143008 0.964192 0.000000
vt 0.158395 0.949557 0.000000
vt 0.154269 0.949085 0.000000
vt 0.162526 0.949907 0.000000
vt 0.166675 0.950068 0.000000
vt 0.170850 0.950111 0.000000
vt 0.174601 0.950105 0.000000
vt 0.177773 0.950037 0.000000
vt 0.150582 0.948614 0.000000
vt 0.153759 0.932007 0.000000
vt 0.158637 0.931782 0.000000
vt 0.148784 0.932517 0.000000
vt 0.143671 0.933471 0.000000
vt 0.178371 0.933983 0.000000
vt 0.173311 0.932957 0.000000
vt 0.168396 0.932253 0.000000
vt 0.163512 0.931833 0.000000
vt 0.154795 0.969479 0.000000
vt 0.148648 0.967638 0.000000
vt 0.161216 0.970406 0.000000
vt 0.167711 0.970332 0.000000
vt 0.174065 0.969310 0.000000
vt 0.180367 0.967044 0.000000
vt 0.185852 0.962914 0.000000
vt 0.142719 0.964578 0.000000
vt 0.153727 0.931567 0.000000
vt 0.158629 0.931342 0.000000
vt 0.148719 0.932063 0.000000
vt 0.143585 0.933005 0.000000
vt 0.178487 0.933520 0.000000
vt 0.173387 0.932511 0.000000
vt 0.168446 0.931811 0.000000
vt 0.163534 0.931389 0.000000
vt 0.662386 0.307324 0.000000
vt 0.662667 0.303917 0.000000
vt 0.667184 0.303928 0.000000
vt 0.667156 0.307575 0.000000
vt 0.671745 0.303672 0.000000
vt 0.671930 0.307539 0.000000
vt 0.676330 0.303478 0.000000
vt 0.676710 0.307138 0.000000
vt 0.680880 0.303002 0.000000
vt 0.681510 0.306437 0.000000
vt 0.685336 0.301880 0.000000
vt 0.686415 0.305400 0.000000
vt 0.689496 0.300354 0.000000
vt 0.691507 0.303707 0.000000
vt 0.658219 0.303287 0.000000
vt 0.657546 0.306808 0.000000
vt 0.664929 0.278291 0.000000
vt 0.659687 0.279475 0.000000
vt 0.657455 0.273771 0.000000
vt 0.663531 0.271983 0.000000
vt 0.670303 0.277828 0.000000
vt 0.669894 0.271105 0.000000
vt 0.675700 0.277640 0.000000
vt 0.676325 0.271197 0.000000
vt 0.681062 0.278185 0.000000
vt 0.682591 0.272234 0.000000
vt 0.685952 0.279930 0.000000
vt 0.688763 0.274504 0.000000
vt 0.689922 0.282249 0.000000
vt 0.694084 0.278561 0.000000
vt 0.655063 0.281788 0.000000
vt 0.651629 0.276766 0.000000
vt 0.662821 0.291924 0.000000
vt 0.666949 0.291470 0.000000
vt 0.671081 0.291140 0.000000
vt 0.675231 0.290997 0.000000
vt 0.679407 0.290973 0.000000
vt 0.683158 0.290997 0.000000
vt 0.686329 0.291079 0.000000
vt 0.659132 0.292378 0.000000
vt 0.667110 0.309247 0.000000
vt 0.662233 0.308999 0.000000
vt 0.657260 0.308466 0.000000
vt 0.652151 0.307489 0.000000
vt 0.686854 0.307136 0.000000
vt 0.681789 0.308139 0.000000
vt 0.676871 0.308820 0.000000
vt 0.671985 0.309218 0.000000
vt 0.657285 0.273346 0.000000
vt 0.663440 0.271533 0.000000
vt 0.669865 0.270636 0.000000
vt 0.676360 0.270739 0.000000
vt 0.682709 0.271789 0.000000
vt 0.689001 0.274083 0.000000
vt 0.694467 0.278239 0.000000
vt 0.651342 0.276378 0.000000
vt 0.667100 0.309687 0.000000
vt 0.662198 0.309439 0.000000
vt 0.657193 0.308921 0.000000
vt 0.652064 0.307954 0.000000
vt 0.686968 0.307600 0.000000
vt 0.681863 0.308585 0.000000
vt 0.676919 0.309262 0.000000
vt 0.672005 0.309662 0.000000
vt 0.042370 0.338861 0.000000
vt 0.041301 0.344338 0.000000
vt 0.037808 0.343348 0.000000
vt 0.038651 0.338215 0.000000
vt 0.039515 0.349982 0.000000
vt 0.036375 0.348185 0.000000
vt 0.042136 0.311439 0.000000
vt 0.038456 0.312111 0.000000
vt 0.042856 0.316913 0.000000
vt 0.039087 0.317147 0.000000
vt 0.043166 0.322384 0.000000
vt 0.039349 0.322354 0.000000
vt 0.043183 0.327866 0.000000
vt 0.039354 0.327643 0.000000
vt 0.042938 0.333363 0.000000
vt 0.039133 0.332951 0.000000
vt 0.015893 0.345261 0.000000
vt 0.011363 0.348394 0.000000
vt 0.008360 0.342592 0.000000
vt 0.013950 0.340184 0.000000
vt 0.018462 0.349235 0.000000
vt 0.015632 0.352923 0.000000
vt 0.015733 0.309424 0.000000
vt 0.009627 0.306017 0.000000
vt 0.013474 0.315311 0.000000
vt 0.006519 0.313653 0.000000
vt 0.012309 0.321704 0.000000
vt 0.005255 0.321430 0.000000
vt 0.012088 0.328159 0.000000
vt 0.005302 0.328943 0.000000
vt 0.012665 0.334395 0.000000
vt 0.006367 0.336036 0.000000
vt 0.026511 0.341874 0.000000
vt 0.026288 0.337538 0.000000
vt 0.026775 0.345672 0.000000
vt 0.027402 0.313358 0.000000
vt 0.026845 0.317855 0.000000
vt 0.026426 0.322735 0.000000
vt 0.026197 0.327778 0.000000
vt 0.026162 0.332777 0.000000
vt 0.044056 0.339086 0.000000
vt 0.043002 0.344739 0.000000
vt 0.044621 0.333467 0.000000
vt 0.044859 0.327882 0.000000
vt 0.044839 0.322316 0.000000
vt 0.044529 0.316737 0.000000
vt 0.043780 0.311112 0.000000
vt 0.042446 0.305308 0.000000
vt 0.011018 0.348636 0.000000
vt 0.007954 0.342757 0.000000
vt 0.015403 0.353274 0.000000
vt 0.009154 0.305725 0.000000
vt 0.006008 0.313510 0.000000
vt 0.004753 0.321392 0.000000
vt 0.004825 0.328981 0.000000
vt 0.005921 0.336137 0.000000
vt 0.044500 0.339149 0.000000
vt 0.043451 0.344846 0.000000
vt 0.045061 0.333498 0.000000
vt 0.045296 0.327891 0.000000
vt 0.045277 0.322304 0.000000
vt 0.044970 0.316696 0.000000
vt 0.044229 0.311030 0.000000
vt 0.042902 0.305204 0.000000
vt 0.405939 0.041920 0.000000
vt 0.405262 0.038206 0.000000
vt 0.410388 0.037320 0.000000
vt 0.411407 0.040805 0.000000
vt 0.415213 0.035846 0.000000
vt 0.417036 0.038971 0.000000
vt 0.379158 0.038232 0.000000
vt 0.378517 0.041917 0.000000
vt 0.384199 0.038820 0.000000
vt 0.383997 0.042591 0.000000
vt 0.389408 0.039038 0.000000
vt 0.389470 0.042855 0.000000
vt 0.394697 0.038998 0.000000
vt 0.394952 0.042825 0.000000
vt 0.400003 0.038733 0.000000
vt 0.400446 0.042535 0.000000
vt 0.412117 0.015390 0.000000
vt 0.407023 0.013489 0.000000
vt 0.409384 0.007880 0.000000
vt 0.415211 0.010833 0.000000
vt 0.416112 0.017925 0.000000
vt 0.419776 0.015065 0.000000
vt 0.376279 0.015532 0.000000
vt 0.372820 0.009455 0.000000
vt 0.382147 0.013223 0.000000
vt 0.380430 0.006282 0.000000
vt 0.388530 0.012004 0.000000
vt 0.388196 0.004953 0.000000
vt 0.394983 0.011729 0.000000
vt 0.395710 0.004937 0.000000
vt 0.401224 0.012254 0.000000
vt 0.402812 0.005942 0.000000
vt 0.404481 0.025849 0.000000
vt 0.408819 0.026036 0.000000
vt 0.412619 0.026268 0.000000
vt 0.380311 0.027167 0.000000
vt 0.384804 0.026572 0.000000
vt 0.389680 0.026112 0.000000
vt 0.394721 0.025841 0.000000
vt 0.399719 0.025764 0.000000
vt 0.411823 0.042502 0.000000
vt 0.406179 0.043604 0.000000
vt 0.400565 0.044216 0.000000
vt 0.394983 0.044501 0.000000
vt 0.389417 0.044528 0.000000
vt 0.383835 0.044265 0.000000
vt 0.378204 0.043563 0.000000
vt 0.372389 0.042278 0.000000
vt 0.409545 0.007473 0.000000
vt 0.415450 0.010487 0.000000
vt 0.420125 0.014832 0.000000
vt 0.372525 0.008985 0.000000
vt 0.380283 0.005773 0.000000
vt 0.388154 0.004452 0.000000
vt 0.395743 0.004459 0.000000
vt 0.402909 0.005495 0.000000
vt 0.411933 0.042951 0.000000
vt 0.406245 0.044047 0.000000
vt 0.400600 0.044656 0.000000
vt 0.394995 0.044938 0.000000
vt 0.389408 0.044966 0.000000
vt 0.383797 0.044706 0.000000
vt 0.378126 0.044013 0.000000
vt 0.372289 0.042735 0.000000
vt 0.007125 0.569216 0.000000
vt 0.004753 0.374245 0.000000
vt 0.143995 0.935240 0.000000
vt 0.145518 0.938700 0.000000
vt 0.142837 0.956400 0.000000
vt 0.138264 0.959517 0.000000
vt 0.147478 0.948148 0.000000
vt 0.183590 0.935555 0.000000
vt 0.137845 0.959787 0.000000
vt 0.183732 0.935079 0.000000
vt 0.654023 0.302268 0.000000
vt 0.652484 0.305721 0.000000
vt 0.651423 0.284557 0.000000
vt 0.646864 0.281420 0.000000
vt 0.656026 0.292830 0.000000
vt 0.692080 0.305588 0.000000
vt 0.646446 0.281147 0.000000
vt 0.692219 0.306064 0.000000
vt 0.040714 0.305703 0.000000
vt 0.037270 0.307456 0.000000
vt 0.018997 0.304687 0.000000
vt 0.015209 0.299620 0.000000
vt 0.027954 0.309399 0.000000
vt 0.041324 0.350527 0.000000
vt 0.014876 0.299155 0.000000
vt 0.041779 0.350658 0.000000
vt 0.374493 0.037085 0.000000
vt 0.372770 0.040544 0.000000
vt 0.371570 0.018836 0.000000
vt 0.366471 0.015091 0.000000
vt 0.376357 0.027753 0.000000
vt 0.417596 0.040776 0.000000
vt 0.366003 0.014763 0.000000
vt 0.417731 0.041230 0.000000
# 602 texture coords

o 1?_??___??
g 1?_??___??
f 682/809 684/814 719/821 653/850 
f 758/852 759/855 768/859 769/860 
f 691/864 687/866 697/872 693/873 
f 666/801 710/803 650/805 674/807 
f 685/874 681/875 703/876 699/877 
f 668/800 705/802 715/804 638/806 
f 641/811 669/812 708/813 652/815 
f 643/808 663/810 707/817 721/819 
f 760/816 761/818 762/825 767/827 
f 772/820 773/822 774/823 771/824 
f 642/828 666/801 674/807 698/830 
f 644/826 672/829 664/831 692/832 
f 640/834 636/837 677/839 704/840 
f 646/833 639/835 670/836 686/838 
f 718/909 688/914 690/941 720/942 
f 723/943 700/992 702/994 654/995 
f 709/842 637/843 680/844 711/845 
f 648/841 664/831 672/829 716/846 
f 649/848 665/854 689/856 717/857 
f 706/847 667/849 683/851 722/853 
f 763/858 764/867 765/870 766/871 
f 775/861 756/862 757/863 770/865 
f 671/868 695/869 728/878 725/879 
f 694/1000 696/1001 731/1004 655/1005 
f 645/881 673/882 733/883 656/888 
f 673/882 713/889 736/890 733/883 
f 712/891 679/892 738/893 657/894 
f 678/895 701/904 740/905 658/906 
f 700/907 723/908 744/910 659/911 
f 723/1368 654/1369 748/1008 744/1009 
f 654/880 702/884 750/885 748/886 
f 647/887 676/896 752/897 660/898 
f 675/899 714/900 755/901 661/902 
f 651/903 671/868 725/879 662/913 
f 636/837 667/849 668/800 
f 637/843 669/812 670/836 
f 638/806 675/899 676/896 677/839 
f 639/835 678/895 679/892 680/844 
f 640/834 681/915 682/916 683/851 
f 641/811 684/912 685/922 686/838 
f 642/828 687/923 688/924 689/856 
f 643/808 690/917 691/918 692/832 
f 644/826 693/919 694/920 695/869 
f 645/881 696/925 697/926 698/830 
f 646/833 699/927 700/907 701/904 
f 647/887 702/884 703/921 704/840 
f 648/841 705/802 706/847 707/817 
f 649/848 708/813 709/842 710/803 
f 650/805 711/845 712/891 713/889 
f 651/903 714/900 715/804 716/846 
f 652/815 717/857 718/928 719/929 
f 653/930 720/931 721/819 722/853 
f 655/932 726/933 727/937 728/878 
f 656/888 729/934 730/935 731/936 
f 657/894 734/940 735/949 736/890 
f 658/906 737/950 738/893 
f 659/911 739/951 740/905 
f 741/952 742/953 743/954 744/910 
f 745/938 746/939 747/944 748/886 
f 660/898 749/945 750/885 
f 661/902 751/946 752/897 
f 662/913 753/947 754/948 755/901 
f 663/810 664/831 648/841 707/817 
f 667/849 636/837 640/834 683/851 
f 669/812 637/843 709/842 708/813 
f 665/854 666/801 642/828 689/856 
f 671/868 672/829 644/826 695/869 
f 673/882 674/807 650/805 713/889 
f 678/895 639/835 646/833 701/904 
f 675/899 638/806 715/804 714/900 
f 637/843 670/836 639/835 680/844 
f 636/837 668/800 638/806 677/839 
f 682/809 681/875 685/874 684/814 
f 641/811 686/838 670/836 669/812 
f 688/914 687/866 691/864 690/941 
f 643/808 692/832 664/831 663/810 
f 694/1000 693/873 697/872 696/1001 
f 645/881 698/830 674/807 673/882 
f 700/992 699/877 703/876 702/994 
f 647/887 704/840 677/839 676/896 
f 684/912 641/811 652/815 719/929 
f 690/917 643/808 721/819 720/931 
f 759/955 760/816 767/827 768/956 
f 687/923 642/828 698/830 697/926 
f 693/919 644/826 692/832 691/918 
f 681/915 640/834 704/840 703/921 
f 699/927 646/833 686/838 685/922 
f 706/847 705/802 668/800 667/849 
f 649/848 710/803 666/801 665/854 
f 712/891 711/845 680/844 679/892 
f 651/903 716/846 672/829 671/868 
f 718/928 717/857 689/856 688/924 
f 653/930 722/853 683/851 682/916 
f 769/965 770/865 757/863 758/966 
f 719/821 718/909 720/942 653/850 
f 710/803 709/842 711/845 650/805 
f 705/802 648/841 716/846 715/804 
f 708/813 649/848 717/857 652/815 
f 707/817 706/847 722/853 721/819 
f 762/825 763/858 766/871 767/827 
f 774/823 775/861 770/865 771/824 
f 724/967 725/879 728/878 727/937 
f 726/1012 655/1005 731/1004 730/1013 
f 729/934 656/888 733/883 732/957 
f 732/957 733/883 736/890 735/949 
f 734/940 657/894 738/893 737/950 
f 737/950 658/906 740/905 739/951 
f 739/951 659/911 744/910 743/954 
f 741/1048 744/1009 748/1008 747/1051 
f 745/938 748/886 750/885 749/945 
f 749/945 660/898 752/897 751/946 
f 751/946 661/902 755/901 754/948 
f 753/947 662/913 725/879 724/967 
f 695/869 694/920 655/932 728/878 
f 696/925 645/881 656/888 731/936 
f 713/889 712/891 657/894 736/890 
f 679/892 678/895 658/906 738/893 
f 701/904 700/907 659/911 740/905 
f 702/884 647/887 660/898 750/885 
f 676/896 675/899 661/902 752/897 
f 714/900 651/903 662/913 755/901 
f 724/967 727/937 757/863 756/862 
f 727/937 726/933 758/966 757/863 
f 726/1012 730/1013 759/855 758/852 
f 730/935 729/934 760/816 759/955 
f 729/934 732/957 761/818 760/816 
f 732/957 735/949 762/825 761/818 
f 735/949 734/940 763/858 762/825 
f 734/940 737/950 764/867 763/858 
f 737/950 739/951 765/870 764/867 
f 739/951 743/954 766/871 765/870 
f 743/954 742/953 767/827 766/871 
f 742/953 741/952 768/956 767/827 
f 741/1048 747/1051 769/860 768/859 
f 747/944 746/939 770/865 769/965 
f 746/939 745/938 771/824 770/865 
f 745/938 749/945 772/820 771/824 
f 749/945 751/946 773/822 772/820 
f 751/946 754/948 774/823 773/822 
f 754/948 753/947 775/861 774/823 
f 753/947 724/967 756/862 775/861 
f 860/1044 804/1045 776/1046 805/1047 
f 804/1045 861/1049 806/1050 776/1046 
f 776/1046 806/1050 862/1054 807/1055 
f 805/1047 776/1046 807/1055 863/1059 
f 864/958 808/959 785/960 809/961 
f 808/959 865/962 810/963 785/960 
f 785/960 810/963 866/964 811/968 
f 809/961 785/960 811/968 867/969 
f 868/970 812/971 788/972 813/973 
f 812/971 869/974 814/975 788/972 
f 788/972 814/975 865/962 808/959 
f 813/973 788/972 808/959 864/958 
f 870/976 815/977 794/978 816/979 
f 815/977 871/980 817/981 794/978 
f 794/978 817/981 872/982 818/983 
f 816/979 794/978 818/983 873/984 
f 874/985 819/986 780/987 820/988 
f 819/986 861/989 821/990 780/987 
f 780/987 821/990 875/991 822/993 
f 820/988 780/987 822/993 876/996 
f 877/997 823/998 802/999 824/1002 
f 823/998 878/1003 825/1006 802/999 
f 802/999 825/1006 879/1007 826/1010 
f 824/1002 802/999 826/1010 880/1011 
f 874/1076 827/1077 797/1078 828/1079 
f 827/1077 881/1080 829/1081 797/1078 
f 797/1078 829/1081 871/1082 830/1083 
f 828/1079 797/1078 830/1083 882/1084 
f 868/1085 831/1086 784/1087 832/1088 
f 831/1086 883/1089 833/1090 784/1087 
f 784/1087 833/1090 878/1091 834/1092 
f 832/1088 784/1087 834/1092 863/1059 
f 884/1014 835/1015 800/1016 836/1017 
f 835/1015 873/984 818/983 800/1016 
f 800/1016 818/983 872/982 837/1018 
f 836/1017 800/1016 837/1018 885/1019 
f 886/1020 838/1021 793/1022 839/1023 
f 838/1021 880/1011 826/1010 793/1022 
f 793/1022 826/1010 879/1007 840/1024 
f 839/1023 793/1022 840/1024 867/969 
f 887/1025 841/1026 795/1027 842/1028 
f 841/1026 870/976 816/979 795/1027 
f 795/1027 816/979 873/984 835/1015 
f 842/1028 795/1027 835/1015 884/1014 
f 864/958 843/1029 787/1030 813/973 
f 843/1029 888/1031 844/1032 787/1030 
f 787/1030 844/1032 883/1033 831/1034 
f 813/973 787/1030 831/1034 868/970 
f 860/1035 845/1036 778/1037 846/1038 
f 845/1036 877/997 824/1002 778/1037 
f 778/1037 824/1002 880/1011 838/1021 
f 846/1038 778/1037 838/1021 886/1020 
f 876/996 847/1039 801/1040 820/988 
f 847/1039 889/1041 848/1042 801/1040 
f 801/1040 848/1042 881/1043 827/1052 
f 820/988 801/1040 827/1052 874/985 
f 882/1084 849/1093 782/1094 850/1095 
f 849/1093 887/1096 851/1097 782/1094 
f 782/1094 851/1097 869/1098 852/1099 
f 850/1095 782/1094 852/1099 862/1054 
f 885/1019 853/1053 791/1056 854/1057 
f 853/1053 876/996 822/993 791/1056 
f 791/1056 822/993 875/991 855/1058 
f 854/1057 791/1056 855/1058 866/964 
f 871/980 829/1060 798/1061 817/981 
f 829/1060 881/1043 848/1042 798/1061 
f 798/1061 848/1042 889/1041 856/1062 
f 817/981 798/1061 856/1062 872/982 
f 878/1003 833/1063 803/1064 825/1006 
f 833/1063 883/1033 844/1032 803/1064 
f 803/1064 844/1032 888/1031 857/1065 
f 825/1006 803/1064 857/1065 879/1007 
f 871/1082 815/1100 796/1101 830/1083 
f 815/1100 870/1102 841/1103 796/1101 
f 796/1101 841/1103 887/1096 849/1093 
f 830/1083 796/1101 849/1093 882/1084 
f 878/1091 823/1104 777/1105 834/1092 
f 823/1104 877/1106 845/1107 777/1105 
f 777/1105 845/1107 860/1044 805/1047 
f 834/1092 777/1105 805/1047 863/1059 
f 872/982 856/1062 799/1066 837/1018 
f 856/1062 889/1041 847/1039 799/1066 
f 799/1066 847/1039 876/996 853/1053 
f 837/1018 799/1066 853/1053 885/1019 
f 879/1007 857/1065 786/1067 840/1024 
f 857/1065 888/1031 843/1029 786/1067 
f 786/1067 843/1029 864/958 809/961 
f 840/1024 786/1067 809/961 867/969 
f 861/1049 819/1108 781/1109 806/1050 
f 819/1108 874/1076 828/1079 781/1109 
f 781/1109 828/1079 882/1084 850/1095 
f 806/1050 781/1109 850/1095 862/1054 
f 865/962 858/1068 790/1069 810/963 
f 858/1068 884/1014 836/1017 790/1069 
f 790/1069 836/1017 885/1019 854/1057 
f 810/963 790/1069 854/1057 866/964 
f 869/974 851/1070 789/1071 814/975 
f 851/1070 887/1025 842/1028 789/1071 
f 789/1071 842/1028 884/1014 858/1068 
f 814/975 789/1071 858/1068 865/962 
f 861/989 804/1072 779/1073 821/990 
f 804/1072 860/1035 846/1038 779/1073 
f 779/1073 846/1038 886/1020 859/1074 
f 821/990 779/1073 859/1074 875/991 
f 869/1098 812/1110 783/1111 852/1099 
f 812/1110 868/1085 832/1088 783/1111 
f 783/1111 832/1088 863/1059 807/1055 
f 852/1099 783/1111 807/1055 862/1054 
f 875/991 859/1074 792/1075 855/1058 
f 859/1074 886/1020 839/1023 792/1075 
f 792/1075 839/1023 867/969 811/968 
f 855/1058 792/1075 811/968 866/964 
f 890/1112 891/1113 914/1114 921/1115 
f 891/1113 892/1116 915/1117 914/1114 
f 892/1116 893/1118 916/1119 915/1117 
f 893/1118 894/1120 917/1121 916/1119 
f 894/1120 895/1122 918/1123 917/1121 
f 895/1122 896/1124 919/1125 918/1123 
f 896/1370 897/1126 920/1127 919/1371 
f 897/1126 890/1112 921/1115 920/1127 
f 907/1128 899/1129 898/1130 906/1131 
f 908/1132 900/1133 899/1129 907/1128 
f 909/1134 901/1135 900/1133 908/1132 
f 910/1136 902/1137 901/1135 909/1134 
f 911/1138 903/1139 902/1137 910/1136 
f 912/1140 904/1141 903/1139 911/1138 
f 913/1142 905/1143 904/1373 912/1372 
f 906/1131 898/1130 905/1143 913/1142 
f 914/1114 931/1144 930/1145 921/1115 
f 915/1117 932/1146 931/1144 914/1114 
f 916/1119 933/1147 932/1146 915/1117 
f 917/1121 934/1148 933/1147 916/1119 
f 918/1123 935/1149 934/1148 917/1121 
f 919/1125 936/1150 935/1149 918/1123 
f 920/1127 937/1151 936/1374 919/1371 
f 921/1115 930/1145 937/1151 920/1127 
f 891/1113 890/1112 923/1152 922/1153 
f 890/1112 897/1126 924/1154 923/1152 
f 897/1126 896/1370 925/1155 924/1154 
f 896/1124 895/1122 926/1156 925/1375 
f 895/1122 894/1120 927/1157 926/1156 
f 894/1120 893/1118 928/1158 927/1157 
f 893/1118 892/1116 929/1159 928/1158 
f 892/1116 891/1113 922/1153 929/1159 
f 931/1144 907/1128 906/1131 930/1145 
f 932/1146 908/1132 907/1128 931/1144 
f 933/1147 909/1134 908/1132 932/1146 
f 934/1148 910/1136 909/1134 933/1147 
f 935/1149 911/1138 910/1136 934/1148 
f 936/1150 912/1140 911/1138 935/1149 
f 937/1151 913/1142 912/1372 936/1374 
f 930/1145 906/1131 913/1142 937/1151 
f 899/1129 939/1160 938/1161 898/1130 
f 900/1133 940/1162 939/1160 899/1129 
f 901/1135 941/1163 940/1162 900/1133 
f 902/1137 942/1164 941/1163 901/1135 
f 903/1139 943/1165 942/1164 902/1137 
f 904/1141 944/1166 943/1165 903/1139 
f 905/1143 945/1167 944/1376 904/1373 
f 898/1130 938/1161 945/1167 905/1143 
f 923/1152 947/1168 946/1169 922/1153 
f 924/1154 948/1170 947/1168 923/1152 
f 925/1155 949/1171 948/1170 924/1154 
f 926/1156 950/1172 949/1377 925/1375 
f 927/1157 951/1173 950/1172 926/1156 
f 928/1158 952/1174 951/1173 927/1157 
f 929/1159 953/1175 952/1174 928/1158 
f 922/1153 946/1169 953/1175 929/1159 
f 954/1240 955/1241 978/1242 985/1243 
f 955/1241 956/1244 979/1245 978/1242 
f 956/1386 957/1246 980/1247 979/1387 
f 957/1246 958/1248 981/1249 980/1247 
f 958/1248 959/1250 982/1251 981/1249 
f 959/1250 960/1252 983/1253 982/1251 
f 960/1252 961/1254 984/1255 983/1253 
f 961/1254 954/1240 985/1243 984/1255 
f 971/1256 963/1257 962/1258 970/1259 
f 972/1260 964/1261 963/1257 971/1256 
f 973/1262 965/1263 964/1389 972/1388 
f 974/1264 966/1265 965/1263 973/1262 
f 975/1266 967/1267 966/1265 974/1264 
f 976/1268 968/1269 967/1267 975/1266 
f 977/1270 969/1271 968/1269 976/1268 
f 970/1259 962/1258 969/1271 977/1270 
f 978/1242 995/1272 994/1273 985/1243 
f 979/1245 996/1274 995/1272 978/1242 
f 980/1247 997/1275 996/1390 979/1387 
f 981/1249 998/1276 997/1275 980/1247 
f 982/1251 999/1277 998/1276 981/1249 
f 983/1253 1000/1278 999/1277 982/1251 
f 984/1255 1001/1279 1000/1278 983/1253 
f 985/1243 994/1273 1001/1279 984/1255 
f 955/1241 954/1240 987/1280 986/1281 
f 954/1240 961/1254 988/1282 987/1280 
f 961/1254 960/1252 989/1283 988/1282 
f 960/1252 959/1250 990/1284 989/1283 
f 959/1250 958/1248 991/1285 990/1284 
f 958/1248 957/1246 992/1286 991/1285 
f 957/1246 956/1386 993/1287 992/1286 
f 956/1244 955/1241 986/1281 993/1391 
f 995/1272 971/1256 970/1259 994/1273 
f 996/1274 972/1260 971/1256 995/1272 
f 997/1275 973/1262 972/1388 996/1390 
f 998/1276 974/1264 973/1262 997/1275 
f 999/1277 975/1266 974/1264 998/1276 
f 1000/1278 976/1268 975/1266 999/1277 
f 1001/1279 977/1270 976/1268 1000/1278 
f 994/1273 970/1259 977/1270 1001/1279 
f 963/1257 1003/1288 1002/1289 962/1258 
f 964/1261 1004/1290 1003/1288 963/1257 
f 965/1263 1005/1291 1004/1392 964/1389 
f 966/1265 1006/1292 1005/1291 965/1263 
f 967/1267 1007/1293 1006/1292 966/1265 
f 968/1269 1008/1294 1007/1293 967/1267 
f 969/1271 1009/1295 1008/1294 968/1269 
f 962/1258 1002/1289 1009/1295 969/1271 
f 987/1280 1011/1296 1010/1297 986/1281 
f 988/1282 1012/1298 1011/1296 987/1280 
f 989/1283 1013/1299 1012/1298 988/1282 
f 990/1284 1014/1300 1013/1299 989/1283 
f 991/1285 1015/1301 1014/1300 990/1284 
f 992/1286 1016/1302 1015/1301 991/1285 
f 993/1287 1017/1303 1016/1302 992/1286 
f 986/1281 1010/1297 1017/1393 993/1391 
f 1018/1176 1049/1177 1042/1178 1019/1179 
f 1019/1179 1042/1178 1043/1180 1020/1181 
f 1020/1181 1043/1180 1044/1182 1021/1183 
f 1021/1183 1044/1182 1045/1184 1022/1185 
f 1022/1185 1045/1184 1046/1186 1023/1187 
f 1023/1187 1046/1186 1047/1188 1024/1189 
f 1024/1379 1047/1378 1048/1190 1025/1191 
f 1025/1191 1048/1190 1049/1177 1018/1176 
f 1035/1192 1034/1193 1026/1194 1027/1195 
f 1036/1196 1035/1192 1027/1195 1028/1197 
f 1037/1198 1036/1196 1028/1197 1029/1199 
f 1038/1200 1037/1198 1029/1199 1030/1201 
f 1039/1202 1038/1200 1030/1201 1031/1203 
f 1040/1204 1039/1202 1031/1203 1032/1205 
f 1041/1206 1040/1380 1032/1381 1033/1207 
f 1034/1193 1041/1206 1033/1207 1026/1194 
f 1042/1178 1049/1177 1058/1208 1059/1209 
f 1043/1180 1042/1178 1059/1209 1060/1210 
f 1044/1182 1043/1180 1060/1210 1061/1211 
f 1045/1184 1044/1182 1061/1211 1062/1212 
f 1046/1186 1045/1184 1062/1212 1063/1213 
f 1047/1188 1046/1186 1063/1213 1064/1214 
f 1048/1190 1047/1378 1064/1382 1065/1215 
f 1049/1177 1048/1190 1065/1215 1058/1208 
f 1019/1179 1050/1216 1051/1217 1018/1176 
f 1018/1176 1051/1217 1052/1218 1025/1191 
f 1025/1191 1052/1218 1053/1219 1024/1379 
f 1024/1189 1053/1383 1054/1220 1023/1187 
f 1023/1187 1054/1220 1055/1221 1022/1185 
f 1022/1185 1055/1221 1056/1222 1021/1183 
f 1021/1183 1056/1222 1057/1223 1020/1181 
f 1020/1181 1057/1223 1050/1216 1019/1179 
f 1059/1209 1058/1208 1034/1193 1035/1192 
f 1060/1210 1059/1209 1035/1192 1036/1196 
f 1061/1211 1060/1210 1036/1196 1037/1198 
f 1062/1212 1061/1211 1037/1198 1038/1200 
f 1063/1213 1062/1212 1038/1200 1039/1202 
f 1064/1214 1063/1213 1039/1202 1040/1204 
f 1065/1215 1064/1382 1040/1380 1041/1206 
f 1058/1208 1065/1215 1041/1206 1034/1193 
f 1027/1195 1026/1194 1066/1224 1067/1225 
f 1028/1197 1027/1195 1067/1225 1068/1226 
f 1029/1199 1028/1197 1068/1226 1069/1227 
f 1030/1201 1029/1199 1069/1227 1070/1228 
f 1031/1203 1030/1201 1070/1228 1071/1229 
f 1032/1205 1031/1203 1071/1229 1072/1230 
f 1033/1207 1032/1381 1072/1384 1073/1231 
f 1026/1194 1033/1207 1073/1231 1066/1224 
f 1051/1217 1050/1216 1074/1232 1075/1233 
f 1052/1218 1051/1217 1075/1233 1076/1234 
f 1053/1219 1052/1218 1076/1234 1077/1235 
f 1054/1220 1053/1383 1077/1385 1078/1236 
f 1055/1221 1054/1220 1078/1236 1079/1237 
f 1056/1222 1055/1221 1079/1237 1080/1238 
f 1057/1223 1056/1222 1080/1238 1081/1239 
f 1050/1216 1057/1223 1081/1239 1074/1232 
f 1082/1304 1113/1305 1106/1306 1083/1307 
f 1083/1307 1106/1306 1107/1308 1084/1309 
f 1084/1395 1107/1394 1108/1310 1085/1311 
f 1085/1311 1108/1310 1109/1312 1086/1313 
f 1086/1313 1109/1312 1110/1314 1087/1315 
f 1087/1315 1110/1314 1111/1316 1088/1317 
f 1088/1317 1111/1316 1112/1318 1089/1319 
f 1089/1319 1112/1318 1113/1305 1082/1304 
f 1099/1320 1098/1321 1090/1322 1091/1323 
f 1100/1324 1099/1320 1091/1323 1092/1325 
f 1101/1326 1100/1396 1092/1397 1093/1327 
f 1102/1328 1101/1326 1093/1327 1094/1329 
f 1103/1330 1102/1328 1094/1329 1095/1331 
f 1104/1332 1103/1330 1095/1331 1096/1333 
f 1105/1334 1104/1332 1096/1333 1097/1335 
f 1098/1321 1105/1334 1097/1335 1090/1322 
f 1106/1306 1113/1305 1122/1336 1123/1337 
f 1107/1308 1106/1306 1123/1337 1124/1338 
f 1108/1310 1107/1394 1124/1398 1125/1339 
f 1109/1312 1108/1310 1125/1339 1126/1340 
f 1110/1314 1109/1312 1126/1340 1127/1341 
f 1111/1316 1110/1314 1127/1341 1128/1342 
f 1112/1318 1111/1316 1128/1342 1129/1343 
f 1113/1305 1112/1318 1129/1343 1122/1336 
f 1083/1307 1114/1344 1115/1345 1082/1304 
f 1082/1304 1115/1345 1116/1346 1089/1319 
f 1089/1319 1116/1346 1117/1347 1088/1317 
f 1088/1317 1117/1347 1118/1348 1087/1315 
f 1087/1315 1118/1348 1119/1349 1086/1313 
f 1086/1313 1119/1349 1120/1350 1085/1311 
f 1085/1311 1120/1350 1121/1351 1084/1395 
f 1084/1309 1121/1399 1114/1344 1083/1307 
f 1123/1337 1122/1336 1098/1321 1099/1320 
f 1124/1338 1123/1337 1099/1320 1100/1324 
f 1125/1339 1124/1398 1100/1396 1101/1326 
f 1126/1340 1125/1339 1101/1326 1102/1328 
f 1127/1341 1126/1340 1102/1328 1103/1330 
f 1128/1342 1127/1341 1103/1330 1104/1332 
f 1129/1343 1128/1342 1104/1332 1105/1334 
f 1122/1336 1129/1343 1105/1334 1098/1321 
f 1091/1323 1090/1322 1130/1352 1131/1353 
f 1092/1325 1091/1323 1131/1353 1132/1354 
f 1093/1327 1092/1397 1132/1400 1133/1355 
f 1094/1329 1093/1327 1133/1355 1134/1356 
f 1095/1331 1094/1329 1134/1356 1135/1357 
f 1096/1333 1095/1331 1135/1357 1136/1358 
f 1097/1335 1096/1333 1136/1358 1137/1359 
f 1090/1322 1097/1335 1137/1359 1130/1352 
f 1115/1345 1114/1344 1138/1360 1139/1361 
f 1116/1346 1115/1345 1139/1361 1140/1362 
f 1117/1347 1116/1346 1140/1362 1141/1363 
f 1118/1348 1117/1347 1141/1363 1142/1364 
f 1119/1349 1118/1348 1142/1364 1143/1365 
f 1120/1350 1119/1349 1143/1365 1144/1366 
f 1121/1351 1120/1350 1144/1366 1145/1367 
f 1114/1344 1121/1399 1145/1401 1138/1360 
# 471 polygons - 6 triangles

